<?xml version="1.0" encoding="utf-8"?>
<COLLADA xmlns="http://www.collada.org/2005/11/COLLADASchema" version="1.4.1" xmlns:xsi="http://www.w3.org/2001/XMLSchema-instance">
  <asset>
    <contributor>
      <author>Blender User</author>
      <authoring_tool>Blender 3.0.1</authoring_tool>
    </contributor>
    <created>2026-06-04T16:18:43</created>
    <modified>2026-06-04T16:18:43</modified>
    <unit name="meter" meter="1"/>
    <up_axis>Z_UP</up_axis>
  </asset>
  <library_images/>
  <library_geometries>
    <geometry id="chassis_default_as_machined__8-mesh" name="chassis_default_as_machined__8">
      <mesh>
        <source id="chassis_default_as_machined__8-mesh-positions">
          <float_array id="chassis_default_as_machined__8-mesh-positions-array" count="2988">0.009799957 0.01499998 0.2551456 0.009799957 0.01499998 0.2504584 0.01002681 0.01499998 0.2504673 0.009913384 0.01499998 0.25515 -0.009799957 0.01499998 0.2504584 -0.009799957 0.01499998 0.2551456 -0.01002681 0.01499998 0.2504673 -0.009913384 0.01499998 0.25515 -0.01025319 0.01499998 0.250494 -0.01047873 0.01499998 0.2505385 -0.01002657 0.01499998 0.2551634 -0.01070296 0.01499998 0.2506008 0.01025319 0.01499998 0.250494 0.01047873 0.01499998 0.2505385 0.01002657 0.01499998 0.2551634 -0.01092547 0.01499998 0.2506806 -0.01013934 0.01499998 0.2551857 -0.01114583 0.01499998 0.2507778 0.01070296 0.01499998 0.2506008 0.01092547 0.01499998 0.2506806 0.01013934 0.01499998 0.2551857 -0.01136362 0.01499998 0.2508922 -0.01025146 0.01499998 0.2552168 -0.0115785 0.01499998 0.2510237 0.01070296 0.01499998 0.3043992 0.01047873 0.01499998 0.3044614 0.01002657 0.01499998 0.2998366 0.009913384 0.01499998 0.2998499 0.01114583 0.01499998 0.2507778 0.01136362 0.01499998 0.2508922 0.01025146 0.01499998 0.2552168 -0.01178991 0.01499998 0.251172 -0.01036274 0.01499998 0.2552567 -0.01199758 0.01499998 0.2513366 0.01092547 0.01499998 0.3043194 0.01013934 0.01499998 0.2998143 0.01114583 0.01499998 0.3042222 0.01451277 0.01499998 0.255871 0.0117917 0.01499998 0.2568199 0.01430332 0.01499998 0.2551456 0.01163846 0.01499998 0.2565184 0.01405954 0.01499998 0.2544558 0.01147121 0.01499998 0.2562422 0.01378339 0.01499998 0.253807 0.0115785 0.01499998 0.2510237 0.01178991 0.01499998 0.251172 0.01036274 0.01499998 0.2552567 0.01199758 0.01499998 0.2513366 0.01047289 0.01499998 0.2553053 -0.01002657 0.01499998 0.2998366 -0.009913384 0.01499998 0.2998499 -0.01047873 0.01499998 0.3044614 -0.009799957 0.01499998 0.2998544 -0.01002681 0.01499998 0.3045327 -0.01025319 0.01499998 0.304506 0.01025319 0.01499998 0.304506 0.01002681 0.01499998 0.3045327 0.009799957 0.01499998 0.2998544 0.009799957 0.01499998 0.3045417 -0.009799957 0.01499998 0.3045417 0.01136362 0.01499998 0.3041077 0.01025146 0.01499998 0.2997832 0.0115785 0.01499998 0.3039763 -0.01070296 0.01499998 0.3043992 -0.01092547 0.01499998 0.3043194 -0.01013934 0.01499998 0.2998143 0.01178991 0.01499998 0.3038281 0.01036274 0.01499998 0.2997433 0.01199758 0.01499998 0.3036633 -0.01220107 0.01499998 0.2515175 -0.01047289 0.01499998 0.2553053 -0.01239997 0.01499998 0.2517143 -0.01058179 0.01499998 0.2553625 -0.01259392 0.01499998 0.2519265 -0.01114583 0.01499998 0.3042222 -0.01136362 0.01499998 0.3041077 -0.01025146 0.01499998 0.2997832 -0.01278257 0.01499998 0.2521537 -0.01068919 0.01499998 0.2554283 -0.01314246 0.01499998 0.2526516 -0.01451277 0.01499998 0.299129 -0.0117917 0.01499998 0.2981801 -0.01430332 0.01499998 0.2998544 -0.01163846 0.01499998 0.2984815 -0.01405954 0.01499998 0.3005442 -0.01147121 0.01499998 0.2987578 -0.01378339 0.01499998 0.3011929 -0.0115785 0.01499998 0.3039763 -0.01178991 0.01499998 0.3038281 -0.01036274 0.01499998 0.2997433 -0.01199758 0.01499998 0.3036633 -0.01047289 0.01499998 0.2996947 0.01220107 0.01499998 0.2515175 0.01239997 0.01499998 0.2517143 0.01058179 0.01499998 0.2553625 0.01259392 0.01499998 0.2519265 0.01068919 0.01499998 0.2554283 0.01278257 0.01499998 0.2521537 0.01079493 0.01499998 0.2555024 0.01314246 0.01499998 0.2526516 -0.01451277 0.01499998 0.255871 -0.01192975 0.01499998 0.2571443 -0.0146864 0.01499998 0.2566266 -0.01205164 0.01499998 0.2574892 -0.01482278 0.01499998 0.2574065 -0.01482278 0.01499998 0.2975935 -0.01215636 0.01499998 0.2971481 -0.0146864 0.01499998 0.2983735 -0.01205164 0.01499998 0.2975108 -0.01192975 0.01499998 0.2978557 0.01220107 0.01499998 0.3034824 0.01047289 0.01499998 0.2996947 0.01239997 0.01499998 0.3032857 0.01058179 0.01499998 0.2996374 0.01259392 0.01499998 0.3030735 0.01451277 0.01499998 0.299129 0.01192975 0.01499998 0.2978557 0.0146864 0.01499998 0.2983735 0.01205164 0.01499998 0.2975108 0.01482278 0.01499998 0.2975935 -0.01079493 0.01499998 0.2555024 -0.01089876 0.01499998 0.2555847 -0.0134769 0.01499998 0.2532041 0.01278257 0.01499998 0.3028463 0.01068919 0.01499998 0.2995718 0.01314246 0.01499998 0.3023484 0.0134769 0.01499998 0.2532041 0.01100051 0.01499998 0.2556752 0.01089876 0.01499998 0.2555847 0.01482278 0.01499998 0.2574065 0.01215636 0.01499998 0.2578519 0.0146864 0.01499998 0.2566266 0.01205164 0.01499998 0.2574892 0.01192975 0.01499998 0.2571443 -0.01100051 0.01499998 0.2556752 -0.01109999 0.01499998 0.2557736 -0.01378339 0.01499998 0.253807 -0.01220107 0.01499998 0.3034824 -0.01239997 0.01499998 0.3032857 -0.01058179 0.01499998 0.2996374 -0.01259392 0.01499998 0.3030735 -0.01068919 0.01499998 0.2995718 -0.01278257 0.01499998 0.3028463 -0.01079493 0.01499998 0.2994976 -0.01314246 0.01499998 0.3023484 0.01079493 0.01499998 0.2994976 0.01089876 0.01499998 0.2994152 0.0134769 0.01499998 0.3017959 0.01129126 0.01499998 0.2559933 0.01119697 0.01499998 0.2558797 0.01109999 0.01499998 0.2557736 -0.01119697 0.01499998 0.2558797 -0.01129126 0.01499998 0.2559933 -0.01405954 0.01499998 0.2544558 -0.01147121 0.01499998 0.2562422 -0.01430332 0.01499998 0.2551456 -0.01163846 0.01499998 0.2565184 -0.0117917 0.01499998 0.2568199 -0.01215636 0.01499998 0.2578519 -0.01224315 0.01499998 0.2582297 -0.01492094 0.01499998 0.2582049 -0.01231139 0.01499998 0.2586197 -0.01498019 0.01499998 0.2590157 -0.0134769 0.01499998 0.3017959 -0.01100051 0.01499998 0.2993248 -0.01089876 0.01499998 0.2994152 0.01100051 0.01499998 0.2993248 0.01109999 0.01499998 0.2992265 0.01378339 0.01499998 0.3011929 0.01119697 0.01499998 0.2991204 0.01129126 0.01499998 0.2990067 0.01405954 0.01499998 0.3005442 0.01147121 0.01499998 0.2987578 0.01430332 0.01499998 0.2998544 0.01163846 0.01499998 0.2984815 0.0117917 0.01499998 0.2981801 0.01215636 0.01499998 0.2971481 0.01224315 0.01499998 0.2967703 0.01492094 0.01499998 0.296795 0.01231139 0.01499998 0.2963804 0.01498019 0.01499998 0.2959842 -0.01498019 0.01499998 0.2959842 -0.01236045 0.01499998 0.2959811 -0.01492094 0.01499998 0.296795 -0.01231139 0.01499998 0.2963804 -0.01224315 0.01499998 0.2967703 -0.01129126 0.01499998 0.2990067 -0.01119697 0.01499998 0.2991204 -0.01109999 0.01499998 0.2992265 0.01498019 0.01499998 0.2590157 0.01236045 0.01499998 0.2590188 0.01492094 0.01499998 0.2582049 0.01231139 0.01499998 0.2586197 0.01224315 0.01499998 0.2582297 -0.01236045 0.01499998 0.2590188 -0.01239007 0.01499998 0.2594243 -0.01499998 0.01499998 0.2598328 -0.01239997 0.01499998 0.2598328 -0.01499998 0.01499998 0.2951672 -0.01239997 0.01499998 0.2951672 -0.01239007 0.01499998 0.2955757 0.01236045 0.01499998 0.2959811 0.01239007 0.01499998 0.2955757 0.01499998 0.01499998 0.2951672 0.01239997 0.01499998 0.2951672 0.01499998 0.01499998 0.2598328 0.01239997 0.01499998 0.2598328 0.01239007 0.01499998 0.2594243 0.009799957 0.185 0.0448544 0.009799957 0.185 0.04954159 0.01002681 0.185 0.04953271 0.0142557 0.185 0 0.01147121 0.185 0.00124216 0.01163846 0.185 0.001518428 0.009913384 0.185 0.04484993 0.01025319 0.185 0.04950594 0.01047873 0.185 0.04946142 0.01002657 0.185 0.04483658 0.01070296 0.185 0.04939919 0.01092547 0.185 0.04931938 0.01013934 0.185 0.04481428 -0.009799957 0.185 0.04954159 -0.009799957 0.185 0.0448544 -0.01002681 0.185 0.04953271 -0.009913384 0.185 0.04484993 -0.01025319 0.185 0.04950594 -0.01047873 0.185 0.04946142 -0.01002657 0.185 0.04483658 -0.01070296 0.185 0.04939919 -0.01036274 0.185 2.56688e-4 -0.01025146 0.185 2.16791e-4 -0.0142557 0.185 0 -0.01013934 0.185 1.85682e-4 -0.01002657 0.185 1.63418e-4 0.01013934 0.185 1.85682e-4 0.01002657 0.185 1.63418e-4 0.009913384 0.185 1.50043e-4 0.01114583 0.185 0.04922217 0.01136362 0.185 0.04910773 0.01025146 0.185 0.04478317 -0.01092547 0.185 0.04931938 -0.01013934 0.185 0.04481428 -0.01114583 0.185 0.04922217 -0.009913384 0.185 1.50043e-4 -0.009799957 0.185 1.45582e-4 0.009799957 0.185 1.45582e-4 0.01451277 0.185 0.04412895 0.0117917 0.185 0.04318004 0.01430332 0.185 0.0448544 0.01163846 0.185 0.04348152 0.01405954 0.185 0.04554414 0.01147121 0.185 0.04375779 0.01378339 0.185 0.04619294 0.0115785 0.185 0.04897624 0.01178991 0.185 0.048828 0.01036274 0.185 0.04474329 0.01199758 0.185 0.04866331 0.01047289 0.185 0.04469466 -0.01136362 0.185 0.04910773 -0.01025146 0.185 0.04478317 -0.0115785 0.185 0.04897624 0.01025146 0.185 2.16791e-4 0.01036274 0.185 2.56688e-4 0.01047289 0.185 3.05295e-4 -0.01178991 0.185 0.048828 -0.01036274 0.185 0.04474329 -0.01199758 0.185 0.04866331 -0.01451277 0.185 8.70992e-4 -0.0117917 0.185 0.001819908 -0.01430404 0.185 1.4782e-4 -0.01163846 0.185 0.001518428 -0.01147121 0.185 0.00124216 -0.01129126 0.185 9.93256e-4 -0.01068919 0.185 4.28256e-4 -0.01058179 0.185 3.62521e-4 -0.01047289 0.185 3.05295e-4 0.01430404 0.185 1.4782e-4 0.0117917 0.185 0.001819908 0.01451277 0.185 8.70992e-4 0.01192975 0.185 0.002144277 0.0146864 0.185 0.001626551 0.01205164 0.185 0.002489149 0.01482278 0.185 0.002406477 0.01220107 0.185 0.04848241 0.01239997 0.185 0.04828566 0.01058179 0.185 0.04463744 0.01259392 0.185 0.04807347 0.01068919 0.185 0.04457169 0.01278257 0.185 0.04784625 0.01079493 0.185 0.0444976 0.01314246 0.185 0.04734838 -0.01220107 0.185 0.04848241 -0.01047289 0.185 0.04469466 -0.01239997 0.185 0.04828566 -0.01058179 0.185 0.04463744 -0.01259392 0.185 0.04807347 0.01058179 0.185 3.62521e-4 0.01068919 0.185 4.28256e-4 0.01079493 0.185 5.02375e-4 0.01482278 0.185 0.04259347 0.01215636 0.185 0.04214805 0.0146864 0.185 0.0433734 0.01205164 0.185 0.0425108 0.01192975 0.185 0.04285567 -0.01278257 0.185 0.04784625 -0.01068919 0.185 0.04457169 -0.01314246 0.185 0.04734838 -0.01451277 0.185 0.04412895 -0.01192975 0.185 0.04285567 -0.0146864 0.185 0.0433734 -0.01205164 0.185 0.0425108 -0.01482278 0.185 0.04259347 -0.01482278 0.185 0.002406477 -0.01215636 0.185 0.002851843 -0.0146864 0.185 0.001626551 -0.01205164 0.185 0.002489149 -0.01192975 0.185 0.002144277 -0.01100051 0.185 6.75187e-4 -0.01089876 0.185 5.84738e-4 -0.01079493 0.185 5.02375e-4 0.0134769 0.185 0.0467959 0.01100051 0.185 0.04432481 0.01089876 0.185 0.04441523 -0.01079493 0.185 0.0444976 -0.01089876 0.185 0.04441523 -0.0134769 0.185 0.0467959 0.01089876 0.185 5.84738e-4 0.01100051 0.185 6.75187e-4 0.01109999 0.185 7.7355e-4 0.01129126 0.185 0.0440067 0.01119697 0.185 0.04412031 0.01109999 0.185 0.0442264 -0.01119697 0.185 8.7964e-4 -0.01109999 0.185 7.7355e-4 0.01119697 0.185 8.7964e-4 0.01129126 0.185 9.93256e-4 0.01215636 0.185 0.002851843 0.01224315 0.185 0.003229618 0.01492094 0.185 0.003204941 0.01231139 0.185 0.003619611 0.01498019 0.185 0.004015743 -0.01100051 0.185 0.04432481 -0.01109999 0.185 0.0442264 -0.01378339 0.185 0.04619294 -0.01119697 0.185 0.04412031 -0.01129126 0.185 0.0440067 -0.01405954 0.185 0.04554414 -0.01147121 0.185 0.04375779 -0.01430332 0.185 0.0448544 -0.01163846 0.185 0.04348152 -0.0117917 0.185 0.04318004 -0.01215636 0.185 0.04214805 -0.01224315 0.185 0.04177027 -0.01492094 0.185 0.04179501 -0.01231139 0.185 0.04138034 -0.01498019 0.185 0.04098421 0.01498019 0.185 0.04098421 0.01236045 0.185 0.04098111 0.01492094 0.185 0.04179501 0.01231139 0.185 0.04138034 0.01224315 0.185 0.04177027 -0.01498019 0.185 0.004015743 -0.01236045 0.185 0.004018843 -0.01492094 0.185 0.003204941 -0.01231139 0.185 0.003619611 -0.01224315 0.185 0.003229618 0.01236045 0.185 0.004018843 0.01239007 0.185 0.004424273 0.01499998 0.185 0.004832744 0.01239997 0.185 0.004832744 0.01499998 0.185 0.04016715 0.01239997 0.185 0.04016715 0.01239007 0.185 0.04057568 -0.01236045 0.185 0.04098111 -0.01239007 0.185 0.04057568 -0.01499998 0.185 0.04016715 -0.01239997 0.185 0.04016715 -0.01499998 0.185 0.004832744 -0.01239997 0.185 0.004832744 -0.01239007 0.185 0.004424273 -0.01405954 0.1846372 0 -0.009799957 0.1819722 0 0.009799957 0.1819722 0 -0.01259392 0.182951 0 -0.01278257 0.1831024 0 -0.01296555 0.1832637 0 -0.01314246 0.1834344 0 0.01296555 0.1832637 0 0.01278257 0.1831024 0 0.01259392 0.182951 0 0.01405954 0.1846372 0 0.01378339 0.1842046 0 -0.01199758 0.1825578 0 -0.01220107 0.1826784 0 -0.01239997 0.1828095 0 -0.0134769 0.1838027 0 -0.01378339 0.1842046 0 0.0134769 0.1838027 0 0.01314246 0.1834344 0 0.01239997 0.1828095 0 0.01220107 0.1826784 0 0.01199758 0.1825578 0 -0.01136362 0.1822615 0 -0.0115785 0.1823491 0 -0.01178991 0.1824479 0 0.01178991 0.1824479 0 0.0115785 0.1823491 0 0.01136362 0.1822615 0 -0.01070296 0.1820672 0 -0.01092547 0.1821203 0 -0.01114583 0.1821852 0 0.01114583 0.1821852 0 0.01092547 0.1821203 0 0.01070296 0.1820672 0 -0.01002681 0.1819782 0 -0.01025319 0.181996 0 -0.01047873 0.1820257 0 0.01047873 0.1820257 0 0.01025319 0.181996 0 0.01002681 0.1819782 0 -0.01499998 0.1475957 0.07433634 -0.01499998 0.1474907 0.07400357 -0.01499998 0.1662072 0.05495917 -0.01499998 0.1663122 0.05529201 -0.01499998 0.162797 0.06031203 -0.01499998 0.1624484 0.06032729 -0.01499998 0.1548185 0.07496827 -0.01499998 0.149664 0.07659351 -0.01499998 0.1493545 0.0764324 -0.01499998 0.1664484 0.05632728 -0.01499998 0.1664332 0.05667591 -0.01499998 0.1662072 0.05769532 -0.01499998 0.1660737 0.05801773 -0.01499998 0.1659125 0.05832725 -0.01499998 0.1480779 0.0752626 -0.01499998 0.1478903 0.07496827 -0.01499998 0.1477292 0.07465875 -0.01499998 0.1473544 0.0729683 -0.01499998 0.1473696 0.07261967 -0.01499998 0.1663877 0.05563265 -0.01499998 0.1664332 0.05597865 -0.01499998 0.1663877 0.05702185 -0.01499998 0.1663122 0.05736255 -0.01499998 0.154631 0.0752626 -0.01499998 0.1544186 0.07553941 -0.01499998 0.1517031 0.07695305 -0.01499998 0.1513544 0.07696825 -0.01499998 0.1510058 0.07695305 -0.01499998 0.1506599 0.07690751 -0.01499998 0.1490601 0.07624489 -0.01499998 0.1487833 0.07603245 -0.01499998 0.1474152 0.07366287 -0.01499998 0.1473696 0.07331693 -0.01499998 0.1552937 0.07366287 -0.01499998 0.1552181 0.07400357 -0.01499998 0.1657251 0.05862158 -0.01499998 0.1655126 0.05889844 -0.01499998 0.1536487 0.07624489 -0.01499998 0.1533544 0.0764324 -0.01499998 0.1530449 0.07659351 -0.01499998 0.1527225 0.07672703 -0.01499998 0.1503192 0.07683199 -0.01499998 0.1499863 0.07672703 -0.01499998 0.148526 0.07579672 -0.01499998 0.1482903 0.07553941 -0.01499998 0.1551132 0.07433634 -0.01499998 0.1549797 0.07465875 -0.01499998 0.1641389 0.05995249 -0.01499998 0.1638165 0.06008601 -0.01499998 0.1541829 0.07579672 -0.01499998 0.1539256 0.07603245 -0.01499998 0.1523897 0.07683199 -0.01499998 0.152049 0.07690751 -0.01499998 0.1652769 0.05349886 -0.01499998 0.1655126 0.05375611 -0.01499998 0.1657251 0.05403298 -0.01499998 0.1652769 0.0591557 -0.01499998 0.1650196 0.05939143 -0.01499998 0.1647428 0.05960386 -0.01499998 0.1644484 0.05979138 -0.01499998 0.1585847 0.05736255 -0.01499998 0.1482903 0.07039713 -0.01499998 0.1586897 0.05769532 -0.01499998 0.1588232 0.05801773 -0.01499998 0.1620998 0.05234247 -0.01499998 0.1624484 0.05232727 -0.01499998 0.162797 0.05234247 -0.01499998 0.163143 0.05238801 -0.01499998 0.1659125 0.05432724 -0.01499998 0.1660737 0.05463677 -0.01499998 0.1634837 0.06019097 -0.01499998 0.163143 0.06026649 -0.01499998 0.1620998 0.06031203 -0.01499998 0.1553544 0.0729683 -0.01499998 0.1553392 0.07331693 -0.01499998 0.1585092 0.05702185 -0.01499998 0.1584637 0.05667591 -0.01499998 0.1480779 0.070674 -0.01499998 0.1584485 0.05632728 -0.01499998 0.1584637 0.05597865 -0.01499998 0.1474152 0.07227367 -0.01499998 0.1474907 0.07193303 -0.01499998 0.1475957 0.07160019 -0.01499998 0.1585092 0.05563265 -0.01499998 0.1585847 0.05529201 -0.01499998 0.1586897 0.05495917 -0.01499998 0.1634837 0.05246359 -0.01499998 0.1638165 0.05256849 -0.01499998 0.1641389 0.052702 -0.01499998 0.1552937 0.07227367 -0.01499998 0.1614131 0.06019097 -0.01499998 0.1552181 0.07193303 -0.01499998 0.1551132 0.07160019 -0.01499998 0.1617538 0.06026649 -0.01499998 0.1553392 0.07261967 -0.01499998 0.1477292 0.07127779 -0.01499998 0.1478903 0.07096827 -0.01499998 0.1644484 0.05286318 -0.01499998 0.1647428 0.05305063 -0.01499998 0.1650196 0.05326306 -0.01499998 0.154631 0.070674 -0.01499998 0.1548185 0.07096827 -0.01499998 0.1549797 0.07127779 -0.01499998 0.1588232 0.05463677 -0.01499998 0.1589843 0.05432724 -0.01499998 0.1591718 0.05403298 -0.01499998 0.1593843 0.05375611 -0.01499998 0.15962 0.05349886 -0.01499998 0.1598773 0.05326306 -0.01499998 0.1601541 0.05305063 -0.01499998 0.1604484 0.05286318 -0.01499998 0.160758 0.052702 -0.01499998 0.1610804 0.05256849 -0.01499998 0.1614131 0.05246359 -0.01499998 0.1617538 0.05238801 -0.01499998 0.1589843 0.05832725 -0.01499998 0.148526 0.07013982 -0.01499998 0.1591718 0.05862158 -0.01499998 0.1487833 0.06990408 -0.01499998 0.1490601 0.06969165 -0.01499998 0.1493545 0.0695042 -0.01499998 0.149664 0.06934303 -0.01499998 0.1499863 0.06920951 -0.01499998 0.1510058 0.06898349 -0.01499998 0.1513544 0.06896829 -0.01499998 0.1533544 0.0695042 -0.01499998 0.1601541 0.05960386 -0.01499998 0.1598773 0.05939143 -0.01499998 0.1503192 0.06910455 -0.01499998 0.1506599 0.06902903 -0.01499998 0.1604484 0.05979138 -0.01499998 0.1536487 0.06969165 -0.01499998 0.1539256 0.06990408 -0.01499998 0.1517031 0.06898349 -0.01499998 0.152049 0.06902903 -0.01499998 0.1523897 0.06910455 -0.01499998 0.15962 0.0591557 -0.01499998 0.1593843 0.05889844 -0.01499998 0.1530449 0.06934303 -0.01499998 0.1527225 0.06920951 -0.01499998 0.1610804 0.06008601 -0.01499998 0.160758 0.05995249 -0.01499998 0.1544186 0.07039713 -0.01499998 0.1541829 0.07013982 0.01239997 0.1553544 0.0729683 0.01499998 0.1553544 0.0729683 0.01239997 0.1553392 0.07331693 0.01499998 0.1553392 0.07331693 0.01239997 0.1552937 0.07366287 0.01499998 0.1552937 0.07366287 0.01239997 0.1552181 0.07400357 0.01499998 0.1552181 0.07400357 0.01239997 0.1551132 0.07433634 0.01499998 0.1551132 0.07433634 0.01239997 0.1549797 0.07465875 0.01499998 0.1549797 0.07465875 0.01239997 0.1548185 0.07496827 0.01499998 0.1548185 0.07496827 0.01239997 0.154631 0.0752626 0.01499998 0.154631 0.0752626 0.01239997 0.1544186 0.07553941 0.01499998 0.1544186 0.07553941 0.01239997 0.1541829 0.07579672 0.01499998 0.1541829 0.07579672 0.01239997 0.1539256 0.07603245 0.01499998 0.1539256 0.07603245 0.01239997 0.1536487 0.07624489 0.01499998 0.1536487 0.07624489 0.01239997 0.1533544 0.0764324 0.01499998 0.1533544 0.0764324 0.01239997 0.1530449 0.07659351 0.01499998 0.1530449 0.07659351 0.01239997 0.1527225 0.07672703 0.01499998 0.1527225 0.07672703 0.01239997 0.1523897 0.07683199 0.01499998 0.1523897 0.07683199 0.01239997 0.152049 0.07690751 0.01499998 0.152049 0.07690751 0.01239997 0.1517031 0.07695305 0.01499998 0.1517031 0.07695305 0.01239997 0.1513544 0.07696825 0.01499998 0.1513544 0.07696825 0.01239997 0.1510058 0.07695305 0.01499998 0.1510058 0.07695305 0.01239997 0.1506599 0.07690751 0.01499998 0.1506599 0.07690751 0.01239997 0.1503192 0.07683199 0.01499998 0.1503192 0.07683199 0.01239997 0.1499863 0.07672703 0.01499998 0.1499863 0.07672703 0.01239997 0.149664 0.07659351 0.01499998 0.149664 0.07659351 0.01239997 0.1493545 0.0764324 0.01499998 0.1493545 0.0764324 0.01239997 0.1490601 0.07624489 0.01499998 0.1490601 0.07624489 0.01239997 0.1487833 0.07603245 0.01499998 0.1487833 0.07603245 0.01239997 0.148526 0.07579672 0.01499998 0.148526 0.07579672 0.01239997 0.1482903 0.07553941 0.01499998 0.1482903 0.07553941 0.01239997 0.1480779 0.0752626 0.01499998 0.1480779 0.0752626 0.01239997 0.1478903 0.07496827 0.01499998 0.1478903 0.07496827 0.01239997 0.1477292 0.07465875 0.01499998 0.1477292 0.07465875 0.01239997 0.1475957 0.07433634 0.01499998 0.1475957 0.07433634 0.01239997 0.1474907 0.07400357 0.01499998 0.1474907 0.07400357 0.01239997 0.1474152 0.07366287 0.01499998 0.1474152 0.07366287 0.01239997 0.1473696 0.07331693 0.01499998 0.1473696 0.07331693 0.01239997 0.1473544 0.0729683 0.01499998 0.1473544 0.0729683 0.01239997 0.1473696 0.07261967 0.01499998 0.1473696 0.07261967 0.01239997 0.1474152 0.07227367 0.01499998 0.1474152 0.07227367 0.01239997 0.1474907 0.07193303 0.01499998 0.1474907 0.07193303 0.01239997 0.1475957 0.07160019 0.01499998 0.1475957 0.07160019 0.01239997 0.1477292 0.07127779 0.01499998 0.1477292 0.07127779 0.01239997 0.1478903 0.07096827 0.01499998 0.1478903 0.07096827 0.01239997 0.1480779 0.070674 0.01499998 0.1480779 0.070674 0.01239997 0.1482903 0.07039713 0.01499998 0.1482903 0.07039713 0.01239997 0.148526 0.07013982 0.01499998 0.148526 0.07013982 0.01239997 0.1487833 0.06990408 0.01499998 0.1487833 0.06990408 0.01239997 0.1490601 0.06969165 0.01499998 0.1490601 0.06969165 0.01239997 0.1493545 0.0695042 0.01499998 0.1493545 0.0695042 0.01239997 0.149664 0.06934303 0.01499998 0.149664 0.06934303 0.01239997 0.1499863 0.06920951 0.01499998 0.1499863 0.06920951 0.01239997 0.1503192 0.06910455 0.01499998 0.1503192 0.06910455 0.01239997 0.1506599 0.06902903 0.01499998 0.1506599 0.06902903 0.01239997 0.1510058 0.06898349 0.01499998 0.1510058 0.06898349 0.01239997 0.1513544 0.06896829 0.01499998 0.1513544 0.06896829 0.01239997 0.1517031 0.06898349 0.01499998 0.1517031 0.06898349 0.01239997 0.152049 0.06902903 0.01499998 0.152049 0.06902903 0.01239997 0.1523897 0.06910455 0.01499998 0.1523897 0.06910455 0.01239997 0.1527225 0.06920951 0.01499998 0.1527225 0.06920951 0.01239997 0.1530449 0.06934303 0.01499998 0.1530449 0.06934303 0.01239997 0.1533544 0.0695042 0.01499998 0.1533544 0.0695042 0.01239997 0.1536487 0.06969165 0.01499998 0.1536487 0.06969165 0.01239997 0.1539256 0.06990408 0.01499998 0.1539256 0.06990408 0.01239997 0.1541829 0.07013982 0.01499998 0.1541829 0.07013982 0.01239997 0.1544186 0.07039713 0.01499998 0.1544186 0.07039713 0.01239997 0.154631 0.070674 0.01499998 0.154631 0.070674 0.01239997 0.1548185 0.07096827 0.01499998 0.1548185 0.07096827 0.01239997 0.1549797 0.07127779 0.01499998 0.1549797 0.07127779 0.01239997 0.1551132 0.07160019 0.01499998 0.1551132 0.07160019 0.01239997 0.1552181 0.07193303 0.01499998 0.1552181 0.07193303 0.01239997 0.1552937 0.07227367 0.01499998 0.1552937 0.07227367 0.01239997 0.1553392 0.07261967 0.01499998 0.1553392 0.07261967 0.01239997 0.1664484 0.05632728 0.01499998 0.1664484 0.05632728 0.01239997 0.1664332 0.05667591 0.01499998 0.1664332 0.05667591 0.01239997 0.1663877 0.05702185 0.01499998 0.1663877 0.05702185 0.01239997 0.1663122 0.05736255 0.01499998 0.1663122 0.05736255 0.01239997 0.1662072 0.05769532 0.01499998 0.1662072 0.05769532 0.01239997 0.1660737 0.05801773 0.01499998 0.1660737 0.05801773 0.01239997 0.1659125 0.05832725 0.01499998 0.1659125 0.05832725 0.01239997 0.1657251 0.05862158 0.01499998 0.1657251 0.05862158 0.01239997 0.1655126 0.05889844 0.01499998 0.1655126 0.05889844 0.01239997 0.1652769 0.0591557 0.01499998 0.1652769 0.0591557 0.01239997 0.1650196 0.05939143 0.01499998 0.1650196 0.05939143 0.01239997 0.1647428 0.05960386 0.01499998 0.1647428 0.05960386 0.01239997 0.1644484 0.05979138 0.01499998 0.1644484 0.05979138 0.01239997 0.1641389 0.05995249 0.01499998 0.1641389 0.05995249 0.01239997 0.1638165 0.06008601 0.01499998 0.1638165 0.06008601 0.01239997 0.1634837 0.06019097 0.01499998 0.1634837 0.06019097 0.01239997 0.163143 0.06026649 0.01499998 0.163143 0.06026649 0.01239997 0.162797 0.06031203 0.01499998 0.162797 0.06031203 0.01239997 0.1624484 0.06032729 0.01499998 0.1624484 0.06032729 0.01239997 0.1620998 0.06031203 0.01499998 0.1620998 0.06031203 0.01239997 0.1617538 0.06026649 0.01499998 0.1617538 0.06026649 0.01239997 0.1614131 0.06019097 0.01499998 0.1614131 0.06019097 0.01239997 0.1610804 0.06008601 0.01499998 0.1610804 0.06008601 0.01239997 0.160758 0.05995249 0.01499998 0.160758 0.05995249 0.01239997 0.1604484 0.05979138 0.01499998 0.1604484 0.05979138 0.01239997 0.1601541 0.05960386 0.01499998 0.1601541 0.05960386 0.01239997 0.1598773 0.05939143 0.01499998 0.1598773 0.05939143 0.01239997 0.15962 0.0591557 0.01499998 0.15962 0.0591557 0.01239997 0.1593843 0.05889844 0.01499998 0.1593843 0.05889844 0.01239997 0.1591718 0.05862158 0.01499998 0.1591718 0.05862158 0.01239997 0.1589843 0.05832725 0.01499998 0.1589843 0.05832725 0.01239997 0.1588232 0.05801773 0.01499998 0.1588232 0.05801773 0.01239997 0.1586897 0.05769532 0.01499998 0.1586897 0.05769532 0.01239997 0.1585847 0.05736255 0.01499998 0.1585847 0.05736255 0.01239997 0.1585092 0.05702185 0.01499998 0.1585092 0.05702185 0.01239997 0.1584637 0.05667591 0.01499998 0.1584637 0.05667591 0.01239997 0.1584485 0.05632728 0.01499998 0.1584485 0.05632728 0.01239997 0.1584637 0.05597865 0.01499998 0.1584637 0.05597865 0.01239997 0.1585092 0.05563265 0.01499998 0.1585092 0.05563265 0.01239997 0.1585847 0.05529201 0.01499998 0.1585847 0.05529201 0.01239997 0.1586897 0.05495917 0.01499998 0.1586897 0.05495917 0.01239997 0.1588232 0.05463677 0.01499998 0.1588232 0.05463677 0.01239997 0.1589843 0.05432724 0.01499998 0.1589843 0.05432724 0.01239997 0.1591718 0.05403298 0.01499998 0.1591718 0.05403298 0.01239997 0.1593843 0.05375611 0.01499998 0.1593843 0.05375611 0.01239997 0.15962 0.05349886 0.01499998 0.15962 0.05349886 0.01239997 0.1598773 0.05326306 0.01499998 0.1598773 0.05326306 0.01239997 0.1601541 0.05305063 0.01499998 0.1601541 0.05305063 0.01239997 0.1604484 0.05286318 0.01499998 0.1604484 0.05286318 0.01239997 0.160758 0.052702 0.01499998 0.160758 0.052702 0.01239997 0.1610804 0.05256849 0.01499998 0.1610804 0.05256849 0.01239997 0.1614131 0.05246359 0.01499998 0.1614131 0.05246359 0.01239997 0.1617538 0.05238801 0.01499998 0.1617538 0.05238801 0.01239997 0.1620998 0.05234247 0.01499998 0.1620998 0.05234247 0.01239997 0.1624484 0.05232727 0.01499998 0.1624484 0.05232727 0.01239997 0.162797 0.05234247 0.01499998 0.162797 0.05234247 0.01239997 0.163143 0.05238801 0.01499998 0.163143 0.05238801 0.01239997 0.1634837 0.05246359 0.01499998 0.1634837 0.05246359 0.01239997 0.1638165 0.05256849 0.01499998 0.1638165 0.05256849 0.01239997 0.1641389 0.052702 0.01499998 0.1641389 0.052702 0.01239997 0.1644484 0.05286318 0.01499998 0.1644484 0.05286318 0.01239997 0.1647428 0.05305063 0.01499998 0.1647428 0.05305063 0.01239997 0.1650196 0.05326306 0.01499998 0.1650196 0.05326306 0.01239997 0.1652769 0.05349886 0.01499998 0.1652769 0.05349886 0.01239997 0.1655126 0.05375611 0.01499998 0.1655126 0.05375611 0.01239997 0.1657251 0.05403298 0.01499998 0.1657251 0.05403298 0.01239997 0.1659125 0.05432724 0.01499998 0.1659125 0.05432724 0.01239997 0.1660737 0.05463677 0.01499998 0.1660737 0.05463677 0.01239997 0.1662072 0.05495917 0.01499998 0.1662072 0.05495917 0.01239997 0.1663122 0.05529201 0.01499998 0.1663122 0.05529201 0.01239997 0.1663877 0.05563265 0.01499998 0.1663877 0.05563265 0.01239997 0.1664332 0.05597865 0.01499998 0.1664332 0.05597865 -0.01239997 0.1664484 0.05632728 -0.01239997 0.1664332 0.05667591 -0.01239997 0.1663877 0.05702185 -0.01239997 0.1663122 0.05736255 -0.01239997 0.1662072 0.05769532 -0.01239997 0.1660737 0.05801773 -0.01239997 0.1659125 0.05832725 -0.01239997 0.1657251 0.05862158 -0.01239997 0.1655126 0.05889844 -0.01239997 0.1652769 0.0591557 -0.01239997 0.1650196 0.05939143 -0.01239997 0.1647428 0.05960386 -0.01239997 0.1644484 0.05979138 -0.01239997 0.1641389 0.05995249 -0.01239997 0.1638165 0.06008601 -0.01239997 0.1634837 0.06019097 -0.01239997 0.163143 0.06026649 -0.01239997 0.162797 0.06031203 -0.01239997 0.1624484 0.06032729 -0.01239997 0.1620998 0.06031203 -0.01239997 0.1617538 0.06026649 -0.01239997 0.1614131 0.06019097 -0.01239997 0.1610804 0.06008601 -0.01239997 0.160758 0.05995249 -0.01239997 0.1604484 0.05979138 -0.01239997 0.1601541 0.05960386 -0.01239997 0.1598773 0.05939143 -0.01239997 0.15962 0.0591557 -0.01239997 0.1593843 0.05889844 -0.01239997 0.1591718 0.05862158 -0.01239997 0.1589843 0.05832725 -0.01239997 0.1588232 0.05801773 -0.01239997 0.1586897 0.05769532 -0.01239997 0.1585847 0.05736255 -0.01239997 0.1585092 0.05702185 -0.01239997 0.1584637 0.05667591 -0.01239997 0.1584485 0.05632728 -0.01239997 0.1584637 0.05597865 -0.01239997 0.1585092 0.05563265 -0.01239997 0.1585847 0.05529201 -0.01239997 0.1586897 0.05495917 -0.01239997 0.1588232 0.05463677 -0.01239997 0.1589843 0.05432724 -0.01239997 0.1591718 0.05403298 -0.01239997 0.1593843 0.05375611 -0.01239997 0.15962 0.05349886 -0.01239997 0.1598773 0.05326306 -0.01239997 0.1601541 0.05305063 -0.01239997 0.1604484 0.05286318 -0.01239997 0.160758 0.052702 -0.01239997 0.1610804 0.05256849 -0.01239997 0.1614131 0.05246359 -0.01239997 0.1617538 0.05238801 -0.01239997 0.1620998 0.05234247 -0.01239997 0.1624484 0.05232727 -0.01239997 0.162797 0.05234247 -0.01239997 0.163143 0.05238801 -0.01239997 0.1634837 0.05246359 -0.01239997 0.1638165 0.05256849 -0.01239997 0.1641389 0.052702 -0.01239997 0.1644484 0.05286318 -0.01239997 0.1647428 0.05305063 -0.01239997 0.1650196 0.05326306 -0.01239997 0.1652769 0.05349886 -0.01239997 0.1655126 0.05375611 -0.01239997 0.1657251 0.05403298 -0.01239997 0.1659125 0.05432724 -0.01239997 0.1660737 0.05463677 -0.01239997 0.1662072 0.05495917 -0.01239997 0.1663122 0.05529201 -0.01239997 0.1663877 0.05563265 -0.01239997 0.1664332 0.05597865 -0.01239997 0.1553544 0.0729683 -0.01239997 0.1553392 0.07331693 -0.01239997 0.1552937 0.07366287 -0.01239997 0.1552181 0.07400357 -0.01239997 0.1551132 0.07433634 -0.01239997 0.1549797 0.07465875 -0.01239997 0.1548185 0.07496827 -0.01239997 0.154631 0.0752626 -0.01239997 0.1544186 0.07553941 -0.01239997 0.1541829 0.07579672 -0.01239997 0.1539256 0.07603245 -0.01239997 0.1536487 0.07624489 -0.01239997 0.1533544 0.0764324 -0.01239997 0.1530449 0.07659351 -0.01239997 0.1527225 0.07672703 -0.01239997 0.1523897 0.07683199 -0.01239997 0.152049 0.07690751 -0.01239997 0.1517031 0.07695305 -0.01239997 0.1513544 0.07696825 -0.01239997 0.1510058 0.07695305 -0.01239997 0.1506599 0.07690751 -0.01239997 0.1503192 0.07683199 -0.01239997 0.1499863 0.07672703 -0.01239997 0.149664 0.07659351 -0.01239997 0.1493545 0.0764324 -0.01239997 0.1490601 0.07624489 -0.01239997 0.1487833 0.07603245 -0.01239997 0.148526 0.07579672 -0.01239997 0.1482903 0.07553941 -0.01239997 0.1480779 0.0752626 -0.01239997 0.1478903 0.07496827 -0.01239997 0.1477292 0.07465875 -0.01239997 0.1475957 0.07433634 -0.01239997 0.1474907 0.07400357 -0.01239997 0.1474152 0.07366287 -0.01239997 0.1473696 0.07331693 -0.01239997 0.1473544 0.0729683 -0.01239997 0.1473696 0.07261967 -0.01239997 0.1474152 0.07227367 -0.01239997 0.1474907 0.07193303 -0.01239997 0.1475957 0.07160019 -0.01239997 0.1477292 0.07127779 -0.01239997 0.1478903 0.07096827 -0.01239997 0.1480779 0.070674 -0.01239997 0.1482903 0.07039713 -0.01239997 0.148526 0.07013982 -0.01239997 0.1487833 0.06990408 -0.01239997 0.1490601 0.06969165 -0.01239997 0.1493545 0.0695042 -0.01239997 0.149664 0.06934303 -0.01239997 0.1499863 0.06920951 -0.01239997 0.1503192 0.06910455 -0.01239997 0.1506599 0.06902903 -0.01239997 0.1510058 0.06898349 -0.01239997 0.1513544 0.06896829 -0.01239997 0.1517031 0.06898349 -0.01239997 0.152049 0.06902903 -0.01239997 0.1523897 0.06910455 -0.01239997 0.1527225 0.06920951 -0.01239997 0.1530449 0.06934303 -0.01239997 0.1533544 0.0695042 -0.01239997 0.1536487 0.06969165 -0.01239997 0.1539256 0.06990408 -0.01239997 0.1541829 0.07013982 -0.01239997 0.1544186 0.07039713 -0.01239997 0.154631 0.070674 -0.01239997 0.1548185 0.07096827 -0.01239997 0.1549797 0.07127779 -0.01239997 0.1551132 0.07160019 -0.01239997 0.1552181 0.07193303 -0.01239997 0.1552937 0.07227367 -0.01239997 0.1553392 0.07261967</float_array>
          <technique_common>
            <accessor source="#chassis_default_as_machined__8-mesh-positions-array" count="996" stride="3">
              <param name="X" type="float"/>
              <param name="Y" type="float"/>
              <param name="Z" type="float"/>
            </accessor>
          </technique_common>
        </source>
        <source id="chassis_default_as_machined__8-mesh-normals">
          <float_array id="chassis_default_as_machined__8-mesh-normals-array" count="3357">0 -1 0 0 -1 4.27736e-7 0 -1 -1.70122e-6 0 -1 1.70121e-6 0 -1 -4.29363e-7 0 -1 1.7012e-6 0 -1 -1.70121e-6 0 -1 -4.27736e-7 0 -1 -2.13867e-7 0 -1 -8.55473e-7 0 -1 3.32726e-6 0 -1 -7.25626e-6 0 -1 -7.25647e-6 0 -1 7.17704e-6 0 -1 -4.48584e-7 0 -1 -3.32726e-6 0 -1 7.25637e-6 0 -1 -7.17704e-6 0 -1 9.29241e-7 0 -1 4.4855e-7 0 -1 7.25647e-6 0 -1 9.29377e-7 0 -1 6.95623e-6 0 -1 -3.39923e-6 0 -1 -9.29241e-7 0 -1 -6.95624e-6 0 -1 3.39923e-6 0 -1 -3.42519e-6 0 -1 6.85005e-6 0 -1 -4.78242e-6 0 -1 -9.29377e-7 0 -1 3.42506e-6 0 -1 -6.85004e-6 0 -1 4.78241e-6 0 -1 6.95634e-6 0 -1 -3.42514e-6 0 -1 3.42514e-6 0 -1 1.65895e-6 0 -1 -6.95634e-6 0 -1 3.42514e-6 0 -1 -3.42514e-6 0 -1 -1.65908e-6 0 1 0 0 1 -6.70287e-5 0 1 -2.74797e-5 0 1 2.72196e-5 0 1 -5.53809e-5 0 0.9999997 -8.72471e-4 0 0.9999995 -0.001034021 0 0.9999995 0.001066207 0 1 2.70663e-5 0 0.9999988 0.001550853 0 1 -2.24374e-4 0 1 1.22396e-4 0 1 -2.99932e-4 0 1 -2.67908e-5 0 1 1.14835e-4 0 1 -2.67908e-5 0 1 2.34157e-4 0 1 -1.19162e-4 0 1 9.5249e-5 0 1 -4.1511e-4 0 1 5.74246e-5 0 1 -5.7417e-5 0 1 5.74171e-5 0 1 -5.87485e-5 0 1 -2.7194e-5 0 1 -5.56489e-5 0 1 6.10062e-5 0 1 -5.74171e-5 0 1 2.7194e-5 0 1 5.56487e-5 0 1 -6.10057e-5 0 1 7.43433e-6 0 1 1.40883e-4 0 1 1.16099e-4 0 1 7.43444e-6 0 1 -2.84071e-4 0 1 -5.5649e-5 0 1 -5.4388e-5 0 1 5.5649e-5 0 1 -6.02721e-5 0 1 5.24231e-5 0 1 -1.20543e-4 0 1 5.56488e-5 0 1 5.43881e-5 0 1 4.86927e-5 0 1 -4.86929e-5 0 1 -6.85024e-6 0 1 6.85024e-6 0 0 -1 0 0 -1 0 0 -1 0 0 -1 0 0 -1 0 0 -1 0 0 -1 0 0 -1 0 0 -1 0 0 -1 0 0 -1 0 0 -1 0 0 -1 0 0 -1 0 0 -1 0 0 -1 0 0 -1 0 0 -1 0 0 -1 0 0 -1 0 0 -1 0 0 -1 0 -0.8320503 -0.5547002 -0.02185976 0.8318506 0.5545691 -0.02185952 0.8318547 0.5545629 -0.06525754 0.8302792 0.5535143 -0.06547093 0.8302675 0.5535065 -0.1088708 0.8270993 0.551411 -0.1088684 0.8271077 0.5513988 -0.1521604 0.8223625 0.5482403 -0.151951 0.8223892 0.5482581 -0.1951269 0.8160561 0.5440386 -0.195129 0.8160516 0.5440445 -0.2376743 0.8082053 0.538809 -0.2377728 0.8081893 0.5387895 -0.2797873 0.7988163 0.532552 -0.2797813 0.798826 0.5325406 -0.3214653 0.7878846 0.5252599 -0.3214619 0.7878898 0.5252543 -0.3624957 0.77546 0.5169707 -0.4027822 0.761579 0.5077046 -0.3624139 0.7754741 0.517007 -0.4027905 0.7615676 0.5077151 -0.4423225 0.7462317 0.4974826 -0.4809178 0.7295256 0.4863236 -0.5188378 0.7112856 0.4742155 -0.442254 0.7462434 0.4975261 -0.4809336 0.7295044 0.4863396 -0.518818 0.7113121 0.4741973 -0.5555086 0.6918655 0.4612294 -0.5555078 0.6918665 0.4612287 -0.6087787 0.6600974 0.440068 -0.6755728 0.613467 0.4089741 -0.6755755 0.6134629 0.4089757 -0.7372841 0.5621201 0.374744 -0.7372624 0.5621378 0.3747602 -0.7933743 0.5064962 0.3376669 -0.8433938 0.4470582 0.2980369 -0.8433758 0.4470837 0.2980495 -0.887004 0.3842089 0.2561396 -0.8870291 0.3841667 0.2561159 -0.9238736 0.3184239 0.2122827 -0.9238736 0.3184239 0.2122827 -0.9537203 0.2501928 0.1667968 -0.9762939 0.1800975 0.1200633 -0.9762976 0.1800816 0.1200572 -0.991445 0.1086034 0.07240402 -0.9914442 0.10861 0.07240396 -0.9990484 0.03629273 0.0241962 0 0.8320503 0.5547002 0 0.8320503 0.5547003 0.6087787 0.6600974 0.440068 0.67557 0.6134712 0.4089724 0.6755783 0.6134587 0.4089775 0.7372869 0.5621156 0.3747454 0.7372596 0.5621424 0.3747588 0.7933743 0.5064962 0.3376669 0.8433758 0.4470837 0.2980495 0.8433938 0.4470582 0.2980369 0.8870177 0.384185 0.2561281 0.8870154 0.3841907 0.2561274 0.9238715 0.3184299 0.2122822 0.9238756 0.3184179 0.2122831 0.9537203 0.2501928 0.1667968 0.9762927 0.1801039 0.1200631 0.9762988 0.1800751 0.1200574 0.9914442 0.10861 0.07240396 0.991445 0.1086034 0.07240402 0.9990484 0.03629273 0.0241962 0.02185976 0.8318505 0.5545691 0.02185952 0.8318547 0.5545629 0.06547164 0.8302633 0.5535126 0.06525683 0.8302834 0.5535081 0.1088696 0.8271034 0.551405 0.1088696 0.8271034 0.5514049 0.151951 0.8223892 0.5482581 0.1521604 0.8223625 0.5482403 0.195127 0.8160562 0.5440385 0.195129 0.8160516 0.5440446 0.2376743 0.8082053 0.538809 0.2377728 0.8081893 0.5387894 0.2797843 0.7988212 0.5325464 0.3214653 0.7878847 0.5252598 0.3214619 0.7878898 0.5252544 0.3624957 0.77546 0.5169708 0.3624064 0.7754849 0.5169962 0.4027864 0.7615733 0.5077099 0.4027946 0.761562 0.5077203 0.442327 0.7462258 0.4974877 0.4422363 0.7462671 0.4975062 0.4809383 0.7294982 0.4863443 0.4809289 0.7295107 0.4863348 0.518818 0.7113121 0.4741975 0.5187495 0.7113384 0.4742327 0.5555922 0.6918113 0.4612098 0.5555078 0.6918665 0.4612287 0.6087785 0.6600978 0.4400679 -0.6087595 0.6601124 0.4400724 -0.6755881 0.6134533 0.4089693 -0.675588 0.6134533 0.4089694 -0.7372872 0.5621159 0.3747445 -0.7372736 0.5621293 0.3747512 -0.7933616 0.5065119 0.3376729 -0.793353 0.5065202 0.3376806 -0.8433937 0.4470582 0.2980369 -0.8433744 0.4470805 0.2980585 -0.8870129 0.3841963 0.2561279 -0.8870151 0.3841906 0.2561285 -0.9238816 0.3184082 0.212271 -0.9238767 0.3184191 0.2122761 -0.9537155 0.2502056 0.1668053 -0.9762964 0.180088 0.120057 -0.976297 0.1800848 0.1200571 -0.9914448 0.1086034 0.07240515 -0.9914445 0.1086067 0.07240509 -0.9990482 0.03629463 0.02419519 -0.9990484 0.03629034 0.02419459 -0.5187337 0.7113299 0.4742628 -0.5555864 0.6918176 0.4612073 -0.6087628 0.6601077 0.4400748 -0.5555684 0.691842 0.4611924 -0.5187482 0.7113432 0.474227 -0.4810131 0.7294691 0.4863139 -0.442301 0.746222 0.4975164 -0.4809508 0.7295162 0.486305 -0.4422844 0.7462444 0.4974977 -0.4027456 0.7615841 0.5077261 -0.3625093 0.7754408 0.5169901 -0.02185946 0.8318536 0.5545645 -0.02180618 0.8318505 0.5545713 -0.06536501 0.8302702 0.553515 -0.065418 0.8302694 0.55351 -0.1088703 0.8271024 0.5514064 -0.1088691 0.8271066 0.5514003 -0.1521068 0.8223693 0.5482448 -0.1521076 0.8223671 0.5482478 -0.1951274 0.8160581 0.5440354 -0.2376711 0.808208 0.5388064 -0.279834 0.7988101 0.5325367 -0.2797862 0.7988198 0.5325475 -0.3214152 0.7878999 0.5252678 -0.3624491 0.7754751 0.5169808 -0.4027723 0.7615926 0.5076922 -1 -7.32236e-6 0 -1 0 0 -1 -5.83458e-6 0 -1 -5.84753e-7 0 -1 6.34449e-6 0 -1 3.44464e-6 0 -1 4.07418e-6 0 -1 -1.21921e-6 0 -1 1.44201e-6 0 -1 -1.36795e-6 0 -1 5.8818e-6 0 -1 -4.46116e-6 0 -1 7.86906e-6 0 -1 -8.57751e-6 0 -1 -1.52245e-6 0 -1 4.11083e-5 0 -1 2.6088e-7 0 -1 -1.21159e-5 0 -1 9.30825e-6 0 -1 5.50418e-6 0 -1 -5.47559e-6 0 -1 5.90765e-6 0 -1 -2.20058e-6 0 -0.9999995 -0.001039445 0 -1 -8.09297e-6 0 -1 -1.97068e-5 0 -1 1.13575e-5 0 -1 -7.27506e-6 0 -1 1.61339e-6 0 -1 -1.33092e-5 0 -0.9999998 7.24637e-4 0 -1 -1.09361e-5 0 -1 4.77007e-6 0 -1 4.14331e-6 0 -1 -2.67139e-7 0 -1 3.51825e-6 0 -1 -2.0377e-6 0 -1 4.20225e-6 0 -1 1.27613e-5 0 -1 -3.40823e-6 0 -1 -7.02208e-6 0 -1 2.95858e-4 0 -1 -6.15768e-6 0 -1 1.2495e-5 0 -1 -1.50494e-5 0 -1 6.90185e-6 0 -1 -9.66187e-7 0 -1 -6.52107e-6 0 -1 6.42843e-6 0 -1 -5.61628e-6 0 -1 9.7093e-6 0 -1 -6.90298e-6 0 -1 -2.38678e-6 0 -1 -1.30798e-7 0 -1 6.4041e-6 0 -1 0 0 -1 -1.6322e-6 0 -1 2.30276e-6 0 -1 1.01636e-6 0 -1 5.64763e-5 0 -1 -2.35494e-5 0 -1 -5.63428e-7 0 -1 -1.06699e-5 0 -1 8.39005e-6 0 -1 -8.70284e-6 0 -1 8.05886e-6 0 -1 3.02787e-7 0 -1 -5.53845e-6 0 -1 3.08642e-4 0 -1 -5.49886e-6 0 -1 -4.96128e-6 0 -1 -8.52622e-6 0 -1 -1.99634e-6 0 -1 4.78066e-6 0 -1 1.13693e-5 0 -1 -4.70621e-6 0 -1 -5.86743e-6 0 -1 7.41444e-6 0 -1 1.1136e-6 0 -1 -7.03087e-6 0 -1 6.84098e-6 0 -1 -7.32408e-6 0 -1 6.80846e-6 0 -1 -6.11675e-6 0 -1 6.92876e-6 0 -1 -6.84107e-6 0 -1 3.84474e-6 0 0 -0.9990453 -0.04368948 0 -0.999048 -0.04362547 0 -0.9914491 -0.1304946 0 -0.976305 -0.2163991 0 -0.9762779 -0.2165213 0 -0.9537183 -0.3007014 0 -0.9238776 -0.3826881 0 -0.9238778 -0.3826878 0 -0.8869917 -0.4617854 0 -0.8870183 -0.4617346 0 -0.8434171 -0.5372595 0 -0.8433881 -0.5373048 0 -0.7933423 -0.6087757 0 -0.7933734 -0.6087354 0 -0.7372901 -0.6755763 0 -0.737258 -0.6756114 0 -0.6755574 -0.7373074 0 -0.6755894 -0.7372782 0 -0.6087937 -0.7933287 0 -0.6087624 -0.7933526 0 -0.5373278 -0.8433735 0 -0.53727 -0.8434103 0 -0.4617537 -0.8870083 0 -0.4617541 -0.887008 0 -0.3826661 -0.9238867 0 -0.3826888 -0.9238774 0 -0.3007198 -0.9537125 0 -0.3007012 -0.9537185 0 -0.2164436 -0.9762951 0 -0.2164298 -0.9762983 0 -0.1305166 -0.9914462 0 -0.04362076 -0.9990482 0 0.04361796 -0.9990483 0 0.04362356 -0.9990481 0 0.1305166 -0.9914462 0 0.2164572 -0.9762922 0 0.2164163 -0.9763012 0 0.3007198 -0.9537125 0 0.3007012 -0.9537185 0 0.3826661 -0.9238867 0 0.3827115 -0.923868 0 0.4617537 -0.8870083 0 0.4617541 -0.887008 0 0.5372987 -0.8433921 0 0.5372991 -0.8433918 0 0.6087318 -0.7933762 0 0.6087624 -0.7933526 0 0.6755894 -0.7372782 0 0.6756213 -0.7372489 0 0.7372901 -0.6755763 0 0.737258 -0.6756114 0 0.7933423 -0.6087757 0 0.8434171 -0.5372595 0 0.8433591 -0.5373505 0 0.8870443 -0.4616845 0 0.886992 -0.4617851 0 0.9238776 -0.3826881 0 0.9239005 -0.382633 0 0.9537183 -0.3007014 0 0.9762915 -0.2164602 0 0.9914324 -0.1306207 0 0.9914491 -0.1304946 0 0.9990508 -0.04356145 0 0.999048 -0.04362547 0 0.999048 0.04362642 0 0.9990507 0.04356235 0 0.9914491 0.1304946 0 0.9914324 0.1306207 0 0.9762915 0.2164602 0 0.9537183 0.3007014 0 0.9239003 0.3826333 0 0.9238778 0.3826878 0 0.8869917 0.4617854 0 0.8870445 0.4616841 0 0.8433589 0.5373507 0 0.8434172 0.5372592 0 0.7933503 0.6087654 0 0.7372582 0.6756112 0 0.7372899 0.6755766 0 0.6756213 0.7372489 0 0.6755894 0.7372782 0 0.6087628 0.7933524 0 0.6087315 0.7933765 0 0.5372987 0.8433921 0 0.5372991 0.8433918 0 0.4617372 0.8870169 0 0.4617367 0.887017 0 0.3827115 0.923868 0 0.3826661 0.9238867 0 0.3007014 0.9537184 0 0.3007196 0.9537127 0 0.2164165 0.9763012 0 0.216457 0.9762922 0 0.1305377 0.9914434 0 0.1305376 0.9914434 0 0.04362356 0.9990481 0 0.04361796 0.9990483 0 -0.04362076 0.9990482 0 -0.1305377 0.9914434 0 -0.1305376 0.9914434 0 -0.2164301 0.9762982 0 -0.2164434 0.9762952 0 -0.3007014 0.9537184 0 -0.3007196 0.9537127 0 -0.3826888 0.9238774 0 -0.3826661 0.9238867 0 -0.4617372 0.8870169 0 -0.4617367 0.887017 0 -0.5372697 0.8434106 0 -0.5373282 0.8433734 0 -0.6087628 0.7933524 0 -0.6087934 0.7933289 0 -0.6755894 0.7372782 0 -0.6755574 0.7373074 0 -0.7372582 0.6756112 0 -0.7372899 0.6755766 0 -0.7933813 0.608725 0 -0.7933503 0.6087654 0 -0.843388 0.5373051 0 -0.8434172 0.5372592 0 -0.887018 0.461735 0 -0.886992 0.4617851 0 -0.9238776 0.3826881 0 -0.9238778 0.3826878 0 -0.9537183 0.3007014 0 -0.9762779 0.2165213 0 -0.976305 0.2163991 0 -0.9914491 0.1304946 0 -0.999048 0.04362642 0 -0.9990452 0.04369044 0 -0.9990452 -0.04369044 0 -0.999048 -0.04362636 0 -0.9914492 -0.1304934 0 -0.9914492 -0.1304932 0 -0.7933463 -0.6087707 0 -0.7933775 -0.60873 0 -0.6087868 -0.793334 0 -0.6087558 -0.7933577 0 -0.4617455 -0.8870126 0 -0.3826754 -0.923883 0 -0.3827207 -0.9238641 0 -0.3007014 -0.9537184 0 -0.3007196 -0.9537127 0 -0.2164163 -0.9763012 0 -0.1305271 -0.9914448 0 -0.1305354 -0.9914438 0 -0.04361796 -0.9990483 0 0.1305271 -0.9914448 0 0.1305354 -0.9914438 0 0.2164436 -0.9762951 0 0.3826754 -0.923883 0 0.3827207 -0.9238641 0 0.4617455 -0.8870126 0 0.5373278 -0.8433735 0 0.53727 -0.8434103 0 0.6087248 -0.7933815 0 0.6087558 -0.7933577 0 0.7933463 -0.6087707 0 0.7933775 -0.60873 0 0.843388 -0.5373051 0 0.9914327 -0.1306195 0 0.9914492 -0.1304932 0 0.9990507 -0.04356241 0 0.999048 -0.04362636 0 0.9990479 0.04362589 0 0.9990508 0.04356193 0 0.9914492 0.1304934 0 0.9914327 0.1306194 0 0.9762909 0.2164625 0 0.976291 0.2164623 0 0.9537194 0.3006983 0 0.9238989 0.3826369 0 0.9238762 0.3826916 0 0.8433881 0.5373048 0 0.7933773 0.6087303 0 0.7933465 0.6087704 0 0.5372697 0.8434106 0 0.5373282 0.8433734 0 0.4617455 0.8870126 0 0.3827207 0.9238641 0 0.3826754 0.923883 0 0.3006916 0.9537215 0 0.30071 0.9537157 0 0.2164266 0.976299 0 0.2164539 0.9762929 0 0.1305249 0.9914451 0 0.1305166 0.9914462 0 -0.04361796 0.9990483 0 -0.1305249 0.9914451 0 -0.1305166 0.9914462 0 -0.2164266 0.976299 0 -0.2164539 0.9762929 0 -0.30071 0.9537157 0 -0.3006916 0.9537215 0 -0.3827207 0.9238641 0 -0.3826754 0.923883 0 -0.4617455 0.8870126 0 -0.7933773 0.6087303 0 -0.7933465 0.6087704 0 -0.9238762 0.3826916 0 -0.9537194 0.3006983 0 -0.9762774 0.2165237 0 -0.9763046 0.2164012 0 -0.9914492 0.1304934 0 -0.9914492 0.1304932 0 -0.9990479 0.04362589 0 -0.9990451 0.04368996 0 -0.9990452 -0.04369044 0 -0.999048 -0.04362642 0 -0.886992 -0.4617851 0 -0.887018 -0.461735 0 -0.8434172 -0.5372592 0 -0.843388 -0.5373051 0 -0.7933465 -0.6087704 0 -0.7933773 -0.6087303 0 -0.7372899 -0.6755766 0 -0.7372582 -0.6756112 0 -0.5373282 -0.8433734 0 -0.5372697 -0.8434106 0 -0.2164434 -0.9762952 0 -0.2164165 -0.9763012 0 0.2164434 -0.9762952 0 0.2164165 -0.9763012 0 0.3007196 -0.9537127 0 0.3007014 -0.9537184 0 0.5373282 -0.8433734 0 0.5372697 -0.8434106 0 0.7372899 -0.6755766 0 0.7372582 -0.6756112 0 0.7933465 -0.6087704 0 0.7933773 -0.6087303 0 0.8433881 -0.5373048 0 0.8433589 -0.5373507 0 0.8870445 -0.4616841 0 0.8869917 -0.4617854 0 0.9238778 -0.3826878 0 0.9239003 -0.3826333 0 0.9914327 -0.1306194 0 0.9914492 -0.1304934 0 0.9990507 -0.04356235 0 0.999048 -0.04362642 0 0.9990479 0.04362595 0 0.9990507 0.04356187 0 0.9914492 0.1304932 0 0.9914327 0.1306195 0 0.886992 0.4617851 0 0.8870443 0.4616845 0 0.8433591 0.5373505 0 0.843388 0.5373051 0 0.7933775 0.60873 0 0.7933463 0.6087707 0 0.737258 0.6756114 0 0.7372901 0.6755763 0 0.6087624 0.7933526 0 0.6087318 0.7933762 0 0.53727 0.8434103 0 0.5373278 0.8433735 0 0.2164268 0.9762989 0 0.2164537 0.9762929 0 -0.2164268 0.9762989 0 -0.2164537 0.9762929 0 -0.53727 0.8434103 0 -0.5373278 0.8433735 0 -0.6087624 0.7933526 0 -0.6087937 0.7933287 0 -0.737258 0.6756114 0 -0.7372901 0.6755763 0 -0.7933775 0.60873 0 -0.7933463 0.6087707 0 -0.8433881 0.5373048 0 -0.8434171 0.5372595 0 -0.8870183 0.4617346 0 -0.8869917 0.4617854 0 -0.9762775 0.2165235 0 -0.9763045 0.2164014 0 -0.9990479 0.04362595 0 -0.9990452 0.04368996 0 -0.6087934 -0.7933289 0 -0.6087628 -0.7933524 0 -0.2164301 -0.9762982 0 0.216457 -0.9762922 0 0.6087315 -0.7933765 0 0.6087628 -0.7933524 0 0.8434172 -0.5372592 0 0.999048 0.04362636 0 0.9990507 0.04356241 0 0.9239005 0.382633 0 0.9238776 0.3826881 0 0.8434171 0.5372595 0 0.3007012 0.9537185 0 0.3007198 0.9537125 0 0.2164163 0.9763012 0 0.2164572 0.9762922 0 -0.2164298 0.9762983 0 -0.2164436 0.9762951 0 -0.3007012 0.9537185 0 -0.3007198 0.9537125 0 -0.999048 0.04362636 0 -0.9990452 0.04369044 0 0.8320503 0.5547002 0 0.8320504 0.5547002 0.02180606 0.8318526 0.5545682 0.02185958 0.8318516 0.5545676 0.06541842 0.8302673 0.5535131 0.06536465 0.8302723 0.5535119 0.1088697 0.8271045 0.5514034 0.1520553 0.8223738 0.5482524 0.1521591 0.8223626 0.5482404 0.1951264 0.8160603 0.5440324 0.1951285 0.8160558 0.5440383 0.2376711 0.808208 0.5388064 0.279834 0.7988101 0.5325366 0.2797862 0.7988198 0.5325475 0.3215095 0.7878752 0.5252469 0.3213208 0.7879244 0.5252887 0.3624938 0.7754627 0.516968 0.3624491 0.7754751 0.5169808 0.4027456 0.7615841 0.5077261 0.4027885 0.7615705 0.5077125 0.4422866 0.7462414 0.4975002 0.4422821 0.7462473 0.4974952 0.4809696 0.7294911 0.4863241 0.4810131 0.7294691 0.4863139 0.5187531 0.7113366 0.4742316 0.518709 0.711363 0.4742402 0.555589 0.6918141 0.4612095 0.5555864 0.6918176 0.4612073 0.6087622 0.6601086 0.4400743 0.6087595 0.6601124 0.4400724 0.675588 0.6134533 0.4089694 0.6755881 0.6134533 0.4089693 0.7372872 0.5621159 0.3747445 0.7372736 0.5621293 0.3747512 0.793363 0.5065094 0.3376735 0.7933517 0.5065227 0.3376801 0.8433873 0.4470656 0.2980441 0.8433808 0.447073 0.2980513 0.8870174 0.38419 0.2561214 0.8870106 0.3841969 0.2561349 0.9238748 0.318421 0.2122818 0.9238836 0.3184064 0.2122654 0.9537179 0.2501992 0.166801 0.976297 0.1800848 0.1200571 0.9762964 0.180088 0.120057 0.9914442 0.10861 0.07240509 0.9914453 0.1086001 0.07240515 0.9990482 0.03629463 0.02419525 0.9990484 0.03629034 0.02419459 -1 6.31186e-6 0 -1 -4.57989e-7 0 -1 -3.54966e-6 0 -1 -5.8818e-6 0 -1 3.29713e-6 0 -1 6.31259e-7 0 -1 -3.62256e-6 0 -1 2.33004e-6 0 -1 -3.79311e-6 0 -1 -1.4357e-6 0 -1 4.45759e-6 0 -1 -6.21903e-7 0 -1 2.99688e-5 0 -0.9999806 -0.006236851 0 -1 4.26996e-6 0 -1 -2.05541e-5 0 -1 2.12452e-6 0 -1 -2.79961e-6 0 -1 -1.2495e-5 0 -1 1.50494e-5 0 -1 5.03648e-6 0 -1 -6.67196e-6 0 -1 3.54178e-6 0 -1 -3.5142e-6 0 -1 1.64919e-7 0 -1 -1.0709e-6 0 -1 -5.50005e-6 0 -1 -6.12287e-6 0 -1 6.44629e-6 0 -1 -8.27714e-6 0 -1 7.56229e-6 0 -1 2.41316e-6 0 -1 6.52107e-6 0 -1 5.24186e-6 0 -1 -1.49486e-5 0 -1 6.38933e-6 0 -1 -8.94967e-6 0 -1 3.74769e-6 0 -1 -1.93284e-6 0 -1 -6.21087e-6 0 -1 6.04983e-6 0 -1 -1.2617e-5 0 -1 5.11453e-6 0 -1 -3.52634e-5 0 -1 -9.29099e-6 0 -1 -5.77634e-5 0 -1 2.88748e-6 0 -1 2.27618e-6 0 -1 -2.41508e-6 0 -1 5.11724e-7 0 -1 -2.64382e-5 0 -1 4.35237e-5 0 -1 -1.71614e-5 0 -1 -1.33572e-6 0 -1 1.06699e-5 0 -1 -9.54599e-6 0 -1 2.88962e-6 0 -1 -3.60288e-7 0 -1 -6.4041e-6 0 -1 9.56806e-7 0 -1 2.34544e-5 0 -1 -6.37308e-6 0 -1 -1.30382e-6 0 -1 -4.09749e-6 0 -1 8.58929e-6 0 -1 -8.01128e-6 0 -1 3.31669e-6 0 -1 0 0 -1 7.03087e-6 0 -1 -7.18319e-6 0 -1 3.12971e-6 0 -1 -7.32386e-6 0 -1 1.86745e-6 0 -0.6087112 -0.6601405 -0.4400967 -0.675631 -0.6134226 -0.4089444 -0.6756047 -0.6134406 -0.4089609 -0.7372841 -0.5621201 -0.374744 -0.7372624 -0.5621378 -0.3747602 -0.7933545 -0.5065177 -0.3376812 -0.7933346 -0.5065393 -0.3376956 -0.8433937 -0.4470582 -0.2980369 -0.8433963 -0.4470528 -0.2980378 -0.8870177 -0.384185 -0.2561281 -0.887004 -0.3842089 -0.2561396 -0.9238736 -0.3184239 -0.2122827 -0.9238736 -0.3184239 -0.2122827 -0.9537187 -0.2501991 -0.1667965 -0.9762966 -0.1800916 -0.1200504 -0.9762949 -0.1800874 -0.12007 -0.9914445 -0.1086109 -0.07240003 -0.9914468 -0.1085919 -0.07239633 -0.9990481 -0.0362966 -0.02419877 -0.9990482 -0.03629463 -0.02419751 -0.518686 -0.7113581 -0.4742727 -0.555656 -0.6917842 -0.4611738 -0.6087448 -0.6601192 -0.4400824 -0.555656 -0.6917842 -0.4611738 -0.5187446 -0.711345 -0.4742283 -0.4810889 -0.7294418 -0.48628 -0.4422528 -0.746245 -0.4975247 -0.4809195 -0.7295232 -0.4863253 -0.4423225 -0.7462317 -0.4974827 -0.4027864 -0.7615733 -0.5077099 -0.3623231 -0.775501 -0.5170302 -0.02185976 -0.8318505 -0.5545691 -0.02185952 -0.8318547 -0.5545629 -0.06547164 -0.8302633 -0.5535126 -0.06547164 -0.8302634 -0.5535126 -0.1087636 -0.827113 -0.5514113 -0.1088684 -0.8271077 -0.5513988 -0.152162 -0.8223581 -0.5482463 -0.1521586 -0.8223667 -0.5482342 -0.1950238 -0.8160732 -0.5440499 -0.1951269 -0.8160561 -0.5440386 -0.2376717 -0.80821 -0.5388032 -0.2376717 -0.80821 -0.5388032 -0.2799848 -0.7987685 -0.5325201 -0.2797813 -0.798826 -0.5325406 -0.3213658 -0.7879169 -0.5252724 -0.3212765 -0.7879338 -0.5253016 -0.3625812 -0.7754405 -0.5169399 -0.4027842 -0.7615763 -0.5077071 0 -0.8320503 -0.5547002 0 -0.8320503 -0.5547003 0.02185976 -0.8318506 -0.5545691 0.02185952 -0.8318547 -0.5545629 0.06547164 -0.8302634 -0.5535126 0.06547164 -0.8302633 -0.5535126 0.1087637 -0.8271132 -0.5514113 0.1088684 -0.8271077 -0.5513988 0.1521604 -0.8223625 -0.5482403 0.1951248 -0.8160605 -0.5440326 0.195026 -0.8160687 -0.5440559 0.2376743 -0.8082053 -0.538809 0.2376692 -0.8082146 -0.5387974 0.2797873 -0.7988163 -0.532552 0.2799788 -0.7987781 -0.5325087 0.3214653 -0.7878846 -0.5252599 0.321177 -0.787966 -0.525314 0.362585 -0.7754353 -0.5169453 0.362317 -0.7755096 -0.5170217 0.4027823 -0.7615789 -0.5077047 0.4027905 -0.7615676 -0.5077151 0.442327 -0.7462258 -0.4974876 0.4422363 -0.7462671 -0.4975063 0.4810937 -0.7294355 -0.4862847 0.4809289 -0.7295107 -0.4863348 0.5186712 -0.7113779 -0.4742591 0.5188278 -0.7112988 -0.4742065 0.555587 -0.6918183 -0.4612056 0.5556611 -0.6917772 -0.4611781 0.6087422 -0.6601228 -0.4400805 0.6087139 -0.6601368 -0.4400987 0.675631 -0.6134226 -0.4089444 0.6756047 -0.6134406 -0.4089609 0.7372869 -0.5621156 -0.3747454 0.7372596 -0.5621424 -0.3747588 0.7933545 -0.5065177 -0.3376812 0.7933346 -0.5065393 -0.3376956 0.8433938 -0.4470582 -0.2980369 0.8433963 -0.4470528 -0.2980378 0.8870154 -0.3841907 -0.2561274 0.8870062 -0.3842032 -0.2561402 0.9238716 -0.31843 -0.2122822 0.9238756 -0.3184179 -0.2122832 0.9537187 -0.2501991 -0.1667965 0.9762953 -0.1800945 -0.1200569 0.9762963 -0.1800845 -0.1200636 0.9914458 -0.1085976 -0.07240015 0.9914453 -0.1086051 -0.07239621 0.9990481 -0.0362966 -0.02419877 0.9990482 -0.03629463 -0.02419751 1 -3.62256e-6 0 1 0 0 1 4.18732e-6 0 1 -3.79311e-6 0 1 -1.92182e-6 0 1 -2.8192e-5 0 1 1.50494e-5 0 1 -7.39468e-6 0 1 3.50143e-6 0 1 1.31569e-6 0 1 2.33004e-6 0 1 6.39006e-6 0 1 -3.7274e-6 0 1 6.52107e-6 0 1 -3.69433e-6 0 1 -5.63676e-7 0 1 3.54178e-6 0 1 7.07806e-7 0 1 1.06699e-5 0 1 3.54959e-6 0 1 6.00167e-6 0 1 -1.55615e-5 0 1 1.23716e-5 0 1 -2.2691e-6 0 1 -8.05458e-6 0 1 1.87647e-6 0 1 -8.05886e-6 0 1 -7.83072e-6 0 1 -3.52634e-5 0 1 -8.40194e-7 0 1 0 0 1 -6.00316e-6 0 1 -7.32236e-6 0 1 -4.57989e-7 0 1 2.87281e-5 0 1 -5.52291e-6 0 1 2.04666e-4 0 1 -5.37484e-6 0 1 2.40791e-6 0 1 6.09619e-6 0 1 5.76415e-6 0 1 4.8924e-7 0 1 6.18276e-6 0 1 -1.40164e-6 0 1 9.42614e-6 0 1 -8.5033e-6 0 1 5.22728e-6 0 1 8.05458e-6 0 1 -3.08924e-6 0 1 1.21159e-5 0 1 -8.39401e-6 0 1 9.9956e-6 0 1 -1.1868e-5 0 1 6.31186e-6 0 1 0 0 1 5.57289e-6 0 1 -5.33639e-7 0 1 -5.19049e-5 0 1 -5.67969e-6 0 1 3.07654e-5 0 1 -1.18663e-6 0 1 -2.85765e-7 0 1 4.86855e-5 0 1 -1.12404e-5 0 1 -5.1988e-6 0 1 4.45759e-6 0 1 -2.06098e-6 0 1 2.43075e-6 0 1 -1.10809e-6 0 1 -7.5777e-6 0 1 -2.58871e-6 0 1 7.80348e-6 0 1 -6.26579e-6 0 1 -1.50494e-5 0 1 1.5009e-5 0 1 -6.85208e-6 0 1 -5.63647e-6 0 1 -3.75294e-6 0 1 -1.21921e-6 0 1 3.51825e-6 0 1 -1.42764e-6 0 1 -2.11698e-6 0 1 -5.84753e-7 0 1 4.07418e-6 0 1 2.33004e-7 0 1 6.4041e-6 0 1 3.1605e-6 0 1 -6.39006e-6 0 1 6.42843e-6 0 1 -6.52109e-6 0 1 -2.35494e-5 0 1 7.05268e-5 0 1 -2.61923e-7 0 1 1.21007e-4 0 1 3.62754e-6 0 1 -6.18276e-6 0 1 -1.03826e-6 0 1 -2.11968e-6 0 1 -2.80945e-5 0 1 5.99097e-6 0 1 9.03198e-7 0 1 7.86906e-6 0 1 6.34449e-6 0 1 2.61923e-7 0 1 7.19057e-6 0 1 -2.94031e-4 0 1 1.88724e-5 0 1 -1.52202e-5 0 1 -2.37459e-6 0 1 8.05886e-6 0 1 -8.70284e-6 0 1 8.39005e-6 0 1 -1.06699e-5 0 1 -5.63428e-7 0 1 5.55229e-6 0 1 2.8594e-6 0 1 -3.11721e-5 0 1 7.35129e-6 0 1 -5.22728e-6 0 1 1.5337e-5 0 1 -1.33018e-5 0 1 7.58248e-6 0 1 5.29661e-6 0 1 -1.21159e-5 0 1 1.13575e-5 0 1 -5.62626e-6 0 1 -1.64895e-7 0 1 -1.28922e-6 0 1 6.5516e-7 0 1 -1.97068e-5 0 1 2.07619e-5 0 1 5.1988e-6 0 1 -5.47559e-6 0 1 5.50418e-6 0 1 -1.36795e-6 0 1 1.61339e-6 0 1 1.98942e-6 0 1 9.7093e-6 0 1 -6.90298e-6 0 1 -7.27506e-6 0 1 9.30825e-6 0 1 2.52899e-6 0 1 -1.7066e-5 0 1 2.39624e-5 0 1 -6.92828e-7 0 1 3.27577e-5 0 1 1.00333e-6 0 1 -9.6276e-6 0 1 1.11364e-5 0 1 2.72046e-6 0 1 -3.81596e-6 0 1 6.8005e-6 0 1 -6.55996e-6 0 1 6.45478e-6 0 1 -7.65037e-7 0 0.02187412 -0.8318517 -0.5545668 0.1088651 -0.8271034 -0.5514058 0.1950671 -0.8160665 -0.5440447 0.2798583 -0.7988042 -0.532533 0.3624258 -0.7754818 -0.5169872 0.4423108 -0.7462329 -0.4974913 0.5187792 -0.7113267 -0.4742179 0.9990484 -0.03629004 -0.02419459 0.845403 -0.4570948 -0.2763302 0.9990482 -0.03629463 -0.02419519 0.9914454 -0.1086009 -0.07240122 0.991445 -0.1086038 -0.07240319 0.9762964 -0.180088 -0.1200571 0.976297 -0.1800848 -0.1200571 0.9537147 -0.2502087 -0.1668052 0.9537171 -0.2502024 -0.1668009 0.9238777 -0.3184161 -0.2122763 0.9238748 -0.318421 -0.2122818 0.887014 -0.3841934 -0.2561281 0.8870779 -0.3840915 -0.2560598 0.8433951 -0.4470555 -0.2980374 0.8434643 -0.4469645 -0.2979779 0.793344 -0.5065308 -0.3376862 0.7933576 -0.5065159 -0.3376767 0.7372837 -0.5621192 -0.3747463 0.7372847 -0.5621182 -0.374746 0.6755819 -0.6134579 -0.4089727 0.6755752 -0.6134638 -0.4089747 0.5556356 -0.6917695 -0.4612202 0.5188013 -0.7113335 -0.4741834 0.5555421 -0.6918403 -0.4612267 0.608754 -0.6601146 -0.4400765 0.5913246 -0.6710128 -0.4472997 0.6259583 -0.6488788 -0.4325881 0.4809876 -0.7294657 -0.4863442 0.4423074 -0.7462546 -0.4974619 0.4809594 -0.7294926 -0.4863319 0.4027261 -0.7615749 -0.5077553 0.3624663 -0.7754865 -0.5169515 0.4027438 -0.7615861 -0.5077245 0.321398 -0.7878856 -0.5252995 0.2798638 -0.7988188 -0.532508 0.3214897 -0.7878798 -0.5252522 0.2377103 -0.808181 -0.5388296 0.1950955 -0.8160808 -0.5440129 0.2376942 -0.8082037 -0.5388028 0.1521759 -0.8223432 -0.5482647 0.1088753 -0.8271214 -0.5513769 0.1520528 -0.8223749 -0.5482512 0.06535363 -0.8302519 -0.5535438 0.02181702 -0.8318702 -0.5545412 0.06539511 -0.8302699 -0.5535119 -0.845403 -0.4570948 -0.2763302 -0.02181959 -0.8318526 -0.5545674 -0.06540608 -0.8302862 -0.5534861 -0.02187228 -0.83183 -0.5545995 -0.06534039 -0.830275 -0.5535107 -0.1088651 -0.8271034 -0.5514058 -0.1521182 -0.8223877 -0.548214 -0.1088778 -0.8270862 -0.5514292 -0.152107 -0.8223659 -0.5482499 -0.1951184 -0.81606 -0.5440358 -0.2376521 -0.8082299 -0.5387818 -0.1951022 -0.8160405 -0.5440708 -0.2376941 -0.8082036 -0.5388028 -0.2798582 -0.7988041 -0.532533 -0.3214381 -0.7879114 -0.5252363 -0.2798716 -0.7987799 -0.5325623 -0.3214409 -0.7878935 -0.5252615 -0.3624258 -0.7754818 -0.5169872 -0.4027609 -0.7615992 -0.5076912 -0.3624289 -0.7754617 -0.5170151 -0.4027438 -0.7615861 -0.5077245 -0.4422649 -0.746254 -0.4975007 -0.4809801 -0.7295019 -0.4862974 -0.4423167 -0.7462159 -0.4975115 -0.4810011 -0.7294735 -0.4863191 -0.5187792 -0.7113267 -0.4742179 -0.5555872 -0.6918312 -0.4611859 -0.5188117 -0.7112935 -0.4742321 -0.5555796 -0.6918195 -0.4612129 -0.5913021 -0.6710057 -0.4473403 -0.6259595 -0.6488986 -0.4325567 -0.6087647 -0.660108 -0.4400717 -0.6755752 -0.6134638 -0.4089747 -0.6755819 -0.6134579 -0.4089727 -0.7372847 -0.5621182 -0.374746 -0.7372837 -0.5621192 -0.3747463 -0.7933377 -0.5065375 -0.3376911 -0.7933639 -0.5065093 -0.3376718 -0.8433888 -0.4470635 -0.298043 -0.8434703 -0.4469568 -0.2979723 -0.8870129 -0.3841963 -0.2561278 -0.887079 -0.3840886 -0.2560601 -0.9238758 -0.318418 -0.2122821 -0.9238767 -0.3184191 -0.2122761 -0.9537171 -0.2502024 -0.1668009 -0.9537147 -0.2502087 -0.1668052 -0.9762964 -0.180088 -0.1200571 -0.976297 -0.1800848 -0.1200571 -0.9914445 -0.1086071 -0.07240313 -0.9914457 -0.1085976 -0.07240128 -0.9990482 -0.03629463 -0.02419525 -0.9990484 -0.03629034 -0.02419459</float_array>
          <technique_common>
            <accessor source="#chassis_default_as_machined__8-mesh-normals-array" count="1119" stride="3">
              <param name="X" type="float"/>
              <param name="Y" type="float"/>
              <param name="Z" type="float"/>
            </accessor>
          </technique_common>
        </source>
        <vertices id="chassis_default_as_machined__8-mesh-vertices">
          <input semantic="POSITION" source="#chassis_default_as_machined__8-mesh-positions"/>
        </vertices>
        <triangles count="2008">
          <input semantic="VERTEX" source="#chassis_default_as_machined__8-mesh-vertices" offset="0"/>
          <input semantic="NORMAL" source="#chassis_default_as_machined__8-mesh-normals" offset="1"/>
          <p>0 0 1 0 2 0 0 1 2 1 3 1 1 0 0 0 4 0 0 0 5 0 4 0 4 0 5 0 6 0 5 1 7 1 6 1 6 0 7 0 8 0 8 0 7 0 9 0 7 0 10 0 9 0 9 0 10 0 11 0 2 0 12 0 3 0 12 0 13 0 3 0 3 0 13 0 14 0 11 2 10 2 15 2 10 0 16 0 15 0 15 3 16 3 17 3 13 0 18 0 14 0 18 2 19 2 14 2 14 0 19 0 20 0 17 0 16 0 21 0 16 0 22 0 21 0 21 0 22 0 23 0 24 0 25 0 26 0 25 4 27 4 26 4 19 3 28 3 20 3 28 0 29 0 20 0 20 0 29 0 30 0 23 0 22 0 31 0 22 0 32 0 31 0 31 0 32 0 33 0 24 5 26 5 34 5 26 0 35 0 34 0 34 6 35 6 36 6 37 0 38 0 39 0 38 0 40 0 39 0 39 0 40 0 41 0 40 0 42 0 41 0 41 0 42 0 43 0 29 0 44 0 30 0 44 0 45 0 30 0 30 0 45 0 46 0 45 0 47 0 46 0 46 0 47 0 48 0 49 0 50 0 51 0 52 7 53 7 50 7 53 0 54 0 50 0 50 0 54 0 51 0 25 0 55 0 27 0 55 8 56 8 27 8 27 9 56 9 57 9 56 0 58 0 57 0 57 0 58 0 52 0 58 0 59 0 52 0 52 0 59 0 53 0 36 0 35 0 60 0 35 0 61 0 60 0 60 0 61 0 62 0 51 0 63 0 49 0 63 5 64 5 49 5 49 0 64 0 65 0 62 0 61 0 66 0 61 0 67 0 66 0 66 0 67 0 68 0 33 10 32 10 69 10 32 11 70 11 69 11 69 0 70 0 71 0 70 0 72 0 71 0 71 0 72 0 73 0 64 6 74 6 65 6 74 0 75 0 65 0 65 0 75 0 76 0 73 0 72 0 77 0 72 0 78 0 77 0 77 0 78 0 79 0 80 0 81 0 82 0 81 0 83 0 82 0 82 0 83 0 84 0 83 0 85 0 84 0 84 0 85 0 86 0 75 0 87 0 76 0 87 0 88 0 76 0 76 0 88 0 89 0 88 0 90 0 89 0 89 0 90 0 91 0 47 0 92 0 48 0 92 0 93 0 48 0 48 0 93 0 94 0 93 0 95 0 94 0 94 0 95 0 96 0 95 0 97 0 96 0 96 12 97 12 98 12 97 0 99 0 98 0 100 0 101 0 102 0 101 13 103 13 102 13 102 0 103 0 104 0 105 0 106 0 107 0 106 0 108 0 107 0 107 0 108 0 80 0 108 0 109 0 80 0 80 14 109 14 81 14 68 15 67 15 110 15 67 16 111 16 110 16 110 0 111 0 112 0 111 0 113 0 112 0 112 0 113 0 114 0 115 0 116 0 117 0 116 17 118 17 117 17 117 0 118 0 119 0 78 0 120 0 79 0 120 0 121 0 79 0 79 0 121 0 122 0 114 0 113 0 123 0 113 0 124 0 123 0 123 0 124 0 125 0 126 0 127 0 99 0 127 0 128 0 99 0 99 18 128 18 98 18 129 0 130 0 131 0 130 0 132 0 131 0 131 0 132 0 37 0 132 0 133 0 37 0 37 19 133 19 38 19 121 0 134 0 122 0 134 0 135 0 122 0 122 0 135 0 136 0 90 0 137 0 91 0 137 0 138 0 91 0 91 0 138 0 139 0 138 0 140 0 139 0 139 0 140 0 141 0 140 0 142 0 141 0 141 20 142 20 143 20 142 0 144 0 143 0 124 0 145 0 125 0 145 0 146 0 125 0 125 0 146 0 147 0 42 0 148 0 43 0 148 0 149 0 43 0 43 0 149 0 126 0 149 0 150 0 126 0 126 21 150 21 127 21 135 0 151 0 136 0 151 0 152 0 136 0 136 0 152 0 153 0 152 0 154 0 153 0 153 0 154 0 155 0 154 0 156 0 155 0 155 0 156 0 100 0 156 0 157 0 100 0 100 19 157 19 101 19 103 0 158 0 104 0 158 22 159 22 104 22 104 23 159 23 160 23 159 0 161 0 160 0 160 0 161 0 162 0 163 0 164 0 144 0 164 0 165 0 144 0 144 24 165 24 143 24 146 0 166 0 147 0 166 0 167 0 147 0 147 0 167 0 168 0 167 0 169 0 168 0 169 0 170 0 168 0 168 0 170 0 171 0 170 0 172 0 171 0 171 0 172 0 173 0 172 0 174 0 173 0 173 0 174 0 115 0 174 0 175 0 115 0 115 14 175 14 116 14 118 0 176 0 119 0 176 25 177 25 119 25 119 26 177 26 178 26 177 0 179 0 178 0 178 0 179 0 180 0 181 27 182 27 183 27 182 0 184 0 183 0 183 0 184 0 105 0 184 28 185 28 105 28 105 29 185 29 106 29 85 0 186 0 86 0 186 0 187 0 86 0 86 0 187 0 163 0 187 0 188 0 163 0 163 30 188 30 164 30 189 31 190 31 191 31 190 0 192 0 191 0 191 0 192 0 129 0 192 32 193 32 129 32 129 33 193 33 130 33 161 34 194 34 162 34 194 0 195 0 162 0 162 35 195 35 196 35 195 0 197 0 196 0 196 0 197 0 198 0 197 0 199 0 198 0 198 36 199 36 181 36 199 0 200 0 181 0 181 37 200 37 182 37 179 38 201 38 180 38 201 0 202 0 180 0 180 39 202 39 203 39 202 0 204 0 203 0 203 0 204 0 205 0 204 0 206 0 205 0 205 40 206 40 189 40 206 0 207 0 189 0 189 41 207 41 190 41 208 42 209 42 210 42 211 43 212 43 213 43 208 42 210 42 214 42 210 42 215 42 214 42 215 42 216 42 214 42 214 44 216 44 217 44 216 42 218 42 217 42 218 45 219 45 217 45 217 46 219 46 220 46 209 42 208 42 221 42 208 42 222 42 221 42 221 42 222 42 223 42 222 42 224 42 223 42 223 42 224 42 225 42 225 42 224 42 226 42 224 44 227 44 226 44 226 42 227 42 228 42 229 42 230 42 231 42 230 42 232 42 231 42 231 47 232 47 233 47 234 48 211 48 235 48 211 49 236 49 235 49 219 42 237 42 220 42 237 50 238 50 220 50 220 42 238 42 239 42 228 45 227 45 240 45 227 46 241 46 240 46 240 42 241 42 242 42 233 51 243 51 231 51 243 42 244 42 231 42 231 52 244 52 211 52 244 53 245 53 211 53 211 54 245 54 236 54 246 55 247 55 248 55 247 56 249 56 248 56 248 57 249 57 250 57 249 42 251 42 250 42 250 42 251 42 252 42 238 42 253 42 239 42 253 42 254 42 239 42 239 42 254 42 255 42 254 42 256 42 255 42 255 42 256 42 257 42 242 50 241 50 258 50 241 42 259 42 258 42 258 42 259 42 260 42 234 42 261 42 211 42 261 42 262 42 211 42 211 58 262 58 263 58 260 42 259 42 264 42 259 42 265 42 264 42 264 42 265 42 266 42 267 42 268 42 269 42 268 42 270 42 269 42 269 42 270 42 231 42 270 59 271 59 231 59 231 60 271 60 272 60 273 61 274 61 231 61 274 42 275 42 231 42 231 58 275 58 229 58 211 42 213 42 276 42 213 62 277 62 276 62 276 42 277 42 278 42 277 63 279 63 278 63 278 42 279 42 280 42 279 64 281 64 280 64 280 42 281 42 282 42 256 42 283 42 257 42 283 42 284 42 257 42 257 42 284 42 285 42 284 42 286 42 285 42 285 42 286 42 287 42 286 42 288 42 287 42 287 42 288 42 289 42 288 42 290 42 289 42 266 42 265 42 291 42 265 42 292 42 291 42 291 42 292 42 293 42 292 42 294 42 293 42 293 42 294 42 295 42 263 42 296 42 211 42 296 61 297 61 211 61 211 65 297 65 298 65 299 66 300 66 301 66 300 42 302 42 301 42 301 42 302 42 246 42 302 67 303 67 246 67 246 68 303 68 247 68 295 42 294 42 304 42 294 42 305 42 304 42 304 42 305 42 306 42 307 42 308 42 309 42 308 69 310 69 309 69 309 42 310 42 311 42 312 70 313 70 314 70 313 42 315 42 314 42 314 42 315 42 267 42 315 71 316 71 267 71 267 72 316 72 268 72 317 42 318 42 231 42 318 42 319 42 231 42 231 65 319 65 273 65 320 42 321 42 290 42 321 42 322 42 290 42 290 73 322 73 289 73 305 42 323 42 306 42 323 42 324 42 306 42 306 42 324 42 325 42 298 42 326 42 211 42 326 42 327 42 211 42 211 74 327 74 328 74 251 42 329 42 252 42 329 42 330 42 252 42 252 42 330 42 320 42 330 75 331 75 320 75 320 76 331 76 321 76 272 42 332 42 231 42 332 77 333 77 231 77 231 74 333 74 317 74 328 77 334 77 211 77 334 42 335 42 211 42 211 60 335 60 212 60 281 42 336 42 282 42 336 78 337 78 282 78 282 79 337 79 338 79 337 80 339 80 338 80 338 42 339 42 340 42 324 42 341 42 325 42 341 42 342 42 325 42 325 42 342 42 343 42 342 42 344 42 343 42 344 42 345 42 343 42 343 42 345 42 346 42 345 81 347 81 346 81 346 42 347 42 348 42 347 42 349 42 348 42 348 82 349 82 307 82 349 83 350 83 307 83 307 68 350 68 308 68 310 42 351 42 311 42 351 84 352 84 311 84 311 85 352 85 353 85 352 67 354 67 353 67 353 42 354 42 355 42 356 42 357 42 358 42 357 42 359 42 358 42 358 42 359 42 299 42 359 42 360 42 299 42 299 86 360 86 300 86 361 42 362 42 363 42 362 42 364 42 363 42 363 42 364 42 312 42 364 42 365 42 312 42 312 87 365 87 313 87 339 42 366 42 340 42 366 42 367 42 340 42 340 42 367 42 368 42 367 42 369 42 368 42 368 42 369 42 370 42 369 42 371 42 370 42 370 42 371 42 356 42 371 42 372 42 356 42 356 88 372 88 357 88 354 42 373 42 355 42 373 42 374 42 355 42 355 42 374 42 375 42 374 42 376 42 375 42 375 42 376 42 377 42 376 42 378 42 377 42 377 42 378 42 361 42 378 42 379 42 361 42 361 89 379 89 362 89 380 90 231 90 381 90 381 91 231 91 382 91 383 90 384 90 381 90 384 90 385 90 381 90 381 90 385 90 386 90 387 92 388 92 382 92 388 93 389 93 382 93 231 94 211 94 382 94 211 95 390 95 382 95 382 96 390 96 391 96 392 90 393 90 381 90 393 90 394 90 381 90 381 90 394 90 383 90 386 90 395 90 381 90 395 90 396 90 381 90 381 90 396 90 380 90 391 97 397 97 382 97 397 98 398 98 382 98 382 99 398 99 387 99 389 100 399 100 382 100 399 101 400 101 382 101 382 102 400 102 401 102 402 90 403 90 381 90 403 90 404 90 381 90 381 90 404 90 392 90 401 103 405 103 382 103 405 104 406 104 382 104 382 105 406 105 407 105 408 90 409 90 381 90 409 90 410 90 381 90 381 90 410 90 402 90 407 106 411 106 382 106 411 107 412 107 382 107 382 108 412 108 413 108 414 90 415 90 381 90 415 90 416 90 381 90 381 90 416 90 408 90 413 109 417 109 382 109 417 110 418 110 382 110 382 111 418 111 419 111 381 112 382 112 4 112 382 112 1 112 4 112 245 113 0 113 236 113 0 114 3 114 236 114 236 115 3 115 235 115 3 116 14 116 235 116 235 117 14 117 234 117 14 118 20 118 234 118 234 119 20 119 261 119 20 120 30 120 261 120 261 121 30 121 262 121 30 122 46 122 262 122 262 123 46 123 263 123 46 124 48 124 263 124 263 125 48 125 296 125 48 126 94 126 296 126 296 127 94 127 297 127 94 128 96 128 297 128 297 129 96 129 298 129 96 130 326 130 298 130 96 131 98 131 326 131 98 132 128 132 326 132 326 133 128 133 327 133 128 134 328 134 327 134 150 135 149 135 335 135 128 136 127 136 328 136 127 137 150 137 328 137 328 138 150 138 334 138 150 139 335 139 334 139 149 140 148 140 335 140 148 141 42 141 335 141 335 141 42 141 212 141 42 142 40 142 212 142 212 143 40 143 213 143 40 144 38 144 213 144 213 145 38 145 277 145 38 146 133 146 277 146 277 146 133 146 279 146 133 147 132 147 279 147 279 148 132 148 281 148 132 149 130 149 281 149 281 150 130 150 336 150 130 151 193 151 336 151 336 152 193 152 337 152 193 153 192 153 337 153 337 153 192 153 339 153 192 154 190 154 339 154 339 155 190 155 366 155 190 156 207 156 366 156 366 157 207 157 367 157 207 158 206 158 367 158 367 158 206 158 369 158 0 159 245 159 5 159 245 160 244 160 5 160 152 161 271 161 154 161 271 162 270 162 154 162 154 163 270 163 156 163 270 164 268 164 156 164 156 165 268 165 157 165 268 166 316 166 157 166 157 166 316 166 101 166 316 167 315 167 101 167 101 168 315 168 103 168 315 169 313 169 103 169 103 170 313 170 158 170 313 171 365 171 158 171 158 172 365 172 159 172 365 173 364 173 159 173 159 173 364 173 161 173 364 174 362 174 161 174 161 175 362 175 194 175 362 176 379 176 194 176 194 177 379 177 195 177 379 178 378 178 195 178 195 178 378 178 197 178 5 179 244 179 7 179 244 180 243 180 7 180 7 181 243 181 10 181 243 182 233 182 10 182 10 183 233 183 16 183 233 184 232 184 16 184 16 185 232 185 22 185 232 186 230 186 22 186 22 187 230 187 32 187 230 188 229 188 32 188 32 189 229 189 70 189 229 190 275 190 70 190 70 191 275 191 72 191 275 191 274 191 72 191 72 192 274 192 78 192 274 193 273 193 78 193 78 194 273 194 120 194 273 195 319 195 120 195 120 196 319 196 121 196 319 197 318 197 121 197 121 198 318 198 134 198 318 199 317 199 134 199 134 200 317 200 135 200 317 201 333 201 135 201 135 202 333 202 151 202 333 203 332 203 151 203 151 204 332 204 152 204 332 205 272 205 152 205 152 206 272 206 271 206 142 207 306 207 144 207 306 208 325 208 144 208 144 209 325 209 163 209 325 210 343 210 163 210 163 211 343 211 86 211 343 212 346 212 86 212 86 213 346 213 84 213 346 214 348 214 84 214 84 215 348 215 82 215 348 216 307 216 82 216 82 217 307 217 80 217 307 218 309 218 80 218 80 219 309 219 107 219 309 220 311 220 107 220 107 153 311 153 105 153 311 221 353 221 105 221 105 222 353 222 183 222 353 223 355 223 183 223 183 224 355 224 181 224 355 225 375 225 181 225 181 226 375 226 198 226 293 227 295 227 142 227 295 228 304 228 142 228 142 229 304 229 306 229 142 230 140 230 293 230 140 231 138 231 293 231 293 232 138 232 291 232 138 233 266 233 291 233 138 234 137 234 266 234 137 235 90 235 266 235 266 236 90 236 264 236 90 237 260 237 264 237 59 238 221 238 53 238 221 239 223 239 53 239 53 240 223 240 54 240 223 241 225 241 54 241 54 242 225 242 51 242 225 243 226 243 51 243 51 244 226 244 63 244 226 245 228 245 63 245 63 246 228 246 64 246 228 246 240 246 64 246 64 247 240 247 74 247 240 247 242 247 74 247 74 248 242 248 75 248 242 249 258 249 75 249 75 250 258 250 87 250 258 250 260 250 87 250 87 251 260 251 88 251 260 252 90 252 88 252 420 253 421 253 196 253 422 254 423 254 375 254 424 255 425 255 426 255 427 254 428 254 198 254 375 256 429 256 430 256 431 254 432 254 375 254 432 254 433 254 375 254 434 254 435 254 196 254 435 254 436 254 196 254 196 257 436 257 420 257 196 258 437 258 438 258 423 254 439 254 375 254 439 259 440 259 375 259 375 260 440 260 429 260 430 254 441 254 375 254 441 254 442 254 375 254 375 261 442 261 431 261 443 254 444 254 198 254 445 254 446 254 198 254 446 254 447 254 198 254 198 262 447 262 448 262 198 254 428 254 196 254 428 263 449 263 196 263 196 264 449 264 450 264 421 265 451 265 196 265 451 266 452 266 196 266 196 267 452 267 437 267 453 254 454 254 425 254 433 254 455 254 375 254 455 268 456 268 375 268 375 269 456 269 198 269 457 270 458 270 198 270 458 254 459 254 198 254 198 271 459 271 460 271 448 272 461 272 198 272 461 254 462 254 198 254 198 273 462 273 427 273 450 274 463 274 196 274 463 254 464 254 196 254 196 275 464 275 434 275 454 254 465 254 425 254 465 254 466 254 425 254 425 276 466 276 426 276 467 277 468 277 426 277 444 254 469 254 198 254 469 278 470 278 198 278 198 279 470 279 457 279 460 254 471 254 198 254 471 280 472 280 198 280 198 281 472 281 445 281 473 254 474 254 375 254 474 254 475 254 375 254 456 254 476 254 198 254 476 254 477 254 198 254 198 254 477 254 443 254 477 282 478 282 443 282 443 283 478 283 426 283 478 284 479 284 426 284 426 285 479 285 467 285 480 254 481 254 482 254 481 286 483 286 482 286 484 254 485 254 377 254 485 254 486 254 377 254 377 287 486 287 487 287 475 288 488 288 375 288 488 254 489 254 375 254 375 289 489 289 422 289 468 254 490 254 426 254 490 254 491 254 426 254 426 290 491 290 424 290 492 254 493 254 425 254 493 291 494 291 425 291 425 292 494 292 453 292 480 254 495 254 481 254 495 293 496 293 481 293 481 294 496 294 497 294 496 254 498 254 497 254 497 295 498 295 499 295 438 296 500 296 196 296 500 297 501 297 196 297 196 298 501 298 502 298 499 254 503 254 497 254 503 254 504 254 497 254 497 299 504 299 505 299 487 300 506 300 377 300 506 301 507 301 377 301 377 302 507 302 508 302 509 303 510 303 511 303 510 304 512 304 511 304 492 254 513 254 493 254 513 254 510 254 493 254 493 254 510 254 514 254 510 305 509 305 514 305 502 254 515 254 196 254 515 254 516 254 196 254 196 306 516 306 377 306 516 254 497 254 377 254 508 307 517 307 377 307 517 254 518 254 377 254 377 308 518 308 375 308 518 254 519 254 375 254 375 309 519 309 473 309 520 254 521 254 510 254 521 254 522 254 510 254 510 310 522 310 512 310 505 254 523 254 497 254 523 254 524 254 497 254 497 311 524 311 377 311 524 254 525 254 377 254 377 312 525 312 526 312 526 313 527 313 377 313 527 254 528 254 377 254 377 314 528 314 529 314 529 254 530 254 377 254 530 315 531 315 377 315 377 316 531 316 532 316 532 317 533 317 377 317 533 318 534 318 377 318 377 319 534 319 484 319 483 320 481 320 535 320 481 321 536 321 535 321 535 322 536 322 537 322 536 254 538 254 537 254 537 323 538 323 539 323 539 254 540 254 537 254 540 254 541 254 537 254 537 324 541 324 542 324 537 325 543 325 544 325 545 326 546 326 547 326 542 327 548 327 537 327 548 254 549 254 537 254 537 328 549 328 543 328 546 254 545 254 550 254 545 254 551 254 550 254 550 329 551 329 552 329 544 254 553 254 537 254 553 330 554 330 537 330 537 331 554 331 555 331 547 332 556 332 545 332 556 254 557 254 545 254 545 333 557 333 558 333 557 334 537 334 558 334 558 335 537 335 559 335 537 336 555 336 559 336 510 337 560 337 520 337 560 254 561 254 520 254 520 254 561 254 562 254 561 338 550 338 562 338 562 254 550 254 563 254 550 339 552 339 563 339 564 340 565 340 566 340 565 341 567 341 566 341 566 342 567 342 568 342 567 342 569 342 568 342 568 343 569 343 570 343 569 344 571 344 570 344 570 345 571 345 572 345 571 345 573 345 572 345 572 346 573 346 574 346 573 347 575 347 574 347 574 348 575 348 576 348 575 349 577 349 576 349 576 350 577 350 578 350 577 351 579 351 578 351 578 352 579 352 580 352 579 353 581 353 580 353 580 354 581 354 582 354 581 355 583 355 582 355 582 356 583 356 584 356 583 357 585 357 584 357 584 358 585 358 586 358 585 359 587 359 586 359 586 360 587 360 588 360 587 361 589 361 588 361 588 362 589 362 590 362 589 363 591 363 590 363 590 364 591 364 592 364 591 365 593 365 592 365 592 366 593 366 594 366 593 367 595 367 594 367 594 368 595 368 596 368 595 369 597 369 596 369 596 370 597 370 598 370 597 370 599 370 598 370 598 371 599 371 600 371 599 371 601 371 600 371 600 372 601 372 602 372 601 373 603 373 602 373 602 374 603 374 604 374 603 374 605 374 604 374 604 375 605 375 606 375 605 376 607 376 606 376 606 377 607 377 608 377 607 378 609 378 608 378 608 379 609 379 610 379 609 380 611 380 610 380 610 381 611 381 612 381 611 382 613 382 612 382 612 383 613 383 614 383 613 384 615 384 614 384 614 385 615 385 616 385 615 386 617 386 616 386 616 387 617 387 618 387 617 388 619 388 618 388 618 389 619 389 620 389 619 390 621 390 620 390 620 391 621 391 622 391 621 391 623 391 622 391 622 392 623 392 624 392 623 393 625 393 624 393 624 394 625 394 626 394 625 395 627 395 626 395 626 396 627 396 628 396 627 397 629 397 628 397 628 398 629 398 630 398 629 398 631 398 630 398 630 399 631 399 632 399 631 399 633 399 632 399 632 400 633 400 634 400 633 401 635 401 634 401 634 402 635 402 636 402 635 403 637 403 636 403 636 404 637 404 638 404 637 405 639 405 638 405 638 406 639 406 640 406 639 407 641 407 640 407 640 408 641 408 642 408 641 408 643 408 642 408 642 409 643 409 644 409 643 409 645 409 644 409 644 410 645 410 646 410 645 411 647 411 646 411 646 412 647 412 648 412 647 413 649 413 648 413 648 414 649 414 650 414 649 415 651 415 650 415 650 416 651 416 652 416 651 416 653 416 652 416 652 417 653 417 654 417 653 418 655 418 654 418 654 419 655 419 656 419 655 420 657 420 656 420 656 421 657 421 658 421 657 422 659 422 658 422 658 423 659 423 660 423 659 424 661 424 660 424 660 425 661 425 662 425 661 426 663 426 662 426 662 427 663 427 664 427 663 428 665 428 664 428 664 429 665 429 666 429 665 430 667 430 666 430 666 431 667 431 668 431 667 432 669 432 668 432 668 433 669 433 670 433 669 434 671 434 670 434 670 435 671 435 672 435 671 436 673 436 672 436 672 437 673 437 674 437 673 437 675 437 674 437 674 438 675 438 676 438 675 439 677 439 676 439 676 440 677 440 678 440 677 441 679 441 678 441 678 442 679 442 680 442 679 443 681 443 680 443 680 444 681 444 682 444 681 445 683 445 682 445 682 446 683 446 684 446 683 447 685 447 684 447 684 448 685 448 686 448 685 449 687 449 686 449 686 450 687 450 688 450 687 451 689 451 688 451 688 452 689 452 690 452 689 453 691 453 690 453 690 454 691 454 692 454 691 455 693 455 692 455 692 456 693 456 694 456 693 457 695 457 694 457 694 458 695 458 696 458 695 459 697 459 696 459 696 460 697 460 698 460 697 461 699 461 698 461 698 462 699 462 700 462 699 463 701 463 700 463 700 464 701 464 702 464 701 464 703 464 702 464 702 465 703 465 704 465 703 466 705 466 704 466 704 467 705 467 706 467 705 467 707 467 706 467 706 468 707 468 564 468 707 469 565 469 564 469 708 470 709 470 710 470 709 471 711 471 710 471 710 472 711 472 712 472 711 473 713 473 712 473 712 343 713 343 714 343 713 344 715 344 714 344 714 345 715 345 716 345 715 345 717 345 716 345 716 346 717 346 718 346 717 347 719 347 718 347 718 348 719 348 720 348 719 349 721 349 720 349 720 350 721 350 722 350 721 351 723 351 722 351 722 474 723 474 724 474 723 475 725 475 724 475 724 354 725 354 726 354 725 355 727 355 726 355 726 357 727 357 728 357 727 356 729 356 728 356 728 476 729 476 730 476 729 477 731 477 730 477 730 360 731 360 732 360 731 361 733 361 732 361 732 478 733 478 734 478 733 478 735 478 734 478 734 479 735 479 736 479 735 480 737 480 736 480 736 481 737 481 738 481 737 482 739 482 738 482 738 368 739 368 740 368 739 483 741 483 740 483 740 484 741 484 742 484 741 485 743 485 742 485 742 486 743 486 744 486 743 371 745 371 744 371 744 372 745 372 746 372 745 373 747 373 746 373 746 487 747 487 748 487 747 488 749 488 748 488 748 489 749 489 750 489 749 376 751 376 750 376 750 377 751 377 752 377 751 378 753 378 752 378 752 490 753 490 754 490 753 491 755 491 754 491 754 492 755 492 756 492 755 492 757 492 756 492 756 493 757 493 758 493 757 494 759 494 758 494 758 495 759 495 760 495 759 496 761 496 760 496 760 387 761 387 762 387 761 388 763 388 762 388 762 389 763 389 764 389 763 390 765 390 764 390 764 497 765 497 766 497 765 498 767 498 766 498 766 499 767 499 768 499 767 393 769 393 768 393 768 394 769 394 770 394 769 395 771 395 770 395 770 396 771 396 772 396 771 397 773 397 772 397 772 398 773 398 774 398 773 398 775 398 774 398 774 399 775 399 776 399 775 399 777 399 776 399 776 500 777 500 778 500 777 501 779 501 778 501 778 502 779 502 780 502 779 503 781 503 780 503 780 504 781 504 782 504 781 505 783 505 782 505 782 506 783 506 784 506 783 507 785 507 784 507 784 508 785 508 786 508 785 509 787 509 786 509 786 510 787 510 788 510 787 510 789 510 788 510 788 511 789 511 790 511 789 512 791 512 790 512 790 412 791 412 792 412 791 413 793 413 792 413 792 414 793 414 794 414 793 513 795 513 794 513 794 514 795 514 796 514 795 515 797 515 796 515 796 417 797 417 798 417 797 418 799 418 798 418 798 419 799 419 800 419 799 420 801 420 800 420 800 421 801 421 802 421 801 422 803 422 802 422 802 516 803 516 804 516 803 517 805 517 804 517 804 518 805 518 806 518 805 518 807 518 806 518 806 519 807 519 808 519 807 520 809 520 808 520 808 521 809 521 810 521 809 522 811 522 810 522 810 523 811 523 812 523 811 524 813 524 812 524 812 525 813 525 814 525 813 526 815 526 814 526 814 435 815 435 816 435 815 436 817 436 816 436 816 437 817 437 818 437 817 527 819 527 818 527 818 528 819 528 820 528 819 529 821 529 820 529 820 530 821 530 822 530 821 531 823 531 822 531 822 532 823 532 824 532 823 533 825 533 824 533 824 534 825 534 826 534 825 535 827 535 826 535 826 536 827 536 828 536 827 536 829 536 828 536 828 448 829 448 830 448 829 449 831 449 830 449 830 450 831 450 832 450 831 451 833 451 832 451 832 453 833 453 834 453 833 452 835 452 834 452 834 454 835 454 836 454 835 455 837 455 836 455 836 537 837 537 838 537 837 538 839 538 838 538 838 458 839 458 840 458 839 459 841 459 840 459 840 460 841 460 842 460 841 461 843 461 842 461 842 539 843 539 844 539 843 539 845 539 844 539 844 540 845 540 846 540 845 540 847 540 846 540 846 541 847 541 848 541 847 542 849 542 848 542 848 543 849 543 850 543 849 544 851 544 850 544 850 545 851 545 708 545 851 546 709 546 708 546 429 547 852 547 430 547 852 548 853 548 430 548 430 473 853 473 441 473 853 472 854 472 441 472 441 343 854 343 442 343 854 344 855 344 442 344 442 345 855 345 431 345 855 345 856 345 431 345 431 347 856 347 432 347 856 346 857 346 432 346 432 549 857 549 433 549 857 550 858 550 433 550 433 551 858 551 455 551 858 552 859 552 455 552 455 553 859 553 456 553 859 554 860 554 456 554 456 555 860 555 476 555 860 556 861 556 476 556 476 357 861 357 477 357 861 356 862 356 477 356 477 476 862 476 478 476 862 477 863 477 478 477 478 557 863 557 479 557 863 558 864 558 479 558 479 478 864 478 467 478 864 478 865 478 467 478 467 479 865 479 468 479 865 480 866 480 468 480 468 367 866 367 490 367 866 366 867 366 490 366 490 559 867 559 491 559 867 560 868 560 491 560 491 484 868 484 424 484 868 485 869 485 424 485 424 486 869 486 425 486 869 371 870 371 425 371 425 372 870 372 492 372 870 373 871 373 492 373 492 487 871 487 513 487 871 488 872 488 513 488 513 561 872 561 510 561 872 562 873 562 510 562 510 563 873 563 560 563 873 564 874 564 560 564 560 490 874 490 561 490 874 491 875 491 561 491 561 492 875 492 550 492 875 492 876 492 550 492 550 565 876 565 546 565 876 566 877 566 546 566 546 495 877 495 547 495 877 496 878 496 547 496 547 387 878 387 556 387 878 388 879 388 556 388 556 567 879 567 557 567 879 568 880 568 557 568 557 569 880 569 537 569 880 570 881 570 537 570 537 571 881 571 535 571 881 572 882 572 535 572 535 573 882 573 483 573 882 574 883 574 483 574 483 575 883 575 482 575 883 576 884 576 482 576 482 398 884 398 480 398 884 398 885 398 480 398 480 399 885 399 495 399 885 399 886 399 495 399 495 577 886 577 496 577 886 578 887 578 496 578 496 579 887 579 498 579 887 580 888 580 498 580 498 581 888 581 499 581 888 582 889 582 499 582 499 583 889 583 503 583 889 584 890 584 503 584 503 509 890 509 504 509 890 508 891 508 504 508 504 510 891 510 505 510 891 510 892 510 505 510 505 511 892 511 523 511 892 512 893 512 523 512 523 585 893 585 524 585 893 586 894 586 524 586 524 587 894 587 525 587 894 588 895 588 525 588 525 589 895 589 526 589 895 590 896 590 526 590 526 591 896 591 527 591 896 592 897 592 527 592 527 419 897 419 528 419 897 420 898 420 528 420 528 593 898 593 529 593 898 594 899 594 529 594 529 595 899 595 530 595 899 596 900 596 530 596 530 518 900 518 531 518 900 518 901 518 531 518 531 519 901 519 532 519 901 520 902 520 532 520 532 521 902 521 533 521 902 522 903 522 533 522 533 597 903 597 534 597 903 598 904 598 534 598 534 525 904 525 484 525 904 526 905 526 484 526 484 435 905 435 485 435 905 436 906 436 485 436 485 437 906 437 486 437 906 527 907 527 486 527 486 528 907 528 487 528 907 529 908 529 487 529 487 599 908 599 506 599 908 600 909 600 506 600 506 532 909 532 507 532 909 533 910 533 507 533 507 534 910 534 508 534 910 535 911 535 508 535 508 536 911 536 517 536 911 536 912 536 517 536 517 601 912 601 518 601 912 602 913 602 518 602 518 603 913 603 519 603 913 604 914 604 519 604 519 453 914 453 473 453 914 452 915 452 473 452 473 605 915 605 474 605 915 606 916 606 474 606 474 607 916 607 475 607 916 608 917 608 475 608 475 609 917 609 488 609 917 610 918 610 488 610 488 611 918 611 489 611 918 612 919 612 489 612 489 539 919 539 422 539 919 539 920 539 422 539 422 540 920 540 423 540 920 540 921 540 423 540 423 613 921 613 439 613 921 614 922 614 439 614 439 544 922 544 440 544 922 543 923 543 440 543 440 615 923 615 429 615 923 616 852 616 429 616 493 340 924 340 494 340 924 341 925 341 494 341 494 342 925 342 453 342 925 342 926 342 453 342 453 343 926 343 454 343 926 344 927 344 454 344 454 345 927 345 465 345 927 345 928 345 465 345 465 347 928 347 466 347 928 346 929 346 466 346 466 549 929 549 426 549 929 550 930 550 426 550 426 551 930 551 443 551 930 552 931 552 443 552 443 352 931 352 444 352 931 353 932 353 444 353 444 555 932 555 469 555 932 556 933 556 469 556 469 356 933 356 470 356 933 357 934 357 470 357 470 617 934 617 457 617 934 618 935 618 457 618 457 557 935 557 458 557 935 558 936 558 458 558 458 363 936 363 459 363 936 362 937 362 459 362 459 364 937 364 460 364 937 365 938 365 460 365 460 482 938 482 471 482 938 481 939 481 471 481 471 559 939 559 472 559 939 619 940 619 472 619 472 370 940 370 445 370 940 370 941 370 445 370 445 371 941 371 446 371 941 371 942 371 446 371 446 372 942 372 447 372 942 373 943 373 447 373 447 374 943 374 448 374 943 374 944 374 448 374 448 620 944 620 461 620 944 562 945 562 461 562 461 563 945 563 462 563 945 564 946 564 462 564 462 379 946 379 427 379 946 380 947 380 427 380 427 382 947 382 428 382 947 381 948 381 428 381 428 384 948 384 449 384 948 383 949 383 449 383 449 621 949 621 450 621 949 622 950 622 450 622 450 387 950 387 463 387 950 388 951 388 463 388 463 567 951 567 464 567 951 568 952 568 464 568 464 391 952 391 434 391 952 391 953 391 434 391 434 623 953 623 435 623 953 572 954 572 435 572 435 573 954 573 436 573 954 574 955 574 436 574 436 575 955 575 420 575 955 576 956 576 420 576 420 398 956 398 421 398 956 398 957 398 421 398 421 399 957 399 451 399 957 399 958 399 451 399 451 400 958 400 452 400 958 401 959 401 452 401 452 402 959 402 437 402 959 403 960 403 437 403 437 624 960 624 438 624 960 625 961 625 438 625 438 406 961 406 500 406 961 407 962 407 500 407 500 408 962 408 501 408 962 408 963 408 501 408 501 409 963 409 502 409 963 409 964 409 502 409 502 626 964 626 515 626 964 627 965 627 515 627 515 585 965 585 516 585 965 586 966 586 516 586 516 587 966 587 497 587 966 628 967 628 497 628 497 416 967 416 481 416 967 416 968 416 481 416 481 591 968 591 536 591 968 592 969 592 536 592 536 419 969 419 538 419 969 420 970 420 538 420 538 593 970 593 539 593 970 594 971 594 539 594 539 424 971 424 540 424 971 423 972 423 540 423 540 426 972 426 541 426 972 425 973 425 541 425 541 427 973 427 542 427 973 428 974 428 542 428 542 629 974 629 548 629 974 630 975 630 548 630 548 631 975 631 549 631 975 632 976 632 549 632 549 434 976 434 543 434 976 433 977 433 543 433 543 435 977 435 544 435 977 436 978 436 544 436 544 437 978 437 553 437 978 437 979 437 553 437 553 439 979 439 554 439 979 438 980 438 554 438 554 633 980 633 555 633 980 634 981 634 555 634 555 635 981 635 559 635 981 636 982 636 559 636 559 444 982 444 558 444 982 445 983 445 558 445 558 447 983 447 545 447 983 446 984 446 545 446 545 601 984 601 551 601 984 602 985 602 551 602 551 603 985 603 552 603 985 604 986 604 552 604 552 452 986 452 563 452 986 453 987 453 563 453 563 605 987 605 562 605 987 606 988 606 562 606 562 456 988 456 520 456 988 457 989 457 520 457 520 609 989 609 521 609 989 610 990 610 521 610 521 611 990 611 522 611 990 612 991 612 522 612 522 463 991 463 512 463 991 462 992 462 512 462 512 464 992 464 511 464 992 464 993 464 511 464 511 465 993 465 509 465 993 466 994 466 509 466 509 467 994 467 514 467 994 467 995 467 514 467 514 637 995 637 493 637 995 638 924 638 493 638 209 639 221 639 58 639 221 640 59 640 58 640 209 641 58 641 210 641 58 642 56 642 210 642 210 643 56 643 215 643 56 644 55 644 215 644 215 645 55 645 216 645 55 645 25 645 216 645 216 646 25 646 218 646 25 647 24 647 218 647 218 648 24 648 219 648 24 649 34 649 219 649 219 650 34 650 237 650 34 650 36 650 237 650 237 651 36 651 238 651 36 652 60 652 238 652 238 653 60 653 253 653 60 654 62 654 253 654 253 655 62 655 254 655 62 656 66 656 254 656 254 657 66 657 256 657 66 658 68 658 256 658 256 659 68 659 283 659 68 660 110 660 283 660 283 661 110 661 284 661 110 662 112 662 284 662 284 663 112 663 286 663 112 664 114 664 286 664 286 665 114 665 288 665 114 666 123 666 288 666 123 667 125 667 288 667 288 668 125 668 290 668 125 669 147 669 290 669 290 670 147 670 320 670 147 671 168 671 320 671 320 672 168 672 252 672 168 673 171 673 252 673 252 674 171 674 250 674 171 675 173 675 250 675 250 676 173 676 248 676 173 677 115 677 248 677 248 678 115 678 246 678 115 679 117 679 246 679 246 680 117 680 301 680 117 681 119 681 301 681 301 681 119 681 299 681 119 682 178 682 299 682 299 683 178 683 358 683 178 684 180 684 358 684 358 685 180 685 356 685 180 686 203 686 356 686 356 687 203 687 370 687 628 253 630 253 206 253 610 254 612 254 204 254 622 688 624 688 206 688 624 254 626 254 206 254 206 689 626 689 628 689 206 690 636 690 638 690 600 254 602 254 204 254 602 254 604 254 204 254 204 254 612 254 206 254 612 691 614 691 206 691 206 692 614 692 616 692 630 254 632 254 206 254 632 254 634 254 206 254 206 693 634 693 636 693 772 254 774 254 652 254 840 254 842 254 371 254 842 694 844 694 371 694 371 695 844 695 846 695 846 254 848 254 371 254 848 254 850 254 371 254 371 696 850 696 708 696 708 254 710 254 371 254 710 254 712 254 371 254 371 697 712 697 714 697 742 254 744 254 576 254 604 254 606 254 204 254 606 254 608 254 204 254 204 698 608 698 610 698 616 254 618 254 206 254 618 254 620 254 206 254 206 699 620 699 622 699 568 254 570 254 744 254 570 700 572 700 744 700 572 254 574 254 744 254 744 701 574 701 576 701 714 254 716 254 371 254 716 254 718 254 371 254 371 702 718 702 720 702 720 254 722 254 371 254 722 703 724 703 371 703 371 254 724 254 204 254 594 254 596 254 204 254 596 254 598 254 204 254 204 704 598 704 600 704 650 705 782 705 784 705 638 706 640 706 206 706 640 707 642 707 206 707 206 708 642 708 644 708 818 709 820 709 369 709 834 710 836 710 371 710 836 711 838 711 371 711 371 712 838 712 840 712 774 254 776 254 652 254 776 254 778 254 652 254 652 294 778 294 650 294 778 254 780 254 650 254 650 713 780 713 782 713 784 254 786 254 650 254 786 254 788 254 650 254 650 714 788 714 790 714 369 715 810 715 812 715 746 716 564 716 744 716 564 254 566 254 744 254 744 717 566 717 568 717 812 718 814 718 369 718 814 254 816 254 369 254 369 719 816 719 818 719 820 720 822 720 369 720 822 254 824 254 369 254 369 721 824 721 826 721 582 254 584 254 204 254 584 722 586 722 204 722 204 723 586 723 588 723 588 254 590 254 204 254 590 724 592 724 204 724 204 725 592 725 594 725 726 254 728 254 576 254 728 254 730 254 576 254 704 254 750 254 702 254 750 726 700 726 702 726 746 727 748 727 564 727 748 728 750 728 564 728 564 729 750 729 706 729 750 730 704 730 706 730 792 254 794 254 369 254 794 731 796 731 369 731 369 732 796 732 798 732 726 254 576 254 724 254 576 254 578 254 724 254 724 254 578 254 204 254 578 733 580 733 204 733 204 734 580 734 582 734 730 254 732 254 576 254 732 254 734 254 576 254 576 735 734 735 736 735 736 254 738 254 576 254 738 254 740 254 576 254 576 736 740 736 742 736 694 254 696 254 750 254 696 254 698 254 750 254 750 737 698 737 700 737 644 738 646 738 206 738 646 739 648 739 206 739 206 254 648 254 369 254 648 254 650 254 369 254 369 254 650 254 792 254 650 740 790 740 792 740 798 254 800 254 369 254 800 254 802 254 369 254 369 741 802 741 804 741 804 742 806 742 369 742 806 743 808 743 369 743 369 744 808 744 810 744 654 254 656 254 764 254 656 254 658 254 764 254 764 254 766 254 654 254 766 254 768 254 654 254 654 254 768 254 652 254 768 254 770 254 652 254 652 745 770 745 772 745 826 746 828 746 369 746 828 254 830 254 369 254 369 308 830 308 371 308 830 254 832 254 371 254 371 747 832 747 834 747 658 748 660 748 764 748 660 254 662 254 764 254 764 749 662 749 664 749 684 750 758 750 760 750 664 254 666 254 764 254 666 254 668 254 764 254 764 751 668 751 670 751 670 752 672 752 764 752 672 753 674 753 764 753 764 754 674 754 676 754 758 254 684 254 756 254 684 254 686 254 756 254 756 755 686 755 688 755 760 756 762 756 684 756 762 757 764 757 684 757 684 254 764 254 682 254 676 254 678 254 764 254 678 254 680 254 764 254 764 758 680 758 682 758 750 254 752 254 694 254 752 335 754 335 694 335 694 759 754 759 692 759 754 254 756 254 692 254 692 254 756 254 690 254 756 760 688 760 690 760 170 761 251 761 172 761 251 762 249 762 172 762 172 763 249 763 174 763 249 764 247 764 174 764 174 765 247 765 175 765 247 766 303 766 175 766 175 767 303 767 116 767 303 768 302 768 116 768 116 769 302 769 118 769 302 770 300 770 118 770 118 771 300 771 176 771 300 772 360 772 176 772 176 773 360 773 177 773 360 774 359 774 177 774 177 774 359 774 179 774 359 775 357 775 179 775 179 776 357 776 201 776 357 777 372 777 201 777 201 778 372 778 202 778 372 779 371 779 202 779 202 780 371 780 204 780 331 781 330 781 170 781 330 782 329 782 170 782 170 783 329 783 251 783 170 784 169 784 331 784 169 785 167 785 331 785 331 786 167 786 321 786 167 787 322 787 321 787 167 788 166 788 322 788 166 789 146 789 322 789 322 790 146 790 289 790 146 791 287 791 289 791 57 792 208 792 27 792 208 793 214 793 27 793 27 794 214 794 26 794 214 795 217 795 26 795 26 796 217 796 35 796 217 797 220 797 35 797 35 798 220 798 61 798 220 799 239 799 61 799 61 800 239 800 67 800 239 801 255 801 67 801 67 802 255 802 111 802 255 803 257 803 111 803 111 804 257 804 113 804 257 805 285 805 113 805 113 806 285 806 124 806 285 807 287 807 124 807 124 808 287 808 145 808 287 809 146 809 145 809 52 810 222 810 57 810 222 811 208 811 57 811 222 812 52 812 224 812 52 813 50 813 224 813 224 814 50 814 227 814 50 815 49 815 227 815 227 816 49 816 241 816 49 817 65 817 241 817 241 818 65 818 259 818 65 818 76 818 259 818 259 819 76 819 265 819 76 820 89 820 265 820 265 821 89 821 292 821 89 822 91 822 292 822 292 823 91 823 294 823 91 824 139 824 294 824 294 825 139 825 305 825 139 826 141 826 305 826 305 827 141 827 323 827 141 828 143 828 323 828 323 829 143 829 324 829 143 830 165 830 324 830 324 831 165 831 341 831 165 832 164 832 341 832 341 833 164 833 342 833 164 834 188 834 342 834 342 835 188 835 344 835 188 836 187 836 344 836 344 837 187 837 345 837 187 838 186 838 345 838 186 839 85 839 345 839 345 840 85 840 347 840 85 841 83 841 347 841 347 842 83 842 349 842 83 843 81 843 349 843 349 844 81 844 350 844 81 845 109 845 350 845 350 846 109 846 308 846 109 847 108 847 308 847 308 848 108 848 310 848 108 849 106 849 310 849 310 850 106 850 351 850 106 851 185 851 351 851 351 852 185 852 352 852 185 853 184 853 352 853 352 853 184 853 354 853 184 854 182 854 354 854 354 855 182 855 373 855 182 856 200 856 373 856 373 857 200 857 374 857 200 858 199 858 374 858 374 859 199 859 376 859 920 860 919 860 376 860 856 861 855 861 376 861 907 861 906 861 378 861 906 861 905 861 378 861 378 862 905 862 904 862 376 863 852 863 923 863 919 861 918 861 376 861 918 861 917 861 376 861 376 864 917 864 916 864 898 861 897 861 378 861 197 865 965 865 964 865 964 861 963 861 197 861 963 866 962 866 197 866 197 867 962 867 961 867 961 861 960 861 197 861 960 861 959 861 197 861 197 868 959 868 958 868 985 861 984 861 891 861 928 861 927 861 376 861 855 861 854 861 376 861 854 861 853 861 376 861 376 869 853 869 852 869 923 861 922 861 376 861 922 861 921 861 376 861 376 870 921 870 920 870 910 871 378 871 911 871 378 872 912 872 911 872 910 861 909 861 378 861 909 873 908 873 378 873 378 874 908 874 907 874 887 861 886 861 926 861 886 861 885 861 926 861 885 861 884 861 926 861 926 875 884 875 883 875 916 876 915 876 376 876 915 861 914 861 376 861 376 861 914 861 378 861 914 861 913 861 378 861 378 877 913 877 912 877 901 878 900 878 378 878 900 861 899 861 378 861 378 879 899 879 898 879 890 880 924 880 995 880 995 881 994 881 890 881 994 882 993 882 890 882 890 883 993 883 992 883 992 861 991 861 890 861 991 884 990 884 890 884 890 861 990 861 891 861 990 861 989 861 891 861 891 885 989 885 988 885 904 886 903 886 378 886 903 861 902 861 378 861 378 887 902 887 901 887 897 861 896 861 378 861 896 888 895 888 378 888 378 889 895 889 894 889 975 861 974 861 894 861 970 861 969 861 378 861 988 861 987 861 891 861 987 861 986 861 891 861 891 890 986 890 985 890 924 861 890 861 925 861 890 861 889 861 925 861 925 861 889 861 926 861 889 861 888 861 926 861 926 891 888 891 887 891 958 861 957 861 197 861 957 892 956 892 197 892 197 893 956 893 955 893 931 861 376 861 199 861 969 861 968 861 378 861 968 861 967 861 378 861 378 861 967 861 197 861 967 861 966 861 197 861 197 894 966 894 965 894 984 861 983 861 891 861 983 895 982 895 891 895 891 861 982 861 892 861 982 861 981 861 892 861 892 896 981 896 893 896 981 897 980 897 893 897 893 898 980 898 979 898 931 861 930 861 376 861 930 861 929 861 376 861 376 899 929 899 928 899 877 900 876 900 926 900 859 861 858 861 376 861 858 861 857 861 376 861 376 901 857 901 856 901 979 861 978 861 893 861 978 861 977 861 893 861 893 861 977 861 894 861 977 902 976 902 894 902 894 903 976 903 975 903 974 861 973 861 894 861 973 861 972 861 894 861 894 861 972 861 378 861 972 904 971 904 378 904 378 905 971 905 970 905 950 906 949 906 199 906 883 907 882 907 926 907 882 861 881 861 926 861 926 908 881 908 880 908 950 861 199 861 951 861 937 861 936 861 199 861 936 909 935 909 199 909 199 910 935 910 934 910 872 861 871 861 927 861 865 911 864 911 927 911 864 912 863 912 927 912 955 861 954 861 197 861 954 913 953 913 197 913 197 914 953 914 199 914 953 915 952 915 199 915 199 916 952 916 951 916 934 861 933 861 199 861 933 861 932 861 199 861 199 917 932 917 931 917 876 918 875 918 926 918 875 861 874 861 926 861 926 919 874 919 927 919 874 861 873 861 927 861 927 920 873 920 872 920 863 861 862 861 927 861 862 861 861 861 927 861 927 921 861 921 376 921 861 922 860 922 376 922 376 923 860 923 859 923 949 924 948 924 199 924 948 861 947 861 199 861 199 925 947 925 946 925 946 861 945 861 199 861 945 861 944 861 199 861 199 926 944 926 943 926 943 861 942 861 199 861 942 861 941 861 199 861 199 927 941 927 940 927 880 861 879 861 926 861 879 861 878 861 926 861 926 928 878 928 877 928 940 861 939 861 199 861 939 861 938 861 199 861 199 929 938 929 937 929 871 861 870 861 927 861 870 861 869 861 927 861 927 930 869 930 868 930 868 861 867 861 927 861 867 931 866 931 927 931 927 932 866 932 865 932 845 860 843 860 370 860 717 861 715 861 370 861 645 861 643 861 205 861 643 933 641 933 205 933 205 934 641 934 639 934 639 861 637 861 205 861 637 861 635 861 205 861 205 935 635 935 633 935 687 936 685 936 787 936 573 861 571 861 370 861 815 861 813 861 368 861 801 861 799 861 368 861 787 937 695 937 693 937 370 938 709 938 851 938 843 861 841 861 370 861 841 939 839 939 370 939 370 940 839 940 837 940 651 861 649 861 205 861 649 861 647 861 205 861 205 941 647 941 645 941 715 861 713 861 370 861 713 861 711 861 370 861 370 942 711 942 709 942 851 943 849 943 370 943 849 861 847 861 370 861 370 944 847 944 845 944 829 945 827 945 368 945 821 861 819 861 368 861 819 861 817 861 368 861 368 946 817 946 815 946 667 861 665 861 793 861 665 861 663 861 793 861 783 861 781 861 697 861 781 861 779 861 697 861 827 947 825 947 368 947 825 948 823 948 368 948 368 949 823 949 821 949 799 950 797 950 368 950 797 951 795 951 368 951 368 952 795 952 205 952 795 953 793 953 205 953 205 954 793 954 651 954 675 861 673 861 791 861 673 861 671 861 791 861 791 861 671 861 793 861 671 955 669 955 793 955 793 956 669 956 667 956 663 861 661 861 793 861 661 861 659 861 793 861 793 957 659 957 657 957 657 861 655 861 793 861 655 861 653 861 793 861 793 958 653 958 651 958 693 861 691 861 787 861 691 959 689 959 787 959 787 960 689 960 687 960 633 961 631 961 205 961 631 892 629 892 205 892 205 962 629 962 627 962 579 963 370 963 203 963 695 964 787 964 697 964 787 965 785 965 697 965 697 966 785 966 783 966 779 967 777 967 697 967 777 861 775 861 697 861 697 968 775 968 773 968 813 969 811 969 368 969 811 970 809 970 368 970 368 971 809 971 807 971 807 972 805 972 368 972 805 861 803 861 368 861 368 973 803 973 801 973 685 974 683 974 787 974 683 861 681 861 787 861 787 861 681 861 789 861 681 861 679 861 789 861 789 861 679 861 791 861 679 861 677 861 791 861 791 975 677 975 675 975 579 861 577 861 370 861 577 976 575 976 370 976 370 977 575 977 573 977 617 978 615 978 203 978 571 979 569 979 370 979 569 980 567 980 370 980 370 981 567 981 565 981 617 982 203 982 619 982 591 861 589 861 203 861 589 983 587 983 203 983 203 984 587 984 585 984 723 861 721 861 370 861 721 861 719 861 370 861 370 985 719 985 717 985 837 861 835 861 370 861 835 861 833 861 370 861 370 986 833 986 368 986 833 861 831 861 368 861 368 987 831 987 829 987 627 861 625 861 205 861 625 861 623 861 205 861 205 861 623 861 203 861 623 861 621 861 203 861 203 988 621 988 619 988 585 989 583 989 203 989 583 861 581 861 203 861 203 990 581 990 579 990 747 861 745 861 565 861 745 861 743 861 565 861 615 991 613 991 203 991 613 861 611 861 203 861 203 992 611 992 609 992 609 861 607 861 203 861 607 993 605 993 203 993 203 994 605 994 603 994 603 861 601 861 203 861 601 861 599 861 203 861 203 995 599 995 597 995 707 861 751 861 565 861 751 861 749 861 565 861 565 996 749 996 747 996 707 861 705 861 751 861 705 997 703 997 751 997 751 998 703 998 701 998 597 999 595 999 203 999 595 861 593 861 203 861 203 1000 593 1000 591 1000 773 861 771 861 697 861 771 861 769 861 697 861 697 1001 769 1001 767 1001 731 1002 729 1002 565 1002 729 1003 727 1003 565 1003 565 1004 727 1004 370 1004 727 861 725 861 370 861 370 1005 725 1005 723 1005 743 861 741 861 565 861 741 861 739 861 565 861 565 1006 739 1006 737 1006 737 1007 735 1007 565 1007 735 1008 733 1008 565 1008 565 1009 733 1009 731 1009 767 861 765 861 697 861 765 861 763 861 697 861 697 1010 763 1010 761 1010 761 1011 759 1011 697 1011 759 861 757 861 697 861 697 861 757 861 699 861 757 1012 755 1012 699 1012 699 861 755 861 701 861 755 1013 753 1013 701 1013 701 1014 753 1014 751 1014 2 1015 1 1015 382 1015 13 1016 12 1016 418 1016 19 1017 18 1017 413 1017 29 1018 28 1018 411 1018 45 1019 44 1019 406 1019 92 1020 47 1020 401 1020 95 1021 93 1021 399 1021 368 1022 205 1022 189 1022 390 1023 211 1023 276 1023 368 1024 189 1024 340 1024 189 1025 191 1025 340 1025 340 1026 191 1026 338 1026 191 1027 129 1027 338 1027 338 1028 129 1028 282 1028 129 1029 131 1029 282 1029 282 1030 131 1030 280 1030 131 1031 37 1031 280 1031 280 1032 37 1032 278 1032 37 1033 39 1033 278 1033 278 1034 39 1034 276 1034 39 1035 41 1035 276 1035 276 1036 41 1036 390 1036 41 1037 43 1037 390 1037 390 1038 43 1038 391 1038 43 1039 126 1039 391 1039 391 1040 126 1040 397 1040 126 1041 99 1041 397 1041 397 1042 99 1042 398 1042 95 1043 399 1043 97 1043 399 1044 389 1044 97 1044 389 1045 388 1045 97 1045 97 1046 388 1046 99 1046 388 1047 387 1047 99 1047 99 1048 387 1048 398 1048 92 1049 401 1049 93 1049 401 1050 400 1050 93 1050 93 1051 400 1051 399 1051 45 1052 406 1052 47 1052 406 1053 405 1053 47 1053 47 1054 405 1054 401 1054 29 1055 411 1055 44 1055 411 1056 407 1056 44 1056 44 1057 407 1057 406 1057 19 1058 413 1058 28 1058 413 1059 412 1059 28 1059 28 1060 412 1060 411 1060 13 1061 418 1061 18 1061 418 1062 417 1062 18 1062 18 1063 417 1063 413 1063 2 1064 382 1064 12 1064 382 1065 419 1065 12 1065 12 1066 419 1066 418 1066 269 1067 231 1067 380 1067 414 1068 381 1068 4 1068 414 1069 4 1069 415 1069 4 1070 6 1070 415 1070 6 1071 8 1071 415 1071 415 1072 8 1072 416 1072 8 1073 408 1073 416 1073 8 1074 9 1074 408 1074 9 1075 11 1075 408 1075 408 1076 11 1076 409 1076 11 1077 410 1077 409 1077 11 1078 15 1078 410 1078 15 1079 17 1079 410 1079 410 1080 17 1080 402 1080 17 1081 403 1081 402 1081 17 1082 21 1082 403 1082 21 1083 23 1083 403 1083 403 1084 23 1084 404 1084 23 1085 392 1085 404 1085 23 1086 31 1086 392 1086 31 1087 33 1087 392 1087 392 1088 33 1088 393 1088 33 1089 394 1089 393 1089 33 1090 69 1090 394 1090 69 1091 71 1091 394 1091 394 1092 71 1092 383 1092 71 1093 384 1093 383 1093 71 1094 73 1094 384 1094 73 1095 77 1095 384 1095 384 1096 77 1096 385 1096 77 1097 386 1097 385 1097 77 1098 79 1098 386 1098 79 1099 122 1099 386 1099 386 1100 122 1100 395 1100 122 1101 136 1101 395 1101 395 1102 136 1102 396 1102 136 1103 153 1103 396 1103 396 1104 153 1104 380 1104 153 1105 155 1105 380 1105 380 1106 155 1106 269 1106 155 1107 100 1107 269 1107 269 1108 100 1108 267 1108 100 1109 102 1109 267 1109 267 1110 102 1110 314 1110 102 1111 104 1111 314 1111 314 1112 104 1112 312 1112 104 1113 160 1113 312 1113 312 1114 160 1114 363 1114 160 1115 162 1115 363 1115 363 1116 162 1116 361 1116 162 1117 196 1117 361 1117 361 1118 196 1118 377 1118</p>
        </triangles>
      </mesh>
    </geometry>
  </library_geometries>
  <library_visual_scenes>
    <visual_scene id="Scene" name="Scene">
      <node id="chassis_default_as_machined__8" name="chassis_default_as_machined__8" type="NODE">
        <matrix sid="transform">1 0 0 0 0 1 0 0 0 0 1 0 0 0 0 1</matrix>
        <instance_geometry url="#chassis_default_as_machined__8-mesh" name="chassis_default_as_machined__8"/>
      </node>
    </visual_scene>
  </library_visual_scenes>
  <scene>
    <instance_visual_scene url="#Scene"/>
  </scene>
</COLLADA>