<?xml version="1.0" encoding="utf-8"?>
<COLLADA xmlns="http://www.collada.org/2005/11/COLLADASchema" version="1.4.1" xmlns:xsi="http://www.w3.org/2001/XMLSchema-instance">
  <asset>
    <contributor>
      <author>Blender User</author>
      <authoring_tool>Blender 3.0.1</authoring_tool>
    </contributor>
    <created>2026-06-04T16:18:44</created>
    <modified>2026-06-04T16:18:44</modified>
    <unit name="meter" meter="1"/>
    <up_axis>Z_UP</up_axis>
  </asset>
  <library_images/>
  <library_geometries>
    <geometry id="chassis_to_trapezoid_both_side_double_eye-mesh" name="chassis_to_trapezoid_both_side_double_eye">
      <mesh>
        <source id="chassis_to_trapezoid_both_side_double_eye-mesh-positions">
          <float_array id="chassis_to_trapezoid_both_side_double_eye-mesh-positions-array" count="6042">0.01007777 -0.3129115 0.007874965 -0.01007777 -0.3129115 0.007874965 0.01007777 -0.3135413 0.007344245 -0.01007777 -0.3135413 0.007344245 0.01007777 -0.3142126 0.00686717 -0.01007777 -0.3142126 0.00686717 0.01007777 -0.314921 0.006446897 -0.01007777 -0.314921 0.006446897 0.01007777 -0.3156614 0.006086409 -0.01007777 -0.3156614 0.006086409 0.01007777 -0.3164291 0.005788028 -0.01007777 -0.3164291 0.005788028 0.01007777 -0.3172187 0.005553841 -0.01007777 -0.3172187 0.005553841 0.01007777 -0.3180248 0.005385398 -0.01007777 -0.3180248 0.005385398 0.01007777 -0.3188421 0.005283892 -0.01007777 -0.3188421 0.005283892 0.01007777 -0.319665 0.005249977 -0.01007777 -0.319665 0.005249977 -0.01007777 -0.3129115 0.03262495 0.01007777 -0.3129115 0.03262495 -0.01007777 -0.3135413 0.03315567 0.01007777 -0.3135413 0.03315567 -0.01007777 -0.3142126 0.03363281 0.01007777 -0.3142126 0.03363281 -0.01007777 -0.314921 0.03405302 0.01007777 -0.314921 0.03405302 -0.01007777 -0.3156614 0.03441357 0.01007777 -0.3156614 0.03441357 -0.01007777 -0.3164291 0.03471195 0.01007777 -0.3164291 0.03471195 -0.01007777 -0.3172187 0.03494614 0.01007777 -0.3172187 0.03494614 -0.01007777 -0.3180248 0.03511452 0.01007777 -0.3180248 0.03511452 -0.01007777 -0.3188421 0.03521603 0.01007777 -0.3188421 0.03521603 -0.01007777 -0.319665 0.03524994 0.01007777 -0.319665 0.03524994 0.01007777 -0.04708844 0.03262495 -0.01007777 -0.04708844 0.03262495 0.01007777 -0.04645866 0.03315567 -0.01007777 -0.04645866 0.03315567 0.01007777 -0.04578733 0.03363281 -0.01007777 -0.04578733 0.03363281 0.01007777 -0.04507899 0.03405302 -0.01007777 -0.04507899 0.03405302 0.01007777 -0.04433852 0.03441357 -0.01007777 -0.04433852 0.03441357 0.01007777 -0.04357087 0.03471195 -0.01007777 -0.04357087 0.03471195 0.01007777 -0.04278129 0.03494614 -0.01007777 -0.04278129 0.03494614 0.01007777 -0.04197514 0.03511452 -0.01007777 -0.04197514 0.03511452 0.01007777 -0.04115784 0.03521603 -0.01007777 -0.04115784 0.03521603 0.01007777 -0.04033493 0.03524994 -0.01007777 -0.04033493 0.03524994 -0.01007777 -0.04708844 0.007374942 0.01007777 -0.04708844 0.007374942 -0.01007777 -0.04645866 0.006844222 0.01007777 -0.04645866 0.006844222 -0.01007777 -0.04578733 0.006367146 0.01007777 -0.04578733 0.006367146 -0.01007777 -0.04507899 0.005946934 0.01007777 -0.04507899 0.005946934 -0.01007777 -0.04433852 0.005586385 0.01007777 -0.04433852 0.005586385 -0.01007777 -0.04357087 0.005288004 0.01007777 -0.04357087 0.005288004 -0.01007777 -0.04278129 0.005053818 0.01007777 -0.04278129 0.005053818 -0.01007777 -0.04197514 0.004885375 0.01007777 -0.04197514 0.004885375 -0.01007777 -0.04115784 0.004783868 0.01007777 -0.04115784 0.004783868 -0.01007777 -0.04033493 0.004749953 0.01007777 -0.04033493 0.004749953 0.01007777 -0.05384188 0.02999997 -0.01007777 -0.05384188 0.02999997 -0.01007777 -0.05301898 0.03003388 0.01007777 -0.05301898 0.03003388 -0.01007777 -0.05220168 0.03013539 0.01007777 -0.05220168 0.03013539 -0.01007777 -0.05139553 0.03030383 0.01007777 -0.05139553 0.03030383 -0.01007777 -0.05060595 0.03053802 0.01007777 -0.05060595 0.03053802 -0.01007777 -0.0498383 0.0308364 0.01007777 -0.0498383 0.0308364 -0.01007777 -0.04909783 0.03119689 0.01007777 -0.04909783 0.03119689 -0.01007777 -0.04838955 0.03161716 0.01007777 -0.04838955 0.03161716 -0.01007777 -0.04771822 0.03209424 0.01007777 -0.04771822 0.03209424 -0.01007777 -0.05384188 0.00999999 0.01007777 -0.05384188 0.00999999 0.01007777 -0.05301898 0.009966075 -0.01007777 -0.05301898 0.009966075 0.01007777 -0.05220168 0.009864568 -0.01007777 -0.05220168 0.009864568 0.01007777 -0.05139553 0.009696125 -0.01007777 -0.05139553 0.009696125 0.01007777 -0.05060595 0.009461939 -0.01007777 -0.05060595 0.009461939 0.01007777 -0.0498383 0.009163558 -0.01007777 -0.0498383 0.009163558 0.01007777 -0.04909783 0.008803009 -0.01007777 -0.04909783 0.008803009 0.01007777 -0.04838955 0.008382797 -0.01007777 -0.04838955 0.008382797 0.01007777 -0.04771822 0.007905721 -0.01007777 -0.04771822 0.007905721 -0.01007777 -0.3061581 0.02999997 0.01007777 -0.3061581 0.02999997 0.01007777 -0.306981 0.03003388 -0.01007777 -0.306981 0.03003388 0.01007777 -0.3077983 0.03013539 -0.01007777 -0.3077983 0.03013539 0.01007777 -0.3086044 0.03030383 -0.01007777 -0.3086044 0.03030383 0.01007777 -0.309394 0.03053802 -0.01007777 -0.309394 0.03053802 0.01007777 -0.3101617 0.0308364 -0.01007777 -0.3101617 0.0308364 0.01007777 -0.3109021 0.03119689 -0.01007777 -0.3109021 0.03119689 0.01007777 -0.3116105 0.03161716 -0.01007777 -0.3116105 0.03161716 0.01007777 -0.3122817 0.03209424 -0.01007777 -0.3122817 0.03209424 0.01007777 -0.3061581 0.01049995 -0.01007777 -0.3061581 0.01049995 -0.01007777 -0.306981 0.01046603 0.01007777 -0.306981 0.01046603 -0.01007777 -0.3077983 0.01036453 0.01007777 -0.3077983 0.01036453 -0.01007777 -0.3086044 0.01019614 0.01007777 -0.3086044 0.01019614 -0.01007777 -0.309394 0.009961903 0.01007777 -0.309394 0.009961903 -0.01007777 -0.3101617 0.009663581 0.01007777 -0.3101617 0.009663581 -0.01007777 -0.3109021 0.009303033 0.01007777 -0.3109021 0.009303033 -0.01007777 -0.3116105 0.008882761 0.01007777 -0.3116105 0.008882761 -0.01007777 -0.3122817 0.008405685 0.01007777 -0.3122817 0.008405685 -0.001562833 -0.355939 0.03524994 -0.002329349 -0.356109 0.03524994 -0.01007777 -0.3360259 0.03524994 0.002329349 -0.356109 0.03524994 0.001562833 -0.355939 0.03524994 -0.01124089 -0.3392319 0.03524994 -0.01097679 -0.3388863 0.03524994 -0.003078162 -0.3563451 0.03524994 -0.01219815 -0.3401134 0.03524994 -0.01185387 -0.3398478 0.03524994 -0.003803551 -0.3566455 0.03524994 7.84402e-4 -0.3558365 0.03524994 0 -0.3558023 0.03524994 -7.84402e-4 -0.3558365 0.03524994 -0.01074373 -0.3385192 0.03524994 -0.01054352 -0.3381331 0.03524994 -0.01037752 -0.3377311 0.03524994 -0.01024717 -0.3373162 0.03524994 -0.01015329 -0.3368916 0.03524994 -0.01009672 -0.3364604 0.03524994 0.01566714 -0.3418678 0.03524994 0.005162179 -0.3574299 0.03524994 0.0149126 -0.3414215 0.03524994 0.004499971 -0.357008 0.03524994 0.01408326 -0.3410149 0.03524994 0.01334929 -0.3407175 0.03524994 -0.01423692 -0.3410841 0.03524994 -0.004499971 -0.357008 0.03524994 -0.01505041 -0.3414971 0.03524994 -0.005162179 -0.3574299 0.03524994 -0.01587164 -0.3420035 0.03524994 -0.0166074 -0.3425509 0.03524994 -0.01153397 -0.3395531 0.03524994 0.01637369 -0.3423663 0.03524994 0.01702487 -0.3429104 0.03524994 0.005785048 -0.3579079 0.03524994 0.01761138 -0.3434871 0.03524994 0.01813548 -0.344093 0.03524994 0.003803551 -0.3566455 0.03524994 0.01219731 -0.3401127 0.03524994 0.01256328 -0.3403475 0.03524994 -0.01335054 -0.3407181 0.03524994 -0.01294934 -0.3405503 0.03524994 -0.01256424 -0.3403482 0.03524994 -0.01879698 -0.3450384 0.03524994 -0.005785048 -0.3579079 0.03524994 -0.01918143 -0.3457286 0.03524994 -0.006363928 -0.3584383 0.03524994 -0.0195043 -0.3464429 0.03524994 -0.01835256 -0.344377 0.03524994 -0.01785326 -0.3437534 0.03524994 -0.01726496 -0.3431341 0.03524994 -0.02014553 -0.349376 0.03524994 -0.02007925 -0.3486325 0.03524994 -0.00689435 -0.3590172 0.03524994 -0.01995128 -0.3478967 0.03524994 -0.01976102 -0.3471688 0.03524994 -0.0201556 -0.3498023 0.03524994 -0.007372319 -0.3596401 0.03524994 -0.007794201 -0.3603023 0.03524994 0.01824039 -0.3442271 0.03524994 0.01868182 -0.3448529 0.03524994 0.006363928 -0.3584383 0.03524994 0.01907455 -0.3455204 0.03524994 0.01941007 -0.3462172 0.03524994 0.01024711 -0.3373158 0.03524994 0.0103774 -0.3377306 0.03524994 0.003078162 -0.3563451 0.03524994 0.01294821 -0.3405496 0.03524994 0.01007777 -0.3360258 0.03524994 0.01009672 -0.3364602 0.03524994 0.01015329 -0.3368912 0.03524994 0.01054328 -0.3381325 0.03524994 0.01074349 -0.3385185 0.03524994 0.01097643 -0.3388856 0.03524994 0.01124036 -0.3392311 0.03524994 0.01153337 -0.3395524 0.03524994 0.01185315 -0.339847 0.03524994 0.008156716 -0.3609987 0.03524994 0.007794201 -0.3603023 0.03524994 0.0201556 -0.3498023 0.03524994 0.007372319 -0.3596401 0.03524994 0.02012777 -0.3490893 0.03524994 0.00689435 -0.3590172 0.03524994 0.00896573 -0.3640179 0.03524994 0.00886327 -0.3632395 0.03524994 0.0201556 -0.3648023 0.03524994 0.008693277 -0.3624729 0.03524994 0.008457183 -0.3617241 0.03524994 0.01968079 -0.3469199 0.03524994 0.01988923 -0.3476278 0.03524994 0.02003812 -0.348348 0.03524994 -0.008156716 -0.3609987 0.03524994 -0.008457183 -0.3617241 0.03524994 -0.0201556 -0.3648023 0.03524994 -0.008693277 -0.3624729 0.03524994 -0.00886327 -0.3632395 0.03524994 -0.00896573 -0.3640179 0.03524994 -0.008999943 -0.3648023 0.03524994 -0.02007889 -0.366559 0.03524994 -0.00896573 -0.3655867 0.03524994 -0.01984941 -0.3683023 0.03524994 -0.00886327 -0.3663651 0.03524994 -0.01946884 -0.370019 0.03524994 -0.008693277 -0.3671317 0.03524994 -0.01894009 -0.3716959 0.03524994 -0.008457183 -0.3678805 0.03524994 -0.01826721 -0.3733204 0.03524994 -0.008156716 -0.3686059 0.03524994 -0.01745527 -0.3748801 0.03524994 -0.007794201 -0.3693023 0.03524994 -0.01651048 -0.3763631 0.03524994 -0.007372319 -0.3699645 0.03524994 -0.0154401 -0.3777581 0.03524994 -0.00689435 -0.3705874 0.03524994 -0.01425218 -0.3790545 0.03524994 -0.006363928 -0.3711662 0.03524994 -0.01295578 -0.3802424 0.03524994 -0.005785048 -0.3716967 0.03524994 -0.01156079 -0.3813128 0.03524994 -0.005162179 -0.3721746 0.03524994 -0.01007777 -0.3822576 0.03524994 -0.004499971 -0.3725965 0.03524994 -0.008518099 -0.3830695 0.03524994 -0.003803551 -0.3729591 0.03524994 -0.006893634 -0.3837424 0.03524994 -0.003078162 -0.3732595 0.03524994 -0.005216658 -0.3842712 0.03524994 -0.002329349 -0.3734956 0.03524994 -0.003499984 -0.3846517 0.03524994 -0.001562833 -0.3736656 0.03524994 -0.001756668 -0.3848812 0.03524994 -7.84402e-4 -0.373768 0.03524994 0 -0.3849579 0.03524994 0 -0.3738023 0.03524994 0.001756668 -0.3848812 0.03524994 7.84402e-4 -0.373768 0.03524994 0.003499984 -0.3846517 0.03524994 0.001562833 -0.3736656 0.03524994 0.005216658 -0.3842712 0.03524994 0.002329349 -0.3734956 0.03524994 0.006893634 -0.3837424 0.03524994 0.003078162 -0.3732595 0.03524994 0.008518099 -0.3830695 0.03524994 0.003803551 -0.3729591 0.03524994 0.01007777 -0.3822576 0.03524994 0.004499971 -0.3725965 0.03524994 0.01156079 -0.3813128 0.03524994 0.005162179 -0.3721746 0.03524994 0.01295578 -0.3802424 0.03524994 0.005785048 -0.3716967 0.03524994 0.01425218 -0.3790545 0.03524994 0.006363928 -0.3711662 0.03524994 0.0154401 -0.3777581 0.03524994 0.00689435 -0.3705874 0.03524994 0.01651048 -0.3763631 0.03524994 0.007372319 -0.3699645 0.03524994 0.01745527 -0.3748801 0.03524994 0.007794201 -0.3693023 0.03524994 0.01826721 -0.3733204 0.03524994 0.008156716 -0.3686059 0.03524994 0.01894009 -0.3716959 0.03524994 0.008457183 -0.3678805 0.03524994 0.01946884 -0.370019 0.03524994 0.008693277 -0.3671317 0.03524994 0.01984941 -0.3683023 0.03524994 0.00886327 -0.3663651 0.03524994 0.02007889 -0.366559 0.03524994 0.00896573 -0.3655867 0.03524994 0.008999943 -0.3648023 0.03524994 0.01830208 -0.3443084 0.005249977 0.01778829 -0.3436807 0.005249977 0.005785048 -0.3579079 0.005249977 0.007372319 -0.3596401 0.005249977 0.007794201 -0.3603023 0.005249977 0.0201556 -0.3498023 0.005249977 -0.0158143 -0.3419648 0.005249977 -0.005162179 -0.3574299 0.005249977 -0.01506364 -0.3415045 0.005249977 -0.004499971 -0.357008 0.005249977 -0.01424515 -0.3410878 0.005249977 -0.01335054 -0.3407181 0.005249977 -0.01185387 -0.3398478 0.005249977 -0.003803551 -0.3566455 0.005249977 -0.01153397 -0.3395531 0.005249977 -0.003078162 -0.3563451 0.005249977 -0.002329349 -0.356109 0.005249977 -0.001562833 -0.355939 0.005249977 0.005162179 -0.3574299 0.005249977 0.01719075 -0.3430643 0.005249977 0.01653301 -0.3424913 0.005249977 0.01875835 -0.3449735 0.005249977 0.006363928 -0.3584383 0.005249977 0.01914447 -0.3456541 0.005249977 -0.01024717 -0.3373162 0.005249977 -0.01037752 -0.3377311 0.005249977 -0.01054352 -0.3381331 0.005249977 -0.01074373 -0.3385192 0.005249977 0.01009672 -0.3364602 0.005249977 0.01007777 -0.3360258 0.005249977 0.002329349 -0.356109 0.005249977 0.001562833 -0.355939 0.005249977 0.01015329 -0.3368912 0.005249977 0.003078162 -0.3563451 0.005249977 0.01024711 -0.3373158 0.005249977 0.02006936 -0.3485537 0.005249977 0.01993602 -0.347824 0.005249977 0.00689435 -0.3590172 0.005249977 0.01973658 -0.3470896 0.005249977 0.01946938 -0.3463574 0.005249977 0.008156716 -0.3609987 0.005249977 0.008457183 -0.3617241 0.005249977 0.0201556 -0.3648023 0.005249977 0.008693277 -0.3624729 0.005249977 0.00886327 -0.3632395 0.005249977 -0.006363928 -0.3584383 0.005249977 -0.01904499 -0.3454678 0.005249977 -0.01938128 -0.3461514 0.005249977 -0.01007777 -0.3360259 0.005249977 -0.01009672 -0.3364604 0.005249977 -0.01015329 -0.3368916 0.005249977 -7.84402e-4 -0.3558365 0.005249977 0 -0.3558023 0.005249977 7.84402e-4 -0.3558365 0.005249977 0.01423823 -0.3410848 0.005249977 0.004499971 -0.357008 0.005249977 0.01505494 -0.3414997 0.005249977 0.0157929 -0.3419504 0.005249977 0.02014124 -0.3492887 0.005249977 -0.01864564 -0.3447995 0.005249977 -0.005785048 -0.3579079 0.005249977 -0.01821124 -0.3441894 0.005249977 -0.0165075 -0.3424706 0.005249977 -0.01713812 -0.3430136 0.005249977 -0.01770293 -0.3435848 0.005249977 -0.01219815 -0.3401134 0.005249977 -0.01256424 -0.3403482 0.005249977 -0.01294934 -0.3405503 0.005249977 -0.01097679 -0.3388863 0.005249977 -0.01124089 -0.3392319 0.005249977 0.01153337 -0.3395524 0.005249977 0.01185315 -0.339847 0.005249977 0.003803551 -0.3566455 0.005249977 0.01219731 -0.3401127 0.005249977 -0.00689435 -0.3590172 0.005249977 -0.02012157 -0.3490196 0.005249977 -0.007372319 -0.3596401 0.005249977 -0.0201556 -0.3498023 0.005249977 -0.007794201 -0.3603023 0.005249977 -0.008156716 -0.3609987 0.005249977 0.01334929 -0.3407175 0.005249977 0.01294821 -0.3405496 0.005249977 0.01256328 -0.3403475 0.005249977 0.00896573 -0.3640179 0.005249977 0.008999943 -0.3648023 0.005249977 0.02007889 -0.366559 0.005249977 0.00896573 -0.3655867 0.005249977 0.01984941 -0.3683023 0.005249977 0.00886327 -0.3663651 0.005249977 0.01946884 -0.370019 0.005249977 0.008693277 -0.3671317 0.005249977 0.01894009 -0.3716959 0.005249977 0.008457183 -0.3678805 0.005249977 0.01826721 -0.3733204 0.005249977 0.008156716 -0.3686059 0.005249977 0.01745527 -0.3748801 0.005249977 0.007794201 -0.3693023 0.005249977 0.01651048 -0.3763631 0.005249977 0.007372319 -0.3699645 0.005249977 0.0154401 -0.3777581 0.005249977 0.00689435 -0.3705874 0.005249977 0.01425218 -0.3790545 0.005249977 0.006363928 -0.3711662 0.005249977 0.01295578 -0.3802424 0.005249977 0.005785048 -0.3716967 0.005249977 0.01156079 -0.3813128 0.005249977 0.005162179 -0.3721746 0.005249977 0.01007777 -0.3822576 0.005249977 0.004499971 -0.3725965 0.005249977 0.008518099 -0.3830695 0.005249977 0.003803551 -0.3729591 0.005249977 0.006893634 -0.3837424 0.005249977 0.003078162 -0.3732595 0.005249977 0.005216658 -0.3842712 0.005249977 0.002329349 -0.3734956 0.005249977 0.003499984 -0.3846517 0.005249977 0.001562833 -0.3736656 0.005249977 0.001756668 -0.3848812 0.005249977 7.84402e-4 -0.373768 0.005249977 0 -0.3849579 0.005249977 0 -0.3738023 0.005249977 -0.001756668 -0.3848812 0.005249977 -7.84402e-4 -0.373768 0.005249977 -0.003499984 -0.3846517 0.005249977 -0.001562833 -0.3736656 0.005249977 -0.005216658 -0.3842712 0.005249977 -0.002329349 -0.3734956 0.005249977 -0.006893634 -0.3837424 0.005249977 -0.003078162 -0.3732595 0.005249977 -0.008518099 -0.3830695 0.005249977 -0.003803551 -0.3729591 0.005249977 -0.01007777 -0.3822576 0.005249977 -0.004499971 -0.3725965 0.005249977 -0.01156079 -0.3813128 0.005249977 -0.005162179 -0.3721746 0.005249977 -0.01295578 -0.3802424 0.005249977 -0.005785048 -0.3716967 0.005249977 -0.01425218 -0.3790545 0.005249977 -0.006363928 -0.3711662 0.005249977 -0.0154401 -0.3777581 0.005249977 -0.00689435 -0.3705874 0.005249977 -0.01651048 -0.3763631 0.005249977 -0.007372319 -0.3699645 0.005249977 -0.01745527 -0.3748801 0.005249977 -0.007794201 -0.3693023 0.005249977 -0.01826721 -0.3733204 0.005249977 -0.008156716 -0.3686059 0.005249977 -0.01894009 -0.3716959 0.005249977 -0.008457183 -0.3678805 0.005249977 -0.01946884 -0.370019 0.005249977 -0.008693277 -0.3671317 0.005249977 -0.01984941 -0.3683023 0.005249977 -0.00886327 -0.3663651 0.005249977 -0.02007889 -0.366559 0.005249977 -0.00896573 -0.3655867 0.005249977 -0.0201556 -0.3648023 0.005249977 -0.008999943 -0.3648023 0.005249977 -0.00896573 -0.3640179 0.005249977 -0.01965612 -0.3468481 0.005249977 -0.01987135 -0.3475599 0.005249977 -0.02002662 -0.3482844 0.005249977 0.01124036 -0.3392311 0.005249977 0.01097643 -0.3388856 0.005249977 0.01074349 -0.3385185 0.005249977 -0.00886327 -0.3632395 0.005249977 -0.008693277 -0.3624729 0.005249977 -0.008457183 -0.3617241 0.005249977 0.01054328 -0.3381325 0.005249977 0.0103774 -0.3377306 0.005249977 -0.01536595 -0.01831728 0.03524994 -0.01609623 -0.01783764 0.03524994 -0.01061111 -0.01035201 0.03524994 0.01007777 -0.02005261 0.03524994 0.001612365 -0.01362729 0.03524994 0.003212451 -0.01341664 0.03524994 -0.001294076 -0.01836806 0.03524994 -0.001710057 -0.01849919 0.03524994 -0.01007777 -0.02005261 0.03524994 0.004095733 -0.02606558 0.03524994 0.004330098 -0.0256977 0.03524994 0.003830194 -0.02641159 0.03524994 -0.01824182 -0.01577079 0.03524994 -0.01868957 -0.01513397 0.03524994 -0.01189154 -0.009369492 0.03524994 0.01670038 -0.01737302 0.03524994 0.01597052 -0.01792836 0.03524994 0.01061111 -0.01035201 0.03524994 0.002113044 -0.02772921 0.03524994 0.002499997 -0.0275278 0.03524994 0.002867877 -0.02729344 0.03524994 0.002867877 -0.01910191 0.03524994 0.002499997 -0.01886755 0.03524994 -0.0078184 -0.01196438 0.03524994 -0.006327331 -0.012582 0.03524994 0 -0.01819765 0.03524994 -0.0047881 -0.0130673 0.03524994 -0.003212451 -0.01341664 0.03524994 -0.0201556 -0.01019769 0.03524994 -0.0151543 -0.00580883 0.03524994 -0.02012801 -0.01090508 0.03524994 -0.01417177 -0.007089257 0.03524994 -0.01940709 -0.01379102 0.03524994 -0.01968067 -0.01307851 0.03524994 -0.01308143 -0.008279144 0.03524994 -0.01989084 -0.01236027 0.03524994 -0.02003914 -0.0116406 0.03524994 -8.68241e-4 -0.01827365 0.03524994 -4.35779e-4 -0.01821672 0.03524994 0.01602143 -0.004447698 0.03524994 0.01676666 -0.003016114 0.03524994 0.0201556 -0.01019769 0.03524994 -0.002113044 -0.01866614 0.03524994 -0.002499997 -0.01886755 0.03524994 -0.002867877 -0.01910191 0.03524994 -0.004531502 -0.02531075 0.03524994 -0.004330098 -0.0256977 0.03524994 -0.004095733 -0.02606558 0.03524994 -0.003830194 -0.02641159 0.03524994 -0.003535509 -0.02673321 0.03524994 -0.003213882 -0.0270279 0.03524994 0.003213882 -0.0270279 0.03524994 0.003535509 -0.02673321 0.03524994 0.002113044 -0.01866614 0.03524994 0.001710057 -0.01849919 0.03524994 0.001294076 -0.01836806 0.03524994 -0.009249985 -0.01121914 0.03524994 -0.01907533 -0.01447826 0.03524994 -0.003213882 -0.01936745 0.03524994 -0.003535509 -0.01966214 0.03524994 -0.003830194 -0.01998376 0.03524994 -0.002867877 -0.02729344 0.03524994 -0.002499997 -0.0275278 0.03524994 -0.002113044 -0.02772921 0.03524994 -0.001710057 -0.02789616 0.03524994 -0.001294076 -0.02802729 0.03524994 -8.68241e-4 -0.0281217 0.03524994 -0.01786959 1.4142e-5 0.03524994 -0.01738429 -0.001525044 0.03524994 -0.01675593 -0.01732558 0.03524994 -0.01716488 -0.01696175 0.03524994 -0.01773267 -0.01638269 0.03524994 -0.01062422 -0.01997691 0.03524994 -0.01174604 -0.01976066 0.03524994 -0.0127539 -0.0194863 0.03524994 0.01954144 -0.01346457 0.03524994 0.01923096 -0.01417315 0.03524994 0.01308143 -0.008279144 0.03524994 0.0188502 -0.0148729 0.03524994 0.01189154 -0.009369492 0.03524994 -0.004095733 -0.02032977 0.03524994 -0.004330098 -0.02069765 0.03524994 -0.004531502 -0.0210846 0.03524994 0.004531502 -0.02531075 0.03524994 0.004698455 -0.02490776 0.03524994 0.004095733 -0.02032977 0.03524994 0.004330098 -0.02069765 0.03524994 0.004531502 -0.0210846 0.03524994 0.003830194 -0.01998376 0.03524994 0.003535509 -0.01966214 0.03524994 0.003213882 -0.01936745 0.03524994 8.68241e-4 -0.01827365 0.03524994 4.35779e-4 -0.01821672 0.03524994 0 -0.01369768 0.03524994 -0.001612365 -0.01362729 0.03524994 -0.01676666 -0.003016114 0.03524994 -0.01602143 -0.004447698 0.03524994 0.0047881 -0.0130673 0.03524994 0.006327331 -0.012582 0.03524994 0.01131397 -0.01985341 0.03524994 0.0078184 -0.01196438 0.03524994 0.01240688 -0.0195887 0.03524994 0.009249985 -0.01121914 0.03524994 0.02014946 -0.01052844 0.03524994 0.01417177 -0.007089257 0.03524994 0.0151543 -0.00580883 0.03524994 0.02009034 -0.01127654 0.03524994 0.01996862 -0.01201933 0.03524994 0.01978522 -0.01275038 0.03524994 8.68241e-4 -0.0281217 0.03524994 0.001294076 -0.02802729 0.03524994 0.001710057 -0.02789616 0.03524994 0.0151562 -0.01844263 0.03524994 0.01426005 -0.01890522 0.03524994 0.0133804 -0.01927083 0.03524994 0.01840162 -0.01555281 0.03524994 0.01789081 -0.01620095 0.03524994 0.01732134 -0.01681071 0.03524994 0.004829585 -0.02449178 0.03524994 0.004923999 -0.02406591 0.03524994 0.004980921 -0.02363348 0.03524994 -0.01368612 -0.01915305 0.03524994 -0.01456052 -0.01875966 0.03524994 -0.004698455 -0.02148759 0.03524994 -0.004829585 -0.02190357 0.03524994 -0.004923999 -0.02232944 0.03524994 -0.004980921 -0.02276188 0.03524994 -0.004999995 -0.02319771 0.03524994 -0.004980921 -0.02363348 0.03524994 -0.004923999 -0.02406591 0.03524994 -0.004829585 -0.02449178 0.03524994 -0.004698455 -0.02490776 0.03524994 -4.35779e-4 -0.02817863 0.03524994 0 -0.0281977 0.03524994 4.35779e-4 -0.02817863 0.03524994 0.004999995 -0.02319771 0.03524994 0.004980921 -0.02276188 0.03524994 0.004923999 -0.02232944 0.03524994 0.01821893 0.001589775 0.03524994 0.0201556 0.004802286 0.03524994 0.01786959 1.4142e-5 0.03524994 0.01738429 -0.001525044 0.03524994 0.004829585 -0.02190357 0.03524994 0.004698455 -0.02148759 0.03524994 -0.01821893 0.001589775 0.03524994 -0.0201556 0.004802286 0.03524994 -0.01842957 0.003189861 0.03524994 0.01842957 0.003189861 0.03524994 0.01849997 0.004802286 0.03524994 0.02007889 0.006558954 0.03524994 0.01842957 0.006414651 0.03524994 0.01984941 0.008302271 0.03524994 0.01821893 0.008014738 0.03524994 0.01946884 0.01001894 0.03524994 0.01786959 0.009590446 0.03524994 0.01894009 0.01169592 0.03524994 0.01738429 0.01112961 0.03524994 0.01826721 0.01332038 0.03524994 0.01676666 0.01262068 0.03524994 0.01745527 0.01488012 0.03524994 0.01602143 0.01405227 0.03524994 0.01651048 0.01636308 0.03524994 0.0151543 0.01541346 0.03524994 0.0154401 0.01775807 0.03524994 0.01417177 0.01669383 0.03524994 0.01425218 0.01905447 0.03524994 0.01308143 0.01788371 0.03524994 0.01295578 0.02024239 0.03524994 0.01189154 0.01897406 0.03524994 0.01156079 0.02131283 0.03524994 0.01061111 0.01995658 0.03524994 0.01007777 0.02225756 0.03524994 0.009249985 0.02082371 0.03524994 0.008518099 0.0230695 0.03524994 0.0078184 0.02156895 0.03524994 0.006893634 0.02374237 0.03524994 0.006327331 0.02218657 0.03524994 0.005216658 0.02427113 0.03524994 0.0047881 0.02267187 0.03524994 0.003499984 0.0246517 0.03524994 0.003212451 0.02302122 0.03524994 0.001756668 0.02488124 0.03524994 0.001612365 0.02323186 0.03524994 0 0.02495789 0.03524994 0 0.02330225 0.03524994 -0.001756668 0.02488124 0.03524994 -0.001612365 0.02323186 0.03524994 -0.003499984 0.0246517 0.03524994 -0.003212451 0.02302122 0.03524994 -0.005216658 0.02427113 0.03524994 -0.0047881 0.02267187 0.03524994 -0.006893634 0.02374237 0.03524994 -0.006327331 0.02218657 0.03524994 -0.008518099 0.0230695 0.03524994 -0.0078184 0.02156895 0.03524994 -0.01007777 0.02225756 0.03524994 -0.009249985 0.02082371 0.03524994 -0.01156079 0.02131283 0.03524994 -0.01061111 0.01995658 0.03524994 -0.01295578 0.02024239 0.03524994 -0.01189154 0.01897406 0.03524994 -0.01425218 0.01905447 0.03524994 -0.01308143 0.01788371 0.03524994 -0.0154401 0.01775807 0.03524994 -0.01417177 0.01669383 0.03524994 -0.01651048 0.01636308 0.03524994 -0.0151543 0.01541346 0.03524994 -0.01745527 0.01488012 0.03524994 -0.01602143 0.01405227 0.03524994 -0.01826721 0.01332038 0.03524994 -0.01676666 0.01262068 0.03524994 -0.01894009 0.01169592 0.03524994 -0.01738429 0.01112961 0.03524994 -0.01946884 0.01001894 0.03524994 -0.01786959 0.009590446 0.03524994 -0.01984941 0.008302271 0.03524994 -0.01821893 0.008014738 0.03524994 -0.02007889 0.006558954 0.03524994 -0.01842957 0.006414651 0.03524994 -0.01849997 0.004802286 0.03524994 0.02014946 -0.01052844 0.004749953 0.0201556 -0.01019769 0.004749953 0.01738429 -0.001525044 0.004749953 8.68241e-4 -0.0281217 0.004749953 4.35779e-4 -0.02817863 0.004749953 0 -0.01369768 0.004749953 -0.001612365 -0.01362729 0.004749953 -0.01007777 -0.02005261 0.004749953 -0.003212451 -0.01341664 0.004749953 -4.35779e-4 -0.02817863 0.004749953 -8.68241e-4 -0.0281217 0.004749953 -0.002113044 -0.02772921 0.004749953 -0.002499997 -0.0275278 0.004749953 0.01842957 0.003189861 0.004749953 0.01821893 0.001589775 0.004749953 0.0201556 0.004802286 0.004749953 0 -0.0281977 0.004749953 -0.001294076 -0.02802729 0.004749953 -0.001710057 -0.02789616 0.004749953 -0.002867877 -0.02729344 0.004749953 -0.003213882 -0.0270279 0.004749953 -0.003535509 -0.02673321 0.004749953 -0.003830194 -0.02641159 0.004749953 -0.004095733 -0.02606558 0.004749953 -0.004330098 -0.0256977 0.004749953 -0.004923999 -0.02406591 0.004749953 -0.004980921 -0.02363348 0.004749953 -0.004999995 -0.02319771 0.004749953 -0.004980921 -0.02276188 0.004749953 -0.004923999 -0.02232944 0.004749953 -0.004829585 -0.02190357 0.004749953 -0.004698455 -0.02148759 0.004749953 0.01007777 -0.02005261 0.004749953 8.68241e-4 -0.01827365 0.004749953 0.001294076 -0.01836806 0.004749953 0.001710057 -0.01849919 0.004749953 0.002113044 -0.01866614 0.004749953 0.002499997 -0.01886755 0.004749953 0.002499997 -0.0275278 0.004749953 0.002113044 -0.02772921 0.004749953 -0.002867877 -0.01910191 0.004749953 -0.002499997 -0.01886755 0.004749953 -0.002113044 -0.01866614 0.004749953 -0.001710057 -0.01849919 0.004749953 -0.001294076 -0.01836806 0.004749953 -8.68241e-4 -0.01827365 0.004749953 0.001710057 -0.02789616 0.004749953 0.001294076 -0.02802729 0.004749953 -0.004531502 -0.0210846 0.004749953 -0.004330098 -0.02069765 0.004749953 -0.004095733 -0.02032977 0.004749953 -0.003830194 -0.01998376 0.004749953 -0.003535509 -0.01966214 0.004749953 -0.003213882 -0.01936745 0.004749953 0.009249985 -0.01121914 0.004749953 0.0078184 -0.01196438 0.004749953 0.01786959 1.4142e-5 0.004749953 -0.004531502 -0.02531075 0.004749953 -0.004698455 -0.02490776 0.004749953 -0.004829585 -0.02449178 0.004749953 0.0151543 -0.00580883 0.004749953 0.01417177 -0.007089257 0.004749953 0.01308143 -0.008279144 0.004749953 0.006327331 -0.012582 0.004749953 0.0047881 -0.0130673 0.004749953 0.003212451 -0.01341664 0.004749953 0.001612365 -0.01362729 0.004749953 -4.35779e-4 -0.01821672 0.004749953 0 -0.01819765 0.004749953 4.35779e-4 -0.01821672 0.004749953 0.002867877 -0.01910191 0.004749953 0.003213882 -0.01936745 0.004749953 0.003535509 -0.01966214 0.004749953 0.004531502 -0.02531075 0.004749953 0.004330098 -0.0256977 0.004749953 0.01676666 -0.003016114 0.004749953 0.01602143 -0.004447698 0.004749953 0.01189154 -0.009369492 0.004749953 0.01061111 -0.01035201 0.004749953 -0.0047881 -0.0130673 0.004749953 -0.006327331 -0.012582 0.004749953 -0.01106315 -0.01990252 0.004749953 -0.0078184 -0.01196438 0.004749953 -0.012138 -0.01966369 0.004749953 -0.009249985 -0.01121914 0.004749953 -0.01311182 -0.01936805 0.004749953 0.01131397 -0.01985341 0.004749953 0.01240688 -0.0195887 0.004749953 0.004095733 -0.02606558 0.004749953 0.003830194 -0.02641159 0.004749953 0.003535509 -0.02673321 0.004749953 0.003213882 -0.0270279 0.004749953 0.002867877 -0.02729344 0.004749953 -0.01417177 -0.007089257 0.004749953 -0.0151543 -0.00580883 0.004749953 -0.0201556 -0.01019769 0.004749953 -0.01602143 -0.004447698 0.004749953 -0.01676666 -0.003016114 0.004749953 -0.01821893 0.001589775 0.004749953 -0.0201556 0.004802286 0.004749953 -0.01786959 1.4142e-5 0.004749953 -0.01738429 -0.001525044 0.004749953 0.003830194 -0.01998376 0.004749953 0.004095733 -0.02032977 0.004749953 0.004330098 -0.02069765 0.004749953 0.004999995 -0.02319771 0.004749953 0.004980921 -0.02363348 0.004749953 -0.01635187 -0.01764911 0.004749953 -0.01565057 -0.01814007 0.004749953 -0.01061111 -0.01035201 0.004749953 -0.01487302 -0.01859784 0.004749953 -0.01402348 -0.01901119 0.004749953 -0.01824188 -0.01577067 0.004749953 -0.01773279 -0.01638257 0.004749953 -0.01189154 -0.009369492 0.004749953 -0.017165 -0.01696163 0.004749953 -0.01698964 -0.01712256 0.004749953 -0.01968073 -0.01307839 0.004749953 -0.01940715 -0.0137909 0.004749953 -0.01308143 -0.008279144 0.004749953 -0.01907539 -0.01447814 0.004749953 -0.01868963 -0.01513385 0.004749953 -0.02012801 -0.01090496 0.004749953 -0.02003914 -0.01164048 0.004749953 -0.0198909 -0.01236015 0.004749953 0.004531502 -0.0210846 0.004749953 0.004698455 -0.02148759 0.004749953 0.004829585 -0.02190357 0.004749953 0.004923999 -0.02232944 0.004749953 0.004980921 -0.02276188 0.004749953 0.004923999 -0.02406591 0.004749953 0.004829585 -0.02449178 0.004749953 0.004698455 -0.02490776 0.004749953 -0.01842957 0.003189861 0.004749953 -0.01849997 0.004802286 0.004749953 -0.02007889 0.006558954 0.004749953 -0.01842957 0.006414651 0.004749953 -0.01984941 0.008302271 0.004749953 -0.01821893 0.008014738 0.004749953 -0.01946884 0.01001894 0.004749953 -0.01786959 0.009590446 0.004749953 -0.01894009 0.01169592 0.004749953 -0.01738429 0.01112961 0.004749953 -0.01826721 0.01332038 0.004749953 -0.01676666 0.01262068 0.004749953 -0.01745527 0.01488012 0.004749953 -0.01602143 0.01405227 0.004749953 -0.01651048 0.01636308 0.004749953 -0.0151543 0.01541346 0.004749953 -0.0154401 0.01775807 0.004749953 -0.01417177 0.01669383 0.004749953 -0.01425218 0.01905447 0.004749953 -0.01308143 0.01788371 0.004749953 -0.01295578 0.02024239 0.004749953 -0.01189154 0.01897406 0.004749953 -0.01156079 0.02131283 0.004749953 -0.01061111 0.01995658 0.004749953 -0.01007777 0.02225756 0.004749953 -0.009249985 0.02082371 0.004749953 -0.008518099 0.0230695 0.004749953 -0.0078184 0.02156895 0.004749953 -0.006893634 0.02374237 0.004749953 -0.006327331 0.02218657 0.004749953 -0.005216658 0.02427113 0.004749953 -0.0047881 0.02267187 0.004749953 -0.003499984 0.0246517 0.004749953 -0.003212451 0.02302122 0.004749953 -0.001756668 0.02488124 0.004749953 -0.001612365 0.02323186 0.004749953 0 0.02495789 0.004749953 0 0.02330225 0.004749953 0.001756668 0.02488124 0.004749953 0.001612365 0.02323186 0.004749953 0.003499984 0.0246517 0.004749953 0.003212451 0.02302122 0.004749953 0.005216658 0.02427113 0.004749953 0.0047881 0.02267187 0.004749953 0.006893634 0.02374237 0.004749953 0.006327331 0.02218657 0.004749953 0.008518099 0.0230695 0.004749953 0.0078184 0.02156895 0.004749953 0.01007777 0.02225756 0.004749953 0.009249985 0.02082371 0.004749953 0.01156079 0.02131283 0.004749953 0.01061111 0.01995658 0.004749953 0.01295578 0.02024239 0.004749953 0.01189154 0.01897406 0.004749953 0.01425218 0.01905447 0.004749953 0.01308143 0.01788371 0.004749953 0.0154401 0.01775807 0.004749953 0.01417177 0.01669383 0.004749953 0.01651048 0.01636308 0.004749953 0.0151543 0.01541346 0.004749953 0.01745527 0.01488012 0.004749953 0.01602143 0.01405227 0.004749953 0.01826721 0.01332038 0.004749953 0.01676666 0.01262068 0.004749953 0.01894009 0.01169592 0.004749953 0.01738429 0.01112961 0.004749953 0.01946884 0.01001894 0.004749953 0.01786959 0.009590446 0.004749953 0.01984941 0.008302271 0.004749953 0.01821893 0.008014738 0.004749953 0.02007889 0.006558954 0.004749953 0.01842957 0.006414651 0.004749953 0.01849997 0.004802286 0.004749953 0.01597052 -0.01792836 0.004749953 0.01670038 -0.01737302 0.004749953 0.01978522 -0.01275038 0.004749953 0.0133804 -0.01927083 0.004749953 0.01426005 -0.01890522 0.004749953 0.02009034 -0.01127654 0.004749953 0.01996862 -0.01201933 0.004749953 0.0188502 -0.0148729 0.004749953 0.01923096 -0.01417315 0.004749953 0.01954144 -0.01346457 0.004749953 0.0151562 -0.01844263 0.004749953 0.01732134 -0.01681071 0.004749953 0.01789081 -0.01620095 0.004749953 0.01840162 -0.01555281 0.004749953 0.01007777 -0.2448022 0.02999997 -0.01007777 -0.2448022 0.02999997 0.01007777 -0.2443665 0.02998095 -0.01007777 -0.2443665 0.02998095 0.01007777 -0.243934 0.02992403 -0.01007777 -0.243934 0.02992403 0.01007777 -0.2435082 0.02982962 -0.01007777 -0.2435082 0.02982962 0.01007777 -0.2430922 0.02969843 -0.01007777 -0.2430922 0.02969843 0.01007777 -0.2426892 0.02953153 -0.01007777 -0.2426892 0.02953153 0.01007777 -0.2423022 0.02933007 -0.01007777 -0.2423022 0.02933007 0.01007777 -0.2419344 0.0290957 -0.01007777 -0.2419344 0.0290957 0.01007777 -0.2415883 0.02883017 -0.01007777 -0.2415883 0.02883017 0.01007777 -0.2412667 0.02853548 -0.01007777 -0.2412667 0.02853548 0.01007777 -0.2409721 0.02821391 -0.01007777 -0.2409721 0.02821391 0.01007777 -0.2407065 0.02786785 -0.01007777 -0.2407065 0.02786785 0.01007777 -0.2404721 0.02749997 -0.01007777 -0.2404721 0.02749997 0.01007777 -0.2402707 0.02711308 -0.01007777 -0.2402707 0.02711308 0.01007777 -0.2401038 0.02671009 -0.01007777 -0.2401038 0.02671009 0.01007777 -0.2399727 0.02629405 -0.01007777 -0.2399727 0.02629405 0.01007777 -0.2398782 0.02586823 -0.01007777 -0.2398782 0.02586823 0.01007777 -0.2398213 0.02543574 -0.01007777 -0.2398213 0.02543574 0.01007777 -0.2398023 0.02499997 -0.01007777 -0.2398023 0.02499997 -0.01007777 -0.2448022 0.01049995 0.01007777 -0.2448022 0.01049995 -0.01007777 -0.2443665 0.01051902 0.01007777 -0.2443665 0.01051902 -0.01007777 -0.243934 0.01057595 0.01007777 -0.243934 0.01057595 -0.01007777 -0.2435082 0.01067036 0.01007777 -0.2435082 0.01067036 -0.01007777 -0.2430922 0.01080149 0.01007777 -0.2430922 0.01080149 -0.01007777 -0.2426892 0.01096844 0.01007777 -0.2426892 0.01096844 -0.01007777 -0.2423022 0.01116985 0.01007777 -0.2423022 0.01116985 -0.01007777 -0.2419344 0.01140421 0.01007777 -0.2419344 0.01140421 -0.01007777 -0.2415883 0.01166975 0.01007777 -0.2415883 0.01166975 -0.01007777 -0.2412667 0.01196444 0.01007777 -0.2412667 0.01196444 -0.01007777 -0.2409721 0.01228606 0.01007777 -0.2409721 0.01228606 -0.01007777 -0.2407065 0.01263207 0.01007777 -0.2407065 0.01263207 -0.01007777 -0.2404721 0.01299995 0.01007777 -0.2404721 0.01299995 -0.01007777 -0.2402707 0.0133869 0.01007777 -0.2402707 0.0133869 -0.01007777 -0.2401038 0.01378989 0.01007777 -0.2401038 0.01378989 -0.01007777 -0.2399727 0.01420587 0.01007777 -0.2399727 0.01420587 -0.01007777 -0.2398782 0.01463174 0.01007777 -0.2398782 0.01463174 -0.01007777 -0.2398213 0.01506417 0.01007777 -0.2398213 0.01506417 -0.01007777 -0.2398023 0.01549994 0.01007777 -0.2398023 0.01549994 0.01007777 -0.2298023 0.03499996 -0.01007777 -0.2298023 0.03499996 -0.01007777 -0.2298213 0.03543573 0.01007777 -0.2298213 0.03543573 -0.01007777 -0.2298783 0.03586822 0.01007777 -0.2298783 0.03586822 -0.01007777 -0.2299726 0.03629404 0.01007777 -0.2299726 0.03629404 -0.01007777 -0.2301038 0.03671008 0.01007777 -0.2301038 0.03671008 -0.01007777 -0.2302708 0.03711307 0.01007777 -0.2302708 0.03711307 -0.01007777 -0.2304722 0.03749996 0.01007777 -0.2304722 0.03749996 -0.01007777 -0.2307065 0.03786784 0.01007777 -0.2307065 0.03786784 -0.01007777 -0.2309721 0.0382139 0.01007777 -0.2309721 0.0382139 -0.01007777 -0.2312667 0.03853553 0.01007777 -0.2312667 0.03853553 -0.01007777 -0.2315883 0.03883022 0.01007777 -0.2315883 0.03883022 -0.01007777 -0.2319344 0.03909575 0.01007777 -0.2319344 0.03909575 -0.01007777 -0.2323023 0.03933012 0.01007777 -0.2323023 0.03933012 -0.01007777 -0.2326892 0.03953152 0.01007777 -0.2326892 0.03953152 -0.01007777 -0.2330921 0.03969842 0.01007777 -0.2330921 0.03969842 -0.01007777 -0.2335082 0.03982961 0.01007777 -0.2335082 0.03982961 -0.01007777 -0.2339341 0.03992402 0.01007777 -0.2339341 0.03992402 -0.01007777 -0.2343665 0.03998094 0.01007777 -0.2343665 0.03998094 -0.01007777 -0.2348023 0.03999996 0.01007777 -0.2348023 0.03999996 0.01007777 -0.2348023 5e-4 -0.01007777 -0.2348023 5e-4 -0.01007777 -0.2343665 5.19026e-4 0.01007777 -0.2343665 5.19026e-4 -0.01007777 -0.2339341 5.75961e-4 0.01007777 -0.2339341 5.75961e-4 -0.01007777 -0.2335082 6.70371e-4 0.01007777 -0.2335082 6.70371e-4 -0.01007777 -0.2330921 8.01537e-4 0.01007777 -0.2330921 8.01537e-4 -0.01007777 -0.2326892 9.68461e-4 0.01007777 -0.2326892 9.68461e-4 -0.01007777 -0.2323023 0.00116986 0.01007777 -0.2323023 0.00116986 -0.01007777 -0.2319344 0.001404225 0.01007777 -0.2319344 0.001404225 -0.01007777 -0.2315883 0.001669764 0.01007777 -0.2315883 0.001669764 -0.01007777 -0.2312667 0.001964449 0.01007777 -0.2312667 0.001964449 -0.01007777 -0.2309721 0.002286016 0.01007777 -0.2309721 0.002286016 -0.01007777 -0.2307065 0.002632081 0.01007777 -0.2307065 0.002632081 -0.01007777 -0.2304722 0.002999961 0.01007777 -0.2304722 0.002999961 -0.01007777 -0.2302708 0.003386855 0.01007777 -0.2302708 0.003386855 -0.01007777 -0.2301038 0.003789842 0.01007777 -0.2301038 0.003789842 -0.01007777 -0.2299726 0.004205882 0.01007777 -0.2299726 0.004205882 -0.01007777 -0.2298783 0.004631757 0.01007777 -0.2298783 0.004631757 -0.01007777 -0.2298213 0.005064189 0.01007777 -0.2298213 0.005064189 -0.01007777 -0.2298023 0.005499958 0.01007777 -0.2298023 0.005499958 -0.01007777 -0.3360259 5e-4 -0.01009672 -0.3364604 5e-4 -0.01015329 -0.3368916 5e-4 -0.01024717 -0.3373162 5e-4 -0.01037752 -0.3377311 5e-4 -0.01054352 -0.3381331 5e-4 -0.01074373 -0.3385192 5e-4 -0.01097679 -0.3388863 5e-4 -0.01124089 -0.3392319 5e-4 -0.01153397 -0.3395531 5e-4 -0.01185387 -0.3398478 5e-4 -0.01219815 -0.3401134 5e-4 -0.01256424 -0.3403482 5e-4 -0.01294934 -0.3405503 5e-4 -0.01335054 -0.3407181 5e-4 -0.01007777 -0.3360259 0.03999996 -0.01009672 -0.3364604 0.03999996 -0.01015329 -0.3368916 0.03999996 -0.01024717 -0.3373162 0.03999996 -0.01037752 -0.3377311 0.03999996 -0.01054352 -0.3381331 0.03999996 -0.01074373 -0.3385192 0.03999996 -0.01097679 -0.3388863 0.03999996 -0.01124089 -0.3392319 0.03999996 -0.01153397 -0.3395531 0.03999996 -0.01185387 -0.3398478 0.03999996 -0.01219815 -0.3401134 0.03999996 -0.01256424 -0.3403482 0.03999996 -0.01294934 -0.3405503 0.03999996 -0.01335054 -0.3407181 0.03999996 0.01334929 -0.3407175 0.03999996 0.01294821 -0.3405496 0.03999996 0.01256328 -0.3403475 0.03999996 0.01219731 -0.3401127 0.03999996 0.01185315 -0.339847 0.03999996 0.01153337 -0.3395524 0.03999996 0.01124036 -0.3392311 0.03999996 0.01097643 -0.3388856 0.03999996 0.01074349 -0.3385185 0.03999996 0.01054328 -0.3381325 0.03999996 0.0103774 -0.3377306 0.03999996 0.01024711 -0.3373158 0.03999996 0.01015329 -0.3368912 0.03999996 0.01009672 -0.3364602 0.03999996 0.01007777 -0.3360258 0.03999996 0.01334929 -0.3407175 5e-4 0.01294821 -0.3405496 5e-4 0.01256328 -0.3403475 5e-4 0.01219731 -0.3401127 5e-4 0.01185315 -0.339847 5e-4 0.01153337 -0.3395524 5e-4 0.01124036 -0.3392311 5e-4 0.01097643 -0.3388856 5e-4 0.01074349 -0.3385185 5e-4 0.01054328 -0.3381325 5e-4 0.0103774 -0.3377306 5e-4 0.01024711 -0.3373158 5e-4 0.01015329 -0.3368912 5e-4 0.01009672 -0.3364602 5e-4 0.01007777 -0.3360258 5e-4 0.0201556 -0.3498023 0.03999996 0.02012777 -0.3490893 0.03999996 0.02003812 -0.348348 0.03999996 0.01988923 -0.3476278 0.03999996 0.01968079 -0.3469199 0.03999996 0.01941007 -0.3462172 0.03999996 0.01907455 -0.3455204 0.03999996 0.01868182 -0.3448529 0.03999996 0.01824039 -0.3442271 0.03999996 0.01813548 -0.344093 0.03999996 0.01761138 -0.3434871 0.03999996 0.01702487 -0.3429104 0.03999996 0.01637369 -0.3423663 0.03999996 0.01566714 -0.3418678 0.03999996 0.0149126 -0.3414215 0.03999996 0.01408326 -0.3410149 0.03999996 0.0201556 -0.3648023 0.03999996 -0.0201556 -0.3648023 0.03999996 -0.02007889 -0.366559 0.03999996 -0.01984941 -0.3683023 0.03999996 -0.01946884 -0.370019 0.03999996 -0.01894009 -0.3716959 0.03999996 -0.01826721 -0.3733204 0.03999996 -0.01745527 -0.3748801 0.03999996 -0.01651048 -0.3763631 0.03999996 -0.0154401 -0.3777581 0.03999996 -0.01425218 -0.3790545 0.03999996 -0.01295578 -0.3802424 0.03999996 -0.01156079 -0.3813128 0.03999996 -0.01007777 -0.3822576 0.03999996 -0.008518099 -0.3830695 0.03999996 -0.006893634 -0.3837424 0.03999996 -0.005216658 -0.3842712 0.03999996 -0.003499984 -0.3846517 0.03999996 -0.001756668 -0.3848812 0.03999996 0 -0.3849579 0.03999996 0.001756668 -0.3848812 0.03999996 0.003499984 -0.3846517 0.03999996 0.005216658 -0.3842712 0.03999996 0.006893634 -0.3837424 0.03999996 0.008518099 -0.3830695 0.03999996 0.01007777 -0.3822576 0.03999996 0.01156079 -0.3813128 0.03999996 0.01295578 -0.3802424 0.03999996 0.01425218 -0.3790545 0.03999996 0.0154401 -0.3777581 0.03999996 0.01651048 -0.3763631 0.03999996 0.01745527 -0.3748801 0.03999996 0.01826721 -0.3733204 0.03999996 0.01894009 -0.3716959 0.03999996 0.01946884 -0.370019 0.03999996 0.01984941 -0.3683023 0.03999996 0.02007889 -0.366559 0.03999996 -0.0201556 -0.3498023 0.03999996 -0.01423692 -0.3410841 0.03999996 -0.01505041 -0.3414971 0.03999996 -0.01587164 -0.3420035 0.03999996 -0.0166074 -0.3425509 0.03999996 -0.01726496 -0.3431341 0.03999996 -0.01785326 -0.3437534 0.03999996 -0.01835256 -0.344377 0.03999996 -0.01879698 -0.3450384 0.03999996 -0.01918143 -0.3457286 0.03999996 -0.0195043 -0.3464429 0.03999996 -0.01976102 -0.3471688 0.03999996 -0.01995128 -0.3478967 0.03999996 -0.02007925 -0.3486325 0.03999996 -0.02014553 -0.349376 0.03999996 -0.005162179 -0.3574299 0.03999996 -0.004499971 -0.357008 0.03999996 -0.003078162 -0.3563451 0.03999996 -0.002329349 -0.356109 0.03999996 0.003803551 -0.3566455 0.03999996 0.005785048 -0.3579079 0.03999996 0.006363928 -0.3584383 0.03999996 0.005162179 -0.3574299 0.03999996 -0.001562833 -0.355939 0.03999996 0.002329349 -0.356109 0.03999996 0.001562833 -0.355939 0.03999996 0.007372319 -0.3596401 0.03999996 0.007794201 -0.3603023 0.03999996 -0.003803551 -0.3566455 0.03999996 -7.84402e-4 -0.3558365 0.03999996 0 -0.3558023 0.03999996 7.84402e-4 -0.3558365 0.03999996 0.003078162 -0.3563451 0.03999996 0.004499971 -0.357008 0.03999996 0.00689435 -0.3590172 0.03999996 0.008156716 -0.3609987 0.03999996 0.008457183 -0.3617241 0.03999996 0.008693277 -0.3624729 0.03999996 0.00886327 -0.3632395 0.03999996 -0.008156716 -0.3609987 0.03999996 -0.007794201 -0.3603023 0.03999996 -0.007372319 -0.3596401 0.03999996 -0.00689435 -0.3590172 0.03999996 -0.006363928 -0.3584383 0.03999996 -0.005785048 -0.3579079 0.03999996 0.00896573 -0.3640179 0.03999996 0.008999943 -0.3648023 0.03999996 0.00896573 -0.3655867 0.03999996 0.00886327 -0.3663651 0.03999996 0.008693277 -0.3671317 0.03999996 0.008457183 -0.3678805 0.03999996 0.008156716 -0.3686059 0.03999996 0.007794201 -0.3693023 0.03999996 0.007372319 -0.3699645 0.03999996 0.00689435 -0.3705874 0.03999996 0.006363928 -0.3711662 0.03999996 0.005785048 -0.3716967 0.03999996 0.005162179 -0.3721746 0.03999996 0.004499971 -0.3725965 0.03999996 0.003803551 -0.3729591 0.03999996 0.003078162 -0.3732595 0.03999996 0.002329349 -0.3734956 0.03999996 0.001562833 -0.3736656 0.03999996 7.84402e-4 -0.373768 0.03999996 0 -0.3738023 0.03999996 -7.84402e-4 -0.373768 0.03999996 -0.001562833 -0.3736656 0.03999996 -0.002329349 -0.3734956 0.03999996 -0.003078162 -0.3732595 0.03999996 -0.003803551 -0.3729591 0.03999996 -0.004499971 -0.3725965 0.03999996 -0.005162179 -0.3721746 0.03999996 -0.005785048 -0.3716967 0.03999996 -0.006363928 -0.3711662 0.03999996 -0.00689435 -0.3705874 0.03999996 -0.007372319 -0.3699645 0.03999996 -0.007794201 -0.3693023 0.03999996 -0.008156716 -0.3686059 0.03999996 -0.008457183 -0.3678805 0.03999996 -0.008693277 -0.3671317 0.03999996 -0.00886327 -0.3663651 0.03999996 -0.00896573 -0.3655867 0.03999996 -0.008999943 -0.3648023 0.03999996 -0.00896573 -0.3640179 0.03999996 -0.00886327 -0.3632395 0.03999996 -0.008693277 -0.3624729 0.03999996 -0.008457183 -0.3617241 0.03999996 -0.0201556 -0.01019769 0 -0.02012801 -0.01090496 0 -0.02003914 -0.01164048 0 -0.0198909 -0.01236015 0 -0.01968073 -0.01307839 0 -0.01940715 -0.0137909 0 -0.01907539 -0.01447814 0 -0.01868963 -0.01513385 0 -0.01824188 -0.01577067 0 -0.01773279 -0.01638257 0 -0.017165 -0.01696163 0 -0.01698964 -0.01712256 0 -0.01635187 -0.01764911 0 -0.01565057 -0.01814007 0 -0.01487302 -0.01859784 0 -0.01402348 -0.01901119 0 -0.01311182 -0.01936805 0 -0.012138 -0.01966369 0 -0.01106315 -0.01990252 0 -0.01007777 -0.02005261 0 -0.0201556 0.004802286 0 0.0201556 0.004802286 0 0.02007889 0.006558954 0 0.01984941 0.008302271 0 0.01946884 0.01001894 0 0.01894009 0.01169592 0 0.01826721 0.01332038 0 0.01745527 0.01488012 0 0.01651048 0.01636308 0 0.0154401 0.01775807 0 0.01425218 0.01905447 0 0.01295578 0.02024239 0 0.01156079 0.02131283 0 0.01007777 0.02225756 0 0.008518099 0.0230695 0 0.006893634 0.02374237 0 0.005216658 0.02427113 0 0.003499984 0.0246517 0 0.001756668 0.02488124 0 0 0.02495789 0 -0.001756668 0.02488124 0 -0.003499984 0.0246517 0 -0.005216658 0.02427113 0 -0.006893634 0.02374237 0 -0.008518099 0.0230695 0 -0.01007777 0.02225756 0 -0.01156079 0.02131283 0 -0.01295578 0.02024239 0 -0.01425218 0.01905447 0 -0.0154401 0.01775807 0 -0.01651048 0.01636308 0 -0.01745527 0.01488012 0 -0.01826721 0.01332038 0 -0.01894009 0.01169592 0 -0.01946884 0.01001894 0 -0.01984941 0.008302271 0 -0.02007889 0.006558954 0 0.01007777 -0.02005261 0 0.01131397 -0.01985341 0 0.01240688 -0.0195887 0 0.0133804 -0.01927083 0 0.01426005 -0.01890522 0 0.0151562 -0.01844263 0 0.01597052 -0.01792836 0 0.01670038 -0.01737302 0 0.01732134 -0.01681071 0 0.01789081 -0.01620095 0 0.01840162 -0.01555281 0 0.0188502 -0.0148729 0 0.01923096 -0.01417315 0 0.01954144 -0.01346457 0 0.01978522 -0.01275038 0 0.01996862 -0.01201933 0 0.02009034 -0.01127654 0 0.02014946 -0.01052844 0 0.0201556 -0.01019769 0 -0.01842957 0.003189861 0 -0.01821893 0.001589775 0 0.001294076 -0.01836806 0 8.68241e-4 -0.01827365 0 -0.0078184 -0.01196438 0 -0.01738429 -0.001525044 0 -0.01676666 -0.003016114 0 -0.004980921 -0.02363348 0 -0.004923999 -0.02406591 0 -0.002867877 -0.02729344 0 -0.002499997 -0.0275278 0 -0.01007777 -0.1201977 0 -0.002113044 -0.02772921 0 -0.001710057 -0.02789616 0 -0.001294076 -0.02802729 0 -8.68241e-4 -0.0281217 0 -0.004923999 -0.02232944 0 -0.004980921 -0.02276188 0 -0.004999995 -0.02319771 0 -0.01786959 1.4142e-5 0 -0.01189154 -0.009369492 0 8.68241e-4 -0.0281217 0 0.001294076 -0.02802729 0 0.01007777 -0.1201977 0 0.004829585 -0.02449178 0 0.004923999 -0.02406591 0 0.003830194 -0.01998376 0 0.003535509 -0.01966214 0 0.003213882 -0.01936745 0 0.002867877 -0.01910191 0 -0.01602143 -0.004447698 0 -0.0151543 -0.00580883 0 -0.01417177 -0.007089257 0 -0.01308143 -0.008279144 0 -0.009249985 -0.01121914 0 -0.003830194 -0.02641159 0 -0.004095733 -0.02606558 0 -0.004330098 -0.0256977 0 -0.003535509 -0.02673321 0 -0.003213882 -0.0270279 0 0.003213882 -0.0270279 0 0.002867877 -0.02729344 0 0.002499997 -0.0275278 0 0.002499997 -0.01886755 0 0.002113044 -0.01866614 0 0.001710057 -0.01849919 0 -0.001710057 -0.01849919 0 -0.002113044 -0.01866614 0 -0.002499997 -0.01886755 0 -0.002867877 -0.01910191 0 -0.003213882 -0.01936745 0 -0.003535509 -0.01966214 0 -0.01061111 -0.01035201 0 -0.006327331 -0.012582 0 -0.004829585 -0.02449178 0 -0.004698455 -0.02490776 0 -0.004531502 -0.02531075 0 -4.35779e-4 -0.02817863 0 0 -0.0281977 0 4.35779e-4 -0.02817863 0 0.001710057 -0.02789616 0 0.002113044 -0.02772921 0 0.004698455 -0.02148759 0 0.004531502 -0.0210846 0 4.35779e-4 -0.01821672 0 0 -0.01819765 0 -4.35779e-4 -0.01821672 0 -8.68241e-4 -0.01827365 0 -0.001294076 -0.01836806 0 -0.003830194 -0.01998376 0 -0.004095733 -0.02032977 0 -0.004330098 -0.02069765 0 -0.004531502 -0.0210846 0 -0.004698455 -0.02148759 0 -0.004829585 -0.02190357 0 0.01602143 -0.004447698 0 0.01676666 -0.003016114 0 0.003535509 -0.02673321 0 0.003830194 -0.02641159 0 0.004095733 -0.02606558 0 0.004980921 -0.02363348 0 0.004999995 -0.02319771 0 0.004980921 -0.02276188 0 0.004330098 -0.02069765 0 0.004095733 -0.02032977 0 -0.0047881 -0.0130673 0 -0.003212451 -0.01341664 0 -0.001612365 -0.01362729 0 0 -0.01369768 0 0.001612365 -0.01362729 0 0.003212451 -0.01341664 0 0.004330098 -0.0256977 0 0.004531502 -0.02531075 0 0.004698455 -0.02490776 0 0.004923999 -0.02232944 0 0.004829585 -0.02190357 0 0.01061111 -0.01035201 0 0.01738429 -0.001525044 0 0.01786959 1.4142e-5 0 0.01821893 0.001589775 0 0.009249985 -0.01121914 0 0.01417177 -0.007089257 0 0.0151543 -0.00580883 0 0.01308143 -0.008279144 0 0.01189154 -0.009369492 0 0.0047881 -0.0130673 0 0.006327331 -0.012582 0 0.0078184 -0.01196438 0 0.01842957 0.003189861 0 0.01849997 0.004802286 0 0.01842957 0.006414651 0 0.01821893 0.008014738 0 0.01786959 0.009590446 0 0.01738429 0.01112961 0 0.01676666 0.01262068 0 0.01602143 0.01405227 0 0.0151543 0.01541346 0 0.01417177 0.01669383 0 0.01308143 0.01788371 0 0.01189154 0.01897406 0 0.01061111 0.01995658 0 0.009249985 0.02082371 0 0.0078184 0.02156895 0 0.006327331 0.02218657 0 0.0047881 0.02267187 0 0.003212451 0.02302122 0 0.001612365 0.02323186 0 0 0.02330225 0 -0.001612365 0.02323186 0 -0.003212451 0.02302122 0 -0.0047881 0.02267187 0 -0.006327331 0.02218657 0 -0.0078184 0.02156895 0 -0.009249985 0.02082371 0 -0.01061111 0.01995658 0 -0.01189154 0.01897406 0 -0.01308143 0.01788371 0 -0.01417177 0.01669383 0 -0.0151543 0.01541346 0 -0.01602143 0.01405227 0 -0.01676666 0.01262068 0 -0.01738429 0.01112961 0 -0.01786959 0.009590446 0 -0.01821893 0.008014738 0 -0.01842957 0.006414651 0 -0.01849997 0.004802286 0 -0.01007777 -0.1101977 0.00999999 0.01007777 -0.1101977 0.00999999 -0.007660388 -0.1201977 0.02692782 -0.007071018 -0.1201977 0.02757102 -0.01007777 -0.1201977 0.03999996 0.004999995 -0.1201977 0.0291602 0.005735754 -0.1201977 0.02869147 0.01007777 -0.1201977 0.03999996 -0.006427824 -0.1201977 0.02816039 -0.005735754 -0.1201977 0.02869147 -0.004999995 -0.1201977 0.0291602 0.004226148 -0.1201977 0.02956306 -0.007660388 -0.1201977 0.01407212 -0.007071018 -0.1201977 0.01342892 -0.006427824 -0.1201977 0.01283955 -0.008191466 -0.1201977 0.01476418 -0.008660197 -0.1201977 0.01549994 -0.009063065 -0.1201977 0.01627379 -0.00939691 -0.1201977 0.01707977 -0.00965923 -0.1201977 0.01791179 -0.009848058 -0.1201977 0.01876348 -0.004226148 -0.1201977 0.02956306 -0.003420174 -0.1201977 0.02989691 -0.002588152 -0.1201977 0.03015923 0.009848058 -0.1201977 0.01876348 0.00965923 -0.1201977 0.01791179 0 -0.1201977 0.01049995 -8.71557e-4 -0.1201977 0.01053804 -0.001736462 -0.1201977 0.01065188 8.71557e-4 -0.1201977 0.0304619 0.001736462 -0.1201977 0.03034806 0.006427824 -0.1201977 0.02816039 0.007071018 -0.1201977 0.02757102 0.007660388 -0.1201977 0.02692782 -0.002588152 -0.1201977 0.01084071 -0.003420174 -0.1201977 0.01110303 -0.004226148 -0.1201977 0.01143687 -0.009961903 -0.1201977 0.0196284 -0.00999999 -0.1201977 0.0205 -0.009961903 -0.1201977 0.02137154 -0.009848058 -0.1201977 0.02223646 -0.001736462 -0.1201977 0.03034806 -8.71557e-4 -0.1201977 0.0304619 0 -0.1201977 0.03049999 0.002588152 -0.1201977 0.03015923 0.003420174 -0.1201977 0.02989691 0.00939691 -0.1201977 0.01707977 0.009063065 -0.1201977 0.01627379 0.008660197 -0.1201977 0.01549994 -0.004999995 -0.1201977 0.01183974 -0.005735754 -0.1201977 0.01230847 -0.00965923 -0.1201977 0.02308815 -0.00939691 -0.1201977 0.02392017 -0.009063065 -0.1201977 0.02472615 0.008191466 -0.1201977 0.02623575 0.008660197 -0.1201977 0.02549999 0.009063065 -0.1201977 0.02472615 0.00939691 -0.1201977 0.02392017 0.00965923 -0.1201977 0.02308815 0.009848058 -0.1201977 0.02223646 0.009961903 -0.1201977 0.02137154 0.00999999 -0.1201977 0.0205 0.009961903 -0.1201977 0.0196284 0.002588152 -0.1201977 0.01084071 0.001736462 -0.1201977 0.01065188 8.71557e-4 -0.1201977 0.01053804 -0.008660197 -0.1201977 0.02549999 -0.008191466 -0.1201977 0.02623575 0.008191466 -0.1201977 0.01476418 0.007660388 -0.1201977 0.01407212 0.007071018 -0.1201977 0.01342892 0.006427824 -0.1201977 0.01283955 0.005735754 -0.1201977 0.01230847 0.004999995 -0.1201977 0.01183974 0.004226148 -0.1201977 0.01143687 0.003420174 -0.1201977 0.01110303 0.0201556 0.004802286 0.03999996 0.0201556 -0.01019769 0.03999996 8.71557e-4 -0.2298023 0.0304619 0.001736462 -0.2298023 0.03034806 0.002588152 -0.2298023 0.03015923 0.003420174 -0.2298023 0.02989691 0.004226148 -0.2298023 0.02956306 0.004999995 -0.2298023 0.0291602 0.005735754 -0.2298023 0.02869147 0.006427824 -0.2298023 0.02816039 0.007071018 -0.2298023 0.02757102 0.007660388 -0.2298023 0.02692782 0.008191466 -0.2298023 0.02623575 0.008660197 -0.2298023 0.02549999 0.009063065 -0.2298023 0.02472615 0.00939691 -0.2298023 0.02392017 0.00965923 -0.2298023 0.02308815 0.009848058 -0.2298023 0.02223646 0.009961903 -0.2298023 0.02137154 0.00999999 -0.2298023 0.0205 0.009961903 -0.2298023 0.0196284 0.009848058 -0.2298023 0.01876348 0.00965923 -0.2298023 0.01791179 0.00939691 -0.2298023 0.01707977 0.009063065 -0.2298023 0.01627379 0.008660197 -0.2298023 0.01549994 0.008191466 -0.2298023 0.01476418 0.007660388 -0.2298023 0.01407212 0.007071018 -0.2298023 0.01342892 0.006427824 -0.2298023 0.01283955 0.005735754 -0.2298023 0.01230847 0.004999995 -0.2298023 0.01183974 0.004226148 -0.2298023 0.01143687 0.003420174 -0.2298023 0.01110303 0.002588152 -0.2298023 0.01084071 0.001736462 -0.2298023 0.01065188 8.71557e-4 -0.2298023 0.01053804 0 -0.2298023 0.01049995 -8.71557e-4 -0.2298023 0.01053804 -0.001736462 -0.2298023 0.01065188 -0.002588152 -0.2298023 0.01084071 -0.003420174 -0.2298023 0.01110303 -0.004226148 -0.2298023 0.01143687 -0.004999995 -0.2298023 0.01183974 -0.005735754 -0.2298023 0.01230847 -0.006427824 -0.2298023 0.01283955 -0.007071018 -0.2298023 0.01342892 -0.007660388 -0.2298023 0.01407212 -0.008191466 -0.2298023 0.01476418 -0.008660197 -0.2298023 0.01549994 -0.009063065 -0.2298023 0.01627379 -0.00939691 -0.2298023 0.01707977 -0.00965923 -0.2298023 0.01791179 -0.009848058 -0.2298023 0.01876348 -0.009961903 -0.2298023 0.0196284 -0.00999999 -0.2298023 0.0205 -0.009961903 -0.2298023 0.02137154 -0.009848058 -0.2298023 0.02223646 -0.00965923 -0.2298023 0.02308815 -0.00939691 -0.2298023 0.02392017 -0.009063065 -0.2298023 0.02472615 -0.008660197 -0.2298023 0.02549999 -0.008191466 -0.2298023 0.02623575 -0.007660388 -0.2298023 0.02692782 -0.007071018 -0.2298023 0.02757102 -0.006427824 -0.2298023 0.02816039 -0.005735754 -0.2298023 0.02869147 -0.004999995 -0.2298023 0.0291602 -0.004226148 -0.2298023 0.02956306 -0.003420174 -0.2298023 0.02989691 -0.002588152 -0.2298023 0.03015923 -0.001736462 -0.2298023 0.03034806 -8.71557e-4 -0.2298023 0.0304619 0 -0.2298023 0.03049999 0.008999943 -0.3648023 5e-4 0.00896573 -0.3640179 5e-4 0.00886327 -0.3632395 5e-4 0.008693277 -0.3624729 5e-4 0.008457183 -0.3617241 5e-4 0.008156716 -0.3609987 5e-4 0.007794201 -0.3603023 5e-4 0.007372319 -0.3596401 5e-4 0.00689435 -0.3590172 5e-4 0.006363928 -0.3584383 5e-4 0.005785048 -0.3579079 5e-4 0.005162179 -0.3574299 5e-4 0.004499971 -0.357008 5e-4 0.003803551 -0.3566455 5e-4 0.003078162 -0.3563451 5e-4 0.002329349 -0.356109 5e-4 0.001562833 -0.355939 5e-4 7.84402e-4 -0.3558365 5e-4 0 -0.3558023 5e-4 -7.84402e-4 -0.3558365 5e-4 -0.001562833 -0.355939 5e-4 -0.002329349 -0.356109 5e-4 -0.003078162 -0.3563451 5e-4 -0.003803551 -0.3566455 5e-4 -0.004499971 -0.357008 5e-4 -0.005162179 -0.3574299 5e-4 -0.005785048 -0.3579079 5e-4 -0.006363928 -0.3584383 5e-4 -0.00689435 -0.3590172 5e-4 -0.007372319 -0.3596401 5e-4 -0.007794201 -0.3603023 5e-4 -0.008156716 -0.3609987 5e-4 -0.008457183 -0.3617241 5e-4 -0.008693277 -0.3624729 5e-4 -0.00886327 -0.3632395 5e-4 -0.00896573 -0.3640179 5e-4 -0.008999943 -0.3648023 5e-4 -0.00896573 -0.3655867 5e-4 -0.00886327 -0.3663651 5e-4 -0.008693277 -0.3671317 5e-4 -0.008457183 -0.3678805 5e-4 -0.008156716 -0.3686059 5e-4 -0.007794201 -0.3693023 5e-4 -0.007372319 -0.3699645 5e-4 -0.00689435 -0.3705874 5e-4 -0.006363928 -0.3711662 5e-4 -0.005785048 -0.3716967 5e-4 -0.005162179 -0.3721746 5e-4 -0.004499971 -0.3725965 5e-4 -0.003803551 -0.3729591 5e-4 -0.003078162 -0.3732595 5e-4 -0.002329349 -0.3734956 5e-4 -0.001562833 -0.3736656 5e-4 -7.84402e-4 -0.373768 5e-4 0 -0.3738023 5e-4 7.84402e-4 -0.373768 5e-4 0.001562833 -0.3736656 5e-4 0.002329349 -0.3734956 5e-4 0.003078162 -0.3732595 5e-4 0.003803551 -0.3729591 5e-4 0.004499971 -0.3725965 5e-4 0.005162179 -0.3721746 5e-4 0.005785048 -0.3716967 5e-4 0.006363928 -0.3711662 5e-4 0.00689435 -0.3705874 5e-4 0.007372319 -0.3699645 5e-4 0.007794201 -0.3693023 5e-4 0.008156716 -0.3686059 5e-4 0.008457183 -0.3678805 5e-4 0.008693277 -0.3671317 5e-4 0.00886327 -0.3663651 5e-4 0.00896573 -0.3655867 5e-4 0.004999995 -0.02319771 0.03999996 0.004980921 -0.02276188 0.03999996 0.004923999 -0.02232944 0.03999996 0.004829585 -0.02190357 0.03999996 0.004698455 -0.02148759 0.03999996 0.004531502 -0.0210846 0.03999996 0.004330098 -0.02069765 0.03999996 0.004095733 -0.02032977 0.03999996 0.003830194 -0.01998376 0.03999996 0.003535509 -0.01966214 0.03999996 0.003213882 -0.01936745 0.03999996 0.002867877 -0.01910191 0.03999996 0.002499997 -0.01886755 0.03999996 0.002113044 -0.01866614 0.03999996 0.001710057 -0.01849919 0.03999996 0.001294076 -0.01836806 0.03999996 8.68241e-4 -0.01827365 0.03999996 4.35779e-4 -0.01821672 0.03999996 0 -0.01819765 0.03999996 -4.35779e-4 -0.01821672 0.03999996 -8.68241e-4 -0.01827365 0.03999996 -0.001294076 -0.01836806 0.03999996 -0.001710057 -0.01849919 0.03999996 -0.002113044 -0.01866614 0.03999996 -0.002499997 -0.01886755 0.03999996 -0.002867877 -0.01910191 0.03999996 -0.003213882 -0.01936745 0.03999996 -0.003535509 -0.01966214 0.03999996 -0.003830194 -0.01998376 0.03999996 -0.004095733 -0.02032977 0.03999996 -0.004330098 -0.02069765 0.03999996 -0.004531502 -0.0210846 0.03999996 -0.004698455 -0.02148759 0.03999996 -0.004829585 -0.02190357 0.03999996 -0.004923999 -0.02232944 0.03999996 -0.004980921 -0.02276188 0.03999996 -0.004999995 -0.02319771 0.03999996 -0.004980921 -0.02363348 0.03999996 -0.004923999 -0.02406591 0.03999996 -0.004829585 -0.02449178 0.03999996 -0.004698455 -0.02490776 0.03999996 -0.004531502 -0.02531075 0.03999996 -0.004330098 -0.0256977 0.03999996 -0.004095733 -0.02606558 0.03999996 -0.003830194 -0.02641159 0.03999996 -0.003535509 -0.02673321 0.03999996 -0.003213882 -0.0270279 0.03999996 -0.002867877 -0.02729344 0.03999996 -0.002499997 -0.0275278 0.03999996 -0.002113044 -0.02772921 0.03999996 -0.001710057 -0.02789616 0.03999996 -0.001294076 -0.02802729 0.03999996 -8.68241e-4 -0.0281217 0.03999996 -4.35779e-4 -0.02817863 0.03999996 0 -0.0281977 0.03999996 4.35779e-4 -0.02817863 0.03999996 8.68241e-4 -0.0281217 0.03999996 0.001294076 -0.02802729 0.03999996 0.001710057 -0.02789616 0.03999996 0.002113044 -0.02772921 0.03999996 0.002499997 -0.0275278 0.03999996 0.002867877 -0.02729344 0.03999996 0.003213882 -0.0270279 0.03999996 0.003535509 -0.02673321 0.03999996 0.003830194 -0.02641159 0.03999996 0.004095733 -0.02606558 0.03999996 0.004330098 -0.0256977 0.03999996 0.004531502 -0.02531075 0.03999996 0.004698455 -0.02490776 0.03999996 0.004829585 -0.02449178 0.03999996 0.004923999 -0.02406591 0.03999996 0.004980921 -0.02363348 0.03999996 0.01849997 0.004802286 0.03999996 0.01842957 0.006414651 0.03999996 0.01821893 0.008014738 0.03999996 0.01786959 0.009590446 0.03999996 0.01738429 0.01112961 0.03999996 0.01676666 0.01262068 0.03999996 0.01602143 0.01405227 0.03999996 0.0151543 0.01541346 0.03999996 0.01417177 0.01669383 0.03999996 0.01308143 0.01788371 0.03999996 0.01189154 0.01897406 0.03999996 0.01061111 0.01995658 0.03999996 0.009249985 0.02082371 0.03999996 0.0078184 0.02156895 0.03999996 0.006327331 0.02218657 0.03999996 0.0047881 0.02267187 0.03999996 0.003212451 0.02302122 0.03999996 0.001612365 0.02323186 0.03999996 0 0.02330225 0.03999996 -0.001612365 0.02323186 0.03999996 -0.003212451 0.02302122 0.03999996 -0.0047881 0.02267187 0.03999996 -0.006327331 0.02218657 0.03999996 -0.0078184 0.02156895 0.03999996 -0.009249985 0.02082371 0.03999996 -0.01061111 0.01995658 0.03999996 -0.01189154 0.01897406 0.03999996 -0.01308143 0.01788371 0.03999996 -0.01417177 0.01669383 0.03999996 -0.0151543 0.01541346 0.03999996 -0.01602143 0.01405227 0.03999996 -0.01676666 0.01262068 0.03999996 -0.01738429 0.01112961 0.03999996 -0.01786959 0.009590446 0.03999996 -0.01821893 0.008014738 0.03999996 -0.01842957 0.006414651 0.03999996 -0.01849997 0.004802286 0.03999996 -0.01842957 0.003189861 0.03999996 -0.01821893 0.001589775 0.03999996 -0.01786959 1.4142e-5 0.03999996 -0.01738429 -0.001525044 0.03999996 -0.01676666 -0.003016114 0.03999996 -0.01602143 -0.004447698 0.03999996 -0.0151543 -0.00580883 0.03999996 -0.01417177 -0.007089257 0.03999996 -0.01308143 -0.008279144 0.03999996 -0.01189154 -0.009369492 0.03999996 -0.01061111 -0.01035201 0.03999996 -0.009249985 -0.01121914 0.03999996 -0.0078184 -0.01196438 0.03999996 -0.006327331 -0.012582 0.03999996 -0.0047881 -0.0130673 0.03999996 -0.003212451 -0.01341664 0.03999996 -0.001612365 -0.01362729 0.03999996 0 -0.01369768 0.03999996 0.001612365 -0.01362729 0.03999996 0.003212451 -0.01341664 0.03999996 0.0047881 -0.0130673 0.03999996 0.006327331 -0.012582 0.03999996 0.0078184 -0.01196438 0.03999996 0.009249985 -0.01121914 0.03999996 0.01061111 -0.01035201 0.03999996 0.01189154 -0.009369492 0.03999996 0.01308143 -0.008279144 0.03999996 0.01417177 -0.007089257 0.03999996 0.0151543 -0.00580883 0.03999996 0.01602143 -0.004447698 0.03999996 0.01676666 -0.003016114 0.03999996 0.01738429 -0.001525044 0.03999996 0.01786959 1.4142e-5 0.03999996 0.01821893 0.001589775 0.03999996 0.01842957 0.003189861 0.03999996 -0.01007777 -0.02005261 0.03999996 -0.01007777 -0.1101977 0.02999997 0.01007777 -0.02005261 0.03999996 0.01007777 -0.1101977 0.02999997 0.02014946 -0.01052844 0.03999996 0.02009034 -0.01127654 0.03999996 0.01923096 -0.01417315 0.03999996 0.01954144 -0.01346457 0.03999996 0.01978522 -0.01275038 0.03999996 0.01996862 -0.01201933 0.03999996 0.0151562 -0.01844263 0.03999996 0.01597052 -0.01792836 0.03999996 -0.0201556 -0.01019769 0.03999996 0.0188502 -0.0148729 0.03999996 0.01840162 -0.01555281 0.03999996 0.01670038 -0.01737302 0.03999996 0.01732134 -0.01681071 0.03999996 0.01789081 -0.01620095 0.03999996 0.01131397 -0.01985341 0.03999996 0.01240688 -0.0195887 0.03999996 0.0133804 -0.01927083 0.03999996 0.01426005 -0.01890522 0.03999996 -0.01062422 -0.01997691 0.03999996 -0.0201556 0.004802286 0.03999996 -0.0127539 -0.0194863 0.03999996 -0.01174604 -0.01976066 0.03999996 -0.02007889 0.006558954 0.03999996 -0.01984941 0.008302271 0.03999996 -0.01946884 0.01001894 0.03999996 -0.01894009 0.01169592 0.03999996 -0.01826721 0.01332038 0.03999996 -0.01745527 0.01488012 0.03999996 -0.01651048 0.01636308 0.03999996 -0.0154401 0.01775807 0.03999996 -0.01425218 0.01905447 0.03999996 -0.01295578 0.02024239 0.03999996 -0.01156079 0.02131283 0.03999996 -0.01007777 0.02225756 0.03999996 -0.008518099 0.0230695 0.03999996 -0.006893634 0.02374237 0.03999996 -0.005216658 0.02427113 0.03999996 -0.003499984 0.0246517 0.03999996 -0.001756668 0.02488124 0.03999996 0 0.02495789 0.03999996 0.001756668 0.02488124 0.03999996 0.003499984 0.0246517 0.03999996 0.005216658 0.02427113 0.03999996 0.006893634 0.02374237 0.03999996 0.008518099 0.0230695 0.03999996 0.01007777 0.02225756 0.03999996 0.01156079 0.02131283 0.03999996 0.01295578 0.02024239 0.03999996 0.01425218 0.01905447 0.03999996 0.0154401 0.01775807 0.03999996 0.01651048 0.01636308 0.03999996 0.01745527 0.01488012 0.03999996 0.01826721 0.01332038 0.03999996 0.01894009 0.01169592 0.03999996 0.01946884 0.01001894 0.03999996 0.01984941 0.008302271 0.03999996 0.02007889 0.006558954 0.03999996 -0.01609623 -0.01783764 0.03999996 -0.01536595 -0.01831728 0.03999996 -0.01456052 -0.01875966 0.03999996 -0.01368612 -0.01915305 0.03999996 -0.02012801 -0.01090508 0.03999996 -0.02003914 -0.0116406 0.03999996 -0.01989084 -0.01236027 0.03999996 -0.01968067 -0.01307851 0.03999996 -0.01824182 -0.01577079 0.03999996 -0.01773267 -0.01638269 0.03999996 -0.01716488 -0.01696175 0.03999996 -0.01675593 -0.01732558 0.03999996 -0.01940709 -0.01379102 0.03999996 -0.01907533 -0.01447826 0.03999996 -0.01868957 -0.01513397 0.03999996 -0.01424515 -0.3410878 5e-4 -0.01506364 -0.3415045 5e-4 -0.0158143 -0.3419648 5e-4 -0.0165075 -0.3424706 5e-4 -0.01864564 -0.3447995 5e-4 -0.01904499 -0.3454678 5e-4 -0.01938128 -0.3461514 5e-4 -0.01821124 -0.3441894 5e-4 -0.01770293 -0.3435848 5e-4 -0.01713812 -0.3430136 5e-4 -0.02012157 -0.3490196 5e-4 -0.0201556 -0.3498023 5e-4 0.01778829 -0.3436807 5e-4 0.01719075 -0.3430643 5e-4 0.01653301 -0.3424913 5e-4 0.01423823 -0.3410848 5e-4 0.01505494 -0.3414997 5e-4 0.0157929 -0.3419504 5e-4 -0.02002662 -0.3482844 5e-4 -0.01987135 -0.3475599 5e-4 -0.01965612 -0.3468481 5e-4 -0.0201556 -0.3648023 5e-4 0.01914447 -0.3456541 5e-4 0.01875835 -0.3449735 5e-4 0.01830208 -0.3443084 5e-4 -0.02007889 -0.366559 5e-4 -0.01984941 -0.3683023 5e-4 -0.01946884 -0.370019 5e-4 -0.01894009 -0.3716959 5e-4 -0.01826721 -0.3733204 5e-4 -0.01745527 -0.3748801 5e-4 -0.01651048 -0.3763631 5e-4 -0.0154401 -0.3777581 5e-4 -0.01425218 -0.3790545 5e-4 -0.01295578 -0.3802424 5e-4 -0.01156079 -0.3813128 5e-4 -0.01007777 -0.3822576 5e-4 -0.008518099 -0.3830695 5e-4 -0.006893634 -0.3837424 5e-4 -0.005216658 -0.3842712 5e-4 -0.003499984 -0.3846517 5e-4 -0.001756668 -0.3848812 5e-4 0 -0.3849579 5e-4 0.001756668 -0.3848812 5e-4 0.003499984 -0.3846517 5e-4 0.005216658 -0.3842712 5e-4 0.006893634 -0.3837424 5e-4 0.008518099 -0.3830695 5e-4 0.01007777 -0.3822576 5e-4 0.01156079 -0.3813128 5e-4 0.01295578 -0.3802424 5e-4 0.01425218 -0.3790545 5e-4 0.0154401 -0.3777581 5e-4 0.01651048 -0.3763631 5e-4 0.01745527 -0.3748801 5e-4 0.01826721 -0.3733204 5e-4 0.01894009 -0.3716959 5e-4 0.01946884 -0.370019 5e-4 0.01984941 -0.3683023 5e-4 0.02007889 -0.366559 5e-4 0.0201556 -0.3648023 5e-4 0.0201556 -0.3498023 5e-4 0.02014124 -0.3492887 5e-4 0.02006936 -0.3485537 5e-4 0.01946938 -0.3463574 5e-4 0.01973658 -0.3470896 5e-4 0.01993602 -0.347824 5e-4</float_array>
          <technique_common>
            <accessor source="#chassis_to_trapezoid_both_side_double_eye-mesh-positions-array" count="2014" stride="3">
              <param name="X" type="float"/>
              <param name="Y" type="float"/>
              <param name="Z" type="float"/>
            </accessor>
          </technique_common>
        </source>
        <source id="chassis_to_trapezoid_both_side_double_eye-mesh-normals">
          <float_array id="chassis_to_trapezoid_both_side_double_eye-mesh-normals-array" count="7290">0 -0.644397 0.7646911 0 -0.6444247 0.7646678 0 -0.579285 0.8151252 0 -0.5102557 0.8600227 0 -0.4377415 0.899101 0 -0.4377636 0.8990902 0 -0.3622875 0.9320664 0 -0.3622686 0.9320738 0 -0.2843595 0.9587178 0 -0.2044934 0.978868 0 -0.2045046 0.9788657 0 -0.1232588 0.9923746 0 -0.04118353 0.9991517 0 -0.04117655 0.9991519 0 -0.6443957 -0.7646923 0 -0.6444234 -0.764669 0 -0.5792853 -0.8151249 0 -0.5102565 -0.8600222 0 -0.4377406 -0.8991013 0 -0.4377627 -0.8990907 0 -0.362289 -0.9320658 0 -0.3622701 -0.9320732 0 -0.2843579 -0.9587182 0 -0.2044934 -0.978868 0 -0.2045046 -0.9788657 0 -0.1232594 -0.9923745 0 -0.04118406 -0.9991517 0 -0.04117715 -0.9991519 0 0.6444061 -0.7646836 0 0.6444026 -0.7646864 0 0.5792919 -0.8151202 0 0.5792952 -0.8151178 0 0.5102535 -0.8600241 0 0.5102596 -0.8600205 0 0.4377516 -0.899096 0 0.4377544 -0.8990947 0 0.3622843 -0.9320676 0 0.3622866 -0.9320667 0 0.284356 -0.9587188 0 0.2045003 -0.9788665 0 0.2045032 -0.9788659 0 0.1232585 -0.9923747 0 0.04118001 -0.9991518 0 0.04117971 -0.9991518 0 0.6444074 0.7646824 0 0.6444039 0.7646853 0 0.5792915 0.8151205 0 0.5792949 0.8151181 0 0.5102522 0.8600249 0 0.5102584 0.8600212 0 0.437753 0.8990954 0 0.4377558 0.8990939 0 0.3622823 0.9320685 0 0.3622847 0.9320676 0 0.2843581 0.9587181 0 0.2045003 0.9788665 0 0.2045032 0.9788659 0 0.1232579 0.9923747 0 0.04117947 0.9991518 0 0.04117918 0.9991518 0 0.1232576 -0.9923748 0 0.1232594 -0.9923745 0 0.2045018 -0.9788662 0 0.2843562 -0.9587187 0 0.28436 -0.9587176 0 0.3622823 -0.9320685 0 0.4377572 -0.8990933 0 0.5102549 -0.8600233 0 0.6444053 -0.7646842 0 0.04117888 0.9991519 0 0.1232576 0.9923748 0 0.1232594 0.9923745 0 0.2045018 0.9788662 0 0.2843551 0.958719 0 0.2843589 0.9587179 0 0.3622833 0.9320681 0 0.4377581 0.8990929 0 0.4377526 0.8990955 0 0.5102557 0.8600227 0 0.5792912 0.8151207 0 0.5792945 0.8151184 0 -0.04118174 -0.9991517 0 -0.04117947 -0.9991518 0 -0.28436 -0.9587176 0 -0.3622681 -0.932074 0 -0.3622871 -0.9320666 0 -0.5102549 -0.8600233 0 -0.5102303 -0.8600379 0 -0.5793118 -0.8151061 0 -0.6443983 -0.76469 0 -0.04118061 0.9991517 0 -0.04117834 0.9991519 0 -0.1232594 0.9923745 0 -0.2843589 0.9587179 0 -0.3622691 0.9320737 0 -0.362288 0.9320662 0 -0.5102311 0.8600374 0 -0.5793111 0.8151066 0 0 -1 9.18311e-7 0 -1 1.21255e-6 0 -1 -1.58609e-5 0 -1 -8.11504e-6 0 -1 8.11504e-6 0 -1 -3.70244e-6 0 -1 1.67056e-5 0 -1 -8.15387e-6 0 -1 5.82566e-6 0 -1 7.91189e-6 0 -1 -7.48118e-7 0 -1 6.85758e-6 0 -1 -7.90739e-6 0 -1 1.47934e-6 0 -1 8.57306e-6 0 -1 -7.31764e-6 0 -1 2.7181e-6 0 -1 2.04119e-6 0 -1 1.44684e-5 0 -1 -2.04068e-6 0 -1 7.97703e-6 0 -1 -3.99081e-6 0 -1 -1.98942e-6 0 -1 5.76798e-7 0 -1 -3.03352e-6 0 -1 6.35084e-6 0 -1 -9.18317e-7 0 -1 3.10829e-5 0 -1 -4.52071e-6 0 -1 4.43826e-6 0 -1 -1.5867e-5 0 -1 -1.5034e-5 0 -1 -4.59293e-7 0 -1 -3.38544e-7 0 -1 1.50729e-6 0 -1 4.66557e-6 0 -1 -4.92126e-6 0 -1 -2.04042e-6 0 -1 1.65856e-7 0 -1 4.21568e-7 0 -1 -8.31559e-7 0 -1 -1.4852e-6 0 -1 -3.32588e-6 0 -1 6.65247e-6 0 -1 2.97025e-6 0 -1 6.65194e-6 0 -1 -6.65194e-6 0 -1 -2.97025e-6 0 -1 -1.48513e-6 0 -1 1.66312e-6 0 -1 -3.71264e-7 0 -1 4.17691e-7 0 -1 -8.31471e-7 0 -1 3.71281e-7 0 -1 0 0 1 5.76781e-7 0 1 5.09658e-7 0 1 0 0 1 -3.6177e-7 0 1 -4.17898e-7 0 1 8.9616e-7 0 1 -6.60956e-7 0 1 -5.28765e-7 0 1 1.38429e-7 0 1 0 0 1 2.26423e-7 0 1 -2.79202e-7 0 1 0 0 1 -1.50625e-6 0 1 1.01438e-6 0 1 -1.01438e-6 0 1 1.28882e-7 0 1 8.53755e-7 0 1 3.43561e-7 0 1 -5.74491e-7 0 1 5.22969e-7 0 1 -1.0747e-6 0 1 9.76868e-7 0 1 1.56963e-7 0 1 1.81391e-6 0 1 -8.64544e-7 0 1 2.08373e-7 0 1 -5.76781e-7 0 1 0 0 1 -8.20662e-7 0 1 -9.35547e-7 0 1 -1.85641e-7 0 1 2.07868e-7 0 1 3.71281e-7 0 1 -8.31471e-7 0 1 -3.71281e-7 0 1 -3.7129e-7 0 1 8.31515e-7 0 1 -8.31493e-7 0 1 8.31493e-7 0 1 -3.71281e-7 0 1 3.71283e-7 0 1 8.31471e-7 0 1 8.31427e-7 0 1 -8.31559e-7 0 1 1.85641e-7 0 1 0 0 1 0 0 1 2.55639e-7 0 1 -5.87417e-7 0 1 1.25724e-6 0 1 1.88411e-7 0 1 -1.75084e-6 0 1 7.18863e-6 0 -1 -9.80018e-7 0 -1 -1.61207e-5 0 -1 -5.22227e-6 0 -1 8.5117e-7 0 -1 -2.55849e-6 0 -1 4.83829e-6 0 -1 1.54153e-6 0 -1 9.43966e-6 0 -1 -6.81403e-6 0 -1 4.07223e-6 0 -1 9.52308e-6 0 -1 -4.61808e-6 0 -1 9.23617e-6 0 -1 -8.92789e-6 0 -1 -7.67722e-6 0 -1 5.87364e-6 0 -1 -2.94542e-6 0 -1 -1.0092e-6 0 -1 -1.8242e-6 0 -1 -3.67064e-6 0 -1 8.58557e-7 0 -1 -7.5137e-6 0 -1 -2.03677e-6 0 -1 -1.10649e-5 0 -1 5.38946e-6 0 -1 -2.04301e-6 0 -1 -7.72802e-7 0 -1 -2.66748e-7 0 -1 7.72802e-7 0 -1 4.66065e-6 0 -1 1.69549e-6 0 -1 -4.06076e-6 0 -1 6.22491e-6 0 -1 -2.37135e-6 0 -1 5.08718e-6 0 -1 6.18983e-7 0 -1 4.25691e-7 0 -1 5.96288e-6 0 -1 3.94476e-6 0 -1 -4.67418e-7 0 -1 1.81782e-5 0 -1 -1.60277e-5 0 -1 5.45604e-6 0 -1 -3.41622e-6 0 -1 7.54852e-7 0 -1 1.60277e-5 0 -1 7.67019e-6 0 -1 1.01819e-6 0 -1 -1.54254e-6 0 -1 2.30043e-6 0 -1 3.00386e-6 0 -1 -3.00386e-6 0 -1 -3.40695e-7 0 -1 3.40695e-6 0 -1 6.81389e-7 0 -1 -1.36278e-6 0 -1 -1.36278e-6 0 -1 2.72556e-6 0 -1 2.72556e-6 0 -1 -2.72556e-6 0 -1 5.00335e-6 0 -1 -2.72556e-6 0 -1 5.00335e-6 0 -1 -2.72556e-6 0 -1 -2.72555e-6 0 -1 2.50168e-6 0 -1 -2.72555e-6 0 -1 2.50167e-6 0 -1 -2.72557e-6 0 -1 -1.25083e-6 0 -1 -1.25084e-6 0 -1 -6.25417e-7 0 -1 -4.69064e-7 0 -1 1.36278e-6 0 -1 -2.50167e-6 0 -1 6.8139e-7 0 -1 6.8139e-7 0 -1 -2.50167e-6 0 -1 -3.40694e-7 0 -1 -7.50331e-6 0 1 -6.03088e-7 0 1 1.60751e-7 0 1 5.32114e-7 0 1 -3.24709e-7 0 1 -2.05028e-7 0 1 4.00193e-7 0 1 -1.87441e-7 0 1 6.60376e-6 0 1 -2.76445e-6 0 1 5.78568e-7 0 1 4.21374e-7 0 1 -3.77799e-7 0 1 1.69101e-7 0 1 -9.92247e-6 0 1 6.15281e-7 0 1 2.40017e-7 0 1 -2.50459e-7 0 1 -1.0149e-6 0 1 7.51237e-7 0 1 -2.81362e-6 0 1 3.06807e-6 0 1 0 0 1 2.27227e-6 0 1 -1.00173e-6 0 1 -5.40742e-7 0 1 0 0 1 -3.12416e-7 0 1 -5.01395e-7 0 1 1.79888e-6 0 1 0 0 1 -2.86808e-7 0 1 1.45077e-6 0 1 1.8385e-6 0 1 -6.11594e-7 0 1 1.4276e-7 0 1 7.81781e-7 0 1 -7.44919e-7 0 1 2.31638e-7 0 1 -7.43991e-7 0 1 4.20576e-7 0 1 -3.39499e-7 0 1 0 0 1 -1.88554e-6 0 1 4.24375e-7 0 1 -8.58557e-7 0 1 5.75107e-7 0 1 0 0 1 0 0 1 -4.22441e-7 0 1 8.70093e-7 0 1 1.29089e-7 0 1 0 0 1 -6.04792e-7 0 1 5.89085e-7 0 1 1.31618e-7 0 1 8.42493e-7 0 1 -7.70772e-7 0 1 6.60785e-7 0 1 1.87441e-7 0 1 -4.00193e-7 0 1 2.00346e-6 0 1 -1.62992e-6 0 1 7.50966e-7 0 1 -4.68455e-7 0 1 1.70347e-7 0 1 5.11042e-7 0 1 1.70347e-7 0 1 -3.40695e-7 0 1 3.40695e-7 0 1 -6.25417e-7 0 1 3.40695e-7 0 1 6.25419e-7 0 1 -6.81389e-7 0 1 3.12709e-7 0 1 -3.40695e-7 0 1 -2.93165e-7 0 1 1.95443e-7 0 1 -2.34532e-7 0 1 1.56355e-7 0 1 -1.70348e-7 0 1 -1.70347e-7 0 1 2.12934e-7 0 1 6.25418e-7 0 1 1.14413e-6 0 1 -1.60408e-6 0 1 1.24992e-6 0 1 -1.22908e-6 0 1 1.00848e-6 0 1 0 -0.04361653 -0.9990484 0 -0.1305186 -0.9914458 0 -0.1305324 -0.9914441 0 -0.2164477 -0.9762942 0 -0.3006798 -0.9537252 0 -0.3007102 -0.9537156 0 -0.3827033 -0.9238713 0 -0.3826659 -0.9238869 0 -0.4617246 -0.8870233 0 -0.461768 -0.8870008 0 -0.5373336 -0.8433697 0 -0.5372856 -0.8434004 0 -0.6087765 -0.7933419 0 -0.6087253 -0.7933811 0 -0.6755893 -0.7372782 0 -0.737257 -0.6756124 0 -0.7373098 -0.6755548 0 -0.7933422 -0.6087759 0 -0.8433987 -0.5372883 0 -0.8870086 -0.461753 0 -0.9238634 -0.3827226 0 -0.9239009 -0.3826322 0 -0.9537075 -0.300736 0 -0.9537379 -0.3006397 0 -0.9762783 -0.2165192 0 -0.9763008 -0.2164183 0 -0.9914473 -0.1305077 0 -0.9990472 -0.04364359 0 -0.9990519 -0.04353785 0 -0.04362076 0.9990482 0 -0.1305165 0.9914461 0 -0.1305302 0.9914444 0 -0.2164456 0.9762947 0 -0.3006818 0.9537246 0 -0.3007121 0.953715 0 -0.3827015 0.9238721 0 -0.3826641 0.9238876 0 -0.4617263 0.8870225 0 -0.4617697 0.8869999 0 -0.5373321 0.8433707 0 -0.5372841 0.8434014 0 -0.6087778 0.7933408 0 -0.6087266 0.7933801 0 -0.6755893 0.7372782 0 -0.737258 0.6756113 0 -0.7373108 0.6755537 0 -0.7933407 0.6087779 0 -0.8433993 0.5372873 0 -0.8870086 0.461753 0 -0.9238634 0.3827226 0 -0.9239009 0.3826322 0 -0.9537075 0.300736 0 -0.9537379 0.3006397 0 -0.9762783 0.2165192 0 -0.9763008 0.2164183 0 -0.9914473 0.1305077 0 -0.9990472 0.04364359 0 -0.9990519 0.04353785 0 0.9990472 0.04364377 0 0.9914475 0.1305066 0 0.9763005 0.2164192 0 0.9536775 0.3008311 0 0.9537383 0.3006384 0 0.9238634 0.3827226 0 0.9239009 0.3826322 0 0.8870086 0.461753 0 0.8433974 0.5372902 0 0.7933422 0.6087759 0 0.737259 0.6756103 0 0.7373117 0.6755527 0 0.6755847 0.7372825 0 0.608728 0.793379 0 0.6087792 0.7933399 0 0.5373367 0.8433679 0 0.5372887 0.8433984 0 0.4617246 0.8870233 0 0.461768 0.8870008 0 0.3826997 0.9238728 0 0.3826622 0.9238883 0 0.3007141 0.9537144 0 0.2164253 0.9762992 0 0.2164477 0.9762942 0 0.1305145 0.9914464 0 0.1305282 0.9914446 0 0.04361653 0.9990484 0 0.04361987 -0.9990482 0 0.1305307 -0.9914444 0 0.130517 -0.9914461 0 0.2164468 -0.9762945 0 0.2164244 -0.9762994 0 0.300711 -0.9537153 0 0.3826649 -0.9238873 0 0.3827023 -0.9238718 0 0.4617686 -0.8870005 0 0.4617252 -0.887023 0 0.5372849 -0.8434008 0 0.5373329 -0.8433703 0 0.6087781 -0.7933406 0 0.608727 -0.7933798 0 0.6755884 -0.737279 0 0.7373105 -0.675554 0 0.7372578 -0.6756116 0 0.7933413 -0.6087772 0 0.8433991 -0.5372878 0 0.8870086 -0.461753 0 0.9239007 -0.3826323 0 0.9238633 -0.3827228 0 0.953738 -0.3006392 0 0.9536772 -0.3008319 0 0.9763008 -0.2164185 0 0.9914474 -0.1305076 0 0.9990472 -0.04364359 -0.999054 0.04348796 0 -0.9990538 0.04349148 0 -0.9914954 0.1301426 0 -0.9914958 0.1301391 0 -0.9764381 0.215798 0 -0.9764381 0.2157981 0 -0.953989 0.2998416 0 -0.9539911 0.2998352 0 -0.9243248 0.381607 0 -0.924326 0.381604 0 -0.8876808 0.4604593 0 -0.8876823 0.4604566 0 -0.8442912 0.5358847 0 -0.8442928 0.5358822 0 -0.7945563 0.6071906 0 -0.7945597 0.6071861 0 -0.7387552 0.673974 0 -0.7387552 0.6739739 0 -0.6774097 0.735606 0 -0.6774079 0.7356076 0 -0.6109294 0.7916852 0 -0.610931 0.7916839 0 -0.539855 0.8417581 0 -0.4646256 0.8855072 0 -0.4646242 0.8855081 0 -0.3859491 0.9225201 0 -0.999054 0.04348796 0 -0.9990539 0.04349154 0 -0.9914953 0.1301428 0 -0.9914959 0.1301391 0 -0.9764379 0.2157984 0 -0.9764381 0.2157979 0 -0.9539889 0.299842 0 -0.9243246 0.3816073 0 -0.9243259 0.381604 0 -0.8876807 0.4604598 0 -0.844291 0.535885 0 -0.8442928 0.5358821 0 -0.7945579 0.6071885 0 -0.7387567 0.6739723 0 -0.7387554 0.6739738 0 -0.6774078 0.7356077 0 -0.6774096 0.7356061 0 -0.6109294 0.7916852 0 -0.6109311 0.7916839 0 -0.5398547 0.8417583 0 -0.5398553 0.8417579 0 -0.4646252 0.8855075 0 -0.4646255 0.8855074 0 -0.3859468 0.9225211 0 -0.3859489 0.9225202 0 0.3861737 0.9224262 0 0.3861708 0.9224273 0 0.4648578 0.8853853 0 0.4648575 0.8853855 0 0.5399908 0.841671 0 0.5399914 0.8416706 0 0.611115 0.7915419 0 0.6111173 0.7915402 0 0.6775482 0.7354784 0 0.7388882 0.6738281 0 0.7388886 0.6738277 0 0.7946265 0.6070986 0 0.7946263 0.6070991 0 0.8443522 0.5357885 0 0.8877325 0.4603596 0 0.887731 0.4603629 0 0.924362 0.3815167 0 0.9243631 0.381514 0 0.9540079 0.2997819 0 0.9540089 0.2997786 0 0.9764485 0.2157508 0 0.9764478 0.2157542 0 0.9914996 0.1301103 0 0.9914991 0.1301138 0 0.9990541 0.04348582 0 0.9990544 0.04347872 0 0.3861736 0.9224262 0 0.3861711 0.9224272 0 0.4648592 0.8853847 0 0.4648578 0.8853854 0 0.5399911 0.8416708 0 0.6111154 0.7915415 0 0.6111171 0.7915402 0 0.6775466 0.7354799 0 0.6775501 0.7354766 0 0.7388867 0.6738297 0 0.7388885 0.6738277 0 0.7946264 0.6070988 0 0.8443523 0.5357885 0 0.8443539 0.5357861 0 0.887731 0.4603627 0 0.887731 0.4603627 0 0.9243619 0.3815169 0 0.9243631 0.3815138 0 0.9540078 0.2997818 0 0.9540089 0.2997785 0 0.9764485 0.2157507 0 0.9764478 0.215754 0 0.9914992 0.1301137 0 0.9990541 0.04348582 0 0.9990544 0.04347878 0 0.9992381 0.03903061 0 0.9992382 0.03902626 0 0.9927694 0.1200375 0 0.9792966 0.2024312 0 0.9792957 0.2024351 0 0.9592818 0.2824511 0 0.9592796 0.2824584 0 0.9331499 0.3594877 0 0.9331498 0.359488 0 0.900946 0.4339314 0 0.9009461 0.433931 0 0.8618884 0.5070979 0 0.8171555 0.5764175 0 0.8171535 0.5764201 0 0.7877733 0.6159654 0 0.7877816 0.6159547 0 0.7563074 0.6542164 0 0.7563056 0.6542186 0 0.7010957 0.7130672 0 0.6412009 0.7673732 0 0.5764835 0.8171088 0 0.5764862 0.817107 0 0.5091401 0.8606837 0 0.5091416 0.8606828 0 0.4402576 0.8978716 0 0.4402562 0.8978722 0 0.3754615 0.926838 0 0.3754619 0.9268379 0 1 0 0 -0.9990482 -0.04362022 0 -0.9990483 -0.0436185 0 -0.9914448 -0.1305267 0 -0.9914451 -0.1305252 0 -0.976296 -0.2164397 0 -0.976296 -0.2164395 0 -0.9537168 -0.3007063 0 -0.9537175 -0.3007043 0 -0.9238786 -0.3826859 0 -0.9238791 -0.3826848 0 -0.8870097 -0.461751 0 -0.8870109 -0.4617486 0 -0.8433934 -0.5372965 0 -0.8433929 -0.5372974 0 -0.7933516 -0.6087639 0 -0.7933524 -0.6087628 0 -0.7372791 -0.6755883 0 -0.675589 -0.7372785 0 -0.6755881 -0.7372792 0 -0.6087582 -0.7933559 0 -0.6087586 -0.7933556 0 -0.5372993 -0.8433917 0 -0.5372998 -0.8433914 0 -0.4617568 -0.8870067 0 -0.4617561 -0.8870071 0 -0.3826757 -0.9238828 0 -0.3007085 -0.9537161 0 -0.3007091 -0.953716 0 -0.2164387 -0.9762963 0 -0.2164386 -0.9762963 0 -0.1305241 -0.9914451 0 -0.130524 -0.9914451 0 -0.0436266 -0.9990479 0 -0.04362666 -0.9990479 0 0.0436266 -0.9990479 0 0.04362666 -0.9990479 0 0.130524 -0.9914451 0 0.1305241 -0.9914451 0 0.2164386 -0.9762963 0 0.2164387 -0.9762963 0 0.3007087 -0.9537161 0 0.300709 -0.953716 0 0.3826757 -0.9238828 0 0.4617564 -0.8870068 0 0.4617564 -0.8870068 0 0.5372998 -0.8433914 0 0.5372993 -0.8433917 0 0.6087586 -0.7933556 0 0.6087582 -0.7933559 0 0.6755881 -0.7372792 0 0.675589 -0.7372785 0 0.7372791 -0.6755883 0 0.7933524 -0.6087628 0 0.7933516 -0.6087639 0 0.8433927 -0.5372979 0 0.8433936 -0.5372962 0 0.8870111 -0.4617483 0 0.8870095 -0.4617513 0 0.9238792 -0.3826844 0 0.9238784 -0.3826862 0 0.9537174 -0.3007047 0 0.9537169 -0.3007058 0 0.976296 -0.2164397 0 0.976296 -0.2164395 0 0.9914451 -0.1305249 0 0.9914448 -0.1305269 0 0.9990483 -0.0436185 0 0.9990482 -0.04362022 0 -1 0 0 -0.3816103 0.9243234 0 -0.4527077 0.891659 0 -0.4527073 0.8916592 0 -0.5248667 0.8511846 0 -0.5969364 0.8022886 0 -0.6635429 0.7481383 0 -0.6635451 0.7481364 0 -0.7250252 0.6887224 0 -0.7250234 0.6887243 0 -0.7805894 0.6250444 0 -0.7805898 0.6250439 0 -0.8300272 0.5577232 0 -0.8300269 0.5577236 0 -0.8736107 0.4866257 0 -0.8736075 0.4866312 0 -0.9112551 0.4118425 0 -0.9112535 0.4118461 0 -0.9427608 0.33347 0 -0.9427619 0.3334668 0 -0.9674951 0.2528899 0 -0.9674941 0.2528935 0 -0.9852156 0.1713193 0 -0.9852149 0.1713233 0 -0.9960502 0.0887925 0 -0.9960505 0.08878833 0 -0.9997204 0.02364975 0 -0.9997204 0.02364975 0 -5.14495e-7 0 1 -7.03552e-6 0 1 7.90739e-6 0 1 -7.95418e-6 0 1 4.80207e-6 0 1 3.75711e-6 0 1 2.80395e-5 0 1 1.33377e-6 0 1 9.87586e-6 0 1 -2.91283e-6 0 1 8.65198e-7 0 1 -6.78667e-6 0 1 7.90764e-6 0 1 -1.52411e-5 0 1 9.41763e-6 0 1 -9.78588e-6 0 1 9.77694e-6 0 1 -9.77694e-6 0 1 8.21863e-6 0 1 -6.78389e-6 0 1 4.48225e-7 0 1 -6.8014e-7 0 1 -1.65856e-7 0 1 -8.6716e-7 0 1 -1.45113e-5 0 1 8.01411e-6 0 1 -1.44709e-5 0 1 5.21561e-6 0 1 1.04901e-5 0 1 -5.54865e-6 0 1 4.38966e-6 0 1 2.30865e-6 0 1 -8.47573e-6 0 1 6.76261e-6 0 1 -1.48104e-5 0 1 1.52448e-5 0 1 -1.01645e-5 0 1 -5.43797e-6 0 1 2.61015e-5 0 1 1.45163e-5 0 1 -8.01488e-6 0 1 1.44701e-5 0 1 -6.35038e-6 0 1 -1.66294e-6 0 1 -3.32606e-6 0 1 -2.97025e-6 0 1 6.65177e-6 0 1 -2.97032e-6 0 1 1.48513e-6 0 1 -1.48513e-6 0 1 3.32571e-6 0 1 -7.42527e-7 0 1 -4.64102e-7 0 1 5.02897e-6 0 1 -1.80875e-6 0 1 -0.999239 -0.03900498 0 -0.9927802 -0.1199488 0 -0.9794368 -0.2017512 0 -0.9794377 -0.2017472 0 -0.9597549 -0.2808393 0 -0.933539 -0.358476 0 -0.9335364 -0.358483 0 -0.9005638 -0.4347237 0 -0.900567 -0.4347172 0 -0.8619138 -0.5070549 0 -0.8180516 -0.5751448 0 -0.8180553 -0.5751396 0 -0.7687027 -0.6396062 0 -0.7686989 -0.6396108 0 -0.7140302 -0.700115 0 -0.714032 -0.7001131 0 -0.6761165 -0.7367948 0 -0.6761101 -0.7368006 0 -0.6366429 -0.7711588 0 -0.6366447 -0.7711573 0 -0.5735229 -0.8191896 0 -0.5735213 -0.8191908 0 -0.5073048 -0.8617667 0 -0.5073063 -0.8617658 0 -0.4375419 -0.8991981 0 -0.4375432 -0.8991975 0 -0.3645331 -0.9311904 0 -0.364532 -0.9311909 0 -0.2904985 -0.9568755 0 -0.2168978 -0.9761943 0 -0.15056 -0.988601 0 0.9990482 0.04361993 0 0.9990484 0.0436182 0 0.9914448 0.130527 0 0.9914451 0.1305254 0 0.9762961 0.2164394 0 0.9762957 0.216441 0 0.9537167 0.3007068 0 0.9537177 0.3007037 0 0.9238796 0.3826835 0 0.8870109 0.4617487 0 0.8433917 0.5372993 0 0.8433909 0.5373005 0 0.7933533 0.6087616 0 0.7372785 0.675589 0 0.7372776 0.6755899 0 0.6755899 0.7372776 0 0.6087609 0.7933538 0 0.6087613 0.7933534 0 0.5373001 0.8433911 0 0.5372998 0.8433915 0 0.4617487 0.8870108 0 0.4617491 0.8870107 0 0.3826826 0.9238799 0 0.3826829 0.9238798 0 0.3007058 0.953717 0 0.3007059 0.9537169 0 0.2164397 0.976296 0 0.1305263 0.991445 0 0.1305263 0.991445 0 0.04361927 0.9990483 0 -0.04361927 0.9990483 0 -0.1305263 0.991445 0 -0.1305263 0.991445 0 -0.2164397 0.976296 0 -0.3007059 0.9537169 0 -0.3007058 0.953717 0 -0.3826829 0.9238798 0 -0.3826826 0.9238799 0 -0.4617491 0.8870107 0 -0.4617487 0.8870108 0 -0.5372998 0.8433915 0 -0.5373001 0.8433911 0 -0.6087613 0.7933534 0 -0.6087609 0.7933538 0 -0.6755899 0.7372776 0 -0.7372776 0.6755899 0 -0.7372785 0.675589 0 -0.7933533 0.6087616 0 -0.8433909 0.5373005 0 -0.8433917 0.5372993 0 -0.8870109 0.4617487 0 -0.9238796 0.3826835 0 -0.9537177 0.3007037 0 -0.9537167 0.3007068 0 -0.9762957 0.216441 0 -0.9762961 0.2164394 0 -0.9914451 0.1305254 0 -0.9914448 0.130527 0 -0.9990484 0.0436182 0 -0.9990482 0.04361993 0 0.159081 -0.9872655 0 0.1590813 -0.9872655 0 0.2353759 -0.9719045 0 0.2353762 -0.9719043 0 0.3103859 -0.9506107 0 0.3103863 -0.9506106 0 0.3838378 -0.9234007 0 0.3838389 -0.9234001 0 0.4586586 -0.8886126 0 0.5339922 -0.8454895 0 0.5339937 -0.8454886 0 0.605529 -0.7958234 0 0.6055274 -0.7958245 0 0.6712303 -0.7412489 0 0.6712285 -0.7412506 0 0.7308501 -0.6825381 0 0.7308483 -0.6825401 0 0.785402 -0.6189861 0 0.7854002 -0.6189883 0 0.8346876 -0.5507237 0 0.8346859 -0.5507264 0 0.8783928 -0.4779396 0 0.9159209 -0.4013591 0 0.9159223 -0.4013557 0 0.9463933 -0.3230169 0 0.9699477 -0.2433136 0 0.9699468 -0.2433174 0 0.9868322 -0.1617476 0 0.9868329 -0.1617437 0 0.9968894 -0.07881343 0 0.9968891 -0.07881748 0 0.9998286 -0.01851308 0 0 0 -1 0 0 -1 0 0 -1 0 0 -1 0 0 -1 0 0 -1 0 0 -1 0 0 -1 0 0 -1 0 0 -1 0 0 -1 0 0 -1 0 0 -1 0 0 -1 0 0 -1 0 0 -1 0 0 -1 0 0 -1 0 0 -1 0 0 -1 0 0 -1 0 0 -1 0 0 -1 0 0 -1 0 0 -1 0 0 -1 0 0 -1 0 0 -1 0 0 -1 0 0 -1 0 0 -1 0 0 -1 0 0 -1 0 0 -1 0 0 -1 0 0 -1 0 0 -1 0 0 -1 0 0 -1 0 0 -1 0 0 -1 0 0 -1 0 0 -1 0 0 -1 0 0 -1 0 0 -1 0 0 -1 0 0 -1 0 0 -1 0 0 -1 0 0 -1 0 0 -1 0 0 -1 0 0 -1 0 0 -1 0 0 -1 0 0 -1 0 0 -1 0 0 -1 0 0 -1 0 0 -1 0 0 -1 0 0 -1 0 0 -1 0 0 -1 0 0 -1 0 0 -1 0 0 -1 0 0 -1 0 0 -1 0 0 -1 0 0 -1 0 0 -1 0 -1 -6.28644e-6 0 -1 -1.12417e-5 0 -1 0 0 -1 -7.02609e-6 0 -1 1.11579e-5 0 -1 5.91024e-6 0 -1 1.39795e-6 0 -1 -3.50295e-6 0 -1 1.98236e-6 0 -1 -1.1231e-5 0 -1 -2.8667e-6 0 -1 -2.86372e-6 0 -1 3.13012e-6 0 -1 5.74453e-6 0 -1 -3.14322e-6 0 -1 -1.09338e-5 0 -1 1.30259e-5 0 -1 -6.71888e-6 0 -1 1.18844e-5 0 -1 -1.40388e-5 0 -1 -1.03875e-5 0 -1 1.0496e-5 0 -1 -4.03293e-6 0 -1 1.22967e-6 0 -1 3.71239e-6 0 -1 -2.09746e-6 0 -1 6.10473e-6 0 -1 -4.19493e-6 0 -1 2.95512e-6 0 -1 6.55999e-6 0 -1 1.04207e-5 0 -1 2.64956e-6 0.04362088 0 0.9990482 0.1305266 0 0.9914448 0.1305218 0 0.9914455 0.2164435 0 0.9762952 0.2164389 0 0.9762962 0.3007051 0 0.9537173 0.3826823 0 0.92388 0.3826825 0 0.9238799 0.4617515 0 0.8870094 0.4617476 0 0.8870115 0.5372971 0 0.8433932 0.5373006 0 0.8433909 0.6087628 0 0.7933523 0.6087629 0 0.7933524 0.6755878 0 0.7372796 0.6755931 0 0.7372747 0.7372781 0 0.6755895 0.7372758 0 0.6755919 0.793353 0 0.6087619 0.7933531 0 0.6087617 0.8433901 0 0.5373017 0.843393 0 0.5372971 0.8870102 0 0.4617499 0.8870112 0 0.4617478 0.9238795 0 0.3826836 0.9238796 0 0.3826836 0.953717 0 0.3007056 0.9537167 0 0.300707 0.9762963 0 0.2164387 0.976296 0 0.2164395 0.991445 0 0.1305263 0.991445 0 0.1305256 0.9990482 0 0.04361927 0.9990482 0 0.04361921 0.9990482 0 -0.04361927 0.9990482 0 -0.04361921 0.991445 0 -0.1305257 0.991445 0 -0.1305256 0.976296 0 -0.2164396 0.976296 0 -0.2164395 0.953717 0 -0.3007056 0.9537171 0 -0.3007056 0.9238795 0 -0.3826836 0.9238796 0 -0.3826836 0.8870107 0 -0.461749 0.8870108 0 -0.4617488 0.8433915 0 -0.5372995 0.8433917 0 -0.5372993 0.793353 0 -0.6087619 0.7933531 0 -0.6087617 0.737277 0 -0.6755906 0.7372781 0 -0.6755895 0.6755904 0 -0.7372772 0.6755892 0 -0.7372783 0.6087628 0 -0.7933523 0.6087613 0 -0.7933536 0.5372988 0 -0.843392 0.5373006 0 -0.8433909 0.4617476 0 -0.8870114 0.4617476 0 -0.8870115 0.3826844 0 -0.9238792 0.3826825 0 -0.9238799 0.3007073 0 -0.9537165 0.3007051 0 -0.9537173 0.2164412 0 -0.9762957 0.2164389 0 -0.9762962 0.1305242 0 -0.9914452 0.130529 0 -0.9914445 0.04362088 0 -0.9990482 0.04361599 0 -0.9990485 -0.04361599 0 -0.9990485 -0.04362088 0 -0.9990482 -0.130529 0 -0.9914445 -0.1305242 0 -0.9914452 -0.2164389 0 -0.9762963 -0.2164412 0 -0.9762957 -0.3007051 0 -0.9537173 -0.3007073 0 -0.9537165 -0.3826823 0 -0.92388 -0.3826845 0 -0.9238791 -0.4617476 0 -0.8870114 -0.4617476 0 -0.8870115 -0.5373005 0 -0.843391 -0.5372988 0 -0.843392 -0.6087612 0 -0.7933535 -0.6087629 0 -0.7933524 -0.6755892 0 -0.7372784 -0.6755905 0 -0.7372771 -0.7372781 0 -0.6755895 -0.737277 0 -0.6755906 -0.793353 0 -0.6087619 -0.7933531 0 -0.6087617 -0.8433915 0 -0.5372995 -0.8433917 0 -0.5372993 -0.8870107 0 -0.461749 -0.8870108 0 -0.4617488 -0.9238795 0 -0.3826836 -0.9238796 0 -0.3826836 -0.953717 0 -0.3007056 -0.9537171 0 -0.3007056 -0.976296 0 -0.2164396 -0.976296 0 -0.2164395 -0.991445 0 -0.1305257 -0.991445 0 -0.1305256 -0.9990482 0 -0.04361927 -0.9990482 0 -0.04361921 -0.9990482 0 0.04361927 -0.9990482 0 0.04361921 -0.991445 0 0.1305257 -0.9914448 0 0.1305262 -0.976296 0 0.2164396 -0.9762963 0 0.2164385 -0.9537166 0 0.3007071 -0.9537171 0 0.3007056 -0.9238795 0 0.3826836 -0.9238796 0 0.3826836 -0.8870113 0 0.461748 -0.8870103 0 0.4617498 -0.843393 0 0.5372973 -0.8433904 0 0.5373015 -0.793353 0 0.6087619 -0.7933531 0 0.6087617 -0.7372758 0 0.6755919 -0.7372781 0 0.6755895 -0.6755931 0 0.7372747 -0.6755879 0 0.7372795 -0.6087628 0 0.7933523 -0.6087629 0 0.7933524 -0.5373005 0 0.843391 -0.5372971 0 0.8433931 -0.4617476 0 0.8870114 -0.4617514 0 0.8870094 -0.3826823 0 0.92388 -0.3826825 0 0.9238799 -0.3007051 0 0.9537173 -0.2164389 0 0.9762963 -0.2164435 0 0.9762952 -0.1305218 0 0.9914455 -0.1305266 0 0.9914448 -0.04362088 0 0.9990482 -0.9990484 -0.04361748 0 -0.9990482 -0.04362136 0 -0.991445 -0.1305251 0 -0.991445 -0.1305252 0 -0.9762966 -0.2164375 0 -0.9762969 -0.2164357 0 -0.9537171 -0.3007056 0 -0.9537172 -0.3007053 0 -0.9238805 -0.3826812 0 -0.9238807 -0.3826809 0 -0.8870067 -0.4617567 0 -0.8870073 -0.4617555 0 -0.8433989 -0.537288 0 -0.8433987 -0.5372884 0 -0.793352 -0.6087633 0 -0.7933526 -0.6087625 0 -0.7372634 -0.6756055 0 -0.7372652 -0.6756034 0 -0.6755989 -0.7372694 0 -0.6755993 -0.7372691 0 -0.6087619 -0.7933531 0 -0.6087623 -0.7933528 0 -0.5372918 -0.8433965 0 -0.5372925 -0.843396 0 -0.4617525 -0.8870088 0 -0.4617525 -0.8870089 0 -0.382687 -0.9238781 0 -0.3826876 -0.9238779 0 -0.3007001 -0.9537189 0 -0.3007003 -0.9537187 0 -0.2164342 -0.9762973 0 -0.2164342 -0.9762973 0 -0.1305359 -0.9914437 0 -0.1305357 -0.9914437 0 -0.04361319 -0.9990485 0 0.04361319 -0.9990485 0 0.1305359 -0.9914437 0 0.1305357 -0.9914437 0 0.2164342 -0.9762973 0 0.2164342 -0.9762973 0 0.3006999 -0.9537189 0 0.3007005 -0.9537187 0 0.3826872 -0.923878 0 0.3826875 -0.923878 0 0.4617529 -0.8870087 0 0.4617521 -0.887009 0 0.5372918 -0.8433965 0 0.5372925 -0.843396 0 0.6087623 -0.7933528 0 0.6087619 -0.7933531 0 0.6755998 -0.7372685 0 0.6755984 -0.7372699 0 0.7372648 -0.6756039 0 0.7372638 -0.6756051 0 0.7933529 -0.608762 0 0.7933516 -0.6087637 0 0.8433989 -0.537288 0 0.8433987 -0.5372884 0 0.8870075 -0.4617552 0 0.8870065 -0.461757 0 0.9238805 -0.3826812 0 0.9238807 -0.3826809 0 0.9537171 -0.3007056 0 0.9537172 -0.3007053 0 0.9762969 -0.2164357 0 0.9762966 -0.2164375 0 0.991445 -0.1305251 0 0.991445 -0.1305252 0 0.9990482 -0.04362136 0 0.9990484 -0.04361748 0 0.9990484 0.04361748 0 0.9990482 0.04362136 0 0.991445 0.1305251 0 0.991445 0.1305252 0 0.9762966 0.2164375 0 0.9762969 0.2164357 0 0.9537137 0.3007162 0 0.9238805 0.3826812 0 0.9238807 0.3826809 0 0.8870146 0.4617415 0 0.8870154 0.4617399 0 0.8433877 0.5373056 0 0.843388 0.5373052 0 0.793352 0.6087633 0 0.7933526 0.6087625 0 0.7372812 0.6755861 0 0.7372822 0.675585 0 0.6755777 0.7372888 0 0.6755792 0.7372875 0 0.6087619 0.7933531 0 0.6087623 0.7933528 0 0.5373188 0.8433792 0 0.4617525 0.8870088 0 0.4617525 0.8870089 0 0.382655 0.9238914 0 0.3826547 0.9238915 0 0.3007346 0.9537079 0 0.3007345 0.953708 0 0.2164342 0.9762973 0 0.2164342 0.9762973 0 0.1305359 0.9914437 0 0.1305357 0.9914437 0 0.04361319 0.9990485 0 0.04361319 0.9990485 0 -0.04361319 0.9990485 0 -0.1305359 0.9914437 0 -0.1305357 0.9914437 0 -0.2164342 0.9762973 0 -0.2164342 0.9762973 0 -0.3007345 0.953708 0 -0.3007346 0.9537079 0 -0.3826551 0.9238913 0 -0.3826545 0.9238916 0 -0.4617529 0.8870087 0 -0.4617521 0.887009 0 -0.5373188 0.8433792 0 -0.6087623 0.7933528 0 -0.6087619 0.7933531 0 -0.6755786 0.7372879 0 -0.6755782 0.7372884 0 -0.7372826 0.6755845 0 -0.7372807 0.6755865 0 -0.7933529 0.608762 0 -0.7933516 0.6087637 0 -0.8433877 0.5373056 0 -0.843388 0.5373052 0 -0.8870154 0.4617399 0 -0.8870146 0.4617415 0 -0.9238805 0.3826812 0 -0.9238807 0.3826809 0 -0.9537137 0.3007162 0 -0.9762969 0.2164357 0 -0.9762966 0.2164375 0 -0.991445 0.1305251 0 -0.991445 0.1305252 0 -0.9990482 0.04362136 0 -0.9990484 0.04361748 0 -0.9990483 -0.04361939 0 -0.9990482 -0.04361939 0 -0.9914448 -0.130527 0 -0.9914451 -0.1305251 0 -0.9762965 -0.2164374 0 -0.9762969 -0.2164356 0 -0.9537171 -0.3007053 0 -0.9537172 -0.3007053 0 -0.9238806 -0.3826808 0 -0.8870066 -0.4617568 0 -0.8870075 -0.4617553 0 -0.8433988 -0.5372881 0 -0.7933519 -0.6087634 0 -0.7372647 -0.6756041 0 -0.6755988 -0.7372696 0 -0.6755992 -0.7372692 0 -0.6087623 -0.7933528 0 -0.6087628 -0.7933524 0 -0.537292 -0.8433963 0 -0.4617525 -0.8870089 0 -0.3826872 -0.923878 0 -0.3007002 -0.9537188 0 -0.3007003 -0.9537188 0 -0.2164341 -0.9762973 0 -0.2164341 -0.9762972 0 -0.1305358 -0.9914437 0 -0.04361319 -0.9990485 0 -0.04361319 -0.9990485 0 0.04361319 -0.9990485 0 0.1305359 -0.9914437 0 0.1305358 -0.9914437 0 0.2164341 -0.9762972 0 0.2164341 -0.9762973 0 0.3007002 -0.9537188 0 0.3007003 -0.9537188 0 0.3826872 -0.923878 0 0.4617525 -0.8870088 0 0.4617525 -0.8870089 0 0.537292 -0.8433963 0 0.6087627 -0.7933524 0 0.6755992 -0.7372692 0 0.6755987 -0.7372696 0 0.7372647 -0.6756041 0 0.7933519 -0.6087634 0 0.8433988 -0.5372881 0 0.8870074 -0.4617553 0 0.8870067 -0.4617568 0 0.9238806 -0.3826808 0 0.9537171 -0.3007053 0 0.9537172 -0.3007053 0 0.976297 -0.2164356 0 0.9762966 -0.2164375 0 0.991445 -0.1305251 0 0.9914448 -0.130527 0 0.9990483 -0.04361939 0 0.9990482 -0.04361939 0 0.9990483 0.04361939 0 0.9990482 0.04361939 0 0.9914448 0.130527 0 0.9914451 0.1305251 0 0.9762965 0.2164374 0 0.9762969 0.2164356 0 0.9238806 0.3826808 0 0.8870147 0.4617413 0 0.8870155 0.4617397 0 0.8433879 0.5373053 0 0.8433879 0.5373053 0 0.7933519 0.6087634 0 0.737282 0.6755852 0 0.737282 0.6755852 0 0.6755781 0.7372885 0 0.6755785 0.7372881 0 0.6087623 0.7933528 0 0.6087628 0.7933524 0 0.5373191 0.8433791 0 0.537319 0.8433791 0 0.4617525 0.8870089 0 0.3826549 0.9238914 0 0.3007347 0.9537078 0 0.3007347 0.9537079 0 0.2164341 0.9762973 0 0.2164341 0.9762972 0 0.1305358 0.9914437 0 0.04361319 0.9990485 0 -0.04361319 0.9990485 0 -0.1305359 0.9914437 0 -0.1305358 0.9914437 0 -0.2164341 0.9762972 0 -0.2164341 0.9762973 0 -0.3007347 0.9537078 0 -0.3007347 0.9537079 0 -0.3826549 0.9238914 0 -0.4617525 0.8870088 0 -0.4617525 0.8870089 0 -0.5373191 0.8433791 0 -0.537319 0.8433791 0 -0.6087627 0.7933524 0 -0.6755785 0.7372881 0 -0.6755781 0.7372885 0 -0.737282 0.6755852 0 -0.737282 0.6755852 0 -0.7933519 0.6087634 0 -0.8433879 0.5373053 0 -0.8433879 0.5373053 0 -0.8870155 0.4617397 0 -0.8870147 0.4617413 0 -0.9238806 0.3826808 0 -0.976297 0.2164356 0 -0.9762966 0.2164375 0 -0.991445 0.1305251 0 -0.9914448 0.130527 0 -0.9990483 0.04361939 0 -0.9990482 0.04361939 0 -0.9990482 -0.04362052 0 -0.9990484 -0.04361873 0 -0.9914451 -0.1305247 0 -0.9914449 -0.1305264 0 -0.9762964 -0.2164381 0 -0.9762957 -0.2164414 0 -0.9537171 -0.3007052 0 -0.9537167 -0.3007068 0 -0.9238801 -0.382682 0 -0.9238789 -0.382685 0 -0.8870112 -0.461748 0 -0.8870105 -0.4617493 0 -0.8433918 -0.5372992 0 -0.843391 -0.5373005 0 -0.7933529 -0.6087621 0 -0.7372773 -0.6755903 0 -0.737279 -0.6755884 0 -0.6755889 -0.7372785 0 -0.6087627 -0.7933525 0 -0.6087622 -0.7933527 0 -0.5373002 -0.843391 0 -0.5373007 -0.8433908 0 -0.461748 -0.8870112 0 -0.3826842 -0.9238792 0 -0.3826846 -0.9238792 0 -0.3007049 -0.9537173 0 -0.2164406 -0.9762958 0 -0.2164404 -0.9762958 0 -0.1305236 -0.9914452 0 -0.1305236 -0.9914452 0 -0.04362028 -0.9990482 0 -0.04362028 -0.9990482 0 0.04362028 -0.9990482 0 0.1305236 -0.9914452 0 0.1305236 -0.9914452 0 0.2164404 -0.9762958 0 0.2164406 -0.9762958 0 0.3007049 -0.9537173 0 0.3826846 -0.9238792 0 0.3826842 -0.9238792 0 0.461748 -0.8870112 0 0.5373007 -0.8433908 0 0.5373002 -0.843391 0 0.6087622 -0.7933527 0 0.6087627 -0.7933525 0 0.6755889 -0.7372785 0 0.737279 -0.6755884 0 0.7372773 -0.6755903 0 0.7933529 -0.6087621 0 0.843391 -0.5373005 0 0.8433918 -0.5372992 0 0.8870105 -0.4617493 0 0.8870112 -0.461748 0 0.9238789 -0.382685 0 0.9238801 -0.382682 0 0.9537167 -0.3007068 0 0.9537171 -0.3007052 0 0.9762957 -0.2164414 0 0.9762964 -0.2164381 0 0.9914449 -0.1305264 0 0.9914451 -0.1305247 0 0.9990484 -0.04361873 0 0.9990482 -0.04362052 0 0.9990482 0.04362052 0 0.9990484 0.04361873 0 0.9914451 0.1305242 0 0.9914449 0.1305259 0 0.9762962 0.216439 0 0.9762955 0.2164423 0 0.9537175 0.300704 0 0.9537171 0.3007056 0 0.9238801 0.382682 0 0.9238789 0.382685 0 0.8870112 0.461748 0 0.8870105 0.4617493 0 0.8433918 0.5372992 0 0.843391 0.5373005 0 0.7933529 0.6087621 0 0.7372773 0.6755903 0 0.737279 0.6755884 0 0.6755889 0.7372785 0 0.6087627 0.7933525 0 0.6087622 0.7933527 0 0.5373002 0.843391 0 0.5373007 0.8433908 0 0.461748 0.8870112 0 0.3826842 0.9238792 0 0.3826846 0.9238792 0 0.3007049 0.9537173 0 0.2164406 0.9762958 0 0.2164404 0.9762958 0 0.1305236 0.9914452 0 0.1305236 0.9914452 0 0.04362028 0.9990482 0 -0.04362028 0.9990482 0 -0.1305236 0.9914452 0 -0.1305236 0.9914452 0 -0.2164404 0.9762958 0 -0.2164406 0.9762958 0 -0.3007049 0.9537173 0 -0.3826846 0.9238792 0 -0.3826842 0.9238792 0 -0.461748 0.8870112 0 -0.5373007 0.8433908 0 -0.5373002 0.843391 0 -0.6087622 0.7933527 0 -0.6087627 0.7933525 0 -0.6755889 0.7372785 0 -0.737279 0.6755884 0 -0.7372773 0.6755903 0 -0.7933529 0.6087621 0 -0.843391 0.5373005 0 -0.8433918 0.5372992 0 -0.8870105 0.4617493 0 -0.8870112 0.461748 0 -0.9238789 0.382685 0 -0.9238801 0.382682 0 -0.9537171 0.3007056 0 -0.9537175 0.300704 0 -0.9762955 0.2164423 0 -0.9762962 0.216439 0 -0.9914449 0.1305259 0 -0.9914451 0.1305242 0 -0.9990484 0.04361873 0 -0.9990482 0.04362052 0 -0.9990482 -0.04362052 0 -0.9990484 -0.04361695 0 -0.9762964 -0.2164381 0 -0.976296 -0.2164396 0 -0.9537172 -0.3007054 0 -0.9537166 -0.300707 0 -0.9238796 -0.3826835 0 -0.887011 -0.4617484 0 -0.8870105 -0.4617493 0 -0.8433917 -0.5372993 0 -0.8433901 -0.5373018 0 -0.7933537 -0.608761 0 -0.7933529 -0.6087621 0 -0.7372782 -0.6755893 0 -0.7372778 -0.6755897 0 -0.6755892 -0.7372784 0 -0.6755896 -0.737278 0 -0.6087622 -0.7933528 0 -0.6087619 -0.793353 0 -0.5373002 -0.8433911 0 -0.5373008 -0.8433907 0 -0.461748 -0.8870111 0 -0.3826842 -0.9238793 0 -0.3826845 -0.9238792 0 -0.300705 -0.9537173 0 -0.2164407 -0.9762958 0 -0.2164403 -0.976296 0 -0.1305237 -0.9914453 0 -0.1305237 -0.9914452 0 -0.04362028 -0.9990482 0 0.04362028 -0.9990482 0 0.1305237 -0.9914452 0 0.1305237 -0.9914453 0 0.2164405 -0.9762958 0 0.2164404 -0.9762958 0 0.300705 -0.9537173 0 0.3826845 -0.9238792 0 0.3826842 -0.9238793 0 0.4617484 -0.887011 0 0.4617477 -0.8870114 0 0.5373002 -0.8433911 0 0.5373008 -0.8433907 0 0.6087614 -0.7933534 0 0.6087628 -0.7933524 0 0.67559 -0.7372776 0 0.6755887 -0.7372788 0 0.7372782 -0.6755893 0 0.7372778 -0.6755897 0 0.7933529 -0.6087621 0 0.7933537 -0.608761 0 0.8433901 -0.5373018 0 0.8433917 -0.5372993 0 0.8870103 -0.4617497 0 0.8870112 -0.461748 0 0.9238796 -0.3826835 0 0.9537166 -0.300707 0 0.9537172 -0.3007054 0 0.976296 -0.2164398 0 0.9762964 -0.2164379 0 0.9990484 -0.04361701 0 0.9990482 -0.04362046 0 0.9990482 0.04362052 0 0.9990484 0.04361695 0 0.991445 0.130526 0 0.9914449 0.1305257 0 0.9762962 0.2164388 0 0.9762958 0.2164407 0 0.9537177 0.3007039 0 0.9537169 0.300706 0 0.9238796 0.3826835 0 0.887011 0.4617484 0 0.8870105 0.4617493 0 0.8433917 0.5372993 0 0.8433901 0.5373018 0 0.7933537 0.608761 0 0.7933529 0.6087621 0 0.7372782 0.6755893 0 0.7372778 0.6755897 0 0.6755892 0.7372784 0 0.6755896 0.737278 0 0.6087622 0.7933528 0 0.6087619 0.793353 0 0.5373002 0.8433911 0 0.5373008 0.8433907 0 0.461748 0.8870111 0 0.3826842 0.9238793 0 0.3826845 0.9238792 0 0.300705 0.9537173 0 0.2164407 0.9762958 0 0.2164403 0.976296 0 0.1305237 0.9914453 0 0.1305237 0.9914452 0 0.04362028 0.9990482 0 0.04362028 0.9990482 0 -0.04362028 0.9990482 0 -0.1305237 0.9914452 0 -0.1305237 0.9914453 0 -0.2164405 0.9762958 0 -0.2164404 0.9762958 0 -0.300705 0.9537173 0 -0.3826845 0.9238792 0 -0.3826842 0.9238793 0 -0.4617484 0.887011 0 -0.4617477 0.8870114 0 -0.5373002 0.8433911 0 -0.5373008 0.8433907 0 -0.6087614 0.7933534 0 -0.6087628 0.7933524 0 -0.67559 0.7372776 0 -0.6755887 0.7372788 0 -0.7372782 0.6755893 0 -0.7372778 0.6755897 0 -0.7933529 0.6087621 0 -0.7933537 0.608761 0 -0.8433901 0.5373018 0 -0.8433917 0.5372993 0 -0.8870103 0.4617497 0 -0.8870112 0.461748 0 -0.9238796 0.3826835 0 -0.9537171 0.3007054 0 -0.9537174 0.3007044 0 -0.9762959 0.2164406 0 -0.9762962 0.2164391 0 -0.991445 0.130526 0 -0.9914449 0.1305257 0 -0.9990484 0.04361701 0 -0.9990482 0.04362046 0 -0.9990482 -0.04362094 0 -0.9990483 -0.04361903 0 -0.991445 -0.130525 0 -0.9914448 -0.1305269 0 -0.9762959 -0.2164401 0 -0.9537175 -0.300704 0 -0.9537165 -0.3007074 0 -0.9238794 -0.3826838 0 -0.8870118 -0.4617469 0 -0.8870102 -0.4617499 0 -0.7933528 -0.6087623 0 -0.7933546 -0.6087599 0 -0.7372766 -0.6755911 0 -0.7372775 -0.6755901 0 -0.6755902 -0.7372774 0 -0.6087614 -0.7933534 0 -0.6087619 -0.793353 0 -0.5372995 -0.8433915 0 -0.5372991 -0.8433919 0 -0.4617485 -0.8870109 0 -0.3826834 -0.9238796 0 -0.3826835 -0.9238795 0 -0.3007057 -0.9537169 0 -0.3007056 -0.9537171 0 -0.2164402 -0.976296 0 -0.1305257 -0.991445 0 -0.1305257 -0.991445 0 -0.04361975 -0.9990483 0 -0.04361975 -0.9990483 0 0.04361975 -0.9990483 0 0.1305257 -0.991445 0 0.1305257 -0.991445 0 0.2164402 -0.976296 0 0.2164403 -0.976296 0 0.3007056 -0.9537171 0 0.3007057 -0.9537169 0 0.3826835 -0.9238795 0 0.3826834 -0.9238796 0 0.4617485 -0.8870109 0 0.5372991 -0.8433919 0 0.5372995 -0.8433915 0 0.6087619 -0.793353 0 0.6755902 -0.7372774 0 0.7372775 -0.6755901 0 0.7372766 -0.6755911 0 0.7933546 -0.6087599 0 0.7933528 -0.6087623 0 0.8870102 -0.4617499 0 0.8870118 -0.4617469 0 0.9238794 -0.3826838 0 0.9537165 -0.3007074 0 0.9537175 -0.300704 0 0.9762959 -0.2164401 0 0.9914448 -0.1305269 0 0.991445 -0.130525 0 0.9990483 -0.04361903 0 0.9990482 -0.04362094 0 0.9990482 0.04362094 0 0.9990483 0.04361903 0 0.9914451 0.130525 0 0.9914448 0.1305269 0 0.9762959 0.21644 0 0.9537175 0.3007039 0 0.9537165 0.3007074 0 0.9238794 0.3826838 0 0.8870118 0.4617469 0 0.8870102 0.4617499 0 0.7933526 0.6087626 0 0.7933543 0.6087601 0 0.7372767 0.675591 0 0.6755905 0.7372772 0 0.6087611 0.7933537 0 0.6087615 0.7933533 0 0.5372999 0.8433913 0 0.5372995 0.8433916 0 0.4617485 0.8870109 0 0.3826834 0.9238796 0 0.3826835 0.9238795 0 0.3007057 0.9537169 0 0.3007056 0.9537171 0 0.2164397 0.9762961 0 0.2164396 0.9762961 0 0.1305263 0.9914449 0 0.1305263 0.9914449 0 0.04361915 0.9990483 0 -0.04361915 0.9990483 0 -0.1305263 0.9914449 0 -0.1305263 0.9914449 0 -0.2164396 0.9762961 0 -0.2164397 0.9762961 0 -0.3007056 0.9537171 0 -0.3007057 0.9537169 0 -0.3826835 0.9238795 0 -0.3826834 0.9238796 0 -0.4617485 0.8870109 0 -0.5372995 0.8433916 0 -0.5372999 0.8433913 0 -0.6087615 0.7933533 0 -0.6087611 0.7933537 0 -0.6755905 0.7372772 0 -0.7372767 0.675591 0 -0.7933543 0.6087601 0 -0.7933526 0.6087626 0 -0.8870102 0.4617499 0 -0.8870118 0.4617469 0 -0.9238794 0.3826838 0 -0.9537165 0.3007074 0 -0.9537175 0.3007039 0 -0.9762959 0.21644 0 -0.9914448 0.1305269 0 -0.9914451 0.130525 0 -0.9990483 0.04361903 0 -0.9990482 0.04362094 0 -0.9990482 -0.04362094 0 -0.9990484 -0.04361712 0 -0.9914448 -0.1305269 0 -0.991445 -0.130525 0 -0.976296 -0.2164402 0 -0.9537169 -0.3007059 0 -0.9537171 -0.3007056 0 -0.9238793 -0.3826839 0 -0.8870118 -0.4617468 0 -0.8870101 -0.4617502 0 -0.8433919 -0.5372991 0 -0.8433915 -0.5372995 0 -0.7933528 -0.6087622 0 -0.7933543 -0.6087602 0 -0.7372764 -0.6755912 0 -0.7372774 -0.6755902 0 -0.6755906 -0.737277 0 -0.6087614 -0.7933533 0 -0.608762 -0.793353 0 -0.5372988 -0.843392 0 -0.4617487 -0.8870108 0 -0.4617483 -0.8870111 0 -0.3826832 -0.9238796 0 -0.3826835 -0.9238795 0 -0.2164402 -0.976296 0 -0.2164403 -0.9762958 0 -0.1305256 -0.991445 0 -0.1305258 -0.9914449 0 -0.04361969 -0.9990483 0 0.04361969 -0.9990483 0 0.1305257 -0.991445 0 0.1305257 -0.9914449 0 0.2164401 -0.976296 0 0.2164404 -0.9762958 0 0.3826835 -0.9238795 0 0.3826832 -0.9238796 0 0.4617483 -0.8870111 0 0.4617487 -0.8870108 0 0.5372984 -0.8433923 0 0.6087614 -0.7933533 0 0.608762 -0.793353 0 0.6755906 -0.737277 0 0.7372774 -0.6755902 0 0.7372764 -0.6755912 0 0.7933546 -0.6087598 0 0.7933525 -0.6087626 0 0.8433919 -0.5372991 0 0.8433915 -0.5372995 0 0.8870102 -0.4617497 0 0.8870117 -0.4617472 0 0.9238793 -0.3826839 0 0.9537169 -0.3007059 0 0.9537171 -0.3007056 0 0.976296 -0.2164402 0 0.991445 -0.130525 0 0.9914448 -0.1305269 0 0.9990484 -0.04361712 0 0.9990482 -0.04362094 0 0.9990482 0.043621 0 0.9990484 0.04361712 0 0.9914448 0.130527 0 0.9914451 0.1305251 0 0.976296 0.2164402 0 0.976296 0.21644 0 0.9537171 0.3007056 0 0.9537169 0.3007059 0 0.9238793 0.3826839 0 0.8870118 0.4617468 0 0.8870101 0.4617502 0 0.8433919 0.5372991 0 0.8433915 0.5372995 0 0.7933525 0.6087626 0 0.7933543 0.6087602 0 0.7372769 0.6755907 0 0.7372774 0.6755902 0 0.6755912 0.7372765 0 0.6755902 0.7372774 0 0.6087614 0.7933533 0 0.5372995 0.8433915 0 0.4617487 0.8870108 0 0.4617483 0.8870111 0 0.3826832 0.9238796 0 0.3826835 0.9238795 0 0.21644 0.976296 0 0.2164397 0.9762961 0 0.1305263 0.9914449 0 0.1305263 0.9914449 0 0.04361915 0.9990483 0 0.04361909 0.9990483 0 -0.04361915 0.9990483 0 -0.04361909 0.9990483 0 -0.1305264 0.9914449 0 -0.1305262 0.9914449 0 -0.2164399 0.976296 0 -0.2164397 0.976296 0 -0.3826835 0.9238795 0 -0.3826832 0.9238796 0 -0.4617483 0.8870111 0 -0.4617487 0.8870108 0 -0.5372991 0.8433919 0 -0.5373002 0.8433911 0 -0.6087614 0.7933533 0 -0.6755906 0.7372769 0 -0.6755906 0.737277 0 -0.7372779 0.6755897 0 -0.7372764 0.6755912 0 -0.7933543 0.6087602 0 -0.7933525 0.6087626 0 -0.8433919 0.5372991 0 -0.8433915 0.5372995 0 -0.8870102 0.4617497 0 -0.8870117 0.4617472 0 -0.9238793 0.3826839 0 -0.9537171 0.3007056 0 -0.9537169 0.3007059 0 -0.976296 0.2164402 0 -0.976296 0.21644 0 -0.9914451 0.1305251 0 -0.9914448 0.130527 0 -0.9990484 0.04361718 0 -0.9990482 0.04362094 0 -1 -3.34948e-7 0 -1 1.27096e-7 0 -1 2.25901e-6 0 -1 -6.09732e-7 0 -1 2.12585e-7 0 -1 0 0 -1 3.65844e-7 0 -1 0 0 -1 0 0 -1 0 0 -1 0 0 -1 1.41297e-6 0 -1 -2.72201e-6 0 -1 -6.82791e-7 0 -1 -1.43903e-7 0 -1 4.25169e-7 0 -1 -2.20737e-6 0 -1 5.46245e-6 0 -1 -1.08876e-5 0 -1 1.62951e-5 0 1 -2.51211e-7 0 1 0 0 1 2.25901e-6 0 1 -6.09732e-7 0 1 3.65844e-7 0 1 0 0 1 2.12585e-7 0 1 -4.1154e-7 0 1 -7.93729e-7 0 1 2.12585e-7 0 1 1.88395e-6 0 1 0 0 1 0 0 0 1 0 -7.22572e-6 0 1 1.64555e-5 0 1 2.3265e-7 0 1 2.26702e-5 0 1 -1.21817e-5 0 1 -1.50772e-7 0 1 1.05944e-5 0 1 -3.83404e-6 0 1 -4.00734e-6 0 1 1.71711e-6 0 1 2.85238e-6 0 1 2.74216e-6 0 1 -1.73132e-5 0 1 2.63793e-6 0 1 7.41524e-7 0 1 -2.74216e-6 0 1 -1.45495e-5 0 1 1.18283e-5 0 1 -8.00386e-6 0 1 3.91641e-6 0 1 -7.71102e-6 0 1 1.47929e-6 0 1 -2.41316e-5 0 1 2.31136e-6 0 1 1.53804e-5 0 1 -1.04774e-5 0 1 3.09121e-6 0 1 1.65854e-5 0 1 6.3604e-6 0 1 3.50083e-6 0 1 -4.37026e-6 0 1 8.6439e-7 0 1 -2.57642e-5 0 1 8.72815e-6 0 1 -1.28846e-6 0 1 1.17902e-5 0 1 -2.33358e-6 0 1 3.395e-6 0 1 1.45584e-5 0 1 -1.17902e-5 0 1 1.88292e-5 0 1 1.327e-6 0 1 2.71599e-6 0 1 6.13447e-6 0 1 -1.71711e-6 0 1 -1.36278e-6 0 1 -1.36278e-6 0 1 -2.72556e-6 0 1 -1.36278e-6 0 1 -2.72556e-6 0 1 5.00334e-6 0 1 -5.00334e-6 0 1 2.72556e-6 0 1 -5.00335e-6 0 1 -5.45112e-6 0 1 5.00336e-6 0 1 -5.00334e-6 0 1 5.00335e-6 0 1 2.50167e-6 0 1 1.25083e-6 0 1 1.25084e-6 0 1 2.72556e-6 0 1 -1.25084e-6 0 1 2.72555e-6 0 1 6.25417e-7 0 1 -2.50167e-6 0 1 1.36278e-6 0 1 -2.50167e-6 0 1 1.36278e-6 0 1 -1.27955e-5 0 1 -8.08997e-7 0 1 -3.91472e-6 0 1 6.704e-6 0 1 -5.32935e-6 0 1 -6.7387e-6 0 1 2.43667e-6 0 1 6.32838e-7 0 1 7.72213e-6 0 1 8.02847e-7 0 1 2.01841e-6 0 1 3.90598e-6 0 1 -2.34803e-6 0 1 2.09203e-6 0 1 -3.68529e-6 0 1 2.67788e-5 0 1 -2.14413e-5 0 1 1.45495e-5 0 1 -1.18283e-5 0 1 6.40307e-6 0 1 -2.99906e-6 0 1 -1.5456e-6 0 1 -3.96322e-5 0 1 -4.87209e-6 0 1 0.1590811 -0.9872655 0 0.1590814 -0.9872655 0 0.2353761 -0.9719044 0 0.2353758 -0.9719045 0 0.3103868 -0.9506104 0 0.3103861 -0.9506106 0 0.3838375 -0.9234007 0 0.3838378 -0.9234005 0 0.4586599 -0.8886119 0 0.4586586 -0.8886126 0 0.5339918 -0.8454897 0 0.5339938 -0.8454884 0 0.6055291 -0.7958232 0 0.6055286 -0.7958236 0 0.671228 -0.741251 0 0.7308499 -0.6825383 0 0.7308503 -0.6825378 0 0.7854 -0.6189886 0 0.7854019 -0.6189863 0 0.946392 -0.3230203 0 0.9463932 -0.3230171 0 0.9699487 -0.2433097 0 0.9699467 -0.2433176 0 0.9868322 -0.1617478 0 0.9868329 -0.1617437 0 0.9968891 -0.07881754 0 0.9968894 -0.07881343 0 0.9998286 -0.01851314 0 0.9914448 0.1305271 0 0.991445 0.1305254 0 0.976296 0.2164397 0 0.976296 0.2164395 0 0.9537166 0.3007071 0 0.9537172 0.3007053 0 0.9238801 0.3826823 0 0.88701 0.4617503 0 0.8870116 0.4617471 0 0.843391 0.5373006 0 0.7933531 0.6087617 0 0.793354 0.6087607 0 0.7372775 0.67559 0 0.67559 0.7372775 0 0.6087604 0.7933542 0 0.5372993 0.8433917 0 0.5372998 0.8433914 0 0.4617488 0.8870107 0 0.4617485 0.8870109 0 0.3826828 0.9238799 0 0.3007058 0.9537171 0 0.3007059 0.9537169 0 0.2164397 0.9762961 0 0.1305262 0.9914448 0 0.04361927 0.9990482 0 0.04361921 0.9990482 0 -0.04361927 0.9990482 0 -0.04361921 0.9990482 0 -0.1305262 0.9914448 0 -0.2164397 0.9762961 0 -0.3007059 0.9537169 0 -0.3007058 0.9537171 0 -0.3826828 0.9238799 0 -0.4617485 0.8870109 0 -0.4617488 0.8870107 0 -0.5372998 0.8433914 0 -0.5372993 0.8433917 0 -0.6087608 0.7933539 0 -0.6755896 0.7372779 0 -0.6755909 0.7372767 0 -0.7372775 0.67559 0 -0.793354 0.6087607 0 -0.7933531 0.6087617 0 -0.843391 0.5373006 0 -0.8870114 0.4617475 0 -0.8870102 0.4617499 0 -0.9238802 0.382682 0 -0.9238795 0.3826838 0 -0.9537171 0.3007055 0 -0.976296 0.2164397 0 -0.976296 0.2164395 0 -0.991445 0.1305254 0 -0.9914448 0.1305271 0 -0.999239 -0.03900647 0 -0.9992388 -0.03901082 0 -0.9927777 -0.1199696 0 -0.9927781 -0.1199657 0 -0.9794343 -0.2017635 0 -0.9597515 -0.2808507 0 -0.9597526 -0.280847 0 -0.933532 -0.3584942 0 -0.9335332 -0.3584911 0 -0.9005576 -0.4347368 0 -0.9005574 -0.4347372 0 -0.8619037 -0.5070721 0 -0.8619073 -0.5070661 0 -0.818048 -0.5751501 0 -0.8180463 -0.5751523 0 -0.768693 -0.6396181 0 -0.7686914 -0.6396199 0 -0.7140202 -0.7001252 0 -0.7140216 -0.7001237 0 -0.6646903 -0.747119 0 -0.613177 -0.7899456 0 -0.6131782 -0.7899446 0 -0.5489612 -0.8358479 0 -0.5489622 -0.8358472 0 -0.4813918 -0.8765056 0 -0.4103164 -0.9119433 0 -0.4103173 -0.9119428 0 -0.3365949 -0.9416495 0 -0.3365959 -0.9416492 0 -0.2626841 -0.964882 0 -0.2626845 -0.9648818 0 -0.1892508 -0.9819288 0 -0.1892513 -0.9819287 0 -0.1372286 -0.9905395 0 -0.1372288 -0.9905394 0 1.23549e-7 0 -1 0 0 -1 -1.25232e-7 0 -1 0 0 -1 0 0 -1 0 0 -1 0 0 -1 0 0 -1 0 0 -1 -1.22686e-7 0 -1 0 0 -1 0 0 -1 0 0 -1 0 0 -1 0 0 -1 1.24554e-7 0 -1 -1.26512e-7 0 -1 0 0 -1 3.18591e-7 0 -1 2.47827e-7 0 -1 -2.61026e-7 0 -1 1.8283e-7 0 -1 0 0 -1 2.47921e-7 0 -1 0 0 -1 0 0 -1 0 0 -1 0 0 -1 0 0 -1 0 0 -1 0 0 -1 0 0 -1 0 0 -1 0 0 -1 0 0 -1 0 0 -1 0 0 -1 0 0 -1 0 0 -1 0 0 -1 0 0 -1 0 0 -1 1.35577e-7 0 -1 0 0 -1 0 0 -1 4.38215e-7 0 -1 -3.76724e-7 0 -1 1.71957e-7 0 -1 2.78699e-7 0 -1 -2.2844e-7 0 -1 -0.9990537 0.04349696 0 -0.9990539 0.04348915 0 -0.9917645 0.1280753 0 -0.991764 0.1280794 0 -0.977804 0.2095218 0 -0.9778048 0.2095178 0 -0.9572038 0.2894149 0 -0.9302204 0.3670014 0 -0.9302219 0.3669978 0 -0.8973044 0.4414122 0 -0.8973076 0.4414058 0 -0.8584156 0.512955 0 -0.8584173 0.5129521 0 -0.8145827 0.5800476 0 -0.8145846 0.5800449 0 -0.7654543 0.6434904 0 -0.7654542 0.6434904 0 -0.7110655 0.7031258 0 -0.7110694 0.703122 0 -0.652503 0.7577862 0 -0.6525048 0.7577847 0 -0.5894302 0.8078194 0 -0.5894285 0.8078207 0 -0.5227541 0.8524836 0 -0.4536423 0.8911839 0 -0.4536437 0.8911832 0 -0.3819535 0.9241816 0 -0.3819524 0.9241821 0 -1 2.62898e-6 0 -1 -2.70844e-6 0 -1 1.76497e-7 0 -1 -9.70753e-7 0 -1 2.83202e-6 0 -1 -2.47836e-6 0 -1 1.45242e-6 0 -1 -1.5235e-6 0 -1 2.3675e-7 0 -1 2.58209e-6 0 -1 -2.67152e-6 0 -1 2.51845e-6 0 -1 2.50981e-6 0 -1 -2.45281e-6 0 -1 -2.38041e-6 0 -1 2.39652e-6 0 -1 0 0 -1 -1.9998e-7 0 -1 -3.45147e-7 0 -1 0 0 -1 2.70839e-6 0 -1 -1.37097e-6 0 -1 -2.39653e-6 0 -1 2.38039e-6 0 -1 -4.70593e-7 0 -1 2.62895e-6 0 -1 3.03645e-6 0 -1 2.47834e-6 0 -1 -1.6138e-7 0 -1 4.8387e-7 0 -1 0 0 -1 1.88398e-6 0 -1 2.50984e-6 0 -1 -7.48907e-7 0 -1 1.461e-7 0 -1 2.70838e-6 0 -1 -1.54437e-7 0 -1 0 0 -1 5.84834e-7 0 -1 -2.16954e-6 0 -1 -4.05226e-7 0 -1 0 0 -1 -2.18573e-7 0 -1 0 0 -1 -2.37293e-6 0 -1 2.38041e-6 0 -1 1.09804e-6 0 -1 2.36123e-6 0 -1 -2.21362e-7 0 -1 -2.98358e-6 0 -1 0 0 -1 -1.88398e-6 0 -1 6.0005e-7 0 -1 -3.17482e-6 0 -1 2.20741e-6 0 -1 -8.14651e-6 0 -1 -1.36554e-6 0 1 2.56061e-6 0 1 2.62895e-6 0 1 -2.70844e-6 0 1 1.76498e-7 0 1 -1.5235e-6 0 1 -3.69421e-6 0 1 5.56112e-6 0 1 -5.03828e-6 0 1 2.97741e-6 0 1 -1.37097e-6 0 1 2.47834e-6 0 1 -1.6138e-7 0 1 -1.9998e-7 0 1 2.62898e-6 0 1 2.83202e-6 0 1 -2.47836e-6 0 1 1.45242e-6 0 1 -1.10681e-6 0 1 2.70839e-6 0 1 -9.70753e-7 0 1 3.15667e-7 0 1 0 0 1 2.39652e-6 0 1 -2.38041e-6 0 1 2.03922e-6 0 1 2.58209e-6 0 1 2.43259e-6 0 1 -2.6212e-6 0 1 -2.16954e-6 0 1 5.84834e-7 0 1 -2.0262e-7 0 1 -2.98358e-6 0 1 1.52346e-6 0 1 -3.63102e-7 0 1 1.68629e-6 0 1 -2.45281e-6 0 1 2.38041e-6 0 1 -1.48308e-6 0 1 2.36123e-6 0 1 -7.48907e-7 0 1 0 0 1 1.41298e-6 0 1 -2.18573e-7 0 1 0 0 1 -3.45147e-7 0 1 0 0 1 -1.88398e-6 0 1 6.0005e-7 0 1 -4.05227e-7 0 1 3.55932e-7 0 1 -2.97655e-7 0 1 -8.14651e-6 0 1 -3.29233e-6 0 1 4.41482e-6 0 1 -3.17482e-6 0 0.3818854 0.9242098 0 0.3818865 0.9242092 0 0.4528992 0.8915618 0 0.4528992 0.8915618 0 0.5211949 0.8534377 0 0.521195 0.8534377 0 0.5900593 0.80736 0 0.5900593 0.80736 0 0.6568798 0.7539954 0 0.6568763 0.7539984 0 0.7180323 0.6960098 0 0.7180306 0.6960116 0 0.7738226 0.6334024 0 0.773819 0.6334069 0 0.8245837 0.56574 0 0.8698093 0.4933881 0 0.8698077 0.493391 0 0.9077982 0.4194073 0 0.9077998 0.4194041 0 0.9394044 0.3428111 0 0.9394056 0.3428076 0 0.9650445 0.2620865 0 0.9837098 0.1797646 0 0.9837105 0.1797606 0 0.9952543 0.09730875 0 0.9996072 0.02802747 0 0.9996074 0.02802157 0 -0.9990483 -0.04362022 0 -0.9990483 -0.0436185 0 -0.9914449 -0.1305266 0 -0.9914451 -0.1305249 0 -0.9762961 -0.2164394 0 -0.9762957 -0.216441 0 -0.9537169 -0.3007061 0 -0.953718 -0.3007029 0 -0.9238786 -0.3826859 0 -0.8870104 -0.4617495 0 -0.8870105 -0.4617495 0 -0.8433937 -0.5372962 0 -0.8433929 -0.5372975 0 -0.7933516 -0.6087636 0 -0.7933517 -0.6087637 0 -0.73728 -0.6755874 0 -0.6755882 -0.7372792 0 -0.6087583 -0.7933559 0 -0.6087587 -0.7933555 0 -0.5373001 -0.8433911 0 -0.5372998 -0.8433914 0 -0.4617562 -0.8870069 0 -0.4617566 -0.8870068 0 -0.3826754 -0.923883 0 -0.3826757 -0.9238828 0 -0.3007087 -0.953716 0 -0.3007088 -0.9537161 0 -0.2164387 -0.9762963 0 -0.1305242 -0.9914451 0 -0.1305242 -0.9914451 0 -0.04362666 -0.9990479 0 -0.04362666 -0.9990479 0 0.04362666 -0.9990479 0 0.04362666 -0.9990479 0 0.1305242 -0.9914451 0 0.1305242 -0.9914451 0 0.2164387 -0.9762963 0 0.3007088 -0.9537161 0 0.3007087 -0.953716 0 0.3826757 -0.9238828 0 0.3826754 -0.923883 0 0.4617565 -0.8870067 0 0.4617562 -0.8870069 0 0.5372998 -0.8433915 0 0.5373002 -0.8433911 0 0.6087587 -0.7933555 0 0.6087583 -0.7933559 0 0.6755882 -0.7372792 0 0.73728 -0.6755874 0 0.7933516 -0.6087636 0 0.7933517 -0.6087637 0 0.8433929 -0.5372974 0 0.8433937 -0.5372962 0 0.8870104 -0.4617495 0 0.8870105 -0.4617495 0 0.9238786 -0.3826859 0 0.9238786 -0.3826859 0 0.9537179 -0.3007029 0 0.9537169 -0.300706 0 0.9762957 -0.216441 0 0.9762961 -0.2164394 0 0.9914451 -0.1305249 0 0.9914448 -0.1305266 0 0.9990484 -0.0436185 0 0.9990482 -0.04362022 0 0 1 -1.84425e-5 0 1 -2.79233e-6 0 1 1.05909e-5 0 1 2.69473e-6 0 1 -1.57685e-5 0 1 8.37981e-6 0 1 -2.2021e-6 0 1 2.12868e-6 0 1 -8.07484e-6 0 1 3.67495e-5 0 1 1.32149e-5 0 1 -3.45517e-5 0 1 1.46424e-5 0 1 -2.59138e-5 0 1 -8.47035e-6 0 1 -1.38319e-5 0 1 1.77724e-5 0 1 -4.35894e-6 0 1 -1.7448e-5 0 1 8.8862e-6 0 1 -1.69407e-5 0 1 4.13131e-6 0 1 8.29382e-6 0 1 1.76199e-5 0 1 -5.07889e-6 0 1 2.12867e-6 0 1 -2.20209e-6 0 1 1.45706e-5 0 1 -4.0558e-5 0 1 5.38377e-6 0 1 -6.05612e-6</float_array>
          <technique_common>
            <accessor source="#chassis_to_trapezoid_both_side_double_eye-mesh-normals-array" count="2430" stride="3">
              <param name="X" type="float"/>
              <param name="Y" type="float"/>
              <param name="Z" type="float"/>
            </accessor>
          </technique_common>
        </source>
        <vertices id="chassis_to_trapezoid_both_side_double_eye-mesh-vertices">
          <input semantic="POSITION" source="#chassis_to_trapezoid_both_side_double_eye-mesh-positions"/>
        </vertices>
        <triangles count="4048">
          <input semantic="VERTEX" source="#chassis_to_trapezoid_both_side_double_eye-mesh-vertices" offset="0"/>
          <input semantic="NORMAL" source="#chassis_to_trapezoid_both_side_double_eye-mesh-normals" offset="1"/>
          <p>0 0 1 0 2 0 1 1 3 1 2 1 2 2 3 2 4 2 3 2 5 2 4 2 4 3 5 3 6 3 5 3 7 3 6 3 6 4 7 4 8 4 7 5 9 5 8 5 8 6 9 6 10 6 9 7 11 7 10 7 10 8 11 8 12 8 11 8 13 8 12 8 12 9 13 9 14 9 13 10 15 10 14 10 14 11 15 11 16 11 15 11 17 11 16 11 16 12 17 12 18 12 17 13 19 13 18 13 20 14 21 14 22 14 21 15 23 15 22 15 22 16 23 16 24 16 23 16 25 16 24 16 24 17 25 17 26 17 25 17 27 17 26 17 26 18 27 18 28 18 27 19 29 19 28 19 28 20 29 20 30 20 29 21 31 21 30 21 30 22 31 22 32 22 31 22 33 22 32 22 32 23 33 23 34 23 33 24 35 24 34 24 34 25 35 25 36 25 35 25 37 25 36 25 36 26 37 26 38 26 37 27 39 27 38 27 40 28 41 28 42 28 41 29 43 29 42 29 42 30 43 30 44 30 43 31 45 31 44 31 44 32 45 32 46 32 45 33 47 33 46 33 46 34 47 34 48 34 47 35 49 35 48 35 48 36 49 36 50 36 49 37 51 37 50 37 50 38 51 38 52 38 51 38 53 38 52 38 52 39 53 39 54 39 53 40 55 40 54 40 54 41 55 41 56 41 55 41 57 41 56 41 56 42 57 42 58 42 57 43 59 43 58 43 60 44 61 44 62 44 61 45 63 45 62 45 62 46 63 46 64 46 63 47 65 47 64 47 64 48 65 48 66 48 65 49 67 49 66 49 66 50 67 50 68 50 67 51 69 51 68 51 68 52 69 52 70 52 69 53 71 53 70 53 70 54 71 54 72 54 71 54 73 54 72 54 72 55 73 55 74 55 73 56 75 56 74 56 74 57 75 57 76 57 75 57 77 57 76 57 76 58 77 58 78 58 77 59 79 59 78 59 80 42 81 42 82 42 80 42 82 42 83 42 82 60 84 60 83 60 83 61 84 61 85 61 84 62 86 62 85 62 85 62 86 62 87 62 86 63 88 63 87 63 87 64 88 64 89 64 88 65 90 65 89 65 89 65 90 65 91 65 90 66 92 66 91 66 91 34 92 34 93 34 92 67 94 67 93 67 93 67 94 67 95 67 94 30 96 30 95 30 95 31 96 31 97 31 96 68 41 68 97 68 97 68 41 68 40 68 98 69 99 69 100 69 98 69 100 69 101 69 100 70 102 70 101 70 101 71 102 71 103 71 102 72 104 72 103 72 103 72 104 72 105 72 104 73 106 73 105 73 105 74 106 74 107 74 106 75 108 75 107 75 107 75 108 75 109 75 108 76 110 76 109 76 109 77 110 77 111 77 110 78 112 78 111 78 111 78 112 78 113 78 112 79 114 79 113 79 113 80 114 80 115 80 114 45 61 45 115 45 115 45 61 45 60 45 116 81 117 81 118 81 116 82 118 82 119 82 118 25 120 25 119 25 119 25 120 25 121 25 120 23 122 23 121 23 121 24 122 24 123 24 122 83 124 83 123 83 123 83 124 83 125 83 124 84 126 84 125 84 125 85 126 85 127 85 126 19 128 19 127 19 127 19 128 19 129 19 128 86 130 86 129 86 129 87 130 87 131 87 130 88 132 88 131 88 131 88 132 88 133 88 132 89 21 89 133 89 133 89 21 89 20 89 134 90 135 90 136 90 134 91 136 91 137 91 136 92 138 92 137 92 137 92 138 92 139 92 138 9 140 9 139 9 139 10 140 10 141 10 140 93 142 93 141 93 141 93 142 93 143 93 142 94 144 94 143 94 143 95 144 95 145 95 144 5 146 5 145 5 145 5 146 5 147 5 146 3 148 3 147 3 147 96 148 96 149 96 148 97 150 97 149 97 149 97 150 97 151 97 150 0 1 0 151 0 151 0 1 0 0 0 152 98 153 98 38 98 38 99 153 99 154 99 39 100 155 100 156 100 157 101 158 101 159 101 160 98 161 98 162 98 156 98 163 98 39 98 163 102 164 102 39 102 39 98 164 98 38 98 164 103 165 103 38 103 38 104 165 104 152 104 158 105 166 105 159 105 166 98 167 98 159 98 159 106 167 106 168 106 168 98 169 98 159 98 169 98 170 98 159 98 159 98 170 98 153 98 170 98 171 98 153 98 153 107 171 107 154 107 172 98 173 98 174 98 173 108 175 108 174 108 174 98 175 98 176 98 175 109 177 109 176 109 178 110 179 110 180 110 179 111 181 111 180 111 180 98 181 98 182 98 181 112 183 112 182 112 162 98 161 98 159 98 161 98 184 98 159 98 159 113 184 113 157 113 172 98 185 98 173 98 185 114 186 114 173 114 173 98 186 98 187 98 186 98 188 98 187 98 187 115 188 115 189 115 190 116 191 116 192 116 178 98 193 98 179 98 193 98 194 98 179 98 179 98 194 98 162 98 194 117 195 117 162 117 162 118 195 118 160 118 196 98 197 98 198 98 197 98 199 98 198 98 198 98 199 98 200 98 196 98 201 98 197 98 201 119 202 119 197 119 197 120 202 120 181 120 202 98 203 98 181 98 181 121 203 121 183 121 204 98 205 98 206 98 205 98 207 98 206 98 206 98 207 98 199 98 207 98 208 98 199 98 199 98 208 98 200 98 204 98 206 98 209 98 206 98 210 98 209 98 209 122 210 122 211 122 189 98 212 98 187 98 212 98 213 98 187 98 187 98 213 98 214 98 213 98 215 98 214 98 214 123 215 123 216 123 217 98 218 98 219 98 190 98 192 98 175 98 192 98 220 98 175 98 175 124 220 124 177 124 39 125 221 125 155 125 221 126 222 126 155 126 155 98 222 98 219 98 222 98 223 98 219 98 219 127 223 127 217 127 218 98 224 98 219 98 224 98 225 98 219 98 219 128 225 128 226 128 226 129 227 129 219 129 227 98 228 98 219 98 219 98 228 98 190 98 228 130 229 130 190 130 190 131 229 131 191 131 230 98 231 98 232 98 231 98 233 98 232 98 232 98 233 98 234 98 233 98 235 98 234 98 236 98 237 98 238 98 237 98 239 98 238 98 238 132 239 132 232 132 239 98 240 98 232 98 232 133 240 133 230 133 216 134 241 134 214 134 241 135 242 135 214 135 214 98 242 98 235 98 242 98 243 98 235 98 235 136 243 136 234 136 211 98 244 98 209 98 244 98 245 98 209 98 209 137 245 137 246 137 245 98 247 98 246 98 246 98 247 98 248 98 248 138 249 138 246 138 249 98 250 98 246 98 246 98 250 98 251 98 250 139 252 139 251 139 251 98 252 98 253 98 252 98 254 98 253 98 253 98 254 98 255 98 254 98 256 98 255 98 255 140 256 140 257 140 256 98 258 98 257 98 257 98 258 98 259 98 258 98 260 98 259 98 259 98 260 98 261 98 260 98 262 98 261 98 261 98 262 98 263 98 262 141 264 141 263 141 263 98 264 98 265 98 264 142 266 142 265 142 265 98 266 98 267 98 266 98 268 98 267 98 267 98 268 98 269 98 268 98 270 98 269 98 269 98 270 98 271 98 270 98 272 98 271 98 271 143 272 143 273 143 272 98 274 98 273 98 273 98 274 98 275 98 274 98 276 98 275 98 275 98 276 98 277 98 276 98 278 98 277 98 277 98 278 98 279 98 278 144 280 144 279 144 279 98 280 98 281 98 280 145 282 145 281 145 281 98 282 98 283 98 282 98 284 98 283 98 283 98 284 98 285 98 284 98 286 98 285 98 285 98 286 98 287 98 286 98 288 98 287 98 287 98 288 98 289 98 288 98 290 98 289 98 289 98 290 98 291 98 290 144 292 144 291 144 291 146 292 146 293 146 292 98 294 98 293 98 293 98 294 98 295 98 294 98 296 98 295 98 295 98 296 98 297 98 296 98 298 98 297 98 297 146 298 146 299 146 298 98 300 98 299 98 299 98 300 98 301 98 300 98 302 98 301 98 301 98 302 98 303 98 302 98 304 98 303 98 303 98 304 98 305 98 304 98 306 98 305 98 305 147 306 147 307 147 306 98 308 98 307 98 307 98 308 98 309 98 308 98 310 98 309 98 309 98 310 98 311 98 310 98 312 98 311 98 311 98 312 98 313 98 312 98 314 98 313 98 313 98 314 98 315 98 314 148 316 148 315 148 315 149 316 149 317 149 316 98 318 98 317 98 317 150 318 150 319 150 318 151 320 151 319 151 319 152 320 152 238 152 320 98 321 98 238 98 238 98 321 98 236 98 322 153 323 153 324 153 325 154 326 154 327 154 328 153 329 153 330 153 329 153 331 153 330 153 330 153 331 153 332 153 331 155 333 155 332 155 334 153 335 153 336 153 335 153 337 153 336 153 19 156 338 156 339 156 324 153 323 153 340 153 323 153 341 153 340 153 340 157 341 157 342 157 322 153 324 153 343 153 324 153 344 153 343 153 343 153 344 153 345 153 346 153 347 153 337 153 347 153 348 153 337 153 337 158 348 158 349 158 350 153 351 153 352 153 351 153 18 153 352 153 352 153 18 153 353 153 350 153 352 153 354 153 352 159 355 159 354 159 354 153 355 153 356 153 357 160 358 160 359 160 358 153 360 153 359 153 359 161 360 161 344 161 360 153 361 153 344 153 344 162 361 162 345 162 326 153 362 153 327 153 362 153 363 153 327 153 327 163 363 163 364 163 363 164 365 164 364 164 364 153 365 153 366 153 367 165 368 165 369 165 19 166 370 166 338 166 370 153 371 153 338 153 338 153 371 153 337 153 371 153 372 153 337 153 337 167 372 167 346 167 339 153 373 153 19 153 373 168 374 168 19 168 19 153 374 153 18 153 374 169 375 169 18 169 18 170 375 170 353 170 376 171 377 171 378 171 377 153 340 153 378 153 378 153 340 153 379 153 340 172 342 172 379 172 325 173 327 173 359 173 327 153 380 153 359 153 359 174 380 174 357 174 368 153 367 153 381 153 367 153 382 153 381 153 381 175 382 175 383 175 328 153 384 153 329 153 384 153 385 153 329 153 329 153 385 153 382 153 385 176 386 176 382 176 382 177 386 177 383 177 334 153 387 153 335 153 387 178 388 178 335 178 335 153 388 153 331 153 388 153 389 153 331 153 331 179 389 179 333 179 349 153 390 153 337 153 390 153 391 153 337 153 337 180 391 180 336 180 392 153 355 153 393 153 355 153 394 153 393 153 393 153 394 153 395 153 396 153 397 153 398 153 397 153 399 153 398 153 398 181 399 181 400 181 399 182 401 182 400 182 376 183 402 183 377 183 402 153 403 153 377 153 377 153 403 153 394 153 403 153 404 153 394 153 394 184 404 184 395 184 366 153 405 153 364 153 405 153 406 153 364 153 364 153 406 153 407 153 406 153 408 153 407 153 407 153 408 153 409 153 408 153 410 153 409 153 409 185 410 185 411 185 410 186 412 186 411 186 411 153 412 153 413 153 412 153 414 153 413 153 413 153 414 153 415 153 414 153 416 153 415 153 415 153 416 153 417 153 416 153 418 153 417 153 417 153 418 153 419 153 418 153 420 153 419 153 419 187 420 187 421 187 420 153 422 153 421 153 421 153 422 153 423 153 422 188 424 188 423 188 423 153 424 153 425 153 424 153 426 153 425 153 425 153 426 153 427 153 426 153 428 153 427 153 427 189 428 189 429 189 428 153 430 153 429 153 429 153 430 153 431 153 430 153 432 153 431 153 431 190 432 190 433 190 432 191 434 191 433 191 433 153 434 153 435 153 434 192 436 192 435 192 435 153 436 153 437 153 436 193 438 193 437 193 437 194 438 194 439 194 438 193 440 193 439 193 439 153 440 153 441 153 440 192 442 192 441 192 441 195 442 195 443 195 442 153 444 153 443 153 443 153 444 153 445 153 444 153 446 153 445 153 445 153 446 153 447 153 446 192 448 192 447 192 447 153 448 153 449 153 448 196 450 196 449 196 449 153 450 153 451 153 450 153 452 153 451 153 451 153 452 153 453 153 452 153 454 153 453 153 453 187 454 187 455 187 454 153 456 153 455 153 455 153 456 153 457 153 456 153 458 153 457 153 457 153 458 153 459 153 458 153 460 153 459 153 459 153 460 153 461 153 460 197 462 197 461 197 461 153 462 153 463 153 462 198 464 198 463 198 463 199 464 199 465 199 464 153 466 153 465 153 465 199 466 199 467 199 466 153 468 153 467 153 467 153 468 153 469 153 468 153 470 153 469 153 469 200 470 200 471 200 470 153 472 153 471 153 471 153 472 153 473 153 472 153 474 153 473 153 473 201 474 201 475 201 474 153 476 153 475 153 475 153 476 153 477 153 476 153 478 153 477 153 477 153 478 153 479 153 369 153 480 153 367 153 480 153 481 153 367 153 367 153 481 153 396 153 481 153 482 153 396 153 396 202 482 202 397 202 392 153 483 153 355 153 483 153 484 153 355 153 355 203 484 203 485 203 479 153 486 153 477 153 486 153 487 153 477 153 477 153 487 153 399 153 487 204 488 204 399 204 399 205 488 205 401 205 485 153 489 153 355 153 489 153 490 153 355 153 355 206 490 206 356 206 491 207 492 207 493 207 494 208 495 208 496 208 497 209 498 209 499 209 500 98 501 98 58 98 500 98 58 98 502 98 503 98 504 98 505 98 506 98 507 98 508 98 509 98 510 98 58 98 510 98 511 98 58 98 512 98 513 98 495 98 514 98 515 98 516 98 515 210 517 210 516 210 516 211 517 211 518 211 519 98 520 98 521 98 520 212 522 212 521 212 523 213 524 213 525 213 524 98 526 98 525 98 525 98 526 98 522 98 526 98 527 98 522 98 522 214 527 214 521 214 497 98 499 98 528 98 499 98 493 98 528 98 528 98 493 98 529 98 530 98 531 98 532 98 498 215 533 215 499 215 533 216 534 216 499 216 499 217 534 217 535 217 536 98 537 98 59 98 537 98 538 98 59 98 538 98 539 98 59 98 539 218 540 218 59 218 59 219 540 219 541 219 511 98 542 98 58 98 542 220 543 220 58 220 58 221 543 221 502 221 513 98 544 98 495 98 544 98 545 98 495 98 495 222 545 222 546 222 529 98 493 98 516 98 493 98 547 98 516 98 516 223 547 223 514 223 505 98 504 98 525 98 504 98 548 98 525 98 525 224 548 224 523 224 535 98 549 98 499 98 549 225 550 225 499 225 499 98 550 98 551 98 541 98 552 98 59 98 552 98 553 98 59 98 59 226 553 226 554 226 554 98 555 98 59 98 555 98 556 98 59 98 59 227 556 227 557 227 519 228 558 228 559 228 492 229 560 229 493 229 560 98 561 98 493 98 493 98 561 98 505 98 561 98 562 98 505 98 505 230 562 230 503 230 499 231 563 231 493 231 563 232 564 232 493 232 493 233 564 233 565 233 566 98 567 98 568 98 567 98 569 98 568 98 568 98 569 98 570 98 551 98 571 98 499 98 571 98 572 98 499 98 499 234 572 234 573 234 501 98 574 98 58 98 574 98 575 98 58 98 58 235 575 235 494 235 576 98 494 98 577 98 494 236 578 236 577 236 576 98 579 98 494 98 579 98 580 98 494 98 494 98 580 98 495 98 580 98 581 98 495 98 495 237 581 237 512 237 546 98 582 98 495 98 582 98 583 98 495 98 495 98 583 98 584 98 583 98 516 98 584 98 584 98 516 98 585 98 516 238 518 238 585 238 559 98 586 98 519 98 586 98 587 98 519 98 519 98 587 98 520 98 496 98 588 98 494 98 588 98 589 98 494 98 494 98 589 98 590 98 589 98 591 98 590 98 590 98 591 98 592 98 591 239 593 239 592 239 594 98 595 98 532 98 595 98 596 98 532 98 532 98 596 98 530 98 594 240 597 240 595 240 597 98 598 98 595 98 595 241 598 241 568 241 598 242 599 242 568 242 568 243 599 243 566 243 600 98 601 98 58 98 601 98 602 98 58 98 58 244 602 244 509 244 507 98 603 98 508 98 603 98 604 98 508 98 508 98 604 98 593 98 604 98 605 98 593 98 593 245 605 245 592 245 569 98 606 98 570 98 606 246 607 246 570 246 570 98 607 98 508 98 607 98 608 98 508 98 508 247 608 247 506 247 575 248 609 248 494 248 609 249 610 249 494 249 494 250 610 250 611 250 565 98 612 98 493 98 612 98 613 98 493 98 493 251 613 251 491 251 573 98 614 98 499 98 614 98 615 98 499 98 499 252 615 252 616 252 616 98 617 98 499 98 617 98 618 98 499 98 499 98 618 98 619 98 619 98 620 98 499 98 620 253 621 253 499 253 499 98 621 98 59 98 621 98 622 98 59 98 59 254 622 254 536 254 557 98 623 98 59 98 623 98 624 98 59 98 59 98 624 98 58 98 624 98 625 98 58 98 58 255 625 255 600 255 611 98 626 98 494 98 626 98 627 98 494 98 494 256 627 256 628 256 629 98 630 98 631 98 630 98 532 98 631 98 631 98 532 98 632 98 532 257 531 257 632 257 628 98 633 98 494 98 633 98 634 98 494 98 494 98 634 98 578 98 558 98 519 98 635 98 519 98 636 98 635 98 635 258 636 258 637 258 629 259 638 259 630 259 638 98 639 98 630 98 630 98 639 98 640 98 639 260 641 260 640 260 640 98 641 98 642 98 641 261 643 261 642 261 642 98 643 98 644 98 643 262 645 262 644 262 644 98 645 98 646 98 645 263 647 263 646 263 646 98 647 98 648 98 647 264 649 264 648 264 648 98 649 98 650 98 649 265 651 265 650 265 650 98 651 98 652 98 651 266 653 266 652 266 652 98 653 98 654 98 653 98 655 98 654 98 654 98 655 98 656 98 655 266 657 266 656 266 656 98 657 98 658 98 657 98 659 98 658 98 658 98 659 98 660 98 659 267 661 267 660 267 660 268 661 268 662 268 661 269 663 269 662 269 662 270 663 270 664 270 663 98 665 98 664 98 664 98 665 98 666 98 665 271 667 271 666 271 666 98 667 98 668 98 667 98 669 98 668 98 668 98 669 98 670 98 669 98 671 98 670 98 670 98 671 98 672 98 671 272 673 272 672 272 672 98 673 98 674 98 673 98 675 98 674 98 674 273 675 273 676 273 675 274 677 274 676 274 676 275 677 275 678 275 677 98 679 98 678 98 678 98 679 98 680 98 679 98 681 98 680 98 680 98 681 98 682 98 681 276 683 276 682 276 682 98 683 98 684 98 683 98 685 98 684 98 684 277 685 277 686 277 685 98 687 98 686 98 686 278 687 278 688 278 687 98 689 98 688 98 688 279 689 279 690 279 689 98 691 98 690 98 690 280 691 280 692 280 691 98 693 98 692 98 692 279 693 279 694 279 693 98 695 98 694 98 694 98 695 98 696 98 695 98 697 98 696 98 696 98 697 98 698 98 697 98 699 98 698 98 698 98 699 98 700 98 699 264 701 264 700 264 700 98 701 98 702 98 701 281 703 281 702 281 702 282 703 282 704 282 703 283 705 283 704 283 704 98 705 98 706 98 705 284 707 284 706 284 706 285 707 285 708 285 707 286 709 286 708 286 708 98 709 98 636 98 709 98 710 98 636 98 636 98 710 98 637 98 711 287 712 287 713 287 714 153 715 153 79 153 716 153 717 153 718 153 717 288 719 288 718 288 720 153 721 153 78 153 78 153 722 153 723 153 724 153 725 153 726 153 79 153 715 153 78 153 715 153 727 153 78 153 78 289 727 289 720 289 721 153 728 153 78 153 728 153 729 153 78 153 78 290 729 290 722 290 723 153 730 153 78 153 730 153 731 153 78 153 78 291 731 291 732 291 732 153 733 153 78 153 733 153 734 153 78 153 78 292 734 292 735 292 736 153 737 153 718 153 737 153 738 153 718 153 718 293 738 293 739 293 739 153 740 153 718 153 740 153 741 153 718 153 718 294 741 294 742 294 743 295 744 295 745 295 745 153 746 153 743 153 746 153 747 153 743 153 743 153 747 153 748 153 749 153 750 153 79 153 751 296 752 296 716 296 752 153 753 153 716 153 753 153 754 153 716 153 754 153 755 153 716 153 716 297 755 297 756 297 750 153 757 153 79 153 757 153 758 153 79 153 79 298 758 298 714 298 742 299 759 299 718 299 759 153 760 153 718 153 718 300 760 300 716 300 760 153 761 153 716 153 716 301 761 301 762 301 762 153 763 153 716 153 763 153 764 153 716 153 716 302 764 302 751 302 743 303 765 303 766 303 726 304 725 304 712 304 725 305 767 305 712 305 712 306 767 306 713 306 735 307 768 307 78 307 768 308 769 308 78 308 78 309 769 309 718 309 769 310 770 310 718 310 718 311 770 311 736 311 771 153 772 153 743 153 772 153 773 153 743 153 766 312 774 312 743 312 774 153 775 153 743 153 743 313 775 313 744 313 775 153 776 153 744 153 744 314 776 314 777 314 756 153 778 153 716 153 778 153 779 153 716 153 716 315 779 315 777 315 779 316 780 316 777 316 777 317 780 317 744 317 748 153 781 153 743 153 781 318 782 318 743 318 743 153 782 153 783 153 79 319 784 319 785 319 713 153 786 153 743 153 786 153 787 153 743 153 743 320 787 320 771 320 773 153 788 153 743 153 788 321 789 321 743 321 743 322 789 322 765 322 719 153 790 153 718 153 790 153 791 153 718 153 718 153 791 153 792 153 791 153 793 153 792 153 792 323 793 323 794 323 793 153 795 153 794 153 794 153 795 153 796 153 713 153 743 153 711 153 743 324 797 324 711 324 711 325 797 325 798 325 785 153 799 153 79 153 799 153 800 153 79 153 79 326 800 326 801 326 801 153 802 153 79 153 802 153 803 153 79 153 79 327 803 327 749 327 804 328 805 328 806 328 805 153 807 153 806 153 806 329 807 329 808 329 809 330 810 330 811 330 810 331 806 331 811 331 811 332 806 332 812 332 806 333 808 333 812 333 783 334 813 334 743 334 813 335 814 335 743 335 743 153 814 153 815 153 743 336 816 336 817 336 818 153 819 153 820 153 819 337 821 337 820 337 820 153 821 153 795 153 821 153 822 153 795 153 795 338 822 338 796 338 823 153 824 153 825 153 824 153 826 153 825 153 825 153 826 153 820 153 826 153 827 153 820 153 820 339 827 339 818 339 828 340 829 340 830 340 829 341 831 341 830 341 830 153 831 153 825 153 831 153 832 153 825 153 825 342 832 342 823 342 806 343 833 343 804 343 833 344 834 344 804 344 804 153 834 153 830 153 834 345 835 345 830 345 830 153 835 153 828 153 815 153 836 153 743 153 836 153 837 153 743 153 743 346 837 346 838 346 838 153 839 153 743 153 839 153 840 153 743 153 743 347 840 347 816 347 817 153 841 153 743 153 841 348 842 348 743 348 743 153 842 153 79 153 842 153 843 153 79 153 79 349 843 349 784 349 809 350 844 350 810 350 844 153 845 153 810 153 810 153 845 153 846 153 845 351 847 351 846 351 846 153 847 153 848 153 847 352 849 352 848 352 848 153 849 153 850 153 849 353 851 353 850 353 850 153 851 153 852 153 851 153 853 153 852 153 852 153 853 153 854 153 853 354 855 354 854 354 854 153 855 153 856 153 855 355 857 355 856 355 856 153 857 153 858 153 857 356 859 356 858 356 858 153 859 153 860 153 859 355 861 355 860 355 860 357 861 357 862 357 861 153 863 153 862 153 862 153 863 153 864 153 863 356 865 356 864 356 864 153 865 153 866 153 865 358 867 358 866 358 866 153 867 153 868 153 867 153 869 153 868 153 868 359 869 359 870 359 869 360 871 360 870 360 870 153 871 153 872 153 871 153 873 153 872 153 872 153 873 153 874 153 873 153 875 153 874 153 874 153 875 153 876 153 875 153 877 153 876 153 876 153 877 153 878 153 877 153 879 153 878 153 878 153 879 153 880 153 879 153 881 153 880 153 880 153 881 153 882 153 881 153 883 153 882 153 882 361 883 361 884 361 883 153 885 153 884 153 884 153 885 153 886 153 885 153 887 153 886 153 886 153 887 153 888 153 887 153 889 153 888 153 888 153 889 153 890 153 889 362 891 362 890 362 890 153 891 153 892 153 891 153 893 153 892 153 892 153 893 153 894 153 893 153 895 153 894 153 894 153 895 153 896 153 895 153 897 153 896 153 896 363 897 363 898 363 897 153 899 153 898 153 898 364 899 364 900 364 899 153 901 153 900 153 900 365 901 365 902 365 901 358 903 358 902 358 902 153 903 153 904 153 903 153 905 153 904 153 904 366 905 366 906 366 905 153 907 153 906 153 906 153 907 153 908 153 907 153 909 153 908 153 908 361 909 361 910 361 909 367 911 367 910 367 910 153 911 153 912 153 911 368 913 368 912 368 912 153 913 153 914 153 913 369 915 369 914 369 914 370 915 370 726 370 915 153 916 153 726 153 726 153 916 153 724 153 917 153 918 153 919 153 798 371 920 371 711 371 920 153 921 153 711 153 711 153 921 153 922 153 921 372 923 372 922 372 924 153 925 153 926 153 923 373 921 373 919 373 921 374 927 374 919 374 919 375 927 375 917 375 918 153 928 153 919 153 928 153 929 153 919 153 919 153 929 153 926 153 929 153 930 153 926 153 926 153 930 153 924 153 931 376 932 376 933 376 932 376 934 376 933 376 933 377 934 377 935 377 934 378 936 378 935 378 935 379 936 379 937 379 936 379 938 379 937 379 937 380 938 380 939 380 938 381 940 381 939 381 939 382 940 382 941 382 940 383 942 383 941 383 941 384 942 384 943 384 942 385 944 385 943 385 943 386 944 386 945 386 944 387 946 387 945 387 945 388 946 388 947 388 946 389 948 389 947 389 947 390 948 390 949 390 948 390 950 390 949 390 949 391 950 391 951 391 950 392 952 392 951 392 951 393 952 393 953 393 952 393 954 393 953 393 953 394 954 394 955 394 954 394 956 394 955 394 955 395 956 395 957 395 956 395 958 395 957 395 957 396 958 396 959 396 958 397 960 397 959 397 959 398 960 398 961 398 960 399 962 399 961 399 961 400 962 400 963 400 962 401 964 401 963 401 963 402 964 402 965 402 964 402 966 402 965 402 965 403 966 403 967 403 966 404 968 404 967 404 969 405 970 405 971 405 970 405 972 405 971 405 971 406 972 406 973 406 972 407 974 407 973 407 973 408 974 408 975 408 974 408 976 408 975 408 975 409 976 409 977 409 976 410 978 410 977 410 977 411 978 411 979 411 978 412 980 412 979 412 979 413 980 413 981 413 980 414 982 414 981 414 981 415 982 415 983 415 982 416 984 416 983 416 983 417 984 417 985 417 984 418 986 418 985 418 985 419 986 419 987 419 986 419 988 419 987 419 987 420 988 420 989 420 988 421 990 421 989 421 989 422 990 422 991 422 990 422 992 422 991 422 991 423 992 423 993 423 992 423 994 423 993 423 993 424 994 424 995 424 994 424 996 424 995 424 995 425 996 425 997 425 996 426 998 426 997 426 997 427 998 427 999 427 998 428 1000 428 999 428 999 429 1000 429 1001 429 1000 430 1002 430 1001 430 1001 431 1002 431 1003 431 1002 431 1004 431 1003 431 1003 432 1004 432 1005 432 1004 433 1006 433 1005 433 1007 434 1008 434 1009 434 1007 434 1009 434 1010 434 1009 435 1011 435 1010 435 1010 435 1011 435 1012 435 1011 436 1013 436 1012 436 1012 436 1013 436 1014 436 1013 437 1015 437 1014 437 1014 438 1015 438 1016 438 1015 439 1017 439 1016 439 1016 440 1017 440 1018 440 1017 441 1019 441 1018 441 1018 441 1019 441 1020 441 1019 442 1021 442 1020 442 1020 442 1021 442 1022 442 1021 443 1023 443 1022 443 1022 443 1023 443 1024 443 1023 444 1025 444 1024 444 1024 445 1025 445 1026 445 1025 446 1027 446 1026 446 1026 446 1027 446 1028 446 1027 447 1029 447 1028 447 1028 448 1029 448 1030 448 1029 449 1031 449 1030 449 1030 450 1031 450 1032 450 1031 451 1033 451 1032 451 1032 452 1033 452 1034 452 1033 453 1035 453 1034 453 1034 454 1035 454 1036 454 1035 455 1037 455 1036 455 1036 455 1037 455 1038 455 1037 456 1039 456 1038 456 1038 457 1039 457 1040 457 1039 458 1041 458 1040 458 1040 459 1041 459 1042 459 1041 460 1043 460 1042 460 1042 460 1043 460 1044 460 1045 461 1046 461 1047 461 1045 461 1047 461 1048 461 1047 462 1049 462 1048 462 1048 463 1049 463 1050 463 1049 464 1051 464 1050 464 1050 465 1051 465 1052 465 1051 466 1053 466 1052 466 1052 466 1053 466 1054 466 1053 467 1055 467 1054 467 1054 468 1055 468 1056 468 1055 469 1057 469 1056 469 1056 470 1057 470 1058 470 1057 471 1059 471 1058 471 1058 472 1059 472 1060 472 1059 473 1061 473 1060 473 1060 474 1061 474 1062 474 1061 475 1063 475 1062 475 1062 475 1063 475 1064 475 1063 476 1065 476 1064 476 1064 477 1065 477 1066 477 1065 478 1067 478 1066 478 1066 478 1067 478 1068 478 1067 479 1069 479 1068 479 1068 479 1069 479 1070 479 1069 480 1071 480 1070 480 1070 480 1071 480 1072 480 1071 481 1073 481 1072 481 1072 482 1073 482 1074 482 1073 483 1075 483 1074 483 1074 484 1075 484 1076 484 1075 485 1077 485 1076 485 1076 485 1077 485 1078 485 1077 486 1079 486 1078 486 1078 486 1079 486 1080 486 1079 487 1081 487 1080 487 1080 487 1081 487 1082 487 370 488 1083 488 371 488 1083 489 1084 489 371 489 371 490 1084 490 372 490 1084 491 1085 491 372 491 372 492 1085 492 346 492 1085 493 1086 493 346 493 346 494 1086 494 347 494 1086 495 1087 495 347 495 347 496 1087 496 348 496 1087 497 1088 497 348 497 348 498 1088 498 349 498 1088 499 1089 499 349 499 349 500 1089 500 390 500 1089 501 1090 501 390 501 390 502 1090 502 391 502 1090 503 1091 503 391 503 391 504 1091 504 336 504 1091 505 1092 505 336 505 336 506 1092 506 334 506 1092 507 1093 507 334 507 334 508 1093 508 387 508 1093 509 1094 509 387 509 387 510 1094 510 388 510 1094 510 1095 510 388 510 388 511 1095 511 389 511 1095 512 1096 512 389 512 389 513 1096 513 333 513 1096 513 1097 513 333 513 1098 514 154 514 1099 514 154 515 171 515 1099 515 1099 516 171 516 1100 516 171 517 170 517 1100 517 1100 518 170 518 1101 518 170 519 169 519 1101 519 1101 520 169 520 1102 520 169 495 168 495 1102 495 1102 521 168 521 1103 521 168 522 167 522 1103 522 1103 523 167 523 1104 523 167 499 166 499 1104 499 1104 524 166 524 1105 524 166 525 158 525 1105 525 1105 526 158 526 1106 526 158 526 157 526 1106 526 1106 527 157 527 1107 527 157 528 184 528 1107 528 1107 529 184 529 1108 529 184 530 161 530 1108 530 1108 531 161 531 1109 531 161 532 160 532 1109 532 1109 533 160 533 1110 533 160 534 195 534 1110 534 1110 535 195 535 1111 535 195 536 194 536 1111 536 1111 537 194 537 1112 537 194 538 193 538 1112 538 1113 539 177 539 1114 539 177 540 220 540 1114 540 1114 541 220 541 1115 541 220 542 192 542 1115 542 1115 543 192 543 1116 543 192 544 191 544 1116 544 1116 545 191 545 1117 545 191 546 229 546 1117 546 1117 547 229 547 1118 547 229 547 228 547 1118 547 1118 548 228 548 1119 548 228 549 227 549 1119 549 1119 550 227 550 1120 550 227 551 226 551 1120 551 1120 552 226 552 1121 552 226 552 225 552 1121 552 1121 553 225 553 1122 553 225 554 224 554 1122 554 1122 555 224 555 1123 555 224 556 218 556 1123 556 1123 557 218 557 1124 557 218 558 217 558 1124 558 1124 559 217 559 1125 559 217 560 223 560 1125 560 1125 561 223 561 1126 561 223 562 222 562 1126 562 1126 563 222 563 1127 563 222 564 221 564 1127 564 402 565 1128 565 403 565 1128 566 1129 566 403 566 403 567 1129 567 404 567 1129 568 1130 568 404 568 404 569 1130 569 395 569 1130 569 1131 569 395 569 395 570 1131 570 393 570 1131 571 1132 571 393 571 393 572 1132 572 392 572 1132 573 1133 573 392 573 392 574 1133 574 483 574 1133 575 1134 575 483 575 483 576 1134 576 484 576 1134 576 1135 576 484 576 484 577 1135 577 485 577 1135 578 1136 578 485 578 485 579 1136 579 489 579 1136 580 1137 580 489 580 489 581 1137 581 490 581 1137 582 1138 582 490 582 490 583 1138 583 356 583 1138 584 1139 584 356 584 356 585 1139 585 354 585 1139 586 1140 586 354 586 354 561 1140 561 350 561 1140 587 1141 587 350 587 350 588 1141 588 351 588 1141 589 1142 589 351 589 1143 590 232 590 234 590 1143 591 234 591 1144 591 234 592 243 592 1144 592 1144 592 243 592 1145 592 243 593 242 593 1145 593 1145 594 242 594 1146 594 242 595 241 595 1146 595 1146 596 241 596 1147 596 241 597 216 597 1147 597 1147 598 216 598 1148 598 216 599 215 599 1148 599 1148 600 215 600 1149 600 215 601 213 601 1149 601 1149 601 213 601 1150 601 213 602 212 602 1150 602 1150 603 212 603 1151 603 212 604 189 604 1151 604 1151 605 189 605 1152 605 189 606 188 606 1152 606 1152 607 188 607 1153 607 188 608 186 608 1153 608 1153 608 186 608 1154 608 186 609 185 609 1154 609 1154 609 185 609 1155 609 185 610 172 610 1155 610 1155 611 172 611 1156 611 172 612 174 612 1156 612 1156 613 174 613 1157 613 174 614 176 614 1157 614 1157 615 176 615 1158 615 176 616 177 616 1158 616 1158 617 177 617 1113 617 232 618 1143 618 238 618 1143 618 1159 618 238 618 1160 619 246 619 251 619 1160 620 251 620 1161 620 251 621 253 621 1161 621 1161 622 253 622 1162 622 253 623 255 623 1162 623 1162 624 255 624 1163 624 255 625 257 625 1163 625 1163 626 257 626 1164 626 257 627 259 627 1164 627 1164 628 259 628 1165 628 259 629 261 629 1165 629 1165 630 261 630 1166 630 261 631 263 631 1166 631 1166 632 263 632 1167 632 263 633 265 633 1167 633 1167 634 265 634 1168 634 265 635 267 635 1168 635 1168 635 267 635 1169 635 267 636 269 636 1169 636 1169 637 269 637 1170 637 269 638 271 638 1170 638 1170 639 271 639 1171 639 271 640 273 640 1171 640 1171 641 273 641 1172 641 273 642 275 642 1172 642 1172 643 275 643 1173 643 275 644 277 644 1173 644 1173 644 277 644 1174 644 277 645 279 645 1174 645 1174 646 279 646 1175 646 279 647 281 647 1175 647 1175 648 281 648 1176 648 281 649 283 649 1176 649 1176 650 283 650 1177 650 283 651 285 651 1177 651 1177 652 285 652 1178 652 285 653 287 653 1178 653 1178 654 287 654 1179 654 287 655 289 655 1179 655 1179 656 289 656 1180 656 289 657 291 657 1180 657 1180 658 291 658 1181 658 291 659 293 659 1181 659 1181 660 293 660 1182 660 293 661 295 661 1182 661 1182 661 295 661 1183 661 295 662 297 662 1183 662 1183 663 297 663 1184 663 297 664 299 664 1184 664 1184 665 299 665 1185 665 299 666 301 666 1185 666 1185 667 301 667 1186 667 301 668 303 668 1186 668 1186 669 303 669 1187 669 303 670 305 670 1187 670 1187 670 305 670 1188 670 305 671 307 671 1188 671 1188 672 307 672 1189 672 307 673 309 673 1189 673 1189 674 309 674 1190 674 309 675 311 675 1190 675 1190 676 311 676 1191 676 311 677 313 677 1191 677 1191 678 313 678 1192 678 313 679 315 679 1192 679 1192 680 315 680 1193 680 315 681 317 681 1193 681 1193 682 317 682 1194 682 317 683 319 683 1194 683 1194 684 319 684 1195 684 319 685 238 685 1195 685 1195 686 238 686 1159 686 246 687 1160 687 209 687 1160 687 1196 687 209 687 1112 688 193 688 178 688 1112 688 178 688 1197 688 178 689 180 689 1197 689 1197 690 180 690 1198 690 180 691 182 691 1198 691 1198 691 182 691 1199 691 182 692 183 692 1199 692 1199 692 183 692 1200 692 183 693 203 693 1200 693 1200 694 203 694 1201 694 203 695 202 695 1201 695 1201 696 202 696 1202 696 202 697 201 697 1202 697 1202 698 201 698 1203 698 201 699 196 699 1203 699 1203 700 196 700 1204 700 196 701 198 701 1204 701 1204 702 198 702 1205 702 198 703 200 703 1205 703 1205 704 200 704 1206 704 200 705 208 705 1206 705 1206 706 208 706 1207 706 208 707 207 707 1207 707 1207 708 207 708 1208 708 207 709 205 709 1208 709 1208 710 205 710 1209 710 205 711 204 711 1209 711 1209 712 204 712 1210 712 204 713 209 713 1210 713 1210 714 209 714 1196 714 116 98 932 98 117 98 932 98 931 98 117 98 1199 153 1211 153 1198 153 1211 153 1212 153 1198 153 1198 153 1212 153 1197 153 1212 715 1112 715 1197 715 1213 716 1214 716 1099 716 1116 153 1117 153 1215 153 1151 153 1216 153 1150 153 1216 153 1217 153 1150 153 1151 153 1152 153 1216 153 1152 717 1153 717 1216 717 1216 718 1153 718 1218 718 1153 153 1154 153 1218 153 1218 719 1154 719 1155 719 1147 153 1148 153 1217 153 1148 153 1149 153 1217 153 1217 720 1149 720 1150 720 1099 721 1100 721 1213 721 1100 153 1101 153 1213 153 1213 722 1101 722 1102 722 1219 723 1043 723 1214 723 1043 153 1098 153 1214 153 1214 724 1098 724 1099 724 1220 153 1127 153 1221 153 1127 153 1044 153 1221 153 1143 725 1222 725 1223 725 1102 153 1103 153 1213 153 1103 153 1104 153 1213 153 1213 726 1104 726 1105 726 1108 153 1224 153 1107 153 1224 727 1213 727 1107 727 1107 728 1213 728 1106 728 1213 729 1105 729 1106 729 1219 730 1225 730 1043 730 1225 731 1226 731 1043 731 1043 153 1226 153 1044 153 1226 732 1227 732 1044 732 1044 733 1227 733 1221 733 1215 153 1117 153 1228 153 1158 734 1229 734 1157 734 1229 153 1218 153 1157 153 1157 153 1218 153 1156 153 1218 735 1155 735 1156 735 1147 153 1217 153 1146 153 1217 153 1230 153 1146 153 1146 153 1230 153 1145 153 1222 153 1143 153 1230 153 1143 153 1144 153 1230 153 1230 736 1144 736 1145 736 1223 153 1231 153 1143 153 1231 153 1232 153 1143 153 1143 737 1232 737 1159 737 1232 153 1233 153 1159 153 1159 738 1233 738 1234 738 1108 153 1109 153 1224 153 1109 739 1110 739 1224 739 1224 740 1110 740 1212 740 1110 741 1111 741 1212 741 1212 742 1111 742 1112 742 1235 153 1236 153 1196 153 1236 153 1237 153 1196 153 1196 743 1237 743 1210 743 1237 153 1238 153 1210 153 1210 744 1238 744 1209 744 1205 745 1206 745 1239 745 1206 153 1207 153 1239 153 1239 153 1207 153 1238 153 1207 153 1208 153 1238 153 1238 746 1208 746 1209 746 1205 747 1239 747 1204 747 1239 153 1240 153 1204 153 1204 153 1240 153 1203 153 1199 748 1200 748 1211 748 1200 153 1201 153 1211 153 1211 153 1201 153 1240 153 1201 153 1202 153 1240 153 1240 153 1202 153 1203 153 1117 749 1118 749 1228 749 1118 750 1119 750 1228 750 1228 751 1119 751 1120 751 1120 153 1121 153 1228 153 1121 153 1122 153 1228 153 1228 752 1122 752 1123 752 1123 153 1124 153 1228 153 1124 153 1125 153 1228 153 1228 153 1125 153 1220 153 1125 753 1126 753 1220 753 1220 153 1126 153 1127 153 1158 153 1113 153 1229 153 1113 754 1114 754 1229 754 1229 755 1114 755 1215 755 1114 756 1115 756 1215 756 1215 757 1115 757 1116 757 1234 153 1241 153 1159 153 1241 153 1242 153 1159 153 1159 153 1242 153 1195 153 1242 198 1243 198 1195 198 1195 153 1243 153 1194 153 1243 153 1244 153 1194 153 1194 153 1244 153 1193 153 1244 758 1245 758 1193 758 1193 153 1245 153 1192 153 1245 153 1246 153 1192 153 1192 153 1246 153 1191 153 1246 153 1247 153 1191 153 1191 153 1247 153 1190 153 1247 759 1248 759 1190 759 1190 153 1248 153 1189 153 1248 153 1249 153 1189 153 1189 760 1249 760 1188 760 1249 153 1250 153 1188 153 1188 153 1250 153 1187 153 1250 153 1251 153 1187 153 1187 153 1251 153 1186 153 1251 153 1252 153 1186 153 1186 153 1252 153 1185 153 1252 153 1253 153 1185 153 1185 153 1253 153 1184 153 1253 153 1254 153 1184 153 1184 153 1254 153 1183 153 1254 153 1255 153 1183 153 1183 153 1255 153 1182 153 1255 153 1256 153 1182 153 1182 153 1256 153 1181 153 1256 153 1257 153 1181 153 1181 153 1257 153 1180 153 1257 153 1258 153 1180 153 1180 153 1258 153 1179 153 1258 153 1259 153 1179 153 1179 153 1259 153 1178 153 1259 153 1260 153 1178 153 1178 153 1260 153 1177 153 1260 153 1261 153 1177 153 1177 153 1261 153 1176 153 1261 153 1262 153 1176 153 1176 153 1262 153 1175 153 1262 153 1263 153 1175 153 1175 153 1263 153 1174 153 1263 153 1264 153 1174 153 1174 153 1264 153 1173 153 1264 153 1265 153 1173 153 1173 760 1265 760 1172 760 1265 761 1266 761 1172 761 1172 153 1266 153 1171 153 1266 153 1267 153 1171 153 1171 762 1267 762 1170 762 1267 761 1268 761 1170 761 1170 153 1268 153 1169 153 1268 153 1269 153 1169 153 1169 153 1269 153 1168 153 1269 153 1270 153 1168 153 1168 763 1270 763 1167 763 1270 153 1271 153 1167 153 1167 764 1271 764 1166 764 1271 765 1272 765 1166 765 1166 153 1272 153 1165 153 1272 153 1273 153 1165 153 1165 153 1273 153 1164 153 1273 153 1274 153 1164 153 1164 153 1274 153 1163 153 1274 153 1275 153 1163 153 1163 766 1275 766 1162 766 1275 153 1276 153 1162 153 1162 767 1276 767 1161 767 1276 153 1277 153 1161 153 1161 187 1277 187 1160 187 1277 153 1278 153 1160 153 1160 153 1278 153 1279 153 1279 153 1280 153 1160 153 1280 153 1281 153 1160 153 1160 153 1281 153 1196 153 1281 768 1282 768 1196 768 1196 769 1282 769 1235 769 806 770 1283 770 1284 770 806 770 1284 770 833 770 1284 771 1285 771 833 771 833 771 1285 771 834 771 1285 772 1286 772 834 772 834 773 1286 773 835 773 1286 774 1287 774 835 774 835 774 1287 774 828 774 1287 775 1288 775 828 775 828 776 1288 776 829 776 1288 777 1289 777 829 777 829 778 1289 778 831 778 1289 779 1290 779 831 779 831 779 1290 779 832 779 1290 780 1291 780 832 780 832 781 1291 781 823 781 1291 782 1292 782 823 782 823 783 1292 783 824 783 1292 784 1293 784 824 784 824 785 1293 785 826 785 1293 786 1294 786 826 786 826 787 1294 787 827 787 1294 788 1295 788 827 788 827 789 1295 789 818 789 1295 790 1296 790 818 790 818 791 1296 791 819 791 1296 792 1297 792 819 792 819 793 1297 793 821 793 1297 794 1298 794 821 794 821 795 1298 795 822 795 1298 796 1299 796 822 796 822 797 1299 797 796 797 1299 798 1300 798 796 798 796 798 1300 798 794 798 1300 799 1301 799 794 799 794 799 1301 799 792 799 1301 800 1302 800 792 800 792 800 1302 800 718 800 810 687 1303 687 806 687 1303 687 1283 687 806 687 726 801 1304 801 1305 801 726 802 1305 802 914 802 1305 803 1306 803 914 803 914 804 1306 804 912 804 1306 805 1307 805 912 805 912 806 1307 806 910 806 1307 807 1308 807 910 807 910 808 1308 808 908 808 1308 809 1309 809 908 809 908 809 1309 809 906 809 1309 810 1310 810 906 810 906 810 1310 810 904 810 1310 811 1311 811 904 811 904 812 1311 812 902 812 1311 813 1312 813 902 813 902 813 1312 813 900 813 1312 814 1313 814 900 814 900 815 1313 815 898 815 1313 816 1314 816 898 816 898 816 1314 816 896 816 1314 817 1315 817 896 817 896 818 1315 818 894 818 1315 819 1316 819 894 819 894 820 1316 820 892 820 1316 821 1317 821 892 821 892 822 1317 822 890 822 1317 823 1318 823 890 823 890 824 1318 824 888 824 1318 825 1319 825 888 825 888 826 1319 826 886 826 1319 827 1320 827 886 827 886 827 1320 827 884 827 1320 828 1321 828 884 828 884 829 1321 829 882 829 1321 830 1322 830 882 830 882 830 1322 830 880 830 1322 831 1323 831 880 831 880 831 1323 831 878 831 1323 832 1324 832 878 832 878 833 1324 833 876 833 1324 834 1325 834 876 834 876 834 1325 834 874 834 1325 835 1326 835 874 835 874 836 1326 836 872 836 1326 837 1327 837 872 837 872 838 1327 838 870 838 1327 839 1328 839 870 839 870 840 1328 840 868 840 1328 841 1329 841 868 841 868 842 1329 842 866 842 1329 843 1330 843 866 843 866 844 1330 844 864 844 1330 845 1331 845 864 845 864 845 1331 845 862 845 1331 846 1332 846 862 846 862 847 1332 847 860 847 1332 848 1333 848 860 848 860 848 1333 848 858 848 1333 849 1334 849 858 849 858 850 1334 850 856 850 1334 851 1335 851 856 851 856 851 1335 851 854 851 1335 852 1336 852 854 852 854 852 1336 852 852 852 1336 853 1337 853 852 853 852 854 1337 854 850 854 1337 855 1338 855 850 855 850 856 1338 856 848 856 1338 857 1339 857 848 857 848 858 1339 858 846 858 1339 859 1303 859 846 859 846 860 1303 860 810 860 743 861 1340 861 1341 861 743 862 1341 862 797 862 1341 863 1342 863 797 863 797 864 1342 864 798 864 1342 865 1343 865 798 865 798 866 1343 866 920 866 1343 867 1344 867 920 867 920 868 1344 868 921 868 1344 869 1345 869 921 869 921 869 1345 869 927 869 1345 870 1346 870 927 870 927 871 1346 871 917 871 1346 872 1347 872 917 872 917 873 1347 873 918 873 1347 874 1348 874 918 874 918 875 1348 875 928 875 1348 876 1349 876 928 876 928 877 1349 877 929 877 1349 878 1350 878 929 878 929 879 1350 879 930 879 1350 880 1351 880 930 880 930 881 1351 881 924 881 1351 882 1352 882 924 882 924 882 1352 882 925 882 1352 883 1353 883 925 883 925 884 1353 884 926 884 1353 885 1354 885 926 885 926 885 1354 885 919 885 1354 886 1355 886 919 886 919 887 1355 887 923 887 1355 888 1356 888 923 888 923 889 1356 889 922 889 1356 890 1357 890 922 890 922 891 1357 891 711 891 1357 892 1358 892 711 892 711 892 1358 892 712 892 1359 98 1360 98 1303 98 1361 98 1362 98 1363 98 1364 98 1365 98 1283 98 1302 98 1366 98 1367 98 1368 98 1369 98 1370 98 1369 98 1371 98 1370 98 1371 98 1372 98 1370 98 1372 98 1373 98 1370 98 1370 98 1373 98 1374 98 1375 98 1376 98 1302 98 1376 98 1377 98 1302 98 1302 98 1377 98 1366 98 1303 98 1360 98 1283 98 1360 98 1378 98 1283 98 1283 98 1378 98 1364 98 1291 893 1290 893 1379 893 1380 98 1381 98 1382 98 1383 894 1384 894 1340 894 1385 895 1386 895 1340 895 1386 896 1387 896 1340 896 1340 897 1387 897 1388 897 1365 98 1389 98 1283 98 1389 98 1390 98 1283 98 1283 898 1390 898 1284 898 1390 899 1391 899 1284 899 1288 98 1287 98 1392 98 1287 900 1286 900 1392 900 1392 901 1286 901 1391 901 1286 902 1285 902 1391 902 1391 903 1285 903 1284 903 1363 98 1302 98 1393 98 1302 98 1301 98 1393 98 1393 904 1301 904 1300 904 1394 98 1370 98 1395 98 1370 98 1396 98 1395 98 1394 98 1397 98 1370 98 1397 98 1398 98 1370 98 1370 98 1398 98 1368 98 1399 98 1382 98 1400 98 1382 98 1401 98 1400 98 1388 905 1402 905 1340 905 1402 906 1403 906 1340 906 1340 907 1403 907 1404 907 1405 98 1406 98 1363 98 1406 98 1407 98 1363 98 1407 98 1408 98 1363 98 1408 98 1409 98 1363 98 1363 98 1409 98 1410 98 1379 98 1290 98 1392 98 1290 908 1289 908 1392 908 1392 909 1289 909 1288 909 1393 98 1297 98 1411 98 1297 98 1296 98 1411 98 1411 98 1296 98 1295 98 1300 910 1299 910 1393 910 1299 98 1298 98 1393 98 1393 98 1298 98 1297 98 1412 911 1340 911 1363 911 1340 912 1404 912 1363 912 1363 98 1404 98 1361 98 1367 98 1413 98 1302 98 1413 98 1414 98 1302 98 1302 98 1414 98 1370 98 1414 98 1415 98 1370 98 1370 98 1415 98 1396 98 1374 98 1416 98 1370 98 1416 98 1417 98 1370 98 1370 98 1417 98 1382 98 1417 98 1418 98 1382 98 1382 98 1418 98 1380 98 1381 98 1419 98 1382 98 1419 98 1420 98 1382 98 1382 98 1420 98 1401 98 1421 913 1422 913 1340 913 1362 98 1423 98 1363 98 1423 98 1424 98 1363 98 1363 98 1424 98 1425 98 1425 98 1426 98 1363 98 1426 98 1427 98 1363 98 1363 98 1427 98 1405 98 1410 98 1428 98 1363 98 1428 98 1429 98 1363 98 1363 98 1429 98 1302 98 1429 98 1430 98 1302 98 1302 98 1430 98 1431 98 1431 98 1432 98 1302 98 1432 98 1433 98 1302 98 1302 98 1433 98 1375 98 1295 98 1294 98 1411 98 1294 98 1293 98 1411 98 1411 98 1293 98 1379 98 1293 914 1292 914 1379 914 1379 915 1292 915 1291 915 1358 916 1434 916 1435 916 1399 98 1436 98 1382 98 1436 98 1437 98 1382 98 1382 98 1437 98 1438 98 1384 917 1439 917 1340 917 1439 918 1440 918 1340 918 1340 919 1440 919 1441 919 1422 920 1442 920 1340 920 1442 921 1443 921 1340 921 1340 922 1443 922 1385 922 1412 923 1444 923 1340 923 1444 924 1445 924 1340 924 1340 925 1445 925 1446 925 1446 926 1447 926 1340 926 1447 927 1448 927 1340 927 1340 928 1448 928 1449 928 1438 98 1450 98 1382 98 1450 98 1451 98 1382 98 1382 929 1451 929 1340 929 1451 930 1452 930 1340 930 1340 931 1452 931 1383 931 1441 932 1453 932 1340 932 1453 933 1454 933 1340 933 1340 934 1454 934 1421 934 1345 935 1344 935 1455 935 1435 936 1456 936 1358 936 1456 937 1457 937 1358 937 1358 938 1457 938 1304 938 1457 98 1458 98 1304 98 1455 939 1344 939 1459 939 1357 940 1460 940 1358 940 1460 941 1461 941 1358 941 1358 942 1461 942 1434 942 1357 943 1356 943 1460 943 1356 944 1355 944 1460 944 1460 945 1355 945 1462 945 1355 946 1354 946 1462 946 1462 947 1354 947 1353 947 1463 948 1349 948 1455 948 1349 949 1348 949 1455 949 1348 950 1347 950 1455 950 1347 951 1346 951 1455 951 1455 952 1346 952 1345 952 1353 953 1352 953 1462 953 1352 954 1351 954 1462 954 1462 955 1351 955 1463 955 1351 956 1350 956 1463 956 1463 957 1350 957 1349 957 1449 958 1464 958 1340 958 1464 959 1465 959 1340 959 1340 960 1465 960 1341 960 1465 961 1466 961 1341 961 1341 962 1466 962 1342 962 1466 963 1459 963 1342 963 1342 964 1459 964 1343 964 1459 965 1344 965 1343 965 1458 98 1467 98 1304 98 1467 98 1468 98 1304 98 1304 98 1468 98 1305 98 1468 98 1469 98 1305 98 1305 98 1469 98 1306 98 1469 98 1470 98 1306 98 1306 98 1470 98 1307 98 1470 98 1471 98 1307 98 1307 98 1471 98 1308 98 1471 98 1472 98 1308 98 1308 98 1472 98 1309 98 1472 98 1473 98 1309 98 1309 98 1473 98 1310 98 1473 98 1474 98 1310 98 1310 98 1474 98 1311 98 1474 98 1475 98 1311 98 1311 98 1475 98 1312 98 1475 98 1476 98 1312 98 1312 98 1476 98 1313 98 1476 98 1477 98 1313 98 1313 98 1477 98 1314 98 1477 98 1478 98 1314 98 1314 98 1478 98 1315 98 1478 98 1479 98 1315 98 1315 98 1479 98 1316 98 1479 98 1480 98 1316 98 1316 98 1480 98 1317 98 1480 98 1481 98 1317 98 1317 98 1481 98 1318 98 1481 98 1482 98 1318 98 1318 98 1482 98 1319 98 1482 98 1483 98 1319 98 1319 98 1483 98 1320 98 1483 98 1484 98 1320 98 1320 98 1484 98 1321 98 1484 98 1485 98 1321 98 1321 98 1485 98 1322 98 1485 98 1486 98 1322 98 1322 98 1486 98 1323 98 1486 98 1487 98 1323 98 1323 98 1487 98 1324 98 1487 98 1488 98 1324 98 1324 98 1488 98 1325 98 1488 98 1489 98 1325 98 1325 98 1489 98 1326 98 1489 98 1490 98 1326 98 1326 98 1490 98 1327 98 1490 98 1491 98 1327 98 1327 98 1491 98 1328 98 1491 98 1492 98 1328 98 1328 98 1492 98 1329 98 1492 98 1493 98 1329 98 1329 98 1493 98 1330 98 1493 98 1494 98 1330 98 1330 98 1494 98 1331 98 1494 98 1495 98 1331 98 1331 98 1495 98 1332 98 1495 98 1496 98 1332 98 1332 98 1496 98 1333 98 1496 98 1497 98 1333 98 1333 98 1497 98 1334 98 1497 98 1498 98 1334 98 1334 98 1498 98 1335 98 1498 98 1499 98 1335 98 1335 98 1499 98 1336 98 1499 98 1500 98 1336 98 1336 98 1500 98 1337 98 1500 98 1501 98 1337 98 1337 98 1501 98 1338 98 1501 98 1502 98 1338 98 1338 98 1502 98 1339 98 1502 98 1503 98 1339 98 1339 98 1503 98 1303 98 1503 98 1504 98 1303 98 1303 98 1504 98 1359 98 98 153 1505 153 99 153 1505 153 1506 153 99 153 1507 966 1508 966 1509 966 1510 967 1511 967 1512 967 1508 968 1513 968 1509 968 1513 968 1514 968 1509 968 1509 969 1514 969 1515 969 1510 970 1512 970 1516 970 1517 971 1370 971 1518 971 1370 972 1519 972 1518 972 1517 968 1520 968 1370 968 1520 973 1521 973 1370 973 1370 974 1521 974 1522 974 1522 968 1523 968 1370 968 1523 968 1524 968 1370 968 1370 968 1524 968 1525 968 1515 970 1526 970 1509 970 1526 975 1527 975 1509 975 1509 976 1527 976 1528 976 1382 968 1529 968 1530 968 1382 968 1531 968 1370 968 1531 968 1532 968 1370 968 1370 977 1532 977 1533 977 1512 978 1534 978 1535 978 1511 979 1536 979 1512 979 1536 968 1537 968 1512 968 1512 980 1537 980 1538 980 1533 981 1539 981 1370 981 1539 968 1540 968 1370 968 1370 982 1540 982 1541 982 1525 968 1542 968 1370 968 1542 968 1543 968 1370 968 1370 968 1543 968 1509 968 1543 968 1544 968 1509 968 1509 968 1544 968 1545 968 1528 968 1546 968 1509 968 1546 968 1547 968 1509 968 1509 968 1547 968 1512 968 1547 968 1548 968 1512 968 1512 983 1548 983 1534 983 1535 984 1549 984 1512 984 1549 968 1550 968 1512 968 1512 985 1550 985 1516 985 1530 968 1551 968 1382 968 1551 968 1552 968 1382 968 1382 974 1552 974 1553 974 1541 986 1554 986 1370 986 1554 987 1555 987 1370 987 1370 988 1555 988 1519 988 1545 968 1556 968 1509 968 1556 968 1557 968 1509 968 1509 989 1557 989 1558 989 1538 968 1559 968 1512 968 1559 990 1560 990 1512 990 1512 991 1560 991 1561 991 1561 968 1562 968 1512 968 1562 968 1563 968 1512 968 1512 968 1563 968 1564 968 1564 968 1565 968 1512 968 1565 968 1566 968 1512 968 1512 968 1566 968 1382 968 1566 968 1567 968 1382 968 1382 968 1567 968 1529 968 1568 968 1569 968 1382 968 1569 968 1570 968 1382 968 1382 992 1570 992 1531 992 1558 993 1571 993 1509 993 1571 990 1572 990 1509 990 1509 968 1572 968 1507 968 1553 973 1573 973 1382 973 1573 968 1574 968 1382 968 1382 994 1574 994 1575 994 1575 968 1576 968 1382 968 1576 968 1577 968 1382 968 1382 995 1577 995 1578 995 1578 986 1579 986 1382 986 1579 996 1580 996 1382 996 1382 997 1580 997 1568 997 1581 618 1582 618 630 618 1582 618 532 618 630 618 1358 618 1304 618 712 618 1304 618 726 618 712 618 1548 998 1583 998 1534 998 1583 999 1584 999 1534 999 1534 1000 1584 1000 1535 1000 1584 1001 1585 1001 1535 1001 1535 1002 1585 1002 1549 1002 1585 1003 1586 1003 1549 1003 1549 1003 1586 1003 1550 1003 1586 1004 1587 1004 1550 1004 1550 1005 1587 1005 1516 1005 1587 1006 1588 1006 1516 1006 1516 1007 1588 1007 1510 1007 1588 1008 1589 1008 1510 1008 1510 1009 1589 1009 1511 1009 1589 1010 1590 1010 1511 1010 1511 1011 1590 1011 1536 1011 1590 1012 1591 1012 1536 1012 1536 1013 1591 1013 1537 1013 1591 1014 1592 1014 1537 1014 1537 1015 1592 1015 1538 1015 1592 1016 1593 1016 1538 1016 1538 1017 1593 1017 1559 1017 1593 1018 1594 1018 1559 1018 1559 1019 1594 1019 1560 1019 1594 1020 1595 1020 1560 1020 1560 1021 1595 1021 1561 1021 1595 1022 1596 1022 1561 1022 1561 1023 1596 1023 1562 1023 1596 1024 1597 1024 1562 1024 1562 1025 1597 1025 1563 1025 1597 1026 1598 1026 1563 1026 1563 1027 1598 1027 1564 1027 1598 1028 1599 1028 1564 1028 1564 1029 1599 1029 1565 1029 1599 1030 1600 1030 1565 1030 1565 1031 1600 1031 1566 1031 1600 1032 1601 1032 1566 1032 1566 1033 1601 1033 1567 1033 1601 1034 1602 1034 1567 1034 1567 1035 1602 1035 1529 1035 1602 1036 1603 1036 1529 1036 1529 1037 1603 1037 1530 1037 1603 1038 1604 1038 1530 1038 1530 1039 1604 1039 1551 1039 1604 1040 1605 1040 1551 1040 1551 1041 1605 1041 1552 1041 1605 1042 1606 1042 1552 1042 1552 1043 1606 1043 1553 1043 1606 1044 1607 1044 1553 1044 1553 1045 1607 1045 1573 1045 1607 1046 1608 1046 1573 1046 1573 1047 1608 1047 1574 1047 1608 1048 1609 1048 1574 1048 1574 1049 1609 1049 1575 1049 1609 1050 1610 1050 1575 1050 1575 1051 1610 1051 1576 1051 1610 1052 1611 1052 1576 1052 1576 1053 1611 1053 1577 1053 1611 1054 1612 1054 1577 1054 1577 1055 1612 1055 1578 1055 1612 1056 1613 1056 1578 1056 1578 1057 1613 1057 1579 1057 1613 1058 1614 1058 1579 1058 1579 1059 1614 1059 1580 1059 1614 1060 1615 1060 1580 1060 1580 1061 1615 1061 1568 1061 1615 1062 1616 1062 1568 1062 1568 1063 1616 1063 1569 1063 1616 1064 1617 1064 1569 1064 1569 1065 1617 1065 1570 1065 1617 1066 1618 1066 1570 1066 1570 1067 1618 1067 1531 1067 1618 1068 1619 1068 1531 1068 1531 1069 1619 1069 1532 1069 1619 1070 1620 1070 1532 1070 1532 1071 1620 1071 1533 1071 1620 1072 1621 1072 1533 1072 1533 1073 1621 1073 1539 1073 1621 1074 1622 1074 1539 1074 1539 1075 1622 1075 1540 1075 1622 1076 1623 1076 1540 1076 1540 1077 1623 1077 1541 1077 1623 1078 1624 1078 1541 1078 1541 1079 1624 1079 1554 1079 1624 1080 1625 1080 1554 1080 1554 1081 1625 1081 1555 1081 1625 1082 1626 1082 1555 1082 1555 1083 1626 1083 1519 1083 1626 1084 1627 1084 1519 1084 1519 1085 1627 1085 1518 1085 1627 1086 1628 1086 1518 1086 1518 1087 1628 1087 1517 1087 1628 1088 1629 1088 1517 1088 1517 1089 1629 1089 1520 1089 1629 1090 1630 1090 1520 1090 1520 1091 1630 1091 1521 1091 1630 1092 1631 1092 1521 1092 1521 1093 1631 1093 1522 1093 1631 1094 1632 1094 1522 1094 1522 1095 1632 1095 1523 1095 1632 1096 1633 1096 1523 1096 1523 1097 1633 1097 1524 1097 1633 1098 1634 1098 1524 1098 1524 1099 1634 1099 1525 1099 1634 1100 1635 1100 1525 1100 1525 1101 1635 1101 1542 1101 1635 1102 1636 1102 1542 1102 1542 1103 1636 1103 1543 1103 1636 1104 1637 1104 1543 1104 1543 1105 1637 1105 1544 1105 1637 1106 1638 1106 1544 1106 1544 1107 1638 1107 1545 1107 1638 1108 1639 1108 1545 1108 1545 1109 1639 1109 1556 1109 1639 1110 1640 1110 1556 1110 1556 1111 1640 1111 1557 1111 1640 1112 1641 1112 1557 1112 1557 1113 1641 1113 1558 1113 1641 1114 1642 1114 1558 1114 1558 1115 1642 1115 1571 1115 1642 1116 1643 1116 1571 1116 1571 1117 1643 1117 1572 1117 1643 1118 1644 1118 1572 1118 1572 1119 1644 1119 1507 1119 1644 1120 1645 1120 1507 1120 1507 1121 1645 1121 1508 1121 1645 1122 1646 1122 1508 1122 1508 1123 1646 1123 1513 1123 1646 1124 1647 1124 1513 1124 1513 1125 1647 1125 1514 1125 1647 1126 1648 1126 1514 1126 1514 1127 1648 1127 1515 1127 1648 1128 1649 1128 1515 1128 1515 1129 1649 1129 1526 1129 1649 1130 1650 1130 1526 1130 1526 1131 1650 1131 1527 1131 1650 1132 1651 1132 1527 1132 1527 1132 1651 1132 1528 1132 1651 1133 1652 1133 1528 1133 1528 1134 1652 1134 1546 1134 1652 1135 1653 1135 1546 1135 1546 1136 1653 1136 1547 1136 1653 1137 1654 1137 1547 1137 1547 1137 1654 1137 1548 1137 1654 998 1583 998 1548 998 321 1138 1242 1138 236 1138 1242 1139 1241 1139 236 1139 236 1140 1241 1140 237 1140 1241 1141 1234 1141 237 1141 237 1142 1234 1142 239 1142 1234 1143 1233 1143 239 1143 239 1144 1233 1144 240 1144 1233 1145 1232 1145 240 1145 240 1146 1232 1146 230 1146 1232 1147 1231 1147 230 1147 230 1148 1231 1148 231 1148 1231 1149 1223 1149 231 1149 231 1150 1223 1150 233 1150 1223 1151 1222 1151 233 1151 233 1152 1222 1152 235 1152 1222 1153 1230 1153 235 1153 235 1154 1230 1154 214 1154 1230 1155 1217 1155 214 1155 214 1156 1217 1156 187 1156 1217 1157 1216 1157 187 1157 187 1158 1216 1158 173 1158 1216 1159 1218 1159 173 1159 173 1160 1218 1160 175 1160 1218 1161 1229 1161 175 1161 175 1162 1229 1162 190 1162 1229 1163 1215 1163 190 1163 190 1164 1215 1164 219 1164 1215 1165 1228 1165 219 1165 219 1166 1228 1166 155 1166 1228 1167 1220 1167 155 1167 155 1168 1220 1168 156 1168 1220 1169 1221 1169 156 1169 156 1170 1221 1170 163 1170 1221 1171 1227 1171 163 1171 163 1172 1227 1172 164 1172 1227 1172 1226 1172 164 1172 164 1173 1226 1173 165 1173 1226 1173 1225 1173 165 1173 165 1174 1225 1174 152 1174 1225 1175 1219 1175 152 1175 152 1176 1219 1176 153 1176 1219 1177 1214 1177 153 1177 153 1178 1214 1178 159 1178 1214 1179 1213 1179 159 1179 159 1180 1213 1180 162 1180 1213 1181 1224 1181 162 1181 162 1182 1224 1182 179 1182 1224 1183 1212 1183 179 1183 179 1184 1212 1184 181 1184 1212 1185 1211 1185 181 1185 181 1186 1211 1186 197 1186 1211 1187 1240 1187 197 1187 197 1188 1240 1188 199 1188 1240 1189 1239 1189 199 1189 199 1190 1239 1190 206 1190 1239 1191 1238 1191 206 1191 206 1192 1238 1192 210 1192 1238 1193 1237 1193 210 1193 210 1194 1237 1194 211 1194 1237 1195 1236 1195 211 1195 211 1196 1236 1196 244 1196 1236 1197 1235 1197 244 1197 244 1198 1235 1198 245 1198 1235 1199 1282 1199 245 1199 245 1200 1282 1200 247 1200 1282 1201 1281 1201 247 1201 247 1202 1281 1202 248 1202 1281 1203 1280 1203 248 1203 248 1204 1280 1204 249 1204 1280 1205 1279 1205 249 1205 249 1206 1279 1206 250 1206 1279 1207 1278 1207 250 1207 250 1208 1278 1208 252 1208 1278 1209 1277 1209 252 1209 252 1210 1277 1210 254 1210 1277 1211 1276 1211 254 1211 254 1212 1276 1212 256 1212 1276 1213 1275 1213 256 1213 256 1214 1275 1214 258 1214 1275 1214 1274 1214 258 1214 258 1215 1274 1215 260 1215 1274 1216 1273 1216 260 1216 260 1217 1273 1217 262 1217 1273 1218 1272 1218 262 1218 262 1219 1272 1219 264 1219 1272 1220 1271 1220 264 1220 264 1221 1271 1221 266 1221 1271 1222 1270 1222 266 1222 266 1223 1270 1223 268 1223 1270 1224 1269 1224 268 1224 268 1225 1269 1225 270 1225 1269 1226 1268 1226 270 1226 270 1227 1268 1227 272 1227 1268 1228 1267 1228 272 1228 272 1229 1267 1229 274 1229 1267 1229 1266 1229 274 1229 274 1230 1266 1230 276 1230 1266 1231 1265 1231 276 1231 276 1232 1265 1232 278 1232 1265 1233 1264 1233 278 1233 278 1234 1264 1234 280 1234 1264 1235 1263 1235 280 1235 280 1236 1263 1236 282 1236 1263 1237 1262 1237 282 1237 282 1238 1262 1238 284 1238 1262 1239 1261 1239 284 1239 284 1240 1261 1240 286 1240 1261 1241 1260 1241 286 1241 286 1242 1260 1242 288 1242 1260 1242 1259 1242 288 1242 288 1243 1259 1243 290 1243 1259 1244 1258 1244 290 1244 290 1245 1258 1245 292 1245 1258 1246 1257 1246 292 1246 292 1247 1257 1247 294 1247 1257 1248 1256 1248 294 1248 294 1249 1256 1249 296 1249 1256 1250 1255 1250 296 1250 296 1251 1255 1251 298 1251 1255 1252 1254 1252 298 1252 298 1253 1254 1253 300 1253 1254 1253 1253 1253 300 1253 300 1254 1253 1254 302 1254 1253 1255 1252 1255 302 1255 302 1256 1252 1256 304 1256 1252 1257 1251 1257 304 1257 304 1258 1251 1258 306 1258 1251 1259 1250 1259 306 1259 306 1260 1250 1260 308 1260 1250 1261 1249 1261 308 1261 308 1262 1249 1262 310 1262 1249 1263 1248 1263 310 1263 310 1264 1248 1264 312 1264 1248 1265 1247 1265 312 1265 312 1266 1247 1266 314 1266 1247 1267 1246 1267 314 1267 314 1268 1246 1268 316 1268 1246 1268 1245 1268 316 1268 316 1269 1245 1269 318 1269 1245 1270 1244 1270 318 1270 318 1271 1244 1271 320 1271 1244 1272 1243 1272 320 1272 320 1273 1243 1273 321 1273 1243 1274 1242 1274 321 1274 1655 1275 406 1275 1656 1275 406 1276 405 1276 1656 1276 1656 1277 405 1277 1657 1277 405 1278 366 1278 1657 1278 1657 1279 366 1279 1658 1279 366 1280 365 1280 1658 1280 1658 1281 365 1281 1659 1281 365 1282 363 1282 1659 1282 1659 1283 363 1283 1660 1283 363 1147 362 1147 1660 1147 1660 1284 362 1284 1661 1284 362 1285 326 1285 1661 1285 1661 1286 326 1286 1662 1286 326 1286 325 1286 1662 1286 1662 1287 325 1287 1663 1287 325 1287 359 1287 1663 1287 1663 1288 359 1288 1664 1288 359 1288 344 1288 1664 1288 1664 1289 344 1289 1665 1289 344 1290 324 1290 1665 1290 1665 1291 324 1291 1666 1291 324 1292 340 1292 1666 1292 1666 1293 340 1293 1667 1293 340 1293 377 1293 1667 1293 1667 1162 377 1162 1668 1162 377 1294 394 1294 1668 1294 1668 1295 394 1295 1669 1295 394 1295 355 1295 1669 1295 1669 1296 355 1296 1670 1296 355 1297 352 1297 1670 1297 1670 1298 352 1298 1671 1298 352 1299 353 1299 1671 1299 1671 1300 353 1300 1672 1300 353 1170 375 1170 1672 1170 1672 1301 375 1301 1673 1301 375 1302 374 1302 1673 1302 1673 1303 374 1303 1674 1303 374 1303 373 1303 1674 1303 1674 1304 373 1304 1675 1304 373 1305 339 1305 1675 1305 1675 1306 339 1306 1676 1306 339 1307 338 1307 1676 1307 1676 1308 338 1308 1677 1308 338 1309 337 1309 1677 1309 1677 1310 337 1310 1678 1310 337 1310 335 1310 1678 1310 1678 1311 335 1311 1679 1311 335 1312 331 1312 1679 1312 1679 1313 331 1313 1680 1313 331 1313 329 1313 1680 1313 1680 1314 329 1314 1681 1314 329 1186 382 1186 1681 1186 1681 1315 382 1315 1682 1315 382 1316 367 1316 1682 1316 1682 1317 367 1317 1683 1317 367 1317 396 1317 1683 1317 1683 1318 396 1318 1684 1318 396 1318 398 1318 1684 1318 1684 1319 398 1319 1685 1319 398 1319 400 1319 1685 1319 1685 1320 400 1320 1686 1320 400 1321 401 1321 1686 1321 1686 1322 401 1322 1687 1322 401 1199 488 1199 1687 1199 1687 1323 488 1323 1688 1323 488 1324 487 1324 1688 1324 1688 1325 487 1325 1689 1325 487 1326 486 1326 1689 1326 1689 1327 486 1327 1690 1327 486 1328 479 1328 1690 1328 1690 1329 479 1329 1691 1329 479 1330 478 1330 1691 1330 1691 1331 478 1331 1692 1331 478 1332 476 1332 1692 1332 1692 1333 476 1333 1693 1333 476 1334 474 1334 1693 1334 1693 1335 474 1335 1694 1335 474 1336 472 1336 1694 1336 1694 1214 472 1214 1695 1214 472 1214 470 1214 1695 1214 1695 1337 470 1337 1696 1337 470 1216 468 1216 1696 1216 1696 1338 468 1338 1697 1338 468 1339 466 1339 1697 1339 1697 1340 466 1340 1698 1340 466 1341 464 1341 1698 1341 1698 1342 464 1342 1699 1342 464 1342 462 1342 1699 1342 1699 1343 462 1343 1700 1343 462 1344 460 1344 1700 1344 1700 1345 460 1345 1701 1345 460 1346 458 1346 1701 1346 1701 1347 458 1347 1702 1347 458 1348 456 1348 1702 1348 1702 1349 456 1349 1703 1349 456 1350 454 1350 1703 1350 1703 1230 454 1230 1704 1230 454 1351 452 1351 1704 1351 1704 1352 452 1352 1705 1352 452 1352 450 1352 1705 1352 1705 1353 450 1353 1706 1353 450 1354 448 1354 1706 1354 1706 1355 448 1355 1707 1355 448 1356 446 1356 1707 1356 1707 1357 446 1357 1708 1357 446 1238 444 1238 1708 1238 1708 1358 444 1358 1709 1358 444 1358 442 1358 1709 1358 1709 1359 442 1359 1710 1359 442 1359 440 1359 1710 1359 1710 1360 440 1360 1711 1360 440 1361 438 1361 1711 1361 1711 1362 438 1362 1712 1362 438 1363 436 1363 1712 1363 1712 1364 436 1364 1713 1364 436 1365 434 1365 1713 1365 1713 1366 434 1366 1714 1366 434 1366 432 1366 1714 1366 1714 1367 432 1367 1715 1367 432 1368 430 1368 1715 1368 1715 1369 430 1369 1716 1369 430 1370 428 1370 1716 1370 1716 1371 428 1371 1717 1371 428 1254 426 1254 1717 1254 1717 1372 426 1372 1718 1372 426 1373 424 1373 1718 1373 1718 1374 424 1374 1719 1374 424 1375 422 1375 1719 1375 1719 1376 422 1376 1720 1376 422 1376 420 1376 1720 1376 1720 1377 420 1377 1721 1377 420 1378 418 1378 1721 1378 1721 1379 418 1379 1722 1379 418 1380 416 1380 1722 1380 1722 1381 416 1381 1723 1381 416 1267 414 1267 1723 1267 1723 1268 414 1268 1724 1268 414 1268 412 1268 1724 1268 1724 1382 412 1382 1725 1382 412 1383 410 1383 1725 1383 1725 1384 410 1384 1726 1384 410 1385 408 1385 1726 1385 1726 1386 408 1386 1655 1386 408 1387 406 1387 1655 1387 1440 1388 816 1388 1441 1388 816 1389 840 1389 1441 1389 1441 1390 840 1390 1453 1390 840 1391 839 1391 1453 1391 1453 1392 839 1392 1454 1392 839 1393 838 1393 1454 1393 1454 1394 838 1394 1421 1394 838 1395 837 1395 1421 1395 1421 1396 837 1396 1422 1396 837 1397 836 1397 1422 1397 1422 1398 836 1398 1442 1398 836 1399 815 1399 1442 1399 1442 1400 815 1400 1443 1400 815 1401 814 1401 1443 1401 1443 1402 814 1402 1385 1402 814 1402 813 1402 1385 1402 1385 1403 813 1403 1386 1403 813 1404 783 1404 1386 1404 1386 1405 783 1405 1387 1405 783 1405 782 1405 1387 1405 1387 1406 782 1406 1388 1406 782 1407 781 1407 1388 1407 1388 1408 781 1408 1402 1408 781 1409 748 1409 1402 1409 1402 1410 748 1410 1403 1410 748 1410 747 1410 1403 1410 1403 1411 747 1411 1404 1411 747 1412 746 1412 1404 1412 1404 1413 746 1413 1361 1413 746 1413 745 1413 1361 1413 1361 1414 745 1414 1362 1414 745 1415 744 1415 1362 1415 1362 1416 744 1416 1423 1416 744 1417 780 1417 1423 1417 1423 1418 780 1418 1424 1418 780 1419 779 1419 1424 1419 1424 1420 779 1420 1425 1420 779 1420 778 1420 1425 1420 1425 1421 778 1421 1426 1421 778 1422 756 1422 1426 1422 1426 1423 756 1423 1427 1423 756 1424 755 1424 1427 1424 1427 1425 755 1425 1405 1425 755 1425 754 1425 1405 1425 1405 1426 754 1426 1406 1426 754 1427 753 1427 1406 1427 1406 1428 753 1428 1407 1428 753 1428 752 1428 1407 1428 1407 1429 752 1429 1408 1429 752 1430 751 1430 1408 1430 1408 1431 751 1431 1409 1431 751 1432 764 1432 1409 1432 1409 1433 764 1433 1410 1433 764 1433 763 1433 1410 1433 1410 1434 763 1434 1428 1434 763 1435 762 1435 1428 1435 1428 1436 762 1436 1429 1436 762 1436 761 1436 1429 1436 1429 1437 761 1437 1430 1437 761 1438 760 1438 1430 1438 1430 1439 760 1439 1431 1439 760 1440 759 1440 1431 1440 1431 1441 759 1441 1432 1441 759 1442 742 1442 1432 1442 1432 1443 742 1443 1433 1443 742 1444 741 1444 1433 1444 1433 1445 741 1445 1375 1445 741 1446 740 1446 1375 1446 1375 1447 740 1447 1376 1447 740 1448 739 1448 1376 1448 1376 1449 739 1449 1377 1449 739 1450 738 1450 1377 1450 1377 1451 738 1451 1366 1451 738 1452 737 1452 1366 1452 1366 1453 737 1453 1367 1453 737 1454 736 1454 1367 1454 1367 1455 736 1455 1413 1455 736 1456 770 1456 1413 1456 1413 1457 770 1457 1414 1457 770 1458 769 1458 1414 1458 1414 1459 769 1459 1415 1459 769 1460 768 1460 1415 1460 1415 1461 768 1461 1396 1461 768 1462 735 1462 1396 1462 1396 1463 735 1463 1395 1463 735 1464 734 1464 1395 1464 1395 1465 734 1465 1394 1465 734 1465 733 1465 1394 1465 1394 1466 733 1466 1397 1466 733 1467 732 1467 1397 1467 1397 1468 732 1468 1398 1468 732 1468 731 1468 1398 1468 1398 1469 731 1469 1368 1469 731 1470 730 1470 1368 1470 1368 1471 730 1471 1369 1471 730 1472 723 1472 1369 1472 1369 1473 723 1473 1371 1473 723 1473 722 1473 1371 1473 1371 1474 722 1474 1372 1474 722 1475 729 1475 1372 1475 1372 1476 729 1476 1373 1476 729 1476 728 1476 1373 1476 1373 1477 728 1477 1374 1477 728 1478 721 1478 1374 1478 1374 1479 721 1479 1416 1479 721 1480 720 1480 1416 1480 1416 1481 720 1481 1417 1481 720 1481 727 1481 1417 1481 1417 1482 727 1482 1418 1482 727 1482 715 1482 1418 1482 1418 1483 715 1483 1380 1483 715 1484 714 1484 1380 1484 1380 1485 714 1485 1381 1485 714 1486 758 1486 1381 1486 1381 1487 758 1487 1419 1487 758 1487 757 1487 1419 1487 1419 1488 757 1488 1420 1488 757 1489 750 1489 1420 1489 1420 1490 750 1490 1401 1490 750 1490 749 1490 1401 1490 1401 1491 749 1491 1400 1491 749 1492 803 1492 1400 1492 1400 1493 803 1493 1399 1493 803 1494 802 1494 1399 1494 1399 1495 802 1495 1436 1495 802 1495 801 1495 1436 1495 1436 1496 801 1496 1437 1496 801 1497 800 1497 1437 1497 1437 1498 800 1498 1438 1498 800 1498 799 1498 1438 1498 1438 1499 799 1499 1450 1499 799 1500 785 1500 1450 1500 1450 1501 785 1501 1451 1501 785 1502 784 1502 1451 1502 1451 1503 784 1503 1452 1503 784 1504 843 1504 1452 1504 1452 1505 843 1505 1383 1505 843 1506 842 1506 1383 1506 1383 1507 842 1507 1384 1507 842 1508 841 1508 1384 1508 1384 1509 841 1509 1439 1509 841 1510 817 1510 1439 1510 1439 1511 817 1511 1440 1511 817 1512 816 1512 1440 1512 626 1513 1727 1513 627 1513 1727 1514 1728 1514 627 1514 627 1391 1728 1391 628 1391 1728 1391 1729 1391 628 1391 628 1515 1729 1515 633 1515 1729 1516 1730 1516 633 1516 633 1517 1730 1517 634 1517 1730 1518 1731 1518 634 1518 634 1519 1731 1519 578 1519 1731 1519 1732 1519 578 1519 578 1520 1732 1520 577 1520 1732 1521 1733 1521 577 1521 577 1522 1733 1522 576 1522 1733 1523 1734 1523 576 1523 576 1524 1734 1524 579 1524 1734 1525 1735 1525 579 1525 579 1526 1735 1526 580 1526 1735 1527 1736 1527 580 1527 580 1528 1736 1528 581 1528 1736 1529 1737 1529 581 1529 581 1530 1737 1530 512 1530 1737 1531 1738 1531 512 1531 512 1532 1738 1532 513 1532 1738 1533 1739 1533 513 1533 513 1410 1739 1410 544 1410 1739 1534 1740 1534 544 1534 544 1535 1740 1535 545 1535 1740 1536 1741 1536 545 1536 545 1537 1741 1537 546 1537 1741 1537 1742 1537 546 1537 546 1538 1742 1538 582 1538 1742 1539 1743 1539 582 1539 582 1540 1743 1540 583 1540 1743 1541 1744 1541 583 1541 583 1542 1744 1542 516 1542 1744 1542 1745 1542 516 1542 516 1543 1745 1543 529 1543 1745 1543 1746 1543 529 1543 529 1544 1746 1544 528 1544 1746 1545 1747 1545 528 1545 528 1546 1747 1546 497 1546 1747 1547 1748 1547 497 1547 497 1548 1748 1548 498 1548 1748 1548 1749 1548 498 1548 498 1549 1749 1549 533 1549 1749 1550 1750 1550 533 1550 533 1551 1750 1551 534 1551 1750 1552 1751 1552 534 1552 534 1553 1751 1553 535 1553 1751 1554 1752 1554 535 1554 535 1555 1752 1555 549 1555 1752 1556 1753 1556 549 1556 549 1557 1753 1557 550 1557 1753 1558 1754 1558 550 1558 550 1559 1754 1559 551 1559 1754 1560 1755 1560 551 1560 551 1561 1755 1561 571 1561 1755 1562 1756 1562 571 1562 571 1563 1756 1563 572 1563 1756 1564 1757 1564 572 1564 572 1565 1757 1565 573 1565 1757 1566 1758 1566 573 1566 573 1567 1758 1567 614 1567 1758 1567 1759 1567 614 1567 614 1568 1759 1568 615 1568 1759 1569 1760 1569 615 1569 615 1570 1760 1570 616 1570 1760 1571 1761 1571 616 1571 616 1447 1761 1447 617 1447 1761 1447 1762 1447 617 1447 617 1572 1762 1572 618 1572 1762 1573 1763 1573 618 1573 618 1574 1763 1574 619 1574 1763 1575 1764 1575 619 1575 619 1576 1764 1576 620 1576 1764 1577 1765 1577 620 1577 620 1578 1765 1578 621 1578 1765 1579 1766 1579 621 1579 621 1580 1766 1580 622 1580 1766 1581 1767 1581 622 1581 622 1582 1767 1582 536 1582 1767 1582 1768 1582 536 1582 536 1583 1768 1583 537 1583 1768 1584 1769 1584 537 1584 537 1585 1769 1585 538 1585 1769 1586 1770 1586 538 1586 538 1587 1770 1587 539 1587 1770 1588 1771 1588 539 1588 539 1589 1771 1589 540 1589 1771 1590 1772 1590 540 1590 540 1591 1772 1591 541 1591 1772 1592 1773 1592 541 1592 541 1593 1773 1593 552 1593 1773 1594 1774 1594 552 1594 552 1595 1774 1595 553 1595 1774 1596 1775 1596 553 1596 553 1473 1775 1473 554 1473 1775 1597 1776 1597 554 1597 554 1598 1776 1598 555 1598 1776 1599 1777 1599 555 1599 555 1600 1777 1600 556 1600 1777 1600 1778 1600 556 1600 556 1601 1778 1601 557 1601 1778 1602 1779 1602 557 1602 557 1603 1779 1603 623 1603 1779 1604 1780 1604 623 1604 623 1605 1780 1605 624 1605 1780 1606 1781 1606 624 1606 624 1607 1781 1607 625 1607 1781 1607 1782 1607 625 1607 625 1608 1782 1608 600 1608 1782 1609 1783 1609 600 1609 600 1610 1783 1610 601 1610 1783 1611 1784 1611 601 1611 601 1612 1784 1612 602 1612 1784 1612 1785 1612 602 1612 602 1613 1785 1613 509 1613 1785 1614 1786 1614 509 1614 509 1615 1786 1615 510 1615 1786 1616 1787 1616 510 1616 510 1617 1787 1617 511 1617 1787 1618 1788 1618 511 1618 511 1619 1788 1619 542 1619 1788 1620 1789 1620 542 1620 542 1621 1789 1621 543 1621 1789 1622 1790 1622 543 1622 543 1623 1790 1623 502 1623 1790 1624 1791 1624 502 1624 502 1625 1791 1625 500 1625 1791 1626 1792 1626 500 1626 500 1627 1792 1627 501 1627 1792 1628 1793 1628 501 1628 501 1629 1793 1629 574 1629 1793 1630 1794 1630 574 1630 574 1631 1794 1631 575 1631 1794 1631 1795 1631 575 1631 575 1632 1795 1632 609 1632 1795 1633 1796 1633 609 1633 609 1634 1796 1634 610 1634 1796 1635 1797 1635 610 1635 610 1636 1797 1636 611 1636 1797 1637 1798 1637 611 1637 611 1638 1798 1638 626 1638 1798 1639 1727 1639 626 1639 1468 1640 916 1640 1469 1640 916 1641 915 1641 1469 1641 1469 1642 915 1642 1470 1642 915 1643 913 1643 1470 1643 1470 1644 913 1644 1471 1644 913 1644 911 1644 1471 1644 1471 1645 911 1645 1472 1645 911 1646 909 1646 1472 1646 1472 1647 909 1647 1473 1647 909 1647 907 1647 1473 1647 1473 1648 907 1648 1474 1648 907 1649 905 1649 1474 1649 1474 1400 905 1400 1475 1400 905 1400 903 1400 1475 1400 1475 1650 903 1650 1476 1650 903 1651 901 1651 1476 1651 1476 1652 901 1652 1477 1652 901 1653 899 1653 1477 1653 1477 1654 899 1654 1478 1654 899 1654 897 1654 1478 1654 1478 1655 897 1655 1479 1655 897 1656 895 1656 1479 1656 1479 1657 895 1657 1480 1657 895 1658 893 1658 1480 1658 1480 1659 893 1659 1481 1659 893 1659 891 1659 1481 1659 1481 1660 891 1660 1482 1660 891 1661 889 1661 1482 1661 1482 1662 889 1662 1483 1662 889 1663 887 1663 1483 1663 1483 1539 887 1539 1484 1539 887 1664 885 1664 1484 1664 1484 1665 885 1665 1485 1665 885 1666 883 1666 1485 1666 1485 1667 883 1667 1486 1667 883 1668 881 1668 1486 1668 1486 1669 881 1669 1487 1669 881 1669 879 1669 1487 1669 1487 1670 879 1670 1488 1670 879 1671 877 1671 1488 1671 1488 1672 877 1672 1489 1672 877 1673 875 1673 1489 1673 1489 1674 875 1674 1490 1674 875 1675 873 1675 1490 1675 1490 1676 873 1676 1491 1676 873 1677 871 1677 1491 1677 1491 1678 871 1678 1492 1678 871 1678 869 1678 1492 1678 1492 1679 869 1679 1493 1679 869 1680 867 1680 1493 1680 1493 1681 867 1681 1494 1681 867 1555 865 1555 1494 1555 1494 1682 865 1682 1495 1682 865 1682 863 1682 1495 1682 1495 1683 863 1683 1496 1683 863 1684 861 1684 1496 1684 1496 1685 861 1685 1497 1685 861 1686 859 1686 1497 1686 1497 1438 859 1438 1498 1438 859 1438 857 1438 1498 1438 1498 1687 857 1687 1499 1687 857 1688 855 1688 1499 1688 1499 1689 855 1689 1500 1689 855 1689 853 1689 1500 1689 1500 1690 853 1690 1501 1690 853 1691 851 1691 1501 1691 1501 1692 851 1692 1502 1692 851 1692 849 1692 1502 1692 1502 1693 849 1693 1503 1693 849 1694 847 1694 1503 1694 1503 1695 847 1695 1504 1695 847 1696 845 1696 1504 1696 1504 1697 845 1697 1359 1697 845 1698 844 1698 1359 1698 1359 1699 844 1699 1360 1699 844 1700 809 1700 1360 1700 1360 1701 809 1701 1378 1701 809 1701 811 1701 1378 1701 1378 1702 811 1702 1364 1702 811 1703 812 1703 1364 1703 1364 1704 812 1704 1365 1704 812 1704 808 1704 1365 1704 1365 1705 808 1705 1389 1705 808 1706 807 1706 1389 1706 1389 1463 807 1463 1390 1463 807 1463 805 1463 1390 1463 1390 1707 805 1707 1391 1707 805 1708 804 1708 1391 1708 1391 1709 804 1709 1392 1709 804 815 830 815 1392 815 1392 1710 830 1710 1379 1710 830 1710 825 1710 1379 1710 1379 1711 825 1711 1411 1711 825 1712 820 1712 1411 1712 1411 1713 820 1713 1393 1713 820 1714 795 1714 1393 1714 1393 1715 795 1715 1363 1715 795 1715 793 1715 1363 1715 1363 1716 793 1716 1412 1716 793 1717 791 1717 1412 1717 1412 1718 791 1718 1444 1718 791 1719 790 1719 1444 1719 1444 1720 790 1720 1445 1720 790 1721 719 1721 1445 1721 1445 1722 719 1722 1446 1722 719 1723 717 1723 1446 1723 1446 1724 717 1724 1447 1724 717 1724 716 1724 1447 1724 1447 1725 716 1725 1448 1725 716 1725 777 1725 1448 1725 1448 1726 777 1726 1449 1726 777 1727 776 1727 1449 1727 1449 1728 776 1728 1464 1728 776 1729 775 1729 1464 1729 1464 1730 775 1730 1465 1730 775 1731 774 1731 1465 1731 1465 1732 774 1732 1466 1732 774 1733 766 1733 1466 1733 1466 1734 766 1734 1459 1734 766 1734 765 1734 1459 1734 1459 1735 765 1735 1455 1735 765 1736 789 1736 1455 1736 1455 1737 789 1737 1463 1737 789 1738 788 1738 1463 1738 1463 1739 788 1739 1462 1739 788 1739 773 1739 1462 1739 1462 846 773 846 1460 846 773 1740 772 1740 1460 1740 1460 1741 772 1741 1461 1741 772 1742 771 1742 1461 1742 1461 1500 771 1500 1434 1500 771 1500 787 1500 1434 1500 1434 1743 787 1743 1435 1743 787 1744 786 1744 1435 1744 1435 1745 786 1745 1456 1745 786 1745 713 1745 1456 1745 1456 1746 713 1746 1457 1746 713 1747 767 1747 1457 1747 1457 1748 767 1748 1458 1748 767 1748 725 1748 1458 1748 1458 1749 725 1749 1467 1749 725 1750 724 1750 1467 1750 1467 1751 724 1751 1468 1751 724 1752 916 1752 1468 1752 639 1753 1799 1753 641 1753 1799 1754 1800 1754 641 1754 641 1755 1800 1755 643 1755 1800 1756 1801 1756 643 1756 643 1757 1801 1757 645 1757 1801 1757 1802 1757 645 1757 645 1758 1802 1758 647 1758 1802 1759 1803 1759 647 1759 647 1760 1803 1760 649 1760 1803 1760 1804 1760 649 1760 649 1761 1804 1761 651 1761 1804 1762 1805 1762 651 1762 651 1763 1805 1763 653 1763 1805 1764 1806 1764 653 1764 653 1765 1806 1765 655 1765 1806 1766 1807 1766 655 1766 655 1767 1807 1767 657 1767 1807 1768 1808 1768 657 1768 657 1769 1808 1769 659 1769 1808 1654 1809 1654 659 1654 659 1770 1809 1770 661 1770 1809 1771 1810 1771 661 1771 661 1772 1810 1772 663 1772 1810 1658 1811 1658 663 1658 663 1773 1811 1773 665 1773 1811 1774 1812 1774 665 1774 665 1775 1812 1775 667 1775 1812 1776 1813 1776 667 1776 667 1662 1813 1662 669 1662 1813 1662 1814 1662 669 1662 669 1777 1814 1777 671 1777 1814 1778 1815 1778 671 1778 671 1779 1815 1779 673 1779 1815 1780 1816 1780 673 1780 673 1781 1816 1781 675 1781 1816 1781 1817 1781 675 1781 675 1782 1817 1782 677 1782 1817 1782 1818 1782 677 1782 677 1783 1818 1783 679 1783 1818 1784 1819 1784 679 1784 679 1785 1819 1785 681 1785 1819 1786 1820 1786 681 1786 681 1675 1820 1675 683 1675 1820 1675 1821 1675 683 1675 683 1787 1821 1787 685 1787 1821 1788 1822 1788 685 1788 685 1789 1822 1789 687 1789 1822 1790 1823 1790 687 1790 687 1791 1823 1791 689 1791 1823 1680 1824 1680 689 1680 689 1792 1824 1792 691 1792 1824 1793 1825 1793 691 1793 691 1682 1825 1682 693 1682 1825 1794 1826 1794 693 1794 693 1795 1826 1795 695 1795 1826 1796 1827 1796 695 1796 695 1797 1827 1797 697 1797 1827 1798 1828 1798 697 1798 697 1799 1828 1799 699 1799 1828 1800 1829 1800 699 1800 699 1801 1829 1801 701 1801 1829 1802 1830 1802 701 1802 701 1803 1830 1803 703 1803 1830 1803 1831 1803 703 1803 703 1804 1831 1804 705 1804 1831 1805 1832 1805 705 1805 705 1806 1832 1806 707 1806 1832 1806 1833 1806 707 1806 707 1807 1833 1807 709 1807 1833 1808 1834 1808 709 1808 709 1809 1834 1809 710 1809 1834 1810 1835 1810 710 1810 710 1811 1835 1811 637 1811 1835 1812 1836 1812 637 1812 637 1813 1836 1813 635 1813 1836 1814 1837 1814 635 1814 635 1815 1837 1815 558 1815 1837 1816 1838 1816 558 1816 558 1817 1838 1817 559 1817 1838 1818 1839 1818 559 1818 559 1819 1839 1819 586 1819 1839 1819 1840 1819 586 1819 586 1820 1840 1820 587 1820 1840 1821 1841 1821 587 1821 587 1822 1841 1822 520 1822 1841 1823 1842 1823 520 1823 520 1824 1842 1824 522 1824 1842 1825 1843 1825 522 1825 522 1826 1843 1826 525 1826 1843 1827 1844 1827 525 1827 525 1828 1844 1828 505 1828 1844 1829 1845 1829 505 1829 505 1830 1845 1830 493 1830 1845 1830 1846 1830 493 1830 493 1831 1846 1831 547 1831 1846 820 1847 820 547 820 547 1832 1847 1832 514 1832 1847 1833 1848 1833 514 1833 514 1834 1848 1834 515 1834 1848 1835 1849 1835 515 1835 515 1718 1849 1718 517 1718 1849 1718 1850 1718 517 1718 517 1836 1850 1836 518 1836 1850 1837 1851 1837 518 1837 518 1838 1851 1838 585 1838 1851 1839 1852 1839 585 1839 585 1840 1852 1840 584 1840 1852 1841 1853 1841 584 1841 584 1842 1853 1842 495 1842 1853 1843 1854 1843 495 1843 495 1844 1854 1844 496 1844 1854 1845 1855 1845 496 1845 496 1846 1855 1846 588 1846 1855 1847 1856 1847 588 1847 588 1731 1856 1731 589 1731 1856 1731 1857 1731 589 1731 589 1848 1857 1848 591 1848 1857 1849 1858 1849 591 1849 591 1850 1858 1850 593 1850 1858 1851 1859 1851 593 1851 593 1852 1859 1852 508 1852 1859 1853 1860 1853 508 1853 508 1854 1860 1854 570 1854 1860 1854 1861 1854 570 1854 570 1855 1861 1855 568 1855 1861 1856 1862 1856 568 1856 568 1857 1862 1857 595 1857 1862 1858 1863 1858 595 1858 595 1859 1863 1859 596 1859 1863 1860 1864 1860 596 1860 596 1861 1864 1861 530 1861 1864 1862 1865 1862 530 1862 530 1863 1865 1863 531 1863 1865 1864 1866 1864 531 1864 531 1865 1866 1865 632 1865 1866 1865 1867 1865 632 1865 632 1866 1867 1866 631 1866 1867 1867 1868 1867 631 1867 631 1868 1868 1868 629 1868 1868 1869 1869 1869 629 1869 629 1870 1869 1870 638 1870 1869 1871 1870 1871 638 1871 638 1872 1870 1872 639 1872 1870 1873 1799 1873 639 1873 96 687 94 687 81 687 60 1874 62 1874 1370 1874 62 687 64 687 1370 687 1370 1875 64 1875 66 1875 499 687 59 687 1871 687 59 1876 57 1876 1871 1876 1871 687 57 687 1509 687 57 1877 55 1877 1509 1877 1509 1878 55 1878 53 1878 53 687 51 687 1509 687 51 687 49 687 1509 687 1509 1879 49 1879 47 1879 47 687 45 687 1509 687 45 1880 43 1880 1509 1880 1509 1881 43 1881 41 1881 113 687 115 687 98 687 115 687 60 687 98 687 98 687 60 687 1505 687 60 1882 1370 1882 1505 1882 1505 687 1370 687 1872 687 1370 1883 1509 1883 1872 1883 1872 687 1509 687 81 687 1509 1884 41 1884 81 1884 81 1885 41 1885 96 1885 86 687 84 687 88 687 84 1886 90 1886 88 1886 94 687 92 687 81 687 92 687 90 687 81 687 81 687 90 687 82 687 90 1887 84 1887 82 1887 66 687 68 687 1370 687 68 687 70 687 1370 687 1370 1888 70 1888 72 1888 72 1889 74 1889 1370 1889 74 687 76 687 1370 687 1370 687 76 687 1302 687 76 687 78 687 1302 687 1302 687 78 687 718 687 98 687 101 687 113 687 101 1890 103 1890 113 1890 113 687 103 687 105 687 105 1891 107 1891 113 1891 107 1892 109 1892 113 1892 113 1893 109 1893 111 1893 58 618 494 618 1873 618 40 618 42 618 1512 618 67 618 65 618 1382 618 65 618 63 618 1382 618 1382 1894 63 1894 61 1894 73 618 71 618 1382 618 71 618 69 618 1382 618 1382 1895 69 1895 67 1895 114 618 112 618 99 618 112 618 110 618 99 618 99 618 110 618 100 618 58 1896 1873 1896 56 1896 1873 618 1512 618 56 618 56 1897 1512 1897 54 1897 110 618 108 618 106 618 42 1898 44 1898 1512 1898 44 618 46 618 1512 618 1512 1899 46 1899 48 1899 743 618 79 618 1340 618 79 618 77 618 1340 618 1340 618 77 618 1382 618 77 618 75 618 1382 618 1382 1900 75 1900 73 1900 106 618 104 618 110 618 104 618 102 618 110 618 110 1901 102 1901 100 1901 87 618 89 618 85 618 89 618 91 618 85 618 85 618 91 618 83 618 83 618 91 618 80 618 91 618 93 618 80 618 80 1902 93 1902 95 1902 48 618 50 618 1512 618 50 618 52 618 1512 618 1512 1903 52 1903 54 1903 95 618 97 618 80 618 97 1904 40 1904 80 1904 80 618 40 618 1874 618 40 618 1512 618 1874 618 1874 618 1512 618 1506 618 1512 1905 1382 1905 1506 1905 1506 618 1382 618 99 618 1382 1906 61 1906 99 1906 99 618 61 618 114 618 1506 1907 1505 1907 1874 1907 1505 1907 1872 1907 1874 1907 1870 153 1869 153 1581 153 1871 1908 1858 1908 1857 1908 1857 1909 1856 1909 1871 1909 1856 153 1855 153 1871 153 1871 1910 1855 1910 1854 1910 1747 153 1746 153 1858 153 1746 1911 1745 1911 1858 1911 1858 1912 1745 1912 1744 1912 1854 153 1853 153 1871 153 1853 153 1852 153 1871 153 1871 1913 1852 1913 1851 1913 1744 153 1743 153 1858 153 1743 153 1742 153 1858 153 1858 1914 1742 1914 1741 1914 1731 153 1730 153 1873 153 1582 1915 1867 1915 1866 1915 1581 1916 1869 1916 1582 1916 1869 153 1868 153 1582 153 1582 1917 1868 1917 1867 1917 1866 1918 1865 1918 1582 1918 1865 1919 1864 1919 1582 1919 1582 1920 1864 1920 1875 1920 1864 1921 1863 1921 1875 1921 1875 153 1863 153 1876 153 1877 153 1878 153 1862 153 1878 153 1879 153 1862 153 1862 153 1879 153 1863 153 1879 153 1880 153 1863 153 1863 1922 1880 1922 1876 1922 1881 153 1882 153 1860 153 1842 1923 1841 1923 1883 1923 1797 1924 1873 1924 1798 1924 1873 1925 1727 1925 1798 1925 1776 153 1775 153 1509 153 1741 153 1740 153 1858 153 1740 153 1739 153 1858 153 1858 153 1739 153 1738 153 1730 153 1729 153 1873 153 1729 153 1728 153 1873 153 1873 1926 1728 1926 1727 1926 1877 153 1862 153 1884 153 1862 153 1861 153 1884 153 1884 153 1861 153 1885 153 1882 153 1886 153 1860 153 1886 153 1887 153 1860 153 1860 1927 1887 1927 1861 1927 1887 1928 1888 1928 1861 1928 1861 1929 1888 1929 1885 1929 1787 153 1786 153 1512 153 1786 1930 1785 1930 1512 1930 1779 153 1509 153 1780 153 1509 1931 1781 1931 1780 1931 1738 1932 1737 1932 1858 1932 1737 153 1736 153 1858 153 1858 1933 1736 1933 1735 1933 1734 153 1733 153 1873 153 1733 1934 1732 1934 1873 1934 1873 153 1732 153 1731 153 1735 1935 1734 1935 1858 1935 1734 153 1873 153 1858 153 1858 153 1873 153 1859 153 1873 153 1889 153 1859 153 1889 153 1890 153 1859 153 1890 1936 1891 1936 1859 1936 1859 153 1891 153 1860 153 1891 153 1892 153 1860 153 1860 1937 1892 1937 1881 1937 1851 153 1850 153 1871 153 1850 1938 1849 1938 1871 1938 1871 153 1849 153 1893 153 1849 153 1848 153 1893 153 1797 153 1796 153 1873 153 1796 153 1795 153 1873 153 1873 1939 1795 1939 1512 1939 1795 1940 1794 1940 1512 1940 1512 1941 1794 1941 1793 1941 1793 153 1792 153 1512 153 1792 153 1791 153 1512 153 1512 1942 1791 1942 1790 1942 1785 1943 1784 1943 1512 1943 1784 153 1783 153 1512 153 1512 153 1783 153 1509 153 1783 153 1782 153 1509 153 1509 1944 1782 1944 1781 1944 1837 153 1894 153 1838 153 1894 1945 1883 1945 1838 1945 1790 1946 1789 1946 1512 1946 1789 153 1788 153 1512 153 1512 153 1788 153 1787 153 1779 153 1778 153 1509 153 1778 1947 1777 1947 1509 1947 1509 1948 1777 1948 1776 1948 1847 153 1895 153 1848 153 1895 153 1896 153 1848 153 1848 1949 1896 1949 1893 1949 1842 1950 1883 1950 1843 1950 1841 153 1840 153 1883 153 1840 1951 1839 1951 1883 1951 1883 1952 1839 1952 1838 1952 1837 153 1836 153 1894 153 1836 153 1835 153 1894 153 1894 153 1835 153 1897 153 1835 1953 1834 1953 1897 1953 1897 153 1834 153 1898 153 1834 153 1833 153 1898 153 1898 153 1833 153 1899 153 1833 1954 1832 1954 1899 1954 1899 153 1832 153 1900 153 1832 1955 1831 1955 1900 1955 1900 153 1831 153 1901 153 1831 1956 1830 1956 1901 1956 1901 153 1830 153 1902 153 1830 153 1829 153 1902 153 1902 153 1829 153 1903 153 1829 1957 1828 1957 1903 1957 1903 153 1828 153 1904 153 1828 1955 1827 1955 1904 1955 1904 1958 1827 1958 1905 1958 1827 1957 1826 1957 1905 1957 1905 1959 1826 1959 1906 1959 1826 1960 1825 1960 1906 1960 1906 1961 1825 1961 1907 1961 1825 153 1824 153 1907 153 1907 153 1824 153 1908 153 1824 1960 1823 1960 1908 1960 1908 153 1823 153 1909 153 1823 153 1822 153 1909 153 1909 153 1822 153 1910 153 1822 1962 1821 1962 1910 1962 1910 1963 1821 1963 1911 1963 1821 153 1820 153 1911 153 1911 153 1820 153 1912 153 1820 153 1819 153 1912 153 1912 153 1819 153 1913 153 1819 153 1818 153 1913 153 1913 1964 1818 1964 1914 1964 1818 153 1817 153 1914 153 1914 1965 1817 1965 1915 1965 1817 153 1816 153 1915 153 1915 153 1816 153 1916 153 1816 153 1815 153 1916 153 1916 153 1815 153 1917 153 1815 153 1814 153 1917 153 1917 153 1814 153 1918 153 1814 153 1813 153 1918 153 1918 1966 1813 1966 1919 1966 1813 153 1812 153 1919 153 1919 1967 1812 1967 1920 1967 1812 153 1811 153 1920 153 1920 1968 1811 1968 1921 1968 1811 153 1810 153 1921 153 1921 1967 1810 1967 1922 1967 1810 1969 1809 1969 1922 1969 1922 1970 1809 1970 1923 1970 1809 1971 1808 1971 1923 1971 1923 153 1808 153 1924 153 1808 153 1807 153 1924 153 1924 1972 1807 1972 1925 1972 1807 153 1806 153 1925 153 1925 153 1806 153 1926 153 1806 153 1805 153 1926 153 1926 153 1805 153 1927 153 1805 1956 1804 1956 1927 1956 1927 1973 1804 1973 1928 1973 1804 153 1803 153 1928 153 1928 153 1803 153 1929 153 1803 1974 1802 1974 1929 1974 1929 153 1802 153 1930 153 1802 153 1801 153 1930 153 1930 1975 1801 1975 1931 1975 1801 1976 1800 1976 1931 1976 1931 153 1800 153 1581 153 1800 153 1799 153 1581 153 1581 153 1799 153 1870 153 1775 153 1774 153 1509 153 1774 153 1773 153 1509 153 1509 1977 1773 1977 1772 1977 1871 1978 1509 1978 1769 1978 1932 153 1933 153 1846 153 1933 153 1934 153 1846 153 1846 1979 1934 1979 1847 1979 1934 1980 1935 1980 1847 1980 1847 1981 1935 1981 1895 1981 1883 1982 1936 1982 1843 1982 1936 153 1937 153 1843 153 1843 1983 1937 1983 1844 1983 1937 153 1938 153 1844 153 1844 1984 1938 1984 1939 1984 1772 153 1771 153 1509 153 1771 153 1770 153 1509 153 1509 1985 1770 1985 1769 1985 1757 1986 1756 1986 1871 1986 1756 153 1755 153 1871 153 1871 153 1755 153 1754 153 1754 1987 1753 1987 1871 1987 1753 153 1752 153 1871 153 1871 153 1752 153 1751 153 1940 153 1941 153 1845 153 1941 153 1942 153 1845 153 1845 1988 1942 1988 1846 1988 1942 153 1943 153 1846 153 1846 1989 1943 1989 1932 1989 1939 153 1944 153 1844 153 1944 153 1945 153 1844 153 1844 1990 1945 1990 1845 1990 1945 153 1946 153 1845 153 1845 1991 1946 1991 1940 1991 1769 1992 1768 1992 1871 1992 1768 1993 1767 1993 1871 1993 1871 153 1767 153 1766 153 1766 153 1765 153 1871 153 1765 1994 1764 1994 1871 1994 1871 1995 1764 1995 1763 1995 1763 1996 1762 1996 1871 1996 1762 153 1761 153 1871 153 1871 153 1761 153 1760 153 1760 1997 1759 1997 1871 1997 1759 153 1758 153 1871 153 1871 1998 1758 1998 1757 1998 1751 153 1750 153 1871 153 1750 153 1749 153 1871 153 1871 153 1749 153 1858 153 1749 1999 1748 1999 1858 1999 1858 2000 1748 2000 1747 2000 1873 2001 494 2001 590 2001 1873 2002 590 2002 1889 2002 590 2003 592 2003 1889 2003 1889 2004 592 2004 1890 2004 592 2005 605 2005 1890 2005 1890 2006 605 2006 1891 2006 605 2007 604 2007 1891 2007 1891 2008 604 2008 1892 2008 604 2009 603 2009 1892 2009 1892 2010 603 2010 1881 2010 603 2011 507 2011 1881 2011 1881 2012 507 2012 1882 2012 507 2013 506 2013 1882 2013 1882 2014 506 2014 1886 2014 506 875 608 875 1886 875 1886 2015 608 2015 1887 2015 608 2016 607 2016 1887 2016 1887 2017 607 2017 1888 2017 607 2018 606 2018 1888 2018 1888 2019 606 2019 1885 2019 606 881 569 881 1885 881 1885 880 569 880 1884 880 569 882 567 882 1884 882 1884 882 567 882 1877 882 567 883 566 883 1877 883 1877 884 566 884 1878 884 566 2020 599 2020 1878 2020 1878 2021 599 2021 1879 2021 599 2022 598 2022 1879 2022 1879 2023 598 2023 1880 2023 598 2024 597 2024 1880 2024 1880 2025 597 2025 1876 2025 597 2026 594 2026 1876 2026 1876 2027 594 2027 1875 2027 594 2028 532 2028 1875 2028 1875 2028 532 2028 1582 2028 1581 801 630 801 640 801 1581 802 640 802 1931 802 640 2029 642 2029 1931 2029 1931 2030 642 2030 1930 2030 642 2031 644 2031 1930 2031 1930 2032 644 2032 1929 2032 644 2033 646 2033 1929 2033 1929 2034 646 2034 1928 2034 646 809 648 809 1928 809 1928 2035 648 2035 1927 2035 648 2036 650 2036 1927 2036 1927 2037 650 2037 1926 2037 650 1585 652 1585 1926 1585 1926 2038 652 2038 1925 2038 652 2039 654 2039 1925 2039 1925 2040 654 2040 1924 2040 654 2041 656 2041 1924 2041 1924 2041 656 2041 1923 2041 656 1710 658 1710 1923 1710 1923 2042 658 2042 1922 2042 658 2043 660 2043 1922 2043 1922 818 660 818 1921 818 660 2044 662 2044 1921 2044 1921 2045 662 2045 1920 2045 662 2046 664 2046 1920 2046 1920 2047 664 2047 1919 2047 664 2048 666 2048 1919 2048 1919 2048 666 2048 1918 2048 666 2049 668 2049 1918 2049 1918 2050 668 2050 1917 2050 668 2051 670 2051 1917 2051 1917 1721 670 1721 1916 1721 670 828 672 828 1916 828 1916 2052 672 2052 1915 2052 672 2053 674 2053 1915 2053 1915 2054 674 2054 1914 2054 674 2055 676 2055 1914 2055 1914 2056 676 2056 1913 2056 676 2057 678 2057 1913 2057 1913 833 678 833 1912 833 678 1728 680 1728 1912 1728 1912 2058 680 2058 1911 2058 680 2059 682 2059 1911 2059 1911 2060 682 2060 1910 2060 682 2061 684 2061 1910 2061 1910 2061 684 2061 1909 2061 684 2062 686 2062 1909 2062 1909 2063 686 2063 1908 2063 686 2064 688 2064 1908 2064 1908 2065 688 2065 1907 2065 688 2066 690 2066 1907 2066 1907 844 690 844 1906 844 690 2067 692 2067 1906 2067 1906 2068 692 2068 1905 2068 692 2069 694 2069 1905 2069 1905 2069 694 2069 1904 2069 694 2070 696 2070 1904 2070 1904 2071 696 2071 1903 2071 696 2072 698 2072 1903 2072 1903 1628 698 1628 1902 1628 698 2073 700 2073 1902 2073 1902 2074 700 2074 1901 2074 700 2075 702 2075 1901 2075 1901 2076 702 2076 1900 2076 702 2077 704 2077 1900 2077 1900 854 704 854 1899 854 704 2078 706 2078 1899 2078 1899 2079 706 2079 1898 2079 706 2080 708 2080 1898 2080 1898 2081 708 2081 1897 2081 708 859 636 859 1897 859 1897 860 636 860 1894 860 519 687 1883 687 636 687 1883 687 1894 687 636 687 1883 2082 519 2082 521 2082 1883 2083 521 2083 1936 2083 521 2084 527 2084 1936 2084 1936 2085 527 2085 1937 2085 527 2086 526 2086 1937 2086 1937 2086 526 2086 1938 2086 526 2087 524 2087 1938 2087 1938 2088 524 2088 1939 2088 524 2089 523 2089 1939 2089 1939 2090 523 2090 1944 2090 523 2091 548 2091 1944 2091 1944 2092 548 2092 1945 2092 548 2093 504 2093 1945 2093 1945 2094 504 2094 1946 2094 504 2095 503 2095 1946 2095 1946 2096 503 2096 1940 2096 503 2097 562 2097 1940 2097 1940 2098 562 2098 1941 2098 562 2099 561 2099 1941 2099 1941 2100 561 2100 1942 2100 561 2101 560 2101 1942 2101 1942 2101 560 2101 1943 2101 560 2102 492 2102 1943 2102 1943 2103 492 2103 1932 2103 492 2104 491 2104 1932 2104 1932 2105 491 2105 1933 2105 491 2106 613 2106 1933 2106 1933 2106 613 2106 1934 2106 613 2107 612 2107 1934 2107 1934 2108 612 2108 1935 2108 612 2109 565 2109 1935 2109 1935 2110 565 2110 1895 2110 565 2111 564 2111 1895 2111 1895 2112 564 2112 1896 2112 564 2113 563 2113 1896 2113 1896 2114 563 2114 1893 2114 563 2115 499 2115 1893 2115 1893 2116 499 2116 1871 2116 80 98 1874 98 81 98 1874 98 1872 98 81 98 1006 968 967 968 1005 968 967 968 968 968 1005 968 1947 98 1679 98 1948 98 1679 2117 1680 2117 1948 2117 1948 98 1680 98 1949 98 1680 2118 1950 2118 1949 2118 1095 98 1678 98 1096 98 1678 2119 1679 2119 1096 2119 1096 98 1679 98 1097 98 1679 2120 1947 2120 1097 2120 1951 98 1681 98 1952 98 1681 98 1682 98 1952 98 1952 2121 1682 2121 1953 2121 1951 2122 1954 2122 1681 2122 1954 98 1955 98 1681 98 1681 98 1955 98 1680 98 1955 98 1956 98 1680 98 1680 98 1956 98 1950 98 1957 98 1683 98 1958 98 1683 98 1684 98 1958 98 1958 98 1684 98 1685 98 1959 98 1665 98 1960 98 1665 98 1666 98 1960 98 1960 98 1666 98 1961 98 1128 98 1962 98 1667 98 1962 98 1963 98 1667 98 1667 98 1963 98 1666 98 1963 98 1964 98 1666 98 1666 2123 1964 2123 1961 2123 1669 98 1670 98 1141 98 1671 98 1045 98 1670 98 1045 2124 1142 2124 1670 2124 1670 2125 1142 2125 1141 2125 1676 98 1083 98 1675 98 1083 98 1046 98 1675 98 1677 2126 1088 2126 1087 2126 1957 98 1965 98 1683 98 1965 98 1966 98 1683 98 1683 98 1966 98 1682 98 1966 98 1967 98 1682 98 1682 2127 1967 2127 1953 2127 1685 98 1686 98 1958 98 1686 98 1687 98 1958 98 1958 2128 1687 2128 1968 2128 1687 98 1688 98 1968 98 1968 98 1688 98 1689 98 1969 98 1664 98 1970 98 1664 98 1665 98 1970 98 1970 98 1665 98 1971 98 1665 2129 1959 2129 1971 2129 1131 98 1130 98 1668 98 1671 2130 1672 2130 1045 2130 1672 98 1673 98 1045 98 1045 98 1673 98 1046 98 1673 98 1674 98 1046 98 1046 2131 1674 2131 1675 2131 1095 98 1094 98 1678 98 1094 98 1093 98 1678 98 1678 2132 1093 2132 1677 2132 1093 98 1092 98 1677 98 1677 2133 1092 2133 1091 2133 1087 98 1086 98 1677 98 1086 98 1085 98 1677 98 1677 2134 1085 2134 1676 2134 1085 98 1084 98 1676 98 1676 2135 1084 2135 1083 2135 1091 2136 1090 2136 1677 2136 1090 2137 1089 2137 1677 2137 1677 2138 1089 2138 1088 2138 1668 98 1130 98 1667 98 1130 98 1129 98 1667 98 1667 2139 1129 2139 1128 2139 1135 2140 1134 2140 1669 2140 1134 98 1133 98 1669 98 1669 98 1133 98 1668 98 1133 98 1132 98 1668 98 1668 2141 1132 2141 1131 2141 1689 98 1690 98 1968 98 1690 98 1691 98 1968 98 1968 98 1691 98 1972 98 1691 98 1692 98 1972 98 1972 98 1692 98 1973 98 1692 98 1693 98 1973 98 1973 98 1693 98 1974 98 1693 98 1694 98 1974 98 1974 98 1694 98 1975 98 1694 98 1695 98 1975 98 1975 98 1695 98 1976 98 1695 98 1696 98 1976 98 1976 98 1696 98 1977 98 1696 98 1697 98 1977 98 1977 98 1697 98 1978 98 1697 2142 1698 2142 1978 2142 1978 98 1698 98 1979 98 1698 98 1699 98 1979 98 1979 98 1699 98 1980 98 1699 98 1700 98 1980 98 1980 2143 1700 2143 1981 2143 1700 98 1701 98 1981 98 1981 98 1701 98 1982 98 1701 98 1702 98 1982 98 1982 2143 1702 2143 1983 2143 1702 98 1703 98 1983 98 1983 98 1703 98 1984 98 1703 2144 1704 2144 1984 2144 1984 2145 1704 2145 1985 2145 1704 98 1705 98 1985 98 1985 98 1705 98 1986 98 1705 98 1706 98 1986 98 1986 2146 1706 2146 1987 2146 1706 2147 1707 2147 1987 2147 1987 2148 1707 2148 1988 2148 1707 98 1708 98 1988 98 1988 98 1708 98 1989 98 1708 2147 1709 2147 1989 2147 1989 98 1709 98 1990 98 1709 2149 1710 2149 1990 2149 1990 2150 1710 2150 1991 2150 1710 98 1711 98 1991 98 1991 98 1711 98 1992 98 1711 98 1712 98 1992 98 1992 98 1712 98 1993 98 1712 98 1713 98 1993 98 1993 98 1713 98 1994 98 1713 2151 1714 2151 1994 2151 1994 2152 1714 2152 1995 2152 1714 98 1715 98 1995 98 1995 2152 1715 2152 1996 2152 1715 98 1716 98 1996 98 1996 98 1716 98 1997 98 1716 98 1717 98 1997 98 1997 98 1717 98 1998 98 1717 98 1718 98 1998 98 1998 2153 1718 2153 1999 2153 1718 98 1719 98 1999 98 1999 98 1719 98 2000 98 1719 98 1720 98 2000 98 2000 98 1720 98 2001 98 1720 98 1721 98 2001 98 2001 98 1721 98 2002 98 1721 98 1722 98 2002 98 2002 98 1722 98 2003 98 1722 98 1723 98 2003 98 2003 2154 1723 2154 2004 2154 1723 98 1724 98 2004 98 2004 98 1724 98 2005 98 1724 98 1725 98 2005 98 2005 2155 1725 2155 2006 2155 1725 98 1726 98 2006 98 2006 2156 1726 2156 2007 2156 1726 98 1655 98 2007 98 2007 98 1655 98 1656 98 1656 98 1657 98 2007 98 1657 98 1658 98 2007 98 2007 98 1658 98 2008 98 1658 2157 1659 2157 2008 2157 2008 2158 1659 2158 1660 2158 1660 98 1661 98 2008 98 1661 98 1662 98 2008 98 2008 2159 1662 2159 2009 2159 1662 98 1663 98 2009 98 2009 2160 1663 2160 2010 2160 1969 98 2011 98 1664 98 2011 98 2012 98 1664 98 1664 98 2012 98 1663 98 2012 98 2013 98 1663 98 1663 2161 2013 2161 2010 2161 1141 2162 1140 2162 1669 2162 1140 2163 1139 2163 1669 2163 1669 2164 1139 2164 1138 2164 1138 98 1137 98 1669 98 1137 2165 1136 2165 1669 2165 1669 2166 1136 2166 1135 2166 134 153 970 153 135 153 970 153 969 153 135 153 1958 2167 399 2167 397 2167 1958 2168 397 2168 1957 2168 397 2169 482 2169 1957 2169 1957 2170 482 2170 1965 2170 482 2171 481 2171 1965 2171 1965 2172 481 2172 1966 2172 481 2173 480 2173 1966 2173 1966 2173 480 2173 1967 2173 480 2174 369 2174 1967 2174 1967 2175 369 2175 1953 2175 369 2176 368 2176 1953 2176 1953 2177 368 2177 1952 2177 368 2178 381 2178 1952 2178 1952 2179 381 2179 1951 2179 381 2180 383 2180 1951 2180 1951 2181 383 2181 1954 2181 383 2182 386 2182 1954 2182 1954 2183 386 2183 1955 2183 386 2184 385 2184 1955 2184 1955 2185 385 2185 1956 2185 385 2186 384 2186 1956 2186 1956 2187 384 2187 1950 2187 384 2188 328 2188 1950 2188 1950 2189 328 2189 1949 2189 328 2190 330 2190 1949 2190 1949 2190 330 2190 1948 2190 330 2191 332 2191 1948 2191 1948 2192 332 2192 1947 2192 332 2193 333 2193 1947 2193 1947 2194 333 2194 1097 2194 991 687 993 687 1081 687 993 687 995 687 1081 687 995 2195 997 2195 1081 2195 997 2196 999 2196 1081 2196 1081 2197 999 2197 1001 2197 969 687 971 687 1046 687 971 687 973 687 1046 687 1046 2198 973 2198 975 2198 1065 687 1063 687 987 687 1063 687 1061 687 987 687 1081 687 1079 687 991 687 1079 2199 1077 2199 991 2199 991 2200 1077 2200 989 2200 1077 687 1075 687 989 687 989 2201 1075 2201 1073 2201 966 687 964 687 1008 687 964 687 962 687 1008 687 1008 2202 962 2202 960 2202 1046 2203 3 2203 1 2203 1053 2204 1051 2204 985 2204 1051 2205 1049 2205 985 2205 985 687 1049 687 983 687 1049 687 1047 687 983 687 983 2206 1047 2206 981 2206 1047 687 1046 687 981 687 1073 2207 1071 2207 989 2207 1071 2208 1069 2208 989 2208 989 2209 1069 2209 987 2209 1069 2210 1067 2210 987 2210 987 2211 1067 2211 1065 2211 1001 687 1003 687 1081 687 1003 687 1005 687 1081 687 1081 687 1005 687 1008 687 1005 687 968 687 1008 687 1008 2212 968 2212 966 2212 20 687 22 687 1043 687 22 2213 24 2213 1043 2213 1043 2214 24 2214 26 2214 975 2215 977 2215 1046 2215 977 687 979 687 1046 687 1046 2216 979 2216 981 2216 1061 687 1059 687 987 687 1059 2217 1057 2217 987 2217 987 2218 1057 2218 985 2218 1057 687 1055 687 985 687 985 2219 1055 2219 1053 2219 960 2220 958 2220 1008 2220 958 687 956 687 1008 687 1008 2221 956 2221 1009 2221 956 687 954 687 1009 687 1009 687 954 687 1011 687 954 2222 952 2222 1011 2222 1011 687 952 687 1013 687 952 2223 1015 2223 1013 2223 1043 2224 944 2224 942 2224 969 687 1046 687 135 687 1046 2225 1 2225 135 2225 135 2226 1 2226 136 2226 1037 687 1035 687 948 687 1035 2227 1033 2227 948 2227 948 687 1033 687 950 687 1033 687 1031 687 950 687 950 2228 1031 2228 1029 2228 944 687 1043 687 946 687 1043 687 1041 687 946 687 946 687 1041 687 948 687 1041 687 1039 687 948 687 948 2229 1039 2229 1037 2229 942 687 940 687 1043 687 940 2230 938 2230 1043 2230 1043 2231 938 2231 936 2231 26 687 28 687 1043 687 28 687 30 687 1043 687 1043 2232 30 2232 32 2232 32 687 34 687 1043 687 34 2233 36 2233 1043 2233 1043 687 36 687 1098 687 36 2234 38 2234 1098 2234 1098 687 38 687 154 687 15 687 1046 687 17 687 1046 687 1083 687 17 687 17 687 1083 687 19 687 1083 687 370 687 19 687 15 2235 13 2235 1046 2235 13 687 11 687 1046 687 1046 2236 11 2236 9 2236 9 2237 7 2237 1046 2237 7 687 5 687 1046 687 1046 2238 5 2238 3 2238 1023 2239 1021 2239 950 2239 1021 687 1019 687 950 687 950 2240 1019 2240 952 2240 1019 687 1017 687 952 687 952 2241 1017 2241 1015 2241 1029 687 1027 687 950 687 1027 2242 1025 2242 950 2242 950 2243 1025 2243 1023 2243 936 2244 934 2244 1043 2244 934 687 932 687 1043 687 1043 2245 932 2245 20 2245 932 687 116 687 20 687 20 2246 116 2246 133 2246 116 2247 131 2247 133 2247 1 687 150 687 136 687 150 2248 148 2248 136 2248 136 2249 148 2249 138 2249 148 687 146 687 138 687 146 687 144 687 138 687 144 687 142 687 138 687 138 687 142 687 140 687 127 687 121 687 125 687 121 2250 123 2250 125 2250 116 687 119 687 131 687 119 687 121 687 131 687 131 687 121 687 129 687 121 2251 127 2251 129 2251 18 618 351 618 1142 618 1024 618 1026 618 949 618 931 618 933 618 1044 618 27 618 25 618 1044 618 953 2252 955 2252 1007 2252 955 618 957 618 1007 618 957 2253 959 2253 1007 2253 959 2254 961 2254 1007 2254 1007 2255 961 2255 963 2255 1004 618 1002 618 1082 618 1002 618 1000 618 1082 618 1082 2256 1000 2256 998 2256 986 2257 1050 2257 1052 2257 1050 2258 986 2258 1048 2258 986 2259 984 2259 1048 2259 1048 2260 984 2260 1045 2260 984 618 982 618 1045 618 1045 2261 982 2261 980 2261 931 618 1044 618 117 618 1007 618 1010 618 953 618 1010 618 1012 618 953 618 953 2262 1012 2262 951 2262 1012 618 1014 618 951 618 951 2263 1014 2263 1016 2263 963 618 965 618 1007 618 965 618 967 618 1007 618 1007 618 967 618 1082 618 967 618 1006 618 1082 618 1082 2264 1006 2264 1004 2264 998 2265 996 2265 1082 2265 996 618 994 618 1082 618 1082 618 994 618 1080 618 994 618 992 618 1080 618 1080 2266 992 2266 1078 2266 992 2267 990 2267 1078 2267 1078 618 990 618 1076 618 990 2268 1074 2268 1076 2268 1060 618 1062 618 988 618 1062 618 1064 618 988 618 988 2269 1064 2269 1066 2269 980 618 978 618 1045 618 978 2270 976 2270 1045 2270 1045 2271 976 2271 974 2271 0 2272 2 2272 1045 2272 2 618 4 618 1045 618 33 618 31 618 1044 618 31 618 29 618 1044 618 1044 2273 29 2273 27 2273 1066 618 1068 618 988 618 1068 2274 1070 2274 988 2274 988 2275 1070 2275 990 2275 1070 618 1072 618 990 618 990 2276 1072 2276 1074 2276 1052 2277 1054 2277 986 2277 1054 618 1056 618 986 618 986 618 1056 618 988 618 1056 2278 1058 2278 988 2278 988 2279 1058 2279 1060 2279 221 618 39 618 1127 618 39 2280 37 2280 1127 2280 1127 618 37 618 1044 618 37 2281 35 2281 1044 2281 1044 2282 35 2282 33 2282 933 2283 935 2283 1044 2283 935 618 937 618 1044 618 1044 2284 937 2284 939 2284 939 618 941 618 1044 618 941 618 943 618 1044 618 1044 618 943 618 1042 618 943 618 945 618 1042 618 1042 618 945 618 1040 618 945 618 947 618 1040 618 1040 618 947 618 1038 618 947 2285 1036 2285 1038 2285 949 618 1032 618 947 618 1032 618 1034 618 947 618 947 2286 1034 2286 1036 2286 1016 618 1018 618 951 618 1018 2287 1020 2287 951 2287 951 2288 1020 2288 949 2288 1020 618 1022 618 949 618 949 2289 1022 2289 1024 2289 1026 2290 1028 2290 949 2290 1028 618 1030 618 949 618 949 2291 1030 2291 1032 2291 974 618 972 618 1045 618 972 618 970 618 1045 618 1045 2292 970 2292 0 2292 970 618 134 618 0 618 0 2293 134 2293 137 2293 4 618 6 618 1045 618 6 2294 8 2294 1045 2294 1045 2295 8 2295 10 2295 25 2296 23 2296 1044 2296 23 618 21 618 1044 618 1044 2297 21 2297 117 2297 21 2298 132 2298 117 2298 117 2299 132 2299 130 2299 10 618 12 618 1045 618 12 2300 14 2300 1045 2300 1045 618 14 618 1142 618 14 618 16 618 1142 618 1142 2301 16 2301 18 2301 128 618 120 618 130 618 120 618 118 618 130 618 130 2302 118 2302 117 2302 128 618 126 618 120 618 126 618 124 618 120 618 120 2303 124 2303 122 2303 145 618 139 618 143 618 139 618 141 618 143 618 145 618 147 618 139 618 147 2304 149 2304 139 2304 139 2305 149 2305 137 2305 149 2306 151 2306 137 2306 137 618 151 618 0 618 1128 2307 402 2307 376 2307 1128 2308 376 2308 1962 2308 376 2309 378 2309 1962 2309 1962 2310 378 2310 1963 2310 378 2311 379 2311 1963 2311 1963 2312 379 2312 1964 2312 379 2313 342 2313 1964 2313 1964 2314 342 2314 1961 2314 342 2315 341 2315 1961 2315 1961 2316 341 2316 1960 2316 341 2317 323 2317 1960 2317 1960 2318 323 2318 1959 2318 323 2319 322 2319 1959 2319 1959 2320 322 2320 1971 2320 322 2321 343 2321 1971 2321 1971 2321 343 2321 1970 2321 343 2322 345 2322 1970 2322 1970 2323 345 2323 1969 2323 345 2324 361 2324 1969 2324 1969 2325 361 2325 2011 2325 361 2326 360 2326 2011 2326 2011 2327 360 2327 2012 2327 360 2328 358 2328 2012 2328 2012 2328 358 2328 2013 2328 358 2329 357 2329 2013 2329 2013 2330 357 2330 2010 2330 357 2331 380 2331 2010 2331 2010 2331 380 2331 2009 2331 380 2332 327 2332 2009 2332 2009 2333 327 2333 2008 2333 364 618 2007 618 327 618 2007 618 2008 618 327 618 477 2334 1968 2334 1972 2334 477 2335 1972 2335 475 2335 1972 2336 1973 2336 475 2336 475 2337 1973 2337 473 2337 1973 2338 1974 2338 473 2338 473 2339 1974 2339 471 2339 1974 2340 1975 2340 471 2340 471 2341 1975 2341 469 2341 1975 2342 1976 2342 469 2342 469 627 1976 627 467 627 1976 2343 1977 2343 467 2343 467 2344 1977 2344 465 2344 1977 2345 1978 2345 465 2345 465 2346 1978 2346 463 2346 1978 2347 1979 2347 463 2347 463 2348 1979 2348 461 2348 1979 2349 1980 2349 461 2349 461 635 1980 635 459 635 1980 2350 1981 2350 459 2350 459 2350 1981 2350 457 2350 1981 2351 1982 2351 457 2351 457 2352 1982 2352 455 2352 1982 2353 1983 2353 455 2353 455 2354 1983 2354 453 2354 1983 2355 1984 2355 453 2355 453 2356 1984 2356 451 2356 1984 2357 1985 2357 451 2357 451 2358 1985 2358 449 2358 1985 2359 1986 2359 449 2359 449 2360 1986 2360 447 2360 1986 647 1987 647 447 647 447 2361 1987 2361 445 2361 1987 2362 1988 2362 445 2362 445 2363 1988 2363 443 2363 1988 2364 1989 2364 443 2364 443 2365 1989 2365 441 2365 1989 2366 1990 2366 441 2366 441 2367 1990 2367 439 2367 1990 2368 1991 2368 439 2368 439 2369 1991 2369 437 2369 1991 658 1992 658 437 658 437 2370 1992 2370 435 2370 1992 2371 1993 2371 435 2371 435 2372 1993 2372 433 2372 1993 2373 1994 2373 433 2373 433 2374 1994 2374 431 2374 1994 2375 1995 2375 431 2375 431 2376 1995 2376 429 2376 1995 2377 1996 2377 429 2377 429 2378 1996 2378 427 2378 1996 2379 1997 2379 427 2379 427 2380 1997 2380 425 2380 1997 2381 1998 2381 425 2381 425 2381 1998 2381 423 2381 1998 670 1999 670 423 670 423 2382 1999 2382 421 2382 1999 2383 2000 2383 421 2383 421 2384 2000 2384 419 2384 2000 2385 2001 2385 419 2385 419 2386 2001 2386 417 2386 2001 2387 2002 2387 417 2387 417 2388 2002 2388 415 2388 2002 2389 2003 2389 415 2389 415 2390 2003 2390 413 2390 2003 2391 2004 2391 413 2391 413 2392 2004 2392 411 2392 2004 2393 2005 2393 411 2393 411 2394 2005 2394 409 2394 2005 2395 2006 2395 409 2395 409 2396 2006 2396 407 2396 2006 2397 2007 2397 407 2397 407 2398 2007 2398 364 2398 399 687 1958 687 477 687 1958 687 1968 687 477 687 1008 1907 1007 1907 1654 1907 1645 2399 1644 2399 1008 2399 1007 2400 1598 2400 1597 2400 1644 1907 1643 1907 1008 1907 1643 2401 1642 2401 1008 2401 1008 1907 1642 1907 1641 1907 1081 2402 1634 2402 1633 2402 1654 1907 1653 1907 1008 1907 1653 1907 1652 1907 1008 1907 1008 2403 1652 2403 1651 2403 1641 1907 1640 1907 1008 1907 1640 2404 1639 2404 1008 2404 1008 2400 1639 2400 1638 2400 1638 2405 1637 2405 1008 2405 1637 1907 1636 1907 1008 1907 1008 1907 1636 1907 1081 1907 1636 1907 1635 1907 1081 1907 1081 2406 1635 2406 1634 2406 1597 2404 1596 2404 1007 2404 1596 1907 1595 1907 1007 1907 1007 1907 1595 1907 1594 1907 1633 2407 1632 2407 1081 2407 1632 1907 1631 1907 1081 1907 1081 1907 1631 1907 1630 1907 1081 1907 1624 1907 1623 1907 1651 1907 1650 1907 1008 1907 1650 2408 1649 2408 1008 2408 1008 1907 1649 1907 1648 1907 1630 1907 1629 1907 1081 1907 1629 1907 1628 1907 1081 1907 1081 2409 1628 2409 1627 2409 1623 2410 1622 2410 1081 2410 1622 1907 1621 1907 1081 1907 1081 2411 1621 2411 1620 2411 1616 1907 1615 1907 1082 1907 1615 1907 1614 1907 1082 1907 1082 2412 1614 2412 1613 2412 1082 2413 1610 2413 1609 2413 1594 1907 1593 1907 1007 1907 1593 1907 1592 1907 1007 1907 1007 2414 1592 2414 1591 2414 1591 2415 1590 2415 1007 2415 1590 1907 1589 1907 1007 1907 1007 2416 1589 2416 1588 2416 1648 1907 1647 1907 1008 1907 1647 2417 1646 2417 1008 2417 1008 2418 1646 2418 1645 2418 1627 2419 1626 2419 1081 2419 1626 1907 1625 1907 1081 1907 1081 2420 1625 2420 1624 2420 1613 1907 1612 1907 1082 1907 1612 1907 1611 1907 1082 1907 1082 2421 1611 2421 1610 2421 1609 2422 1608 2422 1082 2422 1608 1907 1607 1907 1082 1907 1082 2423 1607 2423 1606 2423 1082 2402 1603 2402 1602 2402 1602 2424 1601 2424 1082 2424 1601 1907 1600 1907 1082 1907 1082 1907 1600 1907 1007 1907 1600 1907 1599 1907 1007 1907 1007 2425 1599 2425 1598 2425 1588 1907 1587 1907 1007 1907 1587 2408 1586 2408 1007 2408 1007 2426 1586 2426 1585 2426 1585 1907 1584 1907 1007 1907 1584 1907 1583 1907 1007 1907 1007 2427 1583 2427 1654 2427 1620 1907 1619 1907 1081 1907 1619 1907 1618 1907 1081 1907 1081 1907 1618 1907 1082 1907 1618 1907 1617 1907 1082 1907 1082 2428 1617 2428 1616 2428 1606 1907 1605 1907 1082 1907 1605 1907 1604 1907 1082 1907 1082 2429 1604 2429 1603 2429</p>
        </triangles>
      </mesh>
    </geometry>
  </library_geometries>
  <library_visual_scenes>
    <visual_scene id="Scene" name="Scene">
      <node id="chassis_to_trapezoid_both_side_double_eye" name="chassis_to_trapezoid_both_side_double_eye" type="NODE">
        <matrix sid="transform">1 0 0 0 0 1 0 0 0 0 1 0 0 0 0 1</matrix>
        <instance_geometry url="#chassis_to_trapezoid_both_side_double_eye-mesh" name="chassis_to_trapezoid_both_side_double_eye"/>
      </node>
    </visual_scene>
  </library_visual_scenes>
  <scene>
    <instance_visual_scene url="#Scene"/>
  </scene>
</COLLADA>