<?xml version="1.0" encoding="utf-8"?>
<COLLADA xmlns="http://www.collada.org/2005/11/COLLADASchema" version="1.4.1" xmlns:xsi="http://www.w3.org/2001/XMLSchema-instance">
  <asset>
    <contributor>
      <author>Blender User</author>
      <authoring_tool>Blender 3.0.1</authoring_tool>
    </contributor>
    <created>2026-06-04T16:18:32</created>
    <modified>2026-06-04T16:18:32</modified>
    <unit name="meter" meter="1"/>
    <up_axis>Z_UP</up_axis>
  </asset>
  <library_images/>
  <library_geometries>
    <geometry id="chassis_default_as_machined__18-mesh" name="chassis_default_as_machined__18">
      <mesh>
        <source id="chassis_default_as_machined__18-mesh-positions">
          <float_array id="chassis_default_as_machined__18-mesh-positions-array" count="3060">-0.01231139 0.01499998 -1.89041e-4 -0.0122717 0.01499998 0 -0.01493704 0.01499998 0 -0.01451277 0.01499998 -0.03196716 -0.01205164 0.01499998 -0.03069776 -0.0146864 0.01499998 -0.03137445 -0.01215636 0.01499998 -0.03041321 -0.01482278 0.01499998 -0.03076261 -0.01224315 0.01499998 -0.03011685 -0.01492094 0.01499998 -0.03013628 0.009913384 0.01499998 -0.03253275 0.01025319 0.01499998 -0.0361852 0.01002657 0.01499998 -0.03252226 0.01047873 0.01499998 -0.03615027 0.01013934 0.01499998 -0.03250473 -0.01002657 0.01499998 -0.03252226 -0.01047873 0.01499998 -0.03615027 -0.01025319 0.01499998 -0.0361852 0.01492094 0.01499998 -0.03013628 0.01231139 0.01499998 -0.02981096 0.01482278 0.01499998 -0.03076261 0.01224315 0.01499998 -0.03011685 0.0146864 0.01499998 -0.03137445 0.01215636 0.01499998 -0.03041321 0.01451277 0.01499998 -0.03196716 -0.009913384 0.01499998 -0.03253275 -0.01002681 0.01499998 -0.03620618 -0.009799957 0.01499998 -0.0325362 -0.009799957 0.01499998 -0.03621315 0.009799957 0.01499998 -0.0325362 0.009799957 0.01499998 -0.03621315 0.01002681 0.01499998 -0.03620618 0.01070296 0.01499998 -0.03610146 0.01092547 0.01499998 -0.03603887 0.01025146 0.01499998 -0.03248035 0.01114583 0.01499998 -0.03596258 0.01036274 0.01499998 -0.03244906 -0.01070296 0.01499998 -0.03610146 -0.01013934 0.01499998 -0.03250473 -0.01092547 0.01499998 -0.03603887 -0.01025146 0.01499998 -0.03248035 -0.01114583 0.01499998 -0.03596258 -0.01136362 0.01499998 -0.03587281 -0.01036274 0.01499998 -0.03244906 -0.0115785 0.01499998 -0.0357697 -0.01047289 0.01499998 -0.03241091 -0.01178991 0.01499998 -0.03565341 0.01136362 0.01499998 -0.03587281 0.0115785 0.01499998 -0.0357697 0.01047289 0.01499998 -0.03241091 0.01178991 0.01499998 -0.03565341 0.01058179 0.01499998 -0.03236603 0.01199758 0.01499998 -0.03552418 0.01068919 0.01499998 -0.03231447 0.01220107 0.01499998 -0.03538227 0.01079493 0.01499998 -0.0322563 -0.01231139 0.01499998 -0.02981096 -0.01236045 0.01499998 -0.02949774 -0.01498019 0.01499998 -0.02950018 -0.01239007 0.01499998 -0.02917975 -0.01499998 0.01499998 -0.02885925 -0.01239997 0.01499998 -0.02885925 -0.01499998 0.01499998 -0.001140654 -0.01239997 0.01499998 -0.001140654 -0.01498019 0.01499998 -4.99772e-4 -0.01239007 0.01499998 -8.20239e-4 -0.01236045 0.01499998 -5.0221e-4 0.0122717 0.01499998 0 0.01231139 0.01499998 -1.89041e-4 0.01493704 0.01499998 0 0.01236045 0.01499998 -5.0221e-4 0.01498019 0.01499998 -4.99772e-4 0.01239007 0.01499998 -8.20239e-4 0.01499998 0.01499998 -0.001140654 0.01239997 0.01499998 -0.001140654 0.01499998 0.01499998 -0.02885925 0.01239997 0.01499998 -0.02885925 0.01498019 0.01499998 -0.02950018 0.01239007 0.01499998 -0.02917975 0.01236045 0.01499998 -0.02949774 -0.01199758 0.01499998 -0.03552418 -0.01058179 0.01499998 -0.03236603 -0.01220107 0.01499998 -0.03538227 -0.01068919 0.01499998 -0.03231447 -0.01239997 0.01499998 -0.03522795 -0.01079493 0.01499998 -0.0322563 -0.01259392 0.01499998 -0.03506147 -0.01089876 0.01499998 -0.03219169 -0.01278257 0.01499998 -0.03488326 0.01239997 0.01499998 -0.03522795 0.01259392 0.01499998 -0.03506147 0.01089876 0.01499998 -0.03219169 0.01278257 0.01499998 -0.03488326 0.01100051 0.01499998 -0.03212076 0.01296555 0.01499998 -0.03469353 0.01109999 0.01499998 -0.03204357 0.01314246 0.01499998 -0.03449267 -0.01296555 0.01499998 -0.03469353 -0.01100051 0.01499998 -0.03212076 -0.01314246 0.01499998 -0.03449267 0.0134769 0.01499998 -0.03405928 0.01129126 0.01499998 -0.03187125 0.01119697 0.01499998 -0.03196036 -0.01109999 0.01499998 -0.03204357 -0.01119697 0.01499998 -0.03196036 -0.0134769 0.01499998 -0.03405928 0.01205164 0.01499998 -0.03069776 0.01192975 0.01499998 -0.0309683 0.01430332 0.01499998 -0.0325362 0.0117917 0.01499998 -0.03122276 0.01405954 0.01499998 -0.03307729 0.01163846 0.01499998 -0.03145927 0.01378339 0.01499998 -0.03358626 0.01147121 0.01499998 -0.03167599 0.01138275 0.01499998 -0.03177636 -0.01129126 0.01499998 -0.03187125 -0.01138275 0.01499998 -0.03177636 -0.01378339 0.01499998 -0.03358626 -0.01147121 0.01499998 -0.03167599 -0.01405954 0.01499998 -0.03307729 -0.01163846 0.01499998 -0.03145927 -0.01430332 0.01499998 -0.0325362 -0.0117917 0.01499998 -0.03122276 -0.01192975 0.01499998 -0.0309683 0.0115565 0.1025552 -0.1191254 0.01331305 0.1014708 -0.120752 0.01147121 0.1025129 -0.1191889 0.01314246 0.1013863 -0.1208789 0.01138275 0.1024727 -0.1192492 0.01296555 0.1013059 -0.1209995 0.01129126 0.1024348 -0.1193061 0.01278257 0.10123 -0.1211133 0.01119697 0.1023992 -0.1193596 0.01259392 0.1011587 -0.1212202 0.01109999 0.1023659 -0.1194095 0.01239997 0.1010921 -0.1213201 0.01100051 0.102335 -0.1194558 0.01220107 0.1010304 -0.1214127 0.01089876 0.1023066 -0.1194984 0.01199758 0.1009736 -0.1214978 0.01079493 0.1022808 -0.1195371 0.01178991 0.1009219 -0.1215754 0.01068919 0.1022575 -0.119572 0.0115785 0.1008754 -0.1216452 0.01058179 0.1022369 -0.119603 0.01136362 0.1008342 -0.121707 0.01047289 0.1022189 -0.1196299 0.01114583 0.1007983 -0.1217609 0.01036274 0.1022037 -0.1196528 0.01092547 0.1007677 -0.1218066 0.01025146 0.1021912 -0.1196715 0.01070296 0.1007427 -0.1218442 0.01013934 0.1021814 -0.1196862 0.01047873 0.1007232 -0.1218735 0.01002657 0.1021744 -0.1196967 0.01025319 0.1007092 -0.1218944 0.009913384 0.1021702 -0.1197029 0.01002681 0.1007009 -0.1219071 0.009799957 0.1021688 -0.1197051 0.009799957 0.1006981 -0.1219112 -0.009799957 0.1021688 -0.1197051 -0.009799957 0.1006981 -0.1219112 -0.009913384 0.1021702 -0.1197029 -0.01002681 0.1007009 -0.1219071 -0.01002657 0.1021744 -0.1196967 -0.01025319 0.1007092 -0.1218944 -0.01013934 0.1021814 -0.1196862 -0.01047873 0.1007232 -0.1218735 -0.01025146 0.1021912 -0.1196715 -0.01070296 0.1007427 -0.1218442 -0.01036274 0.1022037 -0.1196528 -0.01092547 0.1007677 -0.1218066 -0.01047289 0.1022189 -0.1196299 -0.01114583 0.1007983 -0.1217609 -0.01058179 0.1022369 -0.119603 -0.01136362 0.1008342 -0.121707 -0.01068919 0.1022575 -0.119572 -0.0115785 0.1008754 -0.1216452 -0.01079493 0.1022808 -0.1195371 -0.01178991 0.1009219 -0.1215754 -0.01089876 0.1023066 -0.1194984 -0.01199758 0.1009736 -0.1214978 -0.01100051 0.102335 -0.1194558 -0.01220107 0.1010304 -0.1214127 -0.01109999 0.1023659 -0.1194095 -0.01239997 0.1010921 -0.1213201 -0.01119697 0.1023992 -0.1193596 -0.01259392 0.1011587 -0.1212202 -0.01129126 0.1024348 -0.1193061 -0.01278257 0.10123 -0.1211133 -0.01138275 0.1024727 -0.1192492 -0.01296555 0.1013059 -0.1209995 -0.01147121 0.1025129 -0.1191889 -0.01314246 0.1013863 -0.1208789 -0.0115565 0.1025552 -0.1191254 -0.01331305 0.1014708 -0.120752 -0.01163846 0.1025996 -0.1190589 -0.0134769 0.1015596 -0.1206189 -0.0117917 0.1026942 -0.118917 -0.01378339 0.1017488 -0.1203351 -0.01192975 0.102796 -0.1187643 -0.01405954 0.1019524 -0.1200297 -0.01205164 0.1029042 -0.118602 -0.01430332 0.1021688 -0.1197051 -0.01215636 0.1030181 -0.1184313 -0.01451277 0.1023964 -0.1193636 -0.01224315 0.1031365 -0.1182535 -0.0146864 0.1026335 -0.119008 -0.01231139 0.1032589 -0.1180699 -0.01482278 0.1028783 -0.1186409 -0.01236045 0.1033842 -0.117882 -0.01492094 0.1031288 -0.1182651 -0.01239007 0.1035114 -0.1176912 -0.01498019 0.1033833 -0.1178835 -0.01239997 0.1036396 -0.1174989 -0.01499998 0.1036396 -0.1174989 -0.01239997 0.114727 -0.1008678 -0.01499998 0.114727 -0.1008678 -0.01239007 0.1148552 -0.1006755 -0.01498019 0.1149834 -0.1004832 -0.01236045 0.1149824 -0.1004846 -0.01492094 0.1152378 -0.1001015 -0.01231139 0.1151077 -0.1002967 -0.01482278 0.1154884 -0.09972572 -0.01224315 0.1152301 -0.1001132 -0.0146864 0.1157331 -0.09935861 -0.01215636 0.1153486 -0.09993541 -0.01451277 0.1159702 -0.09900301 -0.01205164 0.1154624 -0.09976464 -0.01430332 0.1161978 -0.0986616 -0.01192975 0.1155707 -0.09960234 -0.01405954 0.1164143 -0.09833693 -0.0117917 0.1156724 -0.09944963 -0.01378339 0.1166179 -0.09803152 -0.01163846 0.115767 -0.09930777 -0.0134769 0.1168071 -0.09774774 -0.0115565 0.1158114 -0.09924119 -0.01331305 0.1168958 -0.09761464 -0.01147121 0.1158537 -0.09917771 -0.01314246 0.1169804 -0.09748768 -0.01138275 0.1158939 -0.09911745 -0.01296555 0.1170607 -0.09736722 -0.01129126 0.1159318 -0.09906053 -0.01278257 0.1171366 -0.09725338 -0.01119697 0.1159675 -0.09900707 -0.01259392 0.117208 -0.09714639 -0.01109999 0.1160008 -0.09895712 -0.01239997 0.1172745 -0.09704655 -0.01100051 0.1160317 -0.09891086 -0.01220107 0.1173362 -0.09695392 -0.01089876 0.11606 -0.09886825 -0.01199758 0.117393 -0.09686881 -0.01079493 0.1160858 -0.0988295 -0.01178991 0.1174447 -0.09679126 -0.01068919 0.1161091 -0.09879463 -0.0115785 0.1174912 -0.09672152 -0.01058179 0.1161298 -0.0987637 -0.01136362 0.1175324 -0.0966596 -0.01047289 0.1161477 -0.09873676 -0.01114583 0.1175684 -0.09660577 -0.01036274 0.116163 -0.09871387 -0.01092547 0.1175989 -0.09656 -0.01025146 0.1161755 -0.09869509 -0.01070296 0.1176239 -0.09652245 -0.01013934 0.1161853 -0.09868043 -0.01047873 0.1176434 -0.09649312 -0.01002657 0.1161922 -0.09866994 -0.01025319 0.1176574 -0.0964722 -0.009913384 0.1161964 -0.09866368 -0.01002681 0.1176658 -0.09645962 -0.009799957 0.1161978 -0.0986616 -0.009799957 0.1176686 -0.09645539 0.009799957 0.1161978 -0.0986616 0.009799957 0.1176686 -0.09645539 0.009913384 0.1161964 -0.09866368 0.01002681 0.1176658 -0.09645962 0.01002657 0.1161922 -0.09866994 0.01025319 0.1176574 -0.0964722 0.01013934 0.1161853 -0.09868043 0.01047873 0.1176434 -0.09649312 0.01025146 0.1161755 -0.09869509 0.01070296 0.1176239 -0.09652245 0.01036274 0.116163 -0.09871387 0.01092547 0.1175989 -0.09656 0.01047289 0.1161477 -0.09873676 0.01114583 0.1175684 -0.09660577 0.01058179 0.1161298 -0.0987637 0.01136362 0.1175324 -0.0966596 0.01068919 0.1161091 -0.09879463 0.0115785 0.1174912 -0.09672152 0.01079493 0.1160858 -0.0988295 0.01178991 0.1174447 -0.09679126 0.01089876 0.11606 -0.09886825 0.01199758 0.117393 -0.09686881 0.01100051 0.1160317 -0.09891086 0.01220107 0.1173362 -0.09695392 0.01109999 0.1160008 -0.09895712 0.01239997 0.1172745 -0.09704655 0.01119697 0.1159675 -0.09900707 0.01259392 0.117208 -0.09714639 0.01129126 0.1159318 -0.09906053 0.01278257 0.1171366 -0.09725338 0.01138275 0.1158939 -0.09911745 0.01296555 0.1170607 -0.09736722 0.01147121 0.1158537 -0.09917771 0.01314246 0.1169804 -0.09748768 0.0115565 0.1158114 -0.09924119 0.01331305 0.1168958 -0.09761464 0.01163846 0.115767 -0.09930777 0.0134769 0.1168071 -0.09774774 0.0117917 0.1156724 -0.09944963 0.01378339 0.1166179 -0.09803152 0.01192975 0.1155707 -0.09960234 0.01405954 0.1164143 -0.09833693 0.01205164 0.1154624 -0.09976464 0.01430332 0.1161978 -0.0986616 0.01215636 0.1153486 -0.09993541 0.01451277 0.1159702 -0.09900301 0.01224315 0.1152301 -0.1001132 0.0146864 0.1157331 -0.09935861 0.01231139 0.1151077 -0.1002967 0.01482278 0.1154884 -0.09972572 0.01236045 0.1149824 -0.1004846 0.01492094 0.1152378 -0.1001015 0.01239007 0.1148552 -0.1006755 0.01498019 0.1149834 -0.1004832 0.01239997 0.114727 -0.1008678 0.01499998 0.114727 -0.1008678 0.01239997 0.1036396 -0.1174989 0.01499998 0.1036396 -0.1174989 0.01239007 0.1035114 -0.1176912 0.01498019 0.1033833 -0.1178835 0.01236045 0.1033842 -0.117882 0.01492094 0.1031288 -0.1182651 0.01231139 0.1032589 -0.1180699 0.01482278 0.1028783 -0.1186409 0.01224315 0.1031365 -0.1182535 0.0146864 0.1026335 -0.119008 0.01215636 0.1030181 -0.1184313 0.01451277 0.1023964 -0.1193636 0.01205164 0.1029042 -0.118602 0.01430332 0.1021688 -0.1197051 0.01192975 0.102796 -0.1187643 0.01405954 0.1019524 -0.1200297 0.0117917 0.1026942 -0.118917 0.01378339 0.1017488 -0.1203351 0.01163846 0.1025996 -0.1190589 0.0134769 0.1015596 -0.1206189 0.009799957 0.02121317 0 -0.009799957 0.02121317 0 -0.009799957 0.01753622 0 0.009799957 0.01753622 0 -0.01451277 0.01696717 0 -0.0146864 0.01637446 0 -0.01215636 0.01541322 0 -0.01492106 0.0151357 0 -0.01224315 0.01511687 0 -0.01482278 0.01576262 0 0.01002657 0.01752221 0 0.01047873 0.02115029 0 0.01025319 0.02118521 0 -0.009913384 0.0175327 0 -0.01025319 0.02118521 0 -0.01002657 0.01752221 0 -0.01047873 0.02115029 0 -0.01013934 0.01750475 0 0.009913384 0.0175327 0 0.01002681 0.0212062 0 -0.01002681 0.0212062 0 0.01070296 0.02110147 0 0.01013934 0.01750475 0 0.01092547 0.02103888 0 0.01025146 0.01748037 0 0.01114583 0.02096259 0 0.01451277 0.01696717 0 0.01205164 0.01569771 0 0.0146864 0.01637446 0 0.01215636 0.01541322 0 0.01482278 0.01576262 0 0.01224315 0.01511687 0 0.01492106 0.0151357 0 -0.01070296 0.02110147 0 -0.01092547 0.02103888 0 -0.01025146 0.01748037 0 -0.01114583 0.02096259 0 -0.01036274 0.01744908 0 0.01136362 0.02087283 0 0.01036274 0.01744908 0 0.0115785 0.02076965 0 0.01047289 0.01741093 0 0.01178991 0.02065342 0 -0.01136362 0.02087283 0 -0.0115785 0.02076965 0 -0.01047289 0.01741093 0 -0.01178991 0.02065342 0 -0.01058179 0.01736605 0 -0.01199758 0.0205242 0 -0.01068919 0.01731449 0 -0.01220107 0.02038228 0 -0.01079493 0.01725631 0 0.01199758 0.0205242 0 0.01058179 0.01736605 0 0.01220107 0.02038228 0 0.01068919 0.01731449 0 0.01239997 0.02022796 0 0.01079493 0.01725631 0 0.01259392 0.02006149 0 0.01089876 0.0171917 0 0.01278257 0.01988321 0 0.01296555 0.01969349 0 0.01100051 0.01712077 0 0.01314246 0.01949268 0 -0.01239997 0.02022796 0 -0.01259392 0.02006149 0 -0.01089876 0.0171917 0 -0.01278257 0.01988321 0 -0.01100051 0.01712077 0 -0.01296555 0.01969349 0 -0.01109999 0.01704359 0 -0.01314246 0.01949268 0 0.01109999 0.01704359 0 0.01119697 0.01696038 0 0.0134769 0.01905924 0 -0.0134769 0.01905924 0 -0.01129126 0.01687127 0 -0.01119697 0.01696038 0 0.01129126 0.01687127 0 0.01138275 0.01677638 0 0.01378339 0.01858627 0 0.01147121 0.016676 0 0.01405954 0.01807731 0 0.01163846 0.01645928 0 0.01430332 0.01753622 0 0.0117917 0.01622277 0 0.01192975 0.01596826 0 -0.01205164 0.01569771 0 -0.01192975 0.01596826 0 -0.01430332 0.01753622 0 -0.0117917 0.01622277 0 -0.01405954 0.01807731 0 -0.01163846 0.01645928 0 -0.01378339 0.01858627 0 -0.01147121 0.016676 0 -0.01138275 0.01677638 0 0.01239997 0.04650974 -0.04217636 0.01239997 0.04616111 -0.04216116 0.01239997 0.04240238 -0.04479306 0.01239997 0.04229742 -0.04512584 0.01239997 0.05002486 -0.04512584 0.01239997 0.0499199 -0.04479306 0.01239997 0.06383883 -0.05983883 0.01239997 0.04416114 -0.04269701 0.01239997 0.04386681 -0.04288452 0.01239997 0.04978638 -0.04785162 0.01239997 0.0499199 -0.04752922 0.01239997 0.05002486 -0.04719638 0.01239997 0.04978638 -0.04447066 0.01239997 0.04962521 -0.04416114 0.01239997 0.04943776 -0.04386681 0.01239997 0.04922533 -0.04359 0.01239997 0.04898959 -0.04333269 0.01239997 0.04873228 -0.04309695 0.01239997 0.04845541 -0.04288452 0.01239997 0.04816114 -0.04269701 0.01239997 0.04785162 -0.0425359 0.01239997 0.04752922 -0.04240238 0.01239997 0.04719638 -0.04229742 0.01239997 0.04685574 -0.0422219 0.01239997 0.04288452 -0.04386681 0.01239997 0.04269701 -0.04416114 0.01239997 0.0425359 -0.04447066 0.01239997 0.05010038 -0.04685574 0.01239997 0.05014592 -0.04650974 0.01239997 0.05016112 -0.04616111 0.01239997 0.05014592 -0.04581254 0.01239997 0.05010038 -0.04546654 0.01239997 0.04581254 -0.04217636 0.01239997 0.04546654 -0.0422219 0.01239997 0.04512584 -0.04229742 0.01239997 0.0422219 -0.04546654 0.01239997 0.04217636 -0.04581254 0.01239997 0.04216116 -0.04616111 0.01239997 0.06008005 -0.06520688 0.01239997 0.06021356 -0.06552928 0.01239997 0.04752922 -0.0499199 0.01239997 0.04479306 -0.04240238 0.01239997 0.04447066 -0.0425359 0.01239997 0.04359 -0.04309695 0.01239997 0.04333269 -0.04333269 0.01239997 0.04309695 -0.04359 0.01239997 0.04217636 -0.04650974 0.01239997 0.0422219 -0.04685574 0.01239997 0.04229742 -0.04719638 0.01239997 0.04269701 -0.04816114 0.01239997 0.04288452 -0.04845541 0.01239997 0.04309695 -0.04873228 0.01239997 0.04333269 -0.04898959 0.01239997 0.04785162 -0.04978638 0.01239997 0.04816114 -0.04962521 0.01239997 0.06056219 -0.06154447 0.01239997 0.04845541 -0.04943776 0.01239997 0.04873228 -0.04922533 0.01239997 0.06077462 -0.06126767 0.01239997 0.04943776 -0.04845541 0.01239997 0.06154447 -0.06056219 0.01239997 0.06126767 -0.06077462 0.01239997 0.04240238 -0.04752922 0.01239997 0.0425359 -0.04785162 0.01239997 0.04650974 -0.05014592 0.01239997 0.04685574 -0.05010038 0.01239997 0.06077462 -0.06640994 0.01239997 0.04719638 -0.05002486 0.01239997 0.06583881 -0.06037473 0.01239997 0.06552928 -0.06021356 0.01239997 0.06418746 -0.05985403 0.01239997 0.06453341 -0.05989956 0.01239997 0.06349021 -0.05985403 0.01239997 0.04962521 -0.04816114 0.01239997 0.05985403 -0.06418746 0.01239997 0.05989956 -0.06453341 0.01239997 0.05997508 -0.06487411 0.01239997 0.06037473 -0.06583881 0.01239997 0.06056219 -0.06613314 0.01239997 0.04416114 -0.04962521 0.01239997 0.06101036 -0.06666725 0.01239997 0.04386681 -0.04943776 0.01239997 0.04359 -0.04922533 0.01239997 0.04447066 -0.04978638 0.01239997 0.04479306 -0.0499199 0.01239997 0.04512584 -0.05002486 0.01239997 0.06280356 -0.06770253 0.01239997 0.0631442 -0.06777805 0.01239997 0.06613314 -0.06056219 0.01239997 0.06101036 -0.06101036 0.01239997 0.04898959 -0.04898959 0.01239997 0.04922533 -0.04873228 0.01239997 0.06037473 -0.0618388 0.01239997 0.06021356 -0.06214833 0.01239997 0.06008005 -0.06247073 0.01239997 0.05997508 -0.06280356 0.01239997 0.05989956 -0.0631442 0.01239997 0.05985403 -0.06349021 0.01239997 0.05983883 -0.06383883 0.01239997 0.04546654 -0.05010038 0.01239997 0.04581254 -0.05014592 0.01239997 0.04616111 -0.05016112 0.01239997 0.06520688 -0.06008005 0.01239997 0.06487411 -0.05997508 0.01239997 0.0631442 -0.05989956 0.01239997 0.06280356 -0.05997508 0.01239997 0.06247073 -0.06008005 0.01239997 0.06214833 -0.06021356 0.01239997 0.0618388 -0.06037473 0.01239997 0.06126767 -0.06690299 0.01239997 0.06154447 -0.06711542 0.01239997 0.0618388 -0.06730294 0.01239997 0.06214833 -0.06746405 0.01239997 0.06247073 -0.06759756 0.01239997 0.06349021 -0.06782358 0.01239997 0.06383883 -0.06783878 0.01239997 0.06418746 -0.06782358 0.01239997 0.06453341 -0.06777805 0.01239997 0.06487411 -0.06770253 0.01239997 0.06520688 -0.06759756 0.01239997 0.06552928 -0.06746405 0.01239997 0.06583881 -0.06730294 0.01239997 0.06613314 -0.06711542 0.01239997 0.06746405 -0.06552928 0.01239997 0.06730294 -0.06583881 0.01239997 0.06711542 -0.06613314 0.01239997 0.06711542 -0.06154447 0.01239997 0.06730294 -0.0618388 0.01239997 0.06746405 -0.06214833 0.01239997 0.06690299 -0.06126767 0.01239997 0.06666725 -0.06101036 0.01239997 0.06640994 -0.06077462 0.01239997 0.06777805 -0.06453341 0.01239997 0.06782358 -0.06418746 0.01239997 0.06777805 -0.0631442 0.01239997 0.06770253 -0.06280356 0.01239997 0.06759756 -0.06247073 0.01239997 0.06640994 -0.06690299 0.01239997 0.06666725 -0.06666725 0.01239997 0.06690299 -0.06640994 0.01239997 0.06759756 -0.06520688 0.01239997 0.06770253 -0.06487411 0.01239997 0.06783878 -0.06383883 0.01239997 0.06782358 -0.06349021 -0.01239997 0.04217636 -0.04650974 -0.01239997 0.04216116 -0.04616111 -0.01239997 0.04359 -0.04309695 -0.01239997 0.04386681 -0.04288452 -0.01239997 0.06640994 -0.06077462 -0.01239997 0.0499199 -0.04479306 -0.01239997 0.05002486 -0.04512584 -0.01239997 0.04217636 -0.04581254 -0.01239997 0.0422219 -0.04546654 -0.01239997 0.04229742 -0.04512584 -0.01239997 0.04240238 -0.04479306 -0.01239997 0.0425359 -0.04447066 -0.01239997 0.04269701 -0.04416114 -0.01239997 0.06666725 -0.06101036 -0.01239997 0.06690299 -0.06126767 -0.01239997 0.06552928 -0.06746405 -0.01239997 0.06520688 -0.06759756 -0.01239997 0.05002486 -0.04719638 -0.01239997 0.0499199 -0.04752922 -0.01239997 0.04978638 -0.04785162 -0.01239997 0.06613314 -0.06056219 -0.01239997 0.06154447 -0.06711542 -0.01239997 0.0618388 -0.06730294 -0.01239997 0.06214833 -0.06746405 -0.01239997 0.04288452 -0.04845541 -0.01239997 0.04309695 -0.04873228 -0.01239997 0.04333269 -0.04898959 -0.01239997 0.04269701 -0.04816114 -0.01239997 0.0425359 -0.04785162 -0.01239997 0.04240238 -0.04752922 -0.01239997 0.04229742 -0.04719638 -0.01239997 0.0422219 -0.04685574 -0.01239997 0.04898959 -0.04333269 -0.01239997 0.04873228 -0.04309695 -0.01239997 0.04845541 -0.04288452 -0.01239997 0.04978638 -0.04447066 -0.01239997 0.06487411 -0.06770253 -0.01239997 0.06453341 -0.06777805 -0.01239997 0.06418746 -0.06782358 -0.01239997 0.05010038 -0.04546654 -0.01239997 0.05014592 -0.04581254 -0.01239997 0.05016112 -0.04616111 -0.01239997 0.05014592 -0.04650974 -0.01239997 0.05010038 -0.04685574 -0.01239997 0.06383883 -0.06783878 -0.01239997 0.06349021 -0.06782358 -0.01239997 0.0631442 -0.06777805 -0.01239997 0.06126767 -0.06690299 -0.01239997 0.06101036 -0.06666725 -0.01239997 0.06077462 -0.06640994 -0.01239997 0.04685574 -0.05010038 -0.01239997 0.04650974 -0.05014592 -0.01239997 0.04616111 -0.05016112 -0.01239997 0.04581254 -0.05014592 -0.01239997 0.04546654 -0.05010038 -0.01239997 0.06640994 -0.06690299 -0.01239997 0.06613314 -0.06711542 -0.01239997 0.06583881 -0.06730294 -0.01239997 0.06280356 -0.06770253 -0.01239997 0.06247073 -0.06759756 -0.01239997 0.04512584 -0.05002486 -0.01239997 0.04479306 -0.0499199 -0.01239997 0.04447066 -0.04978638 -0.01239997 0.04416114 -0.04962521 -0.01239997 0.04386681 -0.04943776 -0.01239997 0.04359 -0.04922533 -0.01239997 0.04288452 -0.04386681 -0.01239997 0.04309695 -0.04359 -0.01239997 0.04333269 -0.04333269 -0.01239997 0.04416114 -0.04269701 -0.01239997 0.04447066 -0.0425359 -0.01239997 0.04479306 -0.04240238 -0.01239997 0.04512584 -0.04229742 -0.01239997 0.04546654 -0.0422219 -0.01239997 0.04581254 -0.04217636 -0.01239997 0.06711542 -0.06154447 -0.01239997 0.06730294 -0.0618388 -0.01239997 0.06746405 -0.06214833 -0.01239997 0.06759756 -0.06247073 -0.01239997 0.06770253 -0.06280356 -0.01239997 0.06777805 -0.0631442 -0.01239997 0.06782358 -0.06418746 -0.01239997 0.06777805 -0.06453341 -0.01239997 0.06770253 -0.06487411 -0.01239997 0.06056219 -0.06613314 -0.01239997 0.04752922 -0.0499199 -0.01239997 0.04719638 -0.05002486 -0.01239997 0.06037473 -0.06583881 -0.01239997 0.06021356 -0.06552928 -0.01239997 0.06008005 -0.06520688 -0.01239997 0.04816114 -0.04962521 -0.01239997 0.04785162 -0.04978638 -0.01239997 0.06056219 -0.06154447 -0.01239997 0.06037473 -0.0618388 -0.01239997 0.06154447 -0.06056219 -0.01239997 0.0618388 -0.06037473 -0.01239997 0.04943776 -0.04845541 -0.01239997 0.06214833 -0.06021356 -0.01239997 0.06247073 -0.06008005 -0.01239997 0.06280356 -0.05997508 -0.01239997 0.0631442 -0.05989956 -0.01239997 0.06349021 -0.05985403 -0.01239997 0.04752922 -0.04240238 -0.01239997 0.04719638 -0.04229742 -0.01239997 0.04685574 -0.0422219 -0.01239997 0.04785162 -0.0425359 -0.01239997 0.04816114 -0.04269701 -0.01239997 0.06759756 -0.06520688 -0.01239997 0.06746405 -0.06552928 -0.01239997 0.06730294 -0.06583881 -0.01239997 0.06711542 -0.06613314 -0.01239997 0.06690299 -0.06640994 -0.01239997 0.06666725 -0.06666725 -0.01239997 0.06126767 -0.06077462 -0.01239997 0.04922533 -0.04873228 -0.01239997 0.06101036 -0.06101036 -0.01239997 0.04898959 -0.04898959 -0.01239997 0.06077462 -0.06126767 -0.01239997 0.04873228 -0.04922533 -0.01239997 0.04845541 -0.04943776 -0.01239997 0.04616111 -0.04216116 -0.01239997 0.04650974 -0.04217636 -0.01239997 0.04922533 -0.04359 -0.01239997 0.04943776 -0.04386681 -0.01239997 0.04962521 -0.04416114 -0.01239997 0.06782358 -0.06349021 -0.01239997 0.06783878 -0.06383883 -0.01239997 0.05997508 -0.06487411 -0.01239997 0.05989956 -0.06453341 -0.01239997 0.05985403 -0.06418746 -0.01239997 0.05989956 -0.0631442 -0.01239997 0.05997508 -0.06280356 -0.01239997 0.06383883 -0.05983883 -0.01239997 0.06418746 -0.05985403 -0.01239997 0.06453341 -0.05989956 -0.01239997 0.05983883 -0.06383883 -0.01239997 0.05985403 -0.06349021 -0.01239997 0.06487411 -0.05997508 -0.01239997 0.06520688 -0.06008005 -0.01239997 0.06552928 -0.06021356 -0.01239997 0.04962521 -0.04816114 -0.01239997 0.06583881 -0.06037473 -0.01239997 0.06008005 -0.06247073 -0.01239997 0.06021356 -0.06214833 -0.01499998 0.05016112 -0.04616111 -0.01499998 0.05014592 -0.04581254 -0.01499998 0.05010038 -0.04546654 -0.01499998 0.05002486 -0.04512584 -0.01499998 0.0499199 -0.04479306 -0.01499998 0.04978638 -0.04447066 -0.01499998 0.04962521 -0.04416114 -0.01499998 0.04943776 -0.04386681 -0.01499998 0.04922533 -0.04359 -0.01499998 0.04898959 -0.04333269 -0.01499998 0.04873228 -0.04309695 -0.01499998 0.04845541 -0.04288452 -0.01499998 0.04816114 -0.04269701 -0.01499998 0.04785162 -0.0425359 -0.01499998 0.04752922 -0.04240238 -0.01499998 0.04719638 -0.04229742 -0.01499998 0.04685574 -0.0422219 -0.01499998 0.04650974 -0.04217636 -0.01499998 0.04616111 -0.04216116 -0.01499998 0.04581254 -0.04217636 -0.01499998 0.04546654 -0.0422219 -0.01499998 0.04512584 -0.04229742 -0.01499998 0.04479306 -0.04240238 -0.01499998 0.04447066 -0.0425359 -0.01499998 0.04416114 -0.04269701 -0.01499998 0.04386681 -0.04288452 -0.01499998 0.04359 -0.04309695 -0.01499998 0.04333269 -0.04333269 -0.01499998 0.04309695 -0.04359 -0.01499998 0.04288452 -0.04386681 -0.01499998 0.04269701 -0.04416114 -0.01499998 0.0425359 -0.04447066 -0.01499998 0.04240238 -0.04479306 -0.01499998 0.04229742 -0.04512584 -0.01499998 0.0422219 -0.04546654 -0.01499998 0.04217636 -0.04581254 -0.01499998 0.04216116 -0.04616111 -0.01499998 0.04217636 -0.04650974 -0.01499998 0.0422219 -0.04685574 -0.01499998 0.04229742 -0.04719638 -0.01499998 0.04240238 -0.04752922 -0.01499998 0.0425359 -0.04785162 -0.01499998 0.04269701 -0.04816114 -0.01499998 0.04288452 -0.04845541 -0.01499998 0.04309695 -0.04873228 -0.01499998 0.04333269 -0.04898959 -0.01499998 0.04359 -0.04922533 -0.01499998 0.04386681 -0.04943776 -0.01499998 0.04416114 -0.04962521 -0.01499998 0.04447066 -0.04978638 -0.01499998 0.04479306 -0.0499199 -0.01499998 0.04512584 -0.05002486 -0.01499998 0.04546654 -0.05010038 -0.01499998 0.04581254 -0.05014592 -0.01499998 0.04616111 -0.05016112 -0.01499998 0.04650974 -0.05014592 -0.01499998 0.04685574 -0.05010038 -0.01499998 0.04719638 -0.05002486 -0.01499998 0.04752922 -0.0499199 -0.01499998 0.04785162 -0.04978638 -0.01499998 0.04816114 -0.04962521 -0.01499998 0.04845541 -0.04943776 -0.01499998 0.04873228 -0.04922533 -0.01499998 0.04898959 -0.04898959 -0.01499998 0.04922533 -0.04873228 -0.01499998 0.04943776 -0.04845541 -0.01499998 0.04962521 -0.04816114 -0.01499998 0.04978638 -0.04785162 -0.01499998 0.0499199 -0.04752922 -0.01499998 0.05002486 -0.04719638 -0.01499998 0.05010038 -0.04685574 -0.01499998 0.05014592 -0.04650974 -0.01499998 0.06783878 -0.06383883 -0.01499998 0.06782358 -0.06349021 -0.01499998 0.06777805 -0.0631442 -0.01499998 0.06770253 -0.06280356 -0.01499998 0.06759756 -0.06247073 -0.01499998 0.06746405 -0.06214833 -0.01499998 0.06730294 -0.0618388 -0.01499998 0.06711542 -0.06154447 -0.01499998 0.06690299 -0.06126767 -0.01499998 0.06666725 -0.06101036 -0.01499998 0.06640994 -0.06077462 -0.01499998 0.06613314 -0.06056219 -0.01499998 0.06583881 -0.06037473 -0.01499998 0.06552928 -0.06021356 -0.01499998 0.06520688 -0.06008005 -0.01499998 0.06487411 -0.05997508 -0.01499998 0.06453341 -0.05989956 -0.01499998 0.06418746 -0.05985403 -0.01499998 0.06383883 -0.05983883 -0.01499998 0.06349021 -0.05985403 -0.01499998 0.0631442 -0.05989956 -0.01499998 0.06280356 -0.05997508 -0.01499998 0.06247073 -0.06008005 -0.01499998 0.06214833 -0.06021356 -0.01499998 0.0618388 -0.06037473 -0.01499998 0.06154447 -0.06056219 -0.01499998 0.06126767 -0.06077462 -0.01499998 0.06101036 -0.06101036 -0.01499998 0.06077462 -0.06126767 -0.01499998 0.06056219 -0.06154447 -0.01499998 0.06037473 -0.0618388 -0.01499998 0.06021356 -0.06214833 -0.01499998 0.06008005 -0.06247073 -0.01499998 0.05997508 -0.06280356 -0.01499998 0.05989956 -0.0631442 -0.01499998 0.05985403 -0.06349021 -0.01499998 0.05983883 -0.06383883 -0.01499998 0.05985403 -0.06418746 -0.01499998 0.05989956 -0.06453341 -0.01499998 0.05997508 -0.06487411 -0.01499998 0.06008005 -0.06520688 -0.01499998 0.06021356 -0.06552928 -0.01499998 0.06037473 -0.06583881 -0.01499998 0.06056219 -0.06613314 -0.01499998 0.06077462 -0.06640994 -0.01499998 0.06101036 -0.06666725 -0.01499998 0.06126767 -0.06690299 -0.01499998 0.06154447 -0.06711542 -0.01499998 0.0618388 -0.06730294 -0.01499998 0.06214833 -0.06746405 -0.01499998 0.06247073 -0.06759756 -0.01499998 0.06280356 -0.06770253 -0.01499998 0.0631442 -0.06777805 -0.01499998 0.06349021 -0.06782358 -0.01499998 0.06383883 -0.06783878 -0.01499998 0.06418746 -0.06782358 -0.01499998 0.06453341 -0.06777805 -0.01499998 0.06487411 -0.06770253 -0.01499998 0.06520688 -0.06759756 -0.01499998 0.06552928 -0.06746405 -0.01499998 0.06583881 -0.06730294 -0.01499998 0.06613314 -0.06711542 -0.01499998 0.06640994 -0.06690299 -0.01499998 0.06666725 -0.06666725 -0.01499998 0.06690299 -0.06640994 -0.01499998 0.06711542 -0.06613314 -0.01499998 0.06730294 -0.06583881 -0.01499998 0.06746405 -0.06552928 -0.01499998 0.06759756 -0.06520688 -0.01499998 0.06770253 -0.06487411 -0.01499998 0.06777805 -0.06453341 -0.01499998 0.06782358 -0.06418746 0.01499998 0.06783878 -0.06383883 0.01499998 0.06782358 -0.06349021 0.01499998 0.06777805 -0.0631442 0.01499998 0.06770253 -0.06280356 0.01499998 0.06759756 -0.06247073 0.01499998 0.06746405 -0.06214833 0.01499998 0.06730294 -0.0618388 0.01499998 0.06711542 -0.06154447 0.01499998 0.06690299 -0.06126767 0.01499998 0.06666725 -0.06101036 0.01499998 0.06640994 -0.06077462 0.01499998 0.06613314 -0.06056219 0.01499998 0.06583881 -0.06037473 0.01499998 0.06552928 -0.06021356 0.01499998 0.06520688 -0.06008005 0.01499998 0.06487411 -0.05997508 0.01499998 0.06453341 -0.05989956 0.01499998 0.06418746 -0.05985403 0.01499998 0.06383883 -0.05983883 0.01499998 0.06349021 -0.05985403 0.01499998 0.0631442 -0.05989956 0.01499998 0.06280356 -0.05997508 0.01499998 0.06247073 -0.06008005 0.01499998 0.06214833 -0.06021356 0.01499998 0.0618388 -0.06037473 0.01499998 0.06154447 -0.06056219 0.01499998 0.06126767 -0.06077462 0.01499998 0.06101036 -0.06101036 0.01499998 0.06077462 -0.06126767 0.01499998 0.06056219 -0.06154447 0.01499998 0.06037473 -0.0618388 0.01499998 0.06021356 -0.06214833 0.01499998 0.06008005 -0.06247073 0.01499998 0.05997508 -0.06280356 0.01499998 0.05989956 -0.0631442 0.01499998 0.05985403 -0.06349021 0.01499998 0.05983883 -0.06383883 0.01499998 0.05985403 -0.06418746 0.01499998 0.05989956 -0.06453341 0.01499998 0.05997508 -0.06487411 0.01499998 0.06008005 -0.06520688 0.01499998 0.06021356 -0.06552928 0.01499998 0.06037473 -0.06583881 0.01499998 0.06056219 -0.06613314 0.01499998 0.06077462 -0.06640994 0.01499998 0.06101036 -0.06666725 0.01499998 0.06126767 -0.06690299 0.01499998 0.06154447 -0.06711542 0.01499998 0.0618388 -0.06730294 0.01499998 0.06214833 -0.06746405 0.01499998 0.06247073 -0.06759756 0.01499998 0.06280356 -0.06770253 0.01499998 0.0631442 -0.06777805 0.01499998 0.06349021 -0.06782358 0.01499998 0.06383883 -0.06783878 0.01499998 0.06418746 -0.06782358 0.01499998 0.06453341 -0.06777805 0.01499998 0.06487411 -0.06770253 0.01499998 0.06520688 -0.06759756 0.01499998 0.06552928 -0.06746405 0.01499998 0.06583881 -0.06730294 0.01499998 0.06613314 -0.06711542 0.01499998 0.06640994 -0.06690299 0.01499998 0.06666725 -0.06666725 0.01499998 0.06690299 -0.06640994 0.01499998 0.06711542 -0.06613314 0.01499998 0.06730294 -0.06583881 0.01499998 0.06746405 -0.06552928 0.01499998 0.06759756 -0.06520688 0.01499998 0.06770253 -0.06487411 0.01499998 0.06777805 -0.06453341 0.01499998 0.06782358 -0.06418746 0.01499998 0.05016112 -0.04616111 0.01499998 0.05014592 -0.04581254 0.01499998 0.05010038 -0.04546654 0.01499998 0.05002486 -0.04512584 0.01499998 0.0499199 -0.04479306 0.01499998 0.04978638 -0.04447066 0.01499998 0.04962521 -0.04416114 0.01499998 0.04943776 -0.04386681 0.01499998 0.04922533 -0.04359 0.01499998 0.04898959 -0.04333269 0.01499998 0.04873228 -0.04309695 0.01499998 0.04845541 -0.04288452 0.01499998 0.04816114 -0.04269701 0.01499998 0.04785162 -0.0425359 0.01499998 0.04752922 -0.04240238 0.01499998 0.04719638 -0.04229742 0.01499998 0.04685574 -0.0422219 0.01499998 0.04650974 -0.04217636 0.01499998 0.04616111 -0.04216116 0.01499998 0.04581254 -0.04217636 0.01499998 0.04546654 -0.0422219 0.01499998 0.04512584 -0.04229742 0.01499998 0.04479306 -0.04240238 0.01499998 0.04447066 -0.0425359 0.01499998 0.04416114 -0.04269701 0.01499998 0.04386681 -0.04288452 0.01499998 0.04359 -0.04309695 0.01499998 0.04333269 -0.04333269 0.01499998 0.04309695 -0.04359 0.01499998 0.04288452 -0.04386681 0.01499998 0.04269701 -0.04416114 0.01499998 0.0425359 -0.04447066 0.01499998 0.04240238 -0.04479306 0.01499998 0.04229742 -0.04512584 0.01499998 0.0422219 -0.04546654 0.01499998 0.04217636 -0.04581254 0.01499998 0.04216116 -0.04616111 0.01499998 0.04217636 -0.04650974 0.01499998 0.0422219 -0.04685574 0.01499998 0.04229742 -0.04719638 0.01499998 0.04240238 -0.04752922 0.01499998 0.0425359 -0.04785162 0.01499998 0.04269701 -0.04816114 0.01499998 0.04288452 -0.04845541 0.01499998 0.04309695 -0.04873228 0.01499998 0.04333269 -0.04898959 0.01499998 0.04359 -0.04922533 0.01499998 0.04386681 -0.04943776 0.01499998 0.04416114 -0.04962521 0.01499998 0.04447066 -0.04978638 0.01499998 0.04479306 -0.0499199 0.01499998 0.04512584 -0.05002486 0.01499998 0.04546654 -0.05010038 0.01499998 0.04581254 -0.05014592 0.01499998 0.04616111 -0.05016112 0.01499998 0.04650974 -0.05014592 0.01499998 0.04685574 -0.05010038 0.01499998 0.04719638 -0.05002486 0.01499998 0.04752922 -0.0499199 0.01499998 0.04785162 -0.04978638 0.01499998 0.04816114 -0.04962521 0.01499998 0.04845541 -0.04943776 0.01499998 0.04873228 -0.04922533 0.01499998 0.04898959 -0.04898959 0.01499998 0.04922533 -0.04873228 0.01499998 0.04943776 -0.04845541 0.01499998 0.04962521 -0.04816114 0.01499998 0.04978638 -0.04785162 0.01499998 0.0499199 -0.04752922 0.01499998 0.05002486 -0.04719638 0.01499998 0.05010038 -0.04685574 0.01499998 0.05014592 -0.04650974</float_array>
          <technique_common>
            <accessor source="#chassis_default_as_machined__18-mesh-positions-array" count="1020" stride="3">
              <param name="X" type="float"/>
              <param name="Y" type="float"/>
              <param name="Z" type="float"/>
            </accessor>
          </technique_common>
        </source>
        <source id="chassis_default_as_machined__18-mesh-normals">
          <float_array id="chassis_default_as_machined__18-mesh-normals-array" count="3888">0 -1 0 0 -1 8.86733e-6 0 -1 -4.3332e-6 0 -1 -1.09052e-6 0 -1 5.45252e-7 0 -1 -8.73238e-6 0 -1 4.3662e-6 0 -1 4.36618e-6 0 -1 2.72626e-7 0 -1 1.09052e-6 0 -1 5.45254e-7 0 -1 -2.18101e-6 0 -1 4.37874e-6 0 -1 -4.37867e-6 0 -1 -4.3373e-6 0 -1 8.82472e-6 0 -1 4.36619e-6 0 -1 -4.36618e-6 0 -1 4.36619e-6 0 -1 6.83581e-7 0 -1 4.36619e-6 0 -1 -6.82216e-7 0 -1 4.31284e-6 0 -1 -8.92761e-6 0 -1 4.3128e-6 0 -1 -8.92777e-6 0 -1 8.92777e-6 0 -1 8.56164e-6 0 -1 2.1666e-6 0 -1 -8.36959e-6 0 -1 -6.13783e-6 0 -1 -2.49393e-6 9.67875e-5 0.8320578 -0.5546891 -4.83922e-5 0.8320373 -0.5547198 0 0.8320131 -0.5547561 4.8393e-5 0.8320633 -0.5546807 -9.67875e-5 0.8320578 -0.5546891 4.83912e-5 0.8320447 -0.5547086 0 0.832069 -0.5546723 -4.83937e-5 0.8320578 -0.5546891 0 0.8320615 -0.5546835 4.83915e-5 0.8320429 -0.5547114 0 0.8320243 -0.5547393 0 0.8320578 -0.5546891 0 0.8320671 -0.5546751 0 0.8320485 -0.5547031 0 0.8320652 -0.5546779 0 0.8320391 -0.554717 0 0.8320913 -0.5546388 0 0.8320503 -0.5547002 4.83924e-5 0.8320522 -0.5546974 9.67865e-5 0.8320615 -0.5546835 0 0.8320448 -0.5547086 -1.9357e-4 0.8320503 -0.5547002 0 0.832054 -0.5546946 0 0.8320354 -0.5547226 0 0.8320578 -0.5546891 -9.67852e-5 0.8320503 -0.5547002 0 0.8320508 -0.5546995 0 0.8320522 -0.5546974 0 0.8320466 -0.5547057 0 0.8320508 -0.5546996 4.83923e-5 0.8320508 -0.5546995 0 0.8320531 -0.5546961 4.83924e-5 0.8320475 -0.5547044 9.67842e-5 0.832054 -0.5546946 -9.67839e-5 0.8320391 -0.554717 -4.83924e-5 0.8320522 -0.5546974 0 0.8320764 -0.5546612 0 0.8320466 -0.5547058 0 0.8320429 -0.5547114 0 0.8320373 -0.5547198 0 0.8320801 -0.5546556 0 0.8320633 -0.5546807 0 0.8320168 -0.5547505 -4.83928e-5 0.8320652 -0.5546779 4.8395e-5 0.8320801 -0.5546556 0 0.8320094 -0.5547617 9.67846e-5 0.832069 -0.5546723 0 0.8320596 -0.5546863 0 0.8320652 -0.5546779 0 0.8320648 -0.5546786 0 0.8320894 -0.5546415 0 0.83204 -0.5547156 2.42206e-5 0.8320829 -0.5546513 -6.05491e-6 0.8320648 -0.5546786 1.21088e-5 0.832 -0.5547757 -6.05472e-6 0.8320446 -0.554709 0 0.8320858 -0.5546472 0 0.8320419 -0.5547128 0 0.8320475 -0.5547044 0 0.8320502 -0.5547005 0 0.8320507 -0.5546997 0 0.8320373 -0.5547198 -1.51365e-6 0.8320203 -0.5547453 1.39547e-6 0.8320964 -0.5546311 0 0.832064 -0.5546796 0 0.8320345 -0.554724 0 0.8320452 -0.5547079 1.21093e-5 0.832047 -0.5547051 6.05474e-6 0.8320429 -0.5547114 -2.42182e-5 0.8319907 -0.5547896 0 0.8320629 -0.5546814 -1.21093e-5 0.8320475 -0.5547044 0 0.8319972 -0.5547798 0 0.8320662 -0.5546765 2.422e-5 0.8320913 -0.5546388 -1.21095e-5 0.8320271 -0.5547352 -4.83942e-5 0.832054 -0.5546946 2.41963e-5 0.8320671 -0.5546751 0 0.8321137 -0.5546053 -2.41954e-5 0.832015 -0.5547533 4.83937e-5 0.8320578 -0.5546891 0 0.8320411 -0.5547142 0 0.8321024 -0.5546221 -2.4196e-5 0.8320391 -0.554717 9.67855e-5 0.8320652 -0.5546779 -9.67865e-5 0.8320615 -0.5546835 4.83917e-5 0.8320411 -0.5547142 -4.83917e-5 0.8320411 -0.5547142 0 0.8320298 -0.5547309 -4.83933e-5 0.8320615 -0.5546835 -4.8392e-5 0.8320466 -0.5547058 9.67852e-5 0.8320503 -0.5547002 -4.83927e-5 0.8320517 -0.5546981 -4.83926e-5 0.8320503 -0.5547002 9.67849e-5 0.8320475 -0.5547044 0 0.8320517 -0.5546981 0 0.832053 -0.5546963 0 0.8320569 -0.5546905 4.83926e-5 0.8320503 -0.5547002 4.83933e-5 0.8320615 -0.5546835 -9.67803e-5 0.8320205 -0.5547449 -9.67849e-5 0.8320354 -0.5547226 9.67839e-5 0.8320391 -0.554717 -9.67829e-5 0.8320429 -0.5547114 9.67803e-5 0.8320205 -0.5547449 -9.67846e-5 0.832069 -0.5546723 -2.41966e-5 0.8320615 -0.5546835 4.83911e-5 0.8320131 -0.5547561 0 0.8320839 -0.55465 -2.41964e-5 0.8320652 -0.5546779 2.41961e-5 0.8320373 -0.5547198 0 0.8320894 -0.5546416 2.42182e-5 0.8320224 -0.5547421 -1.21098e-5 0.8320503 -0.5547002 0 0.8320615 -0.5546834 -2.42174e-5 0.8320019 -0.5547729 1.21097e-5 0.8320676 -0.5546744 0 0.8320364 -0.5547212 -6.05475e-6 0.8320425 -0.5547121 0 0.8320802 -0.5546555 0 0.8320221 -0.5547425 0 0.832096 -0.5546318 0 0.8320643 -0.5546792 0 0.8319931 -0.5547862 0 0.8320425 -0.5547121 0 0.832092 -0.5546377 -1.51369e-6 0.8320426 -0.5547119 3.31138e-7 0.8320863 -0.5546461 3.02738e-6 0.8320417 -0.5547131 -6.05439e-6 0.8319995 -0.5547764 6.05471e-6 0.8320448 -0.5547086 1.21103e-5 0.8320825 -0.554652 -6.05491e-6 0.8320652 -0.5546779 1.21101e-5 0.8320894 -0.5546415 0 0.8320513 -0.5546988 0 0.8320382 -0.5547184 1.21096e-5 0.8320559 -0.5546918 1.21098e-5 0.8320643 -0.5546792 0 0.8320196 -0.5547463 -2.42192e-5 0.8320391 -0.554717 -4.83935e-5 0.8320596 -0.5546863 0 0.7071068 0.7071068 0 0.7071068 0.7071068 0 -0.7071068 -0.7071068 0 0 1 0 0 1 0 0 1 0 0 1 0 0 1 0 0 1 0 0 1 0 0 1 0 0 1 0 0 1 0 0 1 0 0 1 0 0 1 0 0 1 0 0 1 0 0 1 0 0 1 0 0 1 0 0 1 0 0 1 0 0 1 0 0 1 0 0 1 0 0 1 0 0 1 0 0 1 0 0 1 0 0 1 0 0 1 0 0 1 0 0 1 0 0 1 0 0 1 0 0 1 0 0 1 0 0 1 0 0 1 0 0 1 0 0 1 0 0 1 0 0 1 0 0 1 0 0 1 0 0 1 0 0 1 0 0 1 0 0 1 0 0 1 0 0 1 0 0 1 0 0 1 0 0 1 0 0 1 0 0 1 0 0 1 0 0 1 0 0 1 0 0 1 0 0 1 0 0 1 0 0 1 0 0 1 0 0 1 0 0 1 0 0 1 0 0 1 0 0 1 0 0 1 0 0 1 0 0 1 0 0 1 0 0 1 0 0 1 0 0 1 0 0 1 0 0 1 0 0 1 0 0 1 0 0 1 0 0 1 0 0 1 0 0 1 0 0 1 0 0 1 0 0 1 0 0 1 0 0 1 0 0 1 0 0 1 0 0 1 0 0 1 0 0 1 0 0 1 0 0 1 0 0 1 0 0 1 0 0 1 0 0 1 -0.02181768 0.7069396 0.7069374 -0.1088597 0.702902 0.7029071 -0.1950813 0.6935207 0.6935217 -0.2798522 0.6788533 0.6788527 -0.3624373 0.6590316 0.659027 -0.4422838 0.6341874 0.6341856 -0.5187874 0.6045092 0.6045067 -0.5913009 0.5702437 0.5702503 -0.9894995 0.1165826 0.0854358 -0.9914449 0.09229505 0.09229642 -0.9990484 0.03083866 0.03084224 -0.9990483 0.03084176 0.03084248 -0.9914497 0.09227114 0.09226864 -0.9763049 0.1530185 0.1530168 -0.9762965 0.153043 0.1530458 -0.9537169 0.2126309 0.2126314 -0.9537164 0.2126342 0.2126307 -0.9238801 0.2705973 0.2705973 -0.9238814 0.2705932 0.2705964 -0.8870109 0.3265054 0.3265057 -0.8870095 0.3265076 0.3265072 -0.8433918 0.3799273 0.3799283 -0.8433935 0.3799271 0.379925 -0.7933498 0.4304625 0.4304627 -0.7933545 0.4304586 0.4304581 -0.737277 0.4777166 0.4777128 -0.737273 0.4777171 0.4777185 -0.6259701 0.5514847 0.5513856 -0.5913077 0.5701971 0.5702899 -0.6259256 0.5514588 0.551462 -0.6755877 0.521336 0.521335 -0.6593604 0.5315729 0.5316712 -0.6915125 0.5107875 0.5107903 -0.55559 0.5879775 0.5878795 -0.5187754 0.6044594 0.6045668 -0.5555669 0.5879429 0.5879359 -0.481027 0.6199756 0.6198737 -0.4422617 0.6341472 0.6342412 -0.4810084 0.6199295 0.6199343 -0.402747 0.6472721 0.6471737 -0.3624852 0.6589652 0.6590672 -0.4027312 0.6472278 0.6472278 -0.3214607 0.6696271 0.6695241 -0.2797979 0.6788091 0.6789193 -0.3214702 0.669575 0.6695717 -0.2377098 0.6868894 0.6867876 -0.195124 0.6934657 0.6935648 -0.2376576 0.6868465 0.6868485 -0.1521356 0.698933 0.6988187 -0.1088644 0.7028523 0.7029561 -0.1521254 0.6988756 0.6988782 -0.06539803 0.7056436 0.7055425 -0.02184438 0.7068853 0.7069908 -0.06536614 0.7055941 0.705595 0.06541186 0.7055923 0.7055925 0.1521365 0.6988763 0.6988752 0.2376695 0.6868456 0.6868453 0.3214702 0.6695744 0.6695724 0.4027333 0.6472275 0.6472268 0.4809858 0.6199411 0.6199402 0.5555619 0.5879452 0.5879384 0.9894995 0.1165826 0.08543664 0.6915234 0.5107299 0.5108331 0.6593368 0.5316394 0.531634 0.6259256 0.5514588 0.551462 0.5913356 0.5702835 0.5701746 0.6259235 0.5514101 0.5515131 0.5913147 0.570236 0.5702438 0.5188208 0.6045446 0.6044427 0.555563 0.587889 0.5879935 0.5187772 0.6045113 0.6045134 0.4423112 0.6342276 0.6341263 0.4810022 0.6198837 0.6199848 0.4422928 0.6341829 0.634184 0.3624789 0.6590683 0.6589674 0.4027505 0.6471693 0.6472743 0.3624324 0.6590328 0.6590286 0.2798399 0.678906 0.6788051 0.3214444 0.6695256 0.6696336 0.2798328 0.678858 0.678856 0.1951064 0.6935698 0.6934655 0.2376961 0.6867897 0.6868919 0.1950986 0.6935185 0.6935189 0.1088708 0.7029537 0.7028537 0.1521275 0.6988281 0.6989253 0.1088736 0.7029039 0.7029031 0.02178543 0.7069901 0.7068879 0.06539434 0.70554 0.7056466 0.02182638 0.7069401 0.7069367 0.6755962 0.5213294 0.5213305 0.7372798 0.4777119 0.4777134 0.7372702 0.4777219 0.4777181 0.7933557 0.4304556 0.4304588 0.7933486 0.4304655 0.4304621 0.8433904 0.3799287 0.3799302 0.8433949 0.3799257 0.3799231 0.8870095 0.3265076 0.3265072 0.8870109 0.3265054 0.3265057 0.9238814 0.2705932 0.2705964 0.9238801 0.2705973 0.2705973 0.9537158 0.2126337 0.2126339 0.9537175 0.2126315 0.2126283 0.9763051 0.1530171 0.1530166 0.9762963 0.1530444 0.1530458 0.9914497 0.09227114 0.09226864 0.9914449 0.09229505 0.09229642 0.9990484 0.03083866 0.03084224 0.9990483 0.03084176 0.03084248 -1 0 0 -1 -4.74699e-6 0 -1 4.91285e-6 0 -1 -2.92482e-6 0 -1 -9.68617e-5 0 -1 4.09618e-5 0 -1 -1.18548e-5 0 -1 -2.33507e-6 0 -1 4.07105e-6 0 -1 -6.6373e-7 0 -1 -5.11731e-6 0 -1 -5.06001e-7 0 -1 3.19505e-6 0 -1 2.14938e-6 0 -1 -2.77072e-6 0 -1 -6.63927e-6 0 -1 0 0 -1 -2.71958e-6 0 -1 1.45918e-6 0 -1 2.2982e-7 0 -1 1.82347e-5 0 -1 0 0 -1 -4.06451e-6 0 -1 4.58968e-6 0 -1 -2.33074e-6 0 -1 -1.38849e-6 0 -1 -1.14776e-5 0 -1 -4.90004e-5 0 -1 -3.56674e-6 0 -1 2.02719e-6 0 -1 2.47441e-6 0 -1 6.65572e-5 0 -1 1.5674e-5 0 -1 -4.03154e-7 0 -1 -1.13688e-5 0 -1 9.00058e-6 0 -1 -5.05041e-6 0 -1 -1.60118e-7 0 -1 -4.91072e-6 0 -1 4.91072e-6 0 -1 -4.90196e-6 0 -1 2.23824e-6 0 -1 -2.15942e-6 0 -1 1.39565e-6 0 -1 6.46262e-6 0 -1 4.45877e-7 0 -1 1.98427e-6 0 -1 8.11425e-6 0 -1 -1.71818e-6 0 -1 1.82377e-6 0 -1 -2.18286e-6 0 -1 -1.83584e-6 0 -1 -1.32275e-5 0 -1 1.18432e-6 0 -1 2.27611e-6 0 -1 -7.05026e-7 0 -1 5.38248e-6 0 -1 5.8247e-7 0 -1 0 0 -1 -1.95112e-6 0 -1 -1.42316e-7 0 -1 1.57061e-5 0 -1 -8.63898e-7 0 -1 -4.42791e-6 0 -1 7.22785e-7 0 -1 2.84946e-6 0 -1 -5.3085e-7 0 -1 2.99609e-6 0 -1 -1.94133e-6 0 -1 2.94288e-6 0 1 0 0 1 -2.86374e-6 0 1 2.99043e-6 0 1 1.72767e-7 0 1 -1.15351e-6 0 1 4.23148e-6 0 1 -8.26727e-6 0 1 1.82347e-5 0 1 3.44225e-6 0 1 -4.06451e-6 0 1 -9.5199e-7 0 1 1.67785e-4 0 1 -1.41944e-7 0 1 2.73694e-6 0 1 1.50405e-6 0 1 -4.63693e-6 0 1 -2.75282e-7 0 1 -3.38289e-6 0 1 -4.51881e-5 0 1 2.32446e-6 0 1 -5.15124e-6 0 1 8.7511e-6 0 1 3.36406e-6 0 1 4.25115e-6 0 1 -6.26975e-6 0 1 -7.13511e-6 0 1 1.50178e-6 0 1 2.63852e-5 0 1 -2.37686e-7 0 1 -1.3369e-4 0 1 -8.48752e-6 0 1 2.6682e-6 0 1 6.75411e-6 0 1 -5.42033e-6 0 1 1.21048e-6 0 1 -3.33032e-6 0 1 -1.20563e-5 0 1 -1.95112e-6 0 1 -2.76747e-6 0 1 -3.10613e-6 0 1 1.72054e-7 0 1 -9.07272e-7 0 1 -1.49148e-6 0 1 1.36413e-6 0 1 -4.49268e-6 0 1 2.11763e-6 0 1 2.99617e-6 0 1 -8.05552e-7 0 1 -9.80695e-7 0 1 -4.91063e-6 0 1 2.1829e-6 0 1 4.07105e-6 0 1 -3.47608e-5 0 1 1.9513e-5 0 1 -6.50048e-6 0 1 4.00731e-6 0 1 1.61353e-6 0 1 -3.77485e-6 0 1 1.39565e-6 0 1 -1.91117e-6 0 1 6.46262e-6 0 1 -2.79447e-6 0 1 4.98545e-6 0 1 -4.0946e-6 0 1 -9.12453e-6 0 1 -2.15942e-6 0 0 -0.999048 -0.04362636 0 -0.999048 -0.04362642 0 -0.9914451 -0.1305248 0 -0.9914492 -0.1304934 0 -0.976291 -0.2164623 0 -0.9762977 -0.216432 0 -0.9537102 -0.3007275 0 -0.9537285 -0.3006691 0 -0.9238762 -0.3826916 0 -0.8870183 -0.4617346 0 -0.8870049 -0.4617602 0 -0.8433911 -0.5373003 0 -0.7933465 -0.6087704 0 -0.7933617 -0.6087505 0 -0.7372899 -0.6755766 0 -0.7372741 -0.6755937 0 -0.6755734 -0.7372928 0 -0.6755894 -0.7372782 0 -0.6087713 -0.7933458 0 -0.6087403 -0.7933696 0 -0.5373136 -0.8433825 0 -0.5372987 -0.8433921 0 -0.4617455 -0.8870126 0 -0.382698 -0.9238735 0 -0.3826867 -0.9238782 0 -0.3007012 -0.9537185 0 -0.3007106 -0.9537155 0 -0.2164366 -0.9762967 0 -0.2164369 -0.9762967 0 -0.1305208 -0.9914456 0 -0.1305187 -0.9914459 0 -0.04361939 -0.9990483 0 -0.04362076 -0.9990482 0 0.04362076 -0.9990482 0 0.1305187 -0.9914459 0 0.2164332 -0.9762975 0 0.2164403 -0.9762959 0 0.3007058 -0.9537171 0 0.3007106 -0.9537155 0 0.3826923 -0.9238758 0 0.382681 -0.9238806 0 0.461752 -0.8870091 0 0.5372991 -0.8433918 0 0.5372915 -0.8433967 0 0.608748 -0.7933636 0 0.6087635 -0.7933518 0 0.6755894 -0.7372782 0 0.6755974 -0.7372708 0 0.7372739 -0.675594 0 0.7372741 -0.6755937 0 0.793362 -0.6087502 0 0.7933541 -0.6087606 0 0.8433911 -0.5373003 0 0.8433984 -0.5372889 0 0.8870116 -0.4617472 0 0.8870049 -0.4617602 0 0.9238819 -0.382678 0 0.9238762 -0.3826916 0 0.9537147 -0.3007129 0 0.9762979 -0.2164318 0 0.9762977 -0.216432 0 0.9914451 -0.1305248 0 0.9914451 -0.1305249 0 0.9990487 -0.04361039 0 0.999048 -0.04362642 0 0.9990479 0.04362595 0 0.9990487 0.04360991 0 0.9914451 0.1305248 0 0.9914451 0.1305249 0 0.9762979 0.2164318 0 0.9762977 0.216432 0 0.9537147 0.3007129 0 0.9238762 0.3826916 0 0.9238819 0.382678 0 0.887005 0.4617598 0 0.8870114 0.4617476 0 0.8433954 0.5372934 0 0.843388 0.5373051 0 0.7933542 0.6087604 0 0.7933617 0.6087505 0 0.7372789 0.6755885 0 0.6755917 0.7372761 0 0.6755837 0.7372834 0 0.6087701 0.7933467 0 0.608755 0.7933584 0 0.5372918 0.8433964 0 0.5372987 0.8433921 0 0.461752 0.8870091 0 0.382681 0.9238806 0 0.3826923 0.9238758 0 0.3007008 0.9537186 0 0.3006962 0.95372 0 0.2164505 0.9762936 0 0.2164435 0.9762952 0 0.1305187 0.9914459 0 0.04362076 0.9990482 0 -0.04362076 0.9990482 0 -0.04361939 0.9990483 0 -0.1305187 0.9914459 0 -0.1305208 0.9914456 0 -0.2164471 0.9762943 0 -0.2164469 0.9762945 0 -0.3007008 0.9537186 0 -0.3006916 0.9537215 0 -0.3826867 0.9238782 0 -0.382698 0.9238735 0 -0.4617455 0.8870126 0 -0.5372991 0.8433918 0 -0.5373133 0.8433828 0 -0.6087469 0.7933645 0 -0.6087782 0.7933405 0 -0.6755837 0.7372834 0 -0.6755676 0.737298 0 -0.7372789 0.6755885 0 -0.7372949 0.6755711 0 -0.793362 0.6087502 0 -0.7933463 0.6087707 0 -0.8433881 0.5373048 0 -0.843388 0.5373051 0 -0.887005 0.4617598 0 -0.887018 0.461735 0 -0.9238762 0.3826916 0 -0.9537285 0.3006691 0 -0.9537102 0.3007275 0 -0.9762979 0.2164318 0 -0.9762909 0.2164625 0 -0.9914492 0.1304932 0 -0.9914451 0.1305249 0 -0.9990479 0.04362595 0 -0.9990479 0.04362589 0 -0.9990494 -0.04359441 0 -0.9914407 -0.1305577 0 -0.9914491 -0.1304946 0 -0.976305 -0.2163991 0 -0.9762915 -0.2164602 0 -0.9537194 -0.3006983 0 -0.9238876 -0.3826643 0 -0.886992 -0.4617851 0 -0.887018 -0.461735 0 -0.8433881 -0.5373048 0 -0.8434026 -0.5372822 0 -0.7933463 -0.6087707 0 -0.7372739 -0.675594 0 -0.7372901 -0.6755763 0 -0.6756054 -0.7372635 0 -0.6087624 -0.7933526 0 -0.6087782 -0.7933405 0 -0.5372991 -0.8433918 0 -0.3826754 -0.923883 0 -0.3007008 -0.9537186 0 -0.2164471 -0.9762943 0 -0.2164469 -0.9762945 0 -0.1305166 -0.9914462 0 0.04362219 -0.9990482 0 0.04361939 -0.9990483 0 0.1305166 -0.9914462 0 0.1305249 -0.9914451 0 0.2164403 -0.9762958 0 0.2164469 -0.9762945 0 0.3007008 -0.9537186 0 0.3006916 -0.9537215 0 0.3826867 -0.9238782 0 0.382698 -0.9238735 0 0.4617455 -0.8870126 0 0.5373133 -0.8433828 0 0.6087469 -0.7933645 0 0.6087782 -0.7933405 0 0.7933463 -0.6087707 0 0.8433881 -0.5373048 0 0.843388 -0.5373051 0 0.887005 -0.4617598 0 0.887018 -0.461735 0 0.9537285 -0.3006691 0 0.9537102 -0.3007275 0 0.9762982 -0.2164297 0 0.9762915 -0.2164602 0 0.9914491 -0.1304946 0 0.9914449 -0.1305261 0 0.999048 -0.04362636 0 0.999048 0.04362547 0 0.9914449 0.1305261 0 0.9914491 0.1304946 0 0.9762915 0.2164602 0 0.9762982 0.2164297 0 0.9537091 0.3007307 0 0.9537276 0.3006723 0 0.9238778 0.3826878 0 0.9238776 0.3826881 0 0.8870183 0.4617346 0 0.8870049 0.4617602 0 0.8433881 0.5373048 0 0.7933423 0.6087757 0 0.7933579 0.6087555 0 0.7372739 0.675594 0 0.7372741 0.6755937 0 0.6755894 0.7372782 0 0.6087779 0.7933408 0 0.6087473 0.7933644 0 0.5373136 0.8433825 0 0.4617541 0.887008 0 0.4617537 0.8870083 0 0.3826888 0.9238774 0 0.3826774 0.923882 0 0.3007012 0.9537185 0 0.3007106 0.9537155 0 0.2164366 0.9762967 0 0.2164301 0.9762982 0 0.1305249 0.9914451 0 0.1305166 0.9914462 0 0.04361939 0.9990483 0 0.04362219 0.9990482 0 -0.1305166 0.9914462 0 -0.2164366 0.9762967 0 -0.2164369 0.9762967 0 -0.3007103 0.9537155 0 -0.3007106 0.9537155 0 -0.3826661 0.9238867 0 -0.3826888 0.9238774 0 -0.4617541 0.887008 0 -0.4617537 0.8870083 0 -0.5372987 0.8433921 0 -0.6087779 0.7933408 0 -0.6087628 0.7933524 0 -0.6756054 0.7372635 0 -0.6755734 0.7372928 0 -0.7372899 0.6755766 0 -0.7372741 0.6755937 0 -0.7933423 0.6087757 0 -0.8434027 0.537282 0 -0.8870183 0.4617346 0 -0.8869917 0.4617854 0 -0.9238778 0.3826878 0 -0.923889 0.3826608 0 -0.9537183 0.3007014 0 -0.9537091 0.3007307 0 -0.9762915 0.2164602 0 -0.976305 0.2163991 0 -0.9914491 0.1304946 0 -0.9914407 0.1305577 0 -0.9990494 0.04359346 0 -0.999048 0.04362547 0 -0.9990494 -0.04359436 0 -0.8869917 -0.4617854 0 -0.843388 -0.5373051 0 -0.8434027 -0.537282 0 -0.6087628 -0.7933524 0 -0.6087779 -0.7933408 0 0.2164401 -0.976296 0 0.2164471 -0.9762943 0 0.5372987 -0.8433921 0 0.5373136 -0.8433825 0 0.6087473 -0.7933644 0 0.6087779 -0.7933408 0 0.7933617 -0.6087505 0 0.7933465 -0.6087704 0 0.8870183 -0.4617346 0 0.887018 0.461735 0 0.6087782 0.7933405 0 0.6087469 0.7933645 0 0.5373133 0.8433828 0 0.5372991 0.8433918 0 0.3007014 0.9537184 0 0.3007103 0.9537155 0 0.2164369 0.9762967 0 0.2164298 0.9762983 0 -0.6087624 0.7933526 0 -0.7372901 0.6755763 0 -0.7372739 0.675594 0 -0.8434026 0.5372822 0 -0.886992 0.4617851 0 -0.9238776 0.3826881 0 -0.9238892 0.3826604 0 -0.9914451 -0.1305249 0 -0.9914492 -0.1304932 0 -0.9762909 -0.2164625 0 -0.9762979 -0.2164318 0 -0.887005 -0.4617598 0 -0.793362 -0.6087502 0 -0.5373133 -0.8433828 0 -0.3007014 -0.9537184 0 -0.3007103 -0.9537155 0 0.2164335 -0.9762974 0 0.21644 -0.976296 0 0.300706 -0.9537169 0 0.3007103 -0.9537155 0 0.5372918 -0.8433964 0 0.7933542 -0.6087604 0 0.8870114 -0.4617476 0 0.9990487 -0.04361045 0 0.9990479 0.04362589 0 0.9990487 0.04360991 0 0.8870116 0.4617472 0 0.8433953 0.5372937 0 0.7933541 0.6087606 0 0.793362 0.6087502 0 0.6087705 0.7933465 0 0.6087546 0.7933586 0 0.5372915 0.8433967 0 0.2164503 0.9762937 0 0.2164438 0.9762952 0 -0.5373136 0.8433825 0 -0.6087473 0.7933644 0 -0.7933617 0.6087505 0 -0.7933465 0.6087704 0 -0.8870049 0.4617602 0 -0.9762977 0.216432 0 -0.976291 0.2164623 0 -0.9914492 0.1304934 0 -0.9914451 0.1305248 -0.02177798 0.706937 0.7069412 -0.02177745 0.7069439 0.7069344 -0.06553113 0.705592 0.7055818 -0.06539618 0.7055896 0.7055967 -0.1087501 0.7029133 0.7029128 -0.1088729 0.7029047 0.7029024 -0.152157 0.6988735 0.6988734 -0.1521398 0.6988778 0.6988729 -0.1950826 0.6935253 0.6935167 -0.195059 0.6935163 0.6935324 -0.2376679 0.6868404 0.686851 -0.2376894 0.6868432 0.6868408 -0.279819 0.678864 0.6788556 -0.2798286 0.6788587 0.678857 -0.3214247 0.6695848 0.6695837 -0.3213566 0.6696011 0.6696001 -0.3625156 0.6590098 0.6590057 -0.362432 0.6590323 0.6590293 -0.40274 0.6472275 0.6472226 -0.4027539 0.6472189 0.6472226 -0.4422546 0.6341992 0.6341943 -0.4423012 0.6341795 0.6341814 -0.4810474 0.6199128 0.6199207 -0.4809663 0.6199468 0.6199496 -0.5187628 0.6045227 0.6045143 -0.5187685 0.6045131 0.604519 -0.5555697 0.5879347 0.5879415 -0.555599 0.5879172 0.5879313 -0.5913137 0.5702499 0.5702308 -0.6259304 0.5514863 0.5514292 -0.5913419 0.5701965 0.5702551 -0.625869 0.5514833 0.5515019 -0.6593376 0.5316362 0.5316361 -0.6914978 0.5108311 0.5107667 -0.6756145 0.5213185 0.5213177 -0.7372751 0.4777208 0.4777114 -0.7372663 0.4777183 0.4777277 -0.7933693 0.4304452 0.4304443 -0.7933452 0.4304699 0.4304638 -0.8433953 0.3799231 0.3799251 -0.8434023 0.3799125 0.3799199 -0.8870063 0.3265128 0.326511 -0.886999 0.3265261 0.3265177 -0.9238796 0.2705947 0.2706015 -0.9238841 0.2705903 0.2705905 -0.9537135 0.2126427 0.2126352 -0.9537173 0.2126307 0.2126302 -0.9762939 0.1530548 0.1530513 -0.9762984 0.1530342 0.1530423 -0.991445 0.09229713 0.09229373 -0.9914444 0.09229999 0.09229809 -0.9990483 0.03084099 0.03084409 -0.9990482 0.03084564 0.03084421 0 0.7071068 0.7071068 0 0.7071067 0.7071069 0.7372784 0.477713 0.4777141 0.7933693 0.4304452 0.4304443 0.7933452 0.4304699 0.4304638 0.8433979 0.379916 0.3799263 0.8433997 0.3799195 0.3799186 0.8870063 0.3265128 0.326511 0.886999 0.3265261 0.3265177 0.9238796 0.2705947 0.2706015 0.9238841 0.2705903 0.2705905 0.9537135 0.2126427 0.2126352 0.9537173 0.2126307 0.2126302 0.9762954 0.1530498 0.1530464 0.9762969 0.1530391 0.1530473 0.9914457 0.09228897 0.09229379 0.9914436 0.09230816 0.09229797 0.9990483 0.03084099 0.03084409 0.9990482 0.03084564 0.03084421 0.675573 0.5213614 0.5213285 0.691563 0.5107533 0.5107561 0.7372567 0.4777321 0.4777286 0.02184456 0.706936 0.7069402 0.02171087 0.7069449 0.7069354 0.06539887 0.705594 0.705592 0.06552839 0.7055876 0.7055864 0.1088165 0.7029039 0.7029119 0.1088065 0.7029141 0.7029033 0.152157 0.6988735 0.6988734 0.1521398 0.6988779 0.6988729 0.1950848 0.6935166 0.6935248 0.1950567 0.6935249 0.6935244 0.2377294 0.6868339 0.6868361 0.2376279 0.6868497 0.6868556 0.279819 0.678864 0.6788557 0.2798286 0.6788588 0.678857 0.3214247 0.6695848 0.6695837 0.3213566 0.6696011 0.6696001 0.3624579 0.6590257 0.6590216 0.3624898 0.6590164 0.6590134 0.4027957 0.6472102 0.6472052 0.4026982 0.6472362 0.64724 0.442308 0.6341804 0.6341757 0.4422478 0.6341982 0.6341999 0.4809963 0.6199325 0.6199406 0.4810174 0.619927 0.6199297 0.5187628 0.6045227 0.6045143 0.5187685 0.6045131 0.604519 0.5555751 0.5879238 0.5879473 0.5555937 0.587928 0.5879255 0.5912762 0.5702611 0.5702586 0.5913622 0.5702255 0.5702049 0.6258809 0.5514787 0.551493 0.6259036 0.5514718 0.5514739 0.659346 0.5316295 0.5316324 1 -1.68376e-5 0 1 4.7729e-7 0 1 -9.56133e-6 0 1 1.03025e-5 0 1 -5.40687e-6 0 1 5.72109e-6 0 1 -2.33236e-6 0 1 2.65494e-6 0 1 2.47181e-7 0 1 -9.08401e-7 0 1 1.07263e-6 0 1 -6.59764e-6 0 1 4.65418e-6 0 1 1.41944e-7 0 1 -5.48607e-6 0 1 5.88498e-6 0 1 -6.68467e-7 0 1 4.63693e-6 0 1 -6.88206e-7 0 1 -4.10786e-6 0 1 -1.26608e-6 0 1 6.49688e-6 0 1 -6.96825e-6 0 1 -5.14491e-6 0 1 -2.45546e-7 0 1 -1.14574e-4 0 1 3.68183e-6 0 1 -7.42609e-7 0 1 1.42702e-5 0 1 -9.36977e-6 0 1 2.03815e-5 0 1 -2.63852e-5 0 1 0 0 1 -1.39438e-5 0 1 -4.22734e-6 0 1 -8.15761e-7 0 1 6.90546e-6 0 1 2.98781e-7 0 1 1.08178e-4 0 1 -1.90011e-5 0 1 -7.26249e-6 0 1 8.16404e-6 0 1 4.52046e-6 0 1 1.14298e-5 0 1 1.7616e-6 0 1 -1.01347e-6 0 1 -2.64621e-6 0 1 1.09929e-5 0 1 -1.32275e-5 0 1 3.34385e-6 0 1 -1.12818e-5 0 1 3.92374e-7 0 1 -3.8571e-6 0 1 -7.13409e-6 0 1 1.30409e-6 0 1 -2.2251e-6 0 1 5.11708e-6 0 1 -5.30313e-6 0 1 4.62733e-7 0 1 4.91323e-6 0 1 -4.91323e-6 0 1 1.01349e-6 0 1 -7.87929e-6 0 1 8.41978e-6 0 1 -3.65237e-7 0 1 -2.99844e-6 0 1 5.67176e-6 0 1 -5.66251e-6 0 1 5.41571e-6 0 1 -1.94052e-6 0 1 -5.11718e-6 0 1 5.30301e-6 0 1 -1.56323e-6 0 1 -1.66284e-6 0 1 -8.01462e-6 0 1 7.37637e-6 0 1 -2.47408e-6 0 1 -1.77255e-5 0 1 1.43385e-5 0 -1 8.41978e-6 0 -1 1.16993e-5 0 -1 2.04393e-6 0 -1 1.57363e-6 0 -1 -1.12818e-5 0 -1 -3.65237e-7 0 -1 -2.64086e-6 0 -1 1.49339e-6 0 -1 4.63358e-6 0 -1 3.07055e-7 0 -1 5.44555e-6 0 -1 -1.64485e-6 0 -1 -1.265e-6 0 -1 -7.87929e-6 0 -1 -2.79043e-7 0 -1 5.72109e-6 0 -1 -2.61663e-6 0 -1 6.90546e-6 0 -1 8.02733e-7 0 -1 0 0 -1 1.08396e-6 0 -1 6.76975e-6 0 -1 5.7455e-7 0 -1 2.00665e-6 0 -1 5.11708e-6 0 -1 -4.14552e-6 0 -1 -9.17936e-6 0 -1 4.99445e-7 0 -1 -2.57913e-7 0 -1 1.0169e-6 0 -1 2.73439e-6 0 -1 -5.11718e-6 0 -1 4.14555e-6 0 -1 -1.11091e-5 0 -1 1.09929e-5 0 -1 -3.27604e-7 0 -1 2.0067e-6 0 -1 1.30409e-6 0 -1 -1.88588e-5 0 -1 5.40277e-6 0 -1 -5.72843e-6 0 -1 5.22856e-6 0 -1 -5.30313e-6 0 -1 4.62733e-7 0 -1 2.9238e-6 0 -1 1.14298e-5 0 -1 1.18283e-6 0 -1 -6.96845e-6 0 -1 3.63702e-6 0 -1 1.57529e-6 0 -1 -5.48607e-6 0 -1 -1.06093e-6 0 -1 1.27044e-6 0 -1 1.74457e-6 0 -1 -7.13409e-6 0 -1 1.7616e-6 0 -1 0 0 -1 5.69891e-6 0 -1 -3.1851e-6 0 -1 -4.85331e-7 0 -1 8.16404e-6 0 -1 -1.38742e-5 0 -1 -1.36984e-6 0 -1 7.37637e-6 0 -1 -6.44929e-6 0 -1 1.42316e-7 0 -1 8.13786e-7 0 -0.02181291 -0.7069385 -0.7069387 -0.02184599 -0.7069391 -0.706937 -0.0654031 -0.7055899 -0.7055957 -0.0653966 -0.7055916 -0.7055946 -0.1089146 -0.7028986 -0.702902 -0.1088629 -0.7029068 -0.7029018 -0.1521044 -0.6988778 -0.6988806 -0.1521034 -0.6988787 -0.6988799 -0.1950315 -0.6935282 -0.6935283 -0.195108 -0.6935135 -0.6935214 -0.2376823 -0.6868437 -0.6868427 -0.2376974 -0.6868438 -0.6868374 -0.2798197 -0.6788613 -0.6788581 -0.2798382 -0.6788529 -0.6788589 -0.3214638 -0.6695753 -0.6695745 -0.3214145 -0.6695911 -0.6695824 -0.3624179 -0.6590331 -0.6590361 -0.3624534 -0.6590223 -0.6590273 -0.4027836 -0.6472138 -0.6472093 -0.4027507 -0.6472236 -0.6472199 -0.4422628 -0.6341891 -0.6341987 -0.442321 -0.6341789 -0.6341683 -0.4809703 -0.6199474 -0.6199458 -0.4809664 -0.619946 -0.6199504 -0.51881 -0.6044973 -0.6044992 -0.5187618 -0.6045203 -0.6045175 -0.5555552 -0.58794 -0.5879498 -0.55556 -0.587943 -0.5879424 -0.5913306 -0.5702333 -0.57023 -0.6259003 -0.5515296 -0.5514201 -0.5913515 -0.5701646 -0.5702769 -0.6259195 -0.551468 -0.5514599 -0.6593519 -0.5316262 -0.5316284 -0.6915165 -0.5108418 -0.5107306 -0.675585 -0.5213382 -0.5213363 -0.7372816 -0.4777103 -0.4777121 -0.7372733 -0.4777165 -0.4777187 -0.7933621 -0.4304504 -0.4304523 -0.7933536 -0.4304594 -0.4304591 -0.8433895 -0.3799318 -0.3799291 -0.8433881 -0.3799301 -0.379934 -0.8870099 -0.3265084 -0.3265056 -0.8870128 -0.3265048 -0.3265011 -0.9238795 -0.2705944 -0.2706021 -0.9238765 -0.2706063 -0.2706006 -0.9537176 -0.2126288 -0.2126307 -0.9537182 -0.2126266 -0.21263 -0.9762965 -0.1530455 -0.1530439 -0.9762965 -0.1530441 -0.1530452 -0.9914441 -0.09230339 -0.09229749 -0.9914457 -0.09228897 -0.09229421 -0.9990484 -0.03084248 -0.03084313 -0.9990484 -0.030842 -0.03084182 0 -0.7071068 -0.7071068 0.7372733 -0.4777165 -0.4777185 0.7933558 -0.4304561 -0.430458 0.7933597 -0.4304537 -0.4304534 0.8433909 -0.3799282 -0.3799297 0.8433867 -0.3799337 -0.3799334 0.8870099 -0.3265084 -0.3265056 0.8870128 -0.3265048 -0.3265011 0.9238784 -0.2705982 -0.2706018 0.9238775 -0.2706024 -0.2706009 0.9537176 -0.2126288 -0.2126307 0.9537182 -0.2126266 -0.21263 0.9762965 -0.1530455 -0.153044 0.9762965 -0.1530441 -0.1530452 0.9914447 -0.09229779 -0.092296 0.991445 -0.09229457 -0.0922957 0.9990481 -0.03084653 -0.03084313 0.9990485 -0.03083795 -0.03084182 0.6755769 -0.5213717 -0.5213133 0.6915068 -0.5107915 -0.5107939 0.7372838 -0.4777085 -0.4777104 0.02184677 -0.7069379 -0.7069382 0.02181214 -0.7069396 -0.7069376 0.06540328 -0.7055878 -0.7055979 0.06539636 -0.7055938 -0.7055925 0.1088476 -0.7029038 -0.7029072 0.1089298 -0.7029016 -0.7028967 0.1520713 -0.6988814 -0.6988842 0.1521365 -0.6988751 -0.6988763 0.1950972 -0.6935168 -0.6935212 0.1950423 -0.6935248 -0.6935286 0.2377135 -0.6868404 -0.6868351 0.2376663 -0.686847 -0.686845 0.2798205 -0.678859 -0.67886 0.2798374 -0.6788551 -0.678857 0.3214638 -0.6695753 -0.6695745 0.3214145 -0.6695911 -0.6695824 0.3624473 -0.6590251 -0.659028 0.3624241 -0.6590304 -0.6590355 0.4027575 -0.6472176 -0.6472216 0.4027767 -0.6472197 -0.6472076 0.44229 -0.6341796 -0.6341893 0.4422938 -0.6341884 -0.6341778 0.480973 -0.6199423 -0.619949 0.4809638 -0.6199511 -0.6199472 0.5187854 -0.6045079 -0.6045097 0.5187865 -0.6045097 -0.604507 0.5555785 -0.5879291 -0.5879389 0.5555367 -0.587954 -0.5879534 0.5913115 -0.570239 -0.570244 0.5913385 -0.5702349 -0.5702201 0.6259083 -0.5514703 -0.5514702 0.6259224 -0.5514622 -0.5514624 0.6593426 -0.5316332 -0.5316329 0.02183014 -0.7069363 -0.7069403 0.06537222 -0.7055761 -0.7056125 0.02182912 -0.7069607 -0.7069159 0.06536698 -0.7055931 -0.705596 0.1089052 -0.7028977 -0.7029044 0.1521232 -0.69885 -0.6989043 0.1089388 -0.7029262 -0.7028706 0.1520541 -0.6988902 -0.6988792 0.1950501 -0.6935281 -0.6935231 0.237757 -0.6868023 -0.6868582 0.1951493 -0.6935326 -0.6934908 0.237657 -0.6868506 -0.6868445 0.2798143 -0.6788541 -0.6788676 0.3214787 -0.6695522 -0.6695905 0.2798326 -0.6788821 -0.6788321 0.32143 -0.6695822 -0.6695838 0.3624423 -0.6590274 -0.6590284 0.4027324 -0.6472013 -0.6472536 0.3624728 -0.6590481 -0.658991 0.4027483 -0.6472216 -0.6472234 0.4422683 -0.63419 -0.634194 0.4809918 -0.6199206 -0.619956 0.4422966 -0.634199 -0.6341652 0.4809941 -0.6199421 -0.6199327 0.5188173 -0.6044949 -0.6044954 0.5555447 -0.5879251 -0.5879747 0.5187847 -0.6045259 -0.6044923 0.5555655 -0.5879442 -0.587936 0.5913117 -0.5702437 -0.5702393 0.6259472 -0.5514208 -0.5514755 0.5912931 -0.5702779 -0.5702242 0.6259543 -0.5514415 -0.5514469 0.6593818 -0.5316028 -0.5316147 0.6915053 -0.5107732 -0.5108144 0.9519057 -0.2322461 -0.1998433 0.6755905 -0.5213329 -0.5213344 0.7372887 -0.4777072 -0.4777042 0.7372758 -0.4777156 -0.4777156 0.7933557 -0.4304556 -0.4304587 0.7933467 -0.4304655 -0.4304654 0.8433978 -0.3799211 -0.3799215 0.8433879 -0.379932 -0.3799321 0.8870124 -0.3264999 -0.3265068 0.887009 -0.3265091 -0.3265072 0.9238766 -0.2706043 -0.2706023 0.9238789 -0.2705993 -0.2705994 0.9537168 -0.2126331 -0.2126299 0.9537169 -0.2126315 -0.2126312 0.9762969 -0.1530439 -0.1530433 0.9762938 -0.153055 -0.1530514 0.9914452 -0.09229278 -0.09229546 0.9914458 -0.09229022 -0.09229165 0.999048 -0.03084951 -0.03084552 0.9990481 -0.03084629 -0.03084629 -0.02177137 -0.7069372 -0.7069413 -0.1089052 -0.7028976 -0.7029044 -0.1951068 -0.6935201 -0.6935151 -0.2798115 -0.6788619 -0.6788609 -0.3624388 -0.6590358 -0.6590221 -0.4422683 -0.6341899 -0.634194 -0.5187744 -0.6045132 -0.6045138 -0.5913117 -0.5702437 -0.5702392 -0.9519053 -0.2322459 -0.1998456 -0.9537169 -0.2126315 -0.2126312 -0.9762943 -0.1530553 -0.1530475 -0.9762961 -0.1530435 -0.1530472 -0.9914457 -0.0922901 -0.09229284 -0.9914454 -0.09229284 -0.09229427 -0.999048 -0.03085041 -0.03084641 -0.9990481 -0.0308454 -0.0308454 -0.9537168 -0.2126331 -0.2126299 -0.9238789 -0.2705993 -0.2705994 -0.9238766 -0.2706043 -0.2706023 -0.887009 -0.3265091 -0.3265072 -0.8870126 -0.3265 -0.3265068 -0.8433964 -0.3799227 -0.3799229 -0.8433894 -0.3799304 -0.3799309 -0.7933576 -0.4304556 -0.4304555 -0.7933449 -0.4304656 -0.4304687 -0.7372759 -0.4777156 -0.4777156 -0.7372887 -0.4777072 -0.4777043 -0.6259558 -0.5514693 -0.5514172 -0.5912844 -0.5702256 -0.5702855 -0.6259543 -0.5514415 -0.5514469 -0.6755936 -0.5213323 -0.521331 -0.6593908 -0.5315754 -0.5316309 -0.691491 -0.5108019 -0.510805 -0.5555424 -0.5879721 -0.58793 -0.518853 -0.6044543 -0.6045053 -0.5555453 -0.5879503 -0.5879489 -0.4810256 -0.6199547 -0.6198957 -0.4422851 -0.6341532 -0.6342189 -0.4809725 -0.6199531 -0.6199385 -0.4027219 -0.6472463 -0.6472151 -0.3624631 -0.6590012 -0.6590432 -0.402773 -0.6472144 -0.6472151 -0.3214493 -0.6696078 -0.6695489 -0.2798277 -0.678826 -0.6788902 -0.3214681 -0.6695742 -0.6695735 -0.2377074 -0.6868575 -0.6868202 -0.1950852 -0.6934991 -0.6935422 -0.2377156 -0.6868364 -0.6868385 -0.1521561 -0.6988976 -0.6988496 -0.1088776 -0.7028812 -0.7029252 -0.1520829 -0.6988858 -0.6988773 -0.06543272 -0.705623 -0.7055599 -0.02182847 -0.7069109 -0.7069658 -0.06535488 -0.7055923 -0.7055978</float_array>
          <technique_common>
            <accessor source="#chassis_default_as_machined__18-mesh-normals-array" count="1296" stride="3">
              <param name="X" type="float"/>
              <param name="Y" type="float"/>
              <param name="Z" type="float"/>
            </accessor>
          </technique_common>
        </source>
        <vertices id="chassis_default_as_machined__18-mesh-vertices">
          <input semantic="POSITION" source="#chassis_default_as_machined__18-mesh-positions"/>
        </vertices>
        <triangles count="2056">
          <input semantic="VERTEX" source="#chassis_default_as_machined__18-mesh-vertices" offset="0"/>
          <input semantic="NORMAL" source="#chassis_default_as_machined__18-mesh-normals" offset="1"/>
          <p>0 0 1 0 2 0 3 0 4 0 5 0 4 0 6 0 5 0 5 0 6 0 7 0 6 1 8 1 7 1 7 2 8 2 9 2 10 3 11 3 12 3 11 0 13 0 12 0 12 0 13 0 14 0 15 4 16 4 17 4 18 0 19 0 20 0 19 5 21 5 20 5 20 6 21 6 22 6 21 0 23 0 22 0 22 7 23 7 24 7 15 0 17 0 25 0 17 8 26 8 25 8 25 9 26 9 27 9 26 0 28 0 27 0 27 0 28 0 29 0 28 0 30 0 29 0 29 0 30 0 10 0 30 8 31 8 10 8 10 10 31 10 11 10 13 11 32 11 14 11 32 0 33 0 14 0 14 0 33 0 34 0 33 0 35 0 34 0 34 12 35 12 36 12 16 0 15 0 37 0 15 13 38 13 37 13 37 0 38 0 39 0 38 0 40 0 39 0 39 0 40 0 41 0 41 0 40 0 42 0 40 0 43 0 42 0 42 0 43 0 44 0 43 0 45 0 44 0 44 14 45 14 46 14 35 0 47 0 36 0 47 0 48 0 36 0 36 0 48 0 49 0 48 14 50 14 49 14 49 0 50 0 51 0 50 0 52 0 51 0 51 15 52 15 53 15 52 0 54 0 53 0 53 0 54 0 55 0 8 0 56 0 9 0 56 0 57 0 9 0 9 16 57 16 58 16 57 0 59 0 58 0 58 17 59 17 60 17 59 0 61 0 60 0 60 0 61 0 62 0 61 0 63 0 62 0 62 18 63 18 64 18 63 0 65 0 64 0 64 0 65 0 2 0 65 0 66 0 2 0 2 19 66 19 0 19 67 0 68 0 69 0 68 0 70 0 69 0 69 0 70 0 71 0 70 0 72 0 71 0 71 20 72 20 73 20 72 0 74 0 73 0 73 0 74 0 75 0 74 0 76 0 75 0 75 17 76 17 77 17 76 0 78 0 77 0 77 18 78 18 18 18 78 0 79 0 18 0 18 21 79 21 19 21 46 22 45 22 80 22 45 23 81 23 80 23 80 24 81 24 82 24 81 0 83 0 82 0 82 0 83 0 84 0 83 0 85 0 84 0 84 0 85 0 86 0 85 25 87 25 86 25 86 0 87 0 88 0 54 0 89 0 55 0 89 0 90 0 55 0 55 25 90 25 91 25 90 0 92 0 91 0 91 26 92 26 93 26 92 0 94 0 93 0 93 25 94 25 95 25 94 0 96 0 95 0 88 27 87 27 97 27 87 0 98 0 97 0 97 0 98 0 99 0 100 28 101 28 96 28 101 0 102 0 96 0 96 29 102 29 95 29 98 0 103 0 99 0 103 23 104 23 99 23 99 0 104 0 105 0 23 0 106 0 24 0 106 0 107 0 24 0 24 0 107 0 108 0 107 0 109 0 108 0 108 0 109 0 110 0 109 0 111 0 110 0 110 0 111 0 112 0 111 0 113 0 112 0 112 0 113 0 100 0 113 0 114 0 100 0 100 30 114 30 101 30 104 0 115 0 105 0 115 0 116 0 105 0 105 0 116 0 117 0 116 0 118 0 117 0 117 0 118 0 119 0 118 0 120 0 119 0 119 0 120 0 121 0 120 0 122 0 121 0 121 0 122 0 3 0 122 0 123 0 3 0 3 31 123 31 4 31 124 32 125 32 126 32 125 33 127 33 126 33 126 34 127 34 128 34 127 35 129 35 128 35 128 36 129 36 130 36 129 37 131 37 130 37 130 38 131 38 132 38 131 39 133 39 132 39 132 40 133 40 134 40 133 41 135 41 134 41 134 40 135 40 136 40 135 40 137 40 136 40 136 42 137 42 138 42 137 43 139 43 138 43 138 34 139 34 140 34 139 44 141 44 140 44 140 43 141 43 142 43 141 45 143 45 142 45 142 46 143 46 144 46 143 47 145 47 144 47 144 48 145 48 146 48 145 49 147 49 146 49 146 47 147 47 148 47 147 50 149 50 148 50 148 51 149 51 150 51 149 52 151 52 150 52 150 53 151 53 152 53 151 54 153 54 152 54 152 55 153 55 154 55 153 56 155 56 154 56 154 57 155 57 156 57 155 58 157 58 156 58 156 52 157 52 158 52 157 59 159 59 158 59 158 60 159 60 160 60 159 61 161 61 160 61 160 57 161 57 162 57 161 62 163 62 162 62 162 63 163 63 164 63 163 64 165 64 164 64 164 54 165 54 166 54 165 45 167 45 166 45 166 65 167 65 168 65 167 50 169 50 168 50 168 66 169 66 170 66 169 49 171 49 170 49 170 49 171 49 172 49 171 67 173 67 172 67 172 68 173 68 174 68 173 59 175 59 174 59 174 55 175 55 176 55 175 54 177 54 176 54 176 40 177 40 178 40 177 69 179 69 178 69 178 70 179 70 180 70 179 59 181 59 180 59 180 70 181 70 182 70 181 71 183 71 182 71 182 72 183 72 184 72 183 73 185 73 184 73 184 74 185 74 186 74 185 75 187 75 186 75 186 42 187 42 188 42 187 76 189 76 188 76 188 34 189 34 190 34 189 44 191 44 190 44 190 77 191 77 192 77 191 75 193 75 192 75 192 43 193 43 194 43 193 71 195 71 194 71 194 78 195 78 196 78 195 79 197 79 196 79 196 47 197 47 198 47 197 70 199 70 198 70 198 80 199 80 200 80 199 70 201 70 200 70 200 60 201 60 202 60 201 81 203 81 202 81 202 47 203 47 204 47 203 52 205 52 204 52 204 82 205 82 206 82 205 83 207 83 206 83 206 84 207 84 208 84 207 85 209 85 208 85 208 86 209 86 210 86 209 87 211 87 210 87 210 88 211 88 212 88 211 89 213 89 212 89 212 90 213 90 214 90 213 81 215 81 214 81 214 91 215 91 216 91 215 92 217 92 216 92 216 93 217 93 218 93 217 94 219 94 218 94 218 95 219 95 220 95 219 96 221 96 220 96 220 97 221 97 222 97 221 98 223 98 222 98 222 99 223 99 224 99 223 100 225 100 224 100 224 101 225 101 226 101 225 102 227 102 226 102 226 103 227 103 228 103 227 52 229 52 228 52 228 93 229 93 230 93 229 80 231 80 230 80 230 104 231 104 232 104 231 105 233 105 232 105 232 106 233 106 234 106 233 107 235 107 234 107 234 108 235 108 236 108 235 109 237 109 236 109 236 110 237 110 238 110 237 111 239 111 238 111 238 112 239 112 240 112 239 113 241 113 240 113 240 114 241 114 242 114 241 115 243 115 242 115 242 116 243 116 244 116 243 113 245 113 244 113 244 117 245 117 246 117 245 47 247 47 246 47 246 43 247 43 248 43 247 79 249 79 248 79 248 42 249 42 250 42 249 118 251 118 250 118 250 43 251 43 252 43 251 119 253 119 252 119 252 43 253 43 254 43 253 120 255 120 254 120 254 116 255 116 256 116 255 49 257 49 256 49 256 42 257 42 258 42 257 49 259 49 258 49 258 47 259 47 260 47 259 121 261 121 260 121 260 43 261 43 262 43 261 122 263 122 262 122 262 43 263 43 264 43 263 54 265 54 264 54 264 65 265 65 266 65 265 67 267 67 266 67 266 123 267 123 268 123 267 124 269 124 268 124 268 49 269 49 270 49 269 125 271 125 270 125 270 61 271 61 272 61 271 61 273 61 272 61 272 126 273 126 274 126 273 127 275 127 274 127 274 128 275 128 276 128 275 45 277 45 276 45 276 129 277 129 278 129 277 59 279 59 278 59 278 49 279 49 280 49 279 59 281 59 280 59 280 47 281 47 282 47 281 130 283 130 282 130 282 47 283 47 284 47 283 131 285 131 284 131 284 132 285 132 286 132 285 50 287 50 286 50 286 133 287 133 288 133 287 46 289 46 288 46 288 134 289 134 290 134 289 125 291 125 290 125 290 47 291 47 292 47 291 131 293 131 292 131 292 135 293 135 294 135 293 70 295 70 294 70 294 114 295 114 296 114 295 71 297 71 296 71 296 136 297 136 298 136 297 79 299 79 298 79 298 137 299 137 300 137 299 138 301 138 300 138 300 139 301 139 302 139 301 140 303 140 302 140 302 77 303 77 304 77 303 141 305 141 304 141 304 38 305 38 306 38 305 142 307 142 306 142 306 77 307 77 308 77 307 143 309 143 308 143 308 144 309 144 310 144 309 145 311 145 310 145 310 52 311 52 312 52 311 89 313 89 312 89 312 146 313 146 314 146 313 81 315 81 314 81 314 147 315 147 316 147 315 148 317 148 316 148 316 149 317 149 318 149 317 83 319 83 318 83 318 90 319 90 320 90 319 150 321 150 320 150 320 151 321 151 322 151 321 152 323 152 322 152 322 153 323 153 324 153 323 154 325 154 324 154 324 155 325 155 326 155 325 156 327 156 326 156 326 92 327 92 328 92 327 91 329 91 328 91 328 157 329 157 330 157 329 158 331 158 330 158 330 159 331 159 332 159 331 160 333 160 332 160 332 161 333 161 334 161 333 162 335 162 334 162 334 163 335 163 336 163 335 164 337 164 336 164 336 165 337 165 338 165 337 166 339 166 338 166 338 167 339 167 340 167 339 168 341 168 340 168 340 60 341 60 342 60 341 169 343 169 342 169 342 170 343 170 344 170 343 169 345 169 344 169 344 171 345 171 346 171 345 54 347 54 346 54 346 38 347 38 124 38 347 172 125 172 124 172 273 173 271 173 348 173 271 174 349 174 348 174 350 175 270 175 351 175 270 175 272 175 351 175 352 176 353 176 354 176 2 177 1 177 355 177 1 178 356 178 355 178 354 179 353 179 356 179 353 180 357 180 356 180 356 181 357 181 355 181 358 182 359 182 360 182 361 183 362 183 363 183 362 184 364 184 363 184 363 185 364 185 365 185 358 186 360 186 366 186 360 187 367 187 366 187 366 188 367 188 351 188 367 189 348 189 351 189 351 190 348 190 350 190 348 191 349 191 350 191 350 192 349 192 361 192 349 193 368 193 361 193 361 194 368 194 362 194 359 195 358 195 369 195 358 196 370 196 369 196 369 197 370 197 371 197 370 198 372 198 371 198 371 199 372 199 373 199 374 200 375 200 376 200 375 201 377 201 376 201 376 202 377 202 378 202 377 203 379 203 378 203 378 204 379 204 380 204 379 205 67 205 380 205 380 206 67 206 69 206 364 207 381 207 365 207 381 208 382 208 365 208 365 209 382 209 383 209 382 210 384 210 383 210 383 211 384 211 385 211 373 212 372 212 386 212 372 213 387 213 386 213 386 214 387 214 388 214 387 215 389 215 388 215 388 216 389 216 390 216 384 217 391 217 385 217 391 218 392 218 385 218 385 219 392 219 393 219 392 220 394 220 393 220 393 221 394 221 395 221 394 222 396 222 395 222 395 223 396 223 397 223 396 224 398 224 397 224 397 225 398 225 399 225 390 226 389 226 400 226 389 227 401 227 400 227 400 228 401 228 402 228 401 229 403 229 402 229 402 230 403 230 404 230 403 231 405 231 404 231 404 232 405 232 406 232 405 233 407 233 406 233 406 234 407 234 408 234 408 235 407 235 409 235 407 236 410 236 409 236 409 237 410 237 411 237 398 238 412 238 399 238 412 239 413 239 399 239 399 240 413 240 414 240 413 241 415 241 414 241 414 242 415 242 416 242 415 243 417 243 416 243 416 244 417 244 418 244 417 245 419 245 418 245 410 246 420 246 411 246 420 247 421 247 411 247 411 248 421 248 422 248 423 249 424 249 419 249 424 250 425 250 419 250 419 251 425 251 418 251 421 252 426 252 422 252 426 253 427 253 422 253 422 254 427 254 428 254 427 255 429 255 428 255 428 256 429 256 430 256 429 257 431 257 430 257 430 258 431 258 432 258 431 259 433 259 432 259 432 260 433 260 374 260 433 261 434 261 374 261 374 262 434 262 375 262 354 263 435 263 352 263 435 264 436 264 352 264 352 265 436 265 437 265 436 266 438 266 437 266 437 267 438 267 439 267 438 268 440 268 439 268 439 269 440 269 441 269 440 270 442 270 441 270 441 271 442 271 423 271 442 272 443 272 423 272 423 273 443 273 424 273 368 274 349 274 271 274 364 275 362 275 267 275 382 276 381 276 263 276 391 277 384 277 259 277 394 278 392 278 255 278 398 279 396 279 251 279 413 280 412 280 247 280 417 281 415 281 243 281 64 282 2 282 355 282 221 283 219 283 64 283 219 284 217 284 64 284 64 285 217 285 62 285 64 286 355 286 221 286 355 287 357 287 221 287 221 288 357 288 223 288 357 289 353 289 223 289 223 290 353 290 225 290 353 291 352 291 225 291 225 292 352 292 227 292 352 293 437 293 227 293 227 294 437 294 229 294 437 295 439 295 229 295 229 296 439 296 231 296 439 297 441 297 231 297 231 298 441 298 233 298 441 299 423 299 233 299 233 300 423 300 235 300 417 301 243 301 419 301 243 302 241 302 419 302 241 303 239 303 419 303 419 304 239 304 423 304 239 305 237 305 423 305 423 306 237 306 235 306 413 307 247 307 415 307 247 308 245 308 415 308 415 309 245 309 243 309 398 310 251 310 412 310 251 311 249 311 412 311 412 312 249 312 247 312 394 313 255 313 396 313 255 314 253 314 396 314 396 315 253 315 251 315 391 316 259 316 392 316 259 317 257 317 392 317 392 318 257 318 255 318 382 319 263 319 384 319 263 320 261 320 384 320 384 321 261 321 259 321 364 322 267 322 381 322 267 323 265 323 381 323 381 324 265 324 263 324 368 325 271 325 362 325 271 326 269 326 362 326 362 327 269 327 267 327 367 328 360 328 277 328 359 329 369 329 281 329 371 330 373 330 285 330 386 331 388 331 289 331 390 332 400 332 293 332 402 333 404 333 297 333 406 334 408 334 301 334 380 335 69 335 71 335 309 336 307 336 411 336 307 337 305 337 411 337 411 338 305 338 409 338 409 339 305 339 408 339 305 340 303 340 408 340 408 341 303 341 301 341 406 342 301 342 404 342 301 343 299 343 404 343 404 344 299 344 297 344 402 345 297 345 400 345 297 346 295 346 400 346 400 347 295 347 293 347 390 348 293 348 388 348 293 349 291 349 388 349 388 350 291 350 289 350 386 351 289 351 373 351 289 352 287 352 373 352 373 353 287 353 285 353 371 354 285 354 369 354 285 355 283 355 369 355 369 356 283 356 281 356 359 357 281 357 360 357 281 358 279 358 360 358 360 359 279 359 277 359 367 360 277 360 348 360 277 361 275 361 348 361 348 362 275 362 273 362 411 363 422 363 309 363 422 364 428 364 309 364 309 365 428 365 311 365 428 366 430 366 311 366 311 367 430 367 313 367 430 368 432 368 313 368 313 369 432 369 315 369 432 370 374 370 315 370 315 371 374 371 317 371 374 372 376 372 317 372 317 373 376 373 319 373 376 374 378 374 319 374 319 375 378 375 321 375 378 376 380 376 321 376 321 377 380 377 323 377 380 378 71 378 323 378 323 379 71 379 325 379 71 380 73 380 325 380 325 381 73 381 327 381 444 382 445 382 74 382 446 382 447 382 76 382 448 382 449 382 450 382 451 382 452 382 74 382 453 383 454 383 450 383 454 384 455 384 450 384 449 382 456 382 450 382 456 382 457 382 450 382 450 385 457 385 458 385 459 386 460 386 74 386 460 387 461 387 74 387 74 388 461 388 462 388 462 382 463 382 74 382 463 382 464 382 74 382 74 389 464 389 465 389 465 382 466 382 74 382 466 382 467 382 74 382 74 390 467 390 444 390 468 382 469 382 76 382 469 382 470 382 76 382 76 391 470 391 446 391 455 382 471 382 450 382 471 382 472 382 450 382 450 392 472 392 473 392 473 382 474 382 450 382 474 382 475 382 450 382 450 393 475 393 448 393 445 382 476 382 74 382 476 382 477 382 74 382 74 394 477 394 478 394 447 382 479 382 76 382 479 382 480 382 76 382 76 395 480 395 481 395 482 382 483 382 484 382 478 382 485 382 74 382 485 382 486 382 74 382 74 396 486 396 451 396 452 382 487 382 74 382 487 397 488 397 74 397 74 398 488 398 76 398 488 399 489 399 76 399 76 400 489 400 468 400 481 382 490 382 76 382 490 382 491 382 76 382 76 401 491 401 492 401 493 382 494 382 76 382 494 382 495 382 76 382 76 402 495 402 496 402 497 382 498 382 499 382 498 382 500 382 499 382 500 382 501 382 499 382 499 382 501 382 502 382 503 403 504 403 505 403 492 404 506 404 76 404 506 405 507 405 76 405 76 406 507 406 493 406 508 382 509 382 510 382 509 382 511 382 510 382 510 407 511 407 484 407 512 408 513 408 74 408 458 409 459 409 450 409 459 382 74 382 450 382 450 382 74 382 514 382 74 410 515 410 514 410 516 382 503 382 450 382 503 382 517 382 450 382 450 411 517 411 453 411 518 382 519 382 484 382 519 382 520 382 484 382 484 412 520 412 482 412 483 382 521 382 484 382 521 382 522 382 484 382 484 413 522 413 510 413 523 414 524 414 525 414 524 415 526 415 525 415 523 416 527 416 524 416 527 417 528 417 524 417 524 418 528 418 529 418 496 382 526 382 76 382 526 382 524 382 76 382 76 419 524 419 328 419 530 382 531 382 328 382 512 382 74 382 532 382 502 382 501 382 533 382 501 420 534 420 533 420 533 421 534 421 505 421 534 422 535 422 505 422 505 423 535 423 503 423 497 382 499 382 484 382 499 382 536 382 484 382 484 424 536 424 537 424 537 382 538 382 484 382 538 382 539 382 484 382 484 425 539 425 540 425 540 382 541 382 484 382 541 426 542 426 484 426 484 427 542 427 518 427 529 382 543 382 524 382 543 382 544 382 524 382 524 382 544 382 510 382 544 382 545 382 510 382 510 428 545 428 508 428 513 382 546 382 74 382 546 429 547 429 74 429 74 430 547 430 515 430 516 382 548 382 503 382 548 382 549 382 503 382 503 431 549 431 550 431 550 382 551 382 503 382 551 382 552 382 503 382 503 432 552 432 504 432 524 382 553 382 328 382 553 382 554 382 328 382 328 433 554 433 555 433 555 434 556 434 328 434 556 382 557 382 328 382 328 435 557 435 530 435 531 382 558 382 328 382 558 382 559 382 328 382 328 436 559 436 560 436 560 382 561 382 328 382 561 382 562 382 328 382 328 437 562 437 563 437 563 382 564 382 328 382 564 438 565 438 328 438 328 439 565 439 566 439 567 382 326 382 568 382 326 440 569 440 568 440 570 382 326 382 571 382 326 441 572 441 571 441 570 382 573 382 326 382 573 382 574 382 326 382 326 442 574 442 74 442 574 382 575 382 74 382 74 443 575 443 532 443 326 444 576 444 577 444 578 445 579 445 326 445 579 382 580 382 326 382 326 446 580 446 572 446 566 382 581 382 328 382 581 382 582 382 328 382 328 382 582 382 326 382 582 447 583 447 326 447 326 448 583 448 569 448 567 382 584 382 326 382 584 449 585 449 326 449 326 450 585 450 576 450 577 382 586 382 326 382 586 382 587 382 326 382 326 451 587 451 578 451 588 452 589 452 61 452 590 452 591 452 63 452 592 453 593 453 594 453 589 454 595 454 61 454 595 452 596 452 61 452 61 455 596 455 597 455 597 452 598 452 61 452 598 452 599 452 61 452 61 456 599 456 600 456 601 452 602 452 216 452 603 452 604 452 214 452 605 457 606 457 592 457 606 452 607 452 592 452 592 452 607 452 608 452 609 452 214 452 610 452 214 458 611 458 610 458 612 452 61 452 613 452 61 459 614 459 613 459 612 452 615 452 61 452 615 452 616 452 61 452 61 460 616 460 617 460 617 461 618 461 61 461 618 452 619 452 61 452 61 462 619 462 588 462 620 463 216 463 621 463 216 464 63 464 621 464 621 452 63 452 622 452 593 452 592 452 623 452 604 452 624 452 214 452 624 452 625 452 214 452 214 465 625 465 626 465 594 452 627 452 592 452 627 452 628 452 592 452 592 466 628 466 629 466 629 452 630 452 592 452 630 467 631 467 592 467 592 468 631 468 605 468 626 452 632 452 214 452 632 452 633 452 214 452 214 469 633 469 634 469 609 452 635 452 214 452 635 452 636 452 214 452 214 470 636 470 637 470 638 452 639 452 637 452 639 452 640 452 637 452 637 471 640 471 214 471 640 472 641 472 214 472 214 473 641 473 642 473 643 452 644 452 214 452 644 452 645 452 214 452 214 474 645 474 603 474 634 452 646 452 214 452 646 452 647 452 214 452 214 475 647 475 611 475 642 476 648 476 214 476 648 477 649 477 214 477 214 478 649 478 650 478 650 452 651 452 214 452 651 479 652 479 214 479 214 480 652 480 61 480 652 481 653 481 61 481 61 482 653 482 614 482 600 452 654 452 61 452 654 483 655 483 61 483 61 452 655 452 63 452 655 484 656 484 63 484 63 485 656 485 590 485 591 452 657 452 63 452 657 452 658 452 63 452 63 486 658 486 659 486 659 452 660 452 63 452 660 452 661 452 63 452 63 487 661 487 662 487 601 452 216 452 592 452 602 488 663 488 216 488 663 452 664 452 216 452 216 489 664 489 665 489 665 452 666 452 216 452 666 452 667 452 216 452 216 490 667 490 668 490 669 452 670 452 216 452 670 491 671 491 216 491 672 452 673 452 637 452 673 452 674 452 637 452 637 492 674 492 638 492 672 452 675 452 673 452 675 452 676 452 673 452 673 493 676 493 677 493 678 452 679 452 680 452 679 452 673 452 680 452 680 452 673 452 681 452 682 452 683 452 684 452 683 452 685 452 684 452 684 494 685 494 686 494 686 452 687 452 684 452 687 452 688 452 684 452 684 495 688 495 689 495 690 452 63 452 691 452 63 496 692 496 691 496 690 452 693 452 63 452 693 452 694 452 63 452 63 497 694 497 622 497 671 498 695 498 216 498 695 452 696 452 216 452 216 499 696 499 697 499 697 452 698 452 216 452 698 452 699 452 216 452 216 452 699 452 214 452 699 452 700 452 214 452 214 500 700 500 643 500 682 452 684 452 701 452 684 452 702 452 701 452 701 452 702 452 703 452 702 452 704 452 703 452 703 501 704 501 705 501 704 452 706 452 705 452 705 452 706 452 680 452 706 452 707 452 680 452 680 502 707 502 678 502 662 452 708 452 63 452 708 452 709 452 63 452 63 503 709 503 692 503 620 504 710 504 216 504 710 505 711 505 216 505 216 452 711 452 592 452 711 452 712 452 592 452 592 506 712 506 623 506 668 507 713 507 216 507 713 452 714 452 216 452 216 508 714 508 669 508 677 452 715 452 673 452 715 452 716 452 673 452 673 509 716 509 717 509 673 510 718 510 719 510 689 452 720 452 684 452 720 452 721 452 684 452 684 511 721 511 722 511 717 452 723 452 673 452 723 512 724 512 673 512 673 513 724 513 718 513 722 452 725 452 684 452 725 452 726 452 684 452 684 514 726 514 727 514 607 515 728 515 608 515 728 452 684 452 608 452 608 452 684 452 729 452 684 516 727 516 729 516 719 452 730 452 673 452 730 452 731 452 673 452 673 517 731 517 681 517 732 518 629 518 733 518 629 519 628 519 733 519 733 520 628 520 734 520 628 521 627 521 734 521 734 522 627 522 735 522 627 523 594 523 735 523 735 524 594 524 736 524 594 525 593 525 736 525 736 526 593 526 737 526 593 526 623 526 737 526 737 527 623 527 738 527 623 528 712 528 738 528 738 529 712 529 739 529 712 529 711 529 739 529 739 530 711 530 740 530 711 531 710 531 740 531 740 532 710 532 741 532 710 533 620 533 741 533 741 534 620 534 742 534 620 535 621 535 742 535 742 536 621 536 743 536 621 537 622 537 743 537 743 538 622 538 744 538 622 539 694 539 744 539 744 540 694 540 745 540 694 540 693 540 745 540 745 541 693 541 746 541 693 542 690 542 746 542 746 543 690 543 747 543 690 544 691 544 747 544 747 545 691 545 748 545 691 546 692 546 748 546 748 547 692 547 749 547 692 548 709 548 749 548 749 549 709 549 750 549 709 550 708 550 750 550 750 551 708 551 751 551 708 551 662 551 751 551 751 552 662 552 752 552 662 552 661 552 752 552 752 553 661 553 753 553 661 554 660 554 753 554 753 555 660 555 754 555 660 556 659 556 754 556 754 557 659 557 755 557 659 558 658 558 755 558 755 559 658 559 756 559 658 559 657 559 756 559 756 560 657 560 757 560 657 561 591 561 757 561 757 562 591 562 758 562 591 563 590 563 758 563 758 564 590 564 759 564 590 565 656 565 759 565 759 566 656 566 760 566 656 567 655 567 760 567 760 568 655 568 761 568 655 569 654 569 761 569 761 570 654 570 762 570 654 571 600 571 762 571 762 572 600 572 763 572 600 573 599 573 763 573 763 574 599 574 764 574 599 575 598 575 764 575 764 576 598 576 765 576 598 576 597 576 765 576 765 577 597 577 766 577 597 578 596 578 766 578 766 579 596 579 767 579 596 580 595 580 767 580 767 581 595 581 768 581 595 582 589 582 768 582 768 583 589 583 769 583 589 584 588 584 769 584 769 585 588 585 770 585 588 586 619 586 770 586 770 587 619 587 771 587 619 588 618 588 771 588 771 589 618 589 772 589 618 589 617 589 772 589 772 590 617 590 773 590 617 591 616 591 773 591 773 592 616 592 774 592 616 593 615 593 774 593 774 594 615 594 775 594 615 595 612 595 775 595 775 596 612 596 776 596 612 597 613 597 776 597 776 598 613 598 777 598 613 598 614 598 777 598 777 599 614 599 778 599 614 600 653 600 778 600 778 601 653 601 779 601 653 602 652 602 779 602 779 603 652 603 780 603 652 604 651 604 780 604 780 605 651 605 781 605 651 605 650 605 781 605 781 606 650 606 782 606 650 607 649 607 782 607 782 608 649 608 783 608 649 609 648 609 783 609 783 610 648 610 784 610 648 611 642 611 784 611 784 612 642 612 785 612 642 612 641 612 785 612 785 613 641 613 786 613 641 613 640 613 786 613 786 614 640 614 787 614 640 615 639 615 787 615 787 616 639 616 788 616 639 617 638 617 788 617 788 618 638 618 789 618 638 619 674 619 789 619 789 620 674 620 790 620 674 621 673 621 790 621 790 622 673 622 791 622 673 623 679 623 791 623 791 624 679 624 792 624 679 624 678 624 792 624 792 625 678 625 793 625 678 626 707 626 793 626 793 627 707 627 794 627 707 628 706 628 794 628 794 629 706 629 795 629 706 630 704 630 795 630 795 631 704 631 796 631 704 632 702 632 796 632 796 633 702 633 797 633 702 634 684 634 797 634 797 635 684 635 798 635 684 636 728 636 798 636 798 637 728 637 799 637 728 638 607 638 799 638 799 639 607 639 800 639 607 639 606 639 800 639 800 640 606 640 801 640 606 641 605 641 801 641 801 642 605 642 802 642 605 643 631 643 802 643 802 644 631 644 803 644 631 645 630 645 803 645 803 646 630 646 732 646 630 647 629 647 732 647 804 518 714 518 805 518 714 648 713 648 805 648 805 649 713 649 806 649 713 650 668 650 806 650 806 651 668 651 807 651 668 652 667 652 807 652 807 524 667 524 808 524 667 653 666 653 808 653 808 654 666 654 809 654 666 526 665 526 809 526 809 655 665 655 810 655 665 656 664 656 810 656 810 657 664 657 811 657 664 658 663 658 811 658 811 530 663 530 812 530 663 659 602 659 812 659 812 660 602 660 813 660 602 661 601 661 813 661 813 534 601 534 814 534 601 662 592 662 814 662 814 663 592 663 815 663 592 664 608 664 815 664 815 665 608 665 816 665 608 539 729 539 816 539 816 540 729 540 817 540 729 540 727 540 817 540 817 541 727 541 818 541 727 666 726 666 818 666 818 667 726 667 819 667 726 667 725 667 819 667 819 668 725 668 820 668 725 669 722 669 820 669 820 670 722 670 821 670 722 547 721 547 821 547 821 550 721 550 822 550 721 549 720 549 822 549 822 671 720 671 823 671 720 672 689 672 823 672 823 673 689 673 824 673 689 674 688 674 824 674 824 675 688 675 825 675 688 676 687 676 825 676 825 677 687 677 826 677 687 678 686 678 826 678 826 679 686 679 827 679 686 680 685 680 827 680 827 681 685 681 828 681 685 681 683 681 828 681 828 560 683 560 829 560 683 682 682 682 829 682 829 683 682 683 830 683 682 684 701 684 830 684 830 564 701 564 831 564 701 564 703 564 831 564 831 566 703 566 832 566 703 567 705 567 832 567 832 568 705 568 833 568 705 685 680 685 833 685 833 686 680 686 834 686 680 687 681 687 834 687 834 688 681 688 835 688 681 689 731 689 835 689 835 575 731 575 836 575 731 575 730 575 836 575 836 690 730 690 837 690 730 691 719 691 837 691 837 692 719 692 838 692 719 693 718 693 838 693 838 694 718 694 839 694 718 695 724 695 839 695 839 696 724 696 840 696 724 582 723 582 840 582 840 697 723 697 841 697 723 697 717 697 841 697 841 698 717 698 842 698 717 699 716 699 842 699 842 700 716 700 843 700 716 701 715 701 843 701 843 702 715 702 844 702 715 703 677 703 844 703 844 704 677 704 845 704 677 705 676 705 845 705 845 706 676 706 846 706 676 707 675 707 846 707 846 708 675 708 847 708 675 595 672 595 847 595 847 709 672 709 848 709 672 710 637 710 848 710 848 711 637 711 849 711 637 712 636 712 849 712 849 713 636 713 850 713 636 713 635 713 850 713 850 714 635 714 851 714 635 715 609 715 851 715 851 716 609 716 852 716 609 604 610 604 852 604 852 717 610 717 853 717 610 718 611 718 853 718 853 719 611 719 854 719 611 720 647 720 854 720 854 721 647 721 855 721 647 722 646 722 855 722 855 723 646 723 856 723 646 724 634 724 856 724 856 725 634 725 857 725 634 726 633 726 857 726 857 727 633 727 858 727 633 728 632 728 858 728 858 615 632 615 859 615 632 614 626 614 859 614 859 617 626 617 860 617 626 729 625 729 860 729 860 730 625 730 861 730 625 731 624 731 861 731 861 732 624 732 862 732 624 733 604 733 862 733 862 734 604 734 863 734 604 735 603 735 863 735 863 736 603 736 864 736 603 737 645 737 864 737 864 625 645 625 865 625 645 738 644 738 865 738 865 739 644 739 866 739 644 740 643 740 866 740 866 741 643 741 867 741 643 742 700 742 867 742 867 743 700 743 868 743 700 744 699 744 868 744 868 745 699 745 869 745 699 745 698 745 869 745 869 746 698 746 870 746 698 636 697 636 870 636 870 747 697 747 871 747 697 748 696 748 871 748 871 749 696 749 872 749 696 750 695 750 872 750 872 751 695 751 873 751 695 752 671 752 873 752 873 753 671 753 874 753 671 754 670 754 874 754 874 755 670 755 875 755 670 756 669 756 875 756 875 757 669 757 804 757 669 758 714 758 804 758 586 519 876 519 587 519 876 759 877 759 587 759 587 649 877 649 578 649 877 650 878 650 578 650 578 651 878 651 579 651 878 652 879 652 579 652 579 524 879 524 580 524 879 653 880 653 580 653 580 654 880 654 572 654 880 526 881 526 572 526 572 760 881 760 571 760 881 527 882 527 571 527 571 761 882 761 570 761 882 762 883 762 570 762 570 659 883 659 573 659 883 530 884 530 573 530 573 533 884 533 574 533 884 532 885 532 574 532 574 534 885 534 575 534 885 662 886 662 575 662 575 763 886 763 532 763 886 764 887 764 532 764 532 539 887 539 512 539 887 665 888 665 512 665 512 540 888 540 513 540 888 540 889 540 513 540 513 541 889 541 546 541 889 666 890 666 546 666 546 667 890 667 547 667 890 667 891 667 547 667 547 669 891 669 515 669 891 668 892 668 515 668 515 670 892 670 514 670 892 547 893 547 514 547 514 550 893 550 450 550 893 549 894 549 450 549 450 671 894 671 516 671 894 672 895 672 516 672 516 673 895 673 548 673 895 674 896 674 548 674 548 765 896 765 549 765 896 766 897 766 549 766 549 677 897 677 550 677 897 678 898 678 550 678 550 679 898 679 551 679 898 680 899 680 551 680 551 681 899 681 552 681 899 681 900 681 552 681 552 767 900 767 504 767 900 768 901 768 504 768 504 769 901 769 505 769 901 770 902 770 505 770 505 564 902 564 533 564 902 564 903 564 533 564 533 567 903 567 502 567 903 566 904 566 502 566 502 771 904 771 499 771 904 772 905 772 499 772 499 687 905 687 536 687 905 686 906 686 536 686 536 573 906 573 537 573 906 773 907 773 537 773 537 575 907 575 538 575 907 575 908 575 538 575 538 690 908 690 539 690 908 691 909 691 539 691 539 692 909 692 540 692 909 693 910 693 540 693 540 694 910 694 541 694 910 695 911 695 541 695 541 582 911 582 542 582 911 696 912 696 542 696 542 697 912 697 518 697 912 697 913 697 518 697 518 698 913 698 519 698 913 699 914 699 519 699 519 700 914 700 520 700 914 701 915 701 520 701 520 702 915 702 482 702 915 703 916 703 482 703 482 705 916 705 483 705 916 704 917 704 483 704 483 774 917 774 521 774 917 592 918 592 521 592 521 595 918 595 522 595 918 708 919 708 522 708 522 709 919 709 510 709 919 710 920 710 510 710 510 712 920 712 524 712 920 711 921 711 524 711 524 713 921 713 553 713 921 713 922 713 553 713 553 775 922 775 554 775 922 776 923 776 554 776 554 777 923 777 555 777 923 778 924 778 555 778 555 718 924 718 556 718 924 717 925 717 556 717 556 719 925 719 557 719 925 720 926 720 557 720 557 779 926 779 530 779 926 780 927 780 530 780 530 781 927 781 531 781 927 782 928 782 531 782 531 725 928 725 558 725 928 726 929 726 558 726 558 727 929 727 559 727 929 728 930 728 559 728 559 615 930 615 560 615 930 614 931 614 560 614 560 617 931 617 561 617 931 729 932 729 561 729 561 731 932 731 562 731 932 730 933 730 562 730 562 733 933 733 563 733 933 732 934 732 563 732 563 734 934 734 564 734 934 735 935 735 564 735 564 737 935 737 565 737 935 736 936 736 565 736 565 738 936 738 566 738 936 625 937 625 566 625 566 628 937 628 581 628 937 783 938 783 581 783 581 741 938 741 582 741 938 742 939 742 582 742 582 784 939 784 583 784 939 785 940 785 583 785 583 745 940 745 569 745 940 745 941 745 569 745 569 786 941 786 568 786 941 635 942 635 568 635 568 638 942 638 567 638 942 787 943 787 567 787 567 788 943 788 584 788 943 789 944 789 584 789 584 751 944 751 585 751 944 752 945 752 585 752 585 753 945 753 576 753 945 754 946 754 576 754 576 755 946 755 577 755 946 756 947 756 577 756 577 757 947 757 586 757 947 758 876 758 586 758 473 519 948 519 474 519 948 518 949 518 474 518 474 790 949 790 475 790 949 791 950 791 475 791 475 792 950 792 448 792 950 793 951 793 448 793 448 524 951 524 449 524 951 525 952 525 449 525 449 526 952 526 456 526 952 526 953 526 456 526 456 656 953 656 457 656 953 794 954 794 457 794 457 529 954 529 458 529 954 529 955 529 458 529 458 659 955 659 459 659 955 795 956 795 459 795 459 661 956 661 460 661 956 660 957 660 460 660 460 534 957 534 461 534 957 535 958 535 461 535 461 536 958 536 462 536 958 537 959 537 462 537 462 796 959 796 463 796 959 665 960 665 463 665 463 540 960 540 464 540 960 540 961 540 464 540 464 541 961 541 465 541 961 542 962 542 465 542 465 797 962 797 466 797 962 798 963 798 466 798 466 546 963 546 467 546 963 545 964 545 467 545 467 547 964 547 444 547 964 548 965 548 444 548 444 549 965 549 445 549 965 550 966 550 445 550 445 551 966 551 476 551 966 551 967 551 476 551 476 552 967 552 477 552 967 552 968 552 477 552 477 799 968 799 478 799 968 800 969 800 478 800 478 801 969 801 485 801 969 802 970 802 485 802 485 557 970 557 486 557 970 558 971 558 486 558 486 559 971 559 451 559 971 559 972 559 451 559 451 767 972 767 452 767 972 803 973 803 452 803 452 562 973 562 487 562 973 563 974 563 487 563 487 564 974 564 488 564 974 565 975 565 488 565 488 567 975 567 489 567 975 566 976 566 489 566 489 771 976 771 468 771 976 804 977 804 468 804 468 570 977 570 469 570 977 571 978 571 469 571 469 805 978 805 470 805 978 688 979 688 470 688 470 574 979 574 446 574 979 575 980 575 446 575 446 576 980 576 447 576 980 576 981 576 447 576 447 578 981 578 479 578 981 577 982 577 479 577 479 580 982 580 480 580 982 579 983 579 480 579 480 806 983 806 481 806 983 696 984 696 481 696 481 807 984 807 490 807 984 808 985 808 490 808 490 586 985 586 491 586 985 585 986 585 491 585 491 588 986 588 492 588 986 587 987 587 492 587 492 589 987 589 506 589 987 589 988 589 506 589 506 590 988 590 507 590 988 591 989 591 507 591 507 707 989 707 493 707 989 809 990 809 493 809 493 810 990 810 494 810 990 708 991 708 494 708 494 811 991 811 495 811 991 812 992 812 495 812 495 598 992 598 496 598 992 598 993 598 496 598 496 599 993 599 526 599 993 600 994 600 526 600 526 813 994 813 525 813 994 814 995 814 525 814 525 815 995 815 523 815 995 778 996 778 523 778 523 605 996 605 527 605 996 605 997 605 527 605 527 606 997 606 528 606 997 607 998 607 528 607 528 608 998 608 529 608 998 609 999 609 529 609 529 816 999 816 543 816 999 817 1000 817 543 817 543 612 1000 612 544 612 1000 612 1001 612 544 612 544 613 1001 613 545 613 1001 613 1002 613 545 613 545 614 1002 614 508 614 1002 615 1003 615 508 615 508 616 1003 616 509 616 1003 617 1004 617 509 617 509 619 1004 619 511 619 1004 618 1005 618 511 618 511 620 1005 620 484 620 1005 621 1006 621 484 621 484 622 1006 622 497 622 1006 623 1007 623 497 623 497 624 1007 624 498 624 1007 624 1008 624 498 624 498 738 1008 738 500 738 1008 818 1009 818 500 818 500 819 1009 819 501 819 1009 739 1010 739 501 739 501 629 1010 629 534 629 1010 630 1011 630 534 630 534 631 1011 631 535 631 1011 632 1012 632 535 632 535 820 1012 820 503 820 1012 821 1013 821 503 821 503 636 1013 636 517 636 1013 635 1014 635 517 635 517 822 1014 822 453 822 1014 747 1015 747 453 747 453 639 1015 639 454 639 1015 639 1016 639 454 639 454 640 1016 640 455 640 1016 641 1017 641 455 641 455 823 1017 823 471 823 1017 824 1018 824 471 824 471 825 1018 825 472 825 1018 826 1019 826 472 826 472 647 1019 647 473 647 1019 646 948 646 473 646 158 827 29 827 156 827 29 828 10 828 156 828 156 829 10 829 154 829 10 830 12 830 154 830 154 831 12 831 152 831 12 832 14 832 152 832 152 833 14 833 150 833 14 834 34 834 150 834 150 835 34 835 148 835 34 836 36 836 148 836 148 837 36 837 146 837 36 838 49 838 146 838 146 839 49 839 144 839 49 840 51 840 144 840 144 841 51 841 142 841 51 842 53 842 142 842 142 843 53 843 140 843 53 844 55 844 140 844 140 845 55 845 138 845 55 846 91 846 138 846 138 847 91 847 136 847 91 848 93 848 136 848 136 849 93 849 134 849 93 850 95 850 134 850 134 851 95 851 132 851 95 852 102 852 132 852 132 853 102 853 130 853 102 854 101 854 130 854 130 855 101 855 128 855 101 856 126 856 128 856 101 857 114 857 126 857 114 858 113 858 126 858 126 859 113 859 124 859 113 860 346 860 124 860 113 861 111 861 346 861 111 862 109 862 346 862 346 863 109 863 344 863 109 864 107 864 344 864 344 865 107 865 342 865 107 866 106 866 342 866 342 867 106 867 340 867 106 868 23 868 340 868 340 869 23 869 338 869 23 870 21 870 338 870 338 871 21 871 336 871 21 872 19 872 336 872 336 873 19 873 334 873 19 874 79 874 334 874 334 875 79 875 332 875 79 876 78 876 332 876 332 877 78 877 330 877 78 878 76 878 330 878 330 879 76 879 328 879 29 880 158 880 27 880 158 881 160 881 27 881 120 882 198 882 122 882 198 883 200 883 122 883 122 884 200 884 123 884 200 885 202 885 123 885 123 886 202 886 4 886 202 887 204 887 4 887 4 888 204 888 6 888 204 889 206 889 6 889 6 890 206 890 8 890 206 891 208 891 8 891 8 892 208 892 56 892 208 893 210 893 56 893 56 894 210 894 57 894 210 895 212 895 57 895 57 896 212 896 59 896 212 897 214 897 59 897 59 898 214 898 61 898 118 899 194 899 120 899 194 900 196 900 120 900 120 901 196 901 198 901 27 902 160 902 25 902 160 903 162 903 25 903 25 904 162 904 15 904 162 905 164 905 15 905 15 906 164 906 38 906 164 907 166 907 38 907 38 908 166 908 40 908 166 909 168 909 40 909 40 910 168 910 43 910 168 911 170 911 43 911 43 912 170 912 45 912 170 913 172 913 45 913 45 914 172 914 81 914 172 915 174 915 81 915 81 916 174 916 83 916 174 917 176 917 83 917 83 918 176 918 85 918 176 919 178 919 85 919 85 920 178 920 87 920 178 921 180 921 87 921 87 922 180 922 98 922 180 923 182 923 98 923 98 924 182 924 103 924 182 925 184 925 103 925 103 926 184 926 104 926 184 927 186 927 104 927 104 928 186 928 115 928 186 929 188 929 115 929 115 930 188 930 116 930 188 931 190 931 116 931 116 932 190 932 118 932 190 933 192 933 118 933 118 934 192 934 194 934 985 452 984 452 75 452 974 452 973 452 73 452 955 452 327 452 956 452 327 935 957 935 956 935 886 936 952 936 951 936 1005 452 1004 452 920 452 1003 937 1002 937 329 937 1002 938 1001 938 329 938 329 939 1001 939 1000 939 984 452 983 452 75 452 983 940 982 940 75 940 75 941 982 941 981 941 981 452 980 452 75 452 980 942 979 942 75 942 75 943 979 943 978 943 888 452 887 452 1013 452 329 944 923 944 922 944 991 452 75 452 992 452 75 945 993 945 992 945 991 452 990 452 75 452 990 452 989 452 75 452 75 946 989 946 988 946 988 452 987 452 75 452 987 452 986 452 75 452 75 947 986 947 985 947 957 452 327 452 958 452 327 948 73 948 958 948 958 452 73 452 959 452 935 949 934 949 329 949 951 452 950 452 886 452 950 950 949 950 886 950 886 951 949 951 948 951 948 452 1019 452 886 452 1019 952 1018 952 886 952 886 953 1018 953 1017 953 1017 452 1016 452 886 452 1016 954 1015 954 886 954 886 452 1015 452 887 452 1015 452 1014 452 887 452 887 955 1014 955 1013 955 931 956 930 956 329 956 930 957 929 957 329 957 955 452 954 452 886 452 954 452 953 452 886 452 886 958 953 958 952 958 934 452 933 452 329 452 933 452 932 452 329 452 329 959 932 959 931 959 918 452 917 452 1006 452 917 452 916 452 1006 452 922 452 921 452 329 452 921 960 920 960 329 960 329 961 920 961 1003 961 920 962 1004 962 1003 962 1000 452 999 452 329 452 999 963 998 963 329 963 329 964 998 964 997 964 997 965 996 965 329 965 996 966 995 966 329 966 329 967 995 967 75 967 995 452 994 452 75 452 75 968 994 968 993 968 978 452 977 452 75 452 977 452 976 452 75 452 75 452 976 452 73 452 976 452 975 452 73 452 73 969 975 969 974 969 973 452 972 452 73 452 972 452 971 452 73 452 73 970 971 970 970 970 970 971 969 971 73 971 969 452 968 452 73 452 73 972 968 972 967 972 955 452 886 452 327 452 886 973 885 973 327 973 327 974 885 974 884 974 884 452 883 452 327 452 883 452 882 452 327 452 327 975 882 975 881 975 881 452 880 452 327 452 880 452 879 452 327 452 327 976 879 976 878 976 938 452 937 452 329 452 937 452 936 452 329 452 329 977 936 977 935 977 1005 452 920 452 1006 452 920 452 919 452 1006 452 1006 978 919 978 918 978 916 452 915 452 1006 452 915 452 914 452 1006 452 1006 979 914 979 913 979 1013 980 901 980 900 980 929 452 928 452 329 452 928 452 927 452 329 452 329 981 927 981 926 981 926 982 925 982 329 982 925 983 924 983 329 983 329 984 924 984 923 984 962 985 73 985 963 985 73 986 964 986 963 986 962 452 961 452 73 452 961 452 960 452 73 452 73 987 960 987 959 987 947 452 946 452 327 452 946 452 945 452 327 452 913 988 912 988 1006 988 912 452 911 452 1006 452 1006 989 911 989 910 989 910 452 909 452 1006 452 909 452 908 452 1006 452 1006 990 908 990 907 990 1008 991 1007 991 905 991 1007 992 1006 992 905 992 905 452 1006 452 906 452 1006 993 907 993 906 993 901 994 1013 994 902 994 1013 452 1012 452 902 452 902 452 1012 452 903 452 1012 452 1011 452 903 452 903 452 1011 452 904 452 1011 452 1010 452 904 452 904 452 1010 452 905 452 1010 995 1009 995 905 995 905 996 1009 996 1008 996 967 997 966 997 73 997 966 998 965 998 73 998 73 999 965 999 964 999 945 452 944 452 327 452 944 452 943 452 327 452 327 1000 943 1000 942 1000 942 1001 941 1001 327 1001 941 1002 940 1002 327 1002 327 452 940 452 329 452 940 1003 939 1003 329 1003 329 1004 939 1004 938 1004 900 1005 899 1005 1013 1005 899 1006 898 1006 1013 1006 1013 1007 898 1007 897 1007 897 452 896 452 1013 452 896 452 895 452 1013 452 1013 1008 895 1008 894 1008 894 452 893 452 1013 452 893 452 892 452 1013 452 1013 452 892 452 891 452 878 1009 877 1009 327 1009 877 1010 876 1010 327 1010 327 1011 876 1011 947 1011 891 452 890 452 1013 452 890 1012 889 1012 1013 1012 1013 1013 889 1013 888 1013 749 1014 750 1014 62 1014 764 382 765 382 60 382 735 382 736 382 822 382 756 382 757 382 62 382 736 382 737 382 822 382 737 382 738 382 822 382 822 1015 738 1015 739 1015 740 382 741 382 62 382 741 387 742 387 62 387 62 1016 742 1016 743 1016 743 382 744 382 62 382 744 382 745 382 62 382 62 1017 745 1017 746 1017 746 1018 747 1018 62 1018 747 382 748 382 62 382 62 1019 748 1019 749 1019 761 1020 762 1020 60 1020 762 382 763 382 60 382 60 1021 763 1021 764 1021 796 382 797 382 830 382 798 1022 799 1022 822 1022 799 383 800 383 822 383 822 1023 800 1023 801 1023 801 382 802 382 822 382 802 1024 803 1024 822 1024 822 1025 803 1025 732 1025 732 382 733 382 822 382 733 382 734 382 822 382 822 1026 734 1026 735 1026 750 1027 751 1027 62 1027 751 382 752 382 62 382 62 1028 752 1028 753 1028 765 382 766 382 60 382 766 1029 767 1029 60 1029 60 1030 767 1030 768 1030 753 1031 754 1031 62 1031 754 382 755 382 62 382 62 1032 755 1032 756 1032 757 382 758 382 62 382 758 397 759 397 62 397 62 1033 759 1033 60 1033 759 382 760 382 60 382 60 1034 760 1034 761 1034 768 382 769 382 60 382 769 1035 770 1035 60 1035 60 1036 770 1036 771 1036 776 382 60 382 775 382 60 1037 774 1037 775 1037 791 1038 792 1038 833 1038 792 382 793 382 833 382 833 1039 793 1039 794 1039 771 382 772 382 60 382 772 1040 773 1040 60 1040 60 1041 773 1041 774 1041 787 382 788 382 848 382 850 382 215 382 849 382 215 419 60 419 849 419 739 382 740 382 822 382 740 382 62 382 822 382 822 382 62 382 821 382 62 1042 820 1042 821 1042 798 382 822 382 797 382 822 382 823 382 797 382 797 1043 823 1043 824 1043 824 382 825 382 797 382 825 382 826 382 797 382 797 1044 826 1044 827 1044 827 1045 828 1045 797 1045 828 382 829 382 797 382 797 1046 829 1046 830 1046 788 382 789 382 848 382 789 382 790 382 848 382 848 382 790 382 847 382 850 382 851 382 215 382 851 382 852 382 215 382 215 1047 852 1047 853 1047 853 1048 854 1048 215 1048 854 382 855 382 215 382 215 1049 855 1049 856 1049 796 382 830 382 795 382 830 382 831 382 795 382 795 382 831 382 794 382 831 382 832 382 794 382 794 1050 832 1050 833 1050 790 1051 838 1051 839 1051 776 382 777 382 60 382 777 382 778 382 60 382 60 382 778 382 849 382 778 382 779 382 849 382 849 1052 779 1052 780 1052 780 382 781 382 849 382 781 382 782 382 849 382 849 1053 782 1053 783 1053 871 1054 217 1054 870 1054 217 1055 869 1055 870 1055 791 1056 833 1056 790 1056 833 382 834 382 790 382 790 1057 834 1057 835 1057 844 382 790 382 843 382 790 1058 842 1058 843 1058 844 382 845 382 790 382 845 382 846 382 790 382 790 1059 846 1059 847 1059 783 382 784 382 849 382 784 382 785 382 849 382 849 382 785 382 848 382 785 382 786 382 848 382 848 1060 786 1060 787 1060 856 382 857 382 215 382 857 1061 858 1061 215 1061 215 1062 858 1062 859 1062 859 382 860 382 215 382 860 382 861 382 215 382 215 1063 861 1063 862 1063 862 1064 863 1064 215 1064 863 438 864 438 215 438 215 1065 864 1065 865 1065 217 1066 874 1066 875 1066 816 382 817 382 62 382 835 382 836 382 790 382 836 382 837 382 790 382 790 1067 837 1067 838 1067 839 382 840 382 790 382 840 1068 841 1068 790 1068 790 1069 841 1069 842 1069 865 382 866 382 215 382 866 382 867 382 215 382 215 1070 867 1070 217 1070 867 1071 868 1071 217 1071 217 1072 868 1072 869 1072 871 382 872 382 217 382 872 382 873 382 217 382 217 1073 873 1073 874 1073 808 382 217 382 807 382 217 1074 806 1074 807 1074 808 382 809 382 217 382 809 1075 810 1075 217 1075 217 1076 810 1076 811 1076 816 382 62 382 815 382 817 382 818 382 62 382 818 382 819 382 62 382 62 382 819 382 820 382 875 382 804 382 217 382 804 1077 805 1077 217 1077 217 1078 805 1078 806 1078 811 382 812 382 217 382 812 382 813 382 217 382 217 1079 813 1079 62 1079 813 382 814 382 62 382 62 1080 814 1080 815 1080 161 1081 28 1081 163 1081 28 1082 26 1082 163 1082 163 1083 26 1083 165 1083 26 1084 17 1084 165 1084 165 1085 17 1085 167 1085 17 1086 16 1086 167 1086 167 1087 16 1087 169 1087 16 1088 37 1088 169 1088 169 1089 37 1089 171 1089 37 1090 39 1090 171 1090 171 1091 39 1091 173 1091 39 1092 41 1092 173 1092 173 1093 41 1093 175 1093 41 1094 42 1094 175 1094 175 1095 42 1095 177 1095 42 1096 44 1096 177 1096 177 1097 44 1097 179 1097 44 1098 46 1098 179 1098 179 1099 46 1099 181 1099 46 1100 80 1100 181 1100 181 1101 80 1101 183 1101 80 1102 82 1102 183 1102 183 1103 82 1103 185 1103 82 1104 84 1104 185 1104 185 1105 84 1105 187 1105 84 1106 86 1106 187 1106 187 1107 86 1107 189 1107 86 1108 88 1108 189 1108 189 1109 88 1109 191 1109 88 1110 193 1110 191 1110 88 1111 97 1111 193 1111 97 1112 99 1112 193 1112 193 1113 99 1113 195 1113 99 1114 197 1114 195 1114 99 1115 105 1115 197 1115 105 1116 117 1116 197 1116 197 1117 117 1117 199 1117 117 1118 119 1118 199 1118 199 1119 119 1119 201 1119 119 1120 121 1120 201 1120 201 1121 121 1121 203 1121 121 1122 3 1122 203 1122 203 1123 3 1123 205 1123 3 1124 5 1124 205 1124 205 1125 5 1125 207 1125 5 1126 7 1126 207 1126 207 1127 7 1127 209 1127 7 1128 9 1128 209 1128 209 1129 9 1129 211 1129 9 1130 58 1130 211 1130 211 1131 58 1131 213 1131 58 1132 60 1132 213 1132 213 1133 60 1133 215 1133 161 175 159 175 28 175 159 1134 30 1134 28 1134 100 1135 345 1135 112 1135 345 1136 343 1136 112 1136 112 1137 343 1137 110 1137 343 1138 341 1138 110 1138 110 1139 341 1139 108 1139 341 1140 339 1140 108 1140 108 1141 339 1141 24 1141 339 1142 337 1142 24 1142 24 1143 337 1143 22 1143 337 1144 335 1144 22 1144 22 1145 335 1145 20 1145 335 1146 333 1146 20 1146 20 1147 333 1147 18 1147 333 1148 331 1148 18 1148 18 1149 331 1149 77 1149 331 1150 329 1150 77 1150 77 1151 329 1151 75 1151 96 1152 125 1152 100 1152 125 1153 347 1153 100 1153 100 1154 347 1154 345 1154 30 1155 159 1155 31 1155 159 1156 157 1156 31 1156 31 1157 157 1157 11 1157 157 1158 155 1158 11 1158 11 1159 155 1159 13 1159 155 1160 153 1160 13 1160 13 1161 153 1161 32 1161 153 1162 151 1162 32 1162 32 1163 151 1163 33 1163 151 1164 149 1164 33 1164 33 1165 149 1165 35 1165 149 1166 147 1166 35 1166 35 1167 147 1167 47 1167 147 1168 145 1168 47 1168 47 1169 145 1169 48 1169 145 1170 143 1170 48 1170 48 1171 143 1171 50 1171 143 1172 141 1172 50 1172 50 1173 141 1173 52 1173 141 1174 139 1174 52 1174 52 1175 139 1175 54 1175 139 1176 137 1176 54 1176 54 1177 137 1177 89 1177 137 1178 135 1178 89 1178 89 1179 135 1179 90 1179 135 1180 133 1180 90 1180 90 1181 133 1181 92 1181 133 1182 131 1182 92 1182 92 1183 131 1183 94 1183 131 1184 129 1184 94 1184 94 1185 129 1185 96 1185 129 1186 127 1186 96 1186 96 1187 127 1187 125 1187 268 1188 270 1188 350 1188 268 1189 350 1189 266 1189 350 1190 361 1190 266 1190 361 1191 363 1191 266 1191 266 1192 363 1192 264 1192 363 1193 262 1193 264 1193 363 1194 365 1194 262 1194 365 1195 383 1195 262 1195 262 1196 383 1196 260 1196 383 1197 258 1197 260 1197 383 1198 385 1198 258 1198 385 1199 393 1199 258 1199 258 1200 393 1200 256 1200 393 1201 254 1201 256 1201 393 1202 395 1202 254 1202 395 1203 397 1203 254 1203 254 1204 397 1204 252 1204 397 1205 250 1205 252 1205 397 1206 399 1206 250 1206 399 1207 414 1207 250 1207 250 1208 414 1208 248 1208 414 1209 246 1209 248 1209 414 1210 416 1210 246 1210 416 1211 418 1211 246 1211 246 1212 418 1212 244 1212 418 1213 242 1213 244 1213 418 1214 425 1214 242 1214 425 1215 424 1215 242 1215 242 1216 424 1216 240 1216 424 1217 238 1217 240 1217 424 1218 443 1218 238 1218 443 1219 442 1219 238 1219 238 1220 442 1220 236 1220 442 1221 234 1221 236 1221 356 1222 1 1222 0 1222 442 1223 440 1223 234 1223 440 1224 438 1224 234 1224 234 1225 438 1225 232 1225 438 1226 436 1226 232 1226 232 1227 436 1227 230 1227 436 1228 435 1228 230 1228 230 1229 435 1229 228 1229 435 1230 354 1230 228 1230 228 1231 354 1231 226 1231 354 1232 356 1232 226 1232 226 1233 356 1233 224 1233 356 1234 0 1234 224 1234 224 1235 0 1235 222 1235 0 1236 66 1236 222 1236 222 1237 66 1237 220 1237 66 1238 65 1238 220 1238 220 1239 65 1239 218 1239 65 1240 63 1240 218 1240 218 1241 63 1241 216 1241 366 1242 351 1242 272 1242 370 1243 358 1243 276 1243 387 1244 372 1244 280 1244 401 1245 389 1245 284 1245 405 1246 403 1246 288 1246 410 1247 407 1247 292 1247 421 1248 420 1248 296 1248 427 1249 426 1249 300 1249 68 1250 67 1250 379 1250 318 1251 320 1251 68 1251 320 1252 322 1252 68 1252 68 1253 322 1253 70 1253 322 1254 324 1254 70 1254 70 1255 324 1255 72 1255 324 1256 326 1256 72 1256 72 1257 326 1257 74 1257 68 1258 379 1258 318 1258 379 1259 377 1259 318 1259 318 1260 377 1260 316 1260 377 1261 375 1261 316 1261 316 1262 375 1262 314 1262 375 1263 434 1263 314 1263 314 1264 434 1264 312 1264 434 1265 433 1265 312 1265 312 1266 433 1266 310 1266 433 1267 431 1267 310 1267 310 1268 431 1268 308 1268 427 1269 300 1269 429 1269 300 1270 302 1270 429 1270 302 1271 304 1271 429 1271 429 1272 304 1272 431 1272 304 1273 306 1273 431 1273 431 1274 306 1274 308 1274 421 1275 296 1275 426 1275 296 1276 298 1276 426 1276 426 1277 298 1277 300 1277 410 1278 292 1278 420 1278 292 1279 294 1279 420 1279 420 1280 294 1280 296 1280 405 1281 288 1281 407 1281 288 1282 290 1282 407 1282 407 1283 290 1283 292 1283 401 1284 284 1284 403 1284 284 1285 286 1285 403 1285 403 1286 286 1286 288 1286 387 1287 280 1287 389 1287 280 1288 282 1288 389 1288 389 1289 282 1289 284 1289 370 1290 276 1290 372 1290 276 1291 278 1291 372 1291 372 1292 278 1292 280 1292 366 1293 272 1293 358 1293 272 1294 274 1294 358 1294 358 1295 274 1295 276 1295</p>
        </triangles>
      </mesh>
    </geometry>
  </library_geometries>
  <library_visual_scenes>
    <visual_scene id="Scene" name="Scene">
      <node id="chassis_default_as_machined__18" name="chassis_default_as_machined__18" type="NODE">
        <matrix sid="transform">1 0 0 0 0 1 0 0 0 0 1 0 0 0 0 1</matrix>
        <instance_geometry url="#chassis_default_as_machined__18-mesh" name="chassis_default_as_machined__18"/>
      </node>
    </visual_scene>
  </library_visual_scenes>
  <scene>
    <instance_visual_scene url="#Scene"/>
  </scene>
</COLLADA>