<?xml version="1.0" encoding="utf-8"?>
<COLLADA xmlns="http://www.collada.org/2005/11/COLLADASchema" version="1.4.1" xmlns:xsi="http://www.w3.org/2001/XMLSchema-instance">
  <asset>
    <contributor>
      <author>Blender User</author>
      <authoring_tool>Blender 3.0.1</authoring_tool>
    </contributor>
    <created>2026-06-04T16:18:35</created>
    <modified>2026-06-04T16:18:35</modified>
    <unit name="meter" meter="1"/>
    <up_axis>Z_UP</up_axis>
  </asset>
  <library_images/>
  <library_geometries>
    <geometry id="chassis_default_as_machined__23-mesh" name="chassis_default_as_machined__23">
      <mesh>
        <source id="chassis_default_as_machined__23-mesh-positions">
          <float_array id="chassis_default_as_machined__23-mesh-positions-array" count="3060">-0.5876886 0.01499998 1.89041e-4 -0.5877283 0.01499998 0 -0.5850629 0.01499998 0 -0.614921 0.01499998 0.03013628 -0.6123114 0.01499998 0.02981096 -0.6148228 0.01499998 0.03076261 -0.6122432 0.01499998 0.03011685 -0.6146864 0.01499998 0.03137445 -0.6121564 0.01499998 0.03041321 -0.6145128 0.01499998 0.03196716 -0.6099134 0.01499998 0.03253275 -0.6102532 0.01499998 0.0361852 -0.6100266 0.01499998 0.03252226 -0.6104788 0.01499998 0.03615027 -0.6101394 0.01499998 0.03250473 -0.5899734 0.01499998 0.03252226 -0.5895213 0.01499998 0.03615027 -0.5897468 0.01499998 0.0361852 -0.5854872 0.01499998 0.03196716 -0.5879483 0.01499998 0.03069776 -0.5853136 0.01499998 0.03137445 -0.5878436 0.01499998 0.03041321 -0.5851772 0.01499998 0.03076261 -0.5877568 0.01499998 0.03011685 -0.585079 0.01499998 0.03013628 -0.5900866 0.01499998 0.03253275 -0.5899732 0.01499998 0.03620618 -0.5902 0.01499998 0.0325362 -0.5902 0.01499998 0.03621315 -0.6098 0.01499998 0.0325362 -0.6098 0.01499998 0.03621315 -0.6100268 0.01499998 0.03620618 -0.610703 0.01499998 0.03610146 -0.6109255 0.01499998 0.03603887 -0.6102515 0.01499998 0.03248035 -0.6111459 0.01499998 0.03596258 -0.6103628 0.01499998 0.03244906 -0.5892971 0.01499998 0.03610146 -0.5898606 0.01499998 0.03250473 -0.5890745 0.01499998 0.03603887 -0.5897485 0.01499998 0.03248035 -0.5888541 0.01499998 0.03596258 -0.5886363 0.01499998 0.03587281 -0.5896373 0.01499998 0.03244906 -0.5884215 0.01499998 0.0357697 -0.5895271 0.01499998 0.03241091 -0.5882101 0.01499998 0.03565341 -0.6113637 0.01499998 0.03587281 -0.6115785 0.01499998 0.0357697 -0.6104729 0.01499998 0.03241091 -0.61179 0.01499998 0.03565341 -0.6105818 0.01499998 0.03236603 -0.6119976 0.01499998 0.03552418 -0.6106892 0.01499998 0.03231447 -0.6122011 0.01499998 0.03538227 -0.610795 0.01499998 0.0322563 -0.6122717 0.01499998 0 -0.6123114 0.01499998 1.89041e-4 -0.6149371 0.01499998 0 -0.6123605 0.01499998 5.0221e-4 -0.6149802 0.01499998 4.99772e-4 -0.6123901 0.01499998 8.20239e-4 -0.615 0.01499998 0.001140654 -0.6124 0.01499998 0.001140654 -0.615 0.01499998 0.02885925 -0.6124 0.01499998 0.02885925 -0.6149802 0.01499998 0.02950018 -0.6123901 0.01499998 0.02917975 -0.6123605 0.01499998 0.02949774 -0.5876886 0.01499998 0.02981096 -0.5876395 0.01499998 0.02949774 -0.5850198 0.01499998 0.02950018 -0.5876099 0.01499998 0.02917975 -0.585 0.01499998 0.02885925 -0.5876 0.01499998 0.02885925 -0.585 0.01499998 0.001140654 -0.5876 0.01499998 0.001140654 -0.5850198 0.01499998 4.99772e-4 -0.5876099 0.01499998 8.20239e-4 -0.5876395 0.01499998 5.0221e-4 -0.5880024 0.01499998 0.03552418 -0.5894182 0.01499998 0.03236603 -0.5877989 0.01499998 0.03538227 -0.5893108 0.01499998 0.03231447 -0.5876 0.01499998 0.03522795 -0.589205 0.01499998 0.0322563 -0.587406 0.01499998 0.03506147 -0.5891012 0.01499998 0.03219169 -0.5872174 0.01499998 0.03488326 -0.6124 0.01499998 0.03522795 -0.612594 0.01499998 0.03506147 -0.6108988 0.01499998 0.03219169 -0.6127826 0.01499998 0.03488326 -0.6110005 0.01499998 0.03212076 -0.6129656 0.01499998 0.03469353 -0.6111 0.01499998 0.03204357 -0.6131425 0.01499998 0.03449267 -0.5870345 0.01499998 0.03469353 -0.5889995 0.01499998 0.03212076 -0.5868575 0.01499998 0.03449267 -0.6134769 0.01499998 0.03405928 -0.6112913 0.01499998 0.03187125 -0.611197 0.01499998 0.03196036 -0.5889 0.01499998 0.03204357 -0.588803 0.01499998 0.03196036 -0.5865231 0.01499998 0.03405928 -0.6120517 0.01499998 0.03069776 -0.6119298 0.01499998 0.0309683 -0.6143034 0.01499998 0.0325362 -0.6117917 0.01499998 0.03122276 -0.6140596 0.01499998 0.03307729 -0.6116385 0.01499998 0.03145927 -0.6137834 0.01499998 0.03358626 -0.6114712 0.01499998 0.03167599 -0.6113828 0.01499998 0.03177636 -0.5887087 0.01499998 0.03187125 -0.5886172 0.01499998 0.03177636 -0.5862166 0.01499998 0.03358626 -0.5885288 0.01499998 0.03167599 -0.5859404 0.01499998 0.03307729 -0.5883615 0.01499998 0.03145927 -0.5856967 0.01499998 0.0325362 -0.5882083 0.01499998 0.03122276 -0.5880702 0.01499998 0.0309683 -0.6115565 0.1158114 0.09924119 -0.6133131 0.1168958 0.09761464 -0.6116385 0.115767 0.09930777 -0.6134769 0.1168071 0.09774774 -0.6117917 0.1156724 0.09944963 -0.6137834 0.1166179 0.09803152 -0.6119298 0.1155707 0.09960234 -0.6140596 0.1164143 0.09833693 -0.6120517 0.1154624 0.09976464 -0.6143034 0.1161978 0.0986616 -0.6121564 0.1153486 0.09993541 -0.6145128 0.1159702 0.09900301 -0.6122432 0.1152301 0.1001132 -0.6146864 0.1157331 0.09935861 -0.6123114 0.1151077 0.1002967 -0.6148228 0.1154884 0.09972572 -0.6123605 0.1149824 0.1004846 -0.614921 0.1152378 0.1001015 -0.6123901 0.1148552 0.1006755 -0.6149802 0.1149834 0.1004832 -0.6124 0.114727 0.1008678 -0.615 0.114727 0.1008678 -0.6124 0.1036396 0.1174989 -0.615 0.1036396 0.1174989 -0.6123901 0.1035114 0.1176912 -0.6149802 0.1033833 0.1178835 -0.6123605 0.1033842 0.117882 -0.614921 0.1031288 0.1182651 -0.6123114 0.1032589 0.1180699 -0.6148228 0.1028783 0.1186409 -0.6122432 0.1031365 0.1182535 -0.6146864 0.1026335 0.119008 -0.6121564 0.1030181 0.1184313 -0.6145128 0.1023964 0.1193636 -0.6120517 0.1029042 0.118602 -0.6143034 0.1021688 0.1197051 -0.6119298 0.102796 0.1187643 -0.6140596 0.1019524 0.1200297 -0.6117917 0.1026942 0.118917 -0.6137834 0.1017488 0.1203351 -0.6116385 0.1025996 0.1190589 -0.6134769 0.1015596 0.1206189 -0.6115565 0.1025552 0.1191254 -0.6133131 0.1014708 0.120752 -0.6114712 0.1025129 0.1191889 -0.6131425 0.1013863 0.1208789 -0.6113828 0.1024727 0.1192492 -0.6129656 0.1013059 0.1209995 -0.6112913 0.1024348 0.1193061 -0.6127826 0.10123 0.1211133 -0.611197 0.1023992 0.1193596 -0.612594 0.1011587 0.1212202 -0.6111 0.1023659 0.1194095 -0.6124 0.1010921 0.1213201 -0.6110005 0.102335 0.1194558 -0.6122011 0.1010304 0.1214127 -0.6108988 0.1023066 0.1194984 -0.6119976 0.1009736 0.1214978 -0.610795 0.1022808 0.1195371 -0.61179 0.1009219 0.1215754 -0.6106892 0.1022575 0.119572 -0.6115785 0.1008754 0.1216452 -0.6105818 0.1022369 0.119603 -0.6113637 0.1008342 0.121707 -0.6104729 0.1022189 0.1196299 -0.6111459 0.1007983 0.1217609 -0.6103628 0.1022037 0.1196528 -0.6109255 0.1007677 0.1218066 -0.6102515 0.1021912 0.1196715 -0.610703 0.1007427 0.1218442 -0.6101394 0.1021814 0.1196862 -0.6104788 0.1007232 0.1218735 -0.6100266 0.1021744 0.1196967 -0.6102532 0.1007092 0.1218944 -0.6099134 0.1021702 0.1197029 -0.6100268 0.1007009 0.1219071 -0.6098 0.1021688 0.1197051 -0.6098 0.1006981 0.1219112 -0.5902 0.1021688 0.1197051 -0.5902 0.1006981 0.1219112 -0.5900866 0.1021702 0.1197029 -0.5899732 0.1007009 0.1219071 -0.5899734 0.1021744 0.1196967 -0.5897468 0.1007092 0.1218944 -0.5898606 0.1021814 0.1196862 -0.5895213 0.1007232 0.1218735 -0.5897485 0.1021912 0.1196715 -0.5892971 0.1007427 0.1218442 -0.5896373 0.1022037 0.1196528 -0.5890745 0.1007677 0.1218066 -0.5895271 0.1022189 0.1196299 -0.5888541 0.1007983 0.1217609 -0.5894182 0.1022369 0.119603 -0.5886363 0.1008342 0.121707 -0.5893108 0.1022575 0.119572 -0.5884215 0.1008754 0.1216452 -0.589205 0.1022808 0.1195371 -0.5882101 0.1009219 0.1215754 -0.5891012 0.1023066 0.1194984 -0.5880024 0.1009736 0.1214978 -0.5889995 0.102335 0.1194558 -0.5877989 0.1010304 0.1214127 -0.5889 0.1023659 0.1194095 -0.5876 0.1010921 0.1213201 -0.588803 0.1023992 0.1193596 -0.587406 0.1011587 0.1212202 -0.5887087 0.1024348 0.1193061 -0.5872174 0.10123 0.1211133 -0.5886172 0.1024727 0.1192492 -0.5870345 0.1013059 0.1209995 -0.5885288 0.1025129 0.1191889 -0.5868575 0.1013863 0.1208789 -0.5884435 0.1025552 0.1191254 -0.5866869 0.1014708 0.120752 -0.5883615 0.1025996 0.1190589 -0.5865231 0.1015596 0.1206189 -0.5882083 0.1026942 0.118917 -0.5862166 0.1017488 0.1203351 -0.5880702 0.102796 0.1187643 -0.5859404 0.1019524 0.1200297 -0.5879483 0.1029042 0.118602 -0.5856967 0.1021688 0.1197051 -0.5878436 0.1030181 0.1184313 -0.5854872 0.1023964 0.1193636 -0.5877568 0.1031365 0.1182535 -0.5853136 0.1026335 0.119008 -0.5876886 0.1032589 0.1180699 -0.5851772 0.1028783 0.1186409 -0.5876395 0.1033842 0.117882 -0.585079 0.1031288 0.1182651 -0.5876099 0.1035114 0.1176912 -0.5850198 0.1033833 0.1178835 -0.5876 0.1036396 0.1174989 -0.585 0.1036396 0.1174989 -0.5876 0.114727 0.1008678 -0.585 0.114727 0.1008678 -0.5876099 0.1148552 0.1006755 -0.5850198 0.1149834 0.1004832 -0.5876395 0.1149824 0.1004846 -0.585079 0.1152378 0.1001015 -0.5876886 0.1151077 0.1002967 -0.5851772 0.1154884 0.09972572 -0.5877568 0.1152301 0.1001132 -0.5853136 0.1157331 0.09935861 -0.5878436 0.1153486 0.09993541 -0.5854872 0.1159702 0.09900301 -0.5879483 0.1154624 0.09976464 -0.5856967 0.1161978 0.0986616 -0.5880702 0.1155707 0.09960234 -0.5859404 0.1164143 0.09833693 -0.5882083 0.1156724 0.09944963 -0.5862166 0.1166179 0.09803152 -0.5883615 0.115767 0.09930777 -0.5865231 0.1168071 0.09774774 -0.5884435 0.1158114 0.09924119 -0.5866869 0.1168958 0.09761464 -0.5885288 0.1158537 0.09917771 -0.5868575 0.1169804 0.09748768 -0.5886172 0.1158939 0.09911745 -0.5870345 0.1170607 0.09736722 -0.5887087 0.1159318 0.09906053 -0.5872174 0.1171366 0.09725338 -0.588803 0.1159675 0.09900707 -0.587406 0.117208 0.09714639 -0.5889 0.1160008 0.09895712 -0.5876 0.1172745 0.09704655 -0.5889995 0.1160317 0.09891086 -0.5877989 0.1173362 0.09695392 -0.5891012 0.11606 0.09886825 -0.5880024 0.117393 0.09686881 -0.589205 0.1160858 0.0988295 -0.5882101 0.1174447 0.09679126 -0.5893108 0.1161091 0.09879463 -0.5884215 0.1174912 0.09672152 -0.5894182 0.1161298 0.0987637 -0.5886363 0.1175324 0.0966596 -0.5895271 0.1161477 0.09873676 -0.5888541 0.1175684 0.09660577 -0.5896373 0.116163 0.09871387 -0.5890745 0.1175989 0.09656 -0.5897485 0.1161755 0.09869509 -0.5892971 0.1176239 0.09652245 -0.5898606 0.1161853 0.09868043 -0.5895213 0.1176434 0.09649312 -0.5899734 0.1161922 0.09866994 -0.5897468 0.1176574 0.0964722 -0.5900866 0.1161964 0.09866368 -0.5899732 0.1176658 0.09645962 -0.5902 0.1161978 0.0986616 -0.5902 0.1176686 0.09645539 -0.6098 0.1161978 0.0986616 -0.6098 0.1176686 0.09645539 -0.6099134 0.1161964 0.09866368 -0.6100268 0.1176658 0.09645962 -0.6100266 0.1161922 0.09866994 -0.6102532 0.1176574 0.0964722 -0.6101394 0.1161853 0.09868043 -0.6104788 0.1176434 0.09649312 -0.6102515 0.1161755 0.09869509 -0.610703 0.1176239 0.09652245 -0.6103628 0.116163 0.09871387 -0.6109255 0.1175989 0.09656 -0.6104729 0.1161477 0.09873676 -0.6111459 0.1175684 0.09660577 -0.6105818 0.1161298 0.0987637 -0.6113637 0.1175324 0.0966596 -0.6106892 0.1161091 0.09879463 -0.6115785 0.1174912 0.09672152 -0.610795 0.1160858 0.0988295 -0.61179 0.1174447 0.09679126 -0.6108988 0.11606 0.09886825 -0.6119976 0.117393 0.09686881 -0.6110005 0.1160317 0.09891086 -0.6122011 0.1173362 0.09695392 -0.6111 0.1160008 0.09895712 -0.6124 0.1172745 0.09704655 -0.611197 0.1159675 0.09900707 -0.612594 0.117208 0.09714639 -0.6112913 0.1159318 0.09906053 -0.6127826 0.1171366 0.09725338 -0.6113828 0.1158939 0.09911745 -0.6129656 0.1170607 0.09736722 -0.6114712 0.1158537 0.09917771 -0.6131425 0.1169804 0.09748768 -0.5902 0.01753622 0 -0.6098 0.01753622 0 -0.6098 0.02121317 0 -0.5902 0.02121317 0 -0.5854872 0.01696717 0 -0.5853136 0.01637446 0 -0.5878436 0.01541322 0 -0.585079 0.0151357 0 -0.5877568 0.01511687 0 -0.5851772 0.01576262 0 -0.5900866 0.0175327 0 -0.5897468 0.02118521 0 -0.5899734 0.01752221 0 -0.5895213 0.02115029 0 -0.5898606 0.01750475 0 -0.6100266 0.01752221 0 -0.6104788 0.02115029 0 -0.6102532 0.02118521 0 -0.6099134 0.0175327 0 -0.6100268 0.0212062 0 -0.5899732 0.0212062 0 -0.6145128 0.01696717 0 -0.6120517 0.01569771 0 -0.6146864 0.01637446 0 -0.6121564 0.01541322 0 -0.6148228 0.01576262 0 -0.6122432 0.01511687 0 -0.6149211 0.0151357 0 -0.5892971 0.02110147 0 -0.5890745 0.02103888 0 -0.5897485 0.01748037 0 -0.5888541 0.02096259 0 -0.5896373 0.01744908 0 -0.610703 0.02110147 0 -0.6101394 0.01750475 0 -0.6109255 0.02103888 0 -0.6102515 0.01748037 0 -0.6111459 0.02096259 0 -0.6113637 0.02087283 0 -0.6103628 0.01744908 0 -0.6115785 0.02076965 0 -0.6104729 0.01741093 0 -0.61179 0.02065342 0 -0.5886363 0.02087283 0 -0.5884215 0.02076965 0 -0.5895271 0.01741093 0 -0.5882101 0.02065342 0 -0.5894182 0.01736605 0 -0.5880024 0.0205242 0 -0.5893108 0.01731449 0 -0.5877989 0.02038228 0 -0.589205 0.01725631 0 -0.6119976 0.0205242 0 -0.6105818 0.01736605 0 -0.6122011 0.02038228 0 -0.6106892 0.01731449 0 -0.6124 0.02022796 0 -0.610795 0.01725631 0 -0.612594 0.02006149 0 -0.6108988 0.0171917 0 -0.6127826 0.01988321 0 -0.5876 0.02022796 0 -0.587406 0.02006149 0 -0.5891012 0.0171917 0 -0.5872174 0.01988321 0 -0.5889995 0.01712077 0 -0.5870345 0.01969349 0 -0.5889 0.01704359 0 -0.5868575 0.01949268 0 -0.6129656 0.01969349 0 -0.6110005 0.01712077 0 -0.6131425 0.01949268 0 -0.5865231 0.01905924 0 -0.5887087 0.01687127 0 -0.588803 0.01696038 0 -0.6111 0.01704359 0 -0.611197 0.01696038 0 -0.6134769 0.01905924 0 -0.5879483 0.01569771 0 -0.5880702 0.01596826 0 -0.5856967 0.01753622 0 -0.5882083 0.01622277 0 -0.5859404 0.01807731 0 -0.5883615 0.01645928 0 -0.5862166 0.01858627 0 -0.5885288 0.016676 0 -0.5886172 0.01677638 0 -0.6112913 0.01687127 0 -0.6113828 0.01677638 0 -0.6137834 0.01858627 0 -0.6114712 0.016676 0 -0.6140596 0.01807731 0 -0.6116385 0.01645928 0 -0.6143034 0.01753622 0 -0.6117917 0.01622277 0 -0.6119298 0.01596826 0 -0.6124 0.05016112 0.04616111 -0.615 0.05016112 0.04616111 -0.6124 0.05014592 0.04581254 -0.615 0.05014592 0.04581254 -0.6124 0.05010038 0.04546654 -0.615 0.05010038 0.04546654 -0.6124 0.05002486 0.04512584 -0.615 0.05002486 0.04512584 -0.6124 0.0499199 0.04479306 -0.615 0.0499199 0.04479306 -0.6124 0.04978638 0.04447066 -0.615 0.04978638 0.04447066 -0.6124 0.04962521 0.04416114 -0.615 0.04962521 0.04416114 -0.6124 0.04943776 0.04386681 -0.615 0.04943776 0.04386681 -0.6124 0.04922533 0.04359 -0.615 0.04922533 0.04359 -0.6124 0.04898959 0.04333269 -0.615 0.04898959 0.04333269 -0.6124 0.04873228 0.04309695 -0.615 0.04873228 0.04309695 -0.6124 0.04845541 0.04288452 -0.615 0.04845541 0.04288452 -0.6124 0.04816114 0.04269701 -0.615 0.04816114 0.04269701 -0.6124 0.04785162 0.0425359 -0.615 0.04785162 0.0425359 -0.6124 0.04752922 0.04240238 -0.615 0.04752922 0.04240238 -0.6124 0.04719638 0.04229742 -0.615 0.04719638 0.04229742 -0.6124 0.04685574 0.0422219 -0.615 0.04685574 0.0422219 -0.6124 0.04650974 0.04217636 -0.615 0.04650974 0.04217636 -0.6124 0.04616111 0.04216116 -0.615 0.04616111 0.04216116 -0.6124 0.04581254 0.04217636 -0.615 0.04581254 0.04217636 -0.6124 0.04546654 0.0422219 -0.615 0.04546654 0.0422219 -0.6124 0.04512584 0.04229742 -0.615 0.04512584 0.04229742 -0.6124 0.04479306 0.04240238 -0.615 0.04479306 0.04240238 -0.6124 0.04447066 0.0425359 -0.615 0.04447066 0.0425359 -0.6124 0.04416114 0.04269701 -0.615 0.04416114 0.04269701 -0.6124 0.04386681 0.04288452 -0.615 0.04386681 0.04288452 -0.6124 0.04359 0.04309695 -0.615 0.04359 0.04309695 -0.6124 0.04333269 0.04333269 -0.615 0.04333269 0.04333269 -0.6124 0.04309695 0.04359 -0.615 0.04309695 0.04359 -0.6124 0.04288452 0.04386681 -0.615 0.04288452 0.04386681 -0.6124 0.04269701 0.04416114 -0.615 0.04269701 0.04416114 -0.6124 0.0425359 0.04447066 -0.615 0.0425359 0.04447066 -0.6124 0.04240238 0.04479306 -0.615 0.04240238 0.04479306 -0.6124 0.04229742 0.04512584 -0.615 0.04229742 0.04512584 -0.6124 0.0422219 0.04546654 -0.615 0.0422219 0.04546654 -0.6124 0.04217636 0.04581254 -0.615 0.04217636 0.04581254 -0.6124 0.04216116 0.04616111 -0.615 0.04216116 0.04616111 -0.6124 0.04217636 0.04650974 -0.615 0.04217636 0.04650974 -0.6124 0.0422219 0.04685574 -0.615 0.0422219 0.04685574 -0.6124 0.04229742 0.04719638 -0.615 0.04229742 0.04719638 -0.6124 0.04240238 0.04752922 -0.615 0.04240238 0.04752922 -0.6124 0.0425359 0.04785162 -0.615 0.0425359 0.04785162 -0.6124 0.04269701 0.04816114 -0.615 0.04269701 0.04816114 -0.6124 0.04288452 0.04845541 -0.615 0.04288452 0.04845541 -0.6124 0.04309695 0.04873228 -0.615 0.04309695 0.04873228 -0.6124 0.04333269 0.04898959 -0.615 0.04333269 0.04898959 -0.6124 0.04359 0.04922533 -0.615 0.04359 0.04922533 -0.6124 0.04386681 0.04943776 -0.615 0.04386681 0.04943776 -0.6124 0.04416114 0.04962521 -0.615 0.04416114 0.04962521 -0.6124 0.04447066 0.04978638 -0.615 0.04447066 0.04978638 -0.6124 0.04479306 0.0499199 -0.615 0.04479306 0.0499199 -0.6124 0.04512584 0.05002486 -0.615 0.04512584 0.05002486 -0.6124 0.04546654 0.05010038 -0.615 0.04546654 0.05010038 -0.6124 0.04581254 0.05014592 -0.615 0.04581254 0.05014592 -0.6124 0.04616111 0.05016112 -0.615 0.04616111 0.05016112 -0.6124 0.04650974 0.05014592 -0.615 0.04650974 0.05014592 -0.6124 0.04685574 0.05010038 -0.615 0.04685574 0.05010038 -0.6124 0.04719638 0.05002486 -0.615 0.04719638 0.05002486 -0.6124 0.04752922 0.0499199 -0.615 0.04752922 0.0499199 -0.6124 0.04785162 0.04978638 -0.615 0.04785162 0.04978638 -0.6124 0.04816114 0.04962521 -0.615 0.04816114 0.04962521 -0.6124 0.04845541 0.04943776 -0.615 0.04845541 0.04943776 -0.6124 0.04873228 0.04922533 -0.615 0.04873228 0.04922533 -0.6124 0.04898959 0.04898959 -0.615 0.04898959 0.04898959 -0.6124 0.04922533 0.04873228 -0.615 0.04922533 0.04873228 -0.6124 0.04943776 0.04845541 -0.615 0.04943776 0.04845541 -0.6124 0.04962521 0.04816114 -0.615 0.04962521 0.04816114 -0.6124 0.04978638 0.04785162 -0.615 0.04978638 0.04785162 -0.6124 0.0499199 0.04752922 -0.615 0.0499199 0.04752922 -0.6124 0.05002486 0.04719638 -0.615 0.05002486 0.04719638 -0.6124 0.05010038 0.04685574 -0.615 0.05010038 0.04685574 -0.6124 0.05014592 0.04650974 -0.615 0.05014592 0.04650974 -0.585 0.06783878 0.06383883 -0.5876 0.06783878 0.06383883 -0.585 0.06782358 0.06349021 -0.5876 0.06782358 0.06349021 -0.585 0.06777805 0.0631442 -0.5876 0.06777805 0.0631442 -0.585 0.06770253 0.06280356 -0.5876 0.06770253 0.06280356 -0.585 0.06759756 0.06247073 -0.5876 0.06759756 0.06247073 -0.585 0.06746405 0.06214833 -0.5876 0.06746405 0.06214833 -0.585 0.06730294 0.0618388 -0.5876 0.06730294 0.0618388 -0.585 0.06711542 0.06154447 -0.5876 0.06711542 0.06154447 -0.585 0.06690299 0.06126767 -0.5876 0.06690299 0.06126767 -0.585 0.06666725 0.06101036 -0.5876 0.06666725 0.06101036 -0.585 0.06640994 0.06077462 -0.5876 0.06640994 0.06077462 -0.585 0.06613314 0.06056219 -0.5876 0.06613314 0.06056219 -0.585 0.06583881 0.06037473 -0.5876 0.06583881 0.06037473 -0.585 0.06552928 0.06021356 -0.5876 0.06552928 0.06021356 -0.585 0.06520688 0.06008005 -0.5876 0.06520688 0.06008005 -0.585 0.06487411 0.05997508 -0.5876 0.06487411 0.05997508 -0.585 0.06453341 0.05989956 -0.5876 0.06453341 0.05989956 -0.585 0.06418746 0.05985403 -0.5876 0.06418746 0.05985403 -0.585 0.06383883 0.05983883 -0.5876 0.06383883 0.05983883 -0.585 0.06349021 0.05985403 -0.5876 0.06349021 0.05985403 -0.585 0.0631442 0.05989956 -0.5876 0.0631442 0.05989956 -0.585 0.06280356 0.05997508 -0.5876 0.06280356 0.05997508 -0.585 0.06247073 0.06008005 -0.5876 0.06247073 0.06008005 -0.585 0.06214833 0.06021356 -0.5876 0.06214833 0.06021356 -0.585 0.0618388 0.06037473 -0.5876 0.0618388 0.06037473 -0.585 0.06154447 0.06056219 -0.5876 0.06154447 0.06056219 -0.585 0.06126767 0.06077462 -0.5876 0.06126767 0.06077462 -0.585 0.06101036 0.06101036 -0.5876 0.06101036 0.06101036 -0.585 0.06077462 0.06126767 -0.5876 0.06077462 0.06126767 -0.585 0.06056219 0.06154447 -0.5876 0.06056219 0.06154447 -0.585 0.06037473 0.0618388 -0.5876 0.06037473 0.0618388 -0.585 0.06021356 0.06214833 -0.5876 0.06021356 0.06214833 -0.585 0.06008005 0.06247073 -0.5876 0.06008005 0.06247073 -0.585 0.05997508 0.06280356 -0.5876 0.05997508 0.06280356 -0.585 0.05989956 0.0631442 -0.5876 0.05989956 0.0631442 -0.585 0.05985403 0.06349021 -0.5876 0.05985403 0.06349021 -0.585 0.05983883 0.06383883 -0.5876 0.05983883 0.06383883 -0.585 0.05985403 0.06418746 -0.5876 0.05985403 0.06418746 -0.585 0.05989956 0.06453341 -0.5876 0.05989956 0.06453341 -0.585 0.05997508 0.06487411 -0.5876 0.05997508 0.06487411 -0.585 0.06008005 0.06520688 -0.5876 0.06008005 0.06520688 -0.585 0.06021356 0.06552928 -0.5876 0.06021356 0.06552928 -0.585 0.06037473 0.06583881 -0.5876 0.06037473 0.06583881 -0.585 0.06056219 0.06613314 -0.5876 0.06056219 0.06613314 -0.585 0.06077462 0.06640994 -0.5876 0.06077462 0.06640994 -0.585 0.06101036 0.06666725 -0.5876 0.06101036 0.06666725 -0.585 0.06126767 0.06690299 -0.5876 0.06126767 0.06690299 -0.585 0.06154447 0.06711542 -0.5876 0.06154447 0.06711542 -0.585 0.0618388 0.06730294 -0.5876 0.0618388 0.06730294 -0.585 0.06214833 0.06746405 -0.5876 0.06214833 0.06746405 -0.585 0.06247073 0.06759756 -0.5876 0.06247073 0.06759756 -0.585 0.06280356 0.06770253 -0.5876 0.06280356 0.06770253 -0.585 0.0631442 0.06777805 -0.5876 0.0631442 0.06777805 -0.585 0.06349021 0.06782358 -0.5876 0.06349021 0.06782358 -0.585 0.06383883 0.06783878 -0.5876 0.06383883 0.06783878 -0.585 0.06418746 0.06782358 -0.5876 0.06418746 0.06782358 -0.585 0.06453341 0.06777805 -0.5876 0.06453341 0.06777805 -0.585 0.06487411 0.06770253 -0.5876 0.06487411 0.06770253 -0.585 0.06520688 0.06759756 -0.5876 0.06520688 0.06759756 -0.585 0.06552928 0.06746405 -0.5876 0.06552928 0.06746405 -0.585 0.06583881 0.06730294 -0.5876 0.06583881 0.06730294 -0.585 0.06613314 0.06711542 -0.5876 0.06613314 0.06711542 -0.585 0.06640994 0.06690299 -0.5876 0.06640994 0.06690299 -0.585 0.06666725 0.06666725 -0.5876 0.06666725 0.06666725 -0.585 0.06690299 0.06640994 -0.5876 0.06690299 0.06640994 -0.585 0.06711542 0.06613314 -0.5876 0.06711542 0.06613314 -0.585 0.06730294 0.06583881 -0.5876 0.06730294 0.06583881 -0.585 0.06746405 0.06552928 -0.5876 0.06746405 0.06552928 -0.585 0.06759756 0.06520688 -0.5876 0.06759756 0.06520688 -0.585 0.06770253 0.06487411 -0.5876 0.06770253 0.06487411 -0.585 0.06777805 0.06453341 -0.5876 0.06777805 0.06453341 -0.585 0.06782358 0.06418746 -0.5876 0.06782358 0.06418746 -0.6124 0.06783878 0.06383883 -0.615 0.06783878 0.06383883 -0.6124 0.06782358 0.06349021 -0.615 0.06782358 0.06349021 -0.6124 0.06777805 0.0631442 -0.615 0.06777805 0.0631442 -0.6124 0.06770253 0.06280356 -0.615 0.06770253 0.06280356 -0.6124 0.06759756 0.06247073 -0.615 0.06759756 0.06247073 -0.6124 0.06746405 0.06214833 -0.615 0.06746405 0.06214833 -0.6124 0.06730294 0.0618388 -0.615 0.06730294 0.0618388 -0.6124 0.06711542 0.06154447 -0.615 0.06711542 0.06154447 -0.6124 0.06690299 0.06126767 -0.615 0.06690299 0.06126767 -0.6124 0.06666725 0.06101036 -0.615 0.06666725 0.06101036 -0.6124 0.06640994 0.06077462 -0.615 0.06640994 0.06077462 -0.6124 0.06613314 0.06056219 -0.615 0.06613314 0.06056219 -0.6124 0.06583881 0.06037473 -0.615 0.06583881 0.06037473 -0.6124 0.06552928 0.06021356 -0.615 0.06552928 0.06021356 -0.6124 0.06520688 0.06008005 -0.615 0.06520688 0.06008005 -0.6124 0.06487411 0.05997508 -0.615 0.06487411 0.05997508 -0.6124 0.06453341 0.05989956 -0.615 0.06453341 0.05989956 -0.6124 0.06418746 0.05985403 -0.615 0.06418746 0.05985403 -0.6124 0.06383883 0.05983883 -0.615 0.06383883 0.05983883 -0.6124 0.06349021 0.05985403 -0.615 0.06349021 0.05985403 -0.6124 0.0631442 0.05989956 -0.615 0.0631442 0.05989956 -0.6124 0.06280356 0.05997508 -0.615 0.06280356 0.05997508 -0.6124 0.06247073 0.06008005 -0.615 0.06247073 0.06008005 -0.6124 0.06214833 0.06021356 -0.615 0.06214833 0.06021356 -0.6124 0.0618388 0.06037473 -0.615 0.0618388 0.06037473 -0.6124 0.06154447 0.06056219 -0.615 0.06154447 0.06056219 -0.6124 0.06126767 0.06077462 -0.615 0.06126767 0.06077462 -0.6124 0.06101036 0.06101036 -0.615 0.06101036 0.06101036 -0.6124 0.06077462 0.06126767 -0.615 0.06077462 0.06126767 -0.6124 0.06056219 0.06154447 -0.615 0.06056219 0.06154447 -0.6124 0.06037473 0.0618388 -0.615 0.06037473 0.0618388 -0.6124 0.06021356 0.06214833 -0.615 0.06021356 0.06214833 -0.6124 0.06008005 0.06247073 -0.615 0.06008005 0.06247073 -0.6124 0.05997508 0.06280356 -0.615 0.05997508 0.06280356 -0.6124 0.05989956 0.0631442 -0.615 0.05989956 0.0631442 -0.6124 0.05985403 0.06349021 -0.615 0.05985403 0.06349021 -0.6124 0.05983883 0.06383883 -0.615 0.05983883 0.06383883 -0.6124 0.05985403 0.06418746 -0.615 0.05985403 0.06418746 -0.6124 0.05989956 0.06453341 -0.615 0.05989956 0.06453341 -0.6124 0.05997508 0.06487411 -0.615 0.05997508 0.06487411 -0.6124 0.06008005 0.06520688 -0.615 0.06008005 0.06520688 -0.6124 0.06021356 0.06552928 -0.615 0.06021356 0.06552928 -0.6124 0.06037473 0.06583881 -0.615 0.06037473 0.06583881 -0.6124 0.06056219 0.06613314 -0.615 0.06056219 0.06613314 -0.6124 0.06077462 0.06640994 -0.615 0.06077462 0.06640994 -0.6124 0.06101036 0.06666725 -0.615 0.06101036 0.06666725 -0.6124 0.06126767 0.06690299 -0.615 0.06126767 0.06690299 -0.6124 0.06154447 0.06711542 -0.615 0.06154447 0.06711542 -0.6124 0.0618388 0.06730294 -0.615 0.0618388 0.06730294 -0.6124 0.06214833 0.06746405 -0.615 0.06214833 0.06746405 -0.6124 0.06247073 0.06759756 -0.615 0.06247073 0.06759756 -0.6124 0.06280356 0.06770253 -0.615 0.06280356 0.06770253 -0.6124 0.0631442 0.06777805 -0.615 0.0631442 0.06777805 -0.6124 0.06349021 0.06782358 -0.615 0.06349021 0.06782358 -0.6124 0.06383883 0.06783878 -0.615 0.06383883 0.06783878 -0.6124 0.06418746 0.06782358 -0.615 0.06418746 0.06782358 -0.6124 0.06453341 0.06777805 -0.615 0.06453341 0.06777805 -0.6124 0.06487411 0.06770253 -0.615 0.06487411 0.06770253 -0.6124 0.06520688 0.06759756 -0.615 0.06520688 0.06759756 -0.6124 0.06552928 0.06746405 -0.615 0.06552928 0.06746405 -0.6124 0.06583881 0.06730294 -0.615 0.06583881 0.06730294 -0.6124 0.06613314 0.06711542 -0.615 0.06613314 0.06711542 -0.6124 0.06640994 0.06690299 -0.615 0.06640994 0.06690299 -0.6124 0.06666725 0.06666725 -0.615 0.06666725 0.06666725 -0.6124 0.06690299 0.06640994 -0.615 0.06690299 0.06640994 -0.6124 0.06711542 0.06613314 -0.615 0.06711542 0.06613314 -0.6124 0.06730294 0.06583881 -0.615 0.06730294 0.06583881 -0.6124 0.06746405 0.06552928 -0.615 0.06746405 0.06552928 -0.6124 0.06759756 0.06520688 -0.615 0.06759756 0.06520688 -0.6124 0.06770253 0.06487411 -0.615 0.06770253 0.06487411 -0.6124 0.06777805 0.06453341 -0.615 0.06777805 0.06453341 -0.6124 0.06782358 0.06418746 -0.615 0.06782358 0.06418746 -0.585 0.05016112 0.04616111 -0.5876 0.05016112 0.04616111 -0.585 0.05014592 0.04581254 -0.5876 0.05014592 0.04581254 -0.585 0.05010038 0.04546654 -0.5876 0.05010038 0.04546654 -0.585 0.05002486 0.04512584 -0.5876 0.05002486 0.04512584 -0.585 0.0499199 0.04479306 -0.5876 0.0499199 0.04479306 -0.585 0.04978638 0.04447066 -0.5876 0.04978638 0.04447066 -0.585 0.04962521 0.04416114 -0.5876 0.04962521 0.04416114 -0.585 0.04943776 0.04386681 -0.5876 0.04943776 0.04386681 -0.585 0.04922533 0.04359 -0.5876 0.04922533 0.04359 -0.585 0.04898959 0.04333269 -0.5876 0.04898959 0.04333269 -0.585 0.04873228 0.04309695 -0.5876 0.04873228 0.04309695 -0.585 0.04845541 0.04288452 -0.5876 0.04845541 0.04288452 -0.585 0.04816114 0.04269701 -0.5876 0.04816114 0.04269701 -0.585 0.04785162 0.0425359 -0.5876 0.04785162 0.0425359 -0.585 0.04752922 0.04240238 -0.5876 0.04752922 0.04240238 -0.585 0.04719638 0.04229742 -0.5876 0.04719638 0.04229742 -0.585 0.04685574 0.0422219 -0.5876 0.04685574 0.0422219 -0.585 0.04650974 0.04217636 -0.5876 0.04650974 0.04217636 -0.585 0.04616111 0.04216116 -0.5876 0.04616111 0.04216116 -0.585 0.04581254 0.04217636 -0.5876 0.04581254 0.04217636 -0.585 0.04546654 0.0422219 -0.5876 0.04546654 0.0422219 -0.585 0.04512584 0.04229742 -0.5876 0.04512584 0.04229742 -0.585 0.04479306 0.04240238 -0.5876 0.04479306 0.04240238 -0.585 0.04447066 0.0425359 -0.5876 0.04447066 0.0425359 -0.585 0.04416114 0.04269701 -0.5876 0.04416114 0.04269701 -0.585 0.04386681 0.04288452 -0.5876 0.04386681 0.04288452 -0.585 0.04359 0.04309695 -0.5876 0.04359 0.04309695 -0.585 0.04333269 0.04333269 -0.5876 0.04333269 0.04333269 -0.585 0.04309695 0.04359 -0.5876 0.04309695 0.04359 -0.585 0.04288452 0.04386681 -0.5876 0.04288452 0.04386681 -0.585 0.04269701 0.04416114 -0.5876 0.04269701 0.04416114 -0.585 0.0425359 0.04447066 -0.5876 0.0425359 0.04447066 -0.585 0.04240238 0.04479306 -0.5876 0.04240238 0.04479306 -0.585 0.04229742 0.04512584 -0.5876 0.04229742 0.04512584 -0.585 0.0422219 0.04546654 -0.5876 0.0422219 0.04546654 -0.585 0.04217636 0.04581254 -0.5876 0.04217636 0.04581254 -0.585 0.04216116 0.04616111 -0.5876 0.04216116 0.04616111 -0.585 0.04217636 0.04650974 -0.5876 0.04217636 0.04650974 -0.585 0.0422219 0.04685574 -0.5876 0.0422219 0.04685574 -0.585 0.04229742 0.04719638 -0.5876 0.04229742 0.04719638 -0.585 0.04240238 0.04752922 -0.5876 0.04240238 0.04752922 -0.585 0.0425359 0.04785162 -0.5876 0.0425359 0.04785162 -0.585 0.04269701 0.04816114 -0.5876 0.04269701 0.04816114 -0.585 0.04288452 0.04845541 -0.5876 0.04288452 0.04845541 -0.585 0.04309695 0.04873228 -0.5876 0.04309695 0.04873228 -0.585 0.04333269 0.04898959 -0.5876 0.04333269 0.04898959 -0.585 0.04359 0.04922533 -0.5876 0.04359 0.04922533 -0.585 0.04386681 0.04943776 -0.5876 0.04386681 0.04943776 -0.585 0.04416114 0.04962521 -0.5876 0.04416114 0.04962521 -0.585 0.04447066 0.04978638 -0.5876 0.04447066 0.04978638 -0.585 0.04479306 0.0499199 -0.5876 0.04479306 0.0499199 -0.585 0.04512584 0.05002486 -0.5876 0.04512584 0.05002486 -0.585 0.04546654 0.05010038 -0.5876 0.04546654 0.05010038 -0.585 0.04581254 0.05014592 -0.5876 0.04581254 0.05014592 -0.585 0.04616111 0.05016112 -0.5876 0.04616111 0.05016112 -0.585 0.04650974 0.05014592 -0.5876 0.04650974 0.05014592 -0.585 0.04685574 0.05010038 -0.5876 0.04685574 0.05010038 -0.585 0.04719638 0.05002486 -0.5876 0.04719638 0.05002486 -0.585 0.04752922 0.0499199 -0.5876 0.04752922 0.0499199 -0.585 0.04785162 0.04978638 -0.5876 0.04785162 0.04978638 -0.585 0.04816114 0.04962521 -0.5876 0.04816114 0.04962521 -0.585 0.04845541 0.04943776 -0.5876 0.04845541 0.04943776 -0.585 0.04873228 0.04922533 -0.5876 0.04873228 0.04922533 -0.585 0.04898959 0.04898959 -0.5876 0.04898959 0.04898959 -0.585 0.04922533 0.04873228 -0.5876 0.04922533 0.04873228 -0.585 0.04943776 0.04845541 -0.5876 0.04943776 0.04845541 -0.585 0.04962521 0.04816114 -0.5876 0.04962521 0.04816114 -0.585 0.04978638 0.04785162 -0.5876 0.04978638 0.04785162 -0.585 0.0499199 0.04752922 -0.5876 0.0499199 0.04752922 -0.585 0.05002486 0.04719638 -0.5876 0.05002486 0.04719638 -0.585 0.05010038 0.04685574 -0.5876 0.05010038 0.04685574 -0.585 0.05014592 0.04650974 -0.5876 0.05014592 0.04650974</float_array>
          <technique_common>
            <accessor source="#chassis_default_as_machined__23-mesh-positions-array" count="1020" stride="3">
              <param name="X" type="float"/>
              <param name="Y" type="float"/>
              <param name="Z" type="float"/>
            </accessor>
          </technique_common>
        </source>
        <source id="chassis_default_as_machined__23-mesh-normals">
          <float_array id="chassis_default_as_machined__23-mesh-normals-array" count="3900">0 -1 0 0 -1 4.36635e-6 0 -1 -8.73271e-6 0 -1 4.36605e-6 0 -1 -1.08991e-6 0 -1 2.18226e-6 0 -1 5.45123e-7 0 -1 4.33336e-6 0 -1 -8.86713e-6 0 -1 -2.72783e-7 0 -1 -5.45048e-7 0 -1 -2.17861e-6 0 -1 4.33546e-6 0 -1 -4.41883e-6 0 -1 -4.33787e-6 0 -1 4.33787e-6 0 -1 -4.33546e-6 0 -1 8.83267e-6 0 -1 -8.74983e-6 0 -1 8.7324e-6 0 -1 -4.36635e-6 0 -1 8.73149e-6 0 -1 -4.09346e-6 0 -1 8.86776e-6 0 -1 -8.7321e-6 0 -1 5.56149e-6 0 -1 -4.64851e-6 0 -1 4.31272e-6 0 -1 -4.31153e-6 0 -1 8.92857e-6 0 -1 -8.92857e-6 0 -1 2.16683e-6 0 -1 -8.8227e-6 0 -1 8.92761e-6 0 -1 -8.92347e-6 0 -1 -4.30559e-6 0 -1 4.33306e-6 0 -1 -4.33306e-6 0 -1 -1.05953e-5 0 -1 1.81265e-5 0 -1 -1.78571e-5 0 -1 -1.66247e-6 0 0.8318716 0.5549683 0 0.8320577 0.5546891 -2.42204e-5 0.8320205 0.5547449 1.21075e-5 0.8321211 0.554594 0 0.8320652 0.5546779 0 0.8319907 0.5547896 0 0.8320205 0.5547449 0 0.8321099 0.5546108 2.42204e-5 0.8320205 0.5547449 -1.21102e-5 0.8320205 0.5547449 0 0.8320652 0.5546779 0 0.8319758 0.554812 6.05478e-6 0.8320727 0.5546666 0 0.8320354 0.5547226 0 0.832095 0.5546332 0 0.8320429 0.5547114 0 0.8320503 0.5547002 0 0.832051 0.5546992 0 0.8320506 0.5547 0 0.8320876 0.5546443 1.51366e-6 0.8320503 0.5547002 -3.31119e-7 0.8320422 0.5547124 -3.02737e-6 0.8320429 0.5547114 6.05474e-6 0.8320429 0.5547114 -6.05478e-6 0.8320727 0.5546666 -1.21097e-5 0.8320354 0.5547226 6.05503e-6 0.8320578 0.5546891 -1.21092e-5 0.8320503 0.5547002 0 0.8320913 0.5546388 -1.21112e-5 0.8319907 0.5547896 0 0.8321397 0.5545661 -1.21107e-5 0.832054 0.5546946 2.42159e-5 0.8320578 0.5546891 0 0.8320615 0.5546835 0 0.8319907 0.5547896 4.83967e-5 0.8320354 0.5547226 -9.67933e-5 0.8320354 0.5547226 4.83798e-5 0.8321322 0.5545774 0 0.8319162 0.5549013 -4.8398e-5 0.8320577 0.5546891 9.67621e-5 0.8321545 0.5545439 -4.83772e-5 0.8320875 0.5546444 0 0.8320056 0.5547673 -4.84123e-5 0.8319162 0.5549013 0 0.8320652 0.5546779 0 0.8321322 0.5545774 0 0.8316327 0.5553261 0 0.8321434 0.5545607 0 0.8321098 0.5546109 0 0.8320466 0.5547058 0 0.8321768 0.5545104 0 0.8318492 0.5550018 0 0.8321991 0.5544769 -4.8397e-5 0.8320411 0.5547142 -9.6757e-5 0.8321098 0.5546109 1.93522e-4 0.8321434 0.5545607 0 0.8320243 0.5547393 0 0.832121 0.5545942 0 0.8318856 0.5549474 0 0.8321517 0.5545481 0 0.831866 0.5549767 0 0.8319824 0.5548021 0 0.8320503 0.5547002 0 0.8320462 0.5547064 9.67566e-5 0.8321071 0.5546151 -4.8378e-5 0.8321015 0.5546234 0 0.8321538 0.5545451 -4.83967e-5 0.8320354 0.5547226 0 0.8320689 0.5546723 -9.68232e-5 0.8319051 0.5549181 -4.83804e-5 0.8321434 0.5545607 9.68323e-5 0.8319833 0.5548008 0 0.8320931 0.554636 0 0.8320987 0.5546277 4.84123e-5 0.8319162 0.5549013 0 0.8319274 0.5548846 0 0.8323923 0.5541869 0 0.8318939 0.5549348 0 0.8319609 0.5548343 0 0.8320205 0.5547448 4.83811e-5 0.8321545 0.5545439 -4.83811e-5 0.8321545 0.5545439 0 0.8318268 0.5550353 0 0.8321545 0.5545439 0 0.8320727 0.5546667 0 0.8319758 0.5548119 0 0.8320429 0.5547114 0 0.8320093 0.5547617 0 0.8320801 0.5546555 0 0.8320578 0.5546891 6.05454e-6 0.8320876 0.5546444 6.05466e-6 0.8320801 0.5546555 0 0.8320466 0.5547057 0 0.8320395 0.5547165 0 0.832062 0.5546826 1.51372e-6 0.8320354 0.5547226 -1.39546e-6 0.8321003 0.5546253 -1.21088e-5 0.8320652 0.5546779 1.21092e-5 0.8320503 0.5547002 0 0.8320056 0.5547673 0 0.8320727 0.5546666 -2.42217e-5 0.8320652 0.5546779 1.21091e-5 0.8320391 0.554717 4.83785e-5 0.8321098 0.5546109 -2.4199e-5 0.8320577 0.5546891 2.41964e-5 0.8319684 0.5548231 -4.83993e-5 0.8320801 0.5546555 2.4199e-5 0.8320577 0.5546891 -9.67673e-5 0.8321991 0.5544769 0 0.8320131 0.5547561 9.67466e-5 0.8320205 0.5547448 4.83791e-5 0.832121 0.5545942 -9.67647e-5 0.8321768 0.5545104 0 0.8316775 0.5552591 0 0.8321657 0.5545272 4.83817e-5 0.8321657 0.5545272 4.83769e-5 0.8320819 0.5546528 0 0.8319107 0.5549097 -9.67583e-5 0.832121 0.5545942 4.83989e-5 0.8320745 0.5546639 -9.67621e-5 0.8321545 0.5545439 0 0.8321043 0.5546193 4.83782e-5 0.8321043 0.5546193 -9.6756e-5 0.8321015 0.5546234 0 0.8318674 0.5549746 0 0.8321553 0.5545428 0 0.8318911 0.554939 0 0.8320019 0.5547728 0 0.8321378 0.554569 -4.84116e-5 0.8319051 0.5549181 0 0.8322215 0.5544434 -4.83817e-5 0.8321657 0.5545272 9.68869e-5 0.8316775 0.5552591 -4.83661e-5 0.8322846 0.5543486 9.68896e-5 0.8316999 0.5552256 -9.68193e-5 0.8318716 0.5549683 4.8383e-5 0.8321881 0.5544937 -4.8411e-5 0.8318939 0.5549348 0 0.8323477 0.5542538 9.67673e-5 0.8321991 0.5544769 2.41977e-5 0.8320131 0.5547561 -4.83785e-5 0.8321098 0.5546109 2.41996e-5 0.8320801 0.5546555 -2.41899e-5 0.8321322 0.5545774 0 -0.7071089 0.7071048 0 -0.7071048 0.7071089 0 0.7071056 -0.7071079 0 0.7071071 -0.7071066 0 0 -1 0 0 -1 0 0 -1 0 0 -1 0 0 -1 0 0 -1 0 0 -1 0 0 -1 0 0 -1 0 0 -1 0 0 -1 0 0 -1 0 0 -1 0 0 -1 0 0 -1 0 0 -1 0 0 -1 0 0 -1 0 0 -1 0 0 -1 0 0 -1 0 0 -1 0 0 -1 0 0 -1 0 0 -1 0 0 -1 0 0 -1 0 0 -1 0 0 -1 0 0 -1 0 0 -1 0 0 -1 0 0 -1 0 0 -1 0 0 -1 0 0 -1 0 0 -1 0 0 -1 0 0 -1 0 0 -1 0 0 -1 0 0 -1 0 0 -1 0 0 -1 0 0 -1 0 0 -1 0 0 -1 0 0 -1 0 0 -1 0 0 -1 0 0 -1 0 0 -1 0 0 -1 0 0 -1 0 0 -1 0 0 -1 0 0 -1 0 0 -1 0 0 -1 0 0 -1 0 0 -1 0 0 -1 0 0 -1 0 0 -1 0 0 -1 0 0 -1 0 0 -1 0 0 -1 0 0 -1 0 0 -1 0 0 -1 0 0 -1 0 0 -1 0 0 -1 0 0 -1 0 0 -1 0 0 -1 0 0 -1 0 0 -1 0 0 -1 0 0 -1 0 0 -1 0 0 -1 0 0 -1 0 0 -1 0 0 -1 0 0 -1 0 0 -1 0 0 -1 0 0 -1 0 0 -1 0 0 -1 0 0 -1 0 0 -1 0 0 -1 0 0 -1 0 0 -1 0.02176082 -0.7071689 0.7067098 0.1088775 -0.7030281 0.7027782 0.1951388 -0.6932518 0.6937744 0.2797544 -0.6790761 0.6786701 0.362411 -0.6590145 0.6590586 0.4423985 -0.6338774 0.6344156 0.5189362 -0.6042031 0.604685 0.5911776 -0.5704365 0.5701853 0.9516843 -0.2331517 0.1998433 0.9536175 -0.2129718 0.2127368 0.9763695 -0.1526828 0.1529402 0.9763064 -0.153096 0.1529297 0.9914467 -0.09222489 0.09234809 0.991393 -0.09280407 0.09234458 0.9990453 -0.03093755 0.03084629 0.9990513 -0.03074359 0.03084552 0.9537144 -0.2125165 0.2127571 0.9239119 -0.2705292 0.2705568 0.9238478 -0.2707629 0.2705416 0.8871385 -0.3261355 0.3265288 0.8869779 -0.3266327 0.326468 0.843292 -0.3801376 0.3799397 0.8434599 -0.3796779 0.3800265 0.7933878 -0.4304938 0.4303615 0.7934673 -0.4302839 0.4304248 0.7371386 -0.4779988 0.477644 0.7373237 -0.4776129 0.4777444 0.6260284 -0.5514161 0.5513881 0.5913625 -0.5699936 0.5704365 0.6259257 -0.5515919 0.5513288 0.6755752 -0.5213035 0.5213836 0.6591574 -0.5320008 0.5314949 0.6916286 -0.5104325 0.5109879 0.5553972 -0.5884196 0.5876194 0.519056 -0.6040607 0.6047245 0.5556069 -0.5879834 0.5878575 0.4808004 -0.6202512 0.6197737 0.4423 -0.6340866 0.6342751 0.4807937 -0.6201539 0.6198763 0.4026898 -0.6473122 0.6471691 0.3624318 -0.6589883 0.6590734 0.4028068 -0.6471335 0.6472752 0.321617 -0.6692362 0.6698399 0.2798376 -0.6788501 0.678862 0.3214085 -0.6697851 0.6693912 0.2377108 -0.6870731 0.6866033 0.1950258 -0.6935818 0.6934762 0.2377824 -0.6868469 0.6868049 0.1521953 -0.6987094 0.6990293 0.1088984 -0.7026916 0.7031114 0.1520454 -0.6990663 0.6987049 0.06545537 -0.7054114 0.7057694 0.02183288 -0.706657 0.7072194 0.06533271 -0.705868 0.7053241 -0.02183413 -0.7066971 0.7071793 -0.06537181 -0.7056156 0.705573 -0.02181947 -0.707163 0.7067139 -0.06536996 -0.7055956 0.7055931 -0.1089136 -0.70279 0.7030107 -0.1520621 -0.6991433 0.6986242 -0.1089258 -0.70296 0.7028389 -0.1521135 -0.6986042 0.6991521 -0.1951326 -0.6934386 0.6935895 -0.2376027 -0.6871563 0.6865576 -0.1953332 -0.6930534 0.6939179 -0.2375734 -0.6869762 0.6867479 -0.2798438 -0.6788226 0.6788869 -0.3214114 -0.6697825 0.6693924 -0.2798509 -0.6788824 0.6788242 -0.3214773 -0.6695191 0.6696242 -0.362411 -0.6590145 0.6590586 -0.4027301 -0.6472005 0.6472559 -0.3624485 -0.6590187 0.6590338 -0.4027238 -0.6472703 0.6471898 -0.442135 -0.6344391 0.6340376 -0.4810847 -0.6199317 0.6198727 -0.4423198 -0.6341149 0.6342331 -0.481186 -0.6197492 0.6199767 -0.5185683 -0.6046446 0.6045593 -0.5556715 -0.5878275 0.5879524 -0.5185819 -0.6045826 0.6046095 -0.5556263 -0.5879792 0.5878435 -0.5913356 -0.5701202 0.5703378 -0.6259419 -0.5515245 0.551378 -0.5912283 -0.5703324 0.5702369 -0.6259257 -0.5515919 0.5513288 -0.6592404 -0.53184 0.5315528 -0.6915323 -0.5106353 0.5109156 -0.9519614 -0.2319658 0.199904 -0.6755644 -0.5213201 0.5213811 -0.737159 -0.4779739 0.4776377 -0.7373854 -0.4774581 0.477804 -0.7933983 -0.4304642 0.4303715 -0.793377 -0.4305038 0.4303715 -0.8433189 -0.3800677 0.3799499 -0.8433582 -0.3799477 0.3799827 -0.8871127 -0.3262167 0.3265177 -0.8869365 -0.3267585 0.3264545 -0.9239059 -0.2705475 0.2705586 -0.9239119 -0.2705292 0.2705568 -0.9536203 -0.2129595 0.2127361 -0.9537115 -0.2125288 0.2127578 -0.9762668 -0.1533582 0.1529195 -0.9763398 -0.1528734 0.1529396 -0.9914461 -0.09222751 0.09235072 -0.9914574 -0.09210956 0.09234786 -0.9990525 -0.03070425 0.03084564 -0.9990441 -0.03097718 0.03084617 0 -0.7071071 0.7071065 0 -0.7071056 0.7071081 0.02180677 -0.7070288 0.7068485 0.02184444 -0.7068812 0.706995 0.06540495 -0.7056016 0.7055839 0.06538927 -0.7057031 0.7054837 0.1089531 -0.7027747 0.70302 0.1088694 -0.7029949 0.7028128 0.1521032 -0.6988893 0.6988694 0.1521193 -0.698808 0.6989472 0.1950019 -0.6934908 0.693574 0.1950315 -0.693656 0.6934005 0.2377714 -0.6866019 0.6870537 0.2376947 -0.6868992 0.6867829 0.2797905 -0.6789935 0.6787379 0.2798613 -0.6788369 0.6788654 0.3215351 -0.6694534 0.6696621 0.3214986 -0.6694365 0.6696965 0.3623427 -0.6591244 0.6589862 0.3623983 -0.6590657 0.6590143 0.4027689 -0.6472407 0.6471915 0.4027667 -0.6471819 0.6472516 0.4421717 -0.6343454 0.6341059 0.4424287 -0.6339115 0.6343605 0.4809563 -0.6199968 0.6199073 0.4809221 -0.6200575 0.6198731 0.5189142 -0.6042982 0.6046088 0.5187602 -0.6045352 0.604504 0.5556704 -0.587683 0.5880979 0.5553095 -0.5884182 0.5877034 0.5914151 -0.5701717 0.570204 0.6258106 -0.551617 0.5514343 0.5914728 -0.5700294 0.5702863 0.6258439 -0.5515275 0.5514862 0.6594033 -0.5314744 0.5317164 0.6916656 -0.5106345 0.510736 0.6755819 -0.5213735 0.521305 0.7372543 -0.4777512 0.4777132 0.7372357 -0.4777801 0.4777131 0.7934309 -0.4303036 0.4304721 0.7933111 -0.4305782 0.4304186 0.8434255 -0.3798645 0.3799163 0.8433826 -0.3799735 0.3799025 0.8869414 -0.326654 0.3265458 0.8870372 -0.3263643 0.3265753 0.9239025 -0.2705596 0.270558 0.923887 -0.2706177 0.2705529 0.9536693 -0.212821 0.2126548 0.9537363 -0.2125067 0.2126689 0.9762824 -0.153163 0.1530156 0.9763274 -0.1528677 0.1530239 0.9914323 -0.09237641 0.09235012 0.9914453 -0.09223967 0.09234791 0.9990471 -0.03087937 0.03084599 0.9990499 -0.03078883 0.03084474 0 -0.9990481 0.04362511 0 -0.9990493 0.04359591 0 -0.9914459 0.1305184 0 -0.9914442 0.1305308 0 -0.976298 0.2164312 0 -0.9762911 0.2164617 0 -0.953715 0.3007122 0 -0.9537246 0.3006815 0 -0.9238816 0.3826785 0 -0.9238722 0.3827012 0 -0.8870272 0.4617173 0 -0.8870003 0.4617688 0 -0.8433986 0.5372885 0 -0.8433894 0.537303 0 -0.793358 0.6087554 0 -0.7933461 0.6087709 0 -0.7372926 0.6755735 0 -0.737262 0.675607 0 -0.6755925 0.7372753 0 -0.6755735 0.7372926 0 -0.6087662 0.7933497 0 -0.6087353 0.7933735 0 -0.5373144 0.843382 0 -0.5372916 0.8433966 0 -0.4617556 0.8870071 0 -0.4617431 0.8870138 0 -0.3827012 0.9238722 0 -0.3826785 0.9238816 0 -0.3007069 0.9537166 0 -0.3007014 0.9537183 0 -0.2164388 0.9762962 0 -0.2164312 0.976298 0 -0.1305267 0.9914448 0 -0.1305146 0.9914464 0 -0.04362112 0.9990482 0 -0.04361981 0.9990482 0 0.04362249 0.9990482 0 0.04361981 0.9990482 0 0.1305267 0.9914448 0 0.1305146 0.9914464 0 0.2164354 0.976297 0 0.2164345 0.9762972 0 0.3007069 0.9537166 0 0.3007014 0.9537183 0 0.3826898 0.9238769 0 0.3826842 0.9238793 0 0.4617623 0.8870038 0 0.4617431 0.8870138 0 0.5373144 0.843382 0 0.5372843 0.8434012 0 0.608743 0.7933676 0 0.6087507 0.7933616 0 0.6756085 0.7372607 0 0.6755735 0.7372926 0 0.7372766 0.675591 0 0.737262 0.675607 0 0.7933735 0.6087353 0 0.7933539 0.6087608 0 0.8433986 0.5372885 0 0.8433894 0.537303 0 0.8870206 0.46173 0 0.8870003 0.4617688 0 0.9238873 0.3826649 0 0.9238722 0.3827012 0 0.9537196 0.3006977 0 0.9537109 0.3007253 0 0.976298 0.2164312 0 0.9762946 0.2164464 0 0.9914481 0.1305026 0 0.9914442 0.1305308 0 0.9990481 0.04362511 0 0.9990486 0.04361188 0 0.9990488 -0.04360914 0 0.9990479 -0.04362654 0 0.9914459 -0.1305184 0 0.9914464 -0.130515 0 0.9762946 -0.2164464 0 0.976298 -0.2164312 0 0.9537196 -0.3006977 0 0.9537109 -0.3007253 0 0.9238816 -0.3826785 0 0.9238779 -0.3826876 0 0.887014 -0.4617426 0 0.8870069 -0.4617562 0 0.8433986 -0.5372885 0 0.84338 -0.5373176 0 0.7933657 -0.6087453 0 0.7933616 -0.6087507 0 0.7372913 -0.675575 0 0.7372766 -0.675591 0 0.675591 -0.7372766 0 0.6087709 -0.7933461 0 0.6087632 -0.793352 0 0.5373072 -0.8433867 0 0.5372916 -0.8433966 0 0.4617556 -0.8870071 0 0.4617497 -0.8870104 0 0.3826842 -0.9238793 0 0.3826898 -0.9238769 0 0.3007014 -0.9537183 0 0.3006923 -0.9537213 0 0.2164574 -0.9762921 0 0.2164354 -0.976297 0 0.1305225 -0.9914453 0 0.1305188 -0.9914458 0 0.04362183 -0.9990481 0 0.04362052 -0.9990482 0 -0.04362183 -0.9990481 0 -0.04361909 -0.9990483 0 -0.1305225 -0.9914453 0 -0.1305188 -0.9914458 0 -0.2164541 -0.9762929 0 -0.2164388 -0.9762962 0 -0.3007014 -0.9537183 0 -0.3006923 -0.9537213 0 -0.3826785 -0.9238816 0 -0.3827012 -0.9238722 0 -0.4617556 -0.8870071 0 -0.4617431 -0.8870138 0 -0.5373144 -0.843382 0 -0.5372916 -0.8433966 0 -0.6087554 -0.793358 0 -0.6087864 -0.7933342 0 -0.675591 -0.7372766 0 -0.675575 -0.7372913 0 -0.7372913 -0.675575 0 -0.7372926 -0.6755735 0 -0.793358 -0.6087554 0 -0.7933461 -0.6087709 0 -0.8433986 -0.5372885 0 -0.84338 -0.5373176 0 -0.887014 -0.4617426 0 -0.8870135 -0.4617436 0 -0.9238816 -0.3826785 0 -0.9238722 -0.3827012 0 -0.9537334 -0.3006539 0 -0.9537063 -0.3007398 0 -0.9762911 -0.2164617 0 -0.976298 -0.2164312 0 -0.9914459 -0.1305184 0 -0.9914442 -0.1305308 0 -0.9990494 -0.0435931 0 -0.9990479 -0.04362654 0 -0.9990466 0.04365712 0 -0.9914453 0.1305225 0 -0.9914484 0.1304993 0 -0.9762994 0.2164244 0 -0.9537213 0.3006923 0 -0.9537091 0.3007307 0 -0.9238883 0.3826625 0 -0.9238769 0.3826898 0 -0.8870009 0.4617678 0 -0.8870135 0.4617436 0 -0.84338 0.5373176 0 -0.7933735 0.6087353 0 -0.7933342 0.6087864 0 -0.7372766 0.675591 0 -0.675607 0.737262 0 -0.6087554 0.793358 0 -0.537329 0.8433728 0 -0.5372771 0.8434059 0 -0.4617562 0.8870069 0 -0.3826898 0.9238769 0 -0.2164396 0.9762961 0 -0.2164464 0.9762946 0 -0.1305186 0.9914458 0 -0.1305188 0.9914458 0 -0.04361909 0.9990483 0 0.04362392 0.9990481 0 0.04361909 0.9990483 0 0.1305186 0.9914458 0 0.1305188 0.9914458 0 0.2164464 0.9762946 0 0.2164396 0.9762961 0 0.3006923 0.9537213 0 0.4617688 0.8870003 0 0.5372916 0.8433966 0 0.6087554 0.793358 0 0.675591 0.7372766 0 0.7933342 0.6087864 0 0.84338 0.5373176 0 0.887014 0.4617426 0 0.8870135 0.4617436 0 0.9238656 0.3827173 0 0.9238883 0.3826625 0 0.9537213 0.3006923 0 0.9537183 0.3007014 0 0.9762926 0.2164549 0 0.9914453 0.1305225 0 0.9990479 0.04362791 0 0.9990481 -0.04362374 0 0.9914453 -0.1305225 0 0.9914442 -0.1305308 0 0.9762994 -0.2164244 0 0.9762911 -0.2164617 0 0.9537213 -0.3006923 0 0.9537155 -0.3007107 0 0.9238929 -0.3826512 0 0.9238656 -0.3827173 0 0.8870272 -0.4617173 0 0.8870003 -0.4617688 0 0.793358 -0.6087554 0 0.7933497 -0.6087662 0 0.6756085 -0.7372607 0 0.6087353 -0.7933735 0 0.5373144 -0.843382 0 0.4617688 -0.8870003 0 0.3826763 -0.9238826 0 0.3007069 -0.9537166 0 0.216432 -0.9762977 0 0.2164312 -0.976298 0 0.1305227 -0.9914454 0 0.1305146 -0.9914464 0 0.04362112 -0.9990482 0 0.04362189 -0.9990482 0 -0.04362112 -0.9990482 0 -0.1305227 -0.9914454 0 -0.1305146 -0.9914464 0 -0.2164244 -0.9762994 0 -0.3007161 -0.9537138 0 -0.3826649 -0.9238873 0 -0.3826763 -0.9238826 0 -0.4617688 -0.8870003 0 -0.5372999 -0.8433913 0 -0.5373061 -0.8433873 0 -0.6087353 -0.7933735 0 -0.6756244 -0.737246 0 -0.7372766 -0.675591 0 -0.7933497 -0.6087662 0 -0.8870272 -0.4617173 0 -0.8869872 -0.4617941 0 -0.9238883 -0.3826625 0 -0.9537121 -0.3007215 0 -0.9537155 -0.3007107 0 -0.9762926 -0.2164549 0 -0.9914495 -0.130491 0 -0.9990494 -0.04359173 0 -0.9990466 -0.04365855 0 -0.991449 0.1304951 0 -0.9537242 0.3006831 0 -0.9537063 0.3007398 0 -0.9238929 0.3826512 0 -0.6755896 0.737278 0 -0.6087864 0.7933342 0 -0.2164473 0.9762944 0 -0.1305225 0.9914453 0 0.1305225 0.9914453 0 0.2164541 0.9762929 0 0.216432 0.9762977 0 0.6087709 0.7933461 0 0.7933461 0.6087709 0 0.9238703 0.3827059 0 0.9238836 0.3826739 0 0.9537242 0.3006831 0 0.9537155 0.3007107 0 0.9914448 0.1305267 0 0.9914448 -0.1305267 0 0.7933461 -0.6087709 0 0.737262 -0.675607 0 0.6755735 -0.7372926 0 0.6087554 -0.793358 0 0.1305267 -0.9914448 0 -0.1305267 -0.9914448 0 -0.6755576 -0.7373073 0 -0.737262 -0.675607 0 -0.9914448 -0.1305267 0 -0.9914448 0.1305267 0 -0.9762897 0.2164685 0 -0.9537121 0.3007215 0 -0.9537276 0.3006723 0 -0.675591 0.7372766 0 -0.1305227 0.9914454 0 0.1305227 0.9914454 0 0.6087632 0.793352 0 0.7933419 0.6087763 0 0.9238826 0.3826763 0 0.9238769 0.3826898 0 0.9537166 0.3007069 0 0.9537138 0.3007161 0 0.9762994 0.2164244 0 0.976293 0.2164532 0 0.991447 -0.1305109 0 0.9762961 -0.2164396 0 0.9762964 -0.2164379 0 0.9537166 -0.3007069 0 0.9537138 -0.3007161 0 0.9238769 -0.3826898 0 0.9238826 -0.3826763 0 0.608743 -0.7933676 0 0.2164498 -0.9762938 0 0.216443 -0.9762953 0 0.1305186 -0.9914458 0 -0.1305186 -0.9914458 0 -0.2164464 -0.9762946 0 -0.6087662 -0.7933497 0 -0.7933342 -0.6087864 0 -0.9238769 -0.3826898 0 -0.9537304 -0.3006631 0 -0.9537091 -0.3007307 0 -0.9762964 -0.2164379 -0.7372829 -0.4776767 0.4777436 -0.7933332 -0.4305275 0.4304283 -0.7933628 -0.4304637 0.4304376 -0.843353 -0.3799654 0.3799765 -0.8433955 -0.379846 0.3800013 -0.8869684 -0.3266639 0.3264628 -0.887064 -0.3263742 0.3264924 -0.9239125 -0.2704296 0.2706538 -0.9238307 -0.2707337 0.2706294 -0.9537151 -0.2126986 0.212572 -0.9537551 -0.2125109 0.2125802 -0.9763219 -0.1529049 0.1530218 -0.9763077 -0.1529964 0.1530209 -0.9914327 -0.09237492 0.09234863 -0.991433 -0.09237146 0.09234827 -0.9990511 -0.03074806 0.03084611 -0.9990499 -0.03078883 0.0308448 -0.6755945 -0.5213643 0.5212978 -0.6915437 -0.5108188 0.5107167 -0.7372767 -0.4777054 0.4777245 -0.0218448 -0.7068927 0.7069835 -0.02180224 -0.7071527 0.7067247 -0.06541746 -0.7054654 0.7057188 -0.06540179 -0.7055671 0.7056186 -0.1088305 -0.7029622 0.7028514 -0.1089221 -0.7028979 0.7029016 -0.1520701 -0.698893 0.698873 -0.1521524 -0.6988043 0.6989437 -0.1951655 -0.6932896 0.693729 -0.1950282 -0.6936141 0.6934433 -0.2377149 -0.6868825 0.6867927 -0.237707 -0.6867617 0.6869161 -0.2798933 -0.6787016 0.6789874 -0.2798098 -0.6789827 0.6787407 -0.3214369 -0.6695193 0.6696434 -0.3213422 -0.6696516 0.6695566 -0.362481 -0.6590441 0.6589905 -0.3624134 -0.6591545 0.6589173 -0.402811 -0.6470925 0.6473135 -0.4027246 -0.64733 0.6471297 -0.4423503 -0.634013 0.6343136 -0.4421744 -0.634405 0.6340444 -0.4811174 -0.6196643 0.6201148 -0.4809221 -0.6200575 0.6198731 -0.5187203 -0.6046512 0.6044223 -0.5187003 -0.6046956 0.604395 -0.5556057 -0.5878484 0.5879937 -0.5556382 -0.5877246 0.5880869 -0.5911489 -0.570486 0.5701655 -0.591261 -0.5703115 0.5702238 -0.6259955 -0.5513874 0.5514541 -0.6260008 -0.5513969 0.5514386 -0.6593105 -0.5316525 0.5316534 -1 0 0 -1 -4.21973e-4 0 -1 3.85986e-5 0 -0.999997 -0.002460718 0 -0.9999796 0.006385207 0 -1 5.72168e-5 0 -1 2.079e-4 0 -1 -2.22984e-4 0 -1 2.87625e-4 0 -0.9999999 -4.65983e-4 0 -1 2.81894e-4 0 -1 -4.86633e-5 0 -1 -3.83291e-6 0 -1 -3.05962e-4 0 -1 3.29679e-4 0 -1 -3.56952e-4 0 -1 -6.06809e-6 0 -1 3.96011e-4 0 -1 3.80975e-5 0 -1 4.60987e-5 0 -1 7.26637e-5 0 -1 4.56647e-4 0 -0.9999999 -4.84747e-4 0 -1 -2.96983e-4 0 -1 1.08957e-4 0 -1 5.24525e-5 0 -1 -3.46605e-4 0 -1 2.25685e-4 0 -1 -2.39166e-6 0 -1 -2.67339e-4 0 -1 1.43336e-4 0 -0.9999991 0.001333296 0 -1 3.23632e-4 0 -1 2.5531e-5 0 -1 1.32985e-4 0 -1 2.12457e-4 0 -1 -6.08773e-5 0 -1 5.55808e-6 0 -0.9999997 -8.44327e-4 0 -1 -2.32801e-4 0 -1 4.1307e-5 0 -1 4.04196e-5 0 -0.9999908 -0.004302144 0 -1 1.61736e-4 0 -1 1.31448e-5 0 -0.9999998 -6.75219e-4 0 -1 5.69294e-4 0 -1 -1.39727e-4 0 -1 1.76954e-4 0 -1 2.35336e-4 0 -1 -1.42164e-4 0 -1 2.38943e-5 0 -1 1.68741e-4 0 -1 1.60093e-5 0 -1 -2.20975e-4 0 -1 4.6639e-6 0 -1 -5.70125e-6 0 -0.9999997 -8.90916e-4 0 -0.9991888 0.04026955 0 -1 -2.6205e-4 0 -0.9999997 8.22297e-4 0 -1 -3.09553e-4 0 -1 -5.47618e-6 0 -1 6.29324e-5 0 -1 3.61019e-4 0 -1 -7.79709e-5 0 -1 2.89862e-5 0 -1 -1.56128e-4 0 -1 1.58269e-4 0 -1 4.71282e-5 0 -1 -1.63747e-4 0 -1 1.59662e-4 0 -1 -2.94801e-5 0 -1 -1.48184e-5 0 0.021775 0.7069236 -0.7069547 0.02177488 0.7069179 -0.7069604 0.06551736 0.7057765 -0.7053985 0.06538319 0.7057658 -0.7054218 0.1087207 0.7030559 -0.7027748 0.1089295 0.7024785 -0.7033196 0.1522083 0.6986265 -0.6991093 0.1520301 0.6994052 -0.698369 0.1950652 0.6934469 -0.6936001 0.1950517 0.693399 -0.6936517 0.2377592 0.6867713 -0.6868885 0.2378025 0.6867038 -0.686941 0.2797183 0.6792019 -0.6785591 0.2798542 0.678838 -0.6788672 0.3215196 0.6693997 -0.6697232 0.3212563 0.669916 -0.6693332 0.3625207 0.6589109 -0.6591019 0.3623516 0.6591355 -0.6589702 0.4027862 0.6471188 -0.6473026 0.4028477 0.6470038 -0.6473793 0.4422751 0.6341205 -0.6342586 0.4420794 0.6346172 -0.6338981 0.4811186 0.6195972 -0.6201808 0.4809458 0.6198207 -0.6200916 0.5188021 0.6044605 -0.6045428 0.5187089 0.6046512 -0.6044321 0.5556914 0.5878476 -0.5879136 0.5557967 0.587678 -0.5879836 0.5908574 0.571087 -0.5698661 0.6260117 0.5514154 -0.5514077 0.5913891 0.5700263 -0.5703762 0.6261015 0.5511074 -0.5516137 0.6594588 0.5313358 -0.531786 0.691196 0.5113807 -0.510625 0.6755151 0.5214572 -0.5213078 0.7373362 0.4775698 -0.4777684 0.7373155 0.4775929 -0.4777771 0.7933362 0.4306342 -0.430316 0.7934846 0.4302479 -0.4304291 0.8433828 0.3798926 -0.3799834 0.843284 0.3801647 -0.3799304 0.8869898 0.3265893 -0.3264788 0.8870304 0.3264551 -0.326503 0.9239194 0.2704991 -0.2705609 0.9238848 0.2706399 -0.2705385 0.9536809 0.2126684 -0.2127557 0.9536363 0.212884 -0.2127398 0.976373 0.1526559 -0.1529446 0.9763298 0.1529487 -0.1529282 0.9914452 0.09223967 -0.09234893 0.9914084 0.09263288 -0.09234988 0.9990527 0.03070169 -0.03084427 0.999046 0.03091925 -0.03084415 0 0.7071069 -0.7071068 0 0.7071069 -0.7071067 -0.7373307 0.4775813 -0.4777653 -0.7934266 0.4304184 -0.4303651 -0.7934846 0.4302479 -0.4304291 -0.8432979 0.3801189 -0.3799451 -0.8434534 0.3797125 -0.3800067 -0.8870664 0.3263533 -0.326507 -0.8869538 0.3266909 -0.326475 -0.9239194 0.2704991 -0.2705609 -0.9238848 0.2706399 -0.2705385 -0.9536275 0.21292 -0.2127438 -0.9536898 0.2126328 -0.2127518 -0.9763353 0.152908 -0.1529336 -0.9763281 0.1529537 -0.1529331 -0.991397 0.09276074 -0.0923444 -0.9914566 0.09211254 -0.09235435 -0.9990445 0.03096383 -0.03084397 -0.999046 0.03091925 -0.03084415 -0.6756721 0.5210897 -0.5214719 -0.691429 0.5109525 -0.5107383 -0.7372007 0.4778373 -0.4777098 -0.02184158 0.7069225 -0.7069537 -0.02170014 0.7071853 -0.7066952 -0.06538474 0.7057827 -0.7054046 -0.06556504 0.7052243 -0.7059462 -0.1087864 0.7030507 -0.7027697 -0.1088229 0.7027534 -0.7030614 -0.1521517 0.6988991 -0.698849 -0.1521434 0.6988608 -0.6988891 -0.1951155 0.6936256 -0.6934072 -0.195102 0.6935777 -0.6934589 -0.2378484 0.6863034 -0.6873251 -0.2374184 0.6873827 -0.6863947 -0.2799206 0.6786278 -0.6790499 -0.2797532 0.6791249 -0.6786218 -0.3215196 0.6693997 -0.6697232 -0.3213709 0.6696226 -0.6695719 -0.3623358 0.6592277 -0.6588867 -0.3625365 0.6588187 -0.6591854 -0.4028419 0.6471015 -0.6472852 -0.4026533 0.6473304 -0.6471737 -0.4423286 0.6341019 -0.6342399 -0.4423242 0.6340003 -0.6343445 -0.4810197 0.6200873 -0.6197676 -0.4811077 0.6199437 -0.6198429 -0.5185189 0.604662 -0.6045842 -0.5185924 0.6045154 -0.6046678 -0.5555178 0.5881953 -0.5877299 -0.5556231 0.5880256 -0.5878 -0.5913515 0.5700349 -0.5704067 -0.591527 0.5698202 -0.5704393 -0.6256609 0.5520147 -0.5512062 -0.6259586 0.551454 -0.5514294 -0.6591777 0.5319216 -0.5315489 -0.9999999 -5.34902e-4 0 -1 3.21081e-5 0 -1 -1.06548e-5 0 -0.9999999 6.59359e-4 0 -0.9999998 -7.20948e-4 0 -1 5.65851e-4 0 -1 1.18438e-6 0 -1 -1.22004e-4 0 -1 -7.69501e-5 0 -1 4.2328e-4 0 -1 -5.37129e-4 0 -1 2.96502e-4 0 -1 -1.48765e-4 0 -0.9999951 -0.00313723 0 -1 4.78332e-6 0 -1 -7.63514e-5 0 -0.9999999 6.52209e-4 0 -1 5.07065e-6 0 -1 -4.46201e-4 0 -1 -1.12664e-4 0 -1 -9.0878e-6 0 -1 2.02332e-4 0 -1 -8.50496e-5 0 -1 1.16598e-6 0 -1 -1.42531e-6 0 -1 1.64064e-4 0 -0.9999999 -5.02576e-4 0 -1 1.66306e-4 0 -0.9999989 0.001497507 0 -1 -3.05894e-6 0 -1 5.30984e-6 0 -1 8.39108e-5 0 -1 1.06841e-4 0 -1 -4.61581e-4 0 -1 1.53902e-4 0 -1 2.92285e-4 0 -1 -9.00531e-5 0 -1 3.59731e-4 0 -1 9.5212e-5 0 -1 -2.70815e-4 0 -1 2.38806e-4 0 -0.9999999 4.71059e-4 0 -1 -9.58227e-7 0 -1 -3.50485e-4 0 -1 -9.58016e-6 0 -1 -3.14973e-4 0 -1 2.33307e-5 0 -1 1.70416e-4 0 -1 -1.54747e-4 0 -1 2.68375e-4 0 -1 -4.0277e-5 0 -1 2.69992e-4 0 -1 2.86419e-6 0 -1 6.1429e-5 0 -0.9999999 -5.61088e-4 0 -1 6.9373e-6 0 -1 3.19616e-4 0 -1 -1.7269e-4 0 -1 2.36044e-4 0 -1 -1.89321e-5 0 -1 3.40024e-4 0 -0.9999991 -0.001333296 0 -1 9.08438e-6 0 -0.9999941 -0.003461658 0 -0.9999997 8.33598e-4 0 1 0 0 1 -4.56647e-4 0 0.9999908 -0.004302144 0 1 -2.87625e-4 0 1 5.30433e-4 0 1 -1.74053e-4 0 1 -4.01264e-4 0 1 3.60474e-4 0 0.9999999 -5.7154e-4 0 1 2.69992e-4 0 0.9999997 8.44327e-4 0 0.9999999 -6.52209e-4 0 1 3.76097e-4 0 1 -1.1782e-4 0 1 -1.27995e-4 0 1 -4.10952e-4 0 0.9999998 6.21311e-4 0 0.9999933 -0.003666281 0 1 2.97941e-4 0 1 -2.11642e-4 0 0.9999998 7.32265e-4 0 1 -1.02475e-5 0 0.9999998 6.01471e-4 0 1 1.59871e-4 0 1 -2.42564e-4 0 1 2.2299e-4 0 1 -1.10751e-4 0 1 1.96247e-4 0 1 -1.87275e-4 0 1 -3.03161e-5 0 1 1.68262e-4 0 1 1.97257e-4 0 1 -3.22731e-5 0 1 -3.17453e-4 0 1 4.15844e-4 0 1 1.29954e-4 0 1 1.69015e-4 0 1 -1.08101e-4 0 1 1.72604e-4 0 1 -1.10571e-4 0 1 -5.04863e-5 0 1 1.72239e-4 0 1 -3.1287e-5 0 1 6.38062e-5 0 1 2.67339e-4 0 1 9.5212e-5 0 1 3.33485e-5 0 1 -1.35466e-4 0 1 -9.10822e-6 0 0.9999998 6.71862e-4 0 1 -4.40031e-5 0 1 -3.57756e-5 0 1 -2.67339e-4 0 0.9999995 -0.001021623 0 1 3.47492e-5 0 1 -2.53203e-4 0 1 3.16108e-6 0 1 -1.42976e-4 0 1 -8.07591e-5 0 1 1.6081e-4 0 0.9999999 -5.50737e-4 0 1 3.74471e-4 0 0.9999994 0.001140117 0 1 -4.40806e-5 0 1 -1.58269e-4 0 1 1.62015e-4 0 1 1.09966e-4 0 1 -3.98287e-4 0 1 1.73651e-4 0 1 1.56863e-4 0 1 -9.47988e-5 0 1 -9.59909e-5 0 1 7.72196e-5 0 1 -3.19645e-5 0 1 1.65725e-6 0 1 1.60093e-5 0 1 -6.85881e-5 0 1 1.75239e-4 0 1 -7.62898e-6 0 1 -1.06197e-5 0 1 2.70788e-5 0 1 -1.46143e-4 0 1 -1.22577e-4 0 1 -1.76913e-4 0 1 2.28845e-5 0 1 4.10952e-4 0 0.9999999 -5.23697e-4 0 1 3.08917e-4 0 0.9999997 -7.93414e-4 0 0.9999998 6.86734e-4 0 1 -3.12796e-4 0 1 -1.45714e-4 0 1 -1.61129e-4 0 0.9999998 6.76533e-4 0 0.9999883 -0.004860162 0 1 2.42739e-5 0 1 -9.02059e-6 0 1 6.74611e-5 0 1 3.90169e-5 0 1 1.48017e-4 0 1 9.43462e-5 0 1 1.66207e-4 0 0.9999997 -8.73553e-4 0 0.9999992 0.001248776 0 1 -4.5422e-6 0 0.9999953 -0.003099501 0 1 -3.58415e-4 0 1 -3.87046e-6 0 1 -1.95843e-4 0 1 2.0104e-4 0 1 -3.41701e-5 0 1 1.43537e-4 0 1 8.12887e-5 0 0.9999998 -7.44186e-4 0 1 7.60589e-5 0 1 3.0318e-4 0 1 -1.12696e-4 0 1 2.81889e-4 0 1 -3.70951e-5 0 1 5.09671e-5 0 1 4.45659e-5 0 1 -6.11902e-5 0 0.9999999 -5.38109e-4 0 1 -6.09704e-5 0 1 -4.17798e-4 0 0.9999999 4.75031e-4 0 1 -2.69221e-4 0 1 7.90785e-5 0 1 -1.00819e-4 0 1 -1.6642e-5 0 1 2.11401e-5 0 1 4.64935e-5 0 1 -1.8849e-4 0 1 1.69985e-4 0 1 -1.82365e-4 0 1 1.13248e-4 0 1 3.26143e-5 0 1 2.60476e-5 0 0.9999992 -0.001255273 0 0.9999941 0.003461658 0 1 3.4104e-5 0 1 -6.92109e-5 0 -0.06541717 0.7055667 -0.7056177 -0.1521363 0.6988829 -0.6988685 -0.2377324 0.6866888 -0.6869803 -0.3213884 0.6696591 -0.6695268 -0.4027259 0.6472381 -0.6472207 -0.4809807 0.6199719 -0.6199132 -0.5555826 0.5878776 -0.5879864 -0.9895266 0.116347 -0.08544397 -0.6914867 0.5109111 -0.5107015 -0.6593126 0.5316423 -0.531661 -0.6259679 0.5514664 -0.5514064 -0.5913093 0.5702581 -0.5702273 -0.6259812 0.5513864 -0.5514713 -0.5913013 0.5701843 -0.5703093 -0.5187308 0.6047382 -0.6043262 -0.5555422 0.5879044 -0.5879977 -0.518794 0.604489 -0.6045212 -0.4423929 0.6340157 -0.6342811 -0.4809256 0.6200621 -0.6198658 -0.4422594 0.6342161 -0.6341739 -0.3624541 0.6592255 -0.6588239 -0.4027822 0.6470928 -0.6473311 -0.3625043 0.6589611 -0.6590606 -0.2799205 0.6787263 -0.6789515 -0.321382 0.6695609 -0.6696282 -0.2798394 0.6788889 -0.6788224 -0.1950847 0.693688 -0.6933535 -0.2376915 0.6868514 -0.6868319 -0.1951333 0.6934205 -0.6936073 -0.1088608 0.7029645 -0.7028445 -0.1521337 0.698804 -0.6989481 -0.1088528 0.7029862 -0.7028241 -0.02178359 0.7069439 -0.7069342 -0.06539094 0.7056088 -0.705578 -0.02182257 0.7069556 -0.7069212 -0.6756457 0.5212561 -0.5213396 -0.737264 0.4777276 -0.477722 -0.7372428 0.4777633 -0.477719 -0.793344 0.4305011 -0.430435 -0.7933924 0.4303786 -0.4304684 -0.8433711 0.3799163 -0.3799854 -0.843325 0.3800486 -0.3799554 -0.8870452 0.3264251 -0.3264927 -0.8869987 0.3265706 -0.3264737 -0.9238939 0.2705053 -0.2706421 -0.923843 0.2706924 -0.2706286 -0.9537313 0.2126188 -0.2125792 -0.9537507 0.2125333 -0.2125776 -0.9762841 0.1531084 -0.1530597 -0.9763203 0.1529139 -0.1530232 -0.9914366 0.09243321 -0.09224843 -0.9914357 0.09234136 -0.09234929 -0.9990501 0.03078061 -0.03084522 -0.9990477 0.03085994 -0.0308454 0.02181398 0.7069536 -0.7069235 0.108891 0.7028257 -0.7029786 0.1950507 0.6934871 -0.6935639 0.2798701 0.6788518 -0.6788469 0.3624165 0.6589937 -0.6590762 0.442309 0.6340961 -0.6342595 0.5187441 0.6046084 -0.6044447 0.5912716 0.5704095 -0.5701148 0.9894285 0.1171846 -0.08543467 0.9914357 0.09234136 -0.09234929 0.9990466 0.03089666 -0.0308451 0.9990477 0.03085994 -0.0308454 0.9914387 0.09231728 -0.09234172 0.9763319 0.1528887 -0.1529747 0.9762862 0.1531361 -0.1530181 0.953707 0.2126433 -0.2126641 0.9536901 0.2127233 -0.2126596 0.9238955 0.2705909 -0.270551 0.9239171 0.2705121 -0.270556 0.8870058 0.3264559 -0.3265691 0.8869501 0.3266255 -0.3265507 0.843426 0.3798654 -0.3799146 0.8433672 0.380026 -0.3798841 0.793352 0.4304748 -0.4304465 0.7933844 0.4304045 -0.4304569 0.7372912 0.4776666 -0.4777409 0.7372153 0.4778245 -0.4777 0.6259843 0.5513629 -0.5514913 0.5914846 0.5699506 -0.5703528 0.6258216 0.5515756 -0.5514633 0.6756517 0.5212327 -0.5213553 0.6591437 0.5319697 -0.531543 0.6916487 0.510607 -0.5107863 0.5555106 0.5881103 -0.5878217 0.518889 0.604241 -0.6046877 0.5555315 0.5879878 -0.5879245 0.4811113 0.619822 -0.6199619 0.4421274 0.6343957 -0.6340863 0.4810832 0.6197953 -0.6200104 0.4027319 0.6473002 -0.6471551 0.362459 0.65894 -0.6591067 0.402682 0.6473317 -0.6471545 0.3215045 0.6695757 -0.6695545 0.27982 0.6787955 -0.6789237 0.3214988 0.6695626 -0.6695703 0.2376756 0.6870462 -0.6866424 0.1951667 0.6931512 -0.6938671 0.2376156 0.6870287 -0.6866809 0.1520977 0.6991202 -0.6986395 0.1089009 0.7027418 -0.7030609 0.1521264 0.6988762 -0.6988775 0.06539762 0.7056804 -0.7055058 0.02184152 0.7068711 -0.7070051 0.06536537 0.705635 -0.7055542</float_array>
          <technique_common>
            <accessor source="#chassis_default_as_machined__23-mesh-normals-array" count="1300" stride="3">
              <param name="X" type="float"/>
              <param name="Y" type="float"/>
              <param name="Z" type="float"/>
            </accessor>
          </technique_common>
        </source>
        <vertices id="chassis_default_as_machined__23-mesh-vertices">
          <input semantic="POSITION" source="#chassis_default_as_machined__23-mesh-positions"/>
        </vertices>
        <triangles count="2056">
          <input semantic="VERTEX" source="#chassis_default_as_machined__23-mesh-vertices" offset="0"/>
          <input semantic="NORMAL" source="#chassis_default_as_machined__23-mesh-normals" offset="1"/>
          <p>0 0 1 0 2 0 3 1 4 1 5 1 4 0 6 0 5 0 5 0 6 0 7 0 6 2 8 2 7 2 7 3 8 3 9 3 10 0 11 0 12 0 11 4 13 4 12 4 12 5 13 5 14 5 15 6 16 6 17 6 18 0 19 0 20 0 19 0 21 0 20 0 20 7 21 7 22 7 21 8 23 8 22 8 22 0 23 0 24 0 15 0 17 0 25 0 17 9 26 9 25 9 25 0 26 0 27 0 26 0 28 0 27 0 27 0 28 0 29 0 28 0 30 0 29 0 29 0 30 0 10 0 30 0 31 0 10 0 10 10 31 10 11 10 13 0 32 0 14 0 32 0 33 0 14 0 14 0 33 0 34 0 33 0 35 0 34 0 34 0 35 0 36 0 16 11 15 11 37 11 15 0 38 0 37 0 37 0 38 0 39 0 38 0 40 0 39 0 39 0 40 0 41 0 41 12 40 12 42 12 40 13 43 13 42 13 42 0 43 0 44 0 43 0 45 0 44 0 44 0 45 0 46 0 35 0 47 0 36 0 47 0 48 0 36 0 36 0 48 0 49 0 48 14 50 14 49 14 49 0 50 0 51 0 50 15 52 15 51 15 51 0 52 0 53 0 52 16 54 16 53 16 53 17 54 17 55 17 56 0 57 0 58 0 57 18 59 18 58 18 58 0 59 0 60 0 59 19 61 19 60 19 60 0 61 0 62 0 61 0 63 0 62 0 62 0 63 0 64 0 63 0 65 0 64 0 64 20 65 20 66 20 65 21 67 21 66 21 66 20 67 20 3 20 67 0 68 0 3 0 3 22 68 22 4 22 23 23 69 23 24 23 69 0 70 0 24 0 24 0 70 0 71 0 70 24 72 24 71 24 71 0 72 0 73 0 72 0 74 0 73 0 73 0 74 0 75 0 74 0 76 0 75 0 75 3 76 3 77 3 76 2 78 2 77 2 77 25 78 25 2 25 78 0 79 0 2 0 2 26 79 26 0 26 46 27 45 27 80 27 45 0 81 0 80 0 80 28 81 28 82 28 81 0 83 0 82 0 82 0 83 0 84 0 83 29 85 29 84 29 84 0 85 0 86 0 85 0 87 0 86 0 86 0 87 0 88 0 54 0 89 0 55 0 89 0 90 0 55 0 55 0 90 0 91 0 90 0 92 0 91 0 91 30 92 30 93 30 92 0 94 0 93 0 93 0 94 0 95 0 94 0 96 0 95 0 88 0 87 0 97 0 87 0 98 0 97 0 97 0 98 0 99 0 100 31 101 31 96 31 101 32 102 32 96 32 96 33 102 33 95 33 98 0 103 0 99 0 103 34 104 34 99 34 99 35 104 35 105 35 8 0 106 0 9 0 106 0 107 0 9 0 9 36 107 36 108 36 107 0 109 0 108 0 108 37 109 37 110 37 109 0 111 0 110 0 110 0 111 0 112 0 111 0 113 0 112 0 112 0 113 0 100 0 113 0 114 0 100 0 100 38 114 38 101 38 104 39 115 39 105 39 115 40 116 40 105 40 105 0 116 0 117 0 116 0 118 0 117 0 117 0 118 0 119 0 118 0 120 0 119 0 119 0 120 0 121 0 120 0 122 0 121 0 121 0 122 0 18 0 122 0 123 0 18 0 18 41 123 41 19 41 124 42 125 42 126 42 125 43 127 43 126 43 126 44 127 44 128 44 127 45 129 45 128 45 128 46 129 46 130 46 129 47 131 47 130 47 130 48 131 48 132 48 131 49 133 49 132 49 132 50 133 50 134 50 133 51 135 51 134 51 134 48 135 48 136 48 135 52 137 52 136 52 136 53 137 53 138 53 137 54 139 54 138 54 138 46 139 46 140 46 139 55 141 55 140 55 140 56 141 56 142 56 141 57 143 57 142 57 142 58 143 58 144 58 143 55 145 55 144 55 144 59 145 59 146 59 145 60 147 60 146 60 146 61 147 61 148 61 147 62 149 62 148 62 148 63 149 63 150 63 149 64 151 64 150 64 150 65 151 65 152 65 151 66 153 66 152 66 152 67 153 67 154 67 153 68 155 68 154 68 154 69 155 69 156 69 155 70 157 70 156 70 156 48 157 48 158 48 157 71 159 71 158 71 158 72 159 72 160 72 159 69 161 69 160 69 160 48 161 48 162 48 161 73 163 73 162 73 162 74 163 74 164 74 163 75 165 75 164 75 164 76 165 76 166 76 165 77 167 77 166 77 166 78 167 78 168 78 167 79 169 79 168 79 168 80 169 80 170 80 169 81 171 81 170 81 170 82 171 82 172 82 171 83 173 83 172 83 172 84 173 84 174 84 173 79 175 79 174 79 174 80 175 80 176 80 175 85 177 85 176 85 176 86 177 86 178 86 177 87 179 87 178 87 178 80 179 80 180 80 179 87 181 87 180 87 180 88 181 88 182 88 181 89 183 89 182 89 182 90 183 90 184 90 183 91 185 91 184 91 184 92 185 92 186 92 185 93 187 93 186 93 186 94 187 94 188 94 187 55 189 55 188 55 188 94 189 94 190 94 189 95 191 95 190 95 190 96 191 96 192 96 191 55 193 55 192 55 192 97 193 97 194 97 193 98 195 98 194 98 194 99 195 99 196 99 195 100 197 100 196 100 196 82 197 82 198 82 197 101 199 101 198 101 198 102 199 102 200 102 199 103 201 103 200 103 200 104 201 104 202 104 201 105 203 105 202 105 202 106 203 106 204 106 203 107 205 107 204 107 204 108 205 108 206 108 205 109 207 109 206 109 206 99 207 99 208 99 207 110 209 110 208 110 208 111 209 111 210 111 209 112 211 112 210 112 210 113 211 113 212 113 211 114 213 114 212 114 212 115 213 115 214 115 213 116 215 116 214 116 214 92 215 92 216 92 215 117 217 117 216 117 216 118 217 118 218 118 217 117 219 117 218 117 218 42 219 42 220 42 219 90 221 90 220 90 220 87 221 87 222 87 221 98 223 98 222 98 222 119 223 119 224 119 223 89 225 89 224 89 224 120 225 120 226 120 225 55 227 55 226 55 226 121 227 121 228 121 227 122 229 122 228 122 228 120 229 120 230 120 229 123 231 123 230 123 230 124 231 124 232 124 231 43 233 43 232 43 232 125 233 125 234 125 233 79 235 79 234 79 234 80 235 80 236 80 235 126 237 126 236 126 236 96 237 96 238 96 237 127 239 127 238 127 238 128 239 128 240 128 239 129 241 129 240 129 240 46 241 46 242 46 241 75 243 75 242 75 242 130 243 130 244 130 243 128 245 128 244 128 244 48 245 48 246 48 245 131 247 131 246 131 246 61 247 61 248 61 247 48 249 48 248 48 248 44 249 44 250 44 249 132 251 132 250 132 250 51 251 51 252 51 251 133 253 133 252 133 252 48 253 48 254 48 253 134 255 134 254 134 254 46 255 46 256 46 255 58 257 58 256 58 256 135 257 135 258 135 257 136 259 136 258 136 258 57 259 57 260 57 259 137 261 137 260 137 260 138 261 138 262 138 261 57 263 57 262 57 262 55 263 55 264 55 263 131 265 131 264 131 264 139 265 139 266 139 265 66 267 66 266 66 266 50 267 50 268 50 267 128 269 128 268 128 268 140 269 140 270 140 269 131 271 131 270 131 270 141 271 141 272 141 271 58 273 58 272 58 272 46 273 46 274 46 273 142 275 142 274 142 274 143 275 143 276 143 275 144 277 144 276 144 276 145 277 145 278 145 277 146 279 146 278 146 278 125 279 125 280 125 279 147 281 147 280 147 280 148 281 148 282 148 281 87 283 87 282 87 282 42 283 42 284 42 283 149 285 149 284 149 284 150 285 150 286 150 285 151 287 151 286 151 286 152 287 152 288 152 287 125 289 125 288 125 288 94 289 94 290 94 289 43 291 43 290 43 290 90 291 90 292 90 291 85 293 85 292 85 292 125 293 125 294 125 293 153 295 153 294 153 294 88 295 88 296 88 295 90 297 90 296 90 296 154 297 154 298 154 297 91 299 91 298 91 298 155 299 155 300 155 299 156 301 156 300 156 300 124 301 124 302 124 301 157 303 157 302 157 302 84 303 84 304 84 303 158 305 158 304 158 304 118 305 118 306 118 305 159 307 159 306 159 306 160 307 160 308 160 307 161 309 161 308 161 308 162 309 162 310 162 309 116 311 116 310 116 310 163 311 163 312 163 311 164 313 164 312 164 312 104 313 104 314 104 313 104 315 104 314 104 314 165 315 165 316 165 315 166 317 166 316 166 316 167 317 167 318 167 317 125 319 125 318 125 318 168 319 168 320 168 319 169 321 169 320 169 320 170 321 170 322 170 321 98 323 98 322 98 322 115 323 115 324 115 323 171 325 171 324 171 324 172 325 172 326 172 325 173 327 173 326 173 326 174 327 174 328 174 327 175 329 175 328 175 328 176 329 176 330 176 329 115 331 115 330 115 330 177 331 177 332 177 331 178 333 178 332 178 332 119 333 119 334 119 333 179 335 179 334 179 334 82 335 82 336 82 335 90 337 90 336 90 336 180 337 180 338 180 337 119 339 119 338 119 338 162 339 162 340 162 339 80 341 80 340 80 340 181 341 181 342 181 341 182 343 182 342 182 342 183 343 183 344 183 343 151 345 151 344 151 344 80 345 80 346 80 345 184 347 184 346 184 346 86 347 86 124 86 347 185 125 185 124 185 348 186 312 186 349 186 312 187 314 187 349 187 315 188 313 188 350 188 313 189 351 189 350 189 352 190 353 190 354 190 2 191 1 191 355 191 1 192 356 192 355 192 354 193 353 193 356 193 353 194 357 194 356 194 356 195 357 195 355 195 358 196 359 196 360 196 359 197 361 197 360 197 360 198 361 198 362 198 363 199 364 199 365 199 363 200 365 200 366 200 365 201 367 201 366 201 366 202 367 202 349 202 367 203 350 203 349 203 349 204 350 204 348 204 350 205 351 205 348 205 348 206 351 206 358 206 351 207 368 207 358 207 358 208 368 208 359 208 369 209 370 209 371 209 370 210 372 210 371 210 371 211 372 211 373 211 372 212 374 212 373 212 373 213 374 213 375 213 374 214 56 214 375 214 375 191 56 191 58 191 361 215 376 215 362 215 376 216 377 216 362 216 362 217 377 217 378 217 377 218 379 218 378 218 378 219 379 219 380 219 364 220 363 220 381 220 363 221 382 221 381 221 381 222 382 222 383 222 382 223 384 223 383 223 383 224 384 224 385 224 385 225 384 225 386 225 384 226 387 226 386 226 386 227 387 227 388 227 387 228 389 228 388 228 388 229 389 229 390 229 379 230 391 230 380 230 391 231 392 231 380 231 380 232 392 232 393 232 392 233 394 233 393 233 393 234 394 234 395 234 394 235 396 235 395 235 395 236 396 236 397 236 396 237 398 237 397 237 397 238 398 238 399 238 390 239 389 239 400 239 389 240 401 240 400 240 400 241 401 241 402 241 401 242 403 242 402 242 402 243 403 243 404 243 403 244 405 244 404 244 404 245 405 245 406 245 405 246 407 246 406 246 406 247 407 247 408 247 398 248 409 248 399 248 409 249 410 249 399 249 399 250 410 250 411 250 410 251 412 251 411 251 411 252 412 252 413 252 412 253 414 253 413 253 413 254 414 254 415 254 414 255 416 255 415 255 408 256 407 256 417 256 407 257 418 257 417 257 417 258 418 258 419 258 420 259 421 259 416 259 421 260 422 260 416 260 416 261 422 261 415 261 418 262 423 262 419 262 423 263 424 263 419 263 419 264 424 264 425 264 354 265 426 265 352 265 426 266 427 266 352 266 352 267 427 267 428 267 427 268 429 268 428 268 428 269 429 269 430 269 429 270 431 270 430 270 430 271 431 271 432 271 431 272 433 272 432 272 432 273 433 273 420 273 433 274 434 274 420 274 420 275 434 275 421 275 424 276 435 276 425 276 435 277 436 277 425 277 425 278 436 278 437 278 436 279 438 279 437 279 437 280 438 280 439 280 438 281 440 281 439 281 439 282 440 282 441 282 440 283 442 283 441 283 441 284 442 284 369 284 442 285 443 285 369 285 369 286 443 286 370 286 366 287 349 287 314 287 382 288 363 288 318 288 387 289 384 289 322 289 401 290 389 290 326 290 405 291 403 291 330 291 418 292 407 292 334 292 424 293 423 293 338 293 436 294 435 294 342 294 57 295 56 295 374 295 136 296 138 296 57 296 138 297 140 297 57 297 57 298 140 298 59 298 140 299 142 299 59 299 59 300 142 300 61 300 142 301 144 301 61 301 61 302 144 302 63 302 57 303 374 303 136 303 374 304 372 304 136 304 136 305 372 305 134 305 372 306 370 306 134 306 134 307 370 307 132 307 370 308 443 308 132 308 132 309 443 309 130 309 443 310 442 310 130 310 130 311 442 311 128 311 442 312 440 312 128 312 128 313 440 313 126 313 436 314 342 314 438 314 342 315 344 315 438 315 344 316 346 316 438 316 438 317 346 317 440 317 346 318 124 318 440 318 440 319 124 319 126 319 424 320 338 320 435 320 338 321 340 321 435 321 435 322 340 322 342 322 418 323 334 323 423 323 334 324 336 324 423 324 423 325 336 325 338 325 405 326 330 326 407 326 330 327 332 327 407 327 407 328 332 328 334 328 401 329 326 329 403 329 326 330 328 330 403 330 403 331 328 331 330 331 387 332 322 332 389 332 322 333 324 333 389 333 389 334 324 334 326 334 382 335 318 335 384 335 318 336 320 336 384 336 384 337 320 337 322 337 366 338 314 338 363 338 314 339 316 339 363 339 363 340 316 340 318 340 310 341 312 341 348 341 310 342 348 342 308 342 348 343 358 343 308 343 358 344 360 344 308 344 308 345 360 345 306 345 360 346 304 346 306 346 360 347 362 347 304 347 362 348 378 348 304 348 304 349 378 349 302 349 378 350 300 350 302 350 378 351 380 351 300 351 380 352 393 352 300 352 300 353 393 353 298 353 393 354 296 354 298 354 393 355 395 355 296 355 395 356 397 356 296 356 296 357 397 357 294 357 397 358 292 358 294 358 397 359 399 359 292 359 399 360 411 360 292 360 292 361 411 361 290 361 411 362 288 362 290 362 411 363 413 363 288 363 413 364 415 364 288 364 288 365 415 365 286 365 415 366 284 366 286 366 415 367 422 367 284 367 422 368 421 368 284 368 284 369 421 369 282 369 421 370 280 370 282 370 421 371 434 371 280 371 434 372 433 372 280 372 280 373 433 373 278 373 433 374 276 374 278 374 356 375 1 375 0 375 433 376 431 376 276 376 431 377 429 377 276 377 276 378 429 378 274 378 429 379 427 379 274 379 274 380 427 380 272 380 427 381 426 381 272 381 272 382 426 382 270 382 426 383 354 383 270 383 270 384 354 384 268 384 354 385 356 385 268 385 268 386 356 386 266 386 356 387 0 387 266 387 266 388 0 388 264 388 0 389 79 389 264 389 264 390 79 390 262 390 79 391 78 391 262 391 262 392 78 392 260 392 78 393 76 393 260 393 260 394 76 394 258 394 203 395 201 395 28 395 201 396 30 396 28 396 203 397 28 397 205 397 28 398 26 398 205 398 205 399 26 399 207 399 26 400 17 400 207 400 207 401 17 401 209 401 17 402 16 402 209 402 209 403 16 403 211 403 16 404 37 404 211 404 211 405 37 405 213 405 37 406 39 406 213 406 213 407 39 407 215 407 39 408 41 408 215 408 215 409 41 409 217 409 41 410 42 410 217 410 217 411 42 411 219 411 42 412 44 412 219 412 219 413 44 413 221 413 44 414 46 414 221 414 221 415 46 415 223 415 46 416 80 416 223 416 223 417 80 417 225 417 80 418 82 418 225 418 225 419 82 419 227 419 82 420 84 420 227 420 227 421 84 421 229 421 84 422 86 422 229 422 229 423 86 423 231 423 86 424 88 424 231 424 231 425 88 425 233 425 88 426 235 426 233 426 88 427 97 427 235 427 97 428 99 428 235 428 235 429 99 429 237 429 99 430 239 430 237 430 99 431 105 431 239 431 105 432 117 432 239 432 239 433 117 433 241 433 117 434 119 434 241 434 241 435 119 435 243 435 119 436 121 436 243 436 243 437 121 437 245 437 121 438 18 438 245 438 245 439 18 439 247 439 18 440 20 440 247 440 247 441 20 441 249 441 20 442 22 442 249 442 249 443 22 443 251 443 22 444 24 444 251 444 251 445 24 445 253 445 24 446 71 446 253 446 253 447 71 447 255 447 71 448 73 448 255 448 255 449 73 449 257 449 444 450 445 450 446 450 445 451 447 451 446 451 446 452 447 452 448 452 447 453 449 453 448 453 448 454 449 454 450 454 449 455 451 455 450 455 450 456 451 456 452 456 451 457 453 457 452 457 452 458 453 458 454 458 453 459 455 459 454 459 454 460 455 460 456 460 455 461 457 461 456 461 456 462 457 462 458 462 457 463 459 463 458 463 458 464 459 464 460 464 459 465 461 465 460 465 460 466 461 466 462 466 461 467 463 467 462 467 462 468 463 468 464 468 463 469 465 469 464 469 464 470 465 470 466 470 465 471 467 471 466 471 466 472 467 472 468 472 467 473 469 473 468 473 468 474 469 474 470 474 469 475 471 475 470 475 470 476 471 476 472 476 471 477 473 477 472 477 472 478 473 478 474 478 473 479 475 479 474 479 474 480 475 480 476 480 475 481 477 481 476 481 476 482 477 482 478 482 477 483 479 483 478 483 478 484 479 484 480 484 479 485 481 485 480 485 480 486 481 486 482 486 481 487 483 487 482 487 482 488 483 488 484 488 483 489 485 489 484 489 484 490 485 490 486 490 485 491 487 491 486 491 486 492 487 492 488 492 487 493 489 493 488 493 488 494 489 494 490 494 489 495 491 495 490 495 490 496 491 496 492 496 491 497 493 497 492 497 492 498 493 498 494 498 493 499 495 499 494 499 494 500 495 500 496 500 495 501 497 501 496 501 496 502 497 502 498 502 497 503 499 503 498 503 498 504 499 504 500 504 499 505 501 505 500 505 500 506 501 506 502 506 501 507 503 507 502 507 502 508 503 508 504 508 503 509 505 509 504 509 504 510 505 510 506 510 505 511 507 511 506 511 506 512 507 512 508 512 507 513 509 513 508 513 508 514 509 514 510 514 509 515 511 515 510 515 510 516 511 516 512 516 511 517 513 517 512 517 512 518 513 518 514 518 513 519 515 519 514 519 514 520 515 520 516 520 515 521 517 521 516 521 516 522 517 522 518 522 517 523 519 523 518 523 518 524 519 524 520 524 519 525 521 525 520 525 520 526 521 526 522 526 521 527 523 527 522 527 522 528 523 528 524 528 523 529 525 529 524 529 524 530 525 530 526 530 525 531 527 531 526 531 526 532 527 532 528 532 527 533 529 533 528 533 528 534 529 534 530 534 529 535 531 535 530 535 530 536 531 536 532 536 531 537 533 537 532 537 532 538 533 538 534 538 533 539 535 539 534 539 534 540 535 540 536 540 535 540 537 540 536 540 536 541 537 541 538 541 537 542 539 542 538 542 538 543 539 543 540 543 539 544 541 544 540 544 540 545 541 545 542 545 541 546 543 546 542 546 542 547 543 547 544 547 543 548 545 548 544 548 544 549 545 549 546 549 545 550 547 550 546 550 546 551 547 551 548 551 547 552 549 552 548 552 548 553 549 553 550 553 549 554 551 554 550 554 550 555 551 555 552 555 551 556 553 556 552 556 552 557 553 557 554 557 553 558 555 558 554 558 554 559 555 559 556 559 555 560 557 560 556 560 556 561 557 561 558 561 557 562 559 562 558 562 558 563 559 563 560 563 559 564 561 564 560 564 560 565 561 565 562 565 561 566 563 566 562 566 562 567 563 567 564 567 563 568 565 568 564 568 564 569 565 569 566 569 565 570 567 570 566 570 566 571 567 571 568 571 567 572 569 572 568 572 568 573 569 573 570 573 569 574 571 574 570 574 570 575 571 575 572 575 571 576 573 576 572 576 572 577 573 577 574 577 573 578 575 578 574 578 574 579 575 579 576 579 575 580 577 580 576 580 576 581 577 581 578 581 577 582 579 582 578 582 578 583 579 583 580 583 579 584 581 584 580 584 580 585 581 585 582 585 581 586 583 586 582 586 582 587 583 587 584 587 583 588 585 588 584 588 584 589 585 589 586 589 585 590 587 590 586 590 586 591 587 591 444 591 587 592 445 592 444 592 588 593 589 593 590 593 589 451 591 451 590 451 590 594 591 594 592 594 591 595 593 595 592 595 592 596 593 596 594 596 593 455 595 455 594 455 594 597 595 597 596 597 595 598 597 598 596 598 596 599 597 599 598 599 597 600 599 600 598 600 598 601 599 601 600 601 599 602 601 602 600 602 600 462 601 462 602 462 601 603 603 603 602 603 602 604 603 604 604 604 603 605 605 605 604 605 604 606 605 606 606 606 605 606 607 606 606 606 606 468 607 468 608 468 607 607 609 607 608 607 608 608 609 608 610 608 609 470 611 470 610 470 610 609 611 609 612 609 611 610 613 610 612 610 612 474 613 474 614 474 613 611 615 611 614 611 614 612 615 612 616 612 615 477 617 477 616 477 616 479 617 479 618 479 617 479 619 479 618 479 618 613 619 613 620 613 619 614 621 614 620 614 620 615 621 615 622 615 621 616 623 616 622 616 622 484 623 484 624 484 623 617 625 617 624 617 624 618 625 618 626 618 625 619 627 619 626 619 626 620 627 620 628 620 627 621 629 621 628 621 628 622 629 622 630 622 629 623 631 623 630 623 630 493 631 493 632 493 631 624 633 624 632 624 632 494 633 494 634 494 633 494 635 494 634 494 634 625 635 625 636 625 635 497 637 497 636 497 636 498 637 498 638 498 637 626 639 626 638 626 638 627 639 627 640 627 639 501 641 501 640 501 640 502 641 502 642 502 641 628 643 628 642 628 642 504 643 504 644 504 643 504 645 504 644 504 644 506 645 506 646 506 645 629 647 629 646 629 646 508 647 508 648 508 647 630 649 630 648 630 648 631 649 631 650 631 649 632 651 632 650 632 650 633 651 633 652 633 651 634 653 634 652 634 652 635 653 635 654 635 653 636 655 636 654 636 654 637 655 637 656 637 655 516 657 516 656 516 656 638 657 638 658 638 657 519 659 519 658 519 658 520 659 520 660 520 659 639 661 639 660 639 660 640 661 640 662 640 661 523 663 523 662 523 662 641 663 641 664 641 663 642 665 642 664 642 664 643 665 643 666 643 665 644 667 644 666 644 666 645 667 645 668 645 667 646 669 646 668 646 668 647 669 647 670 647 669 648 671 648 670 648 670 649 671 649 672 649 671 650 673 650 672 650 672 534 673 534 674 534 673 535 675 535 674 535 674 651 675 651 676 651 675 652 677 652 676 652 676 539 677 539 678 539 677 539 679 539 678 539 678 653 679 653 680 653 679 540 681 540 680 540 680 541 681 541 682 541 681 654 683 654 682 654 682 655 683 655 684 655 683 544 685 544 684 544 684 545 685 545 686 545 685 656 687 656 686 656 686 657 687 657 688 657 687 657 689 657 688 657 688 658 689 658 690 658 689 549 691 549 690 549 690 659 691 659 692 659 691 660 693 660 692 660 692 661 693 661 694 661 693 662 695 662 694 662 694 663 695 663 696 663 695 664 697 664 696 664 696 665 697 665 698 665 697 558 699 558 698 558 698 666 699 666 700 666 699 667 701 667 700 667 700 562 701 562 702 562 701 668 703 668 702 668 702 669 703 669 704 669 703 563 705 563 704 563 704 670 705 670 706 670 705 671 707 671 706 671 706 672 707 672 708 672 707 567 709 567 708 567 708 673 709 673 710 673 709 674 711 674 710 674 710 572 711 572 712 572 711 675 713 675 712 675 712 676 713 676 714 676 713 574 715 574 714 574 714 677 715 677 716 677 715 677 717 677 716 677 716 577 717 577 718 577 717 678 719 678 718 678 718 579 719 579 720 579 719 580 721 580 720 580 720 679 721 679 722 679 721 680 723 680 722 680 722 583 723 583 724 583 723 681 725 681 724 681 724 682 725 682 726 682 725 683 727 683 726 683 726 684 727 684 728 684 727 588 729 588 728 588 728 685 729 685 730 685 729 590 731 590 730 590 730 686 731 686 588 686 731 687 589 687 588 687 732 593 733 593 734 593 733 451 735 451 734 451 734 594 735 594 736 594 735 688 737 688 736 688 736 596 737 596 738 596 737 455 739 455 738 455 738 689 739 689 740 689 739 690 741 690 740 690 740 691 741 691 742 691 741 459 743 459 742 459 742 601 743 601 744 601 743 602 745 602 744 602 744 462 745 462 746 462 745 603 747 603 746 603 746 604 747 604 748 604 747 465 749 465 748 465 748 606 749 606 750 606 749 467 751 467 750 467 750 468 751 468 752 468 751 692 753 692 752 692 752 608 753 608 754 608 753 693 755 693 754 693 754 609 755 609 756 609 755 610 757 610 756 610 756 474 757 474 758 474 757 611 759 611 758 611 758 612 759 612 760 612 759 477 761 477 760 477 760 479 761 479 762 479 761 479 763 479 762 479 762 694 763 694 764 694 763 480 765 480 764 480 764 695 765 695 766 695 765 616 767 616 766 616 766 484 767 484 768 484 767 617 769 617 768 617 768 618 769 618 770 618 769 619 771 619 770 619 770 696 771 696 772 696 771 621 773 621 772 621 772 697 773 697 774 697 773 698 775 698 774 698 774 493 775 493 776 493 775 624 777 624 776 624 776 494 777 494 778 494 777 494 779 494 778 494 778 625 779 625 780 625 779 497 781 497 780 497 780 498 781 498 782 498 781 626 783 626 782 626 782 627 783 627 784 627 783 699 785 699 784 699 784 502 785 502 786 502 785 503 787 503 786 503 786 504 787 504 788 504 787 505 789 505 788 505 788 506 789 506 790 506 789 700 791 700 790 700 790 508 791 508 792 508 791 630 793 630 792 630 792 631 793 631 794 631 793 632 795 632 794 632 794 701 795 701 796 701 795 702 797 702 796 702 796 703 797 703 798 703 797 704 799 704 798 704 798 637 799 637 800 637 799 516 801 516 800 516 800 638 801 638 802 638 801 705 803 705 802 705 802 520 803 520 804 520 803 639 805 639 804 639 804 640 805 640 806 640 805 523 807 523 806 523 806 641 807 641 808 641 807 706 809 706 808 706 808 643 809 643 810 643 809 644 811 644 810 644 810 645 811 645 812 645 811 646 813 646 812 646 812 647 813 647 814 647 813 648 815 648 814 648 814 649 815 649 816 649 815 650 817 650 816 650 816 534 817 534 818 534 817 535 819 535 818 535 818 707 819 707 820 707 819 652 821 652 820 652 820 539 821 539 822 539 821 708 823 708 822 708 822 653 823 653 824 653 823 709 825 709 824 709 824 541 825 541 826 541 825 710 827 710 826 710 826 655 827 655 828 655 827 544 829 544 828 544 828 545 829 545 830 545 829 656 831 656 830 656 830 548 831 548 832 548 831 657 833 657 832 657 832 658 833 658 834 658 833 549 835 549 834 549 834 659 835 659 836 659 835 660 837 660 836 660 836 711 837 711 838 711 837 662 839 662 838 662 838 663 839 663 840 663 839 664 841 664 840 664 840 665 841 665 842 665 841 558 843 558 842 558 842 712 843 712 844 712 843 667 845 667 844 667 844 562 845 562 846 562 845 668 847 668 846 668 846 669 847 669 848 669 847 563 849 563 848 563 848 565 849 565 850 565 849 671 851 671 850 671 850 672 851 672 852 672 851 567 853 567 852 567 852 673 853 673 854 673 853 674 855 674 854 674 854 572 855 572 856 572 855 571 857 571 856 571 856 676 857 676 858 676 857 713 859 713 858 713 858 677 859 677 860 677 859 714 861 714 860 714 860 578 861 578 862 578 861 678 863 678 862 678 862 579 863 579 864 579 863 580 865 580 864 580 864 679 865 679 866 679 865 680 867 680 866 680 866 583 867 583 868 583 867 681 869 681 868 681 868 682 869 682 870 682 869 683 871 683 870 683 870 684 871 684 872 684 871 588 873 588 872 588 872 685 873 685 874 685 873 715 875 715 874 715 874 686 875 686 732 686 875 687 733 687 732 687 876 450 877 450 878 450 877 451 879 451 878 451 878 452 879 452 880 452 879 716 881 716 880 716 880 596 881 596 882 596 881 717 883 717 882 717 882 718 883 718 884 718 883 719 885 719 884 719 884 600 885 600 886 600 885 600 887 600 886 600 886 460 887 460 888 460 887 461 889 461 888 461 888 462 889 462 890 462 889 463 891 463 890 463 890 464 891 464 892 464 891 605 893 605 892 605 892 466 893 466 894 466 893 606 895 606 894 606 894 468 895 468 896 468 895 720 897 720 896 720 896 693 897 693 898 693 897 471 899 471 898 471 898 472 899 472 900 472 899 473 901 473 900 473 900 474 901 474 902 474 901 475 903 475 902 475 902 476 903 476 904 476 903 477 905 477 904 477 904 478 905 478 906 478 905 479 907 479 906 479 906 480 907 480 908 480 907 481 909 481 908 481 908 721 909 721 910 721 909 483 911 483 910 483 910 484 911 484 912 484 911 485 913 485 912 485 912 486 913 486 914 486 913 487 915 487 914 487 914 722 915 722 916 722 915 489 917 489 916 489 916 490 917 490 918 490 917 491 919 491 918 491 918 492 919 492 920 492 919 493 921 493 920 493 920 494 921 494 922 494 921 495 923 495 922 495 922 496 923 496 924 496 923 497 925 497 924 497 924 498 925 498 926 498 925 499 927 499 926 499 926 723 927 723 928 723 927 501 929 501 928 501 928 502 929 502 930 502 929 628 931 628 930 628 930 504 931 504 932 504 931 504 933 504 932 504 932 506 933 506 934 506 933 724 935 724 934 724 934 508 935 508 936 508 935 509 937 509 936 509 936 510 937 510 938 510 937 511 939 511 938 511 938 725 939 725 940 725 939 726 941 726 940 726 940 727 941 727 942 727 941 728 943 728 942 728 942 729 943 729 944 729 943 730 945 730 944 730 944 518 945 518 946 518 945 705 947 705 946 705 946 520 947 520 948 520 947 521 949 521 948 521 948 522 949 522 950 522 949 523 951 523 950 523 950 524 951 524 952 524 951 731 953 731 952 731 952 732 953 732 954 732 953 733 955 733 954 733 954 734 955 734 956 734 955 735 957 735 956 735 956 736 957 736 958 736 957 737 959 737 958 737 958 532 959 532 960 532 959 533 961 533 960 533 960 534 961 534 962 534 961 535 963 535 962 535 962 536 963 536 964 536 963 652 965 652 964 652 964 539 965 539 966 539 965 539 967 539 966 539 966 540 967 540 968 540 967 709 969 709 968 709 968 541 969 541 970 541 969 738 971 738 970 738 970 543 971 543 972 543 971 544 973 544 972 544 972 545 973 545 974 545 973 546 975 546 974 546 974 547 975 547 976 547 975 548 977 548 976 548 976 549 977 549 978 549 977 550 979 550 978 550 978 739 979 739 980 739 979 740 981 740 980 740 980 741 981 741 982 741 981 554 983 554 982 554 982 555 983 555 984 555 983 556 985 556 984 556 984 557 985 557 986 557 985 558 987 558 986 558 986 742 987 742 988 742 987 560 989 560 988 560 988 743 989 743 990 743 989 743 991 743 990 743 990 563 991 563 992 563 991 564 993 564 992 564 992 565 993 565 994 565 993 566 995 566 994 566 994 567 995 567 996 567 995 568 997 568 996 568 996 569 997 569 998 569 997 570 999 570 998 570 998 571 999 571 1000 571 999 744 1001 744 1000 744 1000 573 1001 573 1002 573 1001 713 1003 713 1002 713 1002 677 1003 677 1004 677 1003 576 1005 576 1004 576 1004 577 1005 577 1006 577 1005 745 1007 745 1006 745 1006 579 1007 579 1008 579 1007 580 1009 580 1008 580 1008 581 1009 581 1010 581 1009 582 1011 582 1010 582 1010 746 1011 746 1012 746 1011 746 1013 746 1012 746 1012 747 1013 747 1014 747 1013 748 1015 748 1014 748 1014 684 1015 684 1016 684 1015 749 1017 749 1016 749 1016 589 1017 589 1018 589 1017 715 1019 715 1018 715 1018 591 1019 591 876 591 1019 592 877 592 876 592 100 750 163 750 112 750 163 751 161 751 112 751 112 752 161 752 110 752 161 753 159 753 110 753 110 754 159 754 108 754 159 755 157 755 108 755 108 756 157 756 9 756 157 757 155 757 9 757 9 758 155 758 7 758 155 759 153 759 7 759 7 760 153 760 5 760 153 761 151 761 5 761 5 762 151 762 3 762 151 763 149 763 3 763 3 764 149 764 66 764 149 765 147 765 66 765 66 766 147 766 64 766 96 767 167 767 100 767 167 768 165 768 100 768 100 769 165 769 163 769 30 770 201 770 31 770 201 771 199 771 31 771 31 772 199 772 11 772 199 773 197 773 11 773 11 774 197 774 13 774 197 775 195 775 13 775 13 776 195 776 32 776 195 777 193 777 32 777 32 778 193 778 33 778 193 779 191 779 33 779 33 780 191 780 35 780 191 781 189 781 35 781 35 782 189 782 47 782 189 783 187 783 47 783 47 784 187 784 48 784 187 785 185 785 48 785 48 786 185 786 50 786 185 787 183 787 50 787 50 788 183 788 52 788 183 789 181 789 52 789 52 790 181 790 54 790 181 791 179 791 54 791 54 792 179 792 89 792 179 793 177 793 89 793 89 794 177 794 90 794 177 795 175 795 90 795 90 796 175 796 92 796 175 797 173 797 92 797 92 798 173 798 94 798 173 799 171 799 94 799 94 800 171 800 96 800 171 801 169 801 96 801 96 802 169 802 167 802 773 803 771 803 459 803 145 804 749 804 747 804 62 805 771 805 769 805 827 803 825 803 147 803 825 806 823 806 147 806 147 807 823 807 821 807 851 803 849 803 147 803 769 803 767 803 62 803 767 803 765 803 62 803 62 808 765 808 763 808 843 809 841 809 147 809 841 810 839 810 147 810 555 811 147 811 557 811 147 812 821 812 557 812 557 813 821 813 559 813 821 814 561 814 559 814 743 803 741 803 147 803 849 803 847 803 147 803 847 803 845 803 147 803 147 815 845 815 843 815 555 816 553 816 147 816 553 817 551 817 147 817 147 818 551 818 549 818 145 819 747 819 147 819 747 803 745 803 147 803 147 820 745 820 743 820 741 803 739 803 147 803 739 803 737 803 147 803 147 821 737 821 735 821 863 803 147 803 865 803 147 822 867 822 865 822 857 803 855 803 147 803 855 803 853 803 147 803 147 823 853 823 851 823 549 803 547 803 147 803 547 824 545 824 147 824 147 825 545 825 543 825 763 803 761 803 62 803 761 803 759 803 62 803 62 826 759 826 757 826 839 803 837 803 147 803 837 803 835 803 147 803 147 827 835 827 833 827 833 803 831 803 147 803 831 803 829 803 147 803 147 828 829 828 827 828 863 803 861 803 147 803 861 829 859 829 147 829 147 830 859 830 857 830 533 803 531 803 64 803 62 831 64 831 501 831 459 803 771 803 461 803 771 803 62 803 461 803 461 803 62 803 463 803 813 803 811 803 565 803 779 832 777 832 459 832 777 803 775 803 459 803 459 833 775 833 773 833 757 803 755 803 62 803 755 834 753 834 62 834 62 803 753 803 145 803 753 803 751 803 145 803 145 835 751 835 749 835 735 803 733 803 147 803 733 803 875 803 147 803 147 836 875 836 873 836 873 803 871 803 147 803 871 803 869 803 147 803 147 837 869 837 867 837 533 803 64 803 535 803 501 803 499 803 62 803 499 838 497 838 62 838 62 839 497 839 495 839 471 803 469 803 62 803 579 803 783 803 581 803 783 840 583 840 581 840 813 803 565 803 815 803 543 803 541 803 147 803 541 841 539 841 147 841 147 803 539 803 64 803 539 803 537 803 64 803 64 842 537 842 535 842 531 803 529 803 64 803 529 803 527 803 64 803 64 843 527 843 525 843 495 803 493 803 62 803 493 803 491 803 62 803 62 844 491 844 489 844 457 845 783 845 459 845 783 803 781 803 459 803 459 846 781 846 779 846 457 803 455 803 783 803 455 803 453 803 783 803 783 847 453 847 451 847 451 848 449 848 783 848 449 849 447 849 783 849 783 850 447 850 445 850 445 803 587 803 783 803 587 803 585 803 783 803 783 851 585 851 583 851 525 803 523 803 64 803 523 852 521 852 64 852 64 853 521 853 519 853 513 803 511 803 64 803 511 803 509 803 64 803 64 854 509 854 507 854 507 855 505 855 64 855 505 803 503 803 64 803 64 856 503 856 501 856 489 857 487 857 62 857 487 803 485 803 62 803 62 858 485 858 483 858 483 803 481 803 62 803 481 803 479 803 62 803 62 859 479 859 477 859 469 803 467 803 62 803 467 803 465 803 62 803 62 860 465 860 463 860 561 803 821 803 563 803 821 861 819 861 563 861 563 862 819 862 565 862 819 803 817 803 565 803 565 863 817 863 815 863 811 803 809 803 565 803 809 803 807 803 565 803 565 864 807 864 805 864 565 865 799 865 797 865 519 803 517 803 64 803 517 803 515 803 64 803 64 866 515 866 513 866 477 803 475 803 62 803 475 867 473 867 62 867 62 868 473 868 471 868 805 803 803 803 565 803 803 803 801 803 565 803 565 869 801 869 799 869 569 870 567 870 793 870 567 871 565 871 793 871 793 803 565 803 795 803 565 872 797 872 795 872 579 873 577 873 783 873 577 874 575 874 783 874 783 875 575 875 573 875 793 803 791 803 569 803 791 803 789 803 569 803 569 803 789 803 571 803 789 803 787 803 571 803 571 803 787 803 573 803 787 803 785 803 573 803 573 876 785 876 783 876 200 877 29 877 198 877 29 878 10 878 198 878 198 879 10 879 196 879 10 880 12 880 196 880 196 881 12 881 194 881 12 882 14 882 194 882 194 883 14 883 192 883 14 884 34 884 192 884 192 885 34 885 190 885 34 886 36 886 190 886 190 887 36 887 188 887 36 888 49 888 188 888 188 889 49 889 186 889 49 890 51 890 186 890 186 891 51 891 184 891 51 892 53 892 184 892 184 893 53 893 182 893 53 894 55 894 182 894 182 895 55 895 180 895 55 896 91 896 180 896 180 897 91 897 178 897 91 898 93 898 178 898 178 899 93 899 176 899 93 900 95 900 176 900 176 901 95 901 174 901 95 902 102 902 174 902 174 903 102 903 172 903 102 904 101 904 172 904 172 905 101 905 170 905 101 906 168 906 170 906 101 907 114 907 168 907 114 908 113 908 168 908 168 909 113 909 166 909 113 910 164 910 166 910 113 911 111 911 164 911 111 912 109 912 164 912 164 913 109 913 162 913 109 914 107 914 162 914 162 915 107 915 160 915 107 916 106 916 160 916 160 917 106 917 158 917 106 918 8 918 158 918 158 919 8 919 156 919 8 920 6 920 156 920 156 921 6 921 154 921 6 922 4 922 154 922 154 923 4 923 152 923 4 924 68 924 152 924 152 925 68 925 150 925 68 926 67 926 150 926 150 927 67 927 148 927 67 928 65 928 148 928 148 929 65 929 146 929 29 930 200 930 27 930 200 931 202 931 27 931 120 932 240 932 122 932 240 933 242 933 122 933 122 934 242 934 123 934 242 935 244 935 123 935 123 936 244 936 19 936 244 937 246 937 19 937 19 938 246 938 21 938 246 939 248 939 21 939 21 940 248 940 23 940 248 941 250 941 23 941 23 942 250 942 69 942 250 943 252 943 69 943 69 944 252 944 70 944 252 945 254 945 70 945 70 946 254 946 72 946 254 947 256 947 72 947 72 948 256 948 74 948 118 949 236 949 120 949 236 950 238 950 120 950 120 951 238 951 240 951 27 952 202 952 25 952 202 953 204 953 25 953 25 954 204 954 15 954 204 955 206 955 15 955 15 956 206 956 38 956 206 957 208 957 38 957 38 958 208 958 40 958 208 959 210 959 40 959 40 960 210 960 43 960 210 961 212 961 43 961 43 962 212 962 45 962 212 963 214 963 45 963 45 964 214 964 81 964 214 965 216 965 81 965 81 966 216 966 83 966 216 967 218 967 83 967 83 968 218 968 85 968 218 969 220 969 85 969 85 970 220 970 87 970 220 971 222 971 87 971 87 972 222 972 98 972 222 973 224 973 98 973 98 974 224 974 103 974 224 975 226 975 103 975 103 976 226 976 104 976 226 977 228 977 104 977 104 978 228 978 115 978 228 979 230 979 115 979 115 980 230 980 116 980 230 981 232 981 116 981 116 982 232 982 118 982 232 983 234 983 118 983 118 984 234 984 236 984 929 803 927 803 76 803 975 985 256 985 977 985 256 986 979 986 977 986 957 803 74 803 959 803 74 987 961 987 959 987 985 988 983 988 256 988 983 989 981 989 256 989 256 990 981 990 979 990 889 803 887 803 643 803 699 803 697 803 256 803 697 803 695 803 256 803 256 991 695 991 693 991 879 803 877 803 667 803 939 803 937 803 74 803 967 803 965 803 74 803 965 803 963 803 74 803 74 992 963 992 961 992 693 803 691 803 256 803 691 803 689 803 256 803 256 993 689 993 687 993 687 994 685 994 256 994 685 995 683 995 256 995 256 996 683 996 681 996 681 803 679 803 256 803 679 803 677 803 256 803 256 997 677 997 985 997 677 998 675 998 985 998 957 803 955 803 74 803 955 803 953 803 74 803 74 803 953 803 951 803 937 803 935 803 74 803 935 803 933 803 74 803 74 999 933 999 76 999 933 803 931 803 76 803 76 1000 931 1000 929 1000 975 1001 973 1001 256 1001 973 841 971 841 256 841 256 1002 971 1002 74 1002 971 803 969 803 74 803 74 1003 969 1003 967 1003 1011 803 667 803 1013 803 667 1004 1015 1004 1013 1004 1011 803 1009 803 667 803 1009 803 1007 803 667 803 667 1005 1007 1005 1005 1005 951 1006 949 1006 74 1006 949 803 947 803 74 803 74 803 947 803 945 803 927 803 925 803 76 803 925 803 923 803 76 803 76 1007 923 1007 921 1007 921 803 919 803 76 803 919 803 917 803 76 803 76 1008 917 1008 915 1008 915 803 913 803 76 803 913 803 911 803 76 803 76 1009 911 1009 909 1009 909 803 907 803 76 803 907 803 905 803 76 803 76 1010 905 1010 903 1010 885 803 883 803 667 803 883 803 881 803 667 803 667 803 881 803 879 803 877 1011 1019 1011 667 1011 1019 803 1017 803 667 803 667 1012 1017 1012 1015 1012 675 1013 673 1013 985 1013 673 803 671 803 985 803 985 803 671 803 987 803 671 1014 989 1014 987 1014 945 803 943 803 74 803 943 803 941 803 74 803 74 1015 941 1015 939 1015 887 1016 657 1016 655 1016 643 803 641 803 889 803 641 803 639 803 889 803 889 803 639 803 891 803 707 803 705 803 256 803 995 803 993 803 671 803 993 803 991 803 671 803 671 1017 991 1017 989 1017 885 803 667 803 887 803 667 803 665 803 887 803 887 1018 665 1018 663 1018 663 803 661 803 887 803 661 803 659 803 887 803 887 1019 659 1019 657 1019 649 1020 647 1020 887 1020 647 803 645 803 887 803 887 1021 645 1021 643 1021 903 803 901 803 76 803 901 803 899 803 76 803 76 1022 899 1022 897 1022 633 803 893 803 635 803 893 803 891 803 635 803 635 803 891 803 637 803 891 1023 639 1023 637 1023 633 1024 631 1024 893 1024 631 1025 76 1025 893 1025 893 803 76 803 895 803 76 1026 897 1026 895 1026 705 803 703 803 256 803 703 803 701 803 256 803 256 1027 701 1027 699 1027 655 1028 653 1028 887 1028 653 803 651 803 887 803 887 1029 651 1029 649 1029 631 1030 629 1030 76 1030 629 803 627 803 76 803 76 1031 627 1031 625 1031 713 803 711 803 256 803 711 1032 709 1032 256 1032 256 1033 709 1033 707 1033 1005 803 1003 803 667 803 1003 803 1001 803 667 803 667 803 1001 803 669 803 1001 803 999 803 669 803 669 803 999 803 671 803 999 1034 997 1034 671 1034 671 1035 997 1035 995 1035 731 803 729 803 258 803 729 803 727 803 258 803 625 803 623 803 76 803 623 803 621 803 76 803 76 1036 621 1036 619 1036 727 803 725 803 258 803 725 803 723 803 258 803 258 1037 723 1037 721 1037 721 803 719 803 258 803 719 803 717 803 258 803 258 803 717 803 256 803 717 803 715 803 256 803 256 1038 715 1038 713 1038 605 803 603 803 258 803 603 1039 601 1039 258 1039 258 1040 601 1040 599 1040 599 803 597 803 258 803 597 1041 595 1041 258 1041 258 1042 595 1042 593 1042 593 803 591 803 258 803 591 1043 589 1043 258 1043 258 1044 589 1044 731 1044 619 803 617 803 76 803 617 803 615 803 76 803 76 1045 615 1045 613 1045 613 803 611 803 76 803 611 1046 609 1046 76 1046 76 1047 609 1047 258 1047 609 1048 607 1048 258 1048 258 1049 607 1049 605 1049 766 1050 768 1050 63 1050 544 1051 546 1051 146 1051 766 1050 63 1050 764 1050 482 1050 484 1050 63 1050 456 1052 458 1052 782 1052 556 1053 146 1053 554 1053 146 1054 552 1054 554 1054 756 1050 758 1050 63 1050 490 1050 492 1050 63 1050 492 1050 494 1050 63 1050 494 1050 496 1050 63 1050 496 1050 498 1050 63 1050 63 1050 498 1050 65 1050 498 1055 500 1055 65 1055 546 1056 548 1056 146 1056 548 1057 550 1057 146 1057 146 1058 550 1058 552 1058 558 1050 560 1050 818 1050 756 1050 63 1050 754 1050 758 1050 760 1050 63 1050 760 1050 762 1050 63 1050 63 1059 762 1059 764 1059 512 1050 514 1050 65 1050 538 1060 540 1060 146 1060 540 1061 542 1061 146 1061 146 1062 542 1062 544 1062 476 1050 478 1050 63 1050 478 1050 480 1050 63 1050 63 1063 480 1063 482 1063 484 1050 486 1050 63 1050 486 1050 488 1050 63 1050 63 1064 488 1064 490 1064 526 1050 528 1050 65 1050 528 1065 530 1065 65 1065 558 1050 818 1050 556 1050 818 1050 820 1050 556 1050 556 1066 820 1066 146 1066 820 1067 822 1067 146 1067 146 1068 822 1068 824 1068 824 1050 826 1050 146 1050 826 1050 828 1050 146 1050 146 1069 828 1069 830 1069 530 1050 532 1050 65 1050 532 1070 534 1070 65 1070 65 1071 534 1071 146 1071 534 1050 536 1050 146 1050 146 1072 536 1072 538 1072 830 1050 832 1050 146 1050 832 1050 834 1050 146 1050 146 1073 834 1073 836 1073 836 1074 838 1074 146 1074 838 1075 840 1075 146 1075 146 1076 840 1076 842 1076 842 1077 844 1077 146 1077 844 1078 846 1078 146 1078 146 1079 846 1079 848 1079 740 1050 144 1050 738 1050 144 1080 736 1080 738 1080 740 1050 742 1050 144 1050 742 1050 744 1050 144 1050 144 1081 744 1081 746 1081 770 1050 772 1050 458 1050 772 1050 774 1050 458 1050 458 1082 774 1082 776 1082 770 1050 458 1050 768 1050 458 1050 460 1050 768 1050 768 1050 460 1050 63 1050 460 1050 462 1050 63 1050 63 1083 462 1083 464 1083 470 1084 472 1084 63 1084 472 1050 474 1050 63 1050 63 1085 474 1085 476 1085 500 1050 502 1050 65 1050 502 1086 504 1086 65 1086 65 1087 504 1087 506 1087 506 1050 508 1050 65 1050 508 1088 510 1088 65 1088 65 1089 510 1089 512 1089 520 1050 522 1050 65 1050 522 1050 524 1050 65 1050 65 1090 524 1090 526 1090 848 1050 850 1050 146 1050 850 1091 852 1091 146 1091 146 1092 852 1092 854 1092 866 1050 144 1050 864 1050 144 1093 862 1093 864 1093 776 1094 778 1094 458 1094 778 1050 780 1050 458 1050 458 1095 780 1095 782 1095 812 1050 814 1050 564 1050 576 1050 578 1050 782 1050 578 1050 580 1050 782 1050 782 1096 580 1096 582 1096 464 1050 466 1050 63 1050 466 1050 468 1050 63 1050 63 1097 468 1097 470 1097 746 1050 748 1050 144 1050 748 1050 750 1050 144 1050 144 1098 750 1098 63 1098 750 1050 752 1050 63 1050 63 1099 752 1099 754 1099 514 1050 516 1050 65 1050 516 1050 518 1050 65 1050 65 1100 518 1100 520 1100 144 1101 872 1101 874 1101 560 1102 562 1102 818 1102 562 1050 564 1050 818 1050 818 1050 564 1050 816 1050 564 1103 814 1103 816 1103 582 1050 584 1050 782 1050 584 1050 586 1050 782 1050 782 1104 586 1104 444 1104 444 1050 446 1050 782 1050 446 1050 448 1050 782 1050 782 1105 448 1105 450 1105 854 1050 856 1050 146 1050 856 1050 858 1050 146 1050 146 1106 858 1106 144 1106 858 1050 860 1050 144 1050 144 1107 860 1107 862 1107 866 1050 868 1050 144 1050 868 1050 870 1050 144 1050 144 1108 870 1108 872 1108 788 1050 790 1050 568 1050 790 1109 792 1109 568 1109 568 1050 792 1050 566 1050 796 1050 798 1050 564 1050 798 1050 800 1050 564 1050 806 1110 808 1110 564 1110 808 1050 810 1050 564 1050 564 1111 810 1111 812 1111 450 1050 452 1050 782 1050 452 1050 454 1050 782 1050 782 1112 454 1112 456 1112 874 1050 732 1050 144 1050 732 1050 734 1050 144 1050 144 1113 734 1113 736 1113 566 1114 792 1114 564 1114 792 1115 794 1115 564 1115 564 1116 794 1116 796 1116 800 1117 802 1117 564 1117 802 1050 804 1050 564 1050 564 1118 804 1118 806 1118 788 1050 568 1050 786 1050 568 1050 570 1050 786 1050 786 1050 570 1050 784 1050 570 1119 572 1119 784 1119 784 1050 572 1050 782 1050 572 1050 574 1050 782 1050 782 1120 574 1120 576 1120 910 1050 912 1050 75 1050 924 1050 926 1050 75 1050 912 1050 914 1050 75 1050 914 1050 916 1050 75 1050 75 1121 916 1121 918 1121 73 1122 952 1122 954 1122 954 1050 956 1050 73 1050 956 1050 958 1050 73 1050 73 1123 958 1123 960 1123 918 1050 920 1050 75 1050 920 1050 922 1050 75 1050 75 1124 922 1124 924 1124 926 1050 928 1050 75 1050 928 1050 930 1050 75 1050 75 1050 930 1050 73 1050 930 1050 932 1050 73 1050 73 1125 932 1125 934 1125 974 1126 626 1126 628 1126 628 1050 630 1050 974 1050 630 1127 632 1127 974 1127 974 1128 632 1128 634 1128 902 1050 904 1050 75 1050 934 1050 936 1050 73 1050 936 1050 938 1050 73 1050 73 1129 938 1129 940 1129 946 1050 948 1050 73 1050 948 1050 950 1050 73 1050 73 1130 950 1130 952 1130 634 1050 636 1050 974 1050 636 1131 638 1131 974 1131 974 1050 638 1050 972 1050 668 1050 670 1050 73 1050 670 1050 672 1050 73 1050 680 1050 257 1050 678 1050 257 1050 73 1050 678 1050 904 1050 906 1050 75 1050 906 1050 908 1050 75 1050 75 1132 908 1132 910 1132 940 1088 942 1088 73 1088 942 1133 944 1133 73 1133 73 1134 944 1134 946 1134 960 1135 962 1135 73 1135 962 1136 964 1136 73 1136 73 1137 964 1137 966 1137 672 1050 674 1050 73 1050 674 1138 676 1138 73 1138 73 1139 676 1139 678 1139 626 1050 974 1050 624 1050 974 1050 976 1050 624 1050 624 1140 976 1140 978 1140 998 1050 1000 1050 624 1050 618 1050 620 1050 1010 1050 620 1050 622 1050 1010 1050 1010 1141 622 1141 1008 1141 880 1050 259 1050 878 1050 259 1142 876 1142 878 1142 886 1143 888 1143 259 1143 638 1050 640 1050 972 1050 640 1050 642 1050 972 1050 972 1144 642 1144 970 1144 642 1050 644 1050 970 1050 970 1145 644 1145 646 1145 73 1146 648 1146 650 1146 656 1050 658 1050 73 1050 658 1050 660 1050 73 1050 73 1147 660 1147 662 1147 662 1050 664 1050 73 1050 664 1050 666 1050 73 1050 73 1148 666 1148 668 1148 1000 1149 1002 1149 624 1149 1002 1050 1004 1050 624 1050 624 1050 1004 1050 622 1050 1004 1050 1006 1050 622 1050 622 1150 1006 1150 1008 1150 612 1050 614 1050 1010 1050 614 1050 616 1050 1010 1050 1010 1151 616 1151 618 1151 602 1050 604 1050 259 1050 888 1152 890 1152 259 1152 890 1153 892 1153 259 1153 259 1154 892 1154 75 1154 892 1155 894 1155 75 1155 75 1156 894 1156 896 1156 896 1050 898 1050 75 1050 898 1050 900 1050 75 1050 75 1157 900 1157 902 1157 650 1158 652 1158 73 1158 652 1159 654 1159 73 1159 73 1160 654 1160 656 1160 978 1050 980 1050 624 1050 980 1050 982 1050 624 1050 624 1161 982 1161 984 1161 624 1162 990 1162 992 1162 680 1163 682 1163 257 1163 682 1050 684 1050 257 1050 257 1164 684 1164 686 1164 686 1050 688 1050 257 1050 688 1165 690 1165 257 1165 257 1166 690 1166 692 1166 1012 1050 1014 1050 608 1050 1014 1167 1016 1167 608 1167 608 1168 1016 1168 1018 1168 966 1050 968 1050 73 1050 968 1050 970 1050 73 1050 73 1169 970 1169 648 1169 970 1170 646 1170 648 1170 984 1050 986 1050 624 1050 986 1050 988 1050 624 1050 624 1050 988 1050 990 1050 992 1050 994 1050 624 1050 994 1050 996 1050 624 1050 624 1171 996 1171 998 1171 1012 1050 608 1050 1010 1050 608 1050 610 1050 1010 1050 1010 1172 610 1172 612 1172 722 1050 259 1050 720 1050 259 1173 718 1173 720 1173 880 1174 882 1174 259 1174 882 1175 884 1175 259 1175 259 1176 884 1176 886 1176 692 1050 694 1050 257 1050 694 1050 696 1050 257 1050 257 1177 696 1177 698 1177 698 1050 700 1050 257 1050 700 1050 702 1050 257 1050 257 1178 702 1178 704 1178 704 1050 706 1050 257 1050 706 1050 708 1050 257 1050 257 1179 708 1179 710 1179 259 1180 728 1180 730 1180 596 1050 259 1050 594 1050 259 1181 592 1181 594 1181 596 1050 598 1050 259 1050 598 1050 600 1050 259 1050 259 1182 600 1182 602 1182 710 1183 712 1183 257 1183 712 1050 714 1050 257 1050 257 1050 714 1050 259 1050 714 1184 716 1184 259 1184 259 1185 716 1185 718 1185 722 1050 724 1050 259 1050 724 1050 726 1050 259 1050 259 1186 726 1186 728 1186 730 1050 588 1050 259 1050 588 1050 590 1050 259 1050 259 1187 590 1187 592 1187 604 1188 606 1188 259 1188 606 1189 608 1189 259 1189 259 1190 608 1190 876 1190 608 1191 1018 1191 876 1191 367 1192 365 1192 319 1192 364 1193 381 1193 323 1193 383 1194 385 1194 327 1194 386 1195 388 1195 331 1195 390 1196 400 1196 335 1196 402 1197 404 1197 339 1197 406 1198 408 1198 343 1198 375 1199 58 1199 60 1199 127 1200 125 1200 419 1200 125 1201 347 1201 419 1201 419 1202 347 1202 417 1202 417 1203 347 1203 408 1203 347 1204 345 1204 408 1204 408 1205 345 1205 343 1205 406 1206 343 1206 404 1206 343 1207 341 1207 404 1207 404 1208 341 1208 339 1208 402 1209 339 1209 400 1209 339 1210 337 1210 400 1210 400 1211 337 1211 335 1211 390 1212 335 1212 388 1212 335 1213 333 1213 388 1213 388 1214 333 1214 331 1214 386 1215 331 1215 385 1215 331 1216 329 1216 385 1216 385 1217 329 1217 327 1217 383 1218 327 1218 381 1218 327 1219 325 1219 381 1219 381 1220 325 1220 323 1220 364 1221 323 1221 365 1221 323 1222 321 1222 365 1222 365 1223 321 1223 319 1223 367 1224 319 1224 350 1224 319 1225 317 1225 350 1225 350 1226 317 1226 315 1226 419 1227 425 1227 127 1227 425 1228 437 1228 127 1228 127 1229 437 1229 129 1229 437 1230 439 1230 129 1230 129 1231 439 1231 131 1231 439 1232 441 1232 131 1232 131 1233 441 1233 133 1233 441 1234 369 1234 133 1234 133 1235 369 1235 135 1235 369 1236 371 1236 135 1236 135 1237 371 1237 137 1237 371 1238 373 1238 137 1238 137 1239 373 1239 139 1239 373 1240 375 1240 139 1240 139 1241 375 1241 141 1241 375 1242 60 1242 141 1242 141 1243 60 1243 143 1243 60 1244 62 1244 143 1244 143 1245 62 1245 145 1245 368 1246 351 1246 313 1246 361 1247 359 1247 309 1247 377 1248 376 1248 305 1248 391 1249 379 1249 301 1249 394 1250 392 1250 297 1250 398 1251 396 1251 293 1251 410 1252 409 1252 289 1252 414 1253 412 1253 285 1253 77 1254 2 1254 355 1254 263 1255 261 1255 77 1255 261 1256 259 1256 77 1256 77 1257 259 1257 75 1257 77 1258 355 1258 263 1258 355 1259 357 1259 263 1259 263 1260 357 1260 265 1260 357 1261 353 1261 265 1261 265 1262 353 1262 267 1262 353 1263 352 1263 267 1263 267 1264 352 1264 269 1264 352 1265 428 1265 269 1265 269 1266 428 1266 271 1266 428 1267 430 1267 271 1267 271 1268 430 1268 273 1268 430 1269 432 1269 273 1269 273 1270 432 1270 275 1270 432 1271 420 1271 275 1271 275 1272 420 1272 277 1272 414 1273 285 1273 416 1273 285 1274 283 1274 416 1274 283 1275 281 1275 416 1275 416 1276 281 1276 420 1276 281 1277 279 1277 420 1277 420 1278 279 1278 277 1278 410 1279 289 1279 412 1279 289 1280 287 1280 412 1280 412 1281 287 1281 285 1281 398 1282 293 1282 409 1282 293 1283 291 1283 409 1283 409 1284 291 1284 289 1284 394 1285 297 1285 396 1285 297 1286 295 1286 396 1286 396 1287 295 1287 293 1287 391 1288 301 1288 392 1288 301 1289 299 1289 392 1289 392 1290 299 1290 297 1290 377 1291 305 1291 379 1291 305 1292 303 1292 379 1292 379 1293 303 1293 301 1293 361 1294 309 1294 376 1294 309 1295 307 1295 376 1295 376 1296 307 1296 305 1296 368 1297 313 1297 359 1297 313 1298 311 1298 359 1298 359 1299 311 1299 309 1299</p>
        </triangles>
      </mesh>
    </geometry>
  </library_geometries>
  <library_visual_scenes>
    <visual_scene id="Scene" name="Scene">
      <node id="chassis_default_as_machined__23" name="chassis_default_as_machined__23" type="NODE">
        <matrix sid="transform">1 0 0 0 0 1 0 0 0 0 1 0 0 0 0 1</matrix>
        <instance_geometry url="#chassis_default_as_machined__23-mesh" name="chassis_default_as_machined__23"/>
      </node>
    </visual_scene>
  </library_visual_scenes>
  <scene>
    <instance_visual_scene url="#Scene"/>
  </scene>
</COLLADA>