<?xml version="1.0" encoding="utf-8"?>
<COLLADA xmlns="http://www.collada.org/2005/11/COLLADASchema" version="1.4.1" xmlns:xsi="http://www.w3.org/2001/XMLSchema-instance">
  <asset>
    <contributor>
      <author>Blender User</author>
      <authoring_tool>Blender 3.0.1</authoring_tool>
    </contributor>
    <created>2026-06-04T16:18:27</created>
    <modified>2026-06-04T16:18:27</modified>
    <unit name="meter" meter="1"/>
    <up_axis>Z_UP</up_axis>
  </asset>
  <library_images/>
  <library_geometries>
    <geometry id="chassis_default_as_machined-mesh" name="chassis_default_as_machined">
      <mesh>
        <source id="chassis_default_as_machined-mesh-positions">
          <float_array id="chassis_default_as_machined-mesh-positions-array" count="4368">-0.4139 0.2120516 -0.01499998 -0.4126 0.2143033 -0.01499998 -0.4141012 0.2121564 -0.01499998 -0.4130024 0.2145128 -0.01499998 -0.4143108 0.2122431 -0.01499998 -0.4134215 0.2146864 -0.01499998 -0.4145271 0.2123114 -0.01499998 -0.4138541 0.2148228 -0.01499998 -0.4147485 0.2123605 -0.01499998 -0.4142971 0.2149209 -0.01499998 -0.4149734 0.2123901 -0.01499998 -0.4147468 0.2149802 -0.01499998 -0.4152 0.2124 -0.01499998 -0.4152 0.215 -0.01499998 -0.4348 0.2124 -0.01499998 -0.4348 0.215 -0.01499998 -0.4350266 0.2123901 -0.01499998 -0.4352532 0.2149802 -0.01499998 -0.4352515 0.2123605 -0.01499998 -0.435703 0.2149209 -0.01499998 -0.4354729 0.2123114 -0.01499998 -0.4361459 0.2148228 -0.01499998 -0.4356892 0.2122431 -0.01499998 -0.4365785 0.2146864 -0.01499998 -0.4358988 0.2121564 -0.01499998 -0.4369976 0.2145128 -0.01499998 -0.4361 0.2120516 -0.01499998 -0.4374 0.2143033 -0.01499998 -0.4362913 0.2119297 -0.01499998 -0.4377826 0.2140595 -0.01499998 -0.4364712 0.2117917 -0.01499998 -0.4381425 0.2137834 -0.01499998 -0.4366385 0.2116385 -0.01499998 -0.4384769 0.2134769 -0.01499998 -0.4367917 0.2114712 -0.01499998 -0.4387834 0.2131425 -0.01499998 -0.4369298 0.2112913 -0.01499998 -0.4390596 0.2127826 -0.01499998 -0.4370517 0.2111 -0.01499998 -0.4393033 0.2124 -0.01499998 -0.4371564 0.2108988 -0.01499998 -0.4395128 0.2119976 -0.01499998 -0.4372432 0.2106892 -0.01499998 -0.4396864 0.2115785 -0.01499998 -0.4373114 0.2104729 -0.01499998 -0.4398228 0.2111458 -0.01499998 -0.4373605 0.2102515 -0.01499998 -0.439921 0.210703 -0.01499998 -0.4373901 0.2100266 -0.01499998 -0.4399802 0.2102532 -0.01499998 -0.4374 0.2098 -0.01499998 -0.44 0.2098 -0.01499998 -0.4374 0.1902 -0.01499998 -0.44 0.1902 -0.01499998 -0.4373901 0.1899734 -0.01499998 -0.4399802 0.1897467 -0.01499998 -0.4373605 0.1897485 -0.01499998 -0.439921 0.189297 -0.01499998 -0.4373114 0.189527 -0.01499998 -0.4398228 0.1888541 -0.01499998 -0.4372432 0.1893107 -0.01499998 -0.4396864 0.1884214 -0.01499998 -0.4371564 0.1891012 -0.01499998 -0.4395128 0.1880024 -0.01499998 -0.4370517 0.1888999 -0.01499998 -0.4393033 0.1876 -0.01499998 -0.4369298 0.1887087 -0.01499998 -0.4390596 0.1872174 -0.01499998 -0.4367917 0.1885287 -0.01499998 -0.4387834 0.1868575 -0.01499998 -0.4366385 0.1883615 -0.01499998 -0.4384769 0.186523 -0.01499998 -0.4364712 0.1882082 -0.01499998 -0.4381425 0.1862165 -0.01499998 -0.4362913 0.1880702 -0.01499998 -0.4377826 0.1859404 -0.01499998 -0.4361 0.1879483 -0.01499998 -0.4374 0.1856966 -0.01499998 -0.4358988 0.1878436 -0.01499998 -0.4369976 0.1854872 -0.01499998 -0.4356892 0.1877568 -0.01499998 -0.4365785 0.1853136 -0.01499998 -0.4354729 0.1876885 -0.01499998 -0.4361459 0.1851772 -0.01499998 -0.4352515 0.1876395 -0.01499998 -0.435703 0.185079 -0.01499998 -0.4350266 0.1876099 -0.01499998 -0.4352532 0.1850197 -0.01499998 -0.4348 0.1876 -0.01499998 -0.4348 0.185 -0.01499998 -0.4152 0.1876 -0.01499998 -0.4152 0.185 -0.01499998 -0.4149734 0.1876099 -0.01499998 -0.4147468 0.1850197 -0.01499998 -0.4147485 0.1876395 -0.01499998 -0.4142971 0.185079 -0.01499998 -0.4145271 0.1876885 -0.01499998 -0.4138541 0.1851772 -0.01499998 -0.4143108 0.1877568 -0.01499998 -0.4134215 0.1853136 -0.01499998 -0.4141012 0.1878436 -0.01499998 -0.4130024 0.1854872 -0.01499998 -0.4139 0.1879483 -0.01499998 -0.4126 0.1856966 -0.01499998 -0.4137087 0.1880702 -0.01499998 -0.4122174 0.1859404 -0.01499998 -0.4135288 0.1882082 -0.01499998 -0.4118575 0.1862165 -0.01499998 -0.4133615 0.1883615 -0.01499998 -0.4115231 0.186523 -0.01499998 -0.4132083 0.1885287 -0.01499998 -0.4112166 0.1868575 -0.01499998 -0.4130702 0.1887087 -0.01499998 -0.4109404 0.1872174 -0.01499998 -0.4129483 0.1888999 -0.01499998 -0.4106966 0.1876 -0.01499998 -0.4128436 0.1891012 -0.01499998 -0.4104872 0.1880024 -0.01499998 -0.4127568 0.1893107 -0.01499998 -0.4103136 0.1884214 -0.01499998 -0.4126886 0.189527 -0.01499998 -0.4101772 0.1888541 -0.01499998 -0.4126395 0.1897485 -0.01499998 -0.410079 0.189297 -0.01499998 -0.4126099 0.1899734 -0.01499998 -0.4100198 0.1897467 -0.01499998 -0.4126 0.1902 -0.01499998 -0.41 0.1902 -0.01499998 -0.4126 0.2098 -0.01499998 -0.41 0.2098 -0.01499998 -0.4126099 0.2100266 -0.01499998 -0.4100198 0.2102532 -0.01499998 -0.4126395 0.2102515 -0.01499998 -0.410079 0.210703 -0.01499998 -0.4126886 0.2104729 -0.01499998 -0.4101772 0.2111458 -0.01499998 -0.4127568 0.2106892 -0.01499998 -0.4103136 0.2115785 -0.01499998 -0.4128436 0.2108988 -0.01499998 -0.4104872 0.2119976 -0.01499998 -0.4129483 0.2111 -0.01499998 -0.4106966 0.2124 -0.01499998 -0.4130702 0.2112913 -0.01499998 -0.4109404 0.2127826 -0.01499998 -0.4132083 0.2114712 -0.01499998 -0.4112166 0.2131425 -0.01499998 -0.4133615 0.2116385 -0.01499998 -0.4115231 0.2134769 -0.01499998 -0.4135288 0.2117917 -0.01499998 -0.4118575 0.2137834 -0.01499998 -0.4137087 0.2119297 -0.01499998 -0.4122174 0.2140595 -0.01499998 -0.4361 0.2120516 -0.285 -0.4374 0.2143033 -0.285 -0.4358988 0.2121564 -0.285 -0.4369976 0.2145128 -0.285 -0.4356892 0.2122431 -0.285 -0.4365785 0.2146864 -0.285 -0.4354729 0.2123114 -0.285 -0.4361459 0.2148228 -0.285 -0.4352515 0.2123605 -0.285 -0.435703 0.2149209 -0.285 -0.4350266 0.2123901 -0.285 -0.4352532 0.2149802 -0.285 -0.4348 0.2124 -0.285 -0.4348 0.215 -0.285 -0.4152 0.2124 -0.285 -0.4152 0.215 -0.285 -0.4149734 0.2123901 -0.285 -0.4147468 0.2149802 -0.285 -0.4147485 0.2123605 -0.285 -0.4142971 0.2149209 -0.285 -0.4145271 0.2123114 -0.285 -0.4138541 0.2148228 -0.285 -0.4143108 0.2122431 -0.285 -0.4134215 0.2146864 -0.285 -0.4141012 0.2121564 -0.285 -0.4130024 0.2145128 -0.285 -0.4139 0.2120516 -0.285 -0.4126 0.2143033 -0.285 -0.4137087 0.2119297 -0.285 -0.4122174 0.2140595 -0.285 -0.4135288 0.2117917 -0.285 -0.4118575 0.2137834 -0.285 -0.4133615 0.2116385 -0.285 -0.4115231 0.2134769 -0.285 -0.4132083 0.2114712 -0.285 -0.4112166 0.2131425 -0.285 -0.4130702 0.2112913 -0.285 -0.4109404 0.2127826 -0.285 -0.4129483 0.2111 -0.285 -0.4106966 0.2124 -0.285 -0.4128436 0.2108988 -0.285 -0.4104872 0.2119976 -0.285 -0.4127568 0.2106892 -0.285 -0.4103136 0.2115785 -0.285 -0.4126886 0.2104729 -0.285 -0.4101772 0.2111458 -0.285 -0.4126395 0.2102515 -0.285 -0.410079 0.210703 -0.285 -0.4126099 0.2100266 -0.285 -0.4100198 0.2102532 -0.285 -0.4126 0.2098 -0.285 -0.41 0.2098 -0.285 -0.4126 0.1902 -0.285 -0.41 0.1902 -0.285 -0.4126099 0.1899734 -0.285 -0.4100198 0.1897467 -0.285 -0.4126395 0.1897485 -0.285 -0.410079 0.189297 -0.285 -0.4126886 0.189527 -0.285 -0.4101772 0.1888541 -0.285 -0.4127568 0.1893107 -0.285 -0.4103136 0.1884214 -0.285 -0.4128436 0.1891012 -0.285 -0.4104872 0.1880024 -0.285 -0.4129483 0.1888999 -0.285 -0.4106966 0.1876 -0.285 -0.4130702 0.1887087 -0.285 -0.4109404 0.1872174 -0.285 -0.4132083 0.1885287 -0.285 -0.4112166 0.1868575 -0.285 -0.4133615 0.1883615 -0.285 -0.4115231 0.186523 -0.285 -0.4135288 0.1882082 -0.285 -0.4118575 0.1862165 -0.285 -0.4137087 0.1880702 -0.285 -0.4122174 0.1859404 -0.285 -0.4139 0.1879483 -0.285 -0.4126 0.1856966 -0.285 -0.4141012 0.1878436 -0.285 -0.4130024 0.1854872 -0.285 -0.4143108 0.1877568 -0.285 -0.4134215 0.1853136 -0.285 -0.4145271 0.1876885 -0.285 -0.4138541 0.1851772 -0.285 -0.4147485 0.1876395 -0.285 -0.4142971 0.185079 -0.285 -0.4149734 0.1876099 -0.285 -0.4147468 0.1850197 -0.285 -0.4152 0.1876 -0.285 -0.4152 0.185 -0.285 -0.4348 0.1876 -0.285 -0.4348 0.185 -0.285 -0.4350266 0.1876099 -0.285 -0.4352532 0.1850197 -0.285 -0.4352515 0.1876395 -0.285 -0.435703 0.185079 -0.285 -0.4354729 0.1876885 -0.285 -0.4361459 0.1851772 -0.285 -0.4356892 0.1877568 -0.285 -0.4365785 0.1853136 -0.285 -0.4358988 0.1878436 -0.285 -0.4369976 0.1854872 -0.285 -0.4361 0.1879483 -0.285 -0.4374 0.1856966 -0.285 -0.4362913 0.1880702 -0.285 -0.4377826 0.1859404 -0.285 -0.4364712 0.1882082 -0.285 -0.4381425 0.1862165 -0.285 -0.4366385 0.1883615 -0.285 -0.4384769 0.186523 -0.285 -0.4367917 0.1885287 -0.285 -0.4387834 0.1868575 -0.285 -0.4369298 0.1887087 -0.285 -0.4390596 0.1872174 -0.285 -0.4370517 0.1888999 -0.285 -0.4393033 0.1876 -0.285 -0.4371564 0.1891012 -0.285 -0.4395128 0.1880024 -0.285 -0.4372432 0.1893107 -0.285 -0.4396864 0.1884214 -0.285 -0.4373114 0.189527 -0.285 -0.4398228 0.1888541 -0.285 -0.4373605 0.1897485 -0.285 -0.439921 0.189297 -0.285 -0.4373901 0.1899734 -0.285 -0.4399802 0.1897467 -0.285 -0.4374 0.1902 -0.285 -0.44 0.1902 -0.285 -0.4374 0.2098 -0.285 -0.44 0.2098 -0.285 -0.4373901 0.2100266 -0.285 -0.4399802 0.2102532 -0.285 -0.4373605 0.2102515 -0.285 -0.439921 0.210703 -0.285 -0.4373114 0.2104729 -0.285 -0.4398228 0.2111458 -0.285 -0.4372432 0.2106892 -0.285 -0.4396864 0.2115785 -0.285 -0.4371564 0.2108988 -0.285 -0.4395128 0.2119976 -0.285 -0.4370517 0.2111 -0.285 -0.4393033 0.2124 -0.285 -0.4369298 0.2112913 -0.285 -0.4390596 0.2127826 -0.285 -0.4367917 0.2114712 -0.285 -0.4387834 0.2131425 -0.285 -0.4366385 0.2116385 -0.285 -0.4384769 0.2134769 -0.285 -0.4364712 0.2117917 -0.285 -0.4381425 0.2137834 -0.285 -0.4362913 0.2119297 -0.285 -0.4377826 0.2140595 -0.285 -0.4266372 0.1876 -0.255384 -0.4269467 0.1876 -0.2555451 -0.4289315 0.1876 -0.2293578 -0.427241 0.1876 -0.2557327 -0.4275179 0.1876 -0.2559451 -0.4282233 0.1876 -0.2613036 -0.4280109 0.1876 -0.2615804 -0.4277752 0.1876 -0.2618377 -0.4226524 0.1876 -0.2622859 -0.4223756 0.1876 -0.2620735 -0.4252954 0.1876 -0.2550245 -0.4256413 0.1876 -0.25507 -0.4288859 0.1876 -0.2297039 -0.425982 0.1876 -0.2551456 -0.4263148 0.1876 -0.2552505 -0.4245981 0.1876 -0.04423469 -0.4249467 0.1876 -0.04421943 -0.4285719 0.1876 -0.04652899 -0.4287055 0.1876 -0.04685139 -0.4288104 0.1876 -0.04718416 -0.4288859 0.1876 -0.04752486 -0.4287055 0.1876 -0.04958754 -0.4288859 0.1876 -0.0775249 -0.4288104 0.1876 -0.04925471 -0.4288859 0.1876 -0.04891407 -0.4285719 0.1876 -0.2273188 -0.4287055 0.1876 -0.2276412 -0.4288104 0.1876 -0.2279739 -0.4288859 0.1876 -0.2283146 -0.4277752 0.1876 -0.2561808 -0.4280109 0.1876 -0.2564381 -0.4289467 0.1876 -0.2290093 -0.4282233 0.1876 -0.2567149 -0.4284108 0.1876 -0.2570093 -0.4289467 0.1876 -0.2590093 -0.4289315 0.1876 -0.2593579 -0.4275179 0.1876 -0.2620735 -0.427241 0.1876 -0.2622859 -0.4269467 0.1876 -0.2624734 -0.427241 0.1876 -0.2257326 -0.4269467 0.1876 -0.2255452 -0.4266372 0.1876 -0.225384 -0.4289315 0.1876 -0.2586606 -0.4288859 0.1876 -0.2583147 -0.4288859 0.1876 -0.2597039 -0.4288104 0.1876 -0.2600445 -0.4287055 0.1876 -0.2603774 -0.4285719 0.1876 -0.2606998 -0.4284108 0.1876 -0.2610093 -0.4266372 0.1876 -0.2626345 -0.4263148 0.1876 -0.262768 -0.425982 0.1876 -0.262873 -0.4289315 0.1876 -0.07787084 -0.4289467 0.1876 -0.07821947 -0.4289315 0.1876 -0.04856806 -0.4285719 0.1876 -0.2573188 -0.4287055 0.1876 -0.2576412 -0.4288104 0.1876 -0.257974 -0.4256413 0.1876 -0.2629485 -0.4252954 0.1876 -0.2629941 -0.4249467 0.1876 -0.2630093 -0.4245981 0.1876 -0.2629941 -0.4242522 0.1876 -0.2629485 -0.4239115 0.1876 -0.262873 -0.4235786 0.1876 -0.262768 -0.4232563 0.1876 -0.2626345 -0.4229468 0.1876 -0.2624734 -0.420962 0.1876 -0.07787084 -0.4210075 0.1876 -0.0775249 -0.4287055 0.1876 -0.2303773 -0.4285719 0.1876 -0.2306997 -0.4249467 0.1876 -0.2550093 -0.4252954 0.1876 -0.04423469 -0.4256413 0.1876 -0.04428023 -0.4280109 0.1876 -0.04564833 -0.4277752 0.1876 -0.04539102 -0.4275179 0.1876 -0.04515528 -0.4282233 0.1876 -0.04592514 -0.4284108 0.1876 -0.04621946 -0.4256413 0.1876 -0.22507 -0.425982 0.1876 -0.2251455 -0.4263148 0.1876 -0.2252505 -0.4285719 0.1876 -0.04990994 -0.4287055 0.1876 -0.07685136 -0.4288104 0.1876 -0.0771842 -0.4275179 0.1876 -0.2259451 -0.4277752 0.1876 -0.2261808 -0.4280109 0.1876 -0.2264381 -0.4282233 0.1876 -0.2267149 -0.4284108 0.1876 -0.2270092 -0.4289315 0.1876 -0.2286607 -0.4221183 0.1876 -0.2618377 -0.4218826 0.1876 -0.2615804 -0.4216701 0.1876 -0.2613036 -0.4223756 0.1876 -0.2559451 -0.420962 0.1876 -0.2293578 -0.4221183 0.1876 -0.2561808 -0.4209467 0.1876 -0.2290093 -0.4218826 0.1876 -0.2564381 -0.4216701 0.1876 -0.2567149 -0.4275179 0.1876 -0.2320734 -0.4277752 0.1876 -0.2318377 -0.4280109 0.1876 -0.2315804 -0.425982 0.1876 -0.04435575 -0.4263148 0.1876 -0.04446071 -0.4266372 0.1876 -0.04459422 -0.4284108 0.1876 -0.05021947 -0.4282233 0.1876 -0.05051374 -0.4280109 0.1876 -0.0507906 -0.4277752 0.1876 -0.07539105 -0.4280109 0.1876 -0.0756483 -0.4275179 0.1876 -0.05128365 -0.4282233 0.1876 -0.07592517 -0.4284108 0.1876 -0.07621949 -0.4277752 0.1876 -0.05104786 -0.4285719 0.1876 -0.07652902 -0.4214826 0.1876 -0.2610093 -0.4213215 0.1876 -0.2606998 -0.4211879 0.1876 -0.2603774 -0.421083 0.1876 -0.2600445 -0.4210075 0.1876 -0.2597039 -0.420962 0.1876 -0.2593579 -0.4288859 0.1876 -0.07891404 -0.4223756 0.1876 -0.2259451 -0.4226524 0.1876 -0.2257326 -0.420962 0.1876 -0.04787081 -0.4210075 0.1876 -0.04752486 -0.4288104 0.1876 -0.2300446 -0.4284108 0.1876 -0.2310093 -0.4282233 0.1876 -0.2313036 -0.4269467 0.1876 -0.04475533 -0.427241 0.1876 -0.04494285 -0.4289315 0.1876 -0.04787081 -0.4289467 0.1876 -0.04821944 -0.4252954 0.1876 -0.2250245 -0.4275179 0.1876 -0.07515531 -0.427241 0.1876 -0.05149608 -0.4269467 0.1876 -0.05168354 -0.4216701 0.1876 -0.2267149 -0.4218826 0.1876 -0.2264381 -0.4221183 0.1876 -0.2261808 -0.4229468 0.1876 -0.2255452 -0.4232563 0.1876 -0.225384 -0.4235786 0.1876 -0.2252505 -0.421083 0.1876 -0.07925474 -0.4210075 0.1876 -0.07891404 -0.420962 0.1876 -0.0785681 -0.4209467 0.1876 -0.07821947 -0.4213215 0.1876 -0.2306997 -0.4211879 0.1876 -0.2303773 -0.420962 0.1876 -0.2286607 -0.4221183 0.1876 -0.08104789 -0.4218826 0.1876 -0.08079063 -0.4216701 0.1876 -0.08051377 -0.4214826 0.1876 -0.08021944 -0.4213215 0.1876 -0.07990992 -0.4211879 0.1876 -0.07958757 -0.4221183 0.1876 -0.05104786 -0.4218826 0.1876 -0.0507906 -0.4223756 0.1876 -0.07515531 -0.421083 0.1876 -0.2300446 -0.4210075 0.1876 -0.2297039 -0.4210075 0.1876 -0.2283146 -0.421083 0.1876 -0.2279739 -0.4211879 0.1876 -0.2276412 -0.4213215 0.1876 -0.2273188 -0.4214826 0.1876 -0.2270092 -0.4209467 0.1876 -0.2590093 -0.420962 0.1876 -0.2586606 -0.4210075 0.1876 -0.2583147 -0.421083 0.1876 -0.257974 -0.4211879 0.1876 -0.2576412 -0.4213215 0.1876 -0.2573188 -0.4214826 0.1876 -0.2570093 -0.4239115 0.1876 -0.2251455 -0.4242522 0.1876 -0.22507 -0.4289315 0.1876 -0.0785681 -0.4245981 0.1876 -0.2250245 -0.4249467 0.1876 -0.2250093 -0.421083 0.1876 -0.04925471 -0.4211879 0.1876 -0.04958754 -0.421083 0.1876 -0.0771842 -0.4221183 0.1876 -0.07539105 -0.4210075 0.1876 -0.04891407 -0.420962 0.1876 -0.04856806 -0.4209467 0.1876 -0.04821944 -0.4226524 0.1876 -0.2557327 -0.4229468 0.1876 -0.2555451 -0.4223756 0.1876 -0.2320734 -0.4232563 0.1876 -0.255384 -0.4235786 0.1876 -0.2552505 -0.427241 0.1876 -0.2322859 -0.4269467 0.1876 -0.2324733 -0.4266372 0.1876 -0.2326345 -0.4239115 0.1876 -0.2551456 -0.4242522 0.1876 -0.25507 -0.4226524 0.1876 -0.2322859 -0.4229468 0.1876 -0.2324733 -0.4266372 0.1876 -0.05184471 -0.4269467 0.1876 -0.07475537 -0.427241 0.1876 -0.07494288 -0.4211879 0.1876 -0.07685136 -0.4213215 0.1876 -0.07652902 -0.4214826 0.1876 -0.07621949 -0.4226524 0.1876 -0.05149608 -0.4223756 0.1876 -0.05128365 -0.4229468 0.1876 -0.07475537 -0.4218826 0.1876 -0.0756483 -0.4216701 0.1876 -0.05051374 -0.4214826 0.1876 -0.05021947 -0.4216701 0.1876 -0.07592517 -0.4213215 0.1876 -0.04990994 -0.421083 0.1876 -0.04718416 -0.4211879 0.1876 -0.04685139 -0.4213215 0.1876 -0.04652899 -0.4214826 0.1876 -0.04621946 -0.4216701 0.1876 -0.04592514 -0.4218826 0.1876 -0.04564833 -0.4221183 0.1876 -0.2318377 -0.4218826 0.1876 -0.2315804 -0.4216701 0.1876 -0.2313036 -0.4214826 0.1876 -0.2310093 -0.4252954 0.1876 -0.07423466 -0.4256413 0.1876 -0.07428026 -0.425982 0.1876 -0.05208319 -0.425982 0.1876 -0.07435578 -0.4263148 0.1876 -0.07446068 -0.4288104 0.1876 -0.07925474 -0.4287055 0.1876 -0.07958757 -0.4285719 0.1876 -0.07990992 -0.4284108 0.1876 -0.08021944 -0.4282233 0.1876 -0.08051377 -0.4280109 0.1876 -0.08079063 -0.4277752 0.1876 -0.08104789 -0.4275179 0.1876 -0.08128362 -0.427241 0.1876 -0.08149605 -0.4229468 0.1876 -0.08168357 -0.4226524 0.1876 -0.08149605 -0.4223756 0.1876 -0.08128362 -0.4221183 0.1876 -0.04539102 -0.4223756 0.1876 -0.04515528 -0.4226524 0.1876 -0.04494285 -0.4239115 0.1876 -0.232873 -0.4235786 0.1876 -0.232768 -0.4232563 0.1876 -0.2326345 -0.4263148 0.1876 -0.05197823 -0.4266372 0.1876 -0.07459425 -0.4226524 0.1876 -0.07494288 -0.4263148 0.1876 -0.232768 -0.425982 0.1876 -0.232873 -0.4256413 0.1876 -0.2329485 -0.4269467 0.1876 -0.08168357 -0.4266372 0.1876 -0.08184468 -0.4263148 0.1876 -0.08197826 -0.4229468 0.1876 -0.04475533 -0.4232563 0.1876 -0.04459422 -0.4235786 0.1876 -0.04446071 -0.4239115 0.1876 -0.04435575 -0.4242522 0.1876 -0.04428023 -0.4252954 0.1876 -0.232994 -0.4249467 0.1876 -0.2330092 -0.4245981 0.1876 -0.2550245 -0.4245981 0.1876 -0.232994 -0.4242522 0.1876 -0.2329485 -0.425982 0.1876 -0.08208316 -0.4256413 0.1876 -0.08215868 -0.4252954 0.1876 -0.08220422 -0.4242522 0.1876 -0.08215868 -0.4239115 0.1876 -0.08208316 -0.4249467 0.1876 -0.08221948 -0.4245981 0.1876 -0.08220422 -0.4235786 0.1876 -0.08197826 -0.4232563 0.1876 -0.08184468 -0.4229468 0.1876 -0.05168354 -0.4232563 0.1876 -0.07459425 -0.4235786 0.1876 -0.07446068 -0.4245981 0.1876 -0.07423466 -0.4242522 0.1876 -0.05215871 -0.4242522 0.1876 -0.07428026 -0.4239115 0.1876 -0.05208319 -0.4235786 0.1876 -0.05197823 -0.4239115 0.1876 -0.07435578 -0.4232563 0.1876 -0.05184471 -0.4256413 0.1876 -0.05215871 -0.4252954 0.1876 -0.05220425 -0.4249467 0.1876 -0.07421946 -0.4249467 0.1876 -0.05221945 -0.4245981 0.1876 -0.05220425 -0.427241 0.2124 -0.2622859 -0.4275179 0.2124 -0.2620735 -0.4277752 0.2124 -0.2618377 -0.4252954 0.2124 -0.2629941 -0.4249467 0.2124 -0.2630093 -0.4245981 0.2124 -0.2629941 -0.4256413 0.2124 -0.2629485 -0.425982 0.2124 -0.262873 -0.4263148 0.2124 -0.262768 -0.4266372 0.2124 -0.2626345 -0.4269467 0.2124 -0.2624734 -0.4275179 0.2124 -0.2320734 -0.4277752 0.2124 -0.2318377 -0.4280109 0.2124 -0.2615804 -0.4282233 0.2124 -0.2613036 -0.4284108 0.2124 -0.2610093 -0.4285719 0.2124 -0.2606998 -0.4287055 0.2124 -0.2603774 -0.4288104 0.2124 -0.2600445 -0.4288859 0.2124 -0.2597039 -0.4289315 0.2124 -0.2593579 -0.4289467 0.2124 -0.2590093 -0.4266372 0.2124 -0.2326345 -0.4269467 0.2124 -0.2324733 -0.427241 0.2124 -0.2322859 -0.421083 0.2124 -0.0771842 -0.4210075 0.2124 -0.0775249 -0.4211879 0.2124 -0.04958754 -0.4256413 0.2124 -0.2329485 -0.425982 0.2124 -0.232873 -0.4263148 0.2124 -0.232768 -0.4288104 0.2124 -0.2300446 -0.4288859 0.2124 -0.2297039 -0.421083 0.2124 -0.07925474 -0.4289315 0.2124 -0.2286607 -0.4210075 0.2124 -0.07891404 -0.4288859 0.2124 -0.2283146 -0.420962 0.2124 -0.0785681 -0.4288104 0.2124 -0.2279739 -0.4211879 0.2124 -0.07958757 -0.4213215 0.2124 -0.07990992 -0.4214826 0.2124 -0.08021944 -0.4216701 0.2124 -0.08051377 -0.4218826 0.2124 -0.08079063 -0.4221183 0.2124 -0.08104789 -0.4223756 0.2124 -0.08128362 -0.4226524 0.2124 -0.08149605 -0.4229468 0.2124 -0.08168357 -0.4289315 0.2124 -0.04787081 -0.4288859 0.2124 -0.04752486 -0.421083 0.2124 -0.04925471 -0.4213215 0.2124 -0.2273188 -0.4211879 0.2124 -0.2276412 -0.421083 0.2124 -0.2279739 -0.4287055 0.2124 -0.2576412 -0.4285719 0.2124 -0.2573188 -0.4249467 0.2124 -0.2330092 -0.4284108 0.2124 -0.2570093 -0.4282233 0.2124 -0.2567149 -0.4280109 0.2124 -0.2564381 -0.4277752 0.2124 -0.2561808 -0.4275179 0.2124 -0.2559451 -0.4226524 0.2124 -0.2557327 -0.4223756 0.2124 -0.2559451 -0.4223756 0.2124 -0.2320734 -0.4289315 0.2124 -0.2586606 -0.4288859 0.2124 -0.2583147 -0.4252954 0.2124 -0.232994 -0.4287055 0.2124 -0.2276412 -0.4285719 0.2124 -0.2273188 -0.4284108 0.2124 -0.2270092 -0.4282233 0.2124 -0.2267149 -0.4280109 0.2124 -0.2264381 -0.4277752 0.2124 -0.2261808 -0.4239115 0.2124 -0.08208316 -0.4242522 0.2124 -0.08215868 -0.4245981 0.2124 -0.08220422 -0.4289467 0.2124 -0.2290093 -0.4275179 0.2124 -0.2259451 -0.427241 0.2124 -0.2257326 -0.4269467 0.2124 -0.2255452 -0.4232563 0.2124 -0.08184468 -0.4235786 0.2124 -0.08197826 -0.4280109 0.2124 -0.2315804 -0.4282233 0.2124 -0.2313036 -0.4284108 0.2124 -0.2310093 -0.4285719 0.2124 -0.2306997 -0.4287055 0.2124 -0.2303773 -0.4285719 0.2124 -0.07990992 -0.4287055 0.2124 -0.07958757 -0.4288104 0.2124 -0.07925474 -0.4287055 0.2124 -0.04958754 -0.4289467 0.2124 -0.07821947 -0.4285719 0.2124 -0.04990994 -0.4284108 0.2124 -0.05021947 -0.4288859 0.2124 -0.0775249 -0.4256413 0.2124 -0.05215871 -0.425982 0.2124 -0.05208319 -0.4266372 0.2124 -0.05184471 -0.4269467 0.2124 -0.05168354 -0.4289315 0.2124 -0.07787084 -0.427241 0.2124 -0.05149608 -0.4275179 0.2124 -0.05128365 -0.4277752 0.2124 -0.05104786 -0.4280109 0.2124 -0.0507906 -0.4282233 0.2124 -0.05051374 -0.4226524 0.2124 -0.2257326 -0.4229468 0.2124 -0.2255452 -0.4232563 0.2124 -0.225384 -0.4210075 0.2124 -0.2283146 -0.420962 0.2124 -0.2286607 -0.4209467 0.2124 -0.2290093 -0.420962 0.2124 -0.2293578 -0.4210075 0.2124 -0.2297039 -0.421083 0.2124 -0.2300446 -0.4211879 0.2124 -0.2303773 -0.4213215 0.2124 -0.2306997 -0.4214826 0.2124 -0.2310093 -0.4216701 0.2124 -0.2313036 -0.4288104 0.2124 -0.257974 -0.4216701 0.2124 -0.2613036 -0.4218826 0.2124 -0.2615804 -0.4249467 0.2124 -0.08221948 -0.4252954 0.2124 -0.08220422 -0.4288859 0.2124 -0.07891404 -0.4289315 0.2124 -0.0785681 -0.4288104 0.2124 -0.04925471 -0.4288859 0.2124 -0.04891407 -0.4289315 0.2124 -0.04856806 -0.4289467 0.2124 -0.04821944 -0.421083 0.2124 -0.04718416 -0.4210075 0.2124 -0.04752486 -0.420962 0.2124 -0.04787081 -0.4256413 0.2124 -0.22507 -0.4252954 0.2124 -0.2250245 -0.4209467 0.2124 -0.07821947 -0.4245981 0.2124 -0.2250245 -0.4242522 0.2124 -0.22507 -0.4223756 0.2124 -0.2259451 -0.4221183 0.2124 -0.2261808 -0.4218826 0.2124 -0.2264381 -0.4216701 0.2124 -0.2267149 -0.4214826 0.2124 -0.2270092 -0.4218826 0.2124 -0.2315804 -0.4221183 0.2124 -0.2318377 -0.4256413 0.2124 -0.08215868 -0.425982 0.2124 -0.08208316 -0.4263148 0.2124 -0.08197826 -0.4263148 0.2124 -0.05197823 -0.4209467 0.2124 -0.04821944 -0.420962 0.2124 -0.04856806 -0.4210075 0.2124 -0.04891407 -0.4213215 0.2124 -0.04990994 -0.4214826 0.2124 -0.05021947 -0.4287055 0.2124 -0.07685136 -0.4216701 0.2124 -0.05051374 -0.4218826 0.2124 -0.0507906 -0.4221183 0.2124 -0.05104786 -0.4249467 0.2124 -0.2250093 -0.427241 0.2124 -0.2557327 -0.4269467 0.2124 -0.2555451 -0.4266372 0.2124 -0.255384 -0.4263148 0.2124 -0.2552505 -0.425982 0.2124 -0.2551456 -0.4256413 0.2124 -0.25507 -0.4266372 0.2124 -0.08184468 -0.4269467 0.2124 -0.08168357 -0.427241 0.2124 -0.08149605 -0.4275179 0.2124 -0.08128362 -0.4277752 0.2124 -0.08104789 -0.4280109 0.2124 -0.08079063 -0.4282233 0.2124 -0.08051377 -0.4284108 0.2124 -0.08021944 -0.4223756 0.2124 -0.05128365 -0.4226524 0.2124 -0.05149608 -0.4229468 0.2124 -0.05168354 -0.4285719 0.2124 -0.07652902 -0.4284108 0.2124 -0.07621949 -0.4282233 0.2124 -0.07592517 -0.4280109 0.2124 -0.0756483 -0.4277752 0.2124 -0.07539105 -0.4266372 0.2124 -0.225384 -0.4263148 0.2124 -0.2252505 -0.425982 0.2124 -0.2251455 -0.4239115 0.2124 -0.2251455 -0.4235786 0.2124 -0.2252505 -0.4226524 0.2124 -0.2322859 -0.4242522 0.2124 -0.25507 -0.4239115 0.2124 -0.2551456 -0.4235786 0.2124 -0.2552505 -0.4232563 0.2124 -0.255384 -0.4229468 0.2124 -0.2555451 -0.4221183 0.2124 -0.2561808 -0.4218826 0.2124 -0.2564381 -0.4216701 0.2124 -0.2567149 -0.4289315 0.2124 -0.2293578 -0.4226524 0.2124 -0.07494288 -0.4223756 0.2124 -0.07515531 -0.4221183 0.2124 -0.07539105 -0.4218826 0.2124 -0.0756483 -0.4216701 0.2124 -0.07592517 -0.4214826 0.2124 -0.07621949 -0.4213215 0.2124 -0.07652902 -0.4211879 0.2124 -0.07685136 -0.4229468 0.2124 -0.2324733 -0.4232563 0.2124 -0.2326345 -0.4235786 0.2124 -0.232768 -0.4214826 0.2124 -0.2570093 -0.4213215 0.2124 -0.2573188 -0.4211879 0.2124 -0.2576412 -0.4209467 0.2124 -0.2590093 -0.420962 0.2124 -0.2593579 -0.4221183 0.2124 -0.2618377 -0.4223756 0.2124 -0.2620735 -0.4226524 0.2124 -0.2622859 -0.4288104 0.2124 -0.04718416 -0.4287055 0.2124 -0.04685139 -0.4285719 0.2124 -0.04652899 -0.4226524 0.2124 -0.04494285 -0.4223756 0.2124 -0.04515528 -0.4221183 0.2124 -0.04539102 -0.4218826 0.2124 -0.04564833 -0.4216701 0.2124 -0.04592514 -0.4214826 0.2124 -0.04621946 -0.4213215 0.2124 -0.04652899 -0.4211879 0.2124 -0.04685139 -0.4232563 0.2124 -0.05184471 -0.4235786 0.2124 -0.05197823 -0.4239115 0.2124 -0.05208319 -0.4275179 0.2124 -0.07515531 -0.427241 0.2124 -0.07494288 -0.4269467 0.2124 -0.07475537 -0.420962 0.2124 -0.07787084 -0.4239115 0.2124 -0.232873 -0.4242522 0.2124 -0.2329485 -0.4245981 0.2124 -0.232994 -0.421083 0.2124 -0.257974 -0.4210075 0.2124 -0.2583147 -0.420962 0.2124 -0.2586606 -0.4210075 0.2124 -0.2597039 -0.421083 0.2124 -0.2600445 -0.4211879 0.2124 -0.2603774 -0.4213215 0.2124 -0.2606998 -0.4214826 0.2124 -0.2610093 -0.4229468 0.2124 -0.2624734 -0.4232563 0.2124 -0.2626345 -0.4235786 0.2124 -0.262768 -0.4239115 0.2124 -0.262873 -0.4242522 0.2124 -0.2629485 -0.4284108 0.2124 -0.04621946 -0.4282233 0.2124 -0.04592514 -0.4280109 0.2124 -0.04564833 -0.4277752 0.2124 -0.04539102 -0.4275179 0.2124 -0.04515528 -0.427241 0.2124 -0.04494285 -0.4263148 0.2124 -0.04446071 -0.425982 0.2124 -0.04435575 -0.4242522 0.2124 -0.05215871 -0.4245981 0.2124 -0.05220425 -0.4288104 0.2124 -0.0771842 -0.4249467 0.2124 -0.05221945 -0.4252954 0.2124 -0.05220425 -0.4252954 0.2124 -0.2550245 -0.4249467 0.2124 -0.2550093 -0.4245981 0.2124 -0.2550245 -0.4256413 0.2124 -0.04428023 -0.4252954 0.2124 -0.04423469 -0.4249467 0.2124 -0.04421943 -0.4245981 0.2124 -0.04423469 -0.4269467 0.2124 -0.04475533 -0.4266372 0.2124 -0.04459422 -0.4242522 0.2124 -0.04428023 -0.4239115 0.2124 -0.04435575 -0.4235786 0.2124 -0.04446071 -0.4232563 0.2124 -0.04459422 -0.4229468 0.2124 -0.04475533 -0.425982 0.2124 -0.07435578 -0.4256413 0.2124 -0.07428026 -0.4252954 0.2124 -0.07423466 -0.4266372 0.2124 -0.07459425 -0.4263148 0.2124 -0.07446068 -0.4242522 0.2124 -0.07428026 -0.4239115 0.2124 -0.07435578 -0.4235786 0.2124 -0.07446068 -0.4249467 0.2124 -0.07421946 -0.4245981 0.2124 -0.07423466 -0.4232563 0.2124 -0.07459425 -0.4229468 0.2124 -0.07475537 -0.4249467 0.185 -0.2250093 -0.4245981 0.185 -0.2250245 -0.4242522 0.185 -0.22507 -0.4239115 0.185 -0.2251455 -0.4235786 0.185 -0.2252505 -0.4232563 0.185 -0.225384 -0.4229468 0.185 -0.2255452 -0.4226524 0.185 -0.2257326 -0.4223756 0.185 -0.2259451 -0.4221183 0.185 -0.2261808 -0.4218826 0.185 -0.2264381 -0.4216701 0.185 -0.2267149 -0.4214826 0.185 -0.2270092 -0.4213215 0.185 -0.2273188 -0.4211879 0.185 -0.2276412 -0.421083 0.185 -0.2279739 -0.4210075 0.185 -0.2283146 -0.420962 0.185 -0.2286607 -0.4209467 0.185 -0.2290093 -0.420962 0.185 -0.2293578 -0.4210075 0.185 -0.2297039 -0.421083 0.185 -0.2300446 -0.4211879 0.185 -0.2303773 -0.4213215 0.185 -0.2306997 -0.4214826 0.185 -0.2310093 -0.4216701 0.185 -0.2313036 -0.4218826 0.185 -0.2315804 -0.4221183 0.185 -0.2318377 -0.4223756 0.185 -0.2320734 -0.4226524 0.185 -0.2322859 -0.4229468 0.185 -0.2324733 -0.4232563 0.185 -0.2326345 -0.4235786 0.185 -0.232768 -0.4239115 0.185 -0.232873 -0.4242522 0.185 -0.2329485 -0.4245981 0.185 -0.232994 -0.4249467 0.185 -0.2330092 -0.4252954 0.185 -0.232994 -0.4256413 0.185 -0.2329485 -0.425982 0.185 -0.232873 -0.4263148 0.185 -0.232768 -0.4266372 0.185 -0.2326345 -0.4269467 0.185 -0.2324733 -0.427241 0.185 -0.2322859 -0.4275179 0.185 -0.2320734 -0.4277752 0.185 -0.2318377 -0.4280109 0.185 -0.2315804 -0.4282233 0.185 -0.2313036 -0.4284108 0.185 -0.2310093 -0.4285719 0.185 -0.2306997 -0.4287055 0.185 -0.2303773 -0.4288104 0.185 -0.2300446 -0.4288859 0.185 -0.2297039 -0.4289315 0.185 -0.2293578 -0.4289467 0.185 -0.2290093 -0.4289315 0.185 -0.2286607 -0.4288859 0.185 -0.2283146 -0.4288104 0.185 -0.2279739 -0.4287055 0.185 -0.2276412 -0.4285719 0.185 -0.2273188 -0.4284108 0.185 -0.2270092 -0.4282233 0.185 -0.2267149 -0.4280109 0.185 -0.2264381 -0.4277752 0.185 -0.2261808 -0.4275179 0.185 -0.2259451 -0.427241 0.185 -0.2257326 -0.4269467 0.185 -0.2255452 -0.4266372 0.185 -0.225384 -0.4263148 0.185 -0.2252505 -0.425982 0.185 -0.2251455 -0.4256413 0.185 -0.22507 -0.4252954 0.185 -0.2250245 -0.4249467 0.185 -0.2550093 -0.4245981 0.185 -0.2550245 -0.4242522 0.185 -0.25507 -0.4239115 0.185 -0.2551456 -0.4235786 0.185 -0.2552505 -0.4232563 0.185 -0.255384 -0.4229468 0.185 -0.2555451 -0.4226524 0.185 -0.2557327 -0.4223756 0.185 -0.2559451 -0.4221183 0.185 -0.2561808 -0.4218826 0.185 -0.2564381 -0.4216701 0.185 -0.2567149 -0.4214826 0.185 -0.2570093 -0.4213215 0.185 -0.2573188 -0.4211879 0.185 -0.2576412 -0.421083 0.185 -0.257974 -0.4210075 0.185 -0.2583147 -0.420962 0.185 -0.2586606 -0.4209467 0.185 -0.2590093 -0.420962 0.185 -0.2593579 -0.4210075 0.185 -0.2597039 -0.421083 0.185 -0.2600445 -0.4211879 0.185 -0.2603774 -0.4213215 0.185 -0.2606998 -0.4214826 0.185 -0.2610093 -0.4216701 0.185 -0.2613036 -0.4218826 0.185 -0.2615804 -0.4221183 0.185 -0.2618377 -0.4223756 0.185 -0.2620735 -0.4226524 0.185 -0.2622859 -0.4229468 0.185 -0.2624734 -0.4232563 0.185 -0.2626345 -0.4235786 0.185 -0.262768 -0.4239115 0.185 -0.262873 -0.4242522 0.185 -0.2629485 -0.4245981 0.185 -0.2629941 -0.4249467 0.185 -0.2630093 -0.4252954 0.185 -0.2629941 -0.4256413 0.185 -0.2629485 -0.425982 0.185 -0.262873 -0.4263148 0.185 -0.262768 -0.4266372 0.185 -0.2626345 -0.4269467 0.185 -0.2624734 -0.427241 0.185 -0.2622859 -0.4275179 0.185 -0.2620735 -0.4277752 0.185 -0.2618377 -0.4280109 0.185 -0.2615804 -0.4282233 0.185 -0.2613036 -0.4284108 0.185 -0.2610093 -0.4285719 0.185 -0.2606998 -0.4287055 0.185 -0.2603774 -0.4288104 0.185 -0.2600445 -0.4288859 0.185 -0.2597039 -0.4289315 0.185 -0.2593579 -0.4289467 0.185 -0.2590093 -0.4289315 0.185 -0.2586606 -0.4288859 0.185 -0.2583147 -0.4288104 0.185 -0.257974 -0.4287055 0.185 -0.2576412 -0.4285719 0.185 -0.2573188 -0.4284108 0.185 -0.2570093 -0.4282233 0.185 -0.2567149 -0.4280109 0.185 -0.2564381 -0.4277752 0.185 -0.2561808 -0.4275179 0.185 -0.2559451 -0.427241 0.185 -0.2557327 -0.4269467 0.185 -0.2555451 -0.4266372 0.185 -0.255384 -0.4263148 0.185 -0.2552505 -0.425982 0.185 -0.2551456 -0.4256413 0.185 -0.25507 -0.4252954 0.185 -0.2550245 -0.4249467 0.215 -0.07421946 -0.4245981 0.215 -0.07423466 -0.4242522 0.215 -0.07428026 -0.4239115 0.215 -0.07435578 -0.4235786 0.215 -0.07446068 -0.4232563 0.215 -0.07459425 -0.4229468 0.215 -0.07475537 -0.4226524 0.215 -0.07494288 -0.4223756 0.215 -0.07515531 -0.4221183 0.215 -0.07539105 -0.4218826 0.215 -0.0756483 -0.4216701 0.215 -0.07592517 -0.4214826 0.215 -0.07621949 -0.4213215 0.215 -0.07652902 -0.4211879 0.215 -0.07685136 -0.421083 0.215 -0.0771842 -0.4210075 0.215 -0.0775249 -0.420962 0.215 -0.07787084 -0.4209467 0.215 -0.07821947 -0.420962 0.215 -0.0785681 -0.4210075 0.215 -0.07891404 -0.421083 0.215 -0.07925474 -0.4211879 0.215 -0.07958757 -0.4213215 0.215 -0.07990992 -0.4214826 0.215 -0.08021944 -0.4216701 0.215 -0.08051377 -0.4218826 0.215 -0.08079063 -0.4221183 0.215 -0.08104789 -0.4223756 0.215 -0.08128362 -0.4226524 0.215 -0.08149605 -0.4229468 0.215 -0.08168357 -0.4232563 0.215 -0.08184468 -0.4235786 0.215 -0.08197826 -0.4239115 0.215 -0.08208316 -0.4242522 0.215 -0.08215868 -0.4245981 0.215 -0.08220422 -0.4249467 0.215 -0.08221948 -0.4252954 0.215 -0.08220422 -0.4256413 0.215 -0.08215868 -0.425982 0.215 -0.08208316 -0.4263148 0.215 -0.08197826 -0.4266372 0.215 -0.08184468 -0.4269467 0.215 -0.08168357 -0.427241 0.215 -0.08149605 -0.4275179 0.215 -0.08128362 -0.4277752 0.215 -0.08104789 -0.4280109 0.215 -0.08079063 -0.4282233 0.215 -0.08051377 -0.4284108 0.215 -0.08021944 -0.4285719 0.215 -0.07990992 -0.4287055 0.215 -0.07958757 -0.4288104 0.215 -0.07925474 -0.4288859 0.215 -0.07891404 -0.4289315 0.215 -0.0785681 -0.4289467 0.215 -0.07821947 -0.4289315 0.215 -0.07787084 -0.4288859 0.215 -0.0775249 -0.4288104 0.215 -0.0771842 -0.4287055 0.215 -0.07685136 -0.4285719 0.215 -0.07652902 -0.4284108 0.215 -0.07621949 -0.4282233 0.215 -0.07592517 -0.4280109 0.215 -0.0756483 -0.4277752 0.215 -0.07539105 -0.4275179 0.215 -0.07515531 -0.427241 0.215 -0.07494288 -0.4269467 0.215 -0.07475537 -0.4266372 0.215 -0.07459425 -0.4263148 0.215 -0.07446068 -0.425982 0.215 -0.07435578 -0.4256413 0.215 -0.07428026 -0.4252954 0.215 -0.07423466 -0.4249467 0.215 -0.04421943 -0.4245981 0.215 -0.04423469 -0.4242522 0.215 -0.04428023 -0.4239115 0.215 -0.04435575 -0.4235786 0.215 -0.04446071 -0.4232563 0.215 -0.04459422 -0.4229468 0.215 -0.04475533 -0.4226524 0.215 -0.04494285 -0.4223756 0.215 -0.04515528 -0.4221183 0.215 -0.04539102 -0.4218826 0.215 -0.04564833 -0.4216701 0.215 -0.04592514 -0.4214826 0.215 -0.04621946 -0.4213215 0.215 -0.04652899 -0.4211879 0.215 -0.04685139 -0.421083 0.215 -0.04718416 -0.4210075 0.215 -0.04752486 -0.420962 0.215 -0.04787081 -0.4209467 0.215 -0.04821944 -0.420962 0.215 -0.04856806 -0.4210075 0.215 -0.04891407 -0.421083 0.215 -0.04925471 -0.4211879 0.215 -0.04958754 -0.4213215 0.215 -0.04990994 -0.4214826 0.215 -0.05021947 -0.4216701 0.215 -0.05051374 -0.4218826 0.215 -0.0507906 -0.4221183 0.215 -0.05104786 -0.4223756 0.215 -0.05128365 -0.4226524 0.215 -0.05149608 -0.4229468 0.215 -0.05168354 -0.4232563 0.215 -0.05184471 -0.4235786 0.215 -0.05197823 -0.4239115 0.215 -0.05208319 -0.4242522 0.215 -0.05215871 -0.4245981 0.215 -0.05220425 -0.4249467 0.215 -0.05221945 -0.4252954 0.215 -0.05220425 -0.4256413 0.215 -0.05215871 -0.425982 0.215 -0.05208319 -0.4263148 0.215 -0.05197823 -0.4266372 0.215 -0.05184471 -0.4269467 0.215 -0.05168354 -0.427241 0.215 -0.05149608 -0.4275179 0.215 -0.05128365 -0.4277752 0.215 -0.05104786 -0.4280109 0.215 -0.0507906 -0.4282233 0.215 -0.05051374 -0.4284108 0.215 -0.05021947 -0.4285719 0.215 -0.04990994 -0.4287055 0.215 -0.04958754 -0.4288104 0.215 -0.04925471 -0.4288859 0.215 -0.04891407 -0.4289315 0.215 -0.04856806 -0.4289467 0.215 -0.04821944 -0.4289315 0.215 -0.04787081 -0.4288859 0.215 -0.04752486 -0.4288104 0.215 -0.04718416 -0.4287055 0.215 -0.04685139 -0.4285719 0.215 -0.04652899 -0.4284108 0.215 -0.04621946 -0.4282233 0.215 -0.04592514 -0.4280109 0.215 -0.04564833 -0.4277752 0.215 -0.04539102 -0.4275179 0.215 -0.04515528 -0.427241 0.215 -0.04494285 -0.4269467 0.215 -0.04475533 -0.4266372 0.215 -0.04459422 -0.4263148 0.215 -0.04446071 -0.425982 0.215 -0.04435575 -0.4256413 0.215 -0.04428023 -0.4252954 0.215 -0.04423469 -0.4249467 0.215 -0.2550093 -0.4245981 0.215 -0.2550245 -0.4242522 0.215 -0.25507 -0.4239115 0.215 -0.2551456 -0.4235786 0.215 -0.2552505 -0.4232563 0.215 -0.255384 -0.4229468 0.215 -0.2555451 -0.4226524 0.215 -0.2557327 -0.4223756 0.215 -0.2559451 -0.4221183 0.215 -0.2561808 -0.4218826 0.215 -0.2564381 -0.4216701 0.215 -0.2567149 -0.4214826 0.215 -0.2570093 -0.4213215 0.215 -0.2573188 -0.4211879 0.215 -0.2576412 -0.421083 0.215 -0.257974 -0.4210075 0.215 -0.2583147 -0.420962 0.215 -0.2586606 -0.4209467 0.215 -0.2590093 -0.420962 0.215 -0.2593579 -0.4210075 0.215 -0.2597039 -0.421083 0.215 -0.2600445 -0.4211879 0.215 -0.2603774 -0.4213215 0.215 -0.2606998 -0.4214826 0.215 -0.2610093 -0.4216701 0.215 -0.2613036 -0.4218826 0.215 -0.2615804 -0.4221183 0.215 -0.2618377 -0.4223756 0.215 -0.2620735 -0.4226524 0.215 -0.2622859 -0.4229468 0.215 -0.2624734 -0.4232563 0.215 -0.2626345 -0.4235786 0.215 -0.262768 -0.4239115 0.215 -0.262873 -0.4242522 0.215 -0.2629485 -0.4245981 0.215 -0.2629941 -0.4249467 0.215 -0.2630093 -0.4252954 0.215 -0.2629941 -0.4256413 0.215 -0.2629485 -0.425982 0.215 -0.262873 -0.4263148 0.215 -0.262768 -0.4266372 0.215 -0.2626345 -0.4269467 0.215 -0.2624734 -0.427241 0.215 -0.2622859 -0.4275179 0.215 -0.2620735 -0.4277752 0.215 -0.2618377 -0.4280109 0.215 -0.2615804 -0.4282233 0.215 -0.2613036 -0.4284108 0.215 -0.2610093 -0.4285719 0.215 -0.2606998 -0.4287055 0.215 -0.2603774 -0.4288104 0.215 -0.2600445 -0.4288859 0.215 -0.2597039 -0.4289315 0.215 -0.2593579 -0.4289467 0.215 -0.2590093 -0.4289315 0.215 -0.2586606 -0.4288859 0.215 -0.2583147 -0.4288104 0.215 -0.257974 -0.4287055 0.215 -0.2576412 -0.4285719 0.215 -0.2573188 -0.4284108 0.215 -0.2570093 -0.4282233 0.215 -0.2567149 -0.4280109 0.215 -0.2564381 -0.4277752 0.215 -0.2561808 -0.4275179 0.215 -0.2559451 -0.427241 0.215 -0.2557327 -0.4269467 0.215 -0.2555451 -0.4266372 0.215 -0.255384 -0.4263148 0.215 -0.2552505 -0.425982 0.215 -0.2551456 -0.4256413 0.215 -0.25507 -0.4252954 0.215 -0.2550245 -0.4249467 0.215 -0.2250093 -0.4245981 0.215 -0.2250245 -0.4242522 0.215 -0.22507 -0.4239115 0.215 -0.2251455 -0.4235786 0.215 -0.2252505 -0.4232563 0.215 -0.225384 -0.4229468 0.215 -0.2255452 -0.4226524 0.215 -0.2257326 -0.4223756 0.215 -0.2259451 -0.4221183 0.215 -0.2261808 -0.4218826 0.215 -0.2264381 -0.4216701 0.215 -0.2267149 -0.4214826 0.215 -0.2270092 -0.4213215 0.215 -0.2273188 -0.4211879 0.215 -0.2276412 -0.421083 0.215 -0.2279739 -0.4210075 0.215 -0.2283146 -0.420962 0.215 -0.2286607 -0.4209467 0.215 -0.2290093 -0.420962 0.215 -0.2293578 -0.4210075 0.215 -0.2297039 -0.421083 0.215 -0.2300446 -0.4211879 0.215 -0.2303773 -0.4213215 0.215 -0.2306997 -0.4214826 0.215 -0.2310093 -0.4216701 0.215 -0.2313036 -0.4218826 0.215 -0.2315804 -0.4221183 0.215 -0.2318377 -0.4223756 0.215 -0.2320734 -0.4226524 0.215 -0.2322859 -0.4229468 0.215 -0.2324733 -0.4232563 0.215 -0.2326345 -0.4235786 0.215 -0.232768 -0.4239115 0.215 -0.232873 -0.4242522 0.215 -0.2329485 -0.4245981 0.215 -0.232994 -0.4249467 0.215 -0.2330092 -0.4252954 0.215 -0.232994 -0.4256413 0.215 -0.2329485 -0.425982 0.215 -0.232873 -0.4263148 0.215 -0.232768 -0.4266372 0.215 -0.2326345 -0.4269467 0.215 -0.2324733 -0.427241 0.215 -0.2322859 -0.4275179 0.215 -0.2320734 -0.4277752 0.215 -0.2318377 -0.4280109 0.215 -0.2315804 -0.4282233 0.215 -0.2313036 -0.4284108 0.215 -0.2310093 -0.4285719 0.215 -0.2306997 -0.4287055 0.215 -0.2303773 -0.4288104 0.215 -0.2300446 -0.4288859 0.215 -0.2297039 -0.4289315 0.215 -0.2293578 -0.4289467 0.215 -0.2290093 -0.4289315 0.215 -0.2286607 -0.4288859 0.215 -0.2283146 -0.4288104 0.215 -0.2279739 -0.4287055 0.215 -0.2276412 -0.4285719 0.215 -0.2273188 -0.4284108 0.215 -0.2270092 -0.4282233 0.215 -0.2267149 -0.4280109 0.215 -0.2264381 -0.4277752 0.215 -0.2261808 -0.4275179 0.215 -0.2259451 -0.427241 0.215 -0.2257326 -0.4269467 0.215 -0.2255452 -0.4266372 0.215 -0.225384 -0.4263148 0.215 -0.2252505 -0.425982 0.215 -0.2251455 -0.4256413 0.215 -0.22507 -0.4252954 0.215 -0.2250245 -0.4249467 0.185 -0.04421943 -0.4245981 0.185 -0.04423469 -0.4242522 0.185 -0.04428023 -0.4239115 0.185 -0.04435575 -0.4235786 0.185 -0.04446071 -0.4232563 0.185 -0.04459422 -0.4229468 0.185 -0.04475533 -0.4226524 0.185 -0.04494285 -0.4223756 0.185 -0.04515528 -0.4221183 0.185 -0.04539102 -0.4218826 0.185 -0.04564833 -0.4216701 0.185 -0.04592514 -0.4214826 0.185 -0.04621946 -0.4213215 0.185 -0.04652899 -0.4211879 0.185 -0.04685139 -0.421083 0.185 -0.04718416 -0.4210075 0.185 -0.04752486 -0.420962 0.185 -0.04787081 -0.4209467 0.185 -0.04821944 -0.420962 0.185 -0.04856806 -0.4210075 0.185 -0.04891407 -0.421083 0.185 -0.04925471 -0.4211879 0.185 -0.04958754 -0.4213215 0.185 -0.04990994 -0.4214826 0.185 -0.05021947 -0.4216701 0.185 -0.05051374 -0.4218826 0.185 -0.0507906 -0.4221183 0.185 -0.05104786 -0.4223756 0.185 -0.05128365 -0.4226524 0.185 -0.05149608 -0.4229468 0.185 -0.05168354 -0.4232563 0.185 -0.05184471 -0.4235786 0.185 -0.05197823 -0.4239115 0.185 -0.05208319 -0.4242522 0.185 -0.05215871 -0.4245981 0.185 -0.05220425 -0.4249467 0.185 -0.05221945 -0.4252954 0.185 -0.05220425 -0.4256413 0.185 -0.05215871 -0.425982 0.185 -0.05208319 -0.4263148 0.185 -0.05197823 -0.4266372 0.185 -0.05184471 -0.4269467 0.185 -0.05168354 -0.427241 0.185 -0.05149608 -0.4275179 0.185 -0.05128365 -0.4277752 0.185 -0.05104786 -0.4280109 0.185 -0.0507906 -0.4282233 0.185 -0.05051374 -0.4284108 0.185 -0.05021947 -0.4285719 0.185 -0.04990994 -0.4287055 0.185 -0.04958754 -0.4288104 0.185 -0.04925471 -0.4288859 0.185 -0.04891407 -0.4289315 0.185 -0.04856806 -0.4289467 0.185 -0.04821944 -0.4289315 0.185 -0.04787081 -0.4288859 0.185 -0.04752486 -0.4288104 0.185 -0.04718416 -0.4287055 0.185 -0.04685139 -0.4285719 0.185 -0.04652899 -0.4284108 0.185 -0.04621946 -0.4282233 0.185 -0.04592514 -0.4280109 0.185 -0.04564833 -0.4277752 0.185 -0.04539102 -0.4275179 0.185 -0.04515528 -0.427241 0.185 -0.04494285 -0.4269467 0.185 -0.04475533 -0.4266372 0.185 -0.04459422 -0.4263148 0.185 -0.04446071 -0.425982 0.185 -0.04435575 -0.4256413 0.185 -0.04428023 -0.4252954 0.185 -0.04423469 -0.4249467 0.185 -0.07421946 -0.4245981 0.185 -0.07423466 -0.4242522 0.185 -0.07428026 -0.4239115 0.185 -0.07435578 -0.4235786 0.185 -0.07446068 -0.4232563 0.185 -0.07459425 -0.4229468 0.185 -0.07475537 -0.4226524 0.185 -0.07494288 -0.4223756 0.185 -0.07515531 -0.4221183 0.185 -0.07539105 -0.4218826 0.185 -0.0756483 -0.4216701 0.185 -0.07592517 -0.4214826 0.185 -0.07621949 -0.4213215 0.185 -0.07652902 -0.4211879 0.185 -0.07685136 -0.421083 0.185 -0.0771842 -0.4210075 0.185 -0.0775249 -0.420962 0.185 -0.07787084 -0.4209467 0.185 -0.07821947 -0.420962 0.185 -0.0785681 -0.4210075 0.185 -0.07891404 -0.421083 0.185 -0.07925474 -0.4211879 0.185 -0.07958757 -0.4213215 0.185 -0.07990992 -0.4214826 0.185 -0.08021944 -0.4216701 0.185 -0.08051377 -0.4218826 0.185 -0.08079063 -0.4221183 0.185 -0.08104789 -0.4223756 0.185 -0.08128362 -0.4226524 0.185 -0.08149605 -0.4229468 0.185 -0.08168357 -0.4232563 0.185 -0.08184468 -0.4235786 0.185 -0.08197826 -0.4239115 0.185 -0.08208316 -0.4242522 0.185 -0.08215868 -0.4245981 0.185 -0.08220422 -0.4249467 0.185 -0.08221948 -0.4252954 0.185 -0.08220422 -0.4256413 0.185 -0.08215868 -0.425982 0.185 -0.08208316 -0.4263148 0.185 -0.08197826 -0.4266372 0.185 -0.08184468 -0.4269467 0.185 -0.08168357 -0.427241 0.185 -0.08149605 -0.4275179 0.185 -0.08128362 -0.4277752 0.185 -0.08104789 -0.4280109 0.185 -0.08079063 -0.4282233 0.185 -0.08051377 -0.4284108 0.185 -0.08021944 -0.4285719 0.185 -0.07990992 -0.4287055 0.185 -0.07958757 -0.4288104 0.185 -0.07925474 -0.4288859 0.185 -0.07891404 -0.4289315 0.185 -0.0785681 -0.4289467 0.185 -0.07821947 -0.4289315 0.185 -0.07787084 -0.4288859 0.185 -0.0775249 -0.4288104 0.185 -0.0771842 -0.4287055 0.185 -0.07685136 -0.4285719 0.185 -0.07652902 -0.4284108 0.185 -0.07621949 -0.4282233 0.185 -0.07592517 -0.4280109 0.185 -0.0756483 -0.4277752 0.185 -0.07539105 -0.4275179 0.185 -0.07515531 -0.427241 0.185 -0.07494288 -0.4269467 0.185 -0.07475537 -0.4266372 0.185 -0.07459425 -0.4263148 0.185 -0.07446068 -0.425982 0.185 -0.07435578 -0.4256413 0.185 -0.07428026 -0.4252954 0.185 -0.07423466</float_array>
          <technique_common>
            <accessor source="#chassis_default_as_machined-mesh-positions-array" count="1456" stride="3">
              <param name="X" type="float"/>
              <param name="Y" type="float"/>
              <param name="Z" type="float"/>
            </accessor>
          </technique_common>
        </source>
        <source id="chassis_default_as_machined-mesh-normals">
          <float_array id="chassis_default_as_machined-mesh-normals-array" count="4086">0 0 1 -6.17467e-6 0 1 6.17436e-6 0 1 -1.23481e-5 0 1 6.17501e-6 0 1 -6.17452e-6 0 1 6.17467e-6 0 1 3.08718e-6 0 1 -1.23506e-5 0 1 3.08733e-6 0 1 -6.17528e-6 0 1 -3.08733e-6 0 1 -1.54351e-6 0 1 1.54382e-6 0 1 7.71834e-7 0 1 -3.85917e-7 0 1 -3.13495e-7 0 1 -7.71986e-7 0 1 -1.23499e-5 0 1 1.2349e-5 0 1 -3.08749e-6 0 1 1.54374e-6 0 1 6.17406e-6 0 1 3.85879e-7 0 1 2.77323e-7 0 1 -1.54367e-6 0 1 0 0 -1 9.87947e-5 0 -1 -9.87959e-5 0 -1 -9.88045e-5 0 -1 1.9758e-4 0 -1 -9.87996e-5 0 -1 4.93949e-5 0 -1 -1.97589e-4 0 -1 4.93974e-5 0 -1 -4.93974e-5 0 -1 -2.46962e-5 0 -1 -1.98747e-5 0 -1 -2.46975e-5 0 -1 -4.93949e-5 0 -1 -9.87947e-5 0 -1 1.97599e-4 0 -1 -9.87923e-5 0 -1 9.87959e-5 0 -1 9.87996e-5 0 -1 -4.93998e-5 0 -1 1.97589e-4 0 -1 4.93998e-5 0 -1 2.46962e-5 0 -1 2.89438e-6 0 -1 9.88045e-5 0 -1 1 0 0 0.04362136 0.9990482 0 0.04362136 0.9990482 0 0.1305276 0.9914447 0 0.1305591 0.9914405 0 0.2163745 0.9763104 0 0.2164259 0.9762991 0 0.3007254 0.9537108 0 0.3007953 0.9536888 0 0.3826795 0.9238812 0 0.3825935 0.9239168 0 0.4617664 0.8870016 0 0.4616668 0.8870534 0 0.537342 0.8433645 0 0.5373419 0.8433645 0 0.608695 0.7934043 0 0.6088127 0.7933141 0 0.6756162 0.7372536 0 0.6756163 0.7372535 0 0.7372081 0.6756658 0 0.7373293 0.6755335 0 0.7933642 0.6087474 0 0.7933642 0.6087473 0 0.8432899 0.537459 0 0.8435105 0.5371128 0 0.8868861 0.4619883 0 0.8870854 0.4616054 0 0.92386 0.3827306 0 0.9239461 0.382523 0 0.9536361 0.3009621 0 0.9537059 0.3007408 0 0.976324 0.2163136 0 0.991428 0.1306546 0 0.991428 0.1306546 0 0.9990511 0.04355454 0 0.9990511 0.04355448 0 0 1 0 0 1 -5.69822e-6 0 1 3.39674e-5 0 1 -1.30426e-5 0 1 1.30945e-5 0 1 -9.20347e-6 0 1 -2.25266e-5 0 1 -6.51071e-6 0 1 -1.2169e-6 0 1 -1.60555e-6 0 1 4.05633e-6 0 1 -5.41025e-6 0 1 4.48904e-6 0 1 -4.38083e-7 0 1 -7.09967e-6 0 1 -2.28116e-6 0 1 3.51123e-6 0 1 -4.30204e-6 0 1 1.00469e-6 0 1 -2.83768e-5 0 1 2.89419e-5 0 1 -5.39812e-7 0 1 1.4892e-5 0 1 3.51503e-6 0 1 -2.8319e-5 0 1 4.50067e-6 0 1 5.60538e-5 0 1 4.06549e-7 0 1 -1.79369e-5 0 1 -2.77469e-5 0 1 1.29792e-5 0 1 3.22231e-6 0 1 -3.16744e-7 0 1 1.77343e-6 0 1 2.25665e-6 0 1 -4.97611e-6 0 1 2.51717e-6 0 1 -2.98355e-7 0 1 -1.59932e-5 0 1 -1.1956e-6 0 1 -2.19916e-5 0 1 2.18264e-5 0 1 -2.05359e-6 0 1 -1.27036e-6 0 1 -3.29789e-6 0 1 9.59767e-6 0 1 9.72664e-7 0 1 4.00641e-5 0 1 -3.20724e-5 0 1 -8.62799e-6 0 1 4.80934e-6 0 1 -2.45537e-5 0 1 1.7626e-6 0 1 -4.41181e-6 0 1 -8.59901e-6 0 1 3.7048e-7 0 1 -2.58848e-6 0 1 -1.03711e-6 0 1 -4.51459e-6 0 1 -4.69578e-7 0 1 6.43685e-6 0 1 -9.60356e-6 0 1 -5.37699e-7 0 1 1.25401e-6 0 1 -1.52053e-6 0 1 1.70099e-6 0 1 1.27239e-5 0 1 -3.78727e-5 0 1 1.34696e-6 0 1 7.67813e-6 0 1 -6.44596e-6 0 1 3.49883e-7 0 1 -3.04331e-7 0 1 2.69012e-6 0 1 -2.84045e-7 0 1 1.77718e-6 0 1 7.60852e-6 0 1 -2.85985e-6 0 1 1.00321e-5 0 1 4.37461e-6 0 1 7.42633e-6 0 1 5.67829e-6 0 1 1.1407e-6 0 1 8.30118e-7 0 1 1.56468e-6 0 1 -4.46684e-6 0 1 -2.74723e-6 0 1 2.7062e-5 0 1 -3.33778e-5 0 1 1.30549e-5 0 1 4.85894e-6 0 1 -2.62385e-5 0 1 1.75759e-5 0 1 -9.55134e-6 0 1 1.07721e-5 0 1 -3.72824e-6 0 1 -3.23164e-6 0 1 1.12074e-6 0 1 -1.70877e-7 0 1 -2.60308e-5 0 1 -4.42154e-6 0 1 4.0989e-6 0 1 -4.29056e-6 0 1 1.95998e-6 0 1 -3.80541e-6 0 1 1.01468e-6 0 1 1.03724e-6 0 1 -8.33111e-6 0 1 4.00847e-6 0 1 -1.94973e-6 0 1 -2.651e-6 0 1 4.75623e-7 0 1 2.22618e-5 0 1 -2.05593e-6 0 1 4.14106e-6 0 1 1.46714e-6 0 1 2.96301e-7 0 1 -1.16257e-6 0 1 2.91946e-7 0 1 -6.05808e-7 0 1 6.248e-7 0 1 -9.79581e-7 0 1 -1.9791e-6 0 1 3.80633e-6 0 1 -4.29022e-6 0 1 3.075e-6 -0.9990406 0.04379737 0 -0.9990511 0.04355448 0 -0.991428 0.1306546 0 -0.9914909 0.1301763 0 -0.9762726 0.2165455 0 -0.976324 0.2163136 0 -0.9536361 0.3009621 0 -0.9537758 0.3005195 0 -0.92386 0.3827306 0 -0.9239461 0.382523 0 -0.8868861 0.4619883 0 -0.8870854 0.4616054 0 -0.8432899 0.537459 0 -0.8435105 0.5371128 0 -0.7933642 0.6087474 0 -0.7933642 0.6087473 0 -0.7372081 0.6756658 0 -0.7373293 0.6755335 0 -0.6756162 0.7372536 0 -0.6756163 0.7372535 0 -0.608695 0.7934043 0 -0.6088127 0.7933141 0 -0.5372317 0.8434347 0 -0.5373419 0.8433645 0 -0.4617664 0.8870016 0 -0.4616668 0.8870534 0 -0.3826795 0.9238812 0 -0.3825935 0.9239168 0 -0.3007952 0.9536888 0 -0.3007953 0.9536888 0 -0.2163745 0.9763104 0 -0.2163745 0.9763104 0 -0.1305276 0.9914447 0 -0.1305591 0.9914405 0 -0.04363197 0.9990478 0 -0.04361075 0.9990487 0 -1 0 0 -0.04361075 -0.9990487 0 -0.04363197 -0.9990478 0 -0.1305591 -0.9914405 0 -0.1305276 -0.9914447 0 -0.2164371 -0.9762966 0 -0.2164371 -0.9762966 0 -0.3007355 -0.9537076 0 -0.3007355 -0.9537076 0 -0.3825935 -0.9239168 0 -0.3826795 -0.9238812 0 -0.4617184 -0.8870266 0 -0.4618182 -0.8869747 0 -0.5372952 -0.8433943 0 -0.537185 -0.8434645 0 -0.6088539 -0.7932825 0 -0.6087365 -0.7933725 0 -0.6755805 -0.7372863 0 -0.6755805 -0.7372862 0 -0.7373593 -0.6755008 0 -0.7372381 -0.6756331 0 -0.7933399 -0.6087791 0 -0.7933399 -0.6087791 0 -0.8435295 -0.5370831 0 -0.843309 -0.5374292 0 -0.8870854 -0.4616054 0 -0.8868861 -0.4619882 0 -0.923946 -0.3825229 0 -0.9238601 -0.3827306 0 -0.9537757 -0.3005195 0 -0.9536362 -0.3009621 0 -0.976324 -0.2163136 0 -0.9762726 -0.2165455 0 -0.9914898 -0.1301848 0 -0.9914269 -0.1306631 0 -0.9990511 -0.04355454 0 -0.9990406 -0.04379737 0 0 -1 0 0 -1 5.95664e-5 0 -1 -2.89419e-5 0 -1 -1.75562e-6 0 -1 -2.82614e-5 0 -1 1.61605e-5 0 -1 3.32193e-6 0 -1 2.62333e-5 0 -1 1.34105e-5 0 -1 -7.28014e-5 0 -1 -5.22369e-6 0 -1 -1.32866e-5 0 -1 1.37514e-5 0 -1 -2.69507e-6 0 -1 -1.61958e-6 0 -1 4.0417e-6 0 -1 -3.52216e-6 0 -1 3.10705e-6 0 -1 6.59979e-5 0 -1 -7.67813e-6 0 -1 1.88122e-5 0 -1 1.23684e-5 0 -1 2.80269e-4 0 -1 1.14135e-5 0 -1 -3.52232e-6 0 -1 2.30627e-6 0 -1 -1.6276e-4 0 -1 2.41757e-6 0 -1 -5.22925e-6 0 -1 -3.01538e-7 0 -1 1.39402e-5 0 -1 7.96638e-6 0 -1 3.72912e-6 0 -1 -3.11253e-6 0 -1 -9.8236e-6 0 -1 -5.69778e-6 0 -1 8.11267e-6 0 -1 -4.39769e-6 0 -1 -1.34542e-6 0 -1 1.75292e-6 0 -1 2.02922e-4 0 -1 -5.5558e-5 0 -1 8.00416e-6 0 -1 2.52423e-5 0 -1 -2.18684e-5 0 -1 6.68579e-6 0 -1 4.09228e-5 0 -1 6.57479e-6 0 -1 -2.03716e-5 0 -1 -2.4589e-6 0 -1 1.46466e-6 0 -1 -1.8211e-5 0 -1 4.99937e-6 0 -1 3.18617e-6 0 -1 -3.88488e-6 0 -1 4.16112e-6 0 -1 -2.25761e-6 0 -1 4.02917e-6 0 -1 1.62676e-5 0 -1 -1.18834e-5 0 -1 -3.29781e-6 0 -1 -2.12548e-7 0 -1 3.34621e-6 0 -1 9.273e-5 0 -1 -1.55473e-4 0 -1 1.21033e-7 0 -1 -1.13225e-4 0 -1 2.65306e-5 0 -1 -6.34647e-6 0 -1 -1.00289e-5 0 -1 9.3006e-6 0 -1 3.89867e-6 0 -1 -3.62697e-6 0 -1 2.13576e-6 0 -1 -2.33319e-6 0 -1 5.78061e-6 0 -1 -1.60987e-5 0 -1 -2.65347e-5 0 -1 -5.2275e-6 0 -1 -5.85887e-7 0 -1 3.22231e-6 0 -1 -2.95705e-6 0 -1 -9.75343e-6 0 -1 7.29629e-6 0 -1 1.85649e-6 0 -1 -2.59121e-6 0 -1 4.33197e-6 0 -1 -5.10204e-5 0 -1 1.13891e-6 0 -1 4.24477e-6 0 -1 -2.54065e-6 0 -1 1.4325e-6 0 -1 -6.59561e-6 0 -1 7.77363e-6 0 -1 4.80095e-6 0 -1 -6.61346e-5 0 -1 3.21585e-5 0 -1 -3.06748e-5 0 -1 2.40341e-5 0 -1 1.17024e-5 0 -1 -2.35805e-5 0 -1 2.46403e-5 0 -1 -1.03902e-5 0 -1 3.33778e-5 0 -1 -3.76506e-5 0 -1 -1.15923e-5 0 -1 -1.88004e-6 0 -1 1.60966e-5 0 -1 7.85176e-5 0 -1 1.97086e-7 0 -1 -1.7085e-6 0 -1 -1.97935e-6 0 -1 9.88046e-5 0 -1 1.35124e-5 0 -1 4.46269e-5 0 -1 -4.00641e-5 0 -1 1.26114e-5 0 -1 2.45915e-5 0 -1 -2.84091e-5 0 -1 -1.62885e-5 0 -1 -3.0106e-5 0 -1 7.80399e-6 0 -1 4.41181e-6 0 -1 1.36059e-6 0 -1 -9.55657e-5 0 -1 1.14149e-5 0 -1 -1.91483e-6 0 -1 -8.1267e-7 0 -1 -3.94181e-5 0 -1 -2.27562e-5 0 -1 2.73812e-6 0 -1 2.20848e-5 0 -1 2.18455e-5 0 -1 1.36196e-6 0 -1 -2.19298e-5 0 -1 2.22618e-5 0 -1 9.97707e-6 0 -1 1.88026e-6 0 -1 1.34698e-5 0 -1 -1.17328e-5 0 -1 -6.98168e-6 0 -1 -1.88116e-6 -0.04362583 0 -0.999048 -0.04362511 0 -0.9990481 -0.130491 0 -0.9914495 -0.1306192 0 -0.9914326 -0.2164481 0 -0.9762942 -0.2163292 0 -0.9763205 -0.3007598 0 -0.9537 -0.3825454 0 -0.9239367 -0.3827673 0 -0.9238448 -0.4617842 0 -0.8869923 -0.4617875 0 -0.8869906 -0.5372283 0 -0.8434369 -0.5372319 0 -0.8434345 -0.608823 0 -0.7933062 -0.6087461 0 -0.7933652 -0.6756314 0 -0.7372397 -0.6755695 0 -0.7372963 -0.7372967 0 -0.6755692 -0.7373006 0 -0.6755648 -0.7933539 0 -0.6087608 -0.7933064 0 -0.6088228 -0.8434373 0 -0.5372278 -0.8434002 0 -0.5372859 -0.8869973 0 -0.4617746 -0.8870007 0 -0.4617683 -0.9238492 0 -0.3827569 -0.9238896 0 -0.3826593 -0.9537178 0 -0.3007032 -0.9537074 0 -0.3007364 -0.9763024 0 -0.2164109 -0.9763028 0 -0.216409 -0.9914488 0 -0.1304969 -0.991449 0 -0.130495 -0.9990473 0 -0.04364204 -0.9990473 0 0.04364204 -0.9914488 0 0.1304969 -0.991449 0 0.130495 -0.9763024 0 0.2164109 -0.9762969 0 0.2164362 -0.9537178 0 0.3007032 -0.9537189 0 0.3006995 -0.923868 0 0.3827115 -0.9238708 0 0.3827046 -0.8869973 0 0.4617746 -0.8870007 0 0.4617683 -0.8434002 0 0.5372859 -0.7933539 0 0.6087608 -0.7372967 0 0.6755692 -0.7373006 0 0.6755648 -0.6756314 0 0.7372397 -0.6754998 0 0.7373602 -0.608823 0 0.7933062 -0.6087461 0 0.7933652 -0.5373196 0 0.8433787 -0.5372319 0 0.8434345 -0.4617842 0 0.8869923 -0.4617875 0 0.8869906 -0.3825454 0 0.9239367 -0.3827673 0 0.9238448 -0.3007598 0 0.9537 -0.3006431 0 0.9537367 -0.2164481 0 0.9762942 -0.2164515 0 0.9762934 -0.130491 0 0.9914495 -0.1306192 0 0.9914326 -0.04362583 0 0.999048 -0.04349708 0 0.9990536 0.04350125 0 0.9990534 0.04362934 0 0.9990478 0.1306172 0 0.9914329 0.1304931 0 0.9914492 0.2164481 0 0.9762942 0.2164515 0 0.9762934 0.3006431 0 0.9537367 0.3007598 0 0.9537 0.3827645 0 0.9238461 0.3825483 0 0.9239356 0.4617842 0 0.8869923 0.4617875 0 0.8869906 0.5372283 0 0.8434369 0.5373232 0 0.8433765 0.6087422 0 0.7933682 0.6088268 0 0.7933033 0.6754918 0 0.7373675 0.6756393 0 0.7372324 0.7372967 0 0.6755692 0.7373006 0 0.6755648 0.7933539 0 0.6087608 0.8433603 0 0.5373487 0.8433675 0 0.5373373 0.8870318 0 0.4617083 0.8870368 0 0.461699 0.923868 0 0.3827115 0.9238708 0 0.3827046 0.9537178 0 0.3007032 0.9537189 0 0.3006995 0.9762964 0 0.2164381 0.9763028 0 0.216409 0.9914376 0 0.1305816 0.9914381 0 0.1305777 0.999051 0 0.04355746 0.999051 0 0.04355651 0.999051 0 -0.04355746 0.999051 0 -0.04355651 0.9914376 0 -0.1305816 0.9914381 0 -0.1305777 0.9763024 0 -0.2164109 0.9763028 0 -0.216409 0.9537062 0 -0.30074 0.9537189 0 -0.3006995 0.9238867 0 -0.3826661 0.923852 0 -0.38275 0.8870318 0 -0.4617083 0.8870368 0 -0.461699 0.8433603 0 -0.5373487 0.8434045 0 -0.5372791 0.7933064 0 -0.6088228 0.7933539 0 -0.6087608 0.7372967 0 -0.6755692 0.7373006 0 -0.6755648 0.6755616 0 -0.7373036 0.6756393 0 -0.7372324 0.6087422 0 -0.7933682 0.6088268 0 -0.7933033 0.5372283 0 -0.8434369 0.5372319 0 -0.8434345 0.4617842 0 -0.8869923 0.4617875 0 -0.8869906 0.3827645 0 -0.9238461 0.3825483 0 -0.9239356 0.3007598 0 -0.9537 0.2163258 0 -0.9763213 0.2164515 0 -0.9762934 0.1306172 0 -0.9914329 0.1304931 0 -0.9914492 0.04362934 0 -0.9990478 -0.04349708 0 -0.9990536 -0.1307453 0 -0.991416 -0.2163258 0 -0.9763213 -0.2164515 0 -0.9762934 -0.3006431 0 -0.9537367 -0.382655 0 -0.9238913 -0.4616833 0 -0.887045 -0.5373196 0 -0.8433787 -0.5373232 0 -0.8433765 -0.6086614 0 -0.7934302 -0.7373552 0 -0.6755053 -0.7372421 0 -0.6756287 -0.7934014 0 -0.6086989 -0.8433632 0 -0.5373441 -0.8869701 0 -0.4618272 -0.9238867 0 -0.3826661 -0.9238708 0 -0.3827046 -0.9537295 0 -0.3006664 -0.9914466 0 -0.1305135 -0.9914509 0 0.1304803 -0.9914469 0 0.1305115 -0.9537062 0 0.30074 -0.9537305 0 0.3006628 -0.9238896 0 0.3826593 -0.8869733 0 0.4618209 -0.8434373 0 0.5372278 -0.8433632 0 0.5373441 -0.7934014 0 0.6086989 -0.7373552 0 0.6755053 -0.7372421 0 0.6756287 -0.6755616 0 0.7373036 -0.6755695 0 0.7372963 -0.6087422 0 0.7933682 -0.6088268 0 0.7933033 -0.5371407 0 0.8434928 -0.382655 0 0.9238913 -0.1304931 0 0.9914492 -0.04362511 0 0.9990481 0.130491 0 0.9914495 0.3826578 0 0.9238902 0.537137 0 0.8434951 0.608823 0 0.7933062 0.6087461 0 0.7933652 0.6755616 0 0.7373036 0.6755695 0 0.7372963 0.7372381 0 0.6756331 0.7373592 0 0.6755009 0.7934014 0 0.6086989 0.8433232 0 0.5374068 0.8434045 0 0.5372791 0.8870044 0 0.4617609 0.9238867 0 0.3826661 0.9537295 0 0.3006664 0.9537074 0 0.3007364 0.9914354 0 0.1305983 0.9914404 0 0.1305611 0.991436 0 -0.1305943 0.9537305 0 -0.3006628 0.923868 0 -0.3827115 0.9238896 0 -0.3826593 0.8870094 0 -0.4617515 0.8433973 0 -0.5372905 0.8433305 0 -0.5373954 0.7934014 0 -0.6086989 0.7372381 0 -0.6756331 0.7373592 0 -0.6755009 0.6086653 0 -0.7934272 0.5373196 0 -0.8433787 0.5373232 0 -0.8433765 0.4616866 0 -0.8870432 0.3826578 0 -0.9238902 0.3006431 0 -0.9537367 0.2164481 0 -0.9762942 0.2163292 0 -0.9763205 0.1307432 0 -0.9914163 0.04350125 0 -0.9990534 -0.04359382 0 -0.9990494 -0.1305246 0 -0.9914451 -0.1305225 0 -0.9914453 -0.216387 0 -0.9763078 -0.3007307 0 -0.9537091 -0.3007014 0 -0.9537183 -0.3827126 0 -0.9238675 -0.3827069 0 -0.9238698 -0.4617556 0 -0.8870071 -0.461737 0 -0.887017 -0.5372511 0 -0.8434224 -0.5372968 0 -0.8433933 -0.6087662 0 -0.7933497 -0.6087864 0 -0.7933342 -0.675587 0 -0.7372803 -0.675583 0 -0.737284 -0.7372859 0 -0.6755808 -0.7933419 0 -0.6087763 -0.7933619 0 -0.6087504 -0.8434095 0 -0.5372714 -0.8869938 0 -0.4617815 -0.9238755 0 -0.3826933 -0.923868 0 -0.3827115 -0.9537189 0 -0.3006995 -0.953715 0 -0.3007124 -0.9762998 0 -0.2164226 -0.9914485 0 -0.1304991 -0.9990473 0 -0.04364252 -0.9990474 0 0.04364061 -0.9990472 0 0.04364395 -0.9763013 0 0.2164158 -0.9762998 0 0.2164226 -0.953716 0 0.3007088 -0.9238755 0 0.3826933 -0.79335 0 0.6087659 -0.7373152 0 0.6755489 -0.737282 0 0.6755852 -0.675587 0 0.7372803 -0.675583 0 0.737284 -0.6087662 0 0.7933497 -0.6087864 0 0.7933342 -0.537274 0 0.8434078 -0.4617304 0 0.8870203 -0.461737 0 0.887017 -0.3827126 0 0.9238675 -0.3827343 0 0.9238586 -0.3007014 0 0.9537183 -0.3006723 0 0.9537276 -0.2164176 0 0.9763009 -0.1305561 0 0.991441 -0.04365783 0 0.9990466 -0.0435931 0 0.9990494 0.04359728 0 0.9990493 0.04366135 0 0.9990465 0.1305541 0 0.9914413 0.216421 0 0.9763002 0.3006723 0 0.9537276 0.3007014 0 0.9537183 0.38274 0 0.9238562 0.3827069 0 0.9238698 0.4617304 0 0.8870203 0.461737 0 0.887017 0.537274 0 0.8434078 0.6087864 0 0.7933342 0.6087662 0 0.7933497 0.675587 0 0.7372803 0.675583 0 0.737284 0.7372859 0 0.6755808 0.7373113 0 0.6755532 0.79335 0 0.6087659 0.843364 0 0.537343 0.8870335 0 0.4617052 0.9238727 0 0.3827002 0.953715 0 0.3007124 0.9762998 0 0.2164226 0.9763013 0 0.2164158 0.999051 0 0.04355788 0.999051 0 0.04355561 0.999051 0 -0.04355698 0.9914371 0 -0.1305858 0.9762998 0 -0.2164226 0.953716 0 -0.3007088 0.9537178 0 -0.3007032 0.9238708 0 -0.3827046 0.9238727 0 -0.3827002 0.8870335 0 -0.4617052 0.8870267 0 -0.4617184 0.8433731 0 -0.5373284 0.7933657 0 -0.6087453 0.7933381 0 -0.6087813 0.737282 0 -0.6755852 0.675587 0 -0.7372803 0.675583 0 -0.737284 0.6087864 0 -0.7933342 0.6087662 0 -0.7933497 0.5372968 0 -0.8433933 0.5372511 0 -0.8434224 0.4617304 0 -0.8870203 0.4617623 0 -0.8870038 0.3827126 0 -0.9238675 0.3827069 0 -0.9238698 0.3007014 0 -0.9537183 0.3007307 0 -0.9537091 0.2163904 0 -0.9763069 0.1305246 0 -0.9914451 0.1305225 0 -0.9914453 0.04359728 0 -0.9990493 -0.04360979 0 -0.9990487 -0.1305404 0 -0.9914431 -0.1305068 0 -0.9914475 -0.2164363 0 -0.9762969 -0.2164176 0 -0.9763009 -0.3007161 0 -0.9537138 -0.4617431 0 -0.8870138 -0.4617497 0 -0.8870104 -0.537274 0 -0.8434078 -0.6087763 0 -0.7933419 -0.6755783 0 -0.7372883 -0.79335 0 -0.6087659 -0.8433955 0 -0.5372931 -0.8869972 0 -0.4617749 -0.923875 0 -0.3826945 -0.953716 0 -0.3007088 -0.9763013 0 -0.2164158 -0.9914482 0 -0.130501 -0.9990474 0 -0.04364061 -0.9990473 0 0.04364252 -0.9914485 0 0.1304991 -0.9238727 0 0.3827002 -0.843391 0 0.5373005 -0.4617623 0 0.8870038 -0.3826852 0 0.9238788 -0.1305225 0 0.9914453 0.1305246 0 0.9914451 0.3826795 0 0.9238812 0.4617556 0 0.8870071 0.843351 0 0.5373632 0.9238755 0 0.3826933 0.9914371 0 0.1305858 0.999051 0 -0.04355561 0.9914376 0 -0.1305819 0.9763013 0 -0.2164158 0.953715 0 -0.3007124 0.9238779 0 -0.3826877 0.88703 0 -0.4617118 0.843364 0 -0.537343 0.8433557 0 -0.537356 0.79335 0 -0.6087659 0.6755743 0 -0.7372919 0.6087763 0 -0.7933419 0.537274 0 -0.8434078 0.4617431 0 -0.8870138 0.4617497 0 -0.8870104 0.3007161 0 -0.9537138 0.216421 0 -0.9763002 0.2164329 0 -0.9762976 0.1305088 0 -0.9914472 0.1305383 0 -0.9914433 0.04361331 0 -0.9990486 -0.1304931 0 -0.9914492 -0.1307432 0 -0.9914163 -0.3826578 0 -0.9238902 -0.3827617 0 -0.9238472 -0.4616799 0 -0.8870466 -0.6086653 0 -0.7934272 -0.6756393 0 -0.7372324 -0.6755656 0 -0.7372999 -0.7373592 0 -0.6755009 -0.7372381 0 -0.6756331 -0.7933975 0 -0.6087039 -0.8869733 0 -0.4618209 -0.9537305 0 -0.3006628 -0.9537062 0 -0.30074 -0.9914469 0 -0.1305115 -0.9914513 0 0.1304783 -0.9914466 0 0.1305135 -0.9763028 0 0.216409 -0.9537074 0 0.3007364 -0.9537295 0 0.3006664 -0.9238867 0 0.3826661 -0.8869701 0 0.4618272 -0.7933975 0 0.6087039 -0.7373592 0 0.6755009 -0.7372381 0 0.6756331 -0.6755656 0 0.7372999 -0.537137 0 0.8434951 -0.4617809 0 0.8869941 -0.3826578 0 0.9238902 -0.3827617 0 0.9238472 0.3827673 0 0.9238448 0.3826521 0 0.9238926 0.4617809 0 0.8869941 0.5373196 0 0.8433787 0.6755656 0 0.7372999 0.7372421 0 0.6756287 0.7373552 0 0.6755053 0.8433269 0 0.5374011 0.8433973 0 0.5372905 0.8870062 0 0.4617578 0.9238896 0 0.3826593 0.9537305 0 0.3006628 0.9537062 0 0.30074 0.9762969 0 0.2164362 0.991436 0 0.1305943 0.9914398 0 0.1305651 0.999051 0 0.04355698 0.9914354 0 -0.1305983 0.9537074 0 -0.3007364 0.9537295 0 -0.3006664 0.8870062 0 -0.4617578 0.8434009 0 -0.5372848 0.8433232 0 -0.5374068 0.7933025 0 -0.6088279 0.7372421 0 -0.6756287 0.7373552 0 -0.6755053 0.6755695 0 -0.7372963 0.6756353 0 -0.737236 0.6087461 0 -0.7933652 0.4617809 0 -0.8869941 0.3827673 0 -0.9238448 0.3826521 0 -0.9238926 0.1307453 0 -0.991416 0.130491 0 -0.9914495 -0.1306172 0 -0.9914329 -0.3825483 0 -0.9239356 -0.4617809 0 -0.8869941 -0.6088268 0 -0.7933033 -0.7933025 0 -0.6088279 -0.923852 0 -0.38275 -0.6756393 0 0.7372324 -0.6754959 0 0.7373639 -0.5372283 0 0.8434369 -0.3825483 0 0.9239356 -0.1306172 0 0.9914329 0.1306192 0 0.9914326 0.3825426 0 0.9239379 0.6754998 0 0.7373602 0.6756353 0 0.737236 0.9238492 0 -0.3827569 0.3825426 0 -0.9239379 0.1306192 0 -0.9914326 -0.1305383 0 -0.9914433 -0.1305088 0 -0.9914472 -0.2164329 0 -0.9762976 -0.216421 0 -0.9763002 -0.3827098 0 -0.9238687 -0.4617463 0 -0.887012 -0.5372548 0 -0.8434201 -0.6087725 0 -0.7933449 -0.6755703 0 -0.7372956 -0.8869939 0 -0.4617812 -0.9238727 0 -0.3827002 -0.9238779 0 -0.3826877 -0.9763008 0 -0.2164177 -0.9914482 0 0.130501 -0.9763008 0 0.2164177 -0.953715 0 0.3007124 -0.675579 0 0.7372877 -0.6087623 0 0.7933527 -0.5372776 0 0.8434056 -0.4617337 0 0.8870186 -0.3826823 0 0.9238801 -0.38274 0 0.9238562 -0.1305246 0 0.9914451 0.1305225 0 0.9914453 0.3827371 0 0.9238573 0.3826852 0 0.9238788 0.461759 0 0.8870055 0.5372776 0 0.8434056 0.6087825 0 0.7933372 0.675579 0 0.7372877 0.8433583 0 0.5373518 0.953716 0 0.3007088 0.9763008 0 0.2164177 0.9914376 0 0.1305819 0.999051 0 0.04355508 0.999051 0 -0.04355508 0.9763008 0 -0.2164177 0.923875 0 -0.3826945 0.9238755 0 -0.3826933 0.8870334 0 -0.4617055 0.8433629 0 -0.5373445 0.675579 0 -0.7372877 0.6755783 0 -0.7372883 0.6087825 0 -0.7933372 0.5372776 0 -0.8434056 0.4617463 0 -0.887012 0.3827098 0 -0.9238687 0.2164176 0 -0.9763009 0.2164363 0 -0.9762969 0.1305068 0 -0.9914475 0.1305404 0 -0.9914431 -0.2163904 0 -0.9763069 -0.461759 0 -0.8870055 -0.5373004 0 -0.843391 -0.6087623 0 -0.7933527 -0.675579 0 -0.7372877 -0.737282 0 -0.6755852 -0.7933657 0 -0.6087453 -0.8869906 0 -0.4617878 -0.9762994 0 -0.2164245 -0.9990473 0 0.04364341 -0.7373113 0 0.6755532 -0.7372859 0 0.6755808 -0.3827098 0 0.9238687 -0.216421 0 0.9763002 -0.1305541 0 0.9914413 0.1305561 0 0.991441 0.2164176 0 0.9763009 0.3827126 0 0.9238675 0.4617337 0 0.8870186 0.737282 0 0.6755852 0.7373152 0 0.6755489 0.9762994 0 0.2164245 0.9990509 0 0.04355889 0.8870299 0 -0.461712 0.8433696 0 -0.5373342 0.8433675 0 -0.5373373 0.7933419 0 -0.6087763 0.7372859 0 -0.6755808 0.5372548 0 -0.8434201 0.4617337 0 -0.8870186 0.216387 0 -0.9763078 0.9990459 0.04367595 0 0.9914432 0.1305393 0 0.9914432 0.1305393 0 0.9762982 0.2164296 0 0.953706 0.3007408 0 0.9239031 0.3826268 0 0.8870356 0.4617011 0 0.8870356 0.4617012 0 0.8434097 0.537271 0 0.8433546 0.5373576 0 0.793352 0.6087632 0 0.7933521 0.6087633 0 0.7372837 0.6755834 0 0.7372837 0.6755834 0 0.6755378 0.7373254 0 0.6755984 0.7372699 0 0.6087745 0.7933434 0 0.6087746 0.7933434 0 0.5372635 0.8434144 0 0.5373186 0.8433794 0 0.4617425 0.887014 0 0.4617923 0.8869882 0 0.3826646 0.9238874 0 0.3827505 0.9238517 0 0.3006657 0.9537297 0 0.3006657 0.9537297 0 0.2164315 0.9762978 0 0.2164315 0.9762979 0 0.1305434 0.9914426 0 0.04362666 0.999048 0 0.04361605 0.9990485 0 0 1 1.89941e-6 0 1 3.20349e-5 0 0.9999998 7.44047e-4 0 1 -1.30945e-5 0 1 5.02008e-6 0 1 1.87183e-5 0 1 1.2169e-6 0 1 4.61595e-6 0 1 -8.11267e-6 0 1 3.125e-4 0 1 -2.69044e-6 0 1 5.72741e-5 0 1 -1.79562e-6 0 1 1.53329e-6 0 1 -1.41563e-4 0 1 7.88853e-6 0 1 3.9847e-5 0 1 -2.50927e-5 0 1 8.77808e-6 0 1 -3.34898e-7 0 1 1.86367e-6 0 1 -1.17949e-6 0 1 -5.67537e-5 0 1 1.8615e-6 0 1 2.89553e-5 0 1 8.78757e-6 0 1 -1.80027e-6 0 1 8.13098e-7 0 1 -4.5045e-5 0 1 -1.37977e-5 0 1 -2.59551e-5 0 1 7.67998e-6 0 1 3.0106e-5 0 1 -2.49202e-5 0 1 -1.05581e-6 0 1 -1.77343e-6 0 1 -2.67977e-6 0 1 5.59034e-6 0 1 -4.83297e-6 0 1 -4.38904e-5 0 1 6.42611e-7 0 1 3.21585e-5 0 1 -4.26485e-6 0 1 -1.99704e-5 0 1 -6.84531e-6 0 1 -2.54073e-6 0 1 3.29789e-6 0 1 4.60507e-6 0 1 -3.66892e-5 0 1 -1.11556e-5 0 1 -9.20319e-6 0 1 3.32954e-6 0 1 1.3111e-5 0 1 -2.04248e-4 0 1 2.72819e-5 0 1 4.16667e-5 0 1 2.11512e-5 0 1 -1.02942e-5 0 1 -9.14411e-5 0 1 9.10309e-5 0 1 -1.3341e-6 0 1 -1.99114e-6 0 1 1.30044e-6 0 1 -5.24153e-6 0 1 3.44357e-6 0 1 -9.35629e-6 0 1 2.2482e-4 0 1 -4.38319e-5 0 1 -4.42635e-5 0 1 -2.68849e-7 0 1 2.42998e-6 0 1 2.54479e-5 0 1 -4.03975e-5 0 1 -1.49662e-6 0 1 3.67377e-6 0 1 9.70497e-5 0 1 -1.45012e-4 0 1 6.55482e-7 0 1 -1.17926e-6 0 1 -3.11007e-6 0 1 -1.34506e-6 0 1 -1.59439e-4 0 1 2.2777e-6 0 1 -5.68091e-7 0 1 2.43077e-6 0 1 -1.77718e-6 0 1 -1.13918e-6 0 1 1.55473e-4 0 1 -5.18104e-5 0 1 -3.9567e-6 0 1 1.90657e-6 0 1 2.1873e-6 0 1 6.81395e-6 0 1 1.66024e-6 0 1 -1.56468e-6 0 1 -2.86487e-6 0 1 1.83149e-6 0 1 9.41287e-6 0 1 3.02224e-5 0 1 3.48132e-6 0 1 1.29543e-6 0 1 -1.94357e-6 0 1 1.89073e-6 0 1 -3.3222e-6 0 1 -9.94198e-7 0 1 7.1055e-6 0 1 2.61507e-6 0 1 -1.03169e-5 0 1 -4.0989e-6 0 1 -2.14528e-6 0 1 3.80541e-6 0 1 -4.24016e-6 0 1 -9.51245e-7 0 1 -6.85309e-6 0 1 -1.38035e-5 0 1 2.45175e-6 0 1 -2.38768e-6 0 1 5.86857e-7 0 1 -2.96301e-7 0 1 -5.83892e-7 0 1 -6.248e-7 0 1 3.25305e-7 0 1 -3.80633e-6 0 1 7.46536e-6 0 1 -2.05e-6 0 1 -1.94148e-6 -0.04362666 0.999048 0 -0.04361605 0.9990485 0 -0.1305434 0.9914426 0 -0.2164573 0.9762921 0 -0.2164058 0.9763036 0 -0.3006657 0.9537297 0 -0.3007355 0.9537076 0 -0.3826646 0.9238874 0 -0.3827505 0.9238517 0 -0.4617425 0.887014 0 -0.4617425 0.8870142 0 -0.5372635 0.8434144 0 -0.5373737 0.8433443 0 -0.6087745 0.7933434 0 -0.6087158 0.7933884 0 -0.6755984 0.7372699 0 -0.7372231 0.6756495 0 -0.7372837 0.6755834 0 -0.793352 0.6087632 0 -0.7934108 0.6086866 0 -0.8434097 0.537271 0 -0.8432994 0.5374441 0 -0.8870356 0.4617011 0 -0.8870356 0.4617012 0 -0.9239031 0.3826268 0 -0.9537059 0.3007408 0 -0.953706 0.3007408 0 -0.9762982 0.2164296 0 -0.991459 0.1304197 0 -0.9914274 0.1306589 0 -0.9990459 0.04367595 0 -0.9990459 -0.04367595 0 -0.9914274 -0.1306589 0 -0.991459 -0.1304197 0 -0.9762982 -0.2164296 0 -0.953709 -0.3007314 0 -0.953709 -0.3007314 0 -0.9239031 -0.3826268 0 -0.8870286 -0.4617146 0 -0.8870286 -0.4617146 0 -0.8434192 -0.5372562 0 -0.7933986 -0.6087025 0 -0.7372837 -0.6755834 0 -0.737223 -0.6756495 0 -0.6756163 -0.7372535 0 -0.6756162 -0.7372536 0 -0.6086952 -0.7934043 0 -0.6087538 -0.7933592 0 -0.5373971 -0.8433294 0 -0.5372868 -0.8433997 0 -0.4617425 -0.887014 0 -0.4617425 -0.8870142 0 -0.3827226 -0.9238634 0 -0.3826365 -0.923899 0 -0.3006657 -0.9537297 0 -0.2164885 -0.9762852 0 -0.1304953 -0.9914489 0 -0.1305111 -0.9914469 0 -0.04361605 -0.9990485 0 -0.04362666 -0.999048 0 0 -1 -5.55466e-5 0 -1 1.91718e-5 0 -1 2.40156e-6 0 -1 5.60036e-5 0 -1 -8.36099e-6 0 -1 2.45869e-5 0 -1 -5.49706e-6 0 -1 -1.44412e-6 0 -1 -1.29561e-6 0 -1 -5.4019e-7 0 -1 3.06748e-5 0 -1 9.2439e-7 0 -1 1.09376e-6 0 -1 8.33111e-6 0 -1 -4.00949e-6 0 -1 3.51123e-6 0 -1 -2.80521e-5 0 -1 1.07737e-5 0 -1 -1.89825e-6 0 -1 -2.88018e-5 0 -1 3.51307e-6 0 -1 7.23934e-6 0 -1 3.71299e-6 0 -1 -1.97835e-6 0 -1 1.0372e-6 0 -1 3.20349e-5 0 -1 -3.39674e-5 0 -1 4.56231e-6 0 -1 4.54215e-6 0 -1 -2.20879e-5 0 -1 -3.82449e-5 0 -1 4.49178e-7 0 -1 -1.09127e-5 0 -1 -1.1337e-5 0 -1 5.55734e-6 0 -1 -2.86176e-6 0 -1 2.07136e-6 0 -1 -6.07693e-7 0 -1 7.67813e-6 0 -1 -9.58001e-6 0 -1 -3.11528e-6 0 -1 4.05633e-6 0 -1 -3.78995e-6 0 -1 6.52197e-6 0 -1 -1.68402e-6 0 -1 7.89939e-6 0 -1 -4.18276e-6 0 -1 -2.0722e-6 0 -1 2.86145e-5 0 -1 -4.46269e-5 0 -1 4.00641e-5 0 -1 -9.17191e-6 0 -1 -1.80923e-6 0 -1 1.6238e-5 0 -1 -1.76007e-5 0 -1 2.42438e-6 0 -1 -1.31211e-5 0 -1 -1.55627e-6 0 -1 -7.20544e-6 0 -1 9.4963e-7 0 -1 2.69083e-6 0 -1 3.67129e-6 0 -1 0 0 -1 -1.80027e-5 0 -1 3.66025e-5 0 -1 -2.30084e-6 0 -1 -4.16112e-6 0 -1 1.83431e-6 0 -1 -3.32407e-6 0 -1 0 0 -1 4.25096e-7 0 -1 -6.54724e-6 0 -1 0 0 -1 8.11688e-5 0 -1 -2.15561e-5 0 -1 -3.49709e-6 0 -1 1.42384e-6 0 -1 2.77066e-6 0 -1 -5.14319e-6 0 -1 1.04033e-6 0 -1 1.37989e-5 0 -1 -1.76911e-5 0 -1 2.15594e-5 0 -1 5.0008e-6 0 -1 -2.40718e-6 0 -1 2.34355e-6 0 -1 -4.22435e-7 0 -1 -8.54184e-7 0 -1 8.30057e-7 0 -1 -5.85121e-6 0 -1 -2.46403e-5 0 -1 7.55649e-6 0 -1 -3.33778e-5 0 -1 3.76506e-5 0 -1 -2.45484e-5 0 -1 -1.5871e-5 0 -1 3.76007e-6 0 -1 -1.37971e-5 0 -1 2.84749e-7 0 -1 2.51462e-5 0 -1 -2.59551e-5 0 -1 -7.35302e-7 0 -1 -2.72118e-6 0 -1 -1.39602e-5 0 -1 1.34669e-5 0 -1 6.52279e-6 0 -1 -2.18264e-5 0 -1 4.06335e-7 0 -1 -7.03895e-6 0 -1 1.91669e-5 0 -1 -2.72393e-6 0 -1 1.4253e-5 0 -1 1.39602e-5 0 -1 1.5871e-5 0 -1 -3.76053e-6 0 -1 -1.34669e-5 0 -1 6.70445e-6 0 -1 3.76233e-6 0.04361605 -0.9990485 0 0.04362666 -0.999048 0 0.1305111 -0.9914469 0 0.2164629 -0.976291 0 0.2164629 -0.976291 0 0.3006657 -0.9537297 0 0.3006657 -0.9537297 0 0.3827226 -0.9238634 0 0.3826365 -0.923899 0 0.4617924 -0.8869882 0 0.4617425 -0.8870142 0 0.5373419 -0.8433645 0 0.5372868 -0.8433997 0 0.6087539 -0.7933592 0 0.6087538 -0.7933592 0 0.6756163 -0.7372535 0 0.6755556 -0.7373091 0 0.7372837 -0.6755834 0 0.7372837 -0.6755834 0 0.7933399 -0.6087791 0 0.7933399 -0.6087791 0 0.843364 -0.5373427 0 0.8434192 -0.5372562 0 0.8870286 -0.4617146 0 0.8870286 -0.4617146 0 0.9238601 -0.3827306 0 0.9239031 -0.3826268 0 0.953709 -0.3007314 0 0.953709 -0.3007314 0 0.9762982 -0.2164296 0 0.9914432 -0.1305393 0 0.9914432 -0.1305393 0 0.9990511 -0.04355448 0 0.9990459 -0.04367595 0 0.9990511 -0.04355454 0 0.9914269 -0.1306632 0 0.9914269 -0.1306631 0 0.976324 -0.2163136 0 0.953706 -0.3007408 0 0.9536362 -0.3009621 0 0.923946 -0.3825229 0 0.8870854 -0.4616054 0 0.8868861 -0.4619882 0 0.8435295 -0.5370831 0 0.843309 -0.5374292 0 0.7373593 -0.6755008 0 0.7372381 -0.6756331 0 0.6755805 -0.7372863 0 0.6755805 -0.7372862 0 0.6088539 -0.7932825 0 0.6087365 -0.7933725 0 0.5372952 -0.8433943 0 0.5372952 -0.8433943 0 0.4617184 -0.8870266 0 0.4618182 -0.8869747 0 0.3825935 -0.9239168 0 0.3826795 -0.9238812 0 0.3007355 -0.9537076 0 0.2164885 -0.9762852 0 0.2164371 -0.9762966 0 0.1305591 -0.9914405 0 0.1305276 -0.9914447 0 0.04362136 -0.9990482 0 0.04362136 -0.9990482 0</float_array>
          <technique_common>
            <accessor source="#chassis_default_as_machined-mesh-normals-array" count="1362" stride="3">
              <param name="X" type="float"/>
              <param name="Y" type="float"/>
              <param name="Z" type="float"/>
            </accessor>
          </technique_common>
        </source>
        <vertices id="chassis_default_as_machined-mesh-vertices">
          <input semantic="POSITION" source="#chassis_default_as_machined-mesh-positions"/>
        </vertices>
        <triangles count="2944">
          <input semantic="VERTEX" source="#chassis_default_as_machined-mesh-vertices" offset="0"/>
          <input semantic="NORMAL" source="#chassis_default_as_machined-mesh-normals" offset="1"/>
          <p>0 0 1 0 2 0 1 0 3 0 2 0 2 0 3 0 4 0 3 1 5 1 4 1 4 0 5 0 6 0 5 2 7 2 6 2 6 3 7 3 8 3 7 0 9 0 8 0 8 0 9 0 10 0 9 4 11 4 10 4 10 0 11 0 12 0 11 0 13 0 12 0 12 0 13 0 14 0 13 0 15 0 14 0 14 0 15 0 16 0 15 0 17 0 16 0 16 0 17 0 18 0 17 5 19 5 18 5 18 0 19 0 20 0 19 6 21 6 20 6 20 0 21 0 22 0 21 1 23 1 22 1 22 0 23 0 24 0 23 6 25 6 24 6 24 0 25 0 26 0 25 0 27 0 26 0 26 0 27 0 28 0 27 0 29 0 28 0 28 3 29 3 30 3 29 7 31 7 30 7 30 8 31 8 32 8 31 9 33 9 32 9 32 10 33 10 34 10 33 7 35 7 34 7 34 0 35 0 36 0 35 9 37 9 36 9 36 10 37 10 38 10 37 0 39 0 38 0 38 6 39 6 40 6 39 11 41 11 40 11 40 0 41 0 42 0 41 12 43 12 42 12 42 1 43 1 44 1 43 13 45 13 44 13 44 11 45 11 46 11 45 14 47 14 46 14 46 0 47 0 48 0 47 15 49 15 48 15 48 0 49 0 50 0 49 0 51 0 50 0 50 0 51 0 52 0 51 0 53 0 52 0 52 0 53 0 54 0 53 0 55 0 54 0 54 16 55 16 56 16 55 0 57 0 56 0 56 17 57 17 58 17 57 0 59 0 58 0 58 0 59 0 60 0 59 12 61 12 60 12 60 0 61 0 62 0 61 0 63 0 62 0 62 9 63 9 64 9 63 0 65 0 64 0 64 1 65 1 66 1 65 0 67 0 66 0 66 0 67 0 68 0 67 0 69 0 68 0 68 0 69 0 70 0 69 0 71 0 70 0 70 0 71 0 72 0 71 0 73 0 72 0 72 0 73 0 74 0 73 0 75 0 74 0 74 6 75 6 76 6 75 0 77 0 76 0 76 0 77 0 78 0 77 0 79 0 78 0 78 0 79 0 80 0 79 0 81 0 80 0 80 18 81 18 82 18 81 0 83 0 82 0 82 0 83 0 84 0 83 1 85 1 84 1 84 0 85 0 86 0 85 0 87 0 86 0 86 0 87 0 88 0 87 0 89 0 88 0 88 0 89 0 90 0 89 0 91 0 90 0 90 0 91 0 92 0 91 0 93 0 92 0 92 0 93 0 94 0 93 0 95 0 94 0 94 19 95 19 96 19 95 0 97 0 96 0 96 0 97 0 98 0 97 2 99 2 98 2 98 0 99 0 100 0 99 0 101 0 100 0 100 0 101 0 102 0 101 0 103 0 102 0 102 0 103 0 104 0 103 0 105 0 104 0 104 0 105 0 106 0 105 0 107 0 106 0 106 0 107 0 108 0 107 0 109 0 108 0 108 6 109 6 110 6 109 0 111 0 110 0 110 0 111 0 112 0 111 0 113 0 112 0 112 6 113 6 114 6 113 0 115 0 114 0 114 0 115 0 116 0 115 20 117 20 116 20 116 0 117 0 118 0 117 21 119 21 118 21 118 22 119 22 120 22 119 0 121 0 120 0 120 0 121 0 122 0 121 0 123 0 122 0 122 0 123 0 124 0 123 23 125 23 124 23 124 0 125 0 126 0 125 0 127 0 126 0 126 0 127 0 128 0 127 0 129 0 128 0 128 0 129 0 130 0 129 0 131 0 130 0 130 24 131 24 132 24 131 0 133 0 132 0 132 0 133 0 134 0 133 0 135 0 134 0 134 25 135 25 136 25 135 0 137 0 136 0 136 0 137 0 138 0 137 0 139 0 138 0 138 11 139 11 140 11 139 0 141 0 140 0 140 6 141 6 142 6 141 0 143 0 142 0 142 0 143 0 144 0 143 11 145 11 144 11 144 0 145 0 146 0 145 0 147 0 146 0 146 0 147 0 148 0 147 0 149 0 148 0 148 0 149 0 150 0 149 0 151 0 150 0 150 10 151 10 0 10 151 0 1 0 0 0 152 26 153 26 154 26 153 27 155 27 154 27 154 26 155 26 156 26 155 26 157 26 156 26 156 26 157 26 158 26 157 26 159 26 158 26 158 26 159 26 160 26 159 28 161 28 160 28 160 26 161 26 162 26 161 26 163 26 162 26 162 26 163 26 164 26 163 26 165 26 164 26 164 26 165 26 166 26 165 26 167 26 166 26 166 26 167 26 168 26 167 26 169 26 168 26 168 26 169 26 170 26 169 26 171 26 170 26 170 26 171 26 172 26 171 27 173 27 172 27 172 26 173 26 174 26 173 26 175 26 174 26 174 26 175 26 176 26 175 26 177 26 176 26 176 26 177 26 178 26 177 29 179 29 178 29 178 30 179 30 180 30 179 31 181 31 180 31 180 26 181 26 182 26 181 26 183 26 182 26 182 26 183 26 184 26 183 26 185 26 184 26 184 26 185 26 186 26 185 32 187 32 186 32 186 33 187 33 188 33 187 34 189 34 188 34 188 26 189 26 190 26 189 26 191 26 190 26 190 26 191 26 192 26 191 35 193 35 192 35 192 26 193 26 194 26 193 26 195 26 194 26 194 26 195 26 196 26 195 26 197 26 196 26 196 26 197 26 198 26 197 26 199 26 198 26 198 34 199 34 200 34 199 36 201 36 200 36 200 26 201 26 202 26 201 26 203 26 202 26 202 26 203 26 204 26 203 26 205 26 204 26 204 26 205 26 206 26 205 26 207 26 206 26 206 37 207 37 208 37 207 38 209 38 208 38 208 26 209 26 210 26 209 26 211 26 210 26 210 26 211 26 212 26 211 26 213 26 212 26 212 26 213 26 214 26 213 26 215 26 214 26 214 26 215 26 216 26 215 26 217 26 216 26 216 26 217 26 218 26 217 39 219 39 218 39 218 27 219 27 220 27 219 35 221 35 220 35 220 26 221 26 222 26 221 26 223 26 222 26 222 40 223 40 224 40 223 26 225 26 224 26 224 26 225 26 226 26 225 26 227 26 226 26 226 26 227 26 228 26 227 26 229 26 228 26 228 26 229 26 230 26 229 31 231 31 230 31 230 26 231 26 232 26 231 26 233 26 232 26 232 41 233 41 234 41 233 42 235 42 234 42 234 26 235 26 236 26 235 43 237 43 236 43 236 26 237 26 238 26 237 26 239 26 238 26 238 26 239 26 240 26 239 26 241 26 240 26 240 26 241 26 242 26 241 26 243 26 242 26 242 26 243 26 244 26 243 26 245 26 244 26 244 26 245 26 246 26 245 26 247 26 246 26 246 26 247 26 248 26 247 42 249 42 248 42 248 26 249 26 250 26 249 26 251 26 250 26 250 26 251 26 252 26 251 26 253 26 252 26 252 26 253 26 254 26 253 27 255 27 254 27 254 33 255 33 256 33 255 44 257 44 256 44 256 26 257 26 258 26 257 26 259 26 258 26 258 26 259 26 260 26 259 26 261 26 260 26 260 26 261 26 262 26 261 45 263 45 262 45 262 46 263 46 264 46 263 35 265 35 264 35 264 26 265 26 266 26 265 32 267 32 266 32 266 29 267 29 268 29 267 47 269 47 268 47 268 26 269 26 270 26 269 26 271 26 270 26 270 26 271 26 272 26 271 26 273 26 272 26 272 26 273 26 274 26 273 26 275 26 274 26 274 26 275 26 276 26 275 48 277 48 276 48 276 26 277 26 278 26 277 26 279 26 278 26 278 26 279 26 280 26 279 26 281 26 280 26 280 26 281 26 282 26 281 26 283 26 282 26 282 49 283 49 284 49 283 26 285 26 284 26 284 26 285 26 286 26 285 26 287 26 286 26 286 26 287 26 288 26 287 26 289 26 288 26 288 26 289 26 290 26 289 26 291 26 290 26 290 26 291 26 292 26 291 34 293 34 292 34 292 40 293 40 294 40 293 47 295 47 294 47 294 40 295 40 296 40 295 34 297 34 296 34 296 26 297 26 298 26 297 26 299 26 298 26 298 50 299 50 300 50 299 26 301 26 300 26 300 26 301 26 302 26 301 26 303 26 302 26 302 26 303 26 152 26 303 26 153 26 152 26 205 51 203 51 127 51 203 51 129 51 127 51 52 51 278 51 50 51 278 51 280 51 50 51 88 52 242 52 86 52 242 53 244 53 86 53 86 54 244 54 84 54 244 55 246 55 84 55 84 56 246 56 82 56 246 57 248 57 82 57 82 58 248 58 80 58 248 59 250 59 80 59 80 60 250 60 78 60 250 61 252 61 78 61 78 62 252 62 76 62 252 63 254 63 76 63 76 64 254 64 74 64 254 65 256 65 74 65 74 66 256 66 72 66 256 67 258 67 72 67 72 68 258 68 70 68 258 69 260 69 70 69 70 70 260 70 68 70 260 71 262 71 68 71 68 72 262 72 66 72 262 73 264 73 66 73 66 74 264 74 64 74 264 75 266 75 64 75 64 76 266 76 62 76 266 77 268 77 62 77 62 78 268 78 60 78 268 79 270 79 60 79 60 80 270 80 58 80 270 81 272 81 58 81 58 82 272 82 56 82 272 82 274 82 56 82 56 83 274 83 54 83 274 84 276 84 54 84 54 85 276 85 52 85 276 86 278 86 52 86 304 87 305 87 306 87 305 87 307 87 306 87 306 88 307 88 308 88 309 89 310 89 242 89 310 87 311 87 242 87 312 87 313 87 240 87 314 90 315 90 316 90 315 87 317 87 316 87 316 87 317 87 306 87 317 91 318 91 306 91 306 92 318 92 304 92 319 93 320 93 90 93 321 87 322 87 88 87 322 87 323 87 88 87 88 94 323 94 324 94 325 95 326 95 327 95 326 87 328 87 327 87 329 87 330 87 88 87 330 87 331 87 88 87 88 96 331 96 332 96 308 97 333 97 306 97 333 87 334 87 306 87 306 87 334 87 335 87 334 87 336 87 335 87 335 87 336 87 337 87 242 98 338 98 339 98 311 87 340 87 242 87 340 87 341 87 242 87 242 99 341 99 342 99 343 87 88 87 344 87 88 100 345 100 344 100 338 87 242 87 346 87 242 87 88 87 346 87 346 87 88 87 347 87 339 87 348 87 242 87 348 87 349 87 242 87 242 101 349 101 350 101 350 87 351 87 242 87 351 87 352 87 242 87 242 102 352 102 309 102 342 87 353 87 242 87 353 87 354 87 242 87 242 103 354 103 355 103 326 87 356 87 328 87 356 104 357 104 328 104 328 105 357 105 358 105 337 87 359 87 335 87 359 87 360 87 335 87 335 87 360 87 361 87 355 106 362 106 242 106 362 107 363 107 242 107 242 108 363 108 240 108 363 87 364 87 240 87 240 109 364 109 365 109 365 87 366 87 240 87 366 87 367 87 240 87 240 110 367 110 368 110 368 87 369 87 240 87 369 111 370 111 240 111 240 112 370 112 312 112 371 87 372 87 90 87 373 113 374 113 375 113 90 114 320 114 88 114 320 87 376 87 88 87 88 115 376 115 377 115 378 87 88 87 379 87 88 87 380 87 379 87 378 116 381 116 88 116 381 87 382 87 88 87 88 117 382 117 321 117 383 118 384 118 88 118 384 87 385 87 88 87 88 119 385 119 345 119 386 87 387 87 325 87 387 87 388 87 325 87 325 120 388 120 326 120 343 87 389 87 88 87 389 87 390 87 88 87 88 121 390 121 391 121 391 122 392 122 88 122 392 87 393 87 88 87 88 123 393 123 329 123 332 87 394 87 88 87 394 87 335 87 88 87 88 124 335 124 347 124 335 87 361 87 347 87 313 87 395 87 240 87 395 87 396 87 240 87 240 125 396 125 397 125 398 87 399 87 400 87 399 87 401 87 400 87 400 87 401 87 402 87 401 126 403 126 402 126 404 127 375 127 405 127 375 87 406 87 405 87 377 128 407 128 88 128 407 87 408 87 88 87 88 129 408 129 409 129 386 87 410 87 387 87 410 87 411 87 387 87 387 130 411 130 412 130 413 87 414 87 415 87 414 87 416 87 415 87 415 131 416 131 417 131 412 87 418 87 387 87 418 87 415 87 387 87 387 132 415 132 419 132 415 133 417 133 419 133 397 87 420 87 240 87 420 134 421 134 240 134 240 135 421 135 422 135 422 87 423 87 240 87 423 87 424 87 240 87 240 136 424 136 425 136 426 137 427 137 428 137 429 87 430 87 90 87 314 87 316 87 375 87 316 87 431 87 375 87 375 138 431 138 373 138 374 87 432 87 375 87 432 87 433 87 375 87 375 139 433 139 406 139 409 87 434 87 88 87 434 87 435 87 88 87 88 140 435 140 380 140 324 87 436 87 88 87 436 87 437 87 88 87 88 141 437 141 358 141 358 87 357 87 88 87 357 142 438 142 88 142 88 143 438 143 383 143 413 87 415 87 439 87 415 87 440 87 439 87 439 144 440 144 441 144 442 87 443 87 90 87 443 145 444 145 90 145 90 87 444 87 427 87 428 87 445 87 426 87 445 87 446 87 426 87 426 146 446 146 447 146 448 87 449 87 427 87 449 87 450 87 427 87 427 87 450 87 90 87 450 87 451 87 90 87 90 147 451 147 371 147 452 148 453 148 398 148 401 87 454 87 90 87 455 87 456 87 427 87 456 87 457 87 427 87 427 149 457 149 458 149 458 150 459 150 427 150 459 151 460 151 427 151 427 152 460 152 448 152 461 87 462 87 463 87 453 153 464 153 398 153 464 87 465 87 398 87 398 154 465 154 399 154 454 87 466 87 90 87 466 87 467 87 90 87 90 155 467 155 468 155 468 156 469 156 90 156 469 157 470 157 90 157 90 158 470 158 442 158 425 87 471 87 240 87 471 87 472 87 240 87 240 87 472 87 90 87 472 87 473 87 90 87 90 159 473 159 401 159 473 87 474 87 401 87 401 87 474 87 475 87 475 87 476 87 401 87 476 87 477 87 401 87 401 160 477 160 403 160 447 87 478 87 426 87 478 87 479 87 426 87 426 87 479 87 480 87 479 87 481 87 480 87 480 87 481 87 357 87 481 87 482 87 357 87 357 161 482 161 438 161 483 87 372 87 484 87 372 162 485 162 484 162 463 87 462 87 486 87 483 87 487 87 372 87 487 87 488 87 372 87 372 87 488 87 90 87 488 87 489 87 90 87 90 163 489 163 429 163 490 87 491 87 492 87 491 87 493 87 492 87 492 164 493 164 494 164 404 165 495 165 375 165 495 87 496 87 375 87 375 166 496 166 497 166 494 167 498 167 492 167 498 87 499 87 492 87 492 87 499 87 500 87 499 168 501 168 500 168 502 87 503 87 441 87 503 87 504 87 441 87 441 169 504 169 439 169 485 87 505 87 484 87 505 87 506 87 484 87 484 170 506 170 507 170 508 87 509 87 510 87 486 87 462 87 511 87 462 87 512 87 511 87 511 171 512 171 513 171 507 87 514 87 484 87 514 87 511 87 484 87 484 172 511 172 515 172 511 173 513 173 515 173 430 87 516 87 90 87 516 87 517 87 90 87 90 174 517 174 518 174 518 175 519 175 90 175 519 87 520 87 90 87 90 176 520 176 521 176 490 87 492 87 398 87 492 87 522 87 398 87 398 87 522 87 523 87 523 87 524 87 398 87 524 87 525 87 398 87 398 177 525 177 452 177 526 87 527 87 528 87 527 87 529 87 528 87 528 87 529 87 530 87 426 178 531 178 427 178 531 179 532 179 427 179 427 180 532 180 533 180 533 181 534 181 427 181 534 87 535 87 427 87 427 182 535 182 536 182 536 87 537 87 427 87 537 183 538 183 427 183 427 184 538 184 539 184 540 185 541 185 427 185 541 87 542 87 427 87 427 87 542 87 455 87 521 186 543 186 90 186 543 87 544 87 90 87 90 187 544 187 545 187 546 87 547 87 499 87 547 188 548 188 499 188 499 189 548 189 501 189 502 190 549 190 503 190 549 191 528 191 503 191 503 87 528 87 550 87 528 192 530 192 550 192 461 87 463 87 509 87 463 87 551 87 509 87 509 193 551 193 510 193 497 194 552 194 375 194 552 195 553 195 375 195 375 196 553 196 554 196 539 87 555 87 427 87 555 197 556 197 427 197 427 198 556 198 557 198 545 87 558 87 90 87 558 199 559 199 90 199 90 200 559 200 560 200 560 87 561 87 90 87 561 87 562 87 90 87 90 201 562 201 319 201 554 87 563 87 375 87 563 87 564 87 375 87 375 87 564 87 565 87 564 87 566 87 565 87 565 87 566 87 499 87 566 87 567 87 499 87 499 87 567 87 546 87 557 87 568 87 427 87 568 87 569 87 427 87 427 202 569 202 570 202 427 203 571 203 572 203 570 204 573 204 427 204 573 87 574 87 427 87 427 205 574 205 571 205 572 206 575 206 427 206 575 207 576 207 427 207 427 87 576 87 540 87 508 87 510 87 577 87 510 87 578 87 577 87 577 208 578 208 579 208 580 87 581 87 582 87 581 87 583 87 582 87 582 209 583 209 584 209 579 210 585 210 577 210 585 87 582 87 577 87 577 211 582 211 586 211 582 212 584 212 586 212 528 87 587 87 526 87 587 87 588 87 526 87 526 87 588 87 589 87 588 87 590 87 589 87 589 87 590 87 580 87 590 87 591 87 580 87 580 87 591 87 581 87 126 213 204 213 124 213 204 214 206 214 124 214 124 215 206 215 122 215 206 216 208 216 122 216 122 217 208 217 120 217 208 218 210 218 120 218 120 219 210 219 118 219 210 220 212 220 118 220 118 221 212 221 116 221 212 222 214 222 116 222 116 223 214 223 114 223 214 224 216 224 114 224 114 225 216 225 112 225 216 226 218 226 112 226 112 227 218 227 110 227 218 228 220 228 110 228 110 229 220 229 108 229 220 230 222 230 108 230 108 231 222 231 106 231 222 232 224 232 106 232 106 233 224 233 104 233 224 234 226 234 104 234 104 235 226 235 102 235 226 236 228 236 102 236 102 237 228 237 100 237 228 238 230 238 100 238 100 239 230 239 98 239 230 240 232 240 98 240 98 241 232 241 96 241 232 242 234 242 96 242 96 243 234 243 94 243 234 244 236 244 94 244 94 245 236 245 92 245 236 246 238 246 92 246 92 247 238 247 90 247 238 248 240 248 90 248 128 249 202 249 126 249 202 249 204 249 126 249 12 250 166 250 10 250 166 251 168 251 10 251 10 252 168 252 8 252 168 253 170 253 8 253 8 254 170 254 6 254 170 255 172 255 6 255 6 256 172 256 4 256 172 257 174 257 4 257 4 258 174 258 2 258 174 259 176 259 2 259 2 260 176 260 0 260 176 261 178 261 0 261 0 262 178 262 150 262 178 263 180 263 150 263 150 264 180 264 148 264 180 265 182 265 148 265 148 266 182 266 146 266 182 267 184 267 146 267 146 268 184 268 144 268 184 269 186 269 144 269 144 270 186 270 142 270 186 271 188 271 142 271 142 272 188 272 140 272 188 273 190 273 140 273 140 274 190 274 138 274 190 275 192 275 138 275 138 276 192 276 136 276 192 277 194 277 136 277 136 278 194 278 134 278 194 279 196 279 134 279 134 280 196 280 132 280 196 281 198 281 132 281 132 282 198 282 130 282 198 283 200 283 130 283 130 284 200 284 128 284 200 285 202 285 128 285 592 286 593 286 164 286 593 286 594 286 164 286 595 287 164 287 596 287 164 286 166 286 596 286 596 287 166 287 597 287 595 288 598 288 164 288 598 286 599 286 164 286 164 289 599 289 600 289 600 286 601 286 164 286 601 290 602 290 164 290 164 291 602 291 592 291 164 292 603 292 604 292 594 286 605 286 164 286 605 286 606 286 164 286 164 293 606 293 607 293 607 286 608 286 164 286 608 286 609 286 164 286 164 294 609 294 610 294 610 286 611 286 164 286 611 295 612 295 164 295 164 296 612 296 613 296 614 297 615 297 164 297 615 298 616 298 164 298 164 299 616 299 603 299 617 286 618 286 619 286 620 286 621 286 164 286 621 286 622 286 164 286 164 300 622 300 614 300 623 286 624 286 164 286 625 286 626 286 627 286 626 286 628 286 627 286 627 286 628 286 629 286 628 286 630 286 629 286 625 286 631 286 626 286 631 286 632 286 626 286 626 301 632 301 633 301 633 286 634 286 626 286 634 286 635 286 626 286 626 302 635 302 636 302 636 286 637 286 626 286 637 286 638 286 626 286 626 303 638 303 639 303 640 304 641 304 14 304 619 286 618 286 642 286 643 305 644 305 12 305 644 286 645 286 12 286 646 286 647 286 648 286 647 286 649 286 648 286 648 306 649 306 650 306 650 286 651 286 648 286 651 286 652 286 648 286 648 307 652 307 653 307 654 286 655 286 656 286 613 286 657 286 164 286 657 308 658 308 164 308 164 286 658 286 620 286 658 309 659 309 620 309 630 286 660 286 629 286 660 286 661 286 629 286 629 286 661 286 662 286 662 286 663 286 629 286 663 286 664 286 629 286 629 310 664 310 665 310 666 286 667 286 626 286 667 311 668 311 626 311 626 312 668 312 669 312 665 286 670 286 629 286 670 286 671 286 629 286 629 313 671 313 672 313 639 314 673 314 626 314 673 286 674 286 626 286 626 315 674 315 666 315 604 286 675 286 164 286 675 286 676 286 164 286 164 316 676 316 677 316 677 286 678 286 164 286 678 286 679 286 164 286 164 317 679 317 623 317 680 286 681 286 164 286 681 286 682 286 164 286 683 318 684 318 685 318 684 319 686 319 685 319 687 320 688 320 689 320 690 286 691 286 692 286 691 286 693 286 692 286 692 321 693 321 694 321 694 322 695 322 692 322 695 323 696 323 692 323 692 286 696 286 684 286 696 286 697 286 684 286 684 324 697 324 686 324 698 286 12 286 699 286 12 325 700 325 699 325 645 286 701 286 12 286 701 286 702 286 12 286 12 286 702 286 166 286 702 326 703 326 166 326 166 327 703 327 704 327 704 286 705 286 166 286 705 286 706 286 166 286 166 328 706 328 707 328 707 329 708 329 166 329 708 330 709 330 166 330 166 331 709 331 710 331 659 286 658 286 648 286 658 286 711 286 648 286 648 332 711 332 646 332 712 286 713 286 166 286 714 333 715 333 164 333 682 286 716 286 164 286 716 334 717 334 164 334 164 335 717 335 684 335 683 286 718 286 684 286 718 286 719 286 684 286 684 336 719 336 164 336 719 337 720 337 164 337 164 286 720 286 14 286 720 286 721 286 14 286 14 338 721 338 640 338 722 286 723 286 12 286 723 286 724 286 12 286 725 286 726 286 727 286 728 339 729 339 12 339 698 340 730 340 12 340 730 341 731 341 12 341 12 342 731 342 732 342 732 286 733 286 12 286 733 286 734 286 12 286 12 343 734 343 643 343 710 286 735 286 166 286 735 344 736 344 166 344 166 345 736 345 656 345 715 346 737 346 164 346 737 286 738 286 164 286 164 347 738 347 739 347 687 286 689 286 692 286 689 286 740 286 692 286 692 348 740 348 690 348 724 349 741 349 12 349 741 350 742 350 12 350 12 351 742 351 618 351 742 286 743 286 618 286 618 286 743 286 642 286 744 352 745 352 746 352 745 286 747 286 746 286 747 286 748 286 746 286 746 353 748 353 749 353 728 354 12 354 750 354 653 355 751 355 648 355 751 356 752 356 648 356 648 286 752 286 753 286 753 286 754 286 648 286 754 286 755 286 648 286 648 357 755 357 756 357 739 286 757 286 164 286 757 358 758 358 164 358 164 359 758 359 759 359 759 286 760 286 164 286 760 286 761 286 164 286 164 360 761 360 762 360 762 286 763 286 164 286 763 361 764 361 164 361 164 286 764 286 680 286 749 286 765 286 746 286 765 286 766 286 746 286 746 362 766 362 767 362 744 286 746 286 619 286 746 286 768 286 619 286 619 286 768 286 769 286 769 286 770 286 619 286 770 286 771 286 619 286 619 363 771 363 772 363 672 364 773 364 629 364 773 286 774 286 629 286 629 286 774 286 727 286 774 286 775 286 727 286 727 365 775 365 725 365 729 366 776 366 12 366 776 286 777 286 12 286 12 367 777 367 700 367 778 368 779 368 656 368 779 369 780 369 656 369 656 370 780 370 781 370 781 286 782 286 656 286 782 286 783 286 656 286 656 286 783 286 654 286 655 286 784 286 656 286 784 371 785 371 656 371 656 372 785 372 786 372 624 373 787 373 164 373 787 286 669 286 164 286 164 286 669 286 714 286 669 374 668 374 714 374 788 286 789 286 619 286 789 375 790 375 619 375 790 286 791 286 619 286 791 376 792 376 619 376 619 377 792 377 793 377 793 286 794 286 619 286 794 286 795 286 619 286 619 286 795 286 617 286 778 286 796 286 779 286 796 286 797 286 779 286 779 286 797 286 798 286 786 378 799 378 656 378 799 379 800 379 656 379 656 380 800 380 801 380 166 381 802 381 803 381 713 382 804 382 166 382 804 383 805 383 166 383 166 384 805 384 806 384 641 286 807 286 14 286 807 286 808 286 14 286 14 385 808 385 809 385 810 386 811 386 12 386 811 387 812 387 12 387 812 286 813 286 12 286 813 286 814 286 12 286 12 388 814 388 815 388 815 389 816 389 12 389 816 390 817 390 12 390 12 391 817 391 722 391 767 286 818 286 746 286 818 286 819 286 746 286 746 392 819 392 820 392 772 286 821 286 619 286 821 286 822 286 619 286 619 393 822 393 823 393 618 286 824 286 12 286 824 394 727 394 12 394 12 395 727 395 750 395 727 396 726 396 750 396 798 397 825 397 779 397 825 286 826 286 779 286 779 286 826 286 827 286 801 286 828 286 656 286 828 286 829 286 656 286 656 286 829 286 166 286 829 286 830 286 166 286 166 398 830 398 802 398 803 286 831 286 166 286 831 286 832 286 166 286 166 399 832 399 833 399 833 400 834 400 166 400 834 401 835 401 166 401 166 402 835 402 712 402 806 286 836 286 166 286 836 286 837 286 166 286 166 403 837 403 838 403 838 286 839 286 166 286 839 404 840 404 166 404 166 405 840 405 597 405 809 286 841 286 14 286 841 406 842 406 14 406 14 407 842 407 843 407 843 286 844 286 14 286 844 286 845 286 14 286 14 408 845 408 846 408 14 409 847 409 848 409 820 286 849 286 746 286 849 286 850 286 746 286 746 410 850 410 851 410 850 286 852 286 851 286 851 286 852 286 687 286 852 286 853 286 687 286 687 411 853 411 688 411 756 412 854 412 648 412 854 286 855 286 648 286 648 286 855 286 827 286 855 286 856 286 827 286 827 286 856 286 779 286 848 286 857 286 14 286 857 286 858 286 14 286 14 413 858 413 12 413 858 286 859 286 12 286 12 414 859 414 860 414 846 415 861 415 14 415 861 286 862 286 14 286 14 416 862 416 847 416 860 417 863 417 12 417 863 418 864 418 12 418 12 419 864 419 865 419 865 420 866 420 12 420 866 421 867 421 12 421 12 422 867 422 810 422 868 286 869 286 619 286 869 286 870 286 619 286 823 286 871 286 619 286 871 286 872 286 619 286 619 423 872 423 868 423 873 424 874 424 619 424 874 286 875 286 619 286 870 286 876 286 619 286 876 286 877 286 619 286 619 425 877 425 873 425 875 426 878 426 619 426 878 286 879 286 619 286 619 427 879 427 788 427 880 428 482 428 881 428 482 429 481 429 881 429 881 430 481 430 882 430 481 431 479 431 882 431 882 432 479 432 883 432 479 433 478 433 883 433 883 434 478 434 884 434 478 434 447 434 884 434 884 435 447 435 885 435 447 436 446 436 885 436 885 437 446 437 886 437 446 438 445 438 886 438 886 439 445 439 887 439 445 440 428 440 887 440 887 441 428 441 888 441 428 442 427 442 888 442 888 443 427 443 889 443 427 444 444 444 889 444 889 445 444 445 890 445 444 446 443 446 890 446 890 447 443 447 891 447 443 448 442 448 891 448 891 449 442 449 892 449 442 450 470 450 892 450 892 451 470 451 893 451 470 452 469 452 893 452 893 453 469 453 894 453 469 454 468 454 894 454 894 455 468 455 895 455 468 456 467 456 895 456 895 457 467 457 896 457 467 458 466 458 896 458 896 459 466 459 897 459 466 460 454 460 897 460 897 461 454 461 898 461 454 461 401 461 898 461 898 462 401 462 899 462 401 462 399 462 899 462 899 463 399 463 900 463 399 464 465 464 900 464 900 465 465 465 901 465 465 466 464 466 901 466 901 467 464 467 902 467 464 468 453 468 902 468 902 469 453 469 903 469 453 470 452 470 903 470 903 471 452 471 904 471 452 472 525 472 904 472 904 473 525 473 905 473 525 473 524 473 905 473 905 474 524 474 906 474 524 474 523 474 906 474 906 475 523 475 907 475 523 476 522 476 907 476 907 477 522 477 908 477 522 478 492 478 908 478 908 479 492 479 909 479 492 480 500 480 909 480 909 481 500 481 910 481 500 482 501 482 910 482 910 483 501 483 911 483 501 484 548 484 911 484 911 485 548 485 912 485 548 486 547 486 912 486 912 487 547 487 913 487 547 488 546 488 913 488 913 489 546 489 914 489 546 490 567 490 914 490 914 491 567 491 915 491 567 492 566 492 915 492 915 493 566 493 916 493 566 494 564 494 916 494 916 495 564 495 917 495 564 496 563 496 917 496 917 497 563 497 918 497 563 498 554 498 918 498 918 499 554 499 919 499 554 500 553 500 919 500 919 501 553 501 920 501 553 502 552 502 920 502 920 503 552 503 921 503 552 504 497 504 921 504 921 505 497 505 922 505 497 506 496 506 922 506 922 507 496 507 923 507 496 508 495 508 923 508 923 509 495 509 924 509 495 510 404 510 924 510 924 511 404 511 925 511 404 512 405 512 925 512 925 513 405 513 926 513 405 514 406 514 926 514 926 515 406 515 927 515 406 515 433 515 927 515 927 516 433 516 928 516 433 517 432 517 928 517 928 518 432 518 929 518 432 519 374 519 929 519 929 520 374 520 930 520 374 521 373 521 930 521 930 522 373 522 931 522 373 523 431 523 931 523 931 524 431 524 932 524 431 525 316 525 932 525 932 526 316 526 933 526 316 527 306 527 933 527 933 528 306 528 934 528 306 529 335 529 934 529 934 530 335 530 935 530 335 531 394 531 935 531 935 532 394 532 936 532 394 533 332 533 936 533 936 534 332 534 937 534 332 535 331 535 937 535 937 536 331 536 938 536 331 537 330 537 938 537 938 538 330 538 939 538 330 539 329 539 939 539 939 540 329 540 940 540 329 541 393 541 940 541 940 542 393 542 941 542 393 543 392 543 941 543 941 544 392 544 942 544 392 545 391 545 942 545 942 546 391 546 943 546 391 547 390 547 943 547 943 548 390 548 944 548 390 549 389 549 944 549 944 550 389 550 945 550 389 551 343 551 945 551 945 552 343 552 946 552 343 553 344 553 946 553 946 554 344 554 947 554 344 555 345 555 947 555 947 556 345 556 948 556 345 557 385 557 948 557 948 558 385 558 949 558 385 558 384 558 949 558 949 559 384 559 950 559 384 560 383 560 950 560 950 561 383 561 951 561 383 562 438 562 951 562 951 563 438 563 880 563 438 563 482 563 880 563 952 428 375 428 953 428 375 564 565 564 953 564 953 430 565 430 954 430 565 565 499 565 954 565 954 566 499 566 955 566 499 567 498 567 955 567 955 434 498 434 956 434 498 568 494 568 956 568 956 569 494 569 957 569 494 436 493 436 957 436 957 570 493 570 958 570 493 438 491 438 958 438 958 571 491 571 959 571 491 572 490 572 959 572 959 573 490 573 960 573 490 442 398 442 960 442 960 443 398 443 961 443 398 444 400 444 961 444 961 574 400 574 962 574 400 575 402 575 962 575 962 448 402 448 963 448 402 576 403 576 963 576 963 577 403 577 964 577 403 449 477 449 964 449 964 578 477 578 965 578 477 452 476 452 965 452 965 579 476 579 966 579 476 580 475 580 966 580 966 581 475 581 967 581 475 456 474 456 967 456 967 457 474 457 968 457 474 458 473 458 968 458 968 582 473 582 969 582 473 460 472 460 969 460 969 461 472 461 970 461 472 461 471 461 970 461 970 462 471 462 971 462 471 462 425 462 971 462 971 583 425 583 972 583 425 584 424 584 972 584 972 465 424 465 973 465 424 466 423 466 973 466 973 585 423 585 974 585 423 586 422 586 974 586 974 469 422 469 975 469 422 587 421 587 975 587 975 471 421 471 976 471 421 588 420 588 976 588 976 589 420 589 977 589 420 590 397 590 977 590 977 474 397 474 978 474 397 591 396 591 978 591 978 592 396 592 979 592 396 593 395 593 979 593 979 594 395 594 980 594 395 595 313 595 980 595 980 596 313 596 981 596 313 597 312 597 981 597 981 481 312 481 982 481 312 598 370 598 982 598 982 483 370 483 983 483 370 484 369 484 983 484 983 599 369 599 984 599 369 486 368 486 984 486 984 487 368 487 985 487 368 488 367 488 985 488 985 489 367 489 986 489 367 490 366 490 986 490 986 491 366 491 987 491 366 600 365 600 987 600 987 493 365 493 988 493 365 601 364 601 988 601 988 496 364 496 989 496 364 496 363 496 989 496 989 602 363 602 990 602 363 498 362 498 990 498 990 499 362 499 991 499 362 500 355 500 991 500 991 501 355 501 992 501 355 502 354 502 992 502 992 503 354 503 993 503 354 603 353 603 993 603 993 505 353 505 994 505 353 506 342 506 994 506 994 604 342 604 995 604 342 508 341 508 995 508 995 605 341 605 996 605 341 606 340 606 996 606 996 607 340 607 997 607 340 608 311 608 997 608 997 609 311 609 998 609 311 610 310 610 998 610 998 611 310 611 999 611 310 515 309 515 999 515 999 612 309 612 1000 612 309 613 352 613 1000 613 1000 614 352 614 1001 614 352 519 351 519 1001 519 1001 615 351 615 1002 615 351 521 350 521 1002 521 1002 616 350 616 1003 616 350 617 349 617 1003 617 1003 524 349 524 1004 524 349 525 348 525 1004 525 1004 618 348 618 1005 618 348 619 339 619 1005 619 1005 528 339 528 1006 528 339 529 338 529 1006 529 1006 530 338 530 1007 530 338 531 346 531 1007 531 1007 532 346 532 1008 532 346 620 347 620 1008 620 1008 534 347 534 1009 534 347 535 361 535 1009 535 1009 536 361 536 1010 536 361 621 360 621 1010 621 1010 622 360 622 1011 622 360 623 359 623 1011 623 1011 540 359 540 1012 540 359 624 337 624 1012 624 1012 625 337 625 1013 625 337 626 336 626 1013 626 1013 627 336 627 1014 627 336 544 334 544 1014 544 1014 628 334 628 1015 628 334 629 333 629 1015 629 1015 548 333 548 1016 548 333 549 308 549 1016 549 1016 550 308 550 1017 550 308 630 307 630 1017 630 1017 631 307 631 1018 631 307 632 305 632 1018 632 1018 554 305 554 1019 554 305 633 304 633 1019 633 1019 556 304 556 1020 556 304 634 318 634 1020 634 1020 635 318 635 1021 635 318 558 317 558 1021 558 1021 636 317 636 1022 636 317 637 315 637 1022 637 1022 638 315 638 1023 638 315 562 314 562 1023 562 1023 639 314 639 952 639 314 563 375 563 952 563 876 640 1024 640 877 640 1024 429 1025 429 877 429 877 641 1025 641 873 641 1025 642 1026 642 873 642 873 567 1026 567 874 567 1026 643 1027 643 874 643 874 644 1027 644 875 644 1027 645 1028 645 875 645 875 646 1028 646 878 646 1028 647 1029 647 878 647 878 648 1029 648 879 648 1029 649 1030 649 879 649 879 650 1030 650 788 650 1030 651 1031 651 788 651 788 652 1031 652 789 652 1031 653 1032 653 789 653 789 654 1032 654 790 654 1032 655 1033 655 790 655 790 656 1033 656 791 656 1033 445 1034 445 791 445 791 657 1034 657 792 657 1034 658 1035 658 792 658 792 450 1035 450 793 450 1035 659 1036 659 793 659 793 660 1036 660 794 660 1036 451 1037 451 794 451 794 661 1037 661 795 661 1037 662 1038 662 795 662 795 663 1038 663 617 663 1038 664 1039 664 617 664 617 665 1039 665 618 665 1039 458 1040 458 618 458 618 666 1040 666 824 666 1040 459 1041 459 824 459 824 461 1041 461 727 461 1041 667 1042 667 727 667 727 668 1042 668 629 668 1042 669 1043 669 629 669 629 464 1043 464 627 464 1043 463 1044 463 627 463 627 670 1044 670 625 670 1044 671 1045 671 625 671 625 672 1045 672 631 672 1045 467 1046 467 631 467 631 673 1046 673 632 673 1046 469 1047 469 632 469 632 472 1047 472 633 472 1047 471 1048 471 633 471 633 473 1048 473 634 473 1048 473 1049 473 634 473 634 474 1049 474 635 474 1049 674 1050 674 635 674 635 675 1050 675 636 675 1050 676 1051 676 636 676 636 677 1051 677 637 677 1051 678 1052 678 637 678 637 679 1052 679 638 679 1052 680 1053 680 638 680 638 681 1053 681 639 681 1053 681 1054 681 639 681 639 682 1054 682 673 682 1054 683 1055 683 673 683 673 684 1055 684 674 684 1055 685 1056 685 674 685 674 686 1056 686 666 686 1056 687 1057 687 666 687 666 490 1057 490 667 490 1057 688 1058 688 667 688 667 689 1058 689 668 689 1058 491 1059 491 668 491 668 690 1059 690 714 690 1059 691 1060 691 714 691 714 692 1060 692 715 692 1060 693 1061 693 715 693 715 498 1061 498 737 498 1061 694 1062 694 737 694 737 695 1062 695 738 695 1062 499 1063 499 738 499 738 696 1063 696 739 696 1063 697 1064 697 739 697 739 698 1064 698 757 698 1064 699 1065 699 757 699 757 700 1065 700 758 700 1065 701 1066 701 758 701 758 702 1066 702 759 702 1066 702 1067 702 759 702 759 703 1067 703 760 703 1067 704 1068 704 760 704 760 705 1068 705 761 705 1068 706 1069 706 761 706 761 707 1069 707 762 707 1069 708 1070 708 762 708 762 515 1070 515 763 515 1070 709 1071 709 763 709 763 710 1071 710 764 710 1071 516 1072 516 764 516 764 711 1072 711 680 711 1072 711 1073 711 680 711 680 521 1073 521 681 521 1073 712 1074 712 681 712 681 523 1074 523 682 523 1074 713 1075 713 682 713 682 714 1075 714 716 714 1075 715 1076 715 716 715 716 527 1076 527 717 527 1076 526 1077 526 717 526 717 716 1077 716 684 716 1077 717 1078 717 684 717 684 531 1078 531 692 531 1078 718 1079 718 692 718 692 533 1079 533 687 533 1079 719 1080 719 687 719 687 535 1080 535 851 535 1080 720 1081 720 851 720 851 721 1081 721 746 721 1081 722 1082 722 746 722 746 723 1082 723 768 723 1082 724 1083 724 768 724 768 725 1083 725 769 725 1083 726 1084 726 769 726 769 727 1084 727 770 727 1084 542 1085 542 770 542 770 728 1085 728 771 728 1085 729 1086 729 771 729 771 547 1086 547 772 547 1086 730 1087 730 772 730 772 731 1087 731 821 731 1087 732 1088 732 821 732 821 733 1088 733 822 733 1088 734 1089 734 822 734 822 735 1089 735 823 735 1089 736 1090 736 823 736 823 737 1090 737 871 737 1090 738 1091 738 871 738 871 739 1091 739 872 739 1091 740 1092 740 872 740 872 741 1092 741 868 741 1092 742 1093 742 868 742 868 743 1093 743 869 743 1093 636 1094 636 869 636 869 744 1094 744 870 744 1094 745 1095 745 870 745 870 563 1095 563 876 563 1095 746 1024 746 876 746 859 747 1096 747 860 747 1096 429 1097 429 860 429 860 748 1097 748 863 748 1097 749 1098 749 863 749 863 750 1098 750 864 750 1098 751 1099 751 864 751 864 752 1099 752 865 752 1099 645 1100 645 865 645 865 646 1100 646 866 646 1100 647 1101 647 866 647 866 753 1101 753 867 753 1101 754 1102 754 867 754 867 755 1102 755 810 755 1102 650 1103 650 810 650 810 756 1103 756 811 756 1103 653 1104 653 811 653 811 757 1104 757 812 757 1104 655 1105 655 812 655 812 446 1105 446 813 446 1105 445 1106 445 813 445 813 447 1106 447 814 447 1106 758 1107 758 814 758 814 759 1107 759 815 759 1107 450 1108 450 815 450 815 760 1108 760 816 760 1108 451 1109 451 816 451 816 661 1109 661 817 661 1109 761 1110 761 817 761 817 762 1110 762 722 762 1110 664 1111 664 722 664 722 763 1111 763 723 763 1111 763 1112 763 723 763 723 666 1112 666 724 666 1112 764 1113 764 724 764 724 765 1113 765 741 765 1113 667 1114 667 741 667 741 668 1114 668 742 668 1114 766 1115 766 742 766 742 767 1115 767 743 767 1115 463 1116 463 743 463 743 670 1116 670 642 670 1116 670 1117 670 642 670 642 672 1117 672 619 672 1117 467 1118 467 619 467 619 470 1118 470 744 470 1118 768 1119 768 744 768 744 472 1119 472 745 472 1119 471 1120 471 745 471 745 769 1120 769 747 769 1120 473 1121 473 747 473 747 474 1121 474 748 474 1121 674 1122 674 748 674 748 476 1122 476 749 476 1122 475 1123 475 749 475 749 677 1123 677 765 677 1123 678 1124 678 765 678 765 679 1124 679 766 679 1124 680 1125 680 766 680 766 681 1125 681 767 681 1125 681 1126 681 767 681 767 682 1126 682 818 682 1126 770 1127 770 818 770 818 771 1127 771 819 771 1127 685 1128 685 819 685 819 686 1128 686 820 686 1128 687 1129 687 820 687 820 490 1129 490 849 490 1129 489 1130 489 849 489 849 600 1130 600 850 600 1130 772 1131 772 850 772 850 493 1131 493 852 493 1131 601 1132 601 852 601 852 496 1132 496 853 496 1132 496 1133 496 853 496 853 773 1133 773 688 773 1133 602 1134 602 688 602 688 500 1134 500 689 500 1134 499 1135 499 689 499 689 696 1135 696 740 696 1135 697 1136 697 740 697 740 698 1136 698 690 698 1136 774 1137 774 690 774 690 775 1137 775 691 775 1137 701 1138 701 691 701 691 702 1138 702 693 702 1138 702 1139 702 693 702 693 703 1139 703 694 703 1139 704 1140 704 694 704 694 705 1140 705 695 705 1140 706 1141 706 695 706 695 514 1141 514 696 514 1141 513 1142 513 696 513 696 515 1142 515 697 515 1142 709 1143 709 697 709 697 710 1143 710 686 710 1143 776 1144 776 686 776 686 711 1144 711 685 711 1144 711 1145 711 685 711 685 777 1145 777 683 777 1145 520 1146 520 683 520 683 523 1146 523 718 523 1146 713 1147 713 718 713 718 715 1147 715 719 715 1147 715 1148 715 719 715 719 527 1148 527 720 527 1148 778 1149 778 720 778 720 529 1149 529 721 529 1149 717 1150 717 721 717 721 531 1150 531 640 531 1150 779 1151 779 640 779 640 780 1151 780 641 780 1151 719 1152 719 641 719 641 781 1152 781 807 781 1152 781 1153 781 807 781 807 721 1153 721 808 721 1153 782 1154 782 808 782 808 783 1154 783 809 783 1154 724 1155 724 809 724 809 725 1155 725 841 725 1155 784 1156 784 841 784 841 785 1156 785 842 785 1156 786 1157 786 842 786 842 545 1157 545 843 545 1157 787 1158 787 843 787 843 547 1158 547 844 547 1158 546 1159 546 844 546 844 731 1159 731 845 731 1159 788 1160 788 845 788 845 733 1160 733 846 733 1160 789 1161 789 846 789 846 736 1161 736 861 736 1161 790 1162 790 861 790 861 791 1162 791 862 791 1162 792 1163 792 862 792 862 739 1163 739 847 739 1163 740 1164 740 847 740 847 741 1164 741 848 741 1164 793 1165 793 848 793 848 794 1165 794 857 794 1165 795 1166 795 857 795 857 796 1166 796 858 796 1166 797 1167 797 858 797 858 563 1167 563 859 563 1167 798 1096 798 859 798 855 428 1168 428 856 428 1168 564 1169 564 856 564 856 799 1169 799 779 799 1169 800 1170 800 779 800 779 433 1170 433 780 433 1170 432 1171 432 780 432 780 434 1171 434 781 434 1171 568 1172 568 781 568 781 801 1172 801 782 801 1172 802 1173 802 782 802 782 803 1173 803 783 803 1173 438 1174 438 783 438 783 571 1174 571 654 571 1174 571 1175 571 654 571 654 804 1175 804 655 804 1175 442 1176 442 655 442 655 805 1176 805 784 805 1176 806 1177 806 784 806 784 807 1177 807 785 807 1177 808 1178 808 785 808 785 448 1178 448 786 448 1178 809 1179 809 786 809 786 577 1179 577 799 577 1179 449 1180 449 799 449 799 810 1180 810 800 810 1180 451 1181 451 800 451 800 454 1181 454 801 454 1181 662 1182 662 801 662 801 811 1182 811 828 811 1182 812 1183 812 828 812 828 458 1183 458 829 458 1183 458 1184 458 829 458 829 813 1184 813 830 813 1184 459 1185 459 830 459 830 461 1185 461 802 461 1185 667 1186 667 802 667 802 462 1186 462 803 462 1186 766 1187 766 803 766 803 814 1187 814 831 814 1187 815 1188 815 831 815 831 816 1188 816 832 816 1188 466 1189 466 832 466 832 817 1189 817 833 817 1189 818 1190 818 833 818 833 470 1190 470 834 470 1190 819 1191 819 834 819 834 472 1191 472 835 472 1191 820 1192 820 835 820 835 589 1192 589 712 589 1192 590 1193 590 712 590 712 474 1193 474 713 474 1193 821 1194 821 713 821 713 822 1194 822 804 822 1194 823 1195 823 804 823 804 595 1195 595 805 595 1195 824 1196 824 805 824 805 480 1196 480 806 480 1196 597 1197 597 806 597 806 481 1197 481 836 481 1197 825 1198 825 836 825 836 826 1198 826 837 826 1198 484 1199 484 837 484 837 827 1199 827 838 827 1199 828 1200 828 838 828 838 487 1200 487 839 487 1200 488 1201 488 839 488 839 490 1201 490 840 490 1201 489 1202 489 840 489 840 600 1202 600 597 600 1202 491 1203 491 597 491 597 493 1203 493 596 493 1203 601 1204 601 596 601 596 496 1204 496 595 496 1204 496 1205 496 595 496 595 498 1205 498 598 498 1205 602 1206 602 598 602 598 500 1206 500 599 500 1206 499 1207 499 599 499 599 501 1207 501 600 501 1207 502 1208 502 600 502 600 829 1208 829 601 829 1208 830 1209 830 601 830 601 831 1209 831 602 831 1209 506 1210 506 602 506 602 604 1210 604 592 604 1210 832 1211 832 592 832 592 510 1211 510 593 510 1211 606 1212 606 593 606 593 608 1212 608 594 608 1212 833 1213 833 594 833 594 834 1213 834 605 834 1213 835 1214 835 605 835 605 611 1214 611 606 611 1214 709 1215 709 606 709 606 836 1215 836 607 836 1215 837 1216 837 607 837 607 838 1216 838 608 838 1216 711 1217 711 608 711 608 839 1217 839 609 839 1217 520 1218 520 609 520 609 840 1218 840 610 840 1218 841 1219 841 610 841 610 842 1219 842 611 842 1219 525 1220 525 611 525 611 843 1220 843 612 843 1220 844 1221 844 612 844 612 529 1221 529 613 529 1221 845 1222 845 613 845 613 531 1222 531 657 531 1222 718 1223 718 657 718 657 533 1223 533 658 533 1223 846 1224 846 658 846 658 535 1224 535 711 535 1224 535 1225 535 711 535 711 847 1225 847 646 847 1225 848 1226 848 646 848 646 723 1226 723 647 723 1226 538 1227 538 647 538 647 725 1227 725 649 725 1227 849 1228 849 649 849 649 850 1228 850 650 850 1228 851 1229 851 650 851 650 627 1229 627 651 627 1229 852 1230 852 651 852 651 853 1230 853 652 853 1230 854 1231 854 652 854 652 855 1231 855 653 855 1231 856 1232 856 653 856 653 857 1232 857 751 857 1232 630 1233 630 751 630 751 631 1233 631 752 631 1233 631 1234 631 752 631 752 858 1234 858 753 858 1234 633 1235 633 753 633 753 859 1235 859 754 859 1235 860 1236 860 754 860 754 635 1236 635 755 635 1236 558 1237 558 755 558 755 560 1237 560 756 560 1237 559 1238 559 756 559 756 861 1238 861 854 861 1238 862 1239 862 854 862 854 639 1239 639 855 639 1239 563 1168 563 855 563 750 428 1240 428 728 428 1240 429 1241 429 728 429 728 799 1241 799 729 799 1241 863 1242 863 729 863 729 567 1242 567 776 567 1242 566 1243 566 776 566 776 434 1243 434 777 434 1243 434 1244 434 777 434 777 864 1244 864 700 864 1244 802 1245 802 700 802 700 865 1245 865 699 865 1245 438 1246 438 699 438 699 439 1246 439 698 439 1246 439 1247 439 698 439 698 866 1247 866 730 866 1247 442 1248 442 730 442 730 805 1248 805 731 805 1248 806 1249 806 731 806 731 446 1249 446 732 446 1249 445 1250 445 732 445 732 447 1250 447 733 447 1250 867 1251 867 733 867 733 449 1251 449 734 449 1251 450 1252 450 734 450 734 452 1252 452 643 452 1252 451 1253 451 643 451 643 868 1253 868 644 868 1253 579 1254 579 644 579 644 663 1254 663 645 663 1254 812 1255 812 645 812 645 458 1255 458 701 458 1255 458 1256 458 701 458 701 460 1256 460 702 460 1256 459 1257 459 702 459 702 461 1257 461 703 461 1257 667 1258 667 703 667 703 462 1258 462 704 462 1258 766 1259 766 704 766 704 464 1259 464 705 464 1259 463 1260 463 705 463 705 816 1260 816 706 816 1260 466 1261 466 706 466 706 468 1261 468 707 468 1261 467 1262 467 707 467 707 470 1262 470 708 470 1262 469 1263 469 708 469 708 472 1263 472 709 472 1263 471 1264 471 709 471 709 473 1264 473 710 473 1264 473 1265 473 710 473 710 474 1265 474 735 474 1265 674 1266 674 735 674 735 476 1266 476 736 476 1266 475 1267 475 736 475 736 869 1267 869 656 869 1267 870 1268 870 656 870 656 597 1268 597 778 597 1268 480 1269 480 778 480 778 481 1269 481 796 481 1269 871 1270 871 796 871 796 826 1270 826 797 826 1270 484 1271 484 797 484 797 872 1271 872 798 872 1271 828 1272 828 798 828 798 487 1272 487 825 487 1272 488 1273 488 825 488 825 490 1273 490 826 490 1273 489 1274 489 826 489 826 600 1274 600 827 600 1274 873 1275 873 827 873 827 493 1275 493 648 493 1275 494 1276 494 648 494 648 495 1276 495 659 495 1276 496 1277 496 659 496 659 874 1277 874 620 874 1277 602 1278 602 620 602 620 500 1278 500 621 500 1278 499 1279 499 621 499 621 501 1279 501 622 501 1279 502 1280 502 622 502 622 829 1280 829 614 829 1280 875 1281 875 614 875 614 831 1281 831 615 831 1281 506 1282 506 615 506 615 507 1282 507 616 507 1282 832 1283 832 616 832 616 606 1283 606 603 606 1283 510 1284 510 603 510 603 876 1284 876 604 876 1284 877 1285 877 604 877 604 514 1285 514 675 514 1285 513 1286 513 675 513 675 515 1286 515 676 515 1286 709 1287 709 676 709 676 710 1287 710 677 710 1287 516 1288 516 677 516 677 711 1288 711 678 711 1288 711 1289 711 678 711 678 521 1289 521 679 521 1289 520 1290 520 679 520 679 523 1290 523 623 523 1290 522 1291 522 623 522 623 842 1291 842 624 842 1291 525 1292 525 624 525 624 527 1292 527 787 527 1292 526 1293 526 787 526 787 529 1293 529 669 529 1293 845 1294 845 669 845 669 531 1294 531 626 531 1294 718 1295 718 626 718 626 533 1295 533 628 533 1295 532 1296 532 628 532 628 535 1296 535 630 535 1296 535 1297 535 630 535 630 847 1297 847 660 847 1297 722 1298 722 660 722 660 623 1298 623 661 623 1298 878 1299 878 661 878 661 725 1299 725 662 725 1299 725 1300 725 662 725 662 785 1300 785 663 785 1300 625 1301 625 663 625 663 544 1301 544 664 544 1301 787 1302 787 664 787 664 547 1302 547 665 547 1302 546 1303 546 665 546 665 855 1303 855 670 855 1303 856 1304 856 670 856 670 857 1304 857 671 857 1304 551 1305 551 671 551 671 552 1305 552 672 552 1305 552 1306 552 672 552 672 858 1306 858 773 858 1306 555 1307 555 773 555 773 859 1307 859 774 859 1307 879 1308 879 774 879 774 558 1308 558 775 558 1308 558 1309 558 775 558 775 637 1309 637 725 637 1309 636 1310 636 725 636 725 880 1310 880 726 880 1310 862 1311 862 726 862 726 563 1311 563 750 563 1311 563 1240 563 750 563 1312 747 320 747 1313 747 320 429 319 429 1313 429 1313 881 319 881 1314 881 319 882 562 882 1314 882 1314 883 562 883 1315 883 562 884 561 884 1315 884 1315 752 561 752 1316 752 561 645 560 645 1316 645 1316 885 560 885 1317 885 560 646 559 646 1317 646 1317 886 559 886 1318 886 559 754 558 754 1318 754 1318 755 558 755 1319 755 558 887 545 887 1319 887 1319 888 545 888 1320 888 545 653 544 653 1320 653 1320 889 544 889 1321 889 544 654 543 654 1321 654 1321 445 543 445 1322 445 543 446 521 446 1322 446 1322 447 521 447 1323 447 521 447 520 447 1323 447 1323 759 520 759 1324 759 520 450 519 450 1324 450 1324 890 519 890 1325 890 519 452 518 452 1325 452 1325 891 518 891 1326 891 518 892 517 892 1326 892 1326 664 517 664 1327 664 517 762 516 762 1327 762 1327 893 516 893 1328 893 516 763 430 763 1328 763 1328 764 430 764 1329 764 430 666 429 666 1329 666 1329 765 429 765 1330 765 429 461 489 461 1330 461 1330 668 489 668 1331 668 489 462 488 462 1331 462 1331 894 488 894 1332 894 488 464 487 464 1332 464 1332 895 487 895 1333 895 487 670 483 670 1333 670 1333 896 483 896 1334 896 483 468 484 468 1334 468 1334 469 484 469 1335 469 484 673 515 673 1335 673 1335 471 515 471 1336 471 515 472 513 472 1336 472 1336 769 513 769 1337 769 513 473 512 473 1337 473 1337 474 512 474 1338 474 512 474 462 474 1338 474 1338 475 462 475 1339 475 462 476 461 476 1339 476 1339 897 461 897 1340 897 461 677 509 677 1340 677 1340 898 509 898 1341 898 509 680 508 680 1341 680 1341 681 508 681 1342 681 508 899 577 899 1342 899 1342 900 577 900 1343 900 577 770 586 770 1343 770 1343 901 586 901 1344 901 586 902 584 902 1344 902 1344 686 584 686 1345 686 584 687 583 687 1345 687 1345 489 583 489 1346 489 583 490 581 490 1346 490 1346 491 581 491 1347 491 581 903 591 903 1347 903 1347 493 591 493 1348 493 591 601 590 601 1348 601 1348 496 590 496 1349 496 590 496 588 496 1349 496 1349 904 588 904 1350 904 588 498 587 498 1350 498 1350 499 587 499 1351 499 587 500 528 500 1351 500 1351 696 528 696 1352 696 528 697 549 697 1352 697 1352 905 549 905 1353 905 549 906 502 906 1353 906 1353 907 502 907 1354 907 502 701 441 701 1354 701 1354 702 441 702 1355 702 441 908 440 908 1355 908 1355 909 440 909 1356 909 440 704 415 704 1356 704 1356 910 415 910 1357 910 415 705 418 705 1357 705 1357 513 418 513 1358 513 418 514 412 514 1358 514 1358 515 412 515 1359 515 412 515 411 515 1359 515 1359 516 411 516 1360 516 411 911 410 911 1360 911 1360 518 410 518 1361 518 410 519 386 519 1361 519 1361 712 386 712 1362 712 386 521 325 521 1362 521 1362 522 325 522 1363 522 325 912 327 912 1363 912 1363 913 327 913 1364 913 327 715 328 715 1364 715 1364 526 328 526 1365 526 328 914 358 914 1365 914 1365 528 358 528 1366 528 358 915 437 915 1366 915 1366 530 437 530 1367 530 437 916 436 916 1367 916 1367 719 436 719 1368 719 436 780 324 780 1368 780 1368 917 324 917 1369 917 324 781 323 781 1369 781 1369 782 323 782 1370 782 323 721 322 721 1370 721 1370 918 322 918 1371 918 322 919 321 919 1371 919 1371 540 321 540 1372 540 321 920 382 920 1372 920 1372 542 382 542 1373 542 382 921 381 921 1373 921 1373 545 381 545 1374 545 381 545 378 545 1374 545 1374 546 378 546 1375 546 378 547 379 547 1375 547 1375 922 379 922 1376 922 379 923 380 923 1376 923 1376 924 380 924 1377 924 380 789 435 789 1377 789 1377 736 435 736 1378 736 435 925 434 925 1378 925 1378 926 434 926 1379 926 434 792 409 792 1379 792 1379 927 409 927 1380 927 409 739 408 739 1380 739 1380 741 408 741 1381 741 408 793 407 793 1381 793 1381 928 407 928 1382 928 407 929 377 929 1382 929 1382 930 377 930 1383 930 377 931 376 931 1383 931 1383 563 376 563 1312 563 376 798 320 798 1312 798 1384 640 589 640 1385 640 589 429 580 429 1385 429 1385 642 580 642 1386 642 580 641 582 641 1386 641 1386 432 582 432 1387 432 582 932 585 932 1387 932 1387 644 585 644 1388 644 585 645 579 645 1388 645 1388 885 579 885 1389 885 579 646 578 646 1389 646 1389 933 578 933 1390 933 578 649 510 649 1390 649 1390 650 510 650 1391 650 510 934 551 934 1391 934 1391 935 551 935 1392 935 551 653 463 653 1392 653 1392 936 463 936 1393 936 463 654 486 654 1393 654 1393 937 486 937 1394 937 486 446 511 446 1394 446 1394 657 511 657 1395 657 511 938 514 938 1395 938 1395 450 514 450 1396 450 514 659 507 659 1396 659 1396 939 507 939 1397 939 507 452 506 452 1397 452 1397 891 506 891 1398 891 506 580 505 580 1398 580 1398 455 505 455 1399 455 505 762 485 762 1399 762 1399 940 485 940 1400 940 485 458 372 458 1400 458 1400 764 372 764 1401 764 372 460 371 460 1401 460 1401 461 371 461 1402 461 371 461 451 461 1402 461 1402 668 451 668 1403 668 451 941 450 941 1403 941 1403 463 450 463 1404 463 450 464 449 464 1404 464 1404 895 449 895 1405 895 449 671 448 671 1405 671 1405 896 448 896 1406 896 448 468 460 468 1406 468 1406 768 460 768 1407 768 460 470 459 470 1407 470 1407 471 459 471 1408 471 459 472 458 472 1408 472 1408 473 458 473 1409 473 458 473 457 473 1409 473 1409 474 457 474 1410 474 457 474 456 474 1410 474 1410 942 456 942 1411 942 456 943 455 943 1411 943 1411 897 455 897 1412 897 455 677 542 677 1412 677 1412 898 542 898 1413 898 542 680 541 680 1413 680 1413 681 541 681 1414 681 541 899 540 899 1414 899 1414 900 540 900 1415 900 540 683 576 683 1415 683 1415 944 576 944 1416 944 576 902 575 902 1416 902 1416 686 575 686 1417 686 575 687 572 687 1417 687 1417 489 572 489 1418 489 572 945 571 945 1418 945 1418 946 571 946 1419 946 571 600 574 600 1419 600 1419 690 574 690 1420 690 574 691 573 691 1420 691 1420 692 573 692 1421 692 573 693 570 693 1421 693 1421 602 570 602 1422 602 570 947 569 947 1422 947 1422 948 569 948 1423 948 569 500 568 500 1423 500 1423 696 568 696 1424 696 568 697 557 697 1424 697 1424 905 557 905 1425 905 557 949 556 949 1425 949 1425 950 556 950 1426 950 556 701 555 701 1426 701 1426 702 555 702 1427 702 555 908 539 908 1427 908 1427 909 539 909 1428 909 539 704 538 704 1428 704 1428 910 538 910 1429 910 538 705 537 705 1429 705 1429 951 537 951 1430 951 537 952 536 952 1430 952 1430 515 536 515 1431 515 536 515 535 515 1431 515 1431 516 535 516 1432 516 535 517 534 517 1432 517 1432 518 534 518 1433 518 534 519 533 519 1433 519 1433 520 533 520 1434 520 533 777 532 777 1434 777 1434 522 532 522 1435 522 532 912 531 912 1435 912 1435 953 531 953 1436 953 531 715 426 715 1436 715 1436 526 426 526 1437 526 426 527 480 527 1437 527 1437 954 480 954 1438 954 480 915 357 915 1438 915 1438 530 357 530 1439 530 357 531 356 531 1439 531 1439 532 356 532 1440 532 356 780 326 780 1440 780 1440 534 326 534 1441 534 326 720 388 720 1441 720 1441 782 388 782 1442 782 388 537 387 537 1442 537 1442 622 387 622 1443 622 387 919 419 919 1443 919 1443 540 419 540 1444 540 419 955 417 955 1444 955 1444 956 417 956 1445 956 417 957 416 957 1445 957 1445 728 416 728 1446 728 416 958 414 958 1446 958 1446 546 414 546 1447 546 414 959 413 959 1447 959 1447 922 413 922 1448 922 413 731 439 731 1448 731 1448 924 439 924 1449 924 439 734 504 734 1449 734 1449 735 504 735 1450 735 504 960 503 960 1450 960 1450 961 503 961 1451 961 503 738 550 738 1451 738 1451 927 550 927 1452 927 550 739 530 739 1452 739 1452 741 530 741 1453 741 530 742 529 742 1453 742 1453 962 529 962 1454 962 529 560 527 560 1454 560 1454 745 527 745 1455 745 527 744 526 744 1455 744 1455 563 526 563 1384 563 526 746 589 746 1384 746 129 963 203 963 201 963 129 85 201 85 131 85 201 964 199 964 131 964 131 965 199 965 133 965 199 966 197 966 133 966 133 966 197 966 135 966 197 81 195 81 135 81 135 967 195 967 137 967 195 968 193 968 137 968 137 78 193 78 139 78 193 969 191 969 139 969 139 970 191 970 141 970 191 971 189 971 141 971 141 972 189 972 143 972 189 973 187 973 143 973 143 974 187 974 145 974 187 975 185 975 145 975 145 976 185 976 147 976 185 977 183 977 147 977 147 978 183 978 149 978 183 979 181 979 149 979 149 980 181 980 151 980 181 981 179 981 151 981 151 982 179 982 1 982 179 983 177 983 1 983 1 984 177 984 3 984 177 985 175 985 3 985 3 986 175 986 5 986 175 987 173 987 5 987 5 988 173 988 7 988 173 989 171 989 7 989 7 990 171 990 9 990 171 991 169 991 9 991 9 991 169 991 11 991 169 992 167 992 11 992 11 993 167 993 13 993 1235 87 1234 87 1293 87 1234 87 1233 87 1293 87 1293 994 1233 994 1232 994 1215 87 1214 87 165 87 1214 995 1213 995 165 995 1197 87 1196 87 167 87 1239 87 1238 87 1292 87 1238 87 1237 87 1292 87 1292 996 1237 996 1293 996 1237 997 1236 997 1293 997 1293 998 1236 998 1235 998 1097 87 1096 87 13 87 1155 87 1154 87 15 87 1154 87 1153 87 15 87 15 999 1153 999 1152 999 1146 1000 1080 1000 1147 1000 1080 87 1148 87 1147 87 1299 87 1298 87 15 87 1298 87 1297 87 15 87 15 1001 1297 1001 1296 1001 1232 1002 1231 1002 1293 1002 1231 87 1230 87 1293 87 1293 1003 1230 1003 1294 1003 1230 87 1229 87 1294 87 1294 1004 1229 1004 1228 1004 165 1005 1222 1005 1221 1005 1213 87 1212 87 165 87 1212 87 1211 87 165 87 165 1006 1211 1006 1210 1006 1305 87 15 87 1306 87 15 1007 1307 1007 1306 1007 1222 1008 165 1008 1223 1008 165 87 15 87 1223 87 1223 87 15 87 1224 87 1221 87 1220 87 165 87 1220 87 1219 87 165 87 165 1009 1219 1009 1218 1009 1218 87 1217 87 165 87 1217 1010 1216 1010 165 1010 165 1011 1216 1011 1215 1011 1210 87 1209 87 165 87 1209 87 1208 87 165 87 165 1012 1208 1012 1207 1012 1080 87 1079 87 1148 87 1079 87 1078 87 1148 87 1148 1013 1078 1013 1149 1013 1228 87 1227 87 1294 87 1227 1014 1226 1014 1294 1014 1294 1015 1226 1015 1225 1015 1207 1016 1206 1016 165 1016 1206 87 1205 87 165 87 165 87 1205 87 167 87 1205 87 1204 87 167 87 167 1017 1204 1017 1203 1017 1203 1018 1202 1018 167 1018 1202 87 1201 87 167 87 167 1019 1201 1019 1200 1019 1200 87 1199 87 167 87 1199 87 1198 87 167 87 167 1020 1198 1020 1197 1020 1041 87 1040 87 13 87 1290 87 1289 87 1168 87 13 1021 1096 1021 15 1021 1096 1022 1167 1022 15 1022 15 1023 1167 1023 1166 1023 1158 1024 15 1024 1159 1024 15 1025 1160 1025 1159 1025 1158 87 1157 87 15 87 1157 1026 1156 1026 15 1026 15 1027 1156 1027 1155 1027 1310 118 1309 118 15 118 1309 87 1308 87 15 87 15 1028 1308 1028 1307 1028 1145 87 1082 87 1146 87 1082 87 1081 87 1146 87 1146 1029 1081 1029 1080 1029 1305 87 1304 87 15 87 1304 87 1303 87 15 87 15 1030 1303 1030 1302 1030 1302 87 1301 87 15 87 1301 1031 1300 1031 15 1031 15 1032 1300 1032 1299 1032 1296 87 1295 87 15 87 1295 1033 1294 1033 15 1033 15 1034 1294 1034 1224 1034 1294 87 1225 87 1224 87 1196 87 1195 87 167 87 1195 1035 1194 1035 167 1035 167 1036 1194 1036 1193 1036 1176 87 1259 87 1177 87 1259 87 1258 87 1177 87 1177 87 1258 87 1178 87 1258 87 1179 87 1178 87 1284 87 1168 87 1285 87 1168 1037 1286 1037 1285 1037 1166 128 1165 128 15 128 1165 87 1164 87 15 87 15 1038 1164 1038 1163 1038 1145 87 1144 87 1082 87 1144 87 1143 87 1082 87 1082 1039 1143 1039 1142 1039 1087 87 1086 87 1140 87 1086 87 1085 87 1140 87 1140 1040 1085 1040 1084 1040 1142 1041 1141 1041 1082 1041 1141 87 1140 87 1082 87 1082 87 1140 87 1083 87 1140 87 1084 87 1083 87 1193 1042 1192 1042 167 1042 1192 134 1191 134 167 134 167 1043 1191 1043 1190 1043 1190 87 1189 87 167 87 1189 87 1188 87 167 87 167 1044 1188 1044 1187 1044 1076 1045 1248 1045 1247 1045 1113 87 1112 87 13 87 1239 1046 1292 1046 1168 1046 1292 1047 1291 1047 1168 1047 1168 1048 1291 1048 1290 1048 1289 1049 1288 1049 1168 1049 1288 87 1287 87 1168 87 1168 1050 1287 1050 1286 1050 1163 87 1162 87 15 87 1162 87 1161 87 15 87 15 1051 1161 1051 1160 1051 1152 87 1151 87 15 87 1151 1052 1150 1052 15 1052 15 1053 1150 1053 1149 1053 1149 1054 1078 1054 15 1054 1078 87 1311 87 15 87 15 1055 1311 1055 1310 1055 1087 87 1140 87 1088 87 1140 87 1139 87 1088 87 1088 87 1139 87 1138 87 1251 87 1250 87 13 87 1250 145 1249 145 13 145 13 1056 1249 1056 1248 1056 1247 87 1246 87 1076 87 1246 1057 1245 1057 1076 1057 1076 1058 1245 1058 1244 1058 1045 87 1044 87 1248 87 1044 1059 1043 1059 1248 1059 1248 87 1043 87 13 87 1043 1060 1042 1060 13 1060 13 1061 1042 1061 1041 1061 1263 87 1262 87 1176 87 1258 1062 1257 1062 13 1062 1051 87 1050 87 1248 87 1050 87 1049 87 1248 87 1248 1063 1049 1063 1048 1063 1048 87 1047 87 1248 87 1047 87 1046 87 1248 87 1248 1064 1046 1064 1045 1064 1123 87 1122 87 1032 87 1262 1065 1261 1065 1176 1065 1261 87 1260 87 1176 87 1176 1066 1260 1066 1259 1066 1257 87 1256 87 13 87 1256 87 1255 87 13 87 13 1067 1255 1067 1254 1067 1254 87 1253 87 13 87 1253 157 1252 157 13 157 13 1068 1252 1068 1251 1068 1187 1069 1186 1069 167 1069 1186 1070 1185 1070 167 1070 167 87 1185 87 13 87 1185 87 1184 87 13 87 13 1071 1184 1071 1258 1071 1184 87 1183 87 1258 87 1258 1072 1183 1072 1182 1072 1182 87 1181 87 1258 87 1181 1073 1180 1073 1258 1073 1258 1074 1180 1074 1179 1074 1244 87 1243 87 1076 87 1243 87 1242 87 1076 87 1076 87 1242 87 1077 87 1242 87 1241 87 1077 87 1077 1075 1241 1075 1078 1075 1241 1076 1240 1076 1078 1076 1078 1077 1240 1077 1311 1077 1117 1078 1040 1078 1118 1078 1040 1079 1039 1079 1118 1079 1032 1080 1122 1080 1033 1080 1117 87 1116 87 1040 87 1116 87 1115 87 1040 87 1040 87 1115 87 13 87 1115 1081 1114 1081 13 1081 13 1082 1114 1082 1113 1082 1175 87 1174 87 1268 87 1174 1083 1173 1083 1268 1083 1268 1084 1173 1084 1172 1084 1284 87 1283 87 1168 87 1283 87 1282 87 1168 87 1168 1085 1282 1085 1281 1085 1172 87 1171 87 1268 87 1171 87 1170 87 1268 87 1268 87 1170 87 1269 87 1170 1086 1270 1086 1269 1086 1137 87 1090 87 1138 87 1090 87 1089 87 1138 87 1138 87 1089 87 1088 87 1039 87 1038 87 1118 87 1038 87 1037 87 1118 87 1118 1087 1037 1087 1036 1087 1125 87 1124 87 1030 87 1033 87 1122 87 1034 87 1122 87 1121 87 1034 87 1034 1088 1121 1088 1120 1088 1036 1089 1035 1089 1118 1089 1035 87 1034 87 1118 87 1118 172 1034 172 1119 172 1034 1090 1120 1090 1119 1090 1112 87 1111 87 13 87 1111 87 1110 87 13 87 13 1091 1110 1091 1109 1091 1109 175 1108 175 13 175 1108 1092 1107 1092 13 1092 13 1093 1107 1093 1106 1093 1175 87 1268 87 1176 87 1268 87 1267 87 1176 87 1176 1094 1267 1094 1266 1094 1266 87 1265 87 1176 87 1265 87 1264 87 1176 87 1176 1095 1264 1095 1263 1095 1095 1096 1094 1096 1135 1096 1094 87 1093 87 1135 87 1135 87 1093 87 1092 87 1076 87 1075 87 1248 87 1075 87 1074 87 1248 87 1248 1097 1074 1097 1073 1097 1073 87 1072 87 1248 87 1072 87 1071 87 1248 87 1248 1098 1071 1098 1070 1098 1070 1099 1069 1099 1248 1099 1069 87 1068 87 1248 87 1248 1100 1068 1100 1067 1100 1054 87 1053 87 1248 87 1053 87 1052 87 1248 87 1248 87 1052 87 1051 87 1106 186 1105 186 13 186 1105 87 1104 87 13 87 13 1101 1104 1101 1103 1101 1273 87 1272 87 1170 87 1272 1102 1271 1102 1170 1102 1170 1103 1271 1103 1270 1103 1137 87 1136 87 1090 87 1136 1104 1135 1104 1090 1104 1090 1105 1135 1105 1091 1105 1135 87 1092 87 1091 87 1123 87 1032 87 1124 87 1032 87 1031 87 1124 87 1124 87 1031 87 1030 87 1281 87 1280 87 1168 87 1280 87 1279 87 1168 87 1168 196 1279 196 1278 196 1067 87 1066 87 1248 87 1066 197 1065 197 1248 197 1248 1106 1065 1106 1064 1106 1103 87 1102 87 13 87 1102 87 1101 87 13 87 13 1107 1101 1107 1100 1107 1100 87 1099 87 13 87 1099 87 1098 87 13 87 13 1108 1098 1108 1097 1108 1278 87 1277 87 1168 87 1277 87 1276 87 1168 87 1168 87 1276 87 1169 87 1276 87 1275 87 1169 87 1169 87 1275 87 1170 87 1275 87 1274 87 1170 87 1170 87 1274 87 1273 87 1064 1109 1063 1109 1248 1109 1063 1110 1062 1110 1248 1110 1248 1111 1062 1111 1061 1111 1248 1112 1058 1112 1057 1112 1061 87 1060 87 1248 87 1060 87 1059 87 1248 87 1248 1113 1059 1113 1058 1113 1057 87 1056 87 1248 87 1056 1114 1055 1114 1248 1114 1248 1115 1055 1115 1054 1115 1125 87 1030 87 1126 87 1030 87 1029 87 1126 87 1126 87 1029 87 1028 87 1025 87 1130 87 1026 87 1130 87 1129 87 1026 87 1026 87 1129 87 1128 87 1028 1116 1027 1116 1126 1116 1027 1117 1026 1117 1126 1117 1126 211 1026 211 1127 211 1026 1118 1128 1118 1127 1118 1135 1119 1134 1119 1095 1119 1134 87 1133 87 1095 87 1095 87 1133 87 1024 87 1133 87 1132 87 1024 87 1024 87 1132 87 1025 87 1132 87 1131 87 1025 87 1025 87 1131 87 1130 87 15 1120 165 1120 163 1120 15 1121 163 1121 17 1121 163 1122 161 1122 17 1122 17 245 161 245 19 245 161 1123 159 1123 19 1123 19 1124 159 1124 21 1124 159 1125 157 1125 21 1125 21 1126 157 1126 23 1126 157 1127 155 1127 23 1127 23 1128 155 1128 25 1128 155 1129 153 1129 25 1129 25 1130 153 1130 27 1130 153 1131 303 1131 27 1131 27 1132 303 1132 29 1132 303 1133 301 1133 29 1133 29 1134 301 1134 31 1134 301 1135 299 1135 31 1135 31 1135 299 1135 33 1135 299 1136 297 1136 33 1136 33 1137 297 1137 35 1137 297 1138 295 1138 35 1138 35 1139 295 1139 37 1139 295 1140 293 1140 37 1140 37 1141 293 1141 39 1141 293 1142 291 1142 39 1142 39 1143 291 1143 41 1143 291 1144 289 1144 41 1144 41 221 289 221 43 221 289 1145 287 1145 43 1145 43 1146 287 1146 45 1146 287 1147 285 1147 45 1147 45 1147 285 1147 47 1147 285 1148 283 1148 47 1148 47 1149 283 1149 49 1149 283 214 281 214 49 214 49 1150 281 1150 51 1150 281 249 279 249 51 249 279 249 53 249 51 249 53 1151 279 1151 277 1151 53 284 277 284 55 284 277 1152 275 1152 55 1152 55 1153 275 1153 57 1153 275 1154 273 1154 57 1154 57 1154 273 1154 59 1154 273 1155 271 1155 59 1155 59 1156 271 1156 61 1156 271 277 269 277 61 277 61 1157 269 1157 63 1157 269 1158 267 1158 63 1158 63 1159 267 1159 65 1159 267 273 265 273 65 273 65 1160 265 1160 67 1160 265 1161 263 1161 67 1161 67 270 263 270 69 270 263 1162 261 1162 69 1162 69 1163 261 1163 71 1163 261 1164 259 1164 71 1164 71 1165 259 1165 73 1165 259 1166 257 1166 73 1166 73 1167 257 1167 75 1167 257 1168 255 1168 75 1168 75 1169 255 1169 77 1169 255 1170 253 1170 77 1170 77 1171 253 1171 79 1171 253 1172 251 1172 79 1172 79 1173 251 1173 81 1173 251 257 249 257 81 257 81 1174 249 1174 83 1174 249 255 247 255 83 255 83 1175 247 1175 85 1175 247 1176 245 1176 85 1176 85 1177 245 1177 87 1177 245 1178 243 1178 87 1178 87 1179 243 1179 89 1179 977 286 978 286 241 286 960 1180 899 1180 900 1180 900 1181 901 1181 960 1181 901 286 902 286 960 286 960 1182 902 1182 903 1182 1010 1183 1011 1183 916 1183 1011 286 1012 286 916 286 916 1184 1012 1184 1013 1184 1013 286 1014 286 916 286 1014 1185 1015 1185 916 1185 916 1186 1015 1186 1016 1186 903 286 904 286 960 286 904 286 905 286 960 286 960 1187 905 1187 906 1187 906 1188 907 1188 960 1188 907 286 908 286 960 286 960 286 908 286 959 286 995 286 996 286 243 286 996 286 997 286 243 286 989 286 243 286 988 286 243 1189 241 1189 988 1189 988 286 241 286 987 286 978 286 979 286 241 286 979 1190 980 1190 241 1190 241 1191 980 1191 981 1191 1016 286 1017 286 916 286 1017 286 1018 286 916 286 916 1192 1018 1192 1019 1192 1019 1193 1020 1193 916 1193 1020 1194 1021 1194 916 1194 916 357 1021 357 1022 357 989 286 990 286 243 286 990 286 991 286 243 286 243 1195 991 1195 992 1195 992 1196 993 1196 243 1196 993 286 994 286 243 286 243 1197 994 1197 995 1197 243 1198 924 1198 925 1198 981 1199 982 1199 241 1199 982 286 983 286 241 286 241 1200 983 1200 984 1200 984 286 985 286 241 286 985 404 986 404 241 404 241 1201 986 1201 987 1201 909 368 954 368 908 368 954 286 955 286 908 286 908 1202 955 1202 956 1202 956 286 957 286 908 286 957 1203 958 1203 908 1203 908 1204 958 1204 959 1204 997 1205 998 1205 243 1205 998 1206 999 1206 243 1206 243 1207 999 1207 1000 1207 909 1208 910 1208 954 1208 910 286 911 286 954 286 954 286 911 286 912 286 1000 286 1001 286 243 286 1001 286 1002 286 243 286 243 1209 1002 1209 1003 1209 1003 286 1004 286 243 286 1004 286 1005 286 243 286 243 1210 1005 1210 1006 1210 921 286 922 286 243 286 922 286 923 286 243 286 243 1211 923 1211 924 1211 912 286 913 286 954 286 913 286 914 286 954 286 954 286 914 286 915 286 917 286 1008 286 916 286 1008 286 1009 286 916 286 916 1212 1009 1212 1010 1212 1399 286 1400 286 1334 286 1022 412 1023 412 916 412 1023 286 952 286 916 286 916 286 952 286 915 286 952 286 953 286 915 286 915 286 953 286 954 286 918 286 919 286 243 286 919 286 920 286 243 286 243 1213 920 1213 921 1213 931 286 932 286 243 286 1405 286 935 286 1404 286 935 286 936 286 1404 286 1404 286 936 286 1403 286 936 286 937 286 1403 286 1405 286 1406 286 935 286 1406 286 1407 286 935 286 935 1214 1407 1214 1408 1214 1408 286 1409 286 935 286 1409 286 1410 286 935 286 935 1215 1410 1215 1411 1215 1411 286 1412 286 935 286 1412 286 1413 286 935 286 935 1216 1413 1216 1414 1216 1367 286 1368 286 89 286 1334 1217 1400 1217 1333 1217 893 1218 894 1218 91 1218 894 1219 895 1219 91 1219 91 1220 895 1220 896 1220 960 1221 961 1221 899 1221 961 286 962 286 899 286 899 286 962 286 898 286 962 286 963 286 898 286 898 286 963 286 964 286 241 1222 970 1222 971 1222 1006 286 1007 286 243 286 1007 286 1008 286 243 286 243 286 1008 286 918 286 1008 1223 917 1223 918 1223 937 286 938 286 1403 286 938 286 939 286 1403 286 1403 1224 939 1224 940 1224 940 286 941 286 1403 286 941 1225 942 1225 1403 1225 1403 1226 942 1226 943 1226 1417 286 1418 286 935 286 1418 286 1419 286 935 286 935 286 1419 286 934 286 943 286 944 286 1403 286 944 286 945 286 1403 286 1403 1227 945 1227 946 1227 970 286 241 286 969 286 241 286 91 286 969 286 969 286 91 286 968 286 971 286 972 286 241 286 972 286 973 286 241 286 241 1228 973 1228 974 1228 974 1229 975 1229 241 1229 975 1230 976 1230 241 1230 241 1231 976 1231 977 1231 1414 286 1415 286 935 286 1415 286 1416 286 935 286 935 1232 1416 1232 1417 1232 925 1233 926 1233 243 1233 926 1234 927 1234 243 1234 243 1235 927 1235 928 1235 928 286 929 286 243 286 929 286 930 286 243 286 243 1236 930 1236 931 1236 1433 286 1434 286 243 286 1434 286 1435 286 243 286 1362 286 1438 286 1361 286 1438 1237 1360 1237 1361 1237 1440 286 1350 286 1351 286 1353 286 1354 286 1439 286 1354 1238 1355 1238 1439 1238 1439 1239 1355 1239 1356 1239 1356 286 1357 286 1439 286 1357 286 1358 286 1439 286 1439 286 1358 286 1438 286 1358 286 1359 286 1438 286 1438 1240 1359 1240 1360 1240 887 1241 91 1241 886 1241 91 1242 885 1242 886 1242 964 286 965 286 898 286 965 286 966 286 898 286 898 286 966 286 967 286 1420 286 1421 286 243 286 1435 286 1436 286 243 286 1436 286 1437 286 243 286 243 1243 1437 1243 1438 1243 1362 286 1363 286 1438 286 1363 286 1364 286 1438 286 1438 286 1364 286 243 286 1364 286 1365 286 243 286 243 286 1365 286 89 286 1365 286 1366 286 89 286 89 1244 1366 1244 1367 1244 1327 286 1328 286 91 286 1328 286 1329 286 91 286 950 1245 951 1245 1402 1245 881 286 882 286 91 286 887 286 888 286 91 286 888 1246 889 1246 91 1246 91 1247 889 1247 890 1247 890 286 891 286 91 286 891 286 892 286 91 286 91 1248 892 1248 893 1248 896 286 897 286 91 286 897 286 898 286 91 286 91 1249 898 1249 968 1249 898 286 967 286 968 286 1421 286 1422 286 243 286 1422 286 1423 286 243 286 243 1250 1423 1250 1424 1250 1440 286 1351 286 1439 286 1351 1251 1352 1251 1439 1251 1439 348 1352 348 1353 348 1329 286 1330 286 91 286 1330 286 1331 286 91 286 91 1252 1331 1252 1400 1252 1331 286 1332 286 1400 286 1400 286 1332 286 1333 286 1335 286 1336 286 1442 286 1336 1253 1337 1253 1442 1253 1337 286 1338 286 1442 286 1442 1254 1338 1254 1339 1254 881 286 91 286 880 286 1424 1255 1425 1255 243 1255 1425 286 1426 286 243 286 243 1256 1426 1256 1427 1256 1427 286 1428 286 243 286 1428 286 1429 286 243 286 243 1257 1429 1257 1430 1257 1430 1258 1431 1258 243 1258 1431 286 1432 286 243 286 243 1259 1432 1259 1433 1259 1339 286 1340 286 1442 286 1340 286 1341 286 1442 286 1442 1260 1341 1260 1342 1260 1335 286 1442 286 1334 286 1442 286 1443 286 1334 286 1334 1261 1443 1261 1444 1261 1444 286 1445 286 1334 286 1445 286 1446 286 1334 286 1334 1262 1446 1262 1447 1262 946 286 947 286 1403 286 947 1263 948 1263 1403 1263 1403 286 948 286 1402 286 948 1264 949 1264 1402 1264 1402 1265 949 1265 950 1265 882 366 883 366 91 366 883 286 884 286 91 286 91 1266 884 1266 885 1266 932 286 933 286 243 286 933 286 934 286 243 286 243 286 934 286 1420 286 934 1267 1419 1267 1420 1267 1391 286 1392 286 1334 286 1392 286 1393 286 1334 286 1393 286 1394 286 1334 286 1394 376 1395 376 1334 376 1334 286 1395 286 1396 286 1396 1268 1397 1268 1334 1268 1397 286 1398 286 1334 286 1334 286 1398 286 1399 286 1368 286 1369 286 89 286 1369 286 1370 286 89 286 89 1269 1370 1269 1371 1269 1319 286 1320 286 91 286 1320 1270 1321 1270 91 1270 1321 286 1322 286 91 286 1322 286 1323 286 91 286 91 1271 1323 1271 1324 1271 1324 1272 1325 1272 91 1272 1325 1273 1326 1273 91 1273 91 1274 1326 1274 1327 1274 1342 286 1343 286 1442 286 1343 1275 1344 1275 1442 1275 1442 1276 1344 1276 1345 1276 1447 286 1448 286 1334 286 1448 286 1449 286 1334 286 1334 1277 1449 1277 1450 1277 1400 286 1401 286 91 286 1401 286 1402 286 91 286 91 395 1402 395 880 395 1402 1278 951 1278 880 1278 1371 286 1372 286 89 286 1372 286 1373 286 89 286 89 1279 1373 1279 1374 1279 1374 1280 1375 1280 89 1280 1375 286 1376 286 89 286 89 1281 1376 1281 1377 1281 89 1282 1380 1282 1381 1282 1345 286 1346 286 1442 286 1346 1283 1347 1283 1442 1283 1442 286 1347 286 1441 286 1347 1284 1348 1284 1441 1284 1441 286 1348 286 1440 286 1348 286 1349 286 1440 286 1440 1285 1349 1285 1350 1285 1381 1286 1382 1286 89 1286 1382 286 1383 286 89 286 89 1287 1383 1287 91 1287 1383 286 1312 286 91 286 91 1288 1312 1288 1313 1288 1377 286 1378 286 89 286 1378 286 1379 286 89 286 89 1289 1379 1289 1380 1289 1313 286 1314 286 91 286 1314 418 1315 418 91 418 91 1290 1315 1290 1316 1290 1316 286 1317 286 91 286 1317 286 1318 286 91 286 91 1291 1318 1291 1319 1291 1453 286 1454 286 1334 286 1454 1292 1455 1292 1334 1292 1450 286 1451 286 1334 286 1451 1293 1452 1293 1334 1293 1334 1294 1452 1294 1453 1294 1386 286 1387 286 1334 286 1387 286 1388 286 1334 286 1455 286 1384 286 1334 286 1384 1295 1385 1295 1334 1295 1334 1296 1385 1296 1386 1296 1388 286 1389 286 1334 286 1389 286 1390 286 1334 286 1334 1297 1390 1297 1391 1297 91 1298 241 1298 239 1298 91 1299 239 1299 93 1299 239 1300 237 1300 93 1300 93 1300 237 1300 95 1300 237 1301 235 1301 95 1301 95 1302 235 1302 97 1302 235 1303 233 1303 97 1303 97 1304 233 1304 99 1304 233 1305 231 1305 99 1305 99 1306 231 1306 101 1306 231 1307 229 1307 101 1307 101 1308 229 1308 103 1308 229 1309 227 1309 103 1309 103 1310 227 1310 105 1310 227 1311 225 1311 105 1311 105 1312 225 1312 107 1312 225 1313 223 1313 107 1313 107 1314 223 1314 109 1314 223 1315 221 1315 109 1315 109 1316 221 1316 111 1316 221 1317 219 1317 111 1317 111 1318 219 1318 113 1318 219 1319 217 1319 113 1319 113 1320 217 1320 115 1320 217 1321 215 1321 115 1321 115 1322 215 1322 117 1322 215 1323 213 1323 117 1323 117 1324 213 1324 119 1324 213 1325 211 1325 119 1325 119 1326 211 1326 121 1326 211 1327 209 1327 121 1327 121 1327 209 1327 123 1327 209 1328 207 1328 123 1328 123 1329 207 1329 125 1329 207 1330 205 1330 125 1330 125 1331 205 1331 127 1331 50 1332 280 1332 48 1332 280 1330 282 1330 48 1330 48 1333 282 1333 46 1333 282 1334 284 1334 46 1334 46 1335 284 1335 44 1335 284 1335 286 1335 44 1335 44 1336 286 1336 42 1336 286 1337 288 1337 42 1337 42 1338 288 1338 40 1338 288 1323 290 1323 40 1323 40 1339 290 1339 38 1339 290 1340 292 1340 38 1340 38 1341 292 1341 36 1341 292 1342 294 1342 36 1342 36 1318 294 1318 34 1318 294 1317 296 1317 34 1317 34 1343 296 1343 32 1343 296 1344 298 1344 32 1344 32 1345 298 1345 30 1345 298 1346 300 1346 30 1346 30 1347 300 1347 28 1347 300 1348 302 1348 28 1348 28 1349 302 1349 26 1349 302 1350 152 1350 26 1350 26 1351 152 1351 24 1351 152 1352 154 1352 24 1352 24 1353 154 1353 22 1353 154 1354 156 1354 22 1354 22 1355 156 1355 20 1355 156 1303 158 1303 20 1303 20 1356 158 1356 18 1356 158 1357 160 1357 18 1357 18 1358 160 1358 16 1358 160 1359 162 1359 16 1359 16 1360 162 1360 14 1360 162 1361 164 1361 14 1361</p>
        </triangles>
      </mesh>
    </geometry>
  </library_geometries>
  <library_visual_scenes>
    <visual_scene id="Scene" name="Scene">
      <node id="chassis_default_as_machined" name="chassis_default_as_machined" type="NODE">
        <matrix sid="transform">1 0 0 0 0 1 0 0 0 0 1 0 0 0 0 1</matrix>
        <instance_geometry url="#chassis_default_as_machined-mesh" name="chassis_default_as_machined"/>
      </node>
    </visual_scene>
  </library_visual_scenes>
  <scene>
    <instance_visual_scene url="#Scene"/>
  </scene>
</COLLADA>