<?xml version="1.0" encoding="utf-8"?>
<COLLADA xmlns="http://www.collada.org/2005/11/COLLADASchema" version="1.4.1" xmlns:xsi="http://www.w3.org/2001/XMLSchema-instance">
  <asset>
    <contributor>
      <author>Blender User</author>
      <authoring_tool>Blender 3.0.1</authoring_tool>
    </contributor>
    <created>2026-06-04T16:18:30</created>
    <modified>2026-06-04T16:18:30</modified>
    <unit name="meter" meter="1"/>
    <up_axis>Z_UP</up_axis>
  </asset>
  <library_images/>
  <library_geometries>
    <geometry id="chassis_default_as_machined__15-mesh" name="chassis_default_as_machined__15">
      <mesh>
        <source id="chassis_default_as_machined__15-mesh-positions">
          <float_array id="chassis_default_as_machined__15-mesh-positions-array" count="3012">-0.5851772 0.02339565 -0.285 -0.5877568 0.02284687 -0.285 -0.5853136 0.02391558 -0.285 -0.5878436 0.0230987 -0.285 -0.5854872 0.0244193 -0.285 -0.5879483 0.02334052 -0.285 -0.5856967 0.02490293 -0.285 -0.5880702 0.02357041 -0.285 -0.5859404 0.02536273 -0.285 -0.5882083 0.02378672 -0.285 -0.5862166 0.02579528 -0.285 -0.5883615 0.02398771 -0.285 -0.5865231 0.02619725 -0.285 -0.6134769 0.02619725 -0.285 -0.6114712 0.02417182 -0.285 -0.6137834 0.02579528 -0.285 -0.6116385 0.02398771 -0.285 -0.6140596 0.02536273 -0.285 -0.6117917 0.02378672 -0.285 -0.6143034 0.02490293 -0.285 -0.6119298 0.02357041 -0.285 -0.6145128 0.0244193 -0.285 -0.6120517 0.02334052 -0.285 -0.6146864 0.02391558 -0.285 -0.6121564 0.0230987 -0.285 -0.6148228 0.02339565 -0.285 -0.6101394 0.02487617 -0.285 -0.610703 0.02793276 -0.285 -0.6104788 0.02797424 -0.285 -0.6100266 0.02489101 -0.285 -0.6102532 0.02800393 -0.285 -0.6099134 0.02489995 -0.285 -0.6100268 0.02802181 -0.285 -0.6098 0.02490293 -0.285 -0.6098 0.02802771 -0.285 -0.5902 0.02490293 -0.285 -0.5902 0.02802771 -0.285 -0.5900866 0.02489995 -0.285 -0.5899732 0.02802181 -0.285 -0.5899734 0.02489101 -0.285 -0.585 0.01499998 -0.285 -0.5876 0.01499998 -0.285 -0.585 0.0217781 -0.285 -0.5876 0.0217781 -0.285 -0.5850198 0.02232277 -0.285 -0.5876099 0.02205044 -0.285 -0.585079 0.02286332 -0.285 -0.5876395 0.02232074 -0.285 -0.5876886 0.02258688 -0.285 -0.5897468 0.02800393 -0.285 -0.5895213 0.02797424 -0.285 -0.5898606 0.02487617 -0.285 -0.5892971 0.02793276 -0.285 -0.5897485 0.02485543 -0.285 -0.5890745 0.02787959 -0.285 -0.5896373 0.02482885 -0.285 -0.5888541 0.0278148 -0.285 -0.5895271 0.02479642 -0.285 -0.5886363 0.02773845 -0.285 -0.5894182 0.02475827 -0.285 -0.6124 0.01499998 -0.285 -0.615 0.01499998 -0.285 -0.6124 0.0217781 -0.285 -0.615 0.0217781 -0.285 -0.6123901 0.02205044 -0.285 -0.6149802 0.02232277 -0.285 -0.6123605 0.02232074 -0.285 -0.614921 0.02286332 -0.285 -0.6123114 0.02258688 -0.285 -0.6122432 0.02284687 -0.285 -0.6109255 0.02787959 -0.285 -0.6102515 0.02485543 -0.285 -0.6111459 0.0278148 -0.285 -0.6103628 0.02482885 -0.285 -0.6113637 0.02773845 -0.285 -0.6104729 0.02479642 -0.285 -0.6115785 0.02765083 -0.285 -0.6105818 0.02475827 -0.285 -0.61179 0.027552 -0.285 -0.6106892 0.02471446 -0.285 -0.6119976 0.02744221 -0.285 -0.6122011 0.02732157 -0.285 -0.610795 0.02466505 -0.285 -0.6124 0.02719044 -0.285 -0.6108988 0.02461016 -0.285 -0.612594 0.027049 -0.285 -0.6110005 0.02454984 -0.285 -0.6127826 0.02689749 -0.285 -0.6111 0.02448427 -0.285 -0.6129656 0.02673625 -0.285 -0.611197 0.02441352 -0.285 -0.6131425 0.02656561 -0.285 -0.6112913 0.02433782 -0.285 -0.6113828 0.02425718 -0.285 -0.5884215 0.02765083 -0.285 -0.5882101 0.027552 -0.285 -0.5893108 0.02471446 -0.285 -0.5880024 0.02744221 -0.285 -0.589205 0.02466505 -0.285 -0.5877989 0.02732157 -0.285 -0.5891012 0.02461016 -0.285 -0.5876 0.02719044 -0.285 -0.5889995 0.02454984 -0.285 -0.587406 0.027049 -0.285 -0.5889 0.02448427 -0.285 -0.5872174 0.02689749 -0.285 -0.588803 0.02441352 -0.285 -0.5870345 0.02673625 -0.285 -0.5887087 0.02433782 -0.285 -0.5868575 0.02656561 -0.285 -0.5886172 0.02425718 -0.285 -0.5885288 0.02417182 -0.285 -0.5892971 0.01499998 -0.2506008 -0.5895213 0.01499998 -0.2505385 -0.5899734 0.01499998 -0.2551634 -0.5900866 0.01499998 -0.25515 -0.5890745 0.01499998 -0.2506806 -0.5898606 0.01499998 -0.2551857 -0.5888541 0.01499998 -0.2507778 -0.6148228 0.01499998 -0.2574065 -0.6121564 0.01499998 -0.2578519 -0.6146864 0.01499998 -0.2566266 -0.6120517 0.01499998 -0.2574892 -0.6145128 0.01499998 -0.255871 -0.6100266 0.01499998 -0.2551634 -0.6099134 0.01499998 -0.25515 -0.6104788 0.01499998 -0.2505385 -0.6098 0.01499998 -0.2551456 -0.6100268 0.01499998 -0.2504673 -0.6102532 0.01499998 -0.250494 -0.5897468 0.01499998 -0.250494 -0.5899732 0.01499998 -0.2504673 -0.5902 0.01499998 -0.2551456 -0.5902 0.01499998 -0.2504584 -0.6098 0.01499998 -0.2504584 -0.5886363 0.01499998 -0.2508922 -0.5897485 0.01499998 -0.2552168 -0.5884215 0.01499998 -0.2510237 -0.5854872 0.01499998 -0.255871 -0.5880702 0.01499998 -0.2571443 -0.5853136 0.01499998 -0.2566266 -0.5879483 0.01499998 -0.2574892 -0.5851772 0.01499998 -0.2574065 -0.610703 0.01499998 -0.2506008 -0.6109255 0.01499998 -0.2506806 -0.6101394 0.01499998 -0.2551857 -0.5882101 0.01499998 -0.251172 -0.5896373 0.01499998 -0.2552567 -0.5880024 0.01499998 -0.2513366 -0.6111459 0.01499998 -0.2507778 -0.6113637 0.01499998 -0.2508922 -0.6102515 0.01499998 -0.2552168 -0.6149802 0.01499998 -0.2590157 -0.6123605 0.01499998 -0.2590188 -0.614921 0.01499998 -0.2582049 -0.6123114 0.01499998 -0.2586197 -0.6122432 0.01499998 -0.2582297 -0.6119298 0.01499998 -0.2571443 -0.6117917 0.01499998 -0.2568199 -0.6143034 0.01499998 -0.2551456 -0.6116385 0.01499998 -0.2565184 -0.6140596 0.01499998 -0.2544558 -0.6114712 0.01499998 -0.2562422 -0.6137834 0.01499998 -0.253807 -0.6115785 0.01499998 -0.2510237 -0.61179 0.01499998 -0.251172 -0.6103628 0.01499998 -0.2552567 -0.6119976 0.01499998 -0.2513366 -0.6104729 0.01499998 -0.2553053 -0.5878436 0.01499998 -0.2578519 -0.5877568 0.01499998 -0.2582297 -0.585079 0.01499998 -0.2582049 -0.5876886 0.01499998 -0.2586197 -0.5850198 0.01499998 -0.2590157 -0.5877989 0.01499998 -0.2515175 -0.5895271 0.01499998 -0.2553053 -0.5876 0.01499998 -0.2517143 -0.5894182 0.01499998 -0.2553625 -0.587406 0.01499998 -0.2519265 -0.615 0.01499998 -0.2598328 -0.6124 0.01499998 -0.2598328 -0.6123901 0.01499998 -0.2594243 -0.5872174 0.01499998 -0.2521537 -0.5893108 0.01499998 -0.2554283 -0.5868575 0.01499998 -0.2526516 -0.5876 0.01499998 -0.2598328 -0.585 0.01499998 -0.2598328 -0.5876099 0.01499998 -0.2594243 -0.5876395 0.01499998 -0.2590188 -0.6122011 0.01499998 -0.2515175 -0.6124 0.01499998 -0.2517143 -0.6105818 0.01499998 -0.2553625 -0.612594 0.01499998 -0.2519265 -0.6106892 0.01499998 -0.2554283 -0.6127826 0.01499998 -0.2521537 -0.610795 0.01499998 -0.2555024 -0.6131425 0.01499998 -0.2526516 -0.589205 0.01499998 -0.2555024 -0.5891012 0.01499998 -0.2555847 -0.5865231 0.01499998 -0.2532041 -0.6134769 0.01499998 -0.2532041 -0.6110005 0.01499998 -0.2556752 -0.6108988 0.01499998 -0.2555847 -0.5889995 0.01499998 -0.2556752 -0.5889 0.01499998 -0.2557736 -0.5862166 0.01499998 -0.253807 -0.588803 0.01499998 -0.2558797 -0.5887087 0.01499998 -0.2559933 -0.5859404 0.01499998 -0.2544558 -0.5885288 0.01499998 -0.2562422 -0.5856967 0.01499998 -0.2551456 -0.5883615 0.01499998 -0.2565184 -0.5882083 0.01499998 -0.2568199 -0.6112913 0.01499998 -0.2559933 -0.611197 0.01499998 -0.2558797 -0.6111 0.01499998 -0.2557736 -0.6098 0.185 -1.45582e-4 -0.6142557 0.185 0 -0.5857443 0.185 0 -0.6099134 0.185 -1.50043e-4 -0.6100266 0.185 -1.63418e-4 -0.6101394 0.185 -1.85682e-4 -0.6114712 0.185 -0.00124216 -0.6116385 0.185 -0.001518428 -0.5899734 0.185 -1.63418e-4 -0.5900866 0.185 -1.50043e-4 -0.5902 0.185 -1.45582e-4 -0.6102515 0.185 -2.16791e-4 -0.6103628 0.185 -2.56688e-4 -0.6104729 0.185 -3.05295e-4 -0.5892971 0.185 -0.04939919 -0.5895213 0.185 -0.04946142 -0.5899734 0.185 -0.04483658 -0.5900866 0.185 -0.04484993 -0.5890745 0.185 -0.04931938 -0.5898606 0.185 -0.04481428 -0.5888541 0.185 -0.04922217 -0.6100266 0.185 -0.04483658 -0.6099134 0.185 -0.04484993 -0.6104788 0.185 -0.04946142 -0.6098 0.185 -0.0448544 -0.6100268 0.185 -0.04953271 -0.6102532 0.185 -0.04950594 -0.5897468 0.185 -0.04950594 -0.5899732 0.185 -0.04953271 -0.5902 0.185 -0.0448544 -0.5902 0.185 -0.04954159 -0.6098 0.185 -0.04954159 -0.5886363 0.185 -0.04910773 -0.5897485 0.185 -0.04478317 -0.5884215 0.185 -0.04897624 -0.5896373 0.185 -2.56688e-4 -0.5897485 0.185 -2.16791e-4 -0.5898606 0.185 -1.85682e-4 -0.610703 0.185 -0.04939919 -0.6109255 0.185 -0.04931938 -0.6101394 0.185 -0.04481428 -0.5882101 0.185 -0.048828 -0.5896373 0.185 -0.04474329 -0.5880024 0.185 -0.04866331 -0.6105818 0.185 -3.62521e-4 -0.6106892 0.185 -4.28256e-4 -0.610795 0.185 -5.02375e-4 -0.6111459 0.185 -0.04922217 -0.6113637 0.185 -0.04910773 -0.6102515 0.185 -0.04478317 -0.6143041 0.185 -1.4782e-4 -0.6117917 0.185 -0.001819908 -0.6145128 0.185 -8.70992e-4 -0.6119298 0.185 -0.002144277 -0.6146864 0.185 -0.001626551 -0.6120517 0.185 -0.002489149 -0.6148228 0.185 -0.002406477 -0.6145128 0.185 -0.04412895 -0.6117917 0.185 -0.04318004 -0.6143034 0.185 -0.0448544 -0.6116385 0.185 -0.04348152 -0.6140596 0.185 -0.04554414 -0.6114712 0.185 -0.04375779 -0.6137834 0.185 -0.04619294 -0.6115785 0.185 -0.04897624 -0.61179 0.185 -0.048828 -0.6103628 0.185 -0.04474329 -0.6119976 0.185 -0.04866331 -0.6104729 0.185 -0.04469466 -0.5854872 0.185 -8.70992e-4 -0.5882083 0.185 -0.001819908 -0.5856959 0.185 -1.4782e-4 -0.5883615 0.185 -0.001518428 -0.5885288 0.185 -0.00124216 -0.5887087 0.185 -9.93256e-4 -0.5877989 0.185 -0.04848241 -0.5895271 0.185 -0.04469466 -0.5876 0.185 -0.04828566 -0.5894182 0.185 -0.04463744 -0.587406 0.185 -0.04807347 -0.5893108 0.185 -4.28256e-4 -0.5894182 0.185 -3.62521e-4 -0.5895271 0.185 -3.05295e-4 -0.6108988 0.185 -5.84738e-4 -0.6110005 0.185 -6.75187e-4 -0.6111 0.185 -7.7355e-4 -0.6148228 0.185 -0.04259347 -0.6121564 0.185 -0.04214805 -0.6146864 0.185 -0.0433734 -0.6120517 0.185 -0.0425108 -0.6119298 0.185 -0.04285567 -0.5872174 0.185 -0.04784625 -0.5893108 0.185 -0.04457169 -0.5868575 0.185 -0.04734838 -0.611197 0.185 -8.7964e-4 -0.6112913 0.185 -9.93256e-4 -0.5854872 0.185 -0.04412895 -0.5880702 0.185 -0.04285567 -0.5853136 0.185 -0.0433734 -0.5879483 0.185 -0.0425108 -0.5851772 0.185 -0.04259347 -0.5851772 0.185 -0.002406477 -0.5878436 0.185 -0.002851843 -0.5853136 0.185 -0.001626551 -0.5879483 0.185 -0.002489149 -0.5880702 0.185 -0.002144277 -0.6122011 0.185 -0.04848241 -0.6124 0.185 -0.04828566 -0.6105818 0.185 -0.04463744 -0.612594 0.185 -0.04807347 -0.6106892 0.185 -0.04457169 -0.6127826 0.185 -0.04784625 -0.610795 0.185 -0.0444976 -0.6131425 0.185 -0.04734838 -0.589205 0.185 -0.0444976 -0.5891012 0.185 -0.04441523 -0.5865231 0.185 -0.0467959 -0.5889995 0.185 -6.75187e-4 -0.5891012 0.185 -5.84738e-4 -0.589205 0.185 -5.02375e-4 -0.6121564 0.185 -0.002851843 -0.6122432 0.185 -0.003229618 -0.614921 0.185 -0.003204941 -0.6123114 0.185 -0.003619611 -0.6149802 0.185 -0.004015743 -0.6134769 0.185 -0.0467959 -0.6110005 0.185 -0.04432481 -0.6108988 0.185 -0.04441523 -0.5889995 0.185 -0.04432481 -0.5889 0.185 -0.0442264 -0.5862166 0.185 -0.04619294 -0.588803 0.185 -0.04412031 -0.5887087 0.185 -0.0440067 -0.5859404 0.185 -0.04554414 -0.5885288 0.185 -0.04375779 -0.5856967 0.185 -0.0448544 -0.5883615 0.185 -0.04348152 -0.5882083 0.185 -0.04318004 -0.588803 0.185 -8.7964e-4 -0.5889 0.185 -7.7355e-4 -0.6149802 0.185 -0.04098421 -0.6123605 0.185 -0.04098111 -0.614921 0.185 -0.04179501 -0.6123114 0.185 -0.04138034 -0.6122432 0.185 -0.04177027 -0.6112913 0.185 -0.0440067 -0.611197 0.185 -0.04412031 -0.6111 0.185 -0.0442264 -0.5878436 0.185 -0.04214805 -0.5877568 0.185 -0.04177027 -0.585079 0.185 -0.04179501 -0.5876886 0.185 -0.04138034 -0.5850198 0.185 -0.04098421 -0.5850198 0.185 -0.004015743 -0.5876395 0.185 -0.004018843 -0.585079 0.185 -0.003204941 -0.5876886 0.185 -0.003619611 -0.5877568 0.185 -0.003229618 -0.6123605 0.185 -0.004018843 -0.6123901 0.185 -0.004424273 -0.615 0.185 -0.004832744 -0.6124 0.185 -0.004832744 -0.615 0.185 -0.04016715 -0.6124 0.185 -0.04016715 -0.6123901 0.185 -0.04057568 -0.5876395 0.185 -0.04098111 -0.5876099 0.185 -0.04057568 -0.585 0.185 -0.04016715 -0.5876 0.185 -0.04016715 -0.585 0.185 -0.004832744 -0.5876 0.185 -0.004832744 -0.5876099 0.185 -0.004424273 -0.5859404 0.1846372 0 -0.5902 0.1819722 0 -0.6098 0.1819722 0 -0.6129656 0.1832637 0 -0.6127826 0.1831024 0 -0.612594 0.182951 0 -0.587406 0.182951 0 -0.5872174 0.1831024 0 -0.5870345 0.1832637 0 -0.5868575 0.1834344 0 -0.6140596 0.1846372 0 -0.6137834 0.1842046 0 -0.6134769 0.1838027 0 -0.6131425 0.1834344 0 -0.6124 0.1828095 0 -0.6122011 0.1826784 0 -0.6119976 0.1825578 0 -0.5880024 0.1825578 0 -0.5877989 0.1826784 0 -0.5876 0.1828095 0 -0.5865231 0.1838027 0 -0.5862166 0.1842046 0 -0.61179 0.1824479 0 -0.6115785 0.1823491 0 -0.6113637 0.1822615 0 -0.5886363 0.1822615 0 -0.5884215 0.1823491 0 -0.5882101 0.1824479 0 -0.6111459 0.1821852 0 -0.6109255 0.1821203 0 -0.610703 0.1820672 0 -0.5892971 0.1820672 0 -0.5890745 0.1821203 0 -0.5888541 0.1821852 0 -0.6104788 0.1820257 0 -0.6102532 0.181996 0 -0.6100268 0.1819782 0 -0.5899732 0.1819782 0 -0.5897468 0.181996 0 -0.5895213 0.1820257 0 -0.585 0.1664484 -0.05632728 -0.5876 0.1664484 -0.05632728 -0.585 0.1664332 -0.05667591 -0.5876 0.1664332 -0.05667591 -0.585 0.1663877 -0.05702185 -0.5876 0.1663877 -0.05702185 -0.585 0.1663122 -0.05736255 -0.5876 0.1663122 -0.05736255 -0.585 0.1662072 -0.05769532 -0.5876 0.1662072 -0.05769532 -0.585 0.1660737 -0.05801773 -0.5876 0.1660737 -0.05801773 -0.585 0.1659125 -0.05832725 -0.5876 0.1659125 -0.05832725 -0.585 0.1657251 -0.05862158 -0.5876 0.1657251 -0.05862158 -0.585 0.1655126 -0.05889844 -0.5876 0.1655126 -0.05889844 -0.585 0.1652769 -0.0591557 -0.5876 0.1652769 -0.0591557 -0.585 0.1650196 -0.05939143 -0.5876 0.1650196 -0.05939143 -0.585 0.1647428 -0.05960386 -0.5876 0.1647428 -0.05960386 -0.585 0.1644484 -0.05979138 -0.5876 0.1644484 -0.05979138 -0.585 0.1641389 -0.05995249 -0.5876 0.1641389 -0.05995249 -0.585 0.1638165 -0.06008601 -0.5876 0.1638165 -0.06008601 -0.585 0.1634837 -0.06019097 -0.5876 0.1634837 -0.06019097 -0.585 0.163143 -0.06026649 -0.5876 0.163143 -0.06026649 -0.585 0.162797 -0.06031203 -0.5876 0.162797 -0.06031203 -0.585 0.1624484 -0.06032729 -0.5876 0.1624484 -0.06032729 -0.585 0.1620998 -0.06031203 -0.5876 0.1620998 -0.06031203 -0.585 0.1617538 -0.06026649 -0.5876 0.1617538 -0.06026649 -0.585 0.1614131 -0.06019097 -0.5876 0.1614131 -0.06019097 -0.585 0.1610804 -0.06008601 -0.5876 0.1610804 -0.06008601 -0.585 0.160758 -0.05995249 -0.5876 0.160758 -0.05995249 -0.585 0.1604484 -0.05979138 -0.5876 0.1604484 -0.05979138 -0.585 0.1601541 -0.05960386 -0.5876 0.1601541 -0.05960386 -0.585 0.1598773 -0.05939143 -0.5876 0.1598773 -0.05939143 -0.585 0.15962 -0.0591557 -0.5876 0.15962 -0.0591557 -0.585 0.1593843 -0.05889844 -0.5876 0.1593843 -0.05889844 -0.585 0.1591718 -0.05862158 -0.5876 0.1591718 -0.05862158 -0.585 0.1589843 -0.05832725 -0.5876 0.1589843 -0.05832725 -0.585 0.1588232 -0.05801773 -0.5876 0.1588232 -0.05801773 -0.585 0.1586897 -0.05769532 -0.5876 0.1586897 -0.05769532 -0.585 0.1585847 -0.05736255 -0.5876 0.1585847 -0.05736255 -0.585 0.1585092 -0.05702185 -0.5876 0.1585092 -0.05702185 -0.585 0.1584637 -0.05667591 -0.5876 0.1584637 -0.05667591 -0.585 0.1584485 -0.05632728 -0.5876 0.1584485 -0.05632728 -0.585 0.1584637 -0.05597865 -0.5876 0.1584637 -0.05597865 -0.585 0.1585092 -0.05563265 -0.5876 0.1585092 -0.05563265 -0.585 0.1585847 -0.05529201 -0.5876 0.1585847 -0.05529201 -0.585 0.1586897 -0.05495917 -0.5876 0.1586897 -0.05495917 -0.585 0.1588232 -0.05463677 -0.5876 0.1588232 -0.05463677 -0.585 0.1589843 -0.05432724 -0.5876 0.1589843 -0.05432724 -0.585 0.1591718 -0.05403298 -0.5876 0.1591718 -0.05403298 -0.585 0.1593843 -0.05375611 -0.5876 0.1593843 -0.05375611 -0.585 0.15962 -0.05349886 -0.5876 0.15962 -0.05349886 -0.585 0.1598773 -0.05326306 -0.5876 0.1598773 -0.05326306 -0.585 0.1601541 -0.05305063 -0.5876 0.1601541 -0.05305063 -0.585 0.1604484 -0.05286318 -0.5876 0.1604484 -0.05286318 -0.585 0.160758 -0.052702 -0.5876 0.160758 -0.052702 -0.585 0.1610804 -0.05256849 -0.5876 0.1610804 -0.05256849 -0.585 0.1614131 -0.05246359 -0.5876 0.1614131 -0.05246359 -0.585 0.1617538 -0.05238801 -0.5876 0.1617538 -0.05238801 -0.585 0.1620998 -0.05234247 -0.5876 0.1620998 -0.05234247 -0.585 0.1624484 -0.05232727 -0.5876 0.1624484 -0.05232727 -0.585 0.162797 -0.05234247 -0.5876 0.162797 -0.05234247 -0.585 0.163143 -0.05238801 -0.5876 0.163143 -0.05238801 -0.585 0.1634837 -0.05246359 -0.5876 0.1634837 -0.05246359 -0.585 0.1638165 -0.05256849 -0.5876 0.1638165 -0.05256849 -0.585 0.1641389 -0.052702 -0.5876 0.1641389 -0.052702 -0.585 0.1644484 -0.05286318 -0.5876 0.1644484 -0.05286318 -0.585 0.1647428 -0.05305063 -0.5876 0.1647428 -0.05305063 -0.585 0.1650196 -0.05326306 -0.5876 0.1650196 -0.05326306 -0.585 0.1652769 -0.05349886 -0.5876 0.1652769 -0.05349886 -0.585 0.1655126 -0.05375611 -0.5876 0.1655126 -0.05375611 -0.585 0.1657251 -0.05403298 -0.5876 0.1657251 -0.05403298 -0.585 0.1659125 -0.05432724 -0.5876 0.1659125 -0.05432724 -0.585 0.1660737 -0.05463677 -0.5876 0.1660737 -0.05463677 -0.585 0.1662072 -0.05495917 -0.5876 0.1662072 -0.05495917 -0.585 0.1663122 -0.05529201 -0.5876 0.1663122 -0.05529201 -0.585 0.1663877 -0.05563265 -0.5876 0.1663877 -0.05563265 -0.585 0.1664332 -0.05597865 -0.5876 0.1664332 -0.05597865 -0.6124 0.1553544 -0.0729683 -0.615 0.1553544 -0.0729683 -0.6124 0.1553392 -0.07331693 -0.615 0.1553392 -0.07331693 -0.6124 0.1552937 -0.07366287 -0.615 0.1552937 -0.07366287 -0.6124 0.1552181 -0.07400357 -0.615 0.1552181 -0.07400357 -0.6124 0.1551132 -0.07433634 -0.615 0.1551132 -0.07433634 -0.6124 0.1549797 -0.07465875 -0.615 0.1549797 -0.07465875 -0.6124 0.1548185 -0.07496827 -0.615 0.1548185 -0.07496827 -0.6124 0.154631 -0.0752626 -0.615 0.154631 -0.0752626 -0.6124 0.1544186 -0.07553941 -0.615 0.1544186 -0.07553941 -0.6124 0.1541829 -0.07579672 -0.615 0.1541829 -0.07579672 -0.6124 0.1539256 -0.07603245 -0.615 0.1539256 -0.07603245 -0.6124 0.1536487 -0.07624489 -0.615 0.1536487 -0.07624489 -0.6124 0.1533544 -0.0764324 -0.615 0.1533544 -0.0764324 -0.6124 0.1530449 -0.07659351 -0.615 0.1530449 -0.07659351 -0.6124 0.1527225 -0.07672703 -0.615 0.1527225 -0.07672703 -0.6124 0.1523897 -0.07683199 -0.615 0.1523897 -0.07683199 -0.6124 0.152049 -0.07690751 -0.615 0.152049 -0.07690751 -0.6124 0.1517031 -0.07695305 -0.615 0.1517031 -0.07695305 -0.6124 0.1513544 -0.07696825 -0.615 0.1513544 -0.07696825 -0.6124 0.1510058 -0.07695305 -0.615 0.1510058 -0.07695305 -0.6124 0.1506599 -0.07690751 -0.615 0.1506599 -0.07690751 -0.6124 0.1503192 -0.07683199 -0.615 0.1503192 -0.07683199 -0.6124 0.1499863 -0.07672703 -0.615 0.1499863 -0.07672703 -0.6124 0.149664 -0.07659351 -0.615 0.149664 -0.07659351 -0.6124 0.1493545 -0.0764324 -0.615 0.1493545 -0.0764324 -0.6124 0.1490601 -0.07624489 -0.615 0.1490601 -0.07624489 -0.6124 0.1487833 -0.07603245 -0.615 0.1487833 -0.07603245 -0.6124 0.148526 -0.07579672 -0.615 0.148526 -0.07579672 -0.6124 0.1482903 -0.07553941 -0.615 0.1482903 -0.07553941 -0.6124 0.1480779 -0.0752626 -0.615 0.1480779 -0.0752626 -0.6124 0.1478903 -0.07496827 -0.615 0.1478903 -0.07496827 -0.6124 0.1477292 -0.07465875 -0.615 0.1477292 -0.07465875 -0.6124 0.1475957 -0.07433634 -0.615 0.1475957 -0.07433634 -0.6124 0.1474907 -0.07400357 -0.615 0.1474907 -0.07400357 -0.6124 0.1474152 -0.07366287 -0.615 0.1474152 -0.07366287 -0.6124 0.1473696 -0.07331693 -0.615 0.1473696 -0.07331693 -0.6124 0.1473544 -0.0729683 -0.615 0.1473544 -0.0729683 -0.6124 0.1473696 -0.07261967 -0.615 0.1473696 -0.07261967 -0.6124 0.1474152 -0.07227367 -0.615 0.1474152 -0.07227367 -0.6124 0.1474907 -0.07193303 -0.615 0.1474907 -0.07193303 -0.6124 0.1475957 -0.07160019 -0.615 0.1475957 -0.07160019 -0.6124 0.1477292 -0.07127779 -0.615 0.1477292 -0.07127779 -0.6124 0.1478903 -0.07096827 -0.615 0.1478903 -0.07096827 -0.6124 0.1480779 -0.070674 -0.615 0.1480779 -0.070674 -0.6124 0.1482903 -0.07039713 -0.615 0.1482903 -0.07039713 -0.6124 0.148526 -0.07013982 -0.615 0.148526 -0.07013982 -0.6124 0.1487833 -0.06990408 -0.615 0.1487833 -0.06990408 -0.6124 0.1490601 -0.06969165 -0.615 0.1490601 -0.06969165 -0.6124 0.1493545 -0.0695042 -0.615 0.1493545 -0.0695042 -0.6124 0.149664 -0.06934303 -0.615 0.149664 -0.06934303 -0.6124 0.1499863 -0.06920951 -0.615 0.1499863 -0.06920951 -0.6124 0.1503192 -0.06910455 -0.615 0.1503192 -0.06910455 -0.6124 0.1506599 -0.06902903 -0.615 0.1506599 -0.06902903 -0.6124 0.1510058 -0.06898349 -0.615 0.1510058 -0.06898349 -0.6124 0.1513544 -0.06896829 -0.615 0.1513544 -0.06896829 -0.6124 0.1517031 -0.06898349 -0.615 0.1517031 -0.06898349 -0.6124 0.152049 -0.06902903 -0.615 0.152049 -0.06902903 -0.6124 0.1523897 -0.06910455 -0.615 0.1523897 -0.06910455 -0.6124 0.1527225 -0.06920951 -0.615 0.1527225 -0.06920951 -0.6124 0.1530449 -0.06934303 -0.615 0.1530449 -0.06934303 -0.6124 0.1533544 -0.0695042 -0.615 0.1533544 -0.0695042 -0.6124 0.1536487 -0.06969165 -0.615 0.1536487 -0.06969165 -0.6124 0.1539256 -0.06990408 -0.615 0.1539256 -0.06990408 -0.6124 0.1541829 -0.07013982 -0.615 0.1541829 -0.07013982 -0.6124 0.1544186 -0.07039713 -0.615 0.1544186 -0.07039713 -0.6124 0.154631 -0.070674 -0.615 0.154631 -0.070674 -0.6124 0.1548185 -0.07096827 -0.615 0.1548185 -0.07096827 -0.6124 0.1549797 -0.07127779 -0.615 0.1549797 -0.07127779 -0.6124 0.1551132 -0.07160019 -0.615 0.1551132 -0.07160019 -0.6124 0.1552181 -0.07193303 -0.615 0.1552181 -0.07193303 -0.6124 0.1552937 -0.07227367 -0.615 0.1552937 -0.07227367 -0.6124 0.1553392 -0.07261967 -0.615 0.1553392 -0.07261967 -0.585 0.1553544 -0.0729683 -0.5876 0.1553544 -0.0729683 -0.585 0.1553392 -0.07331693 -0.5876 0.1553392 -0.07331693 -0.585 0.1552937 -0.07366287 -0.5876 0.1552937 -0.07366287 -0.585 0.1552181 -0.07400357 -0.5876 0.1552181 -0.07400357 -0.585 0.1551132 -0.07433634 -0.5876 0.1551132 -0.07433634 -0.585 0.1549797 -0.07465875 -0.5876 0.1549797 -0.07465875 -0.585 0.1548185 -0.07496827 -0.5876 0.1548185 -0.07496827 -0.585 0.154631 -0.0752626 -0.5876 0.154631 -0.0752626 -0.585 0.1544186 -0.07553941 -0.5876 0.1544186 -0.07553941 -0.585 0.1541829 -0.07579672 -0.5876 0.1541829 -0.07579672 -0.585 0.1539256 -0.07603245 -0.5876 0.1539256 -0.07603245 -0.585 0.1536487 -0.07624489 -0.5876 0.1536487 -0.07624489 -0.585 0.1533544 -0.0764324 -0.5876 0.1533544 -0.0764324 -0.585 0.1530449 -0.07659351 -0.5876 0.1530449 -0.07659351 -0.585 0.1527225 -0.07672703 -0.5876 0.1527225 -0.07672703 -0.585 0.1523897 -0.07683199 -0.5876 0.1523897 -0.07683199 -0.585 0.152049 -0.07690751 -0.5876 0.152049 -0.07690751 -0.585 0.1517031 -0.07695305 -0.5876 0.1517031 -0.07695305 -0.585 0.1513544 -0.07696825 -0.5876 0.1513544 -0.07696825 -0.585 0.1510058 -0.07695305 -0.5876 0.1510058 -0.07695305 -0.585 0.1506599 -0.07690751 -0.5876 0.1506599 -0.07690751 -0.585 0.1503192 -0.07683199 -0.5876 0.1503192 -0.07683199 -0.585 0.1499863 -0.07672703 -0.5876 0.1499863 -0.07672703 -0.585 0.149664 -0.07659351 -0.5876 0.149664 -0.07659351 -0.585 0.1493545 -0.0764324 -0.5876 0.1493545 -0.0764324 -0.585 0.1490601 -0.07624489 -0.5876 0.1490601 -0.07624489 -0.585 0.1487833 -0.07603245 -0.5876 0.1487833 -0.07603245 -0.585 0.148526 -0.07579672 -0.5876 0.148526 -0.07579672 -0.585 0.1482903 -0.07553941 -0.5876 0.1482903 -0.07553941 -0.585 0.1480779 -0.0752626 -0.5876 0.1480779 -0.0752626 -0.585 0.1478903 -0.07496827 -0.5876 0.1478903 -0.07496827 -0.585 0.1477292 -0.07465875 -0.5876 0.1477292 -0.07465875 -0.585 0.1475957 -0.07433634 -0.5876 0.1475957 -0.07433634 -0.585 0.1474907 -0.07400357 -0.5876 0.1474907 -0.07400357 -0.585 0.1474152 -0.07366287 -0.5876 0.1474152 -0.07366287 -0.585 0.1473696 -0.07331693 -0.5876 0.1473696 -0.07331693 -0.585 0.1473544 -0.0729683 -0.5876 0.1473544 -0.0729683 -0.585 0.1473696 -0.07261967 -0.5876 0.1473696 -0.07261967 -0.585 0.1474152 -0.07227367 -0.5876 0.1474152 -0.07227367 -0.585 0.1474907 -0.07193303 -0.5876 0.1474907 -0.07193303 -0.585 0.1475957 -0.07160019 -0.5876 0.1475957 -0.07160019 -0.585 0.1477292 -0.07127779 -0.5876 0.1477292 -0.07127779 -0.585 0.1478903 -0.07096827 -0.5876 0.1478903 -0.07096827 -0.585 0.1480779 -0.070674 -0.5876 0.1480779 -0.070674 -0.585 0.1482903 -0.07039713 -0.5876 0.1482903 -0.07039713 -0.585 0.148526 -0.07013982 -0.5876 0.148526 -0.07013982 -0.585 0.1487833 -0.06990408 -0.5876 0.1487833 -0.06990408 -0.585 0.1490601 -0.06969165 -0.5876 0.1490601 -0.06969165 -0.585 0.1493545 -0.0695042 -0.5876 0.1493545 -0.0695042 -0.585 0.149664 -0.06934303 -0.5876 0.149664 -0.06934303 -0.585 0.1499863 -0.06920951 -0.5876 0.1499863 -0.06920951 -0.585 0.1503192 -0.06910455 -0.5876 0.1503192 -0.06910455 -0.585 0.1506599 -0.06902903 -0.5876 0.1506599 -0.06902903 -0.585 0.1510058 -0.06898349 -0.5876 0.1510058 -0.06898349 -0.585 0.1513544 -0.06896829 -0.5876 0.1513544 -0.06896829 -0.585 0.1517031 -0.06898349 -0.5876 0.1517031 -0.06898349 -0.585 0.152049 -0.06902903 -0.5876 0.152049 -0.06902903 -0.585 0.1523897 -0.06910455 -0.5876 0.1523897 -0.06910455 -0.585 0.1527225 -0.06920951 -0.5876 0.1527225 -0.06920951 -0.585 0.1530449 -0.06934303 -0.5876 0.1530449 -0.06934303 -0.585 0.1533544 -0.0695042 -0.5876 0.1533544 -0.0695042 -0.585 0.1536487 -0.06969165 -0.5876 0.1536487 -0.06969165 -0.585 0.1539256 -0.06990408 -0.5876 0.1539256 -0.06990408 -0.585 0.1541829 -0.07013982 -0.5876 0.1541829 -0.07013982 -0.585 0.1544186 -0.07039713 -0.5876 0.1544186 -0.07039713 -0.585 0.154631 -0.070674 -0.5876 0.154631 -0.070674 -0.585 0.1548185 -0.07096827 -0.5876 0.1548185 -0.07096827 -0.585 0.1549797 -0.07127779 -0.5876 0.1549797 -0.07127779 -0.585 0.1551132 -0.07160019 -0.5876 0.1551132 -0.07160019 -0.585 0.1552181 -0.07193303 -0.5876 0.1552181 -0.07193303 -0.585 0.1552937 -0.07227367 -0.5876 0.1552937 -0.07227367 -0.585 0.1553392 -0.07261967 -0.5876 0.1553392 -0.07261967 -0.6124 0.1664484 -0.05632728 -0.615 0.1664484 -0.05632728 -0.6124 0.1664332 -0.05667591 -0.615 0.1664332 -0.05667591 -0.6124 0.1663877 -0.05702185 -0.615 0.1663877 -0.05702185 -0.6124 0.1663122 -0.05736255 -0.615 0.1663122 -0.05736255 -0.6124 0.1662072 -0.05769532 -0.615 0.1662072 -0.05769532 -0.6124 0.1660737 -0.05801773 -0.615 0.1660737 -0.05801773 -0.6124 0.1659125 -0.05832725 -0.615 0.1659125 -0.05832725 -0.6124 0.1657251 -0.05862158 -0.615 0.1657251 -0.05862158 -0.6124 0.1655126 -0.05889844 -0.615 0.1655126 -0.05889844 -0.6124 0.1652769 -0.0591557 -0.615 0.1652769 -0.0591557 -0.6124 0.1650196 -0.05939143 -0.615 0.1650196 -0.05939143 -0.6124 0.1647428 -0.05960386 -0.615 0.1647428 -0.05960386 -0.6124 0.1644484 -0.05979138 -0.615 0.1644484 -0.05979138 -0.6124 0.1641389 -0.05995249 -0.615 0.1641389 -0.05995249 -0.6124 0.1638165 -0.06008601 -0.615 0.1638165 -0.06008601 -0.6124 0.1634837 -0.06019097 -0.615 0.1634837 -0.06019097 -0.6124 0.163143 -0.06026649 -0.615 0.163143 -0.06026649 -0.6124 0.162797 -0.06031203 -0.615 0.162797 -0.06031203 -0.6124 0.1624484 -0.06032729 -0.615 0.1624484 -0.06032729 -0.6124 0.1620998 -0.06031203 -0.615 0.1620998 -0.06031203 -0.6124 0.1617538 -0.06026649 -0.615 0.1617538 -0.06026649 -0.6124 0.1614131 -0.06019097 -0.615 0.1614131 -0.06019097 -0.6124 0.1610804 -0.06008601 -0.615 0.1610804 -0.06008601 -0.6124 0.160758 -0.05995249 -0.615 0.160758 -0.05995249 -0.6124 0.1604484 -0.05979138 -0.615 0.1604484 -0.05979138 -0.6124 0.1601541 -0.05960386 -0.615 0.1601541 -0.05960386 -0.6124 0.1598773 -0.05939143 -0.615 0.1598773 -0.05939143 -0.6124 0.15962 -0.0591557 -0.615 0.15962 -0.0591557 -0.6124 0.1593843 -0.05889844 -0.615 0.1593843 -0.05889844 -0.6124 0.1591718 -0.05862158 -0.615 0.1591718 -0.05862158 -0.6124 0.1589843 -0.05832725 -0.615 0.1589843 -0.05832725 -0.6124 0.1588232 -0.05801773 -0.615 0.1588232 -0.05801773 -0.6124 0.1586897 -0.05769532 -0.615 0.1586897 -0.05769532 -0.6124 0.1585847 -0.05736255 -0.615 0.1585847 -0.05736255 -0.6124 0.1585092 -0.05702185 -0.615 0.1585092 -0.05702185 -0.6124 0.1584637 -0.05667591 -0.615 0.1584637 -0.05667591 -0.6124 0.1584485 -0.05632728 -0.615 0.1584485 -0.05632728 -0.6124 0.1584637 -0.05597865 -0.615 0.1584637 -0.05597865 -0.6124 0.1585092 -0.05563265 -0.615 0.1585092 -0.05563265 -0.6124 0.1585847 -0.05529201 -0.615 0.1585847 -0.05529201 -0.6124 0.1586897 -0.05495917 -0.615 0.1586897 -0.05495917 -0.6124 0.1588232 -0.05463677 -0.615 0.1588232 -0.05463677 -0.6124 0.1589843 -0.05432724 -0.615 0.1589843 -0.05432724 -0.6124 0.1591718 -0.05403298 -0.615 0.1591718 -0.05403298 -0.6124 0.1593843 -0.05375611 -0.615 0.1593843 -0.05375611 -0.6124 0.15962 -0.05349886 -0.615 0.15962 -0.05349886 -0.6124 0.1598773 -0.05326306 -0.615 0.1598773 -0.05326306 -0.6124 0.1601541 -0.05305063 -0.615 0.1601541 -0.05305063 -0.6124 0.1604484 -0.05286318 -0.615 0.1604484 -0.05286318 -0.6124 0.160758 -0.052702 -0.615 0.160758 -0.052702 -0.6124 0.1610804 -0.05256849 -0.615 0.1610804 -0.05256849 -0.6124 0.1614131 -0.05246359 -0.615 0.1614131 -0.05246359 -0.6124 0.1617538 -0.05238801 -0.615 0.1617538 -0.05238801 -0.6124 0.1620998 -0.05234247 -0.615 0.1620998 -0.05234247 -0.6124 0.1624484 -0.05232727 -0.615 0.1624484 -0.05232727 -0.6124 0.162797 -0.05234247 -0.615 0.162797 -0.05234247 -0.6124 0.163143 -0.05238801 -0.615 0.163143 -0.05238801 -0.6124 0.1634837 -0.05246359 -0.615 0.1634837 -0.05246359 -0.6124 0.1638165 -0.05256849 -0.615 0.1638165 -0.05256849 -0.6124 0.1641389 -0.052702 -0.615 0.1641389 -0.052702 -0.6124 0.1644484 -0.05286318 -0.615 0.1644484 -0.05286318 -0.6124 0.1647428 -0.05305063 -0.615 0.1647428 -0.05305063 -0.6124 0.1650196 -0.05326306 -0.615 0.1650196 -0.05326306 -0.6124 0.1652769 -0.05349886 -0.615 0.1652769 -0.05349886 -0.6124 0.1655126 -0.05375611 -0.615 0.1655126 -0.05375611 -0.6124 0.1657251 -0.05403298 -0.615 0.1657251 -0.05403298 -0.6124 0.1659125 -0.05432724 -0.615 0.1659125 -0.05432724 -0.6124 0.1660737 -0.05463677 -0.615 0.1660737 -0.05463677 -0.6124 0.1662072 -0.05495917 -0.615 0.1662072 -0.05495917 -0.6124 0.1663122 -0.05529201 -0.615 0.1663122 -0.05529201 -0.6124 0.1663877 -0.05563265 -0.615 0.1663877 -0.05563265 -0.6124 0.1664332 -0.05597865 -0.615 0.1664332 -0.05597865</float_array>
          <technique_common>
            <accessor source="#chassis_default_as_machined__15-mesh-positions-array" count="1004" stride="3">
              <param name="X" type="float"/>
              <param name="Y" type="float"/>
              <param name="Z" type="float"/>
            </accessor>
          </technique_common>
        </source>
        <source id="chassis_default_as_machined__15-mesh-normals">
          <float_array id="chassis_default_as_machined__15-mesh-normals-array" count="3360">0 0 -1 -4.07918e-5 0 -1 1.01978e-5 0 -1 6.41603e-5 0 -1 -2.055e-5 0 -1 -9.79372e-6 0 -1 -2.05504e-5 0 -1 2.05514e-5 0 -1 4.11003e-5 0 -1 -2.08683e-5 0 -1 -1.63946e-4 0 -1 3.29686e-4 0 -1 3.29778e-4 0 -1 -1.63309e-4 0 -1 3.3226e-4 0 -1 -1.63319e-4 0 -1 3.32288e-4 0 -1 -1.6331e-4 0 -1 -1.63305e-4 0 -1 -3.3235e-4 0 -1 1.03851e-4 0 -1 -3.29778e-4 0 -1 -1.63931e-4 0 -1 3.29836e-4 0 -1 3.29618e-4 0 -1 1.63921e-4 0 -1 0 -1 -8.54385e-7 0 -1 4.2937e-7 0 -1 0 0 -1 6.95604e-6 0 -1 4.26911e-7 0 -1 -2.13971e-7 0 -1 -3.38203e-6 0 -1 7.00045e-6 0 -1 -3.3835e-6 0 -1 3.35733e-6 0 -1 7.00673e-6 0 -1 3.42541e-6 0 -1 -3.91266e-6 0 -1 3.34905e-6 0 -1 -3.34869e-6 0 -1 -7.11521e-6 0 -1 7.17731e-6 0 -1 -6.95642e-6 0 -1 6.95623e-6 0 -1 -3.39919e-6 0 -1 -3.42522e-6 0 -1 6.84969e-6 0 -1 -4.92348e-6 0 -1 -1.4881e-5 0 -1 -6.85016e-6 0 -1 3.6956e-6 0 -1 -3.35733e-6 0 -1 7.26069e-6 0 -1 1.53111e-5 0 -1 -3.27706e-6 0 -1 1.39474e-6 0 -1 -1.48739e-5 0 -1 1.53036e-5 0 -1 3.2762e-6 0 -1 -7.53375e-6 0 -1 -8.97086e-7 0 -1 3.31565e-6 0 -1 -1.45079e-5 0 -1 -6.505e-6 0 1 0 0 0.9999999 5.16996e-4 0 1 1.48956e-5 0 0.9999998 6.33212e-4 0 1 6.68997e-5 0 1 -1.36642e-5 0 1 1.37331e-5 0 1 -2.74846e-5 0 1 1.36612e-5 0 1 -6.84706e-6 0 0.9999999 5.17013e-4 0 1 -1.64497e-4 0 1 -5.37403e-5 0 1 -1.26454e-4 0 1 -7.93676e-5 0 1 5.32595e-5 0 1 -1.16063e-4 0 1 3.01018e-4 0 1 -1.87815e-4 0 1 -2.71946e-5 0 1 -3.58855e-6 0 1 -1.19048e-4 0 1 2.84172e-4 0 1 -7.93802e-5 0 1 -5.74185e-5 0 1 2.71946e-5 0 1 3.58907e-6 0 1 5.32141e-5 0 1 -1.16171e-4 0 1 5.32368e-5 0 1 -5.32368e-5 0 1 2.65196e-5 0 1 -1.64489e-4 0 1 -5.56483e-5 0 1 -5.56452e-5 0 1 7.43992e-6 0 1 -1.22369e-4 0 1 5.24219e-5 0 1 -6.02845e-5 0 1 -1.20525e-4 0 1 -3.58876e-6 0 1 -1.87868e-5 0 1 3.82561e-5 0 1 2.97402e-5 0 1 5.56514e-5 0 1 -3.82593e-5 0 1 -1.9695e-5 0 1 1.96939e-5 0 0 1 0 0 1 0 0 1 0 0 1 0 0 1 0 0 1 0 0 1 0 0 1 0 0 1 0 0 1 0 0 1 0 0 1 0 0 1 0 0 1 0 0 1 0 0 1 0 0 1 0 0 1 0 0 1 0 0 1 0 0 1 0 0 1 0 0 1 0 0 1 0 0 1 0 0 1 0 0 1 0 0 1 0 0 1 0 0 1 0 0 1 0 0 1 0 0 1 0 0 1 0 0 1 0 0 1 0 0 1 0 0 1 0 0 1 0 0 1 0 -0.8320504 0.5547001 0 -0.8320488 0.5547024 0.02184897 0.8319756 -0.5543819 0.02186453 0.8317116 -0.5547774 0.06523746 0.8304123 -0.5533168 0.06545078 0.8304007 -0.5533091 0.108855 0.827127 -0.5513724 0.1087779 0.8273975 -0.5509817 0.1521939 0.8222757 -0.548361 0.1519845 0.8223024 -0.5483789 0.1952471 0.8157278 -0.5444877 0.1948379 0.8165861 -0.5433464 0.2378258 0.8080503 -0.5389747 0.2377622 0.8083271 -0.5385876 0.2797605 0.7988871 -0.53246 0.3214933 0.7878731 -0.5252602 0.3623926 0.7755607 -0.5168919 0.4028148 0.7615315 -0.5077502 0.3625404 0.775249 -0.5172558 0.4028964 0.7614196 -0.5078531 0.4424668 0.7460197 -0.4976723 0.4804164 0.7301056 -0.4859485 0.5190784 0.7109723 -0.4744217 0.4423806 0.7460551 -0.4976958 0.480588 0.729877 -0.4861221 0.5550696 0.6925421 -0.4607421 0.5555599 0.6918778 -0.461149 0.6087294 0.6601713 -0.4400256 0.6089017 0.6599293 -0.4401502 0.6755388 0.6134831 -0.4090059 0.6753612 0.6137504 -0.4088983 0.7373109 0.5620669 -0.3747713 0.7372865 0.5620892 -0.3747861 0.7933033 0.5066853 -0.3375502 0.7936478 0.5060476 -0.3376967 0.8433459 0.4471266 -0.2980701 0.8431686 0.4474896 -0.2980264 0.886883 0.384525 -0.2560842 0.887344 0.3833918 -0.2561864 0.9238442 0.3185411 -0.2122349 0.923718 0.3189262 -0.212206 0.9538673 0.249548 -0.1669227 0.9536628 0.2503519 -0.1668869 0.9763095 0.1800735 -0.1199718 0.9762366 0.1804789 -0.1199563 0.9914562 0.1084706 -0.07244807 0.9913637 0.1093179 -0.07244133 0.9990429 0.03643989 -0.02419608 0.9990584 0.03601175 -0.02419644 0 0.8320506 -0.5546998 -0.6087294 0.6601713 -0.4400256 -0.6757165 0.6132157 -0.4091135 -0.6753612 0.6137504 -0.4088984 -0.7371332 0.5623601 -0.374681 -0.7374641 0.5617957 -0.3748764 -0.7933032 0.5066853 -0.3375501 -0.7933033 0.5066853 -0.3375502 -0.843492 0.4468036 -0.2981407 -0.8435074 0.4467834 -0.2981272 -0.8870406 0.3841413 -0.2561143 -0.8868945 0.3845067 -0.256072 -0.9239702 0.3181558 -0.2122639 -0.9238442 0.3185411 -0.2122349 -0.9535604 0.2507537 -0.166869 -0.9536628 0.2503519 -0.1668869 -0.9763849 0.1796587 -0.1199811 -0.9763121 0.1800641 -0.1199656 -0.99141 0.1088943 -0.07244473 -0.9914562 0.1084706 -0.07244807 -0.9990429 0.03643989 -0.02419608 -0.02186453 0.8317116 -0.5547774 -0.02184897 0.8319756 -0.5543819 -0.06545078 0.8304007 -0.5533091 -0.06533044 0.8298792 -0.5541052 -0.1089323 0.826856 -0.5517634 -0.1087779 0.8273975 -0.5509817 -0.1519845 0.8223024 -0.5483789 -0.1521939 0.8222757 -0.548361 -0.1951415 0.8161439 -0.5439016 -0.1951415 0.8161439 -0.5439016 -0.2377884 0.8079232 -0.5391815 -0.2375603 0.8084972 -0.5384214 -0.2799521 0.7985767 -0.5328248 -0.2797605 0.7988871 -0.53246 -0.3214933 0.7878731 -0.5252602 -0.3623926 0.7755607 -0.516892 -0.3622995 0.7755909 -0.5169121 -0.4028964 0.7614196 -0.5078531 -0.4023708 0.7621389 -0.5071905 -0.4421839 0.7463996 -0.4973541 -0.4420977 0.7464349 -0.4973777 -0.4812578 0.7291784 -0.4865079 -0.4812577 0.7291784 -0.4865078 -0.5183742 0.7117208 -0.4740694 -0.518296 0.7117603 -0.4740957 -0.555634 0.6918366 -0.4611216 -0.5558895 0.6914305 -0.4614226 -0.6087278 0.6601734 -0.4400245 0 0.8320504 -0.5547001 0 0.8320504 -0.5547001 0.06543958 0.8302935 -0.5534711 0.1520873 0.8224195 -0.5481747 0.2376487 0.8083071 -0.5386677 0.3215454 0.7878267 -0.5252977 0.4028618 0.7614302 -0.5078649 0.4811505 0.7292888 -0.4864485 0.5554172 0.6920254 -0.4610993 0.9990447 0.03639078 -0.02419638 0.9990564 0.03606659 -0.02419769 0.9914132 0.1088659 -0.07244336 0.9914462 0.1085623 -0.07244849 0.9763492 0.1798116 -0.1200418 0.9762439 0.1803892 -0.120032 0.9537449 0.2500776 -0.1668292 0.9537088 0.2502124 -0.1668334 0.9239202 0.3183143 -0.2122446 0.9238982 0.318386 -0.2122321 0.8870029 0.3841882 -0.2561744 0.8869127 0.3844094 -0.2561551 0.8434798 0.4468812 -0.2980591 0.8433399 0.447179 -0.2980082 0.7933548 0.5065327 -0.3376577 0.7933573 0.506531 -0.3376547 0.7373492 0.5619971 -0.3748008 0.737236 0.5621844 -0.3747423 0.6755203 0.6135669 -0.408911 0.6757014 0.6133015 -0.4090097 0.6087483 0.6601267 -0.4400661 0.6259478 0.6488751 -0.432609 0.5913112 0.6710513 -0.4472599 0.5190192 0.7110073 -0.4744341 0.5554612 0.6919895 -0.4611003 0.5186671 0.7114491 -0.4741567 0.4421514 0.746401 -0.4973808 0.4810448 0.7294304 -0.4863408 0.4422079 0.7463181 -0.4974551 0.3622407 0.7756772 -0.5168238 0.4028558 0.7614773 -0.5077989 0.3623551 0.7755293 -0.5169653 0.2798224 0.7988312 -0.5325114 0.3215162 0.7878219 -0.5253229 0.2798849 0.798787 -0.5325446 0.1952494 0.8157811 -0.5444071 0.2376309 0.8083741 -0.5385749 0.1950714 0.8159992 -0.5441438 0.1088891 0.8270236 -0.551521 0.1520549 0.8225578 -0.5479763 0.1088748 0.8269973 -0.5515631 0.02181535 0.8317695 -0.5546925 0.06541156 0.8302105 -0.5535992 0.02180826 0.8319511 -0.5544204 0 -0.9990481 0.04362511 0 -0.9990451 0.04369193 0 -0.9914501 0.1304869 0 -0.991449 0.1304951 0 -0.9763063 0.2163938 0 -0.9762776 0.2165229 0 -0.9537213 0.3006923 0 -0.9537155 0.3007107 0 -0.9238816 0.3826785 0 -0.9238769 0.3826898 0 -0.8870009 0.4617678 0 -0.8870135 0.4617436 0 -0.8434277 0.5372429 0 -0.84338 0.5373176 0 -0.793358 0.6087554 0 -0.7933342 0.6087864 0 -0.7373246 0.6755387 0 -0.7372287 0.6756433 0 -0.6756085 0.7372607 0 -0.675591 0.7372766 0 -0.6087709 0.7933461 0 -0.6087817 0.7933379 0 -0.5373144 0.843382 0 -0.5372625 0.8434151 0 -0.4617556 0.8870071 0 -0.4617431 0.8870138 0 -0.3826785 0.9238816 0 -0.3827012 0.9238722 0 -0.3007253 0.9537109 0 -0.3006923 0.9537213 0 -0.2164455 0.9762947 0 -0.2164244 0.9762994 0 -0.1305304 0.9914444 0 -0.1305225 0.9914453 0 -0.04361975 0.9990483 0 -0.04362052 0.9990482 0 0.04361975 0.9990483 0 0.04362332 0.9990481 0 0.1305304 0.9914444 0 0.1305225 0.9914453 0 0.2164455 0.9762947 0 0.2164244 0.9762994 0 0.3007069 0.9537166 0 0.3007107 0.9537155 0 0.3826785 0.9238816 0 0.3827012 0.9238722 0 0.4617556 0.8870071 0 0.4617431 0.8870138 0 0.5373435 0.8433636 0 0.5372625 0.8434151 0 0.6087399 0.7933699 0 0.6087507 0.7933616 0 0.6756085 0.7372607 0 0.6756229 0.7372474 0 0.7372926 0.6755735 0 0.7372607 0.6756085 0 0.793358 0.6087554 0 0.7933342 0.6087864 0 0.8433986 0.5372885 0 0.84338 0.5373176 0 0.8870272 0.4617173 0 0.8869872 0.4617941 0 0.9238816 0.3826785 0 0.9238996 0.3826351 0 0.9537213 0.3006923 0 0.9537155 0.3007107 0 0.9763063 0.2163938 0 0.9762776 0.2165229 0 0.9914417 0.1305499 0 0.9914407 0.1305582 0 0.9990536 0.04349708 0 0.9990451 0.04369193 0 0.9990453 -0.04368913 0 0.9990536 -0.04349845 0 0.9914417 -0.1305499 0 0.9914407 -0.1305582 0 0.9762791 -0.2165161 0 0.9763032 -0.2164073 0 0.9537213 -0.3006923 0 0.9537183 -0.3007014 0 0.9238996 -0.3826351 0 0.9238769 -0.3826898 0 0.8870009 -0.4617678 0 0.8870135 -0.4617436 0 0.8433986 -0.5372885 0 0.84338 -0.5373176 0 0.793358 -0.6087554 0 0.7933342 -0.6087864 0 0.7372607 -0.6756085 0 0.7372926 -0.6755735 0 0.6756404 -0.7372314 0 0.675591 -0.7372766 0 0.6087709 -0.7933461 0 0.6087197 -0.7933853 0 0.5372853 -0.8434005 0 0.5373207 -0.843378 0 0.4617556 -0.8870071 0 0.4617431 -0.8870138 0 0.3827012 -0.9238722 0 0.3826785 -0.9238816 0 0.3007107 -0.9537155 0 0.3006923 -0.9537213 0 0.2164396 -0.9762961 0 0.2164532 -0.976293 0 0.1305186 -0.9914458 0 0.1305146 -0.9914464 0 0.04362529 -0.9990481 0 0.04361772 -0.9990483 0 -0.04362249 -0.9990482 0 -0.04361772 -0.9990483 0 -0.1305186 -0.9914458 0 -0.1305146 -0.9914464 0 -0.2164396 -0.9762961 0 -0.2164532 -0.976293 0 -0.3006923 -0.9537213 0 -0.3007107 -0.9537155 0 -0.3827012 -0.9238722 0 -0.3826785 -0.9238816 0 -0.4617556 -0.8870071 0 -0.4617431 -0.8870138 0 -0.5372853 -0.8434005 0 -0.5372916 -0.8433966 0 -0.6088019 -0.7933224 0 -0.6087507 -0.7933616 0 -0.6756085 -0.7372607 0 -0.675591 -0.7372766 0 -0.7372287 -0.6756433 0 -0.7373246 -0.6755387 0 -0.793358 -0.6087554 0 -0.7933342 -0.6087864 0 -0.8433986 -0.5372885 0 -0.8434092 -0.5372719 0 -0.8870272 -0.4617173 0 -0.8869872 -0.4617941 0 -0.9238769 -0.3826898 0 -0.9537213 -0.3006923 0 -0.9537183 -0.3007014 0 -0.9762791 -0.2165161 0 -0.9763032 -0.2164073 0 -0.9914501 -0.1304869 0 -0.991449 -0.1304951 0 -0.9990453 -0.04368913 0 -0.9990479 -0.04362654 0 -0.9990481 0.04362374 0 -0.9990479 0.04362654 0 -0.9914495 0.130491 0 -0.9914407 0.1305582 0 -0.9762911 0.2164617 0 -0.9537028 0.3007506 0 -0.8870397 0.4616931 0 -0.8433986 0.5372885 0 -0.7933461 0.6087709 0 -0.7933652 0.6087461 0 -0.7372926 0.6755735 0 -0.737246 0.6756244 0 -0.6755765 0.73729 0 -0.6755735 0.7372926 0 -0.6088019 0.7933224 0 -0.3827102 0.9238685 0 -0.3007069 0.9537166 0 -0.1305146 0.9914464 0 -0.04362249 0.9990482 0 -0.04361772 0.9990483 0 0.04362249 0.9990482 0 0.1305146 0.9914464 0 0.2164108 0.9763024 0 0.3007253 0.9537109 0 0.3006923 0.9537213 0 0.3826876 0.9238779 0 0.4617819 0.8869935 0 0.5373144 0.843382 0 0.6087709 0.7933461 0 0.6756055 0.7372634 0 0.737246 0.6756244 0 0.7933461 0.6087709 0 0.8434277 0.5372429 0 0.843351 0.5373632 0 0.9914413 0.1305541 0 0.991449 0.1304951 0 0.9990509 0.04355967 0 0.9990479 0.04362654 0 0.9990481 -0.04362511 0 0.9990507 -0.0435639 0 0.9914495 -0.130491 0 0.9763047 -0.2164006 0 0.9537155 -0.3007107 0 0.9239042 -0.3826237 0 0.8433696 -0.5373342 0 0.8434092 -0.5372719 0 0.7933461 -0.6087709 0 0.737278 -0.6755896 0 0.6755735 -0.7372926 0 0.6087399 -0.7933699 0 0.5372916 -0.8433966 0 0.4617694 -0.8870002 0 0.4617304 -0.8870203 0 0.3826649 -0.9238873 0 0.3007069 -0.9537166 0 0.2164185 -0.9763008 0 0.2164379 -0.9762964 0 0.1305422 -0.9914428 0 0.1305344 -0.9914438 0 0.04362052 -0.9990482 0 -0.04361975 -0.9990483 0 -0.04362052 -0.9990482 0 -0.1305422 -0.9914428 0 -0.1305344 -0.9914438 0 -0.216432 -0.9762977 0 -0.2164379 -0.9762964 0 -0.3007069 -0.9537166 0 -0.3827239 -0.9238628 0 -0.3826649 -0.9238873 0 -0.4617304 -0.8870203 0 -0.6087709 -0.7933461 0 -0.6755416 -0.7373219 0 -0.7372607 -0.6756085 0 -0.737278 -0.6755896 0 -0.793389 -0.6087151 0 -0.7933461 -0.6087709 0 -0.84338 -0.5373176 0 -0.8870535 -0.4616669 0 -0.9238816 -0.3826785 0 -0.9536971 -0.300769 0 -0.9762926 -0.2164549 0 -0.9763047 -0.2164006 0 -0.9914413 -0.1305541 0 -0.9990481 -0.04362511 0 -0.9990479 -0.04362791 0 -0.9914402 0.1305624 0 -0.7372607 0.6756085 0 -0.3826649 0.9238873 0 -0.1305186 0.9914458 0 0.1305186 0.9914458 0 0.3826649 0.9238873 0 0.9914484 0.1304993 0 0.9914402 -0.1305624 0 0.3826876 -0.9238779 0 0.1305383 -0.9914433 0 -0.1305383 -0.9914433 0 -0.3827102 -0.9238685 0 -0.6755591 -0.7373059 0 -0.7372926 -0.6755735 0 -0.9914484 -0.1304993 0 -0.9914484 0.1304993 0 -0.7372141 0.6756593 0 -0.6087507 0.7933616 0 0.6087197 0.7933853 0 0.9914402 0.1305624 0 0.9762776 -0.2165229 0 0.9537242 -0.3006831 0 0.9238722 -0.3827012 0 0.2164473 -0.9762944 0 0.2164455 -0.9762947 0 0.1305225 -0.9914453 0 -0.1305225 -0.9914453 0 -0.2164473 -0.9762944 0 -0.2164455 -0.9762947 0 -0.6755735 -0.7372926 0 -0.7373099 -0.6755546 0 -0.9238722 -0.3827012 0 -0.9537242 -0.3006831 0 -0.9537155 -0.3007107 0 -0.9762776 -0.2165229 -0.02175837 0.8318092 -0.5546351 -0.06544262 0.8303322 -0.553413 -0.02181583 0.8317887 -0.5546635 -0.06543958 0.8302935 -0.5534711 -0.108838 0.8270763 -0.5514519 -0.152025 0.8224678 -0.5481199 -0.1088984 0.8271176 -0.551378 -0.1520873 0.8224197 -0.5481747 -0.1952149 0.8159 -0.5442413 -0.2376609 0.808292 -0.5386848 -0.1950103 0.8161927 -0.5438755 -0.2378816 0.8079743 -0.5390641 -0.2798454 0.7987967 -0.5325509 -0.3214021 0.7879305 -0.5252296 -0.2799856 0.7986684 -0.5326696 -0.3213516 0.7879567 -0.5252215 -0.3625146 0.7754025 -0.5170437 -0.4027306 0.7616206 -0.5076832 -0.3624058 0.775568 -0.5168716 -0.4027199 0.7616244 -0.5076861 -0.4422261 0.7463107 -0.4974501 -0.4809686 0.7295039 -0.4863058 -0.4425119 0.7459883 -0.4976794 -0.4807821 0.729741 -0.4861344 -0.5188176 0.711231 -0.4743192 -0.5556744 0.6917043 -0.4612713 -0.5186472 0.7114982 -0.474105 -0.5555943 0.6917852 -0.4612464 -0.6087537 0.6601242 -0.4400626 -0.5913153 0.6709927 -0.4473422 -0.6259394 0.648935 -0.4325312 -0.6756061 0.6134451 -0.408952 -0.6756153 0.6134238 -0.4089686 -0.737236 0.5621844 -0.3747423 -0.7372543 0.5621536 -0.3747525 -0.7933573 0.506531 -0.3376547 -0.7933548 0.5065327 -0.3376578 -0.8433215 0.4471693 -0.2980746 -0.8433756 0.4470537 -0.2980951 -0.8870844 0.3840286 -0.2561318 -0.8870195 0.3841955 -0.2561063 -0.9238798 0.3183895 -0.2123072 -0.9238435 0.3185043 -0.2122934 -0.9537229 0.2502087 -0.166758 -0.953754 0.2500873 -0.1667628 -0.9763233 0.1799528 -0.1200418 -0.9762703 0.1802466 -0.1200321 -0.9914462 0.1085623 -0.07244855 -0.9914374 0.1086445 -0.07244509 -0.9990484 0.03628927 -0.0241968 -0.9990366 0.03661477 -0.02419686 -1 0 0 -1 3.44116e-4 0 -1 4.21885e-4 0 -1 -2.29758e-4 0 -1 4.51298e-4 0 -1 -2.7448e-4 0 -1 1.28365e-4 0 -0.9999999 5.17933e-4 0 -1 5.20197e-5 0 -1 -2.10851e-5 0 -1 -8.42044e-5 0 -1 2.60748e-4 0 -1 -2.48054e-4 0 -1 3.72807e-6 0 -1 2.04931e-4 0 -1 -2.04482e-4 0 -1 2.90083e-4 0 -1 -4.17349e-4 0 -1 1.71985e-4 0 -1 -2.78491e-4 0 -1 3.05472e-4 0 -1 -4.0679e-4 0 -0.9999999 -4.61561e-4 0 -1 3.87345e-4 0 -1 1.96542e-4 0 -1 -1.66121e-5 0 -1 -2.34316e-4 0 -1 2.20702e-4 0 -1 -1.17778e-4 0 -1 -2.18239e-6 0 -0.9999988 -0.001580238 0 -1 2.41579e-4 0 -1 -1.53123e-4 0 -1 -3.21228e-5 0 -1 2.30534e-4 0 -1 -5.27665e-6 0 -1 2.11046e-4 0 -1 -2.0223e-5 0 -0.9999991 -0.001392722 0 -1 3.51309e-4 0 -0.9999997 8.46023e-4 0 -0.9999998 -7.17672e-4 0 -1 -5.60063e-4 0 -0.9999998 7.34416e-4 0 -0.9999998 -5.85651e-4 0 -1 -1.91714e-5 0 -0.9999975 0.00225681 0 -1 -6.63322e-5 0 -0.9999999 -5.92088e-4 0 -1 -4.06979e-5 0 -0.9999985 -0.001795887 0 -0.9999966 0.002632796 0 -1 -1.95944e-4 0 -1 3.63752e-4 0 -1 -3.25801e-4 0 -0.9999992 0.001318156 0 -0.9999982 -0.001953542 0 -0.9999997 -8.53635e-4 0 -1 -4.83501e-5 0 -1 7.9106e-5 0 -1 -1.14155e-4 0 -1 3.69617e-4 0 -1 9.66206e-5 0 -1 -1.13888e-4 0 -1 -1.37011e-4 0 -0.9999999 -4.88132e-4 0 -1 1.93692e-4 0 -1 -2.19611e-4 0 -1 1.80726e-4 0 -1 3.23318e-5 0 -1 -3.36597e-4 0 -1 1.65762e-4 0 -1 2.21717e-4 0 -1 -2.10247e-4 0 -1 -2.25473e-4 0 -1 2.22649e-4 0 -1 -2.37273e-4 0 -1 -3.02676e-5 0 -1 2.89855e-4 0 -1 -3.20847e-4 0 -1 2.0465e-4 0 -1 -2.67039e-4 0 -1 7.44234e-5 0 -1 -1.23323e-4 0 -1 -2.23277e-4 0 -1 7.41599e-5 0 0.06543052 -0.8302279 0.5535707 0.1520506 -0.822461 0.5481228 0.2375816 -0.8084594 0.5384687 0.321649 -0.7876935 0.5254342 0.4025145 -0.7618944 0.5074436 0.4808575 -0.7296238 0.4862357 0.5559316 -0.6914831 0.4612929 0.9990528 -0.03616887 0.02419722 0.9990504 -0.03623151 0.02419871 0.9913864 -0.1091167 0.07243376 0.991462 -0.1084201 0.07244575 0.9763041 -0.1801063 0.1199679 0.9764086 -0.1795281 0.119984 0.9535502 -0.2507955 0.1668647 0.953767 -0.2499325 0.1669201 0.9239432 -0.3182446 0.2122484 0.923802 -0.3186805 0.212209 0.8870833 -0.3840295 0.2561342 0.8870477 -0.3841243 0.2561151 0.8433027 -0.4472068 0.298072 0.8434075 -0.4469879 0.2981034 0.7935254 -0.5062485 0.3376834 0.7934516 -0.5063983 0.337632 0.7371451 -0.5623232 0.3747128 0.7374238 -0.5618683 0.3748468 0.6754302 -0.6136572 0.4089242 0.6755656 -0.6134914 0.4089493 0.6090029 -0.6597295 0.4403095 0.6257625 -0.6492244 0.432353 0.5911999 -0.6711115 0.4473165 0.5187302 -0.7112978 0.4743148 0.5552253 -0.6923586 0.4608304 0.5189009 -0.7111319 0.4743768 0.442242 -0.7462621 0.4975087 0.4810083 -0.7294612 0.4863306 0.4423816 -0.7461055 0.4976195 0.3624336 -0.7753126 0.5172354 0.4026746 -0.7617185 0.5075808 0.3624454 -0.7754641 0.517 0.2797293 -0.7989669 0.5323566 0.3216225 -0.7875541 0.5256591 0.2798773 -0.798777 0.5325638 0.195124 -0.8159732 0.544164 0.237677 -0.8082613 0.5387239 0.1952016 -0.8160528 0.5440167 0.1088485 -0.8271121 0.5513963 0.1521764 -0.8222306 0.5484334 0.1088423 -0.8271692 0.5513117 0.02184247 -0.8318344 0.5545939 0.06531941 -0.8302626 0.553532 0.02185946 -0.8318531 0.5545653 0 -0.832051 0.5546992 0 -0.8320494 0.5547016 -0.02182644 -0.8321335 0.5541458 -0.06543195 -0.8302468 0.5535422 -0.0218262 -0.8321241 0.55416 -0.06536656 -0.8299509 0.5539934 -0.1088559 -0.8271679 0.551311 -0.1521331 -0.8223288 0.5482984 -0.1088497 -0.8271214 0.5513818 -0.1521645 -0.8221663 0.5485331 -0.1951762 -0.8161915 0.5438177 -0.2374244 -0.8085091 0.5384633 -0.1954116 -0.8157895 0.5443363 -0.2375442 -0.8083325 0.5386756 -0.2800719 -0.7984495 0.5329524 -0.3210344 -0.7885445 0.5245327 -0.2799356 -0.7986466 0.5327287 -0.3215471 -0.7877222 0.5254534 -0.3622993 -0.7755113 0.5170314 -0.4025598 -0.7618618 0.5074568 -0.3625361 -0.7752888 0.517199 -0.4027931 -0.7615131 0.5077949 -0.4417543 -0.746921 0.4969529 -0.481181 -0.7294116 0.4862341 -0.4425463 -0.7458671 0.4978303 -0.4812442 -0.7293025 0.4863352 -0.5184333 -0.7115129 0.4743168 -0.5560343 -0.6913731 0.4613341 -0.5184119 -0.7116125 0.4741907 -0.5557749 -0.6915704 0.461351 -0.6085857 -0.6603453 0.4399633 -0.5911596 -0.6712113 0.4472202 -0.6259117 -0.648909 0.4326102 -0.6755347 -0.6135149 0.4089649 -0.6758362 -0.613069 0.4091357 -0.7370228 -0.5625109 0.3746717 -0.7375457 -0.5616812 0.3748877 -0.793249 -0.5067571 0.3375698 -0.7935463 -0.5062258 0.3376682 -0.8432372 -0.4473491 0.2980432 -0.8433026 -0.4472067 0.298072 -0.8872013 -0.3837399 0.2561594 -0.8867763 -0.3847967 0.2560455 -0.9239262 -0.3182925 0.2122504 -0.9239515 -0.3182281 0.2122374 -0.9536699 -0.2503271 0.1668835 -0.9537543 -0.2499811 0.16692 -0.9762508 -0.1803966 0.1199646 -0.9763827 -0.1796727 0.1199775 -0.9914137 -0.1088628 0.07244223 -0.9914828 -0.1082329 0.0724408 -0.9990504 -0.03623151 0.02419871 -0.9990528 -0.03616881 0.02419722 -1 1.18161e-6 0 -0.9999999 5.69892e-4 0 -0.9999997 8.1292e-4 0 -0.9999995 -9.63159e-4 0 -1 3.9984e-4 0 -1 2.09703e-4 0 -1 -1.50497e-4 0 -1 1.4011e-4 0 -1 -1.43054e-4 0 -1 3.74242e-5 0 -1 -7.45614e-5 0 -1 -3.41435e-4 0 -1 -2.77657e-4 0 -1 7.51461e-5 0 -1 -1.74592e-5 0 -0.9999999 -4.60197e-4 0 -0.999823 0.01881462 0 -1 -3.25492e-5 0 -1 1.19408e-4 0 -1 -7.02838e-6 0 -1 2.57884e-4 0 -1 1.84954e-4 0 -0.9999998 -7.53579e-4 0 -1 -3.40559e-4 0 -1 3.55346e-4 0 -1 -3.53466e-4 0 -1 -1.087e-4 0 -1 -5.33491e-5 0 -1 1.14752e-4 0 -1 8.38153e-6 0 -0.9999919 -0.004032194 0 -1 -3.53577e-4 0 -1 1.89722e-4 0 -1 2.0571e-4 0 -1 -2.08674e-4 0 -1 -1.04249e-6 0 -1 -3.32242e-6 0 -1 -2.1712e-4 0 -1 -1.74959e-4 0 -1 -1.15267e-4 0 -1 -3.80193e-5 0 -1 -2.01979e-4 0 -1 1.81876e-4 0 -1 2.85119e-5 0 -0.9999996 -9.76801e-4 0 -0.9999961 0.002785503 0 -1 -3.02805e-4 0 -1 3.10698e-4 0 -1 -9.7194e-5 0 -0.9999997 -8.41839e-4 0 -1 1.56557e-4 0 -1 -9.80939e-5 0 -1 2.33609e-7 0 -1 -2.75357e-7 0 -1 -1.53763e-4 0 -1 -9.6694e-5 0 -1 3.89185e-6 0 -1 1.6644e-4 0 -1 1.13841e-4 0 -1 3.08083e-4 0 -1 -1.05796e-4 0 -1 -4.11077e-5 0 -1 -9.76884e-5 0 -1 -2.61133e-5 0 1 0 0 1 1.95944e-4 0 1 -1.91672e-4 0 1 2.27441e-4 0 1 2.23684e-5 0 1 3.5346e-5 0 1 -4.09996e-4 0 1 -4.22386e-4 0 1 4.0008e-4 0 1 -7.63434e-5 0 1 2.7448e-4 0 1 1.27737e-4 0 1 -3.69617e-4 0 1 3.60068e-4 0 1 7.94422e-6 0 1 3.22654e-6 0 1 1.0597e-4 0 1 1.94279e-4 0 1 -8.07045e-5 0 1 6.58405e-5 0 1 2.16749e-5 0 1 6.89137e-5 0 1 -1.29404e-4 0 1 -4.86847e-4 0 0.9999932 -0.00368911 0 1 4.00156e-4 0 1 -2.69061e-4 0 1 1.20763e-4 0 0.9999999 6.62913e-4 0 0.9999999 -4.8585e-4 0 1 -4.2836e-5 0 1 -1.34793e-5 0 0.9999999 -5.36265e-4 0 0.9999999 4.88132e-4 0 1 8.99867e-5 0 1 -2.42002e-4 0 1 2.78491e-4 0 1 -2.57884e-4 0 1 9.7837e-5 0 0.9999982 0.001953542 0 1 -3.74353e-4 0 0.9999995 9.63159e-4 0 1 -1.93401e-4 0 1 -8.63183e-5 0 1 2.08674e-4 0 1 -2.0571e-4 0 1 3.25894e-4 0 1 -6.6847e-5 0 1 4.25283e-4 0 1 -1.02786e-4 0 1 4.34799e-4 0 1 -1.85365e-4 0 0.9999998 6.99912e-4 0 1 -3.23787e-4 0 0.9999513 0.009876012 0 1 -3.17522e-5 0 0.9999974 0.002294182 0 0.9999975 -0.00225681 0 1 1.05973e-4 0 1 -2.04931e-4 0 1 -2.60227e-6 0 1 1.18869e-4 0 1 -2.27528e-4 0 1 2.21016e-4 0 1 -1.42402e-4 0 1 3.06112e-4 0 1 -1.68716e-4 0 1 1.38093e-4 0 0.9999997 -8.46023e-4 0 0.9999991 0.001392722 0 1 4.18555e-6 0 0.9999997 9.02199e-4 0 1 -9.83079e-5 0 1 2.01979e-4 0 1 -2.10117e-4 0 1 -1.03021e-4 0 1 -1.37939e-4 0 1 -1.71282e-4 0 1 2.48054e-4 0 1 -6.06897e-5 0 1 1.20599e-4 0 1 -1.80034e-4 0 1 1.68901e-4 0 1 1.7507e-4 0 1 1.07447e-4 0 1 2.34316e-4 0 1 1.30273e-4 0 1 -3.44116e-4 0 1 -2.10077e-4 0 1 5.85595e-5 0 1 7.96334e-5 0 1 4.09115e-5 0 0.9999982 -0.001916587 0 1 -1.94279e-4 0 1 9.79983e-5 0 0.9999999 -4.98582e-4 0 0.9999989 0.00146836 0 1 -3.09052e-4 0 1 7.38835e-5 0 1 -3.43702e-4 0 1 -2.86581e-4 0 1 2.68132e-4 0 1 2.01892e-4 0 1 1.19941e-4 0 1 3.44104e-4 0 1 -6.8111e-5 0 0.9999996 9.76801e-4 0 0.9999998 -6.59087e-4 0 1 2.40446e-4 0 1 -9.58541e-5 0 1 -3.82838e-5 0 1 6.27831e-6 0 0.9999974 -0.002294182 0 0.9999999 -5.11317e-4 0 1 7.94422e-5 0 0.9989264 -0.04632699 0 1 -9.25105e-6 0 1 -7.11001e-5 0 1 -3.94894e-4 0 1 2.04482e-4 0 1 -1.56445e-4 0 1 -5.17635e-4 0 1 1.30114e-6 0 1 -1.08063e-5 0 1 -1.52003e-4 0 0.9999998 -6.98548e-4 0 1 -2.41993e-4 0 1 -8.73933e-5 0 1 2.13503e-4 0 1 5.21687e-5 0 1 -3.55514e-5 0 1 -5.2124e-4 0 1 1.19783e-4 0 1 -1.39239e-4 0 1 1.39074e-4 0 1 1.13232e-5 0 1 2.49949e-4 0 1 -7.30521e-5 0 1 -2.29862e-4 0 1 2.18911e-4 0 1 -5.19653e-5 0 1 -2.22346e-4 0 1 2.22346e-4 0 1 -2.09322e-5 0 -0.02186679 -0.8319199 0.5544648 -0.1088459 -0.8271419 0.551352 -0.1950753 -0.8160671 0.5440405 -0.2798473 -0.7988477 0.5324733 -0.3624441 -0.7755073 0.5169359 -0.4423065 -0.746219 0.4975161 -0.5188114 -0.7112895 0.4742383 -0.9990421 -0.03646093 0.02419668 -0.8454014 -0.4569936 0.2765018 -0.9990506 -0.03622776 0.02419757 -0.991434 -0.1086767 0.07244259 -0.9914567 -0.1084678 0.07244616 -0.9762658 -0.1802699 0.1200327 -0.9763412 -0.1798551 0.120042 -0.9537323 -0.2501698 0.1667627 -0.9536836 -0.2503644 0.1667495 -0.9238969 -0.3183356 0.2123138 -0.9238298 -0.3185361 0.2123045 -0.8870406 -0.3841413 0.2561142 -0.8871684 -0.3838787 0.2560654 -0.8433459 -0.4471266 0.2980701 -0.8433877 -0.4470945 0.2979996 -0.7933382 -0.5065506 0.33767 -0.7933505 -0.5065382 0.33766 -0.7372838 -0.5621092 0.3747612 -0.7372666 -0.5621381 0.3747517 -0.6756427 -0.6133816 0.4089867 -0.6755297 -0.6135475 0.4089244 -0.5556538 -0.6917312 0.4612558 -0.5186511 -0.7115406 0.474037 -0.5555472 -0.6918196 0.4612515 -0.6087596 -0.6601105 0.4400749 -0.5913218 -0.6709759 0.4473589 -0.6259753 -0.6489032 0.4325271 -0.4808936 -0.7296016 0.4862333 -0.4423882 -0.7461264 0.4975824 -0.4809607 -0.7295014 0.4863173 -0.402723 -0.761576 0.507756 -0.3625113 -0.7754743 0.5169384 -0.4027824 -0.7615301 0.5077778 -0.3212298 -0.7880724 0.5251225 -0.2800263 -0.7985816 0.5327786 -0.3214232 -0.787914 0.5252416 -0.2376247 -0.8083599 0.5385991 -0.1950572 -0.8161793 0.5438787 -0.237814 -0.8080116 0.539038 -0.1522096 -0.8222591 0.5483815 -0.1088488 -0.8271856 0.5512858 -0.1520822 -0.822302 0.5483525 -0.06536453 -0.8302062 0.553611 -0.02181178 -0.8319028 0.5544927 -0.06541603 -0.8301671 0.5536637 0.8452994 -0.4571679 0.2765258 0.02181226 -0.8319211 0.5544654 0.06542032 -0.8302215 0.5535815 0.02186584 -0.8318835 0.5545194 0.06533801 -0.8303056 0.5534651 0.1089333 -0.8269325 0.5516486 0.1520504 -0.8225663 0.547965 0.1088945 -0.8270964 0.5514108 0.1521355 -0.8222952 0.5483481 0.1951123 -0.8159937 0.5441373 0.2375783 -0.8083875 0.538578 0.195107 -0.8159515 0.5442025 0.2377302 -0.8081628 0.5388482 0.2798473 -0.7988478 0.5324734 0.3215306 -0.7878047 0.5253399 0.2798257 -0.7988801 0.5324362 0.3215093 -0.787823 0.5253254 0.3622944 -0.7756225 0.5168682 0.4027767 -0.7615746 0.5077155 0.3623073 -0.7755886 0.51691 0.4027824 -0.7615301 0.5077778 0.4422628 -0.7462369 0.497528 0.4810554 -0.7294121 0.4863575 0.442093 -0.7464964 0.4972896 0.4811548 -0.7292792 0.4864587 0.5188115 -0.7112895 0.4742383 0.5554594 -0.6919909 0.4611003 0.5189614 -0.711099 0.4743598 0.5554181 -0.6920247 0.4610993 0.5913244 -0.6710309 0.4472729 0.625948 -0.6488664 0.4326218 0.6087716 -0.6601021 0.440071 0.6756194 -0.6134126 0.4089787 0.6755532 -0.6135162 0.4089326 0.7372666 -0.5621381 0.3747516 0.7372837 -0.5621092 0.3747612 0.793417 -0.5063997 0.3377112 0.7932718 -0.5066887 0.3376189 0.843402 -0.4470503 0.298025 0.843511 -0.446838 0.2980353 0.886951 -0.3843169 0.2561612 0.8870952 -0.384062 0.2560442 0.9239072 -0.3183484 0.2122494 0.9239112 -0.3183405 0.2122442 0.9536719 -0.2503613 0.1668204 0.9537718 -0.2499658 0.1668425 0.9763035 -0.1800625 0.1200374 0.9763035 -0.1800625 0.1200374 0.9914336 -0.1086796 0.07244449 0.9914109 -0.1088885 0.07244086 0.9990506 -0.03622776 0.02419757 0.9990429 -0.03644084 0.02419674</float_array>
          <technique_common>
            <accessor source="#chassis_default_as_machined__15-mesh-normals-array" count="1120" stride="3">
              <param name="X" type="float"/>
              <param name="Y" type="float"/>
              <param name="Z" type="float"/>
            </accessor>
          </technique_common>
        </source>
        <vertices id="chassis_default_as_machined__15-mesh-vertices">
          <input semantic="POSITION" source="#chassis_default_as_machined__15-mesh-positions"/>
        </vertices>
        <triangles count="2024">
          <input semantic="VERTEX" source="#chassis_default_as_machined__15-mesh-vertices" offset="0"/>
          <input semantic="NORMAL" source="#chassis_default_as_machined__15-mesh-normals" offset="1"/>
          <p>0 0 1 0 2 0 1 0 3 0 2 0 2 0 3 0 4 0 3 0 5 0 4 0 4 0 5 0 6 0 5 0 7 0 6 0 6 0 7 0 8 0 7 0 9 0 8 0 8 0 9 0 10 0 9 0 11 0 10 0 10 0 11 0 12 0 13 0 14 0 15 0 14 0 16 0 15 0 15 1 16 1 17 1 16 0 18 0 17 0 17 0 18 0 19 0 18 0 20 0 19 0 19 0 20 0 21 0 20 0 22 0 21 0 21 0 22 0 23 0 22 0 24 0 23 0 23 2 24 2 25 2 26 3 27 3 28 3 26 0 28 0 29 0 28 0 30 0 29 0 29 0 30 0 31 0 30 0 32 0 31 0 31 0 32 0 33 0 32 0 34 0 33 0 33 0 34 0 35 0 34 0 36 0 35 0 35 0 36 0 37 0 36 0 38 0 37 0 37 0 38 0 39 0 40 0 41 0 42 0 41 0 43 0 42 0 42 0 43 0 44 0 43 0 45 0 44 0 44 0 45 0 46 0 45 0 47 0 46 0 46 0 47 0 0 0 47 0 48 0 0 0 0 4 48 4 1 4 38 0 49 0 39 0 49 0 50 0 39 0 39 0 50 0 51 0 50 0 52 0 51 0 51 0 52 0 53 0 52 0 54 0 53 0 53 0 54 0 55 0 54 0 56 0 55 0 55 0 56 0 57 0 56 0 58 0 57 0 57 0 58 0 59 0 60 0 61 0 62 0 61 0 63 0 62 0 62 0 63 0 64 0 63 0 65 0 64 0 64 5 65 5 66 5 65 6 67 6 66 6 66 7 67 7 68 7 67 0 25 0 68 0 68 8 25 8 69 8 25 9 24 9 69 9 27 0 26 0 70 0 26 0 71 0 70 0 70 10 71 10 72 10 71 11 73 11 72 11 72 0 73 0 74 0 73 0 75 0 74 0 74 0 75 0 76 0 75 0 77 0 76 0 76 0 77 0 78 0 77 12 79 12 78 12 78 0 79 0 80 0 80 13 79 13 81 13 79 14 82 14 81 14 81 15 82 15 83 15 82 16 84 16 83 16 83 0 84 0 85 0 84 0 86 0 85 0 85 17 86 17 87 17 86 0 88 0 87 0 87 18 88 18 89 18 88 0 90 0 89 0 89 0 90 0 91 0 90 19 92 19 91 19 91 0 92 0 13 0 92 0 93 0 13 0 13 20 93 20 14 20 58 0 94 0 59 0 94 0 95 0 59 0 59 21 95 21 96 21 95 0 97 0 96 0 96 0 97 0 98 0 97 22 99 22 98 22 98 0 99 0 100 0 99 0 101 0 100 0 100 0 101 0 102 0 101 0 103 0 102 0 102 23 103 23 104 23 103 0 105 0 104 0 104 24 105 24 106 24 105 0 107 0 106 0 106 0 107 0 108 0 107 25 109 25 108 25 108 0 109 0 110 0 109 0 12 0 110 0 110 0 12 0 111 0 12 0 11 0 111 0 112 26 113 26 114 26 113 27 115 27 114 27 112 28 114 28 116 28 114 28 117 28 116 28 116 28 117 28 118 28 119 28 120 28 121 28 120 29 122 29 121 29 121 28 122 28 123 28 124 28 125 28 126 28 127 28 128 28 125 28 128 28 129 28 125 28 125 30 129 30 126 30 113 28 130 28 115 28 130 31 131 31 115 31 115 28 131 28 132 28 131 28 133 28 132 28 132 28 133 28 127 28 133 28 134 28 127 28 127 28 134 28 128 28 118 32 117 32 135 32 117 33 136 33 135 33 135 34 136 34 137 34 138 28 139 28 140 28 139 28 141 28 140 28 140 28 141 28 142 28 126 28 143 28 124 28 143 28 144 28 124 28 124 28 144 28 145 28 137 35 136 35 146 35 136 28 147 28 146 28 146 28 147 28 148 28 144 28 149 28 145 28 149 34 150 34 145 34 145 36 150 36 151 36 152 28 153 28 154 28 153 28 155 28 154 28 154 37 155 37 119 37 155 28 156 28 119 28 119 38 156 38 120 38 122 28 157 28 123 28 157 28 158 28 123 28 123 39 158 39 159 39 158 28 160 28 159 28 159 40 160 40 161 40 160 28 162 28 161 28 161 28 162 28 163 28 150 34 164 34 151 34 164 28 165 28 151 28 151 41 165 41 166 41 165 35 167 35 166 35 166 28 167 28 168 28 141 42 169 42 142 42 169 43 170 43 142 43 142 28 170 28 171 28 170 44 172 44 171 44 171 45 172 45 173 45 148 28 147 28 174 28 147 28 175 28 174 28 174 28 175 28 176 28 175 28 177 28 176 28 176 28 177 28 178 28 61 28 60 28 179 28 60 28 180 28 179 28 179 46 180 46 152 46 180 47 181 47 152 47 152 48 181 48 153 48 178 28 177 28 182 28 177 49 183 49 182 49 182 28 183 28 184 28 41 28 40 28 185 28 40 28 186 28 185 28 185 28 186 28 187 28 186 28 173 28 187 28 187 50 173 50 188 50 173 51 172 51 188 51 167 52 189 52 168 52 189 28 190 28 168 28 168 28 190 28 191 28 190 28 192 28 191 28 191 28 192 28 193 28 192 28 194 28 193 28 193 53 194 53 195 53 194 28 196 28 195 28 183 54 197 54 184 54 197 28 198 28 184 28 184 55 198 55 199 55 200 28 201 28 196 28 201 28 202 28 196 28 196 56 202 56 195 56 198 54 203 54 199 54 203 57 204 57 199 57 199 28 204 28 205 28 204 58 206 58 205 58 206 28 207 28 205 28 205 28 207 28 208 28 207 28 209 28 208 28 208 59 209 59 210 59 209 60 211 60 210 60 210 28 211 28 138 28 211 28 212 28 138 28 138 61 212 61 139 61 162 28 213 28 163 28 213 28 214 28 163 28 163 62 214 62 200 62 214 63 215 63 200 63 200 64 215 64 201 64 216 65 217 65 218 65 216 65 219 65 217 65 219 65 220 65 217 65 217 66 220 66 221 66 217 67 222 67 223 67 224 65 225 65 218 65 225 65 226 65 218 65 218 65 226 65 216 65 221 65 227 65 217 65 227 68 228 68 217 68 217 69 228 69 229 69 230 70 231 70 232 70 231 71 233 71 232 71 230 65 232 65 234 65 232 65 235 65 234 65 234 65 235 65 236 65 237 72 238 72 239 72 240 65 241 65 238 65 241 65 242 65 238 65 238 73 242 73 239 73 231 65 243 65 233 65 243 74 244 74 233 74 233 65 244 65 245 65 244 65 246 65 245 65 245 65 246 65 240 65 246 65 247 65 240 65 240 65 247 65 241 65 236 65 235 65 248 65 235 65 249 65 248 65 248 65 249 65 250 65 251 65 252 65 218 65 252 65 253 65 218 65 218 75 253 75 224 75 239 65 254 65 237 65 254 65 255 65 237 65 237 65 255 65 256 65 250 65 249 65 257 65 249 65 258 65 257 65 257 65 258 65 259 65 229 65 260 65 217 65 260 65 261 65 217 65 217 76 261 76 262 76 255 65 263 65 256 65 263 65 264 65 256 65 256 65 264 65 265 65 217 65 223 65 266 65 223 65 267 65 266 65 266 65 267 65 268 65 267 65 269 65 268 65 268 65 269 65 270 65 269 65 271 65 270 65 270 65 271 65 272 65 273 65 274 65 275 65 274 65 276 65 275 65 275 65 276 65 277 65 276 65 278 65 277 65 277 65 278 65 279 65 264 65 280 65 265 65 280 77 281 77 265 77 265 65 281 65 282 65 281 65 283 65 282 65 282 65 283 65 284 65 285 65 286 65 287 65 286 65 288 65 287 65 287 78 288 78 218 78 288 65 289 65 218 65 218 79 289 79 290 79 259 65 258 65 291 65 258 65 292 65 291 65 291 80 292 80 293 80 292 81 294 81 293 81 293 80 294 80 295 80 296 65 297 65 218 65 297 65 298 65 218 65 218 82 298 82 251 82 262 65 299 65 217 65 299 65 300 65 217 65 217 83 300 83 301 83 302 84 303 84 304 84 303 65 305 65 304 65 304 65 305 65 273 65 305 65 306 65 273 65 273 85 306 85 274 85 295 65 294 65 307 65 294 86 308 86 307 86 307 65 308 65 309 65 301 87 310 87 217 87 310 65 311 65 217 65 217 88 311 88 222 88 312 65 313 65 314 65 313 89 315 89 314 89 314 65 315 65 316 65 317 90 318 90 319 90 318 65 320 65 319 65 319 65 320 65 285 65 320 65 321 65 285 65 285 91 321 91 286 91 283 65 322 65 284 65 322 92 323 92 284 92 284 93 323 93 324 93 323 94 325 94 324 94 324 65 325 65 326 65 325 95 327 95 326 95 326 65 327 65 328 65 327 96 329 96 328 96 308 65 330 65 309 65 330 65 331 65 309 65 309 65 331 65 332 65 333 65 334 65 218 65 334 65 335 65 218 65 218 97 335 97 296 97 271 65 336 65 272 65 336 98 337 98 272 98 272 65 337 65 338 65 337 99 339 99 338 99 338 65 339 65 340 65 341 65 342 65 329 65 342 65 343 65 329 65 329 100 343 100 328 100 331 65 344 65 332 65 344 65 345 65 332 65 332 65 345 65 346 65 345 101 347 101 346 101 347 65 348 65 346 65 346 102 348 102 349 102 348 103 350 103 349 103 349 65 350 65 351 65 350 104 352 104 351 104 351 102 352 102 312 102 352 65 353 65 312 65 312 105 353 105 313 105 290 65 354 65 218 65 354 65 355 65 218 65 218 106 355 106 333 106 356 65 357 65 358 65 357 65 359 65 358 65 358 65 359 65 302 65 359 65 360 65 302 65 302 107 360 107 303 107 278 65 361 65 279 65 361 65 362 65 279 65 279 65 362 65 341 65 362 65 363 65 341 65 341 108 363 108 342 108 315 65 364 65 316 65 364 109 365 109 316 109 316 65 365 65 366 65 365 109 367 109 366 109 366 65 367 65 368 65 369 65 370 65 371 65 370 65 372 65 371 65 371 65 372 65 317 65 372 65 373 65 317 65 317 110 373 110 318 110 339 65 374 65 340 65 374 65 375 65 340 65 340 65 375 65 376 65 375 65 377 65 376 65 376 65 377 65 378 65 377 65 379 65 378 65 378 65 379 65 356 65 379 65 380 65 356 65 356 111 380 111 357 111 367 65 381 65 368 65 381 65 382 65 368 65 368 65 382 65 383 65 382 65 384 65 383 65 383 65 384 65 385 65 384 65 386 65 385 65 385 65 386 65 369 65 386 65 387 65 369 65 369 112 387 112 370 112 388 113 218 113 389 113 389 114 218 114 390 114 391 115 392 115 390 115 392 116 393 116 390 116 394 117 395 117 389 117 395 118 396 118 389 118 389 119 396 119 397 119 218 120 217 120 390 120 217 121 398 121 390 121 390 122 398 122 399 122 399 123 400 123 390 123 400 124 401 124 390 124 390 125 401 125 391 125 393 126 402 126 390 126 402 127 403 127 390 127 390 128 403 128 404 128 405 129 406 129 389 129 406 130 407 130 389 130 389 131 407 131 394 131 397 132 408 132 389 132 408 133 409 133 389 133 389 134 409 134 388 134 404 135 410 135 390 135 410 136 411 136 390 136 390 137 411 137 412 137 413 138 414 138 389 138 414 139 415 139 389 139 389 140 415 140 405 140 412 141 416 141 390 141 416 142 417 142 390 142 390 143 417 143 418 143 419 144 420 144 389 144 420 145 421 145 389 145 389 146 421 146 413 146 418 147 422 147 390 147 422 148 423 148 390 148 390 149 423 149 424 149 425 150 426 150 389 150 426 151 427 151 389 151 389 152 427 152 419 152 389 153 390 153 133 153 390 154 134 154 133 154 216 155 127 155 219 155 127 156 125 156 219 156 219 157 125 157 220 157 125 158 124 158 220 158 220 159 124 159 221 159 124 160 145 160 221 160 221 161 145 161 227 161 145 162 151 162 227 162 227 163 151 163 228 163 151 164 166 164 228 164 228 165 166 165 229 165 166 166 168 166 229 166 229 167 168 167 260 167 168 167 191 167 260 167 260 168 191 168 261 168 191 168 193 168 261 168 261 169 193 169 262 169 193 170 299 170 262 170 193 171 195 171 299 171 195 172 202 172 299 172 299 173 202 173 300 173 202 174 301 174 300 174 215 175 214 175 311 175 202 176 201 176 301 176 201 177 215 177 301 177 301 175 215 175 310 175 215 178 311 178 310 178 214 179 213 179 311 179 213 180 162 180 311 180 311 181 162 181 222 181 162 182 160 182 222 182 222 183 160 183 223 183 160 184 158 184 223 184 223 185 158 185 267 185 158 186 157 186 267 186 267 187 157 187 269 187 157 188 122 188 269 188 269 189 122 189 271 189 122 190 120 190 271 190 271 191 120 191 336 191 120 192 156 192 336 192 336 193 156 193 337 193 156 194 155 194 337 194 337 195 155 195 339 195 155 196 153 196 339 196 339 197 153 197 374 197 153 198 181 198 374 198 374 199 181 199 375 199 181 200 180 200 375 200 375 201 180 201 377 201 127 202 216 202 132 202 216 202 226 202 132 202 207 203 289 203 209 203 289 204 288 204 209 204 209 205 288 205 211 205 288 206 286 206 211 206 211 207 286 207 212 207 286 208 321 208 212 208 212 209 321 209 139 209 321 210 320 210 139 210 139 211 320 211 141 211 320 212 318 212 141 212 141 213 318 213 169 213 318 214 373 214 169 214 169 215 373 215 170 215 373 216 372 216 170 216 170 217 372 217 172 217 372 218 370 218 172 218 172 219 370 219 188 219 370 220 387 220 188 220 188 221 387 221 187 221 387 222 386 222 187 222 187 222 386 222 185 222 132 223 226 223 115 223 226 224 225 224 115 224 115 225 225 225 114 225 225 226 224 226 114 226 114 227 224 227 117 227 224 228 253 228 117 228 117 229 253 229 136 229 253 230 252 230 136 230 136 231 252 231 147 231 252 232 251 232 147 232 147 233 251 233 175 233 251 234 298 234 175 234 175 235 298 235 177 235 298 236 297 236 177 236 177 237 297 237 183 237 297 237 296 237 183 237 183 238 296 238 197 238 296 239 335 239 197 239 197 240 335 240 198 240 335 241 334 241 198 241 198 242 334 242 203 242 334 243 333 243 203 243 203 244 333 244 204 244 333 245 355 245 204 245 204 246 355 246 206 246 355 247 354 247 206 247 206 248 354 248 207 248 354 249 290 249 207 249 207 250 290 250 289 250 247 251 246 251 34 251 246 252 36 252 34 252 244 253 243 253 49 253 231 254 230 254 52 254 234 255 236 255 56 255 248 256 250 256 94 256 257 257 259 257 97 257 291 258 293 258 101 258 295 259 307 259 105 259 383 260 42 260 44 260 383 261 44 261 368 261 44 262 46 262 368 262 368 263 46 263 366 263 46 264 0 264 366 264 366 265 0 265 316 265 0 266 2 266 316 266 316 267 2 267 314 267 2 268 4 268 314 268 314 269 4 269 312 269 4 270 6 270 312 270 312 271 6 271 351 271 6 272 8 272 351 272 351 273 8 273 349 273 8 274 10 274 349 274 349 275 10 275 346 275 10 276 12 276 346 276 346 277 12 277 332 277 12 278 109 278 332 278 332 279 109 279 309 279 309 280 109 280 307 280 109 281 107 281 307 281 307 282 107 282 105 282 295 283 105 283 293 283 105 284 103 284 293 284 293 285 103 285 101 285 291 286 101 286 259 286 101 287 99 287 259 287 259 288 99 288 97 288 257 289 97 289 250 289 97 290 95 290 250 290 250 291 95 291 94 291 248 292 94 292 236 292 94 293 58 293 236 293 236 294 58 294 56 294 234 295 56 295 230 295 56 296 54 296 230 296 230 297 54 297 52 297 231 298 52 298 243 298 52 299 50 299 243 299 243 300 50 300 49 300 244 301 49 301 246 301 49 302 38 302 246 302 246 303 38 303 36 303 428 304 429 304 430 304 429 305 431 305 430 305 430 306 431 306 432 306 431 307 433 307 432 307 432 308 433 308 434 308 433 309 435 309 434 309 434 310 435 310 436 310 435 311 437 311 436 311 436 312 437 312 438 312 437 313 439 313 438 313 438 314 439 314 440 314 439 315 441 315 440 315 440 316 441 316 442 316 441 317 443 317 442 317 442 318 443 318 444 318 443 319 445 319 444 319 444 320 445 320 446 320 445 321 447 321 446 321 446 322 447 322 448 322 447 323 449 323 448 323 448 324 449 324 450 324 449 325 451 325 450 325 450 326 451 326 452 326 451 327 453 327 452 327 452 328 453 328 454 328 453 329 455 329 454 329 454 330 455 330 456 330 455 331 457 331 456 331 456 332 457 332 458 332 457 333 459 333 458 333 458 334 459 334 460 334 459 335 461 335 460 335 460 336 461 336 462 336 461 337 463 337 462 337 462 338 463 338 464 338 463 339 465 339 464 339 464 340 465 340 466 340 465 341 467 341 466 341 466 342 467 342 468 342 467 343 469 343 468 343 468 344 469 344 470 344 469 345 471 345 470 345 470 346 471 346 472 346 471 347 473 347 472 347 472 348 473 348 474 348 473 349 475 349 474 349 474 350 475 350 476 350 475 351 477 351 476 351 476 352 477 352 478 352 477 353 479 353 478 353 478 354 479 354 480 354 479 355 481 355 480 355 480 356 481 356 482 356 481 357 483 357 482 357 482 358 483 358 484 358 483 359 485 359 484 359 484 360 485 360 486 360 485 361 487 361 486 361 486 362 487 362 488 362 487 363 489 363 488 363 488 364 489 364 490 364 489 365 491 365 490 365 490 366 491 366 492 366 491 367 493 367 492 367 492 368 493 368 494 368 493 369 495 369 494 369 494 370 495 370 496 370 495 371 497 371 496 371 496 372 497 372 498 372 497 373 499 373 498 373 498 374 499 374 500 374 499 375 501 375 500 375 500 376 501 376 502 376 501 377 503 377 502 377 502 378 503 378 504 378 503 379 505 379 504 379 504 380 505 380 506 380 505 381 507 381 506 381 506 382 507 382 508 382 507 383 509 383 508 383 508 384 509 384 510 384 509 385 511 385 510 385 510 386 511 386 512 386 511 387 513 387 512 387 512 388 513 388 514 388 513 389 515 389 514 389 514 390 515 390 516 390 515 391 517 391 516 391 516 392 517 392 518 392 517 393 519 393 518 393 518 394 519 394 520 394 519 395 521 395 520 395 520 396 521 396 522 396 521 397 523 397 522 397 522 398 523 398 524 398 523 399 525 399 524 399 524 400 525 400 526 400 525 401 527 401 526 401 526 402 527 402 528 402 527 403 529 403 528 403 528 404 529 404 530 404 529 405 531 405 530 405 530 406 531 406 532 406 531 407 533 407 532 407 532 408 533 408 534 408 533 409 535 409 534 409 534 410 535 410 536 410 535 411 537 411 536 411 536 412 537 412 538 412 537 413 539 413 538 413 538 414 539 414 540 414 539 415 541 415 540 415 540 416 541 416 542 416 541 417 543 417 542 417 542 418 543 418 544 418 543 419 545 419 544 419 544 420 545 420 546 420 545 421 547 421 546 421 546 422 547 422 548 422 547 423 549 423 548 423 548 424 549 424 550 424 549 425 551 425 550 425 550 426 551 426 552 426 551 427 553 427 552 427 552 428 553 428 554 428 553 429 555 429 554 429 554 430 555 430 556 430 555 431 557 431 556 431 556 432 557 432 558 432 557 433 559 433 558 433 558 434 559 434 560 434 559 435 561 435 560 435 560 436 561 436 562 436 561 437 563 437 562 437 562 438 563 438 564 438 563 438 565 438 564 438 564 439 565 439 566 439 565 440 567 440 566 440 566 441 567 441 568 441 567 442 569 442 568 442 568 443 569 443 570 443 569 444 571 444 570 444 570 445 571 445 428 445 571 446 429 446 428 446 572 447 573 447 574 447 573 448 575 448 574 448 574 449 575 449 576 449 575 450 577 450 576 450 576 308 577 308 578 308 577 451 579 451 578 451 578 452 579 452 580 452 579 311 581 311 580 311 580 312 581 312 582 312 581 313 583 313 582 313 582 314 583 314 584 314 583 453 585 453 584 453 584 454 585 454 586 454 585 317 587 317 586 317 586 455 587 455 588 455 587 456 589 456 588 456 588 457 589 457 590 457 589 458 591 458 590 458 590 459 591 459 592 459 591 460 593 460 592 460 592 324 593 324 594 324 593 461 595 461 594 461 594 326 595 326 596 326 595 327 597 327 596 327 596 328 597 328 598 328 597 328 599 328 598 328 598 330 599 330 600 330 599 462 601 462 600 462 600 463 601 463 602 463 601 333 603 333 602 333 602 334 603 334 604 334 603 335 605 335 604 335 604 337 605 337 606 337 605 464 607 464 606 464 606 465 607 465 608 465 607 466 609 466 608 466 608 467 609 467 610 467 609 341 611 341 610 341 610 343 611 343 612 343 611 468 613 468 612 468 612 344 613 344 614 344 613 469 615 469 614 469 614 470 615 470 616 470 615 471 617 471 616 471 616 348 617 348 618 348 617 472 619 472 618 472 618 350 619 350 620 350 619 473 621 473 620 473 620 474 621 474 622 474 621 353 623 353 622 353 622 354 623 354 624 354 623 475 625 475 624 475 624 356 625 356 626 356 625 476 627 476 626 476 626 358 627 358 628 358 627 477 629 477 628 477 628 478 629 478 630 478 629 361 631 361 630 361 630 479 631 479 632 479 631 480 633 480 632 480 632 364 633 364 634 364 633 365 635 365 634 365 634 366 635 366 636 366 635 367 637 367 636 367 636 368 637 368 638 368 637 369 639 369 638 369 638 370 639 370 640 370 639 371 641 371 640 371 640 481 641 481 642 481 641 482 643 482 642 482 642 483 643 483 644 483 643 484 645 484 644 484 644 485 645 485 646 485 645 486 647 486 646 486 646 487 647 487 648 487 647 379 649 379 648 379 648 380 649 380 650 380 649 488 651 488 650 488 650 382 651 382 652 382 651 489 653 489 652 489 652 490 653 490 654 490 653 385 655 385 654 385 654 386 655 386 656 386 655 387 657 387 656 387 656 491 657 491 658 491 657 492 659 492 658 492 658 390 659 390 660 390 659 493 661 493 660 493 660 392 661 392 662 392 661 494 663 494 662 494 662 394 663 394 664 394 663 495 665 495 664 495 664 396 665 396 666 396 665 496 667 496 666 496 666 398 667 398 668 398 667 497 669 497 668 497 668 498 669 498 670 498 669 499 671 499 670 499 670 402 671 402 672 402 671 500 673 500 672 500 672 501 673 501 674 501 673 404 675 404 674 404 674 502 675 502 676 502 675 503 677 503 676 503 676 504 677 504 678 504 677 505 679 505 678 505 678 410 679 410 680 410 679 506 681 506 680 506 680 507 681 507 682 507 681 508 683 508 682 508 682 509 683 509 684 509 683 510 685 510 684 510 684 511 685 511 686 511 685 512 687 512 686 512 686 513 687 513 688 513 687 418 689 418 688 418 688 514 689 514 690 514 689 515 691 515 690 515 690 423 691 423 692 423 691 516 693 516 692 516 692 424 693 424 694 424 693 425 695 425 694 425 694 426 695 426 696 426 695 517 697 517 696 517 696 428 697 428 698 428 697 518 699 518 698 518 698 519 699 519 700 519 699 520 701 520 700 520 700 521 701 521 702 521 701 522 703 522 702 522 702 434 703 434 704 434 703 523 705 523 704 523 704 524 705 524 706 524 705 437 707 437 706 437 706 525 707 525 708 525 707 438 709 438 708 438 708 439 709 439 710 439 709 526 711 526 710 526 710 527 711 527 712 527 711 528 713 528 712 528 712 529 713 529 714 529 713 444 715 444 714 444 714 530 715 530 572 530 715 531 573 531 572 531 716 447 717 447 718 447 717 448 719 448 718 448 718 449 719 449 720 449 719 532 721 532 720 532 720 308 721 308 722 308 721 451 723 451 722 451 722 452 723 452 724 452 723 311 725 311 724 311 724 312 725 312 726 312 725 313 727 313 726 313 726 314 727 314 728 314 727 453 729 453 728 453 728 454 729 454 730 454 729 317 731 317 730 317 730 318 731 318 732 318 731 456 733 456 732 456 732 457 733 457 734 457 733 533 735 533 734 533 734 459 735 459 736 459 735 323 737 323 736 323 736 324 737 324 738 324 737 325 739 325 738 325 738 326 739 326 740 326 739 327 741 327 740 327 740 328 741 328 742 328 741 328 743 328 742 328 742 534 743 534 744 534 743 462 745 462 744 462 744 463 745 463 746 463 745 333 747 333 746 333 746 334 747 334 748 334 747 335 749 335 748 335 748 535 749 535 750 535 749 464 751 464 750 464 750 465 751 465 752 465 751 466 753 466 752 466 752 467 753 467 754 467 753 341 755 341 754 341 754 536 755 536 756 536 755 468 757 468 756 468 756 344 757 344 758 344 757 469 759 469 758 469 758 470 759 470 760 470 759 471 761 471 760 471 760 537 761 537 762 537 761 472 763 472 762 472 762 350 763 350 764 350 763 473 765 473 764 473 764 474 765 474 766 474 765 353 767 353 766 353 766 354 767 354 768 354 767 355 769 355 768 355 768 356 769 356 770 356 769 357 771 357 770 357 770 358 771 358 772 358 771 359 773 359 772 359 772 360 773 360 774 360 773 361 775 361 774 361 774 479 775 479 776 479 775 480 777 480 776 480 776 364 777 364 778 364 777 365 779 365 778 365 778 366 779 366 780 366 779 367 781 367 780 367 780 368 781 368 782 368 781 369 783 369 782 369 782 370 783 370 784 370 783 371 785 371 784 371 784 481 785 481 786 481 785 538 787 538 786 538 786 483 787 483 788 483 787 484 789 484 788 484 788 485 789 485 790 485 789 486 791 486 790 486 790 487 791 487 792 487 791 539 793 539 792 539 792 380 793 380 794 380 793 488 795 488 794 488 794 382 795 382 796 382 795 489 797 489 796 489 796 490 797 490 798 490 797 385 799 385 798 385 798 386 799 386 800 386 799 387 801 387 800 387 800 491 801 491 802 491 801 492 803 492 802 492 802 390 803 390 804 390 803 493 805 493 804 493 804 392 805 392 806 392 805 393 807 393 806 393 806 394 807 394 808 394 807 395 809 395 808 395 808 396 809 396 810 396 809 397 811 397 810 397 810 398 811 398 812 398 811 497 813 497 812 497 812 498 813 498 814 498 813 499 815 499 814 499 814 540 815 540 816 540 815 500 817 500 816 500 816 501 817 501 818 501 817 404 819 404 818 404 818 502 819 502 820 502 819 503 821 503 820 503 820 541 821 541 822 541 821 541 823 541 822 541 822 410 823 410 824 410 823 506 825 506 824 506 824 507 825 507 826 507 825 508 827 508 826 508 826 542 827 542 828 542 827 542 829 542 828 542 828 511 829 511 830 511 829 512 831 512 830 512 830 513 831 513 832 513 831 418 833 418 832 418 832 543 833 543 834 543 833 515 835 515 834 515 834 423 835 423 836 423 835 516 837 516 836 516 836 424 837 424 838 424 837 425 839 425 838 425 838 426 839 426 840 426 839 427 841 427 840 427 840 428 841 428 842 428 841 544 843 544 842 544 842 519 843 519 844 519 843 545 845 545 844 545 844 521 845 521 846 521 845 522 847 522 846 522 846 434 847 434 848 434 847 523 849 523 848 523 848 524 849 524 850 524 849 437 851 437 850 437 850 525 851 525 852 525 851 438 853 438 852 438 852 439 853 439 854 439 853 526 855 526 854 526 854 527 855 527 856 527 855 528 857 528 856 528 856 529 857 529 858 529 857 546 859 546 858 546 858 530 859 530 716 530 859 531 717 531 716 531 860 304 861 304 862 304 861 305 863 305 862 305 862 306 863 306 864 306 863 547 865 547 864 547 864 308 865 308 866 308 865 309 867 309 866 309 866 310 867 310 868 310 867 311 869 311 868 311 868 312 869 312 870 312 869 313 871 313 870 313 870 314 871 314 872 314 871 315 873 315 872 315 872 316 873 316 874 316 873 317 875 317 874 317 874 318 875 318 876 318 875 455 877 455 876 455 876 320 877 320 878 320 877 548 879 548 878 548 878 322 879 322 880 322 879 460 881 460 880 460 880 549 881 549 882 549 881 325 883 325 882 325 882 326 883 326 884 326 883 327 885 327 884 327 884 328 885 328 886 328 885 329 887 329 886 329 886 330 887 330 888 330 887 331 889 331 888 331 888 332 889 332 890 332 889 333 891 333 890 333 890 334 891 334 892 334 891 335 893 335 892 335 892 336 893 336 894 336 893 337 895 337 894 337 894 338 895 338 896 338 895 339 897 339 896 339 896 340 897 340 898 340 897 341 899 341 898 341 898 342 899 342 900 342 899 343 901 343 900 343 900 344 901 344 902 344 901 345 903 345 902 345 902 346 903 346 904 346 903 347 905 347 904 347 904 348 905 348 906 348 905 349 907 349 906 349 906 350 907 350 908 350 907 351 909 351 908 351 908 352 909 352 910 352 909 353 911 353 910 353 910 550 911 550 912 550 911 355 913 355 912 355 912 356 913 356 914 356 913 476 915 476 914 476 914 358 915 358 916 358 915 477 917 477 916 477 916 360 917 360 918 360 917 478 919 478 918 478 918 362 919 362 920 362 919 363 921 363 920 363 920 364 921 364 922 364 921 365 923 365 922 365 922 366 923 366 924 366 923 367 925 367 924 367 924 368 925 368 926 368 925 369 927 369 926 369 926 370 927 370 928 370 927 371 929 371 928 371 928 372 929 372 930 372 929 551 931 551 930 551 930 374 931 374 932 374 931 375 933 375 932 375 932 376 933 376 934 376 933 377 935 377 934 377 934 378 935 378 936 378 935 539 937 539 936 539 936 552 937 552 938 552 937 488 939 488 938 488 938 553 939 553 940 553 939 489 941 489 940 489 940 490 941 490 942 490 941 554 943 554 942 554 942 386 943 386 944 386 943 387 945 387 944 387 944 388 945 388 946 388 945 389 947 389 946 389 946 390 947 390 948 390 947 493 949 493 948 493 948 392 949 392 950 392 949 494 951 494 950 494 950 394 951 394 952 394 951 495 953 495 952 495 952 396 953 396 954 396 953 496 955 496 954 496 954 398 955 398 956 398 955 399 957 399 956 399 956 400 957 400 958 400 957 401 959 401 958 401 958 402 959 402 960 402 959 403 961 403 960 403 960 404 961 404 962 404 961 405 963 405 962 405 962 555 963 555 964 555 963 556 965 556 964 556 964 557 965 557 966 557 965 409 967 409 966 409 966 410 967 410 968 410 967 411 969 411 968 411 968 412 969 412 970 412 969 413 971 413 970 413 970 558 971 558 972 558 971 415 973 415 972 415 972 559 973 559 974 559 973 560 975 560 974 560 974 418 975 418 976 418 975 419 977 419 976 419 976 420 977 420 978 420 977 421 979 421 978 421 978 422 979 422 980 422 979 423 981 423 980 423 980 424 981 424 982 424 981 425 983 425 982 425 982 426 983 426 984 426 983 517 985 517 984 517 984 428 985 428 986 428 985 561 987 561 986 561 986 430 987 430 988 430 987 562 989 562 988 562 988 432 989 432 990 432 989 522 991 522 990 522 990 434 991 434 992 434 991 435 993 435 992 435 992 436 993 436 994 436 993 437 995 437 994 437 994 525 995 525 996 525 995 563 997 563 996 563 996 564 997 564 998 564 997 565 999 565 998 565 998 566 999 566 1000 566 999 528 1001 528 1000 528 1000 443 1001 443 1002 443 1001 546 1003 546 1002 546 1002 445 1003 445 860 445 1003 446 861 446 860 446 241 567 247 567 34 567 241 568 34 568 242 568 34 569 32 569 242 569 32 570 30 570 242 570 242 571 30 571 239 571 30 572 254 572 239 572 30 573 28 573 254 573 28 574 27 574 254 574 254 575 27 575 255 575 27 576 263 576 255 576 27 577 70 577 263 577 70 578 72 578 263 578 263 579 72 579 264 579 72 580 280 580 264 580 72 581 74 581 280 581 74 582 76 582 280 582 280 583 76 583 281 583 76 584 283 584 281 584 76 585 78 585 283 585 78 586 80 586 283 586 283 587 80 587 322 587 80 588 323 588 322 588 80 589 81 589 323 589 81 590 83 590 323 590 323 591 83 591 325 591 83 592 327 592 325 592 83 593 85 593 327 593 85 594 87 594 327 594 327 595 87 595 329 595 87 596 89 596 329 596 89 597 91 597 329 597 91 598 13 598 329 598 329 599 13 599 341 599 13 600 15 600 341 600 341 601 15 601 279 601 15 602 17 602 279 602 279 603 17 603 277 603 17 604 19 604 277 604 277 605 19 605 275 605 19 606 21 606 275 606 275 607 21 607 273 607 21 608 23 608 273 608 273 609 23 609 304 609 23 610 25 610 304 610 304 611 25 611 302 611 25 612 67 612 302 612 302 613 67 613 358 613 67 614 65 614 358 614 358 615 65 615 356 615 65 616 63 616 356 616 356 617 63 617 378 617 997 618 995 618 378 618 647 619 645 619 179 619 869 620 867 620 378 620 647 618 179 618 649 618 969 621 967 621 376 621 967 618 965 618 376 618 376 622 965 622 963 622 645 618 643 618 179 618 643 623 641 623 179 623 179 624 641 624 639 624 941 618 939 618 681 618 675 618 673 618 945 618 673 625 671 625 945 625 378 626 861 626 1003 626 995 618 993 618 378 618 993 618 991 618 378 618 378 627 991 627 989 627 925 618 923 618 681 618 867 618 865 618 378 618 865 618 863 618 378 618 378 628 863 628 861 628 1003 629 1001 629 378 629 1001 630 999 630 378 630 378 631 999 631 997 631 981 632 979 632 376 632 979 633 977 633 376 633 376 634 977 634 975 634 975 635 973 635 376 635 973 618 971 618 376 618 376 636 971 636 969 636 963 637 961 637 376 637 961 638 959 638 376 638 376 639 959 639 957 639 957 618 955 618 376 618 955 640 953 640 376 640 376 641 953 641 951 641 681 642 933 642 931 642 941 618 681 618 943 618 681 618 679 618 943 618 943 618 679 618 945 618 679 618 677 618 945 618 945 643 677 643 675 643 639 644 637 644 179 644 637 645 635 645 179 645 179 646 635 646 633 646 63 647 587 647 378 647 587 648 585 648 378 648 378 649 585 649 583 649 939 618 937 618 681 618 937 618 935 618 681 618 681 650 935 650 933 650 931 618 929 618 681 618 929 618 927 618 681 618 681 651 927 651 925 651 989 618 987 618 378 618 987 652 985 652 378 652 378 653 985 653 376 653 985 654 983 654 376 654 376 655 983 655 981 655 657 656 655 656 179 656 63 618 61 618 179 618 625 657 623 657 63 657 657 618 179 618 659 618 655 658 653 658 179 658 653 618 651 618 179 618 179 659 651 659 649 659 599 618 597 618 63 618 597 618 595 618 63 618 63 660 595 660 593 660 583 661 581 661 378 661 581 662 579 662 378 662 378 663 579 663 577 663 951 618 949 618 376 618 949 664 947 664 376 664 376 618 947 618 179 618 947 618 945 618 179 618 179 665 945 665 659 665 671 666 669 666 945 666 669 618 667 618 945 618 945 667 667 667 665 667 665 618 663 618 945 618 663 668 661 668 945 668 945 669 661 669 659 669 633 618 631 618 179 618 631 670 629 670 179 670 179 618 629 618 63 618 629 671 627 671 63 671 63 672 627 672 625 672 593 673 591 673 63 673 591 674 589 674 63 674 63 675 589 675 587 675 577 618 575 618 378 618 575 618 573 618 378 618 378 676 573 676 715 676 715 618 713 618 378 618 713 618 711 618 378 618 378 677 711 677 709 677 623 618 621 618 63 618 621 618 619 618 63 618 63 678 619 678 617 678 617 618 615 618 63 618 615 679 613 679 63 679 63 680 613 680 611 680 611 618 609 618 63 618 609 618 607 618 63 618 63 681 607 681 605 681 709 618 707 618 378 618 707 618 705 618 378 618 378 682 705 682 703 682 605 683 603 683 63 683 603 618 601 618 63 618 63 684 601 684 599 684 923 618 921 618 681 618 921 685 919 685 681 685 681 618 919 618 683 618 919 686 685 686 683 686 703 687 897 687 895 687 875 618 873 618 378 618 873 618 871 618 378 618 378 688 871 688 869 688 701 689 907 689 905 689 917 618 915 618 689 618 915 618 913 618 689 618 917 618 689 618 919 618 689 690 687 690 919 690 919 691 687 691 685 691 905 692 903 692 701 692 903 618 901 618 701 618 701 693 901 693 703 693 901 694 899 694 703 694 703 695 899 695 897 695 895 696 893 696 703 696 893 697 891 697 703 697 703 698 891 698 889 698 889 618 887 618 703 618 887 618 885 618 703 618 703 699 885 699 883 699 883 618 881 618 703 618 881 618 879 618 703 618 703 700 879 700 378 700 879 618 877 618 378 618 378 701 877 701 875 701 701 618 699 618 907 618 699 702 697 702 907 702 907 618 697 618 909 618 697 618 695 618 909 618 909 618 695 618 911 618 695 618 693 618 911 618 911 618 693 618 913 618 693 618 691 618 913 618 913 703 691 703 689 703 238 704 237 704 29 704 256 705 265 705 71 705 282 706 284 706 75 706 324 707 326 707 79 707 328 708 343 708 84 708 342 709 363 709 88 709 362 710 361 710 92 710 379 711 62 711 64 711 379 712 64 712 380 712 64 713 66 713 380 713 380 714 66 714 357 714 66 715 68 715 357 715 357 716 68 716 359 716 68 717 69 717 359 717 359 718 69 718 360 718 69 719 24 719 360 719 360 720 24 720 303 720 24 721 22 721 303 721 303 722 22 722 305 722 22 723 20 723 305 723 305 724 20 724 306 724 20 725 18 725 306 725 306 726 18 726 274 726 18 727 16 727 274 727 274 728 16 728 276 728 16 729 14 729 276 729 276 730 14 730 278 730 278 731 14 731 361 731 14 732 93 732 361 732 361 733 93 733 92 733 362 734 92 734 363 734 92 735 90 735 363 735 363 736 90 736 88 736 342 737 88 737 343 737 88 738 86 738 343 738 343 739 86 739 84 739 328 740 84 740 326 740 84 741 82 741 326 741 326 742 82 742 79 742 324 743 79 743 284 743 79 744 77 744 284 744 284 745 77 745 75 745 282 746 75 746 265 746 75 747 73 747 265 747 265 748 73 748 71 748 256 749 71 749 237 749 71 750 26 750 237 750 237 751 26 751 29 751 238 752 29 752 240 752 29 753 31 753 240 753 240 754 31 754 33 754 35 755 245 755 33 755 245 756 240 756 33 756 233 757 245 757 35 757 233 758 35 758 232 758 35 759 37 759 232 759 37 760 39 760 232 760 232 761 39 761 235 761 39 762 249 762 235 762 39 763 51 763 249 763 51 764 53 764 249 764 249 765 53 765 258 765 53 766 292 766 258 766 53 767 55 767 292 767 55 768 57 768 292 768 292 769 57 769 294 769 57 770 308 770 294 770 57 771 59 771 308 771 59 772 96 772 308 772 308 773 96 773 330 773 96 774 331 774 330 774 96 775 98 775 331 775 98 776 100 776 331 776 331 777 100 777 344 777 100 778 345 778 344 778 100 779 102 779 345 779 102 780 104 780 345 780 345 781 104 781 347 781 104 782 348 782 347 782 104 783 106 783 348 783 106 784 108 784 348 784 348 785 108 785 350 785 108 786 110 786 350 786 110 787 111 787 350 787 111 788 11 788 350 788 350 789 11 789 352 789 11 790 9 790 352 790 352 791 9 791 353 791 9 792 7 792 353 792 353 793 7 793 313 793 7 794 5 794 313 794 313 795 5 795 315 795 5 796 3 796 315 796 315 797 3 797 364 797 3 798 1 798 364 798 364 799 1 799 365 799 1 800 48 800 365 800 365 801 48 801 367 801 48 802 47 802 367 802 367 803 47 803 381 803 47 804 45 804 381 804 381 805 45 805 382 805 45 806 43 806 382 806 382 807 43 807 384 807 437 618 435 618 384 618 539 618 537 618 386 618 537 618 535 618 386 618 386 808 535 808 533 808 839 618 837 618 507 618 725 618 723 618 384 618 521 809 519 809 386 809 795 618 185 618 797 618 185 810 799 810 797 810 795 811 793 811 185 811 793 812 791 812 185 812 185 813 791 813 789 813 789 618 787 618 185 618 787 618 785 618 185 618 185 814 785 814 783 814 507 815 847 815 845 815 565 618 563 618 384 618 384 816 429 816 571 816 503 618 501 618 849 618 501 618 499 618 849 618 435 618 433 618 384 618 433 618 431 618 384 618 384 817 431 817 429 817 571 618 569 618 384 618 569 618 567 618 384 618 384 818 567 818 565 818 527 819 525 819 386 819 525 618 523 618 386 618 386 820 523 820 521 820 845 618 843 618 507 618 843 618 841 618 507 618 507 821 841 821 839 821 731 822 384 822 43 822 847 823 507 823 849 823 507 824 505 824 849 824 849 618 505 618 503 618 723 618 721 618 384 618 721 618 719 618 384 618 384 825 719 825 717 825 499 618 497 618 849 618 497 618 495 618 849 618 849 826 495 826 493 826 563 618 561 618 384 618 561 618 559 618 384 618 384 827 559 827 557 827 533 828 531 828 386 828 531 637 529 637 386 637 386 829 529 829 527 829 519 830 517 830 386 830 517 664 515 664 386 664 386 831 515 831 513 831 819 618 817 618 513 618 809 618 807 618 386 618 837 832 835 832 507 832 835 833 833 833 507 833 507 618 833 618 509 618 833 618 831 618 509 618 509 618 831 618 511 618 831 618 829 618 511 618 511 834 829 834 827 834 783 618 781 618 185 618 781 645 779 645 185 645 185 835 779 835 777 835 731 618 729 618 384 618 729 618 727 618 384 618 384 836 727 836 725 836 807 618 805 618 386 618 805 618 803 618 386 618 386 837 803 837 185 837 803 838 801 838 185 838 185 839 801 839 799 839 43 618 41 618 185 618 769 618 767 618 43 618 545 633 386 633 547 633 386 840 549 840 547 840 545 841 543 841 386 841 543 842 541 842 386 842 386 843 541 843 539 843 827 618 825 618 511 618 825 618 823 618 511 618 511 618 823 618 513 618 823 618 821 618 513 618 513 844 821 844 819 844 817 618 815 618 513 618 815 618 813 618 513 618 513 618 813 618 386 618 813 618 811 618 386 618 386 845 811 845 809 845 743 618 741 618 43 618 741 618 739 618 43 618 43 846 739 846 737 846 557 618 555 618 384 618 555 847 553 847 384 847 384 618 553 618 386 618 553 654 551 654 386 654 386 848 551 848 549 848 777 849 775 849 185 849 775 618 773 618 185 618 185 618 773 618 43 618 773 850 771 850 43 850 43 851 771 851 769 851 737 618 735 618 43 618 735 852 733 852 43 852 43 853 733 853 731 853 471 854 717 854 859 854 859 618 857 618 471 618 857 855 855 855 471 855 471 856 855 856 853 856 443 857 441 857 384 857 441 618 439 618 384 618 384 858 439 858 437 858 767 618 765 618 43 618 765 618 763 618 43 618 43 859 763 859 761 859 761 618 759 618 43 618 759 618 757 618 43 618 43 860 757 860 755 860 755 618 753 618 43 618 753 618 751 618 43 618 43 861 751 861 749 861 493 618 491 618 849 618 491 618 489 618 849 618 849 862 489 862 487 862 471 618 469 618 717 618 469 618 467 618 717 618 717 863 467 863 465 863 465 618 463 618 717 618 463 618 461 618 717 618 717 864 461 864 459 864 749 618 747 618 43 618 747 618 745 618 43 618 43 865 745 865 743 865 717 866 453 866 451 866 459 618 457 618 717 618 457 867 455 867 717 867 717 868 455 868 453 868 451 618 449 618 717 618 449 618 447 618 717 618 717 618 447 618 384 618 447 618 445 618 384 618 384 869 445 869 443 869 487 618 485 618 849 618 485 618 483 618 849 618 849 870 483 870 481 870 481 618 479 618 849 618 479 618 477 618 849 618 849 618 477 618 851 618 477 618 475 618 851 618 851 618 475 618 853 618 475 618 473 618 853 618 853 871 473 871 471 871 636 872 638 872 180 872 628 873 630 873 180 873 582 872 584 872 896 872 628 874 180 874 626 874 992 875 994 875 379 875 994 872 996 872 379 872 379 876 996 876 998 876 180 872 60 872 62 872 630 872 632 872 180 872 632 872 634 872 180 872 180 877 634 877 636 877 180 878 644 878 646 878 606 879 608 879 62 879 608 880 610 880 62 880 62 881 610 881 612 881 638 872 640 872 180 872 640 882 642 882 180 882 180 883 642 883 644 883 896 872 584 872 894 872 612 884 614 884 62 884 614 885 616 885 62 885 62 886 616 886 618 886 618 872 620 872 62 872 620 872 622 872 62 872 62 887 622 887 180 887 622 872 624 872 180 872 180 888 624 888 626 888 926 889 660 889 924 889 660 890 922 890 924 890 896 872 898 872 582 872 898 872 900 872 582 872 582 891 900 891 902 891 998 872 1000 872 379 872 1000 872 1002 872 379 872 379 892 1002 892 860 892 860 872 862 872 379 872 862 872 864 872 379 872 379 893 864 893 866 893 658 894 934 894 936 894 377 895 958 895 960 895 574 872 576 872 904 872 576 872 578 872 904 872 904 872 578 872 902 872 578 872 580 872 902 872 902 896 580 896 582 896 866 872 868 872 379 872 868 872 870 872 379 872 379 897 870 897 872 897 704 872 706 872 904 872 706 898 708 898 904 898 708 872 710 872 904 872 904 899 710 899 712 899 712 872 714 872 904 872 714 872 572 872 904 872 904 900 572 900 574 900 926 872 928 872 660 872 928 872 930 872 660 872 660 872 930 872 658 872 930 901 932 901 658 901 658 902 932 902 934 902 586 872 588 872 62 872 594 872 596 872 62 872 596 872 598 872 62 872 62 903 598 903 600 903 600 904 602 904 62 904 602 905 604 905 62 905 62 906 604 906 606 906 936 872 938 872 658 872 938 872 940 872 658 872 658 907 940 907 942 907 950 872 952 872 377 872 960 908 962 908 377 908 962 909 964 909 377 909 377 910 964 910 966 910 872 872 874 872 379 872 874 872 876 872 379 872 379 872 876 872 62 872 886 872 888 872 584 872 588 911 590 911 62 911 590 872 592 872 62 872 62 912 592 912 594 912 646 872 648 872 180 872 648 913 650 913 180 913 180 914 650 914 652 914 966 872 968 872 377 872 968 872 970 872 377 872 377 915 970 915 972 915 972 916 974 916 377 916 974 917 976 917 377 917 377 918 976 918 978 918 986 872 988 872 379 872 988 872 990 872 379 872 379 919 990 919 992 919 888 872 890 872 584 872 890 920 892 920 584 920 584 921 892 921 894 921 952 872 954 872 377 872 954 872 956 872 377 872 377 922 956 922 958 922 876 872 878 872 62 872 878 872 880 872 62 872 62 923 880 923 586 923 880 872 882 872 586 872 586 872 882 872 584 872 882 924 884 924 584 924 584 925 884 925 886 925 922 872 660 872 920 872 660 926 662 926 920 926 920 872 662 872 918 872 662 872 664 872 918 872 918 927 664 927 666 927 944 928 946 928 377 928 946 929 948 929 377 929 377 930 948 930 950 930 978 931 980 931 377 931 980 872 982 872 377 872 377 932 982 932 379 932 982 872 984 872 379 872 379 933 984 933 986 933 696 872 698 872 906 872 698 934 700 934 906 934 906 935 700 935 904 935 700 872 702 872 904 872 904 936 702 936 704 936 666 872 668 872 918 872 668 872 670 872 918 872 918 937 670 937 672 937 672 872 674 872 918 872 674 872 676 872 918 872 918 938 676 938 678 938 678 872 680 872 918 872 680 872 682 872 918 872 918 939 682 939 684 939 652 940 654 940 180 940 654 941 656 941 180 941 180 942 656 942 377 942 656 872 658 872 377 872 377 872 658 872 944 872 658 943 942 943 944 943 684 872 686 872 918 872 686 872 688 872 918 872 918 872 688 872 916 872 696 872 906 872 694 872 906 872 908 872 694 872 694 872 908 872 692 872 908 872 910 872 692 872 692 872 910 872 690 872 910 872 912 872 690 872 690 872 912 872 688 872 912 872 914 872 688 872 688 944 914 944 916 944 772 873 774 873 186 873 772 874 186 874 770 874 186 872 40 872 42 872 774 945 776 945 186 945 776 946 778 946 186 946 186 947 778 947 780 947 560 872 562 872 383 872 562 872 564 872 383 872 383 948 564 948 566 948 750 872 752 872 42 872 752 872 754 872 42 872 42 949 754 949 756 949 566 950 568 950 383 950 568 872 570 872 383 872 383 951 570 951 428 951 428 872 430 872 383 872 430 872 432 872 383 872 383 952 432 952 434 952 756 872 758 872 42 872 758 953 760 953 42 953 42 954 760 954 762 954 762 955 764 955 42 955 764 872 766 872 42 872 42 872 766 872 186 872 766 872 768 872 186 872 186 956 768 956 770 956 780 957 782 957 186 957 782 872 784 872 186 872 186 958 784 958 786 958 786 872 788 872 186 872 788 959 790 959 186 959 186 960 790 960 792 960 434 872 436 872 383 872 436 872 438 872 383 872 383 961 438 961 440 961 802 962 502 962 504 962 186 963 506 963 508 963 518 872 520 872 385 872 730 964 732 964 42 964 494 965 804 965 492 965 804 966 490 966 492 966 718 967 720 967 464 967 720 872 722 872 464 872 464 968 722 968 724 968 518 872 385 872 516 872 530 872 385 872 528 872 385 969 526 969 528 969 554 872 556 872 383 872 556 872 558 872 383 872 383 970 558 970 560 970 440 872 442 872 383 872 442 872 444 872 383 872 383 872 444 872 42 872 738 872 740 872 42 872 740 971 742 971 42 971 42 972 742 972 744 972 744 973 746 973 42 973 746 872 748 872 42 872 42 974 748 974 750 974 494 872 496 872 804 872 496 872 498 872 804 872 804 872 498 872 802 872 498 872 500 872 802 872 802 975 500 975 502 975 520 872 522 872 385 872 522 872 524 872 385 872 385 976 524 976 526 976 454 872 456 872 728 872 456 872 458 872 728 872 728 977 458 977 460 977 732 978 734 978 42 978 734 979 736 979 42 979 42 980 736 980 738 980 848 872 850 872 464 872 850 872 852 872 464 872 852 872 854 872 464 872 464 981 854 981 856 981 856 872 858 872 464 872 858 872 716 872 464 872 464 982 716 982 718 982 508 872 510 872 186 872 510 872 512 872 186 872 186 983 512 983 385 983 512 984 514 984 385 984 385 985 514 985 516 985 444 872 446 872 42 872 446 872 448 872 42 872 42 986 448 986 730 986 448 872 450 872 730 872 730 987 450 987 728 987 450 924 452 924 728 924 728 988 452 988 454 988 724 872 726 872 464 872 726 872 728 872 464 872 464 872 728 872 462 872 728 989 460 989 462 989 792 913 794 913 186 913 794 872 796 872 186 872 186 990 796 990 798 990 542 872 544 872 385 872 544 991 546 991 385 991 468 872 470 872 846 872 798 872 800 872 186 872 800 872 802 872 186 872 186 992 802 992 506 992 802 993 504 993 506 993 546 931 548 931 385 931 548 872 550 872 385 872 385 994 550 994 383 994 550 872 552 872 383 872 383 995 552 995 554 995 848 872 464 872 846 872 464 872 466 872 846 872 846 996 466 996 468 996 490 872 804 872 488 872 804 872 806 872 488 872 488 872 806 872 486 872 806 872 808 872 486 872 486 997 808 997 810 997 530 872 532 872 385 872 532 998 534 998 385 998 385 999 534 999 536 999 536 872 538 872 385 872 538 1000 540 1000 385 1000 385 1001 540 1001 542 1001 470 872 472 872 846 872 472 872 474 872 846 872 846 872 474 872 844 872 474 1002 842 1002 844 1002 810 872 812 872 486 872 812 1003 814 1003 486 1003 486 1004 814 1004 816 1004 486 1005 822 1005 824 1005 836 1006 478 1006 480 1006 816 872 818 872 486 872 818 872 820 872 486 872 486 1007 820 1007 822 1007 824 1008 826 1008 486 1008 826 872 828 872 486 872 486 1009 828 1009 830 1009 480 872 482 872 836 872 482 1010 484 1010 836 1010 836 1011 484 1011 834 1011 484 872 486 872 834 872 834 872 486 872 832 872 486 1012 830 1012 832 1012 478 1013 836 1013 476 1013 836 1014 838 1014 476 1014 476 872 838 872 474 872 838 872 840 872 474 872 474 1015 840 1015 842 1015 128 1016 134 1016 390 1016 126 1017 129 1017 423 1017 144 1018 143 1018 418 1018 150 1019 149 1019 416 1019 165 1020 164 1020 411 1020 189 1021 167 1021 404 1021 192 1022 190 1022 402 1022 376 1023 179 1023 152 1023 398 1024 217 1024 266 1024 376 1025 152 1025 340 1025 152 1026 154 1026 340 1026 340 1027 154 1027 338 1027 154 1028 119 1028 338 1028 338 1029 119 1029 272 1029 119 1030 121 1030 272 1030 272 1031 121 1031 270 1031 121 1032 123 1032 270 1032 270 1033 123 1033 268 1033 123 1034 159 1034 268 1034 268 1035 159 1035 266 1035 159 1036 161 1036 266 1036 266 1037 161 1037 398 1037 161 1038 163 1038 398 1038 398 1039 163 1039 399 1039 163 1040 200 1040 399 1040 399 1041 200 1041 400 1041 200 1042 196 1042 400 1042 400 1043 196 1043 401 1043 192 1044 402 1044 194 1044 402 1045 393 1045 194 1045 393 1046 392 1046 194 1046 194 1047 392 1047 196 1047 392 1048 391 1048 196 1048 196 1049 391 1049 401 1049 189 1050 404 1050 190 1050 404 1051 403 1051 190 1051 190 1052 403 1052 402 1052 165 1053 411 1053 167 1053 411 1054 410 1054 167 1054 167 1055 410 1055 404 1055 150 1056 416 1056 164 1056 416 1057 412 1057 164 1057 164 1058 412 1058 411 1058 144 1059 418 1059 149 1059 418 1060 417 1060 149 1060 149 1061 417 1061 416 1061 126 1062 423 1062 143 1062 423 1063 422 1063 143 1063 143 1064 422 1064 418 1064 128 1065 390 1065 129 1065 390 1066 424 1066 129 1066 129 1067 424 1067 423 1067 287 1068 218 1068 388 1068 425 1069 389 1069 133 1069 425 1070 133 1070 426 1070 133 1071 131 1071 426 1071 131 1072 130 1072 426 1072 426 1073 130 1073 427 1073 130 1074 419 1074 427 1074 130 1075 113 1075 419 1075 113 1076 112 1076 419 1076 419 1077 112 1077 420 1077 112 1078 421 1078 420 1078 112 1079 116 1079 421 1079 116 1080 118 1080 421 1080 421 1081 118 1081 413 1081 118 1082 414 1082 413 1082 118 1083 135 1083 414 1083 135 1084 137 1084 414 1084 414 1085 137 1085 415 1085 137 1086 405 1086 415 1086 137 1087 146 1087 405 1087 146 1088 148 1088 405 1088 405 1089 148 1089 406 1089 148 1090 407 1090 406 1090 148 1091 174 1091 407 1091 174 1092 176 1092 407 1092 407 1093 176 1093 394 1093 176 1094 395 1094 394 1094 176 1095 178 1095 395 1095 178 1096 182 1096 395 1096 395 1097 182 1097 396 1097 182 1098 397 1098 396 1098 182 1099 184 1099 397 1099 184 1100 199 1100 397 1100 397 1101 199 1101 408 1101 199 1102 205 1102 408 1102 408 1103 205 1103 409 1103 205 1104 208 1104 409 1104 409 1105 208 1105 388 1105 208 1106 210 1106 388 1106 388 1107 210 1107 287 1107 210 1108 138 1108 287 1108 287 1109 138 1109 285 1109 138 1110 140 1110 285 1110 285 1111 140 1111 319 1111 140 1112 142 1112 319 1112 319 1113 142 1113 317 1113 142 1114 171 1114 317 1114 317 1115 171 1115 371 1115 171 1116 173 1116 371 1116 371 1117 173 1117 369 1117 173 1118 186 1118 369 1118 369 1119 186 1119 385 1119</p>
        </triangles>
      </mesh>
    </geometry>
  </library_geometries>
  <library_visual_scenes>
    <visual_scene id="Scene" name="Scene">
      <node id="chassis_default_as_machined__15" name="chassis_default_as_machined__15" type="NODE">
        <matrix sid="transform">1 0 0 0 0 1 0 0 0 0 1 0 0 0 0 1</matrix>
        <instance_geometry url="#chassis_default_as_machined__15-mesh" name="chassis_default_as_machined__15"/>
      </node>
    </visual_scene>
  </library_visual_scenes>
  <scene>
    <instance_visual_scene url="#Scene"/>
  </scene>
</COLLADA>