<?xml version="1.0" encoding="utf-8"?>
<COLLADA xmlns="http://www.collada.org/2005/11/COLLADASchema" version="1.4.1" xmlns:xsi="http://www.w3.org/2001/XMLSchema-instance">
  <asset>
    <contributor>
      <author>Blender User</author>
      <authoring_tool>Blender 3.0.1</authoring_tool>
    </contributor>
    <created>2026-06-04T16:18:48</created>
    <modified>2026-06-04T16:18:48</modified>
    <unit name="meter" meter="1"/>
    <up_axis>Z_UP</up_axis>
  </asset>
  <library_images/>
  <library_geometries>
    <geometry id="front_controller_rod-mesh" name="front_controller_rod">
      <mesh>
        <source id="front_controller_rod-mesh-positions">
          <float_array id="front_controller_rod-mesh-positions-array" count="5838">-0.003523826 -0.48 0.001282572 -0.004698455 -0.48 0.001710057 -0.003398597 -0.48 0.001584768 -0.004531502 -0.48 0.002113044 -0.003247559 -0.48 0.001874983 -0.004330098 -0.48 0.002499997 -0.003071784 -0.48 0.002150893 -0.004095733 -0.48 0.002867877 -0.002872645 -0.48 0.002410411 -0.003830194 -0.48 0.003213882 -0.002651631 -0.48 0.002651631 -0.003535509 -0.48 0.003535509 -0.002410411 -0.48 0.002872645 -0.003213882 -0.48 0.003830194 -0.002150893 -0.48 0.003071784 -0.002867877 -0.48 0.004095733 -0.001874983 -0.48 0.003247559 -0.002499997 -0.48 0.004330098 -0.001584768 -0.48 0.003398597 -0.002113044 -0.48 0.004531502 -0.001282572 -0.48 0.003523826 -0.001710057 -0.48 0.004698455 -9.70571e-4 -0.48 0.003622174 -0.001294076 -0.48 0.004829585 -6.51181e-4 -0.48 0.003692984 -8.68241e-4 -0.48 0.004923999 -3.26834e-4 -0.48 0.003735721 -4.35779e-4 -0.48 0.004980921 0 -0.48 0.003749966 0 -0.48 0.004999995 3.26834e-4 -0.48 0.003735721 4.35779e-4 -0.48 0.004980921 6.51181e-4 -0.48 0.003692984 8.68241e-4 -0.48 0.004923999 9.70571e-4 -0.48 0.003622174 0.001294076 -0.48 0.004829585 0.001282572 -0.48 0.003523826 0.001710057 -0.48 0.004698455 0.001584768 -0.48 0.003398597 0.002113044 -0.48 0.004531502 0.001874983 -0.48 0.003247559 0.002499997 -0.48 0.004330098 0.002150893 -0.48 0.003071784 0.002867877 -0.48 0.004095733 0.002410411 -0.48 0.002872645 0.003213882 -0.48 0.003830194 0.002651631 -0.48 0.002651631 0.003535509 -0.48 0.003535509 0.002872645 -0.48 0.002410411 0.003830194 -0.48 0.003213882 0.003071784 -0.48 0.002150893 0.004095733 -0.48 0.002867877 0.003247559 -0.48 0.001874983 0.004330098 -0.48 0.002499997 0.003398597 -0.48 0.001584768 0.004531502 -0.48 0.002113044 0.003523826 -0.48 0.001282572 0.004698455 -0.48 0.001710057 0.003622174 -0.48 9.70571e-4 0.004829585 -0.48 0.001294076 0.003692984 -0.48 6.51181e-4 0.004923999 -0.48 8.68241e-4 0.003735721 -0.48 3.26834e-4 0.004980921 -0.48 4.35779e-4 0.003749966 -0.48 0 0.004999995 -0.48 0 0.003735721 -0.48 -3.26834e-4 0.004980921 -0.48 -4.35779e-4 0.003692984 -0.48 -6.51181e-4 0.004923999 -0.48 -8.68241e-4 0.003622174 -0.48 -9.70571e-4 0.004829585 -0.48 -0.001294076 0.003523826 -0.48 -0.001282572 0.004698455 -0.48 -0.001710057 0.003398597 -0.48 -0.001584768 0.004531502 -0.48 -0.002113044 0.003247559 -0.48 -0.001874983 0.004330098 -0.48 -0.002499997 0.003071784 -0.48 -0.002150893 0.004095733 -0.48 -0.002867877 0.002872645 -0.48 -0.002410411 0.003830194 -0.48 -0.003213882 0.002651631 -0.48 -0.002651631 0.003535509 -0.48 -0.003535509 0.002410411 -0.48 -0.002872645 0.003213882 -0.48 -0.003830194 0.002150893 -0.48 -0.003071784 0.002867877 -0.48 -0.004095733 0.001874983 -0.48 -0.003247559 0.002499997 -0.48 -0.004330098 0.001584768 -0.48 -0.003398597 0.002113044 -0.48 -0.004531502 0.001282572 -0.48 -0.003523826 0.001710057 -0.48 -0.004698455 9.70571e-4 -0.48 -0.003622174 0.001294076 -0.48 -0.004829585 6.51181e-4 -0.48 -0.003692984 8.68241e-4 -0.48 -0.004923999 3.26834e-4 -0.48 -0.003735721 4.35779e-4 -0.48 -0.004980921 0 -0.48 -0.003749966 0 -0.48 -0.004999995 -3.26834e-4 -0.48 -0.003735721 -4.35779e-4 -0.48 -0.004980921 -6.51181e-4 -0.48 -0.003692984 -8.68241e-4 -0.48 -0.004923999 -9.70571e-4 -0.48 -0.003622174 -0.001294076 -0.48 -0.004829585 -0.001282572 -0.48 -0.003523826 -0.001710057 -0.48 -0.004698455 -0.001584768 -0.48 -0.003398597 -0.002113044 -0.48 -0.004531502 -0.001874983 -0.48 -0.003247559 -0.002499997 -0.48 -0.004330098 -0.002150893 -0.48 -0.003071784 -0.002867877 -0.48 -0.004095733 -0.002410411 -0.48 -0.002872645 -0.003213882 -0.48 -0.003830194 -0.002651631 -0.48 -0.002651631 -0.003535509 -0.48 -0.003535509 -0.002872645 -0.48 -0.002410411 -0.003830194 -0.48 -0.003213882 -0.003071784 -0.48 -0.002150893 -0.004095733 -0.48 -0.002867877 -0.003247559 -0.48 -0.001874983 -0.004330098 -0.48 -0.002499997 -0.003398597 -0.48 -0.001584768 -0.004531502 -0.48 -0.002113044 -0.003523826 -0.48 -0.001282572 -0.004698455 -0.48 -0.001710057 -0.003622174 -0.48 -9.70571e-4 -0.004829585 -0.48 -0.001294076 -0.003692984 -0.48 -6.51181e-4 -0.004923999 -0.48 -8.68241e-4 -0.003735721 -0.48 -3.26834e-4 -0.004980921 -0.48 -4.35779e-4 -0.003749966 -0.48 0 -0.004999995 -0.48 0 -0.003735721 -0.48 3.26834e-4 -0.004980921 -0.48 4.35779e-4 -0.003692984 -0.48 6.51181e-4 -0.004923999 -0.48 8.68241e-4 -0.003622174 -0.48 9.70571e-4 -0.004829585 -0.48 0.001294076 0.003464043 -0.484 0.001999974 0.004330098 -0.484 0.002499997 0.003276586 -0.484 0.002294301 0.004095733 -0.484 0.002867877 0.003064155 -0.484 0.002571105 0.003830194 -0.484 0.003213882 0.002828419 -0.484 0.002828419 0.003535509 -0.484 0.003535509 0.002571105 -0.484 0.003064155 0.003213882 -0.484 0.003830194 0.002294301 -0.484 0.003276586 0.002867877 -0.484 0.004095733 0.001999974 -0.484 0.003464043 0.002499997 -0.484 0.004330098 0.001690447 -0.484 0.003625214 0.002113044 -0.484 0.004531502 0.001368045 -0.484 0.003758728 0.001710057 -0.484 0.004698455 0.001035273 -0.484 0.003863692 0.001294076 -0.484 0.004829585 6.94593e-4 -0.484 0.003939211 8.68241e-4 -0.484 0.004923999 3.48623e-4 -0.484 0.003984749 4.35779e-4 -0.484 0.004980921 0 -0.484 0.003999948 0 -0.484 0.004999995 -3.48623e-4 -0.484 0.003984749 -4.35779e-4 -0.484 0.004980921 -6.94593e-4 -0.484 0.003939211 -8.68241e-4 -0.484 0.004923999 -0.001035273 -0.484 0.003863692 -0.001294076 -0.484 0.004829585 -0.001368045 -0.484 0.003758728 -0.001710057 -0.484 0.004698455 -0.001690447 -0.484 0.003625214 -0.002113044 -0.484 0.004531502 -0.001999974 -0.484 0.003464043 -0.002499997 -0.484 0.004330098 -0.002294301 -0.484 0.003276586 -0.002867877 -0.484 0.004095733 -0.002571105 -0.484 0.003064155 -0.003213882 -0.484 0.003830194 -0.002828419 -0.484 0.002828419 -0.003535509 -0.484 0.003535509 -0.003064155 -0.484 0.002571105 -0.003830194 -0.484 0.003213882 -0.003276586 -0.484 0.002294301 -0.004095733 -0.484 0.002867877 -0.003464043 -0.484 0.001999974 -0.004330098 -0.484 0.002499997 -0.003625214 -0.484 0.001690447 -0.004531502 -0.484 0.002113044 -0.003758728 -0.484 0.001368045 -0.004698455 -0.484 0.001710057 -0.003863692 -0.484 0.001035273 -0.004829585 -0.484 0.001294076 -0.003939211 -0.484 6.94593e-4 -0.004923999 -0.484 8.68241e-4 -0.003984749 -0.484 3.48623e-4 -0.004980921 -0.484 4.35779e-4 -0.003999948 -0.484 0 -0.004999995 -0.484 0 -0.003984749 -0.484 -3.48623e-4 -0.004980921 -0.484 -4.35779e-4 -0.003939211 -0.484 -6.94593e-4 -0.004923999 -0.484 -8.68241e-4 -0.003863692 -0.484 -0.001035273 -0.004829585 -0.484 -0.001294076 -0.003758728 -0.484 -0.001368045 -0.004698455 -0.484 -0.001710057 -0.003625214 -0.484 -0.001690447 -0.004531502 -0.484 -0.002113044 -0.003464043 -0.484 -0.001999974 -0.004330098 -0.484 -0.002499997 -0.003276586 -0.484 -0.002294301 -0.004095733 -0.484 -0.002867877 -0.003064155 -0.484 -0.002571105 -0.003830194 -0.484 -0.003213882 -0.002828419 -0.484 -0.002828419 -0.003535509 -0.484 -0.003535509 -0.002571105 -0.484 -0.003064155 -0.003213882 -0.484 -0.003830194 -0.002294301 -0.484 -0.003276586 -0.002867877 -0.484 -0.004095733 -0.001999974 -0.484 -0.003464043 -0.002499997 -0.484 -0.004330098 -0.001690447 -0.484 -0.003625214 -0.002113044 -0.484 -0.004531502 -0.001368045 -0.484 -0.003758728 -0.001710057 -0.484 -0.004698455 -0.001035273 -0.484 -0.003863692 -0.001294076 -0.484 -0.004829585 -6.94593e-4 -0.484 -0.003939211 -8.68241e-4 -0.484 -0.004923999 -3.48623e-4 -0.484 -0.003984749 -4.35779e-4 -0.484 -0.004980921 0 -0.484 -0.003999948 0 -0.484 -0.004999995 3.48623e-4 -0.484 -0.003984749 4.35779e-4 -0.484 -0.004980921 6.94593e-4 -0.484 -0.003939211 8.68241e-4 -0.484 -0.004923999 0.001035273 -0.484 -0.003863692 0.001294076 -0.484 -0.004829585 0.001368045 -0.484 -0.003758728 0.001710057 -0.484 -0.004698455 0.001690447 -0.484 -0.003625214 0.002113044 -0.484 -0.004531502 0.001999974 -0.484 -0.003464043 0.002499997 -0.484 -0.004330098 0.002294301 -0.484 -0.003276586 0.002867877 -0.484 -0.004095733 0.002571105 -0.484 -0.003064155 0.003213882 -0.484 -0.003830194 0.002828419 -0.484 -0.002828419 0.003535509 -0.484 -0.003535509 0.003064155 -0.484 -0.002571105 0.003830194 -0.484 -0.003213882 0.003276586 -0.484 -0.002294301 0.004095733 -0.484 -0.002867877 0.003464043 -0.484 -0.001999974 0.004330098 -0.484 -0.002499997 0.003625214 -0.484 -0.001690447 0.004531502 -0.484 -0.002113044 0.003758728 -0.484 -0.001368045 0.004698455 -0.484 -0.001710057 0.003863692 -0.484 -0.001035273 0.004829585 -0.484 -0.001294076 0.003939211 -0.484 -6.94593e-4 0.004923999 -0.484 -8.68241e-4 0.003984749 -0.484 -3.48623e-4 0.004980921 -0.484 -4.35779e-4 0.003999948 -0.484 0 0.004999995 -0.484 0 0.003984749 -0.484 3.48623e-4 0.004980921 -0.484 4.35779e-4 0.003939211 -0.484 6.94593e-4 0.004923999 -0.484 8.68241e-4 0.003863692 -0.484 0.001035273 0.004829585 -0.484 0.001294076 0.003758728 -0.484 0.001368045 0.004698455 -0.484 0.001710057 0.003625214 -0.484 0.001690447 0.004531502 -0.484 0.002113044 -0.003398597 0 0.001584768 -0.004531502 0 0.002113044 -0.003523826 0 0.001282572 -0.004698455 0 0.001710057 -0.003622174 0 9.70571e-4 -0.004829585 0 0.001294076 -0.003692984 0 6.51181e-4 -0.004923999 0 8.68241e-4 -0.003735721 0 3.26834e-4 -0.004980921 0 4.35779e-4 -0.003749966 0 0 -0.004999995 0 0 -0.003735721 0 -3.26834e-4 -0.004980921 0 -4.35779e-4 -0.003692984 0 -6.51181e-4 -0.004923999 0 -8.68241e-4 -0.003622174 0 -9.70571e-4 -0.004829585 0 -0.001294076 -0.003523826 0 -0.001282572 -0.004698455 0 -0.001710057 -0.003398597 0 -0.001584768 -0.004531502 0 -0.002113044 -0.003247559 0 -0.001874983 -0.004330098 0 -0.002499997 -0.003071784 0 -0.002150893 -0.004095733 0 -0.002867877 -0.002872645 0 -0.002410411 -0.003830194 0 -0.003213882 -0.002651631 0 -0.002651631 -0.003535509 0 -0.003535509 -0.002410411 0 -0.002872645 -0.003213882 0 -0.003830194 -0.002150893 0 -0.003071784 -0.002867877 0 -0.004095733 -0.001874983 0 -0.003247559 -0.002499997 0 -0.004330098 -0.001584768 0 -0.003398597 -0.002113044 0 -0.004531502 -0.001282572 0 -0.003523826 -0.001710057 0 -0.004698455 -9.70571e-4 0 -0.003622174 -0.001294076 0 -0.004829585 -6.51181e-4 0 -0.003692984 -8.68241e-4 0 -0.004923999 -3.26834e-4 0 -0.003735721 -4.35779e-4 0 -0.004980921 0 0 -0.003749966 0 0 -0.004999995 3.26834e-4 0 -0.003735721 4.35779e-4 0 -0.004980921 6.51181e-4 0 -0.003692984 8.68241e-4 0 -0.004923999 9.70571e-4 0 -0.003622174 0.001294076 0 -0.004829585 0.001282572 0 -0.003523826 0.001710057 0 -0.004698455 0.001584768 0 -0.003398597 0.002113044 0 -0.004531502 0.001874983 0 -0.003247559 0.002499997 0 -0.004330098 0.002150893 0 -0.003071784 0.002867877 0 -0.004095733 0.002410411 0 -0.002872645 0.003213882 0 -0.003830194 0.002651631 0 -0.002651631 0.003535509 0 -0.003535509 0.002872645 0 -0.002410411 0.003830194 0 -0.003213882 0.003071784 0 -0.002150893 0.004095733 0 -0.002867877 0.003247559 0 -0.001874983 0.004330098 0 -0.002499997 0.003398597 0 -0.001584768 0.004531502 0 -0.002113044 0.003523826 0 -0.001282572 0.004698455 0 -0.001710057 0.003622174 0 -9.70571e-4 0.004829585 0 -0.001294076 0.003692984 0 -6.51181e-4 0.004923999 0 -8.68241e-4 0.003735721 0 -3.26834e-4 0.004980921 0 -4.35779e-4 0.003749966 0 0 0.004999995 0 0 0.003735721 0 3.26834e-4 0.004980921 0 4.35779e-4 0.003692984 0 6.51181e-4 0.004923999 0 8.68241e-4 0.003622174 0 9.70571e-4 0.004829585 0 0.001294076 0.003523826 0 0.001282572 0.004698455 0 0.001710057 0.003398597 0 0.001584768 0.004531502 0 0.002113044 0.003247559 0 0.001874983 0.004330098 0 0.002499997 0.003071784 0 0.002150893 0.004095733 0 0.002867877 0.002872645 0 0.002410411 0.003830194 0 0.003213882 0.002651631 0 0.002651631 0.003535509 0 0.003535509 0.002410411 0 0.002872645 0.003213882 0 0.003830194 0.002150893 0 0.003071784 0.002867877 0 0.004095733 0.001874983 0 0.003247559 0.002499997 0 0.004330098 0.001584768 0 0.003398597 0.002113044 0 0.004531502 0.001282572 0 0.003523826 0.001710057 0 0.004698455 9.70571e-4 0 0.003622174 0.001294076 0 0.004829585 6.51181e-4 0 0.003692984 8.68241e-4 0 0.004923999 3.26834e-4 0 0.003735721 4.35779e-4 0 0.004980921 0 0 0.003749966 0 0 0.004999995 -3.26834e-4 0 0.003735721 -4.35779e-4 0 0.004980921 -6.51181e-4 0 0.003692984 -8.68241e-4 0 0.004923999 -9.70571e-4 0 0.003622174 -0.001294076 0 0.004829585 -0.001282572 0 0.003523826 -0.001710057 0 0.004698455 -0.001584768 0 0.003398597 -0.002113044 0 0.004531502 -0.001874983 0 0.003247559 -0.002499997 0 0.004330098 -0.002150893 0 0.003071784 -0.002867877 0 0.004095733 -0.002410411 0 0.002872645 -0.003213882 0 0.003830194 -0.002651631 0 0.002651631 -0.003535509 0 0.003535509 -0.002872645 0 0.002410411 -0.003830194 0 0.003213882 -0.003071784 0 0.002150893 -0.004095733 0 0.002867877 -0.003247559 0 0.001874983 -0.004330098 0 0.002499997 0.003939211 0.01999998 6.94593e-4 0.003984749 0.01999998 3.48623e-4 0 0.01999998 0 0.003999948 0.01999998 0 0.003984749 0.01999998 -3.48623e-4 0.003625214 0.01999998 0.001690447 0.003758728 0.01999998 0.001368045 0.003863692 0.01999998 0.001035273 0.003064155 0.01999998 0.002571105 0.003276586 0.01999998 0.002294301 0.003464043 0.01999998 0.001999974 0.002294301 0.01999998 0.003276586 0.002571105 0.01999998 0.003064155 0.002828419 0.01999998 0.002828419 0.001368045 0.01999998 0.003758728 0.001690447 0.01999998 0.003625214 0.001999974 0.01999998 0.003464043 3.48623e-4 0.01999998 0.003984749 6.94593e-4 0.01999998 0.003939211 0.001035273 0.01999998 0.003863692 -6.94593e-4 0.01999998 0.003939211 -3.48623e-4 0.01999998 0.003984749 0 0.01999998 0.003999948 -0.001690447 0.01999998 0.003625214 -0.001368045 0.01999998 0.003758728 -0.001035273 0.01999998 0.003863692 -0.002571105 0.01999998 0.003064155 -0.002294301 0.01999998 0.003276586 -0.001999974 0.01999998 0.003464043 -0.003276586 0.01999998 0.002294301 -0.003064155 0.01999998 0.002571105 -0.002828419 0.01999998 0.002828419 -0.003758728 0.01999998 0.001368045 -0.003625214 0.01999998 0.001690447 -0.003464043 0.01999998 0.001999974 -0.003984749 0.01999998 3.48623e-4 -0.003939211 0.01999998 6.94593e-4 -0.003863692 0.01999998 0.001035273 -0.003939211 0.01999998 -6.94593e-4 -0.003984749 0.01999998 -3.48623e-4 -0.003999948 0.01999998 0 -0.003625214 0.01999998 -0.001690447 -0.003758728 0.01999998 -0.001368045 -0.003863692 0.01999998 -0.001035273 -0.003064155 0.01999998 -0.002571105 -0.003276586 0.01999998 -0.002294301 -0.003464043 0.01999998 -0.001999974 -0.002294301 0.01999998 -0.003276586 -0.002571105 0.01999998 -0.003064155 -0.002828419 0.01999998 -0.002828419 -0.001368045 0.01999998 -0.003758728 -0.001690447 0.01999998 -0.003625214 -0.001999974 0.01999998 -0.003464043 -3.48623e-4 0.01999998 -0.003984749 -6.94593e-4 0.01999998 -0.003939211 -0.001035273 0.01999998 -0.003863692 6.94593e-4 0.01999998 -0.003939211 3.48623e-4 0.01999998 -0.003984749 0 0.01999998 -0.003999948 0.001690447 0.01999998 -0.003625214 0.001368045 0.01999998 -0.003758728 0.001035273 0.01999998 -0.003863692 0.002571105 0.01999998 -0.003064155 0.002294301 0.01999998 -0.003276586 0.001999974 0.01999998 -0.003464043 0.003276586 0.01999998 -0.002294301 0.003064155 0.01999998 -0.002571105 0.002828419 0.01999998 -0.002828419 0.003758728 0.01999998 -0.001368045 0.003625214 0.01999998 -0.001690447 0.003464043 0.01999998 -0.001999974 0.003939211 0.01999998 -6.94593e-4 0.003863692 0.01999998 -0.001035273 0.002571105 0.003999948 0.003064155 0.003213882 0.003999948 0.003830194 0.002828419 0.003999948 0.002828419 0.003535509 0.003999948 0.003535509 0.003064155 0.003999948 0.002571105 0.003830194 0.003999948 0.003213882 0.003276586 0.003999948 0.002294301 0.004095733 0.003999948 0.002867877 0.003464043 0.003999948 0.001999974 0.004330098 0.003999948 0.002499997 0.003625214 0.003999948 0.001690447 0.004531502 0.003999948 0.002113044 0.003758728 0.003999948 0.001368045 0.004698455 0.003999948 0.001710057 0.003863692 0.003999948 0.001035273 0.004829585 0.003999948 0.001294076 0.003939211 0.003999948 6.94593e-4 0.004923999 0.003999948 8.68241e-4 0.003984749 0.003999948 3.48623e-4 0.004980921 0.003999948 4.35779e-4 0.003999948 0.003999948 0 0.004999995 0.003999948 0 0.003984749 0.003999948 -3.48623e-4 0.004980921 0.003999948 -4.35779e-4 0.003939211 0.003999948 -6.94593e-4 0.004923999 0.003999948 -8.68241e-4 0.003863692 0.003999948 -0.001035273 0.004829585 0.003999948 -0.001294076 0.003758728 0.003999948 -0.001368045 0.004698455 0.003999948 -0.001710057 0.003625214 0.003999948 -0.001690447 0.004531502 0.003999948 -0.002113044 0.003464043 0.003999948 -0.001999974 0.004330098 0.003999948 -0.002499997 0.003276586 0.003999948 -0.002294301 0.004095733 0.003999948 -0.002867877 0.003064155 0.003999948 -0.002571105 0.003830194 0.003999948 -0.003213882 0.002828419 0.003999948 -0.002828419 0.003535509 0.003999948 -0.003535509 0.002571105 0.003999948 -0.003064155 0.003213882 0.003999948 -0.003830194 0.002294301 0.003999948 -0.003276586 0.002867877 0.003999948 -0.004095733 0.001999974 0.003999948 -0.003464043 0.002499997 0.003999948 -0.004330098 0.001690447 0.003999948 -0.003625214 0.002113044 0.003999948 -0.004531502 0.001368045 0.003999948 -0.003758728 0.001710057 0.003999948 -0.004698455 0.001035273 0.003999948 -0.003863692 0.001294076 0.003999948 -0.004829585 6.94593e-4 0.003999948 -0.003939211 8.68241e-4 0.003999948 -0.004923999 3.48623e-4 0.003999948 -0.003984749 4.35779e-4 0.003999948 -0.004980921 0 0.003999948 -0.003999948 0 0.003999948 -0.004999995 -3.48623e-4 0.003999948 -0.003984749 -4.35779e-4 0.003999948 -0.004980921 -6.94593e-4 0.003999948 -0.003939211 -8.68241e-4 0.003999948 -0.004923999 -0.001035273 0.003999948 -0.003863692 -0.001294076 0.003999948 -0.004829585 -0.001368045 0.003999948 -0.003758728 -0.001710057 0.003999948 -0.004698455 -0.001690447 0.003999948 -0.003625214 -0.002113044 0.003999948 -0.004531502 -0.001999974 0.003999948 -0.003464043 -0.002499997 0.003999948 -0.004330098 -0.002294301 0.003999948 -0.003276586 -0.002867877 0.003999948 -0.004095733 -0.002571105 0.003999948 -0.003064155 -0.003213882 0.003999948 -0.003830194 -0.002828419 0.003999948 -0.002828419 -0.003535509 0.003999948 -0.003535509 -0.003064155 0.003999948 -0.002571105 -0.003830194 0.003999948 -0.003213882 -0.003276586 0.003999948 -0.002294301 -0.004095733 0.003999948 -0.002867877 -0.003464043 0.003999948 -0.001999974 -0.004330098 0.003999948 -0.002499997 -0.003625214 0.003999948 -0.001690447 -0.004531502 0.003999948 -0.002113044 -0.003758728 0.003999948 -0.001368045 -0.004698455 0.003999948 -0.001710057 -0.003863692 0.003999948 -0.001035273 -0.004829585 0.003999948 -0.001294076 -0.003939211 0.003999948 -6.94593e-4 -0.004923999 0.003999948 -8.68241e-4 -0.003984749 0.003999948 -3.48623e-4 -0.004980921 0.003999948 -4.35779e-4 -0.003999948 0.003999948 0 -0.004999995 0.003999948 0 -0.003984749 0.003999948 3.48623e-4 -0.004980921 0.003999948 4.35779e-4 -0.003939211 0.003999948 6.94593e-4 -0.004923999 0.003999948 8.68241e-4 -0.003863692 0.003999948 0.001035273 -0.004829585 0.003999948 0.001294076 -0.003758728 0.003999948 0.001368045 -0.004698455 0.003999948 0.001710057 -0.003625214 0.003999948 0.001690447 -0.004531502 0.003999948 0.002113044 -0.003464043 0.003999948 0.001999974 -0.004330098 0.003999948 0.002499997 -0.003276586 0.003999948 0.002294301 -0.004095733 0.003999948 0.002867877 -0.003064155 0.003999948 0.002571105 -0.003830194 0.003999948 0.003213882 -0.002828419 0.003999948 0.002828419 -0.003535509 0.003999948 0.003535509 -0.002571105 0.003999948 0.003064155 -0.003213882 0.003999948 0.003830194 -0.002294301 0.003999948 0.003276586 -0.002867877 0.003999948 0.004095733 -0.001999974 0.003999948 0.003464043 -0.002499997 0.003999948 0.004330098 -0.001690447 0.003999948 0.003625214 -0.002113044 0.003999948 0.004531502 -0.001368045 0.003999948 0.003758728 -0.001710057 0.003999948 0.004698455 -0.001035273 0.003999948 0.003863692 -0.001294076 0.003999948 0.004829585 -6.94593e-4 0.003999948 0.003939211 -8.68241e-4 0.003999948 0.004923999 -3.48623e-4 0.003999948 0.003984749 -4.35779e-4 0.003999948 0.004980921 0 0.003999948 0.003999948 0 0.003999948 0.004999995 3.48623e-4 0.003999948 0.003984749 4.35779e-4 0.003999948 0.004980921 6.94593e-4 0.003999948 0.003939211 8.68241e-4 0.003999948 0.004923999 0.001035273 0.003999948 0.003863692 0.001294076 0.003999948 0.004829585 0.001368045 0.003999948 0.003758728 0.001710057 0.003999948 0.004698455 0.001690447 0.003999948 0.003625214 0.002113044 0.003999948 0.004531502 0.001999974 0.003999948 0.003464043 0.002499997 0.003999948 0.004330098 0.002294301 0.003999948 0.003276586 0.002867877 0.003999948 0.004095733 -0.003984749 -0.4960304 3.47296e-4 -0.003984749 -0.496 3.48623e-4 -0.003999948 -0.496 0 -0.003984749 -0.4960606 3.43327e-4 -0.003984749 -0.4960902 3.36744e-4 -0.003984749 -0.4961192 3.27598e-4 -0.003984749 -0.4961473 3.1596e-4 -0.003984749 -0.4961743 3.01916e-4 -0.003984749 -0.4962 2.85575e-4 -0.003984749 -0.4962241 2.67061e-4 -0.003984749 -0.4962465 2.46514e-4 -0.003984749 -0.496267 2.24091e-4 -0.003984749 -0.4962856 1.99962e-4 -0.003984749 -0.4963019 1.74311e-4 -0.003984749 -0.496316 1.47334e-4 -0.003984749 -0.4963276 1.19236e-4 -0.003984749 -0.4963368 9.02303e-5 -0.003984749 -0.4963433 6.05377e-5 -0.003984749 -0.4963473 3.03845e-5 -0.003984749 -0.4963486 0 -0.003984749 -0.4963473 -3.03845e-5 -0.003984749 -0.4963433 -6.05377e-5 -0.003984749 -0.4963368 -9.02303e-5 -0.003984749 -0.4963276 -1.19236e-4 -0.003984749 -0.496316 -1.47334e-4 -0.003984749 -0.4963019 -1.74311e-4 -0.003984749 -0.4962856 -1.99962e-4 -0.003984749 -0.496267 -2.24091e-4 -0.003984749 -0.4962465 -2.46514e-4 -0.003984749 -0.4962241 -2.67061e-4 -0.003984749 -0.4962 -2.85575e-4 -0.003984749 -0.4961743 -3.01916e-4 -0.003984749 -0.4961473 -3.1596e-4 -0.003984749 -0.4961192 -3.27598e-4 -0.003984749 -0.4960902 -3.36744e-4 -0.003984749 -0.4960606 -3.43327e-4 -0.003984749 -0.4960304 -3.47296e-4 -0.003984749 -0.496 -3.48623e-4 0.003939211 -0.4962376 6.52704e-4 0.003984749 -0.4961192 3.27598e-4 0.003984749 -0.4960902 3.36744e-4 0.003999948 -0.496 0 0.003984749 -0.496 3.48623e-4 0.003984749 -0.4960304 3.47296e-4 0.003984749 -0.4961473 3.1596e-4 0.003939211 -0.4962936 6.29515e-4 0.003863692 -0.4964375 9.38279e-4 0.003984749 -0.4961743 3.01916e-4 0.003939211 -0.4961798 6.70925e-4 0.003984749 -0.4960606 3.43327e-4 0.003939211 -0.4961206 6.8404e-4 0.003939211 -0.4960606 6.9195e-4 0.003939211 -0.496 6.94593e-4 0.003939211 -0.4963473 6.01535e-4 0.003863692 -0.4965176 8.96575e-4 0.003758728 -0.496684 0.001184761 0.003984749 -0.4962 2.85575e-4 0.003863692 -0.4963541 9.72841e-4 0.003863692 -0.4962679 0.000999987 0.003863692 -0.4961798 0.001019537 0.003863692 -0.4960902 0.001031279 0.003863692 -0.496 0.001035273 0.003939211 -0.4963984 5.68977e-4 0.003863692 -0.4965938 8.48049e-4 0.003758728 -0.4967847 0.001120626 0.003625214 -0.4969696 0.001384735 0.003984749 -0.4962241 2.67061e-4 0.003758728 -0.4965782 0.001239895 0.003758728 -0.4964679 0.001285552 0.003758728 -0.4963541 0.001321434 0.003758728 -0.4962376 0.001347243 0.003758728 -0.4961192 0.00136286 0.003758728 -0.496 0.001368045 0.003939211 -0.4964465 5.32089e-4 0.003863692 -0.4966654 7.93068e-4 0.003758728 -0.4968794 0.001047968 0.003625214 -0.4970866 0.00129497 0.003464043 -0.4972856 0.001532077 0.003984749 -0.4962465 2.46514e-4 0.003625214 -0.4968453 0.001463949 0.003625214 -0.4967144 0.001532077 0.003625214 -0.4965782 0.001588523 0.003625214 -0.4964375 0.001632869 0.003625214 -0.4962936 0.001664757 0.003625214 -0.4961473 0.00168401 0.003625214 -0.496 0.001690447 0.003939211 -0.4964911 4.91151e-4 0.003863692 -0.4967321 7.32051e-4 0.003758728 -0.4969674 9.67379e-4 0.003625214 -0.4971953 0.001195311 0.003464043 -0.4974142 0.001414179 0.003276586 -0.4976223 0.001622319 0.003984749 -0.496267 2.24091e-4 0.003464043 -0.4971472 0.001638293 0.003464043 -0.497 0.001731991 0.003464043 -0.4968453 0.001812577 0.003464043 -0.496684 0.001879334 0.003464043 -0.4965176 0.001931846 0.003464043 -0.4963473 0.001969575 0.003464043 -0.4961743 0.001992344 0.003464043 -0.496 0.001999974 0.003939211 -0.4965321 4.46476e-4 0.003863692 -0.496793 6.65463e-4 0.003758728 -0.497048 8.79385e-4 0.003625214 -0.497295 0.001086592 0.003464043 -0.4975321 0.001285552 0.003276586 -0.4977576 0.001474738 0.003064155 -0.4979696 0.001652657 0.003984749 -0.4962856 1.99962e-4 0.003276586 -0.4974747 0.001757502 0.003276586 -0.497316 0.001879334 0.003276586 -0.4971472 0.00198692 0.003276586 -0.4969696 0.002079308 0.003276586 -0.4967847 0.0021559 0.003276586 -0.4965938 0.0022161 0.003276586 -0.4963984 0.002259433 0.003276586 -0.4962 0.00228554 0.003276586 -0.496 0.002294301 0.003939211 -0.496569 3.98402e-4 0.003863692 -0.4968481 5.9381e-4 0.003758728 -0.4971207 7.84699e-4 0.003625214 -0.4973847 9.69616e-4 0.003464043 -0.4976383 0.00114715 0.003276586 -0.4978794 0.001315951 0.003064155 -0.4981061 0.001474738 0.002828419 -0.4983169 0.001622319 0.003984749 -0.4963019 1.74311e-4 0.003064155 -0.4978181 0.00181806 0.003064155 -0.4976527 0.001969575 0.003064155 -0.4974747 0.00210613 0.003064155 -0.4972856 0.00222665 0.003064155 -0.4970866 0.002330243 0.003064155 -0.4968794 0.002416074 0.003064155 -0.4966654 0.002483487 0.003064155 -0.4964465 0.002532064 0.003064155 -0.4962241 0.00256133 0.003064155 -0.496 0.002571105 0.003939211 -0.4966015 3.47296e-4 0.003863692 -0.4968966 5.17638e-4 0.003758728 -0.4971848 6.8404e-4 0.003625214 -0.497464 8.45236e-4 0.003464043 -0.4977321 0.000999987 0.003276586 -0.4979869 0.00114715 0.003064155 -0.4982267 0.001285552 0.002828419 -0.4984495 0.001414179 0.002571105 -0.4986537 0.001532077 0.003984749 -0.496316 1.47334e-4 0.002828419 -0.4981667 0.00181806 0.002828419 -0.498 0.001999974 0.002828419 -0.4978181 0.002166688 0.002828419 -0.4976223 0.002316892 0.002828419 -0.4974142 0.002449452 0.002828419 -0.4971953 0.002563416 0.002828419 -0.4969674 0.00265783 0.002828419 -0.4967321 0.002732038 0.002828419 -0.4964911 0.002785444 0.002828419 -0.4962465 0.00281763 0.002828419 -0.496 0.002828419 0.003939211 -0.4966295 2.93548e-4 0.003863692 -0.4969383 4.37527e-4 0.003758728 -0.4972399 5.78176e-4 0.003625214 -0.4975321 7.14425e-4 0.003464043 -0.4978126 8.45236e-4 0.003276586 -0.4980794 9.69616e-4 0.003064155 -0.4983302 0.001086592 0.002828419 -0.4985634 0.001195311 0.002571105 -0.4987771 0.00129497 0.002294301 -0.4989696 0.001384735 0.003984749 -0.4963276 1.19236e-4 0.002571105 -0.49851 0.001757502 0.002571105 -0.4983473 0.001969575 0.002571105 -0.4981667 0.002166688 0.002571105 -0.4979696 0.00234729 0.002571105 -0.4977576 0.002510011 0.002571105 -0.4975321 0.002653598 0.002571105 -0.497295 0.00277704 0.002571105 -0.497048 0.002879381 0.002571105 -0.496793 0.002959728 0.002571105 -0.4965321 0.003017604 0.002571105 -0.496267 0.003052473 0.002571105 -0.496 0.003064155 0.003939211 -0.4966527 2.37565e-4 0.003863692 -0.4969728 3.54085e-4 0.003758728 -0.4972856 4.67911e-4 0.003625214 -0.4975885 5.78176e-4 0.003464043 -0.4978794 6.8404e-4 0.003276586 -0.498156 7.84699e-4 0.003064155 -0.4984161 8.79385e-4 0.002828419 -0.4986578 9.67379e-4 0.002571105 -0.4988794 0.001047968 0.002294301 -0.499079 0.001120626 0.001999974 -0.4992552 0.001184761 0.003984749 -0.4963368 9.02303e-5 0.002294301 -0.4988376 0.001638293 0.002294301 -0.4986841 0.001879334 0.002294301 -0.49851 0.00210613 0.002294301 -0.4983169 0.002316892 0.002294301 -0.4981061 0.002510011 0.002294301 -0.4978794 0.002683997 0.002294301 -0.4976383 0.002837598 0.002294301 -0.4973847 0.002969563 0.002294301 -0.4971207 0.003078997 0.002294301 -0.4968481 0.003164947 0.002294301 -0.496569 0.003226816 0.002294301 -0.4962856 0.003264129 0.002294301 -0.496 0.003276586 0.003939211 -0.4966709 1.79774e-4 0.003863692 -0.497 2.67949e-4 0.003758728 -0.4973214 3.54085e-4 0.003625214 -0.4976329 4.37527e-4 0.003464043 -0.4979318 5.17638e-4 0.003276586 -0.4982161 5.9381e-4 0.003064155 -0.4984835 6.65463e-4 0.002828419 -0.498732 7.32051e-4 0.002571105 -0.4989598 7.93068e-4 0.002294301 -0.4991649 8.48049e-4 0.001999974 -0.4993461 8.96575e-4 0.001690447 -0.4995017 9.38279e-4 0.003984749 -0.4963433 6.05377e-5 0.001999974 -0.4991396 0.001463949 0.001999974 -0.499 0.001731991 0.001999974 -0.4988376 0.00198692 0.001999974 -0.4986537 0.00222665 0.001999974 -0.4984495 0.002449452 0.001999974 -0.4982267 0.002653598 0.001999974 -0.4979869 0.002837598 0.001999974 -0.4977321 0.002999961 0.001999974 -0.497464 0.003139495 0.001999974 -0.4971848 0.003255188 0.001999974 -0.4968966 0.003346025 0.001999974 -0.4966015 0.003411471 0.001999974 -0.4963019 0.00345087 0.001999974 -0.496 0.003464043 0.003939211 -0.496684 1.20615e-4 0.003863692 -0.4970195 1.79774e-4 0.003758728 -0.4973473 2.37565e-4 0.003625214 -0.4976648 2.93548e-4 0.003464043 -0.4979696 3.47296e-4 0.003276586 -0.4982594 3.98402e-4 0.003064155 -0.4985321 4.46476e-4 0.002828419 -0.4987854 4.91151e-4 0.002571105 -0.4990176 5.32089e-4 0.002294301 -0.4992268 5.68977e-4 0.001999974 -0.4994115 6.01535e-4 0.001690447 -0.4995701 6.29515e-4 0.001368045 -0.4997017 6.52704e-4 0.003984749 -0.4963473 3.03845e-5 0.001690447 -0.4994066 0.001239895 0.001690447 -0.4992856 0.001532077 0.001690447 -0.4991396 0.001812577 0.001690447 -0.4989696 0.002079308 0.001690447 -0.4987771 0.002330243 0.001690447 -0.4985634 0.002563416 0.001690447 -0.4983302 0.00277704 0.001690447 -0.4980794 0.002969563 0.001690447 -0.4978126 0.003139495 0.001690447 -0.4975321 0.003285527 0.001690447 -0.4972399 0.003406584 0.001690447 -0.4969383 0.003501653 0.001690447 -0.4966295 0.003570139 0.001690447 -0.496316 0.003611385 0.001690447 -0.496 0.003625214 0.003939211 -0.496692 6.05377e-5 0.003863692 -0.4970313 9.02303e-5 0.003758728 -0.4973629 1.19236e-4 0.003625214 -0.497684 1.47334e-4 0.003464043 -0.4979924 1.74311e-4 0.003276586 -0.4982855 1.99962e-4 0.003064155 -0.4985613 2.24091e-4 0.002828419 -0.4988176 2.46514e-4 0.002571105 -0.4990525 2.67061e-4 0.002294301 -0.4992641 2.85575e-4 0.001999974 -0.4994509 3.01916e-4 0.001690447 -0.4996114 3.1596e-4 0.001368045 -0.4997445 3.27598e-4 0.001035273 -0.499849 3.36744e-4 0.003984749 -0.4963486 0 0.001368045 -0.4996307 9.72841e-4 0.001368045 -0.4995321 0.001285552 0.001368045 -0.4994066 0.001588523 0.001368045 -0.4992552 0.001879334 0.001368045 -0.499079 0.0021559 0.001368045 -0.4988794 0.002416074 0.001368045 -0.4986578 0.00265783 0.001368045 -0.4984161 0.002879381 0.001368045 -0.498156 0.003078997 0.001368045 -0.4978794 0.003255188 0.001368045 -0.4975885 0.003406584 0.001368045 -0.4972856 0.003532052 0.001368045 -0.4969728 0.003630638 0.001368045 -0.4966527 0.003701627 0.001368045 -0.4963276 0.003744423 0.001368045 -0.496 0.003758728 0.003939211 -0.4966946 0 0.003863692 -0.4970353 0 0.003758728 -0.497368 0 0.003625214 -0.4976904 0 0.003464043 -0.498 0 0.003276586 -0.4982943 0 0.003064155 -0.4985712 0 0.002828419 -0.4988284 0 0.002571105 -0.4990642 0 0.002294301 -0.4992766 0 0.001999974 -0.4994641 0 0.001690447 -0.4996252 0 0.001368045 -0.4997588 0 0.001035273 -0.4998637 0 6.94593e-4 -0.4999392 0 0.003984749 -0.4963473 -3.03845e-5 0.001035273 -0.499805 6.70925e-4 0.001035273 -0.499732 0.000999987 0.001035273 -0.4996307 0.001321434 0.001035273 -0.4995017 0.001632869 0.001035273 -0.4993461 0.001931846 0.001035273 -0.4991649 0.0022161 0.001035273 -0.4989598 0.002483487 0.001035273 -0.498732 0.002732038 0.001035273 -0.4984835 0.002959728 0.001035273 -0.4982161 0.003164947 0.001035273 -0.4979318 0.003346025 0.001035273 -0.4976329 0.003501653 0.001035273 -0.4973214 0.003630638 0.001035273 -0.497 0.003732025 0.001035273 -0.4966709 0.003804981 0.001035273 -0.4963368 0.003848969 0.001035273 -0.496 0.003863692 0.003939211 -0.496692 -6.05377e-5 0.003863692 -0.4970313 -9.02303e-5 0.003758728 -0.4973629 -1.19236e-4 0.003625214 -0.497684 -1.47334e-4 0.003464043 -0.4979924 -1.74311e-4 0.003276586 -0.4982855 -1.99962e-4 0.003064155 -0.4985613 -2.24091e-4 0.002828419 -0.4988176 -2.46514e-4 0.002571105 -0.4990525 -2.67061e-4 0.002294301 -0.4992641 -2.85575e-4 0.001999974 -0.4994509 -3.01916e-4 0.001690447 -0.4996114 -3.1596e-4 0.001368045 -0.4997445 -3.27598e-4 0.001035273 -0.499849 -3.36744e-4 6.94593e-4 -0.4999243 -3.43327e-4 3.48623e-4 -0.4999696 -3.47296e-4 0.003984749 -0.4963433 -6.05377e-5 6.94593e-4 -0.4999243 3.43327e-4 6.94593e-4 -0.4998794 6.8404e-4 6.94593e-4 -0.499805 0.001019537 6.94593e-4 -0.4997017 0.001347243 6.94593e-4 -0.4995701 0.001664757 6.94593e-4 -0.4994115 0.001969575 6.94593e-4 -0.4992268 0.002259433 6.94593e-4 -0.4990176 0.002532064 6.94593e-4 -0.4987854 0.002785444 6.94593e-4 -0.4985321 0.003017604 6.94593e-4 -0.4982594 0.003226816 6.94593e-4 -0.4979696 0.003411471 6.94593e-4 -0.4976648 0.003570139 6.94593e-4 -0.4973473 0.003701627 6.94593e-4 -0.4970195 0.003804981 6.94593e-4 -0.496684 0.003879368 6.94593e-4 -0.4963433 0.00392419 6.94593e-4 -0.496 0.003939211 0.003939211 -0.496684 -1.20615e-4 0.003863692 -0.4970195 -1.79774e-4 0.003758728 -0.4973473 -2.37565e-4 0.003625214 -0.4976648 -2.93548e-4 0.003464043 -0.4979696 -3.47296e-4 0.003276586 -0.4982594 -3.98402e-4 0.003064155 -0.4985321 -4.46476e-4 0.002828419 -0.4987854 -4.91151e-4 0.002571105 -0.4990176 -5.32089e-4 0.002294301 -0.4992268 -5.68977e-4 0.001999974 -0.4994115 -6.01535e-4 0.001690447 -0.4995701 -6.29515e-4 0.001368045 -0.4997017 -6.52704e-4 0.001035273 -0.499805 -6.70925e-4 6.94593e-4 -0.4998794 -6.8404e-4 3.48623e-4 -0.4999243 -6.9195e-4 0 -0.4999392 -6.94593e-4 0.003984749 -0.4963368 -9.02303e-5 3.48623e-4 -0.4999848 0 3.48623e-4 -0.4999696 3.47296e-4 3.48623e-4 -0.4999243 6.9195e-4 3.48623e-4 -0.499849 0.001031279 3.48623e-4 -0.4997445 0.00136286 3.48623e-4 -0.4996114 0.00168401 3.48623e-4 -0.4994509 0.001992344 3.48623e-4 -0.4992641 0.00228554 3.48623e-4 -0.4990525 0.00256133 3.48623e-4 -0.4988176 0.00281763 3.48623e-4 -0.4985613 0.003052473 3.48623e-4 -0.4982855 0.003264129 3.48623e-4 -0.4979924 0.00345087 3.48623e-4 -0.497684 0.003611385 3.48623e-4 -0.4973629 0.003744423 3.48623e-4 -0.4970313 0.003848969 3.48623e-4 -0.496692 0.00392419 3.48623e-4 -0.4963473 0.003969609 3.48623e-4 -0.496 0.003984749 0.003939211 -0.4966709 -1.79774e-4 0.003863692 -0.497 -2.67949e-4 0.003758728 -0.4973214 -3.54085e-4 0.003625214 -0.4976329 -4.37527e-4 0.003464043 -0.4979318 -5.17638e-4 0.003276586 -0.4982161 -5.9381e-4 0.003064155 -0.4984835 -6.65463e-4 0.002828419 -0.498732 -7.32051e-4 0.002571105 -0.4989598 -7.93068e-4 0.002294301 -0.4991649 -8.48049e-4 0.001999974 -0.4993461 -8.96575e-4 0.001690447 -0.4995017 -9.38279e-4 0.001368045 -0.4996307 -9.72841e-4 0.001035273 -0.499732 -0.000999987 6.94593e-4 -0.499805 -0.001019537 3.48623e-4 -0.499849 -0.001031279 0 -0.4998637 -0.001035273 -3.48623e-4 -0.499849 -0.001031279 0.003984749 -0.4963276 -1.19236e-4 0 -0.4999848 -3.48623e-4 0 -0.5 0 0 -0.4999848 3.48623e-4 0 -0.4999392 6.94593e-4 0 -0.4998637 0.001035273 0 -0.4997588 0.001368045 0 -0.4996252 0.001690447 0 -0.4994641 0.001999974 0 -0.4992766 0.002294301 0 -0.4990642 0.002571105 0 -0.4988284 0.002828419 0 -0.4985712 0.003064155 0 -0.4982943 0.003276586 0 -0.498 0.003464043 0 -0.4976904 0.003625214 0 -0.497368 0.003758728 0 -0.4970353 0.003863692 0 -0.4966946 0.003939211 0 -0.4963486 0.003984749 0 -0.496 0.003999948 0.003939211 -0.4966527 -2.37565e-4 0.003863692 -0.4969728 -3.54085e-4 0.003758728 -0.4972856 -4.67911e-4 0.003625214 -0.4975885 -5.78176e-4 0.003464043 -0.4978794 -6.8404e-4 0.003276586 -0.498156 -7.84699e-4 0.003064155 -0.4984161 -8.79385e-4 0.002828419 -0.4986578 -9.67379e-4 0.002571105 -0.4988794 -0.001047968 0.002294301 -0.499079 -0.001120626 0.001999974 -0.4992552 -0.001184761 0.001690447 -0.4994066 -0.001239895 0.001368045 -0.4995321 -0.001285552 0.001035273 -0.4996307 -0.001321434 6.94593e-4 -0.4997017 -0.001347243 3.48623e-4 -0.4997445 -0.00136286 0 -0.4997588 -0.001368045 -3.48623e-4 -0.4997445 -0.00136286 -6.94593e-4 -0.4997017 -0.001347243 0.003984749 -0.496316 -1.47334e-4 -3.48623e-4 -0.4999243 -6.9195e-4 -3.48623e-4 -0.4999696 -3.47296e-4 -3.48623e-4 -0.4999848 0 -3.48623e-4 -0.4999696 3.47296e-4 -3.48623e-4 -0.4999243 6.9195e-4 -3.48623e-4 -0.499849 0.001031279 -3.48623e-4 -0.4997445 0.00136286 -3.48623e-4 -0.4996114 0.00168401 -3.48623e-4 -0.4994509 0.001992344 -3.48623e-4 -0.4992641 0.00228554 -3.48623e-4 -0.4990525 0.00256133 -3.48623e-4 -0.4988176 0.00281763 -3.48623e-4 -0.4985613 0.003052473 -3.48623e-4 -0.4982855 0.003264129 -3.48623e-4 -0.4979924 0.00345087 -3.48623e-4 -0.497684 0.003611385 -3.48623e-4 -0.4973629 0.003744423 -3.48623e-4 -0.4970313 0.003848969 -3.48623e-4 -0.496692 0.00392419 -3.48623e-4 -0.4963473 0.003969609 -3.48623e-4 -0.496 0.003984749 0.003939211 -0.4966295 -2.93548e-4 0.003863692 -0.4969383 -4.37527e-4 0.003758728 -0.4972399 -5.78176e-4 0.003625214 -0.4975321 -7.14425e-4 0.003464043 -0.4978126 -8.45236e-4 0.003276586 -0.4980794 -9.69616e-4 0.003064155 -0.4983302 -0.001086592 0.002828419 -0.4985634 -0.001195311 0.002571105 -0.4987771 -0.00129497 0.002294301 -0.4989696 -0.001384735 0.001999974 -0.4991396 -0.001463949 0.001690447 -0.4992856 -0.001532077 0.001368045 -0.4994066 -0.001588523 0.001035273 -0.4995017 -0.001632869 6.94593e-4 -0.4995701 -0.001664757 3.48623e-4 -0.4996114 -0.00168401 0 -0.4996252 -0.001690447 -3.48623e-4 -0.4996114 -0.00168401 -6.94593e-4 -0.4995701 -0.001664757 -0.001035273 -0.4995017 -0.001632869 0.003984749 -0.4963019 -1.74311e-4 -6.94593e-4 -0.499805 -0.001019537 -6.94593e-4 -0.4998794 -6.8404e-4 -6.94593e-4 -0.4999243 -3.43327e-4 -6.94593e-4 -0.4999392 0 -6.94593e-4 -0.4999243 3.43327e-4 -6.94593e-4 -0.4998794 6.8404e-4 -6.94593e-4 -0.499805 0.001019537 -6.94593e-4 -0.4997017 0.001347243 -6.94593e-4 -0.4995701 0.001664757 -6.94593e-4 -0.4994115 0.001969575 -6.94593e-4 -0.4992268 0.002259433 -6.94593e-4 -0.4990176 0.002532064 -6.94593e-4 -0.4987854 0.002785444 -6.94593e-4 -0.4985321 0.003017604 -6.94593e-4 -0.4982594 0.003226816 -6.94593e-4 -0.4979696 0.003411471 -6.94593e-4 -0.4976648 0.003570139 -6.94593e-4 -0.4973473 0.003701627 -6.94593e-4 -0.4970195 0.003804981 -6.94593e-4 -0.496684 0.003879368 -6.94593e-4 -0.4963433 0.00392419 -6.94593e-4 -0.496 0.003939211 0.003939211 -0.4966015 -3.47296e-4 0.003863692 -0.4968966 -5.17638e-4 0.003758728 -0.4971848 -6.8404e-4 0.003625214 -0.497464 -8.45236e-4 0.003464043 -0.4977321 -0.000999987 0.003276586 -0.4979869 -0.00114715 0.003064155 -0.4982267 -0.001285552 0.002828419 -0.4984495 -0.001414179 0.002571105 -0.4986537 -0.001532077 0.002294301 -0.4988376 -0.001638293 0.001999974 -0.499 -0.001731991 0.001690447 -0.4991396 -0.001812577 0.001368045 -0.4992552 -0.001879334 0.001035273 -0.4993461 -0.001931846 6.94593e-4 -0.4994115 -0.001969575 3.48623e-4 -0.4994509 -0.001992344 0 -0.4994641 -0.001999974 -3.48623e-4 -0.4994509 -0.001992344 -6.94593e-4 -0.4994115 -0.001969575 -0.001035273 -0.4993461 -0.001931846 -0.001368045 -0.4992552 -0.001879334 0.003984749 -0.4962856 -1.99962e-4 -0.001035273 -0.4996307 -0.001321434 -0.001035273 -0.499732 -0.000999987 -0.001035273 -0.499805 -6.70925e-4 -0.001035273 -0.499849 -3.36744e-4 -0.001035273 -0.4998637 0 -0.001035273 -0.499849 3.36744e-4 -0.001035273 -0.499805 6.70925e-4 -0.001035273 -0.499732 0.000999987 -0.001035273 -0.4996307 0.001321434 -0.001035273 -0.4995017 0.001632869 -0.001035273 -0.4993461 0.001931846 -0.001035273 -0.4991649 0.0022161 -0.001035273 -0.4989598 0.002483487 -0.001035273 -0.498732 0.002732038 -0.001035273 -0.4984835 0.002959728 -0.001035273 -0.4982161 0.003164947 -0.001035273 -0.4979318 0.003346025 -0.001035273 -0.4976329 0.003501653 -0.001035273 -0.4973214 0.003630638 -0.001035273 -0.497 0.003732025 -0.001035273 -0.4966709 0.003804981 -0.001035273 -0.4963368 0.003848969 -0.001035273 -0.496 0.003863692 0.003939211 -0.496569 -3.98402e-4 0.003863692 -0.4968481 -5.9381e-4 0.003758728 -0.4971207 -7.84699e-4 0.003625214 -0.4973847 -9.69616e-4 0.003464043 -0.4976383 -0.00114715 0.003276586 -0.4978794 -0.001315951 0.003064155 -0.4981061 -0.001474738 0.002828419 -0.4983169 -0.001622319 0.002571105 -0.49851 -0.001757502 0.002294301 -0.4986841 -0.001879334 0.001999974 -0.4988376 -0.00198692 0.001690447 -0.4989696 -0.002079308 0.001368045 -0.499079 -0.0021559 0.001035273 -0.4991649 -0.0022161 6.94593e-4 -0.4992268 -0.002259433 3.48623e-4 -0.4992641 -0.00228554 0 -0.4992766 -0.002294301 -3.48623e-4 -0.4992641 -0.00228554 -6.94593e-4 -0.4992268 -0.002259433 -0.001035273 -0.4991649 -0.0022161 -0.001368045 -0.499079 -0.0021559 -0.001690447 -0.4989696 -0.002079308 0.003984749 -0.496267 -2.24091e-4 -0.001368045 -0.4994066 -0.001588523 -0.001368045 -0.4995321 -0.001285552 -0.001368045 -0.4996307 -9.72841e-4 -0.001368045 -0.4997017 -6.52704e-4 -0.001368045 -0.4997445 -3.27598e-4 -0.001368045 -0.4997588 0 -0.001368045 -0.4997445 3.27598e-4 -0.001368045 -0.4997017 6.52704e-4 -0.001368045 -0.4996307 9.72841e-4 -0.001368045 -0.4995321 0.001285552 -0.001368045 -0.4994066 0.001588523 -0.001368045 -0.4992552 0.001879334 -0.001368045 -0.499079 0.0021559 -0.001368045 -0.4988794 0.002416074 -0.001368045 -0.4986578 0.00265783 -0.001368045 -0.4984161 0.002879381 -0.001368045 -0.498156 0.003078997 -0.001368045 -0.4978794 0.003255188 -0.001368045 -0.4975885 0.003406584 -0.001368045 -0.4972856 0.003532052 -0.001368045 -0.4969728 0.003630638 -0.001368045 -0.4966527 0.003701627 -0.001368045 -0.4963276 0.003744423 -0.001368045 -0.496 0.003758728 0.003939211 -0.4965321 -4.46476e-4 0.003863692 -0.496793 -6.65463e-4 0.003758728 -0.497048 -8.79385e-4 0.003625214 -0.497295 -0.001086592 0.003464043 -0.4975321 -0.001285552 0.003276586 -0.4977576 -0.001474738 0.003064155 -0.4979696 -0.001652657 0.002828419 -0.4981667 -0.00181806 0.002571105 -0.4983473 -0.001969575 0.002294301 -0.49851 -0.00210613 0.001999974 -0.4986537 -0.00222665 0.001690447 -0.4987771 -0.002330243 0.001368045 -0.4988794 -0.002416074 0.001035273 -0.4989598 -0.002483487 6.94593e-4 -0.4990176 -0.002532064 3.48623e-4 -0.4990525 -0.00256133 0 -0.4990642 -0.002571105 -3.48623e-4 -0.4990525 -0.00256133 -6.94593e-4 -0.4990176 -0.002532064 -0.001035273 -0.4989598 -0.002483487 -0.001368045 -0.4988794 -0.002416074 -0.001690447 -0.4987771 -0.002330243 -0.001999974 -0.4986537 -0.00222665 0.003984749 -0.4962465 -2.46514e-4 -0.001690447 -0.4991396 -0.001812577 -0.001690447 -0.4992856 -0.001532077 -0.001690447 -0.4994066 -0.001239895 -0.001690447 -0.4995017 -9.38279e-4 -0.001690447 -0.4995701 -6.29515e-4 -0.001690447 -0.4996114 -3.1596e-4 -0.001690447 -0.4996252 0 -0.001690447 -0.4996114 3.1596e-4 -0.001690447 -0.4995701 6.29515e-4 -0.001690447 -0.4995017 9.38279e-4 -0.001690447 -0.4994066 0.001239895 -0.001690447 -0.4992856 0.001532077 -0.001690447 -0.4991396 0.001812577 -0.001690447 -0.4989696 0.002079308 -0.001690447 -0.4987771 0.002330243 -0.001690447 -0.4985634 0.002563416 -0.001690447 -0.4983302 0.00277704 -0.001690447 -0.4980794 0.002969563 -0.001690447 -0.4978126 0.003139495 -0.001690447 -0.4975321 0.003285527 -0.001690447 -0.4972399 0.003406584 -0.001690447 -0.4969383 0.003501653 -0.001690447 -0.4966295 0.003570139 -0.001690447 -0.496316 0.003611385 -0.001690447 -0.496 0.003625214 0.003939211 -0.4964911 -4.91151e-4 0.003863692 -0.4967321 -7.32051e-4 0.003758728 -0.4969674 -9.67379e-4 0.003625214 -0.4971953 -0.001195311 0.003464043 -0.4974142 -0.001414179 0.003276586 -0.4976223 -0.001622319 0.003064155 -0.4978181 -0.00181806 0.002828419 -0.498 -0.001999974 0.002571105 -0.4981667 -0.002166688 0.002294301 -0.4983169 -0.002316892 0.001999974 -0.4984495 -0.002449452 0.001690447 -0.4985634 -0.002563416 0.001368045 -0.4986578 -0.00265783 0.001035273 -0.498732 -0.002732038 6.94593e-4 -0.4987854 -0.002785444 3.48623e-4 -0.4988176 -0.00281763 0 -0.4988284 -0.002828419 -3.48623e-4 -0.4988176 -0.00281763 -6.94593e-4 -0.4987854 -0.002785444 -0.001035273 -0.498732 -0.002732038 -0.001368045 -0.4986578 -0.00265783 -0.001690447 -0.4985634 -0.002563416 -0.001999974 -0.4984495 -0.002449452 -0.002294301 -0.4983169 -0.002316892 0.003984749 -0.4962241 -2.67061e-4 -0.001999974 -0.4988376 -0.00198692 -0.001999974 -0.499 -0.001731991 -0.001999974 -0.4991396 -0.001463949 -0.001999974 -0.4992552 -0.001184761 -0.001999974 -0.4993461 -8.96575e-4 -0.001999974 -0.4994115 -6.01535e-4 -0.001999974 -0.4994509 -3.01916e-4 -0.001999974 -0.4994641 0 -0.001999974 -0.4994509 3.01916e-4 -0.001999974 -0.4994115 6.01535e-4 -0.001999974 -0.4993461 8.96575e-4 -0.001999974 -0.4992552 0.001184761 -0.001999974 -0.4991396 0.001463949 -0.001999974 -0.499 0.001731991 -0.001999974 -0.4988376 0.00198692 -0.001999974 -0.4986537 0.00222665 -0.001999974 -0.4984495 0.002449452 -0.001999974 -0.4982267 0.002653598 -0.001999974 -0.4979869 0.002837598 -0.001999974 -0.4977321 0.002999961 -0.001999974 -0.497464 0.003139495 -0.001999974 -0.4971848 0.003255188 -0.001999974 -0.4968966 0.003346025 -0.001999974 -0.4966015 0.003411471 -0.001999974 -0.4963019 0.00345087 -0.001999974 -0.496 0.003464043 0.003939211 -0.4964465 -5.32089e-4 0.003863692 -0.4966654 -7.93068e-4 0.003758728 -0.4968794 -0.001047968 0.003625214 -0.4970866 -0.00129497 0.003464043 -0.4972856 -0.001532077 0.003276586 -0.4974747 -0.001757502 0.003064155 -0.4976527 -0.001969575 0.002828419 -0.4978181 -0.002166688 0.002571105 -0.4979696 -0.00234729 0.002294301 -0.4981061 -0.002510011 0.001999974 -0.4982267 -0.002653598 0.001690447 -0.4983302 -0.00277704 0.001368045 -0.4984161 -0.002879381 0.001035273 -0.4984835 -0.002959728 6.94593e-4 -0.4985321 -0.003017604 3.48623e-4 -0.4985613 -0.003052473 0 -0.4985712 -0.003064155 -3.48623e-4 -0.4985613 -0.003052473 -6.94593e-4 -0.4985321 -0.003017604 -0.001035273 -0.4984835 -0.002959728 -0.001368045 -0.4984161 -0.002879381 -0.001690447 -0.4983302 -0.00277704 -0.001999974 -0.4982267 -0.002653598 -0.002294301 -0.4981061 -0.002510011 -0.002571105 -0.4979696 -0.00234729 0.003984749 -0.4962 -2.85575e-4 -0.002294301 -0.49851 -0.00210613 -0.002294301 -0.4986841 -0.001879334 -0.002294301 -0.4988376 -0.001638293 -0.002294301 -0.4989696 -0.001384735 -0.002294301 -0.499079 -0.001120626 -0.002294301 -0.4991649 -8.48049e-4 -0.002294301 -0.4992268 -5.68977e-4 -0.002294301 -0.4992641 -2.85575e-4 -0.002294301 -0.4992766 0 -0.002294301 -0.4992641 2.85575e-4 -0.002294301 -0.4992268 5.68977e-4 -0.002294301 -0.4991649 8.48049e-4 -0.002294301 -0.499079 0.001120626 -0.002294301 -0.4989696 0.001384735 -0.002294301 -0.4988376 0.001638293 -0.002294301 -0.4986841 0.001879334 -0.002294301 -0.49851 0.00210613 -0.002294301 -0.4983169 0.002316892 -0.002294301 -0.4981061 0.002510011 -0.002294301 -0.4978794 0.002683997 -0.002294301 -0.4976383 0.002837598 -0.002294301 -0.4973847 0.002969563 -0.002294301 -0.4971207 0.003078997 -0.002294301 -0.4968481 0.003164947 -0.002294301 -0.496569 0.003226816 -0.002294301 -0.4962856 0.003264129 -0.002294301 -0.496 0.003276586 0.003939211 -0.4963984 -5.68977e-4 0.003863692 -0.4965938 -8.48049e-4 0.003758728 -0.4967847 -0.001120626 0.003625214 -0.4969696 -0.001384735 0.003464043 -0.4971472 -0.001638293 0.003276586 -0.497316 -0.001879334 0.003064155 -0.4974747 -0.00210613 0.002828419 -0.4976223 -0.002316892 0.002571105 -0.4977576 -0.002510011 0.002294301 -0.4978794 -0.002683997 0.001999974 -0.4979869 -0.002837598 0.001690447 -0.4980794 -0.002969563 0.001368045 -0.498156 -0.003078997 0.001035273 -0.4982161 -0.003164947 6.94593e-4 -0.4982594 -0.003226816 3.48623e-4 -0.4982855 -0.003264129 0 -0.4982943 -0.003276586 -3.48623e-4 -0.4982855 -0.003264129 -6.94593e-4 -0.4982594 -0.003226816 -0.001035273 -0.4982161 -0.003164947 -0.001368045 -0.498156 -0.003078997 -0.001690447 -0.4980794 -0.002969563 -0.001999974 -0.4979869 -0.002837598 -0.002294301 -0.4978794 -0.002683997 -0.002571105 -0.4977576 -0.002510011 -0.002828419 -0.4976223 -0.002316892 0.003984749 -0.4961743 -3.01916e-4 -0.002571105 -0.4981667 -0.002166688 -0.002571105 -0.4983473 -0.001969575 -0.002571105 -0.49851 -0.001757502 -0.002571105 -0.4986537 -0.001532077 -0.002571105 -0.4987771 -0.00129497 -0.002571105 -0.4988794 -0.001047968 -0.002571105 -0.4989598 -7.93068e-4 -0.002571105 -0.4990176 -5.32089e-4 -0.002571105 -0.4990525 -2.67061e-4 -0.002571105 -0.4990642 0 -0.002571105 -0.4990525 2.67061e-4 -0.002571105 -0.4990176 5.32089e-4 -0.002571105 -0.4989598 7.93068e-4 -0.002571105 -0.4988794 0.001047968 -0.002571105 -0.4987771 0.00129497 -0.002571105 -0.4986537 0.001532077 -0.002571105 -0.49851 0.001757502 -0.002571105 -0.4983473 0.001969575 -0.002571105 -0.4981667 0.002166688 -0.002571105 -0.4979696 0.00234729 -0.002571105 -0.4977576 0.002510011 -0.002571105 -0.4975321 0.002653598 -0.002571105 -0.497295 0.00277704 -0.002571105 -0.497048 0.002879381 -0.002571105 -0.496793 0.002959728 -0.002571105 -0.4965321 0.003017604 -0.002571105 -0.496267 0.003052473 -0.002571105 -0.496 0.003064155 0.003939211 -0.4963473 -6.01535e-4 0.003863692 -0.4965176 -8.96575e-4 0.003758728 -0.496684 -0.001184761 0.003625214 -0.4968453 -0.001463949 0.003464043 -0.497 -0.001731991 0.003276586 -0.4971472 -0.00198692 0.003064155 -0.4972856 -0.00222665 0.002828419 -0.4974142 -0.002449452 0.002571105 -0.4975321 -0.002653598 0.002294301 -0.4976383 -0.002837598 0.001999974 -0.4977321 -0.002999961 0.001690447 -0.4978126 -0.003139495 0.001368045 -0.4978794 -0.003255188 0.001035273 -0.4979318 -0.003346025 6.94593e-4 -0.4979696 -0.003411471 3.48623e-4 -0.4979924 -0.00345087 0 -0.498 -0.003464043 -3.48623e-4 -0.4979924 -0.00345087 -6.94593e-4 -0.4979696 -0.003411471 -0.001035273 -0.4979318 -0.003346025 -0.001368045 -0.4978794 -0.003255188 -0.001690447 -0.4978126 -0.003139495 -0.001999974 -0.4977321 -0.002999961 -0.002294301 -0.4976383 -0.002837598 -0.002571105 -0.4975321 -0.002653598 -0.002828419 -0.4974142 -0.002449452 -0.003064155 -0.4972856 -0.00222665 0.003984749 -0.4961473 -3.1596e-4 -0.002828419 -0.4978181 -0.002166688 -0.002828419 -0.498 -0.001999974 -0.002828419 -0.4981667 -0.00181806 -0.002828419 -0.4983169 -0.001622319 -0.002828419 -0.4984495 -0.001414179 -0.002828419 -0.4985634 -0.001195311 -0.002828419 -0.4986578 -9.67379e-4 -0.002828419 -0.498732 -7.32051e-4 -0.002828419 -0.4987854 -4.91151e-4 -0.002828419 -0.4988176 -2.46514e-4 -0.002828419 -0.4988284 0 -0.002828419 -0.4988176 2.46514e-4 -0.002828419 -0.4987854 4.91151e-4 -0.002828419 -0.498732 7.32051e-4 -0.002828419 -0.4986578 9.67379e-4 -0.002828419 -0.4985634 0.001195311 -0.002828419 -0.4984495 0.001414179 -0.002828419 -0.4983169 0.001622319 -0.002828419 -0.4981667 0.00181806 -0.002828419 -0.498 0.001999974 -0.002828419 -0.4978181 0.002166688 -0.002828419 -0.4976223 0.002316892 -0.002828419 -0.4974142 0.002449452 -0.002828419 -0.4971953 0.002563416 -0.002828419 -0.4969674 0.00265783 -0.002828419 -0.4967321 0.002732038 -0.002828419 -0.4964911 0.002785444 -0.002828419 -0.4962465 0.00281763 -0.002828419 -0.496 0.002828419 0.003939211 -0.4962936 -6.29515e-4 0.003863692 -0.4964375 -9.38279e-4 0.003758728 -0.4965782 -0.001239895 0.003625214 -0.4967144 -0.001532077 0.003464043 -0.4968453 -0.001812577 0.003276586 -0.4969696 -0.002079308 0.003064155 -0.4970866 -0.002330243 0.002828419 -0.4971953 -0.002563416 0.002571105 -0.497295 -0.00277704 0.002294301 -0.4973847 -0.002969563 0.001999974 -0.497464 -0.003139495 0.001690447 -0.4975321 -0.003285527 0.001368045 -0.4975885 -0.003406584 0.001035273 -0.4976329 -0.003501653 6.94593e-4 -0.4976648 -0.003570139 3.48623e-4 -0.497684 -0.003611385 0 -0.4976904 -0.003625214 -3.48623e-4 -0.497684 -0.003611385 -6.94593e-4 -0.4976648 -0.003570139 -0.001035273 -0.4976329 -0.003501653 -0.001368045 -0.4975885 -0.003406584 -0.001690447 -0.4975321 -0.003285527 -0.001999974 -0.497464 -0.003139495 -0.002294301 -0.4973847 -0.002969563 -0.002571105 -0.497295 -0.00277704 -0.002828419 -0.4971953 -0.002563416 -0.003064155 -0.4970866 -0.002330243 -0.003276586 -0.4969696 -0.002079308 0.003984749 -0.4961192 -3.27598e-4 -0.003064155 -0.4974747 -0.00210613 -0.003064155 -0.4976527 -0.001969575 -0.003064155 -0.4978181 -0.00181806 -0.003064155 -0.4979696 -0.001652657 -0.003064155 -0.4981061 -0.001474738 -0.003064155 -0.4982267 -0.001285552 -0.003064155 -0.4983302 -0.001086592 -0.003064155 -0.4984161 -8.79385e-4 -0.003064155 -0.4984835 -6.65463e-4 -0.003064155 -0.4985321 -4.46476e-4 -0.003064155 -0.4985613 -2.24091e-4 -0.003064155 -0.4985712 0 -0.003064155 -0.4985613 2.24091e-4 -0.003064155 -0.4985321 4.46476e-4 -0.003064155 -0.4984835 6.65463e-4 -0.003064155 -0.4984161 8.79385e-4 -0.003064155 -0.4983302 0.001086592 -0.003064155 -0.4982267 0.001285552 -0.003064155 -0.4981061 0.001474738 -0.003064155 -0.4979696 0.001652657 -0.003064155 -0.4978181 0.00181806 -0.003064155 -0.4976527 0.001969575 -0.003064155 -0.4974747 0.00210613 -0.003064155 -0.4972856 0.00222665 -0.003064155 -0.4970866 0.002330243 -0.003064155 -0.4968794 0.002416074 -0.003064155 -0.4966654 0.002483487 -0.003064155 -0.4964465 0.002532064 -0.003064155 -0.4962241 0.00256133 -0.003064155 -0.496 0.002571105 0.003939211 -0.4962376 -6.52704e-4 0.003863692 -0.4963541 -9.72841e-4 0.003758728 -0.4964679 -0.001285552 0.003625214 -0.4965782 -0.001588523 0.003464043 -0.496684 -0.001879334 0.003276586 -0.4967847 -0.0021559 0.003064155 -0.4968794 -0.002416074 0.002828419 -0.4969674 -0.00265783 0.002571105 -0.497048 -0.002879381 0.002294301 -0.4971207 -0.003078997 0.001999974 -0.4971848 -0.003255188 0.001690447 -0.4972399 -0.003406584 0.001368045 -0.4972856 -0.003532052 0.001035273 -0.4973214 -0.003630638 6.94593e-4 -0.4973473 -0.003701627 3.48623e-4 -0.4973629 -0.003744423 0 -0.497368 -0.003758728 -3.48623e-4 -0.4973629 -0.003744423 -6.94593e-4 -0.4973473 -0.003701627 -0.001035273 -0.4973214 -0.003630638 -0.001368045 -0.4972856 -0.003532052 -0.001690447 -0.4972399 -0.003406584 -0.001999974 -0.4971848 -0.003255188 -0.002294301 -0.4971207 -0.003078997 -0.002571105 -0.497048 -0.002879381 -0.002828419 -0.4969674 -0.00265783 -0.003064155 -0.4968794 -0.002416074 -0.003276586 -0.4967847 -0.0021559 -0.003464043 -0.496684 -0.001879334 0.003984749 -0.4960902 -3.36744e-4 -0.003276586 -0.4971472 -0.00198692 -0.003276586 -0.497316 -0.001879334 -0.003276586 -0.4974747 -0.001757502 -0.003276586 -0.4976223 -0.001622319 -0.003276586 -0.4977576 -0.001474738 -0.003276586 -0.4978794 -0.001315951 -0.003276586 -0.4979869 -0.00114715 -0.003276586 -0.4980794 -9.69616e-4 -0.003276586 -0.498156 -7.84699e-4 -0.003276586 -0.4982161 -5.9381e-4 -0.003276586 -0.4982594 -3.98402e-4 -0.003276586 -0.4982855 -1.99962e-4 -0.003276586 -0.4982943 0 -0.003276586 -0.4982855 1.99962e-4 -0.003276586 -0.4982594 3.98402e-4 -0.003276586 -0.4982161 5.9381e-4 -0.003276586 -0.498156 7.84699e-4 -0.003276586 -0.4980794 9.69616e-4 -0.003276586 -0.4979869 0.00114715 -0.003276586 -0.4978794 0.001315951 -0.003276586 -0.4977576 0.001474738 -0.003276586 -0.4976223 0.001622319 -0.003276586 -0.4974747 0.001757502 -0.003276586 -0.497316 0.001879334 -0.003276586 -0.4971472 0.00198692 -0.003276586 -0.4969696 0.002079308 -0.003276586 -0.4967847 0.0021559 -0.003276586 -0.4965938 0.0022161 -0.003276586 -0.4963984 0.002259433 -0.003276586 -0.4962 0.00228554 -0.003276586 -0.496 0.002294301 0.003939211 -0.4961798 -6.70925e-4 0.003863692 -0.4962679 -0.000999987 0.003758728 -0.4963541 -0.001321434 0.003625214 -0.4964375 -0.001632869 0.003464043 -0.4965176 -0.001931846 0.003276586 -0.4965938 -0.0022161 0.003064155 -0.4966654 -0.002483487 0.002828419 -0.4967321 -0.002732038 0.002571105 -0.496793 -0.002959728 0.002294301 -0.4968481 -0.003164947 0.001999974 -0.4968966 -0.003346025 0.001690447 -0.4969383 -0.003501653 0.001368045 -0.4969728 -0.003630638 0.001035273 -0.497 -0.003732025 6.94593e-4 -0.4970195 -0.003804981 3.48623e-4 -0.4970313 -0.003848969 0 -0.4970353 -0.003863692 -3.48623e-4 -0.4970313 -0.003848969 -6.94593e-4 -0.4970195 -0.003804981 -0.001035273 -0.497 -0.003732025 -0.001368045 -0.4969728 -0.003630638 -0.001690447 -0.4969383 -0.003501653 -0.001999974 -0.4968966 -0.003346025 -0.002294301 -0.4968481 -0.003164947 -0.002571105 -0.496793 -0.002959728 -0.002828419 -0.4967321 -0.002732038 -0.003064155 -0.4966654 -0.002483487 -0.003276586 -0.4965938 -0.0022161 -0.003464043 -0.4965176 -0.001931846 -0.003625214 -0.4964375 -0.001632869 0.003984749 -0.4960606 -3.43327e-4 -0.003464043 -0.4968453 -0.001812577 -0.003464043 -0.497 -0.001731991 -0.003464043 -0.4971472 -0.001638293 -0.003464043 -0.4972856 -0.001532077 -0.003464043 -0.4974142 -0.001414179 -0.003464043 -0.4975321 -0.001285552 -0.003464043 -0.4976383 -0.00114715 -0.003464043 -0.4977321 -0.000999987 -0.003464043 -0.4978126 -8.45236e-4 -0.003464043 -0.4978794 -6.8404e-4 -0.003464043 -0.4979318 -5.17638e-4 -0.003464043 -0.4979696 -3.47296e-4 -0.003464043 -0.4979924 -1.74311e-4 -0.003464043 -0.498 0 -0.003464043 -0.4979924 1.74311e-4 -0.003464043 -0.4979696 3.47296e-4 -0.003464043 -0.4979318 5.17638e-4 -0.003464043 -0.4978794 6.8404e-4 -0.003464043 -0.4978126 8.45236e-4 -0.003464043 -0.4977321 0.000999987 -0.003464043 -0.4976383 0.00114715 -0.003464043 -0.4975321 0.001285552 -0.003464043 -0.4974142 0.001414179 -0.003464043 -0.4972856 0.001532077 -0.003464043 -0.4971472 0.001638293 -0.003464043 -0.497 0.001731991 -0.003464043 -0.4968453 0.001812577 -0.003464043 -0.496684 0.001879334 -0.003464043 -0.4965176 0.001931846 -0.003464043 -0.4963473 0.001969575 -0.003464043 -0.4961743 0.001992344 -0.003464043 -0.496 0.001999974 0.003939211 -0.4961206 -6.8404e-4 0.003863692 -0.4961798 -0.001019537 0.003758728 -0.4962376 -0.001347243 0.003625214 -0.4962936 -0.001664757 0.003464043 -0.4963473 -0.001969575 0.003276586 -0.4963984 -0.002259433 0.003064155 -0.4964465 -0.002532064 0.002828419 -0.4964911 -0.002785444 0.002571105 -0.4965321 -0.003017604 0.002294301 -0.496569 -0.003226816 0.001999974 -0.4966015 -0.003411471 0.001690447 -0.4966295 -0.003570139 0.001368045 -0.4966527 -0.003701627 0.001035273 -0.4966709 -0.003804981 6.94593e-4 -0.496684 -0.003879368 3.48623e-4 -0.496692 -0.00392419 0 -0.4966946 -0.003939211 -3.48623e-4 -0.496692 -0.00392419 -6.94593e-4 -0.496684 -0.003879368 -0.001035273 -0.4966709 -0.003804981 -0.001368045 -0.4966527 -0.003701627 -0.001690447 -0.4966295 -0.003570139 -0.001999974 -0.4966015 -0.003411471 -0.002294301 -0.496569 -0.003226816 -0.002571105 -0.4965321 -0.003017604 -0.002828419 -0.4964911 -0.002785444 -0.003064155 -0.4964465 -0.002532064 -0.003276586 -0.4963984 -0.002259433 -0.003464043 -0.4963473 -0.001969575 -0.003625214 -0.4962936 -0.001664757 -0.003758728 -0.4962376 -0.001347243 0.003984749 -0.4960304 -3.47296e-4 -0.003625214 -0.4965782 -0.001588523 -0.003625214 -0.4967144 -0.001532077 -0.003625214 -0.4968453 -0.001463949 -0.003625214 -0.4969696 -0.001384735 -0.003625214 -0.4970866 -0.00129497 -0.003625214 -0.4971953 -0.001195311 -0.003625214 -0.497295 -0.001086592 -0.003625214 -0.4973847 -9.69616e-4 -0.003625214 -0.497464 -8.45236e-4 -0.003625214 -0.4975321 -7.14425e-4 -0.003625214 -0.4975885 -5.78176e-4 -0.003625214 -0.4976329 -4.37527e-4 -0.003625214 -0.4976648 -2.93548e-4 -0.003625214 -0.497684 -1.47334e-4 -0.003625214 -0.4976904 0 -0.003625214 -0.497684 1.47334e-4 -0.003625214 -0.4976648 2.93548e-4 -0.003625214 -0.4976329 4.37527e-4 -0.003625214 -0.4975885 5.78176e-4 -0.003625214 -0.4975321 7.14425e-4 -0.003625214 -0.497464 8.45236e-4 -0.003625214 -0.4973847 9.69616e-4 -0.003625214 -0.497295 0.001086592 -0.003625214 -0.4971953 0.001195311 -0.003625214 -0.4970866 0.00129497 -0.003625214 -0.4969696 0.001384735 -0.003625214 -0.4968453 0.001463949 -0.003625214 -0.4967144 0.001532077 -0.003625214 -0.4965782 0.001588523 -0.003625214 -0.4964375 0.001632869 -0.003625214 -0.4962936 0.001664757 -0.003625214 -0.4961473 0.00168401 -0.003625214 -0.496 0.001690447 0.003939211 -0.4960606 -6.9195e-4 0.003863692 -0.4960902 -0.001031279 0.003758728 -0.4961192 -0.00136286 0.003625214 -0.4961473 -0.00168401 0.003464043 -0.4961743 -0.001992344 0.003276586 -0.4962 -0.00228554 0.003064155 -0.4962241 -0.00256133 0.002828419 -0.4962465 -0.00281763 0.002571105 -0.496267 -0.003052473 0.002294301 -0.4962856 -0.003264129 0.001999974 -0.4963019 -0.00345087 0.001690447 -0.496316 -0.003611385 0.001368045 -0.4963276 -0.003744423 0.001035273 -0.4963368 -0.003848969 6.94593e-4 -0.4963433 -0.00392419 3.48623e-4 -0.4963473 -0.003969609 0 -0.4963486 -0.003984749 -3.48623e-4 -0.4963473 -0.003969609 -6.94593e-4 -0.4963433 -0.00392419 -0.001035273 -0.4963368 -0.003848969 -0.001368045 -0.4963276 -0.003744423 -0.001690447 -0.496316 -0.003611385 -0.001999974 -0.4963019 -0.00345087 -0.002294301 -0.4962856 -0.003264129 -0.002571105 -0.496267 -0.003052473 -0.002828419 -0.4962465 -0.00281763 -0.003064155 -0.4962241 -0.00256133 -0.003276586 -0.4962 -0.00228554 -0.003464043 -0.4961743 -0.001992344 -0.003625214 -0.4961473 -0.00168401 -0.003758728 -0.4961192 -0.00136286 -0.003863692 -0.4960902 -0.001031279 0.003984749 -0.496 -3.48623e-4 -0.003758728 -0.4963541 -0.001321434 -0.003758728 -0.4964679 -0.001285552 -0.003758728 -0.4965782 -0.001239895 -0.003758728 -0.496684 -0.001184761 -0.003758728 -0.4967847 -0.001120626 -0.003758728 -0.4968794 -0.001047968 -0.003758728 -0.4969674 -9.67379e-4 -0.003758728 -0.497048 -8.79385e-4 -0.003758728 -0.4971207 -7.84699e-4 -0.003758728 -0.4971848 -6.8404e-4 -0.003758728 -0.4972399 -5.78176e-4 -0.003758728 -0.4972856 -4.67911e-4 -0.003758728 -0.4973214 -3.54085e-4 -0.003758728 -0.4973473 -2.37565e-4 -0.003758728 -0.4973629 -1.19236e-4 -0.003758728 -0.497368 0 -0.003758728 -0.4973629 1.19236e-4 -0.003758728 -0.4973473 2.37565e-4 -0.003758728 -0.4973214 3.54085e-4 -0.003758728 -0.4972856 4.67911e-4 -0.003758728 -0.4972399 5.78176e-4 -0.003758728 -0.4971848 6.8404e-4 -0.003758728 -0.4971207 7.84699e-4 -0.003758728 -0.497048 8.79385e-4 -0.003758728 -0.4969674 9.67379e-4 -0.003758728 -0.4968794 0.001047968 -0.003758728 -0.4967847 0.001120626 -0.003758728 -0.496684 0.001184761 -0.003758728 -0.4965782 0.001239895 -0.003758728 -0.4964679 0.001285552 -0.003758728 -0.4963541 0.001321434 -0.003758728 -0.4962376 0.001347243 -0.003758728 -0.4961192 0.00136286 -0.003758728 -0.496 0.001368045 0.003939211 -0.496 -6.94593e-4 0.003863692 -0.496 -0.001035273 0.003758728 -0.496 -0.001368045 0.003625214 -0.496 -0.001690447 0.003464043 -0.496 -0.001999974 0.003276586 -0.496 -0.002294301 0.003064155 -0.496 -0.002571105 0.002828419 -0.496 -0.002828419 0.002571105 -0.496 -0.003064155 0.002294301 -0.496 -0.003276586 0.001999974 -0.496 -0.003464043 0.001690447 -0.496 -0.003625214 0.001368045 -0.496 -0.003758728 0.001035273 -0.496 -0.003863692 6.94593e-4 -0.496 -0.003939211 3.48623e-4 -0.496 -0.003984749 0 -0.496 -0.003999948 -3.48623e-4 -0.496 -0.003984749 -6.94593e-4 -0.496 -0.003939211 -0.001035273 -0.496 -0.003863692 -0.001368045 -0.496 -0.003758728 -0.001690447 -0.496 -0.003625214 -0.001999974 -0.496 -0.003464043 -0.002294301 -0.496 -0.003276586 -0.002571105 -0.496 -0.003064155 -0.002828419 -0.496 -0.002828419 -0.003064155 -0.496 -0.002571105 -0.003276586 -0.496 -0.002294301 -0.003464043 -0.496 -0.001999974 -0.003625214 -0.496 -0.001690447 -0.003758728 -0.496 -0.001368045 -0.003863692 -0.496 -0.001035273 -0.003939211 -0.496 -6.94593e-4 -0.003863692 -0.4961798 -0.001019537 -0.003863692 -0.4962679 -0.000999987 -0.003863692 -0.4963541 -9.72841e-4 -0.003863692 -0.4964375 -9.38279e-4 -0.003863692 -0.4965176 -8.96575e-4 -0.003863692 -0.4965938 -8.48049e-4 -0.003863692 -0.4966654 -7.93068e-4 -0.003863692 -0.4967321 -7.32051e-4 -0.003863692 -0.496793 -6.65463e-4 -0.003863692 -0.4968481 -5.9381e-4 -0.003863692 -0.4968966 -5.17638e-4 -0.003863692 -0.4969383 -4.37527e-4 -0.003863692 -0.4969728 -3.54085e-4 -0.003863692 -0.497 -2.67949e-4 -0.003863692 -0.4970195 -1.79774e-4 -0.003863692 -0.4970313 -9.02303e-5 -0.003863692 -0.4970353 0 -0.003863692 -0.4970313 9.02303e-5 -0.003863692 -0.4970195 1.79774e-4 -0.003863692 -0.497 2.67949e-4 -0.003863692 -0.4969728 3.54085e-4 -0.003863692 -0.4969383 4.37527e-4 -0.003863692 -0.4968966 5.17638e-4 -0.003863692 -0.4968481 5.9381e-4 -0.003863692 -0.496793 6.65463e-4 -0.003863692 -0.4967321 7.32051e-4 -0.003863692 -0.4966654 7.93068e-4 -0.003863692 -0.4965938 8.48049e-4 -0.003863692 -0.4965176 8.96575e-4 -0.003863692 -0.4964375 9.38279e-4 -0.003863692 -0.4963541 9.72841e-4 -0.003863692 -0.4962679 0.000999987 -0.003863692 -0.4961798 0.001019537 -0.003863692 -0.4960902 0.001031279 -0.003863692 -0.496 0.001035273 -0.003939211 -0.4960606 -6.9195e-4 -0.003939211 -0.4961206 -6.8404e-4 -0.003939211 -0.4961798 -6.70925e-4 -0.003939211 -0.4962376 -6.52704e-4 -0.003939211 -0.4962936 -6.29515e-4 -0.003939211 -0.4963473 -6.01535e-4 -0.003939211 -0.4963984 -5.68977e-4 -0.003939211 -0.4964465 -5.32089e-4 -0.003939211 -0.4964911 -4.91151e-4 -0.003939211 -0.4965321 -4.46476e-4 -0.003939211 -0.496569 -3.98402e-4 -0.003939211 -0.4966015 -3.47296e-4 -0.003939211 -0.4966295 -2.93548e-4 -0.003939211 -0.4966527 -2.37565e-4 -0.003939211 -0.4966709 -1.79774e-4 -0.003939211 -0.496684 -1.20615e-4 -0.003939211 -0.496692 -6.05377e-5 -0.003939211 -0.4966946 0 -0.003939211 -0.496692 6.05377e-5 -0.003939211 -0.496684 1.20615e-4 -0.003939211 -0.4966709 1.79774e-4 -0.003939211 -0.4966527 2.37565e-4 -0.003939211 -0.4966295 2.93548e-4 -0.003939211 -0.4966015 3.47296e-4 -0.003939211 -0.496569 3.98402e-4 -0.003939211 -0.4965321 4.46476e-4 -0.003939211 -0.4964911 4.91151e-4 -0.003939211 -0.4964465 5.32089e-4 -0.003939211 -0.4963984 5.68977e-4 -0.003939211 -0.4963473 6.01535e-4 -0.003939211 -0.4962936 6.29515e-4 -0.003939211 -0.4962376 6.52704e-4 -0.003939211 -0.4961798 6.70925e-4 -0.003939211 -0.4961206 6.8404e-4 -0.003939211 -0.4960606 6.9195e-4 -0.003939211 -0.496 6.94593e-4</float_array>
          <technique_common>
            <accessor source="#front_controller_rod-mesh-positions-array" count="1946" stride="3">
              <param name="X" type="float"/>
              <param name="Y" type="float"/>
              <param name="Z" type="float"/>
            </accessor>
          </technique_common>
        </source>
        <source id="front_controller_rod-mesh-normals">
          <float_array id="front_controller_rod-mesh-normals-array" count="9873">0 1 0 0 1 2.84953e-4 0 1 2.84953e-4 0 1 -1.06857e-4 0 1 1.42476e-4 0 1 -1.42476e-4 0 1 2.67143e-5 0 1 -2.67143e-5 0 1 7.12382e-5 0 1 0 0 1 2.67143e-5 0 1 3.56191e-5 0 1 -3.56191e-5 0 1 5.34286e-5 0 1 1.06857e-4 0 1 -3.56191e-5 0 1 -7.12381e-5 0 1 1.06857e-4 0 1 -1.42476e-4 0 1 1.42476e-4 0 1 1.42476e-4 0 1 -2.13715e-4 0 1 -2.13715e-4 0 1 -2.84953e-4 0 1 -2.84953e-4 0 1 -2.67143e-5 0 1 2.67143e-5 0 1 -7.12382e-5 0 1 0 0 1 -2.67143e-5 0 1 3.56191e-5 0 1 -5.34286e-5 0 1 -1.06857e-4 0 1 7.12381e-5 0 1 1.42476e-4 0 1 -1.42476e-4 0 1 -1.42476e-4 0 1 2.13715e-4 0 1 2.13715e-4 0 -1 0 0 -1 -3.33929e-4 0 -1 1.66964e-4 0 -1 -1.66964e-4 0 -1 1.33572e-4 0 -1 -1.66965e-4 0 -1 6.67858e-5 0 -1 1.66965e-4 0 -1 -1.66964e-5 0 -1 0 0 -1 1.66964e-5 0 -1 -4.17411e-5 0 -1 -6.67858e-5 0 -1 6.26116e-5 0 -1 1.56529e-5 0 -1 -8.34823e-5 0 -1 -1.66965e-4 0 -1 -1.33572e-4 0 -1 1.66965e-4 0 -1 -1.33572e-4 0 -1 1.33572e-4 0 -1 3.33929e-4 0 -1 1.66965e-4 0 -1 -6.67858e-5 0 -1 0 0 -1 4.17411e-5 0 -1 6.67858e-5 0 -1 -6.26116e-5 0 -1 -1.56529e-5 0 -1 8.34823e-5 0 -1 -1.66965e-4 0 1 -3.75018e-6 0 1 4.89154e-7 0 1 1.04353e-5 0 1 -4.56544e-6 0 1 -5.21764e-6 0 1 -2.60882e-6 0 1 -1.30441e-6 0 1 0 0 1 2.60882e-6 0 1 -6.52205e-7 0 1 6.52205e-7 0 1 1.04353e-5 0 1 -3.26103e-6 0 1 9.78308e-7 0 1 -1.30441e-6 0 1 3.75018e-6 0 1 -4.89154e-7 0 1 -1.04353e-5 0 1 4.56544e-6 0 1 5.21764e-6 0 1 2.60882e-6 0 1 1.30441e-6 0 1 0 0 1 -2.60882e-6 0 1 6.52205e-7 0 1 -6.52205e-7 0 1 -1.04353e-5 0 1 3.26103e-6 0 1 -9.78308e-7 0 1 1.30441e-6 0 1 1.04353e-6 0 1 -6.52206e-7 0 1 -1.30441e-6 0 1 -2.08706e-6 0 1 2.08706e-6 0 1 -2.08706e-6 0 1 2.08706e-6 0 1 -2.08705e-6 0 1 1.04353e-6 0 1 1.04353e-6 0 1 -1.30441e-6 0 1 1.04353e-6 0 1 5.21764e-7 0 1 -1.30441e-6 0 1 7.82646e-7 0 1 -1.30441e-7 0 1 0 0 1 1.30441e-7 0 1 2.60882e-7 0 1 -3.26102e-7 0 1 5.21764e-7 0 1 2.44577e-7 0 1 3.26102e-7 0 1 6.52204e-7 0 1 -1.04353e-6 0 1 6.52206e-7 0 1 1.30441e-6 0 1 2.08706e-6 0 1 -2.08706e-6 0 1 2.08706e-6 0 1 -2.08706e-6 0 1 2.08705e-6 0 1 -1.04353e-6 0 1 -1.04353e-6 0 1 1.30441e-6 0 1 -1.04353e-6 0 1 -5.21764e-7 0 1 1.30441e-6 0 1 -7.82646e-7 0 1 0 0 1 -2.60882e-7 0 1 3.26102e-7 0 1 -5.21764e-7 0 1 -2.44577e-7 0 1 -3.26102e-7 0 1 -6.52204e-7 0.9990483 0 0.04361957 0.9914451 0 0.1305251 0.9762964 0 0.2164382 0.9537163 0 0.3007079 0.9238792 0 0.3826845 0.9238792 0 0.3826842 0.8870134 0 0.4617438 0.8870102 0 0.4617499 0.8433929 0 0.5372974 0.8433894 0 0.5373028 0.7933483 0 0.6087681 0.793356 0 0.6087581 0.7372746 0 0.6755933 0.7372756 0 0.6755923 0.6755889 0 0.7372786 0.67559 0 0.7372776 0.6087591 0 0.7933553 0.6087658 0 0.7933501 0.5372961 0 0.8433938 0.5373022 0 0.8433899 0.461753 0 0.8870087 0.4617513 0 0.8870096 0.3826887 0 0.9238774 0.382681 0 0.9238806 0.3007035 0 0.9537177 0.3007083 0 0.9537162 0.2164405 0 0.9762958 0.2164385 0 0.9762963 0.1305257 0 0.991445 0.1305256 0 0.991445 0.04361754 0 0.9990484 0.04361963 0 0.9990482 -0.04361963 0 0.9990482 -0.04361754 0 0.9990484 -0.1305277 0 0.9914447 -0.1305235 0 0.9914453 -0.2164385 0 0.9762963 -0.2164405 0 0.9762958 -0.3007035 0 0.9537177 -0.3007083 0 0.9537162 -0.3826869 0 0.9238782 -0.3826828 0 0.9238799 -0.4617513 0 0.8870096 -0.461753 0 0.8870087 -0.5372946 0 0.8433947 -0.5373036 0 0.8433889 -0.6087577 0 0.7933562 -0.6087671 0 0.7933491 -0.67559 0 0.7372776 -0.6755889 0 0.7372786 -0.7372756 0 0.6755923 -0.7372746 0 0.6755933 -0.7933478 0 0.6087686 -0.7933563 0 0.6087576 -0.8433933 0 0.537297 -0.8433892 0 0.5373033 -0.8870136 0 0.4617434 -0.88701 0 0.4617503 -0.9238792 0 0.3826842 -0.9238792 0 0.3826845 -0.9537163 0 0.3007079 -0.9762964 0 0.2164382 -0.9914451 0 0.1305251 -0.9990483 0 0.0436185 -0.9990483 0 0.04361957 -0.9990483 0 -0.0436185 -0.9990483 0 -0.04361957 -0.9914451 0 -0.1305251 -0.9762964 0 -0.2164382 -0.9537163 0 -0.3007079 -0.9238792 0 -0.3826845 -0.9238792 0 -0.3826842 -0.8870134 0 -0.4617438 -0.8870102 0 -0.4617499 -0.8433929 0 -0.5372974 -0.8433894 0 -0.5373028 -0.7933483 0 -0.6087681 -0.793356 0 -0.6087581 -0.7372746 0 -0.6755933 -0.7372756 0 -0.6755923 -0.6755889 0 -0.7372786 -0.67559 0 -0.7372776 -0.6087591 0 -0.7933553 -0.6087658 0 -0.7933501 -0.5372961 0 -0.8433938 -0.5373022 0 -0.8433899 -0.461753 0 -0.8870087 -0.4617513 0 -0.8870096 -0.3826887 0 -0.9238774 -0.382681 0 -0.9238806 -0.3007035 0 -0.9537177 -0.3007083 0 -0.9537162 -0.2164405 0 -0.9762958 -0.2164385 0 -0.9762963 -0.1305257 0 -0.991445 -0.1305256 0 -0.991445 -0.04361754 0 -0.9990484 -0.04361963 0 -0.9990482 0.04361963 0 -0.9990482 0.04361754 0 -0.9990484 0.1305277 0 -0.9914447 0.1305235 0 -0.9914453 0.2164385 0 -0.9762963 0.2164405 0 -0.9762958 0.3007035 0 -0.9537177 0.3007083 0 -0.9537162 0.3826869 0 -0.9238782 0.3826828 0 -0.9238799 0.4617513 0 -0.8870096 0.461753 0 -0.8870087 0.5372946 0 -0.8433947 0.5373036 0 -0.8433889 0.6087577 0 -0.7933562 0.6087671 0 -0.7933491 0.67559 0 -0.7372776 0.6755889 0 -0.7372786 0.7372756 0 -0.6755923 0.7372746 0 -0.6755933 0.7933478 0 -0.6087686 0.7933563 0 -0.6087576 0.8433933 0 -0.537297 0.8433892 0 -0.5373033 0.8870136 0 -0.4617434 0.88701 0 -0.4617503 0.9238792 0 -0.3826842 0.9238792 0 -0.3826845 0.9537163 0 -0.3007079 0.9762964 0 -0.2164382 0.9914451 0 -0.1305251 0.9990483 0 -0.0436185 0.9990483 0 -0.04361957 0.9990483 0 0.0436185 -0.9990492 -0.001907646 0.04355561 -0.9990455 -0.005702972 0.04330825 -0.9990458 -0.009438335 0.04264426 -0.9990473 -0.01314878 0.04161292 -0.9990443 -0.01670253 0.04039484 -0.9990474 -0.02018272 0.03869247 -0.9990483 -0.02343261 0.036789 -0.9990432 -0.02658253 0.03472882 -0.9990471 -0.02949374 0.032175 -0.9990481 -0.03219753 0.02943038 -0.999045 -0.03461658 0.02666443 -0.9990473 -0.03682512 0.02342051 -0.9990463 -0.03873193 0.02015948 -0.9990479 -0.04032897 0.01663756 -0.9990453 -0.04164141 0.01320856 -0.9990463 -0.04263329 0.009437084 -0.999047 -0.04328054 0.005660653 -0.9990465 -0.04361772 0.001887083 -0.9990465 -0.04361772 -0.001887083 -0.999047 -0.04328048 -0.005660653 -0.9990463 -0.04263329 -0.009437084 -0.9990456 -0.0416361 -0.01320862 -0.9990478 -0.04033434 -0.01663756 -0.9990468 -0.03872126 -0.02015948 -0.9990473 -0.03682512 -0.02342051 -0.9990445 -0.03462731 -0.02666443 -0.9990479 -0.03220826 -0.02943038 -0.999047 -0.0294938 -0.032175 -0.9990432 -0.02658253 -0.03472882 -0.9990483 -0.02343261 -0.036789 -0.9990474 -0.02018272 -0.03869253 -0.9990443 -0.01670253 -0.04039484 -0.9990473 -0.01314878 -0.04161292 -0.9990458 -0.009438335 -0.04264426 -0.9990455 -0.005702972 -0.04330825 -0.9990492 -0.001907646 -0.04355561 0.9914736 -0.03930163 0.1242402 0.9990492 -0.001900136 0.04355561 0.9990473 -0.01314878 0.04161292 0.9990443 -0.01670253 0.04039484 0.9914634 -0.05000215 0.1204169 0.9914032 -0.05000197 0.1209123 0.9761836 -0.08291786 0.2004755 0.9990474 -0.02018272 0.03869247 0.991443 -0.02827614 0.1274419 0.9914113 -0.01704436 0.1296658 0.9914256 -0.01705574 0.1295549 0.9914107 -0.005680024 0.1306624 0.9914332 -0.005691766 0.130491 0.9914181 -0.06030941 0.1159862 0.9914313 -0.0603137 0.1158725 0.9762569 -0.1000118 0.1921465 0.9762769 -0.1000334 0.192033 0.9535954 -0.1389727 0.2671003 0.9990483 -0.02343261 0.036789 0.9762552 -0.06515282 0.2065941 0.9762584 -0.04689455 0.2114722 0.9762718 -0.04688209 0.2114136 0.9762063 -0.02829498 0.2149901 0.9762678 -0.02828347 0.2147121 0.9762248 -0.009446263 0.2165545 0.9762402 -0.009443759 0.2164857 0.9913998 -0.0701906 0.1104527 0.9914394 -0.07021898 0.1100786 0.9762682 -0.116439 0.1825987 0.9762392 -0.1164022 0.1827775 0.9536113 -0.1616979 0.2539281 0.9536557 -0.1617272 0.2537425 0.9238119 -0.2058179 0.3228166 0.9990432 -0.02658253 0.03472882 0.9536497 -0.11517 0.2780077 0.9536454 -0.09050381 0.2870011 0.9536274 -0.0904892 0.2870655 0.9536211 -0.06513077 0.2938792 0.9536411 -0.06515592 0.2938085 0.9536445 -0.03929537 0.2983592 0.9536224 -0.03927624 0.2984321 0.9535982 -0.01313233 0.3007957 0.9536674 -0.01312506 0.3005766 0.9914367 -0.0795148 0.1035901 0.9914324 -0.0795083 0.1036351 0.97621 -0.131832 0.1721466 0.9762805 -0.1318885 0.1717025 0.953653 -0.1832211 0.2386962 0.9536706 -0.1831963 0.2386453 0.9238587 -0.2331481 0.3035245 0.9236507 -0.2331171 0.3041806 0.8867898 -0.2812845 0.3667193 0.9990471 -0.02949374 0.032175 0.9237129 -0.1768202 0.3398371 0.923736 -0.1465662 0.3538789 0.9237614 -0.1465894 0.353803 0.9237185 -0.1151464 0.3653569 0.923739 -0.1151521 0.3653033 0.9237595 -0.08290898 0.3738911 0.9237713 -0.08289724 0.3738647 0.9237525 -0.04998284 0.3797144 0.9237245 -0.04999309 0.3797813 0.9237789 -0.01670867 0.3825619 0.9237633 -0.01670509 0.3825995 0.991416 -0.08828598 0.09643679 0.9914338 -0.08826959 0.09626817 0.9762381 -0.1463559 0.1598097 0.9762647 -0.1463468 0.1596556 0.9536141 -0.2032957 0.222016 0.953631 -0.2033421 0.2219008 0.9237794 -0.2587876 0.2822422 0.9237237 -0.2587603 0.2824496 0.8868153 -0.3121973 0.340722 0.8868483 -0.3122088 0.3406254 0.8431851 -0.3632649 0.3963304 0.9990481 -0.03219753 0.02943038 0.8868453 -0.2483083 0.3896774 0.8868985 -0.2133654 0.4097394 0.8868069 -0.213357 0.4099421 0.8868786 -0.1768665 0.4268075 0.8867329 -0.1768112 0.427133 0.8868919 -0.1389498 0.4405858 0.8868003 -0.1389409 0.4407727 0.8868532 -0.1000193 0.4510962 0.8868241 -0.1000239 0.4511523 0.8868258 -0.06031531 0.4581507 0.8867923 -0.06031125 0.4582163 0.886887 -0.02015376 0.4615467 0.8868435 -0.02015894 0.4616303 0.9914314 -0.0963543 0.08820325 0.9914185 -0.09634274 0.08836036 0.976241 -0.1597501 0.1464017 0.9762598 -0.1597418 0.1462857 0.9536303 -0.2219021 0.2033441 0.9536347 -0.2218843 0.2033427 0.9236734 -0.2823249 0.2590758 0.9237186 -0.2823312 0.2589075 0.8867885 -0.340639 0.3123639 0.8868609 -0.3406737 0.3121206 0.8431643 -0.396373 0.3632664 0.843133 -0.3963596 0.3633537 0.7930908 -0.4490754 0.4115076 0.999045 -0.03461658 0.02666443 0.843162 -0.3273006 0.4265586 0.8432385 -0.2889252 0.4532893 0.8431748 -0.2888708 0.4534424 0.8430609 -0.2482427 0.4770995 0.8431044 -0.24826 0.4770137 0.8432542 -0.205776 0.4965668 0.8432099 -0.205765 0.4966468 0.8430702 -0.161652 0.5129342 0.8431995 -0.1616909 0.5127093 0.8431056 -0.1163752 0.5250046 0.8431367 -0.1163684 0.5249562 0.8431618 -0.07017129 0.5330613 0.8432151 -0.07018941 0.5329744 0.8431532 -0.02345299 0.5371618 0.8431172 -0.02344924 0.5372185 0.9914042 -0.1035964 0.07991045 0.9914416 -0.1036439 0.07938289 0.9762521 -0.1718549 0.1319005 0.9762457 -0.1718631 0.1319378 0.9536375 -0.2387575 0.1832225 0.9536339 -0.2387602 0.1832374 0.9238045 -0.3038726 0.2329093 0.923797 -0.3038793 0.2329304 0.8868312 -0.3666137 0.2812917 0.8868343 -0.36661 0.2812867 0.8431881 -0.4265819 0.327203 0.8431463 -0.4265639 0.3273342 0.793034 -0.483264 0.3708816 0.793125 -0.483319 0.3706152 0.7369601 -0.536271 0.4114647 0.9990473 -0.03682512 0.02342051 0.7930805 -0.4115269 0.4490758 0.7930703 -0.3708207 0.4832512 0.7931225 -0.3708425 0.4831488 0.7929501 -0.3272061 0.5139711 0.7931362 -0.3272902 0.5136304 0.7931346 -0.2812866 0.5401995 0.7930315 -0.2812452 0.5403722 0.7931243 -0.2331088 0.5626849 0.7930794 -0.23311 0.5627475 0.7930374 -0.1831575 0.5809864 0.7930955 -0.1831527 0.5809085 0.7930395 -0.1318309 0.5947344 0.7931114 -0.1318593 0.5946323 0.7930385 -0.07950985 0.6039605 0.7931101 -0.07950919 0.6038665 0.793097 -0.02656978 0.6085156 0.7930408 -0.0265659 0.6085892 0.9914392 -0.1102139 0.07000845 0.9914216 -0.1102052 0.07027214 0.9762458 -0.18273 0.1164219 0.976269 -0.1827227 0.1162388 0.9536611 -0.2538507 0.1615251 0.9536241 -0.2538467 0.1617493 0.9237758 -0.3230383 0.205632 0.923705 -0.3229978 0.206014 0.8868501 -0.3897443 0.248186 0.8868257 -0.3897382 0.248283 0.8431925 -0.4535121 0.2887097 0.8431224 -0.4534738 0.2889744 0.7930617 -0.513736 0.3273054 0.7930807 -0.5137523 0.3272332 0.7370089 -0.5700743 0.3630884 0.7369298 -0.5700181 0.3633372 0.6752215 -0.622096 0.3963239 0.9990463 -0.03873193 0.02015948 0.7369422 -0.4983387 0.4567 0.7368911 -0.4566304 0.4984779 0.7369635 -0.4566744 0.4983305 0.7370226 -0.4115277 0.5361369 0.7369191 -0.4114638 0.5363283 0.736939 -0.3631742 0.57011 0.7369848 -0.3632004 0.5700341 0.7369735 -0.3121266 0.599539 0.7369366 -0.3121119 0.5995922 0.736868 -0.2586598 0.6245965 0.7370314 -0.2587105 0.6243827 0.7368741 -0.2032173 0.644763 0.7369908 -0.20327 0.6446131 0.7369859 -0.1463225 0.65988 0.7370066 -0.1463139 0.6598588 0.7368448 -0.08821541 0.6702819 0.7369925 -0.08822721 0.6701179 0.7369362 -0.02948182 0.6753192 0.7369449 -0.02948218 0.6753096 0.9914435 -0.1159039 0.06005108 0.9914323 -0.1158844 0.06027376 0.9762378 -0.1921382 0.1002137 0.9762559 -0.1921353 0.1000432 0.9536511 -0.2669562 0.1388674 0.9536281 -0.2669638 0.1390103 0.9237416 -0.3397008 0.1769319 0.9237536 -0.3397031 0.1768653 0.8867804 -0.4098542 0.2136359 0.8868365 -0.4098803 0.2133527 0.8431228 -0.4768698 0.2484739 0.8431618 -0.4768916 0.2482997 0.7930027 -0.5402258 0.2816074 0.7930901 -0.5402792 0.2812592 0.7369687 -0.5995498 0.3121174 0.7369767 -0.5995355 0.312126 0.6751629 -0.6542075 0.3408336 0.6752284 -0.6542845 0.3405562 0.6084038 -0.7039725 0.3664253 0.9990479 -0.04032897 0.01663756 0.6751852 -0.585146 0.4491428 0.6751841 -0.5437898 0.4984167 0.6752818 -0.5438572 0.4982108 0.6752679 -0.4983277 0.5437672 0.6752718 -0.4983294 0.5437608 0.6751945 -0.4489656 0.5852713 0.6752271 -0.4489887 0.585216 0.6753547 -0.3963534 0.6219325 0.6752617 -0.3962976 0.6220691 0.6752252 -0.340562 0.6542848 0.6752626 -0.3405823 0.6542356 0.6751241 -0.282213 0.6815888 0.6752794 -0.2822721 0.6814105 0.6752806 -0.2218167 0.7034156 0.6753583 -0.2218292 0.703337 0.6751511 -0.1596307 0.7202007 0.6752404 -0.1596487 0.720113 0.6751818 -0.09626376 0.7313432 0.6752177 -0.09627228 0.7313089 0.6752846 -0.03217554 0.7368552 0.6752079 -0.03217196 0.7369256 0.9914256 -0.1206919 0.05008858 0.9914229 -0.1207032 0.05011427 0.976244 -0.2001455 0.08300346 0.9762639 -0.2001618 0.08272945 0.9536167 -0.2780652 0.1153041 0.9536273 -0.2780599 0.1152298 0.9237583 -0.3538401 0.146519 0.9237489 -0.3538349 0.1465916 0.8868679 -0.4269441 0.1765906 0.8868384 -0.4269333 0.1767644 0.8431316 -0.4967167 0.205917 0.8431888 -0.4967591 0.2055795 0.7931118 -0.5627971 0.2328801 0.7930703 -0.5627674 0.2330933 0.7369703 -0.6245145 0.2585664 0.7369446 -0.6244856 0.2587096 0.6752623 -0.6815201 0.2820485 0.6752353 -0.6814891 0.2821875 0.6084382 -0.7332009 0.3036766 0.6083732 -0.7331907 0.3038313 0.5369056 -0.7794414 0.3228057 0.9990453 -0.04164141 0.01320856 0.6083858 -0.6693447 0.4264323 0.6084122 -0.6296139 0.4831367 0.6084496 -0.6296371 0.4830592 0.6083891 -0.585113 0.5361955 0.6083872 -0.58513 0.536179 0.6083565 -0.5361506 0.585188 0.6083514 -0.5361521 0.5851919 0.608408 -0.4831768 0.6295872 0.6083899 -0.4831621 0.629616 0.6084586 -0.426473 0.6692525 0.6082943 -0.4263609 0.6694734 0.6084556 -0.3664991 0.7038894 0.6083759 -0.366447 0.7039854 0.6084265 -0.3037261 0.7331901 0.6083969 -0.3037203 0.7332171 0.6084333 -0.2386505 0.7568719 0.6084473 -0.2386572 0.7568584 0.6083266 -0.1717529 0.7748804 0.608343 -0.1717593 0.7748663 0.6084079 -0.1035895 0.7868348 0.6083608 -0.1035852 0.7868719 0.6084496 -0.03462195 0.7928369 0.6083509 -0.03461194 0.7929131 0.9914356 -0.1246015 0.03911417 0.9914306 -0.1245955 0.03926223 0.9762375 -0.2065893 0.06543141 0.9762547 -0.2065944 0.06515765 0.9536295 -0.2870312 0.09057509 0.9536449 -0.2870358 0.09039926 0.9237598 -0.3652822 0.1150516 0.9237453 -0.3652771 0.1151835 0.8868302 -0.4407113 0.1389454 0.8868296 -0.440706 0.1389665 0.8431597 -0.5127785 0.1616783 0.8431735 -0.5127864 0.1615819 0.7930603 -0.5809274 0.1832455 0.7930554 -0.5809369 0.1832364 0.7369601 -0.6446374 0.2033039 0.736957 -0.6446586 0.2032483 0.6752427 -0.7034491 0.221826 0.6752136 -0.7034456 0.2219254 0.6083838 -0.7568776 0.2387583 0.6084659 -0.7569046 0.2384639 0.5369105 -0.8045268 0.2538976 0.5368953 -0.8045982 0.2537031 0.4613673 -0.846105 0.2669209 0.9990463 -0.04263329 0.009437084 0.5370278 -0.748374 0.3892782 0.5369666 -0.7115006 0.4532481 0.5368553 -0.7114191 0.4535079 0.536968 -0.6693683 0.5134311 0.5368694 -0.6692389 0.5137029 0.5369082 -0.6219731 0.5699818 0.5369858 -0.6220408 0.5698347 0.5369802 -0.5699451 0.6219444 0.5369713 -0.5699418 0.6219552 0.5368452 -0.5134928 0.6694195 0.5369688 -0.5136144 0.669227 0.536895 -0.4532757 0.711537 0.5369469 -0.4533215 0.7114687 0.5369254 -0.3895398 0.7483114 0.5368856 -0.3895194 0.7483506 0.5369947 -0.3228817 0.7793485 0.5369783 -0.3228641 0.7793672 0.5369134 -0.2536681 0.8045972 0.5368764 -0.2536569 0.8046254 0.5369358 -0.1825958 0.8236254 0.5368748 -0.1825746 0.8236697 0.5370262 -0.1101385 0.8363447 0.5368908 -0.1101121 0.8364351 0.5369375 -0.03679567 0.8428193 0.5369574 -0.03679823 0.8428065 0.9914309 -0.1275667 0.02813786 0.9914245 -0.1275542 0.02841532 0.9762395 -0.2114953 0.04718279 0.9762625 -0.2115015 0.04667657 0.9536311 -0.2938396 0.0651617 0.9536268 -0.2938399 0.06522214 0.923749 -0.3739238 0.08287805 0.9237476 -0.3739179 0.08291941 0.8868555 -0.4511208 0.09988796 0.886818 -0.451122 0.1002148 0.8431736 -0.524926 0.1162379 0.843172 -0.524907 0.1163343 0.7930561 -0.5946832 0.1319625 0.7930918 -0.5946919 0.1317074 0.7369818 -0.6599111 0.1462032 0.7369575 -0.6598886 0.1464267 0.6752298 -0.720131 0.1596122 0.675255 -0.7201309 0.1595061 0.6083889 -0.7747845 0.1719654 0.6084071 -0.7748448 0.1716288 0.5368865 -0.8236339 0.1827024 0.536975 -0.823685 0.1822112 0.4614484 -0.8661751 0.1918493 0.4613785 -0.8661732 0.1920263 0.3823957 -0.9021106 0.1999251 0.999047 -0.04328054 0.005660653 0.4614056 -0.8196713 0.3394762 0.4613988 -0.7869573 0.4096454 0.4613911 -0.7869642 0.4096409 0.461332 -0.7481415 0.4769248 0.4614861 -0.7483581 0.4764355 0.4613816 -0.7038074 0.5401688 0.4613884 -0.7038082 0.5401619 0.4614286 -0.654145 0.5993147 0.461419 -0.654147 0.5993199 0.461389 -0.5993306 0.6541583 0.4614236 -0.5993497 0.6541163 0.4614232 -0.5400618 0.7038621 0.4614765 -0.5401223 0.7037808 0.4613981 -0.4766482 0.748277 0.4614045 -0.4766586 0.7482665 0.4614958 -0.409735 0.7868537 0.4613573 -0.4096139 0.786998 0.4614638 -0.3395373 0.8196132 0.461373 -0.3394711 0.8196917 0.4614269 -0.2668006 0.8461104 0.4613748 -0.2667761 0.8461465 0.461397 -0.1920143 0.8661658 0.4614028 -0.1920114 0.8661636 0.4614451 -0.1158174 0.8795766 0.4613677 -0.1157953 0.87962 0.4614109 -0.03869795 0.8863423 0.4614408 -0.03870153 0.8863264 0.9914272 -0.1295295 0.01715517 0.9914293 -0.1295282 0.01704853 0.976253 -0.2147849 0.02824187 0.9762544 -0.2147853 0.02819126 0.953637 -0.2983852 0.03927993 0.9536372 -0.298399 0.03916829 0.9237439 -0.3797322 0.05000728 0.9237425 -0.3797245 0.05009192 0.8868429 -0.4581233 0.06027281 0.8868463 -0.4581168 0.06027179 0.8431485 -0.5330941 0.07008063 0.8431453 -0.5330754 0.07026249 0.7930752 -0.603923 0.0794292 0.7930672 -0.6039325 0.07943522 0.7369617 -0.6701595 0.08816933 0.7369759 -0.6701534 0.08809614 0.6752596 -0.7312574 0.0963698 0.6752173 -0.7312859 0.09645032 0.6084233 -0.7868596 0.1033113 0.6084116 -0.7868289 0.1036142 0.5369237 -0.8364247 0.1100316 0.5368968 -0.8364263 0.1101496 0.461395 -0.8795875 0.1159342 0.4614369 -0.8795841 0.1157921 0.3823912 -0.916105 0.120535 0.3823904 -0.9160999 0.1205765 0.3003965 -0.9456357 0.1246399 0.9990465 -0.04361772 0.001887083 0.3824006 -0.8812514 0.2777876 0.3824226 -0.8537151 0.3534455 0.3823778 -0.8536747 0.3535914 0.3823564 -0.8195738 0.4267346 0.3823553 -0.8196369 0.4266144 0.3823109 -0.7792425 0.496608 0.382422 -0.7793608 0.4963369 0.382439 -0.7331305 0.5623702 0.3823176 -0.7329905 0.562635 0.3823883 -0.681352 0.6241304 0.3822799 -0.6811513 0.6244158 0.3823476 -0.6242475 0.6812676 0.3823611 -0.6242619 0.6812467 0.3823896 -0.5625433 0.7330234 0.3823454 -0.5624773 0.7330971 0.3824235 -0.4965381 0.7792318 0.3823254 -0.4964234 0.779353 0.3824003 -0.4267064 0.8195681 0.382355 -0.4266575 0.8196146 0.3823474 -0.3535735 0.8536956 0.3822826 -0.3535155 0.8537488 0.382463 -0.2779327 0.8811786 0.3823898 -0.2778711 0.8812296 0.3823122 -0.199957 0.9021389 0.3823949 -0.2000043 0.9020934 0.3823996 -0.1206181 0.9160906 0.3823823 -0.1206161 0.9160981 0.3822835 -0.04029405 0.9231661 0.3823841 -0.0403034 0.9231241 0.9914299 -0.1305241 0.005489647 0.9914286 -0.1305269 0.005683124 0.976252 -0.2164386 0.009299397 0.9762521 -0.2164304 0.009473979 0.9536337 -0.3006815 0.01317065 0.9536373 -0.3006727 0.01311373 0.9237582 -0.3826235 0.01643502 0.9237442 -0.382646 0.01669758 0.8868272 -0.4616518 0.02037459 0.8868399 -0.46164 0.02009093 0.8431535 -0.5371619 0.02343899 0.8431409 -0.5371766 0.02356034 0.7930905 -0.6085192 0.02668327 0.7930745 -0.6085435 0.02660155 0.7369678 -0.6752887 0.02938938 0.7369602 -0.6752882 0.02959054 0.6752117 -0.7369093 0.03246337 0.6752759 -0.7368779 0.03183722 0.6083977 -0.7928758 0.03464436 0.6083999 -0.7928703 0.03473293 0.5369282 -0.8428388 0.03648257 0.536913 -0.8428263 0.03699195 0.4614249 -0.8863252 0.03892034 0.4614039 -0.886354 0.03851056 0.3823835 -0.9231221 0.04035371 0.3823861 -0.9231171 0.04044616 0.3004471 -0.9528859 0.04171609 0.3004065 -0.9529156 0.04132682 0.2162199 -0.9754166 0.04256159 0.9990465 -0.04361772 -0.001887083 0.3004507 -0.9312009 0.2063838 0.3004323 -0.9096255 0.2869182 0.3004004 -0.9096698 0.2868109 0.3004023 -0.8812026 0.3650213 0.3004386 -0.8811973 0.365004 0.3004593 -0.8460689 0.4403315 0.3004846 -0.8459933 0.4404593 0.3005119 -0.8044891 0.5123378 0.3004326 -0.8044233 0.5124876 0.3004304 -0.7566618 0.5806931 0.3005099 -0.7567298 0.5805634 0.3004472 -0.7031188 0.6444808 0.3004624 -0.7032063 0.6443782 0.3004889 -0.6444381 0.7031401 0.3004268 -0.6443483 0.703249 0.3004214 -0.5806192 0.756722 0.3004735 -0.5807344 0.756613 0.3003944 -0.5124209 0.80448 0.3004146 -0.5124512 0.8044531 0.300436 -0.4404173 0.8460325 0.3004357 -0.4404025 0.8460403 0.3004544 -0.3650248 0.8811834 0.3004351 -0.3650012 0.8811997 0.3004574 -0.2868219 0.9096476 0.3004471 -0.2868104 0.9096546 0.300441 -0.2064293 0.931194 0.3004565 -0.206439 0.9311867 0.3004754 -0.124514 0.9456273 0.3003973 -0.1244776 0.9456569 0.3004689 -0.04160511 0.9528838 0.3004426 -0.04160088 0.9528923 0.9914274 -0.1305441 -0.005490243 0.9914295 -0.1305195 -0.005682826 0.9762548 -0.2164255 -0.009298861 0.9762504 -0.2164383 -0.009474277 0.9536405 -0.3006701 -0.01293915 0.9536321 -0.3006814 -0.01328891 0.9237457 -0.3826536 -0.01643633 0.9237543 -0.3826217 -0.01669657 0.8868415 -0.4616369 -0.02009087 0.8868278 -0.4616525 -0.02033072 0.8431417 -0.5371803 -0.02343982 0.8431511 -0.5371605 -0.02355968 0.7930744 -0.6085491 -0.02647614 0.7930887 -0.6085168 -0.02678644 0.7369599 -0.6752892 -0.02957534 0.7369674 -0.6752877 -0.0294215 0.6752735 -0.7368676 -0.03212338 0.6752189 -0.7369165 -0.03215104 0.6083969 -0.7928629 -0.03495591 0.6084007 -0.7928824 -0.03444159 0.5369118 -0.8428238 -0.03706568 0.5369285 -0.8428404 -0.03644043 0.4614003 -0.8863501 -0.03864544 0.4614275 -0.8863303 -0.03877329 0.3823875 -0.9231205 -0.04035365 0.3823823 -0.9231187 -0.04044622 0.3004035 -0.9529107 -0.04146277 0.3004488 -0.9528915 -0.04157322 0.2162733 -0.9754047 -0.04256105 0.2162208 -0.9754202 -0.04247379 0.1303612 -0.990525 -0.04320061 0.999047 -0.04328048 -0.005660653 0.2162604 -0.9679853 0.1274199 0.2162601 -0.9531921 0.2113208 0.2162458 -0.9531795 0.2113924 0.2162398 -0.9311146 0.2937109 0.2162929 -0.9311872 0.2934417 0.2162823 -0.9020051 0.3736425 0.2162454 -0.9019713 0.3737457 0.2162728 -0.8661072 0.450649 0.2161808 -0.8659858 0.4509263 0.2161915 -0.8234433 0.5245974 0.2162503 -0.823481 0.5245141 0.2162426 -0.7745748 0.5943677 0.2162184 -0.7745737 0.5943781 0.2162072 -0.7197916 0.6596624 0.2162638 -0.7199173 0.6595067 0.2162478 -0.6596061 0.7198311 0.216205 -0.6594749 0.719964 0.2162547 -0.594388 0.7745561 0.216278 -0.5944066 0.7745351 0.2162506 -0.5245517 0.823457 0.2162666 -0.5245559 0.82345 0.2163103 -0.4508975 0.8659685 0.2162185 -0.4507476 0.8660694 0.2162531 -0.3736518 0.9020084 0.2162224 -0.3735904 0.9020412 0.2162897 -0.2936583 0.9311195 0.2162163 -0.2935617 0.9311671 0.2162517 -0.2113227 0.9531936 0.216265 -0.2113374 0.9531873 0.2162289 -0.1274333 0.9679906 0.2162101 -0.1274167 0.967997 0.2162436 -0.04258584 0.9754104 0.2162363 -0.04258686 0.9754118 0.9914304 -0.1295055 -0.0171523 0.9914278 -0.129539 -0.0170499 0.9762629 -0.2147848 -0.02789783 0.9762477 -0.2147853 -0.02842211 0.9536383 -0.2984109 -0.03905248 0.9536362 -0.2983796 -0.03934043 0.9237469 -0.379725 -0.05000633 0.9237401 -0.3797304 -0.05009269 0.886848 -0.4581134 -0.0602715 0.8868419 -0.4581251 -0.06027287 0.8431447 -0.5330691 -0.07031649 0.8431485 -0.5330972 -0.07005685 0.793065 -0.6039361 -0.07943069 0.7930763 -0.6039209 -0.07943391 0.7369718 -0.6701485 -0.0881679 0.7369667 -0.6701634 -0.08809745 0.675215 -0.7312979 -0.09637528 0.6752585 -0.7312485 -0.09644526 0.608433 -0.7868523 -0.1033103 0.6084025 -0.7868356 -0.1036151 0.5369024 -0.836438 -0.1100335 0.5369168 -0.8364137 -0.1101478 0.4614337 -0.8795675 -0.1159316 0.4613999 -0.8796033 -0.1157947 0.3823921 -0.9161047 -0.1205348 0.3823892 -0.9161005 -0.1205766 0.3004032 -0.9456336 -0.1246396 0.3004023 -0.9456557 -0.1244744 0.2162664 -0.9680139 -0.1271926 0.2162654 -0.9679529 -0.1276583 0.1303955 -0.9829869 -0.1293592 0.1303623 -0.9829963 -0.1293214 0.04358005 -0.9905192 -0.130279 0.9990463 -0.04263329 -0.009437084 0.1303601 -0.9905152 0.04342615 0.130362 -0.9829913 0.1293598 0.1303954 -0.982992 0.1293208 0.1303966 -0.9679701 0.2145475 0.1303805 -0.9679327 0.2147262 0.1303865 -0.9456054 0.2980436 0.1303857 -0.9455503 0.2982184 0.130396 -0.9160192 0.3793492 0.1303994 -0.9160249 0.3793343 0.1303864 -0.8793708 0.4579372 0.1304377 -0.8794451 0.4577798 0.1304301 -0.8361818 0.5327176 0.1304121 -0.8362251 0.532654 0.1304082 -0.7865654 0.60358 0.1304134 -0.7865363 0.6036167 0.1304349 -0.7310869 0.6697005 0.1303411 -0.7308449 0.6699828 0.1303651 -0.6698121 0.7309972 0.130376 -0.6697903 0.7310151 0.1304048 -0.6036776 0.7864909 0.1303595 -0.6035029 0.7866325 0.1303569 -0.5326476 0.8362378 0.1304222 -0.5328437 0.8361027 0.1303931 -0.4577646 0.8794597 0.1304 -0.4577549 0.8794637 0.1304394 -0.3795168 0.9159436 0.1304021 -0.3794014 0.9159967 0.1304092 -0.2981437 0.9455707 0.1303699 -0.2980798 0.9455962 0.1304054 -0.2146081 0.9679555 0.1304118 -0.2146131 0.9679536 0.1303802 -0.1293864 0.9829854 0.1304091 -0.1294129 0.982978 0.1304152 -0.04325008 0.9905158 0.1303969 -0.04324138 0.9905186 0.9914185 -0.1275858 -0.02848464 0.9914307 -0.1275446 -0.02824127 0.9762548 -0.2115008 -0.04683989 0.9762524 -0.211497 -0.04690665 0.9536309 -0.2938404 -0.06516224 0.9536267 -0.2938405 -0.06522166 0.9237539 -0.3739124 -0.08287608 0.9237439 -0.3739272 -0.08292096 0.8868142 -0.451138 -0.1001748 0.8868528 -0.4511072 -0.09997236 0.8431644 -0.5248895 -0.116469 0.8431801 -0.5249387 -0.1161329 0.7931126 -0.5946995 -0.1315488 0.7930408 -0.5946783 -0.1320765 0.7369818 -0.659911 -0.1462032 0.7369573 -0.6598888 -0.1464267 0.6752463 -0.7201163 -0.159609 0.6752398 -0.7201445 -0.1595091 0.6083987 -0.7748432 -0.1716663 0.608398 -0.7747901 -0.1719085 0.5369624 -0.8236483 -0.182414 0.5369032 -0.8236715 -0.182484 0.4613864 -0.8662065 -0.1918565 0.4614379 -0.8661431 -0.1920194 0.382368 -0.9021217 -0.1999277 0.3823764 -0.9020604 -0.2001882 0.3004434 -0.9311683 -0.206542 0.3004137 -0.9312124 -0.2063863 0.2162485 -0.9531946 -0.2113214 0.2162572 -0.953177 -0.2113919 0.1303852 -0.9679716 -0.2145479 0.1303917 -0.9679312 -0.2147259 0.04363405 -0.9753801 -0.216171 0.0435788 -0.9753542 -0.2162987 -0.04363453 -0.9754024 -0.2160704 0.9990456 -0.0416361 -0.01320862 0.04360032 -0.9981017 -0.04349946 0.04360044 -0.9981049 0.04342585 0.04359513 -0.9980915 0.04373806 0.04359579 -0.9905185 0.1302789 0.04358023 -0.9905214 0.1302616 0.04357814 -0.9753318 0.2164002 0.04363459 -0.9754024 0.2160704 0.04362905 -0.9527513 0.3006017 0.04358583 -0.9528757 0.300214 0.04358136 -0.9229616 0.3824168 0.04358953 -0.9230533 0.3821946 0.04358083 -0.8860462 0.4615439 0.04355573 -0.8861795 0.4612905 0.04356259 -0.842739 0.5365571 0.04354506 -0.8424731 0.5369758 0.04355812 -0.7927086 0.6080426 0.04355978 -0.7925562 0.6082412 0.04355883 -0.7364838 0.6750513 0.04363596 -0.7366896 0.6748218 0.04361999 -0.6748378 0.7366758 0.04362571 -0.6750438 0.7364869 0.04361051 -0.608135 0.7926349 0.04358416 -0.6082074 0.7925807 0.04357892 -0.5367843 0.8425934 0.04356288 -0.5368295 0.8425654 0.04356241 -0.46127 0.8861898 0.04357928 -0.4612804 0.8861836 0.04358226 -0.3823291 0.9229978 0.04355508 -0.3823041 0.9230096 0.0435642 -0.300445 0.9528039 0.04356825 -0.300388 0.9528216 0.04357755 -0.2162528 0.9753644 0.04358357 -0.2162293 0.9753693 0.04357182 -0.1303856 0.9905055 0.04357331 -0.1304092 0.9905023 0.04357868 -0.04357933 0.9980991 0.04357981 -0.04357898 0.998099 0.9914352 -0.1246048 -0.03911525 0.9914308 -0.1245939 -0.03926169 0.9762593 -0.2065948 -0.06508749 0.97624 -0.2065916 -0.06538838 0.9536378 -0.2870064 -0.09056669 0.9536383 -0.2870557 -0.09040552 0.9237567 -0.3652895 -0.115054 0.923748 -0.3652709 -0.1151816 0.8868383 -0.4406964 -0.1389408 0.8868228 -0.4407182 -0.1389703 0.8431923 -0.5127986 -0.1614454 0.8431452 -0.5127689 -0.1617848 0.7930487 -0.5809418 -0.1832501 0.7930657 -0.580924 -0.1832323 0.736967 -0.6446837 -0.2031323 0.7369509 -0.6446161 -0.2034044 0.6752219 -0.7034673 -0.2218315 0.6752326 -0.7034291 -0.2219203 0.6084822 -0.7568953 -0.2384514 0.6083739 -0.7568879 -0.2387509 0.5368937 -0.8046207 -0.2536351 0.5369108 -0.8045095 -0.2539512 0.4613893 -0.8460147 -0.2671688 0.461391 -0.8461674 -0.266682 0.3823841 -0.8811976 -0.2779806 0.3823642 -0.8812658 -0.277792 0.3003842 -0.9096399 -0.2869226 0.3004472 -0.9096557 -0.2868066 0.2162774 -0.9311067 -0.2937084 0.2162561 -0.9311949 -0.2934441 0.1303841 -0.9455361 -0.2982644 0.1303879 -0.9456188 -0.2980001 0.04358285 -0.9528222 -0.3003841 0.04363191 -0.9528052 -0.3004308 -0.04358589 -0.9528757 -0.300214 -0.04362905 -0.9527513 -0.3006017 -0.1303857 -0.9455503 -0.2982184 0.9990478 -0.04033434 -0.01663756 -0.04359579 -0.9905185 -0.1302789 -0.04359513 -0.9980915 -0.04373806 -0.04360044 -0.9981049 -0.04342585 -0.04360032 -0.9981017 0.04349946 -0.04359525 -0.9980946 0.04366534 -0.04359591 -0.9905208 0.1302615 -0.04358005 -0.9905192 0.130279 -0.0435788 -0.9753542 0.2162987 -0.04363405 -0.9753801 0.216171 -0.04363191 -0.9528052 0.3004308 -0.04358285 -0.9528222 0.3003841 -0.0435816 -0.9229691 0.3823987 -0.04358929 -0.9230462 0.3822119 -0.04358327 -0.8860805 0.461478 -0.04355317 -0.8861457 0.4613558 -0.0435605 -0.8426891 0.5366354 -0.04354715 -0.8425222 0.5368987 -0.04355657 -0.7926718 0.6080908 -0.04356133 -0.7925927 0.6081936 -0.04355984 -0.7365729 0.674954 -0.04363524 -0.7366008 0.6749187 -0.04362666 -0.6749246 0.7365959 -0.04361897 -0.6749574 0.7365664 -0.04360949 -0.6080912 0.7926685 -0.04358512 -0.6082516 0.7925468 -0.04357415 -0.5367209 0.842634 -0.04356759 -0.5368933 0.8425245 -0.04355084 -0.461183 0.8862357 -0.0435909 -0.4613677 0.8861375 -0.04358154 -0.3823037 0.9230085 -0.04355573 -0.3823296 0.922999 -0.04355448 -0.3003881 0.9528222 -0.04357796 -0.3004448 0.9528031 -0.04357314 -0.2162294 0.9753699 -0.04358804 -0.2162528 0.975364 -0.04358202 -0.1304091 0.9905019 -0.04356312 -0.1303856 0.9905059 -0.04357606 -0.04357898 0.9980993 -0.04358243 -0.04357933 0.998099 0.9914092 -0.1206856 -0.05042684 0.9914308 -0.1207091 -0.04994446 0.9762727 -0.2001485 -0.08265745 0.9762444 -0.2001606 -0.08296155 0.9536069 -0.2780939 -0.1153163 0.9536345 -0.2780389 -0.1152205 0.9237728 -0.3538079 -0.1465057 0.9237371 -0.3538609 -0.1466023 0.886862 -0.4269542 -0.1765956 0.8868442 -0.4269232 -0.1767601 0.8431637 -0.4967546 -0.2056933 0.8431612 -0.4967254 -0.2057747 0.7931145 -0.562794 -0.2328785 0.7930676 -0.5627706 -0.2330947 0.7369769 -0.6245077 -0.2585639 0.7369388 -0.6244913 -0.2587119 0.6752645 -0.6815183 -0.2820475 0.6752336 -0.6814904 -0.2821886 0.6083851 -0.7332384 -0.3036924 0.6084226 -0.7331559 -0.3038164 0.5369651 -0.7794065 -0.322791 0.5368568 -0.7794008 -0.3229849 0.4613896 -0.8196591 -0.3395271 0.4614781 -0.8197295 -0.3392365 0.3823594 -0.8536459 -0.3536808 0.3824387 -0.8537413 -0.3533646 0.3004147 -0.8811092 -0.3652367 0.3004264 -0.8812884 -0.3647943 0.2162517 -0.9020115 -0.373645 0.2162751 -0.9019651 -0.3737434 0.1303984 -0.916019 -0.3793491 0.1303972 -0.9160251 -0.3793345 0.04358935 -0.9230461 -0.3822119 0.0435816 -0.9229691 -0.3823987 -0.04358959 -0.9230532 -0.3821946 -0.04358136 -0.9229616 -0.3824168 -0.1303994 -0.9160248 -0.3793343 -0.130396 -0.9160192 -0.3793492 -0.2162452 -0.9019713 -0.3737457 0.9990468 -0.03872126 -0.02015948 -0.1303966 -0.9679701 -0.2145475 -0.1303954 -0.982992 -0.1293208 -0.130362 -0.9829912 -0.1293597 -0.1303601 -0.9905152 -0.04342615 -0.1303766 -0.990523 -0.04320049 -0.1303754 -0.9905132 0.04342603 -0.1303612 -0.990525 0.04320061 -0.1303623 -0.9829963 0.1293214 -0.1303955 -0.9829869 0.1293592 -0.1303917 -0.9679312 0.2147259 -0.1303852 -0.9679716 0.2145479 -0.130388 -0.9456188 0.2980001 -0.1303841 -0.945536 0.2982644 -0.1303972 -0.9160251 0.3793345 -0.1303984 -0.9160189 0.3793491 -0.1303813 -0.8793535 0.457972 -0.1304438 -0.8794635 0.4577428 -0.1304213 -0.8361154 0.5328239 -0.1304208 -0.8362928 0.5325456 -0.1304027 -0.7865375 0.6036175 -0.130419 -0.7865642 0.6035791 -0.1304187 -0.7309569 0.6698456 -0.1303563 -0.7309736 0.6698394 -0.1303583 -0.6697918 0.7310169 -0.1303829 -0.6698105 0.7309953 -0.1303951 -0.6036159 0.7865399 -0.1303688 -0.6035633 0.7865846 -0.1303762 -0.5327382 0.8361771 -0.1304035 -0.5327543 0.8361626 -0.1303882 -0.4577557 0.8794651 -0.1304051 -0.4577639 0.8794583 -0.1304264 -0.379485 0.9159586 -0.1304147 -0.3794322 0.9159821 -0.1303916 -0.298079 0.9455935 -0.1303872 -0.2981445 0.9455734 -0.1304085 -0.2146131 0.967954 -0.1304087 -0.2146081 0.9679551 -0.1303964 -0.1294131 0.9829797 -0.1303931 -0.1293862 0.9829837 -0.1304297 -0.04325169 0.9905138 -0.1303819 -0.04323971 0.9905205 0.9914446 -0.1158931 -0.06005382 0.991432 -0.1158871 -0.06027239 0.9762367 -0.192142 -0.1002171 0.9762569 -0.1921309 -0.100041 0.9536273 -0.2669286 -0.1390831 0.9536464 -0.2669835 -0.1388471 0.9237397 -0.3397038 -0.1769356 0.9237561 -0.3396977 -0.1768625 0.886823 -0.4098979 -0.2133745 0.8867996 -0.4098449 -0.2135735 0.843172 -0.4768987 -0.2482513 0.8431192 -0.4768659 -0.2484939 0.793058 -0.5402478 -0.2814096 0.7930408 -0.5402595 -0.2814358 0.7369546 -0.5994869 -0.3122714 0.7369901 -0.5995919 -0.3119862 0.6752254 -0.6542956 -0.3405407 0.6751706 -0.6542033 -0.3408266 0.608342 -0.7038865 -0.3666932 0.6084263 -0.7040042 -0.3663272 0.5370168 -0.7483425 -0.3893542 0.5369476 -0.7483062 -0.3895191 0.4613859 -0.7869635 -0.4096481 0.4614036 -0.7869583 -0.4096383 0.3823232 -0.8195861 -0.4267408 0.3823871 -0.8196251 -0.4266084 0.3004835 -0.8459579 -0.4405279 0.3004609 -0.8461012 -0.4402682 0.2161821 -0.8660238 -0.4508529 0.2162698 -0.8660677 -0.4507264 0.1304438 -0.8794635 -0.4577428 0.1303813 -0.8793534 -0.457972 0.04355335 -0.8861457 -0.4613557 0.04358327 -0.8860805 -0.461478 -0.04355591 -0.8861795 -0.4612905 -0.04358083 -0.8860463 -0.4615439 -0.1304376 -0.8794452 -0.4577799 -0.1303869 -0.8793708 -0.4579372 -0.216181 -0.8659858 -0.4509263 -0.2162728 -0.8661073 -0.4506489 -0.3004848 -0.8459932 -0.4404594 0.9990473 -0.03682512 -0.02342051 -0.2162399 -0.9311145 -0.2937109 -0.216246 -0.9531794 -0.2113924 -0.21626 -0.9531921 -0.2113208 -0.2162605 -0.9679854 -0.1274199 -0.2162714 -0.9679808 -0.1274357 -0.2162731 -0.9754086 -0.04247331 -0.2162199 -0.9754166 -0.04256159 -0.2162208 -0.9754202 0.04247379 -0.2162733 -0.9754048 0.04256105 -0.2162654 -0.9679529 0.1276583 -0.2162665 -0.9680138 0.1271926 -0.2162572 -0.953177 0.2113918 -0.2162485 -0.9531946 0.2113214 -0.2162562 -0.9311949 0.2934442 -0.2162774 -0.9311067 0.2937085 -0.2162749 -0.9019652 0.3737432 -0.2162517 -0.9020115 0.373645 -0.2162698 -0.8660677 0.4507264 -0.2161821 -0.8660237 0.4508528 -0.2161962 -0.8234911 0.5245205 -0.2162461 -0.8234331 0.5245909 -0.2162455 -0.7745688 0.5943745 -0.2162149 -0.7745797 0.5943714 -0.2162423 -0.7199209 0.6595098 -0.2162291 -0.719788 0.6596593 -0.2162425 -0.6595903 0.7198472 -0.2162095 -0.6594884 0.7199503 -0.2162584 -0.5944094 0.7745386 -0.2162756 -0.594385 0.7745523 -0.2162894 -0.5246632 0.8233757 -0.2162266 -0.5244424 0.8235329 -0.2162967 -0.4508391 0.8660022 -0.2162297 -0.4508044 0.8660371 -0.2162622 -0.3736727 0.9019975 -0.2162125 -0.3735677 0.9020528 -0.2162698 -0.2936278 0.9311338 -0.2162352 -0.2935909 0.9311534 -0.2162691 -0.2113371 0.9531864 -0.2162474 -0.2113229 0.9531944 -0.2162175 -0.1274166 0.9679955 -0.2162215 -0.1274336 0.9679923 -0.2162821 -0.04259699 0.9754013 -0.216197 -0.04257535 0.9754211 0.9914152 -0.1102128 -0.07035082 0.9914337 -0.1102058 -0.07010024 0.9762449 -0.1827327 -0.1164253 0.9762695 -0.1827208 -0.1162365 0.9536283 -0.2538334 -0.1617463 0.9536491 -0.2538598 -0.1615819 0.9236978 -0.3230385 -0.2059823 0.9237682 -0.3229972 -0.2057306 0.8868635 -0.3897231 -0.2481719 0.8868142 -0.3897567 -0.2482949 0.8431302 -0.4534862 -0.2889323 0.8431761 -0.4534977 -0.28878 0.7930443 -0.5137553 -0.3273169 0.7930958 -0.5137357 -0.3272227 0.7369481 -0.5700454 -0.3632573 0.7369852 -0.5700441 -0.3631839 0.6751633 -0.6219877 -0.3965929 0.6752623 -0.6221613 -0.3961517 0.6084119 -0.6693667 -0.4263604 0.6083825 -0.6693468 -0.4264336 0.5369082 -0.7115319 -0.4532681 0.5369102 -0.7113897 -0.4534891 0.4614792 -0.7483274 -0.4764905 0.4613455 -0.7481806 -0.4768503 0.3824241 -0.7793226 -0.4963952 0.3823128 -0.7792836 -0.496542 0.3004477 -0.8045063 -0.5123486 0.300495 -0.8044068 -0.5124769 0.2162461 -0.8234331 -0.524591 0.2161967 -0.823491 -0.5245204 0.1304208 -0.8362928 -0.5325456 0.1304213 -0.8361154 -0.5328239 0.04354715 -0.8425222 -0.5368987 0.0435605 -0.8426891 -0.5366354 -0.04354512 -0.8424731 -0.5369758 -0.04356259 -0.8427389 -0.536557 -0.1304117 -0.8362251 -0.532654 -0.1304305 -0.8361817 -0.5327175 -0.2162505 -0.8234809 -0.524514 -0.2161915 -0.8234432 -0.5245975 -0.3004326 -0.8044233 -0.5124876 -0.3005118 -0.8044893 -0.5123376 -0.3824218 -0.7793609 -0.4963369 0.9990445 -0.03462731 -0.02666443 -0.3004023 -0.8812026 -0.3650212 -0.3004004 -0.9096698 -0.2868109 -0.3004324 -0.9096255 -0.2869181 -0.3004506 -0.931201 -0.2063838 -0.3004053 -0.93118 -0.2065445 -0.3004089 -0.9456536 -0.1244741 -0.3003965 -0.9456357 -0.1246399 -0.3004066 -0.9529156 -0.04132682 -0.3004471 -0.9528859 -0.04171609 -0.3004488 -0.9528915 0.04157322 -0.3004036 -0.9529106 0.04146283 -0.3004023 -0.9456557 0.1244744 -0.3004032 -0.9456336 0.1246396 -0.3004137 -0.9312124 0.2063863 -0.3004434 -0.9311682 0.206542 -0.3004472 -0.9096557 0.2868066 -0.3003843 -0.90964 0.2869226 -0.3004265 -0.8812884 0.3647943 -0.3004148 -0.8811091 0.3652368 -0.300461 -0.8461012 0.4402682 -0.3004837 -0.8459579 0.440528 -0.3004949 -0.8044067 0.5124772 -0.3004477 -0.8045062 0.5123485 -0.3004044 -0.7566369 0.5807392 -0.3005388 -0.7567574 0.5805125 -0.3004429 -0.7030876 0.6445169 -0.3004673 -0.7032408 0.6443383 -0.300455 -0.6443421 0.7032425 -0.3004599 -0.6444444 0.7031467 -0.3004307 -0.5806234 0.7567152 -0.3004653 -0.5807336 0.756617 -0.3004125 -0.5124518 0.8044536 -0.3003973 -0.5124203 0.8044793 -0.3004187 -0.4404051 0.846045 -0.3004534 -0.4404146 0.8460277 -0.3005057 -0.3650802 0.8811429 -0.3003818 -0.3649436 0.8812417 -0.3004237 -0.2868125 0.9096616 -0.3004814 -0.2868197 0.9096403 -0.300459 -0.2064386 0.9311861 -0.3004385 -0.2064297 0.9311947 -0.3004705 -0.1245068 0.9456298 -0.3004001 -0.124484 0.9456552 -0.3004426 -0.04160088 0.9528923 -0.3004689 -0.04160523 0.9528838 0.9914576 -0.1036145 -0.07922196 0.9914142 -0.1036401 -0.07972854 0.9762537 -0.1718473 -0.1318988 0.9762446 -0.1718682 -0.1319389 0.9536371 -0.2387596 -0.1832214 0.9536339 -0.2387598 -0.1832382 0.9238091 -0.3038643 -0.2329019 0.9237933 -0.3038859 -0.2329363 0.8868244 -0.3666236 -0.2812998 0.8868401 -0.3666012 -0.2812799 0.8431303 -0.4265391 -0.3274079 0.843196 -0.4266027 -0.3271554 0.7931032 -0.483292 -0.3706971 0.7930636 -0.4832931 -0.3707803 0.7369416 -0.5362864 -0.4114781 0.7369908 -0.5362725 -0.4114079 0.6752936 -0.5852769 -0.4488091 0.6752163 -0.5851234 -0.4491254 0.6084377 -0.6295986 -0.4831244 0.6084257 -0.6296513 -0.483071 0.5368942 -0.6692644 -0.5136437 0.5369392 -0.6693372 -0.5135018 0.4613889 -0.7038042 -0.5401666 0.461381 -0.7038114 -0.5401641 0.3823217 -0.7330414 -0.562566 0.3824308 -0.7330763 -0.5624462 0.300539 -0.7567574 -0.5805125 0.3004045 -0.7566366 -0.5807394 0.2162149 -0.7745798 -0.5943714 0.2162455 -0.7745688 -0.5943745 0.1304189 -0.7865642 -0.6035791 0.1304032 -0.7865374 -0.6036175 0.0435611 -0.7925927 -0.6081936 0.04355657 -0.7926718 -0.6080908 -0.04355955 -0.7925562 -0.6082412 -0.04355812 -0.7927086 -0.6080426 -0.1304133 -0.7865363 -0.6036167 -0.1304082 -0.7865654 -0.60358 -0.2162184 -0.7745736 -0.5943781 -0.2162426 -0.7745748 -0.5943678 -0.3005101 -0.7567297 -0.5805634 -0.3004305 -0.7566616 -0.5806934 -0.3823176 -0.7329905 -0.562635 -0.382439 -0.7331305 -0.5623702 -0.461388 -0.7038084 -0.540162 0.9990479 -0.03220826 -0.02943038 -0.3823562 -0.8195738 -0.4267346 -0.3823778 -0.8536747 -0.3535914 -0.3824223 -0.8537151 -0.3534455 -0.3824005 -0.8812514 -0.2777875 -0.3823465 -0.8812125 -0.2779853 -0.3823497 -0.9020712 -0.2001907 -0.3823958 -0.9021106 -0.1999253 -0.3823901 -0.9161 -0.1205765 -0.3823912 -0.916105 -0.120535 -0.3823861 -0.9231171 -0.04044616 -0.3823835 -0.9231221 -0.04035371 -0.3823823 -0.9231187 0.04044622 -0.3823875 -0.9231206 0.04035365 -0.3823892 -0.9161005 0.1205766 -0.3823923 -0.9161046 0.1205348 -0.3823766 -0.9020603 0.2001883 -0.382368 -0.9021219 0.1999276 -0.3823642 -0.8812658 0.277792 -0.382384 -0.8811977 0.2779806 -0.3824386 -0.8537414 0.3533644 -0.3823592 -0.853646 0.3536807 -0.3823868 -0.8196254 0.4266082 -0.3823235 -0.819586 0.4267409 -0.382313 -0.7792835 0.4965423 -0.3824241 -0.7793225 0.4963952 -0.3824306 -0.7330764 0.5624464 -0.3823215 -0.7330415 0.5625659 -0.3823354 -0.6812612 0.6242619 -0.3823305 -0.6812384 0.6242898 -0.3823521 -0.6242646 0.6812493 -0.3823568 -0.6242449 0.6812648 -0.3823403 -0.5624786 0.7330988 -0.3823958 -0.5625417 0.7330214 -0.3824144 -0.4965189 0.7792486 -0.3823304 -0.4964395 0.7793403 -0.3823627 -0.4266561 0.8196118 -0.3823923 -0.4267079 0.8195709 -0.3823339 -0.3535971 0.8536921 -0.3822934 -0.3534888 0.8537549 -0.3825002 -0.2779303 0.8811631 -0.3823487 -0.2778712 0.8812476 -0.3822972 -0.1999596 0.9021447 -0.3824135 -0.2000036 0.9020856 -0.3823775 -0.1206166 0.9161 -0.3824045 -0.1206178 0.9160886 -0.3822943 -0.04029393 0.9231617 -0.3823766 -0.04030382 0.9231272 0.9914311 -0.09635573 -0.0882045 0.9914181 -0.09634739 -0.08835971 0.9762393 -0.1597557 -0.1464068 0.9762609 -0.159738 -0.1462823 0.9536233 -0.2219218 -0.2033554 0.9536395 -0.221872 -0.2033339 0.9236699 -0.2823315 -0.2590806 0.9237208 -0.2823277 -0.2589033 0.8868703 -0.3406648 -0.3121036 0.8867915 -0.3406528 -0.3123406 0.8431665 -0.3963708 -0.3632639 0.8431309 -0.396362 -0.363356 0.7930364 -0.4490228 -0.4116697 0.793088 -0.4490957 -0.4114907 0.7368942 -0.4983137 -0.4568047 0.7370034 -0.4983743 -0.4565623 0.6752277 -0.5437602 -0.4983899 0.6752417 -0.5438837 -0.4982361 0.6083515 -0.5851342 -0.536215 0.6084228 -0.5851099 -0.5361605 0.5369434 -0.6219565 -0.5699666 0.5369524 -0.6220565 -0.5698491 0.4614104 -0.6541519 -0.5993211 0.4614358 -0.6541407 -0.5993137 0.3823305 -0.6812385 -0.6242897 0.3823354 -0.6812612 -0.6242619 0.300467 -0.703241 -0.6443382 0.3004433 -0.7030875 -0.6445168 0.2162293 -0.719788 -0.6596591 0.2162423 -0.7199209 -0.6595098 0.1303559 -0.7309737 -0.6698395 0.1304187 -0.7309569 -0.6698456 0.04363507 -0.7366008 -0.6749187 0.04355984 -0.7365729 -0.674954 -0.04363584 -0.7366896 -0.6748218 -0.04355883 -0.7364838 -0.6750513 -0.1303415 -0.7308449 -0.6699828 -0.1304349 -0.7310869 -0.6697005 -0.216264 -0.7199174 -0.6595066 -0.2162072 -0.7197916 -0.6596624 -0.3004622 -0.7032064 -0.6443783 -0.3004472 -0.7031187 -0.6444809 -0.3822799 -0.6811513 -0.6244158 -0.3823883 -0.681352 -0.6241304 -0.461419 -0.654147 -0.5993199 -0.4614276 -0.6541455 -0.5993148 -0.5369854 -0.622041 -0.5698349 0.999047 -0.0294938 -0.032175 -0.4613323 -0.7481414 -0.4769246 -0.461391 -0.7869642 -0.4096409 -0.4613993 -0.7869572 -0.4096453 -0.4614058 -0.8196711 -0.3394761 -0.4614657 -0.81972 -0.3392764 -0.4614119 -0.8460813 -0.2669188 -0.4613674 -0.8461049 -0.2669209 -0.4613785 -0.8661732 -0.1920263 -0.4614487 -0.8661749 -0.1918494 -0.4614369 -0.8795841 -0.1157921 -0.4613949 -0.8795875 -0.1159342 -0.4614039 -0.886354 -0.03851056 -0.4614249 -0.8863252 -0.03892034 -0.4614275 -0.8863303 0.03877329 -0.4614003 -0.8863501 0.03864544 -0.4613999 -0.8796033 0.1157947 -0.4614335 -0.8795676 0.1159315 -0.4614379 -0.8661431 0.1920194 -0.4613862 -0.8662067 0.1918565 -0.461391 -0.8461674 0.266682 -0.4613891 -0.8460148 0.2671687 -0.4614782 -0.8197295 0.3392365 -0.4613894 -0.8196592 0.3395271 -0.4614036 -0.7869583 0.4096383 -0.461386 -0.7869634 0.4096481 -0.4613456 -0.7481806 0.4768502 -0.4614796 -0.7483271 0.4764906 -0.4613811 -0.7038111 0.5401642 -0.4613888 -0.7038043 0.5401666 -0.461436 -0.6541405 0.5993139 -0.4614104 -0.6541519 0.5993211 -0.4613893 -0.5993624 0.654129 -0.4614248 -0.5993177 0.6541448 -0.4614696 -0.5401245 0.7037837 -0.4614305 -0.5400594 0.7038592 -0.4614117 -0.4766567 0.7482631 -0.4613906 -0.4766497 0.7482806 -0.4614716 -0.4096953 0.7868888 -0.4613752 -0.4096505 0.7869685 -0.4613788 -0.3394703 0.8196887 -0.4614576 -0.3395383 0.8196161 -0.4614604 -0.2668384 0.8460803 -0.4613375 -0.266735 0.8461798 -0.4614104 -0.1920105 0.8661596 -0.4613891 -0.1920149 0.8661699 -0.461371 -0.1157956 0.8796183 -0.4614416 -0.1158171 0.8795784 -0.4614408 -0.03870099 0.8863264 -0.4614108 -0.03869849 0.8863422 0.9914134 -0.08831113 -0.09644085 0.9914351 -0.08825695 -0.09626615 0.9762344 -0.146373 -0.1598166 0.9762672 -0.1463353 -0.159651 0.9536218 -0.2032792 -0.221998 0.9536252 -0.2033546 -0.2219144 0.9236854 -0.2587667 -0.2825691 0.9237992 -0.2587793 -0.2821849 0.8868134 -0.3122022 -0.3407225 0.8868497 -0.3122062 -0.3406246 0.8431864 -0.3632643 -0.3963278 0.8431702 -0.3632639 -0.3963628 0.7930687 -0.4115455 -0.4490796 0.7930915 -0.4115175 -0.4490648 0.7368986 -0.4566237 -0.4984731 0.7369567 -0.4566801 -0.4983353 0.675261 -0.498332 -0.5437719 0.6752778 -0.4983257 -0.5437568 0.608337 -0.5361606 -0.5851991 0.6083697 -0.5361427 -0.5851815 0.5369675 -0.5699506 -0.6219505 0.5369833 -0.5699366 -0.6219496 0.4614247 -0.5993179 -0.6541447 0.4613894 -0.5993621 -0.6541292 0.3823567 -0.6242452 -0.6812645 0.3823521 -0.6242646 -0.6812493 0.3004599 -0.6444446 -0.7031466 0.3004549 -0.6443423 -0.7032425 0.2162092 -0.6594886 -0.7199503 0.2162425 -0.6595901 -0.7198472 0.1303828 -0.6698105 -0.7309954 0.1303583 -0.6697918 -0.7310169 0.04361927 -0.6749574 -0.7365664 0.04362666 -0.6749246 -0.7365959 -0.04362595 -0.6750437 -0.7364868 -0.04361999 -0.6748378 -0.7366758 -0.1303759 -0.6697903 -0.7310151 -0.130366 -0.6698119 -0.7309971 -0.2162048 -0.6594749 -0.7199642 -0.2162478 -0.6596059 -0.7198312 -0.3004268 -0.6443483 -0.703249 -0.3004889 -0.6444381 -0.7031401 -0.3823607 -0.624262 -0.6812468 -0.3823476 -0.6242475 -0.6812676 -0.4614236 -0.5993497 -0.6541163 -0.461389 -0.5993307 -0.6541582 -0.536971 -0.5699419 -0.6219554 -0.5369802 -0.5699451 -0.6219444 -0.6083518 -0.5361518 -0.5851918 0.9990432 -0.02658253 -0.03472882 -0.536968 -0.6693683 -0.5134311 -0.5368553 -0.7114191 -0.4535079 -0.5369662 -0.711501 -0.4532482 -0.5370277 -0.7483742 -0.3892782 -0.5369319 -0.7482707 -0.3896088 -0.5369134 -0.7793675 -0.322971 -0.5369053 -0.7794417 -0.3228057 -0.5368955 -0.804598 -0.2537031 -0.5369104 -0.8045268 -0.2538974 -0.5369745 -0.8236854 -0.182211 -0.5368865 -0.8236339 -0.1827024 -0.5368968 -0.8364263 -0.1101496 -0.5369238 -0.8364246 -0.1100316 -0.536913 -0.8428264 -0.03699195 -0.5369282 -0.8428388 -0.03648257 -0.5369285 -0.8428404 0.03644043 -0.5369116 -0.8428239 0.03706562 -0.5369168 -0.8364137 0.1101478 -0.5369023 -0.8364381 0.1100335 -0.5369032 -0.8236715 0.182484 -0.5369622 -0.8236485 0.1824139 -0.5369108 -0.8045095 0.2539512 -0.5368939 -0.8046206 0.2536351 -0.536857 -0.7794007 0.3229849 -0.5369651 -0.7794066 0.3227912 -0.5369476 -0.7483062 0.3895191 -0.5370169 -0.7483423 0.3893542 -0.5369102 -0.7113897 0.4534891 -0.5369082 -0.7115319 0.4532681 -0.5369392 -0.6693372 0.5135018 -0.5368942 -0.6692644 0.5136437 -0.5369522 -0.6220568 0.5698489 -0.5369434 -0.6219565 0.5699666 -0.5369829 -0.5699371 0.6219495 -0.5369677 -0.5699505 0.6219503 -0.5368901 -0.5135113 0.6693693 -0.5369288 -0.5136017 0.669269 -0.5369511 -0.45332 0.7114664 -0.5368906 -0.4532773 0.7115393 -0.5368642 -0.3895266 0.7483623 -0.5369479 -0.3895325 0.748299 -0.5369998 -0.3228598 0.7793542 -0.536972 -0.3228865 0.7793622 -0.5368683 -0.2536584 0.8046302 -0.5369211 -0.2536666 0.8045924 -0.5368773 -0.1825733 0.8236685 -0.5369325 -0.1825968 0.8236274 -0.5370138 -0.1101375 0.8363528 -0.5368953 -0.1101116 0.8364322 -0.5369559 -0.03679829 0.8428074 -0.5369391 -0.03679561 0.8428182 0.9914366 -0.07951545 -0.1035909 0.9914324 -0.079508 -0.1036347 0.9762732 -0.1318182 -0.1717984 0.9762386 -0.1318942 -0.1719363 0.9536467 -0.1832357 -0.2387104 0.953675 -0.183188 -0.2386344 0.9236698 -0.233086 -0.3041464 0.9238035 -0.2331675 -0.3036774 0.8868799 -0.2813174 -0.3664762 0.8868163 -0.2812893 -0.3666515 0.8431383 -0.3272719 -0.4266275 0.8431557 -0.3273061 -0.4265669 0.7930693 -0.3708209 -0.4832526 0.7931233 -0.3708422 -0.4831476 0.7369371 -0.4114937 -0.5362805 0.7369972 -0.4114943 -0.5361973 0.6752098 -0.4489573 -0.5852599 0.6752131 -0.4489964 -0.5852261 0.6082995 -0.4830763 -0.629769 0.6084907 -0.4832563 -0.6294462 0.5369288 -0.5136017 -0.669269 0.5368897 -0.5135114 -0.6693695 0.4614304 -0.5400598 -0.703859 0.4614694 -0.5401248 -0.7037835 0.3823958 -0.5625416 -0.7330215 0.3823403 -0.5624786 -0.7330988 0.3004657 -0.5807336 -0.7566167 0.3004308 -0.5806231 -0.7567154 0.2162759 -0.5943851 -0.7745523 0.2162584 -0.5944094 -0.7745386 0.1303687 -0.6035634 -0.7865846 0.1303951 -0.6036159 -0.7865399 0.04358512 -0.6082516 -0.7925468 0.04360949 -0.6080912 -0.7926685 -0.04358416 -0.6082074 -0.7925807 -0.04361051 -0.608135 -0.7926349 -0.1303594 -0.6035029 -0.7866325 -0.1304048 -0.6036776 -0.7864909 -0.2162774 -0.5944068 -0.7745352 -0.2162556 -0.5943878 -0.7745558 -0.300473 -0.5807346 -0.7566132 -0.3004214 -0.5806192 -0.756722 -0.3823454 -0.5624773 -0.7330971 -0.3823904 -0.5625432 -0.7330231 -0.4614768 -0.5401222 -0.7037806 -0.4614233 -0.5400617 -0.7038622 -0.5369681 -0.5136146 -0.6692274 -0.5368461 -0.5134924 -0.6694192 -0.6083899 -0.4831621 -0.629616 -0.6084071 -0.4831771 -0.6295876 -0.6752269 -0.448989 -0.5852158 0.9990483 -0.02343261 -0.036789 -0.6083896 -0.5851128 -0.5361953 -0.6084496 -0.6296371 -0.4830592 -0.6084118 -0.6296141 -0.4831368 -0.6083858 -0.6693447 -0.4264323 -0.6084079 -0.6693696 -0.4263615 -0.6083681 -0.7039241 -0.3665776 -0.6084038 -0.7039725 -0.3664253 -0.6083728 -0.7331911 -0.3038312 -0.6084384 -0.7332008 -0.3036765 -0.6084659 -0.7569045 -0.2384639 -0.6083839 -0.7568776 -0.2387582 -0.608407 -0.7748449 -0.1716288 -0.6083891 -0.7747842 -0.1719655 -0.6084116 -0.7868289 -0.1036142 -0.6084234 -0.7868595 -0.1033113 -0.6083999 -0.7928703 -0.03473293 -0.6083977 -0.7928758 -0.03464436 -0.6084007 -0.7928824 0.03444159 -0.6083968 -0.792863 0.03495591 -0.6084025 -0.7868356 0.1036151 -0.6084328 -0.7868524 0.1033102 -0.608398 -0.7747901 0.1719085 -0.6083988 -0.774843 0.1716663 -0.6083739 -0.7568879 0.2387509 -0.6084822 -0.7568953 0.2384514 -0.6084226 -0.7331559 0.3038164 -0.6083851 -0.7332384 0.3036924 -0.6084263 -0.7040042 0.3663272 -0.6083418 -0.7038868 0.3666931 -0.608382 -0.6693474 0.4264333 -0.6084116 -0.6693671 0.4263603 -0.6084252 -0.6296519 0.4830706 -0.6084377 -0.6295986 0.4831244 -0.6084228 -0.5851099 0.5361605 -0.6083515 -0.5851342 0.536215 -0.6083699 -0.5361422 0.5851817 -0.608337 -0.5361606 0.5851991 -0.6084909 -0.4832562 0.629446 -0.6082993 -0.4830764 0.6297692 -0.6084005 -0.4264493 0.6693204 -0.6083451 -0.426378 0.6694163 -0.608512 -0.3665184 0.7038305 -0.6083105 -0.3664221 0.7040548 -0.6083869 -0.3037237 0.733224 -0.6084371 -0.3037225 0.7331827 -0.6083115 -0.2386048 0.7569841 -0.6085785 -0.2387071 0.7567372 -0.6083416 -0.1717594 0.7748672 -0.608328 -0.1717528 0.7748795 -0.6083568 -0.1035867 0.7868748 -0.6084122 -0.1035879 0.7868317 -0.6083523 -0.03461307 0.7929121 -0.6084482 -0.03462082 0.7928382 0.9914385 -0.07018858 -0.1101065 0.99142 -0.07021999 -0.1102525 0.9762655 -0.1164459 -0.1826096 0.9762411 -0.1163976 -0.1827702 0.9536694 -0.1617061 -0.2537042 0.9536116 -0.161721 -0.2539119 0.9238111 -0.2058171 -0.3228194 0.9237751 -0.2058016 -0.3229322 0.8868367 -0.2483029 -0.3897002 0.8867614 -0.2482885 -0.3898811 0.8432192 -0.2889401 -0.4533156 0.8431917 -0.2888584 -0.453419 0.7930458 -0.3272326 -0.5138067 0.7930505 -0.327268 -0.5137768 0.7369434 -0.36317 -0.5701071 0.7369815 -0.3632023 -0.5700371 0.6753562 -0.3963532 -0.6219311 0.6752602 -0.3962979 -0.6220704 0.6083449 -0.4263785 -0.6694161 0.6084004 -0.4264498 -0.6693202 0.5368906 -0.4532773 -0.7115393 0.5369508 -0.4533202 -0.7114667 0.4613904 -0.4766501 -0.7482804 0.4614116 -0.4766572 -0.748263 0.38233 -0.4964396 -0.7793405 0.3824145 -0.4965186 -0.7792488 0.3003971 -0.5124204 -0.8044794 0.3004125 -0.5124516 -0.8044536 0.2162268 -0.5244425 -0.8235327 0.2162894 -0.5246632 -0.8233757 0.1304039 -0.5327541 -0.8361626 0.1303752 -0.5327382 -0.8361772 0.04356712 -0.5368932 -0.8425245 0.04357415 -0.5367209 -0.842634 -0.04356241 -0.5368295 -0.8425654 -0.04357701 -0.5367843 -0.8425935 -0.1304216 -0.5328437 -0.8361028 -0.1303569 -0.5326476 -0.8362378 -0.216266 -0.5245559 -0.8234501 -0.2162497 -0.5245518 -0.8234571 -0.3004152 -0.5124511 -0.804453 -0.3003944 -0.5124208 -0.8044801 -0.3823259 -0.4964233 -0.7793529 -0.3824226 -0.4965386 -0.779232 -0.4614045 -0.4766585 -0.7482665 -0.4613988 -0.4766482 -0.7482765 -0.5369469 -0.4533215 -0.7114687 -0.536895 -0.4532757 -0.711537 -0.6082946 -0.4263608 -0.6694731 -0.6084586 -0.4264732 -0.6692525 -0.675262 -0.3962975 -0.6220688 -0.6753547 -0.3963534 -0.6219325 -0.7369853 -0.3631997 -0.570034 0.9990474 -0.02018272 -0.03869253 -0.6752676 -0.498328 -0.5437674 -0.6752822 -0.5438567 -0.4982107 -0.6751838 -0.5437897 -0.498417 -0.6751856 -0.5851456 -0.4491427 -0.675327 -0.5852531 -0.4487898 -0.6752092 -0.6220606 -0.3964002 -0.6752215 -0.622096 -0.3963239 -0.6752287 -0.6542841 -0.3405563 -0.6751626 -0.6542078 -0.3408338 -0.6752355 -0.6814889 -0.2821878 -0.6752625 -0.6815199 -0.2820485 -0.6752139 -0.7034453 -0.2219256 -0.6752424 -0.7034494 -0.2218258 -0.6752555 -0.7201304 -0.1595063 -0.6752297 -0.7201311 -0.1596122 -0.6752173 -0.7312858 -0.09645032 -0.6752597 -0.7312573 -0.0963698 -0.6752759 -0.7368779 -0.03183722 -0.6752117 -0.7369093 -0.03246337 -0.6752189 -0.7369165 0.03215104 -0.6752734 -0.7368677 0.03212338 -0.6752585 -0.7312485 0.09644526 -0.6752151 -0.7312978 0.09637528 -0.6752398 -0.7201445 0.1595091 -0.6752467 -0.720116 0.159609 -0.6752331 -0.7034285 0.2219204 -0.6752218 -0.7034675 0.2218315 -0.6752336 -0.6814904 0.2821886 -0.6752645 -0.6815183 0.2820475 -0.6751706 -0.6542033 0.3408266 -0.6752257 -0.6542953 0.3405408 -0.6752629 -0.6221605 0.396152 -0.6751633 -0.6219877 0.3965929 -0.6752164 -0.5851233 0.4491253 -0.6752932 -0.5852776 0.4488087 -0.6752417 -0.5438837 0.4982361 -0.6752272 -0.5437611 0.4983896 -0.6752777 -0.4983261 0.5437566 -0.6752611 -0.498332 0.5437718 -0.6752128 -0.4489966 0.5852263 -0.6752098 -0.4489573 0.5852599 -0.6752602 -0.3962984 0.6220702 -0.6753563 -0.3963531 0.621931 -0.6751221 -0.3405138 0.6544162 -0.6753771 -0.3406363 0.6540893 -0.6752879 -0.2822691 0.6814033 -0.6751145 -0.282217 0.6815967 -0.6753697 -0.221825 0.7033275 -0.6752684 -0.2218207 0.703426 -0.6750919 -0.1596111 0.7202606 -0.6753121 -0.1596716 0.7200408 -0.6752166 -0.09627121 0.7313101 -0.6751831 -0.09626489 0.7313419 -0.6752066 -0.03217321 0.7369268 -0.6752861 -0.03217417 0.7368539 0.9914176 -0.06031161 -0.1159905 0.9914316 -0.06031262 -0.1158704 0.9762584 -0.1000086 -0.1921405 0.9762759 -0.1000355 -0.1920369 0.9536556 -0.1389736 -0.2668848 0.9536214 -0.138976 -0.2670057 0.9237939 -0.1768674 -0.3395925 0.923717 -0.1768183 -0.3398271 0.8869065 -0.213353 -0.4097283 0.8868001 -0.2133666 -0.4099515 0.8430622 -0.2482418 -0.4770978 0.843103 -0.248261 -0.4770157 0.7931322 -0.281288 -0.5402023 0.7930336 -0.2812446 -0.5403696 0.7369747 -0.312125 -0.5995385 0.7369352 -0.3121131 -0.5995932 0.6753768 -0.3406375 -0.654089 0.6751226 -0.3405132 -0.6544161 0.6083105 -0.3664221 -0.7040548 0.6085115 -0.366519 -0.7038307 0.5369482 -0.3895329 -0.7482987 0.5368642 -0.3895266 -0.7483623 0.4613752 -0.4096505 -0.7869685 0.4614716 -0.4096949 -0.7868888 0.3823923 -0.4267082 -0.8195709 0.3823627 -0.4266561 -0.8196118 0.3004532 -0.4404147 -0.8460277 0.3004187 -0.4404051 -0.846045 0.2162299 -0.4508044 -0.866037 0.2162976 -0.4508389 -0.8660021 0.1304043 -0.4577639 -0.8794584 0.1303882 -0.4577556 -0.8794651 0.04359036 -0.4613678 -0.8861376 0.04355084 -0.461183 -0.8862357 -0.04357874 -0.4612804 -0.8861836 -0.04356241 -0.46127 -0.8861898 -0.1303992 -0.457755 -0.8794638 -0.1303931 -0.4577646 -0.8794597 -0.2162178 -0.4507477 -0.8660696 -0.2163103 -0.4508975 -0.8659685 -0.3004363 -0.4404023 -0.8460401 -0.300436 -0.4404172 -0.8460325 -0.3823541 -0.4266577 -0.8196149 -0.3824003 -0.4267065 -0.8195681 -0.4613581 -0.4096137 -0.7869977 -0.461495 -0.4097353 -0.7868543 -0.5368851 -0.3895197 -0.7483507 -0.5369253 -0.38954 -0.7483113 -0.6083759 -0.366447 -0.7039854 -0.6084556 -0.3664991 -0.7038894 -0.6752629 -0.3405821 -0.6542353 -0.6752252 -0.340562 -0.6542848 -0.7369366 -0.3121119 -0.5995922 -0.7369735 -0.3121266 -0.599539 -0.7930309 -0.2812467 -0.5403723 0.9990443 -0.01670253 -0.04039484 -0.7370229 -0.4115275 -0.5361366 -0.7369639 -0.456674 -0.4983304 -0.7368906 -0.4566311 -0.4984781 -0.7369422 -0.4983387 -0.4567 -0.7369616 -0.4983528 -0.4566532 -0.7369742 -0.5362859 -0.41142 -0.7369601 -0.5362712 -0.4114648 -0.7369298 -0.5700181 -0.3633372 -0.7370086 -0.5700747 -0.3630886 -0.7369771 -0.5995349 -0.312126 -0.7369687 -0.5995498 -0.3121174 -0.7369444 -0.6244856 -0.2587096 -0.7369703 -0.6245145 -0.2585664 -0.7369572 -0.6446582 -0.2032484 -0.7369601 -0.6446374 -0.2033039 -0.7369575 -0.6598886 -0.1464267 -0.736982 -0.6599108 -0.1462032 -0.7369759 -0.6701534 -0.08809614 -0.7369614 -0.6701598 -0.08816933 -0.7369602 -0.6752881 -0.02959054 -0.7369678 -0.6752887 -0.02938938 -0.7369674 -0.6752877 0.0294215 -0.7369602 -0.6752889 0.02957534 -0.7369667 -0.6701634 0.08809745 -0.7369716 -0.6701487 0.08816784 -0.7369573 -0.6598888 0.1464267 -0.7369819 -0.6599109 0.1462031 -0.7369509 -0.6446161 0.2034044 -0.736967 -0.6446837 0.2031323 -0.7369387 -0.6244914 0.2587119 -0.7369765 -0.6245081 0.2585638 -0.7369906 -0.599591 0.3119864 -0.7369541 -0.5994877 0.3122711 -0.7369858 -0.5700432 0.3631842 -0.7369477 -0.5700458 0.3632572 -0.7369914 -0.5362715 0.4114081 -0.7369417 -0.5362863 0.411478 -0.7370034 -0.4983743 0.4565623 -0.7368942 -0.4983137 0.4568047 -0.7369572 -0.4566791 0.4983356 -0.7368986 -0.4566237 0.4984731 -0.7369967 -0.4114956 0.5361972 -0.7369372 -0.4114936 0.5362804 -0.7369817 -0.3632013 0.5700376 -0.7369429 -0.3631714 0.5701069 -0.7369352 -0.3121136 0.5995929 -0.7369747 -0.312125 0.5995385 -0.7368785 -0.2586547 0.6245862 -0.737036 -0.2587212 0.6243727 -0.7368965 -0.2032536 0.644726 -0.7369778 -0.2032354 0.6446388 -0.7370128 -0.1463125 0.6598522 -0.7369791 -0.1463241 0.6598873 -0.7369104 -0.08821833 0.6702094 -0.7369352 -0.08822518 0.6701812 -0.7369437 -0.02948224 0.6753109 -0.7369375 -0.02948176 0.6753177 0.9913828 -0.04997533 -0.1210899 0.9914436 -0.05001544 -0.1205744 0.9762495 -0.08292585 -0.2001503 0.9762166 -0.0828967 -0.2003233 0.9536643 -0.1151726 -0.2779566 0.953603 -0.1151653 -0.2781698 0.9237403 -0.1465622 -0.3538693 0.9237581 -0.1465916 -0.3538108 0.886765 -0.1768462 -0.4270521 0.8868291 -0.1768287 -0.426926 0.8432536 -0.2057747 -0.4965683 0.8432103 -0.2057654 -0.4966458 0.7930404 -0.2330769 -0.5628162 0.7931545 -0.233139 -0.5626297 0.7370358 -0.2587212 -0.6243729 0.7368784 -0.2586553 -0.6245861 0.6751149 -0.2822158 -0.6815968 0.6752882 -0.282269 -0.681403 0.6084373 -0.3037224 -0.7331826 0.6083869 -0.3037237 -0.733224 0.5369723 -0.3228859 -0.7793622 0.5369998 -0.3228598 -0.7793542 0.4614578 -0.3395383 -0.8196161 0.4613788 -0.3394701 -0.8196888 0.3822939 -0.3534888 -0.8537547 0.3823338 -0.3535973 -0.8536919 0.3003816 -0.3649438 -0.8812417 0.3005066 -0.3650799 -0.8811427 0.2162122 -0.3735677 -0.9020529 0.2162622 -0.3736727 -0.9019975 0.1304141 -0.3794322 -0.9159822 0.1304264 -0.379485 -0.9159586 0.04355609 -0.3823295 -0.9229989 0.04358154 -0.3823037 -0.9230085 -0.04355543 -0.3823041 -0.9230096 -0.04358226 -0.3823291 -0.9229978 -0.1304014 -0.3794015 -0.9159969 -0.1304394 -0.3795168 -0.9159436 -0.2162221 -0.3735904 -0.9020412 -0.2162531 -0.3736518 -0.9020084 -0.3004359 -0.3650011 -0.8811996 -0.3004544 -0.3650249 -0.8811834 -0.382283 -0.3535155 -0.8537486 -0.3823474 -0.3535735 -0.8536956 -0.4613732 -0.3394711 -0.8196915 -0.4614638 -0.3395372 -0.8196132 -0.5369777 -0.3228645 -0.7793674 -0.5369955 -0.3228815 -0.779348 -0.608397 -0.3037202 -0.733217 -0.6084265 -0.3037261 -0.7331901 -0.6752796 -0.2822721 -0.6814103 -0.6751241 -0.282213 -0.6815888 -0.7370312 -0.2587106 -0.6243829 -0.736868 -0.2586598 -0.6245965 -0.7930797 -0.2331098 -0.5627472 -0.7931244 -0.2331094 -0.5626844 -0.8432097 -0.205765 -0.4966469 0.9990473 -0.01314878 -0.04161292 -0.7929501 -0.3272061 -0.5139711 -0.7931222 -0.3708431 -0.4831486 -0.7930705 -0.37082 -0.4832514 -0.7930805 -0.4115272 -0.4490754 -0.793081 -0.4115356 -0.449067 -0.7930387 -0.4490502 -0.4116353 -0.7930912 -0.4490748 -0.4115074 -0.7931253 -0.4833187 -0.370615 -0.7930337 -0.4832643 -0.3708818 -0.7930807 -0.5137524 -0.327233 -0.7930614 -0.5137362 -0.3273053 -0.7930902 -0.5402786 -0.2812593 -0.7930027 -0.5402258 -0.2816074 -0.7930706 -0.5627669 -0.2330935 -0.793112 -0.5627969 -0.23288 -0.7930556 -0.5809366 -0.1832365 -0.7930603 -0.5809274 -0.1832455 -0.7930917 -0.5946924 -0.1317073 -0.7930558 -0.5946834 -0.1319624 -0.7930672 -0.6039325 -0.07943522 -0.7930752 -0.603923 -0.0794292 -0.7930745 -0.6085435 -0.02660155 -0.7930905 -0.6085192 -0.02668327 -0.7930887 -0.6085168 0.02678644 -0.7930743 -0.6085492 0.02647614 -0.7930763 -0.6039209 0.07943391 -0.7930651 -0.6039358 0.07943069 -0.7930408 -0.5946783 0.1320765 -0.793113 -0.5946989 0.1315488 -0.7930665 -0.5809231 0.1832324 -0.7930487 -0.5809418 0.1832501 -0.7930676 -0.5627706 0.2330947 -0.7931153 -0.562793 0.2328787 -0.7930408 -0.5402595 0.2814358 -0.7930584 -0.5402473 0.2814098 -0.7930958 -0.5137357 0.3272227 -0.7930444 -0.5137551 0.3273168 -0.7930641 -0.483292 0.3707805 -0.7931026 -0.4832932 0.3706968 -0.7930884 -0.4490946 0.411491 -0.7930359 -0.4490241 0.4116693 -0.7930918 -0.4115168 0.4490649 -0.7930688 -0.4115454 0.4490795 -0.793123 -0.3708428 0.4831474 -0.7930688 -0.3708224 0.4832524 -0.7930508 -0.3272666 0.5137771 -0.7930462 -0.3272311 0.5138069 -0.7930338 -0.281244 0.5403698 -0.7931322 -0.281288 0.5402023 -0.7931545 -0.2331384 0.5626299 -0.7930404 -0.2330769 0.5628162 -0.7931047 -0.1831492 0.5808971 -0.7930271 -0.1831616 0.5809992 -0.7931046 -0.1318598 0.5946411 -0.793047 -0.1318304 0.5947245 -0.7930235 -0.07950264 0.6039809 -0.7931354 -0.07951879 0.6038321 -0.7930408 -0.0265659 0.6085892 -0.793097 -0.02656978 0.6085156 0.9914731 -0.03929841 -0.1242449 0.9914262 -0.03926831 -0.124628 0.9762641 -0.06512075 -0.2065618 0.9762544 -0.06514734 -0.2065997 0.9536432 -0.09050595 -0.2870079 0.9536292 -0.09048688 -0.2870603 0.9237192 -0.1151458 -0.3653548 0.9237383 -0.115152 -0.3653048 0.8867828 -0.1389296 -0.4408116 0.8868928 -0.1389571 -0.4405817 0.8431788 -0.1616727 -0.5127491 0.8431048 -0.1616736 -0.5128704 0.7930271 -0.1831616 -0.5809992 0.793105 -0.1831487 -0.5808968 0.7369779 -0.2032353 -0.6446387 0.7368965 -0.2032536 -0.644726 0.6752683 -0.2218207 -0.7034262 0.6753696 -0.2218253 -0.7033274 0.6085785 -0.2387071 -0.7567372 0.6083115 -0.2386043 -0.7569842 0.5369208 -0.2536662 -0.8045929 0.5368684 -0.2536582 -0.8046303 0.461337 -0.2667351 -0.84618 0.4614611 -0.2668385 -0.8460798 0.3823487 -0.2778709 -0.8812476 0.3825011 -0.2779303 -0.8811628 0.3004809 -0.2868198 -0.9096404 0.3004237 -0.2868124 -0.9096616 0.2162344 -0.293591 -0.9311537 0.2162698 -0.2936278 -0.9311338 0.1303868 -0.2981446 -0.9455734 0.1303916 -0.298079 -0.9455935 0.04357725 -0.3004448 -0.9528033 0.04355448 -0.3003881 -0.9528222 -0.04356753 -0.300388 -0.9528216 -0.0435642 -0.300445 -0.9528039 -0.1303696 -0.2980798 -0.9455962 -0.1304092 -0.2981437 -0.9455707 -0.2162155 -0.2935618 -0.9311672 -0.2162897 -0.2936584 -0.9311195 -0.3004466 -0.2868104 -0.9096547 -0.3004574 -0.2868219 -0.9096476 -0.3823899 -0.2778711 -0.8812298 -0.382463 -0.2779326 -0.8811786 -0.4613744 -0.2667762 -0.8461466 -0.4614269 -0.2668005 -0.8461104 -0.5368769 -0.2536566 -0.8046252 -0.5369126 -0.2536683 -0.8045977 -0.608448 -0.238657 -0.7568578 -0.6084333 -0.2386502 -0.7568719 -0.6753583 -0.2218288 -0.7033373 -0.6752806 -0.2218167 -0.7034156 -0.7369909 -0.2032699 -0.6446129 -0.736874 -0.2032177 -0.6447629 -0.7930958 -0.1831526 -0.5809081 -0.7930372 -0.1831583 -0.5809863 -0.8431996 -0.1616908 -0.5127092 -0.8430703 -0.1616528 -0.5129337 -0.8868006 -0.1389392 -0.4407728 0.9990458 -0.009438335 -0.04264426 -0.8430606 -0.2482429 -0.4771 -0.8431743 -0.2888723 -0.4534421 -0.8432383 -0.2889267 -0.4532887 -0.8431618 -0.3273013 -0.4265584 -0.8431312 -0.3272774 -0.4266372 -0.843172 -0.3632619 -0.3963606 -0.8431852 -0.3632646 -0.3963301 -0.8431329 -0.3963598 -0.3633536 -0.8431642 -0.3963734 -0.3632663 -0.8431465 -0.4265636 -0.327334 -0.8431878 -0.4265822 -0.3272032 -0.8431223 -0.4534739 -0.2889744 -0.8431925 -0.4535121 -0.2887097 -0.8431618 -0.4768916 -0.2482997 -0.8431225 -0.4768701 -0.2484741 -0.8431892 -0.4967587 -0.2055795 -0.8431312 -0.4967173 -0.205917 -0.8431734 -0.5127864 -0.1615819 -0.8431597 -0.5127785 -0.1616783 -0.843172 -0.524907 -0.1163343 -0.8431736 -0.5249258 -0.1162378 -0.8431453 -0.5330754 -0.07026249 -0.8431483 -0.5330945 -0.07008057 -0.8431408 -0.5371766 -0.02356034 -0.8431535 -0.5371619 -0.02343899 -0.8431511 -0.5371605 0.02355968 -0.8431419 -0.53718 0.02343982 -0.8431485 -0.5330972 0.07005685 -0.8431447 -0.5330691 0.07031649 -0.8431801 -0.5249387 0.1161329 -0.8431643 -0.5248896 0.116469 -0.8431452 -0.512769 0.1617849 -0.8431923 -0.5127986 0.1614454 -0.8431612 -0.4967254 0.2057747 -0.8431634 -0.4967554 0.2056933 -0.8431197 -0.4768646 0.2484941 -0.8431711 -0.4769004 0.2482511 -0.8431767 -0.4534964 0.2887803 -0.8431309 -0.4534847 0.2889326 -0.843196 -0.4266027 0.3271554 -0.8431311 -0.4265374 0.327408 -0.8431309 -0.396362 0.363356 -0.8431665 -0.3963706 0.3632637 -0.8431705 -0.3632632 0.396363 -0.8431871 -0.3632625 0.3963279 -0.8431554 -0.3273069 0.4265668 -0.8431382 -0.3272719 0.4266275 -0.8431915 -0.2888591 0.4534189 -0.8432192 -0.2889401 0.4533156 -0.8431031 -0.2482609 0.4770155 -0.8430622 -0.2482419 0.4770979 -0.8432101 -0.2057662 0.4966457 -0.8432533 -0.2057766 0.4965682 -0.843105 -0.1616727 0.5128705 -0.8431788 -0.1616727 0.5127491 -0.8430494 -0.1163509 0.5251004 -0.8432056 -0.116397 0.5248391 -0.8432117 -0.07019013 0.5329797 -0.8431654 -0.07017052 0.5330557 -0.8431176 -0.02345246 0.5372177 -0.8431527 -0.0234493 0.5371627 0.9914124 -0.0282936 -0.1276752 0.991443 -0.02827835 -0.1274412 0.9763291 -0.0468983 -0.2111447 0.9762244 -0.0468778 -0.2116333 0.9536232 -0.06512933 -0.2938728 0.9536397 -0.06515461 -0.2938133 0.9237573 -0.08291012 -0.3738963 0.923773 -0.08289796 -0.3738603 0.8867416 -0.1000079 -0.4513177 0.8869179 -0.1000368 -0.4509651 0.8432056 -0.116397 -0.5248391 0.8430495 -0.1163513 -0.5251 0.7930474 -0.1318287 -0.5947244 0.7931044 -0.1318599 -0.5946415 0.7369789 -0.1463241 -0.6598874 0.7370131 -0.146313 -0.6598518 0.6753118 -0.1596716 -0.7200409 0.6750919 -0.1596114 -0.7202606 0.6083282 -0.1717527 -0.7748793 0.6083416 -0.1717594 -0.7748672 0.5369325 -0.1825968 -0.8236274 0.5368772 -0.1825738 -0.8236684 0.4613894 -0.1920149 -0.8661698 0.4614104 -0.1920105 -0.8661596 0.3824138 -0.2000034 -0.9020856 0.3822972 -0.1999593 -0.9021447 0.3004392 -0.2064296 -0.9311945 0.300459 -0.2064387 -0.9311861 0.216248 -0.2113229 -0.9531943 0.2162691 -0.2113372 -0.9531864 0.1304091 -0.214608 -0.967955 0.1304085 -0.2146131 -0.967954 0.04358881 -0.2162527 -0.9753639 0.04357314 -0.2162294 -0.9753699 -0.04358434 -0.2162293 -0.9753693 -0.04357755 -0.2162528 -0.9753644 -0.1304122 -0.214613 -0.9679535 -0.1304054 -0.2146081 -0.9679555 -0.2162656 -0.2113373 -0.9531872 -0.2162517 -0.2113227 -0.9531936 -0.3004572 -0.206439 -0.9311866 -0.300441 -0.2064293 -0.931194 -0.3823951 -0.2000043 -0.9020933 -0.3823122 -0.199957 -0.9021389 -0.4614023 -0.1920111 -0.8661638 -0.461397 -0.1920143 -0.8661658 -0.5368741 -0.1825748 -0.8236703 -0.5369349 -0.1825959 -0.8236259 -0.6083424 -0.1717593 -0.7748667 -0.6083267 -0.1717527 -0.7748805 -0.6752403 -0.1596482 -0.7201132 -0.6751511 -0.1596307 -0.7202007 -0.7370064 -0.1463139 -0.6598589 -0.7369859 -0.1463225 -0.65988 -0.7931113 -0.1318594 -0.5946325 -0.7930395 -0.1318305 -0.5947344 -0.8431366 -0.1163685 -0.5249564 -0.8431058 -0.1163755 -0.5250042 -0.8868238 -0.1000257 -0.4511522 -0.8868529 -0.1000199 -0.4510964 -0.9237712 -0.08289724 -0.3738647 0.9990455 -0.005702972 -0.04330825 -0.8868786 -0.1768665 -0.4268075 -0.8868066 -0.2133586 -0.4099416 -0.8868985 -0.2133654 -0.4097394 -0.8868453 -0.2483083 -0.3896774 -0.8867377 -0.2482783 -0.389941 -0.8868927 -0.2813156 -0.3664466 -0.8867893 -0.2812865 -0.366719 -0.8868485 -0.3122087 -0.3406253 -0.8868156 -0.312197 -0.3407217 -0.8868609 -0.3406738 -0.3121207 -0.8867883 -0.34064 -0.3123639 -0.886834 -0.3666105 -0.2812867 -0.8868314 -0.3666132 -0.2812918 -0.8868255 -0.3897387 -0.248283 -0.8868499 -0.389745 -0.2481859 -0.8868365 -0.4098801 -0.2133526 -0.8867804 -0.4098542 -0.2136359 -0.8868383 -0.4269335 -0.1767644 -0.8868679 -0.4269441 -0.1765906 -0.8868297 -0.4407056 -0.1389665 -0.8868304 -0.4407108 -0.1389454 -0.886818 -0.451122 -0.1002148 -0.8868557 -0.4511202 -0.09988796 -0.8868463 -0.4581168 -0.06027173 -0.8868427 -0.4581238 -0.06027275 -0.8868399 -0.46164 -0.02009093 -0.8868272 -0.4616518 -0.02037459 -0.8868278 -0.4616525 0.02033072 -0.8868418 -0.4616364 0.02009087 -0.8868419 -0.4581251 0.06027287 -0.8868479 -0.4581139 0.0602715 -0.8868528 -0.4511072 0.09997236 -0.8868142 -0.4511382 0.1001748 -0.8868228 -0.4407182 0.1389703 -0.8868383 -0.4406964 0.1389408 -0.8868442 -0.4269232 0.1767601 -0.8868612 -0.426956 0.1765955 -0.8867996 -0.4098449 0.2135735 -0.8868238 -0.4098961 0.2133747 -0.8868148 -0.3897551 0.2482951 -0.8868633 -0.3897233 0.2481721 -0.8868401 -0.3666012 0.2812799 -0.8868244 -0.3666236 0.2812998 -0.8867921 -0.3406511 0.3123407 -0.886871 -0.3406628 0.3121038 -0.8868502 -0.3122045 0.3406248 -0.886814 -0.3122003 0.3407228 -0.8868163 -0.2812893 0.3666515 -0.8868804 -0.2813153 0.3664765 -0.8867616 -0.2482876 0.3898811 -0.8868368 -0.2483029 0.3897002 -0.8868004 -0.2133657 0.4099516 -0.8869065 -0.213353 0.4097283 -0.8868291 -0.1768283 0.4269261 -0.886765 -0.1768461 0.427052 -0.8868929 -0.1389562 0.4405818 -0.8867828 -0.1389296 0.4408116 -0.886918 -0.1000354 0.4509651 -0.8867416 -0.1000079 0.4513177 -0.8868908 -0.06031751 0.4580247 -0.8867092 -0.06030791 0.4583774 -0.8868433 -0.02015519 0.4616307 -0.8868871 -0.02015811 0.4615463 0.9914112 -0.01706552 -0.1296639 0.9914256 -0.0170505 -0.1295558 0.9762785 -0.02828645 -0.214663 0.9762197 -0.02828061 -0.2149315 0.9536435 -0.03928875 -0.2983635 0.9536232 -0.03928011 -0.298429 0.9237539 -0.04998236 -0.3797111 0.9237235 -0.04999315 -0.3797839 0.8867092 -0.06030791 -0.4583774 0.886891 -0.06031608 -0.4580246 0.8431652 -0.07017058 -0.5330559 0.8432118 -0.07018887 -0.5329798 0.7931354 -0.07951879 -0.603832 0.7930234 -0.07950145 -0.6039813 0.7369355 -0.08822512 -0.670181 0.7369104 -0.08821862 -0.6702094 0.6751831 -0.09626489 -0.7313418 0.6752166 -0.09627074 -0.7313102 0.6084118 -0.1035879 -0.786832 0.6083568 -0.1035863 -0.7868748 0.5368952 -0.1101117 -0.8364324 0.5370138 -0.1101374 -0.8363528 0.4614417 -0.1158171 -0.8795783 0.461371 -0.1157957 -0.8796183 0.3824049 -0.1206175 -0.9160885 0.3823775 -0.1206166 -0.9161 0.3003995 -0.1244841 -0.9456553 0.3004705 -0.1245068 -0.9456298 0.2162216 -0.1274336 -0.9679923 0.2162175 -0.1274166 -0.9679955 0.1303932 -0.1293862 -0.9829837 0.1303964 -0.1294131 -0.9829797 0.04356253 -0.1303856 -0.9905059 0.04358202 -0.1304091 -0.9905019 -0.04357272 -0.1304092 -0.9905024 -0.04357182 -0.1303856 -0.9905055 -0.1304093 -0.1294129 -0.982978 -0.1303802 -0.1293864 -0.9829854 -0.2162102 -0.1274168 -0.967997 -0.2162289 -0.1274334 -0.9679906 -0.3003967 -0.1244776 -0.945657 -0.3004754 -0.124514 -0.9456273 -0.3823825 -0.1206161 -0.9160979 -0.3823996 -0.1206182 -0.9160906 -0.4613677 -0.1157953 -0.87962 -0.4614451 -0.1158176 -0.8795766 -0.5368914 -0.110112 -0.8364348 -0.5370255 -0.1101385 -0.8363453 -0.6083611 -0.1035851 -0.7868716 -0.6084079 -0.1035894 -0.786835 -0.6752178 -0.09627223 -0.7313088 -0.6751818 -0.0962634 -0.7313433 -0.7369928 -0.08822715 -0.6701176 -0.7368448 -0.08821517 -0.6702819 -0.7931099 -0.07950919 -0.6038667 -0.7930385 -0.07950943 -0.6039605 -0.8432151 -0.07018941 -0.5329746 -0.8431615 -0.07017087 -0.5330618 -0.8867923 -0.06031125 -0.4582161 -0.8868258 -0.0603156 -0.4581507 -0.9237245 -0.04999303 -0.3797811 -0.9237525 -0.04998403 -0.3797144 -0.9536224 -0.0392763 -0.2984322 0.9990492 -0.001907646 -0.04355561 -0.9237185 -0.1151463 -0.3653566 -0.9237613 -0.1465895 -0.3538032 -0.923736 -0.1465662 -0.3538789 -0.9237124 -0.1768224 -0.3398371 -0.9237986 -0.1768664 -0.3395799 -0.9237746 -0.2058008 -0.3229345 -0.9238113 -0.2058207 -0.3228166 -0.9236505 -0.2331182 -0.3041807 -0.9238587 -0.2331481 -0.3035245 -0.9237236 -0.2587604 -0.2824497 -0.9237794 -0.2587876 -0.2822422 -0.9237186 -0.2823312 -0.2589075 -0.9236738 -0.2823236 -0.2590759 -0.923797 -0.3038793 -0.2329304 -0.9238049 -0.3038713 -0.2329095 -0.9237051 -0.3229974 -0.206014 -0.923776 -0.3230378 -0.205632 -0.9237539 -0.3397021 -0.1768654 -0.9237412 -0.339702 -0.1769317 -0.9237489 -0.3538349 -0.1465916 -0.9237583 -0.3538401 -0.146519 -0.9237455 -0.3652769 -0.1151835 -0.9237599 -0.3652818 -0.1150516 -0.9237474 -0.3739185 -0.08291941 -0.923749 -0.3739238 -0.08287805 -0.9237425 -0.3797245 -0.05009192 -0.9237441 -0.379732 -0.05000734 -0.9237446 -0.382645 -0.01669764 -0.9237582 -0.3826235 -0.01643502 -0.9237543 -0.3826217 0.01669657 -0.9237461 -0.3826526 0.01643633 -0.9237401 -0.3797304 0.05009269 -0.9237467 -0.3797256 0.05000633 -0.9237439 -0.3739272 0.08292096 -0.9237534 -0.3739136 0.08287608 -0.923748 -0.3652709 0.1151816 -0.9237567 -0.3652895 0.115054 -0.9237364 -0.3538628 0.1466022 -0.9237728 -0.3538079 0.1465057 -0.9237567 -0.3396958 0.1768627 -0.923739 -0.3397063 0.1769354 -0.9237682 -0.3229972 0.2057306 -0.9236978 -0.3230385 0.2059823 -0.9237936 -0.3038849 0.2329364 -0.9238091 -0.3038643 0.2329019 -0.9237211 -0.2823267 0.2589034 -0.9236707 -0.282329 0.2590808 -0.9237987 -0.2587814 0.2821847 -0.923686 -0.2587641 0.2825692 -0.9238038 -0.2331664 0.3036776 -0.9236699 -0.2330859 0.3041462 -0.9237756 -0.2057995 0.3229324 -0.9238111 -0.2058171 0.3228194 -0.9237167 -0.1768193 0.339827 -0.9237938 -0.1768674 0.3395925 -0.9237579 -0.1465926 0.3538107 -0.9237403 -0.1465622 0.3538693 -0.9237383 -0.1151525 0.3653048 -0.9237194 -0.1151458 0.3653548 -0.9237732 -0.08289629 0.3738602 -0.9237573 -0.08291012 0.3738963 -0.9237234 -0.04999345 0.3797841 -0.9237539 -0.04998236 0.379711 -0.9237635 -0.01670509 0.3825991 -0.9237786 -0.01670867 0.3825623 0.9914107 -0.005680024 -0.1306623 0.9914332 -0.005694031 -0.1304911 0.9762251 -0.009446203 -0.2165539 0.97624 -0.009446501 -0.2164861 0.9536645 -0.01313328 -0.3005855 0.9536172 -0.01312667 -0.3007358 0.9237786 -0.01670867 -0.3825623 0.9237635 -0.01670479 -0.3825991 0.8868871 -0.02015811 -0.4615463 0.8868433 -0.02015388 -0.4616307 0.8431527 -0.0234493 -0.5371627 0.8431176 -0.0234512 -0.5372177 0.793097 -0.02656978 -0.6085156 0.7930408 -0.02656626 -0.6085892 0.7369375 -0.02948176 -0.6753177 0.7369437 -0.02948254 -0.6753109 0.6752861 -0.03217417 -0.7368539 0.6752066 -0.03217309 -0.7369268 0.6084482 -0.03462082 -0.7928382 0.6083523 -0.03461343 -0.7929121 0.5369391 -0.03679561 -0.8428182 0.5369559 -0.03679853 -0.8428074 0.4614108 -0.03869849 -0.8863422 0.4614409 -0.03870093 -0.8863266 0.3823766 -0.04030382 -0.9231272 0.3822943 -0.04029399 -0.9231617 0.3004689 -0.04160523 -0.9528838 0.3004426 -0.04160082 -0.9528923 0.216197 -0.04257547 -0.9754211 0.2162821 -0.04259699 -0.9754013 0.1303819 -0.04323965 -0.9905205 0.1304297 -0.04325169 -0.9905138 0.04358243 -0.04357933 -0.998099 0.04357606 -0.04357898 -0.9980993 -0.04357981 -0.04357898 -0.998099 -0.04357868 -0.04357933 -0.9980991 -0.1303969 -0.04324138 -0.9905186 -0.1304152 -0.04325008 -0.9905158 -0.2162363 -0.0425868 -0.9754118 -0.2162436 -0.04258584 -0.9754104 -0.3004426 -0.041601 -0.9528923 -0.3004689 -0.04160505 -0.9528838 -0.3823841 -0.0403034 -0.9231241 -0.3822835 -0.04029411 -0.9231661 -0.4614408 -0.03870153 -0.8863264 -0.4614109 -0.03869771 -0.8863423 -0.5369574 -0.03679823 -0.8428065 -0.5369375 -0.03679585 -0.8428192 -0.6083509 -0.03461194 -0.7929131 -0.6084496 -0.03462213 -0.7928369 -0.6752079 -0.03217196 -0.7369256 -0.6752846 -0.03217524 -0.7368552 -0.7369449 -0.02948218 -0.6753096 -0.7369362 -0.02948147 -0.6753192 -0.7930408 -0.0265659 -0.6085892 -0.793097 -0.02656936 -0.6085156 -0.8431172 -0.02344924 -0.5372185 -0.8431531 -0.0234543 -0.5371618 -0.8868435 -0.02015894 -0.4616303 -0.886887 -0.02015399 -0.4615467 -0.9237633 -0.01670509 -0.3825995 -0.9237789 -0.01670634 -0.3825619 -0.9536674 -0.01312506 -0.3005766 -0.9535983 -0.01312965 -0.3007957 -0.9762402 -0.009443759 -0.2164857 -0.9536211 -0.06513077 -0.2938792 -0.9536274 -0.09048914 -0.2870653 -0.9536454 -0.09050381 -0.2870011 -0.9536496 -0.11517 -0.2780079 -0.9536026 -0.1151656 -0.2781707 -0.953667 -0.138976 -0.2668427 -0.9535954 -0.1389727 -0.2671003 -0.9536556 -0.1617285 -0.2537423 -0.9536118 -0.1616944 -0.2539283 -0.9536705 -0.1831964 -0.2386454 -0.9536524 -0.1832246 -0.238696 -0.9536307 -0.2033436 -0.2219009 -0.9536139 -0.2032958 -0.2220162 -0.9536347 -0.2218843 -0.2033427 -0.9536296 -0.2219055 -0.2033439 -0.9536339 -0.2387604 -0.1832375 -0.9536376 -0.2387573 -0.1832224 -0.9536241 -0.2538467 -0.1617493 -0.9536607 -0.2538524 -0.161525 -0.9536281 -0.2669638 -0.1390103 -0.9536506 -0.2669579 -0.1388673 -0.9536271 -0.2780605 -0.1152297 -0.9536164 -0.278066 -0.1153041 -0.9536449 -0.2870357 -0.09039926 -0.9536295 -0.2870312 -0.09057509 -0.9536267 -0.2938405 -0.06522214 -0.9536311 -0.2938396 -0.0651617 -0.9536371 -0.2983996 -0.03916829 -0.9536371 -0.2983848 -0.03927993 -0.9536373 -0.3006727 -0.01311373 -0.9536337 -0.3006815 -0.01317065 -0.9536321 -0.3006814 0.01328891 -0.9536404 -0.3006705 0.01293915 -0.9536365 -0.2983784 0.03934043 -0.953638 -0.2984117 0.03905248 -0.9536271 -0.2938393 0.06522172 -0.9536309 -0.2938404 0.06516224 -0.9536383 -0.2870557 0.09040552 -0.9536383 -0.2870049 0.09056681 -0.9536345 -0.2780389 0.1152205 -0.9536069 -0.2780939 0.1153163 -0.9536464 -0.2669835 0.1388471 -0.9536273 -0.2669286 0.1390831 -0.9536491 -0.2538598 0.1615819 -0.9536283 -0.2538334 0.1617463 -0.9536333 -0.2387624 0.183238 -0.953638 -0.2387561 0.1832214 -0.9536395 -0.221872 0.2033339 -0.9536233 -0.2219218 0.2033554 -0.9536249 -0.2033559 0.2219144 -0.9536218 -0.2032794 0.2219982 -0.953675 -0.183188 0.2386344 -0.9536467 -0.1832357 0.2387104 -0.9536114 -0.1617223 0.2539119 -0.9536694 -0.1617062 0.2537043 -0.9536212 -0.138978 0.2670056 -0.9536556 -0.1389736 0.2668848 -0.9536031 -0.1151646 0.2781696 -0.9536643 -0.1151726 0.2779566 -0.9536291 -0.09048753 0.2870603 -0.9536432 -0.09050595 0.2870079 -0.9536395 -0.06515705 0.2938134 -0.9536232 -0.06512933 0.2938728 -0.9536232 -0.0392813 0.2984289 -0.9536435 -0.03928875 0.2983635 -0.9536172 -0.0131244 0.3007358 -0.9536645 -0.01313328 0.3005855 -0.9762067 -0.02828419 -0.21499 -0.9762718 -0.04688209 -0.2114136 -0.9762584 -0.04689455 -0.2114722 -0.9762552 -0.06515282 -0.2065941 -0.9762629 -0.06511259 -0.20657 -0.9762608 -0.08290296 -0.2001051 -0.9761836 -0.0829178 -0.2004753 -0.9762771 -0.1000316 -0.192033 -0.9762569 -0.1000118 -0.1921465 -0.9762392 -0.1164022 -0.1827775 -0.9762682 -0.116439 -0.1825987 -0.9762804 -0.1318895 -0.1717026 -0.97621 -0.131832 -0.1721466 -0.976265 -0.1463449 -0.1596556 -0.9762381 -0.1463559 -0.1598097 -0.9762595 -0.1597435 -0.1462856 -0.976241 -0.1597501 -0.1464017 -0.9762454 -0.1718648 -0.1319376 -0.9762513 -0.1718601 -0.1319004 -0.976269 -0.1827226 -0.1162388 -0.9762463 -0.1827273 -0.1164219 -0.9762559 -0.1921353 -0.1000432 -0.9762373 -0.1921408 -0.1002137 -0.9762641 -0.2001609 -0.08272945 -0.9762437 -0.2001467 -0.0830034 -0.9762547 -0.2065944 -0.06515765 -0.9762378 -0.206588 -0.06543147 -0.9762625 -0.2115014 -0.04667657 -0.9762395 -0.2114954 -0.04718279 -0.9762542 -0.2147862 -0.02819126 -0.9762531 -0.2147842 -0.02824187 -0.9762523 -0.2164295 -0.009473979 -0.976252 -0.2164386 -0.009299397 -0.9762504 -0.2164383 0.009474277 -0.9762548 -0.2164262 0.009298861 -0.9762477 -0.2147853 0.02842211 -0.9762626 -0.2147861 0.02789783 -0.9762529 -0.2114953 0.04690665 -0.9762543 -0.2115034 0.04683989 -0.97624 -0.2065916 0.06538838 -0.9762593 -0.2065948 0.06508749 -0.9762444 -0.2001607 0.08296155 -0.9762738 -0.2001433 0.08265757 -0.9762572 -0.1921292 0.100041 -0.9762367 -0.192142 0.1002171 -0.976269 -0.1827244 0.1162365 -0.9762449 -0.1827327 0.1164253 -0.9762443 -0.1718699 0.1319388 -0.9762537 -0.1718472 0.1318987 -0.9762611 -0.1597363 0.1462823 -0.9762393 -0.1597557 0.1464069 -0.976267 -0.146337 0.1596509 -0.9762344 -0.146373 0.1598166 -0.976239 -0.1318916 0.1719365 -0.9762732 -0.1318182 0.1717983 -0.9762411 -0.1163976 0.1827702 -0.9762655 -0.1164459 0.1826096 -0.9762761 -0.1000337 0.192037 -0.9762583 -0.1000087 0.1921406 -0.9762165 -0.0828976 0.2003233 -0.9762495 -0.08292585 0.2001503 -0.9762544 -0.06514734 0.2065996 -0.9762641 -0.06512075 0.2065618 -0.9762243 -0.04687958 0.2116333 -0.9763291 -0.0468983 0.2111447 -0.9762195 -0.02828198 0.2149315 -0.9762783 -0.02829724 0.2146629 -0.97624 -0.009443819 0.2164861 -0.9762251 -0.009446203 0.2165539 -0.9914107 -0.005680024 -0.1306624 -0.9914254 -0.01706647 -0.1295549 -0.9914113 -0.01704436 -0.1296658 -0.991443 -0.02827614 -0.1274419 -0.9914126 -0.02829331 -0.1276739 -0.9914259 -0.03926974 -0.1246303 -0.9914738 -0.03929698 -0.1242403 -0.991403 -0.05000334 -0.1209123 -0.9914634 -0.05000215 -0.1204169 -0.9914312 -0.06031441 -0.1158726 -0.9914181 -0.06030941 -0.1159862 -0.9914393 -0.07022035 -0.1100786 -0.9913998 -0.0701906 -0.1104527 -0.9914321 -0.07951235 -0.1036351 -0.9914367 -0.0795148 -0.1035901 -0.9914337 -0.08827096 -0.09626817 -0.991416 -0.08828598 -0.09643679 -0.9914185 -0.09634274 -0.08836036 -0.9914314 -0.0963543 -0.08820325 -0.9914419 -0.1036412 -0.07938289 -0.9914042 -0.1035964 -0.07991045 -0.9914217 -0.1102039 -0.07027214 -0.9914392 -0.1102139 -0.07000845 -0.9914323 -0.1158844 -0.06027376 -0.9914429 -0.1159092 -0.06005102 -0.9914229 -0.1207033 -0.05011427 -0.9914256 -0.1206919 -0.05008858 -0.9914307 -0.1245942 -0.03926223 -0.9914356 -0.1246015 -0.03911417 -0.9914245 -0.1275542 -0.02841532 -0.9914309 -0.1275667 -0.02813786 -0.9914293 -0.1295282 -0.01704853 -0.9914272 -0.1295295 -0.01715517 -0.9914284 -0.1305282 -0.005683124 -0.9914299 -0.1305241 -0.005489647 -0.9914295 -0.1305195 0.005682826 -0.9914277 -0.1305415 0.005490243 -0.9914276 -0.1295403 0.0170499 -0.9914301 -0.1295081 0.0171523 -0.9914309 -0.1275433 0.02824127 -0.9914185 -0.1275858 0.02848464 -0.9914309 -0.1245926 0.03926175 -0.9914352 -0.1246048 0.03911525 -0.9914305 -0.1207117 0.04994446 -0.9914092 -0.1206856 0.05042684 -0.9914317 -0.1158898 0.06027233 -0.9914446 -0.1158931 0.06005382 -0.9914339 -0.1102045 0.0701003 -0.9914152 -0.1102128 0.07035082 -0.991414 -0.1036428 0.07972854 -0.9914586 -0.1036038 0.07922202 -0.9914181 -0.09634739 0.08835971 -0.9914311 -0.09635573 0.0882045 -0.991435 -0.08825832 0.09626615 -0.9914134 -0.08831113 0.09644085 -0.9914321 -0.07951205 0.1036347 -0.9914366 -0.07951545 0.1035909 -0.9914199 -0.07022136 0.1102525 -0.9914385 -0.07018858 0.1101065 -0.9914315 -0.06031328 0.1158704 -0.9914176 -0.06031155 0.1159904 -0.9914436 -0.05001682 0.1205744 -0.9913827 -0.04997533 0.12109 -0.9914262 -0.03926897 0.124628 -0.9914731 -0.03929841 0.1242449 -0.9914431 -0.02827602 0.1274412 -0.9914124 -0.0282936 0.1276752 -0.9914255 -0.01705586 0.1295558 -0.9914112 -0.01706552 0.1296639 -0.9914332 -0.005691766 0.1304911 -0.9914107 -0.005680024 0.1306623 0.9990455 -0.005702972 0.04330825 -0.9914332 -0.005694031 -0.130491 -0.9762248 -0.009446263 -0.2165545 -0.9762678 -0.02828216 -0.2147121 -0.9536445 -0.03929537 -0.2983592 -0.9536413 -0.06515359 -0.2938085 -0.9237596 -0.08290892 -0.3738908 -0.923739 -0.1151515 -0.3653033 -0.8868917 -0.1389518 -0.4405854 -0.8867329 -0.1768115 -0.4271328 -0.843254 -0.2057762 -0.4965672 -0.8431044 -0.24826 -0.4770137 -0.7931346 -0.2812866 -0.5401995 -0.793136 -0.3272909 -0.5136302 -0.7369388 -0.3631747 -0.5701099 -0.7369188 -0.4114644 -0.5363281 -0.6751943 -0.448966 -0.5852711 -0.6752718 -0.4983294 -0.5437608 -0.6083566 -0.5361505 -0.585188 -0.6083872 -0.58513 -0.536179 -0.5369082 -0.6219731 -0.5699818 -0.5368696 -0.6692386 -0.5137031 -0.4613811 -0.7038076 -0.5401689 -0.4614859 -0.7483584 -0.4764353 -0.3823109 -0.7792425 -0.496608 -0.3823553 -0.8196369 -0.4266145 -0.3004593 -0.8460689 -0.4403314 -0.3004385 -0.8811974 -0.365004 -0.216282 -0.9020052 -0.3736425 -0.2162929 -0.9311872 -0.2934417 -0.1303864 -0.9456054 -0.2980436 -0.1303805 -0.9679327 -0.2147262 -0.04357808 -0.9753318 -0.2164002 -0.04358023 -0.9905214 -0.1302616 0.04359591 -0.9905208 -0.1302615 0.04359525 -0.9980946 -0.04366534 0.1303754 -0.9905132 -0.04342603 0.1303766 -0.990523 0.04320049 0.2162731 -0.9754087 0.04247331 0.2162715 -0.9679808 0.1274357 0.300409 -0.9456536 0.1244741 0.3004053 -0.93118 0.2065445 0.3823498 -0.9020711 0.2001907 0.3823464 -0.8812125 0.2779853 0.4614117 -0.8460813 0.2669188 0.4614655 -0.8197201 0.3392763 0.5369136 -0.7793675 0.3229711 0.5369321 -0.7482708 0.3896087 0.6083685 -0.7039239 0.3665775 0.6084079 -0.6693696 0.4263615 0.6752089 -0.6220609 0.3964003 0.675327 -0.5852531 0.4487898 0.7369743 -0.5362858 0.41142 0.7369616 -0.4983528 0.4566532 0.7930386 -0.4490505 0.4116353 0.7930812 -0.4115349 0.4490671 0.8431716 -0.3632628 0.3963608 0.8431312 -0.3272774 0.4266372 0.8868928 -0.2813154 0.3664463 0.8867377 -0.2482785 0.3899413 0.9237746 -0.2058008 0.3229345 0.9237987 -0.1768657 0.33958 0.9536666 -0.1389787 0.2668427 0.9536026 -0.1151664 0.2781705 0.9762608 -0.08290296 0.2001052 0.9762629 -0.06511324 0.20657 0.9914259 -0.03926974 0.1246303 0.9914126 -0.02829229 0.1276739 0.9990458 -0.009438335 0.04264426 0.9990482 0 0.04362028 0.991445 0 0.1305263 0.991445 0 0.1305254 0.9762961 0 0.216439 0.9537171 0 0.3007056 0.9537171 0 0.3007054 0.9238795 0 0.3826836 0.9238796 0 0.3826833 0.8870106 0 0.4617493 0.8433923 0 0.5372986 0.8433916 0 0.5372993 0.7933523 0 0.608763 0.7933539 0 0.6087608 0.7372764 0 0.6755912 0.7372789 0 0.6755885 0.6755878 0 0.7372797 0.6755921 0 0.7372756 0.6087611 0 0.7933537 0.6087633 0 0.793352 0.5372974 0 0.8433929 0.5373005 0 0.8433909 0.4617453 0 0.8870126 0.4617496 0 0.8870104 0.3826814 0 0.9238803 0.3826869 0 0.9238782 0.3007051 0 0.9537172 0.3007071 0 0.9537166 0.21644 0 0.976296 0.2164397 0 0.976296 0.1305229 0 0.9914453 0.1305281 0 0.9914447 0.04362142 0 0.9990482 0.04361969 0 0.9990482 -0.04361969 0 0.9990482 -0.04362142 0 0.9990482 -0.1305263 0 0.9914448 -0.1305247 0 0.9914451 -0.2164382 0 0.9762963 -0.2164414 0 0.9762957 -0.3007051 0 0.9537172 -0.3007071 0 0.9537166 -0.3826844 0 0.9238792 -0.3826839 0 0.9238793 -0.4617467 0 0.8870118 -0.4617482 0 0.8870111 -0.5372974 0 0.8433929 -0.5373005 0 0.8433909 -0.60876 0 0.7933546 -0.6087644 0 0.7933512 -0.6755886 0 0.7372788 -0.6755912 0 0.7372764 -0.7372772 0 0.6755904 -0.7372781 0 0.6755894 -0.7933523 0 0.608763 -0.7933539 0 0.6087608 -0.8433916 0 0.5372993 -0.8433923 0 0.5372986 -0.8870106 0 0.4617493 -0.9238796 0 0.3826833 -0.9238795 0 0.3826836 -0.9537171 0 0.3007054 -0.9537171 0 0.3007056 -0.9762961 0 0.216439 -0.9914448 0 0.1305263 -0.991445 0 0.1305254 -0.9990482 0 0.04362028 -0.9990482 0 -0.04362028 -0.991445 0 -0.1305263 -0.991445 0 -0.1305254 -0.9762961 0 -0.216439 -0.9537171 0 -0.3007056 -0.9537171 0 -0.3007054 -0.9238795 0 -0.3826836 -0.9238796 0 -0.3826833 -0.8870106 0 -0.4617493 -0.8433923 0 -0.5372986 -0.8433916 0 -0.5372993 -0.7933523 0 -0.608763 -0.7933539 0 -0.6087608 -0.7372764 0 -0.6755912 -0.7372789 0 -0.6755885 -0.6755878 0 -0.7372797 -0.6755921 0 -0.7372756 -0.6087611 0 -0.7933537 -0.6087633 0 -0.793352 -0.5372974 0 -0.8433929 -0.5373005 0 -0.8433909 -0.4617453 0 -0.8870126 -0.4617496 0 -0.8870104 -0.3826814 0 -0.9238803 -0.3826869 0 -0.9238782 -0.3007051 0 -0.9537172 -0.3007071 0 -0.9537166 -0.21644 0 -0.976296 -0.2164397 0 -0.976296 -0.1305229 0 -0.9914453 -0.1305281 0 -0.9914447 -0.04362142 0 -0.9990482 -0.04361969 0 -0.9990482 0.04361969 0 -0.9990482 0.04362142 0 -0.9990482 0.1305263 0 -0.9914448 0.1305247 0 -0.9914451 0.2164382 0 -0.9762963 0.2164414 0 -0.9762957 0.3007051 0 -0.9537172 0.3007071 0 -0.9537166 0.3826844 0 -0.9238792 0.3826839 0 -0.9238793 0.4617467 0 -0.8870118 0.4617482 0 -0.8870111 0.5372974 0 -0.8433929 0.5373005 0 -0.8433909 0.60876 0 -0.7933546 0.6087644 0 -0.7933512 0.6755886 0 -0.7372788 0.6755912 0 -0.7372764 0.7372772 0 -0.6755904 0.7372781 0 -0.6755894 0.7933523 0 -0.608763 0.7933539 0 -0.6087608 0.8433916 0 -0.5372993 0.8433923 0 -0.5372986 0.8870106 0 -0.4617493 0.9238796 0 -0.3826833 0.9238795 0 -0.3826836 0.9537171 0 -0.3007054 0.9537171 0 -0.3007056 0.9762961 0 -0.216439 0.9914448 0 -0.1305263 0.991445 0 -0.1305254 0.9990482 0 -0.04362028 0.9990482 0 -0.04362028 -0.9990483 0 0.04361891 -0.9914449 0 0.1305265 -0.9914449 0 0.1305264 -0.976296 0 0.2164399 -0.976296 0 0.2164398 -0.9537171 0 0.3007057 -0.9537171 0 0.3007055 -0.9238797 0 0.3826831 -0.9238796 0 0.3826834 -0.8870106 0 0.4617492 -0.8870108 0 0.4617488 -0.8433913 0 0.5372998 -0.8433917 0 0.5372992 -0.7933536 0 0.6087612 -0.7933531 0 0.6087619 -0.7372777 0 0.6755898 -0.6755896 0 0.7372779 -0.6087617 0 0.7933531 -0.5372994 0 0.8433916 -0.461749 0 0.8870106 -0.3826832 0 0.9238797 -0.3007053 0 0.9537171 -0.3007066 0 0.9537168 -0.2164396 0 0.976296 -0.1305264 0 0.9914448 -0.04361855 0 0.9990483 -0.04361999 0 0.9990483 0.04361999 0 0.9990483 0.04361855 0 0.9990483 0.1305264 0 0.9914448 0.2164396 0 0.976296 0.3007066 0 0.9537168 0.3007053 0 0.9537171 0.3826832 0 0.9238797 0.461749 0 0.8870106 0.5372994 0 0.8433916 0.6087617 0 0.7933531 0.6755896 0 0.7372779 0.7372777 0 0.6755898 0.7933531 0 0.6087619 0.7933536 0 0.6087612 0.8433917 0 0.5372992 0.8433913 0 0.5372998 0.8870108 0 0.4617488 0.8870106 0 0.4617492 0.9238796 0 0.3826834 0.9238797 0 0.3826831 0.9537171 0 0.3007055 0.9537171 0 0.3007057 0.976296 0 0.2164398 0.976296 0 0.2164399 0.9914449 0 0.1305264 0.9914449 0 0.1305265 0.9990483 0 0.04361891 0.9990483 0 0.04361891 0.9990483 0 -0.04361891 0.9914449 0 -0.1305265 0.9914449 0 -0.1305264 0.976296 0 -0.2164399 0.976296 0 -0.2164398 0.9537171 0 -0.3007057 0.9537171 0 -0.3007055 0.9238797 0 -0.3826831 0.9238796 0 -0.3826834 0.8870106 0 -0.4617492 0.8870108 0 -0.4617488 0.8433913 0 -0.5372998 0.8433917 0 -0.5372992 0.7933536 0 -0.6087612 0.7933531 0 -0.6087619 0.7372777 0 -0.6755898 0.6755896 0 -0.7372779 0.6087617 0 -0.7933531 0.5372994 0 -0.8433916 0.461749 0 -0.8870106 0.3826832 0 -0.9238797 0.3007053 0 -0.9537171 0.3007066 0 -0.9537168 0.2164396 0 -0.976296 0.1305264 0 -0.9914448 0.04361855 0 -0.9990483 0.04361999 0 -0.9990483 -0.04361999 0 -0.9990483 -0.04361855 0 -0.9990483 -0.1305264 0 -0.9914448 -0.2164396 0 -0.976296 -0.3007066 0 -0.9537168 -0.3007053 0 -0.9537171 -0.3826832 0 -0.9238797 -0.461749 0 -0.8870106 -0.5372994 0 -0.8433916 -0.6087617 0 -0.7933531 -0.6755896 0 -0.7372779 -0.7372777 0 -0.6755898 -0.7933531 0 -0.6087619 -0.7933536 0 -0.6087612 -0.8433917 0 -0.5372992 -0.8433913 0 -0.5372998 -0.8870108 0 -0.4617488 -0.8870106 0 -0.4617492 -0.9238796 0 -0.3826834 -0.9238797 0 -0.3826831 -0.9537171 0 -0.3007055 -0.9537171 0 -0.3007057 -0.976296 0 -0.2164398 -0.976296 0 -0.2164399 -0.9914449 0 -0.1305264 -0.9914449 0 -0.1305265 -0.9990483 0 -0.04361891 0.9990483 0 0.04361921 0.991445 0 0.1305258 0.991445 0 0.1305258 0.9762961 0 0.2164395 0.953717 0 0.3007059 0.953717 0 0.300706 0.9238795 0 0.3826836 0.9238796 0 0.3826834 0.8870107 0 0.4617489 0.887011 0 0.4617485 0.8433912 0 0.5372999 0.8433915 0 0.5372995 0.7933534 0 0.6087614 0.7372769 0 0.6755908 0.7372774 0 0.6755902 0.6755902 0 0.7372775 0.6755907 0 0.7372769 0.6087611 0 0.7933536 0.5373011 0 0.8433907 0.5372996 0 0.8433915 0.4617491 0 0.8870107 0.4617474 0 0.8870115 0.3826851 0 0.9238789 0.3826816 0 0.9238804 0.3007085 0 0.9537162 0.3007047 0 0.9537174 0.2164406 0 0.9762958 0.2164387 0 0.9762963 0.1305254 0 0.991445 0.04361754 0 0.9990483 0.04362171 0 0.9990482 -0.04362171 0 0.9990482 -0.04361754 0 0.9990483 -0.1305254 0 0.991445 -0.2164387 0 0.9762963 -0.2164406 0 0.9762958 -0.3007047 0 0.9537174 -0.3007085 0 0.9537162 -0.3826816 0 0.9238804 -0.3826851 0 0.9238789 -0.4617474 0 0.8870115 -0.4617491 0 0.8870107 -0.5372996 0 0.8433915 -0.5373011 0 0.8433907 -0.6087611 0 0.7933536 -0.6755907 0 0.7372769 -0.6755902 0 0.7372775 -0.7372774 0 0.6755902 -0.7372769 0 0.6755908 -0.7933534 0 0.6087614 -0.8433915 0 0.5372995 -0.8433912 0 0.5372999 -0.887011 0 0.4617485 -0.8870107 0 0.4617489 -0.9238796 0 0.3826834 -0.9238795 0 0.3826836 -0.953717 0 0.300706 -0.953717 0 0.3007059 -0.9762961 0 0.2164395 -0.991445 0 0.1305258 -0.991445 0 0.1305258 -0.9990483 0 0.04361921 -0.9990483 0 -0.04361921 -0.991445 0 -0.1305258 -0.991445 0 -0.1305258 -0.9762961 0 -0.2164395 -0.953717 0 -0.3007059 -0.953717 0 -0.300706 -0.9238795 0 -0.3826836 -0.9238796 0 -0.3826834 -0.8870107 0 -0.4617489 -0.887011 0 -0.4617485 -0.8433912 0 -0.5372999 -0.8433915 0 -0.5372995 -0.7933534 0 -0.6087614 -0.7372769 0 -0.6755908 -0.7372774 0 -0.6755902 -0.6755902 0 -0.7372775 -0.6755907 0 -0.7372769 -0.6087611 0 -0.7933536 -0.5373011 0 -0.8433907 -0.5372996 0 -0.8433915 -0.4617491 0 -0.8870107 -0.4617474 0 -0.8870115 -0.3826851 0 -0.9238789 -0.3826816 0 -0.9238804 -0.3007085 0 -0.9537162 -0.3007047 0 -0.9537174 -0.2164406 0 -0.9762958 -0.2164387 0 -0.9762963 -0.1305254 0 -0.991445 -0.04361754 0 -0.9990483 -0.04362171 0 -0.9990482 0.04362171 0 -0.9990482 0.04361754 0 -0.9990483 0.1305254 0 -0.991445 0.2164387 0 -0.9762963 0.2164406 0 -0.9762958 0.3007047 0 -0.9537174 0.3007085 0 -0.9537162 0.3826816 0 -0.9238804 0.3826851 0 -0.9238789 0.4617474 0 -0.8870115 0.4617491 0 -0.8870107 0.5372996 0 -0.8433915 0.5373011 0 -0.8433907 0.6087611 0 -0.7933536 0.6755907 0 -0.7372769 0.6755902 0 -0.7372775 0.7372774 0 -0.6755902 0.7372769 0 -0.6755908 0.7933534 0 -0.6087614 0.8433915 0 -0.5372995 0.8433912 0 -0.5372999 0.887011 0 -0.4617485 0.8870107 0 -0.4617489 0.9238796 0 -0.3826834 0.9238795 0 -0.3826836 0.953717 0 -0.300706 0.953717 0 -0.3007059 0.9762961 0 -0.2164395 0.991445 0 -0.1305258 0.991445 0 -0.1305258 0.9990483 0 -0.04361921 0.9990483 0 -0.04361921 0.9990482 0 0.04362028 0.9914449 0 0.130526 0.9914449 0 0.130526 0.976296 0 0.2164395 0.976296 0 0.2164396 0.9537169 0 0.3007058 0.953717 0 0.3007056 0.9238795 0 0.3826836 0.9238796 0 0.3826834 0.887011 0 0.4617483 0.8870109 0 0.4617486 0.8433914 0 0.5372996 0.7933533 0 0.6087615 0.7933528 0 0.6087622 0.7372772 0 0.6755904 0.7372778 0 0.6755897 0.6755901 0 0.7372775 0.6755901 0 0.7372775 0.608762 0 0.7933531 0.6087611 0 0.7933537 0.5373003 0 0.843391 0.461748 0 0.8870112 0.461749 0 0.8870107 0.3826823 0 0.92388 0.3826845 0 0.9238792 0.3007062 0 0.9537169 0.3007062 0 0.9537169 0.2164381 0 0.9762964 0.2164406 0 0.9762958 0.1305254 0 0.9914451 0.04362225 0 0.9990481 0.04361963 0 0.9990482 -0.04361963 0 0.9990482 -0.04362225 0 0.9990481 -0.1305254 0 0.9914451 -0.2164406 0 0.9762959 -0.2164381 0 0.9762964 -0.3007062 0 0.9537169 -0.3007062 0 0.9537169 -0.3826845 0 0.9238791 -0.3826822 0 0.9238801 -0.461749 0 0.8870107 -0.461748 0 0.8870112 -0.5373003 0 0.843391 -0.6087611 0 0.7933537 -0.608762 0 0.7933531 -0.6755901 0 0.7372775 -0.6755901 0 0.7372775 -0.7372778 0 0.6755897 -0.7933529 0 0.6087621 -0.7933534 0 0.6087616 -0.8433914 0 0.5372996 -0.8870109 0 0.4617486 -0.887011 0 0.4617483 -0.9238796 0 0.3826833 -0.9238795 0 0.3826836 -0.953717 0 0.3007056 -0.9537169 0 0.3007058 -0.976296 0 0.2164396 -0.976296 0 0.2164395 -0.9914449 0 0.130526 -0.9914449 0 0.130526 -0.9990482 0 0.04362028 -0.9990482 0 -0.04362028 -0.9914449 0 -0.130526 -0.9914449 0 -0.130526 -0.976296 0 -0.2164395 -0.976296 0 -0.2164396 -0.9537169 0 -0.3007058 -0.953717 0 -0.3007056 -0.9238795 0 -0.3826836 -0.9238796 0 -0.3826834 -0.887011 0 -0.4617483 -0.8870109 0 -0.4617486 -0.8433914 0 -0.5372996 -0.7933533 0 -0.6087615 -0.7933528 0 -0.6087622 -0.7372772 0 -0.6755904 -0.7372778 0 -0.6755897 -0.6755901 0 -0.7372775 -0.6755901 0 -0.7372775 -0.608762 0 -0.7933531 -0.6087611 0 -0.7933537 -0.5373003 0 -0.843391 -0.461748 0 -0.8870112 -0.461749 0 -0.8870107 -0.3826823 0 -0.92388 -0.3826845 0 -0.9238792 -0.3007062 0 -0.9537169 -0.3007062 0 -0.9537169 -0.2164381 0 -0.9762964 -0.2164406 0 -0.9762958 -0.1305254 0 -0.9914451 -0.04362225 0 -0.9990481 -0.04361963 0 -0.9990482 0.04361963 0 -0.9990482 0.04362225 0 -0.9990481 0.1305254 0 -0.9914451 0.2164406 0 -0.9762959 0.2164381 0 -0.9762964 0.3007062 0 -0.9537169 0.3007062 0 -0.9537169 0.3826845 0 -0.9238791 0.3826822 0 -0.9238801 0.461749 0 -0.8870107 0.461748 0 -0.8870112 0.5373003 0 -0.843391 0.6087611 0 -0.7933537 0.608762 0 -0.7933531 0.6755901 0 -0.7372775 0.6755901 0 -0.7372775 0.7372778 0 -0.6755897 0.7933529 0 -0.6087621 0.7933534 0 -0.6087616 0.8433914 0 -0.5372996 0.8870109 0 -0.4617486 0.887011 0 -0.4617483 0.9238796 0 -0.3826833 0.9238795 0 -0.3826836 0.953717 0 -0.3007056 0.9537169 0 -0.3007058 0.976296 0 -0.2164396 0.976296 0 -0.2164395 0.9914449 0 -0.130526 0.9914449 0 -0.130526 0.9990482 0 -0.04362028</float_array>
          <technique_common>
            <accessor source="#front_controller_rod-mesh-normals-array" count="3291" stride="3">
              <param name="X" type="float"/>
              <param name="Y" type="float"/>
              <param name="Z" type="float"/>
            </accessor>
          </technique_common>
        </source>
        <vertices id="front_controller_rod-mesh-vertices">
          <input semantic="POSITION" source="#front_controller_rod-mesh-positions"/>
        </vertices>
        <triangles count="3888">
          <input semantic="VERTEX" source="#front_controller_rod-mesh-vertices" offset="0"/>
          <input semantic="NORMAL" source="#front_controller_rod-mesh-normals" offset="1"/>
          <p>0 0 1 0 2 0 1 0 3 0 2 0 2 0 3 0 4 0 3 0 5 0 4 0 4 0 5 0 6 0 5 0 7 0 6 0 6 0 7 0 8 0 7 0 9 0 8 0 8 1 9 1 10 1 9 0 11 0 10 0 10 0 11 0 12 0 11 0 13 0 12 0 12 2 13 2 14 2 13 3 15 3 14 3 14 0 15 0 16 0 15 0 17 0 16 0 16 0 17 0 18 0 17 3 19 3 18 3 18 4 19 4 20 4 19 0 21 0 20 0 20 5 21 5 22 5 21 0 23 0 22 0 22 0 23 0 24 0 23 6 25 6 24 6 24 0 25 0 26 0 25 7 27 7 26 7 26 8 27 8 28 8 27 9 29 9 28 9 28 0 29 0 30 0 29 10 31 10 30 10 30 0 31 0 32 0 31 0 33 0 32 0 32 11 33 11 34 11 33 0 35 0 34 0 34 12 35 12 36 12 35 0 37 0 36 0 36 13 37 13 38 13 37 14 39 14 38 14 38 15 39 15 40 15 39 0 41 0 40 0 40 0 41 0 42 0 41 0 43 0 42 0 42 16 43 16 44 16 43 17 45 17 44 17 44 18 45 18 46 18 45 0 47 0 46 0 46 0 47 0 48 0 47 0 49 0 48 0 48 18 49 18 50 18 49 0 51 0 50 0 50 19 51 19 52 19 51 0 53 0 52 0 52 20 53 20 54 20 53 21 55 21 54 21 54 20 55 20 56 20 55 0 57 0 56 0 56 0 57 0 58 0 57 0 59 0 58 0 58 0 59 0 60 0 59 0 61 0 60 0 60 0 61 0 62 0 61 0 63 0 62 0 62 0 63 0 64 0 63 0 65 0 64 0 64 0 65 0 66 0 65 0 67 0 66 0 66 0 67 0 68 0 67 0 69 0 68 0 68 0 69 0 70 0 69 0 71 0 70 0 70 2 71 2 72 2 71 22 73 22 72 22 72 0 73 0 74 0 73 0 75 0 74 0 74 0 75 0 76 0 75 0 77 0 76 0 76 0 77 0 78 0 77 0 79 0 78 0 78 0 79 0 80 0 79 0 81 0 80 0 80 23 81 23 82 23 81 0 83 0 82 0 82 0 83 0 84 0 83 0 85 0 84 0 84 24 85 24 86 24 85 17 87 17 86 17 86 0 87 0 88 0 87 0 89 0 88 0 88 0 89 0 90 0 89 17 91 17 90 17 90 5 91 5 92 5 91 0 93 0 92 0 92 4 93 4 94 4 93 0 95 0 94 0 94 0 95 0 96 0 95 25 97 25 96 25 96 0 97 0 98 0 97 26 99 26 98 26 98 27 99 27 100 27 99 28 101 28 100 28 100 0 101 0 102 0 101 29 103 29 102 29 102 0 103 0 104 0 103 0 105 0 104 0 104 15 105 15 106 15 105 0 107 0 106 0 106 30 107 30 108 30 107 0 109 0 108 0 108 31 109 31 110 31 109 32 111 32 110 32 110 11 111 11 112 11 111 0 113 0 112 0 112 0 113 0 114 0 113 0 115 0 114 0 114 33 115 33 116 33 115 3 117 3 116 3 116 34 117 34 118 34 117 0 119 0 118 0 118 0 119 0 120 0 119 0 121 0 120 0 120 34 121 34 122 34 121 0 123 0 122 0 122 35 123 35 124 35 123 0 125 0 124 0 124 36 125 36 126 36 125 37 127 37 126 37 126 36 127 36 128 36 127 0 129 0 128 0 128 0 129 0 130 0 129 0 131 0 130 0 130 0 131 0 132 0 131 0 133 0 132 0 132 0 133 0 134 0 133 0 135 0 134 0 134 0 135 0 136 0 135 0 137 0 136 0 136 0 137 0 138 0 137 0 139 0 138 0 138 0 139 0 140 0 139 0 141 0 140 0 140 0 141 0 142 0 141 0 143 0 142 0 142 24 143 24 0 24 143 38 1 38 0 38 144 39 145 39 146 39 145 39 147 39 146 39 146 40 147 40 148 40 147 39 149 39 148 39 148 41 149 41 150 41 149 39 151 39 150 39 150 42 151 42 152 42 151 39 153 39 152 39 152 39 153 39 154 39 153 43 155 43 154 43 154 44 155 44 156 44 155 45 157 45 156 45 156 39 157 39 158 39 157 45 159 45 158 45 158 39 159 39 160 39 159 39 161 39 160 39 160 46 161 46 162 46 161 39 163 39 162 39 162 39 163 39 164 39 163 39 165 39 164 39 164 39 165 39 166 39 165 47 167 47 166 47 166 39 167 39 168 39 167 48 169 48 168 48 168 39 169 39 170 39 169 49 171 49 170 49 170 39 171 39 172 39 171 39 173 39 172 39 172 50 173 50 174 50 173 51 175 51 174 51 174 52 175 52 176 52 175 39 177 39 176 39 176 53 177 53 178 53 177 39 179 39 178 39 178 39 179 39 180 39 179 39 181 39 180 39 180 39 181 39 182 39 181 39 183 39 182 39 182 39 183 39 184 39 183 39 185 39 184 39 184 54 185 54 186 54 185 39 187 39 186 39 186 39 187 39 188 39 187 43 189 43 188 43 188 55 189 55 190 55 189 39 191 39 190 39 190 39 191 39 192 39 191 56 193 56 192 56 192 39 193 39 194 39 193 39 195 39 194 39 194 39 195 39 196 39 195 39 197 39 196 39 196 57 197 57 198 57 197 58 199 58 198 58 198 39 199 39 200 39 199 39 201 39 200 39 200 39 201 39 202 39 201 39 203 39 202 39 202 39 203 39 204 39 203 39 205 39 204 39 204 39 205 39 206 39 205 39 207 39 206 39 206 39 207 39 208 39 207 39 209 39 208 39 208 39 209 39 210 39 209 39 211 39 210 39 210 39 211 39 212 39 211 59 213 59 212 59 212 39 213 39 214 39 213 39 215 39 214 39 214 39 215 39 216 39 215 58 217 58 216 58 216 39 217 39 218 39 217 39 219 39 218 39 218 60 219 60 220 60 219 39 221 39 220 39 220 42 221 42 222 42 221 39 223 39 222 39 222 41 223 41 224 41 223 39 225 39 224 39 224 39 225 39 226 39 225 58 227 58 226 58 226 61 227 61 228 61 227 62 229 62 228 62 228 39 229 39 230 39 229 62 231 62 230 62 230 39 231 39 232 39 231 39 233 39 232 39 232 55 233 55 234 55 233 39 235 39 234 39 234 39 235 39 236 39 235 39 237 39 236 39 236 39 237 39 238 39 237 49 239 49 238 49 238 39 239 39 240 39 239 63 241 63 240 63 240 39 241 39 242 39 241 47 243 47 242 47 242 39 243 39 244 39 243 39 245 39 244 39 244 64 245 64 246 64 245 65 247 65 246 65 246 66 247 66 248 66 247 39 249 39 248 39 248 67 249 67 250 67 249 39 251 39 250 39 250 39 251 39 252 39 251 39 253 39 252 39 252 39 253 39 254 39 253 39 255 39 254 39 254 39 255 39 256 39 255 39 257 39 256 39 256 68 257 68 258 68 257 39 259 39 258 39 258 39 259 39 260 39 259 58 261 58 260 58 260 46 261 46 262 46 261 39 263 39 262 39 262 39 263 39 264 39 263 59 265 59 264 59 264 39 265 39 266 39 265 39 267 39 266 39 266 39 267 39 268 39 267 39 269 39 268 39 268 69 269 69 270 69 269 43 271 43 270 43 270 39 271 39 272 39 271 39 273 39 272 39 272 39 273 39 274 39 273 39 275 39 274 39 274 39 275 39 276 39 275 39 277 39 276 39 276 39 277 39 278 39 277 39 279 39 278 39 278 39 279 39 280 39 279 39 281 39 280 39 280 39 281 39 282 39 281 39 283 39 282 39 282 39 283 39 284 39 283 56 285 56 284 56 284 39 285 39 286 39 285 39 287 39 286 39 286 39 287 39 144 39 287 43 145 43 144 43 288 39 289 39 290 39 289 39 291 39 290 39 290 39 291 39 292 39 291 39 293 39 292 39 292 39 293 39 294 39 293 39 295 39 294 39 294 39 295 39 296 39 295 39 297 39 296 39 296 39 297 39 298 39 297 39 299 39 298 39 298 39 299 39 300 39 299 39 301 39 300 39 300 39 301 39 302 39 301 39 303 39 302 39 302 39 303 39 304 39 303 39 305 39 304 39 304 39 305 39 306 39 305 39 307 39 306 39 306 39 307 39 308 39 307 39 309 39 308 39 308 39 309 39 310 39 309 39 311 39 310 39 310 39 311 39 312 39 311 39 313 39 312 39 312 39 313 39 314 39 313 39 315 39 314 39 314 39 315 39 316 39 315 39 317 39 316 39 316 39 317 39 318 39 317 39 319 39 318 39 318 39 319 39 320 39 319 39 321 39 320 39 320 39 321 39 322 39 321 39 323 39 322 39 322 39 323 39 324 39 323 39 325 39 324 39 324 39 325 39 326 39 325 39 327 39 326 39 326 39 327 39 328 39 327 39 329 39 328 39 328 39 329 39 330 39 329 39 331 39 330 39 330 39 331 39 332 39 331 39 333 39 332 39 332 39 333 39 334 39 333 39 335 39 334 39 334 39 335 39 336 39 335 39 337 39 336 39 336 39 337 39 338 39 337 39 339 39 338 39 338 39 339 39 340 39 339 39 341 39 340 39 340 39 341 39 342 39 341 39 343 39 342 39 342 39 343 39 344 39 343 39 345 39 344 39 344 39 345 39 346 39 345 39 347 39 346 39 346 39 347 39 348 39 347 39 349 39 348 39 348 39 349 39 350 39 349 39 351 39 350 39 350 39 351 39 352 39 351 39 353 39 352 39 352 39 353 39 354 39 353 39 355 39 354 39 354 39 355 39 356 39 355 39 357 39 356 39 356 39 357 39 358 39 357 39 359 39 358 39 358 39 359 39 360 39 359 39 361 39 360 39 360 39 361 39 362 39 361 39 363 39 362 39 362 39 363 39 364 39 363 39 365 39 364 39 364 39 365 39 366 39 365 39 367 39 366 39 366 39 367 39 368 39 367 39 369 39 368 39 368 39 369 39 370 39 369 39 371 39 370 39 370 39 371 39 372 39 371 39 373 39 372 39 372 39 373 39 374 39 373 39 375 39 374 39 374 39 375 39 376 39 375 39 377 39 376 39 376 39 377 39 378 39 377 39 379 39 378 39 378 39 379 39 380 39 379 39 381 39 380 39 380 39 381 39 382 39 381 39 383 39 382 39 382 39 383 39 384 39 383 39 385 39 384 39 384 39 385 39 386 39 385 39 387 39 386 39 386 39 387 39 388 39 387 39 389 39 388 39 388 39 389 39 390 39 389 39 391 39 390 39 390 39 391 39 392 39 391 39 393 39 392 39 392 39 393 39 394 39 393 39 395 39 394 39 394 39 395 39 396 39 395 39 397 39 396 39 396 39 397 39 398 39 397 39 399 39 398 39 398 39 399 39 400 39 399 39 401 39 400 39 400 39 401 39 402 39 401 39 403 39 402 39 402 39 403 39 404 39 403 39 405 39 404 39 404 39 405 39 406 39 405 39 407 39 406 39 406 39 407 39 408 39 407 39 409 39 408 39 408 39 409 39 410 39 409 39 411 39 410 39 410 39 411 39 412 39 411 39 413 39 412 39 412 39 413 39 414 39 413 39 415 39 414 39 414 39 415 39 416 39 415 39 417 39 416 39 416 39 417 39 418 39 417 39 419 39 418 39 418 39 419 39 420 39 419 39 421 39 420 39 420 39 421 39 422 39 421 39 423 39 422 39 422 39 423 39 424 39 423 39 425 39 424 39 424 39 425 39 426 39 425 39 427 39 426 39 426 39 427 39 428 39 427 39 429 39 428 39 428 39 429 39 430 39 429 39 431 39 430 39 430 39 431 39 288 39 431 39 289 39 288 39 432 0 433 0 434 0 433 0 435 0 434 0 434 70 435 70 436 70 437 0 438 0 434 0 438 0 439 0 434 0 434 71 439 71 432 71 440 72 441 72 434 72 441 0 442 0 434 0 434 73 442 73 437 73 443 0 444 0 434 0 444 74 445 74 434 74 434 75 445 75 440 75 446 0 447 0 434 0 447 0 448 0 434 0 434 76 448 76 443 76 449 0 450 0 434 0 450 0 451 0 434 0 434 0 451 0 446 0 452 0 453 0 434 0 453 77 454 77 434 77 434 0 454 0 449 0 455 78 456 78 434 78 456 0 457 0 434 0 434 79 457 79 452 79 458 0 459 0 434 0 459 0 460 0 434 0 434 80 460 80 455 80 461 81 462 81 434 81 462 0 463 0 434 0 434 82 463 82 458 82 464 0 465 0 434 0 465 0 466 0 434 0 434 83 466 83 461 83 467 0 468 0 434 0 468 0 469 0 434 0 434 84 469 84 464 84 470 0 471 0 434 0 471 0 472 0 434 0 434 85 472 85 467 85 473 0 474 0 434 0 474 0 475 0 434 0 434 86 475 86 470 86 476 87 477 87 434 87 477 0 478 0 434 0 434 88 478 88 473 88 479 0 480 0 434 0 480 89 481 89 434 89 434 90 481 90 476 90 482 0 483 0 434 0 483 0 484 0 434 0 434 91 484 91 479 91 485 0 486 0 434 0 486 0 487 0 434 0 434 0 487 0 482 0 488 0 489 0 434 0 489 92 490 92 434 92 434 0 490 0 485 0 491 93 492 93 434 93 492 0 493 0 434 0 434 94 493 94 488 94 494 0 495 0 434 0 495 0 496 0 434 0 434 95 496 95 491 95 497 96 498 96 434 96 498 0 499 0 434 0 434 97 499 97 494 97 500 0 501 0 434 0 501 0 502 0 434 0 434 98 502 98 497 98 436 0 503 0 434 0 503 0 504 0 434 0 434 99 504 99 500 99 505 79 506 79 507 79 506 100 508 100 507 100 507 101 508 101 509 101 508 0 510 0 509 0 509 0 510 0 511 0 510 0 512 0 511 0 511 0 512 0 513 0 512 0 514 0 513 0 513 102 514 102 515 102 514 0 516 0 515 0 515 0 516 0 517 0 516 0 518 0 517 0 517 0 518 0 519 0 518 0 520 0 519 0 519 0 520 0 521 0 520 0 522 0 521 0 521 0 522 0 523 0 522 103 524 103 523 103 523 0 524 0 525 0 524 104 526 104 525 104 525 0 526 0 527 0 526 105 528 105 527 105 527 0 528 0 529 0 528 106 530 106 529 106 529 0 530 0 531 0 530 107 532 107 531 107 531 0 532 0 533 0 532 0 534 0 533 0 533 0 534 0 535 0 534 108 536 108 535 108 535 0 536 0 537 0 536 0 538 0 537 0 537 0 538 0 539 0 538 109 540 109 539 109 539 0 540 0 541 0 540 0 542 0 541 0 541 0 542 0 543 0 542 0 544 0 543 0 543 0 544 0 545 0 544 100 546 100 545 100 545 0 546 0 547 0 546 0 548 0 547 0 547 110 548 110 549 110 548 111 550 111 549 111 549 0 550 0 551 0 550 112 552 112 551 112 551 0 552 0 553 0 552 0 554 0 553 0 553 0 554 0 555 0 554 0 556 0 555 0 555 113 556 113 557 113 556 114 558 114 557 114 557 0 558 0 559 0 558 115 560 115 559 115 559 0 560 0 561 0 560 116 562 116 561 116 561 0 562 0 563 0 562 117 564 117 563 117 563 0 564 0 565 0 564 118 566 118 565 118 565 119 566 119 567 119 566 120 568 120 567 120 567 0 568 0 569 0 568 0 570 0 569 0 569 121 570 121 571 121 570 0 572 0 571 0 571 0 572 0 573 0 572 0 574 0 573 0 573 122 574 122 575 122 574 0 576 0 575 0 575 123 576 123 577 123 576 124 578 124 577 124 577 94 578 94 579 94 578 124 580 124 579 124 579 125 580 125 581 125 580 0 582 0 581 0 581 0 582 0 583 0 582 0 584 0 583 0 583 0 584 0 585 0 584 0 586 0 585 0 585 126 586 126 587 126 586 0 588 0 587 0 587 0 588 0 589 0 588 0 590 0 589 0 589 0 590 0 591 0 590 0 592 0 591 0 591 0 592 0 593 0 592 0 594 0 593 0 593 0 594 0 595 0 594 127 596 127 595 127 595 0 596 0 597 0 596 128 598 128 597 128 597 0 598 0 599 0 598 129 600 129 599 129 599 0 600 0 601 0 600 130 602 130 601 130 601 0 602 0 603 0 602 131 604 131 603 131 603 0 604 0 605 0 604 0 606 0 605 0 605 0 606 0 607 0 606 132 608 132 607 132 607 0 608 0 609 0 608 0 610 0 609 0 609 0 610 0 611 0 610 133 612 133 611 133 611 0 612 0 613 0 612 0 614 0 613 0 613 0 614 0 615 0 614 0 616 0 615 0 615 0 616 0 617 0 616 124 618 124 617 124 617 0 618 0 619 0 618 0 620 0 619 0 619 134 620 134 621 134 620 135 622 135 621 135 621 0 622 0 623 0 622 136 624 136 623 136 623 0 624 0 625 0 624 0 626 0 625 0 625 0 626 0 627 0 626 0 628 0 627 0 627 137 628 137 629 137 628 138 630 138 629 138 629 0 630 0 631 0 630 117 632 117 631 117 631 0 632 0 633 0 632 139 634 139 633 139 633 0 634 0 635 0 634 115 636 115 635 115 635 0 636 0 637 0 636 140 638 140 637 140 637 141 638 141 639 141 638 142 640 142 639 142 639 0 640 0 641 0 640 0 642 0 641 0 641 143 642 143 643 143 642 0 644 0 643 0 643 0 644 0 645 0 644 0 646 0 645 0 645 144 646 144 647 144 646 0 648 0 647 0 647 145 648 145 505 145 648 100 506 100 505 100 277 146 63 146 279 146 63 147 61 147 279 147 279 147 61 147 281 147 61 148 59 148 281 148 281 148 59 148 283 148 59 149 57 149 283 149 283 149 57 149 285 149 57 150 55 150 285 150 285 151 55 151 287 151 55 152 53 152 287 152 287 153 53 153 145 153 53 154 51 154 145 154 145 155 51 155 147 155 51 156 49 156 147 156 147 157 49 157 149 157 49 158 47 158 149 158 149 159 47 159 151 159 47 160 45 160 151 160 151 161 45 161 153 161 45 162 43 162 153 162 153 163 43 163 155 163 43 164 41 164 155 164 155 165 41 165 157 165 41 166 39 166 157 166 157 167 39 167 159 167 39 168 37 168 159 168 159 169 37 169 161 169 37 170 35 170 161 170 161 171 35 171 163 171 35 172 33 172 163 172 163 173 33 173 165 173 33 174 31 174 165 174 165 175 31 175 167 175 31 176 29 176 167 176 167 177 29 177 169 177 29 178 27 178 169 178 169 179 27 179 171 179 27 180 25 180 171 180 171 181 25 181 173 181 25 182 23 182 173 182 173 183 23 183 175 183 23 184 21 184 175 184 175 185 21 185 177 185 21 186 19 186 177 186 177 187 19 187 179 187 19 188 17 188 179 188 179 189 17 189 181 189 17 190 15 190 181 190 181 191 15 191 183 191 15 192 13 192 183 192 183 193 13 193 185 193 13 194 11 194 185 194 185 195 11 195 187 195 11 196 9 196 187 196 187 197 9 197 189 197 9 198 7 198 189 198 189 199 7 199 191 199 7 200 5 200 191 200 191 201 5 201 193 201 5 202 3 202 193 202 193 203 3 203 195 203 3 204 1 204 195 204 195 205 1 205 197 205 1 206 143 206 197 206 197 206 143 206 199 206 143 207 141 207 199 207 199 207 141 207 201 207 141 208 139 208 201 208 201 208 139 208 203 208 139 209 137 209 203 209 203 210 137 210 205 210 137 211 135 211 205 211 205 212 135 212 207 212 135 213 133 213 207 213 207 213 133 213 209 213 133 214 131 214 209 214 209 214 131 214 211 214 131 215 129 215 211 215 211 215 129 215 213 215 129 216 127 216 213 216 213 217 127 217 215 217 127 218 125 218 215 218 215 219 125 219 217 219 125 220 123 220 217 220 217 221 123 221 219 221 123 222 121 222 219 222 219 223 121 223 221 223 121 224 119 224 221 224 221 225 119 225 223 225 119 226 117 226 223 226 223 227 117 227 225 227 117 228 115 228 225 228 225 229 115 229 227 229 115 230 113 230 227 230 227 231 113 231 229 231 113 232 111 232 229 232 229 233 111 233 231 233 111 234 109 234 231 234 231 235 109 235 233 235 109 236 107 236 233 236 233 237 107 237 235 237 107 238 105 238 235 238 235 239 105 239 237 239 105 240 103 240 237 240 237 241 103 241 239 241 103 242 101 242 239 242 239 243 101 243 241 243 101 244 99 244 241 244 241 245 99 245 243 245 99 246 97 246 243 246 243 247 97 247 245 247 97 248 95 248 245 248 245 249 95 249 247 249 95 250 93 250 247 250 247 251 93 251 249 251 93 252 91 252 249 252 249 253 91 253 251 253 91 254 89 254 251 254 251 255 89 255 253 255 89 256 87 256 253 256 253 257 87 257 255 257 87 258 85 258 255 258 255 259 85 259 257 259 85 260 83 260 257 260 257 261 83 261 259 261 83 262 81 262 259 262 259 263 81 263 261 263 81 264 79 264 261 264 261 265 79 265 263 265 79 266 77 266 263 266 263 267 77 267 265 267 77 268 75 268 265 268 265 269 75 269 267 269 75 270 73 270 267 270 267 271 73 271 269 271 73 272 71 272 269 272 269 272 71 272 271 272 71 273 69 273 271 273 271 273 69 273 273 273 69 274 67 274 273 274 273 274 67 274 275 274 67 275 65 275 275 275 275 276 65 276 277 276 65 277 63 277 277 277 649 278 650 278 651 278 649 279 651 279 652 279 653 280 652 280 651 280 654 281 653 281 651 281 655 282 654 282 651 282 656 283 655 283 651 283 657 284 656 284 651 284 658 285 657 285 651 285 659 286 658 286 651 286 660 287 659 287 651 287 661 288 660 288 651 288 662 289 661 289 651 289 663 290 662 290 651 290 664 291 663 291 651 291 665 292 664 292 651 292 666 293 665 293 651 293 667 294 666 294 651 294 668 295 667 295 651 295 669 296 668 296 651 296 670 297 669 297 651 297 671 298 670 298 651 298 672 299 671 299 651 299 673 300 672 300 651 300 674 301 673 301 651 301 675 302 674 302 651 302 676 303 675 303 651 303 677 304 676 304 651 304 678 305 677 305 651 305 679 306 678 306 651 306 680 307 679 307 651 307 681 308 680 308 651 308 682 309 681 309 651 309 683 310 682 310 651 310 684 311 683 311 651 311 685 312 684 312 651 312 686 313 685 313 651 313 687 314 688 314 689 314 690 315 691 315 692 315 689 316 688 316 690 316 693 317 690 317 688 317 693 318 688 318 694 318 688 319 687 319 694 319 694 320 687 320 695 320 696 321 690 321 693 321 697 322 698 322 699 322 698 323 692 323 699 323 699 324 692 324 700 324 692 325 691 325 700 325 700 326 691 326 701 326 696 327 693 327 702 327 693 328 694 328 702 328 702 329 694 329 703 329 694 330 695 330 703 330 703 331 695 331 704 331 705 332 690 332 696 332 706 333 697 333 707 333 697 334 699 334 707 334 707 335 699 335 708 335 699 336 700 336 708 336 708 337 700 337 709 337 700 338 701 338 709 338 709 339 701 339 710 339 705 340 696 340 711 340 696 341 702 341 711 341 711 342 702 342 712 342 702 343 703 343 712 343 712 344 703 344 713 344 703 345 704 345 713 345 713 346 704 346 714 346 715 347 690 347 705 347 716 348 706 348 717 348 706 349 707 349 717 349 717 350 707 350 718 350 707 351 708 351 718 351 718 352 708 352 719 352 708 353 709 353 719 353 719 354 709 354 720 354 709 355 710 355 720 355 720 356 710 356 721 356 715 357 705 357 722 357 705 358 711 358 722 358 722 359 711 359 723 359 711 360 712 360 723 360 723 361 712 361 724 361 712 362 713 362 724 362 724 363 713 363 725 363 713 364 714 364 725 364 725 365 714 365 726 365 727 366 690 366 715 366 728 367 716 367 729 367 716 368 717 368 729 368 729 369 717 369 730 369 717 370 718 370 730 370 730 371 718 371 731 371 718 372 719 372 731 372 731 373 719 373 732 373 719 374 720 374 732 374 732 375 720 375 733 375 720 376 721 376 733 376 733 377 721 377 734 377 727 378 715 378 735 378 715 379 722 379 735 379 735 380 722 380 736 380 722 381 723 381 736 381 736 382 723 382 737 382 723 383 724 383 737 383 737 384 724 384 738 384 724 385 725 385 738 385 738 386 725 386 739 386 725 387 726 387 739 387 739 388 726 388 740 388 741 389 690 389 727 389 742 390 728 390 743 390 728 391 729 391 743 391 743 392 729 392 744 392 729 393 730 393 744 393 744 394 730 394 745 394 730 395 731 395 745 395 745 396 731 396 746 396 731 397 732 397 746 397 746 398 732 398 747 398 732 399 733 399 747 399 747 400 733 400 748 400 733 401 734 401 748 401 748 402 734 402 749 402 741 403 727 403 750 403 727 404 735 404 750 404 750 405 735 405 751 405 735 406 736 406 751 406 751 407 736 407 752 407 736 408 737 408 752 408 752 409 737 409 753 409 737 410 738 410 753 410 753 411 738 411 754 411 738 412 739 412 754 412 754 413 739 413 755 413 739 414 740 414 755 414 755 415 740 415 756 415 757 416 690 416 741 416 758 417 742 417 759 417 742 418 743 418 759 418 759 419 743 419 760 419 743 420 744 420 760 420 760 421 744 421 761 421 744 422 745 422 761 422 761 423 745 423 762 423 745 424 746 424 762 424 762 425 746 425 763 425 746 426 747 426 763 426 763 427 747 427 764 427 747 428 748 428 764 428 764 429 748 429 765 429 748 430 749 430 765 430 765 431 749 431 766 431 757 432 741 432 767 432 741 433 750 433 767 433 767 434 750 434 768 434 750 435 751 435 768 435 768 436 751 436 769 436 751 437 752 437 769 437 769 438 752 438 770 438 752 439 753 439 770 439 770 440 753 440 771 440 753 441 754 441 771 441 771 442 754 442 772 442 754 443 755 443 772 443 772 444 755 444 773 444 755 445 756 445 773 445 773 446 756 446 774 446 775 447 690 447 757 447 776 448 758 448 777 448 758 449 759 449 777 449 777 450 759 450 778 450 759 451 760 451 778 451 778 452 760 452 779 452 760 453 761 453 779 453 779 454 761 454 780 454 761 455 762 455 780 455 780 456 762 456 781 456 762 457 763 457 781 457 781 458 763 458 782 458 763 459 764 459 782 459 782 460 764 460 783 460 764 461 765 461 783 461 783 462 765 462 784 462 765 463 766 463 784 463 784 464 766 464 785 464 775 465 757 465 786 465 757 466 767 466 786 466 786 467 767 467 787 467 767 468 768 468 787 468 787 469 768 469 788 469 768 470 769 470 788 470 788 471 769 471 789 471 769 472 770 472 789 472 789 473 770 473 790 473 770 474 771 474 790 474 790 475 771 475 791 475 771 476 772 476 791 476 791 477 772 477 792 477 772 478 773 478 792 478 792 479 773 479 793 479 773 480 774 480 793 480 793 481 774 481 794 481 795 482 690 482 775 482 796 483 776 483 797 483 776 484 777 484 797 484 797 485 777 485 798 485 777 486 778 486 798 486 798 487 778 487 799 487 778 488 779 488 799 488 799 489 779 489 800 489 779 490 780 490 800 490 800 491 780 491 801 491 780 492 781 492 801 492 801 493 781 493 802 493 781 494 782 494 802 494 802 495 782 495 803 495 782 496 783 496 803 496 803 497 783 497 804 497 783 498 784 498 804 498 804 499 784 499 805 499 784 500 785 500 805 500 805 501 785 501 806 501 795 502 775 502 807 502 775 503 786 503 807 503 807 504 786 504 808 504 786 505 787 505 808 505 808 506 787 506 809 506 787 507 788 507 809 507 809 508 788 508 810 508 788 509 789 509 810 509 810 510 789 510 811 510 789 511 790 511 811 511 811 512 790 512 812 512 790 513 791 513 812 513 812 514 791 514 813 514 791 515 792 515 813 515 813 516 792 516 814 516 792 517 793 517 814 517 814 518 793 518 815 518 793 519 794 519 815 519 815 520 794 520 816 520 817 521 690 521 795 521 818 522 796 522 819 522 796 523 797 523 819 523 819 524 797 524 820 524 797 525 798 525 820 525 820 526 798 526 821 526 798 527 799 527 821 527 821 528 799 528 822 528 799 529 800 529 822 529 822 530 800 530 823 530 800 531 801 531 823 531 823 532 801 532 824 532 801 533 802 533 824 533 824 534 802 534 825 534 802 535 803 535 825 535 825 536 803 536 826 536 803 537 804 537 826 537 826 538 804 538 827 538 804 539 805 539 827 539 827 540 805 540 828 540 805 541 806 541 828 541 828 542 806 542 829 542 817 543 795 543 830 543 795 544 807 544 830 544 830 545 807 545 831 545 807 546 808 546 831 546 831 547 808 547 832 547 808 548 809 548 832 548 832 549 809 549 833 549 809 550 810 550 833 550 833 551 810 551 834 551 810 552 811 552 834 552 834 553 811 553 835 553 811 554 812 554 835 554 835 555 812 555 836 555 812 556 813 556 836 556 836 557 813 557 837 557 813 558 814 558 837 558 837 559 814 559 838 559 814 560 815 560 838 560 838 561 815 561 839 561 815 562 816 562 839 562 839 563 816 563 840 563 841 564 690 564 817 564 842 565 818 565 843 565 818 566 819 566 843 566 843 567 819 567 844 567 819 568 820 568 844 568 844 569 820 569 845 569 820 570 821 570 845 570 845 571 821 571 846 571 821 572 822 572 846 572 846 573 822 573 847 573 822 574 823 574 847 574 847 575 823 575 848 575 823 576 824 576 848 576 848 577 824 577 849 577 824 578 825 578 849 578 849 579 825 579 850 579 825 580 826 580 850 580 850 581 826 581 851 581 826 582 827 582 851 582 851 583 827 583 852 583 827 584 828 584 852 584 852 585 828 585 853 585 828 586 829 586 853 586 853 587 829 587 854 587 841 588 817 588 855 588 817 589 830 589 855 589 855 590 830 590 856 590 830 591 831 591 856 591 856 592 831 592 857 592 831 593 832 593 857 593 857 594 832 594 858 594 832 595 833 595 858 595 858 596 833 596 859 596 833 597 834 597 859 597 859 598 834 598 860 598 834 599 835 599 860 599 860 600 835 600 861 600 835 601 836 601 861 601 861 602 836 602 862 602 836 603 837 603 862 603 862 604 837 604 863 604 837 605 838 605 863 605 863 606 838 606 864 606 838 607 839 607 864 607 864 608 839 608 865 608 839 609 840 609 865 609 865 610 840 610 866 610 867 611 690 611 841 611 868 612 842 612 869 612 842 613 843 613 869 613 869 614 843 614 870 614 843 615 844 615 870 615 870 616 844 616 871 616 844 617 845 617 871 617 871 618 845 618 872 618 845 619 846 619 872 619 872 620 846 620 873 620 846 621 847 621 873 621 873 622 847 622 874 622 847 623 848 623 874 623 874 624 848 624 875 624 848 625 849 625 875 625 875 626 849 626 876 626 849 627 850 627 876 627 876 628 850 628 877 628 850 629 851 629 877 629 877 630 851 630 878 630 851 631 852 631 878 631 878 632 852 632 879 632 852 633 853 633 879 633 879 634 853 634 880 634 853 635 854 635 880 635 880 636 854 636 881 636 867 637 841 637 882 637 841 638 855 638 882 638 882 639 855 639 883 639 855 640 856 640 883 640 883 641 856 641 884 641 856 642 857 642 884 642 884 643 857 643 885 643 857 644 858 644 885 644 885 645 858 645 886 645 858 646 859 646 886 646 886 647 859 647 887 647 859 648 860 648 887 648 887 649 860 649 888 649 860 650 861 650 888 650 888 651 861 651 889 651 861 652 862 652 889 652 889 653 862 653 890 653 862 654 863 654 890 654 890 655 863 655 891 655 863 656 864 656 891 656 891 657 864 657 892 657 864 658 865 658 892 658 892 659 865 659 893 659 865 660 866 660 893 660 893 661 866 661 894 661 895 662 690 662 867 662 896 663 868 663 897 663 868 664 869 664 897 664 897 665 869 665 898 665 869 666 870 666 898 666 898 667 870 667 899 667 870 668 871 668 899 668 899 669 871 669 900 669 871 670 872 670 900 670 900 671 872 671 901 671 872 672 873 672 901 672 901 673 873 673 902 673 873 674 874 674 902 674 902 675 874 675 903 675 874 676 875 676 903 676 903 677 875 677 904 677 875 678 876 678 904 678 904 679 876 679 905 679 876 680 877 680 905 680 905 681 877 681 906 681 877 682 878 682 906 682 906 683 878 683 907 683 878 684 879 684 907 684 907 685 879 685 908 685 879 686 880 686 908 686 908 687 880 687 909 687 880 688 881 688 909 688 909 689 881 689 910 689 895 690 867 690 911 690 867 691 882 691 911 691 911 692 882 692 912 692 882 693 883 693 912 693 912 694 883 694 913 694 883 695 884 695 913 695 913 696 884 696 914 696 884 697 885 697 914 697 914 698 885 698 915 698 885 699 886 699 915 699 915 700 886 700 916 700 886 701 887 701 916 701 916 702 887 702 917 702 887 703 888 703 917 703 917 704 888 704 918 704 888 705 889 705 918 705 918 706 889 706 919 706 889 707 890 707 919 707 919 708 890 708 920 708 890 709 891 709 920 709 920 710 891 710 921 710 891 711 892 711 921 711 921 712 892 712 922 712 892 713 893 713 922 713 922 714 893 714 923 714 893 715 894 715 923 715 923 716 894 716 924 716 925 717 690 717 895 717 926 718 896 718 927 718 896 719 897 719 927 719 927 720 897 720 928 720 897 721 898 721 928 721 928 722 898 722 929 722 898 723 899 723 929 723 929 724 899 724 930 724 899 725 900 725 930 725 930 726 900 726 931 726 900 727 901 727 931 727 931 728 901 728 932 728 901 729 902 729 932 729 932 730 902 730 933 730 902 731 903 731 933 731 933 732 903 732 934 732 903 733 904 733 934 733 934 734 904 734 935 734 904 735 905 735 935 735 935 736 905 736 936 736 905 737 906 737 936 737 936 738 906 738 937 738 906 739 907 739 937 739 937 740 907 740 938 740 907 741 908 741 938 741 938 742 908 742 939 742 908 743 909 743 939 743 939 744 909 744 940 744 909 745 910 745 940 745 940 746 910 746 941 746 925 747 895 747 942 747 895 748 911 748 942 748 942 749 911 749 943 749 911 750 912 750 943 750 943 751 912 751 944 751 912 752 913 752 944 752 944 753 913 753 945 753 913 754 914 754 945 754 945 755 914 755 946 755 914 756 915 756 946 756 946 757 915 757 947 757 915 758 916 758 947 758 947 759 916 759 948 759 916 760 917 760 948 760 948 761 917 761 949 761 917 762 918 762 949 762 949 763 918 763 950 763 918 764 919 764 950 764 950 765 919 765 951 765 919 766 920 766 951 766 951 767 920 767 952 767 920 768 921 768 952 768 952 769 921 769 953 769 921 770 922 770 953 770 953 771 922 771 954 771 922 772 923 772 954 772 954 773 923 773 955 773 923 774 924 774 955 774 955 775 924 775 956 775 957 776 690 776 925 776 958 777 926 777 959 777 926 778 927 778 959 778 959 779 927 779 960 779 927 780 928 780 960 780 960 781 928 781 961 781 928 782 929 782 961 782 961 783 929 783 962 783 929 784 930 784 962 784 962 785 930 785 963 785 930 786 931 786 963 786 963 787 931 787 964 787 931 788 932 788 964 788 964 789 932 789 965 789 932 790 933 790 965 790 965 791 933 791 966 791 933 792 934 792 966 792 966 793 934 793 967 793 934 794 935 794 967 794 967 795 935 795 968 795 935 796 936 796 968 796 968 797 936 797 969 797 936 798 937 798 969 798 969 799 937 799 970 799 937 800 938 800 970 800 970 801 938 801 971 801 938 802 939 802 971 802 971 803 939 803 972 803 939 804 940 804 972 804 972 805 940 805 973 805 940 806 941 806 973 806 973 807 941 807 974 807 957 808 925 808 975 808 925 809 942 809 975 809 975 810 942 810 976 810 942 811 943 811 976 811 976 812 943 812 977 812 943 813 944 813 977 813 977 814 944 814 978 814 944 815 945 815 978 815 978 816 945 816 979 816 945 817 946 817 979 817 979 818 946 818 980 818 946 819 947 819 980 819 980 820 947 820 981 820 947 821 948 821 981 821 981 822 948 822 982 822 948 823 949 823 982 823 982 824 949 824 983 824 949 825 950 825 983 825 983 826 950 826 984 826 950 827 951 827 984 827 984 828 951 828 985 828 951 829 952 829 985 829 985 830 952 830 986 830 952 831 953 831 986 831 986 832 953 832 987 832 953 833 954 833 987 833 987 834 954 834 988 834 954 835 955 835 988 835 988 836 955 836 989 836 955 837 956 837 989 837 989 838 956 838 990 838 991 839 690 839 957 839 992 840 958 840 993 840 958 841 959 841 993 841 993 842 959 842 994 842 959 843 960 843 994 843 994 844 960 844 995 844 960 845 961 845 995 845 995 846 961 846 996 846 961 847 962 847 996 847 996 848 962 848 997 848 962 849 963 849 997 849 997 850 963 850 998 850 963 851 964 851 998 851 998 852 964 852 999 852 964 853 965 853 999 853 999 854 965 854 1000 854 965 855 966 855 1000 855 1000 856 966 856 1001 856 966 857 967 857 1001 857 1001 858 967 858 1002 858 967 859 968 859 1002 859 1002 860 968 860 1003 860 968 861 969 861 1003 861 1003 862 969 862 1004 862 969 863 970 863 1004 863 1004 864 970 864 1005 864 970 865 971 865 1005 865 1005 866 971 866 1006 866 971 867 972 867 1006 867 1006 868 972 868 1007 868 972 869 973 869 1007 869 1007 870 973 870 1008 870 973 871 974 871 1008 871 1008 872 974 872 1009 872 991 873 957 873 1010 873 957 874 975 874 1010 874 1010 875 975 875 1011 875 975 876 976 876 1011 876 1011 877 976 877 1012 877 976 878 977 878 1012 878 1012 879 977 879 1013 879 977 880 978 880 1013 880 1013 881 978 881 1014 881 978 882 979 882 1014 882 1014 883 979 883 1015 883 979 884 980 884 1015 884 1015 885 980 885 1016 885 980 886 981 886 1016 886 1016 887 981 887 1017 887 981 888 982 888 1017 888 1017 889 982 889 1018 889 982 890 983 890 1018 890 1018 891 983 891 1019 891 983 892 984 892 1019 892 1019 893 984 893 1020 893 984 894 985 894 1020 894 1020 895 985 895 1021 895 985 896 986 896 1021 896 1021 897 986 897 1022 897 986 898 987 898 1022 898 1022 899 987 899 1023 899 987 900 988 900 1023 900 1023 901 988 901 1024 901 988 902 989 902 1024 902 1024 903 989 903 1025 903 989 904 990 904 1025 904 1025 905 990 905 1026 905 1027 906 690 906 991 906 1028 907 992 907 1029 907 992 908 993 908 1029 908 1029 909 993 909 1030 909 993 910 994 910 1030 910 1030 911 994 911 1031 911 994 912 995 912 1031 912 1031 913 995 913 1032 913 995 914 996 914 1032 914 1032 915 996 915 1033 915 996 916 997 916 1033 916 1033 917 997 917 1034 917 997 918 998 918 1034 918 1034 919 998 919 1035 919 998 920 999 920 1035 920 1035 921 999 921 1036 921 999 922 1000 922 1036 922 1036 923 1000 923 1037 923 1000 924 1001 924 1037 924 1037 925 1001 925 1038 925 1001 926 1002 926 1038 926 1038 927 1002 927 1039 927 1002 928 1003 928 1039 928 1039 929 1003 929 1040 929 1003 930 1004 930 1040 930 1040 931 1004 931 1041 931 1004 932 1005 932 1041 932 1041 933 1005 933 1042 933 1005 934 1006 934 1042 934 1042 935 1006 935 1043 935 1006 936 1007 936 1043 936 1043 937 1007 937 1044 937 1007 938 1008 938 1044 938 1044 939 1008 939 1045 939 1008 940 1009 940 1045 940 1045 941 1009 941 1046 941 1027 942 991 942 1047 942 991 943 1010 943 1047 943 1047 944 1010 944 1048 944 1010 945 1011 945 1048 945 1048 946 1011 946 1049 946 1011 947 1012 947 1049 947 1049 948 1012 948 1050 948 1012 949 1013 949 1050 949 1050 950 1013 950 1051 950 1013 951 1014 951 1051 951 1051 952 1014 952 1052 952 1014 953 1015 953 1052 953 1052 954 1015 954 1053 954 1015 955 1016 955 1053 955 1053 956 1016 956 1054 956 1016 957 1017 957 1054 957 1054 958 1017 958 1055 958 1017 959 1018 959 1055 959 1055 960 1018 960 1056 960 1018 961 1019 961 1056 961 1056 962 1019 962 1057 962 1019 963 1020 963 1057 963 1057 964 1020 964 1058 964 1020 965 1021 965 1058 965 1058 966 1021 966 1059 966 1021 967 1022 967 1059 967 1059 968 1022 968 1060 968 1022 969 1023 969 1060 969 1060 970 1023 970 1061 970 1023 971 1024 971 1061 971 1061 972 1024 972 1062 972 1024 973 1025 973 1062 973 1062 974 1025 974 1063 974 1025 975 1026 975 1063 975 1063 976 1026 976 1064 976 1065 977 690 977 1027 977 1066 978 1028 978 1067 978 1028 979 1029 979 1067 979 1067 980 1029 980 1068 980 1029 981 1030 981 1068 981 1068 982 1030 982 1069 982 1030 983 1031 983 1069 983 1069 984 1031 984 1070 984 1031 985 1032 985 1070 985 1070 986 1032 986 1071 986 1032 987 1033 987 1071 987 1071 988 1033 988 1072 988 1033 989 1034 989 1072 989 1072 990 1034 990 1073 990 1034 991 1035 991 1073 991 1073 992 1035 992 1074 992 1035 993 1036 993 1074 993 1074 994 1036 994 1075 994 1036 995 1037 995 1075 995 1075 996 1037 996 1076 996 1037 997 1038 997 1076 997 1076 998 1038 998 1077 998 1038 999 1039 999 1077 999 1077 1000 1039 1000 1078 1000 1039 1001 1040 1001 1078 1001 1078 1002 1040 1002 1079 1002 1040 1003 1041 1003 1079 1003 1079 1004 1041 1004 1080 1004 1041 1005 1042 1005 1080 1005 1080 1006 1042 1006 1081 1006 1042 1007 1043 1007 1081 1007 1081 1008 1043 1008 1082 1008 1043 1009 1044 1009 1082 1009 1082 1010 1044 1010 1083 1010 1044 1011 1045 1011 1083 1011 1083 1012 1045 1012 1084 1012 1045 1013 1046 1013 1084 1013 1084 1014 1046 1014 1085 1014 1065 1015 1027 1015 1086 1015 1027 1016 1047 1016 1086 1016 1086 1017 1047 1017 1087 1017 1047 1018 1048 1018 1087 1018 1087 1019 1048 1019 1088 1019 1048 1020 1049 1020 1088 1020 1088 1021 1049 1021 1089 1021 1049 1022 1050 1022 1089 1022 1089 1023 1050 1023 1090 1023 1050 1024 1051 1024 1090 1024 1090 1025 1051 1025 1091 1025 1051 1026 1052 1026 1091 1026 1091 1027 1052 1027 1092 1027 1052 1028 1053 1028 1092 1028 1092 1029 1053 1029 1093 1029 1053 1030 1054 1030 1093 1030 1093 1031 1054 1031 1094 1031 1054 1032 1055 1032 1094 1032 1094 1033 1055 1033 1095 1033 1055 1034 1056 1034 1095 1034 1095 1035 1056 1035 1096 1035 1056 1036 1057 1036 1096 1036 1096 1037 1057 1037 1097 1037 1057 1038 1058 1038 1097 1038 1097 1039 1058 1039 1098 1039 1058 1040 1059 1040 1098 1040 1098 1041 1059 1041 1099 1041 1059 1042 1060 1042 1099 1042 1099 1043 1060 1043 1100 1043 1060 1044 1061 1044 1100 1044 1100 1045 1061 1045 1101 1045 1061 1046 1062 1046 1101 1046 1101 1047 1062 1047 1102 1047 1062 1048 1063 1048 1102 1048 1102 1049 1063 1049 1103 1049 1063 1050 1064 1050 1103 1050 1103 1051 1064 1051 1104 1051 1105 1052 690 1052 1065 1052 1106 1053 1066 1053 1107 1053 1066 1054 1067 1054 1107 1054 1107 1055 1067 1055 1108 1055 1067 1056 1068 1056 1108 1056 1108 1057 1068 1057 1109 1057 1068 1058 1069 1058 1109 1058 1109 1059 1069 1059 1110 1059 1069 1060 1070 1060 1110 1060 1110 1061 1070 1061 1111 1061 1070 1062 1071 1062 1111 1062 1111 1063 1071 1063 1112 1063 1071 1064 1072 1064 1112 1064 1112 1065 1072 1065 1113 1065 1072 1066 1073 1066 1113 1066 1113 1067 1073 1067 1114 1067 1073 1068 1074 1068 1114 1068 1114 1069 1074 1069 1115 1069 1074 1070 1075 1070 1115 1070 1115 1071 1075 1071 1116 1071 1075 1072 1076 1072 1116 1072 1116 1073 1076 1073 1117 1073 1076 1074 1077 1074 1117 1074 1117 1075 1077 1075 1118 1075 1077 1076 1078 1076 1118 1076 1118 1077 1078 1077 1119 1077 1078 1078 1079 1078 1119 1078 1119 1079 1079 1079 1120 1079 1079 1080 1080 1080 1120 1080 1120 1081 1080 1081 1121 1081 1080 1082 1081 1082 1121 1082 1121 1083 1081 1083 1122 1083 1081 1084 1082 1084 1122 1084 1122 1085 1082 1085 1123 1085 1082 1086 1083 1086 1123 1086 1123 1087 1083 1087 1124 1087 1083 1088 1084 1088 1124 1088 1124 1089 1084 1089 1125 1089 1084 1090 1085 1090 1125 1090 1125 1091 1085 1091 1126 1091 1105 1092 1065 1092 1127 1092 1065 1093 1086 1093 1127 1093 1127 1094 1086 1094 1128 1094 1086 1095 1087 1095 1128 1095 1128 1096 1087 1096 1129 1096 1087 1097 1088 1097 1129 1097 1129 1098 1088 1098 1130 1098 1088 1099 1089 1099 1130 1099 1130 1100 1089 1100 1131 1100 1089 1101 1090 1101 1131 1101 1131 1102 1090 1102 1132 1102 1090 1103 1091 1103 1132 1103 1132 1104 1091 1104 1133 1104 1091 1105 1092 1105 1133 1105 1133 1106 1092 1106 1134 1106 1092 1107 1093 1107 1134 1107 1134 1108 1093 1108 1135 1108 1093 1109 1094 1109 1135 1109 1135 1110 1094 1110 1136 1110 1094 1111 1095 1111 1136 1111 1136 1112 1095 1112 1137 1112 1095 1113 1096 1113 1137 1113 1137 1114 1096 1114 1138 1114 1096 1115 1097 1115 1138 1115 1138 1116 1097 1116 1139 1116 1097 1117 1098 1117 1139 1117 1139 1118 1098 1118 1140 1118 1098 1119 1099 1119 1140 1119 1140 1120 1099 1120 1141 1120 1099 1121 1100 1121 1141 1121 1141 1122 1100 1122 1142 1122 1100 1123 1101 1123 1142 1123 1142 1124 1101 1124 1143 1124 1101 1125 1102 1125 1143 1125 1143 1126 1102 1126 1144 1126 1102 1127 1103 1127 1144 1127 1144 1128 1103 1128 1145 1128 1103 1129 1104 1129 1145 1129 1145 1130 1104 1130 1146 1130 1147 1131 690 1131 1105 1131 1148 1132 1106 1132 1149 1132 1106 1133 1107 1133 1149 1133 1149 1134 1107 1134 1150 1134 1107 1135 1108 1135 1150 1135 1150 1136 1108 1136 1151 1136 1108 1137 1109 1137 1151 1137 1151 1138 1109 1138 1152 1138 1109 1139 1110 1139 1152 1139 1152 1140 1110 1140 1153 1140 1110 1141 1111 1141 1153 1141 1153 1142 1111 1142 1154 1142 1111 1143 1112 1143 1154 1143 1154 1144 1112 1144 1155 1144 1112 1145 1113 1145 1155 1145 1155 1146 1113 1146 1156 1146 1113 1147 1114 1147 1156 1147 1156 1148 1114 1148 1157 1148 1114 1149 1115 1149 1157 1149 1157 1150 1115 1150 1158 1150 1115 1151 1116 1151 1158 1151 1158 1152 1116 1152 1159 1152 1116 1153 1117 1153 1159 1153 1159 1154 1117 1154 1160 1154 1117 1155 1118 1155 1160 1155 1160 1156 1118 1156 1161 1156 1118 1157 1119 1157 1161 1157 1161 1158 1119 1158 1162 1158 1119 1159 1120 1159 1162 1159 1162 1160 1120 1160 1163 1160 1120 1161 1121 1161 1163 1161 1163 1162 1121 1162 1164 1162 1121 1163 1122 1163 1164 1163 1164 1164 1122 1164 1165 1164 1122 1165 1123 1165 1165 1165 1165 1166 1123 1166 1166 1166 1123 1167 1124 1167 1166 1167 1166 1168 1124 1168 1167 1168 1124 1169 1125 1169 1167 1169 1167 1170 1125 1170 1168 1170 1125 1171 1126 1171 1168 1171 1168 1172 1126 1172 1169 1172 1147 1173 1105 1173 1170 1173 1105 1174 1127 1174 1170 1174 1170 1175 1127 1175 1171 1175 1127 1176 1128 1176 1171 1176 1171 1177 1128 1177 1172 1177 1128 1178 1129 1178 1172 1178 1172 1179 1129 1179 1173 1179 1129 1180 1130 1180 1173 1180 1173 1181 1130 1181 1174 1181 1130 1182 1131 1182 1174 1182 1174 1183 1131 1183 1175 1183 1131 1184 1132 1184 1175 1184 1175 1185 1132 1185 1176 1185 1132 1186 1133 1186 1176 1186 1176 1187 1133 1187 1177 1187 1133 1188 1134 1188 1177 1188 1177 1189 1134 1189 1178 1189 1134 1190 1135 1190 1178 1190 1178 1191 1135 1191 1179 1191 1135 1192 1136 1192 1179 1192 1179 1193 1136 1193 1180 1193 1136 1194 1137 1194 1180 1194 1180 1195 1137 1195 1181 1195 1137 1196 1138 1196 1181 1196 1181 1197 1138 1197 1182 1197 1138 1198 1139 1198 1182 1198 1182 1199 1139 1199 1183 1199 1139 1200 1140 1200 1183 1200 1183 1201 1140 1201 1184 1201 1140 1202 1141 1202 1184 1202 1184 1203 1141 1203 1185 1203 1141 1204 1142 1204 1185 1204 1185 1205 1142 1205 1186 1205 1142 1206 1143 1206 1186 1206 1186 1207 1143 1207 1187 1207 1143 1208 1144 1208 1187 1208 1187 1209 1144 1209 1188 1209 1144 1210 1145 1210 1188 1210 1188 1211 1145 1211 1189 1211 1145 1212 1146 1212 1189 1212 1189 1213 1146 1213 1190 1213 1191 1214 690 1214 1147 1214 1192 1215 1148 1215 1193 1215 1148 1216 1149 1216 1193 1216 1193 1217 1149 1217 1194 1217 1149 1218 1150 1218 1194 1218 1194 1219 1150 1219 1195 1219 1150 1220 1151 1220 1195 1220 1195 1221 1151 1221 1196 1221 1151 1222 1152 1222 1196 1222 1196 1223 1152 1223 1197 1223 1152 1224 1153 1224 1197 1224 1197 1225 1153 1225 1198 1225 1153 1226 1154 1226 1198 1226 1198 1227 1154 1227 1199 1227 1154 1228 1155 1228 1199 1228 1199 1229 1155 1229 1200 1229 1155 1230 1156 1230 1200 1230 1200 1231 1156 1231 1201 1231 1156 1232 1157 1232 1201 1232 1201 1233 1157 1233 1202 1233 1157 1234 1158 1234 1202 1234 1202 1235 1158 1235 1203 1235 1158 1236 1159 1236 1203 1236 1203 1237 1159 1237 1204 1237 1159 1238 1160 1238 1204 1238 1204 1239 1160 1239 1205 1239 1160 1240 1161 1240 1205 1240 1205 1241 1161 1241 1206 1241 1161 1242 1162 1242 1206 1242 1206 1243 1162 1243 1207 1243 1162 1244 1163 1244 1207 1244 1207 1245 1163 1245 1208 1245 1163 1246 1164 1246 1208 1246 1208 1247 1164 1247 1209 1247 1164 1248 1165 1248 1209 1248 1209 1249 1165 1249 1210 1249 1165 1250 1166 1250 1210 1250 1210 1251 1166 1251 1211 1251 1166 1252 1167 1252 1211 1252 1211 1253 1167 1253 1212 1253 1167 1254 1168 1254 1212 1254 1212 1255 1168 1255 1213 1255 1168 1256 1169 1256 1213 1256 1213 1257 1169 1257 1214 1257 1191 1258 1147 1258 1215 1258 1147 1259 1170 1259 1215 1259 1215 1260 1170 1260 1216 1260 1170 1261 1171 1261 1216 1261 1216 1262 1171 1262 1217 1262 1171 1263 1172 1263 1217 1263 1217 1264 1172 1264 1218 1264 1172 1265 1173 1265 1218 1265 1218 1266 1173 1266 1219 1266 1173 1267 1174 1267 1219 1267 1219 1268 1174 1268 1220 1268 1174 1269 1175 1269 1220 1269 1220 1270 1175 1270 1221 1270 1175 1271 1176 1271 1221 1271 1221 1272 1176 1272 1222 1272 1176 1273 1177 1273 1222 1273 1222 1274 1177 1274 1223 1274 1177 1275 1178 1275 1223 1275 1223 1276 1178 1276 1224 1276 1178 1277 1179 1277 1224 1277 1224 1278 1179 1278 1225 1278 1179 1279 1180 1279 1225 1279 1225 1280 1180 1280 1226 1280 1180 1281 1181 1281 1226 1281 1226 1282 1181 1282 1227 1282 1181 1283 1182 1283 1227 1283 1227 1284 1182 1284 1228 1284 1182 1285 1183 1285 1228 1285 1228 1286 1183 1286 1229 1286 1183 1287 1184 1287 1229 1287 1229 1288 1184 1288 1230 1288 1184 1289 1185 1289 1230 1289 1230 1290 1185 1290 1231 1290 1185 1291 1186 1291 1231 1291 1231 1292 1186 1292 1232 1292 1186 1293 1187 1293 1232 1293 1232 1294 1187 1294 1233 1294 1187 1295 1188 1295 1233 1295 1233 1296 1188 1296 1234 1296 1188 1297 1189 1297 1234 1297 1234 1298 1189 1298 1235 1298 1189 1299 1190 1299 1235 1299 1235 1300 1190 1300 1236 1300 1237 1301 690 1301 1191 1301 1238 1302 1192 1302 1239 1302 1192 1303 1193 1303 1239 1303 1239 1304 1193 1304 1240 1304 1193 1305 1194 1305 1240 1305 1240 1306 1194 1306 1241 1306 1194 1307 1195 1307 1241 1307 1241 1308 1195 1308 1242 1308 1195 1309 1196 1309 1242 1309 1242 1310 1196 1310 1243 1310 1196 1311 1197 1311 1243 1311 1243 1312 1197 1312 1244 1312 1197 1313 1198 1313 1244 1313 1244 1314 1198 1314 1245 1314 1198 1315 1199 1315 1245 1315 1245 1316 1199 1316 1246 1316 1199 1317 1200 1317 1246 1317 1246 1318 1200 1318 1247 1318 1200 1319 1201 1319 1247 1319 1247 1320 1201 1320 1248 1320 1201 1321 1202 1321 1248 1321 1248 1322 1202 1322 1249 1322 1202 1323 1203 1323 1249 1323 1249 1324 1203 1324 1250 1324 1203 1325 1204 1325 1250 1325 1250 1326 1204 1326 1251 1326 1204 1327 1205 1327 1251 1327 1251 1328 1205 1328 1252 1328 1205 1329 1206 1329 1252 1329 1252 1330 1206 1330 1253 1330 1206 1331 1207 1331 1253 1331 1253 1332 1207 1332 1254 1332 1207 1333 1208 1333 1254 1333 1254 1334 1208 1334 1255 1334 1208 1335 1209 1335 1255 1335 1255 1336 1209 1336 1256 1336 1209 1337 1210 1337 1256 1337 1256 1338 1210 1338 1257 1338 1210 1339 1211 1339 1257 1339 1257 1340 1211 1340 1258 1340 1211 1341 1212 1341 1258 1341 1258 1342 1212 1342 1259 1342 1212 1343 1213 1343 1259 1343 1259 1344 1213 1344 1260 1344 1213 1345 1214 1345 1260 1345 1260 1346 1214 1346 1261 1346 1237 1347 1191 1347 1262 1347 1191 1348 1215 1348 1262 1348 1262 1349 1215 1349 1263 1349 1215 1350 1216 1350 1263 1350 1263 1351 1216 1351 1264 1351 1216 1352 1217 1352 1264 1352 1264 1353 1217 1353 1265 1353 1217 1354 1218 1354 1265 1354 1265 1355 1218 1355 1266 1355 1218 1356 1219 1356 1266 1356 1266 1357 1219 1357 1267 1357 1219 1358 1220 1358 1267 1358 1267 1359 1220 1359 1268 1359 1220 1360 1221 1360 1268 1360 1268 1361 1221 1361 1269 1361 1221 1362 1222 1362 1269 1362 1269 1363 1222 1363 1270 1363 1222 1364 1223 1364 1270 1364 1270 1365 1223 1365 1271 1365 1223 1366 1224 1366 1271 1366 1271 1367 1224 1367 1272 1367 1224 1368 1225 1368 1272 1368 1272 1369 1225 1369 1273 1369 1225 1370 1226 1370 1273 1370 1273 1371 1226 1371 1274 1371 1226 1372 1227 1372 1274 1372 1274 1373 1227 1373 1275 1373 1227 1374 1228 1374 1275 1374 1275 1375 1228 1375 1276 1375 1228 1376 1229 1376 1276 1376 1276 1377 1229 1377 1277 1377 1229 1378 1230 1378 1277 1378 1277 1379 1230 1379 1278 1379 1230 1380 1231 1380 1278 1380 1278 1381 1231 1381 1279 1381 1231 1382 1232 1382 1279 1382 1279 1383 1232 1383 1280 1383 1232 1384 1233 1384 1280 1384 1280 1385 1233 1385 1281 1385 1233 1386 1234 1386 1281 1386 1281 1387 1234 1387 1282 1387 1234 1388 1235 1388 1282 1388 1282 1389 1235 1389 1283 1389 1235 1390 1236 1390 1283 1390 1283 1391 1236 1391 1284 1391 1285 1392 690 1392 1237 1392 1286 1393 1238 1393 1287 1393 1238 1394 1239 1394 1287 1394 1287 1395 1239 1395 1288 1395 1239 1396 1240 1396 1288 1396 1288 1397 1240 1397 1289 1397 1240 1398 1241 1398 1289 1398 1289 1399 1241 1399 1290 1399 1241 1400 1242 1400 1290 1400 1290 1401 1242 1401 1291 1401 1242 1402 1243 1402 1291 1402 1291 1403 1243 1403 1292 1403 1243 1404 1244 1404 1292 1404 1292 1405 1244 1405 1293 1405 1244 1406 1245 1406 1293 1406 1293 1407 1245 1407 1294 1407 1245 1408 1246 1408 1294 1408 1294 1409 1246 1409 1295 1409 1246 1410 1247 1410 1295 1410 1295 1411 1247 1411 1296 1411 1247 1412 1248 1412 1296 1412 1296 1413 1248 1413 1297 1413 1248 1414 1249 1414 1297 1414 1297 1415 1249 1415 1298 1415 1249 1416 1250 1416 1298 1416 1298 1417 1250 1417 1299 1417 1250 1418 1251 1418 1299 1418 1299 1419 1251 1419 1300 1419 1251 1420 1252 1420 1300 1420 1300 1421 1252 1421 1301 1421 1252 1422 1253 1422 1301 1422 1301 1423 1253 1423 1302 1423 1253 1424 1254 1424 1302 1424 1302 1425 1254 1425 1303 1425 1254 1426 1255 1426 1303 1426 1303 1427 1255 1427 1304 1427 1255 1428 1256 1428 1304 1428 1304 1429 1256 1429 1305 1429 1256 1430 1257 1430 1305 1430 1305 1431 1257 1431 1306 1431 1257 1432 1258 1432 1306 1432 1306 1433 1258 1433 1307 1433 1258 1434 1259 1434 1307 1434 1307 1435 1259 1435 1308 1435 1259 1436 1260 1436 1308 1436 1308 1437 1260 1437 1309 1437 1260 1438 1261 1438 1309 1438 1309 1439 1261 1439 1310 1439 1285 1440 1237 1440 1311 1440 1237 1441 1262 1441 1311 1441 1311 1442 1262 1442 1312 1442 1262 1443 1263 1443 1312 1443 1312 1444 1263 1444 1313 1444 1263 1445 1264 1445 1313 1445 1313 1446 1264 1446 1314 1446 1264 1447 1265 1447 1314 1447 1314 1448 1265 1448 1315 1448 1265 1449 1266 1449 1315 1449 1315 1450 1266 1450 1316 1450 1266 1451 1267 1451 1316 1451 1316 1452 1267 1452 1317 1452 1267 1453 1268 1453 1317 1453 1317 1454 1268 1454 1318 1454 1268 1455 1269 1455 1318 1455 1318 1456 1269 1456 1319 1456 1269 1457 1270 1457 1319 1457 1319 1458 1270 1458 1320 1458 1270 1459 1271 1459 1320 1459 1320 1460 1271 1460 1321 1460 1271 1461 1272 1461 1321 1461 1321 1462 1272 1462 1322 1462 1272 1463 1273 1463 1322 1463 1322 1464 1273 1464 1323 1464 1273 1465 1274 1465 1323 1465 1323 1466 1274 1466 1324 1466 1274 1467 1275 1467 1324 1467 1324 1468 1275 1468 1325 1468 1275 1469 1276 1469 1325 1469 1325 1470 1276 1470 1326 1470 1276 1471 1277 1471 1326 1471 1326 1472 1277 1472 1327 1472 1277 1473 1278 1473 1327 1473 1327 1474 1278 1474 1328 1474 1278 1475 1279 1475 1328 1475 1328 1476 1279 1476 1329 1476 1279 1477 1280 1477 1329 1477 1329 1478 1280 1478 1330 1478 1280 1479 1281 1479 1330 1479 1330 1480 1281 1480 1331 1480 1281 1481 1282 1481 1331 1481 1331 1482 1282 1482 1332 1482 1282 1483 1283 1483 1332 1483 1332 1484 1283 1484 1333 1484 1283 1485 1284 1485 1333 1485 1333 1486 1284 1486 1334 1486 1335 1487 690 1487 1285 1487 1336 1488 1286 1488 1337 1488 1286 1489 1287 1489 1337 1489 1337 1490 1287 1490 1338 1490 1287 1491 1288 1491 1338 1491 1338 1492 1288 1492 1339 1492 1288 1493 1289 1493 1339 1493 1339 1494 1289 1494 1340 1494 1289 1495 1290 1495 1340 1495 1340 1496 1290 1496 1341 1496 1290 1497 1291 1497 1341 1497 1341 1498 1291 1498 1342 1498 1291 1499 1292 1499 1342 1499 1342 1500 1292 1500 1343 1500 1292 1501 1293 1501 1343 1501 1343 1502 1293 1502 1344 1502 1293 1503 1294 1503 1344 1503 1344 1504 1294 1504 1345 1504 1294 1505 1295 1505 1345 1505 1345 1506 1295 1506 1346 1506 1295 1507 1296 1507 1346 1507 1346 1508 1296 1508 1347 1508 1296 1509 1297 1509 1347 1509 1347 1510 1297 1510 1348 1510 1297 1511 1298 1511 1348 1511 1348 1512 1298 1512 1349 1512 1298 1513 1299 1513 1349 1513 1349 1514 1299 1514 1350 1514 1299 1515 1300 1515 1350 1515 1350 1516 1300 1516 1351 1516 1300 1517 1301 1517 1351 1517 1351 1518 1301 1518 1352 1518 1301 1519 1302 1519 1352 1519 1352 1520 1302 1520 1353 1520 1302 1521 1303 1521 1353 1521 1353 1522 1303 1522 1354 1522 1303 1523 1304 1523 1354 1523 1354 1524 1304 1524 1355 1524 1304 1525 1305 1525 1355 1525 1355 1526 1305 1526 1356 1526 1305 1527 1306 1527 1356 1527 1356 1528 1306 1528 1357 1528 1306 1529 1307 1529 1357 1529 1357 1530 1307 1530 1358 1530 1307 1531 1308 1531 1358 1531 1358 1532 1308 1532 1359 1532 1308 1533 1309 1533 1359 1533 1359 1534 1309 1534 1360 1534 1309 1535 1310 1535 1360 1535 1360 1536 1310 1536 1361 1536 1335 1537 1285 1537 1362 1537 1285 1538 1311 1538 1362 1538 1362 1539 1311 1539 1363 1539 1311 1540 1312 1540 1363 1540 1363 1541 1312 1541 1364 1541 1312 1542 1313 1542 1364 1542 1364 1543 1313 1543 1365 1543 1313 1544 1314 1544 1365 1544 1365 1545 1314 1545 1366 1545 1314 1546 1315 1546 1366 1546 1366 1547 1315 1547 1367 1547 1315 1548 1316 1548 1367 1548 1367 1549 1316 1549 1368 1549 1316 1550 1317 1550 1368 1550 1368 1551 1317 1551 1369 1551 1317 1552 1318 1552 1369 1552 1369 1553 1318 1553 1370 1553 1318 1554 1319 1554 1370 1554 1370 1555 1319 1555 1371 1555 1319 1556 1320 1556 1371 1556 1371 1557 1320 1557 1372 1557 1320 1558 1321 1558 1372 1558 1372 1559 1321 1559 1373 1559 1321 1560 1322 1560 1373 1560 1373 1561 1322 1561 1374 1561 1322 1562 1323 1562 1374 1562 1374 1563 1323 1563 1375 1563 1323 1564 1324 1564 1375 1564 1375 1565 1324 1565 1376 1565 1324 1566 1325 1566 1376 1566 1376 1567 1325 1567 1377 1567 1325 1568 1326 1568 1377 1568 1377 1569 1326 1569 1378 1569 1326 1570 1327 1570 1378 1570 1378 1571 1327 1571 1379 1571 1327 1572 1328 1572 1379 1572 1379 1573 1328 1573 1380 1573 1328 1574 1329 1574 1380 1574 1380 1575 1329 1575 1381 1575 1329 1576 1330 1576 1381 1576 1381 1577 1330 1577 1382 1577 1330 1578 1331 1578 1382 1578 1382 1579 1331 1579 1383 1579 1331 1580 1332 1580 1383 1580 1383 1581 1332 1581 1384 1581 1332 1582 1333 1582 1384 1582 1384 1583 1333 1583 1385 1583 1333 1584 1334 1584 1385 1584 1385 1585 1334 1585 1386 1585 1387 1586 690 1586 1335 1586 1388 1587 1336 1587 1389 1587 1336 1588 1337 1588 1389 1588 1389 1589 1337 1589 1390 1589 1337 1590 1338 1590 1390 1590 1390 1591 1338 1591 1391 1591 1338 1592 1339 1592 1391 1592 1391 1593 1339 1593 1392 1593 1339 1594 1340 1594 1392 1594 1392 1595 1340 1595 1393 1595 1340 1596 1341 1596 1393 1596 1393 1597 1341 1597 1394 1597 1341 1598 1342 1598 1394 1598 1394 1599 1342 1599 1395 1599 1342 1600 1343 1600 1395 1600 1395 1601 1343 1601 1396 1601 1343 1602 1344 1602 1396 1602 1396 1603 1344 1603 1397 1603 1344 1604 1345 1604 1397 1604 1397 1605 1345 1605 1398 1605 1345 1606 1346 1606 1398 1606 1398 1607 1346 1607 1399 1607 1346 1608 1347 1608 1399 1608 1399 1609 1347 1609 1400 1609 1347 1610 1348 1610 1400 1610 1400 1611 1348 1611 1401 1611 1348 1612 1349 1612 1401 1612 1401 1613 1349 1613 1402 1613 1349 1614 1350 1614 1402 1614 1402 1615 1350 1615 1403 1615 1350 1616 1351 1616 1403 1616 1403 1617 1351 1617 1404 1617 1351 1618 1352 1618 1404 1618 1404 1619 1352 1619 1405 1619 1352 1620 1353 1620 1405 1620 1405 1621 1353 1621 1406 1621 1353 1622 1354 1622 1406 1622 1406 1623 1354 1623 1407 1623 1354 1624 1355 1624 1407 1624 1407 1625 1355 1625 1408 1625 1355 1626 1356 1626 1408 1626 1408 1627 1356 1627 1409 1627 1356 1628 1357 1628 1409 1628 1409 1629 1357 1629 1410 1629 1357 1630 1358 1630 1410 1630 1410 1631 1358 1631 1411 1631 1358 1632 1359 1632 1411 1632 1411 1633 1359 1633 1412 1633 1359 1634 1360 1634 1412 1634 1412 1635 1360 1635 1413 1635 1360 1636 1361 1636 1413 1636 1413 1637 1361 1637 1414 1637 1387 1638 1335 1638 1415 1638 1335 1639 1362 1639 1415 1639 1415 1640 1362 1640 1416 1640 1362 1641 1363 1641 1416 1641 1416 1642 1363 1642 1417 1642 1363 1643 1364 1643 1417 1643 1417 1644 1364 1644 1418 1644 1364 1645 1365 1645 1418 1645 1418 1646 1365 1646 1419 1646 1365 1647 1366 1647 1419 1647 1419 1648 1366 1648 1420 1648 1366 1649 1367 1649 1420 1649 1420 1650 1367 1650 1421 1650 1367 1651 1368 1651 1421 1651 1421 1652 1368 1652 1422 1652 1368 1653 1369 1653 1422 1653 1422 1654 1369 1654 1423 1654 1369 1655 1370 1655 1423 1655 1423 1656 1370 1656 1424 1656 1370 1657 1371 1657 1424 1657 1424 1658 1371 1658 1425 1658 1371 1659 1372 1659 1425 1659 1425 1660 1372 1660 1426 1660 1372 1661 1373 1661 1426 1661 1426 1662 1373 1662 1427 1662 1373 1663 1374 1663 1427 1663 1427 1664 1374 1664 1428 1664 1374 1665 1375 1665 1428 1665 1428 1666 1375 1666 1429 1666 1375 1667 1376 1667 1429 1667 1429 1668 1376 1668 1430 1668 1376 1669 1377 1669 1430 1669 1430 1670 1377 1670 1431 1670 1377 1671 1378 1671 1431 1671 1431 1672 1378 1672 1432 1672 1378 1673 1379 1673 1432 1673 1432 1674 1379 1674 1433 1674 1379 1675 1380 1675 1433 1675 1433 1676 1380 1676 1434 1676 1380 1677 1381 1677 1434 1677 1434 1678 1381 1678 1435 1678 1381 1679 1382 1679 1435 1679 1435 1680 1382 1680 1436 1680 1382 1681 1383 1681 1436 1681 1436 1682 1383 1682 1437 1682 1383 1683 1384 1683 1437 1683 1437 1684 1384 1684 1438 1684 1384 1685 1385 1685 1438 1685 1438 1686 1385 1686 1439 1686 1385 1687 1386 1687 1439 1687 1439 1688 1386 1688 1440 1688 1441 1689 690 1689 1387 1689 1442 1690 1388 1690 1443 1690 1388 1691 1389 1691 1443 1691 1443 1692 1389 1692 1444 1692 1389 1693 1390 1693 1444 1693 1444 1694 1390 1694 1445 1694 1390 1695 1391 1695 1445 1695 1445 1696 1391 1696 1446 1696 1391 1697 1392 1697 1446 1697 1446 1698 1392 1698 1447 1698 1392 1699 1393 1699 1447 1699 1447 1700 1393 1700 1448 1700 1393 1701 1394 1701 1448 1701 1448 1702 1394 1702 1449 1702 1394 1703 1395 1703 1449 1703 1449 1704 1395 1704 1450 1704 1395 1705 1396 1705 1450 1705 1450 1706 1396 1706 1451 1706 1396 1707 1397 1707 1451 1707 1451 1708 1397 1708 1452 1708 1397 1709 1398 1709 1452 1709 1452 1710 1398 1710 1453 1710 1398 1711 1399 1711 1453 1711 1453 1712 1399 1712 1454 1712 1399 1713 1400 1713 1454 1713 1454 1714 1400 1714 1455 1714 1400 1715 1401 1715 1455 1715 1455 1716 1401 1716 1456 1716 1401 1717 1402 1717 1456 1717 1456 1718 1402 1718 1457 1718 1402 1719 1403 1719 1457 1719 1457 1720 1403 1720 1458 1720 1403 1721 1404 1721 1458 1721 1458 1722 1404 1722 1459 1722 1404 1723 1405 1723 1459 1723 1459 1724 1405 1724 1460 1724 1405 1725 1406 1725 1460 1725 1460 1726 1406 1726 1461 1726 1406 1727 1407 1727 1461 1727 1461 1728 1407 1728 1462 1728 1407 1729 1408 1729 1462 1729 1462 1730 1408 1730 1463 1730 1408 1731 1409 1731 1463 1731 1463 1732 1409 1732 1464 1732 1409 1733 1410 1733 1464 1733 1464 1734 1410 1734 1465 1734 1410 1735 1411 1735 1465 1735 1465 1736 1411 1736 1466 1736 1411 1737 1412 1737 1466 1737 1466 1738 1412 1738 1467 1738 1412 1739 1413 1739 1467 1739 1467 1740 1413 1740 1468 1740 1413 1741 1414 1741 1468 1741 1468 1742 1414 1742 1469 1742 1441 1743 1387 1743 1470 1743 1387 1744 1415 1744 1470 1744 1470 1745 1415 1745 1471 1745 1415 1746 1416 1746 1471 1746 1471 1747 1416 1747 1472 1747 1416 1748 1417 1748 1472 1748 1472 1749 1417 1749 1473 1749 1417 1750 1418 1750 1473 1750 1473 1751 1418 1751 1474 1751 1418 1752 1419 1752 1474 1752 1474 1753 1419 1753 1475 1753 1419 1754 1420 1754 1475 1754 1475 1755 1420 1755 1476 1755 1420 1756 1421 1756 1476 1756 1476 1757 1421 1757 1477 1757 1421 1758 1422 1758 1477 1758 1477 1759 1422 1759 1478 1759 1422 1760 1423 1760 1478 1760 1478 1761 1423 1761 1479 1761 1423 1762 1424 1762 1479 1762 1479 1763 1424 1763 1480 1763 1424 1764 1425 1764 1480 1764 1480 1765 1425 1765 1481 1765 1425 1766 1426 1766 1481 1766 1481 1767 1426 1767 1482 1767 1426 1768 1427 1768 1482 1768 1482 1769 1427 1769 1483 1769 1427 1770 1428 1770 1483 1770 1483 1771 1428 1771 1484 1771 1428 1772 1429 1772 1484 1772 1484 1773 1429 1773 1485 1773 1429 1774 1430 1774 1485 1774 1485 1775 1430 1775 1486 1775 1430 1776 1431 1776 1486 1776 1486 1777 1431 1777 1487 1777 1431 1778 1432 1778 1487 1778 1487 1779 1432 1779 1488 1779 1432 1780 1433 1780 1488 1780 1488 1781 1433 1781 1489 1781 1433 1782 1434 1782 1489 1782 1489 1783 1434 1783 1490 1783 1434 1784 1435 1784 1490 1784 1490 1785 1435 1785 1491 1785 1435 1786 1436 1786 1491 1786 1491 1787 1436 1787 1492 1787 1436 1788 1437 1788 1492 1788 1492 1789 1437 1789 1493 1789 1437 1790 1438 1790 1493 1790 1493 1791 1438 1791 1494 1791 1438 1792 1439 1792 1494 1792 1494 1793 1439 1793 1495 1793 1439 1794 1440 1794 1495 1794 1495 1795 1440 1795 1496 1795 1497 1796 690 1796 1441 1796 1498 1797 1442 1797 1499 1797 1442 1798 1443 1798 1499 1798 1499 1799 1443 1799 1500 1799 1443 1800 1444 1800 1500 1800 1500 1801 1444 1801 1501 1801 1444 1802 1445 1802 1501 1802 1501 1803 1445 1803 1502 1803 1445 1804 1446 1804 1502 1804 1502 1805 1446 1805 1503 1805 1446 1806 1447 1806 1503 1806 1503 1807 1447 1807 1504 1807 1447 1808 1448 1808 1504 1808 1504 1809 1448 1809 1505 1809 1448 1810 1449 1810 1505 1810 1505 1811 1449 1811 1506 1811 1449 1812 1450 1812 1506 1812 1506 1813 1450 1813 1507 1813 1450 1814 1451 1814 1507 1814 1507 1815 1451 1815 1508 1815 1451 1816 1452 1816 1508 1816 1508 1817 1452 1817 1509 1817 1452 1818 1453 1818 1509 1818 1509 1819 1453 1819 1510 1819 1453 1820 1454 1820 1510 1820 1510 1821 1454 1821 1511 1821 1454 1822 1455 1822 1511 1822 1511 1823 1455 1823 1512 1823 1455 1824 1456 1824 1512 1824 1512 1825 1456 1825 1513 1825 1456 1826 1457 1826 1513 1826 1513 1827 1457 1827 1514 1827 1457 1828 1458 1828 1514 1828 1514 1829 1458 1829 1515 1829 1458 1830 1459 1830 1515 1830 1515 1831 1459 1831 1516 1831 1459 1832 1460 1832 1516 1832 1516 1833 1460 1833 1517 1833 1460 1834 1461 1834 1517 1834 1517 1835 1461 1835 1518 1835 1461 1836 1462 1836 1518 1836 1518 1837 1462 1837 1519 1837 1462 1838 1463 1838 1519 1838 1519 1839 1463 1839 1520 1839 1463 1840 1464 1840 1520 1840 1520 1841 1464 1841 1521 1841 1464 1842 1465 1842 1521 1842 1521 1843 1465 1843 1522 1843 1465 1844 1466 1844 1522 1844 1522 1845 1466 1845 1523 1845 1466 1846 1467 1846 1523 1846 1523 1847 1467 1847 1524 1847 1467 1848 1468 1848 1524 1848 1524 1849 1468 1849 1525 1849 1468 1850 1469 1850 1525 1850 1525 1851 1469 1851 1526 1851 1497 1852 1441 1852 1527 1852 1441 1853 1470 1853 1527 1853 1527 1854 1470 1854 1528 1854 1470 1855 1471 1855 1528 1855 1528 1856 1471 1856 1529 1856 1471 1857 1472 1857 1529 1857 1529 1858 1472 1858 1530 1858 1472 1859 1473 1859 1530 1859 1530 1860 1473 1860 1531 1860 1473 1861 1474 1861 1531 1861 1531 1862 1474 1862 1532 1862 1474 1863 1475 1863 1532 1863 1532 1864 1475 1864 1533 1864 1475 1865 1476 1865 1533 1865 1533 1866 1476 1866 1534 1866 1476 1867 1477 1867 1534 1867 1534 1868 1477 1868 1535 1868 1477 1869 1478 1869 1535 1869 1535 1870 1478 1870 1536 1870 1478 1871 1479 1871 1536 1871 1536 1872 1479 1872 1537 1872 1479 1873 1480 1873 1537 1873 1537 1874 1480 1874 1538 1874 1480 1875 1481 1875 1538 1875 1538 1876 1481 1876 1539 1876 1481 1877 1482 1877 1539 1877 1539 1878 1482 1878 1540 1878 1482 1879 1483 1879 1540 1879 1540 1880 1483 1880 1541 1880 1483 1881 1484 1881 1541 1881 1541 1882 1484 1882 1542 1882 1484 1883 1485 1883 1542 1883 1542 1884 1485 1884 1543 1884 1485 1885 1486 1885 1543 1885 1543 1886 1486 1886 1544 1886 1486 1887 1487 1887 1544 1887 1544 1888 1487 1888 1545 1888 1487 1889 1488 1889 1545 1889 1545 1890 1488 1890 1546 1890 1488 1891 1489 1891 1546 1891 1546 1892 1489 1892 1547 1892 1489 1893 1490 1893 1547 1893 1547 1894 1490 1894 1548 1894 1490 1895 1491 1895 1548 1895 1548 1896 1491 1896 1549 1896 1491 1897 1492 1897 1549 1897 1549 1898 1492 1898 1550 1898 1492 1899 1493 1899 1550 1899 1550 1900 1493 1900 1551 1900 1493 1901 1494 1901 1551 1901 1551 1902 1494 1902 1552 1902 1494 1903 1495 1903 1552 1903 1552 1904 1495 1904 1553 1904 1495 1905 1496 1905 1553 1905 1553 1906 1496 1906 1554 1906 1555 1907 690 1907 1497 1907 1556 1908 1498 1908 1557 1908 1498 1909 1499 1909 1557 1909 1557 1910 1499 1910 1558 1910 1499 1911 1500 1911 1558 1911 1558 1912 1500 1912 1559 1912 1500 1913 1501 1913 1559 1913 1559 1914 1501 1914 1560 1914 1501 1915 1502 1915 1560 1915 1560 1916 1502 1916 1561 1916 1502 1917 1503 1917 1561 1917 1561 1918 1503 1918 1562 1918 1503 1919 1504 1919 1562 1919 1562 1920 1504 1920 1563 1920 1504 1921 1505 1921 1563 1921 1563 1922 1505 1922 1564 1922 1505 1923 1506 1923 1564 1923 1564 1924 1506 1924 1565 1924 1506 1925 1507 1925 1565 1925 1565 1926 1507 1926 1566 1926 1507 1927 1508 1927 1566 1927 1566 1928 1508 1928 1567 1928 1508 1929 1509 1929 1567 1929 1567 1930 1509 1930 1568 1930 1509 1931 1510 1931 1568 1931 1568 1932 1510 1932 1569 1932 1510 1933 1511 1933 1569 1933 1569 1934 1511 1934 1570 1934 1511 1935 1512 1935 1570 1935 1570 1936 1512 1936 1571 1936 1512 1937 1513 1937 1571 1937 1571 1938 1513 1938 1572 1938 1513 1939 1514 1939 1572 1939 1572 1940 1514 1940 1573 1940 1514 1941 1515 1941 1573 1941 1573 1942 1515 1942 1574 1942 1515 1943 1516 1943 1574 1943 1574 1944 1516 1944 1575 1944 1516 1945 1517 1945 1575 1945 1575 1946 1517 1946 1576 1946 1517 1947 1518 1947 1576 1947 1576 1948 1518 1948 1577 1948 1518 1949 1519 1949 1577 1949 1577 1950 1519 1950 1578 1950 1519 1951 1520 1951 1578 1951 1578 1952 1520 1952 1579 1952 1520 1953 1521 1953 1579 1953 1579 1954 1521 1954 1580 1954 1521 1955 1522 1955 1580 1955 1580 1956 1522 1956 1581 1956 1522 1957 1523 1957 1581 1957 1581 1958 1523 1958 1582 1958 1523 1959 1524 1959 1582 1959 1582 1960 1524 1960 1583 1960 1524 1961 1525 1961 1583 1961 1583 1962 1525 1962 1584 1962 1525 1963 1526 1963 1584 1963 1584 1964 1526 1964 1585 1964 1555 1965 1497 1965 1586 1965 1497 1966 1527 1966 1586 1966 1586 1967 1527 1967 1587 1967 1527 1968 1528 1968 1587 1968 1587 1969 1528 1969 1588 1969 1528 1970 1529 1970 1588 1970 1588 1971 1529 1971 1589 1971 1529 1972 1530 1972 1589 1972 1589 1973 1530 1973 1590 1973 1530 1974 1531 1974 1590 1974 1590 1975 1531 1975 1591 1975 1531 1976 1532 1976 1591 1976 1591 1977 1532 1977 1592 1977 1532 1978 1533 1978 1592 1978 1592 1979 1533 1979 1593 1979 1533 1980 1534 1980 1593 1980 1593 1981 1534 1981 1594 1981 1534 1982 1535 1982 1594 1982 1594 1983 1535 1983 1595 1983 1535 1984 1536 1984 1595 1984 1595 1985 1536 1985 1596 1985 1536 1986 1537 1986 1596 1986 1596 1987 1537 1987 1597 1987 1537 1988 1538 1988 1597 1988 1597 1989 1538 1989 1598 1989 1538 1990 1539 1990 1598 1990 1598 1991 1539 1991 1599 1991 1539 1992 1540 1992 1599 1992 1599 1993 1540 1993 1600 1993 1540 1994 1541 1994 1600 1994 1600 1995 1541 1995 1601 1995 1541 1996 1542 1996 1601 1996 1601 1997 1542 1997 1602 1997 1542 1998 1543 1998 1602 1998 1602 1999 1543 1999 1603 1999 1543 2000 1544 2000 1603 2000 1603 2001 1544 2001 1604 2001 1544 2002 1545 2002 1604 2002 1604 2003 1545 2003 1605 2003 1545 2004 1546 2004 1605 2004 1605 2005 1546 2005 1606 2005 1546 2006 1547 2006 1606 2006 1606 2007 1547 2007 1607 2007 1547 2008 1548 2008 1607 2008 1607 2009 1548 2009 1608 2009 1548 2010 1549 2010 1608 2010 1608 2011 1549 2011 1609 2011 1549 2012 1550 2012 1609 2012 1609 2013 1550 2013 1610 2013 1550 2014 1551 2014 1610 2014 1610 2015 1551 2015 1611 2015 1551 2016 1552 2016 1611 2016 1611 2017 1552 2017 1612 2017 1552 2018 1553 2018 1612 2018 1612 2019 1553 2019 1613 2019 1553 2020 1554 2020 1613 2020 1613 2021 1554 2021 1614 2021 1615 2022 690 2022 1555 2022 1616 2023 1556 2023 1617 2023 1556 2024 1557 2024 1617 2024 1617 2025 1557 2025 1618 2025 1557 2026 1558 2026 1618 2026 1618 2027 1558 2027 1619 2027 1558 2028 1559 2028 1619 2028 1619 2029 1559 2029 1620 2029 1559 2030 1560 2030 1620 2030 1620 2031 1560 2031 1621 2031 1560 2032 1561 2032 1621 2032 1621 2033 1561 2033 1622 2033 1561 2034 1562 2034 1622 2034 1622 2035 1562 2035 1623 2035 1562 2036 1563 2036 1623 2036 1623 2037 1563 2037 1624 2037 1563 2038 1564 2038 1624 2038 1624 2039 1564 2039 1625 2039 1564 2040 1565 2040 1625 2040 1625 2041 1565 2041 1626 2041 1565 2042 1566 2042 1626 2042 1626 2043 1566 2043 1627 2043 1566 2044 1567 2044 1627 2044 1627 2045 1567 2045 1628 2045 1567 2046 1568 2046 1628 2046 1628 2047 1568 2047 1629 2047 1568 2048 1569 2048 1629 2048 1629 2049 1569 2049 1630 2049 1569 2050 1570 2050 1630 2050 1630 2051 1570 2051 1631 2051 1570 2052 1571 2052 1631 2052 1631 2053 1571 2053 1632 2053 1571 2054 1572 2054 1632 2054 1632 2055 1572 2055 1633 2055 1572 2056 1573 2056 1633 2056 1633 2057 1573 2057 1634 2057 1573 2058 1574 2058 1634 2058 1634 2059 1574 2059 1635 2059 1574 2060 1575 2060 1635 2060 1635 2061 1575 2061 1636 2061 1575 2062 1576 2062 1636 2062 1636 2063 1576 2063 1637 2063 1576 2064 1577 2064 1637 2064 1637 2065 1577 2065 1638 2065 1577 2066 1578 2066 1638 2066 1638 2067 1578 2067 1639 2067 1578 2068 1579 2068 1639 2068 1639 2069 1579 2069 1640 2069 1579 2070 1580 2070 1640 2070 1640 2071 1580 2071 1641 2071 1580 2072 1581 2072 1641 2072 1641 2073 1581 2073 1642 2073 1581 2074 1582 2074 1642 2074 1642 2075 1582 2075 1643 2075 1582 2076 1583 2076 1643 2076 1643 2077 1583 2077 1644 2077 1583 2078 1584 2078 1644 2078 1644 2079 1584 2079 1645 2079 1584 2080 1585 2080 1645 2080 1645 2081 1585 2081 1646 2081 1615 2082 1555 2082 1647 2082 1555 2083 1586 2083 1647 2083 1647 2084 1586 2084 1648 2084 1586 2085 1587 2085 1648 2085 1648 2086 1587 2086 1649 2086 1587 2087 1588 2087 1649 2087 1649 2088 1588 2088 1650 2088 1588 2089 1589 2089 1650 2089 1650 2090 1589 2090 1651 2090 1589 2091 1590 2091 1651 2091 1651 2092 1590 2092 1652 2092 1590 2093 1591 2093 1652 2093 1652 2094 1591 2094 1653 2094 1591 2095 1592 2095 1653 2095 1653 2096 1592 2096 1654 2096 1592 2097 1593 2097 1654 2097 1654 2098 1593 2098 1655 2098 1593 2099 1594 2099 1655 2099 1655 2100 1594 2100 1656 2100 1594 2101 1595 2101 1656 2101 1656 2102 1595 2102 1657 2102 1595 2103 1596 2103 1657 2103 1657 2104 1596 2104 1658 2104 1596 2105 1597 2105 1658 2105 1658 2106 1597 2106 1659 2106 1597 2107 1598 2107 1659 2107 1659 2108 1598 2108 1660 2108 1598 2109 1599 2109 1660 2109 1660 2110 1599 2110 1661 2110 1599 2111 1600 2111 1661 2111 1661 2112 1600 2112 1662 2112 1600 2113 1601 2113 1662 2113 1662 2114 1601 2114 1663 2114 1601 2115 1602 2115 1663 2115 1663 2116 1602 2116 1664 2116 1602 2117 1603 2117 1664 2117 1664 2118 1603 2118 1665 2118 1603 2119 1604 2119 1665 2119 1665 2120 1604 2120 1666 2120 1604 2121 1605 2121 1666 2121 1666 2122 1605 2122 1667 2122 1605 2123 1606 2123 1667 2123 1667 2124 1606 2124 1668 2124 1606 2125 1607 2125 1668 2125 1668 2126 1607 2126 1669 2126 1607 2127 1608 2127 1669 2127 1669 2128 1608 2128 1670 2128 1608 2129 1609 2129 1670 2129 1670 2130 1609 2130 1671 2130 1609 2131 1610 2131 1671 2131 1671 2132 1610 2132 1672 2132 1610 2133 1611 2133 1672 2133 1672 2134 1611 2134 1673 2134 1611 2135 1612 2135 1673 2135 1673 2136 1612 2136 1674 2136 1612 2137 1613 2137 1674 2137 1674 2138 1613 2138 1675 2138 1613 2139 1614 2139 1675 2139 1675 2140 1614 2140 1676 2140 1677 2141 690 2141 1615 2141 1678 2142 1616 2142 1679 2142 1616 2143 1617 2143 1679 2143 1679 2144 1617 2144 1680 2144 1617 2145 1618 2145 1680 2145 1680 2146 1618 2146 1681 2146 1618 2147 1619 2147 1681 2147 1681 2148 1619 2148 1682 2148 1619 2149 1620 2149 1682 2149 1682 2150 1620 2150 1683 2150 1620 2151 1621 2151 1683 2151 1683 2152 1621 2152 1684 2152 1621 2153 1622 2153 1684 2153 1684 2154 1622 2154 1685 2154 1622 2155 1623 2155 1685 2155 1685 2156 1623 2156 1686 2156 1623 2157 1624 2157 1686 2157 1686 2158 1624 2158 1687 2158 1624 2159 1625 2159 1687 2159 1687 2160 1625 2160 1688 2160 1625 2161 1626 2161 1688 2161 1688 2162 1626 2162 1689 2162 1626 2163 1627 2163 1689 2163 1689 2164 1627 2164 1690 2164 1627 2165 1628 2165 1690 2165 1690 2166 1628 2166 1691 2166 1628 2167 1629 2167 1691 2167 1691 2168 1629 2168 1692 2168 1629 2169 1630 2169 1692 2169 1692 2170 1630 2170 1693 2170 1630 2171 1631 2171 1693 2171 1693 2172 1631 2172 1694 2172 1631 2173 1632 2173 1694 2173 1694 2174 1632 2174 1695 2174 1632 2175 1633 2175 1695 2175 1695 2176 1633 2176 1696 2176 1633 2177 1634 2177 1696 2177 1696 2178 1634 2178 1697 2178 1634 2179 1635 2179 1697 2179 1697 2180 1635 2180 1698 2180 1635 2181 1636 2181 1698 2181 1698 2182 1636 2182 1699 2182 1636 2183 1637 2183 1699 2183 1699 2184 1637 2184 1700 2184 1637 2185 1638 2185 1700 2185 1700 2186 1638 2186 1701 2186 1638 2187 1639 2187 1701 2187 1701 2188 1639 2188 1702 2188 1639 2189 1640 2189 1702 2189 1702 2190 1640 2190 1703 2190 1640 2191 1641 2191 1703 2191 1703 2192 1641 2192 1704 2192 1641 2193 1642 2193 1704 2193 1704 2194 1642 2194 1705 2194 1642 2195 1643 2195 1705 2195 1705 2196 1643 2196 1706 2196 1643 2197 1644 2197 1706 2197 1706 2198 1644 2198 1707 2198 1644 2199 1645 2199 1707 2199 1707 2200 1645 2200 1708 2200 1645 2201 1646 2201 1708 2201 1708 2202 1646 2202 1709 2202 1677 2203 1615 2203 1710 2203 1615 2204 1647 2204 1710 2204 1710 2205 1647 2205 1711 2205 1647 2206 1648 2206 1711 2206 1711 2207 1648 2207 1712 2207 1648 2208 1649 2208 1712 2208 1712 2209 1649 2209 1713 2209 1649 2210 1650 2210 1713 2210 1713 2211 1650 2211 1714 2211 1650 2212 1651 2212 1714 2212 1714 2213 1651 2213 1715 2213 1651 2214 1652 2214 1715 2214 1715 2215 1652 2215 1716 2215 1652 2216 1653 2216 1716 2216 1716 2217 1653 2217 1717 2217 1653 2218 1654 2218 1717 2218 1717 2219 1654 2219 1718 2219 1654 2220 1655 2220 1718 2220 1718 2221 1655 2221 1719 2221 1655 2222 1656 2222 1719 2222 1719 2223 1656 2223 1720 2223 1656 2224 1657 2224 1720 2224 1720 2225 1657 2225 1721 2225 1657 2226 1658 2226 1721 2226 1721 2227 1658 2227 1722 2227 1658 2228 1659 2228 1722 2228 1722 2229 1659 2229 1723 2229 1659 2230 1660 2230 1723 2230 1723 2231 1660 2231 1724 2231 1660 2232 1661 2232 1724 2232 1724 2233 1661 2233 1725 2233 1661 2234 1662 2234 1725 2234 1725 2235 1662 2235 1726 2235 1662 2236 1663 2236 1726 2236 1726 2237 1663 2237 1727 2237 1663 2238 1664 2238 1727 2238 1727 2239 1664 2239 1728 2239 1664 2240 1665 2240 1728 2240 1728 2241 1665 2241 1729 2241 1665 2242 1666 2242 1729 2242 1729 2243 1666 2243 1730 2243 1666 2244 1667 2244 1730 2244 1730 2245 1667 2245 1731 2245 1667 2246 1668 2246 1731 2246 1731 2247 1668 2247 1732 2247 1668 2248 1669 2248 1732 2248 1732 2249 1669 2249 1733 2249 1669 2250 1670 2250 1733 2250 1733 2251 1670 2251 1734 2251 1670 2252 1671 2252 1734 2252 1734 2253 1671 2253 1735 2253 1671 2254 1672 2254 1735 2254 1735 2255 1672 2255 1736 2255 1672 2256 1673 2256 1736 2256 1736 2257 1673 2257 1737 2257 1673 2258 1674 2258 1737 2258 1737 2259 1674 2259 1738 2259 1674 2260 1675 2260 1738 2260 1738 2261 1675 2261 1739 2261 1675 2262 1676 2262 1739 2262 1739 2263 1676 2263 1740 2263 1741 2264 690 2264 1677 2264 1742 2265 1678 2265 1743 2265 1678 2266 1679 2266 1743 2266 1743 2267 1679 2267 1744 2267 1679 2268 1680 2268 1744 2268 1744 2269 1680 2269 1745 2269 1680 2270 1681 2270 1745 2270 1745 2271 1681 2271 1746 2271 1681 2272 1682 2272 1746 2272 1746 2273 1682 2273 1747 2273 1682 2274 1683 2274 1747 2274 1747 2275 1683 2275 1748 2275 1683 2276 1684 2276 1748 2276 1748 2277 1684 2277 1749 2277 1684 2278 1685 2278 1749 2278 1749 2279 1685 2279 1750 2279 1685 2280 1686 2280 1750 2280 1750 2281 1686 2281 1751 2281 1686 2282 1687 2282 1751 2282 1751 2283 1687 2283 1752 2283 1687 2284 1688 2284 1752 2284 1752 2285 1688 2285 1753 2285 1688 2286 1689 2286 1753 2286 1753 2287 1689 2287 1754 2287 1689 2288 1690 2288 1754 2288 1754 2289 1690 2289 1755 2289 1690 2290 1691 2290 1755 2290 1755 2291 1691 2291 1756 2291 1691 2292 1692 2292 1756 2292 1756 2293 1692 2293 1757 2293 1692 2294 1693 2294 1757 2294 1757 2295 1693 2295 1758 2295 1693 2296 1694 2296 1758 2296 1758 2297 1694 2297 1759 2297 1694 2298 1695 2298 1759 2298 1759 2299 1695 2299 1760 2299 1695 2300 1696 2300 1760 2300 1760 2301 1696 2301 1761 2301 1696 2302 1697 2302 1761 2302 1761 2303 1697 2303 1762 2303 1697 2304 1698 2304 1762 2304 1762 2305 1698 2305 1763 2305 1698 2306 1699 2306 1763 2306 1763 2307 1699 2307 1764 2307 1699 2308 1700 2308 1764 2308 1764 2309 1700 2309 1765 2309 1700 2310 1701 2310 1765 2310 1765 2311 1701 2311 1766 2311 1701 2312 1702 2312 1766 2312 1766 2313 1702 2313 1767 2313 1702 2314 1703 2314 1767 2314 1767 2315 1703 2315 1768 2315 1703 2316 1704 2316 1768 2316 1768 2317 1704 2317 1769 2317 1704 2318 1705 2318 1769 2318 1769 2319 1705 2319 1770 2319 1705 2320 1706 2320 1770 2320 1770 2321 1706 2321 1771 2321 1706 2322 1707 2322 1771 2322 1771 2323 1707 2323 1772 2323 1707 2324 1708 2324 1772 2324 1772 2325 1708 2325 1773 2325 1708 2326 1709 2326 1773 2326 1773 2327 1709 2327 1774 2327 1741 2328 1677 2328 1775 2328 1677 2329 1710 2329 1775 2329 1775 2330 1710 2330 1776 2330 1710 2331 1711 2331 1776 2331 1776 2332 1711 2332 1777 2332 1711 2333 1712 2333 1777 2333 1777 2334 1712 2334 1778 2334 1712 2335 1713 2335 1778 2335 1778 2336 1713 2336 1779 2336 1713 2337 1714 2337 1779 2337 1779 2338 1714 2338 1780 2338 1714 2339 1715 2339 1780 2339 1780 2340 1715 2340 1781 2340 1715 2341 1716 2341 1781 2341 1781 2342 1716 2342 1782 2342 1716 2343 1717 2343 1782 2343 1782 2344 1717 2344 1783 2344 1717 2345 1718 2345 1783 2345 1783 2346 1718 2346 1784 2346 1718 2347 1719 2347 1784 2347 1784 2348 1719 2348 1785 2348 1719 2349 1720 2349 1785 2349 1785 2350 1720 2350 1786 2350 1720 2351 1721 2351 1786 2351 1786 2352 1721 2352 1787 2352 1721 2353 1722 2353 1787 2353 1787 2354 1722 2354 1788 2354 1722 2355 1723 2355 1788 2355 1788 2356 1723 2356 1789 2356 1723 2357 1724 2357 1789 2357 1789 2358 1724 2358 1790 2358 1724 2359 1725 2359 1790 2359 1790 2360 1725 2360 1791 2360 1725 2361 1726 2361 1791 2361 1791 2362 1726 2362 1792 2362 1726 2363 1727 2363 1792 2363 1792 2364 1727 2364 1793 2364 1727 2365 1728 2365 1793 2365 1793 2366 1728 2366 1794 2366 1728 2367 1729 2367 1794 2367 1794 2368 1729 2368 1795 2368 1729 2369 1730 2369 1795 2369 1795 2370 1730 2370 1796 2370 1730 2371 1731 2371 1796 2371 1796 2372 1731 2372 1797 2372 1731 2373 1732 2373 1797 2373 1797 2374 1732 2374 1798 2374 1732 2375 1733 2375 1798 2375 1798 2376 1733 2376 1799 2376 1733 2377 1734 2377 1799 2377 1799 2378 1734 2378 1800 2378 1734 2379 1735 2379 1800 2379 1800 2380 1735 2380 1801 2380 1735 2381 1736 2381 1801 2381 1801 2382 1736 2382 1802 2382 1736 2383 1737 2383 1802 2383 1802 2384 1737 2384 1803 2384 1737 2385 1738 2385 1803 2385 1803 2386 1738 2386 1804 2386 1738 2387 1739 2387 1804 2387 1804 2388 1739 2388 1805 2388 1739 2389 1740 2389 1805 2389 1805 2390 1740 2390 1806 2390 1807 2391 690 2391 1741 2391 1808 2392 1742 2392 1809 2392 1742 2393 1743 2393 1809 2393 1809 2394 1743 2394 1810 2394 1743 2395 1744 2395 1810 2395 1810 2396 1744 2396 1811 2396 1744 2397 1745 2397 1811 2397 1811 2398 1745 2398 1812 2398 1745 2399 1746 2399 1812 2399 1812 2400 1746 2400 1813 2400 1746 2401 1747 2401 1813 2401 1813 2402 1747 2402 1814 2402 1747 2403 1748 2403 1814 2403 1814 2404 1748 2404 1815 2404 1748 2405 1749 2405 1815 2405 1815 2406 1749 2406 1816 2406 1749 2407 1750 2407 1816 2407 1816 2408 1750 2408 1817 2408 1750 2409 1751 2409 1817 2409 1817 2410 1751 2410 1818 2410 1751 2411 1752 2411 1818 2411 1818 2412 1752 2412 1819 2412 1752 2413 1753 2413 1819 2413 1819 2414 1753 2414 1820 2414 1753 2415 1754 2415 1820 2415 1820 2416 1754 2416 1821 2416 1754 2417 1755 2417 1821 2417 1821 2418 1755 2418 1822 2418 1755 2419 1756 2419 1822 2419 1822 2420 1756 2420 1823 2420 1756 2421 1757 2421 1823 2421 1823 2422 1757 2422 1824 2422 1757 2423 1758 2423 1824 2423 1824 2424 1758 2424 1825 2424 1758 2425 1759 2425 1825 2425 1825 2426 1759 2426 1826 2426 1759 2427 1760 2427 1826 2427 1826 2428 1760 2428 1827 2428 1760 2429 1761 2429 1827 2429 1827 2430 1761 2430 1828 2430 1761 2431 1762 2431 1828 2431 1828 2432 1762 2432 1829 2432 1762 2433 1763 2433 1829 2433 1829 2434 1763 2434 1830 2434 1763 2435 1764 2435 1830 2435 1830 2436 1764 2436 1831 2436 1764 2437 1765 2437 1831 2437 1831 2438 1765 2438 1832 2438 1765 2439 1766 2439 1832 2439 1832 2440 1766 2440 1833 2440 1766 2441 1767 2441 1833 2441 1833 2442 1767 2442 1834 2442 1767 2443 1768 2443 1834 2443 1834 2444 1768 2444 1835 2444 1768 2445 1769 2445 1835 2445 1835 2446 1769 2446 1836 2446 1769 2447 1770 2447 1836 2447 1836 2448 1770 2448 1837 2448 1770 2449 1771 2449 1837 2449 1837 2450 1771 2450 1838 2450 1771 2451 1772 2451 1838 2451 1838 2452 1772 2452 1839 2452 1772 2453 1773 2453 1839 2453 1839 2454 1773 2454 1840 2454 1773 2455 1774 2455 1840 2455 1840 2456 1774 2456 1841 2456 1807 2457 1741 2457 1842 2457 1741 2458 1775 2458 1842 2458 1842 2459 1775 2459 1843 2459 1775 2460 1776 2460 1843 2460 1843 2461 1776 2461 1844 2461 1776 2462 1777 2462 1844 2462 1844 2463 1777 2463 1845 2463 1777 2464 1778 2464 1845 2464 1845 2465 1778 2465 1846 2465 1778 2466 1779 2466 1846 2466 1846 2467 1779 2467 1847 2467 1779 2468 1780 2468 1847 2468 1847 2469 1780 2469 1848 2469 1780 2470 1781 2470 1848 2470 1848 2471 1781 2471 1849 2471 1781 2472 1782 2472 1849 2472 1849 2473 1782 2473 1850 2473 1782 2474 1783 2474 1850 2474 1850 2475 1783 2475 1851 2475 1783 2476 1784 2476 1851 2476 1851 2477 1784 2477 1852 2477 1784 2478 1785 2478 1852 2478 1852 2479 1785 2479 1853 2479 1785 2480 1786 2480 1853 2480 1853 2481 1786 2481 1854 2481 1786 2482 1787 2482 1854 2482 1854 2483 1787 2483 1855 2483 1787 2484 1788 2484 1855 2484 1855 2485 1788 2485 1856 2485 1788 2486 1789 2486 1856 2486 1856 2487 1789 2487 1857 2487 1789 2488 1790 2488 1857 2488 1857 2489 1790 2489 1858 2489 1790 2490 1791 2490 1858 2490 1858 2491 1791 2491 1859 2491 1791 2492 1792 2492 1859 2492 1859 2493 1792 2493 1860 2493 1792 2494 1793 2494 1860 2494 1860 2495 1793 2495 1861 2495 1793 2496 1794 2496 1861 2496 1861 2497 1794 2497 1862 2497 1794 2498 1795 2498 1862 2498 1862 2499 1795 2499 1863 2499 1795 2500 1796 2500 1863 2500 1863 2501 1796 2501 1864 2501 1796 2502 1797 2502 1864 2502 1864 2503 1797 2503 1865 2503 1797 2504 1798 2504 1865 2504 1865 2505 1798 2505 1866 2505 1798 2506 1799 2506 1866 2506 1866 2507 1799 2507 1867 2507 1799 2508 1800 2508 1867 2508 1867 2509 1800 2509 1868 2509 1800 2510 1801 2510 1868 2510 1868 2511 1801 2511 1869 2511 1801 2512 1802 2512 1869 2512 1869 2513 1802 2513 1870 2513 1802 2514 1803 2514 1870 2514 1870 2515 1803 2515 1871 2515 1803 2516 1804 2516 1871 2516 1871 2517 1804 2517 1872 2517 1804 2518 1805 2518 1872 2518 1872 2519 1805 2519 1873 2519 1805 2520 1806 2520 1873 2520 1873 2521 1806 2521 1874 2521 1875 2522 1808 2522 1876 2522 1808 2523 1809 2523 1876 2523 1876 2524 1809 2524 1877 2524 1809 2525 1810 2525 1877 2525 1877 2526 1810 2526 1878 2526 1810 2527 1811 2527 1878 2527 1878 2528 1811 2528 1879 2528 1811 2529 1812 2529 1879 2529 1879 2530 1812 2530 1880 2530 1812 2531 1813 2531 1880 2531 1880 2532 1813 2532 1881 2532 1813 2533 1814 2533 1881 2533 1881 2534 1814 2534 1882 2534 1814 2535 1815 2535 1882 2535 1882 2536 1815 2536 1883 2536 1815 2537 1816 2537 1883 2537 1883 2538 1816 2538 1884 2538 1816 2539 1817 2539 1884 2539 1884 2540 1817 2540 1885 2540 1817 2541 1818 2541 1885 2541 1885 2542 1818 2542 1886 2542 1818 2543 1819 2543 1886 2543 1886 2544 1819 2544 1887 2544 1819 2545 1820 2545 1887 2545 1887 2546 1820 2546 1888 2546 1820 2547 1821 2547 1888 2547 1888 2548 1821 2548 1889 2548 1821 2549 1822 2549 1889 2549 1889 2550 1822 2550 1890 2550 1822 2551 1823 2551 1890 2551 1890 2552 1823 2552 1891 2552 1823 2553 1824 2553 1891 2553 1891 2554 1824 2554 1892 2554 1824 2555 1825 2555 1892 2555 1892 2556 1825 2556 1893 2556 1825 2557 1826 2557 1893 2557 1893 2558 1826 2558 1894 2558 1826 2559 1827 2559 1894 2559 1894 2560 1827 2560 1895 2560 1827 2561 1828 2561 1895 2561 1895 2562 1828 2562 1896 2562 1828 2563 1829 2563 1896 2563 1896 2564 1829 2564 1897 2564 1829 2565 1830 2565 1897 2565 1897 2566 1830 2566 1898 2566 1830 2567 1831 2567 1898 2567 1898 2568 1831 2568 1899 2568 1831 2569 1832 2569 1899 2569 1899 2570 1832 2570 1900 2570 1832 2571 1833 2571 1900 2571 1900 2572 1833 2572 1901 2572 1833 2573 1834 2573 1901 2573 1901 2574 1834 2574 1902 2574 1834 2575 1835 2575 1902 2575 1902 2576 1835 2576 1903 2576 1835 2577 1836 2577 1903 2577 1903 2578 1836 2578 1904 2578 1836 2579 1837 2579 1904 2579 1904 2580 1837 2580 1905 2580 1837 2581 1838 2581 1905 2581 1905 2582 1838 2582 1906 2582 1838 2583 1839 2583 1906 2583 1906 2584 1839 2584 1907 2584 1839 2585 1840 2585 1907 2585 1907 2586 1840 2586 1908 2586 1840 2587 1841 2587 1908 2587 1908 2588 1841 2588 1909 2588 1910 2589 1875 2589 1911 2589 1875 2590 1876 2590 1911 2590 1911 2591 1876 2591 1912 2591 1876 2592 1877 2592 1912 2592 1912 2593 1877 2593 1913 2593 1877 2594 1878 2594 1913 2594 1913 2595 1878 2595 1914 2595 1878 2596 1879 2596 1914 2596 1914 2597 1879 2597 1915 2597 1879 2598 1880 2598 1915 2598 1915 2599 1880 2599 1916 2599 1880 2600 1881 2600 1916 2600 1916 2601 1881 2601 1917 2601 1881 2602 1882 2602 1917 2602 1917 2603 1882 2603 1918 2603 1882 2604 1883 2604 1918 2604 1918 2605 1883 2605 1919 2605 1883 2606 1884 2606 1919 2606 1919 2607 1884 2607 1920 2607 1884 2608 1885 2608 1920 2608 1920 2609 1885 2609 1921 2609 1885 2610 1886 2610 1921 2610 1921 2611 1886 2611 1922 2611 1886 2612 1887 2612 1922 2612 1922 2613 1887 2613 1923 2613 1887 2614 1888 2614 1923 2614 1923 2615 1888 2615 1924 2615 1888 2616 1889 2616 1924 2616 1924 2617 1889 2617 1925 2617 1889 2618 1890 2618 1925 2618 1925 2619 1890 2619 1926 2619 1890 2620 1891 2620 1926 2620 1926 2621 1891 2621 1927 2621 1891 2622 1892 2622 1927 2622 1927 2623 1892 2623 1928 2623 1892 2624 1893 2624 1928 2624 1928 2625 1893 2625 1929 2625 1893 2626 1894 2626 1929 2626 1929 2627 1894 2627 1930 2627 1894 2628 1895 2628 1930 2628 1930 2629 1895 2629 1931 2629 1895 2630 1896 2630 1931 2630 1931 2631 1896 2631 1932 2631 1896 2632 1897 2632 1932 2632 1932 2633 1897 2633 1933 2633 1897 2634 1898 2634 1933 2634 1933 2635 1898 2635 1934 2635 1898 2636 1899 2636 1934 2636 1934 2637 1899 2637 1935 2637 1899 2638 1900 2638 1935 2638 1935 2639 1900 2639 1936 2639 1900 2640 1901 2640 1936 2640 1936 2641 1901 2641 1937 2641 1901 2642 1902 2642 1937 2642 1937 2643 1902 2643 1938 2643 1902 2644 1903 2644 1938 2644 1938 2645 1903 2645 1939 2645 1903 2646 1904 2646 1939 2646 1939 2647 1904 2647 1940 2647 1904 2648 1905 2648 1940 2648 1940 2649 1905 2649 1941 2649 1905 2650 1906 2650 1941 2650 1941 2651 1906 2651 1942 2651 1906 2652 1907 2652 1942 2652 1942 2653 1907 2653 1943 2653 1907 2654 1908 2654 1943 2654 1943 2655 1908 2655 1944 2655 1908 2656 1909 2656 1944 2656 1944 2657 1909 2657 1945 2657 686 2658 1910 2658 685 2658 1910 2659 1911 2659 685 2659 685 2660 1911 2660 684 2660 1911 2661 1912 2661 684 2661 684 2662 1912 2662 683 2662 1912 2663 1913 2663 683 2663 683 2664 1913 2664 682 2664 1913 2665 1914 2665 682 2665 682 2666 1914 2666 681 2666 1914 2667 1915 2667 681 2667 681 2668 1915 2668 680 2668 1915 2669 1916 2669 680 2669 680 2670 1916 2670 679 2670 1916 2671 1917 2671 679 2671 679 2672 1917 2672 678 2672 1917 2673 1918 2673 678 2673 678 2674 1918 2674 677 2674 1918 2675 1919 2675 677 2675 677 2676 1919 2676 676 2676 1919 2677 1920 2677 676 2677 676 2678 1920 2678 675 2678 1920 2679 1921 2679 675 2679 675 2680 1921 2680 674 2680 1921 2681 1922 2681 674 2681 674 2682 1922 2682 673 2682 1922 2683 1923 2683 673 2683 673 2684 1923 2684 672 2684 1923 2685 1924 2685 672 2685 672 2686 1924 2686 671 2686 1924 2687 1925 2687 671 2687 671 2688 1925 2688 670 2688 1925 2689 1926 2689 670 2689 670 2690 1926 2690 669 2690 1926 2691 1927 2691 669 2691 669 2692 1927 2692 668 2692 1927 2693 1928 2693 668 2693 668 2694 1928 2694 667 2694 1928 2695 1929 2695 667 2695 667 2696 1929 2696 666 2696 1929 2697 1930 2697 666 2697 666 2698 1930 2698 665 2698 1930 2699 1931 2699 665 2699 665 2700 1931 2700 664 2700 1931 2701 1932 2701 664 2701 664 2702 1932 2702 663 2702 1932 2703 1933 2703 663 2703 663 2704 1933 2704 662 2704 1933 2705 1934 2705 662 2705 662 2706 1934 2706 661 2706 1934 2707 1935 2707 661 2707 661 2708 1935 2708 660 2708 1935 2709 1936 2709 660 2709 660 2710 1936 2710 659 2710 1936 2711 1937 2711 659 2711 659 2712 1937 2712 658 2712 1937 2713 1938 2713 658 2713 658 2714 1938 2714 657 2714 1938 2715 1939 2715 657 2715 657 2716 1939 2716 656 2716 1939 2717 1940 2717 656 2717 656 2718 1940 2718 655 2718 1940 2719 1941 2719 655 2719 655 2720 1941 2720 654 2720 1941 2721 1942 2721 654 2721 654 2722 1942 2722 653 2722 1942 2723 1943 2723 653 2723 653 2724 1943 2724 652 2724 1943 2725 1944 2725 652 2725 652 2726 1944 2726 649 2726 1944 2727 1945 2727 649 2727 649 2728 1945 2728 650 2728 698 2729 690 2729 692 2729 686 2730 1874 2730 1910 2730 1874 2731 1806 2731 1910 2731 1910 2732 1806 2732 1875 2732 1806 2733 1740 2733 1875 2733 1875 2734 1740 2734 1808 2734 1740 2735 1676 2735 1808 2735 1808 2736 1676 2736 1742 2736 1676 2737 1614 2737 1742 2737 1742 2738 1614 2738 1678 2738 1614 2739 1554 2739 1678 2739 1678 2740 1554 2740 1616 2740 1554 2741 1496 2741 1616 2741 1616 2742 1496 2742 1556 2742 1496 2743 1440 2743 1556 2743 1556 2744 1440 2744 1498 2744 1440 2745 1386 2745 1498 2745 1498 2746 1386 2746 1442 2746 1386 2747 1334 2747 1442 2747 1442 2748 1334 2748 1388 2748 1334 2749 1284 2749 1388 2749 1388 2750 1284 2750 1336 2750 1284 2751 1236 2751 1336 2751 1336 2752 1236 2752 1286 2752 1236 2753 1190 2753 1286 2753 1286 2754 1190 2754 1238 2754 1190 2755 1146 2755 1238 2755 1238 2756 1146 2756 1192 2756 1146 2757 1104 2757 1192 2757 1192 2758 1104 2758 1148 2758 1104 2759 1064 2759 1148 2759 1148 2760 1064 2760 1106 2760 1064 2761 1026 2761 1106 2761 1106 2762 1026 2762 1066 2762 1026 2763 990 2763 1066 2763 1066 2764 990 2764 1028 2764 990 2765 956 2765 1028 2765 1028 2766 956 2766 992 2766 956 2767 924 2767 992 2767 992 2768 924 2768 958 2768 924 2769 894 2769 958 2769 958 2770 894 2770 926 2770 894 2771 866 2771 926 2771 926 2772 866 2772 896 2772 866 2773 840 2773 896 2773 896 2774 840 2774 868 2774 840 2775 816 2775 868 2775 868 2776 816 2776 842 2776 816 2777 794 2777 842 2777 842 2778 794 2778 818 2778 794 2779 774 2779 818 2779 818 2780 774 2780 796 2780 774 2781 756 2781 796 2781 796 2782 756 2782 776 2782 756 2783 740 2783 776 2783 776 2784 740 2784 758 2784 740 2785 726 2785 758 2785 758 2786 726 2786 742 2786 726 2787 714 2787 742 2787 742 2788 714 2788 728 2788 714 2789 704 2789 728 2789 728 2790 704 2790 716 2790 704 2791 695 2791 716 2791 716 2792 695 2792 706 2792 695 2793 687 2793 706 2793 706 2794 687 2794 697 2794 687 2795 689 2795 697 2795 697 2796 689 2796 698 2796 689 2797 690 2797 698 2797 690 2798 278 2798 691 2798 278 2799 280 2799 691 2799 691 2800 280 2800 701 2800 280 2801 282 2801 701 2801 701 2801 282 2801 710 2801 282 2802 284 2802 710 2802 710 2803 284 2803 721 2803 284 2804 286 2804 721 2804 721 2805 286 2805 734 2805 286 2806 144 2806 734 2806 734 2806 144 2806 749 2806 144 2807 146 2807 749 2807 749 2808 146 2808 766 2808 146 2809 148 2809 766 2809 766 2810 148 2810 785 2810 148 2811 150 2811 785 2811 785 2812 150 2812 806 2812 150 2813 152 2813 806 2813 806 2814 152 2814 829 2814 152 2815 154 2815 829 2815 829 2816 154 2816 854 2816 154 2817 156 2817 854 2817 854 2818 156 2818 881 2818 156 2819 158 2819 881 2819 881 2820 158 2820 910 2820 158 2821 160 2821 910 2821 910 2822 160 2822 941 2822 160 2823 162 2823 941 2823 941 2824 162 2824 974 2824 162 2825 164 2825 974 2825 974 2826 164 2826 1009 2826 164 2827 166 2827 1009 2827 1009 2828 166 2828 1046 2828 166 2829 168 2829 1046 2829 1046 2830 168 2830 1085 2830 168 2831 170 2831 1085 2831 1085 2832 170 2832 1126 2832 170 2833 172 2833 1126 2833 1126 2834 172 2834 1169 2834 172 2835 174 2835 1169 2835 1169 2836 174 2836 1214 2836 174 2837 176 2837 1214 2837 1214 2838 176 2838 1261 2838 176 2839 178 2839 1261 2839 1261 2840 178 2840 1310 2840 178 2841 180 2841 1310 2841 1310 2842 180 2842 1361 2842 180 2843 182 2843 1361 2843 1361 2844 182 2844 1414 2844 182 2845 184 2845 1414 2845 1414 2846 184 2846 1469 2846 184 2847 186 2847 1469 2847 1469 2848 186 2848 1526 2848 186 2849 188 2849 1526 2849 1526 2850 188 2850 1585 2850 188 2851 190 2851 1585 2851 1585 2852 190 2852 1646 2852 190 2853 192 2853 1646 2853 1646 2854 192 2854 1709 2854 192 2855 194 2855 1709 2855 1709 2855 194 2855 1774 2855 194 2856 196 2856 1774 2856 1774 2857 196 2857 1841 2857 196 2858 198 2858 1841 2858 1841 2859 198 2859 1909 2859 198 2860 200 2860 1909 2860 1909 2860 200 2860 1945 2860 200 2861 202 2861 1945 2861 1945 2862 202 2862 650 2862 202 2863 204 2863 650 2863 650 2863 204 2863 651 2863 204 2864 206 2864 651 2864 651 2864 206 2864 686 2864 206 2865 208 2865 686 2865 686 2866 208 2866 1874 2866 208 2867 210 2867 1874 2867 1874 2867 210 2867 1873 2867 210 2868 212 2868 1873 2868 1873 2869 212 2869 1872 2869 212 2870 214 2870 1872 2870 1872 2871 214 2871 1871 2871 214 2872 216 2872 1871 2872 1871 2872 216 2872 1870 2872 216 2873 218 2873 1870 2873 1870 2874 218 2874 1869 2874 218 2875 220 2875 1869 2875 1869 2876 220 2876 1868 2876 220 2877 222 2877 1868 2877 1868 2878 222 2878 1867 2878 222 2879 224 2879 1867 2879 1867 2880 224 2880 1866 2880 224 2881 226 2881 1866 2881 1866 2882 226 2882 1865 2882 226 2883 228 2883 1865 2883 1865 2884 228 2884 1864 2884 228 2885 230 2885 1864 2885 1864 2886 230 2886 1863 2886 230 2887 232 2887 1863 2887 1863 2888 232 2888 1862 2888 232 2889 234 2889 1862 2889 1862 2890 234 2890 1861 2890 234 2891 236 2891 1861 2891 1861 2892 236 2892 1860 2892 236 2893 238 2893 1860 2893 1860 2894 238 2894 1859 2894 238 2895 240 2895 1859 2895 1859 2896 240 2896 1858 2896 240 2897 242 2897 1858 2897 1858 2898 242 2898 1857 2898 242 2899 244 2899 1857 2899 1857 2900 244 2900 1856 2900 244 2901 246 2901 1856 2901 1856 2902 246 2902 1855 2902 246 2903 248 2903 1855 2903 1855 2904 248 2904 1854 2904 248 2905 250 2905 1854 2905 1854 2906 250 2906 1853 2906 250 2907 252 2907 1853 2907 1853 2908 252 2908 1852 2908 252 2909 254 2909 1852 2909 1852 2910 254 2910 1851 2910 254 2911 256 2911 1851 2911 1851 2912 256 2912 1850 2912 256 2913 258 2913 1850 2913 1850 2914 258 2914 1849 2914 258 2915 260 2915 1849 2915 1849 2916 260 2916 1848 2916 260 2917 262 2917 1848 2917 1848 2918 262 2918 1847 2918 262 2919 264 2919 1847 2919 1847 2920 264 2920 1846 2920 264 2921 266 2921 1846 2921 1846 2921 266 2921 1845 2921 266 2922 268 2922 1845 2922 1845 2923 268 2923 1844 2923 268 2924 270 2924 1844 2924 1844 2925 270 2925 1843 2925 270 2926 272 2926 1843 2926 1843 2926 272 2926 1842 2926 272 2927 274 2927 1842 2927 1842 2928 274 2928 1807 2928 274 2929 276 2929 1807 2929 1807 2930 276 2930 690 2930 276 2798 278 2798 690 2798 298 2931 138 2931 296 2931 138 2932 140 2932 296 2932 296 2933 140 2933 294 2933 140 2934 142 2934 294 2934 294 2935 142 2935 292 2935 142 2936 0 2936 292 2936 292 2937 0 2937 290 2937 0 2938 2 2938 290 2938 290 2939 2 2939 288 2939 2 2940 4 2940 288 2940 288 2941 4 2941 430 2941 4 2942 6 2942 430 2942 430 2943 6 2943 428 2943 6 2944 8 2944 428 2944 428 2945 8 2945 426 2945 8 2946 10 2946 426 2946 426 2946 10 2946 424 2946 10 2947 12 2947 424 2947 424 2947 12 2947 422 2947 12 2948 14 2948 422 2948 422 2948 14 2948 420 2948 14 2949 16 2949 420 2949 420 2949 16 2949 418 2949 16 2950 18 2950 418 2950 418 2950 18 2950 416 2950 18 2951 20 2951 416 2951 416 2951 20 2951 414 2951 20 2952 22 2952 414 2952 414 2953 22 2953 412 2953 22 2954 24 2954 412 2954 412 2954 24 2954 410 2954 24 2955 26 2955 410 2955 410 2955 26 2955 408 2955 26 2956 28 2956 408 2956 408 2957 28 2957 406 2957 28 2958 30 2958 406 2958 406 2959 30 2959 404 2959 30 2960 32 2960 404 2960 404 2960 32 2960 402 2960 32 2961 34 2961 402 2961 402 2961 34 2961 400 2961 34 2962 36 2962 400 2962 400 2963 36 2963 398 2963 36 2964 38 2964 398 2964 398 2964 38 2964 396 2964 38 2965 40 2965 396 2965 396 2965 40 2965 394 2965 40 2966 42 2966 394 2966 394 2966 42 2966 392 2966 42 2967 44 2967 392 2967 392 2967 44 2967 390 2967 44 2968 46 2968 390 2968 390 2968 46 2968 388 2968 46 2969 48 2969 388 2969 388 2969 48 2969 386 2969 48 2970 50 2970 386 2970 386 2971 50 2971 384 2971 50 2972 52 2972 384 2972 384 2973 52 2973 382 2973 52 2974 54 2974 382 2974 382 2975 54 2975 380 2975 54 2976 56 2976 380 2976 380 2977 56 2977 378 2977 56 2978 58 2978 378 2978 378 2979 58 2979 376 2979 58 2980 60 2980 376 2980 376 2981 60 2981 374 2981 60 2982 62 2982 374 2982 374 2983 62 2983 372 2983 62 2984 64 2984 372 2984 372 2985 64 2985 370 2985 64 2986 66 2986 370 2986 370 2986 66 2986 368 2986 66 2987 68 2987 368 2987 368 2988 68 2988 366 2988 68 2989 70 2989 366 2989 366 2990 70 2990 364 2990 70 2991 72 2991 364 2991 364 2992 72 2992 362 2992 72 2993 74 2993 362 2993 362 2994 74 2994 360 2994 74 2995 76 2995 360 2995 360 2996 76 2996 358 2996 76 2997 78 2997 358 2997 358 2998 78 2998 356 2998 78 2999 80 2999 356 2999 356 3000 80 3000 354 3000 80 3001 82 3001 354 3001 354 3001 82 3001 352 3001 82 3002 84 3002 352 3002 352 3002 84 3002 350 3002 84 3003 86 3003 350 3003 350 3003 86 3003 348 3003 86 3004 88 3004 348 3004 348 3004 88 3004 346 3004 88 3005 90 3005 346 3005 346 3005 90 3005 344 3005 90 3006 92 3006 344 3006 344 3006 92 3006 342 3006 92 3007 94 3007 342 3007 342 3008 94 3008 340 3008 94 3009 96 3009 340 3009 340 3009 96 3009 338 3009 96 3010 98 3010 338 3010 338 3010 98 3010 336 3010 98 3011 100 3011 336 3011 336 3012 100 3012 334 3012 100 3013 102 3013 334 3013 334 3014 102 3014 332 3014 102 3015 104 3015 332 3015 332 3015 104 3015 330 3015 104 3016 106 3016 330 3016 330 3016 106 3016 328 3016 106 3017 108 3017 328 3017 328 3018 108 3018 326 3018 108 3019 110 3019 326 3019 326 3019 110 3019 324 3019 110 3020 112 3020 324 3020 324 3020 112 3020 322 3020 112 3021 114 3021 322 3021 322 3021 114 3021 320 3021 114 3022 116 3022 320 3022 320 3022 116 3022 318 3022 116 3023 118 3023 318 3023 318 3023 118 3023 316 3023 118 3024 120 3024 316 3024 316 3024 120 3024 314 3024 120 3025 122 3025 314 3025 314 3026 122 3026 312 3026 122 3027 124 3027 312 3027 312 3028 124 3028 310 3028 124 3029 126 3029 310 3029 310 3030 126 3030 308 3030 126 3031 128 3031 308 3031 308 3032 128 3032 306 3032 128 3033 130 3033 306 3033 306 3034 130 3034 304 3034 130 3035 132 3035 304 3035 304 3036 132 3036 302 3036 132 3037 134 3037 302 3037 302 3038 134 3038 300 3038 134 3039 136 3039 300 3039 300 3039 136 3039 298 3039 136 2931 138 2931 298 2931 371 3040 524 3040 373 3040 524 3041 522 3041 373 3041 373 3042 522 3042 375 3042 522 3043 520 3043 375 3043 375 3043 520 3043 377 3043 520 3044 518 3044 377 3044 377 3045 518 3045 379 3045 518 3046 516 3046 379 3046 379 3047 516 3047 381 3047 516 3048 514 3048 381 3048 381 3049 514 3049 383 3049 514 3050 512 3050 383 3050 383 3051 512 3051 385 3051 512 3052 510 3052 385 3052 385 3052 510 3052 387 3052 510 3053 508 3053 387 3053 387 3054 508 3054 389 3054 508 3055 506 3055 389 3055 389 3056 506 3056 391 3056 506 3057 648 3057 391 3057 391 3057 648 3057 393 3057 648 3058 646 3058 393 3058 393 3059 646 3059 395 3059 646 3060 644 3060 395 3060 395 3061 644 3061 397 3061 644 3062 642 3062 397 3062 397 3063 642 3063 399 3063 642 3064 640 3064 399 3064 399 3065 640 3065 401 3065 640 3066 638 3066 401 3066 401 3067 638 3067 403 3067 638 3068 636 3068 403 3068 403 3068 636 3068 405 3068 636 3069 634 3069 405 3069 405 3070 634 3070 407 3070 634 3071 632 3071 407 3071 407 3072 632 3072 409 3072 632 3073 630 3073 409 3073 409 3073 630 3073 411 3073 630 3074 628 3074 411 3074 411 3075 628 3075 413 3075 628 3076 626 3076 413 3076 413 3077 626 3077 415 3077 626 3078 624 3078 415 3078 415 3079 624 3079 417 3079 624 3080 622 3080 417 3080 417 3081 622 3081 419 3081 622 3082 620 3082 419 3082 419 3083 620 3083 421 3083 620 3084 618 3084 421 3084 421 3084 618 3084 423 3084 618 3085 616 3085 423 3085 423 3086 616 3086 425 3086 616 3087 614 3087 425 3087 425 3088 614 3088 427 3088 614 3089 612 3089 427 3089 427 3089 612 3089 429 3089 612 3090 610 3090 429 3090 429 3091 610 3091 431 3091 610 3092 608 3092 431 3092 431 3093 608 3093 289 3093 608 3094 606 3094 289 3094 289 3095 606 3095 291 3095 606 3096 604 3096 291 3096 291 3097 604 3097 293 3097 604 3098 602 3098 293 3098 293 3098 602 3098 295 3098 602 3099 600 3099 295 3099 295 3100 600 3100 297 3100 600 3101 598 3101 297 3101 297 3101 598 3101 299 3101 598 3102 596 3102 299 3102 299 3102 596 3102 301 3102 596 3103 594 3103 301 3103 301 3104 594 3104 303 3104 594 3105 592 3105 303 3105 303 3105 592 3105 305 3105 592 3106 590 3106 305 3106 305 3107 590 3107 307 3107 590 3108 588 3108 307 3108 307 3109 588 3109 309 3109 588 3110 586 3110 309 3110 309 3111 586 3111 311 3111 586 3112 584 3112 311 3112 311 3113 584 3113 313 3113 584 3114 582 3114 313 3114 313 3114 582 3114 315 3114 582 3115 580 3115 315 3115 315 3116 580 3116 317 3116 580 3117 578 3117 317 3117 317 3118 578 3118 319 3118 578 3119 576 3119 319 3119 319 3119 576 3119 321 3119 576 3120 574 3120 321 3120 321 3121 574 3121 323 3121 574 3122 572 3122 323 3122 323 3123 572 3123 325 3123 572 3124 570 3124 325 3124 325 3125 570 3125 327 3125 570 3126 568 3126 327 3126 327 3127 568 3127 329 3127 568 3128 566 3128 329 3128 329 3129 566 3129 331 3129 566 3130 564 3130 331 3130 331 3130 564 3130 333 3130 564 3131 562 3131 333 3131 333 3132 562 3132 335 3132 562 3133 560 3133 335 3133 335 3134 560 3134 337 3134 560 3135 558 3135 337 3135 337 3135 558 3135 339 3135 558 3136 556 3136 339 3136 339 3137 556 3137 341 3137 556 3138 554 3138 341 3138 341 3139 554 3139 343 3139 554 3140 552 3140 343 3140 343 3141 552 3141 345 3141 552 3142 550 3142 345 3142 345 3143 550 3143 347 3143 550 3144 548 3144 347 3144 347 3145 548 3145 349 3145 548 3146 546 3146 349 3146 349 3146 546 3146 351 3146 546 3147 544 3147 351 3147 351 3148 544 3148 353 3148 544 3149 542 3149 353 3149 353 3150 542 3150 355 3150 542 3151 540 3151 355 3151 355 3151 540 3151 357 3151 540 3152 538 3152 357 3152 357 3153 538 3153 359 3153 538 3154 536 3154 359 3154 359 3155 536 3155 361 3155 536 3156 534 3156 361 3156 361 3157 534 3157 363 3157 534 3158 532 3158 363 3158 363 3159 532 3159 365 3159 532 3160 530 3160 365 3160 365 3160 530 3160 367 3160 530 3161 528 3161 367 3161 367 3162 528 3162 369 3162 528 3163 526 3163 369 3163 369 3164 526 3164 371 3164 526 3040 524 3040 371 3040 525 3165 433 3165 523 3165 433 3166 432 3166 523 3166 523 3167 432 3167 521 3167 432 3168 439 3168 521 3168 521 3169 439 3169 519 3169 439 3170 438 3170 519 3170 519 3171 438 3171 517 3171 438 3172 437 3172 517 3172 517 3173 437 3173 515 3173 437 3174 442 3174 515 3174 515 3175 442 3175 513 3175 442 3176 441 3176 513 3176 513 3176 441 3176 511 3176 441 3177 440 3177 511 3177 511 3178 440 3178 509 3178 440 3179 445 3179 509 3179 509 3180 445 3180 507 3180 445 3181 444 3181 507 3181 507 3182 444 3182 505 3182 444 3183 443 3183 505 3183 505 3184 443 3184 647 3184 443 3185 448 3185 647 3185 647 2966 448 2966 645 2966 448 3186 447 3186 645 3186 645 3187 447 3187 643 3187 447 3188 446 3188 643 3188 643 3189 446 3189 641 3189 446 3190 451 3190 641 3190 641 3191 451 3191 639 3191 451 3192 450 3192 639 3192 639 3193 450 3193 637 3193 450 3194 449 3194 637 3194 637 3194 449 3194 635 3194 449 3195 454 3195 635 3195 635 3196 454 3196 633 3196 454 3197 453 3197 633 3197 633 3198 453 3198 631 3198 453 3199 452 3199 631 3199 631 3199 452 3199 629 3199 452 3200 457 3200 629 3200 629 3201 457 3201 627 3201 457 3202 456 3202 627 3202 627 3203 456 3203 625 3203 456 3204 455 3204 625 3204 625 3205 455 3205 623 3205 455 3206 460 3206 623 3206 623 3207 460 3207 621 3207 460 2949 459 2949 621 2949 621 3208 459 3208 619 3208 459 3209 458 3209 619 3209 619 3210 458 3210 617 3210 458 3211 463 3211 617 3211 617 3212 463 3212 615 3212 463 3213 462 3213 615 3213 615 2849 462 2849 613 2849 462 3214 461 3214 613 3214 613 3215 461 3215 611 3215 461 3216 466 3216 611 3216 611 3216 466 3216 609 3216 466 3217 465 3217 609 3217 609 3218 465 3218 607 3218 465 3219 464 3219 607 3219 607 3220 464 3220 605 3220 464 3221 469 3221 605 3221 605 3222 469 3222 603 3222 469 3223 468 3223 603 3223 603 3224 468 3224 601 3224 468 3225 467 3225 601 3225 601 3226 467 3226 599 3226 467 2863 472 2863 599 2863 599 3227 472 3227 597 3227 472 2864 471 2864 597 2864 597 3228 471 3228 595 3228 471 3229 470 3229 595 3229 595 3230 470 3230 593 3230 470 3231 475 3231 593 3231 593 3232 475 3232 591 3232 475 3233 474 3233 591 3233 591 3234 474 3234 589 3234 474 3235 473 3235 589 3235 589 3236 473 3236 587 3236 473 3237 478 3237 587 3237 587 3238 478 3238 585 3238 478 3239 477 3239 585 3239 585 3239 477 3239 583 3239 477 3240 476 3240 583 3240 583 3241 476 3241 581 3241 476 3242 481 3242 581 3242 581 3243 481 3243 579 3243 481 3244 480 3244 579 3244 579 3245 480 3245 577 3245 480 3246 479 3246 577 3246 577 3247 479 3247 575 3247 479 3248 484 3248 575 3248 575 3021 484 3021 573 3021 484 3249 483 3249 573 3249 573 3250 483 3250 571 3250 483 3251 482 3251 571 3251 571 3252 482 3252 569 3252 482 3253 487 3253 569 3253 569 3254 487 3254 567 3254 487 3255 486 3255 567 3255 567 3256 486 3256 565 3256 486 3257 485 3257 565 3257 565 3257 485 3257 563 3257 485 3258 490 3258 563 3258 563 3259 490 3259 561 3259 490 3260 489 3260 561 3260 561 3261 489 3261 559 3261 489 3262 488 3262 559 3262 559 3262 488 3262 557 3262 488 3263 493 3263 557 3263 557 3264 493 3264 555 3264 493 3265 492 3265 555 3265 555 3266 492 3266 553 3266 492 3267 491 3267 553 3267 553 3268 491 3268 551 3268 491 3269 496 3269 551 3269 551 3270 496 3270 549 3270 496 3004 495 3004 549 3004 549 3271 495 3271 547 3271 495 3272 494 3272 547 3272 547 3273 494 3273 545 3273 494 3274 499 3274 545 3274 545 3275 499 3275 543 3275 499 3276 498 3276 543 3276 543 2915 498 2915 541 2915 498 3277 497 3277 541 3277 541 3278 497 3278 539 3278 497 3279 502 3279 539 3279 539 3279 502 3279 537 3279 502 3280 501 3280 537 3280 537 3281 501 3281 535 3281 501 3282 500 3282 535 3282 535 3283 500 3283 533 3283 500 3284 504 3284 533 3284 533 3285 504 3285 531 3285 504 3286 503 3286 531 3286 531 3287 503 3287 529 3287 503 3288 436 3288 529 3288 529 3289 436 3289 527 3289 436 2929 435 2929 527 2929 527 3290 435 3290 525 3290 435 2798 433 2798 525 2798</p>
        </triangles>
      </mesh>
    </geometry>
  </library_geometries>
  <library_visual_scenes>
    <visual_scene id="Scene" name="Scene">
      <node id="front_controller_rod" name="front_controller_rod" type="NODE">
        <matrix sid="transform">1 0 0 0 0 1 0 0 0 0 1 0 0 0 0 1</matrix>
        <instance_geometry url="#front_controller_rod-mesh" name="front_controller_rod"/>
      </node>
    </visual_scene>
  </library_visual_scenes>
  <scene>
    <instance_visual_scene url="#Scene"/>
  </scene>
</COLLADA>