<?xml version="1.0" encoding="utf-8"?>
<COLLADA xmlns="http://www.collada.org/2005/11/COLLADASchema" version="1.4.1" xmlns:xsi="http://www.w3.org/2001/XMLSchema-instance">
  <asset>
    <contributor>
      <author>Blender User</author>
      <authoring_tool>Blender 3.0.1</authoring_tool>
    </contributor>
    <created>2026-06-04T16:18:50</created>
    <modified>2026-06-04T16:18:50</modified>
    <unit name="meter" meter="1"/>
    <up_axis>Z_UP</up_axis>
  </asset>
  <library_images/>
  <library_geometries>
    <geometry id="heim_joint_m8_outer_part-mesh" name="heim_joint_m8_outer_part">
      <mesh>
        <source id="heim_joint_m8_outer_part-mesh-positions">
          <float_array id="heim_joint_m8_outer_part-mesh-positions-array" count="15993">0 -0.003058314 -0.006213128 5.38543e-4 -0.003135621 -0.00615555 5.41513e-4 -0.003058314 -0.006189465 0.001072943 -0.003135621 -0.006085157 0.001078903 -0.003058314 -0.006118714 0.001599252 -0.003135621 -0.005968511 0.001608073 -0.003058314 -0.006001412 0.002113342 -0.003135621 -0.005806386 0.002125024 -0.003058314 -0.005838453 0.002611339 -0.003135621 -0.005600094 0.002625763 -0.003058314 -0.005631029 0.003089487 -0.003135621 -0.005351185 0.003106534 -0.003058314 -0.005380749 0.003544151 -0.003135621 -0.005061566 0.003563702 -0.003058314 -0.005089521 0.003971815 -0.003135621 -0.004733443 0.00399369 -0.003058314 -0.00475955 0.004369258 -0.003135621 -0.004369258 0.004393339 -0.003058314 -0.004393339 0.004733443 -0.003135621 -0.003971815 0.00475955 -0.003058314 -0.00399369 0.005061566 -0.003135621 -0.003544151 0.005089521 -0.003058314 -0.003563702 0.005351185 -0.003135621 -0.003089487 0.005380749 -0.003058314 -0.003106534 0.005600094 -0.003135621 -0.002611339 0.005631029 -0.003058314 -0.002625763 0.005806386 -0.003135621 -0.002113342 0.005838453 -0.003058314 -0.002125024 0.005968511 -0.003135621 -0.001599252 0.006001412 -0.003058314 -0.001608073 0.006085157 -0.003135621 -0.001072943 0.006118714 -0.003058314 -0.001078903 0.00615555 -0.003135621 -5.38543e-4 0.006189465 -0.003058314 -5.41513e-4 0.006179034 -0.003135621 0 0.006213128 -0.003058314 0 0.00615555 -0.003135621 5.38543e-4 0.006189465 -0.003058314 5.41513e-4 0.006085157 -0.003135621 0.001072943 0.006118714 -0.003058314 0.001078903 0.005968511 -0.003135621 0.001599252 0.006001412 -0.003058314 0.001608073 0.005806386 -0.003135621 0.002113342 0.005838453 -0.003058314 0.002125024 0.005600094 -0.003135621 0.002611339 0.005631029 -0.003058314 0.002625763 0.005351185 -0.003135621 0.003089487 0.005380749 -0.003058314 0.003106534 0.005061566 -0.003135621 0.003544151 0.005089521 -0.003058314 0.003563702 0.004733443 -0.003135621 0.003971815 0.00475955 -0.003058314 0.00399369 0.004369258 -0.003135621 0.004369258 0.004393339 -0.003058314 0.004393339 0.003971815 -0.003135621 0.004733443 0.00399369 -0.003058314 0.00475955 0.003544151 -0.003135621 0.005061566 0.003563702 -0.003058314 0.005089521 0.003089487 -0.003135621 0.005351185 0.003106534 -0.003058314 0.005380749 0.002611339 -0.003135621 0.005600094 0.002625763 -0.003058314 0.005631029 0.002113342 -0.003135621 0.005806386 0.002125024 -0.003058314 0.005838453 0.001599252 -0.003135621 0.005968511 0.001608073 -0.003058314 0.006001412 0.001072943 -0.003135621 0.006085157 0.001078903 -0.003058314 0.006118714 5.38543e-4 -0.003135621 0.00615555 5.41513e-4 -0.003058314 0.006189465 0 -0.003135621 0.006179034 0 -0.003058314 0.006213128 -5.38543e-4 -0.003135621 0.00615555 -5.41513e-4 -0.003058314 0.006189465 -0.001072943 -0.003135621 0.006085157 -0.001078903 -0.003058314 0.006118714 -0.001599252 -0.003135621 0.005968511 -0.001608073 -0.003058314 0.006001412 -0.002113342 -0.003135621 0.005806386 -0.002125024 -0.003058314 0.005838453 -0.002611339 -0.003135621 0.005600094 -0.002625763 -0.003058314 0.005631029 -0.003089487 -0.003135621 0.005351185 -0.003106534 -0.003058314 0.005380749 -0.003544151 -0.003135621 0.005061566 -0.003563702 -0.003058314 0.005089521 -0.003971815 -0.003135621 0.004733443 -0.00399369 -0.003058314 0.00475955 -0.004369258 -0.003135621 0.004369258 -0.004393339 -0.003058314 0.004393339 -0.004733443 -0.003135621 0.003971815 -0.00475955 -0.003058314 0.00399369 -0.005061566 -0.003135621 0.003544151 -0.005089521 -0.003058314 0.003563702 -0.005351185 -0.003135621 0.003089487 -0.005380749 -0.003058314 0.003106534 -0.005600094 -0.003135621 0.002611339 -0.005631029 -0.003058314 0.002625763 -0.005806386 -0.003135621 0.002113342 -0.005838453 -0.003058314 0.002125024 -0.005968511 -0.003135621 0.001599252 -0.006001412 -0.003058314 0.001608073 -0.006085157 -0.003135621 0.001072943 -0.006118714 -0.003058314 0.001078903 -0.00615555 -0.003135621 5.38543e-4 -0.006189465 -0.003058314 5.41513e-4 -0.006179034 -0.003135621 0 -0.006213128 -0.003058314 0 -0.00615555 -0.003135621 -5.38543e-4 -0.006189465 -0.003058314 -5.41513e-4 -0.006085157 -0.003135621 -0.001072943 -0.006118714 -0.003058314 -0.001078903 -0.005968511 -0.003135621 -0.001599252 -0.006001412 -0.003058314 -0.001608073 -0.005806386 -0.003135621 -0.002113342 -0.005838453 -0.003058314 -0.002125024 -0.005600094 -0.003135621 -0.002611339 -0.005631029 -0.003058314 -0.002625763 -0.005351185 -0.003135621 -0.003089487 -0.005380749 -0.003058314 -0.003106534 -0.005061566 -0.003135621 -0.003544151 -0.005089521 -0.003058314 -0.003563702 -0.004733443 -0.003135621 -0.003971815 -0.00475955 -0.003058314 -0.00399369 -0.004369258 -0.003135621 -0.004369258 -0.004393339 -0.003058314 -0.004393339 -0.003971815 -0.003135621 -0.004733443 -0.00399369 -0.003058314 -0.00475955 -0.003544151 -0.003135621 -0.005061566 -0.003563702 -0.003058314 -0.005089521 -0.003089487 -0.003135621 -0.005351185 -0.003106534 -0.003058314 -0.005380749 -0.002611339 -0.003135621 -0.005600094 -0.002625763 -0.003058314 -0.005631029 -0.002113342 -0.003135621 -0.005806386 -0.002125024 -0.003058314 -0.005838453 -0.001599252 -0.003135621 -0.005968511 -0.001608073 -0.003058314 -0.006001412 -0.001072943 -0.003135621 -0.006085157 -0.001078903 -0.003058314 -0.006118714 -5.38543e-4 -0.003135621 -0.00615555 -5.41513e-4 -0.003058314 -0.006189465 0 -0.003135621 -0.006179034 5.36152e-4 -0.003215551 -0.006128191 0.001068174 -0.003215551 -0.006058156 0.001592159 -0.003215551 -0.005941987 0.002103984 -0.003215551 -0.005780637 0.002599775 -0.003215551 -0.005575239 0.003075778 -0.003215551 -0.005327463 0.003528416 -0.003215551 -0.005039095 0.003954172 -0.003215551 -0.004712402 0.004349827 -0.003215551 -0.004349827 0.004712402 -0.003215551 -0.003954172 0.005039095 -0.003215551 -0.003528416 0.005327463 -0.003215551 -0.003075778 0.005575239 -0.003215551 -0.002599775 0.005780637 -0.003215551 -0.002103984 0.005941987 -0.003215551 -0.001592159 0.006058156 -0.003215551 -0.001068174 0.006128191 -0.003215551 -5.36152e-4 0.006151616 -0.003215551 0 0.006128191 -0.003215551 5.36152e-4 0.006058156 -0.003215551 0.001068174 0.005941987 -0.003215551 0.001592159 0.005780637 -0.003215551 0.002103984 0.005575239 -0.003215551 0.002599775 0.005327463 -0.003215551 0.003075778 0.005039095 -0.003215551 0.003528416 0.004712402 -0.003215551 0.003954172 0.004349827 -0.003215551 0.004349827 0.003954172 -0.003215551 0.004712402 0.003528416 -0.003215551 0.005039095 0.003075778 -0.003215551 0.005327463 0.002599775 -0.003215551 0.005575239 0.002103984 -0.003215551 0.005780637 0.001592159 -0.003215551 0.005941987 0.001068174 -0.003215551 0.006058156 5.36152e-4 -0.003215551 0.006128191 0 -0.003215551 0.006151616 -5.36152e-4 -0.003215551 0.006128191 -0.001068174 -0.003215551 0.006058156 -0.001592159 -0.003215551 0.005941987 -0.002103984 -0.003215551 0.005780637 -0.002599775 -0.003215551 0.005575239 -0.003075778 -0.003215551 0.005327463 -0.003528416 -0.003215551 0.005039095 -0.003954172 -0.003215551 0.004712402 -0.004349827 -0.003215551 0.004349827 -0.004712402 -0.003215551 0.003954172 -0.005039095 -0.003215551 0.003528416 -0.005327463 -0.003215551 0.003075778 -0.005575239 -0.003215551 0.002599775 -0.005780637 -0.003215551 0.002103984 -0.005941987 -0.003215551 0.001592159 -0.006058156 -0.003215551 0.001068174 -0.006128191 -0.003215551 5.36152e-4 -0.006151616 -0.003215551 0 -0.006128191 -0.003215551 -5.36152e-4 -0.006058156 -0.003215551 -0.001068174 -0.005941987 -0.003215551 -0.001592159 -0.005780637 -0.003215551 -0.002103984 -0.005575239 -0.003215551 -0.002599775 -0.005327463 -0.003215551 -0.003075778 -0.005039095 -0.003215551 -0.003528416 -0.004712402 -0.003215551 -0.003954172 -0.004349827 -0.003215551 -0.004349827 -0.003954172 -0.003215551 -0.004712402 -0.003528416 -0.003215551 -0.005039095 -0.003075778 -0.003215551 -0.005327463 -0.002599775 -0.003215551 -0.005575239 -0.002103984 -0.003215551 -0.005780637 -0.001592159 -0.003215551 -0.005941987 -0.001068174 -0.003215551 -0.006058156 -5.36152e-4 -0.003215551 -0.006128191 0 -0.003215551 -0.006151616 5.34358e-4 -0.003297507 -0.006107687 0.001064598 -0.003297507 -0.00603789 0.001586794 -0.003297507 -0.005922138 0.002096891 -0.003297507 -0.005761265 0.002591073 -0.003297507 -0.005556583 0.003065526 -0.003297507 -0.005309641 0.003516614 -0.003297507 -0.005022227 0.003940939 -0.003297507 -0.004696667 0.004335284 -0.003297507 -0.004335284 0.004696667 -0.003297507 -0.003940939 0.005022227 -0.003297507 -0.003516614 0.005309641 -0.003297507 -0.003065526 0.005556583 -0.003297507 -0.002591073 0.005761265 -0.003297507 -0.002096891 0.005922138 -0.003297507 -0.001586794 0.00603789 -0.003297507 -0.001064598 0.006107687 -0.003297507 -5.34358e-4 0.006131052 -0.003297507 0 0.006107687 -0.003297507 5.34358e-4 0.00603789 -0.003297507 0.001064598 0.005922138 -0.003297507 0.001586794 0.005761265 -0.003297507 0.002096891 0.005556583 -0.003297507 0.002591073 0.005309641 -0.003297507 0.003065526 0.005022227 -0.003297507 0.003516614 0.004696667 -0.003297507 0.003940939 0.004335284 -0.003297507 0.004335284 0.003940939 -0.003297507 0.004696667 0.003516614 -0.003297507 0.005022227 0.003065526 -0.003297507 0.005309641 0.002591073 -0.003297507 0.005556583 0.002096891 -0.003297507 0.005761265 0.001586794 -0.003297507 0.005922138 0.001064598 -0.003297507 0.00603789 5.34358e-4 -0.003297507 0.006107687 0 -0.003297507 0.006131052 -5.34358e-4 -0.003297507 0.006107687 -0.001064598 -0.003297507 0.00603789 -0.001586794 -0.003297507 0.005922138 -0.002096891 -0.003297507 0.005761265 -0.002591073 -0.003297507 0.005556583 -0.003065526 -0.003297507 0.005309641 -0.003516614 -0.003297507 0.005022227 -0.003940939 -0.003297507 0.004696667 -0.004335284 -0.003297507 0.004335284 -0.004696667 -0.003297507 0.003940939 -0.005022227 -0.003297507 0.003516614 -0.005309641 -0.003297507 0.003065526 -0.005556583 -0.003297507 0.002591073 -0.005761265 -0.003297507 0.002096891 -0.005922138 -0.003297507 0.001586794 -0.00603789 -0.003297507 0.001064598 -0.006107687 -0.003297507 5.34358e-4 -0.006131052 -0.003297507 0 -0.006107687 -0.003297507 -5.34358e-4 -0.00603789 -0.003297507 -0.001064598 -0.005922138 -0.003297507 -0.001586794 -0.005761265 -0.003297507 -0.002096891 -0.005556583 -0.003297507 -0.002591073 -0.005309641 -0.003297507 -0.003065526 -0.005022227 -0.003297507 -0.003516614 -0.004696667 -0.003297507 -0.003940939 -0.004335284 -0.003297507 -0.004335284 -0.003940939 -0.003297507 -0.004696667 -0.003516614 -0.003297507 -0.005022227 -0.003065526 -0.003297507 -0.005309641 -0.002591073 -0.003297507 -0.005556583 -0.002096891 -0.003297507 -0.005761265 -0.001586794 -0.003297507 -0.005922138 -0.001064598 -0.003297507 -0.00603789 -5.34358e-4 -0.003297507 -0.006107687 0 -0.003297507 -0.006131052 5.33173e-4 -0.003380894 -0.006094157 0.001062273 -0.003380894 -0.006024479 0.001583278 -0.003380894 -0.005909025 0.002092242 -0.003380894 -0.00574851 0.002585351 -0.003380894 -0.005544304 0.003058731 -0.003380894 -0.005297839 0.003508806 -0.003380894 -0.005011081 0.003932178 -0.003380894 -0.004686236 0.004325687 -0.003380894 -0.004325687 0.004686236 -0.003380894 -0.003932178 0.005011081 -0.003380894 -0.003508806 0.005297839 -0.003380894 -0.003058731 0.005544304 -0.003380894 -0.002585351 0.00574851 -0.003380894 -0.002092242 0.005909025 -0.003380894 -0.001583278 0.006024479 -0.003380894 -0.001062273 0.006094157 -0.003380894 -5.33173e-4 0.006117463 -0.003380894 0 0.006094157 -0.003380894 5.33173e-4 0.006024479 -0.003380894 0.001062273 0.005909025 -0.003380894 0.001583278 0.00574851 -0.003380894 0.002092242 0.005544304 -0.003380894 0.002585351 0.005297839 -0.003380894 0.003058731 0.005011081 -0.003380894 0.003508806 0.004686236 -0.003380894 0.003932178 0.004325687 -0.003380894 0.004325687 0.003932178 -0.003380894 0.004686236 0.003508806 -0.003380894 0.005011081 0.003058731 -0.003380894 0.005297839 0.002585351 -0.003380894 0.005544304 0.002092242 -0.003380894 0.00574851 0.001583278 -0.003380894 0.005909025 0.001062273 -0.003380894 0.006024479 5.33173e-4 -0.003380894 0.006094157 0 -0.003380894 0.006117463 -5.33173e-4 -0.003380894 0.006094157 -0.001062273 -0.003380894 0.006024479 -0.001583278 -0.003380894 0.005909025 -0.002092242 -0.003380894 0.00574851 -0.002585351 -0.003380894 0.005544304 -0.003058731 -0.003380894 0.005297839 -0.003508806 -0.003380894 0.005011081 -0.003932178 -0.003380894 0.004686236 -0.004325687 -0.003380894 0.004325687 -0.004686236 -0.003380894 0.003932178 -0.005011081 -0.003380894 0.003508806 -0.005297839 -0.003380894 0.003058731 -0.005544304 -0.003380894 0.002585351 -0.00574851 -0.003380894 0.002092242 -0.005909025 -0.003380894 0.001583278 -0.006024479 -0.003380894 0.001062273 -0.006094157 -0.003380894 5.33173e-4 -0.006117463 -0.003380894 0 -0.006094157 -0.003380894 -5.33173e-4 -0.006024479 -0.003380894 -0.001062273 -0.005909025 -0.003380894 -0.001583278 -0.00574851 -0.003380894 -0.002092242 -0.005544304 -0.003380894 -0.002585351 -0.005297839 -0.003380894 -0.003058731 -0.005011081 -0.003380894 -0.003508806 -0.004686236 -0.003380894 -0.003932178 -0.004325687 -0.003380894 -0.004325687 -0.003932178 -0.003380894 -0.004686236 -0.003508806 -0.003380894 -0.005011081 -0.003058731 -0.003380894 -0.005297839 -0.002585351 -0.003380894 -0.005544304 -0.002092242 -0.003380894 -0.00574851 -0.001583278 -0.003380894 -0.005909025 -0.001062273 -0.003380894 -0.006024479 -5.33173e-4 -0.003380894 -0.006094157 0 -0.003380894 -0.006117463 5.32605e-4 -0.003465116 -0.00608766 0.001061141 -0.003465116 -0.006018102 0.001581609 -0.003465116 -0.005902707 0.002090036 -0.003465116 -0.005742371 0.00258255 -0.003465116 -0.005538403 0.003055453 -0.003465116 -0.005292236 0.003505051 -0.003465116 -0.005005776 0.003928005 -0.003465116 -0.004681229 0.004321098 -0.003465116 -0.004321098 0.004681229 -0.003465116 -0.003928005 0.005005776 -0.003465116 -0.003505051 0.005292236 -0.003465116 -0.003055453 0.005538403 -0.003465116 -0.00258255 0.005742371 -0.003465116 -0.002090036 0.005902707 -0.003465116 -0.001581609 0.006018102 -0.003465116 -0.001061141 0.00608766 -0.003465116 -5.32605e-4 0.006110906 -0.003465116 0 0.00608766 -0.003465116 5.32605e-4 0.006018102 -0.003465116 0.001061141 0.005902707 -0.003465116 0.001581609 0.005742371 -0.003465116 0.002090036 0.005538403 -0.003465116 0.00258255 0.005292236 -0.003465116 0.003055453 0.005005776 -0.003465116 0.003505051 0.004681229 -0.003465116 0.003928005 0.004321098 -0.003465116 0.004321098 0.003928005 -0.003465116 0.004681229 0.003505051 -0.003465116 0.005005776 0.003055453 -0.003465116 0.005292236 0.00258255 -0.003465116 0.005538403 0.002090036 -0.003465116 0.005742371 0.001581609 -0.003465116 0.005902707 0.001061141 -0.003465116 0.006018102 5.32605e-4 -0.003465116 0.00608766 0 -0.003465116 0.006110906 -5.32605e-4 -0.003465116 0.00608766 -0.001061141 -0.003465116 0.006018102 -0.001581609 -0.003465116 0.005902707 -0.002090036 -0.003465116 0.005742371 -0.00258255 -0.003465116 0.005538403 -0.003055453 -0.003465116 0.005292236 -0.003505051 -0.003465116 0.005005776 -0.003928005 -0.003465116 0.004681229 -0.004321098 -0.003465116 0.004321098 -0.004681229 -0.003465116 0.003928005 -0.005005776 -0.003465116 0.003505051 -0.005292236 -0.003465116 0.003055453 -0.005538403 -0.003465116 0.00258255 -0.005742371 -0.003465116 0.002090036 -0.005902707 -0.003465116 0.001581609 -0.006018102 -0.003465116 0.001061141 -0.00608766 -0.003465116 5.32605e-4 -0.006110906 -0.003465116 0 -0.00608766 -0.003465116 -5.32605e-4 -0.006018102 -0.003465116 -0.001061141 -0.005902707 -0.003465116 -0.001581609 -0.005742371 -0.003465116 -0.002090036 -0.005538403 -0.003465116 -0.00258255 -0.005292236 -0.003465116 -0.003055453 -0.005005776 -0.003465116 -0.003505051 -0.004681229 -0.003465116 -0.003928005 -0.004321098 -0.003465116 -0.004321098 -0.003928005 -0.003465116 -0.004681229 -0.003505051 -0.003465116 -0.005005776 -0.003055453 -0.003465116 -0.005292236 -0.00258255 -0.003465116 -0.005538403 -0.002090036 -0.003465116 -0.005742371 -0.001581609 -0.003465116 -0.005902707 -0.001061141 -0.003465116 -0.006018102 -5.32605e-4 -0.003465116 -0.00608766 0 -0.003465116 -0.006110906 5.3266e-4 -0.003549575 -0.006088316 0.00106126 -0.003549575 -0.006018698 0.001581788 -0.003549575 -0.005903303 0.002090275 -0.003549575 -0.005742967 0.002582848 -0.003549575 -0.00553894 0.003055751 -0.003549575 -0.005292773 0.003505408 -0.003549575 -0.005006313 0.003928422 -0.003549575 -0.004681706 0.004321515 -0.003549575 -0.004321515 0.004681706 -0.003549575 -0.003928422 0.005006313 -0.003549575 -0.003505408 0.005292773 -0.003549575 -0.003055751 0.00553894 -0.003549575 -0.002582848 0.005742967 -0.003549575 -0.002090275 0.005903303 -0.003549575 -0.001581788 0.006018698 -0.003549575 -0.00106126 0.006088316 -0.003549575 -5.3266e-4 0.006111562 -0.003549575 0 0.006088316 -0.003549575 5.3266e-4 0.006018698 -0.003549575 0.00106126 0.005903303 -0.003549575 0.001581788 0.005742967 -0.003549575 0.002090275 0.00553894 -0.003549575 0.002582848 0.005292773 -0.003549575 0.003055751 0.005006313 -0.003549575 0.003505408 0.004681706 -0.003549575 0.003928422 0.004321515 -0.003549575 0.004321515 0.003928422 -0.003549575 0.004681706 0.003505408 -0.003549575 0.005006313 0.003055751 -0.003549575 0.005292773 0.002582848 -0.003549575 0.00553894 0.002090275 -0.003549575 0.005742967 0.001581788 -0.003549575 0.005903303 0.00106126 -0.003549575 0.006018698 5.3266e-4 -0.003549575 0.006088316 0 -0.003549575 0.006111562 -5.3266e-4 -0.003549575 0.006088316 -0.00106126 -0.003549575 0.006018698 -0.001581788 -0.003549575 0.005903303 -0.002090275 -0.003549575 0.005742967 -0.002582848 -0.003549575 0.00553894 -0.003055751 -0.003549575 0.005292773 -0.003505408 -0.003549575 0.005006313 -0.003928422 -0.003549575 0.004681706 -0.004321515 -0.003549575 0.004321515 -0.004681706 -0.003549575 0.003928422 -0.005006313 -0.003549575 0.003505408 -0.005292773 -0.003549575 0.003055751 -0.00553894 -0.003549575 0.002582848 -0.005742967 -0.003549575 0.002090275 -0.005903303 -0.003549575 0.001581788 -0.006018698 -0.003549575 0.00106126 -0.006088316 -0.003549575 5.3266e-4 -0.006111562 -0.003549575 0 -0.006088316 -0.003549575 -5.3266e-4 -0.006018698 -0.003549575 -0.00106126 -0.005903303 -0.003549575 -0.001581788 -0.005742967 -0.003549575 -0.002090275 -0.00553894 -0.003549575 -0.002582848 -0.005292773 -0.003549575 -0.003055751 -0.005006313 -0.003549575 -0.003505408 -0.004681706 -0.003549575 -0.003928422 -0.004321515 -0.003549575 -0.004321515 -0.003928422 -0.003549575 -0.004681706 -0.003505408 -0.003549575 -0.005006313 -0.003055751 -0.003549575 -0.005292773 -0.002582848 -0.003549575 -0.00553894 -0.002090275 -0.003549575 -0.005742967 -0.001581788 -0.003549575 -0.005903303 -0.00106126 -0.003549575 -0.006018698 -5.3266e-4 -0.003549575 -0.006088316 0 -0.003549575 -0.006111562 5.33335e-4 -0.003633737 -0.006096005 0.001062572 -0.003633737 -0.006026327 0.001583755 -0.003633737 -0.005910813 0.002092897 -0.003633737 -0.005750238 0.002586126 -0.003633737 -0.005545973 0.003059625 -0.003633737 -0.005299448 0.003509879 -0.003633737 -0.005012631 0.003933429 -0.003633737 -0.004687666 0.004326999 -0.003633737 -0.004326999 0.004687666 -0.003633737 -0.003933429 0.005012631 -0.003633737 -0.003509879 0.005299448 -0.003633737 -0.003059625 0.005545973 -0.003633737 -0.002586126 0.005750238 -0.003633737 -0.002092897 0.005910813 -0.003633737 -0.001583755 0.006026327 -0.003633737 -0.001062572 0.006096005 -0.003633737 -5.33335e-4 0.00611931 -0.003633737 0 0.006096005 -0.003633737 5.33335e-4 0.006026327 -0.003633737 0.001062572 0.005910813 -0.003633737 0.001583755 0.005750238 -0.003633737 0.002092897 0.005545973 -0.003633737 0.002586126 0.005299448 -0.003633737 0.003059625 0.005012631 -0.003633737 0.003509879 0.004687666 -0.003633737 0.003933429 0.004326999 -0.003633737 0.004326999 0.003933429 -0.003633737 0.004687666 0.003509879 -0.003633737 0.005012631 0.003059625 -0.003633737 0.005299448 0.002586126 -0.003633737 0.005545973 0.002092897 -0.003633737 0.005750238 0.001583755 -0.003633737 0.005910813 0.001062572 -0.003633737 0.006026327 5.33335e-4 -0.003633737 0.006096005 0 -0.003633737 0.00611931 -5.33335e-4 -0.003633737 0.006096005 -0.001062572 -0.003633737 0.006026327 -0.001583755 -0.003633737 0.005910813 -0.002092897 -0.003633737 0.005750238 -0.002586126 -0.003633737 0.005545973 -0.003059625 -0.003633737 0.005299448 -0.003509879 -0.003633737 0.005012631 -0.003933429 -0.003633737 0.004687666 -0.004326999 -0.003633737 0.004326999 -0.004687666 -0.003633737 0.003933429 -0.005012631 -0.003633737 0.003509879 -0.005299448 -0.003633737 0.003059625 -0.005545973 -0.003633737 0.002586126 -0.005750238 -0.003633737 0.002092897 -0.005910813 -0.003633737 0.001583755 -0.006026327 -0.003633737 0.001062572 -0.006096005 -0.003633737 5.33335e-4 -0.00611931 -0.003633737 0 -0.006096005 -0.003633737 -5.33335e-4 -0.006026327 -0.003633737 -0.001062572 -0.005910813 -0.003633737 -0.001583755 -0.005750238 -0.003633737 -0.002092897 -0.005545973 -0.003633737 -0.002586126 -0.005299448 -0.003633737 -0.003059625 -0.005012631 -0.003633737 -0.003509879 -0.004687666 -0.003633737 -0.003933429 -0.004326999 -0.003633737 -0.004326999 -0.003933429 -0.003633737 -0.004687666 -0.003509879 -0.003633737 -0.005012631 -0.003059625 -0.003633737 -0.005299448 -0.002586126 -0.003633737 -0.005545973 -0.002092897 -0.003633737 -0.005750238 -0.001583755 -0.003633737 -0.005910813 -0.001062572 -0.003633737 -0.006026327 -5.33335e-4 -0.003633737 -0.006096005 0 -0.003633737 -0.00611931 5.34628e-4 -0.003716886 -0.006110787 0.001065135 -0.003716886 -0.00604093 0.001587629 -0.003716886 -0.005925118 0.002097964 -0.003716886 -0.005764186 0.002592384 -0.003716886 -0.005559384 0.003067076 -0.003716886 -0.005312323 0.003518402 -0.003716886 -0.00502479 0.003942906 -0.003716886 -0.004698991 0.004337489 -0.003716886 -0.004337489 0.004698991 -0.003716886 -0.003942906 0.00502479 -0.003716886 -0.003518402 0.005312323 -0.003716886 -0.003067076 0.005559384 -0.003716886 -0.002592384 0.005764186 -0.003716886 -0.002097964 0.005925118 -0.003716886 -0.001587629 0.00604093 -0.003716886 -0.001065135 0.006110787 -0.003716886 -5.34628e-4 0.006134152 -0.003716886 0 0.006110787 -0.003716886 5.34628e-4 0.00604093 -0.003716886 0.001065135 0.005925118 -0.003716886 0.001587629 0.005764186 -0.003716886 0.002097964 0.005559384 -0.003716886 0.002592384 0.005312323 -0.003716886 0.003067076 0.00502479 -0.003716886 0.003518402 0.004698991 -0.003716886 0.003942906 0.004337489 -0.003716886 0.004337489 0.003942906 -0.003716886 0.004698991 0.003518402 -0.003716886 0.00502479 0.003067076 -0.003716886 0.005312323 0.002592384 -0.003716886 0.005559384 0.002097964 -0.003716886 0.005764186 0.001587629 -0.003716886 0.005925118 0.001065135 -0.003716886 0.00604093 5.34628e-4 -0.003716886 0.006110787 0 -0.003716886 0.006134152 -5.34628e-4 -0.003716886 0.006110787 -0.001065135 -0.003716886 0.00604093 -0.001587629 -0.003716886 0.005925118 -0.002097964 -0.003716886 0.005764186 -0.002592384 -0.003716886 0.005559384 -0.003067076 -0.003716886 0.005312323 -0.003518402 -0.003716886 0.00502479 -0.003942906 -0.003716886 0.004698991 -0.004337489 -0.003716886 0.004337489 -0.004698991 -0.003716886 0.003942906 -0.00502479 -0.003716886 0.003518402 -0.005312323 -0.003716886 0.003067076 -0.005559384 -0.003716886 0.002592384 -0.005764186 -0.003716886 0.002097964 -0.005925118 -0.003716886 0.001587629 -0.00604093 -0.003716886 0.001065135 -0.006110787 -0.003716886 5.34628e-4 -0.006134152 -0.003716886 0 -0.006110787 -0.003716886 -5.34628e-4 -0.00604093 -0.003716886 -0.001065135 -0.005925118 -0.003716886 -0.001587629 -0.005764186 -0.003716886 -0.002097964 -0.005559384 -0.003716886 -0.002592384 -0.005312323 -0.003716886 -0.003067076 -0.00502479 -0.003716886 -0.003518402 -0.004698991 -0.003716886 -0.003942906 -0.004337489 -0.003716886 -0.004337489 -0.003942906 -0.003716886 -0.004698991 -0.003518402 -0.003716886 -0.00502479 -0.003067076 -0.003716886 -0.005312323 -0.002592384 -0.003716886 -0.005559384 -0.002097964 -0.003716886 -0.005764186 -0.001587629 -0.003716886 -0.005925118 -0.001065135 -0.003716886 -0.00604093 -5.34628e-4 -0.003716886 -0.006110787 0 -0.003716886 -0.006134152 5.36527e-4 -0.003798484 -0.006132483 0.001068949 -0.003798484 -0.006062388 0.001593232 -0.003798484 -0.005946159 0.002105414 -0.003798484 -0.00578469 0.002601563 -0.003798484 -0.005579173 0.003077924 -0.003798484 -0.005331158 0.003530859 -0.003798484 -0.005042612 0.003956973 -0.003798484 -0.004715681 0.004352867 -0.003798484 -0.004352867 0.004715681 -0.003798484 -0.003956973 0.005042612 -0.003798484 -0.003530859 0.005331158 -0.003798484 -0.003077924 0.005579173 -0.003798484 -0.002601563 0.00578469 -0.003798484 -0.002105414 0.005946159 -0.003798484 -0.001593232 0.006062388 -0.003798484 -0.001068949 0.006132483 -0.003798484 -5.36527e-4 0.006155908 -0.003798484 0 0.006132483 -0.003798484 5.36527e-4 0.006062388 -0.003798484 0.001068949 0.005946159 -0.003798484 0.001593232 0.00578469 -0.003798484 0.002105414 0.005579173 -0.003798484 0.002601563 0.005331158 -0.003798484 0.003077924 0.005042612 -0.003798484 0.003530859 0.004715681 -0.003798484 0.003956973 0.004352867 -0.003798484 0.004352867 0.003956973 -0.003798484 0.004715681 0.003530859 -0.003798484 0.005042612 0.003077924 -0.003798484 0.005331158 0.002601563 -0.003798484 0.005579173 0.002105414 -0.003798484 0.00578469 0.001593232 -0.003798484 0.005946159 0.001068949 -0.003798484 0.006062388 5.36527e-4 -0.003798484 0.006132483 0 -0.003798484 0.006155908 -5.36527e-4 -0.003798484 0.006132483 -0.001068949 -0.003798484 0.006062388 -0.001593232 -0.003798484 0.005946159 -0.002105414 -0.003798484 0.00578469 -0.002601563 -0.003798484 0.005579173 -0.003077924 -0.003798484 0.005331158 -0.003530859 -0.003798484 0.005042612 -0.003956973 -0.003798484 0.004715681 -0.004352867 -0.003798484 0.004352867 -0.004715681 -0.003798484 0.003956973 -0.005042612 -0.003798484 0.003530859 -0.005331158 -0.003798484 0.003077924 -0.005579173 -0.003798484 0.002601563 -0.00578469 -0.003798484 0.002105414 -0.005946159 -0.003798484 0.001593232 -0.006062388 -0.003798484 0.001068949 -0.006132483 -0.003798484 5.36527e-4 -0.006155908 -0.003798484 0 -0.006132483 -0.003798484 -5.36527e-4 -0.006062388 -0.003798484 -0.001068949 -0.005946159 -0.003798484 -0.001593232 -0.00578469 -0.003798484 -0.002105414 -0.005579173 -0.003798484 -0.002601563 -0.005331158 -0.003798484 -0.003077924 -0.005042612 -0.003798484 -0.003530859 -0.004715681 -0.003798484 -0.003956973 -0.004352867 -0.003798484 -0.004352867 -0.003956973 -0.003798484 -0.004715681 -0.003530859 -0.003798484 -0.005042612 -0.003077924 -0.003798484 -0.005331158 -0.002601563 -0.003798484 -0.005579173 -0.002105414 -0.003798484 -0.00578469 -0.001593232 -0.003798484 -0.005946159 -0.001068949 -0.003798484 -0.006062388 -5.36527e-4 -0.003798484 -0.006132483 0 -0.003798484 -0.006155908 5.3902e-4 -0.003877997 -0.006160974 0.001073896 -0.003877997 -0.006090581 0.001600682 -0.003877997 -0.005973815 0.00211519 -0.003877997 -0.005811572 0.002613663 -0.003877997 -0.005605101 0.003092229 -0.003877997 -0.005355954 0.00354731 -0.003877997 -0.005066096 0.003975331 -0.003877997 -0.004737615 0.004373133 -0.003877997 -0.004373133 0.004737615 -0.003877997 -0.003975331 0.005066096 -0.003877997 -0.00354731 0.005355954 -0.003877997 -0.003092229 0.005605101 -0.003877997 -0.002613663 0.005811572 -0.003877997 -0.00211519 0.005973815 -0.003877997 -0.001600682 0.006090581 -0.003877997 -0.001073896 0.006160974 -0.003877997 -5.3902e-4 0.006184518 -0.003877997 0 0.006160974 -0.003877997 5.3902e-4 0.006090581 -0.003877997 0.001073896 0.005973815 -0.003877997 0.001600682 0.005811572 -0.003877997 0.00211519 0.005605101 -0.003877997 0.002613663 0.005355954 -0.003877997 0.003092229 0.005066096 -0.003877997 0.00354731 0.004737615 -0.003877997 0.003975331 0.004373133 -0.003877997 0.004373133 0.003975331 -0.003877997 0.004737615 0.00354731 -0.003877997 0.005066096 0.003092229 -0.003877997 0.005355954 0.002613663 -0.003877997 0.005605101 0.00211519 -0.003877997 0.005811572 0.001600682 -0.003877997 0.005973815 0.001073896 -0.003877997 0.006090581 5.3902e-4 -0.003877997 0.006160974 0 -0.003877997 0.006184518 -5.3902e-4 -0.003877997 0.006160974 -0.001073896 -0.003877997 0.006090581 -0.001600682 -0.003877997 0.005973815 -0.00211519 -0.003877997 0.005811572 -0.002613663 -0.003877997 0.005605101 -0.003092229 -0.003877997 0.005355954 -0.00354731 -0.003877997 0.005066096 -0.003975331 -0.003877997 0.004737615 -0.004373133 -0.003877997 0.004373133 -0.004737615 -0.003877997 0.003975331 -0.005066096 -0.003877997 0.00354731 -0.005355954 -0.003877997 0.003092229 -0.005605101 -0.003877997 0.002613663 -0.005811572 -0.003877997 0.00211519 -0.005973815 -0.003877997 0.001600682 -0.006090581 -0.003877997 0.001073896 -0.006160974 -0.003877997 5.3902e-4 -0.006184518 -0.003877997 0 -0.006160974 -0.003877997 -5.3902e-4 -0.006090581 -0.003877997 -0.001073896 -0.005973815 -0.003877997 -0.001600682 -0.005811572 -0.003877997 -0.00211519 -0.005605101 -0.003877997 -0.002613663 -0.005355954 -0.003877997 -0.003092229 -0.005066096 -0.003877997 -0.00354731 -0.004737615 -0.003877997 -0.003975331 -0.004373133 -0.003877997 -0.004373133 -0.003975331 -0.003877997 -0.004737615 -0.00354731 -0.003877997 -0.005066096 -0.003092229 -0.003877997 -0.005355954 -0.002613663 -0.003877997 -0.005605101 -0.00211519 -0.003877997 -0.005811572 -0.001600682 -0.003877997 -0.005973815 -0.001073896 -0.003877997 -0.006090581 -5.3902e-4 -0.003877997 -0.006160974 0 -0.003877997 -0.006184518 5.42089e-4 -0.003954827 -0.006196081 0.001080036 -0.003954827 -0.006125271 0.001609742 -0.003954827 -0.00600779 0.00212723 -0.003954827 -0.005844652 0.002628564 -0.003954827 -0.00563699 0.003109872 -0.003954827 -0.005386471 0.003567516 -0.003954827 -0.005094885 0.003997981 -0.003954827 -0.004764616 0.004397988 -0.003954827 -0.004397988 0.004764616 -0.003954827 -0.003997981 0.005094885 -0.003954827 -0.003567516 0.005386471 -0.003954827 -0.003109872 0.00563699 -0.003954827 -0.002628564 0.005844652 -0.003954827 -0.00212723 0.00600779 -0.003954827 -0.001609742 0.006125271 -0.003954827 -0.001080036 0.006196081 -0.003954827 -5.42089e-4 0.006219744 -0.003954827 0 0.006196081 -0.003954827 5.42089e-4 0.006125271 -0.003954827 0.001080036 0.00600779 -0.003954827 0.001609742 0.005844652 -0.003954827 0.00212723 0.00563699 -0.003954827 0.002628564 0.005386471 -0.003954827 0.003109872 0.005094885 -0.003954827 0.003567516 0.004764616 -0.003954827 0.003997981 0.004397988 -0.003954827 0.004397988 0.003997981 -0.003954827 0.004764616 0.003567516 -0.003954827 0.005094885 0.003109872 -0.003954827 0.005386471 0.002628564 -0.003954827 0.00563699 0.00212723 -0.003954827 0.005844652 0.001609742 -0.003954827 0.00600779 0.001080036 -0.003954827 0.006125271 5.42089e-4 -0.003954827 0.006196081 0 -0.003954827 0.006219744 -5.42089e-4 -0.003954827 0.006196081 -0.001080036 -0.003954827 0.006125271 -0.001609742 -0.003954827 0.00600779 -0.00212723 -0.003954827 0.005844652 -0.002628564 -0.003954827 0.00563699 -0.003109872 -0.003954827 0.005386471 -0.003567516 -0.003954827 0.005094885 -0.003997981 -0.003954827 0.004764616 -0.004397988 -0.003954827 0.004397988 -0.004764616 -0.003954827 0.003997981 -0.005094885 -0.003954827 0.003567516 -0.005386471 -0.003954827 0.003109872 -0.00563699 -0.003954827 0.002628564 -0.005844652 -0.003954827 0.00212723 -0.00600779 -0.003954827 0.001609742 -0.006125271 -0.003954827 0.001080036 -0.006196081 -0.003954827 5.42089e-4 -0.006219744 -0.003954827 0 -0.006196081 -0.003954827 -5.42089e-4 -0.006125271 -0.003954827 -0.001080036 -0.00600779 -0.003954827 -0.001609742 -0.005844652 -0.003954827 -0.00212723 -0.00563699 -0.003954827 -0.002628564 -0.005386471 -0.003954827 -0.003109872 -0.005094885 -0.003954827 -0.003567516 -0.004764616 -0.003954827 -0.003997981 -0.004397988 -0.003954827 -0.004397988 -0.003997981 -0.003954827 -0.004764616 -0.003567516 -0.003954827 -0.005094885 -0.003109872 -0.003954827 -0.005386471 -0.002628564 -0.003954827 -0.00563699 -0.00212723 -0.003954827 -0.005844652 -0.001609742 -0.003954827 -0.00600779 -0.001080036 -0.003954827 -0.006125271 -5.42089e-4 -0.003954827 -0.006196081 0 -0.003954827 -0.006219744 5.45712e-4 -0.00402832 -0.006237506 0.001087248 -0.00402832 -0.006166219 0.001620531 -0.00402832 -0.006047964 0.002141475 -0.00402832 -0.005883693 0.002646148 -0.00402832 -0.00567466 0.003130614 -0.00402832 -0.005422472 0.003591358 -0.00402832 -0.005128979 0.004024684 -0.00402832 -0.004796445 0.004427433 -0.00402832 -0.004427433 0.004796445 -0.00402832 -0.004024684 0.005128979 -0.00402832 -0.003591358 0.005422472 -0.00402832 -0.003130614 0.00567466 -0.00402832 -0.002646148 0.005883693 -0.00402832 -0.002141475 0.006047964 -0.00402832 -0.001620531 0.006166219 -0.00402832 -0.001087248 0.006237506 -0.00402832 -5.45712e-4 0.006261289 -0.00402832 0 0.006237506 -0.00402832 5.45712e-4 0.006166219 -0.00402832 0.001087248 0.006047964 -0.00402832 0.001620531 0.005883693 -0.00402832 0.002141475 0.00567466 -0.00402832 0.002646148 0.005422472 -0.00402832 0.003130614 0.005128979 -0.00402832 0.003591358 0.004796445 -0.00402832 0.004024684 0.004427433 -0.00402832 0.004427433 0.004024684 -0.00402832 0.004796445 0.003591358 -0.00402832 0.005128979 0.003130614 -0.00402832 0.005422472 0.002646148 -0.00402832 0.00567466 0.002141475 -0.00402832 0.005883693 0.001620531 -0.00402832 0.006047964 0.001087248 -0.00402832 0.006166219 5.45712e-4 -0.00402832 0.006237506 0 -0.00402832 0.006261289 -5.45712e-4 -0.00402832 0.006237506 -0.001087248 -0.00402832 0.006166219 -0.001620531 -0.00402832 0.006047964 -0.002141475 -0.00402832 0.005883693 -0.002646148 -0.00402832 0.00567466 -0.003130614 -0.00402832 0.005422472 -0.003591358 -0.00402832 0.005128979 -0.004024684 -0.00402832 0.004796445 -0.004427433 -0.00402832 0.004427433 -0.004796445 -0.00402832 0.004024684 -0.005128979 -0.00402832 0.003591358 -0.005422472 -0.00402832 0.003130614 -0.00567466 -0.00402832 0.002646148 -0.005883693 -0.00402832 0.002141475 -0.006047964 -0.00402832 0.001620531 -0.006166219 -0.00402832 0.001087248 -0.006237506 -0.00402832 5.45712e-4 -0.006261289 -0.00402832 0 -0.006237506 -0.00402832 -5.45712e-4 -0.006166219 -0.00402832 -0.001087248 -0.006047964 -0.00402832 -0.001620531 -0.005883693 -0.00402832 -0.002141475 -0.00567466 -0.00402832 -0.002646148 -0.005422472 -0.00402832 -0.003130614 -0.005128979 -0.00402832 -0.003591358 -0.004796445 -0.00402832 -0.004024684 -0.004427433 -0.00402832 -0.004427433 -0.004024684 -0.00402832 -0.004796445 -0.003591358 -0.00402832 -0.005128979 -0.003130614 -0.00402832 -0.005422472 -0.002646148 -0.00402832 -0.00567466 -0.002141475 -0.00402832 -0.005883693 -0.001620531 -0.00402832 -0.006047964 -0.001087248 -0.00402832 -0.006166219 -5.45712e-4 -0.00402832 -0.006237506 0 -0.00402832 -0.006261289 5.49863e-4 -0.004098117 -0.006284952 0.001095533 -0.004098117 -0.006213068 0.001632869 -0.004098117 -0.006093978 0.002157747 -0.004098117 -0.005928456 0.002666234 -0.004098117 -0.005717873 0.003154456 -0.004098117 -0.005463719 0.003618657 -0.004098117 -0.005167961 0.004055321 -0.004098117 -0.004832923 0.004461109 -0.004098117 -0.004461109 0.004832923 -0.004098117 -0.004055321 0.005167961 -0.004098117 -0.003618657 0.005463719 -0.004098117 -0.003154456 0.005717873 -0.004098117 -0.002666234 0.005928456 -0.004098117 -0.002157747 0.006093978 -0.004098117 -0.001632869 0.006213068 -0.004098117 -0.001095533 0.006284952 -0.004098117 -5.49863e-4 0.006308972 -0.004098117 0 0.006284952 -0.004098117 5.49863e-4 0.006213068 -0.004098117 0.001095533 0.006093978 -0.004098117 0.001632869 0.005928456 -0.004098117 0.002157747 0.005717873 -0.004098117 0.002666234 0.005463719 -0.004098117 0.003154456 0.005167961 -0.004098117 0.003618657 0.004832923 -0.004098117 0.004055321 0.004461109 -0.004098117 0.004461109 0.004055321 -0.004098117 0.004832923 0.003618657 -0.004098117 0.005167961 0.003154456 -0.004098117 0.005463719 0.002666234 -0.004098117 0.005717873 0.002157747 -0.004098117 0.005928456 0.001632869 -0.004098117 0.006093978 0.001095533 -0.004098117 0.006213068 5.49863e-4 -0.004098117 0.006284952 0 -0.004098117 0.006308972 -5.49863e-4 -0.004098117 0.006284952 -0.001095533 -0.004098117 0.006213068 -0.001632869 -0.004098117 0.006093978 -0.002157747 -0.004098117 0.005928456 -0.002666234 -0.004098117 0.005717873 -0.003154456 -0.004098117 0.005463719 -0.003618657 -0.004098117 0.005167961 -0.004055321 -0.004098117 0.004832923 -0.004461109 -0.004098117 0.004461109 -0.004832923 -0.004098117 0.004055321 -0.005167961 -0.004098117 0.003618657 -0.005463719 -0.004098117 0.003154456 -0.005717873 -0.004098117 0.002666234 -0.005928456 -0.004098117 0.002157747 -0.006093978 -0.004098117 0.001632869 -0.006213068 -0.004098117 0.001095533 -0.006284952 -0.004098117 5.49863e-4 -0.006308972 -0.004098117 0 -0.006284952 -0.004098117 -5.49863e-4 -0.006213068 -0.004098117 -0.001095533 -0.006093978 -0.004098117 -0.001632869 -0.005928456 -0.004098117 -0.002157747 -0.005717873 -0.004098117 -0.002666234 -0.005463719 -0.004098117 -0.003154456 -0.005167961 -0.004098117 -0.003618657 -0.004832923 -0.004098117 -0.004055321 -0.004461109 -0.004098117 -0.004461109 -0.004055321 -0.004098117 -0.004832923 -0.003618657 -0.004098117 -0.005167961 -0.003154456 -0.004098117 -0.005463719 -0.002666234 -0.004098117 -0.005717873 -0.002157747 -0.004098117 -0.005928456 -0.001632869 -0.004098117 -0.006093978 -0.001095533 -0.004098117 -0.006213068 -5.49863e-4 -0.004098117 -0.006284952 0 -0.004098117 -0.006308972 5.54513e-4 -0.004163622 -0.006338059 0.001104772 -0.004163622 -0.00626564 0.001646637 -0.004163622 -0.006145477 0.002175986 -0.004163622 -0.005978584 0.002688825 -0.004163622 -0.005766212 0.003181159 -0.004163622 -0.005509912 0.003649234 -0.004163622 -0.00521171 0.004089593 -0.004163622 -0.004873812 0.004498839 -0.004163622 -0.004498839 0.004873812 -0.004163622 -0.004089593 0.00521171 -0.004163622 -0.003649234 0.005509912 -0.004163622 -0.003181159 0.005766212 -0.004163622 -0.002688825 0.005978584 -0.004163622 -0.002175986 0.006145477 -0.004163622 -0.001646637 0.00626564 -0.004163622 -0.001104772 0.006338059 -0.004163622 -5.54513e-4 0.006362318 -0.004163622 0 0.006338059 -0.004163622 5.54513e-4 0.00626564 -0.004163622 0.001104772 0.006145477 -0.004163622 0.001646637 0.005978584 -0.004163622 0.002175986 0.005766212 -0.004163622 0.002688825 0.005509912 -0.004163622 0.003181159 0.00521171 -0.004163622 0.003649234 0.004873812 -0.004163622 0.004089593 0.004498839 -0.004163622 0.004498839 0.004089593 -0.004163622 0.004873812 0.003649234 -0.004163622 0.00521171 0.003181159 -0.004163622 0.005509912 0.002688825 -0.004163622 0.005766212 0.002175986 -0.004163622 0.005978584 0.001646637 -0.004163622 0.006145477 0.001104772 -0.004163622 0.00626564 5.54513e-4 -0.004163622 0.006338059 0 -0.004163622 0.006362318 -5.54513e-4 -0.004163622 0.006338059 -0.001104772 -0.004163622 0.00626564 -0.001646637 -0.004163622 0.006145477 -0.002175986 -0.004163622 0.005978584 -0.002688825 -0.004163622 0.005766212 -0.003181159 -0.004163622 0.005509912 -0.003649234 -0.004163622 0.00521171 -0.004089593 -0.004163622 0.004873812 -0.004498839 -0.004163622 0.004498839 -0.004873812 -0.004163622 0.004089593 -0.00521171 -0.004163622 0.003649234 -0.005509912 -0.004163622 0.003181159 -0.005766212 -0.004163622 0.002688825 -0.005978584 -0.004163622 0.002175986 -0.006145477 -0.004163622 0.001646637 -0.00626564 -0.004163622 0.001104772 -0.006338059 -0.004163622 5.54513e-4 -0.006362318 -0.004163622 0 -0.006338059 -0.004163622 -5.54513e-4 -0.00626564 -0.004163622 -0.001104772 -0.006145477 -0.004163622 -0.001646637 -0.005978584 -0.004163622 -0.002175986 -0.005766212 -0.004163622 -0.002688825 -0.005509912 -0.004163622 -0.003181159 -0.00521171 -0.004163622 -0.003649234 -0.004873812 -0.004163622 -0.004089593 -0.004498839 -0.004163622 -0.004498839 -0.004089593 -0.004163622 -0.004873812 -0.003649234 -0.004163622 -0.00521171 -0.003181159 -0.004163622 -0.005509912 -0.002688825 -0.004163622 -0.005766212 -0.002175986 -0.004163622 -0.005978584 -0.001646637 -0.004163622 -0.006145477 -0.001104772 -0.004163622 -0.00626564 -5.54513e-4 -0.004163622 -0.006338059 0 -0.004163622 -0.006362318 5.59628e-4 -0.004224419 -0.006396532 0.001114964 -0.004224419 -0.006323456 0.001661837 -0.004224419 -0.00620222 0.002196073 -0.004224419 -0.006033778 0.00271362 -0.004224419 -0.00581938 0.003210484 -0.004224419 -0.005560755 0.003682911 -0.004224419 -0.005259752 0.004127323 -0.004224419 -0.004918754 0.004540324 -0.004224419 -0.004540324 0.004918754 -0.004224419 -0.004127323 0.005259752 -0.004224419 -0.003682911 0.005560755 -0.004224419 -0.003210484 0.00581938 -0.004224419 -0.00271362 0.006033778 -0.004224419 -0.002196073 0.00620222 -0.004224419 -0.001661837 0.006323456 -0.004224419 -0.001114964 0.006396532 -0.004224419 -5.59628e-4 0.006420969 -0.004224419 0 0.006396532 -0.004224419 5.59628e-4 0.006323456 -0.004224419 0.001114964 0.00620222 -0.004224419 0.001661837 0.006033778 -0.004224419 0.002196073 0.00581938 -0.004224419 0.00271362 0.005560755 -0.004224419 0.003210484 0.005259752 -0.004224419 0.003682911 0.004918754 -0.004224419 0.004127323 0.004540324 -0.004224419 0.004540324 0.004127323 -0.004224419 0.004918754 0.003682911 -0.004224419 0.005259752 0.003210484 -0.004224419 0.005560755 0.00271362 -0.004224419 0.00581938 0.002196073 -0.004224419 0.006033778 0.001661837 -0.004224419 0.00620222 0.001114964 -0.004224419 0.006323456 5.59628e-4 -0.004224419 0.006396532 0 -0.004224419 0.006420969 -5.59628e-4 -0.004224419 0.006396532 -0.001114964 -0.004224419 0.006323456 -0.001661837 -0.004224419 0.00620222 -0.002196073 -0.004224419 0.006033778 -0.00271362 -0.004224419 0.00581938 -0.003210484 -0.004224419 0.005560755 -0.003682911 -0.004224419 0.005259752 -0.004127323 -0.004224419 0.004918754 -0.004540324 -0.004224419 0.004540324 -0.004918754 -0.004224419 0.004127323 -0.005259752 -0.004224419 0.003682911 -0.005560755 -0.004224419 0.003210484 -0.00581938 -0.004224419 0.00271362 -0.006033778 -0.004224419 0.002196073 -0.00620222 -0.004224419 0.001661837 -0.006323456 -0.004224419 0.001114964 -0.006396532 -0.004224419 5.59628e-4 -0.006420969 -0.004224419 0 -0.006396532 -0.004224419 -5.59628e-4 -0.006323456 -0.004224419 -0.001114964 -0.00620222 -0.004224419 -0.001661837 -0.006033778 -0.004224419 -0.002196073 -0.00581938 -0.004224419 -0.00271362 -0.005560755 -0.004224419 -0.003210484 -0.005259752 -0.004224419 -0.003682911 -0.004918754 -0.004224419 -0.004127323 -0.004540324 -0.004224419 -0.004540324 -0.004127323 -0.004224419 -0.004918754 -0.003682911 -0.004224419 -0.005259752 -0.003210484 -0.004224419 -0.005560755 -0.00271362 -0.004224419 -0.00581938 -0.002196073 -0.004224419 -0.006033778 -0.001661837 -0.004224419 -0.00620222 -0.001114964 -0.004224419 -0.006323456 -5.59628e-4 -0.004224419 -0.006396532 0 -0.004224419 -0.006420969 5.65172e-4 -0.00428003 -0.006459891 0.001125991 -0.00428003 -0.006386101 0.001678287 -0.00428003 -0.006263613 0.002217829 -0.00428003 -0.006093502 0.002740502 -0.00428003 -0.005877017 0.003242254 -0.00428003 -0.00561583 0.003719389 -0.00428003 -0.005311846 0.004168212 -0.00428003 -0.004967451 0.004585266 -0.00428003 -0.004585266 0.004967451 -0.00428003 -0.004168212 0.005311846 -0.00428003 -0.003719389 0.00561583 -0.00428003 -0.003242254 0.005877017 -0.00428003 -0.002740502 0.006093502 -0.00428003 -0.002217829 0.006263613 -0.00428003 -0.001678287 0.006386101 -0.00428003 -0.001125991 0.006459891 -0.00428003 -5.65172e-4 0.006484568 -0.00428003 0 0.006459891 -0.00428003 5.65172e-4 0.006386101 -0.00428003 0.001125991 0.006263613 -0.00428003 0.001678287 0.006093502 -0.00428003 0.002217829 0.005877017 -0.00428003 0.002740502 0.00561583 -0.00428003 0.003242254 0.005311846 -0.00428003 0.003719389 0.004967451 -0.00428003 0.004168212 0.004585266 -0.00428003 0.004585266 0.004168212 -0.00428003 0.004967451 0.003719389 -0.00428003 0.005311846 0.003242254 -0.00428003 0.00561583 0.002740502 -0.00428003 0.005877017 0.002217829 -0.00428003 0.006093502 0.001678287 -0.00428003 0.006263613 0.001125991 -0.00428003 0.006386101 5.65172e-4 -0.00428003 0.006459891 0 -0.00428003 0.006484568 -5.65172e-4 -0.00428003 0.006459891 -0.001125991 -0.00428003 0.006386101 -0.001678287 -0.00428003 0.006263613 -0.002217829 -0.00428003 0.006093502 -0.002740502 -0.00428003 0.005877017 -0.003242254 -0.00428003 0.00561583 -0.003719389 -0.00428003 0.005311846 -0.004168212 -0.00428003 0.004967451 -0.004585266 -0.00428003 0.004585266 -0.004967451 -0.00428003 0.004168212 -0.005311846 -0.00428003 0.003719389 -0.00561583 -0.00428003 0.003242254 -0.005877017 -0.00428003 0.002740502 -0.006093502 -0.00428003 0.002217829 -0.006263613 -0.00428003 0.001678287 -0.006386101 -0.00428003 0.001125991 -0.006459891 -0.00428003 5.65172e-4 -0.006484568 -0.00428003 0 -0.006459891 -0.00428003 -5.65172e-4 -0.006386101 -0.00428003 -0.001125991 -0.006263613 -0.00428003 -0.001678287 -0.006093502 -0.00428003 -0.002217829 -0.005877017 -0.00428003 -0.002740502 -0.00561583 -0.00428003 -0.003242254 -0.005311846 -0.00428003 -0.003719389 -0.004967451 -0.00428003 -0.004168212 -0.004585266 -0.00428003 -0.004585266 -0.004168212 -0.00428003 -0.004967451 -0.003719389 -0.00428003 -0.005311846 -0.003242254 -0.00428003 -0.00561583 -0.002740502 -0.00428003 -0.005877017 -0.002217829 -0.00428003 -0.006093502 -0.001678287 -0.00428003 -0.006263613 -0.001125991 -0.00428003 -0.006386101 -5.65172e-4 -0.00428003 -0.006459891 0 -0.00428003 -0.006484568 5.71105e-4 -0.004330039 -0.006527721 0.001137852 -0.004330039 -0.006453096 0.00169593 -0.004330039 -0.006329417 0.002241134 -0.004330039 -0.006157517 0.002769231 -0.004330039 -0.005938708 0.003276348 -0.004330039 -0.005674779 0.00375843 -0.004330039 -0.005367636 0.004211962 -0.004330039 -0.005019605 0.004633426 -0.004330039 -0.004633426 0.005019605 -0.004330039 -0.004211962 0.005367636 -0.004330039 -0.00375843 0.005674779 -0.004330039 -0.003276348 0.005938708 -0.004330039 -0.002769231 0.006157517 -0.004330039 -0.002241134 0.006329417 -0.004330039 -0.00169593 0.006453096 -0.004330039 -0.001137852 0.006527721 -0.004330039 -5.71105e-4 0.006552696 -0.004330039 0 0.006527721 -0.004330039 5.71105e-4 0.006453096 -0.004330039 0.001137852 0.006329417 -0.004330039 0.00169593 0.006157517 -0.004330039 0.002241134 0.005938708 -0.004330039 0.002769231 0.005674779 -0.004330039 0.003276348 0.005367636 -0.004330039 0.00375843 0.005019605 -0.004330039 0.004211962 0.004633426 -0.004330039 0.004633426 0.004211962 -0.004330039 0.005019605 0.00375843 -0.004330039 0.005367636 0.003276348 -0.004330039 0.005674779 0.002769231 -0.004330039 0.005938708 0.002241134 -0.004330039 0.006157517 0.00169593 -0.004330039 0.006329417 0.001137852 -0.004330039 0.006453096 5.71105e-4 -0.004330039 0.006527721 0 -0.004330039 0.006552696 -5.71105e-4 -0.004330039 0.006527721 -0.001137852 -0.004330039 0.006453096 -0.00169593 -0.004330039 0.006329417 -0.002241134 -0.004330039 0.006157517 -0.002769231 -0.004330039 0.005938708 -0.003276348 -0.004330039 0.005674779 -0.00375843 -0.004330039 0.005367636 -0.004211962 -0.004330039 0.005019605 -0.004633426 -0.004330039 0.004633426 -0.005019605 -0.004330039 0.004211962 -0.005367636 -0.004330039 0.00375843 -0.005674779 -0.004330039 0.003276348 -0.005938708 -0.004330039 0.002769231 -0.006157517 -0.004330039 0.002241134 -0.006329417 -0.004330039 0.00169593 -0.006453096 -0.004330039 0.001137852 -0.006527721 -0.004330039 5.71105e-4 -0.006552696 -0.004330039 0 -0.006527721 -0.004330039 -5.71105e-4 -0.006453096 -0.004330039 -0.001137852 -0.006329417 -0.004330039 -0.00169593 -0.006157517 -0.004330039 -0.002241134 -0.005938708 -0.004330039 -0.002769231 -0.005674779 -0.004330039 -0.003276348 -0.005367636 -0.004330039 -0.00375843 -0.005019605 -0.004330039 -0.004211962 -0.004633426 -0.004330039 -0.004633426 -0.004211962 -0.004330039 -0.005019605 -0.00375843 -0.004330039 -0.005367636 -0.003276348 -0.004330039 -0.005674779 -0.002769231 -0.004330039 -0.005938708 -0.002241134 -0.004330039 -0.006157517 -0.00169593 -0.004330039 -0.006329417 -0.001137852 -0.004330039 -0.006453096 -5.71105e-4 -0.004330039 -0.006527721 0 -0.004330039 -0.006552696 5.77385e-4 -0.004374146 -0.006599485 0.001150369 -0.004374146 -0.006524085 0.001714587 -0.004374146 -0.006398975 0.002265751 -0.004374146 -0.006225228 0.002799689 -0.004374146 -0.006004035 0.003312349 -0.004374146 -0.005737185 0.003799796 -0.004374146 -0.005426645 0.004258275 -0.004374146 -0.005074799 0.004684388 -0.004374146 -0.004684388 0.005074799 -0.004374146 -0.004258275 0.005426645 -0.004374146 -0.003799796 0.005737185 -0.004374146 -0.003312349 0.006004035 -0.004374146 -0.002799689 0.006225228 -0.004374146 -0.002265751 0.006398975 -0.004374146 -0.001714587 0.006524085 -0.004374146 -0.001150369 0.006599485 -0.004374146 -5.77385e-4 0.006624698 -0.004374146 0 0.006599485 -0.004374146 5.77385e-4 0.006524085 -0.004374146 0.001150369 0.006398975 -0.004374146 0.001714587 0.006225228 -0.004374146 0.002265751 0.006004035 -0.004374146 0.002799689 0.005737185 -0.004374146 0.003312349 0.005426645 -0.004374146 0.003799796 0.005074799 -0.004374146 0.004258275 0.004684388 -0.004374146 0.004684388 0.004258275 -0.004374146 0.005074799 0.003799796 -0.004374146 0.005426645 0.003312349 -0.004374146 0.005737185 0.002799689 -0.004374146 0.006004035 0.002265751 -0.004374146 0.006225228 0.001714587 -0.004374146 0.006398975 0.001150369 -0.004374146 0.006524085 5.77385e-4 -0.004374146 0.006599485 0 -0.004374146 0.006624698 -5.77385e-4 -0.004374146 0.006599485 -0.001150369 -0.004374146 0.006524085 -0.001714587 -0.004374146 0.006398975 -0.002265751 -0.004374146 0.006225228 -0.002799689 -0.004374146 0.006004035 -0.003312349 -0.004374146 0.005737185 -0.003799796 -0.004374146 0.005426645 -0.004258275 -0.004374146 0.005074799 -0.004684388 -0.004374146 0.004684388 -0.005074799 -0.004374146 0.004258275 -0.005426645 -0.004374146 0.003799796 -0.005737185 -0.004374146 0.003312349 -0.006004035 -0.004374146 0.002799689 -0.006225228 -0.004374146 0.002265751 -0.006398975 -0.004374146 0.001714587 -0.006524085 -0.004374146 0.001150369 -0.006599485 -0.004374146 5.77385e-4 -0.006624698 -0.004374146 0 -0.006599485 -0.004374146 -5.77385e-4 -0.006524085 -0.004374146 -0.001150369 -0.006398975 -0.004374146 -0.001714587 -0.006225228 -0.004374146 -0.002265751 -0.006004035 -0.004374146 -0.002799689 -0.005737185 -0.004374146 -0.003312349 -0.005426645 -0.004374146 -0.003799796 -0.005074799 -0.004374146 -0.004258275 -0.004684388 -0.004374146 -0.004684388 -0.004258275 -0.004374146 -0.005074799 -0.003799796 -0.004374146 -0.005426645 -0.003312349 -0.004374146 -0.005737185 -0.002799689 -0.004374146 -0.006004035 -0.002265751 -0.004374146 -0.006225228 -0.001714587 -0.004374146 -0.006398975 -0.001150369 -0.004374146 -0.006524085 -5.77385e-4 -0.004374146 -0.006599485 0 -0.004374146 -0.006624698 5.83967e-4 -0.004411995 -0.006674766 0.001163482 -0.004411995 -0.006598472 0.001734137 -0.004411995 -0.006471931 0.002291619 -0.004411995 -0.006296157 0.002831637 -0.004411995 -0.006072461 0.003350079 -0.004411995 -0.005802571 0.003843069 -0.004411995 -0.005488514 0.004306793 -0.004411995 -0.005132675 0.004737794 -0.004411995 -0.004737794 0.005132675 -0.004411995 -0.004306793 0.005488514 -0.004411995 -0.003843069 0.005802571 -0.004411995 -0.003350079 0.006072461 -0.004411995 -0.002831637 0.006296157 -0.004411995 -0.002291619 0.006471931 -0.004411995 -0.001734137 0.006598472 -0.004411995 -0.001163482 0.006674766 -0.004411995 -5.83967e-4 0.006700217 -0.004411995 0 0.006674766 -0.004411995 5.83967e-4 0.006598472 -0.004411995 0.001163482 0.006471931 -0.004411995 0.001734137 0.006296157 -0.004411995 0.002291619 0.006072461 -0.004411995 0.002831637 0.005802571 -0.004411995 0.003350079 0.005488514 -0.004411995 0.003843069 0.005132675 -0.004411995 0.004306793 0.004737794 -0.004411995 0.004737794 0.004306793 -0.004411995 0.005132675 0.003843069 -0.004411995 0.005488514 0.003350079 -0.004411995 0.005802571 0.002831637 -0.004411995 0.006072461 0.002291619 -0.004411995 0.006296157 0.001734137 -0.004411995 0.006471931 0.001163482 -0.004411995 0.006598472 5.83967e-4 -0.004411995 0.006674766 0 -0.004411995 0.006700217 -5.83967e-4 -0.004411995 0.006674766 -0.001163482 -0.004411995 0.006598472 -0.001734137 -0.004411995 0.006471931 -0.002291619 -0.004411995 0.006296157 -0.002831637 -0.004411995 0.006072461 -0.003350079 -0.004411995 0.005802571 -0.003843069 -0.004411995 0.005488514 -0.004306793 -0.004411995 0.005132675 -0.004737794 -0.004411995 0.004737794 -0.005132675 -0.004411995 0.004306793 -0.005488514 -0.004411995 0.003843069 -0.005802571 -0.004411995 0.003350079 -0.006072461 -0.004411995 0.002831637 -0.006296157 -0.004411995 0.002291619 -0.006471931 -0.004411995 0.001734137 -0.006598472 -0.004411995 0.001163482 -0.006674766 -0.004411995 5.83967e-4 -0.006700217 -0.004411995 0 -0.006674766 -0.004411995 -5.83967e-4 -0.006598472 -0.004411995 -0.001163482 -0.006471931 -0.004411995 -0.001734137 -0.006296157 -0.004411995 -0.002291619 -0.006072461 -0.004411995 -0.002831637 -0.005802571 -0.004411995 -0.003350079 -0.005488514 -0.004411995 -0.003843069 -0.005132675 -0.004411995 -0.004306793 -0.004737794 -0.004411995 -0.004737794 -0.004306793 -0.004411995 -0.005132675 -0.003843069 -0.004411995 -0.005488514 -0.003350079 -0.004411995 -0.005802571 -0.002831637 -0.004411995 -0.006072461 -0.002291619 -0.004411995 -0.006296157 -0.001734137 -0.004411995 -0.006471931 -0.001163482 -0.004411995 -0.006598472 -5.83967e-4 -0.004411995 -0.006674766 0 -0.004411995 -0.006700217 5.90804e-4 -0.004443407 -0.006752908 0.001177072 -0.004443407 -0.00667572 0.001754403 -0.004443407 -0.006547689 0.002318441 -0.004443407 -0.006369888 0.002864778 -0.004443407 -0.006143569 0.003389358 -0.004443407 -0.005870521 0.00388807 -0.004443407 -0.005552768 0.004357218 -0.004443407 -0.005192756 0.004793226 -0.004443407 -0.004793226 0.005192756 -0.004443407 -0.004357218 0.005552768 -0.004443407 -0.00388807 0.005870521 -0.004443407 -0.003389358 0.006143569 -0.004443407 -0.002864778 0.006369888 -0.004443407 -0.002318441 0.006547689 -0.004443407 -0.001754403 0.00667572 -0.004443407 -0.001177072 0.006752908 -0.004443407 -5.90804e-4 0.006778717 -0.004443407 0 0.006752908 -0.004443407 5.90804e-4 0.00667572 -0.004443407 0.001177072 0.006547689 -0.004443407 0.001754403 0.006369888 -0.004443407 0.002318441 0.006143569 -0.004443407 0.002864778 0.005870521 -0.004443407 0.003389358 0.005552768 -0.004443407 0.00388807 0.005192756 -0.004443407 0.004357218 0.004793226 -0.004443407 0.004793226 0.004357218 -0.004443407 0.005192756 0.00388807 -0.004443407 0.005552768 0.003389358 -0.004443407 0.005870521 0.002864778 -0.004443407 0.006143569 0.002318441 -0.004443407 0.006369888 0.001754403 -0.004443407 0.006547689 0.001177072 -0.004443407 0.00667572 5.90804e-4 -0.004443407 0.006752908 0 -0.004443407 0.006778717 -5.90804e-4 -0.004443407 0.006752908 -0.001177072 -0.004443407 0.00667572 -0.001754403 -0.004443407 0.006547689 -0.002318441 -0.004443407 0.006369888 -0.002864778 -0.004443407 0.006143569 -0.003389358 -0.004443407 0.005870521 -0.00388807 -0.004443407 0.005552768 -0.004357218 -0.004443407 0.005192756 -0.004793226 -0.004443407 0.004793226 -0.005192756 -0.004443407 0.004357218 -0.005552768 -0.004443407 0.00388807 -0.005870521 -0.004443407 0.003389358 -0.006143569 -0.004443407 0.002864778 -0.006369888 -0.004443407 0.002318441 -0.006547689 -0.004443407 0.001754403 -0.00667572 -0.004443407 0.001177072 -0.006752908 -0.004443407 5.90804e-4 -0.006778717 -0.004443407 0 -0.006752908 -0.004443407 -5.90804e-4 -0.00667572 -0.004443407 -0.001177072 -0.006547689 -0.004443407 -0.001754403 -0.006369888 -0.004443407 -0.002318441 -0.006143569 -0.004443407 -0.002864778 -0.005870521 -0.004443407 -0.003389358 -0.005552768 -0.004443407 -0.00388807 -0.005192756 -0.004443407 -0.004357218 -0.004793226 -0.004443407 -0.004793226 -0.004357218 -0.004443407 -0.005192756 -0.00388807 -0.004443407 -0.005552768 -0.003389358 -0.004443407 -0.005870521 -0.002864778 -0.004443407 -0.006143569 -0.002318441 -0.004443407 -0.006369888 -0.001754403 -0.004443407 -0.006547689 -0.001177072 -0.004443407 -0.00667572 -5.90804e-4 -0.004443407 -0.006752908 0 -0.004443407 -0.006778717 5.97848e-4 -0.004468023 -0.006833374 0.001191139 -0.004468023 -0.006755292 0.001775324 -0.004468023 -0.006625771 0.002346098 -0.004468023 -0.006445825 0.002898931 -0.004468023 -0.006216824 0.00342971 -0.004468023 -0.005940496 0.003934442 -0.004468023 -0.005618989 0.004409193 -0.004468023 -0.005254685 0.004850387 -0.004468023 -0.004850387 0.005254685 -0.004468023 -0.004409193 0.005618989 -0.004468023 -0.003934442 0.005940496 -0.004468023 -0.00342971 0.006216824 -0.004468023 -0.002898931 0.006445825 -0.004468023 -0.002346098 0.006625771 -0.004468023 -0.001775324 0.006755292 -0.004468023 -0.001191139 0.006833374 -0.004468023 -5.97848e-4 0.006859481 -0.004468023 0 0.006833374 -0.004468023 5.97848e-4 0.006755292 -0.004468023 0.001191139 0.006625771 -0.004468023 0.001775324 0.006445825 -0.004468023 0.002346098 0.006216824 -0.004468023 0.002898931 0.005940496 -0.004468023 0.00342971 0.005618989 -0.004468023 0.003934442 0.005254685 -0.004468023 0.004409193 0.004850387 -0.004468023 0.004850387 0.004409193 -0.004468023 0.005254685 0.003934442 -0.004468023 0.005618989 0.00342971 -0.004468023 0.005940496 0.002898931 -0.004468023 0.006216824 0.002346098 -0.004468023 0.006445825 0.001775324 -0.004468023 0.006625771 0.001191139 -0.004468023 0.006755292 5.97848e-4 -0.004468023 0.006833374 0 -0.004468023 0.006859481 -5.97848e-4 -0.004468023 0.006833374 -0.001191139 -0.004468023 0.006755292 -0.001775324 -0.004468023 0.006625771 -0.002346098 -0.004468023 0.006445825 -0.002898931 -0.004468023 0.006216824 -0.00342971 -0.004468023 0.005940496 -0.003934442 -0.004468023 0.005618989 -0.004409193 -0.004468023 0.005254685 -0.004850387 -0.004468023 0.004850387 -0.005254685 -0.004468023 0.004409193 -0.005618989 -0.004468023 0.003934442 -0.005940496 -0.004468023 0.00342971 -0.006216824 -0.004468023 0.002898931 -0.006445825 -0.004468023 0.002346098 -0.006625771 -0.004468023 0.001775324 -0.006755292 -0.004468023 0.001191139 -0.006833374 -0.004468023 5.97848e-4 -0.006859481 -0.004468023 0 -0.006833374 -0.004468023 -5.97848e-4 -0.006755292 -0.004468023 -0.001191139 -0.006625771 -0.004468023 -0.001775324 -0.006445825 -0.004468023 -0.002346098 -0.006216824 -0.004468023 -0.002898931 -0.005940496 -0.004468023 -0.00342971 -0.005618989 -0.004468023 -0.003934442 -0.005254685 -0.004468023 -0.004409193 -0.004850387 -0.004468023 -0.004850387 -0.004409193 -0.004468023 -0.005254685 -0.003934442 -0.004468023 -0.005618989 -0.00342971 -0.004468023 -0.005940496 -0.002898931 -0.004468023 -0.006216824 -0.002346098 -0.004468023 -0.006445825 -0.001775324 -0.004468023 -0.006625771 -0.001191139 -0.004468023 -0.006755292 -5.97848e-4 -0.004468023 -0.006833374 0 -0.004468023 -0.006859481 6.05047e-4 -0.004485726 -0.006915688 0.001205444 -0.004485726 -0.006836652 0.001796722 -0.004485726 -0.006705582 0.002374351 -0.004485726 -0.00652343 0.002933859 -0.004485726 -0.006291687 0.003471016 -0.004485726 -0.006012022 0.003981828 -0.004485726 -0.00568664 0.004462301 -0.004485726 -0.005317986 0.0049088 -0.004485726 -0.0049088 0.005317986 -0.004485726 -0.004462301 0.00568664 -0.004485726 -0.003981828 0.006012022 -0.004485726 -0.003471016 0.006291687 -0.004485726 -0.002933859 0.00652343 -0.004485726 -0.002374351 0.006705582 -0.004485726 -0.001796722 0.006836652 -0.004485726 -0.001205444 0.006915688 -0.004485726 -6.05047e-4 0.006942093 -0.004485726 0 0.006915688 -0.004485726 6.05047e-4 0.006836652 -0.004485726 0.001205444 0.006705582 -0.004485726 0.001796722 0.00652343 -0.004485726 0.002374351 0.006291687 -0.004485726 0.002933859 0.006012022 -0.004485726 0.003471016 0.00568664 -0.004485726 0.003981828 0.005317986 -0.004485726 0.004462301 0.0049088 -0.004485726 0.0049088 0.004462301 -0.004485726 0.005317986 0.003981828 -0.004485726 0.00568664 0.003471016 -0.004485726 0.006012022 0.002933859 -0.004485726 0.006291687 0.002374351 -0.004485726 0.00652343 0.001796722 -0.004485726 0.006705582 0.001205444 -0.004485726 0.006836652 6.05047e-4 -0.004485726 0.006915688 0 -0.004485726 0.006942093 -6.05047e-4 -0.004485726 0.006915688 -0.001205444 -0.004485726 0.006836652 -0.001796722 -0.004485726 0.006705582 -0.002374351 -0.004485726 0.00652343 -0.002933859 -0.004485726 0.006291687 -0.003471016 -0.004485726 0.006012022 -0.003981828 -0.004485726 0.00568664 -0.004462301 -0.004485726 0.005317986 -0.0049088 -0.004485726 0.0049088 -0.005317986 -0.004485726 0.004462301 -0.00568664 -0.004485726 0.003981828 -0.006012022 -0.004485726 0.003471016 -0.006291687 -0.004485726 0.002933859 -0.00652343 -0.004485726 0.002374351 -0.006705582 -0.004485726 0.001796722 -0.006836652 -0.004485726 0.001205444 -0.006915688 -0.004485726 6.05047e-4 -0.006942093 -0.004485726 0 -0.006915688 -0.004485726 -6.05047e-4 -0.006836652 -0.004485726 -0.001205444 -0.006705582 -0.004485726 -0.001796722 -0.00652343 -0.004485726 -0.002374351 -0.006291687 -0.004485726 -0.002933859 -0.006012022 -0.004485726 -0.003471016 -0.00568664 -0.004485726 -0.003981828 -0.005317986 -0.004485726 -0.004462301 -0.0049088 -0.004485726 -0.0049088 -0.004462301 -0.004485726 -0.005317986 -0.003981828 -0.004485726 -0.00568664 -0.003471016 -0.004485726 -0.006012022 -0.002933859 -0.004485726 -0.006291687 -0.002374351 -0.004485726 -0.00652343 -0.001796722 -0.004485726 -0.006705582 -0.001205444 -0.004485726 -0.006836652 -6.05047e-4 -0.004485726 -0.006915688 0 -0.004485726 -0.006942093 6.12352e-4 -0.004496395 -0.006999194 0.001219987 -0.004496395 -0.006919205 0.001818418 -0.004496395 -0.006786525 0.002402961 -0.004496395 -0.006602227 0.002969264 -0.004496395 -0.006367623 0.003512918 -0.004496395 -0.00608462 0.00402987 -0.004496395 -0.005755305 0.004516184 -0.004496395 -0.00538218 0.004968047 -0.004496395 -0.004968047 0.00538218 -0.004496395 -0.004516184 0.005755305 -0.004496395 -0.00402987 0.00608462 -0.004496395 -0.003512918 0.006367623 -0.004496395 -0.002969264 0.006602227 -0.004496395 -0.002402961 0.006786525 -0.004496395 -0.001818418 0.006919205 -0.004496395 -0.001219987 0.006999194 -0.004496395 -6.12352e-4 0.007025897 -0.004496395 0 0.006999194 -0.004496395 6.12352e-4 0.006919205 -0.004496395 0.001219987 0.006786525 -0.004496395 0.001818418 0.006602227 -0.004496395 0.002402961 0.006367623 -0.004496395 0.002969264 0.00608462 -0.004496395 0.003512918 0.005755305 -0.004496395 0.00402987 0.00538218 -0.004496395 0.004516184 0.004968047 -0.004496395 0.004968047 0.004516184 -0.004496395 0.00538218 0.00402987 -0.004496395 0.005755305 0.003512918 -0.004496395 0.00608462 0.002969264 -0.004496395 0.006367623 0.002402961 -0.004496395 0.006602227 0.001818418 -0.004496395 0.006786525 0.001219987 -0.004496395 0.006919205 6.12352e-4 -0.004496395 0.006999194 0 -0.004496395 0.007025897 -6.12352e-4 -0.004496395 0.006999194 -0.001219987 -0.004496395 0.006919205 -0.001818418 -0.004496395 0.006786525 -0.002402961 -0.004496395 0.006602227 -0.002969264 -0.004496395 0.006367623 -0.003512918 -0.004496395 0.00608462 -0.00402987 -0.004496395 0.005755305 -0.004516184 -0.004496395 0.00538218 -0.004968047 -0.004496395 0.004968047 -0.00538218 -0.004496395 0.004516184 -0.005755305 -0.004496395 0.00402987 -0.00608462 -0.004496395 0.003512918 -0.006367623 -0.004496395 0.002969264 -0.006602227 -0.004496395 0.002402961 -0.006786525 -0.004496395 0.001818418 -0.006919205 -0.004496395 0.001219987 -0.006999194 -0.004496395 6.12352e-4 -0.007025897 -0.004496395 0 -0.006999194 -0.004496395 -6.12352e-4 -0.006919205 -0.004496395 -0.001219987 -0.006786525 -0.004496395 -0.001818418 -0.006602227 -0.004496395 -0.002402961 -0.006367623 -0.004496395 -0.002969264 -0.00608462 -0.004496395 -0.003512918 -0.005755305 -0.004496395 -0.00402987 -0.00538218 -0.004496395 -0.004516184 -0.004968047 -0.004496395 -0.004968047 -0.004516184 -0.004496395 -0.00538218 -0.00402987 -0.004496395 -0.005755305 -0.003512918 -0.004496395 -0.00608462 -0.002969264 -0.004496395 -0.006367623 -0.002402961 -0.004496395 -0.006602227 -0.001818418 -0.004496395 -0.006786525 -0.001219987 -0.004496395 -0.006919205 -6.12352e-4 -0.004496395 -0.006999194 0 -0.004496395 -0.007025897 6.19708e-4 -0.004499971 -0.007083296 0.00123465 -0.004499971 -0.007002294 0.001840293 -0.004499971 -0.006868064 0.002431869 -0.004499971 -0.006681501 0.003004908 -0.004499971 -0.006444156 0.003555119 -0.004499971 -0.006157696 0.004078328 -0.004499971 -0.005824446 0.004570424 -0.004499971 -0.005446791 0.00502777 -0.004499971 -0.00502777 0.005446791 -0.004499971 -0.004570424 0.005824446 -0.004499971 -0.004078328 0.006157696 -0.004499971 -0.003555119 0.006444156 -0.004499971 -0.003004908 0.006681501 -0.004499971 -0.002431869 0.006868064 -0.004499971 -0.001840293 0.007002294 -0.004499971 -0.00123465 0.007083296 -0.004499971 -6.19708e-4 0.007110297 -0.004499971 0 0.007083296 -0.004499971 6.19708e-4 0.007002294 -0.004499971 0.00123465 0.006868064 -0.004499971 0.001840293 0.006681501 -0.004499971 0.002431869 0.006444156 -0.004499971 0.003004908 0.006157696 -0.004499971 0.003555119 0.005824446 -0.004499971 0.004078328 0.005446791 -0.004499971 0.004570424 0.00502777 -0.004499971 0.00502777 0.004570424 -0.004499971 0.005446791 0.004078328 -0.004499971 0.005824446 0.003555119 -0.004499971 0.006157696 0.003004908 -0.004499971 0.006444156 0.002431869 -0.004499971 0.006681501 0.001840293 -0.004499971 0.006868064 0.00123465 -0.004499971 0.007002294 6.19708e-4 -0.004499971 0.007083296 0 -0.004499971 0.007110297 -6.19708e-4 -0.004499971 0.007083296 -0.00123465 -0.004499971 0.007002294 -0.001840293 -0.004499971 0.006868064 -0.002431869 -0.004499971 0.006681501 -0.003004908 -0.004499971 0.006444156 -0.003555119 -0.004499971 0.006157696 -0.004078328 -0.004499971 0.005824446 -0.004570424 -0.004499971 0.005446791 -0.00502777 -0.004499971 0.00502777 -0.005446791 -0.004499971 0.004570424 -0.005824446 -0.004499971 0.004078328 -0.006157696 -0.004499971 0.003555119 -0.006444156 -0.004499971 0.003004908 -0.006681501 -0.004499971 0.002431869 -0.006868064 -0.004499971 0.001840293 -0.007002294 -0.004499971 0.00123465 -0.007083296 -0.004499971 6.19708e-4 -0.007110297 -0.004499971 0 -0.007083296 -0.004499971 -6.19708e-4 -0.007002294 -0.004499971 -0.00123465 -0.006868064 -0.004499971 -0.001840293 -0.006681501 -0.004499971 -0.002431869 -0.006444156 -0.004499971 -0.003004908 -0.006157696 -0.004499971 -0.003555119 -0.005824446 -0.004499971 -0.004078328 -0.005446791 -0.004499971 -0.004570424 -0.00502777 -0.004499971 -0.00502777 -0.004570424 -0.004499971 -0.005446791 -0.004078328 -0.004499971 -0.005824446 -0.003555119 -0.004499971 -0.006157696 -0.003004908 -0.004499971 -0.006444156 -0.002431869 -0.004499971 -0.006681501 -0.001840293 -0.004499971 -0.006868064 -0.00123465 -0.004499971 -0.007002294 -6.19708e-4 -0.004499971 -0.007083296 0 -0.004499971 -0.007110297 0 0.003058314 0.006213128 5.38543e-4 0.003135621 0.00615555 5.41513e-4 0.003058314 0.006189465 0.001072943 0.003135621 0.006085157 0.001078903 0.003058314 0.006118714 0.001599252 0.003135621 0.005968511 0.001608073 0.003058314 0.006001412 0.002113342 0.003135621 0.005806386 0.002125024 0.003058314 0.005838453 0.002611339 0.003135621 0.005600094 0.002625763 0.003058314 0.005631029 0.003089487 0.003135621 0.005351185 0.003106534 0.003058314 0.005380749 0.003544151 0.003135621 0.005061566 0.003563702 0.003058314 0.005089521 0.003971815 0.003135621 0.004733443 0.00399369 0.003058314 0.00475955 0.004369258 0.003135621 0.004369258 0.004393339 0.003058314 0.004393339 0.004733443 0.003135621 0.003971815 0.00475955 0.003058314 0.00399369 0.005061566 0.003135621 0.003544151 0.005089521 0.003058314 0.003563702 0.005351185 0.003135621 0.003089487 0.005380749 0.003058314 0.003106534 0.005600094 0.003135621 0.002611339 0.005631029 0.003058314 0.002625763 0.005806386 0.003135621 0.002113342 0.005838453 0.003058314 0.002125024 0.005968511 0.003135621 0.001599252 0.006001412 0.003058314 0.001608073 0.006085157 0.003135621 0.001072943 0.006118714 0.003058314 0.001078903 0.00615555 0.003135621 5.38543e-4 0.006189465 0.003058314 5.41513e-4 0.006179034 0.003135621 0 0.006213128 0.003058314 0 0.00615555 0.003135621 -5.38543e-4 0.006189465 0.003058314 -5.41513e-4 0.006085157 0.003135621 -0.001072943 0.006118714 0.003058314 -0.001078903 0.005968511 0.003135621 -0.001599252 0.006001412 0.003058314 -0.001608073 0.005806386 0.003135621 -0.002113342 0.005838453 0.003058314 -0.002125024 0.005600094 0.003135621 -0.002611339 0.005631029 0.003058314 -0.002625763 0.005351185 0.003135621 -0.003089487 0.005380749 0.003058314 -0.003106534 0.005061566 0.003135621 -0.003544151 0.005089521 0.003058314 -0.003563702 0.004733443 0.003135621 -0.003971815 0.00475955 0.003058314 -0.00399369 0.004369258 0.003135621 -0.004369258 0.004393339 0.003058314 -0.004393339 0.003971815 0.003135621 -0.004733443 0.00399369 0.003058314 -0.00475955 0.003544151 0.003135621 -0.005061566 0.003563702 0.003058314 -0.005089521 0.003089487 0.003135621 -0.005351185 0.003106534 0.003058314 -0.005380749 0.002611339 0.003135621 -0.005600094 0.002625763 0.003058314 -0.005631029 0.002113342 0.003135621 -0.005806386 0.002125024 0.003058314 -0.005838453 0.001599252 0.003135621 -0.005968511 0.001608073 0.003058314 -0.006001412 0.001072943 0.003135621 -0.006085157 0.001078903 0.003058314 -0.006118714 5.38543e-4 0.003135621 -0.00615555 5.41513e-4 0.003058314 -0.006189465 0 0.003135621 -0.006179034 0 0.003058314 -0.006213128 -5.38543e-4 0.003135621 -0.00615555 -5.41513e-4 0.003058314 -0.006189465 -0.001072943 0.003135621 -0.006085157 -0.001078903 0.003058314 -0.006118714 -0.001599252 0.003135621 -0.005968511 -0.001608073 0.003058314 -0.006001412 -0.002113342 0.003135621 -0.005806386 -0.002125024 0.003058314 -0.005838453 -0.002611339 0.003135621 -0.005600094 -0.002625763 0.003058314 -0.005631029 -0.003089487 0.003135621 -0.005351185 -0.003106534 0.003058314 -0.005380749 -0.003544151 0.003135621 -0.005061566 -0.003563702 0.003058314 -0.005089521 -0.003971815 0.003135621 -0.004733443 -0.00399369 0.003058314 -0.00475955 -0.004369258 0.003135621 -0.004369258 -0.004393339 0.003058314 -0.004393339 -0.004733443 0.003135621 -0.003971815 -0.00475955 0.003058314 -0.00399369 -0.005061566 0.003135621 -0.003544151 -0.005089521 0.003058314 -0.003563702 -0.005351185 0.003135621 -0.003089487 -0.005380749 0.003058314 -0.003106534 -0.005600094 0.003135621 -0.002611339 -0.005631029 0.003058314 -0.002625763 -0.005806386 0.003135621 -0.002113342 -0.005838453 0.003058314 -0.002125024 -0.005968511 0.003135621 -0.001599252 -0.006001412 0.003058314 -0.001608073 -0.006085157 0.003135621 -0.001072943 -0.006118714 0.003058314 -0.001078903 -0.00615555 0.003135621 -5.38543e-4 -0.006189465 0.003058314 -5.41513e-4 -0.006179034 0.003135621 0 -0.006213128 0.003058314 0 -0.00615555 0.003135621 5.38543e-4 -0.006189465 0.003058314 5.41513e-4 -0.006085157 0.003135621 0.001072943 -0.006118714 0.003058314 0.001078903 -0.005968511 0.003135621 0.001599252 -0.006001412 0.003058314 0.001608073 -0.005806386 0.003135621 0.002113342 -0.005838453 0.003058314 0.002125024 -0.005600094 0.003135621 0.002611339 -0.005631029 0.003058314 0.002625763 -0.005351185 0.003135621 0.003089487 -0.005380749 0.003058314 0.003106534 -0.005061566 0.003135621 0.003544151 -0.005089521 0.003058314 0.003563702 -0.004733443 0.003135621 0.003971815 -0.00475955 0.003058314 0.00399369 -0.004369258 0.003135621 0.004369258 -0.004393339 0.003058314 0.004393339 -0.003971815 0.003135621 0.004733443 -0.00399369 0.003058314 0.00475955 -0.003544151 0.003135621 0.005061566 -0.003563702 0.003058314 0.005089521 -0.003089487 0.003135621 0.005351185 -0.003106534 0.003058314 0.005380749 -0.002611339 0.003135621 0.005600094 -0.002625763 0.003058314 0.005631029 -0.002113342 0.003135621 0.005806386 -0.002125024 0.003058314 0.005838453 -0.001599252 0.003135621 0.005968511 -0.001608073 0.003058314 0.006001412 -0.001072943 0.003135621 0.006085157 -0.001078903 0.003058314 0.006118714 -5.38543e-4 0.003135621 0.00615555 -5.41513e-4 0.003058314 0.006189465 0 0.003135621 0.006179034 5.36152e-4 0.003215551 0.006128191 0.001068174 0.003215551 0.006058156 0.001592159 0.003215551 0.005941987 0.002103984 0.003215551 0.005780637 0.002599775 0.003215551 0.005575239 0.003075778 0.003215551 0.005327463 0.003528416 0.003215551 0.005039095 0.003954172 0.003215551 0.004712402 0.004349827 0.003215551 0.004349827 0.004712402 0.003215551 0.003954172 0.005039095 0.003215551 0.003528416 0.005327463 0.003215551 0.003075778 0.005575239 0.003215551 0.002599775 0.005780637 0.003215551 0.002103984 0.005941987 0.003215551 0.001592159 0.006058156 0.003215551 0.001068174 0.006128191 0.003215551 5.36152e-4 0.006151616 0.003215551 0 0.006128191 0.003215551 -5.36152e-4 0.006058156 0.003215551 -0.001068174 0.005941987 0.003215551 -0.001592159 0.005780637 0.003215551 -0.002103984 0.005575239 0.003215551 -0.002599775 0.005327463 0.003215551 -0.003075778 0.005039095 0.003215551 -0.003528416 0.004712402 0.003215551 -0.003954172 0.004349827 0.003215551 -0.004349827 0.003954172 0.003215551 -0.004712402 0.003528416 0.003215551 -0.005039095 0.003075778 0.003215551 -0.005327463 0.002599775 0.003215551 -0.005575239 0.002103984 0.003215551 -0.005780637 0.001592159 0.003215551 -0.005941987 0.001068174 0.003215551 -0.006058156 5.36152e-4 0.003215551 -0.006128191 0 0.003215551 -0.006151616 -5.36152e-4 0.003215551 -0.006128191 -0.001068174 0.003215551 -0.006058156 -0.001592159 0.003215551 -0.005941987 -0.002103984 0.003215551 -0.005780637 -0.002599775 0.003215551 -0.005575239 -0.003075778 0.003215551 -0.005327463 -0.003528416 0.003215551 -0.005039095 -0.003954172 0.003215551 -0.004712402 -0.004349827 0.003215551 -0.004349827 -0.004712402 0.003215551 -0.003954172 -0.005039095 0.003215551 -0.003528416 -0.005327463 0.003215551 -0.003075778 -0.005575239 0.003215551 -0.002599775 -0.005780637 0.003215551 -0.002103984 -0.005941987 0.003215551 -0.001592159 -0.006058156 0.003215551 -0.001068174 -0.006128191 0.003215551 -5.36152e-4 -0.006151616 0.003215551 0 -0.006128191 0.003215551 5.36152e-4 -0.006058156 0.003215551 0.001068174 -0.005941987 0.003215551 0.001592159 -0.005780637 0.003215551 0.002103984 -0.005575239 0.003215551 0.002599775 -0.005327463 0.003215551 0.003075778 -0.005039095 0.003215551 0.003528416 -0.004712402 0.003215551 0.003954172 -0.004349827 0.003215551 0.004349827 -0.003954172 0.003215551 0.004712402 -0.003528416 0.003215551 0.005039095 -0.003075778 0.003215551 0.005327463 -0.002599775 0.003215551 0.005575239 -0.002103984 0.003215551 0.005780637 -0.001592159 0.003215551 0.005941987 -0.001068174 0.003215551 0.006058156 -5.36152e-4 0.003215551 0.006128191 0 0.003215551 0.006151616 5.34358e-4 0.003297507 0.006107687 0.001064598 0.003297507 0.00603789 0.001586794 0.003297507 0.005922138 0.002096891 0.003297507 0.005761265 0.002591073 0.003297507 0.005556583 0.003065526 0.003297507 0.005309641 0.003516614 0.003297507 0.005022227 0.003940939 0.003297507 0.004696667 0.004335284 0.003297507 0.004335284 0.004696667 0.003297507 0.003940939 0.005022227 0.003297507 0.003516614 0.005309641 0.003297507 0.003065526 0.005556583 0.003297507 0.002591073 0.005761265 0.003297507 0.002096891 0.005922138 0.003297507 0.001586794 0.00603789 0.003297507 0.001064598 0.006107687 0.003297507 5.34358e-4 0.006131052 0.003297507 0 0.006107687 0.003297507 -5.34358e-4 0.00603789 0.003297507 -0.001064598 0.005922138 0.003297507 -0.001586794 0.005761265 0.003297507 -0.002096891 0.005556583 0.003297507 -0.002591073 0.005309641 0.003297507 -0.003065526 0.005022227 0.003297507 -0.003516614 0.004696667 0.003297507 -0.003940939 0.004335284 0.003297507 -0.004335284 0.003940939 0.003297507 -0.004696667 0.003516614 0.003297507 -0.005022227 0.003065526 0.003297507 -0.005309641 0.002591073 0.003297507 -0.005556583 0.002096891 0.003297507 -0.005761265 0.001586794 0.003297507 -0.005922138 0.001064598 0.003297507 -0.00603789 5.34358e-4 0.003297507 -0.006107687 0 0.003297507 -0.006131052 -5.34358e-4 0.003297507 -0.006107687 -0.001064598 0.003297507 -0.00603789 -0.001586794 0.003297507 -0.005922138 -0.002096891 0.003297507 -0.005761265 -0.002591073 0.003297507 -0.005556583 -0.003065526 0.003297507 -0.005309641 -0.003516614 0.003297507 -0.005022227 -0.003940939 0.003297507 -0.004696667 -0.004335284 0.003297507 -0.004335284 -0.004696667 0.003297507 -0.003940939 -0.005022227 0.003297507 -0.003516614 -0.005309641 0.003297507 -0.003065526 -0.005556583 0.003297507 -0.002591073 -0.005761265 0.003297507 -0.002096891 -0.005922138 0.003297507 -0.001586794 -0.00603789 0.003297507 -0.001064598 -0.006107687 0.003297507 -5.34358e-4 -0.006131052 0.003297507 0 -0.006107687 0.003297507 5.34358e-4 -0.00603789 0.003297507 0.001064598 -0.005922138 0.003297507 0.001586794 -0.005761265 0.003297507 0.002096891 -0.005556583 0.003297507 0.002591073 -0.005309641 0.003297507 0.003065526 -0.005022227 0.003297507 0.003516614 -0.004696667 0.003297507 0.003940939 -0.004335284 0.003297507 0.004335284 -0.003940939 0.003297507 0.004696667 -0.003516614 0.003297507 0.005022227 -0.003065526 0.003297507 0.005309641 -0.002591073 0.003297507 0.005556583 -0.002096891 0.003297507 0.005761265 -0.001586794 0.003297507 0.005922138 -0.001064598 0.003297507 0.00603789 -5.34358e-4 0.003297507 0.006107687 0 0.003297507 0.006131052 5.33173e-4 0.003380894 0.006094157 0.001062273 0.003380894 0.006024479 0.001583278 0.003380894 0.005909025 0.002092242 0.003380894 0.00574851 0.002585351 0.003380894 0.005544304 0.003058731 0.003380894 0.005297839 0.003508806 0.003380894 0.005011081 0.003932178 0.003380894 0.004686236 0.004325687 0.003380894 0.004325687 0.004686236 0.003380894 0.003932178 0.005011081 0.003380894 0.003508806 0.005297839 0.003380894 0.003058731 0.005544304 0.003380894 0.002585351 0.00574851 0.003380894 0.002092242 0.005909025 0.003380894 0.001583278 0.006024479 0.003380894 0.001062273 0.006094157 0.003380894 5.33173e-4 0.006117463 0.003380894 0 0.006094157 0.003380894 -5.33173e-4 0.006024479 0.003380894 -0.001062273 0.005909025 0.003380894 -0.001583278 0.00574851 0.003380894 -0.002092242 0.005544304 0.003380894 -0.002585351 0.005297839 0.003380894 -0.003058731 0.005011081 0.003380894 -0.003508806 0.004686236 0.003380894 -0.003932178 0.004325687 0.003380894 -0.004325687 0.003932178 0.003380894 -0.004686236 0.003508806 0.003380894 -0.005011081 0.003058731 0.003380894 -0.005297839 0.002585351 0.003380894 -0.005544304 0.002092242 0.003380894 -0.00574851 0.001583278 0.003380894 -0.005909025 0.001062273 0.003380894 -0.006024479 5.33173e-4 0.003380894 -0.006094157 0 0.003380894 -0.006117463 -5.33173e-4 0.003380894 -0.006094157 -0.001062273 0.003380894 -0.006024479 -0.001583278 0.003380894 -0.005909025 -0.002092242 0.003380894 -0.00574851 -0.002585351 0.003380894 -0.005544304 -0.003058731 0.003380894 -0.005297839 -0.003508806 0.003380894 -0.005011081 -0.003932178 0.003380894 -0.004686236 -0.004325687 0.003380894 -0.004325687 -0.004686236 0.003380894 -0.003932178 -0.005011081 0.003380894 -0.003508806 -0.005297839 0.003380894 -0.003058731 -0.005544304 0.003380894 -0.002585351 -0.00574851 0.003380894 -0.002092242 -0.005909025 0.003380894 -0.001583278 -0.006024479 0.003380894 -0.001062273 -0.006094157 0.003380894 -5.33173e-4 -0.006117463 0.003380894 0 -0.006094157 0.003380894 5.33173e-4 -0.006024479 0.003380894 0.001062273 -0.005909025 0.003380894 0.001583278 -0.00574851 0.003380894 0.002092242 -0.005544304 0.003380894 0.002585351 -0.005297839 0.003380894 0.003058731 -0.005011081 0.003380894 0.003508806 -0.004686236 0.003380894 0.003932178 -0.004325687 0.003380894 0.004325687 -0.003932178 0.003380894 0.004686236 -0.003508806 0.003380894 0.005011081 -0.003058731 0.003380894 0.005297839 -0.002585351 0.003380894 0.005544304 -0.002092242 0.003380894 0.00574851 -0.001583278 0.003380894 0.005909025 -0.001062273 0.003380894 0.006024479 -5.33173e-4 0.003380894 0.006094157 0 0.003380894 0.006117463 5.32605e-4 0.003465116 0.00608766 0.001061141 0.003465116 0.006018102 0.001581609 0.003465116 0.005902707 0.002090036 0.003465116 0.005742371 0.00258255 0.003465116 0.005538403 0.003055453 0.003465116 0.005292236 0.003505051 0.003465116 0.005005776 0.003928005 0.003465116 0.004681229 0.004321098 0.003465116 0.004321098 0.004681229 0.003465116 0.003928005 0.005005776 0.003465116 0.003505051 0.005292236 0.003465116 0.003055453 0.005538403 0.003465116 0.00258255 0.005742371 0.003465116 0.002090036 0.005902707 0.003465116 0.001581609 0.006018102 0.003465116 0.001061141 0.00608766 0.003465116 5.32605e-4 0.006110906 0.003465116 0 0.00608766 0.003465116 -5.32605e-4 0.006018102 0.003465116 -0.001061141 0.005902707 0.003465116 -0.001581609 0.005742371 0.003465116 -0.002090036 0.005538403 0.003465116 -0.00258255 0.005292236 0.003465116 -0.003055453 0.005005776 0.003465116 -0.003505051 0.004681229 0.003465116 -0.003928005 0.004321098 0.003465116 -0.004321098 0.003928005 0.003465116 -0.004681229 0.003505051 0.003465116 -0.005005776 0.003055453 0.003465116 -0.005292236 0.00258255 0.003465116 -0.005538403 0.002090036 0.003465116 -0.005742371 0.001581609 0.003465116 -0.005902707 0.001061141 0.003465116 -0.006018102 5.32605e-4 0.003465116 -0.00608766 0 0.003465116 -0.006110906 -5.32605e-4 0.003465116 -0.00608766 -0.001061141 0.003465116 -0.006018102 -0.001581609 0.003465116 -0.005902707 -0.002090036 0.003465116 -0.005742371 -0.00258255 0.003465116 -0.005538403 -0.003055453 0.003465116 -0.005292236 -0.003505051 0.003465116 -0.005005776 -0.003928005 0.003465116 -0.004681229 -0.004321098 0.003465116 -0.004321098 -0.004681229 0.003465116 -0.003928005 -0.005005776 0.003465116 -0.003505051 -0.005292236 0.003465116 -0.003055453 -0.005538403 0.003465116 -0.00258255 -0.005742371 0.003465116 -0.002090036 -0.005902707 0.003465116 -0.001581609 -0.006018102 0.003465116 -0.001061141 -0.00608766 0.003465116 -5.32605e-4 -0.006110906 0.003465116 0 -0.00608766 0.003465116 5.32605e-4 -0.006018102 0.003465116 0.001061141 -0.005902707 0.003465116 0.001581609 -0.005742371 0.003465116 0.002090036 -0.005538403 0.003465116 0.00258255 -0.005292236 0.003465116 0.003055453 -0.005005776 0.003465116 0.003505051 -0.004681229 0.003465116 0.003928005 -0.004321098 0.003465116 0.004321098 -0.003928005 0.003465116 0.004681229 -0.003505051 0.003465116 0.005005776 -0.003055453 0.003465116 0.005292236 -0.00258255 0.003465116 0.005538403 -0.002090036 0.003465116 0.005742371 -0.001581609 0.003465116 0.005902707 -0.001061141 0.003465116 0.006018102 -5.32605e-4 0.003465116 0.00608766 0 0.003465116 0.006110906 5.3266e-4 0.003549575 0.006088316 0.00106126 0.003549575 0.006018698 0.001581788 0.003549575 0.005903303 0.002090275 0.003549575 0.005742967 0.002582848 0.003549575 0.00553894 0.003055751 0.003549575 0.005292773 0.003505408 0.003549575 0.005006313 0.003928422 0.003549575 0.004681706 0.004321515 0.003549575 0.004321515 0.004681706 0.003549575 0.003928422 0.005006313 0.003549575 0.003505408 0.005292773 0.003549575 0.003055751 0.00553894 0.003549575 0.002582848 0.005742967 0.003549575 0.002090275 0.005903303 0.003549575 0.001581788 0.006018698 0.003549575 0.00106126 0.006088316 0.003549575 5.3266e-4 0.006111562 0.003549575 0 0.006088316 0.003549575 -5.3266e-4 0.006018698 0.003549575 -0.00106126 0.005903303 0.003549575 -0.001581788 0.005742967 0.003549575 -0.002090275 0.00553894 0.003549575 -0.002582848 0.005292773 0.003549575 -0.003055751 0.005006313 0.003549575 -0.003505408 0.004681706 0.003549575 -0.003928422 0.004321515 0.003549575 -0.004321515 0.003928422 0.003549575 -0.004681706 0.003505408 0.003549575 -0.005006313 0.003055751 0.003549575 -0.005292773 0.002582848 0.003549575 -0.00553894 0.002090275 0.003549575 -0.005742967 0.001581788 0.003549575 -0.005903303 0.00106126 0.003549575 -0.006018698 5.3266e-4 0.003549575 -0.006088316 0 0.003549575 -0.006111562 -5.3266e-4 0.003549575 -0.006088316 -0.00106126 0.003549575 -0.006018698 -0.001581788 0.003549575 -0.005903303 -0.002090275 0.003549575 -0.005742967 -0.002582848 0.003549575 -0.00553894 -0.003055751 0.003549575 -0.005292773 -0.003505408 0.003549575 -0.005006313 -0.003928422 0.003549575 -0.004681706 -0.004321515 0.003549575 -0.004321515 -0.004681706 0.003549575 -0.003928422 -0.005006313 0.003549575 -0.003505408 -0.005292773 0.003549575 -0.003055751 -0.00553894 0.003549575 -0.002582848 -0.005742967 0.003549575 -0.002090275 -0.005903303 0.003549575 -0.001581788 -0.006018698 0.003549575 -0.00106126 -0.006088316 0.003549575 -5.3266e-4 -0.006111562 0.003549575 0 -0.006088316 0.003549575 5.3266e-4 -0.006018698 0.003549575 0.00106126 -0.005903303 0.003549575 0.001581788 -0.005742967 0.003549575 0.002090275 -0.00553894 0.003549575 0.002582848 -0.005292773 0.003549575 0.003055751 -0.005006313 0.003549575 0.003505408 -0.004681706 0.003549575 0.003928422 -0.004321515 0.003549575 0.004321515 -0.003928422 0.003549575 0.004681706 -0.003505408 0.003549575 0.005006313 -0.003055751 0.003549575 0.005292773 -0.002582848 0.003549575 0.00553894 -0.002090275 0.003549575 0.005742967 -0.001581788 0.003549575 0.005903303 -0.00106126 0.003549575 0.006018698 -5.3266e-4 0.003549575 0.006088316 0 0.003549575 0.006111562 5.33335e-4 0.003633737 0.006096005 0.001062572 0.003633737 0.006026327 0.001583755 0.003633737 0.005910813 0.002092897 0.003633737 0.005750238 0.002586126 0.003633737 0.005545973 0.003059625 0.003633737 0.005299448 0.003509879 0.003633737 0.005012631 0.003933429 0.003633737 0.004687666 0.004326999 0.003633737 0.004326999 0.004687666 0.003633737 0.003933429 0.005012631 0.003633737 0.003509879 0.005299448 0.003633737 0.003059625 0.005545973 0.003633737 0.002586126 0.005750238 0.003633737 0.002092897 0.005910813 0.003633737 0.001583755 0.006026327 0.003633737 0.001062572 0.006096005 0.003633737 5.33335e-4 0.00611931 0.003633737 0 0.006096005 0.003633737 -5.33335e-4 0.006026327 0.003633737 -0.001062572 0.005910813 0.003633737 -0.001583755 0.005750238 0.003633737 -0.002092897 0.005545973 0.003633737 -0.002586126 0.005299448 0.003633737 -0.003059625 0.005012631 0.003633737 -0.003509879 0.004687666 0.003633737 -0.003933429 0.004326999 0.003633737 -0.004326999 0.003933429 0.003633737 -0.004687666 0.003509879 0.003633737 -0.005012631 0.003059625 0.003633737 -0.005299448 0.002586126 0.003633737 -0.005545973 0.002092897 0.003633737 -0.005750238 0.001583755 0.003633737 -0.005910813 0.001062572 0.003633737 -0.006026327 5.33335e-4 0.003633737 -0.006096005 0 0.003633737 -0.00611931 -5.33335e-4 0.003633737 -0.006096005 -0.001062572 0.003633737 -0.006026327 -0.001583755 0.003633737 -0.005910813 -0.002092897 0.003633737 -0.005750238 -0.002586126 0.003633737 -0.005545973 -0.003059625 0.003633737 -0.005299448 -0.003509879 0.003633737 -0.005012631 -0.003933429 0.003633737 -0.004687666 -0.004326999 0.003633737 -0.004326999 -0.004687666 0.003633737 -0.003933429 -0.005012631 0.003633737 -0.003509879 -0.005299448 0.003633737 -0.003059625 -0.005545973 0.003633737 -0.002586126 -0.005750238 0.003633737 -0.002092897 -0.005910813 0.003633737 -0.001583755 -0.006026327 0.003633737 -0.001062572 -0.006096005 0.003633737 -5.33335e-4 -0.00611931 0.003633737 0 -0.006096005 0.003633737 5.33335e-4 -0.006026327 0.003633737 0.001062572 -0.005910813 0.003633737 0.001583755 -0.005750238 0.003633737 0.002092897 -0.005545973 0.003633737 0.002586126 -0.005299448 0.003633737 0.003059625 -0.005012631 0.003633737 0.003509879 -0.004687666 0.003633737 0.003933429 -0.004326999 0.003633737 0.004326999 -0.003933429 0.003633737 0.004687666 -0.003509879 0.003633737 0.005012631 -0.003059625 0.003633737 0.005299448 -0.002586126 0.003633737 0.005545973 -0.002092897 0.003633737 0.005750238 -0.001583755 0.003633737 0.005910813 -0.001062572 0.003633737 0.006026327 -5.33335e-4 0.003633737 0.006096005 0 0.003633737 0.00611931 5.34628e-4 0.003716886 0.006110787 0.001065135 0.003716886 0.00604093 0.001587629 0.003716886 0.005925118 0.002097964 0.003716886 0.005764186 0.002592384 0.003716886 0.005559384 0.003067076 0.003716886 0.005312323 0.003518402 0.003716886 0.00502479 0.003942906 0.003716886 0.004698991 0.004337489 0.003716886 0.004337489 0.004698991 0.003716886 0.003942906 0.00502479 0.003716886 0.003518402 0.005312323 0.003716886 0.003067076 0.005559384 0.003716886 0.002592384 0.005764186 0.003716886 0.002097964 0.005925118 0.003716886 0.001587629 0.00604093 0.003716886 0.001065135 0.006110787 0.003716886 5.34628e-4 0.006134152 0.003716886 0 0.006110787 0.003716886 -5.34628e-4 0.00604093 0.003716886 -0.001065135 0.005925118 0.003716886 -0.001587629 0.005764186 0.003716886 -0.002097964 0.005559384 0.003716886 -0.002592384 0.005312323 0.003716886 -0.003067076 0.00502479 0.003716886 -0.003518402 0.004698991 0.003716886 -0.003942906 0.004337489 0.003716886 -0.004337489 0.003942906 0.003716886 -0.004698991 0.003518402 0.003716886 -0.00502479 0.003067076 0.003716886 -0.005312323 0.002592384 0.003716886 -0.005559384 0.002097964 0.003716886 -0.005764186 0.001587629 0.003716886 -0.005925118 0.001065135 0.003716886 -0.00604093 5.34628e-4 0.003716886 -0.006110787 0 0.003716886 -0.006134152 -5.34628e-4 0.003716886 -0.006110787 -0.001065135 0.003716886 -0.00604093 -0.001587629 0.003716886 -0.005925118 -0.002097964 0.003716886 -0.005764186 -0.002592384 0.003716886 -0.005559384 -0.003067076 0.003716886 -0.005312323 -0.003518402 0.003716886 -0.00502479 -0.003942906 0.003716886 -0.004698991 -0.004337489 0.003716886 -0.004337489 -0.004698991 0.003716886 -0.003942906 -0.00502479 0.003716886 -0.003518402 -0.005312323 0.003716886 -0.003067076 -0.005559384 0.003716886 -0.002592384 -0.005764186 0.003716886 -0.002097964 -0.005925118 0.003716886 -0.001587629 -0.00604093 0.003716886 -0.001065135 -0.006110787 0.003716886 -5.34628e-4 -0.006134152 0.003716886 0 -0.006110787 0.003716886 5.34628e-4 -0.00604093 0.003716886 0.001065135 -0.005925118 0.003716886 0.001587629 -0.005764186 0.003716886 0.002097964 -0.005559384 0.003716886 0.002592384 -0.005312323 0.003716886 0.003067076 -0.00502479 0.003716886 0.003518402 -0.004698991 0.003716886 0.003942906 -0.004337489 0.003716886 0.004337489 -0.003942906 0.003716886 0.004698991 -0.003518402 0.003716886 0.00502479 -0.003067076 0.003716886 0.005312323 -0.002592384 0.003716886 0.005559384 -0.002097964 0.003716886 0.005764186 -0.001587629 0.003716886 0.005925118 -0.001065135 0.003716886 0.00604093 -5.34628e-4 0.003716886 0.006110787 0 0.003716886 0.006134152 5.36527e-4 0.003798484 0.006132483 0.001068949 0.003798484 0.006062388 0.001593232 0.003798484 0.005946159 0.002105414 0.003798484 0.00578469 0.002601563 0.003798484 0.005579173 0.003077924 0.003798484 0.005331158 0.003530859 0.003798484 0.005042612 0.003956973 0.003798484 0.004715681 0.004352867 0.003798484 0.004352867 0.004715681 0.003798484 0.003956973 0.005042612 0.003798484 0.003530859 0.005331158 0.003798484 0.003077924 0.005579173 0.003798484 0.002601563 0.00578469 0.003798484 0.002105414 0.005946159 0.003798484 0.001593232 0.006062388 0.003798484 0.001068949 0.006132483 0.003798484 5.36527e-4 0.006155908 0.003798484 0 0.006132483 0.003798484 -5.36527e-4 0.006062388 0.003798484 -0.001068949 0.005946159 0.003798484 -0.001593232 0.00578469 0.003798484 -0.002105414 0.005579173 0.003798484 -0.002601563 0.005331158 0.003798484 -0.003077924 0.005042612 0.003798484 -0.003530859 0.004715681 0.003798484 -0.003956973 0.004352867 0.003798484 -0.004352867 0.003956973 0.003798484 -0.004715681 0.003530859 0.003798484 -0.005042612 0.003077924 0.003798484 -0.005331158 0.002601563 0.003798484 -0.005579173 0.002105414 0.003798484 -0.00578469 0.001593232 0.003798484 -0.005946159 0.001068949 0.003798484 -0.006062388 5.36527e-4 0.003798484 -0.006132483 0 0.003798484 -0.006155908 -5.36527e-4 0.003798484 -0.006132483 -0.001068949 0.003798484 -0.006062388 -0.001593232 0.003798484 -0.005946159 -0.002105414 0.003798484 -0.00578469 -0.002601563 0.003798484 -0.005579173 -0.003077924 0.003798484 -0.005331158 -0.003530859 0.003798484 -0.005042612 -0.003956973 0.003798484 -0.004715681 -0.004352867 0.003798484 -0.004352867 -0.004715681 0.003798484 -0.003956973 -0.005042612 0.003798484 -0.003530859 -0.005331158 0.003798484 -0.003077924 -0.005579173 0.003798484 -0.002601563 -0.00578469 0.003798484 -0.002105414 -0.005946159 0.003798484 -0.001593232 -0.006062388 0.003798484 -0.001068949 -0.006132483 0.003798484 -5.36527e-4 -0.006155908 0.003798484 0 -0.006132483 0.003798484 5.36527e-4 -0.006062388 0.003798484 0.001068949 -0.005946159 0.003798484 0.001593232 -0.00578469 0.003798484 0.002105414 -0.005579173 0.003798484 0.002601563 -0.005331158 0.003798484 0.003077924 -0.005042612 0.003798484 0.003530859 -0.004715681 0.003798484 0.003956973 -0.004352867 0.003798484 0.004352867 -0.003956973 0.003798484 0.004715681 -0.003530859 0.003798484 0.005042612 -0.003077924 0.003798484 0.005331158 -0.002601563 0.003798484 0.005579173 -0.002105414 0.003798484 0.00578469 -0.001593232 0.003798484 0.005946159 -0.001068949 0.003798484 0.006062388 -5.36527e-4 0.003798484 0.006132483 0 0.003798484 0.006155908 5.3902e-4 0.003877997 0.006160974 0.001073896 0.003877997 0.006090581 0.001600682 0.003877997 0.005973815 0.00211519 0.003877997 0.005811572 0.002613663 0.003877997 0.005605101 0.003092229 0.003877997 0.005355954 0.00354731 0.003877997 0.005066096 0.003975331 0.003877997 0.004737615 0.004373133 0.003877997 0.004373133 0.004737615 0.003877997 0.003975331 0.005066096 0.003877997 0.00354731 0.005355954 0.003877997 0.003092229 0.005605101 0.003877997 0.002613663 0.005811572 0.003877997 0.00211519 0.005973815 0.003877997 0.001600682 0.006090581 0.003877997 0.001073896 0.006160974 0.003877997 5.3902e-4 0.006184518 0.003877997 0 0.006160974 0.003877997 -5.3902e-4 0.006090581 0.003877997 -0.001073896 0.005973815 0.003877997 -0.001600682 0.005811572 0.003877997 -0.00211519 0.005605101 0.003877997 -0.002613663 0.005355954 0.003877997 -0.003092229 0.005066096 0.003877997 -0.00354731 0.004737615 0.003877997 -0.003975331 0.004373133 0.003877997 -0.004373133 0.003975331 0.003877997 -0.004737615 0.00354731 0.003877997 -0.005066096 0.003092229 0.003877997 -0.005355954 0.002613663 0.003877997 -0.005605101 0.00211519 0.003877997 -0.005811572 0.001600682 0.003877997 -0.005973815 0.001073896 0.003877997 -0.006090581 5.3902e-4 0.003877997 -0.006160974 0 0.003877997 -0.006184518 -5.3902e-4 0.003877997 -0.006160974 -0.001073896 0.003877997 -0.006090581 -0.001600682 0.003877997 -0.005973815 -0.00211519 0.003877997 -0.005811572 -0.002613663 0.003877997 -0.005605101 -0.003092229 0.003877997 -0.005355954 -0.00354731 0.003877997 -0.005066096 -0.003975331 0.003877997 -0.004737615 -0.004373133 0.003877997 -0.004373133 -0.004737615 0.003877997 -0.003975331 -0.005066096 0.003877997 -0.00354731 -0.005355954 0.003877997 -0.003092229 -0.005605101 0.003877997 -0.002613663 -0.005811572 0.003877997 -0.00211519 -0.005973815 0.003877997 -0.001600682 -0.006090581 0.003877997 -0.001073896 -0.006160974 0.003877997 -5.3902e-4 -0.006184518 0.003877997 0 -0.006160974 0.003877997 5.3902e-4 -0.006090581 0.003877997 0.001073896 -0.005973815 0.003877997 0.001600682 -0.005811572 0.003877997 0.00211519 -0.005605101 0.003877997 0.002613663 -0.005355954 0.003877997 0.003092229 -0.005066096 0.003877997 0.00354731 -0.004737615 0.003877997 0.003975331 -0.004373133 0.003877997 0.004373133 -0.003975331 0.003877997 0.004737615 -0.00354731 0.003877997 0.005066096 -0.003092229 0.003877997 0.005355954 -0.002613663 0.003877997 0.005605101 -0.00211519 0.003877997 0.005811572 -0.001600682 0.003877997 0.005973815 -0.001073896 0.003877997 0.006090581 -5.3902e-4 0.003877997 0.006160974 0 0.003877997 0.006184518 5.42089e-4 0.003954827 0.006196081 0.001080036 0.003954827 0.006125271 0.001609742 0.003954827 0.00600779 0.00212723 0.003954827 0.005844652 0.002628564 0.003954827 0.00563699 0.003109872 0.003954827 0.005386471 0.003567516 0.003954827 0.005094885 0.003997981 0.003954827 0.004764616 0.004397988 0.003954827 0.004397988 0.004764616 0.003954827 0.003997981 0.005094885 0.003954827 0.003567516 0.005386471 0.003954827 0.003109872 0.00563699 0.003954827 0.002628564 0.005844652 0.003954827 0.00212723 0.00600779 0.003954827 0.001609742 0.006125271 0.003954827 0.001080036 0.006196081 0.003954827 5.42089e-4 0.006219744 0.003954827 0 0.006196081 0.003954827 -5.42089e-4 0.006125271 0.003954827 -0.001080036 0.00600779 0.003954827 -0.001609742 0.005844652 0.003954827 -0.00212723 0.00563699 0.003954827 -0.002628564 0.005386471 0.003954827 -0.003109872 0.005094885 0.003954827 -0.003567516 0.004764616 0.003954827 -0.003997981 0.004397988 0.003954827 -0.004397988 0.003997981 0.003954827 -0.004764616 0.003567516 0.003954827 -0.005094885 0.003109872 0.003954827 -0.005386471 0.002628564 0.003954827 -0.00563699 0.00212723 0.003954827 -0.005844652 0.001609742 0.003954827 -0.00600779 0.001080036 0.003954827 -0.006125271 5.42089e-4 0.003954827 -0.006196081 0 0.003954827 -0.006219744 -5.42089e-4 0.003954827 -0.006196081 -0.001080036 0.003954827 -0.006125271 -0.001609742 0.003954827 -0.00600779 -0.00212723 0.003954827 -0.005844652 -0.002628564 0.003954827 -0.00563699 -0.003109872 0.003954827 -0.005386471 -0.003567516 0.003954827 -0.005094885 -0.003997981 0.003954827 -0.004764616 -0.004397988 0.003954827 -0.004397988 -0.004764616 0.003954827 -0.003997981 -0.005094885 0.003954827 -0.003567516 -0.005386471 0.003954827 -0.003109872 -0.00563699 0.003954827 -0.002628564 -0.005844652 0.003954827 -0.00212723 -0.00600779 0.003954827 -0.001609742 -0.006125271 0.003954827 -0.001080036 -0.006196081 0.003954827 -5.42089e-4 -0.006219744 0.003954827 0 -0.006196081 0.003954827 5.42089e-4 -0.006125271 0.003954827 0.001080036 -0.00600779 0.003954827 0.001609742 -0.005844652 0.003954827 0.00212723 -0.00563699 0.003954827 0.002628564 -0.005386471 0.003954827 0.003109872 -0.005094885 0.003954827 0.003567516 -0.004764616 0.003954827 0.003997981 -0.004397988 0.003954827 0.004397988 -0.003997981 0.003954827 0.004764616 -0.003567516 0.003954827 0.005094885 -0.003109872 0.003954827 0.005386471 -0.002628564 0.003954827 0.00563699 -0.00212723 0.003954827 0.005844652 -0.001609742 0.003954827 0.00600779 -0.001080036 0.003954827 0.006125271 -5.42089e-4 0.003954827 0.006196081 0 0.003954827 0.006219744 5.45712e-4 0.00402832 0.006237506 0.001087248 0.00402832 0.006166219 0.001620531 0.00402832 0.006047964 0.002141475 0.00402832 0.005883693 0.002646148 0.00402832 0.00567466 0.003130614 0.00402832 0.005422472 0.003591358 0.00402832 0.005128979 0.004024684 0.00402832 0.004796445 0.004427433 0.00402832 0.004427433 0.004796445 0.00402832 0.004024684 0.005128979 0.00402832 0.003591358 0.005422472 0.00402832 0.003130614 0.00567466 0.00402832 0.002646148 0.005883693 0.00402832 0.002141475 0.006047964 0.00402832 0.001620531 0.006166219 0.00402832 0.001087248 0.006237506 0.00402832 5.45712e-4 0.006261289 0.00402832 0 0.006237506 0.00402832 -5.45712e-4 0.006166219 0.00402832 -0.001087248 0.006047964 0.00402832 -0.001620531 0.005883693 0.00402832 -0.002141475 0.00567466 0.00402832 -0.002646148 0.005422472 0.00402832 -0.003130614 0.005128979 0.00402832 -0.003591358 0.004796445 0.00402832 -0.004024684 0.004427433 0.00402832 -0.004427433 0.004024684 0.00402832 -0.004796445 0.003591358 0.00402832 -0.005128979 0.003130614 0.00402832 -0.005422472 0.002646148 0.00402832 -0.00567466 0.002141475 0.00402832 -0.005883693 0.001620531 0.00402832 -0.006047964 0.001087248 0.00402832 -0.006166219 5.45712e-4 0.00402832 -0.006237506 0 0.00402832 -0.006261289 -5.45712e-4 0.00402832 -0.006237506 -0.001087248 0.00402832 -0.006166219 -0.001620531 0.00402832 -0.006047964 -0.002141475 0.00402832 -0.005883693 -0.002646148 0.00402832 -0.00567466 -0.003130614 0.00402832 -0.005422472 -0.003591358 0.00402832 -0.005128979 -0.004024684 0.00402832 -0.004796445 -0.004427433 0.00402832 -0.004427433 -0.004796445 0.00402832 -0.004024684 -0.005128979 0.00402832 -0.003591358 -0.005422472 0.00402832 -0.003130614 -0.00567466 0.00402832 -0.002646148 -0.005883693 0.00402832 -0.002141475 -0.006047964 0.00402832 -0.001620531 -0.006166219 0.00402832 -0.001087248 -0.006237506 0.00402832 -5.45712e-4 -0.006261289 0.00402832 0 -0.006237506 0.00402832 5.45712e-4 -0.006166219 0.00402832 0.001087248 -0.006047964 0.00402832 0.001620531 -0.005883693 0.00402832 0.002141475 -0.00567466 0.00402832 0.002646148 -0.005422472 0.00402832 0.003130614 -0.005128979 0.00402832 0.003591358 -0.004796445 0.00402832 0.004024684 -0.004427433 0.00402832 0.004427433 -0.004024684 0.00402832 0.004796445 -0.003591358 0.00402832 0.005128979 -0.003130614 0.00402832 0.005422472 -0.002646148 0.00402832 0.00567466 -0.002141475 0.00402832 0.005883693 -0.001620531 0.00402832 0.006047964 -0.001087248 0.00402832 0.006166219 -5.45712e-4 0.00402832 0.006237506 0 0.00402832 0.006261289 5.49863e-4 0.004098117 0.006284952 0.001095533 0.004098117 0.006213068 0.001632869 0.004098117 0.006093978 0.002157747 0.004098117 0.005928456 0.002666234 0.004098117 0.005717873 0.003154456 0.004098117 0.005463719 0.003618657 0.004098117 0.005167961 0.004055321 0.004098117 0.004832923 0.004461109 0.004098117 0.004461109 0.004832923 0.004098117 0.004055321 0.005167961 0.004098117 0.003618657 0.005463719 0.004098117 0.003154456 0.005717873 0.004098117 0.002666234 0.005928456 0.004098117 0.002157747 0.006093978 0.004098117 0.001632869 0.006213068 0.004098117 0.001095533 0.006284952 0.004098117 5.49863e-4 0.006308972 0.004098117 0 0.006284952 0.004098117 -5.49863e-4 0.006213068 0.004098117 -0.001095533 0.006093978 0.004098117 -0.001632869 0.005928456 0.004098117 -0.002157747 0.005717873 0.004098117 -0.002666234 0.005463719 0.004098117 -0.003154456 0.005167961 0.004098117 -0.003618657 0.004832923 0.004098117 -0.004055321 0.004461109 0.004098117 -0.004461109 0.004055321 0.004098117 -0.004832923 0.003618657 0.004098117 -0.005167961 0.003154456 0.004098117 -0.005463719 0.002666234 0.004098117 -0.005717873 0.002157747 0.004098117 -0.005928456 0.001632869 0.004098117 -0.006093978 0.001095533 0.004098117 -0.006213068 5.49863e-4 0.004098117 -0.006284952 0 0.004098117 -0.006308972 -5.49863e-4 0.004098117 -0.006284952 -0.001095533 0.004098117 -0.006213068 -0.001632869 0.004098117 -0.006093978 -0.002157747 0.004098117 -0.005928456 -0.002666234 0.004098117 -0.005717873 -0.003154456 0.004098117 -0.005463719 -0.003618657 0.004098117 -0.005167961 -0.004055321 0.004098117 -0.004832923 -0.004461109 0.004098117 -0.004461109 -0.004832923 0.004098117 -0.004055321 -0.005167961 0.004098117 -0.003618657 -0.005463719 0.004098117 -0.003154456 -0.005717873 0.004098117 -0.002666234 -0.005928456 0.004098117 -0.002157747 -0.006093978 0.004098117 -0.001632869 -0.006213068 0.004098117 -0.001095533 -0.006284952 0.004098117 -5.49863e-4 -0.006308972 0.004098117 0 -0.006284952 0.004098117 5.49863e-4 -0.006213068 0.004098117 0.001095533 -0.006093978 0.004098117 0.001632869 -0.005928456 0.004098117 0.002157747 -0.005717873 0.004098117 0.002666234 -0.005463719 0.004098117 0.003154456 -0.005167961 0.004098117 0.003618657 -0.004832923 0.004098117 0.004055321 -0.004461109 0.004098117 0.004461109 -0.004055321 0.004098117 0.004832923 -0.003618657 0.004098117 0.005167961 -0.003154456 0.004098117 0.005463719 -0.002666234 0.004098117 0.005717873 -0.002157747 0.004098117 0.005928456 -0.001632869 0.004098117 0.006093978 -0.001095533 0.004098117 0.006213068 -5.49863e-4 0.004098117 0.006284952 0 0.004098117 0.006308972 5.54513e-4 0.004163622 0.006338059 0.001104772 0.004163622 0.00626564 0.001646637 0.004163622 0.006145477 0.002175986 0.004163622 0.005978584 0.002688825 0.004163622 0.005766212 0.003181159 0.004163622 0.005509912 0.003649234 0.004163622 0.00521171 0.004089593 0.004163622 0.004873812 0.004498839 0.004163622 0.004498839 0.004873812 0.004163622 0.004089593 0.00521171 0.004163622 0.003649234 0.005509912 0.004163622 0.003181159 0.005766212 0.004163622 0.002688825 0.005978584 0.004163622 0.002175986 0.006145477 0.004163622 0.001646637 0.00626564 0.004163622 0.001104772 0.006338059 0.004163622 5.54513e-4 0.006362318 0.004163622 0 0.006338059 0.004163622 -5.54513e-4 0.00626564 0.004163622 -0.001104772 0.006145477 0.004163622 -0.001646637 0.005978584 0.004163622 -0.002175986 0.005766212 0.004163622 -0.002688825 0.005509912 0.004163622 -0.003181159 0.00521171 0.004163622 -0.003649234 0.004873812 0.004163622 -0.004089593 0.004498839 0.004163622 -0.004498839 0.004089593 0.004163622 -0.004873812 0.003649234 0.004163622 -0.00521171 0.003181159 0.004163622 -0.005509912 0.002688825 0.004163622 -0.005766212 0.002175986 0.004163622 -0.005978584 0.001646637 0.004163622 -0.006145477 0.001104772 0.004163622 -0.00626564 5.54513e-4 0.004163622 -0.006338059 0 0.004163622 -0.006362318 -5.54513e-4 0.004163622 -0.006338059 -0.001104772 0.004163622 -0.00626564 -0.001646637 0.004163622 -0.006145477 -0.002175986 0.004163622 -0.005978584 -0.002688825 0.004163622 -0.005766212 -0.003181159 0.004163622 -0.005509912 -0.003649234 0.004163622 -0.00521171 -0.004089593 0.004163622 -0.004873812 -0.004498839 0.004163622 -0.004498839 -0.004873812 0.004163622 -0.004089593 -0.00521171 0.004163622 -0.003649234 -0.005509912 0.004163622 -0.003181159 -0.005766212 0.004163622 -0.002688825 -0.005978584 0.004163622 -0.002175986 -0.006145477 0.004163622 -0.001646637 -0.00626564 0.004163622 -0.001104772 -0.006338059 0.004163622 -5.54513e-4 -0.006362318 0.004163622 0 -0.006338059 0.004163622 5.54513e-4 -0.00626564 0.004163622 0.001104772 -0.006145477 0.004163622 0.001646637 -0.005978584 0.004163622 0.002175986 -0.005766212 0.004163622 0.002688825 -0.005509912 0.004163622 0.003181159 -0.00521171 0.004163622 0.003649234 -0.004873812 0.004163622 0.004089593 -0.004498839 0.004163622 0.004498839 -0.004089593 0.004163622 0.004873812 -0.003649234 0.004163622 0.00521171 -0.003181159 0.004163622 0.005509912 -0.002688825 0.004163622 0.005766212 -0.002175986 0.004163622 0.005978584 -0.001646637 0.004163622 0.006145477 -0.001104772 0.004163622 0.00626564 -5.54513e-4 0.004163622 0.006338059 0 0.004163622 0.006362318 5.59628e-4 0.004224419 0.006396532 0.001114964 0.004224419 0.006323456 0.001661837 0.004224419 0.00620222 0.002196073 0.004224419 0.006033778 0.00271362 0.004224419 0.00581938 0.003210484 0.004224419 0.005560755 0.003682911 0.004224419 0.005259752 0.004127323 0.004224419 0.004918754 0.004540324 0.004224419 0.004540324 0.004918754 0.004224419 0.004127323 0.005259752 0.004224419 0.003682911 0.005560755 0.004224419 0.003210484 0.00581938 0.004224419 0.00271362 0.006033778 0.004224419 0.002196073 0.00620222 0.004224419 0.001661837 0.006323456 0.004224419 0.001114964 0.006396532 0.004224419 5.59628e-4 0.006420969 0.004224419 0 0.006396532 0.004224419 -5.59628e-4 0.006323456 0.004224419 -0.001114964 0.00620222 0.004224419 -0.001661837 0.006033778 0.004224419 -0.002196073 0.00581938 0.004224419 -0.00271362 0.005560755 0.004224419 -0.003210484 0.005259752 0.004224419 -0.003682911 0.004918754 0.004224419 -0.004127323 0.004540324 0.004224419 -0.004540324 0.004127323 0.004224419 -0.004918754 0.003682911 0.004224419 -0.005259752 0.003210484 0.004224419 -0.005560755 0.00271362 0.004224419 -0.00581938 0.002196073 0.004224419 -0.006033778 0.001661837 0.004224419 -0.00620222 0.001114964 0.004224419 -0.006323456 5.59628e-4 0.004224419 -0.006396532 0 0.004224419 -0.006420969 -5.59628e-4 0.004224419 -0.006396532 -0.001114964 0.004224419 -0.006323456 -0.001661837 0.004224419 -0.00620222 -0.002196073 0.004224419 -0.006033778 -0.00271362 0.004224419 -0.00581938 -0.003210484 0.004224419 -0.005560755 -0.003682911 0.004224419 -0.005259752 -0.004127323 0.004224419 -0.004918754 -0.004540324 0.004224419 -0.004540324 -0.004918754 0.004224419 -0.004127323 -0.005259752 0.004224419 -0.003682911 -0.005560755 0.004224419 -0.003210484 -0.00581938 0.004224419 -0.00271362 -0.006033778 0.004224419 -0.002196073 -0.00620222 0.004224419 -0.001661837 -0.006323456 0.004224419 -0.001114964 -0.006396532 0.004224419 -5.59628e-4 -0.006420969 0.004224419 0 -0.006396532 0.004224419 5.59628e-4 -0.006323456 0.004224419 0.001114964 -0.00620222 0.004224419 0.001661837 -0.006033778 0.004224419 0.002196073 -0.00581938 0.004224419 0.00271362 -0.005560755 0.004224419 0.003210484 -0.005259752 0.004224419 0.003682911 -0.004918754 0.004224419 0.004127323 -0.004540324 0.004224419 0.004540324 -0.004127323 0.004224419 0.004918754 -0.003682911 0.004224419 0.005259752 -0.003210484 0.004224419 0.005560755 -0.00271362 0.004224419 0.00581938 -0.002196073 0.004224419 0.006033778 -0.001661837 0.004224419 0.00620222 -0.001114964 0.004224419 0.006323456 -5.59628e-4 0.004224419 0.006396532 0 0.004224419 0.006420969 5.65172e-4 0.00428003 0.006459891 0.001125991 0.00428003 0.006386101 0.001678287 0.00428003 0.006263613 0.002217829 0.00428003 0.006093502 0.002740502 0.00428003 0.005877017 0.003242254 0.00428003 0.00561583 0.003719389 0.00428003 0.005311846 0.004168212 0.00428003 0.004967451 0.004585266 0.00428003 0.004585266 0.004967451 0.00428003 0.004168212 0.005311846 0.00428003 0.003719389 0.00561583 0.00428003 0.003242254 0.005877017 0.00428003 0.002740502 0.006093502 0.00428003 0.002217829 0.006263613 0.00428003 0.001678287 0.006386101 0.00428003 0.001125991 0.006459891 0.00428003 5.65172e-4 0.006484568 0.00428003 0 0.006459891 0.00428003 -5.65172e-4 0.006386101 0.00428003 -0.001125991 0.006263613 0.00428003 -0.001678287 0.006093502 0.00428003 -0.002217829 0.005877017 0.00428003 -0.002740502 0.00561583 0.00428003 -0.003242254 0.005311846 0.00428003 -0.003719389 0.004967451 0.00428003 -0.004168212 0.004585266 0.00428003 -0.004585266 0.004168212 0.00428003 -0.004967451 0.003719389 0.00428003 -0.005311846 0.003242254 0.00428003 -0.00561583 0.002740502 0.00428003 -0.005877017 0.002217829 0.00428003 -0.006093502 0.001678287 0.00428003 -0.006263613 0.001125991 0.00428003 -0.006386101 5.65172e-4 0.00428003 -0.006459891 0 0.00428003 -0.006484568 -5.65172e-4 0.00428003 -0.006459891 -0.001125991 0.00428003 -0.006386101 -0.001678287 0.00428003 -0.006263613 -0.002217829 0.00428003 -0.006093502 -0.002740502 0.00428003 -0.005877017 -0.003242254 0.00428003 -0.00561583 -0.003719389 0.00428003 -0.005311846 -0.004168212 0.00428003 -0.004967451 -0.004585266 0.00428003 -0.004585266 -0.004967451 0.00428003 -0.004168212 -0.005311846 0.00428003 -0.003719389 -0.00561583 0.00428003 -0.003242254 -0.005877017 0.00428003 -0.002740502 -0.006093502 0.00428003 -0.002217829 -0.006263613 0.00428003 -0.001678287 -0.006386101 0.00428003 -0.001125991 -0.006459891 0.00428003 -5.65172e-4 -0.006484568 0.00428003 0 -0.006459891 0.00428003 5.65172e-4 -0.006386101 0.00428003 0.001125991 -0.006263613 0.00428003 0.001678287 -0.006093502 0.00428003 0.002217829 -0.005877017 0.00428003 0.002740502 -0.00561583 0.00428003 0.003242254 -0.005311846 0.00428003 0.003719389 -0.004967451 0.00428003 0.004168212 -0.004585266 0.00428003 0.004585266 -0.004168212 0.00428003 0.004967451 -0.003719389 0.00428003 0.005311846 -0.003242254 0.00428003 0.00561583 -0.002740502 0.00428003 0.005877017 -0.002217829 0.00428003 0.006093502 -0.001678287 0.00428003 0.006263613 -0.001125991 0.00428003 0.006386101 -5.65172e-4 0.00428003 0.006459891 0 0.00428003 0.006484568 5.71105e-4 0.004330039 0.006527721 0.001137852 0.004330039 0.006453096 0.00169593 0.004330039 0.006329417 0.002241134 0.004330039 0.006157517 0.002769231 0.004330039 0.005938708 0.003276348 0.004330039 0.005674779 0.00375843 0.004330039 0.005367636 0.004211962 0.004330039 0.005019605 0.004633426 0.004330039 0.004633426 0.005019605 0.004330039 0.004211962 0.005367636 0.004330039 0.00375843 0.005674779 0.004330039 0.003276348 0.005938708 0.004330039 0.002769231 0.006157517 0.004330039 0.002241134 0.006329417 0.004330039 0.00169593 0.006453096 0.004330039 0.001137852 0.006527721 0.004330039 5.71105e-4 0.006552696 0.004330039 0 0.006527721 0.004330039 -5.71105e-4 0.006453096 0.004330039 -0.001137852 0.006329417 0.004330039 -0.00169593 0.006157517 0.004330039 -0.002241134 0.005938708 0.004330039 -0.002769231 0.005674779 0.004330039 -0.003276348 0.005367636 0.004330039 -0.00375843 0.005019605 0.004330039 -0.004211962 0.004633426 0.004330039 -0.004633426 0.004211962 0.004330039 -0.005019605 0.00375843 0.004330039 -0.005367636 0.003276348 0.004330039 -0.005674779 0.002769231 0.004330039 -0.005938708 0.002241134 0.004330039 -0.006157517 0.00169593 0.004330039 -0.006329417 0.001137852 0.004330039 -0.006453096 5.71105e-4 0.004330039 -0.006527721 0 0.004330039 -0.006552696 -5.71105e-4 0.004330039 -0.006527721 -0.001137852 0.004330039 -0.006453096 -0.00169593 0.004330039 -0.006329417 -0.002241134 0.004330039 -0.006157517 -0.002769231 0.004330039 -0.005938708 -0.003276348 0.004330039 -0.005674779 -0.00375843 0.004330039 -0.005367636 -0.004211962 0.004330039 -0.005019605 -0.004633426 0.004330039 -0.004633426 -0.005019605 0.004330039 -0.004211962 -0.005367636 0.004330039 -0.00375843 -0.005674779 0.004330039 -0.003276348 -0.005938708 0.004330039 -0.002769231 -0.006157517 0.004330039 -0.002241134 -0.006329417 0.004330039 -0.00169593 -0.006453096 0.004330039 -0.001137852 -0.006527721 0.004330039 -5.71105e-4 -0.006552696 0.004330039 0 -0.006527721 0.004330039 5.71105e-4 -0.006453096 0.004330039 0.001137852 -0.006329417 0.004330039 0.00169593 -0.006157517 0.004330039 0.002241134 -0.005938708 0.004330039 0.002769231 -0.005674779 0.004330039 0.003276348 -0.005367636 0.004330039 0.00375843 -0.005019605 0.004330039 0.004211962 -0.004633426 0.004330039 0.004633426 -0.004211962 0.004330039 0.005019605 -0.00375843 0.004330039 0.005367636 -0.003276348 0.004330039 0.005674779 -0.002769231 0.004330039 0.005938708 -0.002241134 0.004330039 0.006157517 -0.00169593 0.004330039 0.006329417 -0.001137852 0.004330039 0.006453096 -5.71105e-4 0.004330039 0.006527721 0 0.004330039 0.006552696 5.77385e-4 0.004374146 0.006599485 0.001150369 0.004374146 0.006524085 0.001714587 0.004374146 0.006398975 0.002265751 0.004374146 0.006225228 0.002799689 0.004374146 0.006004035 0.003312349 0.004374146 0.005737185 0.003799796 0.004374146 0.005426645 0.004258275 0.004374146 0.005074799 0.004684388 0.004374146 0.004684388 0.005074799 0.004374146 0.004258275 0.005426645 0.004374146 0.003799796 0.005737185 0.004374146 0.003312349 0.006004035 0.004374146 0.002799689 0.006225228 0.004374146 0.002265751 0.006398975 0.004374146 0.001714587 0.006524085 0.004374146 0.001150369 0.006599485 0.004374146 5.77385e-4 0.006624698 0.004374146 0 0.006599485 0.004374146 -5.77385e-4 0.006524085 0.004374146 -0.001150369 0.006398975 0.004374146 -0.001714587 0.006225228 0.004374146 -0.002265751 0.006004035 0.004374146 -0.002799689 0.005737185 0.004374146 -0.003312349 0.005426645 0.004374146 -0.003799796 0.005074799 0.004374146 -0.004258275 0.004684388 0.004374146 -0.004684388 0.004258275 0.004374146 -0.005074799 0.003799796 0.004374146 -0.005426645 0.003312349 0.004374146 -0.005737185 0.002799689 0.004374146 -0.006004035 0.002265751 0.004374146 -0.006225228 0.001714587 0.004374146 -0.006398975 0.001150369 0.004374146 -0.006524085 5.77385e-4 0.004374146 -0.006599485 0 0.004374146 -0.006624698 -5.77385e-4 0.004374146 -0.006599485 -0.001150369 0.004374146 -0.006524085 -0.001714587 0.004374146 -0.006398975 -0.002265751 0.004374146 -0.006225228 -0.002799689 0.004374146 -0.006004035 -0.003312349 0.004374146 -0.005737185 -0.003799796 0.004374146 -0.005426645 -0.004258275 0.004374146 -0.005074799 -0.004684388 0.004374146 -0.004684388 -0.005074799 0.004374146 -0.004258275 -0.005426645 0.004374146 -0.003799796 -0.005737185 0.004374146 -0.003312349 -0.006004035 0.004374146 -0.002799689 -0.006225228 0.004374146 -0.002265751 -0.006398975 0.004374146 -0.001714587 -0.006524085 0.004374146 -0.001150369 -0.006599485 0.004374146 -5.77385e-4 -0.006624698 0.004374146 0 -0.006599485 0.004374146 5.77385e-4 -0.006524085 0.004374146 0.001150369 -0.006398975 0.004374146 0.001714587 -0.006225228 0.004374146 0.002265751 -0.006004035 0.004374146 0.002799689 -0.005737185 0.004374146 0.003312349 -0.005426645 0.004374146 0.003799796 -0.005074799 0.004374146 0.004258275 -0.004684388 0.004374146 0.004684388 -0.004258275 0.004374146 0.005074799 -0.003799796 0.004374146 0.005426645 -0.003312349 0.004374146 0.005737185 -0.002799689 0.004374146 0.006004035 -0.002265751 0.004374146 0.006225228 -0.001714587 0.004374146 0.006398975 -0.001150369 0.004374146 0.006524085 -5.77385e-4 0.004374146 0.006599485 0 0.004374146 0.006624698 5.83967e-4 0.004411995 0.006674766 0.001163482 0.004411995 0.006598472 0.001734137 0.004411995 0.006471931 0.002291619 0.004411995 0.006296157 0.002831637 0.004411995 0.006072461 0.003350079 0.004411995 0.005802571 0.003843069 0.004411995 0.005488514 0.004306793 0.004411995 0.005132675 0.004737794 0.004411995 0.004737794 0.005132675 0.004411995 0.004306793 0.005488514 0.004411995 0.003843069 0.005802571 0.004411995 0.003350079 0.006072461 0.004411995 0.002831637 0.006296157 0.004411995 0.002291619 0.006471931 0.004411995 0.001734137 0.006598472 0.004411995 0.001163482 0.006674766 0.004411995 5.83967e-4 0.006700217 0.004411995 0 0.006674766 0.004411995 -5.83967e-4 0.006598472 0.004411995 -0.001163482 0.006471931 0.004411995 -0.001734137 0.006296157 0.004411995 -0.002291619 0.006072461 0.004411995 -0.002831637 0.005802571 0.004411995 -0.003350079 0.005488514 0.004411995 -0.003843069 0.005132675 0.004411995 -0.004306793 0.004737794 0.004411995 -0.004737794 0.004306793 0.004411995 -0.005132675 0.003843069 0.004411995 -0.005488514 0.003350079 0.004411995 -0.005802571 0.002831637 0.004411995 -0.006072461 0.002291619 0.004411995 -0.006296157 0.001734137 0.004411995 -0.006471931 0.001163482 0.004411995 -0.006598472 5.83967e-4 0.004411995 -0.006674766 0 0.004411995 -0.006700217 -5.83967e-4 0.004411995 -0.006674766 -0.001163482 0.004411995 -0.006598472 -0.001734137 0.004411995 -0.006471931 -0.002291619 0.004411995 -0.006296157 -0.002831637 0.004411995 -0.006072461 -0.003350079 0.004411995 -0.005802571 -0.003843069 0.004411995 -0.005488514 -0.004306793 0.004411995 -0.005132675 -0.004737794 0.004411995 -0.004737794 -0.005132675 0.004411995 -0.004306793 -0.005488514 0.004411995 -0.003843069 -0.005802571 0.004411995 -0.003350079 -0.006072461 0.004411995 -0.002831637 -0.006296157 0.004411995 -0.002291619 -0.006471931 0.004411995 -0.001734137 -0.006598472 0.004411995 -0.001163482 -0.006674766 0.004411995 -5.83967e-4 -0.006700217 0.004411995 0 -0.006674766 0.004411995 5.83967e-4 -0.006598472 0.004411995 0.001163482 -0.006471931 0.004411995 0.001734137 -0.006296157 0.004411995 0.002291619 -0.006072461 0.004411995 0.002831637 -0.005802571 0.004411995 0.003350079 -0.005488514 0.004411995 0.003843069 -0.005132675 0.004411995 0.004306793 -0.004737794 0.004411995 0.004737794 -0.004306793 0.004411995 0.005132675 -0.003843069 0.004411995 0.005488514 -0.003350079 0.004411995 0.005802571 -0.002831637 0.004411995 0.006072461 -0.002291619 0.004411995 0.006296157 -0.001734137 0.004411995 0.006471931 -0.001163482 0.004411995 0.006598472 -5.83967e-4 0.004411995 0.006674766 0 0.004411995 0.006700217 5.90804e-4 0.004443407 0.006752908 0.001177072 0.004443407 0.00667572 0.001754403 0.004443407 0.006547689 0.002318441 0.004443407 0.006369888 0.002864778 0.004443407 0.006143569 0.003389358 0.004443407 0.005870521 0.00388807 0.004443407 0.005552768 0.004357218 0.004443407 0.005192756 0.004793226 0.004443407 0.004793226 0.005192756 0.004443407 0.004357218 0.005552768 0.004443407 0.00388807 0.005870521 0.004443407 0.003389358 0.006143569 0.004443407 0.002864778 0.006369888 0.004443407 0.002318441 0.006547689 0.004443407 0.001754403 0.00667572 0.004443407 0.001177072 0.006752908 0.004443407 5.90804e-4 0.006778717 0.004443407 0 0.006752908 0.004443407 -5.90804e-4 0.00667572 0.004443407 -0.001177072 0.006547689 0.004443407 -0.001754403 0.006369888 0.004443407 -0.002318441 0.006143569 0.004443407 -0.002864778 0.005870521 0.004443407 -0.003389358 0.005552768 0.004443407 -0.00388807 0.005192756 0.004443407 -0.004357218 0.004793226 0.004443407 -0.004793226 0.004357218 0.004443407 -0.005192756 0.00388807 0.004443407 -0.005552768 0.003389358 0.004443407 -0.005870521 0.002864778 0.004443407 -0.006143569 0.002318441 0.004443407 -0.006369888 0.001754403 0.004443407 -0.006547689 0.001177072 0.004443407 -0.00667572 5.90804e-4 0.004443407 -0.006752908 0 0.004443407 -0.006778717 -5.90804e-4 0.004443407 -0.006752908 -0.001177072 0.004443407 -0.00667572 -0.001754403 0.004443407 -0.006547689 -0.002318441 0.004443407 -0.006369888 -0.002864778 0.004443407 -0.006143569 -0.003389358 0.004443407 -0.005870521 -0.00388807 0.004443407 -0.005552768 -0.004357218 0.004443407 -0.005192756 -0.004793226 0.004443407 -0.004793226 -0.005192756 0.004443407 -0.004357218 -0.005552768 0.004443407 -0.00388807 -0.005870521 0.004443407 -0.003389358 -0.006143569 0.004443407 -0.002864778 -0.006369888 0.004443407 -0.002318441 -0.006547689 0.004443407 -0.001754403 -0.00667572 0.004443407 -0.001177072 -0.006752908 0.004443407 -5.90804e-4 -0.006778717 0.004443407 0 -0.006752908 0.004443407 5.90804e-4 -0.00667572 0.004443407 0.001177072 -0.006547689 0.004443407 0.001754403 -0.006369888 0.004443407 0.002318441 -0.006143569 0.004443407 0.002864778 -0.005870521 0.004443407 0.003389358 -0.005552768 0.004443407 0.00388807 -0.005192756 0.004443407 0.004357218 -0.004793226 0.004443407 0.004793226 -0.004357218 0.004443407 0.005192756 -0.00388807 0.004443407 0.005552768 -0.003389358 0.004443407 0.005870521 -0.002864778 0.004443407 0.006143569 -0.002318441 0.004443407 0.006369888 -0.001754403 0.004443407 0.006547689 -0.001177072 0.004443407 0.00667572 -5.90804e-4 0.004443407 0.006752908 0 0.004443407 0.006778717 5.97848e-4 0.004468023 0.006833374 0.001191139 0.004468023 0.006755292 0.001775324 0.004468023 0.006625771 0.002346098 0.004468023 0.006445825 0.002898931 0.004468023 0.006216824 0.00342971 0.004468023 0.005940496 0.003934442 0.004468023 0.005618989 0.004409193 0.004468023 0.005254685 0.004850387 0.004468023 0.004850387 0.005254685 0.004468023 0.004409193 0.005618989 0.004468023 0.003934442 0.005940496 0.004468023 0.00342971 0.006216824 0.004468023 0.002898931 0.006445825 0.004468023 0.002346098 0.006625771 0.004468023 0.001775324 0.006755292 0.004468023 0.001191139 0.006833374 0.004468023 5.97848e-4 0.006859481 0.004468023 0 0.006833374 0.004468023 -5.97848e-4 0.006755292 0.004468023 -0.001191139 0.006625771 0.004468023 -0.001775324 0.006445825 0.004468023 -0.002346098 0.006216824 0.004468023 -0.002898931 0.005940496 0.004468023 -0.00342971 0.005618989 0.004468023 -0.003934442 0.005254685 0.004468023 -0.004409193 0.004850387 0.004468023 -0.004850387 0.004409193 0.004468023 -0.005254685 0.003934442 0.004468023 -0.005618989 0.00342971 0.004468023 -0.005940496 0.002898931 0.004468023 -0.006216824 0.002346098 0.004468023 -0.006445825 0.001775324 0.004468023 -0.006625771 0.001191139 0.004468023 -0.006755292 5.97848e-4 0.004468023 -0.006833374 0 0.004468023 -0.006859481 -5.97848e-4 0.004468023 -0.006833374 -0.001191139 0.004468023 -0.006755292 -0.001775324 0.004468023 -0.006625771 -0.002346098 0.004468023 -0.006445825 -0.002898931 0.004468023 -0.006216824 -0.00342971 0.004468023 -0.005940496 -0.003934442 0.004468023 -0.005618989 -0.004409193 0.004468023 -0.005254685 -0.004850387 0.004468023 -0.004850387 -0.005254685 0.004468023 -0.004409193 -0.005618989 0.004468023 -0.003934442 -0.005940496 0.004468023 -0.00342971 -0.006216824 0.004468023 -0.002898931 -0.006445825 0.004468023 -0.002346098 -0.006625771 0.004468023 -0.001775324 -0.006755292 0.004468023 -0.001191139 -0.006833374 0.004468023 -5.97848e-4 -0.006859481 0.004468023 0 -0.006833374 0.004468023 5.97848e-4 -0.006755292 0.004468023 0.001191139 -0.006625771 0.004468023 0.001775324 -0.006445825 0.004468023 0.002346098 -0.006216824 0.004468023 0.002898931 -0.005940496 0.004468023 0.00342971 -0.005618989 0.004468023 0.003934442 -0.005254685 0.004468023 0.004409193 -0.004850387 0.004468023 0.004850387 -0.004409193 0.004468023 0.005254685 -0.003934442 0.004468023 0.005618989 -0.00342971 0.004468023 0.005940496 -0.002898931 0.004468023 0.006216824 -0.002346098 0.004468023 0.006445825 -0.001775324 0.004468023 0.006625771 -0.001191139 0.004468023 0.006755292 -5.97848e-4 0.004468023 0.006833374 0 0.004468023 0.006859481 6.05047e-4 0.004485726 0.006915688 0.001205444 0.004485726 0.006836652 0.001796722 0.004485726 0.006705582 0.002374351 0.004485726 0.00652343 0.002933859 0.004485726 0.006291687 0.003471016 0.004485726 0.006012022 0.003981828 0.004485726 0.00568664 0.004462301 0.004485726 0.005317986 0.0049088 0.004485726 0.0049088 0.005317986 0.004485726 0.004462301 0.00568664 0.004485726 0.003981828 0.006012022 0.004485726 0.003471016 0.006291687 0.004485726 0.002933859 0.00652343 0.004485726 0.002374351 0.006705582 0.004485726 0.001796722 0.006836652 0.004485726 0.001205444 0.006915688 0.004485726 6.05047e-4 0.006942093 0.004485726 0 0.006915688 0.004485726 -6.05047e-4 0.006836652 0.004485726 -0.001205444 0.006705582 0.004485726 -0.001796722 0.00652343 0.004485726 -0.002374351 0.006291687 0.004485726 -0.002933859 0.006012022 0.004485726 -0.003471016 0.00568664 0.004485726 -0.003981828 0.005317986 0.004485726 -0.004462301 0.0049088 0.004485726 -0.0049088 0.004462301 0.004485726 -0.005317986 0.003981828 0.004485726 -0.00568664 0.003471016 0.004485726 -0.006012022 0.002933859 0.004485726 -0.006291687 0.002374351 0.004485726 -0.00652343 0.001796722 0.004485726 -0.006705582 0.001205444 0.004485726 -0.006836652 6.05047e-4 0.004485726 -0.006915688 0 0.004485726 -0.006942093 -6.05047e-4 0.004485726 -0.006915688 -0.001205444 0.004485726 -0.006836652 -0.001796722 0.004485726 -0.006705582 -0.002374351 0.004485726 -0.00652343 -0.002933859 0.004485726 -0.006291687 -0.003471016 0.004485726 -0.006012022 -0.003981828 0.004485726 -0.00568664 -0.004462301 0.004485726 -0.005317986 -0.0049088 0.004485726 -0.0049088 -0.005317986 0.004485726 -0.004462301 -0.00568664 0.004485726 -0.003981828 -0.006012022 0.004485726 -0.003471016 -0.006291687 0.004485726 -0.002933859 -0.00652343 0.004485726 -0.002374351 -0.006705582 0.004485726 -0.001796722 -0.006836652 0.004485726 -0.001205444 -0.006915688 0.004485726 -6.05047e-4 -0.006942093 0.004485726 0 -0.006915688 0.004485726 6.05047e-4 -0.006836652 0.004485726 0.001205444 -0.006705582 0.004485726 0.001796722 -0.00652343 0.004485726 0.002374351 -0.006291687 0.004485726 0.002933859 -0.006012022 0.004485726 0.003471016 -0.00568664 0.004485726 0.003981828 -0.005317986 0.004485726 0.004462301 -0.0049088 0.004485726 0.0049088 -0.004462301 0.004485726 0.005317986 -0.003981828 0.004485726 0.00568664 -0.003471016 0.004485726 0.006012022 -0.002933859 0.004485726 0.006291687 -0.002374351 0.004485726 0.00652343 -0.001796722 0.004485726 0.006705582 -0.001205444 0.004485726 0.006836652 -6.05047e-4 0.004485726 0.006915688 0 0.004485726 0.006942093 6.12352e-4 0.004496395 0.006999194 0.001219987 0.004496395 0.006919205 0.001818418 0.004496395 0.006786525 0.002402961 0.004496395 0.006602227 0.002969264 0.004496395 0.006367623 0.003512918 0.004496395 0.00608462 0.00402987 0.004496395 0.005755305 0.004516184 0.004496395 0.00538218 0.004968047 0.004496395 0.004968047 0.00538218 0.004496395 0.004516184 0.005755305 0.004496395 0.00402987 0.00608462 0.004496395 0.003512918 0.006367623 0.004496395 0.002969264 0.006602227 0.004496395 0.002402961 0.006786525 0.004496395 0.001818418 0.006919205 0.004496395 0.001219987 0.006999194 0.004496395 6.12352e-4 0.007025897 0.004496395 0 0.006999194 0.004496395 -6.12352e-4 0.006919205 0.004496395 -0.001219987 0.006786525 0.004496395 -0.001818418 0.006602227 0.004496395 -0.002402961 0.006367623 0.004496395 -0.002969264 0.00608462 0.004496395 -0.003512918 0.005755305 0.004496395 -0.00402987 0.00538218 0.004496395 -0.004516184 0.004968047 0.004496395 -0.004968047 0.004516184 0.004496395 -0.00538218 0.00402987 0.004496395 -0.005755305 0.003512918 0.004496395 -0.00608462 0.002969264 0.004496395 -0.006367623 0.002402961 0.004496395 -0.006602227 0.001818418 0.004496395 -0.006786525 0.001219987 0.004496395 -0.006919205 6.12352e-4 0.004496395 -0.006999194 0 0.004496395 -0.007025897 -6.12352e-4 0.004496395 -0.006999194 -0.001219987 0.004496395 -0.006919205 -0.001818418 0.004496395 -0.006786525 -0.002402961 0.004496395 -0.006602227 -0.002969264 0.004496395 -0.006367623 -0.003512918 0.004496395 -0.00608462 -0.00402987 0.004496395 -0.005755305 -0.004516184 0.004496395 -0.00538218 -0.004968047 0.004496395 -0.004968047 -0.00538218 0.004496395 -0.004516184 -0.005755305 0.004496395 -0.00402987 -0.00608462 0.004496395 -0.003512918 -0.006367623 0.004496395 -0.002969264 -0.006602227 0.004496395 -0.002402961 -0.006786525 0.004496395 -0.001818418 -0.006919205 0.004496395 -0.001219987 -0.006999194 0.004496395 -6.12352e-4 -0.007025897 0.004496395 0 -0.006999194 0.004496395 6.12352e-4 -0.006919205 0.004496395 0.001219987 -0.006786525 0.004496395 0.001818418 -0.006602227 0.004496395 0.002402961 -0.006367623 0.004496395 0.002969264 -0.00608462 0.004496395 0.003512918 -0.005755305 0.004496395 0.00402987 -0.00538218 0.004496395 0.004516184 -0.004968047 0.004496395 0.004968047 -0.004516184 0.004496395 0.00538218 -0.00402987 0.004496395 0.005755305 -0.003512918 0.004496395 0.00608462 -0.002969264 0.004496395 0.006367623 -0.002402961 0.004496395 0.006602227 -0.001818418 0.004496395 0.006786525 -0.001219987 0.004496395 0.006919205 -6.12352e-4 0.004496395 0.006999194 0 0.004496395 0.007025897 6.19708e-4 0.004499971 0.007083296 0.00123465 0.004499971 0.007002294 0.001840293 0.004499971 0.006868064 0.002431869 0.004499971 0.006681501 0.003004908 0.004499971 0.006444156 0.003555119 0.004499971 0.006157696 0.004078328 0.004499971 0.005824446 0.004570424 0.004499971 0.005446791 0.00502777 0.004499971 0.00502777 0.005446791 0.004499971 0.004570424 0.005824446 0.004499971 0.004078328 0.006157696 0.004499971 0.003555119 0.006444156 0.004499971 0.003004908 0.006681501 0.004499971 0.002431869 0.006868064 0.004499971 0.001840293 0.007002294 0.004499971 0.00123465 0.007083296 0.004499971 6.19708e-4 0.007110297 0.004499971 0 0.007083296 0.004499971 -6.19708e-4 0.007002294 0.004499971 -0.00123465 0.006868064 0.004499971 -0.001840293 0.006681501 0.004499971 -0.002431869 0.006444156 0.004499971 -0.003004908 0.006157696 0.004499971 -0.003555119 0.005824446 0.004499971 -0.004078328 0.005446791 0.004499971 -0.004570424 0.00502777 0.004499971 -0.00502777 0.004570424 0.004499971 -0.005446791 0.004078328 0.004499971 -0.005824446 0.003555119 0.004499971 -0.006157696 0.003004908 0.004499971 -0.006444156 0.002431869 0.004499971 -0.006681501 0.001840293 0.004499971 -0.006868064 0.00123465 0.004499971 -0.007002294 6.19708e-4 0.004499971 -0.007083296 0 0.004499971 -0.007110297 -6.19708e-4 0.004499971 -0.007083296 -0.00123465 0.004499971 -0.007002294 -0.001840293 0.004499971 -0.006868064 -0.002431869 0.004499971 -0.006681501 -0.003004908 0.004499971 -0.006444156 -0.003555119 0.004499971 -0.006157696 -0.004078328 0.004499971 -0.005824446 -0.004570424 0.004499971 -0.005446791 -0.00502777 0.004499971 -0.00502777 -0.005446791 0.004499971 -0.004570424 -0.005824446 0.004499971 -0.004078328 -0.006157696 0.004499971 -0.003555119 -0.006444156 0.004499971 -0.003004908 -0.006681501 0.004499971 -0.002431869 -0.006868064 0.004499971 -0.001840293 -0.007002294 0.004499971 -0.00123465 -0.007083296 0.004499971 -6.19708e-4 -0.007110297 0.004499971 0 -0.007083296 0.004499971 6.19708e-4 -0.007002294 0.004499971 0.00123465 -0.006868064 0.004499971 0.001840293 -0.006681501 0.004499971 0.002431869 -0.006444156 0.004499971 0.003004908 -0.006157696 0.004499971 0.003555119 -0.005824446 0.004499971 0.004078328 -0.005446791 0.004499971 0.004570424 -0.00502777 0.004499971 0.00502777 -0.004570424 0.004499971 0.005446791 -0.004078328 0.004499971 0.005824446 -0.003555119 0.004499971 0.006157696 -0.003004908 0.004499971 0.006444156 -0.002431869 0.004499971 0.006681501 -0.001840293 0.004499971 0.006868064 -0.00123465 0.004499971 0.007002294 -6.19708e-4 0.004499971 0.007083296 0 0.004499971 0.007110297 -0.003999948 0 0.03649997 -0.003999948 0 0.01649999 -0.003984749 3.48623e-4 0.03649997 -0.003984749 3.48623e-4 0.01649999 -0.003939211 6.94593e-4 0.03649997 -0.003939211 6.94593e-4 0.01649999 -0.003863692 0.001035273 0.03649997 -0.003863692 0.001035273 0.01649999 -0.003758728 0.001368045 0.03649997 -0.003758728 0.001368045 0.01649999 -0.003625214 0.001690447 0.03649997 -0.003625214 0.001690447 0.01649999 -0.003464043 0.001999974 0.03649997 -0.003464043 0.001999974 0.01649999 -0.003276586 0.002294301 0.03649997 -0.003276586 0.002294301 0.01649999 -0.003064155 0.002571105 0.03649997 -0.003064155 0.002571105 0.01649999 -0.002828419 0.002828419 0.03649997 -0.002828419 0.002828419 0.01649999 -0.002571105 0.003064155 0.03649997 -0.002571105 0.003064155 0.01649999 -0.002294301 0.003276586 0.03649997 -0.002294301 0.003276586 0.01649999 -0.001999974 0.003464043 0.03649997 -0.001999974 0.003464043 0.01649999 -0.001690447 0.003625214 0.03649997 -0.001690447 0.003625214 0.01649999 -0.001368045 0.003758728 0.03649997 -0.001368045 0.003758728 0.01649999 -0.001035273 0.003863692 0.03649997 -0.001035273 0.003863692 0.01649999 -6.94593e-4 0.003939211 0.03649997 -6.94593e-4 0.003939211 0.01649999 -3.48623e-4 0.003984749 0.03649997 -3.48623e-4 0.003984749 0.01649999 0 0.003999948 0.03649997 0 0.003999948 0.01649999 3.48623e-4 0.003984749 0.03649997 3.48623e-4 0.003984749 0.01649999 6.94593e-4 0.003939211 0.03649997 6.94593e-4 0.003939211 0.01649999 0.001035273 0.003863692 0.03649997 0.001035273 0.003863692 0.01649999 0.001368045 0.003758728 0.03649997 0.001368045 0.003758728 0.01649999 0.001690447 0.003625214 0.03649997 0.001690447 0.003625214 0.01649999 0.001999974 0.003464043 0.03649997 0.001999974 0.003464043 0.01649999 0.002294301 0.003276586 0.03649997 0.002294301 0.003276586 0.01649999 0.002571105 0.003064155 0.03649997 0.002571105 0.003064155 0.01649999 0.002828419 0.002828419 0.03649997 0.002828419 0.002828419 0.01649999 0.003064155 0.002571105 0.03649997 0.003064155 0.002571105 0.01649999 0.003276586 0.002294301 0.03649997 0.003276586 0.002294301 0.01649999 0.003464043 0.001999974 0.03649997 0.003464043 0.001999974 0.01649999 0.003625214 0.001690447 0.03649997 0.003625214 0.001690447 0.01649999 0.003758728 0.001368045 0.03649997 0.003758728 0.001368045 0.01649999 0.003863692 0.001035273 0.03649997 0.003863692 0.001035273 0.01649999 0.003939211 6.94593e-4 0.03649997 0.003939211 6.94593e-4 0.01649999 0.003984749 3.48623e-4 0.03649997 0.003984749 3.48623e-4 0.01649999 0.003999948 0 0.03649997 0.003999948 0 0.01649999 0.003984749 -3.48623e-4 0.03649997 0.003984749 -3.48623e-4 0.01649999 0.003939211 -6.94593e-4 0.03649997 0.003939211 -6.94593e-4 0.01649999 0.003863692 -0.001035273 0.03649997 0.003863692 -0.001035273 0.01649999 0.003758728 -0.001368045 0.03649997 0.003758728 -0.001368045 0.01649999 0.003625214 -0.001690447 0.03649997 0.003625214 -0.001690447 0.01649999 0.003464043 -0.001999974 0.03649997 0.003464043 -0.001999974 0.01649999 0.003276586 -0.002294301 0.03649997 0.003276586 -0.002294301 0.01649999 0.003064155 -0.002571105 0.03649997 0.003064155 -0.002571105 0.01649999 0.002828419 -0.002828419 0.03649997 0.002828419 -0.002828419 0.01649999 0.002571105 -0.003064155 0.03649997 0.002571105 -0.003064155 0.01649999 0.002294301 -0.003276586 0.03649997 0.002294301 -0.003276586 0.01649999 0.001999974 -0.003464043 0.03649997 0.001999974 -0.003464043 0.01649999 0.001690447 -0.003625214 0.03649997 0.001690447 -0.003625214 0.01649999 0.001368045 -0.003758728 0.03649997 0.001368045 -0.003758728 0.01649999 0.001035273 -0.003863692 0.03649997 0.001035273 -0.003863692 0.01649999 6.94593e-4 -0.003939211 0.03649997 6.94593e-4 -0.003939211 0.01649999 3.48623e-4 -0.003984749 0.03649997 3.48623e-4 -0.003984749 0.01649999 0 -0.003999948 0.03649997 0 -0.003999948 0.01649999 -3.48623e-4 -0.003984749 0.03649997 -3.48623e-4 -0.003984749 0.01649999 -6.94593e-4 -0.003939211 0.03649997 -6.94593e-4 -0.003939211 0.01649999 -0.001035273 -0.003863692 0.03649997 -0.001035273 -0.003863692 0.01649999 -0.001368045 -0.003758728 0.03649997 -0.001368045 -0.003758728 0.01649999 -0.001690447 -0.003625214 0.03649997 -0.001690447 -0.003625214 0.01649999 -0.001999974 -0.003464043 0.03649997 -0.001999974 -0.003464043 0.01649999 -0.002294301 -0.003276586 0.03649997 -0.002294301 -0.003276586 0.01649999 -0.002571105 -0.003064155 0.03649997 -0.002571105 -0.003064155 0.01649999 -0.002828419 -0.002828419 0.03649997 -0.002828419 -0.002828419 0.01649999 -0.003064155 -0.002571105 0.03649997 -0.003064155 -0.002571105 0.01649999 -0.003276586 -0.002294301 0.03649997 -0.003276586 -0.002294301 0.01649999 -0.003464043 -0.001999974 0.03649997 -0.003464043 -0.001999974 0.01649999 -0.003625214 -0.001690447 0.03649997 -0.003625214 -0.001690447 0.01649999 -0.003758728 -0.001368045 0.03649997 -0.003758728 -0.001368045 0.01649999 -0.003863692 -0.001035273 0.03649997 -0.003863692 -0.001035273 0.01649999 -0.003939211 -6.94593e-4 0.03649997 -0.003939211 -6.94593e-4 0.01649999 -0.003984749 -3.48623e-4 0.03649997 -0.003984749 -3.48623e-4 0.01649999 0.003804743 -0.00495845 0.01363313 -0.00433731 -0.004499971 0.01317465 0.004017412 -0.004787743 0.01346242 0.00433731 -0.004499971 0.01317465 -0.003124952 -0.005412638 0.01408731 -0.003358066 -0.005271196 0.01394587 0.003358066 -0.005271196 0.01394587 -0.003584802 -0.005119681 0.01379436 0.003584802 -0.005119681 0.01379436 -0.003804743 -0.00495845 0.01363313 -0.004017412 -0.004787743 0.01346242 0.003124952 -0.005412638 0.01408731 0.002885878 -0.005543768 0.01421844 -0.002885878 -0.005543768 0.01421844 -0.00264132 -0.005664408 0.01433908 0.00264132 -0.005664408 0.01433908 0.002391755 -0.005774199 0.01444888 -0.002391755 -0.005774199 0.01444888 -0.002137601 -0.005873024 0.01454776 0.002137601 -0.005873024 0.01454776 0.001879394 -0.005960702 0.01463538 -0.001879394 -0.005960702 0.01463538 0.00161761 -0.006036996 0.01471167 -0.00161761 -0.006036996 0.01471167 -0.001085281 -0.006155014 0.01482969 -0.001352727 -0.006101846 0.01477652 0.001085281 -0.006155014 0.01482969 0.001352727 -0.006101846 0.01477652 -8.15789e-4 -0.006196498 0.01487118 8.15789e-4 -0.006196498 0.01487118 -5.44723e-4 -0.006226181 0.01490086 5.44723e-4 -0.006226181 0.01490086 2.72621e-4 -0.006244003 0.01491868 -2.72621e-4 -0.006244003 0.01491868 0 -0.006249964 0.01492464 -0.00433731 0.004499971 0.01317465 0.007232606 0.004499971 0.009245932 0.006156504 0.004499971 0.01079171 0.00505048 0.004499971 0.01228362 0.00433731 0.004499971 0.01317465 -0.007232606 0.004499971 0.009245932 -0.008918285 0.004499971 0.006697952 -0.005139112 0.004499971 0.01216858 -0.006016314 0.004499971 0.01098692 -0.009367465 0.004499971 0.005999982 0.008918285 0.004499971 0.006697952 0.009367465 0.004499971 0.005999982 0.009715616 0.004499971 0.005418121 0.01014804 0.004499971 0.004557013 0.0105043 0.004499971 0.003661751 0.01078182 0.004499971 0.002738952 0.0109784 0.004499971 0.001795649 0.0110926 0.004499971 8.38913e-4 0.01112359 0.004499971 -1.24167e-4 0.01107108 0.004499971 -0.001086294 0.01093554 0.004499971 -0.002040266 0.01071798 0.004499971 -0.00297898 0.01041996 0.004499971 -0.003895282 0.01004379 0.004499971 -0.004782438 0.009592235 0.004499971 -0.005633652 0.009068727 0.004499971 -0.006442606 0.008477151 0.004499971 -0.007203221 0.007822036 0.004499971 -0.007909834 0.007108151 0.004499971 -0.008557021 0.00634098 0.004499971 -0.009140074 0.005526244 0.004499971 -0.009654521 0.004670023 0.004499971 -0.01009654 0.003778755 0.004499971 -0.01046282 0.002859175 0.004499971 -0.01075053 0.001918077 0.004499971 -0.01095765 9.62674e-4 0.004499971 -0.01108253 0 0.004499971 -0.01112425 -9.62674e-4 0.004499971 -0.01108253 -0.001918077 0.004499971 -0.01095765 -0.002859175 0.004499971 -0.01075053 -0.003778755 0.004499971 -0.01046282 -0.004670023 0.004499971 -0.01009654 -0.005526244 0.004499971 -0.009654521 -0.00634098 0.004499971 -0.009140074 -0.007108151 0.004499971 -0.008557021 -0.007822036 0.004499971 -0.007909834 -0.008477151 0.004499971 -0.007203221 -0.009068727 0.004499971 -0.006442606 -0.009592235 0.004499971 -0.005633652 -0.01004379 0.004499971 -0.004782438 -0.01041996 0.004499971 -0.003895282 -0.01071798 0.004499971 -0.00297898 -0.01093554 0.004499971 -0.002040266 -0.01107108 0.004499971 -0.001086294 -0.01112359 0.004499971 -1.24167e-4 -0.0110926 0.004499971 8.38913e-4 -0.0109784 0.004499971 0.001795649 -0.01078182 0.004499971 0.002738952 -0.0105043 0.004499971 0.003661751 -0.01014804 0.004499971 0.004557013 -0.009715616 0.004499971 0.005418121 0.004017412 0.004787743 0.01346242 0.003584802 0.005119681 0.01379436 0.003804743 0.00495845 0.01363313 -0.003804743 0.00495845 0.01363313 -0.004017412 0.004787743 0.01346242 -0.003584802 0.005119681 0.01379436 -0.003358066 0.005271196 0.01394587 0.003358066 0.005271196 0.01394587 0.003124952 0.005412638 0.01408731 -0.003124952 0.005412638 0.01408731 -0.002885878 0.005543768 0.01421844 0.002885878 0.005543768 0.01421844 -0.00264132 0.005664408 0.01433908 0.00264132 0.005664408 0.01433908 0.001879394 0.005960702 0.01463538 0.002137601 0.005873024 0.01454776 -0.001879394 0.005960702 0.01463538 0.002391755 0.005774199 0.01444888 -0.002391755 0.005774199 0.01444888 -0.002137601 0.005873024 0.01454776 0.00161761 0.006036996 0.01471167 -0.00161761 0.006036996 0.01471167 0.001352727 0.006101846 0.01477652 -0.001352727 0.006101846 0.01477652 -0.001085281 0.006155014 0.01482969 0.001085281 0.006155014 0.01482969 -8.15789e-4 0.006196498 0.01487118 8.15789e-4 0.006196498 0.01487118 5.44723e-4 0.006226181 0.01490086 -5.44723e-4 0.006226181 0.01490086 -2.72621e-4 0.006244003 0.01491868 2.72621e-4 0.006244003 0.01491868 0 0.006249964 0.01492464 -0.003872931 -0.006999969 0.03149998 0.003872931 -0.006999969 0.03149998 -0.003872931 -0.006999969 0.03649997 0.003872931 -0.006999969 0.03649997 0 0 0.01649999 0.003872931 0.006999969 0.03149998 -0.003872931 0.006999969 0.03149998 0.003872931 0.006999969 0.03649997 -0.003872931 0.006999969 0.03649997 0.008918285 -0.004499971 0.006697952 0.009367465 -0.004499971 0.005999982 0.009715616 -0.004499971 0.005418121 0.005139112 -0.004499971 0.01216858 0.006016314 -0.004499971 0.01098692 0.007232606 -0.004499971 0.009245932 -0.00505048 -0.004499971 0.01228362 -0.006156504 -0.004499971 0.01079171 -0.007232606 -0.004499971 0.009245932 0.01014804 -0.004499971 0.004557013 0.0105043 -0.004499971 0.003661751 0.01078182 -0.004499971 0.002738952 0.0109784 -0.004499971 0.001795649 0.0110926 -0.004499971 8.38913e-4 0.01112359 -0.004499971 -1.24167e-4 0.01107108 -0.004499971 -0.001086294 0.01093554 -0.004499971 -0.002040266 0.01071798 -0.004499971 -0.00297898 0.01041996 -0.004499971 -0.003895282 0.01004379 -0.004499971 -0.004782438 0.009592235 -0.004499971 -0.005633652 0.009068727 -0.004499971 -0.006442606 0.008477151 -0.004499971 -0.007203221 0.007822036 -0.004499971 -0.007909834 0.007108151 -0.004499971 -0.008557021 0.00634098 -0.004499971 -0.009140074 0.005526244 -0.004499971 -0.009654521 0.004670023 -0.004499971 -0.01009654 0.003778755 -0.004499971 -0.01046282 0.002859175 -0.004499971 -0.01075053 0.001918077 -0.004499971 -0.01095765 9.62674e-4 -0.004499971 -0.01108253 0 -0.004499971 -0.01112425 -9.62674e-4 -0.004499971 -0.01108253 -0.001918077 -0.004499971 -0.01095765 -0.002859175 -0.004499971 -0.01075053 -0.003778755 -0.004499971 -0.01046282 -0.004670023 -0.004499971 -0.01009654 -0.005526244 -0.004499971 -0.009654521 -0.00634098 -0.004499971 -0.009140074 -0.007108151 -0.004499971 -0.008557021 -0.007822036 -0.004499971 -0.007909834 -0.008477151 -0.004499971 -0.007203221 -0.009068727 -0.004499971 -0.006442606 -0.009592235 -0.004499971 -0.005633652 -0.01004379 -0.004499971 -0.004782438 -0.01041996 -0.004499971 -0.003895282 -0.01071798 -0.004499971 -0.00297898 -0.01093554 -0.004499971 -0.002040266 -0.01107108 -0.004499971 -0.001086294 -0.01112359 -0.004499971 -1.24167e-4 -0.0110926 -0.004499971 8.38913e-4 -0.0109784 -0.004499971 0.001795649 -0.01078182 -0.004499971 0.002738952 -0.0105043 -0.004499971 0.003661751 -0.01014804 -0.004499971 0.004557013 -0.009715616 -0.004499971 0.005418121 -0.009367465 -0.004499971 0.005999982 -0.008918285 -0.004499971 0.006697952 0.005412638 -0.003124952 0.01317465 0.005306661 -0.00330168 0.01317465 0.004419386 0.004419386 0.01317465 0.004666388 0.004157781 0.01317465 0.004787743 0.004017412 0.01317465 0.005004882 0.003743469 0.01317465 0.005119681 0.003584802 0.01317465 0.005306661 0.00330168 0.01317465 0.005412638 0.003124952 0.01317465 0.005569577 0.00283575 0.01317465 0.005664408 0.00264132 0.01317465 0.005119681 -0.003584802 0.01317465 0.005004882 -0.003743469 0.01317465 0.004787743 -0.004017412 0.01317465 0.004666388 -0.004157781 0.01317465 0.004419386 -0.004419386 0.01317465 0.005569577 -0.00283575 0.01317465 0.005664408 -0.00264132 0.01317465 0.005791723 -0.002349078 0.01317465 0.009630322 -0.003905951 0.005999982 0.005873024 -0.002137601 0.01317465 0.009772419 -0.003535389 0.005999982 0.005971372 -0.001845121 0.01317465 0.00992906 -0.003068029 0.005999982 0.006036996 -0.00161761 0.01317465 0.0100761 -0.002543807 0.005999982 0.00610733 -0.001327693 0.01317465 0.01015508 -0.002207636 0.005999982 0.006155014 -0.001085281 0.01317465 0.01027846 -0.001533627 0.005999982 0.006198465 -8.00539e-4 0.01317465 0.01030665 -0.00133109 0.005999982 0.006226181 -5.44723e-4 0.01317465 0.01037961 -5.12431e-4 0.005999982 0.006244242 -2.675e-4 0.01317465 0.01038277 -4.4479e-4 0.005999982 0.006249964 0 0.01317465 0.006244242 2.675e-4 0.01317465 0.01038277 4.4479e-4 0.005999982 0.006226181 5.44723e-4 0.01317465 0.01037961 5.12431e-4 0.005999982 0.006198465 8.00539e-4 0.01317465 0.01030665 0.00133109 0.005999982 0.006155014 0.001085281 0.01317465 0.01027846 0.001533627 0.005999982 0.00610733 0.001327693 0.01317465 0.01015508 0.002207636 0.005999982 0.006036996 0.00161761 0.01317465 0.0100761 0.002543807 0.005999982 0.005971372 0.001845121 0.01317465 0.00992906 0.003068029 0.005999982 0.005873024 0.002137601 0.01317465 0.009772419 0.003535389 0.005999982 0.005791723 0.002349078 0.01317465 0.009630322 0.003905951 0.005999982 0.001085281 -0.006155014 0.03149998 0.00161761 -0.006036996 0.03149998 0.002137601 -0.005873024 0.03149998 -0.001085281 0.006155014 0.03149998 -0.00161761 0.006036996 0.03149998 -0.002137601 0.005873024 0.03149998 -0.006249964 0 0.03149998 -0.007992684 3.40836e-4 0.03149998 -0.006226181 5.44723e-4 0.03149998 -0.007934689 0.001020014 0.03149998 -0.006155014 0.001085281 0.03149998 -0.007819056 0.001691818 0.03149998 -0.006036996 0.00161761 0.03149998 -0.00764662 0.002351284 0.03149998 -0.005873024 0.002137601 0.03149998 -0.007418692 0.002993762 0.03149998 -0.005664408 0.00264132 0.03149998 -0.007136881 0.003614425 0.03149998 -0.005412638 0.003124952 0.03149998 -0.006803274 0.004208922 0.03149998 -0.005119681 0.003584802 0.03149998 -0.006420254 0.004772782 0.03149998 -0.004787743 0.004017412 0.03149998 -0.005990624 0.005302011 0.03149998 -0.004419386 0.004419386 0.03149998 -0.005517542 0.005792796 0.03149998 -0.004017412 0.004787743 0.03149998 -0.005004346 0.0062415 0.03149998 -0.003584802 0.005119681 0.03149998 -0.004454791 0.006644845 0.03149998 -0.003124952 0.005412638 0.03149998 -0.00264132 0.005664408 0.03149998 -0.003124952 -0.005412638 0.03149998 -0.00264132 -0.005664408 0.03149998 0.006226181 5.44723e-4 0.03149998 0.007992684 3.40836e-4 0.03149998 0.006249964 0 0.03149998 0.007992684 -3.40836e-4 0.03149998 0.006226181 -5.44723e-4 0.03149998 0.007934689 -0.001020014 0.03149998 0.006155014 -0.001085281 0.03149998 0.007819056 -0.001691818 0.03149998 0.006036996 -0.00161761 0.03149998 0.00764662 -0.002351284 0.03149998 0.005873024 -0.002137601 0.03149998 0.007418692 -0.002993762 0.03149998 0.005664408 -0.00264132 0.03149998 0.007136881 -0.003614425 0.03149998 0.005412638 -0.003124952 0.03149998 0.006803274 -0.004208922 0.03149998 0.005119681 -0.003584802 0.03149998 0.006420254 -0.004772782 0.03149998 0.004787743 -0.004017412 0.03149998 0.005990624 -0.005302011 0.03149998 0.004419386 -0.004419386 0.03149998 0.005517542 -0.005792796 0.03149998 0.004017412 -0.004787743 0.03149998 0.005004346 -0.0062415 0.03149998 0.003584802 -0.005119681 0.03149998 0.004454791 -0.006644845 0.03149998 0.003124952 -0.005412638 0.03149998 0.00264132 -0.005664408 0.03149998 0.003124952 0.005412638 0.03149998 0.00264132 0.005664408 0.03149998 0.002137601 0.005873024 0.03149998 0.00161761 0.006036996 0.03149998 0.001085281 0.006155014 0.03149998 -0.002137601 -0.005873024 0.03149998 -0.00161761 -0.006036996 0.03149998 -0.001085281 -0.006155014 0.03149998 -5.44723e-4 -0.006226181 0.03149998 0 -0.006249964 0.03149998 5.44723e-4 -0.006226181 0.03149998 5.44723e-4 0.006226181 0.03149998 0 0.006249964 0.03149998 -5.44723e-4 0.006226181 0.03149998 -0.003584802 -0.005119681 0.03149998 -0.004454791 -0.006644845 0.03149998 -0.004017412 -0.004787743 0.03149998 -0.005004346 -0.0062415 0.03149998 -0.004419386 -0.004419386 0.03149998 -0.005517542 -0.005792796 0.03149998 -0.004787743 -0.004017412 0.03149998 -0.005990624 -0.005302011 0.03149998 -0.005119681 -0.003584802 0.03149998 -0.006420254 -0.004772782 0.03149998 -0.005412638 -0.003124952 0.03149998 -0.006803274 -0.004208922 0.03149998 -0.005664408 -0.00264132 0.03149998 -0.007136881 -0.003614425 0.03149998 -0.005873024 -0.002137601 0.03149998 -0.007418692 -0.002993762 0.03149998 -0.006036996 -0.00161761 0.03149998 -0.00764662 -0.002351284 0.03149998 -0.006155014 -0.001085281 0.03149998 -0.007819056 -0.001691818 0.03149998 -0.006226181 -5.44723e-4 0.03149998 -0.007934689 -0.001020014 0.03149998 -0.007992684 -3.40836e-4 0.03149998 0.003584802 0.005119681 0.03149998 0.004454791 0.006644845 0.03149998 0.004017412 0.004787743 0.03149998 0.005004346 0.0062415 0.03149998 0.004419386 0.004419386 0.03149998 0.005517542 0.005792796 0.03149998 0.004787743 0.004017412 0.03149998 0.005990624 0.005302011 0.03149998 0.005119681 0.003584802 0.03149998 0.006420254 0.004772782 0.03149998 0.005412638 0.003124952 0.03149998 0.006803274 0.004208922 0.03149998 0.005664408 0.00264132 0.03149998 0.007136881 0.003614425 0.03149998 0.005873024 0.002137601 0.03149998 0.007418692 0.002993762 0.03149998 0.006036996 0.00161761 0.03149998 0.00764662 0.002351284 0.03149998 0.006155014 0.001085281 0.03149998 0.007819056 0.001691818 0.03149998 0.007934689 0.001020014 0.03149998 -0.004454791 -0.006644845 0.03649997 -0.005004346 -0.0062415 0.03649997 -0.005517542 -0.005792796 0.03649997 -0.005990624 -0.005302011 0.03649997 -0.006420254 -0.004772782 0.03649997 -0.006803274 -0.004208922 0.03649997 -0.007136881 -0.003614425 0.03649997 -0.007418692 -0.002993762 0.03649997 -0.00764662 -0.002351284 0.03649997 -0.007819056 -0.001691818 0.03649997 -0.007934689 -0.001020014 0.03649997 -0.007992684 -3.40836e-4 0.03649997 -0.007992684 3.40836e-4 0.03649997 -0.007934689 0.001020014 0.03649997 -0.007819056 0.001691818 0.03649997 -0.00764662 0.002351284 0.03649997 -0.007418692 0.002993762 0.03649997 -0.007136881 0.003614425 0.03649997 -0.006803274 0.004208922 0.03649997 -0.006420254 0.004772782 0.03649997 -0.005990624 0.005302011 0.03649997 -0.005517542 0.005792796 0.03649997 -0.005004346 0.0062415 0.03649997 -0.004454791 0.006644845 0.03649997 0.007934689 -0.001020014 0.03649997 0.007819056 -0.001691818 0.03649997 0.00764662 -0.002351284 0.03649997 0.007418692 -0.002993762 0.03649997 0.007136881 -0.003614425 0.03649997 0.006803274 -0.004208922 0.03649997 0.006420254 -0.004772782 0.03649997 0.005990624 -0.005302011 0.03649997 0.005517542 -0.005792796 0.03649997 0.005004346 -0.0062415 0.03649997 0.004454791 -0.006644845 0.03649997 0.007992684 -3.40836e-4 0.03649997 0.007992684 3.40836e-4 0.03649997 0.007934689 0.001020014 0.03649997 0.007819056 0.001691818 0.03649997 0.00764662 0.002351284 0.03649997 0.007418692 0.002993762 0.03649997 0.007136881 0.003614425 0.03649997 0.006803274 0.004208922 0.03649997 0.006420254 0.004772782 0.03649997 0.005990624 0.005302011 0.03649997 0.005517542 0.005792796 0.03649997 0.005004346 0.0062415 0.03649997 0.004454791 0.006644845 0.03649997 -0.004666388 -0.004157781 0.01317465 -0.004419386 -0.004419386 0.01317465 -0.005004882 -0.003743469 0.01317465 -0.004787743 -0.004017412 0.01317465 -0.005306661 -0.00330168 0.01317465 -0.005119681 -0.003584802 0.01317465 -0.005569577 -0.00283575 0.01317465 -0.005412638 -0.003124952 0.01317465 -0.005791723 -0.002349078 0.01317465 -0.005664408 -0.00264132 0.01317465 -0.005971372 -0.001845121 0.01317465 -0.005873024 -0.002137601 0.01317465 -0.00610733 -0.001327693 0.01317465 -0.006036996 -0.00161761 0.01317465 -0.006198465 -8.00539e-4 0.01317465 -0.006155014 -0.001085281 0.01317465 -0.006244242 -2.675e-4 0.01317465 -0.006226181 -5.44723e-4 0.01317465 -0.006244242 2.675e-4 0.01317465 -0.006249964 0 0.01317465 -0.006198465 8.00539e-4 0.01317465 -0.006226181 5.44723e-4 0.01317465 -0.00610733 0.001327693 0.01317465 -0.006155014 0.001085281 0.01317465 -0.005971372 0.001845121 0.01317465 -0.006036996 0.00161761 0.01317465 -0.005791723 0.002349078 0.01317465 -0.005873024 0.002137601 0.01317465 -0.005569577 0.00283575 0.01317465 -0.005664408 0.00264132 0.01317465 -0.005306661 0.00330168 0.01317465 -0.005412638 0.003124952 0.01317465 -0.005004882 0.003743469 0.01317465 -0.005119681 0.003584802 0.01317465 -0.004419386 0.004419386 0.01317465 -0.004666388 0.004157781 0.01317465 -0.004787743 0.004017412 0.01317465 -0.009630322 0.003905951 0.005999982 -0.009772419 0.003535389 0.005999982 -0.00992906 0.003068029 0.005999982 -0.0100761 0.002543807 0.005999982 -0.01015508 0.002207636 0.005999982 -0.01027846 0.001533627 0.005999982 -0.01030665 0.00133109 0.005999982 -0.01037961 5.12431e-4 0.005999982 -0.01038277 4.4479e-4 0.005999982 -0.01038277 -4.4479e-4 0.005999982 -0.01037961 -5.12431e-4 0.005999982 -0.01030665 -0.00133109 0.005999982 -0.01027846 -0.001533627 0.005999982 -0.01015508 -0.002207636 0.005999982 -0.0100761 -0.002543807 0.005999982 -0.00992906 -0.003068029 0.005999982 -0.009772419 -0.003535389 0.005999982 -0.009630322 -0.003905951 0.005999982 -0.01047086 5.12373e-4 0.005839288 -0.01039451 0.001533329 0.00579673 -0.01024234 0.00254321 0.005711853 -0.01001548 0.003534436 0.005585372 0.01047086 -5.12373e-4 0.005839288 0.01039451 -0.001533329 0.00579673 0.01024234 -0.00254321 0.005711853 0.01001548 -0.003534436 0.005585372 0.01047086 5.12373e-4 0.005839288 0.01039451 0.001533329 0.00579673 0.01024234 0.00254321 0.005711853 0.01001548 0.003534436 0.005585372 -0.01047086 -5.12373e-4 0.005839288 -0.01039451 -0.001533329 0.00579673 -0.01024234 -0.00254321 0.005711853 -0.01001548 -0.003534436 0.005585372 0.01046127 0.003534436 0.00469768 0.01082855 0.003534436 0.003774762 0.01111459 0.003534436 0.002823531 0.01131725 0.003534436 0.001851081 0.01143497 0.003534436 8.64807e-4 0.01146692 0.003534436 -1.28e-4 0.01141285 0.003534436 -0.001119792 0.01127308 0.003534436 -0.002103269 0.01104879 0.003534436 -0.00307095 0.01074159 0.003534436 -0.004015564 0.0103538 0.003534436 -0.004930019 0.009888291 0.003534436 -0.005807518 0.00934863 0.003534436 -0.006641447 0.008738815 0.003534436 -0.007425606 0.008063435 0.003534436 -0.008153975 0.007327556 0.003534436 -0.008821189 0.006536722 0.003534436 -0.009422183 0.005696833 0.003534436 -0.009952545 0.004814147 0.003534436 -0.01040816 0.003895401 0.003534436 -0.01078575 0.00294739 0.003534436 -0.01108241 0.001977324 0.003534436 -0.01129585 9.92389e-4 0.003534436 -0.0114246 0 0.003534436 -0.01146763 -9.92389e-4 0.003534436 -0.0114246 -0.001977324 0.003534436 -0.01129585 -0.00294739 0.003534436 -0.01108241 -0.003895401 0.003534436 -0.01078575 -0.004814147 0.003534436 -0.01040816 -0.005696833 0.003534436 -0.009952545 -0.006536722 0.003534436 -0.009422183 -0.007327556 0.003534436 -0.008821189 -0.008063435 0.003534436 -0.008153975 -0.008738815 0.003534436 -0.007425606 -0.00934863 0.003534436 -0.006641447 -0.009888291 0.003534436 -0.005807518 -0.0103538 0.003534436 -0.004930019 -0.01074159 0.003534436 -0.004015564 -0.01104879 0.003534436 -0.00307095 -0.01127308 0.003534436 -0.002103269 -0.01141285 0.003534436 -0.001119792 -0.01146692 0.003534436 -1.28e-4 -0.01143497 0.003534436 8.64807e-4 -0.01131725 0.003534436 0.001851081 -0.01111459 0.003534436 0.002823531 -0.01082855 0.003534436 0.003774762 -0.01046127 0.003534436 0.00469768 0.01069819 0.00254321 0.004804074 0.01107382 0.00254321 0.003860294 0.01136636 0.00254321 0.002887487 0.01157361 0.00254321 0.001893043 0.01169401 0.00254321 8.84395e-4 0.01172667 0.00254321 -1.30899e-4 0.0116713 0.00254321 -0.001145184 0.01152843 0.00254321 -0.002150893 0.01129907 0.00254321 -0.003140509 0.01098489 0.00254321 -0.004106521 0.01058828 0.00254321 -0.005041718 0.01011228 0.00254321 -0.005939066 0.009560406 0.00254321 -0.006791889 0.008936762 0.00254321 -0.00759375 0.008246064 0.00254321 -0.00833863 0.007493555 0.00254321 -0.009020984 0.00668478 0.00254321 -0.009635627 0.005825817 0.00254321 -0.01017796 0.004923224 0.00254321 -0.01064395 0.003983616 0.00254321 -0.01103007 0.003014147 0.00254321 -0.0113334 0.002022087 0.00254321 -0.01155173 0.001014828 0.00254321 -0.0116834 0 0.00254321 -0.01172739 -0.001014828 0.00254321 -0.0116834 -0.002022087 0.00254321 -0.01155173 -0.003014147 0.00254321 -0.0113334 -0.003983616 0.00254321 -0.01103007 -0.004923224 0.00254321 -0.01064395 -0.005825817 0.00254321 -0.01017796 -0.00668478 0.00254321 -0.009635627 -0.007493555 0.00254321 -0.009020984 -0.008246064 0.00254321 -0.00833863 -0.008936762 0.00254321 -0.00759375 -0.009560406 0.00254321 -0.006791889 -0.01011228 0.00254321 -0.005939066 -0.01058828 0.00254321 -0.005041718 -0.01098489 0.00254321 -0.004106521 -0.01129907 0.00254321 -0.003140509 -0.01152843 0.00254321 -0.002150893 -0.0116713 0.00254321 -0.001145184 -0.01172667 0.00254321 -1.30899e-4 -0.01169401 0.00254321 8.84395e-4 -0.01157361 0.00254321 0.001893043 -0.01136636 0.00254321 0.002887487 -0.01107382 0.00254321 0.003860294 -0.01069819 0.00254321 0.004804074 0.01085716 0.001533329 0.004875481 0.01123833 0.001533329 0.003917634 0.01153522 0.001533329 0.002930402 0.01174551 0.001533329 0.001921176 0.0118677 0.001533329 8.97533e-4 0.01190084 0.001533329 -1.32843e-4 0.01184469 0.001533329 -0.001162171 0.01169973 0.001533329 -0.002182841 0.01146692 0.001533329 -0.003187119 0.01114809 0.001533329 -0.004167497 0.01074564 0.001533329 -0.005116581 0.01026254 0.001533329 -0.00602734 0.009702444 0.001533329 -0.0068928 0.009069561 0.001533329 -0.007706582 0.008368611 0.001533329 -0.008462548 0.007604837 0.001533329 -0.009154975 0.006784081 0.001533329 -0.009778738 0.005912423 0.001533329 -0.01032912 0.004996359 0.001533329 -0.01080203 0.004042804 0.001533329 -0.01119393 0.003058969 0.001533329 -0.01150178 0.002052128 0.001533329 -0.01172333 0.001029908 0.001533329 -0.01185697 0 0.001533329 -0.01190161 -0.001029908 0.001533329 -0.01185697 -0.002052128 0.001533329 -0.01172333 -0.003058969 0.001533329 -0.01150178 -0.004042804 0.001533329 -0.01119393 -0.004996359 0.001533329 -0.01080203 -0.005912423 0.001533329 -0.01032912 -0.006784081 0.001533329 -0.009778738 -0.007604837 0.001533329 -0.009154975 -0.008368611 0.001533329 -0.008462548 -0.009069561 0.001533329 -0.007706582 -0.009702444 0.001533329 -0.0068928 -0.01026254 0.001533329 -0.00602734 -0.01074564 0.001533329 -0.005116581 -0.01114809 0.001533329 -0.004167497 -0.01146692 0.001533329 -0.003187119 -0.01169973 0.001533329 -0.002182841 -0.01184469 0.001533329 -0.001162171 -0.01190084 0.001533329 -1.32843e-4 -0.0118677 0.001533329 8.97533e-4 -0.01174551 0.001533329 0.001921176 -0.01153522 0.001533329 0.002930402 -0.01123833 0.001533329 0.003917634 -0.01085716 0.001533329 0.004875481 0.01093691 5.12373e-4 0.004911303 0.01132088 5.12373e-4 0.003946423 0.01161992 5.12373e-4 0.00295192 0.01183182 5.12373e-4 0.001935243 0.0119549 5.12373e-4 9.04127e-4 0.01198828 5.12373e-4 -1.33819e-4 0.01193171 5.12373e-4 -0.001170754 0.01178562 5.12373e-4 -0.002198874 0.01155114 5.12373e-4 -0.003210544 0.01122999 5.12373e-4 -0.004198133 0.01082456 5.12373e-4 -0.005154192 0.01033788 5.12373e-4 -0.006071567 0.009773671 5.12373e-4 -0.006943464 0.00913614 5.12373e-4 -0.007763206 0.008430063 5.12373e-4 -0.008524715 0.007660746 5.12373e-4 -0.009222209 0.00683391 5.12373e-4 -0.009850561 0.005955815 5.12373e-4 -0.01040506 0.005033075 5.12373e-4 -0.01088142 0.004072487 5.12373e-4 -0.01127612 0.00308144 5.12373e-4 -0.01158624 0.002067208 5.12373e-4 -0.01180946 0.001037478 5.12373e-4 -0.01194405 0 5.12373e-4 -0.01198905 -0.001037478 5.12373e-4 -0.01194405 -0.002067208 5.12373e-4 -0.01180946 -0.00308144 5.12373e-4 -0.01158624 -0.004072487 5.12373e-4 -0.01127612 -0.005033075 5.12373e-4 -0.01088142 -0.005955815 5.12373e-4 -0.01040506 -0.00683391 5.12373e-4 -0.009850561 -0.007660746 5.12373e-4 -0.009222209 -0.008430063 5.12373e-4 -0.008524715 -0.00913614 5.12373e-4 -0.007763206 -0.009773671 5.12373e-4 -0.006943464 -0.01033788 5.12373e-4 -0.006071567 -0.01082456 5.12373e-4 -0.005154192 -0.01122999 5.12373e-4 -0.004198133 -0.01155114 5.12373e-4 -0.003210544 -0.01178562 5.12373e-4 -0.002198874 -0.01193171 5.12373e-4 -0.001170754 -0.01198828 5.12373e-4 -1.33819e-4 -0.0119549 5.12373e-4 9.04127e-4 -0.01183182 5.12373e-4 0.001935243 -0.01161992 5.12373e-4 0.00295192 -0.01132088 5.12373e-4 0.003946423 -0.01093691 5.12373e-4 0.004911303 0.01093691 -5.12373e-4 0.004911303 0.01132088 -5.12373e-4 0.003946423 0.01161992 -5.12373e-4 0.00295192 0.01183182 -5.12373e-4 0.001935243 0.0119549 -5.12373e-4 9.04127e-4 0.01198828 -5.12373e-4 -1.33819e-4 0.01193171 -5.12373e-4 -0.001170754 0.01178562 -5.12373e-4 -0.002198874 0.01155114 -5.12373e-4 -0.003210544 0.01122999 -5.12373e-4 -0.004198133 0.01082456 -5.12373e-4 -0.005154192 0.01033788 -5.12373e-4 -0.006071567 0.009773671 -5.12373e-4 -0.006943464 0.00913614 -5.12373e-4 -0.007763206 0.008430063 -5.12373e-4 -0.008524715 0.007660746 -5.12373e-4 -0.009222209 0.00683391 -5.12373e-4 -0.009850561 0.005955815 -5.12373e-4 -0.01040506 0.005033075 -5.12373e-4 -0.01088142 0.004072487 -5.12373e-4 -0.01127612 0.00308144 -5.12373e-4 -0.01158624 0.002067208 -5.12373e-4 -0.01180946 0.001037478 -5.12373e-4 -0.01194405 0 -5.12373e-4 -0.01198905 -0.001037478 -5.12373e-4 -0.01194405 -0.002067208 -5.12373e-4 -0.01180946 -0.00308144 -5.12373e-4 -0.01158624 -0.004072487 -5.12373e-4 -0.01127612 -0.005033075 -5.12373e-4 -0.01088142 -0.005955815 -5.12373e-4 -0.01040506 -0.00683391 -5.12373e-4 -0.009850561 -0.007660746 -5.12373e-4 -0.009222209 -0.008430063 -5.12373e-4 -0.008524715 -0.00913614 -5.12373e-4 -0.007763206 -0.009773671 -5.12373e-4 -0.006943464 -0.01033788 -5.12373e-4 -0.006071567 -0.01082456 -5.12373e-4 -0.005154192 -0.01122999 -5.12373e-4 -0.004198133 -0.01155114 -5.12373e-4 -0.003210544 -0.01178562 -5.12373e-4 -0.002198874 -0.01193171 -5.12373e-4 -0.001170754 -0.01198828 -5.12373e-4 -1.33819e-4 -0.0119549 -5.12373e-4 9.04127e-4 -0.01183182 -5.12373e-4 0.001935243 -0.01161992 -5.12373e-4 0.00295192 -0.01132088 -5.12373e-4 0.003946423 -0.01093691 -5.12373e-4 0.004911303 0.01085716 -0.001533329 0.004875481 0.01123833 -0.001533329 0.003917634 0.01153522 -0.001533329 0.002930402 0.01174551 -0.001533329 0.001921176 0.0118677 -0.001533329 8.97533e-4 0.01190084 -0.001533329 -1.32843e-4 0.01184469 -0.001533329 -0.001162171 0.01169973 -0.001533329 -0.002182841 0.01146692 -0.001533329 -0.003187119 0.01114809 -0.001533329 -0.004167497 0.01074564 -0.001533329 -0.005116581 0.01026254 -0.001533329 -0.00602734 0.009702444 -0.001533329 -0.0068928 0.009069561 -0.001533329 -0.007706582 0.008368611 -0.001533329 -0.008462548 0.007604837 -0.001533329 -0.009154975 0.006784081 -0.001533329 -0.009778738 0.005912423 -0.001533329 -0.01032912 0.004996359 -0.001533329 -0.01080203 0.004042804 -0.001533329 -0.01119393 0.003058969 -0.001533329 -0.01150178 0.002052128 -0.001533329 -0.01172333 0.001029908 -0.001533329 -0.01185697 0 -0.001533329 -0.01190161 -0.001029908 -0.001533329 -0.01185697 -0.002052128 -0.001533329 -0.01172333 -0.003058969 -0.001533329 -0.01150178 -0.004042804 -0.001533329 -0.01119393 -0.004996359 -0.001533329 -0.01080203 -0.005912423 -0.001533329 -0.01032912 -0.006784081 -0.001533329 -0.009778738 -0.007604837 -0.001533329 -0.009154975 -0.008368611 -0.001533329 -0.008462548 -0.009069561 -0.001533329 -0.007706582 -0.009702444 -0.001533329 -0.0068928 -0.01026254 -0.001533329 -0.00602734 -0.01074564 -0.001533329 -0.005116581 -0.01114809 -0.001533329 -0.004167497 -0.01146692 -0.001533329 -0.003187119 -0.01169973 -0.001533329 -0.002182841 -0.01184469 -0.001533329 -0.001162171 -0.01190084 -0.001533329 -1.32843e-4 -0.0118677 -0.001533329 8.97533e-4 -0.01174551 -0.001533329 0.001921176 -0.01153522 -0.001533329 0.002930402 -0.01123833 -0.001533329 0.003917634 -0.01085716 -0.001533329 0.004875481 0.01069819 -0.00254321 0.004804074 0.01107382 -0.00254321 0.003860294 0.01136636 -0.00254321 0.002887487 0.01157361 -0.00254321 0.001893043 0.01169401 -0.00254321 8.84395e-4 0.01172667 -0.00254321 -1.30899e-4 0.0116713 -0.00254321 -0.001145184 0.01152843 -0.00254321 -0.002150893 0.01129907 -0.00254321 -0.003140509 0.01098489 -0.00254321 -0.004106521 0.01058828 -0.00254321 -0.005041718 0.01011228 -0.00254321 -0.005939066 0.009560406 -0.00254321 -0.006791889 0.008936762 -0.00254321 -0.00759375 0.008246064 -0.00254321 -0.00833863 0.007493555 -0.00254321 -0.009020984 0.00668478 -0.00254321 -0.009635627 0.005825817 -0.00254321 -0.01017796 0.004923224 -0.00254321 -0.01064395 0.003983616 -0.00254321 -0.01103007 0.003014147 -0.00254321 -0.0113334 0.002022087 -0.00254321 -0.01155173 0.001014828 -0.00254321 -0.0116834 0 -0.00254321 -0.01172739 -0.001014828 -0.00254321 -0.0116834 -0.002022087 -0.00254321 -0.01155173 -0.003014147 -0.00254321 -0.0113334 -0.003983616 -0.00254321 -0.01103007 -0.004923224 -0.00254321 -0.01064395 -0.005825817 -0.00254321 -0.01017796 -0.00668478 -0.00254321 -0.009635627 -0.007493555 -0.00254321 -0.009020984 -0.008246064 -0.00254321 -0.00833863 -0.008936762 -0.00254321 -0.00759375 -0.009560406 -0.00254321 -0.006791889 -0.01011228 -0.00254321 -0.005939066 -0.01058828 -0.00254321 -0.005041718 -0.01098489 -0.00254321 -0.004106521 -0.01129907 -0.00254321 -0.003140509 -0.01152843 -0.00254321 -0.002150893 -0.0116713 -0.00254321 -0.001145184 -0.01172667 -0.00254321 -1.30899e-4 -0.01169401 -0.00254321 8.84395e-4 -0.01157361 -0.00254321 0.001893043 -0.01136636 -0.00254321 0.002887487 -0.01107382 -0.00254321 0.003860294 -0.01069819 -0.00254321 0.004804074 0.01046127 -0.003534436 0.00469768 0.01082855 -0.003534436 0.003774762 0.01111459 -0.003534436 0.002823531 0.01131725 -0.003534436 0.001851081 0.01143497 -0.003534436 8.64807e-4 0.01146692 -0.003534436 -1.28e-4 0.01141285 -0.003534436 -0.001119792 0.01127308 -0.003534436 -0.002103269 0.01104879 -0.003534436 -0.00307095 0.01074159 -0.003534436 -0.004015564 0.0103538 -0.003534436 -0.004930019 0.009888291 -0.003534436 -0.005807518 0.00934863 -0.003534436 -0.006641447 0.008738815 -0.003534436 -0.007425606 0.008063435 -0.003534436 -0.008153975 0.007327556 -0.003534436 -0.008821189 0.006536722 -0.003534436 -0.009422183 0.005696833 -0.003534436 -0.009952545 0.004814147 -0.003534436 -0.01040816 0.003895401 -0.003534436 -0.01078575 0.00294739 -0.003534436 -0.01108241 0.001977324 -0.003534436 -0.01129585 9.92389e-4 -0.003534436 -0.0114246 0 -0.003534436 -0.01146763 -9.92389e-4 -0.003534436 -0.0114246 -0.001977324 -0.003534436 -0.01129585 -0.00294739 -0.003534436 -0.01108241 -0.003895401 -0.003534436 -0.01078575 -0.004814147 -0.003534436 -0.01040816 -0.005696833 -0.003534436 -0.009952545 -0.006536722 -0.003534436 -0.009422183 -0.007327556 -0.003534436 -0.008821189 -0.008063435 -0.003534436 -0.008153975 -0.008738815 -0.003534436 -0.007425606 -0.00934863 -0.003534436 -0.006641447 -0.009888291 -0.003534436 -0.005807518 -0.0103538 -0.003534436 -0.004930019 -0.01074159 -0.003534436 -0.004015564 -0.01104879 -0.003534436 -0.00307095 -0.01127308 -0.003534436 -0.002103269 -0.01141285 -0.003534436 -0.001119792 -0.01146692 -0.003534436 -1.28e-4 -0.01143497 -0.003534436 8.64807e-4 -0.01131725 -0.003534436 0.001851081 -0.01111459 -0.003534436 0.002823531 -0.01082855 -0.003534436 0.003774762 -0.01046127 -0.003534436 0.00469768 -0.006421208 0.002531647 -5.61784e-4 -0.006347775 0.002531647 -0.001119256 -0.006226062 0.002531647 -0.001668274 -0.006056964 0.002531647 -0.002204537 -0.005841791 0.002531647 -0.002724051 -0.005582153 0.002531647 -0.003222823 -0.005280017 0.002531647 -0.003697097 -0.004937708 0.002531647 -0.004143238 -0.004557788 0.002531647 -0.004557788 -0.004143238 0.002531647 -0.004937708 -0.003697097 0.002531647 -0.005280017 -0.003222823 0.002531647 -0.005582153 -0.002724051 0.002531647 -0.005841791 -0.002204537 0.002531647 -0.006056964 -0.001668274 0.002531647 -0.006226062 -0.001119256 0.002531647 -0.006347775 -5.61784e-4 0.002531647 -0.006421208 0 0.002531647 -0.006445705 5.61784e-4 0.002531647 -0.006421208 0.001119256 0.002531647 -0.006347775 0.001668274 0.002531647 -0.006226062 0.002204537 0.002531647 -0.006056964 0.002724051 0.002531647 -0.005841791 0.003222823 0.002531647 -0.005582153 0.003697097 0.002531647 -0.005280017 0.004143238 0.002531647 -0.004937708 0.004557788 0.002531647 -0.004557788 0.004937708 0.002531647 -0.004143238 0.005280017 0.002531647 -0.003697097 0.005582153 0.002531647 -0.003222823 0.005841791 0.002531647 -0.002724051 0.006056964 0.002531647 -0.002204537 0.006226062 0.002531647 -0.001668274 0.006347775 0.002531647 -0.001119256 0.006421208 0.002531647 -5.61784e-4 0.006445705 0.002531647 0 0.006421208 0.002531647 5.61784e-4 0.006347775 0.002531647 0.001119256 0.006226062 0.002531647 0.001668274 0.006056964 0.002531647 0.002204537 0.005841791 0.002531647 0.002724051 0.005582153 0.002531647 0.003222823 0.005280017 0.002531647 0.003697097 0.004937708 0.002531647 0.004143238 0.004557788 0.002531647 0.004557788 0.004143238 0.002531647 0.004937708 0.003697097 0.002531647 0.005280017 0.003222823 0.002531647 0.005582153 0.002724051 0.002531647 0.005841791 0.002204537 0.002531647 0.006056964 0.001668274 0.002531647 0.006226062 0.001119256 0.002531647 0.006347775 5.61784e-4 0.002531647 0.006421208 0 0.002531647 0.006445705 -5.61784e-4 0.002531647 0.006421208 -0.001119256 0.002531647 0.006347775 -0.001668274 0.002531647 0.006226062 -0.002204537 0.002531647 0.006056964 -0.002724051 0.002531647 0.005841791 -0.003222823 0.002531647 0.005582153 -0.003697097 0.002531647 0.005280017 -0.004143238 0.002531647 0.004937708 -0.004557788 0.002531647 0.004557788 -0.004937708 0.002531647 0.004143238 -0.005280017 0.002531647 0.003697097 -0.005582153 0.002531647 0.003222823 -0.005841791 0.002531647 0.002724051 -0.006056964 0.002531647 0.002204537 -0.006226062 0.002531647 0.001668274 -0.006347775 0.002531647 0.001119256 -0.006421208 0.002531647 5.61784e-4 -0.006445705 0.002531647 0 -0.006608486 0.001987397 -5.78172e-4 -0.006532967 0.001987397 -0.001151919 -0.006407678 0.001987397 -0.001716911 -0.006233692 0.001987397 -0.00226885 -0.006012201 0.001987397 -0.002803504 -0.005744993 0.001987397 -0.003316879 -0.005434036 0.001987397 -0.003804922 -0.005081713 0.001987397 -0.004264056 -0.004690766 0.001987397 -0.004690766 -0.004264056 0.001987397 -0.005081713 -0.003804922 0.001987397 -0.005434036 -0.003316879 0.001987397 -0.005744993 -0.002803504 0.001987397 -0.006012201 -0.00226885 0.001987397 -0.006233692 -0.001716911 0.001987397 -0.006407678 -0.001151919 0.001987397 -0.006532967 -5.78172e-4 0.001987397 -0.006608486 0 0.001987397 -0.006633758 5.78172e-4 0.001987397 -0.006608486 0.001151919 0.001987397 -0.006532967 0.001716911 0.001987397 -0.006407678 0.00226885 0.001987397 -0.006233692 0.002803504 0.001987397 -0.006012201 0.003316879 0.001987397 -0.005744993 0.003804922 0.001987397 -0.005434036 0.004264056 0.001987397 -0.005081713 0.004690766 0.001987397 -0.004690766 0.005081713 0.001987397 -0.004264056 0.005434036 0.001987397 -0.003804922 0.005744993 0.001987397 -0.003316879 0.006012201 0.001987397 -0.002803504 0.006233692 0.001987397 -0.00226885 0.006407678 0.001987397 -0.001716911 0.006532967 0.001987397 -0.001151919 0.006608486 0.001987397 -5.78172e-4 0.006633758 0.001987397 0 0.006608486 0.001987397 5.78172e-4 0.006532967 0.001987397 0.001151919 0.006407678 0.001987397 0.001716911 0.006233692 0.001987397 0.00226885 0.006012201 0.001987397 0.002803504 0.005744993 0.001987397 0.003316879 0.005434036 0.001987397 0.003804922 0.005081713 0.001987397 0.004264056 0.004690766 0.001987397 0.004690766 0.004264056 0.001987397 0.005081713 0.003804922 0.001987397 0.005434036 0.003316879 0.001987397 0.005744993 0.002803504 0.001987397 0.006012201 0.00226885 0.001987397 0.006233692 0.001716911 0.001987397 0.006407678 0.001151919 0.001987397 0.006532967 5.78172e-4 0.001987397 0.006608486 0 0.001987397 0.006633758 -5.78172e-4 0.001987397 0.006608486 -0.001151919 0.001987397 0.006532967 -0.001716911 0.001987397 0.006407678 -0.00226885 0.001987397 0.006233692 -0.002803504 0.001987397 0.006012201 -0.003316879 0.001987397 0.005744993 -0.003804922 0.001987397 0.005434036 -0.004264056 0.001987397 0.005081713 -0.004690766 0.001987397 0.004690766 -0.005081713 0.001987397 0.004264056 -0.005434036 0.001987397 0.003804922 -0.005744993 0.001987397 0.003316879 -0.006012201 0.001987397 0.002803504 -0.006233692 0.001987397 0.00226885 -0.006407678 0.001987397 0.001716911 -0.006532967 0.001987397 0.001151919 -0.006608486 0.001987397 5.78172e-4 -0.006633758 0.001987397 0 -0.006750106 0.001429498 -5.90563e-4 -0.006672978 0.001429498 -0.001176595 -0.006545007 0.001429498 -0.001753687 -0.006367266 0.001429498 -0.002317488 -0.006141066 0.001429498 -0.002863585 -0.005868136 0.001429498 -0.003387928 -0.005550503 0.001429498 -0.00388652 -0.00519067 0.001429498 -0.00435549 -0.004791319 0.001429498 -0.004791319 -0.00435549 0.001429498 -0.00519067 -0.00388652 0.001429498 -0.005550503 -0.003387928 0.001429498 -0.005868136 -0.002863585 0.001429498 -0.006141066 -0.002317488 0.001429498 -0.006367266 -0.001753687 0.001429498 -0.006545007 -0.001176595 0.001429498 -0.006672978 -5.90563e-4 0.001429498 -0.006750106 0 0.001429498 -0.006775915 5.90563e-4 0.001429498 -0.006750106 0.001176595 0.001429498 -0.006672978 0.001753687 0.001429498 -0.006545007 0.002317488 0.001429498 -0.006367266 0.002863585 0.001429498 -0.006141066 0.003387928 0.001429498 -0.005868136 0.00388652 0.001429498 -0.005550503 0.00435549 0.001429498 -0.00519067 0.004791319 0.001429498 -0.004791319 0.00519067 0.001429498 -0.00435549 0.005550503 0.001429498 -0.00388652 0.005868136 0.001429498 -0.003387928 0.006141066 0.001429498 -0.002863585 0.006367266 0.001429498 -0.002317488 0.006545007 0.001429498 -0.001753687 0.006672978 0.001429498 -0.001176595 0.006750106 0.001429498 -5.90563e-4 0.006775915 0.001429498 0 0.006750106 0.001429498 5.90563e-4 0.006672978 0.001429498 0.001176595 0.006545007 0.001429498 0.001753687 0.006367266 0.001429498 0.002317488 0.006141066 0.001429498 0.002863585 0.005868136 0.001429498 0.003387928 0.005550503 0.001429498 0.00388652 0.00519067 0.001429498 0.00435549 0.004791319 0.001429498 0.004791319 0.00435549 0.001429498 0.00519067 0.00388652 0.001429498 0.005550503 0.003387928 0.001429498 0.005868136 0.002863585 0.001429498 0.006141066 0.002317488 0.001429498 0.006367266 0.001753687 0.001429498 0.006545007 0.001176595 0.001429498 0.006672978 5.90563e-4 0.001429498 0.006750106 0 0.001429498 0.006775915 -5.90563e-4 0.001429498 0.006750106 -0.001176595 0.001429498 0.006672978 -0.001753687 0.001429498 0.006545007 -0.002317488 0.001429498 0.006367266 -0.002863585 0.001429498 0.006141066 -0.003387928 0.001429498 0.005868136 -0.00388652 0.001429498 0.005550503 -0.00435549 0.001429498 0.00519067 -0.004791319 0.001429498 0.004791319 -0.00519067 0.001429498 0.00435549 -0.005550503 0.001429498 0.00388652 -0.005868136 0.001429498 0.003387928 -0.006141066 0.001429498 0.002863585 -0.006367266 0.001429498 0.002317488 -0.006545007 0.001429498 0.001753687 -0.006672978 0.001429498 0.001176595 -0.006750106 0.001429498 5.90563e-4 -0.006775915 0.001429498 0 -0.006845116 8.61673e-4 -5.98871e-4 -0.006766855 8.61673e-4 -0.001193165 -0.006637096 8.61673e-4 -0.001778364 -0.006456851 8.61673e-4 -0.002350091 -0.006227493 8.61673e-4 -0.002903878 -0.005950689 8.61673e-4 -0.003435611 -0.005628585 8.61673e-4 -0.003941178 -0.005263686 8.61673e-4 -0.004416763 -0.004858672 8.61673e-4 -0.004858672 -0.004416763 8.61673e-4 -0.005263686 -0.003941178 8.61673e-4 -0.005628585 -0.003435611 8.61673e-4 -0.005950689 -0.002903878 8.61673e-4 -0.006227493 -0.002350091 8.61673e-4 -0.006456851 -0.001778364 8.61673e-4 -0.006637096 -0.001193165 8.61673e-4 -0.006766855 -5.98871e-4 8.61673e-4 -0.006845116 0 8.61673e-4 -0.006871223 5.98871e-4 8.61673e-4 -0.006845116 0.001193165 8.61673e-4 -0.006766855 0.001778364 8.61673e-4 -0.006637096 0.002350091 8.61673e-4 -0.006456851 0.002903878 8.61673e-4 -0.006227493 0.003435611 8.61673e-4 -0.005950689 0.003941178 8.61673e-4 -0.005628585 0.004416763 8.61673e-4 -0.005263686 0.004858672 8.61673e-4 -0.004858672 0.005263686 8.61673e-4 -0.004416763 0.005628585 8.61673e-4 -0.003941178 0.005950689 8.61673e-4 -0.003435611 0.006227493 8.61673e-4 -0.002903878 0.006456851 8.61673e-4 -0.002350091 0.006637096 8.61673e-4 -0.001778364 0.006766855 8.61673e-4 -0.001193165 0.006845116 8.61673e-4 -5.98871e-4 0.006871223 8.61673e-4 0 0.006845116 8.61673e-4 5.98871e-4 0.006766855 8.61673e-4 0.001193165 0.006637096 8.61673e-4 0.001778364 0.006456851 8.61673e-4 0.002350091 0.006227493 8.61673e-4 0.002903878 0.005950689 8.61673e-4 0.003435611 0.005628585 8.61673e-4 0.003941178 0.005263686 8.61673e-4 0.004416763 0.004858672 8.61673e-4 0.004858672 0.004416763 8.61673e-4 0.005263686 0.003941178 8.61673e-4 0.005628585 0.003435611 8.61673e-4 0.005950689 0.002903878 8.61673e-4 0.006227493 0.002350091 8.61673e-4 0.006456851 0.001778364 8.61673e-4 0.006637096 0.001193165 8.61673e-4 0.006766855 5.98871e-4 8.61673e-4 0.006845116 0 8.61673e-4 0.006871223 -5.98871e-4 8.61673e-4 0.006845116 -0.001193165 8.61673e-4 0.006766855 -0.001778364 8.61673e-4 0.006637096 -0.002350091 8.61673e-4 0.006456851 -0.002903878 8.61673e-4 0.006227493 -0.003435611 8.61673e-4 0.005950689 -0.003941178 8.61673e-4 0.005628585 -0.004416763 8.61673e-4 0.005263686 -0.004858672 8.61673e-4 0.004858672 -0.005263686 8.61673e-4 0.004416763 -0.005628585 8.61673e-4 0.003941178 -0.005950689 8.61673e-4 0.003435611 -0.006227493 8.61673e-4 0.002903878 -0.006456851 8.61673e-4 0.002350091 -0.006637096 8.61673e-4 0.001778364 -0.006766855 8.61673e-4 0.001193165 -0.006845116 8.61673e-4 5.98871e-4 -0.006871223 8.61673e-4 0 -0.00689274 2.87888e-4 -6.0304e-4 -0.006813943 2.87888e-4 -0.00120145 -0.00668329 2.87888e-4 -0.001790761 -0.006501793 2.87888e-4 -0.002366423 -0.006270825 2.87888e-4 -0.002924084 -0.005992114 2.87888e-4 -0.003459513 -0.005667746 2.87888e-4 -0.003968596 -0.005300343 2.87888e-4 -0.00444746 -0.004892528 2.87888e-4 -0.004892528 -0.00444746 2.87888e-4 -0.005300343 -0.003968596 2.87888e-4 -0.005667746 -0.003459513 2.87888e-4 -0.005992114 -0.002924084 2.87888e-4 -0.006270825 -0.002366423 2.87888e-4 -0.006501793 -0.001790761 2.87888e-4 -0.00668329 -0.00120145 2.87888e-4 -0.006813943 -6.0304e-4 2.87888e-4 -0.00689274 0 2.87888e-4 -0.006919085 6.0304e-4 2.87888e-4 -0.00689274 0.00120145 2.87888e-4 -0.006813943 0.001790761 2.87888e-4 -0.00668329 0.002366423 2.87888e-4 -0.006501793 0.002924084 2.87888e-4 -0.006270825 0.003459513 2.87888e-4 -0.005992114 0.003968596 2.87888e-4 -0.005667746 0.00444746 2.87888e-4 -0.005300343 0.004892528 2.87888e-4 -0.004892528 0.005300343 2.87888e-4 -0.00444746 0.005667746 2.87888e-4 -0.003968596 0.005992114 2.87888e-4 -0.003459513 0.006270825 2.87888e-4 -0.002924084 0.006501793 2.87888e-4 -0.002366423 0.00668329 2.87888e-4 -0.001790761 0.006813943 2.87888e-4 -0.00120145 0.00689274 2.87888e-4 -6.0304e-4 0.006919085 2.87888e-4 0 0.00689274 2.87888e-4 6.0304e-4 0.006813943 2.87888e-4 0.00120145 0.00668329 2.87888e-4 0.001790761 0.006501793 2.87888e-4 0.002366423 0.006270825 2.87888e-4 0.002924084 0.005992114 2.87888e-4 0.003459513 0.005667746 2.87888e-4 0.003968596 0.005300343 2.87888e-4 0.00444746 0.004892528 2.87888e-4 0.004892528 0.00444746 2.87888e-4 0.005300343 0.003968596 2.87888e-4 0.005667746 0.003459513 2.87888e-4 0.005992114 0.002924084 2.87888e-4 0.006270825 0.002366423 2.87888e-4 0.006501793 0.001790761 2.87888e-4 0.00668329 0.00120145 2.87888e-4 0.006813943 6.0304e-4 2.87888e-4 0.00689274 0 2.87888e-4 0.006919085 -6.0304e-4 2.87888e-4 0.00689274 -0.00120145 2.87888e-4 0.006813943 -0.001790761 2.87888e-4 0.00668329 -0.002366423 2.87888e-4 0.006501793 -0.002924084 2.87888e-4 0.006270825 -0.003459513 2.87888e-4 0.005992114 -0.003968596 2.87888e-4 0.005667746 -0.00444746 2.87888e-4 0.005300343 -0.004892528 2.87888e-4 0.004892528 -0.005300343 2.87888e-4 0.00444746 -0.005667746 2.87888e-4 0.003968596 -0.005992114 2.87888e-4 0.003459513 -0.006270825 2.87888e-4 0.002924084 -0.006501793 2.87888e-4 0.002366423 -0.00668329 2.87888e-4 0.001790761 -0.006813943 2.87888e-4 0.00120145 -0.00689274 2.87888e-4 6.0304e-4 -0.006919085 2.87888e-4 0 -0.00689274 -2.87888e-4 -6.0304e-4 -0.006813943 -2.87888e-4 -0.00120145 -0.00668329 -2.87888e-4 -0.001790761 -0.006501793 -2.87888e-4 -0.002366423 -0.006270825 -2.87888e-4 -0.002924084 -0.005992114 -2.87888e-4 -0.003459513 -0.005667746 -2.87888e-4 -0.003968596 -0.005300343 -2.87888e-4 -0.00444746 -0.004892528 -2.87888e-4 -0.004892528 -0.00444746 -2.87888e-4 -0.005300343 -0.003968596 -2.87888e-4 -0.005667746 -0.003459513 -2.87888e-4 -0.005992114 -0.002924084 -2.87888e-4 -0.006270825 -0.002366423 -2.87888e-4 -0.006501793 -0.001790761 -2.87888e-4 -0.00668329 -0.00120145 -2.87888e-4 -0.006813943 -6.0304e-4 -2.87888e-4 -0.00689274 0 -2.87888e-4 -0.006919085 6.0304e-4 -2.87888e-4 -0.00689274 0.00120145 -2.87888e-4 -0.006813943 0.001790761 -2.87888e-4 -0.00668329 0.002366423 -2.87888e-4 -0.006501793 0.002924084 -2.87888e-4 -0.006270825 0.003459513 -2.87888e-4 -0.005992114 0.003968596 -2.87888e-4 -0.005667746 0.00444746 -2.87888e-4 -0.005300343 0.004892528 -2.87888e-4 -0.004892528 0.005300343 -2.87888e-4 -0.00444746 0.005667746 -2.87888e-4 -0.003968596 0.005992114 -2.87888e-4 -0.003459513 0.006270825 -2.87888e-4 -0.002924084 0.006501793 -2.87888e-4 -0.002366423 0.00668329 -2.87888e-4 -0.001790761 0.006813943 -2.87888e-4 -0.00120145 0.00689274 -2.87888e-4 -6.0304e-4 0.006919085 -2.87888e-4 0 0.00689274 -2.87888e-4 6.0304e-4 0.006813943 -2.87888e-4 0.00120145 0.00668329 -2.87888e-4 0.001790761 0.006501793 -2.87888e-4 0.002366423 0.006270825 -2.87888e-4 0.002924084 0.005992114 -2.87888e-4 0.003459513 0.005667746 -2.87888e-4 0.003968596 0.005300343 -2.87888e-4 0.00444746 0.004892528 -2.87888e-4 0.004892528 0.00444746 -2.87888e-4 0.005300343 0.003968596 -2.87888e-4 0.005667746 0.003459513 -2.87888e-4 0.005992114 0.002924084 -2.87888e-4 0.006270825 0.002366423 -2.87888e-4 0.006501793 0.001790761 -2.87888e-4 0.00668329 0.00120145 -2.87888e-4 0.006813943 6.0304e-4 -2.87888e-4 0.00689274 0 -2.87888e-4 0.006919085 -6.0304e-4 -2.87888e-4 0.00689274 -0.00120145 -2.87888e-4 0.006813943 -0.001790761 -2.87888e-4 0.00668329 -0.002366423 -2.87888e-4 0.006501793 -0.002924084 -2.87888e-4 0.006270825 -0.003459513 -2.87888e-4 0.005992114 -0.003968596 -2.87888e-4 0.005667746 -0.00444746 -2.87888e-4 0.005300343 -0.004892528 -2.87888e-4 0.004892528 -0.005300343 -2.87888e-4 0.00444746 -0.005667746 -2.87888e-4 0.003968596 -0.005992114 -2.87888e-4 0.003459513 -0.006270825 -2.87888e-4 0.002924084 -0.006501793 -2.87888e-4 0.002366423 -0.00668329 -2.87888e-4 0.001790761 -0.006813943 -2.87888e-4 0.00120145 -0.00689274 -2.87888e-4 6.0304e-4 -0.006919085 -2.87888e-4 0 -0.006845116 -8.61673e-4 -5.98871e-4 -0.006766855 -8.61673e-4 -0.001193165 -0.006637096 -8.61673e-4 -0.001778364 -0.006456851 -8.61673e-4 -0.002350091 -0.006227493 -8.61673e-4 -0.002903878 -0.005950689 -8.61673e-4 -0.003435611 -0.005628585 -8.61673e-4 -0.003941178 -0.005263686 -8.61673e-4 -0.004416763 -0.004858672 -8.61673e-4 -0.004858672 -0.004416763 -8.61673e-4 -0.005263686 -0.003941178 -8.61673e-4 -0.005628585 -0.003435611 -8.61673e-4 -0.005950689 -0.002903878 -8.61673e-4 -0.006227493 -0.002350091 -8.61673e-4 -0.006456851 -0.001778364 -8.61673e-4 -0.006637096 -0.001193165 -8.61673e-4 -0.006766855 -5.98871e-4 -8.61673e-4 -0.006845116 0 -8.61673e-4 -0.006871223 5.98871e-4 -8.61673e-4 -0.006845116 0.001193165 -8.61673e-4 -0.006766855 0.001778364 -8.61673e-4 -0.006637096 0.002350091 -8.61673e-4 -0.006456851 0.002903878 -8.61673e-4 -0.006227493 0.003435611 -8.61673e-4 -0.005950689 0.003941178 -8.61673e-4 -0.005628585 0.004416763 -8.61673e-4 -0.005263686 0.004858672 -8.61673e-4 -0.004858672 0.005263686 -8.61673e-4 -0.004416763 0.005628585 -8.61673e-4 -0.003941178 0.005950689 -8.61673e-4 -0.003435611 0.006227493 -8.61673e-4 -0.002903878 0.006456851 -8.61673e-4 -0.002350091 0.006637096 -8.61673e-4 -0.001778364 0.006766855 -8.61673e-4 -0.001193165 0.006845116 -8.61673e-4 -5.98871e-4 0.006871223 -8.61673e-4 0 0.006845116 -8.61673e-4 5.98871e-4 0.006766855 -8.61673e-4 0.001193165 0.006637096 -8.61673e-4 0.001778364 0.006456851 -8.61673e-4 0.002350091 0.006227493 -8.61673e-4 0.002903878 0.005950689 -8.61673e-4 0.003435611 0.005628585 -8.61673e-4 0.003941178 0.005263686 -8.61673e-4 0.004416763 0.004858672 -8.61673e-4 0.004858672 0.004416763 -8.61673e-4 0.005263686 0.003941178 -8.61673e-4 0.005628585 0.003435611 -8.61673e-4 0.005950689 0.002903878 -8.61673e-4 0.006227493 0.002350091 -8.61673e-4 0.006456851 0.001778364 -8.61673e-4 0.006637096 0.001193165 -8.61673e-4 0.006766855 5.98871e-4 -8.61673e-4 0.006845116 0 -8.61673e-4 0.006871223 -5.98871e-4 -8.61673e-4 0.006845116 -0.001193165 -8.61673e-4 0.006766855 -0.001778364 -8.61673e-4 0.006637096 -0.002350091 -8.61673e-4 0.006456851 -0.002903878 -8.61673e-4 0.006227493 -0.003435611 -8.61673e-4 0.005950689 -0.003941178 -8.61673e-4 0.005628585 -0.004416763 -8.61673e-4 0.005263686 -0.004858672 -8.61673e-4 0.004858672 -0.005263686 -8.61673e-4 0.004416763 -0.005628585 -8.61673e-4 0.003941178 -0.005950689 -8.61673e-4 0.003435611 -0.006227493 -8.61673e-4 0.002903878 -0.006456851 -8.61673e-4 0.002350091 -0.006637096 -8.61673e-4 0.001778364 -0.006766855 -8.61673e-4 0.001193165 -0.006845116 -8.61673e-4 5.98871e-4 -0.006871223 -8.61673e-4 0 -0.006750106 -0.001429498 -5.90563e-4 -0.006672978 -0.001429498 -0.001176595 -0.006545007 -0.001429498 -0.001753687 -0.006367266 -0.001429498 -0.002317488 -0.006141066 -0.001429498 -0.002863585 -0.005868136 -0.001429498 -0.003387928 -0.005550503 -0.001429498 -0.00388652 -0.00519067 -0.001429498 -0.00435549 -0.004791319 -0.001429498 -0.004791319 -0.00435549 -0.001429498 -0.00519067 -0.00388652 -0.001429498 -0.005550503 -0.003387928 -0.001429498 -0.005868136 -0.002863585 -0.001429498 -0.006141066 -0.002317488 -0.001429498 -0.006367266 -0.001753687 -0.001429498 -0.006545007 -0.001176595 -0.001429498 -0.006672978 -5.90563e-4 -0.001429498 -0.006750106 0 -0.001429498 -0.006775915 5.90563e-4 -0.001429498 -0.006750106 0.001176595 -0.001429498 -0.006672978 0.001753687 -0.001429498 -0.006545007 0.002317488 -0.001429498 -0.006367266 0.002863585 -0.001429498 -0.006141066 0.003387928 -0.001429498 -0.005868136 0.00388652 -0.001429498 -0.005550503 0.00435549 -0.001429498 -0.00519067 0.004791319 -0.001429498 -0.004791319 0.00519067 -0.001429498 -0.00435549 0.005550503 -0.001429498 -0.00388652 0.005868136 -0.001429498 -0.003387928 0.006141066 -0.001429498 -0.002863585 0.006367266 -0.001429498 -0.002317488 0.006545007 -0.001429498 -0.001753687 0.006672978 -0.001429498 -0.001176595 0.006750106 -0.001429498 -5.90563e-4 0.006775915 -0.001429498 0 0.006750106 -0.001429498 5.90563e-4 0.006672978 -0.001429498 0.001176595 0.006545007 -0.001429498 0.001753687 0.006367266 -0.001429498 0.002317488 0.006141066 -0.001429498 0.002863585 0.005868136 -0.001429498 0.003387928 0.005550503 -0.001429498 0.00388652 0.00519067 -0.001429498 0.00435549 0.004791319 -0.001429498 0.004791319 0.00435549 -0.001429498 0.00519067 0.00388652 -0.001429498 0.005550503 0.003387928 -0.001429498 0.005868136 0.002863585 -0.001429498 0.006141066 0.002317488 -0.001429498 0.006367266 0.001753687 -0.001429498 0.006545007 0.001176595 -0.001429498 0.006672978 5.90563e-4 -0.001429498 0.006750106 0 -0.001429498 0.006775915 -5.90563e-4 -0.001429498 0.006750106 -0.001176595 -0.001429498 0.006672978 -0.001753687 -0.001429498 0.006545007 -0.002317488 -0.001429498 0.006367266 -0.002863585 -0.001429498 0.006141066 -0.003387928 -0.001429498 0.005868136 -0.00388652 -0.001429498 0.005550503 -0.00435549 -0.001429498 0.00519067 -0.004791319 -0.001429498 0.004791319 -0.00519067 -0.001429498 0.00435549 -0.005550503 -0.001429498 0.00388652 -0.005868136 -0.001429498 0.003387928 -0.006141066 -0.001429498 0.002863585 -0.006367266 -0.001429498 0.002317488 -0.006545007 -0.001429498 0.001753687 -0.006672978 -0.001429498 0.001176595 -0.006750106 -0.001429498 5.90563e-4 -0.006775915 -0.001429498 0 -0.006608486 -0.001987397 -5.78172e-4 -0.006532967 -0.001987397 -0.001151919 -0.006407678 -0.001987397 -0.001716911 -0.006233692 -0.001987397 -0.00226885 -0.006012201 -0.001987397 -0.002803504 -0.005744993 -0.001987397 -0.003316879 -0.005434036 -0.001987397 -0.003804922 -0.005081713 -0.001987397 -0.004264056 -0.004690766 -0.001987397 -0.004690766 -0.004264056 -0.001987397 -0.005081713 -0.003804922 -0.001987397 -0.005434036 -0.003316879 -0.001987397 -0.005744993 -0.002803504 -0.001987397 -0.006012201 -0.00226885 -0.001987397 -0.006233692 -0.001716911 -0.001987397 -0.006407678 -0.001151919 -0.001987397 -0.006532967 -5.78172e-4 -0.001987397 -0.006608486 0 -0.001987397 -0.006633758 5.78172e-4 -0.001987397 -0.006608486 0.001151919 -0.001987397 -0.006532967 0.001716911 -0.001987397 -0.006407678 0.00226885 -0.001987397 -0.006233692 0.002803504 -0.001987397 -0.006012201 0.003316879 -0.001987397 -0.005744993 0.003804922 -0.001987397 -0.005434036 0.004264056 -0.001987397 -0.005081713 0.004690766 -0.001987397 -0.004690766 0.005081713 -0.001987397 -0.004264056 0.005434036 -0.001987397 -0.003804922 0.005744993 -0.001987397 -0.003316879 0.006012201 -0.001987397 -0.002803504 0.006233692 -0.001987397 -0.00226885 0.006407678 -0.001987397 -0.001716911 0.006532967 -0.001987397 -0.001151919 0.006608486 -0.001987397 -5.78172e-4 0.006633758 -0.001987397 0 0.006608486 -0.001987397 5.78172e-4 0.006532967 -0.001987397 0.001151919 0.006407678 -0.001987397 0.001716911 0.006233692 -0.001987397 0.00226885 0.006012201 -0.001987397 0.002803504 0.005744993 -0.001987397 0.003316879 0.005434036 -0.001987397 0.003804922 0.005081713 -0.001987397 0.004264056 0.004690766 -0.001987397 0.004690766 0.004264056 -0.001987397 0.005081713 0.003804922 -0.001987397 0.005434036 0.003316879 -0.001987397 0.005744993 0.002803504 -0.001987397 0.006012201 0.00226885 -0.001987397 0.006233692 0.001716911 -0.001987397 0.006407678 0.001151919 -0.001987397 0.006532967 5.78172e-4 -0.001987397 0.006608486 0 -0.001987397 0.006633758 -5.78172e-4 -0.001987397 0.006608486 -0.001151919 -0.001987397 0.006532967 -0.001716911 -0.001987397 0.006407678 -0.00226885 -0.001987397 0.006233692 -0.002803504 -0.001987397 0.006012201 -0.003316879 -0.001987397 0.005744993 -0.003804922 -0.001987397 0.005434036 -0.004264056 -0.001987397 0.005081713 -0.004690766 -0.001987397 0.004690766 -0.005081713 -0.001987397 0.004264056 -0.005434036 -0.001987397 0.003804922 -0.005744993 -0.001987397 0.003316879 -0.006012201 -0.001987397 0.002803504 -0.006233692 -0.001987397 0.00226885 -0.006407678 -0.001987397 0.001716911 -0.006532967 -0.001987397 0.001151919 -0.006608486 -0.001987397 5.78172e-4 -0.006633758 -0.001987397 0 -0.006421208 -0.002531647 -5.61784e-4 -0.006347775 -0.002531647 -0.001119256 -0.006226062 -0.002531647 -0.001668274 -0.006056964 -0.002531647 -0.002204537 -0.005841791 -0.002531647 -0.002724051 -0.005582153 -0.002531647 -0.003222823 -0.005280017 -0.002531647 -0.003697097 -0.004937708 -0.002531647 -0.004143238 -0.004557788 -0.002531647 -0.004557788 -0.004143238 -0.002531647 -0.004937708 -0.003697097 -0.002531647 -0.005280017 -0.003222823 -0.002531647 -0.005582153 -0.002724051 -0.002531647 -0.005841791 -0.002204537 -0.002531647 -0.006056964 -0.001668274 -0.002531647 -0.006226062 -0.001119256 -0.002531647 -0.006347775 -5.61784e-4 -0.002531647 -0.006421208 0 -0.002531647 -0.006445705 5.61784e-4 -0.002531647 -0.006421208 0.001119256 -0.002531647 -0.006347775 0.001668274 -0.002531647 -0.006226062 0.002204537 -0.002531647 -0.006056964 0.002724051 -0.002531647 -0.005841791 0.003222823 -0.002531647 -0.005582153 0.003697097 -0.002531647 -0.005280017 0.004143238 -0.002531647 -0.004937708 0.004557788 -0.002531647 -0.004557788 0.004937708 -0.002531647 -0.004143238 0.005280017 -0.002531647 -0.003697097 0.005582153 -0.002531647 -0.003222823 0.005841791 -0.002531647 -0.002724051 0.006056964 -0.002531647 -0.002204537 0.006226062 -0.002531647 -0.001668274 0.006347775 -0.002531647 -0.001119256 0.006421208 -0.002531647 -5.61784e-4 0.006445705 -0.002531647 0 0.006421208 -0.002531647 5.61784e-4 0.006347775 -0.002531647 0.001119256 0.006226062 -0.002531647 0.001668274 0.006056964 -0.002531647 0.002204537 0.005841791 -0.002531647 0.002724051 0.005582153 -0.002531647 0.003222823 0.005280017 -0.002531647 0.003697097 0.004937708 -0.002531647 0.004143238 0.004557788 -0.002531647 0.004557788 0.004143238 -0.002531647 0.004937708 0.003697097 -0.002531647 0.005280017 0.003222823 -0.002531647 0.005582153 0.002724051 -0.002531647 0.005841791 0.002204537 -0.002531647 0.006056964 0.001668274 -0.002531647 0.006226062 0.001119256 -0.002531647 0.006347775 5.61784e-4 -0.002531647 0.006421208 0 -0.002531647 0.006445705 -5.61784e-4 -0.002531647 0.006421208 -0.001119256 -0.002531647 0.006347775 -0.001668274 -0.002531647 0.006226062 -0.002204537 -0.002531647 0.006056964 -0.002724051 -0.002531647 0.005841791 -0.003222823 -0.002531647 0.005582153 -0.003697097 -0.002531647 0.005280017 -0.004143238 -0.002531647 0.004937708 -0.004557788 -0.002531647 0.004557788 -0.004937708 -0.002531647 0.004143238 -0.005280017 -0.002531647 0.003697097 -0.005582153 -0.002531647 0.003222823 -0.005841791 -0.002531647 0.002724051 -0.006056964 -0.002531647 0.002204537 -0.006226062 -0.002531647 0.001668274 -0.006347775 -0.002531647 0.001119256 -0.006421208 -0.002531647 5.61784e-4 -0.006445705 -0.002531647 0</float_array>
          <technique_common>
            <accessor source="#heim_joint_m8_outer_part-mesh-positions-array" count="5331" stride="3">
              <param name="X" type="float"/>
              <param name="Y" type="float"/>
              <param name="Z" type="float"/>
            </accessor>
          </technique_common>
        </source>
        <source id="heim_joint_m8_outer_part-mesh-normals">
          <float_array id="heim_joint_m8_outer_part-mesh-normals-array" count="30711">-0.03991973 0.4030219 0.9143193 -0.1194579 0.4030202 0.9073613 -0.1194561 0.4030228 0.9073604 -0.1980825 0.4030215 0.8934971 -0.1980833 0.4030209 0.8934971 -0.2752022 0.4030206 0.8728335 -0.2752051 0.4030213 0.8728321 -0.3502284 0.4030193 0.8455268 -0.3502269 0.4030222 0.8455261 -0.4225873 0.403023 0.8117835 -0.4225886 0.4030199 0.8117845 -0.4917319 0.4030119 0.7718686 -0.4917302 0.403025 0.771863 -0.5571357 0.4030174 0.7260695 -0.5571317 0.4030226 0.7260697 -0.6182949 0.4030169 0.6747509 -0.6182954 0.403021 0.6747481 -0.674751 0.4030227 0.6182911 -0.6747474 0.4030274 0.618292 -0.7260708 0.4030211 0.5571313 -0.7260704 0.4030199 0.5571328 -0.7718604 0.4030296 0.4917303 -0.771867 0.403015 0.4917319 -0.8117874 0.4030128 0.4225897 -0.81178 0.4030314 0.4225862 -0.8455259 0.4030213 0.3502281 -0.8455264 0.4030194 0.3502292 -0.8728327 0.4030211 0.2752038 -0.8728324 0.4030218 0.2752039 -0.8935008 0.4030131 0.1980835 -0.8934927 0.4030315 0.1980822 -0.9073574 0.4030296 0.1194559 -0.9073613 0.403021 0.1194565 -0.9143196 0.4030213 0.03992074 -0.914318 0.4030251 0.03992021 -0.9143233 0.4030129 -0.03992086 -0.9143161 0.4030292 -0.03992015 -0.9073613 0.4030212 -0.1194558 -0.9073585 0.4030269 -0.1194565 -0.8934935 0.4030297 -0.1980819 -0.8934977 0.40302 -0.198083 -0.8728292 0.4030295 -0.2752028 -0.8728356 0.4030138 -0.2752052 -0.8455253 0.403021 -0.3502303 -0.8455273 0.4030185 -0.3502283 -0.8117815 0.4030301 -0.4225844 -0.8117849 0.4030183 -0.4225893 -0.7718614 0.40303 -0.4917284 -0.7718667 0.4030145 -0.4917329 -0.7260686 0.4030212 -0.557134 -0.7260739 0.4030152 -0.5571315 -0.6747468 0.403026 -0.6182934 -0.6747509 0.4030216 -0.618292 -0.6182949 0.4030169 -0.6747509 -0.6182944 0.4030181 -0.6747507 -0.5571328 0.4030162 -0.7260724 -0.5571336 0.4030209 -0.726069 -0.49173 0.4030163 -0.7718676 -0.491732 0.4030219 -0.7718635 -0.4225871 0.403019 -0.8117856 -0.42259 0.4030237 -0.8117817 -0.3502278 0.4030234 -0.8455251 -0.3502278 0.4030188 -0.8455272 -0.2752036 0.4030188 -0.8728338 -0.2752037 0.4030231 -0.8728318 -0.1980825 0.4030213 -0.8934972 -0.1980835 0.4030221 -0.8934966 -0.1194571 0.4030231 -0.9073601 -0.1194571 0.4030207 -0.9073612 -0.03992009 0.403021 -0.9143197 -0.03991979 0.4030203 -0.91432 0.03992009 0.4030188 -0.9143206 0.03991973 0.4030219 -0.9143193 0.1194579 0.4030202 -0.9073613 0.1194561 0.4030228 -0.9073604 0.1980825 0.4030215 -0.8934971 0.1980833 0.4030209 -0.8934971 0.2752022 0.4030206 -0.8728335 0.2752051 0.4030213 -0.8728321 0.3502284 0.4030193 -0.8455268 0.3502269 0.4030222 -0.8455261 0.4225873 0.403023 -0.8117835 0.4225886 0.4030199 -0.8117845 0.4917319 0.4030119 -0.7718686 0.4917302 0.403025 -0.771863 0.5571357 0.4030174 -0.7260695 0.5571317 0.4030226 -0.7260697 0.6182949 0.4030169 -0.6747509 0.6182954 0.403021 -0.6747481 0.674751 0.4030227 -0.6182911 0.6747474 0.4030274 -0.618292 0.7260708 0.4030211 -0.5571313 0.7260704 0.4030199 -0.5571328 0.7718604 0.4030296 -0.4917303 0.771867 0.403015 -0.4917319 0.8117874 0.4030128 -0.4225897 0.81178 0.4030314 -0.4225862 0.8455259 0.4030213 -0.3502281 0.8455264 0.4030194 -0.3502292 0.8728327 0.4030211 -0.2752038 0.8728324 0.4030218 -0.2752039 0.8935008 0.4030131 -0.1980835 0.8934927 0.4030315 -0.1980822 0.9073574 0.4030296 -0.1194559 0.9073613 0.403021 -0.1194565 0.9143196 0.4030213 -0.03992074 0.914318 0.4030251 -0.03992021 0.9143233 0.4030129 0.03992086 0.9143161 0.4030292 0.03992015 0.9073613 0.4030212 0.1194558 0.9073585 0.4030269 0.1194565 0.8934935 0.4030297 0.1980819 0.8934977 0.40302 0.198083 0.8728292 0.4030295 0.2752028 0.8728356 0.4030138 0.2752052 0.8455253 0.403021 0.3502303 0.8455273 0.4030185 0.3502283 0.8117815 0.4030301 0.4225844 0.8117849 0.4030183 0.4225893 0.7718614 0.40303 0.4917284 0.7718667 0.4030145 0.4917329 0.7260686 0.4030212 0.557134 0.7260739 0.4030152 0.5571315 0.6747468 0.403026 0.6182934 0.6747509 0.4030216 0.618292 0.6182949 0.4030169 0.6747509 0.6182944 0.4030181 0.6747507 0.5571328 0.4030162 0.7260724 0.5571336 0.4030209 0.726069 0.49173 0.4030163 0.7718676 0.491732 0.4030219 0.7718635 0.4225871 0.403019 0.8117856 0.42259 0.4030237 0.8117817 0.3502278 0.4030234 0.8455251 0.3502278 0.4030188 0.8455272 0.2752036 0.4030188 0.8728338 0.2752037 0.4030231 0.8728318 0.1980825 0.4030213 0.8934972 0.1980835 0.4030221 0.8934966 0.1194571 0.4030231 0.9073601 0.1194571 0.4030207 0.9073612 0.03992009 0.403021 0.9143197 0.03991979 0.4030203 0.91432 -0.03992009 0.4030188 0.9143206 -0.04126095 0.3243877 0.945024 -0.1234694 0.3243862 0.937832 -0.1234662 0.3243871 0.9378322 -0.2047375 0.324387 0.9235018 -0.2047334 0.3243866 0.9235029 -0.2844458 0.3243874 0.9021438 -0.2844437 0.3243876 0.9021444 -0.3619884 0.3243891 0.87392 -0.3619914 0.3243881 0.8739192 -0.43678 0.324383 0.8390464 -0.4367788 0.3243907 0.8390441 -0.5082448 0.3243879 0.7977843 -0.5082452 0.3243934 0.7977818 -0.5758402 0.3243879 0.7504537 -0.5758443 0.3243854 0.7504516 -0.6390606 0.3243796 0.6974092 -0.6390565 0.3243921 0.6974071 -0.6974089 0.3243922 0.6390545 -0.6974078 0.3243837 0.6390599 -0.7504534 0.3243778 0.5758463 -0.7504517 0.3243873 0.5758431 -0.7977846 0.3243871 0.5082447 -0.7977845 0.3243887 0.508244 -0.8390424 0.324397 0.4367774 -0.8390467 0.3243826 0.43678 -0.8739198 0.3243874 0.3619906 -0.873923 0.3243791 0.3619902 -0.9021412 0.3243965 0.2844437 -0.9021456 0.324383 0.2844452 -0.9235022 0.3243877 0.2047346 -0.9235032 0.3243846 0.2047351 -0.9378349 0.3243786 0.1234682 -0.9378339 0.3243817 0.123468 -0.945021 0.3243965 0.0412603 -0.9450246 0.3243858 0.04126131 -0.9450209 0.3243965 -0.04126048 -0.9450232 0.3243899 -0.04126089 -0.9378318 0.3243876 -0.1234672 -0.9378351 0.324378 -0.1234684 -0.9235023 0.3243876 -0.2047346 -0.9235017 0.3243887 -0.2047351 -0.9021441 0.3243875 -0.2844447 -0.9021423 0.3243924 -0.2844448 -0.8739198 0.3243874 -0.3619906 -0.8739228 0.32438 -0.3619898 -0.8390427 0.3243968 -0.4367772 -0.8390466 0.3243831 -0.4367797 -0.7977852 0.3243878 -0.5082433 -0.7977848 0.3243839 -0.5082468 -0.7504525 0.324388 -0.5758416 -0.7504533 0.3243778 -0.5758463 -0.6974076 0.3243927 -0.6390556 -0.6974087 0.3243827 -0.6390595 -0.6390573 0.324383 -0.6974106 -0.6390586 0.324387 -0.6974076 -0.5758419 0.3243874 -0.7504526 -0.5758422 0.3243878 -0.7504522 -0.5082454 0.32439 -0.7977831 -0.5082447 0.3243926 -0.7977824 -0.436779 0.3243898 -0.8390445 -0.4367791 0.324384 -0.8390465 -0.3619898 0.3243867 -0.8739203 -0.3619903 0.3243892 -0.8739191 -0.284447 0.32439 -0.9021426 -0.2844435 0.3243861 -0.902145 -0.2047339 0.3243878 -0.9235024 -0.2047373 0.3243861 -0.9235022 -0.123467 0.3243854 -0.9378327 -0.1234682 0.3243871 -0.9378319 -0.04126179 0.3243868 -0.9450242 -0.04125833 0.3243913 -0.9450229 0.04125922 0.324391 -0.9450228 0.04126095 0.3243877 -0.945024 0.1234694 0.3243862 -0.937832 0.1234662 0.3243871 -0.9378322 0.2047375 0.324387 -0.9235018 0.2047334 0.3243866 -0.9235029 0.2844458 0.3243874 -0.9021438 0.2844437 0.3243876 -0.9021444 0.3619884 0.3243891 -0.87392 0.3619914 0.3243881 -0.8739192 0.43678 0.324383 -0.8390464 0.4367788 0.3243907 -0.8390441 0.5082448 0.3243879 -0.7977843 0.5082452 0.3243934 -0.7977818 0.5758402 0.3243879 -0.7504537 0.5758443 0.3243854 -0.7504516 0.6390606 0.3243796 -0.6974092 0.6390565 0.3243921 -0.6974071 0.6974089 0.3243922 -0.6390545 0.6974078 0.3243837 -0.6390599 0.7504534 0.3243778 -0.5758463 0.7504517 0.3243873 -0.5758431 0.7977846 0.3243871 -0.5082447 0.7977845 0.3243887 -0.508244 0.8390424 0.324397 -0.4367774 0.8390467 0.3243826 -0.43678 0.8739198 0.3243874 -0.3619906 0.873923 0.3243791 -0.3619902 0.9021412 0.3243965 -0.2844437 0.9021456 0.324383 -0.2844452 0.9235022 0.3243877 -0.2047346 0.9235032 0.3243846 -0.2047351 0.9378349 0.3243786 -0.1234682 0.9378339 0.3243817 -0.123468 0.945021 0.3243965 -0.0412603 0.9450246 0.3243858 -0.04126131 0.9450209 0.3243965 0.04126048 0.9450232 0.3243899 0.04126089 0.9378318 0.3243876 0.1234672 0.9378351 0.324378 0.1234684 0.9235023 0.3243876 0.2047346 0.9235017 0.3243887 0.2047351 0.9021441 0.3243875 0.2844447 0.9021423 0.3243924 0.2844448 0.8739198 0.3243874 0.3619906 0.8739228 0.32438 0.3619898 0.8390427 0.3243968 0.4367772 0.8390466 0.3243831 0.4367797 0.7977852 0.3243878 0.5082433 0.7977848 0.3243839 0.5082468 0.7504525 0.324388 0.5758416 0.7504533 0.3243778 0.5758463 0.6974076 0.3243927 0.6390556 0.6974087 0.3243827 0.6390595 0.6390573 0.324383 0.6974106 0.6390586 0.324387 0.6974076 0.5758419 0.3243874 0.7504526 0.5758422 0.3243878 0.7504522 0.5082454 0.32439 0.7977831 0.5082447 0.3243926 0.7977824 0.436779 0.3243898 0.8390445 0.4367791 0.324384 0.8390465 0.3619898 0.3243867 0.8739203 0.3619903 0.3243892 0.8739191 0.284447 0.32439 0.9021426 0.2844435 0.3243861 0.902145 0.2047339 0.3243878 0.9235024 0.2047373 0.3243861 0.9235022 0.123467 0.3243854 0.9378327 0.1234682 0.3243871 0.9378319 0.04126179 0.3243868 0.9450242 0.04125833 0.3243913 0.9450229 -0.04125922 0.324391 0.9450228 -0.04230594 0.2434512 0.9689901 -0.1266008 0.2434492 0.9616158 -0.1265971 0.2434539 0.961615 -0.2099283 0.2434532 0.9469217 -0.209927 0.2434515 0.9469224 -0.2916593 0.2434532 0.9250219 -0.2916593 0.2434496 0.9250229 -0.3711711 0.2434518 0.8960821 -0.3711687 0.2434459 0.8960847 -0.4478548 0.2434505 0.8603243 -0.4478583 0.2434489 0.860323 -0.5211327 0.2434498 0.8180177 -0.5211344 0.2434471 0.8180175 -0.5904448 0.2434502 0.7694849 -0.5904443 0.2434517 0.7694848 -0.6552631 0.2434555 0.7150942 -0.6552624 0.2434508 0.7150965 -0.7150945 0.2434509 0.6552646 -0.7150971 0.2434478 0.6552628 -0.7694838 0.2434611 0.5904418 -0.7694837 0.2434532 0.5904452 -0.8180165 0.2434506 0.5211343 -0.8180163 0.2434543 0.5211328 -0.8603237 0.243451 0.4478558 -0.8603249 0.2434422 0.4478584 -0.8960844 0.2434412 0.3711727 -0.8960819 0.2434594 0.3711671 -0.9250224 0.2434509 0.2916593 -0.9250227 0.2434506 0.2916591 -0.9469202 0.2434605 0.2099269 -0.946924 0.2434442 0.2099285 -0.9616155 0.2434511 0.1265997 -0.9616144 0.2434558 0.1265984 -0.9689925 0.2434415 0.04230713 -0.9689907 0.2434489 0.04230684 -0.9689902 0.2434509 -0.04230701 -0.9689924 0.2434419 -0.0423069 -0.9616153 0.2434509 -0.1266003 -0.9616127 0.243463 -0.1265982 -0.9469179 0.2434698 -0.2099263 -0.9469256 0.2434376 -0.2099286 -0.9250221 0.2434508 -0.2916605 -0.9250233 0.243448 -0.291659 -0.8960853 0.2434413 -0.3711703 -0.8960824 0.2434558 -0.3711679 -0.8603239 0.2434509 -0.4478556 -0.8603243 0.2434437 -0.4478587 -0.8180165 0.2434506 -0.5211343 -0.8180174 0.2434546 -0.5211311 -0.7694834 0.2434509 -0.5904465 -0.7694829 0.24346 -0.5904435 -0.7150951 0.2434507 -0.6552639 -0.7150958 0.243452 -0.6552627 -0.6552647 0.243446 -0.7150959 -0.6552604 0.2434592 -0.7150955 -0.5904472 0.2434557 -0.7694813 -0.5904434 0.2434484 -0.7694866 -0.5211346 0.2434462 -0.8180176 -0.5211345 0.2434492 -0.8180168 -0.4478561 0.243448 -0.8603243 -0.4478579 0.2434521 -0.8603224 -0.3711686 0.2434486 -0.8960842 -0.3711709 0.243449 -0.896083 -0.291658 0.2434509 -0.9250229 -0.2916598 0.2434507 -0.9250223 -0.2099273 0.2434515 -0.9469224 -0.2099275 0.2434532 -0.9469219 -0.1265982 0.2434515 -0.9616155 -0.1265997 0.2434518 -0.9616152 -0.04230707 0.2434511 -0.9689901 -0.04230588 0.2434494 -0.9689905 0.0423069 0.2434487 -0.9689906 0.04230594 0.2434512 -0.9689901 0.1266008 0.2434492 -0.9616158 0.1265971 0.2434539 -0.961615 0.2099283 0.2434532 -0.9469217 0.209927 0.2434515 -0.9469224 0.2916593 0.2434532 -0.9250219 0.2916593 0.2434496 -0.9250229 0.3711711 0.2434518 -0.8960821 0.3711687 0.2434459 -0.8960847 0.4478548 0.2434505 -0.8603243 0.4478583 0.2434489 -0.860323 0.5211327 0.2434498 -0.8180177 0.5211344 0.2434471 -0.8180175 0.5904448 0.2434502 -0.7694849 0.5904443 0.2434517 -0.7694848 0.6552631 0.2434555 -0.7150942 0.6552624 0.2434508 -0.7150965 0.7150945 0.2434509 -0.6552646 0.7150971 0.2434478 -0.6552628 0.7694838 0.2434611 -0.5904418 0.7694837 0.2434532 -0.5904452 0.8180165 0.2434506 -0.5211343 0.8180163 0.2434543 -0.5211328 0.8603237 0.243451 -0.4478558 0.8603249 0.2434422 -0.4478584 0.8960844 0.2434412 -0.3711727 0.8960819 0.2434594 -0.3711671 0.9250224 0.2434509 -0.2916593 0.9250227 0.2434506 -0.2916591 0.9469202 0.2434605 -0.2099269 0.946924 0.2434442 -0.2099285 0.9616155 0.2434511 -0.1265997 0.9616144 0.2434558 -0.1265984 0.9689925 0.2434415 -0.04230713 0.9689907 0.2434489 -0.04230684 0.9689902 0.2434509 0.04230701 0.9689924 0.2434419 0.0423069 0.9616153 0.2434509 0.1266003 0.9616127 0.243463 0.1265982 0.9469179 0.2434698 0.2099263 0.9469256 0.2434376 0.2099286 0.9250221 0.2434508 0.2916605 0.9250233 0.243448 0.291659 0.8960853 0.2434413 0.3711703 0.8960824 0.2434558 0.3711679 0.8603239 0.2434509 0.4478556 0.8603243 0.2434437 0.4478587 0.8180165 0.2434506 0.5211343 0.8180174 0.2434546 0.5211311 0.7694834 0.2434509 0.5904465 0.7694829 0.24346 0.5904435 0.7150951 0.2434507 0.6552639 0.7150958 0.243452 0.6552627 0.6552647 0.243446 0.7150959 0.6552604 0.2434592 0.7150955 0.5904472 0.2434557 0.7694813 0.5904434 0.2434484 0.7694866 0.5211346 0.2434462 0.8180176 0.5211345 0.2434492 0.8180168 0.4478561 0.243448 0.8603243 0.4478579 0.2434521 0.8603224 0.3711686 0.2434486 0.8960842 0.3711709 0.243449 0.896083 0.291658 0.2434509 0.9250229 0.2916598 0.2434507 0.9250223 0.2099273 0.2434515 0.9469224 0.2099275 0.2434532 0.9469219 0.1265982 0.2434515 0.9616155 0.1265997 0.2434518 0.9616152 0.04230707 0.2434511 0.9689901 0.04230588 0.2434494 0.9689905 -0.0423069 0.2434487 0.9689906 -0.04305028 0.1607859 0.9860501 -0.1288281 0.1607868 0.9785453 -0.128829 0.1607827 0.9785459 -0.2136219 0.1607831 0.9635946 -0.2136256 0.1607841 0.9635936 -0.2967922 0.1607844 0.9413091 -0.2967922 0.1607885 0.9413084 -0.377703 0.16079 0.9118591 -0.3777035 0.1607912 0.9118587 -0.4557409 0.1607902 0.8754695 -0.455742 0.1607858 0.8754697 -0.5303075 0.1607881 0.8324189 -0.5303098 0.1607881 0.8324174 -0.600841 0.160783 0.7830319 -0.6008412 0.1607894 0.7830305 -0.6668018 0.160783 0.7276842 -0.6668003 0.1607855 0.727685 -0.727683 0.1607828 0.6668032 -0.7276861 0.1607907 0.6667979 -0.7830301 0.160793 0.6008406 -0.7830322 0.1607728 0.6008434 -0.832419 0.1607831 0.5303089 -0.8324171 0.160791 0.5303094 -0.8754698 0.1607931 0.4557393 -0.8754709 0.1607828 0.4557408 -0.9118579 0.1607928 0.3777048 -0.9118579 0.1607978 0.3777026 -0.9413086 0.1607831 0.2967947 -0.9413085 0.1607894 0.2967913 -0.9635924 0.160793 0.2136241 -0.9635958 0.1607742 0.2136233 -0.9785476 0.1607735 0.1288281 -0.9785457 0.1607854 0.1288278 -0.986052 0.1607734 0.04305213 -0.9860495 0.1607888 0.04305183 -0.986052 0.1607734 -0.04305213 -0.986049 0.1607922 -0.04305166 -0.9785444 0.1607931 -0.1288276 -0.9785473 0.160774 -0.1288287 -0.9635927 0.160793 -0.2136228 -0.963595 0.1607785 -0.2136235 -0.9413084 0.1607832 -0.2967949 -0.9413084 0.1607899 -0.2967913 -0.9118577 0.160793 -0.3777052 -0.9118582 0.1607949 -0.3777032 -0.8754713 0.1607832 -0.45574 -0.8754699 0.1607867 -0.4557415 -0.8324186 0.1607832 -0.5303094 -0.832419 0.1607851 -0.5303083 -0.7830315 0.1607832 -0.6008417 -0.7830323 0.1607776 -0.6008421 -0.727686 0.1607784 -0.6668009 -0.7276853 0.1607925 -0.6667982 -0.6668003 0.1607833 -0.7276854 -0.6668015 0.1607837 -0.7276843 -0.6008426 0.1607838 -0.7830306 -0.6008415 0.1607874 -0.7830306 -0.5303103 0.1607839 -0.832418 -0.5303086 0.1607918 -0.8324175 -0.4557402 0.1607879 -0.8754703 -0.4557434 0.1607892 -0.8754683 -0.3777027 0.1607897 -0.9118593 -0.3777045 0.1607919 -0.9118583 -0.296792 0.1607893 -0.9413083 -0.296793 0.1607843 -0.9413089 -0.2136243 0.1607843 -0.9635939 -0.2136231 0.1607829 -0.9635944 -0.1288282 0.1607836 -0.9785459 -0.128829 0.1607859 -0.9785454 -0.04305028 0.1607864 -0.9860499 -0.04305285 0.1607854 -0.98605 0.04305285 0.1607857 -0.9860499 0.04305028 0.1607859 -0.9860501 0.1288281 0.1607868 -0.9785453 0.128829 0.1607827 -0.9785459 0.2136219 0.1607831 -0.9635946 0.2136256 0.1607841 -0.9635936 0.2967922 0.1607844 -0.9413091 0.2967922 0.1607885 -0.9413084 0.377703 0.16079 -0.9118591 0.3777035 0.1607912 -0.9118587 0.4557409 0.1607902 -0.8754695 0.455742 0.1607858 -0.8754697 0.5303075 0.1607881 -0.8324189 0.5303098 0.1607881 -0.8324174 0.600841 0.160783 -0.7830319 0.6008412 0.1607894 -0.7830305 0.6668018 0.160783 -0.7276842 0.6668003 0.1607855 -0.727685 0.727683 0.1607828 -0.6668032 0.7276861 0.1607907 -0.6667979 0.7830301 0.160793 -0.6008406 0.7830322 0.1607728 -0.6008434 0.832419 0.1607831 -0.5303089 0.8324171 0.160791 -0.5303094 0.8754698 0.1607931 -0.4557393 0.8754709 0.1607828 -0.4557408 0.9118579 0.1607928 -0.3777048 0.9118579 0.1607978 -0.3777026 0.9413086 0.1607831 -0.2967947 0.9413085 0.1607894 -0.2967913 0.9635924 0.160793 -0.2136241 0.9635958 0.1607742 -0.2136233 0.9785476 0.1607735 -0.1288281 0.9785457 0.1607854 -0.1288278 0.986052 0.1607734 -0.04305213 0.9860495 0.1607888 -0.04305183 0.986052 0.1607734 0.04305213 0.986049 0.1607922 0.04305166 0.9785444 0.1607931 0.1288276 0.9785473 0.160774 0.1288287 0.9635927 0.160793 0.2136228 0.963595 0.1607785 0.2136235 0.9413084 0.1607832 0.2967949 0.9413084 0.1607899 0.2967913 0.9118577 0.160793 0.3777052 0.9118582 0.1607949 0.3777032 0.8754713 0.1607832 0.45574 0.8754699 0.1607867 0.4557415 0.8324186 0.1607832 0.5303094 0.832419 0.1607851 0.5303083 0.7830315 0.1607832 0.6008417 0.7830323 0.1607776 0.6008421 0.727686 0.1607784 0.6668009 0.7276853 0.1607925 0.6667982 0.6668003 0.1607833 0.7276854 0.6668015 0.1607837 0.7276843 0.6008426 0.1607838 0.7830306 0.6008415 0.1607874 0.7830306 0.5303103 0.1607839 0.832418 0.5303086 0.1607918 0.8324175 0.4557402 0.1607879 0.8754703 0.4557434 0.1607892 0.8754683 0.3777027 0.1607897 0.9118593 0.3777045 0.1607919 0.9118583 0.296792 0.1607893 0.9413083 0.296793 0.1607843 0.9413089 0.2136243 0.1607843 0.9635939 0.2136231 0.1607829 0.9635944 0.1288282 0.1607836 0.9785459 0.128829 0.1607859 0.9785454 0.04305028 0.1607864 0.9860499 0.04305285 0.1607854 0.98605 -0.04305285 0.1607857 0.9860499 -0.0434907 0.07697832 0.9960839 -0.1301389 0.07697838 0.988503 -0.1301387 0.07698416 0.9885026 -0.215797 0.07698422 0.9733988 -0.2157969 0.07698506 0.9733987 -0.2998115 0.07698357 0.9508873 -0.2998161 0.07697808 0.9508863 -0.3815481 0.07697522 0.9211384 -0.3815487 0.07698148 0.9211376 -0.4603765 0.07697969 0.8843798 -0.4603794 0.07697808 0.8843785 -0.5357049 0.07697731 0.8408893 -0.5357061 0.07698392 0.840888 -0.6069556 0.07697755 0.790999 -0.6069532 0.07698142 0.7910006 -0.6735877 0.0769875 0.7350869 -0.6735827 0.07697707 0.7350924 -0.7350891 0.07697725 0.6735863 -0.7350898 0.07698452 0.6735848 -0.791 0.07697737 0.6069544 -0.7909974 0.0769822 0.6069572 -0.8408914 0.07696747 0.5357033 -0.8408899 0.07698273 0.5357031 -0.8843799 0.07696741 0.4603786 -0.8843782 0.07698804 0.4603784 -0.9211383 0.07697749 0.381548 -0.9211386 0.07697468 0.3815478 -0.9508868 0.07697743 0.2998147 -0.9508866 0.07698237 0.2998141 -0.9733996 0.07697743 0.215796 -0.9733984 0.0769878 0.2157974 -0.9885022 0.07698744 0.1301397 -0.9885029 0.07697957 0.1301388 -0.9960831 0.07698744 0.04348921 -0.9960832 0.07698619 0.04348993 -0.996084 0.07697743 -0.04348909 -0.9960827 0.07699286 -0.04349005 -0.988503 0.07697743 -0.1301392 -0.9885026 0.07698464 -0.1301388 -0.9733995 0.07697743 -0.2157961 -0.9733983 0.07699 -0.2157973 -0.950886 0.07698744 -0.2998144 -0.9508872 0.07697772 -0.2998133 -0.9211373 0.07697743 -0.3815501 -0.9211394 0.07697433 -0.3815459 -0.8843784 0.07697731 -0.4603797 -0.8843787 0.07697975 -0.4603785 -0.8408907 0.07697755 -0.5357028 -0.84089 0.07698023 -0.5357034 -0.7909989 0.0769875 -0.6069545 -0.7909983 0.0769779 -0.6069565 -0.735091 0.07697755 -0.6735842 -0.7350896 0.07698523 -0.6735849 -0.6735859 0.07698267 -0.735089 -0.6735848 0.07698065 -0.7350901 -0.6069524 0.07697731 -0.7910015 -0.606955 0.07698363 -0.7909988 -0.5357048 0.07697981 -0.8408892 -0.5357045 0.07697933 -0.8408893 -0.4603756 0.07697725 -0.8843805 -0.4603794 0.07698088 -0.8843782 -0.38155 0.07698142 -0.921137 -0.3815467 0.07697445 -0.9211391 -0.2998139 0.07697594 -0.9508872 -0.2998139 0.07698506 -0.9508864 -0.215797 0.07698422 -0.9733988 -0.2157974 0.07698512 -0.9733986 -0.1301414 0.07698446 -0.9885023 -0.1301367 0.07697826 -0.9885033 -0.04349166 0.07697838 -0.9960838 -0.04348808 0.07698249 -0.9960836 0.04348891 0.07698243 -0.9960836 0.0434907 0.07697832 -0.9960839 0.1301389 0.07697838 -0.988503 0.1301387 0.07698416 -0.9885026 0.215797 0.07698422 -0.9733988 0.2157969 0.07698506 -0.9733987 0.2998115 0.07698357 -0.9508873 0.2998161 0.07697808 -0.9508863 0.3815481 0.07697522 -0.9211384 0.3815487 0.07698148 -0.9211376 0.4603765 0.07697969 -0.8843798 0.4603794 0.07697808 -0.8843785 0.5357049 0.07697731 -0.8408893 0.5357061 0.07698392 -0.840888 0.6069556 0.07697755 -0.790999 0.6069532 0.07698142 -0.7910006 0.6735877 0.0769875 -0.7350869 0.6735827 0.07697707 -0.7350924 0.7350891 0.07697725 -0.6735863 0.7350898 0.07698452 -0.6735848 0.791 0.07697737 -0.6069544 0.7909974 0.0769822 -0.6069572 0.8408914 0.07696747 -0.5357033 0.8408899 0.07698273 -0.5357031 0.8843799 0.07696741 -0.4603786 0.8843782 0.07698804 -0.4603784 0.9211383 0.07697749 -0.381548 0.9211386 0.07697468 -0.3815478 0.9508868 0.07697743 -0.2998147 0.9508866 0.07698237 -0.2998141 0.9733996 0.07697743 -0.215796 0.9733984 0.0769878 -0.2157974 0.9885022 0.07698744 -0.1301397 0.9885029 0.07697957 -0.1301388 0.9960831 0.07698744 -0.04348921 0.9960832 0.07698619 -0.04348993 0.996084 0.07697743 0.04348909 0.9960827 0.07699286 0.04349005 0.988503 0.07697743 0.1301392 0.9885026 0.07698464 0.1301388 0.9733995 0.07697743 0.2157961 0.9733983 0.07699 0.2157973 0.950886 0.07698744 0.2998144 0.9508872 0.07697772 0.2998133 0.9211373 0.07697743 0.3815501 0.9211394 0.07697433 0.3815459 0.8843784 0.07697731 0.4603797 0.8843787 0.07697975 0.4603785 0.8408907 0.07697755 0.5357028 0.84089 0.07698023 0.5357034 0.7909989 0.0769875 0.6069545 0.7909983 0.0769779 0.6069565 0.735091 0.07697755 0.6735842 0.7350896 0.07698523 0.6735849 0.6735859 0.07698267 0.735089 0.6735848 0.07698065 0.7350901 0.6069524 0.07697731 0.7910015 0.606955 0.07698363 0.7909988 0.5357048 0.07697981 0.8408892 0.5357045 0.07697933 0.8408893 0.4603756 0.07697725 0.8843805 0.4603794 0.07698088 0.8843782 0.38155 0.07698142 0.921137 0.3815467 0.07697445 0.9211391 0.2998139 0.07697594 0.9508872 0.2998139 0.07698506 0.9508864 0.215797 0.07698422 0.9733988 0.2157974 0.07698512 0.9733986 0.1301414 0.07698446 0.9885023 0.1301367 0.07697826 0.9885033 0.04349166 0.07697838 0.9960838 0.04348808 0.07698249 0.9960836 -0.04348891 0.07698243 0.9960836 -0.04361999 -0.007368326 0.9990211 -0.1305216 -0.007368505 0.9914181 -0.1305217 -0.00737518 0.991418 -0.2164379 -0.007375478 0.9762685 -0.2164316 -0.007370948 0.97627 -0.3006998 -0.007371008 0.9536904 -0.3006962 -0.007371604 0.9536916 -0.3826729 -0.007372319 0.9238545 -0.3826721 -0.007375657 0.9238548 -0.4617381 -0.007374823 0.8869857 -0.461737 -0.00736761 0.8869863 -0.5372855 -0.007367253 0.8433684 -0.5372862 -0.007370412 0.8433678 -0.6087443 -0.007369756 0.7933323 -0.6087452 -0.007377862 0.7933316 -0.6755719 -0.007374823 0.7372573 -0.6755727 -0.007375717 0.7372565 -0.7372561 -0.007369756 0.6755732 -0.7372577 -0.007375895 0.6755713 -0.7933293 -0.007379829 0.6087481 -0.7933315 -0.007369101 0.6087453 -0.8433696 -0.007369756 0.5372834 -0.8433687 -0.007358014 0.5372849 -0.8869858 -0.007369756 0.4617379 -0.8869876 -0.007373332 0.4617344 -0.9238541 -0.007379889 0.382674 -0.923855 -0.007366299 0.3826718 -0.9536912 -0.007369756 0.3006975 -0.9536917 -0.007370352 0.3006957 -0.9762694 -0.007369756 0.2164345 -0.9762694 -0.007377922 0.216434 -0.991418 -0.007369756 0.1305223 -0.9914178 -0.007377266 0.1305235 -0.9990212 -0.007359683 0.04361838 -0.9990212 -0.007370531 0.0436176 -0.9990212 -0.007359683 -0.04361867 -0.9990212 -0.007373869 -0.04361754 -0.991418 -0.007379889 -0.1305223 -0.9914179 -0.007373154 -0.130523 -0.9762693 -0.007379889 -0.2164347 -0.9762696 -0.00737065 -0.2164339 -0.9536911 -0.007379829 -0.3006975 -0.9536915 -0.00736469 -0.3006966 -0.9238541 -0.007379829 -0.3826737 -0.9238545 -0.00736767 -0.382673 -0.8869861 -0.007369756 -0.4617374 -0.8869874 -0.007372915 -0.4617348 -0.8433696 -0.007369756 -0.5372834 -0.843367 -0.007361829 -0.5372877 -0.7933294 -0.007369756 -0.6087481 -0.7933313 -0.007380247 -0.6087455 -0.7372573 -0.00736469 -0.675572 -0.7372578 -0.007380425 -0.6755713 -0.6755726 -0.007369756 -0.7372567 -0.6755717 -0.00737828 -0.7372574 -0.6087419 -0.007379829 -0.7933341 -0.6087463 -0.007365584 -0.7933307 -0.5372854 -0.007369756 -0.8433683 -0.5372853 -0.007368445 -0.8433685 -0.4617372 -0.007369756 -0.8869862 -0.4617371 -0.007374227 -0.8869863 -0.3826729 -0.007377326 -0.9238544 -0.3826722 -0.00737071 -0.9238549 -0.3006989 -0.007372319 -0.9536907 -0.3006976 -0.00737071 -0.9536911 -0.2164331 -0.007372319 -0.9762696 -0.2164363 -0.007374525 -0.976269 -0.1305209 -0.007375121 -0.9914182 -0.1305221 -0.007368505 -0.9914181 -0.04362058 -0.007368326 -0.9990211 -0.04361492 -0.007373273 -0.9990213 0.04361552 -0.007373273 -0.9990212 0.04361999 -0.007368326 -0.9990211 0.1305216 -0.007368505 -0.9914181 0.1305217 -0.00737518 -0.991418 0.2164379 -0.007375478 -0.9762685 0.2164316 -0.007370948 -0.97627 0.3006998 -0.007371008 -0.9536904 0.3006962 -0.007371604 -0.9536916 0.3826729 -0.007372319 -0.9238545 0.3826721 -0.007375657 -0.9238548 0.4617381 -0.007374823 -0.8869857 0.461737 -0.00736761 -0.8869863 0.5372855 -0.007367253 -0.8433684 0.5372862 -0.007370412 -0.8433678 0.6087443 -0.007369756 -0.7933323 0.6087452 -0.007377862 -0.7933316 0.6755719 -0.007374823 -0.7372573 0.6755727 -0.007375717 -0.7372565 0.7372561 -0.007369756 -0.6755732 0.7372577 -0.007375895 -0.6755713 0.7933293 -0.007379829 -0.6087481 0.7933315 -0.007369101 -0.6087453 0.8433696 -0.007369756 -0.5372834 0.8433687 -0.007358014 -0.5372849 0.8869858 -0.007369756 -0.4617379 0.8869876 -0.007373332 -0.4617344 0.9238541 -0.007379889 -0.382674 0.923855 -0.007366299 -0.3826718 0.9536912 -0.007369756 -0.3006975 0.9536917 -0.007370352 -0.3006957 0.9762694 -0.007369756 -0.2164345 0.9762694 -0.007377922 -0.216434 0.991418 -0.007369756 -0.1305223 0.9914178 -0.007377266 -0.1305235 0.9990212 -0.007359683 -0.04361838 0.9990212 -0.007370531 -0.0436176 0.9990212 -0.007359683 0.04361867 0.9990212 -0.007373869 0.04361754 0.991418 -0.007379889 0.1305223 0.9914179 -0.007373154 0.130523 0.9762693 -0.007379889 0.2164347 0.9762696 -0.00737065 0.2164339 0.9536911 -0.007379829 0.3006975 0.9536915 -0.00736469 0.3006966 0.9238541 -0.007379829 0.3826737 0.9238545 -0.00736767 0.382673 0.8869861 -0.007369756 0.4617374 0.8869874 -0.007372915 0.4617348 0.8433696 -0.007369756 0.5372834 0.843367 -0.007361829 0.5372877 0.7933294 -0.007369756 0.6087481 0.7933313 -0.007380247 0.6087455 0.7372573 -0.00736469 0.675572 0.7372578 -0.007380425 0.6755713 0.6755726 -0.007369756 0.7372567 0.6755717 -0.00737828 0.7372574 0.6087419 -0.007379829 0.7933341 0.6087463 -0.007365584 0.7933307 0.5372854 -0.007369756 0.8433683 0.5372853 -0.007368445 0.8433685 0.4617372 -0.007369756 0.8869862 0.4617371 -0.007374227 0.8869863 0.3826729 -0.007377326 0.9238544 0.3826722 -0.00737071 0.9238549 0.3006989 -0.007372319 0.9536907 0.3006976 -0.00737071 0.9536911 0.2164331 -0.007372319 0.9762696 0.2164363 -0.007374525 0.976269 0.1305209 -0.007375121 0.9914182 0.1305221 -0.007368505 0.9914181 0.04362058 -0.007368326 0.9990211 0.04361492 -0.007373273 0.9990213 -0.04361552 -0.007373273 0.9990212 -0.04343438 -0.09167671 0.9948411 -0.129979 -0.09167629 0.9872695 -0.1299772 -0.09167414 0.9872699 -0.2155264 -0.09167408 0.9721853 -0.2155305 -0.09167528 0.9721843 -0.2994388 -0.09167474 0.9497012 -0.2994381 -0.09167343 0.9497015 -0.3810721 -0.09167122 0.9199894 -0.3810715 -0.09167069 0.9199897 -0.4598027 -0.09167063 0.8832769 -0.4598062 -0.09167271 0.8832749 -0.5350335 -0.09167343 0.8398424 -0.535037 -0.09167283 0.8398403 -0.6061966 -0.09167349 0.7900137 -0.6062003 -0.09166884 0.7900115 -0.6727476 -0.09166866 0.7341713 -0.6727449 -0.09166973 0.7341737 -0.7341741 -0.09166353 0.6727454 -0.7341743 -0.09167414 0.6727437 -0.7900125 -0.09166371 0.6061998 -0.7900137 -0.09167194 0.6061969 -0.8398396 -0.09167349 0.5350379 -0.8398395 -0.09168207 0.5350366 -0.8832743 -0.09167355 0.4598071 -0.8832758 -0.09167009 0.4598047 -0.9199889 -0.09167355 0.3810726 -0.9199898 -0.09167551 0.3810703 -0.9497011 -0.09166365 0.2994421 -0.9497014 -0.09167879 0.2994367 -0.9721859 -0.09166371 0.2155286 -0.9721844 -0.09168034 0.2155278 -0.9872709 -0.09166365 0.1299775 -0.9872695 -0.09168177 0.1299749 -0.9948404 -0.09168368 0.04343581 -0.9948409 -0.09167885 0.04343557 -0.9948414 -0.09167367 -0.04343581 -0.9948402 -0.09168601 -0.04343557 -0.9872701 -0.09167367 -0.1299767 -0.9872707 -0.09166741 -0.1299755 -0.9721859 -0.09166371 -0.2155284 -0.9721845 -0.09167897 -0.2155278 -0.949701 -0.09167367 -0.2994393 -0.9497017 -0.09167236 -0.2994377 -0.9199897 -0.09167373 -0.3810706 -0.9199894 -0.09167772 -0.3810705 -0.8832753 -0.09167367 -0.4598051 -0.8832761 -0.09166574 -0.4598053 -0.8398416 -0.09167385 -0.5350349 -0.8398388 -0.09167563 -0.5350388 -0.790013 -0.09166365 -0.6061992 -0.790014 -0.09166914 -0.6061969 -0.7341735 -0.09166359 -0.672746 -0.7341747 -0.09167325 -0.6727433 -0.6727437 -0.09166848 -0.7341749 -0.6727479 -0.09166949 -0.734171 -0.6061966 -0.09167349 -0.7900137 -0.6062003 -0.09166777 -0.7900115 -0.5350344 -0.09167337 -0.8398419 -0.5350375 -0.09167033 -0.8398402 -0.4598058 -0.09166848 -0.8832755 -0.4598042 -0.09167313 -0.8832758 -0.3810722 -0.09166872 -0.9199897 -0.3810717 -0.09167307 -0.9199894 -0.2994388 -0.09167349 -0.9497013 -0.2994377 -0.09167557 -0.9497013 -0.2155287 -0.09167528 -0.9721847 -0.2155279 -0.09167402 -0.972185 -0.1299783 -0.09167379 -0.9872698 -0.1299768 -0.09167605 -0.9872698 -0.04343169 -0.09167557 -0.9948414 -0.04343676 -0.0916745 -0.9948412 0.04343426 -0.09167361 -0.9948415 0.04343438 -0.09167671 -0.9948411 0.129979 -0.09167629 -0.9872695 0.1299772 -0.09167414 -0.9872699 0.2155264 -0.09167408 -0.9721853 0.2155305 -0.09167528 -0.9721843 0.2994388 -0.09167474 -0.9497012 0.2994381 -0.09167343 -0.9497015 0.3810721 -0.09167122 -0.9199894 0.3810715 -0.09167069 -0.9199897 0.4598027 -0.09167063 -0.8832769 0.4598062 -0.09167271 -0.8832749 0.5350335 -0.09167343 -0.8398424 0.535037 -0.09167283 -0.8398403 0.6061966 -0.09167349 -0.7900137 0.6062003 -0.09166884 -0.7900115 0.6727476 -0.09166866 -0.7341713 0.6727449 -0.09166973 -0.7341737 0.7341741 -0.09166353 -0.6727454 0.7341743 -0.09167414 -0.6727437 0.7900125 -0.09166371 -0.6061998 0.7900137 -0.09167194 -0.6061969 0.8398396 -0.09167349 -0.5350379 0.8398395 -0.09168207 -0.5350366 0.8832743 -0.09167355 -0.4598071 0.8832758 -0.09167009 -0.4598047 0.9199889 -0.09167355 -0.3810726 0.9199898 -0.09167551 -0.3810703 0.9497011 -0.09166365 -0.2994421 0.9497014 -0.09167879 -0.2994367 0.9721859 -0.09166371 -0.2155286 0.9721844 -0.09168034 -0.2155278 0.9872709 -0.09166365 -0.1299775 0.9872695 -0.09168177 -0.1299749 0.9948404 -0.09168368 -0.04343581 0.9948409 -0.09167885 -0.04343557 0.9948414 -0.09167367 0.04343581 0.9948402 -0.09168601 0.04343557 0.9872701 -0.09167367 0.1299767 0.9872707 -0.09166741 0.1299755 0.9721859 -0.09166371 0.2155284 0.9721845 -0.09167897 0.2155278 0.949701 -0.09167367 0.2994393 0.9497017 -0.09167236 0.2994377 0.9199897 -0.09167373 0.3810706 0.9199894 -0.09167772 0.3810705 0.8832753 -0.09167367 0.4598051 0.8832761 -0.09166574 0.4598053 0.8398416 -0.09167385 0.5350349 0.8398388 -0.09167563 0.5350388 0.790013 -0.09166365 0.6061992 0.790014 -0.09166914 0.6061969 0.7341735 -0.09166359 0.672746 0.7341747 -0.09167325 0.6727433 0.6727437 -0.09166848 0.7341749 0.6727479 -0.09166949 0.734171 0.6061966 -0.09167349 0.7900137 0.6062003 -0.09166777 0.7900115 0.5350344 -0.09167337 0.8398419 0.5350375 -0.09167033 0.8398402 0.4598058 -0.09166848 0.8832755 0.4598042 -0.09167313 0.8832758 0.3810722 -0.09166872 0.9199897 0.3810717 -0.09167307 0.9199894 0.2994388 -0.09167349 0.9497013 0.2994377 -0.09167557 0.9497013 0.2155287 -0.09167528 0.9721847 0.2155279 -0.09167402 0.972185 0.1299783 -0.09167379 0.9872698 0.1299768 -0.09167605 0.9872698 0.04343169 -0.09167557 0.9948414 0.04343676 -0.0916745 0.9948412 -0.04343426 -0.09167361 0.9948415 -0.04294162 -0.1753199 0.9835746 -0.1285053 -0.1753187 0.9760891 -0.1285038 -0.1753216 0.9760887 -0.2130872 -0.1753216 0.9611745 -0.2130866 -0.1753232 0.9611742 -0.2960492 -0.1753228 0.9389446 -0.2960504 -0.1753203 0.9389446 -0.3767556 -0.1753183 0.9095707 -0.3767549 -0.1753205 0.9095705 -0.4545975 -0.1753169 0.8732727 -0.454596 -0.1753256 0.8732717 -0.5289791 -0.1753292 0.8303257 -0.5289779 -0.1753203 0.8303285 -0.5993347 -0.1753194 0.7810642 -0.5993309 -0.1753185 0.7810673 -0.665125 -0.1753237 0.7258584 -0.6651251 -0.1753225 0.7258586 -0.7258589 -0.1753286 0.6651231 -0.725854 -0.1753274 0.6651288 -0.7810698 -0.1753149 0.5993286 -0.7810624 -0.1753313 0.5993335 -0.8303308 -0.1753144 0.5289761 -0.8303267 -0.175323 0.5289795 -0.8732721 -0.1753242 0.4545956 -0.8732711 -0.1753242 0.4545978 -0.9095696 -0.175324 0.3767556 -0.909571 -0.1753126 0.3767573 -0.9389462 -0.175314 0.2960492 -0.938946 -0.1753168 0.2960481 -0.9611741 -0.1753239 0.2130869 -0.9611726 -0.1753296 0.2130884 -0.9760882 -0.1753238 0.1285042 -0.9760889 -0.1753202 0.1285048 -0.9835739 -0.1753239 0.04294323 -0.9835736 -0.1753251 0.04294347 -0.9835739 -0.1753239 -0.04294341 -0.9835745 -0.1753203 -0.04294353 -0.97609 -0.1753141 -0.1285045 -0.9760887 -0.1753205 -0.1285052 -0.9611757 -0.1753141 -0.2130873 -0.9611722 -0.1753334 -0.2130875 -0.9389468 -0.1753142 -0.2960471 -0.9389454 -0.1753178 -0.2960492 -0.9095696 -0.175324 -0.3767556 -0.9095705 -0.1753159 -0.3767572 -0.8732715 -0.1753238 -0.4545972 -0.8732714 -0.1753267 -0.4545964 -0.8303308 -0.1753144 -0.5289761 -0.8303263 -0.175328 -0.5289786 -0.7810642 -0.175334 -0.5993303 -0.781066 -0.1753175 -0.5993328 -0.7258571 -0.175329 -0.665125 -0.7258549 -0.1753267 -0.665128 -0.6651243 -0.1753239 -0.7258589 -0.665126 -0.1753215 -0.725858 -0.5993347 -0.1753194 -0.7810642 -0.5993298 -0.175322 -0.7810673 -0.5289795 -0.1753244 -0.8303265 -0.528976 -0.1753266 -0.8303283 -0.4545951 -0.175321 -0.873273 -0.4545966 -0.1753216 -0.8732721 -0.376755 -0.1753162 -0.9095714 -0.3767546 -0.1753209 -0.9095706 -0.2960495 -0.1753191 -0.9389452 -0.2960503 -0.1753235 -0.9389441 -0.2130872 -0.1753228 -0.9611743 -0.213086 -0.1753213 -0.9611748 -0.1285027 -0.1753217 -0.9760889 -0.1285063 -0.1753185 -0.976089 -0.04294371 -0.1753209 -0.9835743 -0.04294133 -0.1753178 -0.9835751 0.04294329 -0.1753184 -0.9835748 0.04294162 -0.1753199 -0.9835746 0.1285053 -0.1753187 -0.9760891 0.1285038 -0.1753216 -0.9760887 0.2130872 -0.1753216 -0.9611745 0.2130866 -0.1753232 -0.9611742 0.2960492 -0.1753228 -0.9389446 0.2960504 -0.1753203 -0.9389446 0.3767556 -0.1753183 -0.9095707 0.3767549 -0.1753205 -0.9095705 0.4545975 -0.1753169 -0.8732727 0.454596 -0.1753256 -0.8732717 0.5289791 -0.1753292 -0.8303257 0.5289779 -0.1753203 -0.8303285 0.5993347 -0.1753194 -0.7810642 0.5993309 -0.1753185 -0.7810673 0.665125 -0.1753237 -0.7258584 0.6651251 -0.1753225 -0.7258586 0.7258589 -0.1753286 -0.6651231 0.725854 -0.1753274 -0.6651288 0.7810698 -0.1753149 -0.5993286 0.7810624 -0.1753313 -0.5993335 0.8303308 -0.1753144 -0.5289761 0.8303267 -0.175323 -0.5289795 0.8732721 -0.1753242 -0.4545956 0.8732711 -0.1753242 -0.4545978 0.9095696 -0.175324 -0.3767556 0.909571 -0.1753126 -0.3767573 0.9389462 -0.175314 -0.2960492 0.938946 -0.1753168 -0.2960481 0.9611741 -0.1753239 -0.2130869 0.9611726 -0.1753296 -0.2130884 0.9760882 -0.1753238 -0.1285042 0.9760889 -0.1753202 -0.1285048 0.9835739 -0.1753239 -0.04294323 0.9835736 -0.1753251 -0.04294347 0.9835739 -0.1753239 0.04294341 0.9835745 -0.1753203 0.04294353 0.97609 -0.1753141 0.1285045 0.9760887 -0.1753205 0.1285052 0.9611757 -0.1753141 0.2130873 0.9611722 -0.1753334 0.2130875 0.9389468 -0.1753142 0.2960471 0.9389454 -0.1753178 0.2960492 0.9095696 -0.175324 0.3767556 0.9095705 -0.1753159 0.3767572 0.8732715 -0.1753238 0.4545972 0.8732714 -0.1753267 0.4545964 0.8303308 -0.1753144 0.5289761 0.8303263 -0.175328 0.5289786 0.7810642 -0.175334 0.5993303 0.781066 -0.1753175 0.5993328 0.7258571 -0.175329 0.665125 0.7258549 -0.1753267 0.665128 0.6651243 -0.1753239 0.7258589 0.665126 -0.1753215 0.725858 0.5993347 -0.1753194 0.7810642 0.5993298 -0.175322 0.7810673 0.5289795 -0.1753244 0.8303265 0.528976 -0.1753266 0.8303283 0.4545951 -0.175321 0.873273 0.4545966 -0.1753216 0.8732721 0.376755 -0.1753162 0.9095714 0.3767546 -0.1753209 0.9095706 0.2960495 -0.1753191 0.9389452 0.2960503 -0.1753235 0.9389441 0.2130872 -0.1753228 0.9611743 0.213086 -0.1753213 0.9611748 0.1285027 -0.1753217 0.9760889 0.1285063 -0.1753185 0.976089 0.04294371 -0.1753209 0.9835743 0.04294133 -0.1753178 0.9835751 -0.04294329 -0.1753184 0.9835748 -0.04214513 -0.2577254 0.9652987 -0.1261189 -0.2577271 0.9579514 -0.1261153 -0.2577236 0.9579528 -0.2091284 -0.2577257 0.9433148 -0.2091283 -0.2577236 0.9433155 -0.2905459 -0.257724 0.9214996 -0.2905471 -0.2577265 0.9214984 -0.369755 -0.257726 0.8926694 -0.3697561 -0.2577308 0.8926676 -0.4461507 -0.2577316 0.8570439 -0.4461496 -0.2577272 0.8570458 -0.5191512 -0.2577275 0.8148979 -0.519147 -0.2577251 0.8149014 -0.588196 -0.2577245 0.7665532 -0.5881949 -0.2577329 0.7665511 -0.6527675 -0.2577246 0.7123711 -0.6527665 -0.2577339 0.7123687 -0.7123705 -0.257734 0.6527646 -0.7123685 -0.2577258 0.65277 -0.7665542 -0.2577245 0.5881946 -0.7665514 -0.2577264 0.5881972 -0.8148987 -0.2577341 0.5191468 -0.8148962 -0.2577342 0.5191504 -0.857048 -0.2577246 0.4461466 -0.8570448 -0.2577289 0.4461503 -0.8926676 -0.2577338 0.3697537 -0.8926703 -0.2577211 0.3697563 -0.9214996 -0.2577241 0.2905461 -0.9214965 -0.2577312 0.2905492 -0.9433154 -0.2577242 0.2091278 -0.9433149 -0.2577247 0.2091294 -0.9579501 -0.2577335 0.1261153 -0.9579508 -0.2577305 0.1261165 -0.965299 -0.2577242 0.04214566 -0.965299 -0.2577244 0.04214572 -0.965294 -0.2577429 -0.0421459 -0.965303 -0.257709 -0.04214596 -0.9579476 -0.2577429 -0.1261156 -0.9579525 -0.2577241 -0.1261167 -0.9433127 -0.2577335 -0.2091284 -0.9433169 -0.2577173 -0.2091289 -0.9214994 -0.2577243 -0.2905462 -0.9214954 -0.2577368 -0.2905477 -0.8926699 -0.2577245 -0.3697547 -0.8926683 -0.2577293 -0.3697555 -0.857047 -0.2577245 -0.4461489 -0.8570462 -0.257723 -0.446151 -0.8148991 -0.2577338 -0.5191462 -0.8148967 -0.257731 -0.5191515 -0.7665566 -0.2577149 -0.5881955 -0.766551 -0.2577323 -0.5881953 -0.7123705 -0.257734 -0.6527646 -0.7123696 -0.2577238 -0.6527696 -0.6527673 -0.2577335 -0.7123681 -0.6527674 -0.2577249 -0.7123711 -0.5881968 -0.2577288 -0.766551 -0.5881947 -0.2577299 -0.7665523 -0.5191515 -0.2577251 -0.8148984 -0.519147 -0.2577258 -0.8149011 -0.44615 -0.2577294 -0.8570449 -0.4461489 -0.2577295 -0.8570453 -0.369753 -0.2577283 -0.8926695 -0.3697566 -0.2577288 -0.8926679 -0.2905481 -0.2577286 -0.9214977 -0.2905457 -0.2577226 -0.9215 -0.2091285 -0.2577251 -0.943315 -0.2091291 -0.2577257 -0.9433146 -0.1261177 -0.2577242 -0.9579524 -0.126116 -0.2577256 -0.9579521 -0.04214608 -0.2577245 -0.9652989 -0.04214495 -0.2577294 -0.9652976 0.04214602 -0.2577292 -0.9652976 0.04214513 -0.2577254 -0.9652987 0.1261189 -0.2577271 -0.9579514 0.1261153 -0.2577236 -0.9579528 0.2091284 -0.2577257 -0.9433148 0.2091283 -0.2577236 -0.9433155 0.2905459 -0.257724 -0.9214996 0.2905471 -0.2577265 -0.9214984 0.369755 -0.257726 -0.8926694 0.3697561 -0.2577308 -0.8926676 0.4461507 -0.2577316 -0.8570439 0.4461496 -0.2577272 -0.8570458 0.5191512 -0.2577275 -0.8148979 0.519147 -0.2577251 -0.8149014 0.588196 -0.2577245 -0.7665532 0.5881949 -0.2577329 -0.7665511 0.6527675 -0.2577246 -0.7123711 0.6527665 -0.2577339 -0.7123687 0.7123705 -0.257734 -0.6527646 0.7123685 -0.2577258 -0.65277 0.7665542 -0.2577245 -0.5881946 0.7665514 -0.2577264 -0.5881972 0.8148987 -0.2577341 -0.5191468 0.8148962 -0.2577342 -0.5191504 0.857048 -0.2577246 -0.4461466 0.8570448 -0.2577289 -0.4461503 0.8926676 -0.2577338 -0.3697537 0.8926703 -0.2577211 -0.3697563 0.9214996 -0.2577241 -0.2905461 0.9214965 -0.2577312 -0.2905492 0.9433154 -0.2577242 -0.2091278 0.9433149 -0.2577247 -0.2091294 0.9579501 -0.2577335 -0.1261153 0.9579508 -0.2577305 -0.1261165 0.965299 -0.2577242 -0.04214566 0.965299 -0.2577244 -0.04214572 0.965294 -0.2577429 0.0421459 0.965303 -0.257709 0.04214596 0.9579476 -0.2577429 0.1261156 0.9579525 -0.2577241 0.1261167 0.9433127 -0.2577335 0.2091284 0.9433169 -0.2577173 0.2091289 0.9214994 -0.2577243 0.2905462 0.9214954 -0.2577368 0.2905477 0.8926699 -0.2577245 0.3697547 0.8926683 -0.2577293 0.3697555 0.857047 -0.2577245 0.4461489 0.8570462 -0.257723 0.446151 0.8148991 -0.2577338 0.5191462 0.8148967 -0.257731 0.5191515 0.7665566 -0.2577149 0.5881955 0.766551 -0.2577323 0.5881953 0.7123705 -0.257734 0.6527646 0.7123696 -0.2577238 0.6527696 0.6527673 -0.2577335 0.7123681 0.6527674 -0.2577249 0.7123711 0.5881968 -0.2577288 0.766551 0.5881947 -0.2577299 0.7665523 0.5191515 -0.2577251 0.8148984 0.519147 -0.2577258 0.8149011 0.44615 -0.2577294 0.8570449 0.4461489 -0.2577295 0.8570453 0.369753 -0.2577283 0.8926695 0.3697566 -0.2577288 0.8926679 0.2905481 -0.2577286 0.9214977 0.2905457 -0.2577226 0.9215 0.2091285 -0.2577251 0.943315 0.2091291 -0.2577257 0.9433146 0.1261177 -0.2577242 0.9579524 0.126116 -0.2577256 0.9579521 0.04214608 -0.2577245 0.9652989 0.04214495 -0.2577294 0.9652976 -0.04214602 -0.2577292 0.9652976 -0.0410481 -0.3383063 0.9401404 -0.1228292 -0.3383061 0.9329855 -0.1228309 -0.3383026 0.9329866 -0.2036741 -0.3383014 0.9187323 -0.2036798 -0.3383088 0.9187283 -0.2829761 -0.3383067 0.8974816 -0.2829748 -0.3383061 0.8974822 -0.3601189 -0.3383042 0.8694048 -0.3601197 -0.338306 0.8694038 -0.434522 -0.3383011 0.8347114 -0.4345239 -0.3383017 0.8347101 -0.505617 -0.3382994 0.7936656 -0.5056198 -0.3383071 0.7936606 -0.5728662 -0.3383039 0.7465754 -0.5728698 -0.3383031 0.746573 -0.6357561 -0.338296 0.6938084 -0.6357564 -0.3383033 0.6938046 -0.6938061 -0.3382999 0.6357566 -0.6938085 -0.3382952 0.6357564 -0.7465704 -0.3383083 0.5728702 -0.7465767 -0.3383029 0.5728653 -0.7936586 -0.3383085 0.5056219 -0.7936672 -0.3382921 0.5056195 -0.8347079 -0.3383089 0.4345225 -0.8347107 -0.3383026 0.434522 -0.8694025 -0.338309 0.3601199 -0.8694021 -0.3383123 0.3601177 -0.8974776 -0.3383181 0.2829752 -0.8974849 -0.3382978 0.2829762 -0.9187257 -0.3383181 0.2036763 -0.9187333 -0.3382966 0.2036774 -0.9329875 -0.3383005 0.1228305 -0.9329868 -0.3383024 0.1228294 -0.9401394 -0.3383092 0.04104703 -0.9401399 -0.3383077 0.04104799 -0.9401394 -0.3383092 -0.04104751 -0.9401412 -0.3383042 -0.04104775 -0.9329875 -0.3383005 -0.1228305 -0.9329873 -0.3383011 -0.1228295 -0.9187289 -0.3383092 -0.2036769 -0.9187291 -0.3383086 -0.2036766 -0.8974777 -0.3383179 -0.282975 -0.8974862 -0.3382944 -0.2829761 -0.8694063 -0.3383005 -0.360119 -0.8694016 -0.3383131 -0.3601182 -0.8347079 -0.3383089 -0.4345225 -0.8347122 -0.3382973 -0.4345234 -0.7936643 -0.3382905 -0.5056248 -0.7936629 -0.3383046 -0.5056178 -0.7465756 -0.3383001 -0.5728682 -0.7465728 -0.338307 -0.5728677 -0.6938061 -0.3382999 -0.6357566 -0.6938084 -0.3382955 -0.6357563 -0.635755 -0.3383004 -0.6938072 -0.6357578 -0.3383012 -0.6938042 -0.5728654 -0.3383042 -0.746576 -0.5728699 -0.3383055 -0.7465718 -0.5056161 -0.3383038 -0.7936643 -0.5056205 -0.3383047 -0.7936611 -0.4345228 -0.3383027 -0.8347103 -0.434524 -0.3383005 -0.8347105 -0.3601194 -0.3383058 -0.8694039 -0.3601207 -0.3383047 -0.8694038 -0.2829766 -0.3383077 -0.897481 -0.2829753 -0.3383064 -0.8974819 -0.2036762 -0.3383054 -0.9187304 -0.2036773 -0.3383037 -0.9187307 -0.1228318 -0.3383033 -0.9329863 -0.1228283 -0.3383053 -0.9329859 -0.04104787 -0.3383065 -0.9401404 -0.04104828 -0.3383033 -0.9401415 0.04104793 -0.3383027 -0.9401417 0.0410481 -0.3383063 -0.9401404 0.1228292 -0.3383061 -0.9329855 0.1228309 -0.3383026 -0.9329866 0.2036741 -0.3383014 -0.9187323 0.2036798 -0.3383088 -0.9187283 0.2829761 -0.3383067 -0.8974816 0.2829748 -0.3383061 -0.8974822 0.3601189 -0.3383042 -0.8694048 0.3601197 -0.338306 -0.8694038 0.434522 -0.3383011 -0.8347114 0.4345239 -0.3383017 -0.8347101 0.505617 -0.3382994 -0.7936656 0.5056198 -0.3383071 -0.7936606 0.5728662 -0.3383039 -0.7465754 0.5728698 -0.3383031 -0.746573 0.6357561 -0.338296 -0.6938084 0.6357564 -0.3383033 -0.6938046 0.6938061 -0.3382999 -0.6357566 0.6938085 -0.3382952 -0.6357564 0.7465704 -0.3383083 -0.5728702 0.7465767 -0.3383029 -0.5728653 0.7936586 -0.3383085 -0.5056219 0.7936672 -0.3382921 -0.5056195 0.8347079 -0.3383089 -0.4345225 0.8347107 -0.3383026 -0.434522 0.8694025 -0.338309 -0.3601199 0.8694021 -0.3383123 -0.3601177 0.8974776 -0.3383181 -0.2829752 0.8974849 -0.3382978 -0.2829762 0.9187257 -0.3383181 -0.2036763 0.9187333 -0.3382966 -0.2036774 0.9329875 -0.3383005 -0.1228305 0.9329868 -0.3383024 -0.1228294 0.9401394 -0.3383092 -0.04104703 0.9401399 -0.3383077 -0.04104799 0.9401394 -0.3383092 0.04104751 0.9401412 -0.3383042 0.04104775 0.9329875 -0.3383005 0.1228305 0.9329873 -0.3383011 0.1228295 0.9187289 -0.3383092 0.2036769 0.9187291 -0.3383086 0.2036766 0.8974777 -0.3383179 0.282975 0.8974862 -0.3382944 0.2829761 0.8694063 -0.3383005 0.360119 0.8694016 -0.3383131 0.3601182 0.8347079 -0.3383089 0.4345225 0.8347122 -0.3382973 0.4345234 0.7936643 -0.3382905 0.5056248 0.7936629 -0.3383046 0.5056178 0.7465756 -0.3383001 0.5728682 0.7465728 -0.338307 0.5728677 0.6938061 -0.3382999 0.6357566 0.6938084 -0.3382955 0.6357563 0.635755 -0.3383004 0.6938072 0.6357578 -0.3383012 0.6938042 0.5728654 -0.3383042 0.746576 0.5728699 -0.3383055 0.7465718 0.5056161 -0.3383038 0.7936643 0.5056205 -0.3383047 0.7936611 0.4345228 -0.3383027 0.8347103 0.434524 -0.3383005 0.8347105 0.3601194 -0.3383058 0.8694039 0.3601207 -0.3383047 0.8694038 0.2829766 -0.3383077 0.897481 0.2829753 -0.3383064 0.8974819 0.2036762 -0.3383054 0.9187304 0.2036773 -0.3383037 0.9187307 0.1228318 -0.3383033 0.9329863 0.1228283 -0.3383053 0.9329859 0.04104787 -0.3383065 0.9401404 0.04104828 -0.3383033 0.9401415 -0.04104793 -0.3383027 0.9401417 -0.03965669 -0.4164741 0.9082823 -0.1186697 -0.4164821 0.9013658 -0.1186665 -0.4164731 0.9013703 -0.196777 -0.4164778 0.8875951 -0.1967747 -0.4164719 0.8875984 -0.273388 -0.4164741 0.867069 -0.2733818 -0.4164711 0.8670724 -0.347918 -0.4164757 0.8399412 -0.3479146 -0.4164705 0.8399451 -0.419801 -0.416476 0.8064212 -0.4197939 -0.4164752 0.8064251 -0.4884863 -0.4164783 0.766764 -0.4884819 -0.4164734 0.7667695 -0.5534523 -0.4164804 0.721273 -0.5534549 -0.4164694 0.7212773 -0.6142106 -0.4164767 0.6702928 -0.6142074 -0.4164765 0.6702959 -0.6702955 -0.4164777 0.614207 -0.6702918 -0.4164721 0.6142148 -0.7212769 -0.4164735 0.5534525 -0.7212737 -0.4164789 0.5534526 -0.76677 -0.4164739 0.4884808 -0.766762 -0.4164855 0.4884833 -0.8064219 -0.4164808 0.4197946 -0.8064283 -0.416463 0.4197998 -0.8399479 -0.4164645 0.3479152 -0.8399398 -0.4164788 0.3479175 -0.8670673 -0.4164805 0.2733832 -0.86707 -0.4164717 0.273388 -0.8875982 -0.4164726 0.1967743 -0.8876 -0.416467 0.1967781 -0.9013708 -0.4164723 0.1186657 -0.9013686 -0.4164764 0.1186689 -0.9082794 -0.4164806 0.03965616 -0.9082844 -0.4164694 0.0396564 -0.9082794 -0.4164806 -0.03965628 -0.9082839 -0.4164707 -0.03965634 -0.9013669 -0.4164806 -0.1186659 -0.9013707 -0.4164716 -0.1186691 -0.8875944 -0.4164806 -0.1967746 -0.8876038 -0.4164587 -0.1967784 -0.8670665 -0.4164804 -0.2733857 -0.8670721 -0.4164677 -0.2733872 -0.8399443 -0.4164729 -0.347914 -0.8399452 -0.4164674 -0.3479182 -0.8064302 -0.4164653 -0.419794 -0.8064216 -0.416477 -0.4197988 -0.7667673 -0.4164817 -0.4884783 -0.7667657 -0.4164766 -0.4884852 -0.7212769 -0.4164735 -0.5534525 -0.7212733 -0.4164764 -0.5534548 -0.6702928 -0.4164802 -0.6142084 -0.6702932 -0.4164725 -0.6142132 -0.6142119 -0.4164785 -0.6702906 -0.6142075 -0.4164745 -0.6702972 -0.5534554 -0.4164778 -0.7212721 -0.5534536 -0.4164703 -0.7212778 -0.4884892 -0.4164758 -0.7667635 -0.488481 -0.4164751 -0.7667692 -0.4197974 -0.4164786 -0.8064216 -0.419797 -0.416473 -0.8064247 -0.3479166 -0.4164739 -0.8399427 -0.3479143 -0.4164714 -0.8399448 -0.2733852 -0.4164774 -0.8670681 -0.2733838 -0.4164662 -0.867074 -0.1967774 -0.4164735 -0.887597 -0.1967746 -0.416477 -0.8875961 -0.1186709 -0.4164823 -0.9013655 -0.1186652 -0.416472 -0.9013711 -0.03965693 -0.4164774 -0.9082809 -0.03965526 -0.4164737 -0.9082825 0.03965568 -0.4164785 -0.9082803 0.03965669 -0.4164741 -0.9082823 0.1186697 -0.4164821 -0.9013658 0.1186665 -0.4164731 -0.9013703 0.196777 -0.4164778 -0.8875951 0.1967747 -0.4164719 -0.8875984 0.273388 -0.4164741 -0.867069 0.2733818 -0.4164711 -0.8670724 0.347918 -0.4164757 -0.8399412 0.3479146 -0.4164705 -0.8399451 0.419801 -0.416476 -0.8064212 0.4197939 -0.4164752 -0.8064251 0.4884863 -0.4164783 -0.766764 0.4884819 -0.4164734 -0.7667695 0.5534523 -0.4164804 -0.721273 0.5534549 -0.4164694 -0.7212773 0.6142106 -0.4164767 -0.6702928 0.6142074 -0.4164765 -0.6702959 0.6702955 -0.4164777 -0.614207 0.6702918 -0.4164721 -0.6142148 0.7212769 -0.4164735 -0.5534525 0.7212737 -0.4164789 -0.5534526 0.76677 -0.4164739 -0.4884808 0.766762 -0.4164855 -0.4884833 0.8064219 -0.4164808 -0.4197946 0.8064283 -0.416463 -0.4197998 0.8399479 -0.4164645 -0.3479152 0.8399398 -0.4164788 -0.3479175 0.8670673 -0.4164805 -0.2733832 0.86707 -0.4164717 -0.273388 0.8875982 -0.4164726 -0.1967743 0.8876 -0.416467 -0.1967781 0.9013708 -0.4164723 -0.1186657 0.9013686 -0.4164764 -0.1186689 0.9082794 -0.4164806 -0.03965616 0.9082844 -0.4164694 -0.0396564 0.9082794 -0.4164806 0.03965628 0.9082839 -0.4164707 0.03965634 0.9013669 -0.4164806 0.1186659 0.9013707 -0.4164716 0.1186691 0.8875944 -0.4164806 0.1967746 0.8876038 -0.4164587 0.1967784 0.8670665 -0.4164804 0.2733857 0.8670721 -0.4164677 0.2733872 0.8399443 -0.4164729 0.347914 0.8399452 -0.4164674 0.3479182 0.8064302 -0.4164653 0.419794 0.8064216 -0.416477 0.4197988 0.7667673 -0.4164817 0.4884783 0.7667657 -0.4164766 0.4884852 0.7212769 -0.4164735 0.5534525 0.7212733 -0.4164764 0.5534548 0.6702928 -0.4164802 0.6142084 0.6702932 -0.4164725 0.6142132 0.6142119 -0.4164785 0.6702906 0.6142075 -0.4164745 0.6702972 0.5534554 -0.4164778 0.7212721 0.5534536 -0.4164703 0.7212778 0.4884892 -0.4164758 0.7667635 0.488481 -0.4164751 0.7667692 0.4197974 -0.4164786 0.8064216 0.419797 -0.416473 0.8064247 0.3479166 -0.4164739 0.8399427 0.3479143 -0.4164714 0.8399448 0.2733852 -0.4164774 0.8670681 0.2733838 -0.4164662 0.867074 0.1967774 -0.4164735 0.887597 0.1967746 -0.416477 0.8875961 0.1186709 -0.4164823 0.9013655 0.1186652 -0.416472 0.9013711 0.03965693 -0.4164774 0.9082809 0.03965526 -0.4164737 0.9082825 -0.03965568 -0.4164785 0.9082803 -0.03798246 -0.4916838 0.8699451 -0.1136581 -0.4916849 0.8633238 -0.1136577 -0.4916834 0.8633246 -0.1884699 -0.4916853 0.8501322 -0.1884692 -0.4916889 0.8501302 -0.2618458 -0.4916892 0.8304689 -0.261847 -0.4916866 0.8304701 -0.3332319 -0.4916886 0.8044868 -0.3332311 -0.4916834 0.8044901 -0.402079 -0.4916914 0.7723808 -0.4020763 -0.4916852 0.7723861 -0.467866 -0.4916889 0.7344002 -0.4678651 -0.4916818 0.7344055 -0.5300922 -0.4916867 0.6908304 -0.5300934 -0.4916861 0.6908298 -0.5882861 -0.4916881 0.6419987 -0.5882878 -0.4916819 0.6420019 -0.6420002 -0.4916874 0.5882852 -0.6420021 -0.491684 0.5882858 -0.690833 -0.4916796 0.5300952 -0.6908284 -0.4916887 0.5300928 -0.7344008 -0.4916859 0.467868 -0.7344031 -0.4916831 0.4678674 -0.7723845 -0.4916869 0.4020774 -0.7723832 -0.4916867 0.4020799 -0.8044922 -0.4916796 0.3332321 -0.8044865 -0.4916903 0.3332298 -0.8304697 -0.4916867 0.2618477 -0.8304729 -0.4916828 0.261845 -0.8501273 -0.4916943 0.1884683 -0.8501278 -0.4916931 0.1884692 -0.8633224 -0.4916869 0.1136592 -0.863326 -0.4916809 0.1136589 -0.869939 -0.4916945 0.0379827 -0.869951 -0.4916733 0.03798341 -0.8699392 -0.4916945 -0.0379827 -0.8699509 -0.4916734 -0.03798282 -0.8633225 -0.491687 -0.1136592 -0.8633245 -0.4916835 -0.1136587 -0.8501232 -0.4917018 -0.1884675 -0.8501314 -0.4916867 -0.18847 -0.8304663 -0.4916946 -0.2618442 -0.8304786 -0.4916714 -0.2618485 -0.8044922 -0.4916796 -0.3332321 -0.8044872 -0.4916895 -0.3332296 -0.7723847 -0.4916867 -0.4020772 -0.7723839 -0.4916859 -0.4020799 -0.7344005 -0.4916862 -0.4678682 -0.7344055 -0.4916803 -0.4678667 -0.6908337 -0.4916792 -0.5300947 -0.6908289 -0.4916899 -0.5300911 -0.6420059 -0.4916809 -0.5882843 -0.6419973 -0.49169 -0.588286 -0.5882883 -0.491684 -0.6419998 -0.5882868 -0.4916827 -0.6420022 -0.5300922 -0.4916867 -0.6908304 -0.5300949 -0.4916838 -0.6908303 -0.4678674 -0.4916856 -0.7344014 -0.4678652 -0.4916851 -0.7344032 -0.402079 -0.4916914 -0.7723808 -0.4020776 -0.4916861 -0.7723849 -0.3332341 -0.4916881 -0.8044862 -0.3332293 -0.4916839 -0.8044908 -0.2618488 -0.4916885 -0.8304684 -0.2618443 -0.4916886 -0.8304697 -0.1884712 -0.4916918 -0.8501281 -0.1884689 -0.4916844 -0.850133 -0.1136579 -0.4916868 -0.8633226 -0.1136581 -0.4916827 -0.8633249 -0.03798317 -0.4916878 -0.8699427 -0.0379824 -0.491685 -0.8699444 0.03798311 -0.4916892 -0.869942 0.03798246 -0.4916838 -0.8699451 0.1136581 -0.4916849 -0.8633238 0.1136577 -0.4916834 -0.8633246 0.1884699 -0.4916853 -0.8501322 0.1884692 -0.4916889 -0.8501302 0.2618458 -0.4916892 -0.8304689 0.261847 -0.4916866 -0.8304701 0.3332319 -0.4916886 -0.8044868 0.3332311 -0.4916834 -0.8044901 0.402079 -0.4916914 -0.7723808 0.4020763 -0.4916852 -0.7723861 0.467866 -0.4916889 -0.7344002 0.4678651 -0.4916818 -0.7344055 0.5300922 -0.4916867 -0.6908304 0.5300934 -0.4916861 -0.6908298 0.5882861 -0.4916881 -0.6419987 0.5882878 -0.4916819 -0.6420019 0.6420002 -0.4916874 -0.5882852 0.6420021 -0.491684 -0.5882858 0.690833 -0.4916796 -0.5300952 0.6908284 -0.4916887 -0.5300928 0.7344008 -0.4916859 -0.467868 0.7344031 -0.4916831 -0.4678674 0.7723845 -0.4916869 -0.4020774 0.7723832 -0.4916867 -0.4020799 0.8044922 -0.4916796 -0.3332321 0.8044865 -0.4916903 -0.3332298 0.8304697 -0.4916867 -0.2618477 0.8304729 -0.4916828 -0.261845 0.8501273 -0.4916943 -0.1884683 0.8501278 -0.4916931 -0.1884692 0.8633224 -0.4916869 -0.1136592 0.863326 -0.4916809 -0.1136589 0.869939 -0.4916945 -0.0379827 0.869951 -0.4916733 -0.03798341 0.8699392 -0.4916945 0.0379827 0.8699509 -0.4916734 0.03798282 0.8633225 -0.491687 0.1136592 0.8633245 -0.4916835 0.1136587 0.8501232 -0.4917018 0.1884675 0.8501314 -0.4916867 0.18847 0.8304663 -0.4916946 0.2618442 0.8304786 -0.4916714 0.2618485 0.8044922 -0.4916796 0.3332321 0.8044872 -0.4916895 0.3332296 0.7723847 -0.4916867 0.4020772 0.7723839 -0.4916859 0.4020799 0.7344005 -0.4916862 0.4678682 0.7344055 -0.4916803 0.4678667 0.6908337 -0.4916792 0.5300947 0.6908289 -0.4916899 0.5300911 0.6420059 -0.4916809 0.5882843 0.6419973 -0.49169 0.588286 0.5882883 -0.491684 0.6419998 0.5882868 -0.4916827 0.6420022 0.5300922 -0.4916867 0.6908304 0.5300949 -0.4916838 0.6908303 0.4678674 -0.4916856 0.7344014 0.4678652 -0.4916851 0.7344032 0.402079 -0.4916914 0.7723808 0.4020776 -0.4916861 0.7723849 0.3332341 -0.4916881 0.8044862 0.3332293 -0.4916839 0.8044908 0.2618488 -0.4916885 0.8304684 0.2618443 -0.4916886 0.8304697 0.1884712 -0.4916918 0.8501281 0.1884689 -0.4916844 0.850133 0.1136579 -0.4916868 0.8633226 0.1136581 -0.4916827 0.8633249 0.03798317 -0.4916878 0.8699427 0.0379824 -0.491685 0.8699444 -0.03798311 -0.4916892 0.869942 -0.03603756 -0.5634005 0.8253976 -0.1078372 -0.5634015 0.8191154 -0.1078398 -0.5634022 0.8191146 -0.1788176 -0.5633985 0.8066018 -0.1788179 -0.5634014 0.8065997 -0.2484393 -0.5634044 0.7879425 -0.2484357 -0.5633981 0.7879481 -0.3161668 -0.5634056 0.7632908 -0.3161641 -0.5634006 0.7632955 -0.3814895 -0.5634108 0.7328261 -0.3814858 -0.5633974 0.7328383 -0.4439077 -0.5634026 0.6967951 -0.4439058 -0.5634027 0.6967964 -0.5029508 -0.5634046 0.6554508 -0.5029457 -0.5634005 0.6554583 -0.5581601 -0.5634048 0.6091243 -0.5581578 -0.5634055 0.6091257 -0.6091255 -0.563406 0.5581576 -0.609123 -0.5634008 0.5581655 -0.6554528 -0.563405 0.5029479 -0.6554499 -0.5634089 0.5029474 -0.6967949 -0.5634053 0.4439047 -0.696797 -0.5633975 0.4439114 -0.7328331 -0.5634067 0.3814823 -0.7328255 -0.5634121 0.3814888 -0.7632909 -0.5634052 0.3161671 -0.763293 -0.563403 0.3161662 -0.7879385 -0.563412 0.2484352 -0.7879458 -0.5633995 0.2484403 -0.8065969 -0.5634053 0.178818 -0.8066031 -0.5633957 0.1788205 -0.8191174 -0.5633985 0.1078377 -0.819116 -0.5634003 0.1078385 -0.8253944 -0.5634053 0.03603702 -0.8253999 -0.5633971 0.03603845 -0.8253944 -0.5634052 -0.03603762 -0.8254022 -0.563394 -0.03603792 -0.8191218 -0.5633919 -0.1078383 -0.8191128 -0.563405 -0.107838 -0.8065971 -0.5634055 -0.1788168 -0.806604 -0.5633942 -0.1788213 -0.7879389 -0.5634124 -0.2484329 -0.787947 -0.5633973 -0.2484413 -0.763296 -0.5633988 -0.3161665 -0.7632892 -0.5634078 -0.3161667 -0.7328283 -0.5634129 -0.3814822 -0.7328318 -0.5634021 -0.3814914 -0.6967981 -0.5633991 -0.4439076 -0.6967931 -0.5634039 -0.4439094 -0.6554537 -0.5634068 -0.5029447 -0.6554504 -0.5634064 -0.5029493 -0.6091305 -0.5634009 -0.5581573 -0.6091202 -0.5634057 -0.5581636 -0.5581594 -0.5634102 -0.6091199 -0.5581588 -0.5634028 -0.6091274 -0.5029478 -0.5634062 -0.6554518 -0.5029476 -0.5634008 -0.6554565 -0.4439064 -0.563406 -0.6967933 -0.4439057 -0.5634002 -0.6967985 -0.3814897 -0.5634069 -0.732829 -0.3814848 -0.5633996 -0.7328372 -0.3161649 -0.5634036 -0.763293 -0.3161638 -0.5634005 -0.7632957 -0.248439 -0.5634056 -0.7879417 -0.2484355 -0.5633956 -0.7879501 -0.178819 -0.5634036 -0.806598 -0.1788175 -0.563399 -0.8066015 -0.1078405 -0.5634049 -0.8191125 -0.107837 -0.5634022 -0.8191148 -0.03603857 -0.5634065 -0.8253936 -0.03603738 -0.5633966 -0.8254002 0.03603827 -0.5634011 -0.8253972 0.03603756 -0.5634005 -0.8253976 0.1078372 -0.5634015 -0.8191154 0.1078398 -0.5634022 -0.8191146 0.1788176 -0.5633985 -0.8066018 0.1788179 -0.5634014 -0.8065997 0.2484393 -0.5634044 -0.7879425 0.2484357 -0.5633981 -0.7879481 0.3161668 -0.5634056 -0.7632908 0.3161641 -0.5634006 -0.7632955 0.3814895 -0.5634108 -0.7328261 0.3814858 -0.5633974 -0.7328383 0.4439077 -0.5634026 -0.6967951 0.4439058 -0.5634027 -0.6967964 0.5029508 -0.5634046 -0.6554508 0.5029457 -0.5634005 -0.6554583 0.5581601 -0.5634048 -0.6091243 0.5581578 -0.5634055 -0.6091257 0.6091255 -0.563406 -0.5581576 0.609123 -0.5634008 -0.5581655 0.6554528 -0.563405 -0.5029479 0.6554499 -0.5634089 -0.5029474 0.6967949 -0.5634053 -0.4439047 0.696797 -0.5633975 -0.4439114 0.7328331 -0.5634067 -0.3814823 0.7328255 -0.5634121 -0.3814888 0.7632909 -0.5634052 -0.3161671 0.763293 -0.563403 -0.3161662 0.7879385 -0.563412 -0.2484352 0.7879458 -0.5633995 -0.2484403 0.8065969 -0.5634053 -0.178818 0.8066031 -0.5633957 -0.1788205 0.8191174 -0.5633985 -0.1078377 0.819116 -0.5634003 -0.1078385 0.8253944 -0.5634053 -0.03603702 0.8253999 -0.5633971 -0.03603845 0.8253944 -0.5634052 0.03603762 0.8254022 -0.563394 0.03603792 0.8191218 -0.5633919 0.1078383 0.8191128 -0.563405 0.107838 0.8065971 -0.5634055 0.1788168 0.806604 -0.5633942 0.1788213 0.7879389 -0.5634124 0.2484329 0.787947 -0.5633973 0.2484413 0.763296 -0.5633988 0.3161665 0.7632892 -0.5634078 0.3161667 0.7328283 -0.5634129 0.3814822 0.7328318 -0.5634021 0.3814914 0.6967981 -0.5633991 0.4439076 0.6967931 -0.5634039 0.4439094 0.6554537 -0.5634068 0.5029447 0.6554504 -0.5634064 0.5029493 0.6091305 -0.5634009 0.5581573 0.6091202 -0.5634057 0.5581636 0.5581594 -0.5634102 0.6091199 0.5581588 -0.5634028 0.6091274 0.5029478 -0.5634062 0.6554518 0.5029476 -0.5634008 0.6554565 0.4439064 -0.563406 0.6967933 0.4439057 -0.5634002 0.6967985 0.3814897 -0.5634069 0.732829 0.3814848 -0.5633996 0.7328372 0.3161649 -0.5634036 0.763293 0.3161638 -0.5634005 0.7632957 0.248439 -0.5634056 0.7879417 0.2484355 -0.5633956 0.7879501 0.178819 -0.5634036 0.806598 0.1788175 -0.563399 0.8066015 0.1078405 -0.5634049 0.8191125 0.107837 -0.5634022 0.8191148 0.03603857 -0.5634065 0.8253936 0.03603738 -0.5633966 0.8254002 -0.03603827 -0.5634011 0.8253972 -0.03383624 -0.6311158 0.7749504 -0.1012473 -0.6311096 0.7690577 -0.1012492 -0.6311111 0.7690562 -0.167892 -0.6311115 0.7573049 -0.1678912 -0.6311151 0.757302 -0.2332547 -0.6311115 0.7397909 -0.2332558 -0.6311131 0.7397892 -0.2968432 -0.6311093 0.7166486 -0.2968466 -0.6311135 0.7166435 -0.3581765 -0.6311113 0.6880467 -0.3581748 -0.6311101 0.6880486 -0.4167786 -0.6311113 0.6542127 -0.4167803 -0.6311102 0.6542127 -0.4722141 -0.6311048 0.6154029 -0.4722113 -0.6311146 0.615395 -0.5240492 -0.6311102 0.5719025 -0.5240512 -0.6311116 0.5718991 -0.5719026 -0.6311032 0.5240575 -0.5718993 -0.6311171 0.5240443 -0.6153959 -0.631112 0.4722135 -0.6154019 -0.6311088 0.4722101 -0.6542193 -0.6311024 0.4167816 -0.6542105 -0.6311161 0.4167746 -0.6880497 -0.6311077 0.3581771 -0.688053 -0.6311044 0.3581765 -0.7166479 -0.6311073 0.2968493 -0.7166404 -0.63112 0.2968403 -0.7397883 -0.6311135 0.2332575 -0.7397957 -0.6311055 0.233256 -0.7573029 -0.6311138 0.1678921 -0.7573041 -0.6311132 0.1678885 -0.7690539 -0.631114 0.1012485 -0.7690562 -0.6311114 0.1012483 -0.7749567 -0.6311081 0.03383618 -0.7749496 -0.6311168 0.03383463 -0.7749567 -0.6311081 -0.03383558 -0.77495 -0.6311163 -0.03383523 -0.7690588 -0.631108 -0.1012494 -0.7690534 -0.6311147 -0.1012473 -0.7573032 -0.6311135 -0.167892 -0.7573059 -0.6311109 -0.1678891 -0.7397887 -0.6311135 -0.2332563 -0.7397978 -0.6311023 -0.2332574 -0.7166439 -0.6311136 -0.2968453 -0.7166463 -0.6311121 -0.2968428 -0.6880455 -0.6311135 -0.3581749 -0.6880554 -0.631101 -0.3581778 -0.6542133 -0.6311075 -0.4167834 -0.654216 -0.631111 -0.4167737 -0.615403 -0.6311006 -0.4722195 -0.6153967 -0.6311162 -0.4722068 -0.5719043 -0.6311002 -0.5240591 -0.5718996 -0.6311187 -0.5240422 -0.5240508 -0.6311073 -0.5719043 -0.5240505 -0.6311162 -0.5718946 -0.4722112 -0.6311106 -0.6153991 -0.4722145 -0.6311103 -0.6153968 -0.416777 -0.6311081 -0.6542168 -0.4167816 -0.6311122 -0.6542098 -0.3581742 -0.631107 -0.6880518 -0.3581765 -0.6311113 -0.6880466 -0.2968446 -0.631105 -0.7166519 -0.2968456 -0.6311184 -0.7166396 -0.2332556 -0.6311124 -0.7397899 -0.2332554 -0.6311138 -0.7397887 -0.1678906 -0.6311079 -0.7573081 -0.167892 -0.631117 -0.7573003 -0.1012467 -0.6311033 -0.7690629 -0.1012494 -0.6311147 -0.7690532 -0.03383594 -0.6311092 -0.7749556 -0.03383499 -0.631115 -0.774951 0.03383475 -0.6311094 -0.7749557 0.03383624 -0.6311158 -0.7749504 0.1012473 -0.6311096 -0.7690577 0.1012492 -0.6311111 -0.7690562 0.167892 -0.6311115 -0.7573049 0.1678912 -0.6311151 -0.757302 0.2332547 -0.6311115 -0.7397909 0.2332558 -0.6311131 -0.7397892 0.2968432 -0.6311093 -0.7166486 0.2968466 -0.6311135 -0.7166435 0.3581765 -0.6311113 -0.6880467 0.3581748 -0.6311101 -0.6880486 0.4167786 -0.6311113 -0.6542127 0.4167803 -0.6311102 -0.6542127 0.4722141 -0.6311048 -0.6154029 0.4722113 -0.6311146 -0.615395 0.5240492 -0.6311102 -0.5719025 0.5240512 -0.6311116 -0.5718991 0.5719026 -0.6311032 -0.5240575 0.5718993 -0.6311171 -0.5240443 0.6153959 -0.631112 -0.4722135 0.6154019 -0.6311088 -0.4722101 0.6542193 -0.6311024 -0.4167816 0.6542105 -0.6311161 -0.4167746 0.6880497 -0.6311077 -0.3581771 0.688053 -0.6311044 -0.3581765 0.7166479 -0.6311073 -0.2968493 0.7166404 -0.63112 -0.2968403 0.7397883 -0.6311135 -0.2332575 0.7397957 -0.6311055 -0.233256 0.7573029 -0.6311138 -0.1678921 0.7573041 -0.6311132 -0.1678885 0.7690539 -0.631114 -0.1012485 0.7690562 -0.6311114 -0.1012483 0.7749567 -0.6311081 -0.03383618 0.7749496 -0.6311168 -0.03383463 0.7749567 -0.6311081 0.03383558 0.77495 -0.6311163 0.03383523 0.7690588 -0.631108 0.1012494 0.7690534 -0.6311147 0.1012473 0.7573032 -0.6311135 0.167892 0.7573059 -0.6311109 0.1678891 0.7397887 -0.6311135 0.2332563 0.7397978 -0.6311023 0.2332574 0.7166439 -0.6311136 0.2968453 0.7166463 -0.6311121 0.2968428 0.6880455 -0.6311135 0.3581749 0.6880554 -0.631101 0.3581778 0.6542133 -0.6311075 0.4167834 0.654216 -0.631111 0.4167737 0.615403 -0.6311006 0.4722195 0.6153967 -0.6311162 0.4722068 0.5719043 -0.6311002 0.5240591 0.5718996 -0.6311187 0.5240422 0.5240508 -0.6311073 0.5719043 0.5240505 -0.6311162 0.5718946 0.4722112 -0.6311106 0.6153991 0.4722145 -0.6311103 0.6153968 0.416777 -0.6311081 0.6542168 0.4167816 -0.6311122 0.6542098 0.3581742 -0.631107 0.6880518 0.3581765 -0.6311113 0.6880466 0.2968446 -0.631105 0.7166519 0.2968456 -0.6311184 0.7166396 0.2332556 -0.6311124 0.7397899 0.2332554 -0.6311138 0.7397887 0.1678906 -0.6311079 0.7573081 0.167892 -0.631117 0.7573003 0.1012467 -0.6311033 0.7690629 0.1012494 -0.6311147 0.7690532 0.03383594 -0.6311092 0.7749556 0.03383499 -0.631115 0.774951 -0.03383475 -0.6311094 0.7749557 -0.03139132 -0.6943263 0.7189754 -0.09393525 -0.6943309 0.713499 -0.09393465 -0.6943318 0.7134982 -0.1557635 -0.6943311 0.7025967 -0.1557604 -0.6943276 0.7026008 -0.2164059 -0.6943286 0.68635 -0.216407 -0.6943256 0.6863527 -0.2754011 -0.694325 0.6648812 -0.2754021 -0.694328 0.6648778 -0.3322993 -0.694321 0.6383538 -0.3323005 -0.6943293 0.6383443 -0.3866733 -0.6943236 0.6069585 -0.3866729 -0.6943327 0.6069483 -0.4381006 -0.6943325 0.5709381 -0.4380999 -0.6943268 0.5709456 -0.4861946 -0.6943292 0.5305864 -0.4861959 -0.6943239 0.5305921 -0.5305896 -0.6943254 0.4861965 -0.5305874 -0.6943299 0.4861925 -0.5709446 -0.6943284 0.4380987 -0.5709438 -0.6943263 0.4381029 -0.6069549 -0.6943281 0.3866709 -0.6069483 -0.6943336 0.3866711 -0.6383453 -0.6943278 0.3323014 -0.6383454 -0.6943265 0.332304 -0.6648776 -0.6943275 0.2754036 -0.6648817 -0.6943251 0.2754 -0.6863554 -0.694323 0.2164069 -0.6863489 -0.6943302 0.2164043 -0.7025953 -0.6943328 0.1557622 -0.702606 -0.6943221 0.1557619 -0.7135068 -0.694323 0.09393447 -0.7134991 -0.6943308 0.09393525 -0.7189691 -0.6943328 0.03139036 -0.7189732 -0.6943287 0.03139144 -0.7189738 -0.694328 -0.03139054 -0.7189705 -0.6943314 -0.03139013 -0.7135066 -0.694323 -0.09393566 -0.7134996 -0.6943304 -0.09393405 -0.7025951 -0.694333 -0.1557622 -0.7026055 -0.6943225 -0.1557623 -0.68636 -0.6943176 -0.2164095 -0.6863461 -0.6943331 -0.2164042 -0.6648826 -0.694323 -0.2754032 -0.6648761 -0.6943301 -0.2754007 -0.6383454 -0.6943287 -0.3322994 -0.6383448 -0.6943277 -0.3323028 -0.6069505 -0.6943333 -0.3866685 -0.6069523 -0.6943301 -0.3866714 -0.5709429 -0.6943271 -0.4381027 -0.5709444 -0.6943286 -0.4380986 -0.5305878 -0.6943279 -0.4861949 -0.5305891 -0.6943284 -0.4861928 -0.4861971 -0.6943263 -0.5305878 -0.4861937 -0.6943268 -0.5305904 -0.4381024 -0.6943256 -0.5709451 -0.4380975 -0.6943309 -0.5709425 -0.3866726 -0.6943317 -0.6069496 -0.3866749 -0.6943268 -0.6069537 -0.3322982 -0.6943213 -0.638354 -0.3323013 -0.6943291 -0.6383439 -0.2754024 -0.6943308 -0.6648747 -0.2754015 -0.6943222 -0.664884 -0.2164049 -0.6943225 -0.6863565 -0.2164072 -0.6943286 -0.6863497 -0.1557604 -0.6943256 -0.7026028 -0.1557627 -0.6943289 -0.7025991 -0.09393453 -0.6943265 -0.7135034 -0.09393477 -0.694332 -0.7134981 -0.03139048 -0.6943271 -0.7189748 -0.03139156 -0.6943274 -0.7189744 0.03139078 -0.6943302 -0.7189717 0.03139132 -0.6943263 -0.7189754 0.09393525 -0.6943309 -0.713499 0.09393465 -0.6943318 -0.7134982 0.1557635 -0.6943311 -0.7025967 0.1557604 -0.6943276 -0.7026008 0.2164059 -0.6943286 -0.68635 0.216407 -0.6943256 -0.6863527 0.2754011 -0.694325 -0.6648812 0.2754021 -0.694328 -0.6648778 0.3322993 -0.694321 -0.6383538 0.3323005 -0.6943293 -0.6383443 0.3866733 -0.6943236 -0.6069585 0.3866729 -0.6943327 -0.6069483 0.4381006 -0.6943325 -0.5709381 0.4380999 -0.6943268 -0.5709456 0.4861946 -0.6943292 -0.5305864 0.4861959 -0.6943239 -0.5305921 0.5305896 -0.6943254 -0.4861965 0.5305874 -0.6943299 -0.4861925 0.5709446 -0.6943284 -0.4380987 0.5709438 -0.6943263 -0.4381029 0.6069549 -0.6943281 -0.3866709 0.6069483 -0.6943336 -0.3866711 0.6383453 -0.6943278 -0.3323014 0.6383454 -0.6943265 -0.332304 0.6648776 -0.6943275 -0.2754036 0.6648817 -0.6943251 -0.2754 0.6863554 -0.694323 -0.2164069 0.6863489 -0.6943302 -0.2164043 0.7025953 -0.6943328 -0.1557622 0.702606 -0.6943221 -0.1557619 0.7135068 -0.694323 -0.09393447 0.7134991 -0.6943308 -0.09393525 0.7189691 -0.6943328 -0.03139036 0.7189732 -0.6943287 -0.03139144 0.7189738 -0.694328 0.03139054 0.7189705 -0.6943314 0.03139013 0.7135066 -0.694323 0.09393566 0.7134996 -0.6943304 0.09393405 0.7025951 -0.694333 0.1557622 0.7026055 -0.6943225 0.1557623 0.68636 -0.6943176 0.2164095 0.6863461 -0.6943331 0.2164042 0.6648826 -0.694323 0.2754032 0.6648761 -0.6943301 0.2754007 0.6383454 -0.6943287 0.3322994 0.6383448 -0.6943277 0.3323028 0.6069505 -0.6943333 0.3866685 0.6069523 -0.6943301 0.3866714 0.5709429 -0.6943271 0.4381027 0.5709444 -0.6943286 0.4380986 0.5305878 -0.6943279 0.4861949 0.5305891 -0.6943284 0.4861928 0.4861971 -0.6943263 0.5305878 0.4861937 -0.6943268 0.5305904 0.4381024 -0.6943256 0.5709451 0.4380975 -0.6943309 0.5709425 0.3866726 -0.6943317 0.6069496 0.3866749 -0.6943268 0.6069537 0.3322982 -0.6943213 0.638354 0.3323013 -0.6943291 0.6383439 0.2754024 -0.6943308 0.6648747 0.2754015 -0.6943222 0.664884 0.2164049 -0.6943225 0.6863565 0.2164072 -0.6943286 0.6863497 0.1557604 -0.6943256 0.7026028 0.1557627 -0.6943289 0.7025991 0.09393453 -0.6943265 0.7135034 0.09393477 -0.694332 0.7134981 0.03139048 -0.6943271 0.7189748 0.03139156 -0.6943274 0.7189744 -0.03139078 -0.6943302 0.7189717 -0.02872145 -0.752593 0.6578593 -0.08594882 -0.7525935 0.6528521 -0.08594965 -0.7525984 0.6528463 -0.1425188 -0.7525958 0.6428747 -0.1425219 -0.7525954 0.6428747 -0.1980096 -0.7526019 0.6279988 -0.1980072 -0.7525985 0.6280038 -0.2519893 -0.7525989 0.6083556 -0.25199 -0.7526031 0.6083499 -0.3040517 -0.7525995 0.5840774 -0.304053 -0.7525973 0.5840798 -0.3538033 -0.7525988 0.5553544 -0.3538008 -0.7525963 0.5553593 -0.4008566 -0.7525973 0.522409 -0.400857 -0.7525969 0.5224096 -0.444864 -0.7525967 0.4854836 -0.4448611 -0.7525998 0.4854815 -0.4854841 -0.7525975 0.4448621 -0.4854818 -0.7525991 0.4448621 -0.5224094 -0.7525976 0.4008557 -0.5224056 -0.752599 0.4008582 -0.5553501 -0.7526047 0.3537973 -0.555362 -0.7525912 0.3538075 -0.5840811 -0.7525972 0.304051 -0.584077 -0.7525991 0.3040539 -0.6083583 -0.7525962 0.2519903 -0.6083539 -0.7526004 0.2519888 -0.6280013 -0.752601 0.1980057 -0.6280016 -0.7525994 0.1980108 -0.6428689 -0.7526005 0.1425209 -0.6428749 -0.7525952 0.142522 -0.6528487 -0.7525963 0.08594918 -0.652844 -0.7526006 0.08594793 -0.6578554 -0.7525964 0.02872192 -0.657858 -0.7525942 0.02872294 -0.6578507 -0.7526006 -0.02872228 -0.6578607 -0.7525918 -0.02872186 -0.6528487 -0.7525964 -0.08594936 -0.6528431 -0.7526014 -0.08594781 -0.6428779 -0.7525922 -0.1425241 -0.6428686 -0.752601 -0.1425194 -0.6280009 -0.7526009 -0.1980069 -0.6280014 -0.7526002 -0.1980082 -0.6083623 -0.7525916 -0.2519944 -0.6083532 -0.7526014 -0.2519874 -0.5840761 -0.7526002 -0.3040531 -0.5840809 -0.7525962 -0.3040536 -0.5553585 -0.7525962 -0.3538023 -0.5553574 -0.7525972 -0.3538019 -0.5224094 -0.7525976 -0.4008557 -0.5224068 -0.7525983 -0.4008579 -0.485485 -0.752597 -0.4448618 -0.4854801 -0.7526001 -0.4448623 -0.444864 -0.7525967 -0.4854836 -0.4448599 -0.7526013 -0.4854801 -0.4008576 -0.7525992 -0.5224055 -0.4008566 -0.7525961 -0.5224109 -0.3538029 -0.7525974 -0.5553565 -0.3538017 -0.7525965 -0.5553584 -0.3040534 -0.7525948 -0.5840829 -0.3040522 -0.7526021 -0.5840741 -0.25199 -0.7526047 -0.608348 -0.2519898 -0.7525984 -0.6083558 -0.1980071 -0.7525981 -0.6280043 -0.1980093 -0.7526007 -0.6280004 -0.142521 -0.7525963 -0.6428738 -0.1425198 -0.7525961 -0.6428742 -0.08595037 -0.7525991 -0.6528456 -0.08594846 -0.7525959 -0.6528494 -0.02872192 -0.7525979 -0.6578538 -0.02872264 -0.7525944 -0.6578578 0.02872312 -0.7525984 -0.6578532 0.02872145 -0.752593 -0.6578593 0.08594882 -0.7525935 -0.6528521 0.08594965 -0.7525984 -0.6528463 0.1425188 -0.7525958 -0.6428747 0.1425219 -0.7525954 -0.6428747 0.1980096 -0.7526019 -0.6279988 0.1980072 -0.7525985 -0.6280038 0.2519893 -0.7525989 -0.6083556 0.25199 -0.7526031 -0.6083499 0.3040517 -0.7525995 -0.5840774 0.304053 -0.7525973 -0.5840798 0.3538033 -0.7525988 -0.5553544 0.3538008 -0.7525963 -0.5553593 0.4008566 -0.7525973 -0.522409 0.400857 -0.7525969 -0.5224096 0.444864 -0.7525967 -0.4854836 0.4448611 -0.7525998 -0.4854815 0.4854841 -0.7525975 -0.4448621 0.4854818 -0.7525991 -0.4448621 0.5224094 -0.7525976 -0.4008557 0.5224056 -0.752599 -0.4008582 0.5553501 -0.7526047 -0.3537973 0.555362 -0.7525912 -0.3538075 0.5840811 -0.7525972 -0.304051 0.584077 -0.7525991 -0.3040539 0.6083583 -0.7525962 -0.2519903 0.6083539 -0.7526004 -0.2519888 0.6280013 -0.752601 -0.1980057 0.6280016 -0.7525994 -0.1980108 0.6428689 -0.7526005 -0.1425209 0.6428749 -0.7525952 -0.142522 0.6528487 -0.7525963 -0.08594918 0.652844 -0.7526006 -0.08594793 0.6578554 -0.7525964 -0.02872192 0.657858 -0.7525942 -0.02872294 0.6578507 -0.7526006 0.02872228 0.6578607 -0.7525918 0.02872186 0.6528487 -0.7525964 0.08594936 0.6528431 -0.7526014 0.08594781 0.6428779 -0.7525922 0.1425241 0.6428686 -0.752601 0.1425194 0.6280009 -0.7526009 0.1980069 0.6280014 -0.7526002 0.1980082 0.6083623 -0.7525916 0.2519944 0.6083532 -0.7526014 0.2519874 0.5840761 -0.7526002 0.3040531 0.5840809 -0.7525962 0.3040536 0.5553585 -0.7525962 0.3538023 0.5553574 -0.7525972 0.3538019 0.5224094 -0.7525976 0.4008557 0.5224068 -0.7525983 0.4008579 0.485485 -0.752597 0.4448618 0.4854801 -0.7526001 0.4448623 0.444864 -0.7525967 0.4854836 0.4448599 -0.7526013 0.4854801 0.4008576 -0.7525992 0.5224055 0.4008566 -0.7525961 0.5224109 0.3538029 -0.7525974 0.5553565 0.3538017 -0.7525965 0.5553584 0.3040534 -0.7525948 0.5840829 0.3040522 -0.7526021 0.5840741 0.25199 -0.7526047 0.608348 0.2519898 -0.7525984 0.6083558 0.1980071 -0.7525981 0.6280043 0.1980093 -0.7526007 0.6280004 0.142521 -0.7525963 0.6428738 0.1425198 -0.7525961 0.6428742 0.08595037 -0.7525991 0.6528456 0.08594846 -0.7525959 0.6528494 0.02872192 -0.7525979 0.6578538 0.02872264 -0.7525944 0.6578578 -0.02872312 -0.7525984 0.6578532 -0.02584886 -0.8055045 0.5920258 -0.07734757 -0.8055052 0.5875192 -0.07734882 -0.8055064 0.5875174 -0.1282607 -0.8055072 0.578539 -0.1282598 -0.8055025 0.5785456 -0.1781957 -0.8055055 0.5651613 -0.1781961 -0.8055021 0.5651659 -0.2267763 -0.805507 0.5474771 -0.2267749 -0.8055002 0.5474876 -0.2736302 -0.8055058 0.5256301 -0.2736275 -0.8055029 0.5256358 -0.3184 -0.8055054 0.4997825 -0.3183981 -0.8055023 0.4997888 -0.3607467 -0.8055055 0.4701306 -0.3607479 -0.8055024 0.470135 -0.400349 -0.8055056 0.4368999 -0.4003486 -0.8055003 0.4369099 -0.4369029 -0.8055047 0.4003474 -0.436905 -0.8055016 0.4003513 -0.4701313 -0.8055074 0.3607419 -0.4701329 -0.8055031 0.3607494 -0.4997833 -0.8055052 0.3183994 -0.4997881 -0.805503 0.3183972 -0.5256364 -0.8055034 0.2736251 -0.5256381 -0.8055002 0.2736314 -0.547484 -0.8055028 0.2267746 -0.5474844 -0.8055022 0.2267752 -0.5651657 -0.8055024 0.1781955 -0.5651653 -0.8055028 0.1781954 -0.5785455 -0.8055024 0.128262 -0.5785387 -0.8055079 0.1282574 -0.5875229 -0.8055024 0.07734864 -0.5875169 -0.8055068 0.07734948 -0.5920239 -0.8055059 0.02584862 -0.5920277 -0.8055031 0.02584761 -0.5920239 -0.8055059 -0.02584862 -0.5920282 -0.8055028 -0.02584767 -0.5875228 -0.8055024 -0.07734894 -0.5875194 -0.805505 -0.07734858 -0.5785412 -0.8055059 -0.1282598 -0.5785442 -0.8055037 -0.1282598 -0.5651651 -0.8055029 -0.1781955 -0.5651637 -0.8055034 -0.178197 -0.5474838 -0.8055029 -0.2267746 -0.5474847 -0.8055024 -0.226774 -0.5256401 -0.8054988 -0.2736314 -0.5256342 -0.8055042 -0.2736273 -0.4997833 -0.8055052 -0.3183994 -0.4997884 -0.8055023 -0.3183985 -0.4701353 -0.8055037 -0.3607445 -0.4701313 -0.8055039 -0.3607493 -0.4369047 -0.8055011 -0.4003527 -0.4369039 -0.8055037 -0.4003484 -0.4003502 -0.8055021 -0.4369052 -0.4003475 -0.8055029 -0.4369064 -0.3607459 -0.8055038 -0.4701343 -0.3607473 -0.8055046 -0.4701318 -0.3183991 -0.8055008 -0.4997906 -0.3183984 -0.8055053 -0.4997838 -0.2736273 -0.8055043 -0.5256339 -0.273629 -0.8055028 -0.5256353 -0.2267756 -0.8055019 -0.5474847 -0.2267746 -0.805502 -0.5474851 -0.1781958 -0.8055012 -0.5651673 -0.1781955 -0.8055038 -0.5651638 -0.1282612 -0.8055058 -0.578541 -0.1282595 -0.8055042 -0.5785434 -0.07734853 -0.8055064 -0.5875175 -0.07734781 -0.8055043 -0.5875204 -0.02584874 -0.8055016 -0.5920296 -0.02584868 -0.8055039 -0.5920265 0.02584868 -0.805503 -0.5920277 0.02584886 -0.8055045 -0.5920258 0.07734757 -0.8055052 -0.5875192 0.07734882 -0.8055064 -0.5875174 0.1282607 -0.8055072 -0.578539 0.1282598 -0.8055025 -0.5785456 0.1781957 -0.8055055 -0.5651613 0.1781961 -0.8055021 -0.5651659 0.2267763 -0.805507 -0.5474771 0.2267749 -0.8055002 -0.5474876 0.2736302 -0.8055058 -0.5256301 0.2736275 -0.8055029 -0.5256358 0.3184 -0.8055054 -0.4997825 0.3183981 -0.8055023 -0.4997888 0.3607467 -0.8055055 -0.4701306 0.3607479 -0.8055024 -0.470135 0.400349 -0.8055056 -0.4368999 0.4003486 -0.8055003 -0.4369099 0.4369029 -0.8055047 -0.4003474 0.436905 -0.8055016 -0.4003513 0.4701313 -0.8055074 -0.3607419 0.4701329 -0.8055031 -0.3607494 0.4997833 -0.8055052 -0.3183994 0.4997881 -0.805503 -0.3183972 0.5256364 -0.8055034 -0.2736251 0.5256381 -0.8055002 -0.2736314 0.547484 -0.8055028 -0.2267746 0.5474844 -0.8055022 -0.2267752 0.5651657 -0.8055024 -0.1781955 0.5651653 -0.8055028 -0.1781954 0.5785455 -0.8055024 -0.128262 0.5785387 -0.8055079 -0.1282574 0.5875229 -0.8055024 -0.07734864 0.5875169 -0.8055068 -0.07734948 0.5920239 -0.8055059 -0.02584862 0.5920277 -0.8055031 -0.02584761 0.5920239 -0.8055059 0.02584862 0.5920282 -0.8055028 0.02584767 0.5875228 -0.8055024 0.07734894 0.5875194 -0.805505 0.07734858 0.5785412 -0.8055059 0.1282598 0.5785442 -0.8055037 0.1282598 0.5651651 -0.8055029 0.1781955 0.5651637 -0.8055034 0.178197 0.5474838 -0.8055029 0.2267746 0.5474847 -0.8055024 0.226774 0.5256401 -0.8054988 0.2736314 0.5256342 -0.8055042 0.2736273 0.4997833 -0.8055052 0.3183994 0.4997884 -0.8055023 0.3183985 0.4701353 -0.8055037 0.3607445 0.4701313 -0.8055039 0.3607493 0.4369047 -0.8055011 0.4003527 0.4369039 -0.8055037 0.4003484 0.4003502 -0.8055021 0.4369052 0.4003475 -0.8055029 0.4369064 0.3607459 -0.8055038 0.4701343 0.3607473 -0.8055046 0.4701318 0.3183991 -0.8055008 0.4997906 0.3183984 -0.8055053 0.4997838 0.2736273 -0.8055043 0.5256339 0.273629 -0.8055028 0.5256353 0.2267756 -0.8055019 0.5474847 0.2267746 -0.805502 0.5474851 0.1781958 -0.8055012 0.5651673 0.1781955 -0.8055038 0.5651638 0.1282612 -0.8055058 0.578541 0.1282595 -0.8055042 0.5785434 0.07734853 -0.8055064 0.5875175 0.07734781 -0.8055043 0.5875204 0.02584874 -0.8055016 0.5920296 0.02584868 -0.8055039 0.5920265 -0.02584868 -0.805503 0.5920277 -0.02278947 -0.8526657 0.5219598 -0.06819486 -0.8526694 0.517981 -0.06819403 -0.8526582 0.5179997 -0.1130818 -0.852667 0.51007 -0.1130808 -0.8526597 0.5100828 -0.1571074 -0.8526636 0.4982793 -0.1571062 -0.8526608 0.4982842 -0.1999379 -0.8526653 0.4826871 -0.1999336 -0.8526604 0.4826976 -0.2412443 -0.8526645 0.463427 -0.2412425 -0.8526613 0.463434 -0.2807188 -0.852666 0.4406334 -0.2807144 -0.8526645 0.4406391 -0.3180557 -0.8526642 0.4144932 -0.3180518 -0.8526625 0.4144995 -0.3529677 -0.8526651 0.3851963 -0.3529677 -0.852664 0.3851987 -0.3851983 -0.8526635 0.352969 -0.3851978 -0.8526638 0.3529692 -0.4144948 -0.8526648 0.3180519 -0.4144957 -0.852662 0.3180582 -0.4406389 -0.8526641 0.2807155 -0.4406377 -0.8526634 0.2807196 -0.4634276 -0.852664 0.241245 -0.4634239 -0.8526658 0.2412456 -0.4826867 -0.8526668 0.1999323 -0.4826887 -0.8526648 0.1999363 -0.498279 -0.8526644 0.1571035 -0.4982779 -0.8526639 0.1571099 -0.5100758 -0.8526642 0.1130779 -0.5100826 -0.8526595 0.1130826 -0.5179861 -0.8526665 0.06819427 -0.5179899 -0.8526641 0.06819438 -0.5219627 -0.8526639 0.0227887 -0.5219624 -0.8526641 0.02278953 -0.5219669 -0.8526614 -0.02278888 -0.5219582 -0.8526667 -0.02278935 -0.5179862 -0.8526665 -0.06819397 -0.5179908 -0.8526636 -0.0681945 -0.5100837 -0.8526591 -0.1130809 -0.5100759 -0.8526636 -0.1130811 -0.4982789 -0.8526642 -0.1571047 -0.4982795 -0.852663 -0.1571092 -0.4826867 -0.8526668 -0.1999323 -0.482689 -0.8526641 -0.1999388 -0.4634239 -0.8526666 -0.2412431 -0.4634268 -0.8526635 -0.2412484 -0.440635 -0.852667 -0.2807133 -0.4406401 -0.8526614 -0.280722 -0.4144957 -0.8526644 -0.3180517 -0.4144936 -0.8526636 -0.3180564 -0.385199 -0.852665 -0.3529649 -0.3851968 -0.8526639 -0.3529701 -0.3529697 -0.8526653 -0.3851938 -0.352967 -0.8526647 -0.3851979 -0.318054 -0.8526628 -0.4144971 -0.3180525 -0.8526626 -0.4144989 -0.2807172 -0.8526669 -0.4406327 -0.2807152 -0.8526623 -0.4406427 -0.2412437 -0.8526641 -0.463428 -0.2412435 -0.852663 -0.4634301 -0.1999349 -0.8526633 -0.482692 -0.1999365 -0.8526617 -0.482694 -0.1571081 -0.8526676 -0.4982723 -0.1571062 -0.8526597 -0.4982864 -0.1130807 -0.852667 -0.5100705 -0.113082 -0.8526611 -0.5100801 -0.06819373 -0.8526639 -0.5179904 -0.06819516 -0.8526633 -0.5179911 -0.0227887 -0.8526705 -0.5219519 -0.02278947 -0.8526603 -0.5219686 0.0227887 -0.8526651 -0.5219607 0.02278947 -0.8526657 -0.5219598 0.06819486 -0.8526694 -0.517981 0.06819403 -0.8526582 -0.5179997 0.1130818 -0.852667 -0.51007 0.1130808 -0.8526597 -0.5100828 0.1571074 -0.8526636 -0.4982793 0.1571062 -0.8526608 -0.4982842 0.1999379 -0.8526653 -0.4826871 0.1999336 -0.8526604 -0.4826976 0.2412443 -0.8526645 -0.463427 0.2412425 -0.8526613 -0.463434 0.2807188 -0.852666 -0.4406334 0.2807144 -0.8526645 -0.4406391 0.3180557 -0.8526642 -0.4144932 0.3180518 -0.8526625 -0.4144995 0.3529677 -0.8526651 -0.3851963 0.3529677 -0.852664 -0.3851987 0.3851983 -0.8526635 -0.352969 0.3851978 -0.8526638 -0.3529692 0.4144948 -0.8526648 -0.3180519 0.4144957 -0.852662 -0.3180582 0.4406389 -0.8526641 -0.2807155 0.4406377 -0.8526634 -0.2807196 0.4634276 -0.852664 -0.241245 0.4634239 -0.8526658 -0.2412456 0.4826867 -0.8526668 -0.1999323 0.4826887 -0.8526648 -0.1999363 0.498279 -0.8526644 -0.1571035 0.4982779 -0.8526639 -0.1571099 0.5100758 -0.8526642 -0.1130779 0.5100826 -0.8526595 -0.1130826 0.5179861 -0.8526665 -0.06819427 0.5179899 -0.8526641 -0.06819438 0.5219627 -0.8526639 -0.0227887 0.5219624 -0.8526641 -0.02278953 0.5219669 -0.8526614 0.02278888 0.5219582 -0.8526667 0.02278935 0.5179862 -0.8526665 0.06819397 0.5179908 -0.8526636 0.0681945 0.5100837 -0.8526591 0.1130809 0.5100759 -0.8526636 0.1130811 0.4982789 -0.8526642 0.1571047 0.4982795 -0.852663 0.1571092 0.4826867 -0.8526668 0.1999323 0.482689 -0.8526641 0.1999388 0.4634239 -0.8526666 0.2412431 0.4634268 -0.8526635 0.2412484 0.440635 -0.852667 0.2807133 0.4406401 -0.8526614 0.280722 0.4144957 -0.8526644 0.3180517 0.4144936 -0.8526636 0.3180564 0.385199 -0.852665 0.3529649 0.3851968 -0.8526639 0.3529701 0.3529697 -0.8526653 0.3851938 0.352967 -0.8526647 0.3851979 0.318054 -0.8526628 0.4144971 0.3180525 -0.8526626 0.4144989 0.2807172 -0.8526669 0.4406327 0.2807152 -0.8526623 0.4406427 0.2412437 -0.8526641 0.463428 0.2412435 -0.852663 0.4634301 0.1999349 -0.8526633 0.482692 0.1999365 -0.8526617 0.482694 0.1571081 -0.8526676 0.4982723 0.1571062 -0.8526597 0.4982864 0.1130807 -0.852667 0.5100705 0.113082 -0.8526611 0.5100801 0.06819373 -0.8526639 0.5179904 0.06819516 -0.8526633 0.5179911 0.0227887 -0.8526705 0.5219519 0.02278947 -0.8526603 0.5219686 -0.0227887 -0.8526651 0.5219607 -0.01956641 -0.8937402 0.4481579 -0.05855268 -0.8937405 0.4447467 -0.0585525 -0.8937385 0.4447509 -0.09709167 -0.8937426 0.437947 -0.09709066 -0.8937401 0.4379522 -0.1348928 -0.89374 0.4278234 -0.1348917 -0.8937383 0.4278274 -0.1716651 -0.8937381 0.4144434 -0.171667 -0.893741 0.4144365 -0.2071339 -0.8937386 0.3979032 -0.2071343 -0.8937414 0.3978967 -0.2410247 -0.8937379 0.3783381 -0.241024 -0.8937394 0.378335 -0.2730805 -0.8937401 0.355887 -0.2730814 -0.8937424 0.3558807 -0.3030604 -0.8937405 0.3307303 -0.303058 -0.8937402 0.3307332 -0.3307305 -0.8937395 0.3030631 -0.3307322 -0.8937416 0.303055 -0.3558831 -0.8937408 0.2730839 -0.3558862 -0.8937412 0.2730786 -0.3783298 -0.8937406 0.2410275 -0.3783346 -0.8937397 0.2410234 -0.3979004 -0.8937405 0.2071304 -0.3979011 -0.8937399 0.2071326 -0.4144386 -0.8937397 0.1716685 -0.4144383 -0.8937408 0.1716632 -0.4278235 -0.8937398 0.1348935 -0.4278216 -0.8937407 0.134894 -0.4379487 -0.8937419 0.09709036 -0.4379519 -0.8937402 0.09709107 -0.4447477 -0.89374 0.05855143 -0.4447486 -0.8937396 0.05855256 -0.4481622 -0.8937382 0.01956719 -0.4481581 -0.8937401 0.01956754 -0.4481622 -0.8937382 -0.01956778 -0.4481568 -0.8937408 -0.01956748 -0.4447441 -0.8937419 -0.05855089 -0.444751 -0.8937383 -0.05855292 -0.4379596 -0.8937364 -0.09709161 -0.4379458 -0.8937431 -0.09709203 -0.4278236 -0.8937399 -0.1348924 -0.4278236 -0.8937397 -0.1348935 -0.4144389 -0.8937396 -0.1716685 -0.4144376 -0.8937411 -0.1716641 -0.3979006 -0.8937401 -0.2071326 -0.397901 -0.8937399 -0.2071328 -0.3783333 -0.8937398 -0.2410252 -0.3783333 -0.8937397 -0.2410261 -0.355884 -0.8937417 -0.2730795 -0.3558881 -0.8937398 -0.2730805 -0.3307319 -0.8937385 -0.3030644 -0.3307316 -0.8937411 -0.3030568 -0.3030593 -0.8937407 -0.3307304 -0.3030599 -0.89374 -0.3307318 -0.2730804 -0.8937418 -0.3558831 -0.2730811 -0.8937407 -0.3558854 -0.2410238 -0.8937392 -0.3783357 -0.2410253 -0.8937404 -0.3783321 -0.2071335 -0.8937391 -0.3979024 -0.2071343 -0.8937397 -0.3979008 -0.1716662 -0.8937374 -0.4144447 -0.1716661 -0.8937422 -0.4144342 -0.1348929 -0.8937399 -0.4278237 -0.1348918 -0.8937404 -0.4278228 -0.09708982 -0.8937443 -0.4379439 -0.0970925 -0.8937382 -0.4379559 -0.0585525 -0.8937366 -0.4447547 -0.05855256 -0.8937408 -0.4447458 -0.01956588 -0.8937372 -0.4481639 -0.0195676 -0.8937403 -0.4481579 0.01956701 -0.8937371 -0.4481644 0.01956641 -0.8937402 -0.4481579 0.05855268 -0.8937405 -0.4447467 0.0585525 -0.8937385 -0.4447509 0.09709167 -0.8937426 -0.437947 0.09709066 -0.8937401 -0.4379522 0.1348928 -0.89374 -0.4278234 0.1348917 -0.8937383 -0.4278274 0.1716651 -0.8937381 -0.4144434 0.171667 -0.893741 -0.4144365 0.2071339 -0.8937386 -0.3979032 0.2071343 -0.8937414 -0.3978967 0.2410247 -0.8937379 -0.3783381 0.241024 -0.8937394 -0.378335 0.2730805 -0.8937401 -0.355887 0.2730814 -0.8937424 -0.3558807 0.3030604 -0.8937405 -0.3307303 0.303058 -0.8937402 -0.3307332 0.3307305 -0.8937395 -0.3030631 0.3307322 -0.8937416 -0.303055 0.3558831 -0.8937408 -0.2730839 0.3558862 -0.8937412 -0.2730786 0.3783298 -0.8937406 -0.2410275 0.3783346 -0.8937397 -0.2410234 0.3979004 -0.8937405 -0.2071304 0.3979011 -0.8937399 -0.2071326 0.4144386 -0.8937397 -0.1716685 0.4144383 -0.8937408 -0.1716632 0.4278235 -0.8937398 -0.1348935 0.4278216 -0.8937407 -0.134894 0.4379487 -0.8937419 -0.09709036 0.4379519 -0.8937402 -0.09709107 0.4447477 -0.89374 -0.05855143 0.4447486 -0.8937396 -0.05855256 0.4481622 -0.8937382 -0.01956719 0.4481581 -0.8937401 -0.01956754 0.4481622 -0.8937382 0.01956778 0.4481568 -0.8937408 0.01956748 0.4447441 -0.8937419 0.05855089 0.444751 -0.8937383 0.05855292 0.4379596 -0.8937364 0.09709161 0.4379458 -0.8937431 0.09709203 0.4278236 -0.8937399 0.1348924 0.4278236 -0.8937397 0.1348935 0.4144389 -0.8937396 0.1716685 0.4144376 -0.8937411 0.1716641 0.3979006 -0.8937401 0.2071326 0.397901 -0.8937399 0.2071328 0.3783333 -0.8937398 0.2410252 0.3783333 -0.8937397 0.2410261 0.355884 -0.8937417 0.2730795 0.3558881 -0.8937398 0.2730805 0.3307319 -0.8937385 0.3030644 0.3307316 -0.8937411 0.3030568 0.3030593 -0.8937407 0.3307304 0.3030599 -0.89374 0.3307318 0.2730804 -0.8937418 0.3558831 0.2730811 -0.8937407 0.3558854 0.2410238 -0.8937392 0.3783357 0.2410253 -0.8937404 0.3783321 0.2071335 -0.8937391 0.3979024 0.2071343 -0.8937397 0.3979008 0.1716662 -0.8937374 0.4144447 0.1716661 -0.8937422 0.4144342 0.1348929 -0.8937399 0.4278237 0.1348918 -0.8937404 0.4278228 0.09708982 -0.8937443 0.4379439 0.0970925 -0.8937382 0.4379559 0.0585525 -0.8937366 0.4447547 0.05855256 -0.8937408 0.4447458 0.01956588 -0.8937372 0.4481639 0.0195676 -0.8937403 0.4481579 -0.01956701 -0.8937371 0.4481644 -0.01620429 -0.9284339 0.3711441 -0.04849112 -0.9284352 0.3683161 -0.04849004 -0.9284315 0.3683258 -0.08040714 -0.928433 0.3626941 -0.08040595 -0.9284311 0.3626992 -0.1117134 -0.9284357 0.3542984 -0.1117119 -0.9284308 0.3543118 -0.1421672 -0.9284364 0.3432119 -0.142166 -0.9284324 0.3432233 -0.1715387 -0.9284355 0.3295179 -0.1715393 -0.9284327 0.3295256 -0.1996065 -0.9284324 0.3133217 -0.1996064 -0.9284338 0.313318 -0.2261548 -0.9284361 0.2947212 -0.2261536 -0.928431 0.2947381 -0.25098 -0.9284345 0.273895 -0.2509822 -0.9284318 0.2739023 -0.2738992 -0.9284339 0.2509778 -0.2738994 -0.9284319 0.2509851 -0.2947279 -0.9284359 0.2261468 -0.2947325 -0.9284313 0.2261596 -0.3133222 -0.9284316 0.1996094 -0.3133188 -0.9284333 0.199607 -0.3295245 -0.9284344 0.1715325 -0.3295227 -0.9284328 0.1715447 -0.3432176 -0.9284344 0.1421665 -0.3432253 -0.9284315 0.1421672 -0.3543055 -0.9284335 0.1117101 -0.3543077 -0.9284321 0.1117147 -0.3626964 -0.9284321 0.08040809 -0.3626912 -0.928434 0.08040714 -0.3683179 -0.9284345 0.04849183 -0.3683217 -0.928433 0.048491 -0.371149 -0.9284321 0.0162037 -0.3711443 -0.9284338 0.01620423 -0.371149 -0.9284321 -0.0162037 -0.3711421 -0.9284348 -0.01620417 -0.368318 -0.9284345 -0.04848963 -0.3683203 -0.9284335 -0.04849195 -0.3626905 -0.9284345 -0.08040559 -0.362697 -0.9284316 -0.08040964 -0.3543052 -0.9284334 -0.1117112 -0.3543068 -0.9284324 -0.1117143 -0.3432177 -0.9284347 -0.1421642 -0.3432244 -0.9284316 -0.1421681 -0.329524 -0.928434 -0.1715347 -0.3295218 -0.9284334 -0.1715429 -0.3133172 -0.9284351 -0.1996017 -0.3133223 -0.928431 -0.1996126 -0.2947285 -0.9284357 -0.2261468 -0.2947299 -0.9284331 -0.2261558 -0.2738986 -0.9284344 -0.2509767 -0.2739002 -0.9284316 -0.2509851 -0.2509838 -0.9284325 -0.2738984 -0.2509783 -0.9284335 -0.2738999 -0.2261537 -0.9284341 -0.2947282 -0.2261541 -0.9284311 -0.2947373 -0.1996062 -0.9284357 -0.3133121 -0.1996068 -0.9284324 -0.3133216 -0.1715392 -0.9284355 -0.3295179 -0.1715388 -0.9284317 -0.3295287 -0.1421666 -0.9284337 -0.3432196 -0.1421663 -0.9284326 -0.3432227 -0.1117123 -0.9284331 -0.3543056 -0.1117128 -0.9284313 -0.3543103 -0.08040696 -0.9284322 -0.3626961 -0.08040606 -0.9284318 -0.3626972 -0.048491 -0.9284354 -0.3683156 -0.04849016 -0.9284324 -0.3683232 -0.01620411 -0.9284355 -0.3711402 -0.01620429 -0.9284339 -0.3711442 0.01620411 -0.9284355 -0.3711403 0.01620429 -0.9284339 -0.3711441 0.04849112 -0.9284352 -0.3683161 0.04849004 -0.9284315 -0.3683258 0.08040714 -0.928433 -0.3626941 0.08040595 -0.9284311 -0.3626992 0.1117134 -0.9284357 -0.3542984 0.1117119 -0.9284308 -0.3543118 0.1421672 -0.9284364 -0.3432119 0.142166 -0.9284324 -0.3432233 0.1715387 -0.9284355 -0.3295179 0.1715393 -0.9284327 -0.3295256 0.1996065 -0.9284324 -0.3133217 0.1996064 -0.9284338 -0.313318 0.2261548 -0.9284361 -0.2947212 0.2261536 -0.928431 -0.2947381 0.25098 -0.9284345 -0.273895 0.2509822 -0.9284318 -0.2739023 0.2738992 -0.9284339 -0.2509778 0.2738994 -0.9284319 -0.2509851 0.2947279 -0.9284359 -0.2261468 0.2947325 -0.9284313 -0.2261596 0.3133222 -0.9284316 -0.1996094 0.3133188 -0.9284333 -0.199607 0.3295245 -0.9284344 -0.1715325 0.3295227 -0.9284328 -0.1715447 0.3432176 -0.9284344 -0.1421665 0.3432253 -0.9284315 -0.1421672 0.3543055 -0.9284335 -0.1117101 0.3543077 -0.9284321 -0.1117147 0.3626964 -0.9284321 -0.08040809 0.3626912 -0.928434 -0.08040714 0.3683179 -0.9284345 -0.04849183 0.3683217 -0.928433 -0.048491 0.371149 -0.9284321 -0.0162037 0.3711443 -0.9284338 -0.01620423 0.371149 -0.9284321 0.0162037 0.3711421 -0.9284348 0.01620417 0.368318 -0.9284345 0.04848963 0.3683203 -0.9284335 0.04849195 0.3626905 -0.9284345 0.08040559 0.362697 -0.9284316 0.08040964 0.3543052 -0.9284334 0.1117112 0.3543068 -0.9284324 0.1117143 0.3432177 -0.9284347 0.1421642 0.3432244 -0.9284316 0.1421681 0.329524 -0.928434 0.1715347 0.3295218 -0.9284334 0.1715429 0.3133172 -0.9284351 0.1996017 0.3133223 -0.928431 0.1996126 0.2947285 -0.9284357 0.2261468 0.2947299 -0.9284331 0.2261558 0.2738986 -0.9284344 0.2509767 0.2739002 -0.9284316 0.2509851 0.2509838 -0.9284325 0.2738984 0.2509783 -0.9284335 0.2738999 0.2261537 -0.9284341 0.2947282 0.2261541 -0.9284311 0.2947373 0.1996062 -0.9284357 0.3133121 0.1996068 -0.9284324 0.3133216 0.1715392 -0.9284355 0.3295179 0.1715388 -0.9284317 0.3295287 0.1421666 -0.9284337 0.3432196 0.1421663 -0.9284326 0.3432227 0.1117123 -0.9284331 0.3543056 0.1117128 -0.9284313 0.3543103 0.08040696 -0.9284322 0.3626961 0.08040606 -0.9284318 0.3626972 0.048491 -0.9284354 0.3683156 0.04849016 -0.9284324 0.3683232 0.01620411 -0.9284355 0.3711402 0.01620429 -0.9284339 0.3711442 -0.01620411 -0.9284355 0.3711403 -0.012726 -0.9564952 0.2914704 -0.03807842 -0.9564998 0.2892376 -0.03807967 -0.9564988 0.2892408 -0.06314349 -0.9564999 0.284817 -0.06314289 -0.9564981 0.2848235 -0.08772754 -0.9565006 0.2782272 -0.08772629 -0.956499 0.2782332 -0.1116433 -0.9565008 0.2695221 -0.1116422 -0.9564976 0.2695335 -0.1347099 -0.9565012 0.2587641 -0.1347089 -0.9564983 0.2587751 -0.15675 -0.9565 0.246043 -0.1567505 -0.9564977 0.2460522 -0.1775979 -0.956499 0.2314488 -0.1775986 -0.956498 0.2314527 -0.197095 -0.9564983 0.2150919 -0.1970945 -0.9564988 0.2150905 -0.2150897 -0.956499 0.1970939 -0.2150905 -0.9564976 0.1971005 -0.231451 -0.9564989 0.1775959 -0.2314524 -0.9564967 0.1776062 -0.2460485 -0.9564986 0.1567501 -0.2460473 -0.9564986 0.1567516 -0.2587722 -0.9564995 0.1347059 -0.258773 -0.9564981 0.1347148 -0.2695303 -0.9564985 0.1116422 -0.2695295 -0.9564987 0.111643 -0.2782349 -0.9564985 0.08772659 -0.2782338 -0.9564989 0.08772563 -0.2848219 -0.9564986 0.06314253 -0.2848215 -0.9564987 0.06314361 -0.2892415 -0.9564985 0.03807902 -0.2892423 -0.9564983 0.03807878 -0.2914596 -0.9564985 0.01272523 -0.2914552 -0.9564998 0.01272535 -0.2914596 -0.9564985 -0.01272523 -0.2914551 -0.9564999 -0.01272529 -0.2892415 -0.9564985 -0.03807801 -0.2892407 -0.9564987 -0.03807973 -0.284822 -0.9564985 -0.06314307 -0.2848193 -0.9564993 -0.06314426 -0.278235 -0.9564987 -0.08772432 -0.2782341 -0.9564987 -0.08772796 -0.2695302 -0.9564986 -0.1116422 -0.2695298 -0.9564987 -0.1116419 -0.258772 -0.9564996 -0.1347059 -0.2587722 -0.9564986 -0.134712 -0.2460487 -0.9564993 -0.1567457 -0.2460481 -0.9564981 -0.1567543 -0.231451 -0.9564989 -0.1775959 -0.231454 -0.9564965 -0.1776052 -0.2150894 -0.9565 -0.1970896 -0.2150912 -0.9564974 -0.1971007 -0.1970927 -0.9565002 -0.2150858 -0.1970963 -0.9564975 -0.2150943 -0.1775988 -0.9564984 -0.2314509 -0.1775982 -0.9564982 -0.2314525 -0.1567509 -0.9564998 -0.2460435 -0.1567494 -0.9564973 -0.2460544 -0.1347088 -0.9564992 -0.2587719 -0.1347095 -0.9564988 -0.258773 -0.1116427 -0.9564983 -0.2695311 -0.1116427 -0.9564982 -0.2695316 -0.08772653 -0.9565006 -0.2782277 -0.08772718 -0.9564981 -0.2782362 -0.06314295 -0.9565001 -0.2848172 -0.06314343 -0.9564979 -0.284824 -0.03807955 -0.9564998 -0.2892374 -0.03807854 -0.9564978 -0.2892441 -0.01272577 -0.9564982 -0.2914608 -0.01272541 -0.9564974 -0.2914634 0.01272523 -0.956501 -0.2914516 0.012726 -0.9564952 -0.2914704 0.03807842 -0.9564998 -0.2892376 0.03807967 -0.9564988 -0.2892408 0.06314349 -0.9564999 -0.284817 0.06314289 -0.9564981 -0.2848235 0.08772754 -0.9565006 -0.2782272 0.08772629 -0.956499 -0.2782332 0.1116433 -0.9565008 -0.2695221 0.1116422 -0.9564976 -0.2695335 0.1347099 -0.9565012 -0.2587641 0.1347089 -0.9564983 -0.2587751 0.15675 -0.9565 -0.246043 0.1567505 -0.9564977 -0.2460522 0.1775979 -0.956499 -0.2314488 0.1775986 -0.956498 -0.2314527 0.197095 -0.9564983 -0.2150919 0.1970945 -0.9564988 -0.2150905 0.2150897 -0.956499 -0.1970939 0.2150905 -0.9564976 -0.1971005 0.231451 -0.9564989 -0.1775959 0.2314524 -0.9564967 -0.1776062 0.2460485 -0.9564986 -0.1567501 0.2460473 -0.9564986 -0.1567516 0.2587722 -0.9564995 -0.1347059 0.258773 -0.9564981 -0.1347148 0.2695303 -0.9564985 -0.1116422 0.2695295 -0.9564987 -0.111643 0.2782349 -0.9564985 -0.08772659 0.2782338 -0.9564989 -0.08772563 0.2848219 -0.9564986 -0.06314253 0.2848215 -0.9564987 -0.06314361 0.2892415 -0.9564985 -0.03807902 0.2892423 -0.9564983 -0.03807878 0.2914596 -0.9564985 -0.01272523 0.2914552 -0.9564998 -0.01272535 0.2914596 -0.9564985 0.01272523 0.2914551 -0.9564999 0.01272529 0.2892415 -0.9564985 0.03807801 0.2892407 -0.9564987 0.03807973 0.284822 -0.9564985 0.06314307 0.2848193 -0.9564993 0.06314426 0.278235 -0.9564987 0.08772432 0.2782341 -0.9564987 0.08772796 0.2695302 -0.9564986 0.1116422 0.2695298 -0.9564987 0.1116419 0.258772 -0.9564996 0.1347059 0.2587722 -0.9564986 0.134712 0.2460487 -0.9564993 0.1567457 0.2460481 -0.9564981 0.1567543 0.231451 -0.9564989 0.1775959 0.231454 -0.9564965 0.1776052 0.2150894 -0.9565 0.1970896 0.2150912 -0.9564974 0.1971007 0.1970927 -0.9565002 0.2150858 0.1970963 -0.9564975 0.2150943 0.1775988 -0.9564984 0.2314509 0.1775982 -0.9564982 0.2314525 0.1567509 -0.9564998 0.2460435 0.1567494 -0.9564973 0.2460544 0.1347088 -0.9564992 0.2587719 0.1347095 -0.9564988 0.258773 0.1116427 -0.9564983 0.2695311 0.1116427 -0.9564982 0.2695316 0.08772653 -0.9565006 0.2782277 0.08772718 -0.9564981 0.2782362 0.06314295 -0.9565001 0.2848172 0.06314343 -0.9564979 0.284824 0.03807955 -0.9564998 0.2892374 0.03807854 -0.9564978 0.2892441 0.01272577 -0.9564982 0.2914608 0.01272541 -0.9564974 0.2914634 -0.01272523 -0.956501 0.2914516 -0.009156048 -0.9777246 0.2096922 -0.02739703 -0.9777199 0.2081189 -0.02739793 -0.9777247 0.2080953 -0.04543077 -0.9777227 0.2049258 -0.0454306 -0.9777244 0.204917 -0.06311815 -0.9777231 0.2001839 -0.0631175 -0.9777227 0.2001866 -0.08032488 -0.9777234 0.1939203 -0.08032542 -0.9777233 0.1939204 -0.09692066 -0.9777217 0.1861903 -0.09692138 -0.9777235 0.1861801 -0.112779 -0.9777228 0.1770286 -0.1127791 -0.977724 0.1770219 -0.1277796 -0.9777218 0.1665312 -0.1277787 -0.9777243 0.1665171 -0.1418067 -0.977723 0.1547533 -0.1418068 -0.9777229 0.1547543 -0.1547538 -0.9777228 0.1418084 -0.1547554 -0.9777233 0.1418028 -0.1665235 -0.9777231 0.1277797 -0.1665246 -0.9777236 0.1277738 -0.1770268 -0.9777234 0.1127769 -0.1770278 -0.9777233 0.1127762 -0.1861824 -0.9777233 0.09692007 -0.1861853 -0.9777227 0.09692049 -0.1939228 -0.9777228 0.0803256 -0.1939216 -0.9777234 0.08032119 -0.2001841 -0.977723 0.06312036 -0.2001826 -0.9777235 0.06311708 -0.2049234 -0.9777231 0.04543322 -0.204924 -0.9777232 0.04542791 -0.2081066 -0.9777224 0.02739959 -0.2081038 -0.977723 0.02739721 -0.209699 -0.9777231 0.009155988 -0.209703 -0.9777223 0.009156167 -0.2097026 -0.9777224 -0.009156167 -0.2096989 -0.9777232 -0.009155988 -0.2081066 -0.9777224 -0.02739828 -0.2081032 -0.9777232 -0.02739715 -0.2049269 -0.9777222 -0.04543286 -0.2049219 -0.9777236 -0.04542857 -0.200184 -0.9777231 -0.06311923 -0.2001844 -0.9777231 -0.06311756 -0.193921 -0.9777231 -0.08032488 -0.1939225 -0.9777231 -0.08032268 -0.1861807 -0.9777234 -0.09692144 -0.1861856 -0.9777228 -0.09691846 -0.1770283 -0.977723 -0.1127779 -0.1770254 -0.9777238 -0.1127758 -0.1665238 -0.977723 -0.1277797 -0.1665239 -0.9777237 -0.1277746 -0.1547538 -0.9777228 -0.1418084 -0.1547556 -0.9777233 -0.1418018 -0.1418069 -0.9777224 -0.1547576 -0.1418067 -0.9777234 -0.1547511 -0.127779 -0.9777218 -0.1665312 -0.1277788 -0.9777233 -0.1665228 -0.1127778 -0.9777216 -0.1770356 -0.1127797 -0.9777242 -0.1770207 -0.09692132 -0.9777215 -0.1861911 -0.09692096 -0.9777239 -0.1861781 -0.08032542 -0.9777214 -0.1939297 -0.08032482 -0.9777237 -0.1939185 -0.0631175 -0.9777216 -0.2001914 -0.06311821 -0.9777233 -0.2001829 -0.04543089 -0.9777227 -0.2049252 -0.04543042 -0.977724 -0.2049192 -0.02739763 -0.9777198 -0.208119 -0.02739739 -0.9777252 -0.208094 -0.009155511 -0.9777224 -0.2097029 -0.009156048 -0.9777251 -0.20969 0.009155511 -0.9777224 -0.2097029 0.009156048 -0.9777246 -0.2096922 0.02739703 -0.9777199 -0.2081189 0.02739793 -0.9777247 -0.2080953 0.04543077 -0.9777227 -0.2049258 0.0454306 -0.9777244 -0.204917 0.06311815 -0.9777231 -0.2001839 0.0631175 -0.9777227 -0.2001866 0.08032488 -0.9777234 -0.1939203 0.08032542 -0.9777233 -0.1939204 0.09692066 -0.9777217 -0.1861903 0.09692138 -0.9777235 -0.1861801 0.112779 -0.9777228 -0.1770286 0.1127791 -0.977724 -0.1770219 0.1277796 -0.9777218 -0.1665312 0.1277787 -0.9777243 -0.1665171 0.1418067 -0.977723 -0.1547533 0.1418068 -0.9777229 -0.1547543 0.1547538 -0.9777228 -0.1418084 0.1547554 -0.9777233 -0.1418028 0.1665235 -0.9777231 -0.1277797 0.1665246 -0.9777236 -0.1277738 0.1770268 -0.9777234 -0.1127769 0.1770278 -0.9777233 -0.1127762 0.1861824 -0.9777233 -0.09692007 0.1861853 -0.9777227 -0.09692049 0.1939228 -0.9777228 -0.0803256 0.1939216 -0.9777234 -0.08032119 0.2001841 -0.977723 -0.06312036 0.2001826 -0.9777235 -0.06311708 0.2049234 -0.9777231 -0.04543322 0.204924 -0.9777232 -0.04542791 0.2081066 -0.9777224 -0.02739959 0.2081038 -0.977723 -0.02739721 0.209699 -0.9777231 -0.009155988 0.209703 -0.9777223 -0.009156167 0.2097026 -0.9777224 0.009156167 0.2096989 -0.9777232 0.009155988 0.2081066 -0.9777224 0.02739828 0.2081032 -0.9777232 0.02739715 0.2049269 -0.9777222 0.04543286 0.2049219 -0.9777236 0.04542857 0.200184 -0.9777231 0.06311923 0.2001844 -0.9777231 0.06311756 0.193921 -0.9777231 0.08032488 0.1939225 -0.9777231 0.08032268 0.1861807 -0.9777234 0.09692144 0.1861856 -0.9777228 0.09691846 0.1770283 -0.977723 0.1127779 0.1770254 -0.9777238 0.1127758 0.1665238 -0.977723 0.1277797 0.1665239 -0.9777237 0.1277746 0.1547538 -0.9777228 0.1418084 0.1547556 -0.9777233 0.1418018 0.1418069 -0.9777224 0.1547576 0.1418067 -0.9777234 0.1547511 0.127779 -0.9777218 0.1665312 0.1277788 -0.9777233 0.1665228 0.1127778 -0.9777216 0.1770356 0.1127797 -0.9777242 0.1770207 0.09692132 -0.9777215 0.1861911 0.09692096 -0.9777239 0.1861781 0.08032542 -0.9777214 0.1939297 0.08032482 -0.9777237 0.1939185 0.0631175 -0.9777216 0.2001914 0.06311821 -0.9777233 0.2001829 0.04543089 -0.9777227 0.2049252 0.04543042 -0.977724 0.2049192 0.02739763 -0.9777198 0.208119 0.02739739 -0.9777252 0.208094 0.009155511 -0.9777224 0.2097029 0.009156048 -0.9777251 0.20969 -0.009155511 -0.9777224 0.2097029 -0.005519747 -0.9919617 0.1264182 -0.01651722 -0.9919601 0.1254684 -0.01651728 -0.991962 0.1254538 -0.02738875 -0.9919601 0.1235519 -0.0273891 -0.9919612 0.1235429 -0.03805202 -0.9919601 0.1206951 -0.03805261 -0.9919619 0.1206799 -0.04842603 -0.9919606 0.1169158 -0.04842603 -0.9919614 0.1169078 -0.0584312 -0.9919598 0.112257 -0.05843144 -0.9919615 0.112242 -0.06799179 -0.9919609 0.1067282 -0.06799215 -0.9919617 0.1067204 -0.07703471 -0.9919606 0.1003994 -0.07703477 -0.9919621 0.1003837 -0.08549177 -0.9919603 0.09330624 -0.08549141 -0.9919616 0.09329205 -0.09329688 -0.9919605 0.08549958 -0.09329819 -0.9919614 0.08548778 -0.1003928 -0.9919605 0.07704365 -0.100394 -0.9919614 0.07703059 -0.1067268 -0.9919607 0.06799566 -0.1067255 -0.9919613 0.06798958 -0.1122455 -0.9919611 0.05843156 -0.1122472 -0.9919608 0.05843383 -0.1169108 -0.991961 0.04842853 -0.1169116 -0.9919611 0.048424 -0.1206867 -0.991961 0.03805631 -0.1206864 -0.9919613 0.03804856 -0.1235429 -0.9919612 0.0273894 -0.1235441 -0.9919612 0.02738672 -0.1254621 -0.991961 0.01651656 -0.1254589 -0.9919614 0.01651537 -0.1264199 -0.9919615 0.005519926 -0.1264241 -0.991961 0.005520045 -0.1264221 -0.9919613 -0.005520045 -0.1264228 -0.9919611 -0.005519986 -0.1254621 -0.991961 -0.01651722 -0.1254606 -0.9919612 -0.01651561 -0.1235451 -0.991961 -0.02738988 -0.1235432 -0.9919613 -0.02738648 -0.1206857 -0.9919612 -0.03805488 -0.1206881 -0.991961 -0.03805023 -0.11691 -0.9919612 -0.04842811 -0.1169123 -0.991961 -0.04842543 -0.1122475 -0.9919607 -0.05843478 -0.1122456 -0.9919611 -0.05843085 -0.1067267 -0.9919607 -0.06799566 -0.1067253 -0.9919613 -0.0679894 -0.1003936 -0.9919607 -0.07703995 -0.1003931 -0.9919614 -0.07703095 -0.09329843 -0.9919606 -0.08549672 -0.0932973 -0.9919614 -0.08548796 -0.08549141 -0.9919604 -0.09330582 -0.08549225 -0.9919614 -0.09329408 -0.07703465 -0.9919614 -0.1003907 -0.077035 -0.9919614 -0.1003906 -0.06799179 -0.9919609 -0.1067282 -0.06799209 -0.9919618 -0.1067186 -0.0584312 -0.9919607 -0.1122488 -0.05843138 -0.991961 -0.1122469 -0.04842597 -0.9919615 -0.1169069 -0.04842609 -0.9919613 -0.1169092 -0.03805255 -0.9919611 -0.120687 -0.0380522 -0.9919618 -0.1206816 -0.02738898 -0.9919602 -0.1235518 -0.02738887 -0.9919617 -0.1235394 -0.01651746 -0.9919602 -0.1254683 -0.01651704 -0.9919626 -0.125449 -0.005519807 -0.9919607 -0.1264266 -0.005519747 -0.9919612 -0.1264227 0.005519807 -0.9919596 -0.1264352 0.005519747 -0.9919617 -0.1264182 0.01651722 -0.9919601 -0.1254684 0.01651728 -0.991962 -0.1254538 0.02738875 -0.9919601 -0.1235519 0.0273891 -0.9919612 -0.1235429 0.03805202 -0.9919601 -0.1206951 0.03805261 -0.9919619 -0.1206799 0.04842603 -0.9919606 -0.1169158 0.04842603 -0.9919614 -0.1169078 0.0584312 -0.9919598 -0.112257 0.05843144 -0.9919615 -0.112242 0.06799179 -0.9919609 -0.1067282 0.06799215 -0.9919617 -0.1067204 0.07703471 -0.9919606 -0.1003994 0.07703477 -0.9919621 -0.1003837 0.08549177 -0.9919603 -0.09330624 0.08549141 -0.9919616 -0.09329205 0.09329688 -0.9919605 -0.08549958 0.09329819 -0.9919614 -0.08548778 0.1003928 -0.9919605 -0.07704365 0.100394 -0.9919614 -0.07703059 0.1067268 -0.9919607 -0.06799566 0.1067255 -0.9919613 -0.06798958 0.1122455 -0.9919611 -0.05843156 0.1122472 -0.9919608 -0.05843383 0.1169108 -0.991961 -0.04842853 0.1169116 -0.9919611 -0.048424 0.1206867 -0.991961 -0.03805631 0.1206864 -0.9919613 -0.03804856 0.1235429 -0.9919612 -0.0273894 0.1235441 -0.9919612 -0.02738672 0.1254621 -0.991961 -0.01651656 0.1254589 -0.9919614 -0.01651537 0.1264199 -0.9919615 -0.005519926 0.1264241 -0.991961 -0.005520045 0.1264221 -0.9919613 0.005520045 0.1264228 -0.9919611 0.005519986 0.1254621 -0.991961 0.01651722 0.1254606 -0.9919612 0.01651561 0.1235451 -0.991961 0.02738988 0.1235432 -0.9919613 0.02738648 0.1206857 -0.9919612 0.03805488 0.1206881 -0.991961 0.03805023 0.11691 -0.9919612 0.04842811 0.1169123 -0.991961 0.04842543 0.1122475 -0.9919607 0.05843478 0.1122456 -0.9919611 0.05843085 0.1067267 -0.9919607 0.06799566 0.1067253 -0.9919613 0.0679894 0.1003936 -0.9919607 0.07703995 0.1003931 -0.9919614 0.07703095 0.09329843 -0.9919606 0.08549672 0.0932973 -0.9919614 0.08548796 0.08549141 -0.9919604 0.09330582 0.08549225 -0.9919614 0.09329408 0.07703465 -0.9919614 0.1003907 0.077035 -0.9919614 0.1003906 0.06799179 -0.9919609 0.1067282 0.06799209 -0.9919618 0.1067186 0.0584312 -0.9919607 0.1122488 0.05843138 -0.991961 0.1122469 0.04842597 -0.9919615 0.1169069 0.04842609 -0.9919613 0.1169092 0.03805255 -0.9919611 0.120687 0.0380522 -0.9919618 0.1206816 0.02738898 -0.9919602 0.1235518 0.02738887 -0.9919617 0.1235394 0.01651746 -0.9919602 0.1254683 0.01651704 -0.9919626 0.125449 0.005519807 -0.9919607 0.1264266 0.005519747 -0.9919612 0.1264227 -0.005519807 -0.9919596 0.1264352 -0.001844108 -0.9991064 0.04222702 -0.005518257 -0.9991056 0.0419262 -0.005518257 -0.9991062 0.04190796 -0.009150445 -0.9991059 0.04127472 -0.009150505 -0.9991063 0.04126834 -0.01271307 -0.9991056 0.04032808 -0.01271307 -0.9991061 0.0403192 -0.01617878 -0.9991059 0.03905993 -0.0161789 -0.9991062 0.03905498 -0.01952141 -0.9991058 0.03750509 -0.01952153 -0.9991062 0.03749424 -0.02271556 -0.9991058 0.03566384 -0.02271556 -0.9991062 0.03564983 -0.02573674 -0.9991059 0.03354424 -0.02573668 -0.9991061 0.0335375 -0.02856194 -0.9991059 0.03117305 -0.02856189 -0.999106 0.0311684 -0.03117036 -0.9991058 0.02856767 -0.03116965 -0.9991062 0.02855539 -0.03354084 -0.9991061 0.02573591 -0.03354114 -0.9991059 0.02573651 -0.03565657 -0.9991059 0.02271777 -0.03565597 -0.9991061 0.02271229 -0.03750073 -0.999106 0.01952141 -0.03750026 -0.999106 0.01952052 -0.03905946 -0.9991059 0.0161817 -0.03905904 -0.9991059 0.01617699 -0.04032021 -0.9991059 0.01271581 -0.04032075 -0.9991061 0.01271051 -0.04127442 -0.9991061 0.009150266 -0.04127526 -0.9991059 0.009149432 -0.04191559 -0.9991059 0.005519747 -0.04191571 -0.9991059 0.005517959 -0.04223704 -0.9991059 0.001843512 -0.04223799 -0.9991059 0.00184375 -0.04223781 -0.9991059 -0.001844644 -0.04223734 -0.9991059 -0.00184369 -0.04191559 -0.9991059 -0.005519986 -0.04191583 -0.999106 -0.005518019 -0.04127514 -0.9991059 -0.009152591 -0.04127496 -0.9991061 -0.009149312 -0.04032129 -0.9991059 -0.01271617 -0.04032033 -0.999106 -0.01271152 -0.03905987 -0.9991059 -0.01618182 -0.03905862 -0.9991061 -0.01617574 -0.03750067 -0.9991059 -0.01952356 -0.03750014 -0.999106 -0.01951938 -0.03565633 -0.9991059 -0.02271759 -0.03565597 -0.999106 -0.02271455 -0.0335409 -0.9991059 -0.0257402 -0.03354096 -0.9991059 -0.02573645 -0.03117012 -0.9991059 -0.02856308 -0.03117001 -0.9991061 -0.0285601 -0.02856212 -0.9991058 -0.03117316 -0.02856183 -0.9991061 -0.03116619 -0.02573674 -0.9991059 -0.03354424 -0.02573668 -0.9991061 -0.03353691 -0.02271568 -0.9991058 -0.03566384 -0.02271544 -0.9991059 -0.03565704 -0.01952159 -0.9991061 -0.03749656 -0.01952141 -0.9991061 -0.03749793 -0.01617884 -0.9991059 -0.03905987 -0.0161789 -0.9991061 -0.03905558 -0.01271295 -0.9991056 -0.04032802 -0.01271313 -0.9991059 -0.0403217 -0.009150445 -0.9991056 -0.04128354 -0.009150505 -0.9991065 -0.04126411 -0.005518198 -0.9991056 -0.0419262 -0.005518317 -0.9991062 -0.04191195 -0.001844048 -0.9991055 -0.04224753 -0.001844108 -0.9991064 -0.04222768 0.001844048 -0.9991056 -0.04224753 0.001844108 -0.9991064 -0.04222702 0.005518257 -0.9991056 -0.0419262 0.005518257 -0.9991062 -0.04190796 0.009150445 -0.9991059 -0.04127472 0.009150505 -0.9991063 -0.04126834 0.01271307 -0.9991056 -0.04032808 0.01271307 -0.9991061 -0.0403192 0.01617878 -0.9991059 -0.03905993 0.0161789 -0.9991062 -0.03905498 0.01952141 -0.9991058 -0.03750509 0.01952153 -0.9991062 -0.03749424 0.02271556 -0.9991058 -0.03566384 0.02271556 -0.9991062 -0.03564983 0.02573674 -0.9991059 -0.03354424 0.02573668 -0.9991061 -0.0335375 0.02856194 -0.9991059 -0.03117305 0.02856189 -0.999106 -0.0311684 0.03117036 -0.9991058 -0.02856767 0.03116965 -0.9991062 -0.02855539 0.03354084 -0.9991061 -0.02573591 0.03354114 -0.9991059 -0.02573651 0.03565657 -0.9991059 -0.02271777 0.03565597 -0.9991061 -0.02271229 0.03750073 -0.999106 -0.01952141 0.03750026 -0.999106 -0.01952052 0.03905946 -0.9991059 -0.0161817 0.03905904 -0.9991059 -0.01617699 0.04032021 -0.9991059 -0.01271581 0.04032075 -0.9991061 -0.01271051 0.04127442 -0.9991061 -0.009150266 0.04127526 -0.9991059 -0.009149432 0.04191559 -0.9991059 -0.005519747 0.04191571 -0.9991059 -0.005517959 0.04223704 -0.9991059 -0.001843512 0.04223799 -0.9991059 -0.00184375 0.04223781 -0.9991059 0.001844644 0.04223734 -0.9991059 0.00184369 0.04191559 -0.9991059 0.005519986 0.04191583 -0.999106 0.005518019 0.04127514 -0.9991059 0.009152591 0.04127496 -0.9991061 0.009149312 0.04032129 -0.9991059 0.01271617 0.04032033 -0.999106 0.01271152 0.03905987 -0.9991059 0.01618182 0.03905862 -0.9991061 0.01617574 0.03750067 -0.9991059 0.01952356 0.03750014 -0.999106 0.01951938 0.03565633 -0.9991059 0.02271759 0.03565597 -0.999106 0.02271455 0.0335409 -0.9991059 0.0257402 0.03354096 -0.9991059 0.02573645 0.03117012 -0.9991059 0.02856308 0.03117001 -0.9991061 0.0285601 0.02856212 -0.9991058 0.03117316 0.02856183 -0.9991061 0.03116619 0.02573674 -0.9991059 0.03354424 0.02573668 -0.9991061 0.03353691 0.02271568 -0.9991058 0.03566384 0.02271544 -0.9991059 0.03565704 0.01952159 -0.9991061 0.03749656 0.01952141 -0.9991061 0.03749793 0.01617884 -0.9991059 0.03905987 0.0161789 -0.9991061 0.03905558 0.01271295 -0.9991056 0.04032802 0.01271313 -0.9991059 0.0403217 0.009150445 -0.9991056 0.04128354 0.009150505 -0.9991065 0.04126411 0.005518198 -0.9991056 0.0419262 0.005518317 -0.9991062 0.04191195 0.001844048 -0.9991055 0.04224753 0.001844108 -0.9991064 0.04222768 -0.001844048 -0.9991056 0.04224753 -0.03991973 -0.4030219 -0.9143193 -0.1194579 -0.4030202 -0.9073613 -0.1194561 -0.4030228 -0.9073604 -0.1980825 -0.4030215 -0.8934971 -0.1980833 -0.4030209 -0.8934971 -0.2752022 -0.4030206 -0.8728335 -0.2752051 -0.4030213 -0.8728321 -0.3502284 -0.4030193 -0.8455268 -0.3502269 -0.4030222 -0.8455261 -0.4225873 -0.403023 -0.8117835 -0.4225886 -0.4030199 -0.8117845 -0.4917319 -0.4030119 -0.7718686 -0.4917302 -0.403025 -0.771863 -0.5571357 -0.4030174 -0.7260695 -0.5571317 -0.4030226 -0.7260697 -0.6182949 -0.4030169 -0.6747509 -0.6182954 -0.403021 -0.6747481 -0.674751 -0.4030227 -0.6182911 -0.6747474 -0.4030274 -0.618292 -0.7260708 -0.4030211 -0.5571313 -0.7260704 -0.4030199 -0.5571328 -0.7718604 -0.4030296 -0.4917303 -0.771867 -0.403015 -0.4917319 -0.8117874 -0.4030128 -0.4225897 -0.81178 -0.4030314 -0.4225862 -0.8455259 -0.4030213 -0.3502281 -0.8455264 -0.4030194 -0.3502292 -0.8728327 -0.4030211 -0.2752038 -0.8728324 -0.4030218 -0.2752039 -0.8935008 -0.4030131 -0.1980835 -0.8934927 -0.4030315 -0.1980822 -0.9073574 -0.4030296 -0.1194559 -0.9073613 -0.403021 -0.1194565 -0.9143196 -0.4030213 -0.03992074 -0.914318 -0.4030251 -0.03992021 -0.9143233 -0.4030129 0.03992086 -0.9143161 -0.4030292 0.03992015 -0.9073613 -0.4030212 0.1194558 -0.9073585 -0.4030269 0.1194565 -0.8934935 -0.4030297 0.1980819 -0.8934977 -0.40302 0.198083 -0.8728292 -0.4030295 0.2752028 -0.8728356 -0.4030138 0.2752052 -0.8455253 -0.403021 0.3502303 -0.8455273 -0.4030185 0.3502283 -0.8117815 -0.4030301 0.4225844 -0.8117849 -0.4030183 0.4225893 -0.7718614 -0.40303 0.4917284 -0.7718667 -0.4030145 0.4917329 -0.7260686 -0.4030212 0.557134 -0.7260739 -0.4030152 0.5571315 -0.6747468 -0.403026 0.6182934 -0.6747509 -0.4030216 0.618292 -0.6182949 -0.4030169 0.6747509 -0.6182944 -0.4030181 0.6747507 -0.5571328 -0.4030162 0.7260724 -0.5571336 -0.4030209 0.726069 -0.49173 -0.4030163 0.7718676 -0.491732 -0.4030219 0.7718635 -0.4225871 -0.403019 0.8117856 -0.42259 -0.4030237 0.8117817 -0.3502278 -0.4030234 0.8455251 -0.3502278 -0.4030188 0.8455272 -0.2752036 -0.4030188 0.8728338 -0.2752037 -0.4030231 0.8728318 -0.1980825 -0.4030213 0.8934972 -0.1980835 -0.4030221 0.8934966 -0.1194571 -0.4030231 0.9073601 -0.1194571 -0.4030207 0.9073612 -0.03992009 -0.403021 0.9143197 -0.03991979 -0.4030203 0.91432 0.03992009 -0.4030188 0.9143206 0.03991973 -0.4030219 0.9143193 0.1194579 -0.4030202 0.9073613 0.1194561 -0.4030228 0.9073604 0.1980825 -0.4030215 0.8934971 0.1980833 -0.4030209 0.8934971 0.2752022 -0.4030206 0.8728335 0.2752051 -0.4030213 0.8728321 0.3502284 -0.4030193 0.8455268 0.3502269 -0.4030222 0.8455261 0.4225873 -0.403023 0.8117835 0.4225886 -0.4030199 0.8117845 0.4917319 -0.4030119 0.7718686 0.4917302 -0.403025 0.771863 0.5571357 -0.4030174 0.7260695 0.5571317 -0.4030226 0.7260697 0.6182949 -0.4030169 0.6747509 0.6182954 -0.403021 0.6747481 0.674751 -0.4030227 0.6182911 0.6747474 -0.4030274 0.618292 0.7260708 -0.4030211 0.5571313 0.7260704 -0.4030199 0.5571328 0.7718604 -0.4030296 0.4917303 0.771867 -0.403015 0.4917319 0.8117874 -0.4030128 0.4225897 0.81178 -0.4030314 0.4225862 0.8455259 -0.4030213 0.3502281 0.8455264 -0.4030194 0.3502292 0.8728327 -0.4030211 0.2752038 0.8728324 -0.4030218 0.2752039 0.8935008 -0.4030131 0.1980835 0.8934927 -0.4030315 0.1980822 0.9073574 -0.4030296 0.1194559 0.9073613 -0.403021 0.1194565 0.9143196 -0.4030213 0.03992074 0.914318 -0.4030251 0.03992021 0.9143233 -0.4030129 -0.03992086 0.9143161 -0.4030292 -0.03992015 0.9073613 -0.4030212 -0.1194558 0.9073585 -0.4030269 -0.1194565 0.8934935 -0.4030297 -0.1980819 0.8934977 -0.40302 -0.198083 0.8728292 -0.4030295 -0.2752028 0.8728356 -0.4030138 -0.2752052 0.8455253 -0.403021 -0.3502303 0.8455273 -0.4030185 -0.3502283 0.8117815 -0.4030301 -0.4225844 0.8117849 -0.4030183 -0.4225893 0.7718614 -0.40303 -0.4917284 0.7718667 -0.4030145 -0.4917329 0.7260686 -0.4030212 -0.557134 0.7260739 -0.4030152 -0.5571315 0.6747468 -0.403026 -0.6182934 0.6747509 -0.4030216 -0.618292 0.6182949 -0.4030169 -0.6747509 0.6182944 -0.4030181 -0.6747507 0.5571328 -0.4030162 -0.7260724 0.5571336 -0.4030209 -0.726069 0.49173 -0.4030163 -0.7718676 0.491732 -0.4030219 -0.7718635 0.4225871 -0.403019 -0.8117856 0.42259 -0.4030237 -0.8117817 0.3502278 -0.4030234 -0.8455251 0.3502278 -0.4030188 -0.8455272 0.2752036 -0.4030188 -0.8728338 0.2752037 -0.4030231 -0.8728318 0.1980825 -0.4030213 -0.8934972 0.1980835 -0.4030221 -0.8934966 0.1194571 -0.4030231 -0.9073601 0.1194571 -0.4030207 -0.9073612 0.03992009 -0.403021 -0.9143197 0.03991979 -0.4030203 -0.91432 -0.03992009 -0.4030188 -0.9143206 -0.04126095 -0.3243877 -0.945024 -0.1234694 -0.3243862 -0.937832 -0.1234662 -0.3243871 -0.9378322 -0.2047375 -0.324387 -0.9235018 -0.2047334 -0.3243866 -0.9235029 -0.2844458 -0.3243874 -0.9021438 -0.2844437 -0.3243876 -0.9021444 -0.3619884 -0.3243891 -0.87392 -0.3619914 -0.3243881 -0.8739192 -0.43678 -0.324383 -0.8390464 -0.4367788 -0.3243907 -0.8390441 -0.5082448 -0.3243879 -0.7977843 -0.5082452 -0.3243934 -0.7977818 -0.5758402 -0.3243879 -0.7504537 -0.5758443 -0.3243854 -0.7504516 -0.6390606 -0.3243796 -0.6974092 -0.6390565 -0.3243921 -0.6974071 -0.6974089 -0.3243922 -0.6390545 -0.6974078 -0.3243837 -0.6390599 -0.7504534 -0.3243778 -0.5758463 -0.7504517 -0.3243873 -0.5758431 -0.7977846 -0.3243871 -0.5082447 -0.7977845 -0.3243887 -0.508244 -0.8390424 -0.324397 -0.4367774 -0.8390467 -0.3243826 -0.43678 -0.8739198 -0.3243874 -0.3619906 -0.873923 -0.3243791 -0.3619902 -0.9021412 -0.3243965 -0.2844437 -0.9021456 -0.324383 -0.2844452 -0.9235022 -0.3243877 -0.2047346 -0.9235032 -0.3243846 -0.2047351 -0.9378349 -0.3243786 -0.1234682 -0.9378339 -0.3243817 -0.123468 -0.945021 -0.3243965 -0.0412603 -0.9450246 -0.3243858 -0.04126131 -0.9450209 -0.3243965 0.04126048 -0.9450232 -0.3243899 0.04126089 -0.9378318 -0.3243876 0.1234672 -0.9378351 -0.324378 0.1234684 -0.9235023 -0.3243876 0.2047346 -0.9235017 -0.3243887 0.2047351 -0.9021441 -0.3243875 0.2844447 -0.9021423 -0.3243924 0.2844448 -0.8739198 -0.3243874 0.3619906 -0.8739228 -0.32438 0.3619898 -0.8390427 -0.3243968 0.4367772 -0.8390466 -0.3243831 0.4367797 -0.7977852 -0.3243878 0.5082433 -0.7977848 -0.3243839 0.5082468 -0.7504525 -0.324388 0.5758416 -0.7504533 -0.3243778 0.5758463 -0.6974076 -0.3243927 0.6390556 -0.6974087 -0.3243827 0.6390595 -0.6390573 -0.324383 0.6974106 -0.6390586 -0.324387 0.6974076 -0.5758419 -0.3243874 0.7504526 -0.5758422 -0.3243878 0.7504522 -0.5082454 -0.32439 0.7977831 -0.5082447 -0.3243926 0.7977824 -0.436779 -0.3243898 0.8390445 -0.4367791 -0.324384 0.8390465 -0.3619898 -0.3243867 0.8739203 -0.3619903 -0.3243892 0.8739191 -0.284447 -0.32439 0.9021426 -0.2844435 -0.3243861 0.902145 -0.2047339 -0.3243878 0.9235024 -0.2047373 -0.3243861 0.9235022 -0.123467 -0.3243854 0.9378327 -0.1234682 -0.3243871 0.9378319 -0.04126179 -0.3243868 0.9450242 -0.04125833 -0.3243913 0.9450229 0.04125922 -0.324391 0.9450228 0.04126095 -0.3243877 0.945024 0.1234694 -0.3243862 0.937832 0.1234662 -0.3243871 0.9378322 0.2047375 -0.324387 0.9235018 0.2047334 -0.3243866 0.9235029 0.2844458 -0.3243874 0.9021438 0.2844437 -0.3243876 0.9021444 0.3619884 -0.3243891 0.87392 0.3619914 -0.3243881 0.8739192 0.43678 -0.324383 0.8390464 0.4367788 -0.3243907 0.8390441 0.5082448 -0.3243879 0.7977843 0.5082452 -0.3243934 0.7977818 0.5758402 -0.3243879 0.7504537 0.5758443 -0.3243854 0.7504516 0.6390606 -0.3243796 0.6974092 0.6390565 -0.3243921 0.6974071 0.6974089 -0.3243922 0.6390545 0.6974078 -0.3243837 0.6390599 0.7504534 -0.3243778 0.5758463 0.7504517 -0.3243873 0.5758431 0.7977846 -0.3243871 0.5082447 0.7977845 -0.3243887 0.508244 0.8390424 -0.324397 0.4367774 0.8390467 -0.3243826 0.43678 0.8739198 -0.3243874 0.3619906 0.873923 -0.3243791 0.3619902 0.9021412 -0.3243965 0.2844437 0.9021456 -0.324383 0.2844452 0.9235022 -0.3243877 0.2047346 0.9235032 -0.3243846 0.2047351 0.9378349 -0.3243786 0.1234682 0.9378339 -0.3243817 0.123468 0.945021 -0.3243965 0.0412603 0.9450246 -0.3243858 0.04126131 0.9450209 -0.3243965 -0.04126048 0.9450232 -0.3243899 -0.04126089 0.9378318 -0.3243876 -0.1234672 0.9378351 -0.324378 -0.1234684 0.9235023 -0.3243876 -0.2047346 0.9235017 -0.3243887 -0.2047351 0.9021441 -0.3243875 -0.2844447 0.9021423 -0.3243924 -0.2844448 0.8739198 -0.3243874 -0.3619906 0.8739228 -0.32438 -0.3619898 0.8390427 -0.3243968 -0.4367772 0.8390466 -0.3243831 -0.4367797 0.7977852 -0.3243878 -0.5082433 0.7977848 -0.3243839 -0.5082468 0.7504525 -0.324388 -0.5758416 0.7504533 -0.3243778 -0.5758463 0.6974076 -0.3243927 -0.6390556 0.6974087 -0.3243827 -0.6390595 0.6390573 -0.324383 -0.6974106 0.6390586 -0.324387 -0.6974076 0.5758419 -0.3243874 -0.7504526 0.5758422 -0.3243878 -0.7504522 0.5082454 -0.32439 -0.7977831 0.5082447 -0.3243926 -0.7977824 0.436779 -0.3243898 -0.8390445 0.4367791 -0.324384 -0.8390465 0.3619898 -0.3243867 -0.8739203 0.3619903 -0.3243892 -0.8739191 0.284447 -0.32439 -0.9021426 0.2844435 -0.3243861 -0.902145 0.2047339 -0.3243878 -0.9235024 0.2047373 -0.3243861 -0.9235022 0.123467 -0.3243854 -0.9378327 0.1234682 -0.3243871 -0.9378319 0.04126179 -0.3243868 -0.9450242 0.04125833 -0.3243913 -0.9450229 -0.04125922 -0.324391 -0.9450228 -0.04230594 -0.2434512 -0.9689901 -0.1266008 -0.2434492 -0.9616158 -0.1265971 -0.2434539 -0.961615 -0.2099283 -0.2434532 -0.9469217 -0.209927 -0.2434515 -0.9469224 -0.2916593 -0.2434532 -0.9250219 -0.2916593 -0.2434496 -0.9250229 -0.3711711 -0.2434518 -0.8960821 -0.3711687 -0.2434459 -0.8960847 -0.4478548 -0.2434505 -0.8603243 -0.4478583 -0.2434489 -0.860323 -0.5211327 -0.2434498 -0.8180177 -0.5211344 -0.2434471 -0.8180175 -0.5904448 -0.2434502 -0.7694849 -0.5904443 -0.2434517 -0.7694848 -0.6552631 -0.2434555 -0.7150942 -0.6552624 -0.2434508 -0.7150965 -0.7150945 -0.2434509 -0.6552646 -0.7150971 -0.2434478 -0.6552628 -0.7694838 -0.2434611 -0.5904418 -0.7694837 -0.2434532 -0.5904452 -0.8180165 -0.2434506 -0.5211343 -0.8180163 -0.2434543 -0.5211328 -0.8603237 -0.243451 -0.4478558 -0.8603249 -0.2434422 -0.4478584 -0.8960844 -0.2434412 -0.3711727 -0.8960819 -0.2434594 -0.3711671 -0.9250224 -0.2434509 -0.2916593 -0.9250227 -0.2434506 -0.2916591 -0.9469202 -0.2434605 -0.2099269 -0.946924 -0.2434442 -0.2099285 -0.9616155 -0.2434511 -0.1265997 -0.9616144 -0.2434558 -0.1265984 -0.9689925 -0.2434415 -0.04230713 -0.9689907 -0.2434489 -0.04230684 -0.9689902 -0.2434509 0.04230701 -0.9689924 -0.2434419 0.0423069 -0.9616153 -0.2434509 0.1266003 -0.9616127 -0.243463 0.1265982 -0.9469179 -0.2434698 0.2099263 -0.9469256 -0.2434376 0.2099286 -0.9250221 -0.2434508 0.2916605 -0.9250233 -0.243448 0.291659 -0.8960853 -0.2434413 0.3711703 -0.8960824 -0.2434558 0.3711679 -0.8603239 -0.2434509 0.4478556 -0.8603243 -0.2434437 0.4478587 -0.8180165 -0.2434506 0.5211343 -0.8180174 -0.2434546 0.5211311 -0.7694834 -0.2434509 0.5904465 -0.7694829 -0.24346 0.5904435 -0.7150951 -0.2434507 0.6552639 -0.7150958 -0.243452 0.6552627 -0.6552647 -0.243446 0.7150959 -0.6552604 -0.2434592 0.7150955 -0.5904472 -0.2434557 0.7694813 -0.5904434 -0.2434484 0.7694866 -0.5211346 -0.2434462 0.8180176 -0.5211345 -0.2434492 0.8180168 -0.4478561 -0.243448 0.8603243 -0.4478579 -0.2434521 0.8603224 -0.3711686 -0.2434486 0.8960842 -0.3711709 -0.243449 0.896083 -0.291658 -0.2434509 0.9250229 -0.2916598 -0.2434507 0.9250223 -0.2099273 -0.2434515 0.9469224 -0.2099275 -0.2434532 0.9469219 -0.1265982 -0.2434515 0.9616155 -0.1265997 -0.2434518 0.9616152 -0.04230707 -0.2434511 0.9689901 -0.04230588 -0.2434494 0.9689905 0.0423069 -0.2434487 0.9689906 0.04230594 -0.2434512 0.9689901 0.1266008 -0.2434492 0.9616158 0.1265971 -0.2434539 0.961615 0.2099283 -0.2434532 0.9469217 0.209927 -0.2434515 0.9469224 0.2916593 -0.2434532 0.9250219 0.2916593 -0.2434496 0.9250229 0.3711711 -0.2434518 0.8960821 0.3711687 -0.2434459 0.8960847 0.4478548 -0.2434505 0.8603243 0.4478583 -0.2434489 0.860323 0.5211327 -0.2434498 0.8180177 0.5211344 -0.2434471 0.8180175 0.5904448 -0.2434502 0.7694849 0.5904443 -0.2434517 0.7694848 0.6552631 -0.2434555 0.7150942 0.6552624 -0.2434508 0.7150965 0.7150945 -0.2434509 0.6552646 0.7150971 -0.2434478 0.6552628 0.7694838 -0.2434611 0.5904418 0.7694837 -0.2434532 0.5904452 0.8180165 -0.2434506 0.5211343 0.8180163 -0.2434543 0.5211328 0.8603237 -0.243451 0.4478558 0.8603249 -0.2434422 0.4478584 0.8960844 -0.2434412 0.3711727 0.8960819 -0.2434594 0.3711671 0.9250224 -0.2434509 0.2916593 0.9250227 -0.2434506 0.2916591 0.9469202 -0.2434605 0.2099269 0.946924 -0.2434442 0.2099285 0.9616155 -0.2434511 0.1265997 0.9616144 -0.2434558 0.1265984 0.9689925 -0.2434415 0.04230713 0.9689907 -0.2434489 0.04230684 0.9689902 -0.2434509 -0.04230701 0.9689924 -0.2434419 -0.0423069 0.9616153 -0.2434509 -0.1266003 0.9616127 -0.243463 -0.1265982 0.9469179 -0.2434698 -0.2099263 0.9469256 -0.2434376 -0.2099286 0.9250221 -0.2434508 -0.2916605 0.9250233 -0.243448 -0.291659 0.8960853 -0.2434413 -0.3711703 0.8960824 -0.2434558 -0.3711679 0.8603239 -0.2434509 -0.4478556 0.8603243 -0.2434437 -0.4478587 0.8180165 -0.2434506 -0.5211343 0.8180174 -0.2434546 -0.5211311 0.7694834 -0.2434509 -0.5904465 0.7694829 -0.24346 -0.5904435 0.7150951 -0.2434507 -0.6552639 0.7150958 -0.243452 -0.6552627 0.6552647 -0.243446 -0.7150959 0.6552604 -0.2434592 -0.7150955 0.5904472 -0.2434557 -0.7694813 0.5904434 -0.2434484 -0.7694866 0.5211346 -0.2434462 -0.8180176 0.5211345 -0.2434492 -0.8180168 0.4478561 -0.243448 -0.8603243 0.4478579 -0.2434521 -0.8603224 0.3711686 -0.2434486 -0.8960842 0.3711709 -0.243449 -0.896083 0.291658 -0.2434509 -0.9250229 0.2916598 -0.2434507 -0.9250223 0.2099273 -0.2434515 -0.9469224 0.2099275 -0.2434532 -0.9469219 0.1265982 -0.2434515 -0.9616155 0.1265997 -0.2434518 -0.9616152 0.04230707 -0.2434511 -0.9689901 0.04230588 -0.2434494 -0.9689905 -0.0423069 -0.2434487 -0.9689906 -0.04305028 -0.1607859 -0.9860501 -0.1288281 -0.1607868 -0.9785453 -0.128829 -0.1607827 -0.9785459 -0.2136219 -0.1607831 -0.9635946 -0.2136256 -0.1607841 -0.9635936 -0.2967922 -0.1607844 -0.9413091 -0.2967922 -0.1607885 -0.9413084 -0.377703 -0.16079 -0.9118591 -0.3777035 -0.1607912 -0.9118587 -0.4557409 -0.1607902 -0.8754695 -0.455742 -0.1607858 -0.8754697 -0.5303075 -0.1607881 -0.8324189 -0.5303098 -0.1607881 -0.8324174 -0.600841 -0.160783 -0.7830319 -0.6008412 -0.1607894 -0.7830305 -0.6668018 -0.160783 -0.7276842 -0.6668003 -0.1607855 -0.727685 -0.727683 -0.1607828 -0.6668032 -0.7276861 -0.1607907 -0.6667979 -0.7830301 -0.160793 -0.6008406 -0.7830322 -0.1607728 -0.6008434 -0.832419 -0.1607831 -0.5303089 -0.8324171 -0.160791 -0.5303094 -0.8754698 -0.1607931 -0.4557393 -0.8754709 -0.1607828 -0.4557408 -0.9118579 -0.1607928 -0.3777048 -0.9118579 -0.1607978 -0.3777026 -0.9413086 -0.1607831 -0.2967947 -0.9413085 -0.1607894 -0.2967913 -0.9635924 -0.160793 -0.2136241 -0.9635958 -0.1607742 -0.2136233 -0.9785476 -0.1607735 -0.1288281 -0.9785457 -0.1607854 -0.1288278 -0.986052 -0.1607734 -0.04305213 -0.9860495 -0.1607888 -0.04305183 -0.986052 -0.1607734 0.04305213 -0.986049 -0.1607922 0.04305166 -0.9785444 -0.1607931 0.1288276 -0.9785473 -0.160774 0.1288287 -0.9635927 -0.160793 0.2136228 -0.963595 -0.1607785 0.2136235 -0.9413084 -0.1607832 0.2967949 -0.9413084 -0.1607899 0.2967913 -0.9118577 -0.160793 0.3777052 -0.9118582 -0.1607949 0.3777032 -0.8754713 -0.1607832 0.45574 -0.8754699 -0.1607867 0.4557415 -0.8324186 -0.1607832 0.5303094 -0.832419 -0.1607851 0.5303083 -0.7830315 -0.1607832 0.6008417 -0.7830323 -0.1607776 0.6008421 -0.727686 -0.1607784 0.6668009 -0.7276853 -0.1607925 0.6667982 -0.6668003 -0.1607833 0.7276854 -0.6668015 -0.1607837 0.7276843 -0.6008426 -0.1607838 0.7830306 -0.6008415 -0.1607874 0.7830306 -0.5303103 -0.1607839 0.832418 -0.5303086 -0.1607918 0.8324175 -0.4557402 -0.1607879 0.8754703 -0.4557434 -0.1607892 0.8754683 -0.3777027 -0.1607897 0.9118593 -0.3777045 -0.1607919 0.9118583 -0.296792 -0.1607893 0.9413083 -0.296793 -0.1607843 0.9413089 -0.2136243 -0.1607843 0.9635939 -0.2136231 -0.1607829 0.9635944 -0.1288282 -0.1607836 0.9785459 -0.128829 -0.1607859 0.9785454 -0.04305028 -0.1607864 0.9860499 -0.04305285 -0.1607854 0.98605 0.04305285 -0.1607857 0.9860499 0.04305028 -0.1607859 0.9860501 0.1288281 -0.1607868 0.9785453 0.128829 -0.1607827 0.9785459 0.2136219 -0.1607831 0.9635946 0.2136256 -0.1607841 0.9635936 0.2967922 -0.1607844 0.9413091 0.2967922 -0.1607885 0.9413084 0.377703 -0.16079 0.9118591 0.3777035 -0.1607912 0.9118587 0.4557409 -0.1607902 0.8754695 0.455742 -0.1607858 0.8754697 0.5303075 -0.1607881 0.8324189 0.5303098 -0.1607881 0.8324174 0.600841 -0.160783 0.7830319 0.6008412 -0.1607894 0.7830305 0.6668018 -0.160783 0.7276842 0.6668003 -0.1607855 0.727685 0.727683 -0.1607828 0.6668032 0.7276861 -0.1607907 0.6667979 0.7830301 -0.160793 0.6008406 0.7830322 -0.1607728 0.6008434 0.832419 -0.1607831 0.5303089 0.8324171 -0.160791 0.5303094 0.8754698 -0.1607931 0.4557393 0.8754709 -0.1607828 0.4557408 0.9118579 -0.1607928 0.3777048 0.9118579 -0.1607978 0.3777026 0.9413086 -0.1607831 0.2967947 0.9413085 -0.1607894 0.2967913 0.9635924 -0.160793 0.2136241 0.9635958 -0.1607742 0.2136233 0.9785476 -0.1607735 0.1288281 0.9785457 -0.1607854 0.1288278 0.986052 -0.1607734 0.04305213 0.9860495 -0.1607888 0.04305183 0.986052 -0.1607734 -0.04305213 0.986049 -0.1607922 -0.04305166 0.9785444 -0.1607931 -0.1288276 0.9785473 -0.160774 -0.1288287 0.9635927 -0.160793 -0.2136228 0.963595 -0.1607785 -0.2136235 0.9413084 -0.1607832 -0.2967949 0.9413084 -0.1607899 -0.2967913 0.9118577 -0.160793 -0.3777052 0.9118582 -0.1607949 -0.3777032 0.8754713 -0.1607832 -0.45574 0.8754699 -0.1607867 -0.4557415 0.8324186 -0.1607832 -0.5303094 0.832419 -0.1607851 -0.5303083 0.7830315 -0.1607832 -0.6008417 0.7830323 -0.1607776 -0.6008421 0.727686 -0.1607784 -0.6668009 0.7276853 -0.1607925 -0.6667982 0.6668003 -0.1607833 -0.7276854 0.6668015 -0.1607837 -0.7276843 0.6008426 -0.1607838 -0.7830306 0.6008415 -0.1607874 -0.7830306 0.5303103 -0.1607839 -0.832418 0.5303086 -0.1607918 -0.8324175 0.4557402 -0.1607879 -0.8754703 0.4557434 -0.1607892 -0.8754683 0.3777027 -0.1607897 -0.9118593 0.3777045 -0.1607919 -0.9118583 0.296792 -0.1607893 -0.9413083 0.296793 -0.1607843 -0.9413089 0.2136243 -0.1607843 -0.9635939 0.2136231 -0.1607829 -0.9635944 0.1288282 -0.1607836 -0.9785459 0.128829 -0.1607859 -0.9785454 0.04305028 -0.1607864 -0.9860499 0.04305285 -0.1607854 -0.98605 -0.04305285 -0.1607857 -0.9860499 -0.0434907 -0.07697832 -0.9960839 -0.1301389 -0.07697838 -0.988503 -0.1301387 -0.07698416 -0.9885026 -0.215797 -0.07698422 -0.9733988 -0.2157969 -0.07698506 -0.9733987 -0.2998115 -0.07698357 -0.9508873 -0.2998161 -0.07697808 -0.9508863 -0.3815481 -0.07697522 -0.9211384 -0.3815487 -0.07698148 -0.9211376 -0.4603765 -0.07697969 -0.8843798 -0.4603794 -0.07697808 -0.8843785 -0.5357049 -0.07697731 -0.8408893 -0.5357061 -0.07698392 -0.840888 -0.6069556 -0.07697755 -0.790999 -0.6069532 -0.07698142 -0.7910006 -0.6735877 -0.0769875 -0.7350869 -0.6735827 -0.07697707 -0.7350924 -0.7350891 -0.07697725 -0.6735863 -0.7350898 -0.07698452 -0.6735848 -0.791 -0.07697737 -0.6069544 -0.7909974 -0.0769822 -0.6069572 -0.8408914 -0.07696747 -0.5357033 -0.8408899 -0.07698273 -0.5357031 -0.8843799 -0.07696741 -0.4603786 -0.8843782 -0.07698804 -0.4603784 -0.9211383 -0.07697749 -0.381548 -0.9211386 -0.07697468 -0.3815478 -0.9508868 -0.07697743 -0.2998147 -0.9508866 -0.07698237 -0.2998141 -0.9733996 -0.07697743 -0.215796 -0.9733984 -0.0769878 -0.2157974 -0.9885022 -0.07698744 -0.1301397 -0.9885029 -0.07697957 -0.1301388 -0.9960831 -0.07698744 -0.04348921 -0.9960832 -0.07698619 -0.04348993 -0.996084 -0.07697743 0.04348909 -0.9960827 -0.07699286 0.04349005 -0.988503 -0.07697743 0.1301392 -0.9885026 -0.07698464 0.1301388 -0.9733995 -0.07697743 0.2157961 -0.9733983 -0.07699 0.2157973 -0.950886 -0.07698744 0.2998144 -0.9508872 -0.07697772 0.2998133 -0.9211373 -0.07697743 0.3815501 -0.9211394 -0.07697433 0.3815459 -0.8843784 -0.07697731 0.4603797 -0.8843787 -0.07697975 0.4603785 -0.8408907 -0.07697755 0.5357028 -0.84089 -0.07698023 0.5357034 -0.7909989 -0.0769875 0.6069545 -0.7909983 -0.0769779 0.6069565 -0.735091 -0.07697755 0.6735842 -0.7350896 -0.07698523 0.6735849 -0.6735859 -0.07698267 0.735089 -0.6735848 -0.07698065 0.7350901 -0.6069524 -0.07697731 0.7910015 -0.606955 -0.07698363 0.7909988 -0.5357048 -0.07697981 0.8408892 -0.5357045 -0.07697933 0.8408893 -0.4603756 -0.07697725 0.8843805 -0.4603794 -0.07698088 0.8843782 -0.38155 -0.07698142 0.921137 -0.3815467 -0.07697445 0.9211391 -0.2998139 -0.07697594 0.9508872 -0.2998139 -0.07698506 0.9508864 -0.215797 -0.07698422 0.9733988 -0.2157974 -0.07698512 0.9733986 -0.1301414 -0.07698446 0.9885023 -0.1301367 -0.07697826 0.9885033 -0.04349166 -0.07697838 0.9960838 -0.04348808 -0.07698249 0.9960836 0.04348891 -0.07698243 0.9960836 0.0434907 -0.07697832 0.9960839 0.1301389 -0.07697838 0.988503 0.1301387 -0.07698416 0.9885026 0.215797 -0.07698422 0.9733988 0.2157969 -0.07698506 0.9733987 0.2998115 -0.07698357 0.9508873 0.2998161 -0.07697808 0.9508863 0.3815481 -0.07697522 0.9211384 0.3815487 -0.07698148 0.9211376 0.4603765 -0.07697969 0.8843798 0.4603794 -0.07697808 0.8843785 0.5357049 -0.07697731 0.8408893 0.5357061 -0.07698392 0.840888 0.6069556 -0.07697755 0.790999 0.6069532 -0.07698142 0.7910006 0.6735877 -0.0769875 0.7350869 0.6735827 -0.07697707 0.7350924 0.7350891 -0.07697725 0.6735863 0.7350898 -0.07698452 0.6735848 0.791 -0.07697737 0.6069544 0.7909974 -0.0769822 0.6069572 0.8408914 -0.07696747 0.5357033 0.8408899 -0.07698273 0.5357031 0.8843799 -0.07696741 0.4603786 0.8843782 -0.07698804 0.4603784 0.9211383 -0.07697749 0.381548 0.9211386 -0.07697468 0.3815478 0.9508868 -0.07697743 0.2998147 0.9508866 -0.07698237 0.2998141 0.9733996 -0.07697743 0.215796 0.9733984 -0.0769878 0.2157974 0.9885022 -0.07698744 0.1301397 0.9885029 -0.07697957 0.1301388 0.9960831 -0.07698744 0.04348921 0.9960832 -0.07698619 0.04348993 0.996084 -0.07697743 -0.04348909 0.9960827 -0.07699286 -0.04349005 0.988503 -0.07697743 -0.1301392 0.9885026 -0.07698464 -0.1301388 0.9733995 -0.07697743 -0.2157961 0.9733983 -0.07699 -0.2157973 0.950886 -0.07698744 -0.2998144 0.9508872 -0.07697772 -0.2998133 0.9211373 -0.07697743 -0.3815501 0.9211394 -0.07697433 -0.3815459 0.8843784 -0.07697731 -0.4603797 0.8843787 -0.07697975 -0.4603785 0.8408907 -0.07697755 -0.5357028 0.84089 -0.07698023 -0.5357034 0.7909989 -0.0769875 -0.6069545 0.7909983 -0.0769779 -0.6069565 0.735091 -0.07697755 -0.6735842 0.7350896 -0.07698523 -0.6735849 0.6735859 -0.07698267 -0.735089 0.6735848 -0.07698065 -0.7350901 0.6069524 -0.07697731 -0.7910015 0.606955 -0.07698363 -0.7909988 0.5357048 -0.07697981 -0.8408892 0.5357045 -0.07697933 -0.8408893 0.4603756 -0.07697725 -0.8843805 0.4603794 -0.07698088 -0.8843782 0.38155 -0.07698142 -0.921137 0.3815467 -0.07697445 -0.9211391 0.2998139 -0.07697594 -0.9508872 0.2998139 -0.07698506 -0.9508864 0.215797 -0.07698422 -0.9733988 0.2157974 -0.07698512 -0.9733986 0.1301414 -0.07698446 -0.9885023 0.1301367 -0.07697826 -0.9885033 0.04349166 -0.07697838 -0.9960838 0.04348808 -0.07698249 -0.9960836 -0.04348891 -0.07698243 -0.9960836 -0.04361999 0.007368326 -0.9990211 -0.1305216 0.007368505 -0.9914181 -0.1305217 0.00737518 -0.991418 -0.2164379 0.007375478 -0.9762685 -0.2164316 0.007370948 -0.97627 -0.3006998 0.007371008 -0.9536904 -0.3006962 0.007371604 -0.9536916 -0.3826729 0.007372319 -0.9238545 -0.3826721 0.007375657 -0.9238548 -0.4617381 0.007374823 -0.8869857 -0.461737 0.00736761 -0.8869863 -0.5372855 0.007367253 -0.8433684 -0.5372862 0.007370412 -0.8433678 -0.6087443 0.007369756 -0.7933323 -0.6087452 0.007377862 -0.7933316 -0.6755719 0.007374823 -0.7372573 -0.6755727 0.007375717 -0.7372565 -0.7372561 0.007369756 -0.6755732 -0.7372577 0.007375895 -0.6755713 -0.7933293 0.007379829 -0.6087481 -0.7933315 0.007369101 -0.6087453 -0.8433696 0.007369756 -0.5372834 -0.8433687 0.007358014 -0.5372849 -0.8869858 0.007369756 -0.4617379 -0.8869876 0.007373332 -0.4617344 -0.9238541 0.007379889 -0.382674 -0.923855 0.007366299 -0.3826718 -0.9536912 0.007369756 -0.3006975 -0.9536917 0.007370352 -0.3006957 -0.9762694 0.007369756 -0.2164345 -0.9762694 0.007377922 -0.216434 -0.991418 0.007369756 -0.1305223 -0.9914178 0.007377266 -0.1305235 -0.9990212 0.007359683 -0.04361838 -0.9990212 0.007370531 -0.0436176 -0.9990212 0.007359683 0.04361867 -0.9990212 0.007373869 0.04361754 -0.991418 0.007379889 0.1305223 -0.9914179 0.007373154 0.130523 -0.9762693 0.007379889 0.2164347 -0.9762696 0.00737065 0.2164339 -0.9536911 0.007379829 0.3006975 -0.9536915 0.00736469 0.3006966 -0.9238541 0.007379829 0.3826737 -0.9238545 0.00736767 0.382673 -0.8869861 0.007369756 0.4617374 -0.8869874 0.007372915 0.4617348 -0.8433696 0.007369756 0.5372834 -0.843367 0.007361829 0.5372877 -0.7933294 0.007369756 0.6087481 -0.7933313 0.007380247 0.6087455 -0.7372573 0.00736469 0.675572 -0.7372578 0.007380425 0.6755713 -0.6755726 0.007369756 0.7372567 -0.6755717 0.00737828 0.7372574 -0.6087419 0.007379829 0.7933341 -0.6087463 0.007365584 0.7933307 -0.5372854 0.007369756 0.8433683 -0.5372853 0.007368445 0.8433685 -0.4617372 0.007369756 0.8869862 -0.4617371 0.007374227 0.8869863 -0.3826729 0.007377326 0.9238544 -0.3826722 0.00737071 0.9238549 -0.3006989 0.007372319 0.9536907 -0.3006976 0.00737071 0.9536911 -0.2164331 0.007372319 0.9762696 -0.2164363 0.007374525 0.976269 -0.1305209 0.007375121 0.9914182 -0.1305221 0.007368505 0.9914181 -0.04362058 0.007368326 0.9990211 -0.04361492 0.007373273 0.9990213 0.04361552 0.007373273 0.9990212 0.04361999 0.007368326 0.9990211 0.1305216 0.007368505 0.9914181 0.1305217 0.00737518 0.991418 0.2164379 0.007375478 0.9762685 0.2164316 0.007370948 0.97627 0.3006998 0.007371008 0.9536904 0.3006962 0.007371604 0.9536916 0.3826729 0.007372319 0.9238545 0.3826721 0.007375657 0.9238548 0.4617381 0.007374823 0.8869857 0.461737 0.00736761 0.8869863 0.5372855 0.007367253 0.8433684 0.5372862 0.007370412 0.8433678 0.6087443 0.007369756 0.7933323 0.6087452 0.007377862 0.7933316 0.6755719 0.007374823 0.7372573 0.6755727 0.007375717 0.7372565 0.7372561 0.007369756 0.6755732 0.7372577 0.007375895 0.6755713 0.7933293 0.007379829 0.6087481 0.7933315 0.007369101 0.6087453 0.8433696 0.007369756 0.5372834 0.8433687 0.007358014 0.5372849 0.8869858 0.007369756 0.4617379 0.8869876 0.007373332 0.4617344 0.9238541 0.007379889 0.382674 0.923855 0.007366299 0.3826718 0.9536912 0.007369756 0.3006975 0.9536917 0.007370352 0.3006957 0.9762694 0.007369756 0.2164345 0.9762694 0.007377922 0.216434 0.991418 0.007369756 0.1305223 0.9914178 0.007377266 0.1305235 0.9990212 0.007359683 0.04361838 0.9990212 0.007370531 0.0436176 0.9990212 0.007359683 -0.04361867 0.9990212 0.007373869 -0.04361754 0.991418 0.007379889 -0.1305223 0.9914179 0.007373154 -0.130523 0.9762693 0.007379889 -0.2164347 0.9762696 0.00737065 -0.2164339 0.9536911 0.007379829 -0.3006975 0.9536915 0.00736469 -0.3006966 0.9238541 0.007379829 -0.3826737 0.9238545 0.00736767 -0.382673 0.8869861 0.007369756 -0.4617374 0.8869874 0.007372915 -0.4617348 0.8433696 0.007369756 -0.5372834 0.843367 0.007361829 -0.5372877 0.7933294 0.007369756 -0.6087481 0.7933313 0.007380247 -0.6087455 0.7372573 0.00736469 -0.675572 0.7372578 0.007380425 -0.6755713 0.6755726 0.007369756 -0.7372567 0.6755717 0.00737828 -0.7372574 0.6087419 0.007379829 -0.7933341 0.6087463 0.007365584 -0.7933307 0.5372854 0.007369756 -0.8433683 0.5372853 0.007368445 -0.8433685 0.4617372 0.007369756 -0.8869862 0.4617371 0.007374227 -0.8869863 0.3826729 0.007377326 -0.9238544 0.3826722 0.00737071 -0.9238549 0.3006989 0.007372319 -0.9536907 0.3006976 0.00737071 -0.9536911 0.2164331 0.007372319 -0.9762696 0.2164363 0.007374525 -0.976269 0.1305209 0.007375121 -0.9914182 0.1305221 0.007368505 -0.9914181 0.04362058 0.007368326 -0.9990211 0.04361492 0.007373273 -0.9990213 -0.04361552 0.007373273 -0.9990212 -0.04343438 0.09167671 -0.9948411 -0.129979 0.09167629 -0.9872695 -0.1299772 0.09167414 -0.9872699 -0.2155264 0.09167408 -0.9721853 -0.2155305 0.09167528 -0.9721843 -0.2994388 0.09167474 -0.9497012 -0.2994381 0.09167343 -0.9497015 -0.3810721 0.09167122 -0.9199894 -0.3810715 0.09167069 -0.9199897 -0.4598027 0.09167063 -0.8832769 -0.4598062 0.09167271 -0.8832749 -0.5350335 0.09167343 -0.8398424 -0.535037 0.09167283 -0.8398403 -0.6061966 0.09167349 -0.7900137 -0.6062003 0.09166884 -0.7900115 -0.6727476 0.09166866 -0.7341713 -0.6727449 0.09166973 -0.7341737 -0.7341741 0.09166353 -0.6727454 -0.7341743 0.09167414 -0.6727437 -0.7900125 0.09166371 -0.6061998 -0.7900137 0.09167194 -0.6061969 -0.8398396 0.09167349 -0.5350379 -0.8398395 0.09168207 -0.5350366 -0.8832743 0.09167355 -0.4598071 -0.8832758 0.09167009 -0.4598047 -0.9199889 0.09167355 -0.3810726 -0.9199898 0.09167551 -0.3810703 -0.9497011 0.09166365 -0.2994421 -0.9497014 0.09167879 -0.2994367 -0.9721859 0.09166371 -0.2155286 -0.9721844 0.09168034 -0.2155278 -0.9872709 0.09166365 -0.1299775 -0.9872695 0.09168177 -0.1299749 -0.9948404 0.09168368 -0.04343581 -0.9948409 0.09167885 -0.04343557 -0.9948414 0.09167367 0.04343581 -0.9948402 0.09168601 0.04343557 -0.9872701 0.09167367 0.1299767 -0.9872707 0.09166741 0.1299755 -0.9721859 0.09166371 0.2155284 -0.9721845 0.09167897 0.2155278 -0.949701 0.09167367 0.2994393 -0.9497017 0.09167236 0.2994377 -0.9199897 0.09167373 0.3810706 -0.9199894 0.09167772 0.3810705 -0.8832753 0.09167367 0.4598051 -0.8832761 0.09166574 0.4598053 -0.8398416 0.09167385 0.5350349 -0.8398388 0.09167563 0.5350388 -0.790013 0.09166365 0.6061992 -0.790014 0.09166914 0.6061969 -0.7341735 0.09166359 0.672746 -0.7341747 0.09167325 0.6727433 -0.6727437 0.09166848 0.7341749 -0.6727479 0.09166949 0.734171 -0.6061966 0.09167349 0.7900137 -0.6062003 0.09166777 0.7900115 -0.5350344 0.09167337 0.8398419 -0.5350375 0.09167033 0.8398402 -0.4598058 0.09166848 0.8832755 -0.4598042 0.09167313 0.8832758 -0.3810722 0.09166872 0.9199897 -0.3810717 0.09167307 0.9199894 -0.2994388 0.09167349 0.9497013 -0.2994377 0.09167557 0.9497013 -0.2155287 0.09167528 0.9721847 -0.2155279 0.09167402 0.972185 -0.1299783 0.09167379 0.9872698 -0.1299768 0.09167605 0.9872698 -0.04343169 0.09167557 0.9948414 -0.04343676 0.0916745 0.9948412 0.04343426 0.09167361 0.9948415 0.04343438 0.09167671 0.9948411 0.129979 0.09167629 0.9872695 0.1299772 0.09167414 0.9872699 0.2155264 0.09167408 0.9721853 0.2155305 0.09167528 0.9721843 0.2994388 0.09167474 0.9497012 0.2994381 0.09167343 0.9497015 0.3810721 0.09167122 0.9199894 0.3810715 0.09167069 0.9199897 0.4598027 0.09167063 0.8832769 0.4598062 0.09167271 0.8832749 0.5350335 0.09167343 0.8398424 0.535037 0.09167283 0.8398403 0.6061966 0.09167349 0.7900137 0.6062003 0.09166884 0.7900115 0.6727476 0.09166866 0.7341713 0.6727449 0.09166973 0.7341737 0.7341741 0.09166353 0.6727454 0.7341743 0.09167414 0.6727437 0.7900125 0.09166371 0.6061998 0.7900137 0.09167194 0.6061969 0.8398396 0.09167349 0.5350379 0.8398395 0.09168207 0.5350366 0.8832743 0.09167355 0.4598071 0.8832758 0.09167009 0.4598047 0.9199889 0.09167355 0.3810726 0.9199898 0.09167551 0.3810703 0.9497011 0.09166365 0.2994421 0.9497014 0.09167879 0.2994367 0.9721859 0.09166371 0.2155286 0.9721844 0.09168034 0.2155278 0.9872709 0.09166365 0.1299775 0.9872695 0.09168177 0.1299749 0.9948404 0.09168368 0.04343581 0.9948409 0.09167885 0.04343557 0.9948414 0.09167367 -0.04343581 0.9948402 0.09168601 -0.04343557 0.9872701 0.09167367 -0.1299767 0.9872707 0.09166741 -0.1299755 0.9721859 0.09166371 -0.2155284 0.9721845 0.09167897 -0.2155278 0.949701 0.09167367 -0.2994393 0.9497017 0.09167236 -0.2994377 0.9199897 0.09167373 -0.3810706 0.9199894 0.09167772 -0.3810705 0.8832753 0.09167367 -0.4598051 0.8832761 0.09166574 -0.4598053 0.8398416 0.09167385 -0.5350349 0.8398388 0.09167563 -0.5350388 0.790013 0.09166365 -0.6061992 0.790014 0.09166914 -0.6061969 0.7341735 0.09166359 -0.672746 0.7341747 0.09167325 -0.6727433 0.6727437 0.09166848 -0.7341749 0.6727479 0.09166949 -0.734171 0.6061966 0.09167349 -0.7900137 0.6062003 0.09166777 -0.7900115 0.5350344 0.09167337 -0.8398419 0.5350375 0.09167033 -0.8398402 0.4598058 0.09166848 -0.8832755 0.4598042 0.09167313 -0.8832758 0.3810722 0.09166872 -0.9199897 0.3810717 0.09167307 -0.9199894 0.2994388 0.09167349 -0.9497013 0.2994377 0.09167557 -0.9497013 0.2155287 0.09167528 -0.9721847 0.2155279 0.09167402 -0.972185 0.1299783 0.09167379 -0.9872698 0.1299768 0.09167605 -0.9872698 0.04343169 0.09167557 -0.9948414 0.04343676 0.0916745 -0.9948412 -0.04343426 0.09167361 -0.9948415 -0.04294162 0.1753199 -0.9835746 -0.1285053 0.1753187 -0.9760891 -0.1285038 0.1753216 -0.9760887 -0.2130872 0.1753216 -0.9611745 -0.2130866 0.1753232 -0.9611742 -0.2960492 0.1753228 -0.9389446 -0.2960504 0.1753203 -0.9389446 -0.3767556 0.1753183 -0.9095707 -0.3767549 0.1753205 -0.9095705 -0.4545975 0.1753169 -0.8732727 -0.454596 0.1753256 -0.8732717 -0.5289791 0.1753292 -0.8303257 -0.5289779 0.1753203 -0.8303285 -0.5993347 0.1753194 -0.7810642 -0.5993309 0.1753185 -0.7810673 -0.665125 0.1753237 -0.7258584 -0.6651251 0.1753225 -0.7258586 -0.7258589 0.1753286 -0.6651231 -0.725854 0.1753274 -0.6651288 -0.7810698 0.1753149 -0.5993286 -0.7810624 0.1753313 -0.5993335 -0.8303308 0.1753144 -0.5289761 -0.8303267 0.175323 -0.5289795 -0.8732721 0.1753242 -0.4545956 -0.8732711 0.1753242 -0.4545978 -0.9095696 0.175324 -0.3767556 -0.909571 0.1753126 -0.3767573 -0.9389462 0.175314 -0.2960492 -0.938946 0.1753168 -0.2960481 -0.9611741 0.1753239 -0.2130869 -0.9611726 0.1753296 -0.2130884 -0.9760882 0.1753238 -0.1285042 -0.9760889 0.1753202 -0.1285048 -0.9835739 0.1753239 -0.04294323 -0.9835736 0.1753251 -0.04294347 -0.9835739 0.1753239 0.04294341 -0.9835745 0.1753203 0.04294353 -0.97609 0.1753141 0.1285045 -0.9760887 0.1753205 0.1285052 -0.9611757 0.1753141 0.2130873 -0.9611722 0.1753334 0.2130875 -0.9389468 0.1753142 0.2960471 -0.9389454 0.1753178 0.2960492 -0.9095696 0.175324 0.3767556 -0.9095705 0.1753159 0.3767572 -0.8732715 0.1753238 0.4545972 -0.8732714 0.1753267 0.4545964 -0.8303308 0.1753144 0.5289761 -0.8303263 0.175328 0.5289786 -0.7810642 0.175334 0.5993303 -0.781066 0.1753175 0.5993328 -0.7258571 0.175329 0.665125 -0.7258549 0.1753267 0.665128 -0.6651243 0.1753239 0.7258589 -0.665126 0.1753215 0.725858 -0.5993347 0.1753194 0.7810642 -0.5993298 0.175322 0.7810673 -0.5289795 0.1753244 0.8303265 -0.528976 0.1753266 0.8303283 -0.4545951 0.175321 0.873273 -0.4545966 0.1753216 0.8732721 -0.376755 0.1753162 0.9095714 -0.3767546 0.1753209 0.9095706 -0.2960495 0.1753191 0.9389452 -0.2960503 0.1753235 0.9389441 -0.2130872 0.1753228 0.9611743 -0.213086 0.1753213 0.9611748 -0.1285027 0.1753217 0.9760889 -0.1285063 0.1753185 0.976089 -0.04294371 0.1753209 0.9835743 -0.04294133 0.1753178 0.9835751 0.04294329 0.1753184 0.9835748 0.04294162 0.1753199 0.9835746 0.1285053 0.1753187 0.9760891 0.1285038 0.1753216 0.9760887 0.2130872 0.1753216 0.9611745 0.2130866 0.1753232 0.9611742 0.2960492 0.1753228 0.9389446 0.2960504 0.1753203 0.9389446 0.3767556 0.1753183 0.9095707 0.3767549 0.1753205 0.9095705 0.4545975 0.1753169 0.8732727 0.454596 0.1753256 0.8732717 0.5289791 0.1753292 0.8303257 0.5289779 0.1753203 0.8303285 0.5993347 0.1753194 0.7810642 0.5993309 0.1753185 0.7810673 0.665125 0.1753237 0.7258584 0.6651251 0.1753225 0.7258586 0.7258589 0.1753286 0.6651231 0.725854 0.1753274 0.6651288 0.7810698 0.1753149 0.5993286 0.7810624 0.1753313 0.5993335 0.8303308 0.1753144 0.5289761 0.8303267 0.175323 0.5289795 0.8732721 0.1753242 0.4545956 0.8732711 0.1753242 0.4545978 0.9095696 0.175324 0.3767556 0.909571 0.1753126 0.3767573 0.9389462 0.175314 0.2960492 0.938946 0.1753168 0.2960481 0.9611741 0.1753239 0.2130869 0.9611726 0.1753296 0.2130884 0.9760882 0.1753238 0.1285042 0.9760889 0.1753202 0.1285048 0.9835739 0.1753239 0.04294323 0.9835736 0.1753251 0.04294347 0.9835739 0.1753239 -0.04294341 0.9835745 0.1753203 -0.04294353 0.97609 0.1753141 -0.1285045 0.9760887 0.1753205 -0.1285052 0.9611757 0.1753141 -0.2130873 0.9611722 0.1753334 -0.2130875 0.9389468 0.1753142 -0.2960471 0.9389454 0.1753178 -0.2960492 0.9095696 0.175324 -0.3767556 0.9095705 0.1753159 -0.3767572 0.8732715 0.1753238 -0.4545972 0.8732714 0.1753267 -0.4545964 0.8303308 0.1753144 -0.5289761 0.8303263 0.175328 -0.5289786 0.7810642 0.175334 -0.5993303 0.781066 0.1753175 -0.5993328 0.7258571 0.175329 -0.665125 0.7258549 0.1753267 -0.665128 0.6651243 0.1753239 -0.7258589 0.665126 0.1753215 -0.725858 0.5993347 0.1753194 -0.7810642 0.5993298 0.175322 -0.7810673 0.5289795 0.1753244 -0.8303265 0.528976 0.1753266 -0.8303283 0.4545951 0.175321 -0.873273 0.4545966 0.1753216 -0.8732721 0.376755 0.1753162 -0.9095714 0.3767546 0.1753209 -0.9095706 0.2960495 0.1753191 -0.9389452 0.2960503 0.1753235 -0.9389441 0.2130872 0.1753228 -0.9611743 0.213086 0.1753213 -0.9611748 0.1285027 0.1753217 -0.9760889 0.1285063 0.1753185 -0.976089 0.04294371 0.1753209 -0.9835743 0.04294133 0.1753178 -0.9835751 -0.04294329 0.1753184 -0.9835748 -0.04214513 0.2577254 -0.9652987 -0.1261189 0.2577271 -0.9579514 -0.1261153 0.2577236 -0.9579528 -0.2091284 0.2577257 -0.9433148 -0.2091283 0.2577236 -0.9433155 -0.2905459 0.257724 -0.9214996 -0.2905471 0.2577265 -0.9214984 -0.369755 0.257726 -0.8926694 -0.3697561 0.2577308 -0.8926676 -0.4461507 0.2577316 -0.8570439 -0.4461496 0.2577272 -0.8570458 -0.5191512 0.2577275 -0.8148979 -0.519147 0.2577251 -0.8149014 -0.588196 0.2577245 -0.7665532 -0.5881949 0.2577329 -0.7665511 -0.6527675 0.2577246 -0.7123711 -0.6527665 0.2577339 -0.7123687 -0.7123705 0.257734 -0.6527646 -0.7123685 0.2577258 -0.65277 -0.7665542 0.2577245 -0.5881946 -0.7665514 0.2577264 -0.5881972 -0.8148987 0.2577341 -0.5191468 -0.8148962 0.2577342 -0.5191504 -0.857048 0.2577246 -0.4461466 -0.8570448 0.2577289 -0.4461503 -0.8926676 0.2577338 -0.3697537 -0.8926703 0.2577211 -0.3697563 -0.9214996 0.2577241 -0.2905461 -0.9214965 0.2577312 -0.2905492 -0.9433154 0.2577242 -0.2091278 -0.9433149 0.2577247 -0.2091294 -0.9579501 0.2577335 -0.1261153 -0.9579508 0.2577305 -0.1261165 -0.965299 0.2577242 -0.04214566 -0.965299 0.2577244 -0.04214572 -0.965294 0.2577429 0.0421459 -0.965303 0.257709 0.04214596 -0.9579476 0.2577429 0.1261156 -0.9579525 0.2577241 0.1261167 -0.9433127 0.2577335 0.2091284 -0.9433169 0.2577173 0.2091289 -0.9214994 0.2577243 0.2905462 -0.9214954 0.2577368 0.2905477 -0.8926699 0.2577245 0.3697547 -0.8926683 0.2577293 0.3697555 -0.857047 0.2577245 0.4461489 -0.8570462 0.257723 0.446151 -0.8148991 0.2577338 0.5191462 -0.8148967 0.257731 0.5191515 -0.7665566 0.2577149 0.5881955 -0.766551 0.2577323 0.5881953 -0.7123705 0.257734 0.6527646 -0.7123696 0.2577238 0.6527696 -0.6527673 0.2577335 0.7123681 -0.6527674 0.2577249 0.7123711 -0.5881968 0.2577288 0.766551 -0.5881947 0.2577299 0.7665523 -0.5191515 0.2577251 0.8148984 -0.519147 0.2577258 0.8149011 -0.44615 0.2577294 0.8570449 -0.4461489 0.2577295 0.8570453 -0.369753 0.2577283 0.8926695 -0.3697566 0.2577288 0.8926679 -0.2905481 0.2577286 0.9214977 -0.2905457 0.2577226 0.9215 -0.2091285 0.2577251 0.943315 -0.2091291 0.2577257 0.9433146 -0.1261177 0.2577242 0.9579524 -0.126116 0.2577256 0.9579521 -0.04214608 0.2577245 0.9652989 -0.04214495 0.2577294 0.9652976 0.04214602 0.2577292 0.9652976 0.04214513 0.2577254 0.9652987 0.1261189 0.2577271 0.9579514 0.1261153 0.2577236 0.9579528 0.2091284 0.2577257 0.9433148 0.2091283 0.2577236 0.9433155 0.2905459 0.257724 0.9214996 0.2905471 0.2577265 0.9214984 0.369755 0.257726 0.8926694 0.3697561 0.2577308 0.8926676 0.4461507 0.2577316 0.8570439 0.4461496 0.2577272 0.8570458 0.5191512 0.2577275 0.8148979 0.519147 0.2577251 0.8149014 0.588196 0.2577245 0.7665532 0.5881949 0.2577329 0.7665511 0.6527675 0.2577246 0.7123711 0.6527665 0.2577339 0.7123687 0.7123705 0.257734 0.6527646 0.7123685 0.2577258 0.65277 0.7665542 0.2577245 0.5881946 0.7665514 0.2577264 0.5881972 0.8148987 0.2577341 0.5191468 0.8148962 0.2577342 0.5191504 0.857048 0.2577246 0.4461466 0.8570448 0.2577289 0.4461503 0.8926676 0.2577338 0.3697537 0.8926703 0.2577211 0.3697563 0.9214996 0.2577241 0.2905461 0.9214965 0.2577312 0.2905492 0.9433154 0.2577242 0.2091278 0.9433149 0.2577247 0.2091294 0.9579501 0.2577335 0.1261153 0.9579508 0.2577305 0.1261165 0.965299 0.2577242 0.04214566 0.965299 0.2577244 0.04214572 0.965294 0.2577429 -0.0421459 0.965303 0.257709 -0.04214596 0.9579476 0.2577429 -0.1261156 0.9579525 0.2577241 -0.1261167 0.9433127 0.2577335 -0.2091284 0.9433169 0.2577173 -0.2091289 0.9214994 0.2577243 -0.2905462 0.9214954 0.2577368 -0.2905477 0.8926699 0.2577245 -0.3697547 0.8926683 0.2577293 -0.3697555 0.857047 0.2577245 -0.4461489 0.8570462 0.257723 -0.446151 0.8148991 0.2577338 -0.5191462 0.8148967 0.257731 -0.5191515 0.7665566 0.2577149 -0.5881955 0.766551 0.2577323 -0.5881953 0.7123705 0.257734 -0.6527646 0.7123696 0.2577238 -0.6527696 0.6527673 0.2577335 -0.7123681 0.6527674 0.2577249 -0.7123711 0.5881968 0.2577288 -0.766551 0.5881947 0.2577299 -0.7665523 0.5191515 0.2577251 -0.8148984 0.519147 0.2577258 -0.8149011 0.44615 0.2577294 -0.8570449 0.4461489 0.2577295 -0.8570453 0.369753 0.2577283 -0.8926695 0.3697566 0.2577288 -0.8926679 0.2905481 0.2577286 -0.9214977 0.2905457 0.2577226 -0.9215 0.2091285 0.2577251 -0.943315 0.2091291 0.2577257 -0.9433146 0.1261177 0.2577242 -0.9579524 0.126116 0.2577256 -0.9579521 0.04214608 0.2577245 -0.9652989 0.04214495 0.2577294 -0.9652976 -0.04214602 0.2577292 -0.9652976 -0.0410481 0.3383063 -0.9401404 -0.1228292 0.3383061 -0.9329855 -0.1228309 0.3383026 -0.9329866 -0.2036741 0.3383014 -0.9187323 -0.2036798 0.3383088 -0.9187283 -0.2829761 0.3383067 -0.8974816 -0.2829748 0.3383061 -0.8974822 -0.3601189 0.3383042 -0.8694048 -0.3601197 0.338306 -0.8694038 -0.434522 0.3383011 -0.8347114 -0.4345239 0.3383017 -0.8347101 -0.505617 0.3382994 -0.7936656 -0.5056198 0.3383071 -0.7936606 -0.5728662 0.3383039 -0.7465754 -0.5728698 0.3383031 -0.746573 -0.6357561 0.338296 -0.6938084 -0.6357564 0.3383033 -0.6938046 -0.6938061 0.3382999 -0.6357566 -0.6938085 0.3382952 -0.6357564 -0.7465704 0.3383083 -0.5728702 -0.7465767 0.3383029 -0.5728653 -0.7936586 0.3383085 -0.5056219 -0.7936672 0.3382921 -0.5056195 -0.8347079 0.3383089 -0.4345225 -0.8347107 0.3383026 -0.434522 -0.8694025 0.338309 -0.3601199 -0.8694021 0.3383123 -0.3601177 -0.8974776 0.3383181 -0.2829752 -0.8974849 0.3382978 -0.2829762 -0.9187257 0.3383181 -0.2036763 -0.9187333 0.3382966 -0.2036774 -0.9329875 0.3383005 -0.1228305 -0.9329868 0.3383024 -0.1228294 -0.9401394 0.3383092 -0.04104703 -0.9401399 0.3383077 -0.04104799 -0.9401394 0.3383092 0.04104751 -0.9401412 0.3383042 0.04104775 -0.9329875 0.3383005 0.1228305 -0.9329873 0.3383011 0.1228295 -0.9187289 0.3383092 0.2036769 -0.9187291 0.3383086 0.2036766 -0.8974777 0.3383179 0.282975 -0.8974862 0.3382944 0.2829761 -0.8694063 0.3383005 0.360119 -0.8694016 0.3383131 0.3601182 -0.8347079 0.3383089 0.4345225 -0.8347122 0.3382973 0.4345234 -0.7936643 0.3382905 0.5056248 -0.7936629 0.3383046 0.5056178 -0.7465756 0.3383001 0.5728682 -0.7465728 0.338307 0.5728677 -0.6938061 0.3382999 0.6357566 -0.6938084 0.3382955 0.6357563 -0.635755 0.3383004 0.6938072 -0.6357578 0.3383012 0.6938042 -0.5728654 0.3383042 0.746576 -0.5728699 0.3383055 0.7465718 -0.5056161 0.3383038 0.7936643 -0.5056205 0.3383047 0.7936611 -0.4345228 0.3383027 0.8347103 -0.434524 0.3383005 0.8347105 -0.3601194 0.3383058 0.8694039 -0.3601207 0.3383047 0.8694038 -0.2829766 0.3383077 0.897481 -0.2829753 0.3383064 0.8974819 -0.2036762 0.3383054 0.9187304 -0.2036773 0.3383037 0.9187307 -0.1228318 0.3383033 0.9329863 -0.1228283 0.3383053 0.9329859 -0.04104787 0.3383065 0.9401404 -0.04104828 0.3383033 0.9401415 0.04104793 0.3383027 0.9401417 0.0410481 0.3383063 0.9401404 0.1228292 0.3383061 0.9329855 0.1228309 0.3383026 0.9329866 0.2036741 0.3383014 0.9187323 0.2036798 0.3383088 0.9187283 0.2829761 0.3383067 0.8974816 0.2829748 0.3383061 0.8974822 0.3601189 0.3383042 0.8694048 0.3601197 0.338306 0.8694038 0.434522 0.3383011 0.8347114 0.4345239 0.3383017 0.8347101 0.505617 0.3382994 0.7936656 0.5056198 0.3383071 0.7936606 0.5728662 0.3383039 0.7465754 0.5728698 0.3383031 0.746573 0.6357561 0.338296 0.6938084 0.6357564 0.3383033 0.6938046 0.6938061 0.3382999 0.6357566 0.6938085 0.3382952 0.6357564 0.7465704 0.3383083 0.5728702 0.7465767 0.3383029 0.5728653 0.7936586 0.3383085 0.5056219 0.7936672 0.3382921 0.5056195 0.8347079 0.3383089 0.4345225 0.8347107 0.3383026 0.434522 0.8694025 0.338309 0.3601199 0.8694021 0.3383123 0.3601177 0.8974776 0.3383181 0.2829752 0.8974849 0.3382978 0.2829762 0.9187257 0.3383181 0.2036763 0.9187333 0.3382966 0.2036774 0.9329875 0.3383005 0.1228305 0.9329868 0.3383024 0.1228294 0.9401394 0.3383092 0.04104703 0.9401399 0.3383077 0.04104799 0.9401394 0.3383092 -0.04104751 0.9401412 0.3383042 -0.04104775 0.9329875 0.3383005 -0.1228305 0.9329873 0.3383011 -0.1228295 0.9187289 0.3383092 -0.2036769 0.9187291 0.3383086 -0.2036766 0.8974777 0.3383179 -0.282975 0.8974862 0.3382944 -0.2829761 0.8694063 0.3383005 -0.360119 0.8694016 0.3383131 -0.3601182 0.8347079 0.3383089 -0.4345225 0.8347122 0.3382973 -0.4345234 0.7936643 0.3382905 -0.5056248 0.7936629 0.3383046 -0.5056178 0.7465756 0.3383001 -0.5728682 0.7465728 0.338307 -0.5728677 0.6938061 0.3382999 -0.6357566 0.6938084 0.3382955 -0.6357563 0.635755 0.3383004 -0.6938072 0.6357578 0.3383012 -0.6938042 0.5728654 0.3383042 -0.746576 0.5728699 0.3383055 -0.7465718 0.5056161 0.3383038 -0.7936643 0.5056205 0.3383047 -0.7936611 0.4345228 0.3383027 -0.8347103 0.434524 0.3383005 -0.8347105 0.3601194 0.3383058 -0.8694039 0.3601207 0.3383047 -0.8694038 0.2829766 0.3383077 -0.897481 0.2829753 0.3383064 -0.8974819 0.2036762 0.3383054 -0.9187304 0.2036773 0.3383037 -0.9187307 0.1228318 0.3383033 -0.9329863 0.1228283 0.3383053 -0.9329859 0.04104787 0.3383065 -0.9401404 0.04104828 0.3383033 -0.9401415 -0.04104793 0.3383027 -0.9401417 -0.03965669 0.4164741 -0.9082823 -0.1186697 0.4164821 -0.9013658 -0.1186665 0.4164731 -0.9013703 -0.196777 0.4164778 -0.8875951 -0.1967747 0.4164719 -0.8875984 -0.273388 0.4164741 -0.867069 -0.2733818 0.4164711 -0.8670724 -0.347918 0.4164757 -0.8399412 -0.3479146 0.4164705 -0.8399451 -0.419801 0.416476 -0.8064212 -0.4197939 0.4164752 -0.8064251 -0.4884863 0.4164783 -0.766764 -0.4884819 0.4164734 -0.7667695 -0.5534523 0.4164804 -0.721273 -0.5534549 0.4164694 -0.7212773 -0.6142106 0.4164767 -0.6702928 -0.6142074 0.4164765 -0.6702959 -0.6702955 0.4164777 -0.614207 -0.6702918 0.4164721 -0.6142148 -0.7212769 0.4164735 -0.5534525 -0.7212737 0.4164789 -0.5534526 -0.76677 0.4164739 -0.4884808 -0.766762 0.4164855 -0.4884833 -0.8064219 0.4164808 -0.4197946 -0.8064283 0.416463 -0.4197998 -0.8399479 0.4164645 -0.3479152 -0.8399398 0.4164788 -0.3479175 -0.8670673 0.4164805 -0.2733832 -0.86707 0.4164717 -0.273388 -0.8875982 0.4164726 -0.1967743 -0.8876 0.416467 -0.1967781 -0.9013708 0.4164723 -0.1186657 -0.9013686 0.4164764 -0.1186689 -0.9082794 0.4164806 -0.03965616 -0.9082844 0.4164694 -0.0396564 -0.9082794 0.4164806 0.03965628 -0.9082839 0.4164707 0.03965634 -0.9013669 0.4164806 0.1186659 -0.9013707 0.4164716 0.1186691 -0.8875944 0.4164806 0.1967746 -0.8876038 0.4164587 0.1967784 -0.8670665 0.4164804 0.2733857 -0.8670721 0.4164677 0.2733872 -0.8399443 0.4164729 0.347914 -0.8399452 0.4164674 0.3479182 -0.8064302 0.4164653 0.419794 -0.8064216 0.416477 0.4197988 -0.7667673 0.4164817 0.4884783 -0.7667657 0.4164766 0.4884852 -0.7212769 0.4164735 0.5534525 -0.7212733 0.4164764 0.5534548 -0.6702928 0.4164802 0.6142084 -0.6702932 0.4164725 0.6142132 -0.6142119 0.4164785 0.6702906 -0.6142075 0.4164745 0.6702972 -0.5534554 0.4164778 0.7212721 -0.5534536 0.4164703 0.7212778 -0.4884892 0.4164758 0.7667635 -0.488481 0.4164751 0.7667692 -0.4197974 0.4164786 0.8064216 -0.419797 0.416473 0.8064247 -0.3479166 0.4164739 0.8399427 -0.3479143 0.4164714 0.8399448 -0.2733852 0.4164774 0.8670681 -0.2733838 0.4164662 0.867074 -0.1967774 0.4164735 0.887597 -0.1967746 0.416477 0.8875961 -0.1186709 0.4164823 0.9013655 -0.1186652 0.416472 0.9013711 -0.03965693 0.4164774 0.9082809 -0.03965526 0.4164737 0.9082825 0.03965568 0.4164785 0.9082803 0.03965669 0.4164741 0.9082823 0.1186697 0.4164821 0.9013658 0.1186665 0.4164731 0.9013703 0.196777 0.4164778 0.8875951 0.1967747 0.4164719 0.8875984 0.273388 0.4164741 0.867069 0.2733818 0.4164711 0.8670724 0.347918 0.4164757 0.8399412 0.3479146 0.4164705 0.8399451 0.419801 0.416476 0.8064212 0.4197939 0.4164752 0.8064251 0.4884863 0.4164783 0.766764 0.4884819 0.4164734 0.7667695 0.5534523 0.4164804 0.721273 0.5534549 0.4164694 0.7212773 0.6142106 0.4164767 0.6702928 0.6142074 0.4164765 0.6702959 0.6702955 0.4164777 0.614207 0.6702918 0.4164721 0.6142148 0.7212769 0.4164735 0.5534525 0.7212737 0.4164789 0.5534526 0.76677 0.4164739 0.4884808 0.766762 0.4164855 0.4884833 0.8064219 0.4164808 0.4197946 0.8064283 0.416463 0.4197998 0.8399479 0.4164645 0.3479152 0.8399398 0.4164788 0.3479175 0.8670673 0.4164805 0.2733832 0.86707 0.4164717 0.273388 0.8875982 0.4164726 0.1967743 0.8876 0.416467 0.1967781 0.9013708 0.4164723 0.1186657 0.9013686 0.4164764 0.1186689 0.9082794 0.4164806 0.03965616 0.9082844 0.4164694 0.0396564 0.9082794 0.4164806 -0.03965628 0.9082839 0.4164707 -0.03965634 0.9013669 0.4164806 -0.1186659 0.9013707 0.4164716 -0.1186691 0.8875944 0.4164806 -0.1967746 0.8876038 0.4164587 -0.1967784 0.8670665 0.4164804 -0.2733857 0.8670721 0.4164677 -0.2733872 0.8399443 0.4164729 -0.347914 0.8399452 0.4164674 -0.3479182 0.8064302 0.4164653 -0.419794 0.8064216 0.416477 -0.4197988 0.7667673 0.4164817 -0.4884783 0.7667657 0.4164766 -0.4884852 0.7212769 0.4164735 -0.5534525 0.7212733 0.4164764 -0.5534548 0.6702928 0.4164802 -0.6142084 0.6702932 0.4164725 -0.6142132 0.6142119 0.4164785 -0.6702906 0.6142075 0.4164745 -0.6702972 0.5534554 0.4164778 -0.7212721 0.5534536 0.4164703 -0.7212778 0.4884892 0.4164758 -0.7667635 0.488481 0.4164751 -0.7667692 0.4197974 0.4164786 -0.8064216 0.419797 0.416473 -0.8064247 0.3479166 0.4164739 -0.8399427 0.3479143 0.4164714 -0.8399448 0.2733852 0.4164774 -0.8670681 0.2733838 0.4164662 -0.867074 0.1967774 0.4164735 -0.887597 0.1967746 0.416477 -0.8875961 0.1186709 0.4164823 -0.9013655 0.1186652 0.416472 -0.9013711 0.03965693 0.4164774 -0.9082809 0.03965526 0.4164737 -0.9082825 -0.03965568 0.4164785 -0.9082803 -0.03798246 0.4916838 -0.8699451 -0.1136581 0.4916849 -0.8633238 -0.1136577 0.4916834 -0.8633246 -0.1884699 0.4916853 -0.8501322 -0.1884692 0.4916889 -0.8501302 -0.2618458 0.4916892 -0.8304689 -0.261847 0.4916866 -0.8304701 -0.3332319 0.4916886 -0.8044868 -0.3332311 0.4916834 -0.8044901 -0.402079 0.4916914 -0.7723808 -0.4020763 0.4916852 -0.7723861 -0.467866 0.4916889 -0.7344002 -0.4678651 0.4916818 -0.7344055 -0.5300922 0.4916867 -0.6908304 -0.5300934 0.4916861 -0.6908298 -0.5882861 0.4916881 -0.6419987 -0.5882878 0.4916819 -0.6420019 -0.6420002 0.4916874 -0.5882852 -0.6420021 0.491684 -0.5882858 -0.690833 0.4916796 -0.5300952 -0.6908284 0.4916887 -0.5300928 -0.7344008 0.4916859 -0.467868 -0.7344031 0.4916831 -0.4678674 -0.7723845 0.4916869 -0.4020774 -0.7723832 0.4916867 -0.4020799 -0.8044922 0.4916796 -0.3332321 -0.8044865 0.4916903 -0.3332298 -0.8304697 0.4916867 -0.2618477 -0.8304729 0.4916828 -0.261845 -0.8501273 0.4916943 -0.1884683 -0.8501278 0.4916931 -0.1884692 -0.8633224 0.4916869 -0.1136592 -0.863326 0.4916809 -0.1136589 -0.869939 0.4916945 -0.0379827 -0.869951 0.4916733 -0.03798341 -0.8699392 0.4916945 0.0379827 -0.8699509 0.4916734 0.03798282 -0.8633225 0.491687 0.1136592 -0.8633245 0.4916835 0.1136587 -0.8501232 0.4917018 0.1884675 -0.8501314 0.4916867 0.18847 -0.8304663 0.4916946 0.2618442 -0.8304786 0.4916714 0.2618485 -0.8044922 0.4916796 0.3332321 -0.8044872 0.4916895 0.3332296 -0.7723847 0.4916867 0.4020772 -0.7723839 0.4916859 0.4020799 -0.7344005 0.4916862 0.4678682 -0.7344055 0.4916803 0.4678667 -0.6908337 0.4916792 0.5300947 -0.6908289 0.4916899 0.5300911 -0.6420059 0.4916809 0.5882843 -0.6419973 0.49169 0.588286 -0.5882883 0.491684 0.6419998 -0.5882868 0.4916827 0.6420022 -0.5300922 0.4916867 0.6908304 -0.5300949 0.4916838 0.6908303 -0.4678674 0.4916856 0.7344014 -0.4678652 0.4916851 0.7344032 -0.402079 0.4916914 0.7723808 -0.4020776 0.4916861 0.7723849 -0.3332341 0.4916881 0.8044862 -0.3332293 0.4916839 0.8044908 -0.2618488 0.4916885 0.8304684 -0.2618443 0.4916886 0.8304697 -0.1884712 0.4916918 0.8501281 -0.1884689 0.4916844 0.850133 -0.1136579 0.4916868 0.8633226 -0.1136581 0.4916827 0.8633249 -0.03798317 0.4916878 0.8699427 -0.0379824 0.491685 0.8699444 0.03798311 0.4916892 0.869942 0.03798246 0.4916838 0.8699451 0.1136581 0.4916849 0.8633238 0.1136577 0.4916834 0.8633246 0.1884699 0.4916853 0.8501322 0.1884692 0.4916889 0.8501302 0.2618458 0.4916892 0.8304689 0.261847 0.4916866 0.8304701 0.3332319 0.4916886 0.8044868 0.3332311 0.4916834 0.8044901 0.402079 0.4916914 0.7723808 0.4020763 0.4916852 0.7723861 0.467866 0.4916889 0.7344002 0.4678651 0.4916818 0.7344055 0.5300922 0.4916867 0.6908304 0.5300934 0.4916861 0.6908298 0.5882861 0.4916881 0.6419987 0.5882878 0.4916819 0.6420019 0.6420002 0.4916874 0.5882852 0.6420021 0.491684 0.5882858 0.690833 0.4916796 0.5300952 0.6908284 0.4916887 0.5300928 0.7344008 0.4916859 0.467868 0.7344031 0.4916831 0.4678674 0.7723845 0.4916869 0.4020774 0.7723832 0.4916867 0.4020799 0.8044922 0.4916796 0.3332321 0.8044865 0.4916903 0.3332298 0.8304697 0.4916867 0.2618477 0.8304729 0.4916828 0.261845 0.8501273 0.4916943 0.1884683 0.8501278 0.4916931 0.1884692 0.8633224 0.4916869 0.1136592 0.863326 0.4916809 0.1136589 0.869939 0.4916945 0.0379827 0.869951 0.4916733 0.03798341 0.8699392 0.4916945 -0.0379827 0.8699509 0.4916734 -0.03798282 0.8633225 0.491687 -0.1136592 0.8633245 0.4916835 -0.1136587 0.8501232 0.4917018 -0.1884675 0.8501314 0.4916867 -0.18847 0.8304663 0.4916946 -0.2618442 0.8304786 0.4916714 -0.2618485 0.8044922 0.4916796 -0.3332321 0.8044872 0.4916895 -0.3332296 0.7723847 0.4916867 -0.4020772 0.7723839 0.4916859 -0.4020799 0.7344005 0.4916862 -0.4678682 0.7344055 0.4916803 -0.4678667 0.6908337 0.4916792 -0.5300947 0.6908289 0.4916899 -0.5300911 0.6420059 0.4916809 -0.5882843 0.6419973 0.49169 -0.588286 0.5882883 0.491684 -0.6419998 0.5882868 0.4916827 -0.6420022 0.5300922 0.4916867 -0.6908304 0.5300949 0.4916838 -0.6908303 0.4678674 0.4916856 -0.7344014 0.4678652 0.4916851 -0.7344032 0.402079 0.4916914 -0.7723808 0.4020776 0.4916861 -0.7723849 0.3332341 0.4916881 -0.8044862 0.3332293 0.4916839 -0.8044908 0.2618488 0.4916885 -0.8304684 0.2618443 0.4916886 -0.8304697 0.1884712 0.4916918 -0.8501281 0.1884689 0.4916844 -0.850133 0.1136579 0.4916868 -0.8633226 0.1136581 0.4916827 -0.8633249 0.03798317 0.4916878 -0.8699427 0.0379824 0.491685 -0.8699444 -0.03798311 0.4916892 -0.869942 -0.03603756 0.5634005 -0.8253976 -0.1078372 0.5634015 -0.8191154 -0.1078398 0.5634022 -0.8191146 -0.1788176 0.5633985 -0.8066018 -0.1788179 0.5634014 -0.8065997 -0.2484393 0.5634044 -0.7879425 -0.2484357 0.5633981 -0.7879481 -0.3161668 0.5634056 -0.7632908 -0.3161641 0.5634006 -0.7632955 -0.3814895 0.5634108 -0.7328261 -0.3814858 0.5633974 -0.7328383 -0.4439077 0.5634026 -0.6967951 -0.4439058 0.5634027 -0.6967964 -0.5029508 0.5634046 -0.6554508 -0.5029457 0.5634005 -0.6554583 -0.5581601 0.5634048 -0.6091243 -0.5581578 0.5634055 -0.6091257 -0.6091255 0.563406 -0.5581576 -0.609123 0.5634008 -0.5581655 -0.6554528 0.563405 -0.5029479 -0.6554499 0.5634089 -0.5029474 -0.6967949 0.5634053 -0.4439047 -0.696797 0.5633975 -0.4439114 -0.7328331 0.5634067 -0.3814823 -0.7328255 0.5634121 -0.3814888 -0.7632909 0.5634052 -0.3161671 -0.763293 0.563403 -0.3161662 -0.7879385 0.563412 -0.2484352 -0.7879458 0.5633995 -0.2484403 -0.8065969 0.5634053 -0.178818 -0.8066031 0.5633957 -0.1788205 -0.8191174 0.5633985 -0.1078377 -0.819116 0.5634003 -0.1078385 -0.8253944 0.5634053 -0.03603702 -0.8253999 0.5633971 -0.03603845 -0.8253944 0.5634052 0.03603762 -0.8254022 0.563394 0.03603792 -0.8191218 0.5633919 0.1078383 -0.8191128 0.563405 0.107838 -0.8065971 0.5634055 0.1788168 -0.806604 0.5633942 0.1788213 -0.7879389 0.5634124 0.2484329 -0.787947 0.5633973 0.2484413 -0.763296 0.5633988 0.3161665 -0.7632892 0.5634078 0.3161667 -0.7328283 0.5634129 0.3814822 -0.7328318 0.5634021 0.3814914 -0.6967981 0.5633991 0.4439076 -0.6967931 0.5634039 0.4439094 -0.6554537 0.5634068 0.5029447 -0.6554504 0.5634064 0.5029493 -0.6091305 0.5634009 0.5581573 -0.6091202 0.5634057 0.5581636 -0.5581594 0.5634102 0.6091199 -0.5581588 0.5634028 0.6091274 -0.5029478 0.5634062 0.6554518 -0.5029476 0.5634008 0.6554565 -0.4439064 0.563406 0.6967933 -0.4439057 0.5634002 0.6967985 -0.3814897 0.5634069 0.732829 -0.3814848 0.5633996 0.7328372 -0.3161649 0.5634036 0.763293 -0.3161638 0.5634005 0.7632957 -0.248439 0.5634056 0.7879417 -0.2484355 0.5633956 0.7879501 -0.178819 0.5634036 0.806598 -0.1788175 0.563399 0.8066015 -0.1078405 0.5634049 0.8191125 -0.107837 0.5634022 0.8191148 -0.03603857 0.5634065 0.8253936 -0.03603738 0.5633966 0.8254002 0.03603827 0.5634011 0.8253972 0.03603756 0.5634005 0.8253976 0.1078372 0.5634015 0.8191154 0.1078398 0.5634022 0.8191146 0.1788176 0.5633985 0.8066018 0.1788179 0.5634014 0.8065997 0.2484393 0.5634044 0.7879425 0.2484357 0.5633981 0.7879481 0.3161668 0.5634056 0.7632908 0.3161641 0.5634006 0.7632955 0.3814895 0.5634108 0.7328261 0.3814858 0.5633974 0.7328383 0.4439077 0.5634026 0.6967951 0.4439058 0.5634027 0.6967964 0.5029508 0.5634046 0.6554508 0.5029457 0.5634005 0.6554583 0.5581601 0.5634048 0.6091243 0.5581578 0.5634055 0.6091257 0.6091255 0.563406 0.5581576 0.609123 0.5634008 0.5581655 0.6554528 0.563405 0.5029479 0.6554499 0.5634089 0.5029474 0.6967949 0.5634053 0.4439047 0.696797 0.5633975 0.4439114 0.7328331 0.5634067 0.3814823 0.7328255 0.5634121 0.3814888 0.7632909 0.5634052 0.3161671 0.763293 0.563403 0.3161662 0.7879385 0.563412 0.2484352 0.7879458 0.5633995 0.2484403 0.8065969 0.5634053 0.178818 0.8066031 0.5633957 0.1788205 0.8191174 0.5633985 0.1078377 0.819116 0.5634003 0.1078385 0.8253944 0.5634053 0.03603702 0.8253999 0.5633971 0.03603845 0.8253944 0.5634052 -0.03603762 0.8254022 0.563394 -0.03603792 0.8191218 0.5633919 -0.1078383 0.8191128 0.563405 -0.107838 0.8065971 0.5634055 -0.1788168 0.806604 0.5633942 -0.1788213 0.7879389 0.5634124 -0.2484329 0.787947 0.5633973 -0.2484413 0.763296 0.5633988 -0.3161665 0.7632892 0.5634078 -0.3161667 0.7328283 0.5634129 -0.3814822 0.7328318 0.5634021 -0.3814914 0.6967981 0.5633991 -0.4439076 0.6967931 0.5634039 -0.4439094 0.6554537 0.5634068 -0.5029447 0.6554504 0.5634064 -0.5029493 0.6091305 0.5634009 -0.5581573 0.6091202 0.5634057 -0.5581636 0.5581594 0.5634102 -0.6091199 0.5581588 0.5634028 -0.6091274 0.5029478 0.5634062 -0.6554518 0.5029476 0.5634008 -0.6554565 0.4439064 0.563406 -0.6967933 0.4439057 0.5634002 -0.6967985 0.3814897 0.5634069 -0.732829 0.3814848 0.5633996 -0.7328372 0.3161649 0.5634036 -0.763293 0.3161638 0.5634005 -0.7632957 0.248439 0.5634056 -0.7879417 0.2484355 0.5633956 -0.7879501 0.178819 0.5634036 -0.806598 0.1788175 0.563399 -0.8066015 0.1078405 0.5634049 -0.8191125 0.107837 0.5634022 -0.8191148 0.03603857 0.5634065 -0.8253936 0.03603738 0.5633966 -0.8254002 -0.03603827 0.5634011 -0.8253972 -0.03383624 0.6311158 -0.7749504 -0.1012473 0.6311096 -0.7690577 -0.1012492 0.6311111 -0.7690562 -0.167892 0.6311115 -0.7573049 -0.1678912 0.6311151 -0.757302 -0.2332547 0.6311115 -0.7397909 -0.2332558 0.6311131 -0.7397892 -0.2968432 0.6311093 -0.7166486 -0.2968466 0.6311135 -0.7166435 -0.3581765 0.6311113 -0.6880467 -0.3581748 0.6311101 -0.6880486 -0.4167786 0.6311113 -0.6542127 -0.4167803 0.6311102 -0.6542127 -0.4722141 0.6311048 -0.6154029 -0.4722113 0.6311146 -0.615395 -0.5240492 0.6311102 -0.5719025 -0.5240512 0.6311116 -0.5718991 -0.5719026 0.6311032 -0.5240575 -0.5718993 0.6311171 -0.5240443 -0.6153959 0.631112 -0.4722135 -0.6154019 0.6311088 -0.4722101 -0.6542193 0.6311024 -0.4167816 -0.6542105 0.6311161 -0.4167746 -0.6880497 0.6311077 -0.3581771 -0.688053 0.6311044 -0.3581765 -0.7166479 0.6311073 -0.2968493 -0.7166404 0.63112 -0.2968403 -0.7397883 0.6311135 -0.2332575 -0.7397957 0.6311055 -0.233256 -0.7573029 0.6311138 -0.1678921 -0.7573041 0.6311132 -0.1678885 -0.7690539 0.631114 -0.1012485 -0.7690562 0.6311114 -0.1012483 -0.7749567 0.6311081 -0.03383618 -0.7749496 0.6311168 -0.03383463 -0.7749567 0.6311081 0.03383558 -0.77495 0.6311163 0.03383523 -0.7690588 0.631108 0.1012494 -0.7690534 0.6311147 0.1012473 -0.7573032 0.6311135 0.167892 -0.7573059 0.6311109 0.1678891 -0.7397887 0.6311135 0.2332563 -0.7397978 0.6311023 0.2332574 -0.7166439 0.6311136 0.2968453 -0.7166463 0.6311121 0.2968428 -0.6880455 0.6311135 0.3581749 -0.6880554 0.631101 0.3581778 -0.6542133 0.6311075 0.4167834 -0.654216 0.631111 0.4167737 -0.615403 0.6311006 0.4722195 -0.6153967 0.6311162 0.4722068 -0.5719043 0.6311002 0.5240591 -0.5718996 0.6311187 0.5240422 -0.5240508 0.6311073 0.5719043 -0.5240505 0.6311162 0.5718946 -0.4722112 0.6311106 0.6153991 -0.4722145 0.6311103 0.6153968 -0.416777 0.6311081 0.6542168 -0.4167816 0.6311122 0.6542098 -0.3581742 0.631107 0.6880518 -0.3581765 0.6311113 0.6880466 -0.2968446 0.631105 0.7166519 -0.2968456 0.6311184 0.7166396 -0.2332556 0.6311124 0.7397899 -0.2332554 0.6311138 0.7397887 -0.1678906 0.6311079 0.7573081 -0.167892 0.631117 0.7573003 -0.1012467 0.6311033 0.7690629 -0.1012494 0.6311147 0.7690532 -0.03383594 0.6311092 0.7749556 -0.03383499 0.631115 0.774951 0.03383475 0.6311094 0.7749557 0.03383624 0.6311158 0.7749504 0.1012473 0.6311096 0.7690577 0.1012492 0.6311111 0.7690562 0.167892 0.6311115 0.7573049 0.1678912 0.6311151 0.757302 0.2332547 0.6311115 0.7397909 0.2332558 0.6311131 0.7397892 0.2968432 0.6311093 0.7166486 0.2968466 0.6311135 0.7166435 0.3581765 0.6311113 0.6880467 0.3581748 0.6311101 0.6880486 0.4167786 0.6311113 0.6542127 0.4167803 0.6311102 0.6542127 0.4722141 0.6311048 0.6154029 0.4722113 0.6311146 0.615395 0.5240492 0.6311102 0.5719025 0.5240512 0.6311116 0.5718991 0.5719026 0.6311032 0.5240575 0.5718993 0.6311171 0.5240443 0.6153959 0.631112 0.4722135 0.6154019 0.6311088 0.4722101 0.6542193 0.6311024 0.4167816 0.6542105 0.6311161 0.4167746 0.6880497 0.6311077 0.3581771 0.688053 0.6311044 0.3581765 0.7166479 0.6311073 0.2968493 0.7166404 0.63112 0.2968403 0.7397883 0.6311135 0.2332575 0.7397957 0.6311055 0.233256 0.7573029 0.6311138 0.1678921 0.7573041 0.6311132 0.1678885 0.7690539 0.631114 0.1012485 0.7690562 0.6311114 0.1012483 0.7749567 0.6311081 0.03383618 0.7749496 0.6311168 0.03383463 0.7749567 0.6311081 -0.03383558 0.77495 0.6311163 -0.03383523 0.7690588 0.631108 -0.1012494 0.7690534 0.6311147 -0.1012473 0.7573032 0.6311135 -0.167892 0.7573059 0.6311109 -0.1678891 0.7397887 0.6311135 -0.2332563 0.7397978 0.6311023 -0.2332574 0.7166439 0.6311136 -0.2968453 0.7166463 0.6311121 -0.2968428 0.6880455 0.6311135 -0.3581749 0.6880554 0.631101 -0.3581778 0.6542133 0.6311075 -0.4167834 0.654216 0.631111 -0.4167737 0.615403 0.6311006 -0.4722195 0.6153967 0.6311162 -0.4722068 0.5719043 0.6311002 -0.5240591 0.5718996 0.6311187 -0.5240422 0.5240508 0.6311073 -0.5719043 0.5240505 0.6311162 -0.5718946 0.4722112 0.6311106 -0.6153991 0.4722145 0.6311103 -0.6153968 0.416777 0.6311081 -0.6542168 0.4167816 0.6311122 -0.6542098 0.3581742 0.631107 -0.6880518 0.3581765 0.6311113 -0.6880466 0.2968446 0.631105 -0.7166519 0.2968456 0.6311184 -0.7166396 0.2332556 0.6311124 -0.7397899 0.2332554 0.6311138 -0.7397887 0.1678906 0.6311079 -0.7573081 0.167892 0.631117 -0.7573003 0.1012467 0.6311033 -0.7690629 0.1012494 0.6311147 -0.7690532 0.03383594 0.6311092 -0.7749556 0.03383499 0.631115 -0.774951 -0.03383475 0.6311094 -0.7749557 -0.03139132 0.6943263 -0.7189754 -0.09393525 0.6943309 -0.713499 -0.09393465 0.6943318 -0.7134982 -0.1557635 0.6943311 -0.7025967 -0.1557604 0.6943276 -0.7026008 -0.2164059 0.6943286 -0.68635 -0.216407 0.6943256 -0.6863527 -0.2754011 0.694325 -0.6648812 -0.2754021 0.694328 -0.6648778 -0.3322993 0.694321 -0.6383538 -0.3323005 0.6943293 -0.6383443 -0.3866733 0.6943236 -0.6069585 -0.3866729 0.6943327 -0.6069483 -0.4381006 0.6943325 -0.5709381 -0.4380999 0.6943268 -0.5709456 -0.4861946 0.6943292 -0.5305864 -0.4861959 0.6943239 -0.5305921 -0.5305896 0.6943254 -0.4861965 -0.5305874 0.6943299 -0.4861925 -0.5709446 0.6943284 -0.4380987 -0.5709438 0.6943263 -0.4381029 -0.6069549 0.6943281 -0.3866709 -0.6069483 0.6943336 -0.3866711 -0.6383453 0.6943278 -0.3323014 -0.6383454 0.6943265 -0.332304 -0.6648776 0.6943275 -0.2754036 -0.6648817 0.6943251 -0.2754 -0.6863554 0.694323 -0.2164069 -0.6863489 0.6943302 -0.2164043 -0.7025953 0.6943328 -0.1557622 -0.702606 0.6943221 -0.1557619 -0.7135068 0.694323 -0.09393447 -0.7134991 0.6943308 -0.09393525 -0.7189691 0.6943328 -0.03139036 -0.7189732 0.6943287 -0.03139144 -0.7189738 0.694328 0.03139054 -0.7189705 0.6943314 0.03139013 -0.7135066 0.694323 0.09393566 -0.7134996 0.6943304 0.09393405 -0.7025951 0.694333 0.1557622 -0.7026055 0.6943225 0.1557623 -0.68636 0.6943176 0.2164095 -0.6863461 0.6943331 0.2164042 -0.6648826 0.694323 0.2754032 -0.6648761 0.6943301 0.2754007 -0.6383454 0.6943287 0.3322994 -0.6383448 0.6943277 0.3323028 -0.6069505 0.6943333 0.3866685 -0.6069523 0.6943301 0.3866714 -0.5709429 0.6943271 0.4381027 -0.5709444 0.6943286 0.4380986 -0.5305878 0.6943279 0.4861949 -0.5305891 0.6943284 0.4861928 -0.4861971 0.6943263 0.5305878 -0.4861937 0.6943268 0.5305904 -0.4381024 0.6943256 0.5709451 -0.4380975 0.6943309 0.5709425 -0.3866726 0.6943317 0.6069496 -0.3866749 0.6943268 0.6069537 -0.3322982 0.6943213 0.638354 -0.3323013 0.6943291 0.6383439 -0.2754024 0.6943308 0.6648747 -0.2754015 0.6943222 0.664884 -0.2164049 0.6943225 0.6863565 -0.2164072 0.6943286 0.6863497 -0.1557604 0.6943256 0.7026028 -0.1557627 0.6943289 0.7025991 -0.09393453 0.6943265 0.7135034 -0.09393477 0.694332 0.7134981 -0.03139048 0.6943271 0.7189748 -0.03139156 0.6943274 0.7189744 0.03139078 0.6943302 0.7189717 0.03139132 0.6943263 0.7189754 0.09393525 0.6943309 0.713499 0.09393465 0.6943318 0.7134982 0.1557635 0.6943311 0.7025967 0.1557604 0.6943276 0.7026008 0.2164059 0.6943286 0.68635 0.216407 0.6943256 0.6863527 0.2754011 0.694325 0.6648812 0.2754021 0.694328 0.6648778 0.3322993 0.694321 0.6383538 0.3323005 0.6943293 0.6383443 0.3866733 0.6943236 0.6069585 0.3866729 0.6943327 0.6069483 0.4381006 0.6943325 0.5709381 0.4380999 0.6943268 0.5709456 0.4861946 0.6943292 0.5305864 0.4861959 0.6943239 0.5305921 0.5305896 0.6943254 0.4861965 0.5305874 0.6943299 0.4861925 0.5709446 0.6943284 0.4380987 0.5709438 0.6943263 0.4381029 0.6069549 0.6943281 0.3866709 0.6069483 0.6943336 0.3866711 0.6383453 0.6943278 0.3323014 0.6383454 0.6943265 0.332304 0.6648776 0.6943275 0.2754036 0.6648817 0.6943251 0.2754 0.6863554 0.694323 0.2164069 0.6863489 0.6943302 0.2164043 0.7025953 0.6943328 0.1557622 0.702606 0.6943221 0.1557619 0.7135068 0.694323 0.09393447 0.7134991 0.6943308 0.09393525 0.7189691 0.6943328 0.03139036 0.7189732 0.6943287 0.03139144 0.7189738 0.694328 -0.03139054 0.7189705 0.6943314 -0.03139013 0.7135066 0.694323 -0.09393566 0.7134996 0.6943304 -0.09393405 0.7025951 0.694333 -0.1557622 0.7026055 0.6943225 -0.1557623 0.68636 0.6943176 -0.2164095 0.6863461 0.6943331 -0.2164042 0.6648826 0.694323 -0.2754032 0.6648761 0.6943301 -0.2754007 0.6383454 0.6943287 -0.3322994 0.6383448 0.6943277 -0.3323028 0.6069505 0.6943333 -0.3866685 0.6069523 0.6943301 -0.3866714 0.5709429 0.6943271 -0.4381027 0.5709444 0.6943286 -0.4380986 0.5305878 0.6943279 -0.4861949 0.5305891 0.6943284 -0.4861928 0.4861971 0.6943263 -0.5305878 0.4861937 0.6943268 -0.5305904 0.4381024 0.6943256 -0.5709451 0.4380975 0.6943309 -0.5709425 0.3866726 0.6943317 -0.6069496 0.3866749 0.6943268 -0.6069537 0.3322982 0.6943213 -0.638354 0.3323013 0.6943291 -0.6383439 0.2754024 0.6943308 -0.6648747 0.2754015 0.6943222 -0.664884 0.2164049 0.6943225 -0.6863565 0.2164072 0.6943286 -0.6863497 0.1557604 0.6943256 -0.7026028 0.1557627 0.6943289 -0.7025991 0.09393453 0.6943265 -0.7135034 0.09393477 0.694332 -0.7134981 0.03139048 0.6943271 -0.7189748 0.03139156 0.6943274 -0.7189744 -0.03139078 0.6943302 -0.7189717 -0.02872145 0.752593 -0.6578593 -0.08594882 0.7525935 -0.6528521 -0.08594965 0.7525984 -0.6528463 -0.1425188 0.7525958 -0.6428747 -0.1425219 0.7525954 -0.6428747 -0.1980096 0.7526019 -0.6279988 -0.1980072 0.7525985 -0.6280038 -0.2519893 0.7525989 -0.6083556 -0.25199 0.7526031 -0.6083499 -0.3040517 0.7525995 -0.5840774 -0.304053 0.7525973 -0.5840798 -0.3538033 0.7525988 -0.5553544 -0.3538008 0.7525963 -0.5553593 -0.4008566 0.7525973 -0.522409 -0.400857 0.7525969 -0.5224096 -0.444864 0.7525967 -0.4854836 -0.4448611 0.7525998 -0.4854815 -0.4854841 0.7525975 -0.4448621 -0.4854818 0.7525991 -0.4448621 -0.5224094 0.7525976 -0.4008557 -0.5224056 0.752599 -0.4008582 -0.5553501 0.7526047 -0.3537973 -0.555362 0.7525912 -0.3538075 -0.5840811 0.7525972 -0.304051 -0.584077 0.7525991 -0.3040539 -0.6083583 0.7525962 -0.2519903 -0.6083539 0.7526004 -0.2519888 -0.6280013 0.752601 -0.1980057 -0.6280016 0.7525994 -0.1980108 -0.6428689 0.7526005 -0.1425209 -0.6428749 0.7525952 -0.142522 -0.6528487 0.7525963 -0.08594918 -0.652844 0.7526006 -0.08594793 -0.6578554 0.7525964 -0.02872192 -0.657858 0.7525942 -0.02872294 -0.6578507 0.7526006 0.02872228 -0.6578607 0.7525918 0.02872186 -0.6528487 0.7525964 0.08594936 -0.6528431 0.7526014 0.08594781 -0.6428779 0.7525922 0.1425241 -0.6428686 0.752601 0.1425194 -0.6280009 0.7526009 0.1980069 -0.6280014 0.7526002 0.1980082 -0.6083623 0.7525916 0.2519944 -0.6083532 0.7526014 0.2519874 -0.5840761 0.7526002 0.3040531 -0.5840809 0.7525962 0.3040536 -0.5553585 0.7525962 0.3538023 -0.5553574 0.7525972 0.3538019 -0.5224094 0.7525976 0.4008557 -0.5224068 0.7525983 0.4008579 -0.485485 0.752597 0.4448618 -0.4854801 0.7526001 0.4448623 -0.444864 0.7525967 0.4854836 -0.4448599 0.7526013 0.4854801 -0.4008576 0.7525992 0.5224055 -0.4008566 0.7525961 0.5224109 -0.3538029 0.7525974 0.5553565 -0.3538017 0.7525965 0.5553584 -0.3040534 0.7525948 0.5840829 -0.3040522 0.7526021 0.5840741 -0.25199 0.7526047 0.608348 -0.2519898 0.7525984 0.6083558 -0.1980071 0.7525981 0.6280043 -0.1980093 0.7526007 0.6280004 -0.142521 0.7525963 0.6428738 -0.1425198 0.7525961 0.6428742 -0.08595037 0.7525991 0.6528456 -0.08594846 0.7525959 0.6528494 -0.02872192 0.7525979 0.6578538 -0.02872264 0.7525944 0.6578578 0.02872312 0.7525984 0.6578532 0.02872145 0.752593 0.6578593 0.08594882 0.7525935 0.6528521 0.08594965 0.7525984 0.6528463 0.1425188 0.7525958 0.6428747 0.1425219 0.7525954 0.6428747 0.1980096 0.7526019 0.6279988 0.1980072 0.7525985 0.6280038 0.2519893 0.7525989 0.6083556 0.25199 0.7526031 0.6083499 0.3040517 0.7525995 0.5840774 0.304053 0.7525973 0.5840798 0.3538033 0.7525988 0.5553544 0.3538008 0.7525963 0.5553593 0.4008566 0.7525973 0.522409 0.400857 0.7525969 0.5224096 0.444864 0.7525967 0.4854836 0.4448611 0.7525998 0.4854815 0.4854841 0.7525975 0.4448621 0.4854818 0.7525991 0.4448621 0.5224094 0.7525976 0.4008557 0.5224056 0.752599 0.4008582 0.5553501 0.7526047 0.3537973 0.555362 0.7525912 0.3538075 0.5840811 0.7525972 0.304051 0.584077 0.7525991 0.3040539 0.6083583 0.7525962 0.2519903 0.6083539 0.7526004 0.2519888 0.6280013 0.752601 0.1980057 0.6280016 0.7525994 0.1980108 0.6428689 0.7526005 0.1425209 0.6428749 0.7525952 0.142522 0.6528487 0.7525963 0.08594918 0.652844 0.7526006 0.08594793 0.6578554 0.7525964 0.02872192 0.657858 0.7525942 0.02872294 0.6578507 0.7526006 -0.02872228 0.6578607 0.7525918 -0.02872186 0.6528487 0.7525964 -0.08594936 0.6528431 0.7526014 -0.08594781 0.6428779 0.7525922 -0.1425241 0.6428686 0.752601 -0.1425194 0.6280009 0.7526009 -0.1980069 0.6280014 0.7526002 -0.1980082 0.6083623 0.7525916 -0.2519944 0.6083532 0.7526014 -0.2519874 0.5840761 0.7526002 -0.3040531 0.5840809 0.7525962 -0.3040536 0.5553585 0.7525962 -0.3538023 0.5553574 0.7525972 -0.3538019 0.5224094 0.7525976 -0.4008557 0.5224068 0.7525983 -0.4008579 0.485485 0.752597 -0.4448618 0.4854801 0.7526001 -0.4448623 0.444864 0.7525967 -0.4854836 0.4448599 0.7526013 -0.4854801 0.4008576 0.7525992 -0.5224055 0.4008566 0.7525961 -0.5224109 0.3538029 0.7525974 -0.5553565 0.3538017 0.7525965 -0.5553584 0.3040534 0.7525948 -0.5840829 0.3040522 0.7526021 -0.5840741 0.25199 0.7526047 -0.608348 0.2519898 0.7525984 -0.6083558 0.1980071 0.7525981 -0.6280043 0.1980093 0.7526007 -0.6280004 0.142521 0.7525963 -0.6428738 0.1425198 0.7525961 -0.6428742 0.08595037 0.7525991 -0.6528456 0.08594846 0.7525959 -0.6528494 0.02872192 0.7525979 -0.6578538 0.02872264 0.7525944 -0.6578578 -0.02872312 0.7525984 -0.6578532 -0.02584886 0.8055045 -0.5920258 -0.07734757 0.8055052 -0.5875192 -0.07734882 0.8055064 -0.5875174 -0.1282607 0.8055072 -0.578539 -0.1282598 0.8055025 -0.5785456 -0.1781957 0.8055055 -0.5651613 -0.1781961 0.8055021 -0.5651659 -0.2267763 0.805507 -0.5474771 -0.2267749 0.8055002 -0.5474876 -0.2736302 0.8055058 -0.5256301 -0.2736275 0.8055029 -0.5256358 -0.3184 0.8055054 -0.4997825 -0.3183981 0.8055023 -0.4997888 -0.3607467 0.8055055 -0.4701306 -0.3607479 0.8055024 -0.470135 -0.400349 0.8055056 -0.4368999 -0.4003486 0.8055003 -0.4369099 -0.4369029 0.8055047 -0.4003474 -0.436905 0.8055016 -0.4003513 -0.4701313 0.8055074 -0.3607419 -0.4701329 0.8055031 -0.3607494 -0.4997833 0.8055052 -0.3183994 -0.4997881 0.805503 -0.3183972 -0.5256364 0.8055034 -0.2736251 -0.5256381 0.8055002 -0.2736314 -0.547484 0.8055028 -0.2267746 -0.5474844 0.8055022 -0.2267752 -0.5651657 0.8055024 -0.1781955 -0.5651653 0.8055028 -0.1781954 -0.5785455 0.8055024 -0.128262 -0.5785387 0.8055079 -0.1282574 -0.5875229 0.8055024 -0.07734864 -0.5875169 0.8055068 -0.07734948 -0.5920239 0.8055059 -0.02584862 -0.5920277 0.8055031 -0.02584761 -0.5920239 0.8055059 0.02584862 -0.5920282 0.8055028 0.02584767 -0.5875228 0.8055024 0.07734894 -0.5875194 0.805505 0.07734858 -0.5785412 0.8055059 0.1282598 -0.5785442 0.8055037 0.1282598 -0.5651651 0.8055029 0.1781955 -0.5651637 0.8055034 0.178197 -0.5474838 0.8055029 0.2267746 -0.5474847 0.8055024 0.226774 -0.5256401 0.8054988 0.2736314 -0.5256342 0.8055042 0.2736273 -0.4997833 0.8055052 0.3183994 -0.4997884 0.8055023 0.3183985 -0.4701353 0.8055037 0.3607445 -0.4701313 0.8055039 0.3607493 -0.4369047 0.8055011 0.4003527 -0.4369039 0.8055037 0.4003484 -0.4003502 0.8055021 0.4369052 -0.4003475 0.8055029 0.4369064 -0.3607459 0.8055038 0.4701343 -0.3607473 0.8055046 0.4701318 -0.3183991 0.8055008 0.4997906 -0.3183984 0.8055053 0.4997838 -0.2736273 0.8055043 0.5256339 -0.273629 0.8055028 0.5256353 -0.2267756 0.8055019 0.5474847 -0.2267746 0.805502 0.5474851 -0.1781958 0.8055012 0.5651673 -0.1781955 0.8055038 0.5651638 -0.1282612 0.8055058 0.578541 -0.1282595 0.8055042 0.5785434 -0.07734853 0.8055064 0.5875175 -0.07734781 0.8055043 0.5875204 -0.02584874 0.8055016 0.5920296 -0.02584868 0.8055039 0.5920265 0.02584868 0.805503 0.5920277 0.02584886 0.8055045 0.5920258 0.07734757 0.8055052 0.5875192 0.07734882 0.8055064 0.5875174 0.1282607 0.8055072 0.578539 0.1282598 0.8055025 0.5785456 0.1781957 0.8055055 0.5651613 0.1781961 0.8055021 0.5651659 0.2267763 0.805507 0.5474771 0.2267749 0.8055002 0.5474876 0.2736302 0.8055058 0.5256301 0.2736275 0.8055029 0.5256358 0.3184 0.8055054 0.4997825 0.3183981 0.8055023 0.4997888 0.3607467 0.8055055 0.4701306 0.3607479 0.8055024 0.470135 0.400349 0.8055056 0.4368999 0.4003486 0.8055003 0.4369099 0.4369029 0.8055047 0.4003474 0.436905 0.8055016 0.4003513 0.4701313 0.8055074 0.3607419 0.4701329 0.8055031 0.3607494 0.4997833 0.8055052 0.3183994 0.4997881 0.805503 0.3183972 0.5256364 0.8055034 0.2736251 0.5256381 0.8055002 0.2736314 0.547484 0.8055028 0.2267746 0.5474844 0.8055022 0.2267752 0.5651657 0.8055024 0.1781955 0.5651653 0.8055028 0.1781954 0.5785455 0.8055024 0.128262 0.5785387 0.8055079 0.1282574 0.5875229 0.8055024 0.07734864 0.5875169 0.8055068 0.07734948 0.5920239 0.8055059 0.02584862 0.5920277 0.8055031 0.02584761 0.5920239 0.8055059 -0.02584862 0.5920282 0.8055028 -0.02584767 0.5875228 0.8055024 -0.07734894 0.5875194 0.805505 -0.07734858 0.5785412 0.8055059 -0.1282598 0.5785442 0.8055037 -0.1282598 0.5651651 0.8055029 -0.1781955 0.5651637 0.8055034 -0.178197 0.5474838 0.8055029 -0.2267746 0.5474847 0.8055024 -0.226774 0.5256401 0.8054988 -0.2736314 0.5256342 0.8055042 -0.2736273 0.4997833 0.8055052 -0.3183994 0.4997884 0.8055023 -0.3183985 0.4701353 0.8055037 -0.3607445 0.4701313 0.8055039 -0.3607493 0.4369047 0.8055011 -0.4003527 0.4369039 0.8055037 -0.4003484 0.4003502 0.8055021 -0.4369052 0.4003475 0.8055029 -0.4369064 0.3607459 0.8055038 -0.4701343 0.3607473 0.8055046 -0.4701318 0.3183991 0.8055008 -0.4997906 0.3183984 0.8055053 -0.4997838 0.2736273 0.8055043 -0.5256339 0.273629 0.8055028 -0.5256353 0.2267756 0.8055019 -0.5474847 0.2267746 0.805502 -0.5474851 0.1781958 0.8055012 -0.5651673 0.1781955 0.8055038 -0.5651638 0.1282612 0.8055058 -0.578541 0.1282595 0.8055042 -0.5785434 0.07734853 0.8055064 -0.5875175 0.07734781 0.8055043 -0.5875204 0.02584874 0.8055016 -0.5920296 0.02584868 0.8055039 -0.5920265 -0.02584868 0.805503 -0.5920277 -0.02278947 0.8526657 -0.5219598 -0.06819486 0.8526694 -0.517981 -0.06819403 0.8526582 -0.5179997 -0.1130818 0.852667 -0.51007 -0.1130808 0.8526597 -0.5100828 -0.1571074 0.8526636 -0.4982793 -0.1571062 0.8526608 -0.4982842 -0.1999379 0.8526653 -0.4826871 -0.1999336 0.8526604 -0.4826976 -0.2412443 0.8526645 -0.463427 -0.2412425 0.8526613 -0.463434 -0.2807188 0.852666 -0.4406334 -0.2807144 0.8526645 -0.4406391 -0.3180557 0.8526642 -0.4144932 -0.3180518 0.8526625 -0.4144995 -0.3529677 0.8526651 -0.3851963 -0.3529677 0.852664 -0.3851987 -0.3851983 0.8526635 -0.352969 -0.3851978 0.8526638 -0.3529692 -0.4144948 0.8526648 -0.3180519 -0.4144957 0.852662 -0.3180582 -0.4406389 0.8526641 -0.2807155 -0.4406377 0.8526634 -0.2807196 -0.4634276 0.852664 -0.241245 -0.4634239 0.8526658 -0.2412456 -0.4826867 0.8526668 -0.1999323 -0.4826887 0.8526648 -0.1999363 -0.498279 0.8526644 -0.1571035 -0.4982779 0.8526639 -0.1571099 -0.5100758 0.8526642 -0.1130779 -0.5100826 0.8526595 -0.1130826 -0.5179861 0.8526665 -0.06819427 -0.5179899 0.8526641 -0.06819438 -0.5219627 0.8526639 -0.0227887 -0.5219624 0.8526641 -0.02278953 -0.5219669 0.8526614 0.02278888 -0.5219582 0.8526667 0.02278935 -0.5179862 0.8526665 0.06819397 -0.5179908 0.8526636 0.0681945 -0.5100837 0.8526591 0.1130809 -0.5100759 0.8526636 0.1130811 -0.4982789 0.8526642 0.1571047 -0.4982795 0.852663 0.1571092 -0.4826867 0.8526668 0.1999323 -0.482689 0.8526641 0.1999388 -0.4634239 0.8526666 0.2412431 -0.4634268 0.8526635 0.2412484 -0.440635 0.852667 0.2807133 -0.4406401 0.8526614 0.280722 -0.4144957 0.8526644 0.3180517 -0.4144936 0.8526636 0.3180564 -0.385199 0.852665 0.3529649 -0.3851968 0.8526639 0.3529701 -0.3529697 0.8526653 0.3851938 -0.352967 0.8526647 0.3851979 -0.318054 0.8526628 0.4144971 -0.3180525 0.8526626 0.4144989 -0.2807172 0.8526669 0.4406327 -0.2807152 0.8526623 0.4406427 -0.2412437 0.8526641 0.463428 -0.2412435 0.852663 0.4634301 -0.1999349 0.8526633 0.482692 -0.1999365 0.8526617 0.482694 -0.1571081 0.8526676 0.4982723 -0.1571062 0.8526597 0.4982864 -0.1130807 0.852667 0.5100705 -0.113082 0.8526611 0.5100801 -0.06819373 0.8526639 0.5179904 -0.06819516 0.8526633 0.5179911 -0.0227887 0.8526705 0.5219519 -0.02278947 0.8526603 0.5219686 0.0227887 0.8526651 0.5219607 0.02278947 0.8526657 0.5219598 0.06819486 0.8526694 0.517981 0.06819403 0.8526582 0.5179997 0.1130818 0.852667 0.51007 0.1130808 0.8526597 0.5100828 0.1571074 0.8526636 0.4982793 0.1571062 0.8526608 0.4982842 0.1999379 0.8526653 0.4826871 0.1999336 0.8526604 0.4826976 0.2412443 0.8526645 0.463427 0.2412425 0.8526613 0.463434 0.2807188 0.852666 0.4406334 0.2807144 0.8526645 0.4406391 0.3180557 0.8526642 0.4144932 0.3180518 0.8526625 0.4144995 0.3529677 0.8526651 0.3851963 0.3529677 0.852664 0.3851987 0.3851983 0.8526635 0.352969 0.3851978 0.8526638 0.3529692 0.4144948 0.8526648 0.3180519 0.4144957 0.852662 0.3180582 0.4406389 0.8526641 0.2807155 0.4406377 0.8526634 0.2807196 0.4634276 0.852664 0.241245 0.4634239 0.8526658 0.2412456 0.4826867 0.8526668 0.1999323 0.4826887 0.8526648 0.1999363 0.498279 0.8526644 0.1571035 0.4982779 0.8526639 0.1571099 0.5100758 0.8526642 0.1130779 0.5100826 0.8526595 0.1130826 0.5179861 0.8526665 0.06819427 0.5179899 0.8526641 0.06819438 0.5219627 0.8526639 0.0227887 0.5219624 0.8526641 0.02278953 0.5219669 0.8526614 -0.02278888 0.5219582 0.8526667 -0.02278935 0.5179862 0.8526665 -0.06819397 0.5179908 0.8526636 -0.0681945 0.5100837 0.8526591 -0.1130809 0.5100759 0.8526636 -0.1130811 0.4982789 0.8526642 -0.1571047 0.4982795 0.852663 -0.1571092 0.4826867 0.8526668 -0.1999323 0.482689 0.8526641 -0.1999388 0.4634239 0.8526666 -0.2412431 0.4634268 0.8526635 -0.2412484 0.440635 0.852667 -0.2807133 0.4406401 0.8526614 -0.280722 0.4144957 0.8526644 -0.3180517 0.4144936 0.8526636 -0.3180564 0.385199 0.852665 -0.3529649 0.3851968 0.8526639 -0.3529701 0.3529697 0.8526653 -0.3851938 0.352967 0.8526647 -0.3851979 0.318054 0.8526628 -0.4144971 0.3180525 0.8526626 -0.4144989 0.2807172 0.8526669 -0.4406327 0.2807152 0.8526623 -0.4406427 0.2412437 0.8526641 -0.463428 0.2412435 0.852663 -0.4634301 0.1999349 0.8526633 -0.482692 0.1999365 0.8526617 -0.482694 0.1571081 0.8526676 -0.4982723 0.1571062 0.8526597 -0.4982864 0.1130807 0.852667 -0.5100705 0.113082 0.8526611 -0.5100801 0.06819373 0.8526639 -0.5179904 0.06819516 0.8526633 -0.5179911 0.0227887 0.8526705 -0.5219519 0.02278947 0.8526603 -0.5219686 -0.0227887 0.8526651 -0.5219607 -0.01956641 0.8937402 -0.4481579 -0.05855268 0.8937405 -0.4447467 -0.0585525 0.8937385 -0.4447509 -0.09709167 0.8937426 -0.437947 -0.09709066 0.8937401 -0.4379522 -0.1348928 0.89374 -0.4278234 -0.1348917 0.8937383 -0.4278274 -0.1716651 0.8937381 -0.4144434 -0.171667 0.893741 -0.4144365 -0.2071339 0.8937386 -0.3979032 -0.2071343 0.8937414 -0.3978967 -0.2410247 0.8937379 -0.3783381 -0.241024 0.8937394 -0.378335 -0.2730805 0.8937401 -0.355887 -0.2730814 0.8937424 -0.3558807 -0.3030604 0.8937405 -0.3307303 -0.303058 0.8937402 -0.3307332 -0.3307305 0.8937395 -0.3030631 -0.3307322 0.8937416 -0.303055 -0.3558831 0.8937408 -0.2730839 -0.3558862 0.8937412 -0.2730786 -0.3783298 0.8937406 -0.2410275 -0.3783346 0.8937397 -0.2410234 -0.3979004 0.8937405 -0.2071304 -0.3979011 0.8937399 -0.2071326 -0.4144386 0.8937397 -0.1716685 -0.4144383 0.8937408 -0.1716632 -0.4278235 0.8937398 -0.1348935 -0.4278216 0.8937407 -0.134894 -0.4379487 0.8937419 -0.09709036 -0.4379519 0.8937402 -0.09709107 -0.4447477 0.89374 -0.05855143 -0.4447486 0.8937396 -0.05855256 -0.4481622 0.8937382 -0.01956719 -0.4481581 0.8937401 -0.01956754 -0.4481622 0.8937382 0.01956778 -0.4481568 0.8937408 0.01956748 -0.4447441 0.8937419 0.05855089 -0.444751 0.8937383 0.05855292 -0.4379596 0.8937364 0.09709161 -0.4379458 0.8937431 0.09709203 -0.4278236 0.8937399 0.1348924 -0.4278236 0.8937397 0.1348935 -0.4144389 0.8937396 0.1716685 -0.4144376 0.8937411 0.1716641 -0.3979006 0.8937401 0.2071326 -0.397901 0.8937399 0.2071328 -0.3783333 0.8937398 0.2410252 -0.3783333 0.8937397 0.2410261 -0.355884 0.8937417 0.2730795 -0.3558881 0.8937398 0.2730805 -0.3307319 0.8937385 0.3030644 -0.3307316 0.8937411 0.3030568 -0.3030593 0.8937407 0.3307304 -0.3030599 0.89374 0.3307318 -0.2730804 0.8937418 0.3558831 -0.2730811 0.8937407 0.3558854 -0.2410238 0.8937392 0.3783357 -0.2410253 0.8937404 0.3783321 -0.2071335 0.8937391 0.3979024 -0.2071343 0.8937397 0.3979008 -0.1716662 0.8937374 0.4144447 -0.1716661 0.8937422 0.4144342 -0.1348929 0.8937399 0.4278237 -0.1348918 0.8937404 0.4278228 -0.09708982 0.8937443 0.4379439 -0.0970925 0.8937382 0.4379559 -0.0585525 0.8937366 0.4447547 -0.05855256 0.8937408 0.4447458 -0.01956588 0.8937372 0.4481639 -0.0195676 0.8937403 0.4481579 0.01956701 0.8937371 0.4481644 0.01956641 0.8937402 0.4481579 0.05855268 0.8937405 0.4447467 0.0585525 0.8937385 0.4447509 0.09709167 0.8937426 0.437947 0.09709066 0.8937401 0.4379522 0.1348928 0.89374 0.4278234 0.1348917 0.8937383 0.4278274 0.1716651 0.8937381 0.4144434 0.171667 0.893741 0.4144365 0.2071339 0.8937386 0.3979032 0.2071343 0.8937414 0.3978967 0.2410247 0.8937379 0.3783381 0.241024 0.8937394 0.378335 0.2730805 0.8937401 0.355887 0.2730814 0.8937424 0.3558807 0.3030604 0.8937405 0.3307303 0.303058 0.8937402 0.3307332 0.3307305 0.8937395 0.3030631 0.3307322 0.8937416 0.303055 0.3558831 0.8937408 0.2730839 0.3558862 0.8937412 0.2730786 0.3783298 0.8937406 0.2410275 0.3783346 0.8937397 0.2410234 0.3979004 0.8937405 0.2071304 0.3979011 0.8937399 0.2071326 0.4144386 0.8937397 0.1716685 0.4144383 0.8937408 0.1716632 0.4278235 0.8937398 0.1348935 0.4278216 0.8937407 0.134894 0.4379487 0.8937419 0.09709036 0.4379519 0.8937402 0.09709107 0.4447477 0.89374 0.05855143 0.4447486 0.8937396 0.05855256 0.4481622 0.8937382 0.01956719 0.4481581 0.8937401 0.01956754 0.4481622 0.8937382 -0.01956778 0.4481568 0.8937408 -0.01956748 0.4447441 0.8937419 -0.05855089 0.444751 0.8937383 -0.05855292 0.4379596 0.8937364 -0.09709161 0.4379458 0.8937431 -0.09709203 0.4278236 0.8937399 -0.1348924 0.4278236 0.8937397 -0.1348935 0.4144389 0.8937396 -0.1716685 0.4144376 0.8937411 -0.1716641 0.3979006 0.8937401 -0.2071326 0.397901 0.8937399 -0.2071328 0.3783333 0.8937398 -0.2410252 0.3783333 0.8937397 -0.2410261 0.355884 0.8937417 -0.2730795 0.3558881 0.8937398 -0.2730805 0.3307319 0.8937385 -0.3030644 0.3307316 0.8937411 -0.3030568 0.3030593 0.8937407 -0.3307304 0.3030599 0.89374 -0.3307318 0.2730804 0.8937418 -0.3558831 0.2730811 0.8937407 -0.3558854 0.2410238 0.8937392 -0.3783357 0.2410253 0.8937404 -0.3783321 0.2071335 0.8937391 -0.3979024 0.2071343 0.8937397 -0.3979008 0.1716662 0.8937374 -0.4144447 0.1716661 0.8937422 -0.4144342 0.1348929 0.8937399 -0.4278237 0.1348918 0.8937404 -0.4278228 0.09708982 0.8937443 -0.4379439 0.0970925 0.8937382 -0.4379559 0.0585525 0.8937366 -0.4447547 0.05855256 0.8937408 -0.4447458 0.01956588 0.8937372 -0.4481639 0.0195676 0.8937403 -0.4481579 -0.01956701 0.8937371 -0.4481644 -0.01620429 0.9284339 -0.3711441 -0.04849112 0.9284352 -0.3683161 -0.04849004 0.9284315 -0.3683258 -0.08040714 0.928433 -0.3626941 -0.08040595 0.9284311 -0.3626992 -0.1117134 0.9284357 -0.3542984 -0.1117119 0.9284308 -0.3543118 -0.1421672 0.9284364 -0.3432119 -0.142166 0.9284324 -0.3432233 -0.1715387 0.9284355 -0.3295179 -0.1715393 0.9284327 -0.3295256 -0.1996065 0.9284324 -0.3133217 -0.1996064 0.9284338 -0.313318 -0.2261548 0.9284361 -0.2947212 -0.2261536 0.928431 -0.2947381 -0.25098 0.9284345 -0.273895 -0.2509822 0.9284318 -0.2739023 -0.2738992 0.9284339 -0.2509778 -0.2738994 0.9284319 -0.2509851 -0.2947279 0.9284359 -0.2261468 -0.2947325 0.9284313 -0.2261596 -0.3133222 0.9284316 -0.1996094 -0.3133188 0.9284333 -0.199607 -0.3295245 0.9284344 -0.1715325 -0.3295227 0.9284328 -0.1715447 -0.3432176 0.9284344 -0.1421665 -0.3432253 0.9284315 -0.1421672 -0.3543055 0.9284335 -0.1117101 -0.3543077 0.9284321 -0.1117147 -0.3626964 0.9284321 -0.08040809 -0.3626912 0.928434 -0.08040714 -0.3683179 0.9284345 -0.04849183 -0.3683217 0.928433 -0.048491 -0.371149 0.9284321 -0.0162037 -0.3711443 0.9284338 -0.01620423 -0.371149 0.9284321 0.0162037 -0.3711421 0.9284348 0.01620417 -0.368318 0.9284345 0.04848963 -0.3683203 0.9284335 0.04849195 -0.3626905 0.9284345 0.08040559 -0.362697 0.9284316 0.08040964 -0.3543052 0.9284334 0.1117112 -0.3543068 0.9284324 0.1117143 -0.3432177 0.9284347 0.1421642 -0.3432244 0.9284316 0.1421681 -0.329524 0.928434 0.1715347 -0.3295218 0.9284334 0.1715429 -0.3133172 0.9284351 0.1996017 -0.3133223 0.928431 0.1996126 -0.2947285 0.9284357 0.2261468 -0.2947299 0.9284331 0.2261558 -0.2738986 0.9284344 0.2509767 -0.2739002 0.9284316 0.2509851 -0.2509838 0.9284325 0.2738984 -0.2509783 0.9284335 0.2738999 -0.2261537 0.9284341 0.2947282 -0.2261541 0.9284311 0.2947373 -0.1996062 0.9284357 0.3133121 -0.1996068 0.9284324 0.3133216 -0.1715392 0.9284355 0.3295179 -0.1715388 0.9284317 0.3295287 -0.1421666 0.9284337 0.3432196 -0.1421663 0.9284326 0.3432227 -0.1117123 0.9284331 0.3543056 -0.1117128 0.9284313 0.3543103 -0.08040696 0.9284322 0.3626961 -0.08040606 0.9284318 0.3626972 -0.048491 0.9284354 0.3683156 -0.04849016 0.9284324 0.3683232 -0.01620411 0.9284355 0.3711402 -0.01620429 0.9284339 0.3711442 0.01620411 0.9284355 0.3711403 0.01620429 0.9284339 0.3711441 0.04849112 0.9284352 0.3683161 0.04849004 0.9284315 0.3683258 0.08040714 0.928433 0.3626941 0.08040595 0.9284311 0.3626992 0.1117134 0.9284357 0.3542984 0.1117119 0.9284308 0.3543118 0.1421672 0.9284364 0.3432119 0.142166 0.9284324 0.3432233 0.1715387 0.9284355 0.3295179 0.1715393 0.9284327 0.3295256 0.1996065 0.9284324 0.3133217 0.1996064 0.9284338 0.313318 0.2261548 0.9284361 0.2947212 0.2261536 0.928431 0.2947381 0.25098 0.9284345 0.273895 0.2509822 0.9284318 0.2739023 0.2738992 0.9284339 0.2509778 0.2738994 0.9284319 0.2509851 0.2947279 0.9284359 0.2261468 0.2947325 0.9284313 0.2261596 0.3133222 0.9284316 0.1996094 0.3133188 0.9284333 0.199607 0.3295245 0.9284344 0.1715325 0.3295227 0.9284328 0.1715447 0.3432176 0.9284344 0.1421665 0.3432253 0.9284315 0.1421672 0.3543055 0.9284335 0.1117101 0.3543077 0.9284321 0.1117147 0.3626964 0.9284321 0.08040809 0.3626912 0.928434 0.08040714 0.3683179 0.9284345 0.04849183 0.3683217 0.928433 0.048491 0.371149 0.9284321 0.0162037 0.3711443 0.9284338 0.01620423 0.371149 0.9284321 -0.0162037 0.3711421 0.9284348 -0.01620417 0.368318 0.9284345 -0.04848963 0.3683203 0.9284335 -0.04849195 0.3626905 0.9284345 -0.08040559 0.362697 0.9284316 -0.08040964 0.3543052 0.9284334 -0.1117112 0.3543068 0.9284324 -0.1117143 0.3432177 0.9284347 -0.1421642 0.3432244 0.9284316 -0.1421681 0.329524 0.928434 -0.1715347 0.3295218 0.9284334 -0.1715429 0.3133172 0.9284351 -0.1996017 0.3133223 0.928431 -0.1996126 0.2947285 0.9284357 -0.2261468 0.2947299 0.9284331 -0.2261558 0.2738986 0.9284344 -0.2509767 0.2739002 0.9284316 -0.2509851 0.2509838 0.9284325 -0.2738984 0.2509783 0.9284335 -0.2738999 0.2261537 0.9284341 -0.2947282 0.2261541 0.9284311 -0.2947373 0.1996062 0.9284357 -0.3133121 0.1996068 0.9284324 -0.3133216 0.1715392 0.9284355 -0.3295179 0.1715388 0.9284317 -0.3295287 0.1421666 0.9284337 -0.3432196 0.1421663 0.9284326 -0.3432227 0.1117123 0.9284331 -0.3543056 0.1117128 0.9284313 -0.3543103 0.08040696 0.9284322 -0.3626961 0.08040606 0.9284318 -0.3626972 0.048491 0.9284354 -0.3683156 0.04849016 0.9284324 -0.3683232 0.01620411 0.9284355 -0.3711402 0.01620429 0.9284339 -0.3711442 -0.01620411 0.9284355 -0.3711403 -0.012726 0.9564952 -0.2914704 -0.03807842 0.9564998 -0.2892376 -0.03807967 0.9564988 -0.2892408 -0.06314349 0.9564999 -0.284817 -0.06314289 0.9564981 -0.2848235 -0.08772754 0.9565006 -0.2782272 -0.08772629 0.956499 -0.2782332 -0.1116433 0.9565008 -0.2695221 -0.1116422 0.9564976 -0.2695335 -0.1347099 0.9565012 -0.2587641 -0.1347089 0.9564983 -0.2587751 -0.15675 0.9565 -0.246043 -0.1567505 0.9564977 -0.2460522 -0.1775979 0.956499 -0.2314488 -0.1775986 0.956498 -0.2314527 -0.197095 0.9564983 -0.2150919 -0.1970945 0.9564988 -0.2150905 -0.2150897 0.956499 -0.1970939 -0.2150905 0.9564976 -0.1971005 -0.231451 0.9564989 -0.1775959 -0.2314524 0.9564967 -0.1776062 -0.2460485 0.9564986 -0.1567501 -0.2460473 0.9564986 -0.1567516 -0.2587722 0.9564995 -0.1347059 -0.258773 0.9564981 -0.1347148 -0.2695303 0.9564985 -0.1116422 -0.2695295 0.9564987 -0.111643 -0.2782349 0.9564985 -0.08772659 -0.2782338 0.9564989 -0.08772563 -0.2848219 0.9564986 -0.06314253 -0.2848215 0.9564987 -0.06314361 -0.2892415 0.9564985 -0.03807902 -0.2892423 0.9564983 -0.03807878 -0.2914596 0.9564985 -0.01272523 -0.2914552 0.9564998 -0.01272535 -0.2914596 0.9564985 0.01272523 -0.2914551 0.9564999 0.01272529 -0.2892415 0.9564985 0.03807801 -0.2892407 0.9564987 0.03807973 -0.284822 0.9564985 0.06314307 -0.2848193 0.9564993 0.06314426 -0.278235 0.9564987 0.08772432 -0.2782341 0.9564987 0.08772796 -0.2695302 0.9564986 0.1116422 -0.2695298 0.9564987 0.1116419 -0.258772 0.9564996 0.1347059 -0.2587722 0.9564986 0.134712 -0.2460487 0.9564993 0.1567457 -0.2460481 0.9564981 0.1567543 -0.231451 0.9564989 0.1775959 -0.231454 0.9564965 0.1776052 -0.2150894 0.9565 0.1970896 -0.2150912 0.9564974 0.1971007 -0.1970927 0.9565002 0.2150858 -0.1970963 0.9564975 0.2150943 -0.1775988 0.9564984 0.2314509 -0.1775982 0.9564982 0.2314525 -0.1567509 0.9564998 0.2460435 -0.1567494 0.9564973 0.2460544 -0.1347088 0.9564992 0.2587719 -0.1347095 0.9564988 0.258773 -0.1116427 0.9564983 0.2695311 -0.1116427 0.9564982 0.2695316 -0.08772653 0.9565006 0.2782277 -0.08772718 0.9564981 0.2782362 -0.06314295 0.9565001 0.2848172 -0.06314343 0.9564979 0.284824 -0.03807955 0.9564998 0.2892374 -0.03807854 0.9564978 0.2892441 -0.01272577 0.9564982 0.2914608 -0.01272541 0.9564974 0.2914634 0.01272523 0.956501 0.2914516 0.012726 0.9564952 0.2914704 0.03807842 0.9564998 0.2892376 0.03807967 0.9564988 0.2892408 0.06314349 0.9564999 0.284817 0.06314289 0.9564981 0.2848235 0.08772754 0.9565006 0.2782272 0.08772629 0.956499 0.2782332 0.1116433 0.9565008 0.2695221 0.1116422 0.9564976 0.2695335 0.1347099 0.9565012 0.2587641 0.1347089 0.9564983 0.2587751 0.15675 0.9565 0.246043 0.1567505 0.9564977 0.2460522 0.1775979 0.956499 0.2314488 0.1775986 0.956498 0.2314527 0.197095 0.9564983 0.2150919 0.1970945 0.9564988 0.2150905 0.2150897 0.956499 0.1970939 0.2150905 0.9564976 0.1971005 0.231451 0.9564989 0.1775959 0.2314524 0.9564967 0.1776062 0.2460485 0.9564986 0.1567501 0.2460473 0.9564986 0.1567516 0.2587722 0.9564995 0.1347059 0.258773 0.9564981 0.1347148 0.2695303 0.9564985 0.1116422 0.2695295 0.9564987 0.111643 0.2782349 0.9564985 0.08772659 0.2782338 0.9564989 0.08772563 0.2848219 0.9564986 0.06314253 0.2848215 0.9564987 0.06314361 0.2892415 0.9564985 0.03807902 0.2892423 0.9564983 0.03807878 0.2914596 0.9564985 0.01272523 0.2914552 0.9564998 0.01272535 0.2914596 0.9564985 -0.01272523 0.2914551 0.9564999 -0.01272529 0.2892415 0.9564985 -0.03807801 0.2892407 0.9564987 -0.03807973 0.284822 0.9564985 -0.06314307 0.2848193 0.9564993 -0.06314426 0.278235 0.9564987 -0.08772432 0.2782341 0.9564987 -0.08772796 0.2695302 0.9564986 -0.1116422 0.2695298 0.9564987 -0.1116419 0.258772 0.9564996 -0.1347059 0.2587722 0.9564986 -0.134712 0.2460487 0.9564993 -0.1567457 0.2460481 0.9564981 -0.1567543 0.231451 0.9564989 -0.1775959 0.231454 0.9564965 -0.1776052 0.2150894 0.9565 -0.1970896 0.2150912 0.9564974 -0.1971007 0.1970927 0.9565002 -0.2150858 0.1970963 0.9564975 -0.2150943 0.1775988 0.9564984 -0.2314509 0.1775982 0.9564982 -0.2314525 0.1567509 0.9564998 -0.2460435 0.1567494 0.9564973 -0.2460544 0.1347088 0.9564992 -0.2587719 0.1347095 0.9564988 -0.258773 0.1116427 0.9564983 -0.2695311 0.1116427 0.9564982 -0.2695316 0.08772653 0.9565006 -0.2782277 0.08772718 0.9564981 -0.2782362 0.06314295 0.9565001 -0.2848172 0.06314343 0.9564979 -0.284824 0.03807955 0.9564998 -0.2892374 0.03807854 0.9564978 -0.2892441 0.01272577 0.9564982 -0.2914608 0.01272541 0.9564974 -0.2914634 -0.01272523 0.956501 -0.2914516 -0.009156048 0.9777246 -0.2096922 -0.02739703 0.9777199 -0.2081189 -0.02739793 0.9777247 -0.2080953 -0.04543077 0.9777227 -0.2049258 -0.0454306 0.9777244 -0.204917 -0.06311815 0.9777231 -0.2001839 -0.0631175 0.9777227 -0.2001866 -0.08032488 0.9777234 -0.1939203 -0.08032542 0.9777233 -0.1939204 -0.09692066 0.9777217 -0.1861903 -0.09692138 0.9777235 -0.1861801 -0.112779 0.9777228 -0.1770286 -0.1127791 0.977724 -0.1770219 -0.1277796 0.9777218 -0.1665312 -0.1277787 0.9777243 -0.1665171 -0.1418067 0.977723 -0.1547533 -0.1418068 0.9777229 -0.1547543 -0.1547538 0.9777228 -0.1418084 -0.1547554 0.9777233 -0.1418028 -0.1665235 0.9777231 -0.1277797 -0.1665246 0.9777236 -0.1277738 -0.1770268 0.9777234 -0.1127769 -0.1770278 0.9777233 -0.1127762 -0.1861824 0.9777233 -0.09692007 -0.1861853 0.9777227 -0.09692049 -0.1939228 0.9777228 -0.0803256 -0.1939216 0.9777234 -0.08032119 -0.2001841 0.977723 -0.06312036 -0.2001826 0.9777235 -0.06311708 -0.2049234 0.9777231 -0.04543322 -0.204924 0.9777232 -0.04542791 -0.2081066 0.9777224 -0.02739959 -0.2081038 0.977723 -0.02739721 -0.209699 0.9777231 -0.009155988 -0.209703 0.9777223 -0.009156167 -0.2097026 0.9777224 0.009156167 -0.2096989 0.9777232 0.009155988 -0.2081066 0.9777224 0.02739828 -0.2081032 0.9777232 0.02739715 -0.2049269 0.9777222 0.04543286 -0.2049219 0.9777236 0.04542857 -0.200184 0.9777231 0.06311923 -0.2001844 0.9777231 0.06311756 -0.193921 0.9777231 0.08032488 -0.1939225 0.9777231 0.08032268 -0.1861807 0.9777234 0.09692144 -0.1861856 0.9777228 0.09691846 -0.1770283 0.977723 0.1127779 -0.1770254 0.9777238 0.1127758 -0.1665238 0.977723 0.1277797 -0.1665239 0.9777237 0.1277746 -0.1547538 0.9777228 0.1418084 -0.1547556 0.9777233 0.1418018 -0.1418069 0.9777224 0.1547576 -0.1418067 0.9777234 0.1547511 -0.127779 0.9777218 0.1665312 -0.1277788 0.9777233 0.1665228 -0.1127778 0.9777216 0.1770356 -0.1127797 0.9777242 0.1770207 -0.09692132 0.9777215 0.1861911 -0.09692096 0.9777239 0.1861781 -0.08032542 0.9777214 0.1939297 -0.08032482 0.9777237 0.1939185 -0.0631175 0.9777216 0.2001914 -0.06311821 0.9777233 0.2001829 -0.04543089 0.9777227 0.2049252 -0.04543042 0.977724 0.2049192 -0.02739763 0.9777198 0.208119 -0.02739739 0.9777252 0.208094 -0.009155511 0.9777224 0.2097029 -0.009156048 0.9777251 0.20969 0.009155511 0.9777224 0.2097029 0.009156048 0.9777246 0.2096922 0.02739703 0.9777199 0.2081189 0.02739793 0.9777247 0.2080953 0.04543077 0.9777227 0.2049258 0.0454306 0.9777244 0.204917 0.06311815 0.9777231 0.2001839 0.0631175 0.9777227 0.2001866 0.08032488 0.9777234 0.1939203 0.08032542 0.9777233 0.1939204 0.09692066 0.9777217 0.1861903 0.09692138 0.9777235 0.1861801 0.112779 0.9777228 0.1770286 0.1127791 0.977724 0.1770219 0.1277796 0.9777218 0.1665312 0.1277787 0.9777243 0.1665171 0.1418067 0.977723 0.1547533 0.1418068 0.9777229 0.1547543 0.1547538 0.9777228 0.1418084 0.1547554 0.9777233 0.1418028 0.1665235 0.9777231 0.1277797 0.1665246 0.9777236 0.1277738 0.1770268 0.9777234 0.1127769 0.1770278 0.9777233 0.1127762 0.1861824 0.9777233 0.09692007 0.1861853 0.9777227 0.09692049 0.1939228 0.9777228 0.0803256 0.1939216 0.9777234 0.08032119 0.2001841 0.977723 0.06312036 0.2001826 0.9777235 0.06311708 0.2049234 0.9777231 0.04543322 0.204924 0.9777232 0.04542791 0.2081066 0.9777224 0.02739959 0.2081038 0.977723 0.02739721 0.209699 0.9777231 0.009155988 0.209703 0.9777223 0.009156167 0.2097026 0.9777224 -0.009156167 0.2096989 0.9777232 -0.009155988 0.2081066 0.9777224 -0.02739828 0.2081032 0.9777232 -0.02739715 0.2049269 0.9777222 -0.04543286 0.2049219 0.9777236 -0.04542857 0.200184 0.9777231 -0.06311923 0.2001844 0.9777231 -0.06311756 0.193921 0.9777231 -0.08032488 0.1939225 0.9777231 -0.08032268 0.1861807 0.9777234 -0.09692144 0.1861856 0.9777228 -0.09691846 0.1770283 0.977723 -0.1127779 0.1770254 0.9777238 -0.1127758 0.1665238 0.977723 -0.1277797 0.1665239 0.9777237 -0.1277746 0.1547538 0.9777228 -0.1418084 0.1547556 0.9777233 -0.1418018 0.1418069 0.9777224 -0.1547576 0.1418067 0.9777234 -0.1547511 0.127779 0.9777218 -0.1665312 0.1277788 0.9777233 -0.1665228 0.1127778 0.9777216 -0.1770356 0.1127797 0.9777242 -0.1770207 0.09692132 0.9777215 -0.1861911 0.09692096 0.9777239 -0.1861781 0.08032542 0.9777214 -0.1939297 0.08032482 0.9777237 -0.1939185 0.0631175 0.9777216 -0.2001914 0.06311821 0.9777233 -0.2001829 0.04543089 0.9777227 -0.2049252 0.04543042 0.977724 -0.2049192 0.02739763 0.9777198 -0.208119 0.02739739 0.9777252 -0.208094 0.009155511 0.9777224 -0.2097029 0.009156048 0.9777251 -0.20969 -0.009155511 0.9777224 -0.2097029 -0.005519747 0.9919617 -0.1264182 -0.01651722 0.9919601 -0.1254684 -0.01651728 0.991962 -0.1254538 -0.02738875 0.9919601 -0.1235519 -0.0273891 0.9919612 -0.1235429 -0.03805202 0.9919601 -0.1206951 -0.03805261 0.9919619 -0.1206799 -0.04842603 0.9919606 -0.1169158 -0.04842603 0.9919614 -0.1169078 -0.0584312 0.9919598 -0.112257 -0.05843144 0.9919615 -0.112242 -0.06799179 0.9919609 -0.1067282 -0.06799215 0.9919617 -0.1067204 -0.07703471 0.9919606 -0.1003994 -0.07703477 0.9919621 -0.1003837 -0.08549177 0.9919603 -0.09330624 -0.08549141 0.9919616 -0.09329205 -0.09329688 0.9919605 -0.08549958 -0.09329819 0.9919614 -0.08548778 -0.1003928 0.9919605 -0.07704365 -0.100394 0.9919614 -0.07703059 -0.1067268 0.9919607 -0.06799566 -0.1067255 0.9919613 -0.06798958 -0.1122455 0.9919611 -0.05843156 -0.1122472 0.9919608 -0.05843383 -0.1169108 0.991961 -0.04842853 -0.1169116 0.9919611 -0.048424 -0.1206867 0.991961 -0.03805631 -0.1206864 0.9919613 -0.03804856 -0.1235429 0.9919612 -0.0273894 -0.1235441 0.9919612 -0.02738672 -0.1254621 0.991961 -0.01651656 -0.1254589 0.9919614 -0.01651537 -0.1264199 0.9919615 -0.005519926 -0.1264241 0.991961 -0.005520045 -0.1264221 0.9919613 0.005520045 -0.1264228 0.9919611 0.005519986 -0.1254621 0.991961 0.01651722 -0.1254606 0.9919612 0.01651561 -0.1235451 0.991961 0.02738988 -0.1235432 0.9919613 0.02738648 -0.1206857 0.9919612 0.03805488 -0.1206881 0.991961 0.03805023 -0.11691 0.9919612 0.04842811 -0.1169123 0.991961 0.04842543 -0.1122475 0.9919607 0.05843478 -0.1122456 0.9919611 0.05843085 -0.1067267 0.9919607 0.06799566 -0.1067253 0.9919613 0.0679894 -0.1003936 0.9919607 0.07703995 -0.1003931 0.9919614 0.07703095 -0.09329843 0.9919606 0.08549672 -0.0932973 0.9919614 0.08548796 -0.08549141 0.9919604 0.09330582 -0.08549225 0.9919614 0.09329408 -0.07703465 0.9919614 0.1003907 -0.077035 0.9919614 0.1003906 -0.06799179 0.9919609 0.1067282 -0.06799209 0.9919618 0.1067186 -0.0584312 0.9919607 0.1122488 -0.05843138 0.991961 0.1122469 -0.04842597 0.9919615 0.1169069 -0.04842609 0.9919613 0.1169092 -0.03805255 0.9919611 0.120687 -0.0380522 0.9919618 0.1206816 -0.02738898 0.9919602 0.1235518 -0.02738887 0.9919617 0.1235394 -0.01651746 0.9919602 0.1254683 -0.01651704 0.9919626 0.125449 -0.005519807 0.9919607 0.1264266 -0.005519747 0.9919612 0.1264227 0.005519807 0.9919596 0.1264352 0.005519747 0.9919617 0.1264182 0.01651722 0.9919601 0.1254684 0.01651728 0.991962 0.1254538 0.02738875 0.9919601 0.1235519 0.0273891 0.9919612 0.1235429 0.03805202 0.9919601 0.1206951 0.03805261 0.9919619 0.1206799 0.04842603 0.9919606 0.1169158 0.04842603 0.9919614 0.1169078 0.0584312 0.9919598 0.112257 0.05843144 0.9919615 0.112242 0.06799179 0.9919609 0.1067282 0.06799215 0.9919617 0.1067204 0.07703471 0.9919606 0.1003994 0.07703477 0.9919621 0.1003837 0.08549177 0.9919603 0.09330624 0.08549141 0.9919616 0.09329205 0.09329688 0.9919605 0.08549958 0.09329819 0.9919614 0.08548778 0.1003928 0.9919605 0.07704365 0.100394 0.9919614 0.07703059 0.1067268 0.9919607 0.06799566 0.1067255 0.9919613 0.06798958 0.1122455 0.9919611 0.05843156 0.1122472 0.9919608 0.05843383 0.1169108 0.991961 0.04842853 0.1169116 0.9919611 0.048424 0.1206867 0.991961 0.03805631 0.1206864 0.9919613 0.03804856 0.1235429 0.9919612 0.0273894 0.1235441 0.9919612 0.02738672 0.1254621 0.991961 0.01651656 0.1254589 0.9919614 0.01651537 0.1264199 0.9919615 0.005519926 0.1264241 0.991961 0.005520045 0.1264221 0.9919613 -0.005520045 0.1264228 0.9919611 -0.005519986 0.1254621 0.991961 -0.01651722 0.1254606 0.9919612 -0.01651561 0.1235451 0.991961 -0.02738988 0.1235432 0.9919613 -0.02738648 0.1206857 0.9919612 -0.03805488 0.1206881 0.991961 -0.03805023 0.11691 0.9919612 -0.04842811 0.1169123 0.991961 -0.04842543 0.1122475 0.9919607 -0.05843478 0.1122456 0.9919611 -0.05843085 0.1067267 0.9919607 -0.06799566 0.1067253 0.9919613 -0.0679894 0.1003936 0.9919607 -0.07703995 0.1003931 0.9919614 -0.07703095 0.09329843 0.9919606 -0.08549672 0.0932973 0.9919614 -0.08548796 0.08549141 0.9919604 -0.09330582 0.08549225 0.9919614 -0.09329408 0.07703465 0.9919614 -0.1003907 0.077035 0.9919614 -0.1003906 0.06799179 0.9919609 -0.1067282 0.06799209 0.9919618 -0.1067186 0.0584312 0.9919607 -0.1122488 0.05843138 0.991961 -0.1122469 0.04842597 0.9919615 -0.1169069 0.04842609 0.9919613 -0.1169092 0.03805255 0.9919611 -0.120687 0.0380522 0.9919618 -0.1206816 0.02738898 0.9919602 -0.1235518 0.02738887 0.9919617 -0.1235394 0.01651746 0.9919602 -0.1254683 0.01651704 0.9919626 -0.125449 0.005519807 0.9919607 -0.1264266 0.005519747 0.9919612 -0.1264227 -0.005519807 0.9919596 -0.1264352 -0.001844108 0.9991064 -0.04222702 -0.005518257 0.9991056 -0.0419262 -0.005518257 0.9991062 -0.04190796 -0.009150445 0.9991059 -0.04127472 -0.009150505 0.9991063 -0.04126834 -0.01271307 0.9991056 -0.04032808 -0.01271307 0.9991061 -0.0403192 -0.01617878 0.9991059 -0.03905993 -0.0161789 0.9991062 -0.03905498 -0.01952141 0.9991058 -0.03750509 -0.01952153 0.9991062 -0.03749424 -0.02271556 0.9991058 -0.03566384 -0.02271556 0.9991062 -0.03564983 -0.02573674 0.9991059 -0.03354424 -0.02573668 0.9991061 -0.0335375 -0.02856194 0.9991059 -0.03117305 -0.02856189 0.999106 -0.0311684 -0.03117036 0.9991058 -0.02856767 -0.03116965 0.9991062 -0.02855539 -0.03354084 0.9991061 -0.02573591 -0.03354114 0.9991059 -0.02573651 -0.03565657 0.9991059 -0.02271777 -0.03565597 0.9991061 -0.02271229 -0.03750073 0.999106 -0.01952141 -0.03750026 0.999106 -0.01952052 -0.03905946 0.9991059 -0.0161817 -0.03905904 0.9991059 -0.01617699 -0.04032021 0.9991059 -0.01271581 -0.04032075 0.9991061 -0.01271051 -0.04127442 0.9991061 -0.009150266 -0.04127526 0.9991059 -0.009149432 -0.04191559 0.9991059 -0.005519747 -0.04191571 0.9991059 -0.005517959 -0.04223704 0.9991059 -0.001843512 -0.04223799 0.9991059 -0.00184375 -0.04223781 0.9991059 0.001844644 -0.04223734 0.9991059 0.00184369 -0.04191559 0.9991059 0.005519986 -0.04191583 0.999106 0.005518019 -0.04127514 0.9991059 0.009152591 -0.04127496 0.9991061 0.009149312 -0.04032129 0.9991059 0.01271617 -0.04032033 0.999106 0.01271152 -0.03905987 0.9991059 0.01618182 -0.03905862 0.9991061 0.01617574 -0.03750067 0.9991059 0.01952356 -0.03750014 0.999106 0.01951938 -0.03565633 0.9991059 0.02271759 -0.03565597 0.999106 0.02271455 -0.0335409 0.9991059 0.0257402 -0.03354096 0.9991059 0.02573645 -0.03117012 0.9991059 0.02856308 -0.03117001 0.9991061 0.0285601 -0.02856212 0.9991058 0.03117316 -0.02856183 0.9991061 0.03116619 -0.02573674 0.9991059 0.03354424 -0.02573668 0.9991061 0.03353691 -0.02271568 0.9991058 0.03566384 -0.02271544 0.9991059 0.03565704 -0.01952159 0.9991061 0.03749656 -0.01952141 0.9991061 0.03749793 -0.01617884 0.9991059 0.03905987 -0.0161789 0.9991061 0.03905558 -0.01271295 0.9991056 0.04032802 -0.01271313 0.9991059 0.0403217 -0.009150445 0.9991056 0.04128354 -0.009150505 0.9991065 0.04126411 -0.005518198 0.9991056 0.0419262 -0.005518317 0.9991062 0.04191195 -0.001844048 0.9991055 0.04224753 -0.001844108 0.9991064 0.04222768 0.001844048 0.9991056 0.04224753 0.001844108 0.9991064 0.04222702 0.005518257 0.9991056 0.0419262 0.005518257 0.9991062 0.04190796 0.009150445 0.9991059 0.04127472 0.009150505 0.9991063 0.04126834 0.01271307 0.9991056 0.04032808 0.01271307 0.9991061 0.0403192 0.01617878 0.9991059 0.03905993 0.0161789 0.9991062 0.03905498 0.01952141 0.9991058 0.03750509 0.01952153 0.9991062 0.03749424 0.02271556 0.9991058 0.03566384 0.02271556 0.9991062 0.03564983 0.02573674 0.9991059 0.03354424 0.02573668 0.9991061 0.0335375 0.02856194 0.9991059 0.03117305 0.02856189 0.999106 0.0311684 0.03117036 0.9991058 0.02856767 0.03116965 0.9991062 0.02855539 0.03354084 0.9991061 0.02573591 0.03354114 0.9991059 0.02573651 0.03565657 0.9991059 0.02271777 0.03565597 0.9991061 0.02271229 0.03750073 0.999106 0.01952141 0.03750026 0.999106 0.01952052 0.03905946 0.9991059 0.0161817 0.03905904 0.9991059 0.01617699 0.04032021 0.9991059 0.01271581 0.04032075 0.9991061 0.01271051 0.04127442 0.9991061 0.009150266 0.04127526 0.9991059 0.009149432 0.04191559 0.9991059 0.005519747 0.04191571 0.9991059 0.005517959 0.04223704 0.9991059 0.001843512 0.04223799 0.9991059 0.00184375 0.04223781 0.9991059 -0.001844644 0.04223734 0.9991059 -0.00184369 0.04191559 0.9991059 -0.005519986 0.04191583 0.999106 -0.005518019 0.04127514 0.9991059 -0.009152591 0.04127496 0.9991061 -0.009149312 0.04032129 0.9991059 -0.01271617 0.04032033 0.999106 -0.01271152 0.03905987 0.9991059 -0.01618182 0.03905862 0.9991061 -0.01617574 0.03750067 0.9991059 -0.01952356 0.03750014 0.999106 -0.01951938 0.03565633 0.9991059 -0.02271759 0.03565597 0.999106 -0.02271455 0.0335409 0.9991059 -0.0257402 0.03354096 0.9991059 -0.02573645 0.03117012 0.9991059 -0.02856308 0.03117001 0.9991061 -0.0285601 0.02856212 0.9991058 -0.03117316 0.02856183 0.9991061 -0.03116619 0.02573674 0.9991059 -0.03354424 0.02573668 0.9991061 -0.03353691 0.02271568 0.9991058 -0.03566384 0.02271544 0.9991059 -0.03565704 0.01952159 0.9991061 -0.03749656 0.01952141 0.9991061 -0.03749793 0.01617884 0.9991059 -0.03905987 0.0161789 0.9991061 -0.03905558 0.01271295 0.9991056 -0.04032802 0.01271313 0.9991059 -0.0403217 0.009150445 0.9991056 -0.04128354 0.009150505 0.9991065 -0.04126411 0.005518198 0.9991056 -0.0419262 0.005518317 0.9991062 -0.04191195 0.001844048 0.9991055 -0.04224753 0.001844108 0.9991064 -0.04222768 -0.001844048 0.9991056 -0.04224753 0.9990482 -0.04362171 0 0.9990483 -0.04361963 0 0.9914447 -0.1305274 0 0.9914451 -0.1305254 0 0.9762963 -0.2164386 0 0.9762958 -0.2164406 0 0.9537174 -0.3007047 0 0.9537167 -0.3007066 0 0.9238796 -0.3826833 0 0.9238796 -0.3826834 0 0.8870106 -0.4617488 0 0.8870116 -0.4617474 0 0.8433913 -0.5372998 0 0.8433914 -0.5372998 0 0.7933534 -0.6087613 0 0.7933525 -0.6087625 0 0.7372776 -0.67559 0 0.67559 -0.7372776 0 0.6755905 -0.7372771 0 0.6087615 -0.7933533 0 0.6087616 -0.7933533 0 0.5372997 -0.8433914 0 0.5372998 -0.8433914 0 0.4617482 -0.8870111 0 0.4617487 -0.8870108 0 0.3826833 -0.9238796 0 0.3826835 -0.9238796 0 0.3007059 -0.953717 0 0.3007057 -0.953717 0 0.2164396 -0.976296 0 0.2164396 -0.9762961 0 0.130526 -0.991445 0 0.04362028 -0.9990482 0 0.04362028 -0.9990482 0 -0.04362028 -0.9990482 0 -0.04362028 -0.9990482 0 -0.1305261 -0.991445 0 -0.130526 -0.991445 0 -0.2164395 -0.9762961 0 -0.2164396 -0.976296 0 -0.3007057 -0.953717 0 -0.3007059 -0.953717 0 -0.3826835 -0.9238796 0 -0.3826833 -0.9238796 0 -0.4617486 -0.8870109 0 -0.4617483 -0.8870111 0 -0.5372997 -0.8433914 0 -0.5372998 -0.8433914 0 -0.6087615 -0.7933533 0 -0.6087616 -0.7933533 0 -0.6755905 -0.7372771 0 -0.67559 -0.7372776 0 -0.7372776 -0.67559 0 -0.7933526 -0.6087626 0 -0.7933535 -0.6087612 0 -0.8433913 -0.5372998 0 -0.8433914 -0.5372998 0 -0.8870115 -0.4617472 0 -0.8870107 -0.461749 0 -0.9238796 -0.3826833 0 -0.9238796 -0.3826834 0 -0.9537167 -0.3007066 0 -0.9537174 -0.3007047 0 -0.9762958 -0.2164406 0 -0.9762963 -0.2164386 0 -0.9914451 -0.1305254 0 -0.9914448 -0.1305274 0 -0.9990483 -0.04361963 0 -0.9990482 -0.04362171 0 -0.9990482 0.04362171 0 -0.9990483 0.04361963 0 -0.9914447 0.1305274 0 -0.9914451 0.1305254 0 -0.9762963 0.2164386 0 -0.9762958 0.2164406 0 -0.9537174 0.3007047 0 -0.9537167 0.3007066 0 -0.9238796 0.3826833 0 -0.9238796 0.3826834 0 -0.8870106 0.4617488 0 -0.8870116 0.4617474 0 -0.8433913 0.5372998 0 -0.8433914 0.5372998 0 -0.7933534 0.6087613 0 -0.7933525 0.6087625 0 -0.7372776 0.67559 0 -0.67559 0.7372776 0 -0.6755905 0.7372771 0 -0.6087615 0.7933533 0 -0.6087616 0.7933533 0 -0.5372997 0.8433914 0 -0.5372998 0.8433914 0 -0.4617482 0.8870111 0 -0.4617487 0.8870108 0 -0.3826833 0.9238796 0 -0.3826835 0.9238796 0 -0.3007059 0.953717 0 -0.3007057 0.953717 0 -0.2164396 0.976296 0 -0.2164396 0.9762961 0 -0.130526 0.991445 0 -0.04362028 0.9990482 0 -0.04362028 0.9990482 0 0.04362028 0.9990482 0 0.04362028 0.9990482 0 0.1305261 0.991445 0 0.130526 0.991445 0 0.2164395 0.9762961 0 0.2164396 0.976296 0 0.3007057 0.953717 0 0.3007059 0.953717 0 0.3826835 0.9238796 0 0.3826833 0.9238796 0 0.4617486 0.8870109 0 0.4617483 0.8870111 0 0.5372997 0.8433914 0 0.5372998 0.8433914 0 0.6087615 0.7933533 0 0.6087616 0.7933533 0 0.6755905 0.7372771 0 0.67559 0.7372776 0 0.7372776 0.67559 0 0.7933526 0.6087626 0 0.7933535 0.6087612 0 0.8433913 0.5372998 0 0.8433914 0.5372998 0 0.8870115 0.4617472 0 0.8870107 0.461749 0 0.9238796 0.3826833 0 0.9238796 0.3826834 0 0.9537167 0.3007066 0 0.9537174 0.3007047 0 0.9762958 0.2164406 0 0.9762963 0.2164386 0 0.9914451 0.1305254 0 0.9914448 0.1305274 0 0.9990483 0.04361963 0 0.9990482 0.04362171 0 0 -0.707108 -0.7071056 0 -0.7071068 -0.7071068 0 -0.7071049 -0.7071087 0 -0.7071076 -0.7071059 0 -0.7071093 -0.7071043 0 -0.7071048 -0.7071088 0 -0.7071062 -0.7071074 0 -0.7071076 -0.7071061 0 -0.7071076 -0.7071061 0 -0.7071051 -0.7071085 0 -0.707103 -0.7071105 0 -0.7071089 -0.7071046 0 -0.7071031 -0.7071105 0 -0.7071129 -0.7071007 0 -0.7071072 -0.7071064 0 -0.7071062 -0.7071075 0 -0.7071083 -0.7071053 0 -0.7071055 -0.7071081 0 -0.7071017 -0.7071118 0 -0.7071067 -0.7071069 0 -0.7071101 -0.7071035 0 -0.7071049 -0.7071088 0 -0.7071087 -0.7071049 0 -0.7071091 -0.7071045 0 -0.7071037 -0.7071098 0 -0.7071048 -0.7071089 0 -0.7071037 -0.7071099 0 -0.7071079 -0.7071058 0 -0.7071092 -0.7071045 0 -0.7071034 -0.7071102 0 -0.7070986 -0.7071151 0 -0.7071043 -0.7071093 0 -0.7071167 -0.7070968 0 1 6.74174e-7 0 1 0 0 1 -5.52669e-7 0 1 0 0 1 0 0 1 -4.37836e-7 0 1 8.98899e-7 0 1 -1.37696e-7 0 1 9.99237e-7 0 1 -9.38719e-7 0 1 -5.41041e-7 0 1 -1.5818e-7 0 1 7.29341e-7 0 1 9.42246e-7 0 1 -1.46064e-6 0 1 9.42214e-7 0 1 9.42112e-7 0 1 -1.46097e-6 0 1 9.42078e-7 0 1 -9.42042e-7 0 1 1.46114e-6 0 1 -9.42007e-7 0 1 1.46122e-6 0 1 -9.41969e-7 0 1 1.46132e-6 0 1 -4.70947e-7 0 1 -4.70888e-7 0 1 2.35423e-7 0 1 0 0 1 -1.76535e-7 0 1 0 0 1 0 0 1 0 0 1 0 0 1 1.82871e-7 0 1 -7.31663e-7 0 1 4.70549e-7 0 1 -7.31848e-7 0 1 -1.46421e-6 0 1 1.46448e-6 0 1 1.46503e-6 0 1 -2.509e-7 0 0.7071065 -0.7071071 0 0.7071062 -0.7071074 0 0.707108 -0.7071056 0 0.7071072 -0.7071064 0 0.7071067 -0.707107 0 0.7071048 -0.7071088 0 0.7071093 -0.7071043 0 0.7071076 -0.7071059 0 0.7071046 -0.707109 0 0.7071051 -0.7071085 0 0.707103 -0.7071105 0 0.7071089 -0.7071046 0 0.7071043 -0.7071093 0 0.7071129 -0.7071007 0 0.7071067 -0.7071069 0 0.7071062 -0.7071075 0 0.7071073 -0.7071064 0 0.7071055 -0.7071081 0 0.7071021 -0.7071114 0 0.7071101 -0.7071035 0 0.7071049 -0.7071088 0 0.7071091 -0.7071045 0 0.7071037 -0.7071098 0 0.7071059 -0.7071078 0 0.7071087 -0.7071049 0 0.7071037 -0.7071099 0 0.7071079 -0.7071058 0 0.7071042 -0.7071094 0 0.7071034 -0.7071102 0 0.7070986 -0.7071151 0 0.7071043 -0.7071093 0 0.7071167 -0.7070968 0 -1 0 6.52205e-7 0 1 0 0 1 0 0 1 2.60882e-6 0 1 -1.95662e-6 0 1 -1.95661e-6 0 1 5.21764e-6 0 1 1.30441e-6 0 1 -5.21764e-6 0 1 -2.93492e-6 0 1 3.91323e-6 0 1 1.04353e-5 0 1 -5.50298e-6 0 1 4.07628e-6 0 1 -5.21764e-6 0 1 5.21764e-6 0 1 -2.28272e-6 0 1 1.30441e-6 0 1 -6.52205e-7 0 1 -1.30441e-6 0 1 -6.52205e-7 0 1 -2.60882e-6 0 1 1.95662e-6 0 1 1.95661e-6 0 1 -5.21764e-6 0 1 -1.30441e-6 0 1 5.21764e-6 0 1 2.93492e-6 0 1 -3.91323e-6 0 1 -1.04353e-5 0 1 5.50298e-6 0 1 -4.07628e-6 0 1 5.21764e-6 0 1 -5.21764e-6 0 1 2.28272e-6 0 1 -1.30441e-6 0 1 6.52205e-7 0 1 1.30441e-6 0 1 0 -1 7.29341e-7 0 -1 0 0 -1 -5.41041e-7 0 -1 -2.71571e-7 0 -1 -2.39413e-7 0 -1 2.01965e-7 0 -1 8.98899e-7 0 -1 -9.38719e-7 0 -1 6.74174e-7 0 -1 1.46503e-6 0 -1 1.46448e-6 0 -1 -1.46421e-6 0 -1 4.70446e-7 0 -1 -7.31848e-7 0 -1 4.70549e-7 0 -1 -7.31663e-7 0 -1 2.35287e-7 0 -1 3.65772e-7 0 -1 0 0 -1 0 0 -1 0 0 -1 0 0 -1 0 0 -1 -2.3538e-7 0 -1 1.82788e-7 0 -1 -2.35391e-7 0 -1 3.65498e-7 0 -1 7.30896e-7 0 -1 -9.41894e-7 0 -1 1.46132e-6 0 -1 -9.41969e-7 0 -1 1.46122e-6 0 -1 -9.42007e-7 0 -1 1.46114e-6 0 -1 -9.42042e-7 0 -1 9.42078e-7 0 -1 -1.46097e-6 0 -1 9.42112e-7 0 -1 9.42214e-7 0 -1 -1.46064e-6 0 -1 9.42246e-7 0 -1 -4.71169e-7 0 -1 1.59389e-7 0.7427859 -0.4453303 0.4999501 0.6110634 0.6224148 0.4890822 0.6298096 0.5945547 0.4998446 0.6738654 0.5443754 0.4995608 0.6580214 0.5690054 0.4931944 0.6791347 0.5382273 0.4990866 0.7014507 0.507721 0.5001865 0.716731 0.4871835 0.4989479 0.722694 0.4773389 0.4998611 0.7427868 0.4453296 0.4999493 0.7540138 0.4273312 0.4988501 0.7612568 0.4131836 0.4997676 0.7784346 0.3795248 0.5000005 0.7152265 -0.4886663 0.4996563 0.7241348 -0.4782878 0.4968597 0.7015596 -0.5077997 0.4999538 0.6731449 -0.5451185 0.4997219 0.6804033 -0.5392331 0.4962652 0.6549197 -0.5663215 0.50036 0.6303405 -0.5950509 0.4985833 0.611689 -0.6230562 0.4874808 0.762212 -0.4137024 0.4978787 0.7550246 -0.4247578 0.4995186 0.7784348 -0.3795248 0.5000002 0.7770987 -0.3821467 0.5000816 0.7942085 -0.3459672 0.4995394 0.7920598 -0.3504634 0.4998167 0.8083274 -0.3109157 0.4999383 0.8086453 -0.3101301 0.4999122 0.8209002 -0.2760325 0.499929 0.821186 -0.2752443 0.4998942 0.8321574 -0.2399609 0.4999329 0.8339962 -0.233955 0.4997155 0.8415603 -0.204097 0.5001209 0.8431144 -0.1980149 0.4999482 0.8497707 -0.1672219 0.4999266 0.8521472 -0.1560267 0.4995006 0.8560248 -0.1306757 0.5001454 0.8577692 -0.1193739 0.4999819 0.8610391 -0.09322583 0.4999207 0.8630295 -0.0769118 0.4992642 0.8641807 -0.05628645 0.5000237 0.8651079 -0.03988355 0.4999977 0.8658765 -0.0185402 0.4999142 0.8668709 0.01856148 0.4981871 0.8662239 0 0.4996562 0.8642478 0.0562908 0.4999073 0.8648326 0.03987085 0.5004746 0.8618488 0.09331345 0.4985072 0.8627755 0.07688915 0.4997065 0.8561645 0.130697 0.4999006 0.8575721 0.1193464 0.5003265 0.8502349 0.1673132 0.4991063 0.8519794 0.155996 0.4997962 0.841688 0.204128 0.4998932 0.8430041 0.197989 0.5001446 0.8323559 0.2400183 0.4995748 0.8339098 0.2339307 0.4998711 0.8209239 0.2760404 0.4998858 0.8211714 0.2752394 0.4999209 0.8083463 0.310923 0.4999034 0.8086344 0.3101262 0.4999323 0.7940297 0.345889 0.4998777 0.7921476 0.3505021 0.4996505 0.777099 0.3821458 0.5000818 -4.67149e-6 0 -1 0 0 -1 4.67149e-6 0 -1 -1.8999e-6 0 -1 9.49966e-7 0 -1 -3.06224e-6 0 -1 -4.75e-7 0 -1 -1.90025e-6 0 -1 3.80238e-6 0 -1 -6.121e-6 0 -1 -6.12014e-6 0 -1 -6.11919e-6 0 -1 6.11816e-6 0 -1 -7.61074e-6 0 -1 5.86918e-6 0 -1 1.8999e-6 0 -1 -9.49966e-7 0 -1 3.06224e-6 0 -1 4.75e-7 0 -1 1.90025e-6 0 -1 -3.80238e-6 0 -1 6.121e-6 0 -1 6.12014e-6 0 -1 6.11919e-6 0 -1 -6.11816e-6 0 -1 7.61074e-6 0 -1 -5.86918e-6 0 -1 5.70806e-6 0 -1 -7.82557e-6 0 -1 4.17903e-6 0 -1 -2.33575e-6 0 -1 7.82557e-6 0 -1 -4.17903e-6 0 -1 2.33575e-6 0 -1 -5.55284e-6 0 -1 3.47052e-6 0 -1 5.55284e-6 0 -1 -3.47052e-6 0 -1 7.6664e-6 0 -1 -7.6709e-6 0 -1 6.07875e-6 0 -1 -7.67555e-6 0 -1 -6.0698e-6 0 -1 -7.70666e-6 0 -1 3.02834e-6 0 -1 -1.5124e-6 0 -1 -3.02298e-6 0 -1 -7.6664e-6 0 -1 7.6709e-6 0 -1 -6.07875e-6 0 -1 7.67555e-6 0 -1 6.0698e-6 0 -1 7.70666e-6 0 -1 -3.02834e-6 0 -1 1.5124e-6 0 -1 -0.5209618 -0.8535801 0 -0.5209634 -0.853579 0 -0.5917381 -0.8061304 0 -0.5917379 -0.8061304 0 -0.658216 -0.7528291 0 -0.6582168 -0.7528284 0 -0.7199166 -0.6940607 0 -0.7199176 -0.6940596 0 -0.7763898 -0.630253 0 -0.7763898 -0.6302531 0 -0.8272259 -0.5618695 0 -0.8720552 -0.4894077 0 -0.8720561 -0.4894061 0 -0.9105542 -0.4133898 0 -0.9105536 -0.4133912 0 -0.9424409 -0.3343729 0 -0.9424411 -0.3343722 0 -0.9674851 -0.2529281 0 -0.9674852 -0.2529276 0 -0.9855052 -0.1696455 0 -0.9855055 -0.1696432 0 -0.9963697 -0.08513331 0 -0.9963698 -0.0851311 0 -1 0 0 -0.9963698 0.08513122 0 -0.9963697 0.08513325 0 -0.9855055 0.1696434 0 -0.9855052 0.1696453 0 -0.9674851 0.2529281 0 -0.9674852 0.2529276 0 -0.9424409 0.3343729 0 -0.9424411 0.3343722 0 -0.9105534 0.4133915 0 -0.9105544 0.4133894 0 -0.8720561 0.4894061 0 -0.8720552 0.4894077 0 -0.8272259 0.5618695 0 -0.7763893 0.6302537 0 -0.7763903 0.6302525 0 -0.7199171 0.6940601 0 -0.7199171 0.6940601 0 -0.6582165 0.7528288 0 -0.6582163 0.7528289 0 -0.5917376 0.8061307 0 -0.5917384 0.80613 0 -0.5209623 0.8535797 0 -0.520963 0.8535794 0 1.0549e-5 0 1 3.89943e-6 0 1 -1.20893e-5 0 1 1.20893e-5 0 1 2.71179e-6 0 1 2.62243e-6 0 1 5.34496e-6 0 1 5.34521e-6 0 1 -1.04178e-5 0 1 5.34601e-6 0 1 -1.04173e-5 0 1 2.67308e-6 0 1 2.67314e-6 0 1 -1.33661e-6 0 1 6.68313e-7 0 1 5.22123e-7 0 1 -1.30193e-6 0 1 -1.01713e-6 0 1 -5.23965e-6 0 1 -5.33068e-6 0 1 1.0476e-5 0 1 5.33151e-6 0 1 -1.04728e-5 0 1 -1.04697e-5 0 1 1.0672e-5 0 1 -2.09108e-5 0 1 -3.25693e-6 0 1 2.16092e-6 0 1 -2.71179e-6 0 1 -1.0549e-5 0 1 -3.89943e-6 0 1 -1.33179e-6 0 1 1.01713e-6 0 1 -1.30194e-6 0 1 5.20815e-6 0 1 -5.34615e-6 0 1 1.04173e-5 0 1 -5.34601e-6 0 1 1.04211e-5 0 1 9.23041e-6 0 1 5.23965e-6 0 1 5.33068e-6 0 1 -1.0476e-5 0 1 -5.33151e-6 0 1 1.04728e-5 0 1 1.04697e-5 0 1 -1.0672e-5 0 1 2.09108e-5 0 1 3.25693e-6 0 1 0.5209618 0.8535801 0 0.5209634 0.853579 0 0.5917381 0.8061304 0 0.5917379 0.8061304 0 0.658216 0.7528291 0 0.6582168 0.7528284 0 0.7199166 0.6940607 0 0.7199176 0.6940596 0 0.7763898 0.630253 0 0.7763898 0.6302531 0 0.8272259 0.5618695 0 0.8720552 0.4894077 0 0.8720561 0.4894061 0 0.9105542 0.4133898 0 0.9105536 0.4133912 0 0.9424409 0.3343729 0 0.9424411 0.3343722 0 0.9674851 0.2529281 0 0.9674852 0.2529276 0 0.9855052 0.1696455 0 0.9855055 0.1696432 0 0.9963697 0.08513331 0 0.9963698 0.0851311 0 1 0 0 0.9963698 -0.08513122 0 0.9963697 -0.08513325 0 0.9855055 -0.1696434 0 0.9855052 -0.1696453 0 0.9674851 -0.2529281 0 0.9674852 -0.2529276 0 0.9424409 -0.3343729 0 0.9424411 -0.3343722 0 0.9105534 -0.4133915 0 0.9105544 -0.4133894 0 0.8720561 -0.4894061 0 0.8720552 -0.4894077 0 0.8272259 -0.5618695 0 0.7763893 -0.6302537 0 0.7763903 -0.6302525 0 0.7199171 -0.6940601 0 0.7199171 -0.6940601 0 0.6582165 -0.7528288 0 0.6582163 -0.7528289 0 0.5917376 -0.8061307 0 0.5917384 -0.80613 0 0.5209623 -0.8535797 0 0.520963 -0.8535794 0 0.6087617 -0.7933532 0 0.6689124 -0.7433412 2.7264e-4 0.6755896 -0.737278 0 0.6259238 -0.7798843 0 0.5916257 -0.8062127 6.5974e-4 0.4617486 -0.887011 0 0.4425594 -0.896739 6.83566e-4 0.4809898 -0.8767263 0 0.5372994 -0.8433916 0 0.5190711 -0.8547309 6.72229e-4 0.55557 -0.8314698 0 0.3007059 -0.953717 0 0.2800177 -0.9599946 7.02026e-4 0.3214393 -0.9469302 0 0.3826836 -0.9238795 0 0.3626726 -0.9319164 6.93568e-4 0.4027464 -0.9153116 0 0.1305262 -0.991445 0 0.1089437 -0.9940478 7.14076e-4 0.1521238 -0.9883615 0 0.2164397 -0.976296 0 0.1952261 -0.980758 7.08848e-4 0.2376857 -0.9713422 0 -0.04361945 -0.9990482 3.5871e-4 -0.02181559 -0.999762 0 0.04361945 -0.9990483 0 0.02183127 -0.9997615 7.16993e-4 0.06540256 -0.9978591 0 -0.1305261 -0.9914448 3.5776e-4 -0.1088665 -0.9940565 0 -0.06540256 -0.9978591 0 -0.2164396 -0.976296 3.55635e-4 -0.1950908 -0.9807852 0 -0.1521238 -0.9883615 0 -0.3007056 -0.9537171 3.52684e-4 -0.2798296 -0.9600497 0 -0.2376857 -0.9713422 0 -0.3826835 -0.9238795 3.48875e-4 -0.3624387 -0.9320077 0 -0.3214393 -0.9469302 0 -0.4617488 -0.8870107 3.44248e-4 -0.4422878 -0.8968733 0 -0.4027464 -0.9153116 0 -0.5372995 -0.8433915 3.38902e-4 -0.5187727 -0.8549124 0 -0.4809899 -0.8767262 0 -0.6087623 -0.7933526 3.32923e-4 -0.5913097 -0.8064446 0 -0.55557 -0.8314698 0 -0.6755902 -0.7372774 2.1607e-4 -0.668776 -0.7434639 0 -0.6259239 -0.7798842 0 -0.6087617 0.7933532 0 -0.6689124 0.7433412 2.7264e-4 -0.6755896 0.737278 0 -0.6259238 0.7798843 0 -0.5916257 0.8062127 6.5974e-4 -0.4617486 0.887011 0 -0.4425594 0.896739 6.83566e-4 -0.4809898 0.8767263 0 -0.5372994 0.8433916 0 -0.5190711 0.8547309 6.72229e-4 -0.55557 0.8314698 0 -0.3007059 0.953717 0 -0.2800177 0.9599946 7.02026e-4 -0.3214393 0.9469302 0 -0.3826836 0.9238795 0 -0.3626726 0.9319164 6.93568e-4 -0.4027464 0.9153116 0 -0.1305262 0.991445 0 -0.1089437 0.9940478 7.14076e-4 -0.1521238 0.9883615 0 -0.2164397 0.976296 0 -0.1952261 0.980758 7.08848e-4 -0.2376857 0.9713422 0 0.04361945 0.9990482 3.5871e-4 0.02181559 0.999762 0 -0.04361945 0.9990483 0 -0.02183127 0.9997615 7.16993e-4 -0.06540256 0.9978591 0 0.1305261 0.9914448 3.5776e-4 0.1088665 0.9940565 0 0.06540256 0.9978591 0 0.2164396 0.976296 3.55635e-4 0.1950908 0.9807852 0 0.1521238 0.9883615 0 0.3007056 0.9537171 3.52684e-4 0.2798296 0.9600497 0 0.2376857 0.9713422 0 0.3826835 0.9238795 3.48875e-4 0.3624387 0.9320077 0 0.3214393 0.9469302 0 0.4617488 0.8870107 3.44248e-4 0.4422878 0.8968733 0 0.4027464 0.9153116 0 0.5372995 0.8433915 3.38902e-4 0.5187727 0.8549124 0 0.4809899 0.8767262 0 0.6087623 0.7933526 3.32923e-4 0.5913097 0.8064446 0 0.55557 0.8314698 0 0.6755902 0.7372774 2.1607e-4 0.668776 0.7434639 0 0.6259239 0.7798842 0 0.9990481 -0.04362189 3.24496e-4 0.991445 -0.1305249 3.23577e-4 0.9941893 -0.1076462 0 0.9978859 -0.06499087 0 0.9762961 -0.2164392 3.2174e-4 0.9811831 -0.1930797 0 0.9885479 -0.1509083 0 0.9537168 -0.3007062 3.18993e-4 0.9608498 -0.2770702 0 0.9718272 -0.2356947 0 0.9238795 -0.3826836 3.15315e-4 0.9333387 -0.358997 0 0.9478492 -0.3187195 0 0.8870109 -0.4617486 3.10736e-4 0.8988588 -0.4382385 0 0.916792 -0.399365 0 0.8433911 -0.5373002 3.05211e-4 0.8576661 -0.5142071 0 0.8788877 -0.4770287 0 0.7933534 -0.6087615 2.98806e-4 0.8100672 -0.5863372 0 0.8344196 -0.5511298 0 0.7005656 -0.713588 0 0.7271674 -0.6864603 0 0.7372781 -0.6755895 2.9145e-4 0.7564201 -0.6540863 0 0.7837187 -0.6211161 0 -0.7372781 -0.6755895 2.91461e-4 -0.7271674 -0.6864603 0 -0.7005656 -0.713588 0 -0.7933534 -0.6087615 2.988e-4 -0.7837187 -0.6211161 0 -0.7564201 -0.6540863 0 -0.8433911 -0.5373002 3.05206e-4 -0.8344196 -0.5511298 0 -0.8100672 -0.5863372 0 -0.8870109 -0.4617486 3.10736e-4 -0.8788877 -0.4770287 0 -0.8576661 -0.5142071 0 -0.9238795 -0.3826836 3.15315e-4 -0.916792 -0.399365 0 -0.8988588 -0.4382385 0 -0.9537168 -0.3007062 3.18993e-4 -0.9478492 -0.3187195 0 -0.9333387 -0.358997 0 -0.9762961 -0.2164392 3.21741e-4 -0.9718272 -0.2356947 0 -0.9608498 -0.2770702 0 -0.991445 -0.1305249 3.23577e-4 -0.9885479 -0.1509083 0 -0.9811831 -0.1930797 0 -0.9990481 -0.04362189 3.24496e-4 -0.9978859 -0.06499087 0 -0.9941893 -0.1076462 0 -0.9990481 0.04362189 3.24496e-4 -0.999771 0.02140134 0 -0.999771 -0.02140134 0 -0.991445 0.1305249 3.23577e-4 -0.9941893 0.1076462 0 -0.9978859 0.06499087 0 -0.9762961 0.2164392 3.2174e-4 -0.9811831 0.1930797 0 -0.9885479 0.1509083 0 -0.9537168 0.3007062 3.18993e-4 -0.9608498 0.2770702 0 -0.9718272 0.2356947 0 -0.9238795 0.3826836 3.15315e-4 -0.9333387 0.358997 0 -0.9478492 0.3187195 0 -0.8870109 0.4617486 3.10736e-4 -0.8988588 0.4382385 0 -0.916792 0.399365 0 -0.8433911 0.5373002 3.05211e-4 -0.8576661 0.5142071 0 -0.8788877 0.4770287 0 -0.7933534 0.6087615 2.98806e-4 -0.8100672 0.5863372 0 -0.8344196 0.5511298 0 -0.7005656 0.713588 0 -0.7271674 0.6864603 0 -0.7372781 0.6755895 2.9145e-4 -0.7564201 0.6540863 0 -0.7837187 0.6211161 0 0.7372781 0.6755895 2.91461e-4 0.7271674 0.6864603 0 0.7005656 0.713588 0 0.7933534 0.6087615 2.988e-4 0.7837187 0.6211161 0 0.7564201 0.6540863 0 0.8433911 0.5373002 3.05206e-4 0.8344196 0.5511298 0 0.8100672 0.5863372 0 0.8870109 0.4617486 3.10736e-4 0.8788877 0.4770287 0 0.8576661 0.5142071 0 0.9238795 0.3826836 3.15315e-4 0.916792 0.399365 0 0.8988588 0.4382385 0 0.9537168 0.3007062 3.18993e-4 0.9478492 0.3187195 0 0.9333387 0.358997 0 0.9762961 0.2164392 3.21741e-4 0.9718272 0.2356947 0 0.9608498 0.2770702 0 0.991445 0.1305249 3.23577e-4 0.9885479 0.1509083 0 0.9811831 0.1930797 0 0.999771 -0.02140134 0 0.999771 0.02140134 0 0.9990481 0.04362189 3.24496e-4 0.9978859 0.06499087 0 0.9941893 0.1076462 0 -0.7427859 0.4453303 0.4999501 -0.6110634 -0.6224148 0.4890822 -0.6298096 -0.5945547 0.4998446 -0.6738654 -0.5443754 0.4995608 -0.6580214 -0.5690054 0.4931944 -0.6791347 -0.5382273 0.4990866 -0.7014507 -0.507721 0.5001865 -0.716731 -0.4871835 0.4989479 -0.722694 -0.4773389 0.4998611 -0.7427868 -0.4453296 0.4999493 -0.7540138 -0.4273312 0.4988501 -0.7612568 -0.4131836 0.4997676 -0.7784346 -0.3795248 0.5000005 -0.7152265 0.4886663 0.4996563 -0.7241348 0.4782878 0.4968597 -0.7015596 0.5077997 0.4999538 -0.6731449 0.5451185 0.4997219 -0.6804033 0.5392331 0.4962652 -0.6549197 0.5663215 0.50036 -0.6303405 0.5950509 0.4985833 -0.611689 0.6230562 0.4874808 -0.762212 0.4137024 0.4978787 -0.7550246 0.4247578 0.4995186 -0.7784348 0.3795248 0.5000002 -0.7770987 0.3821467 0.5000816 -0.7942085 0.3459672 0.4995394 -0.7920598 0.3504634 0.4998167 -0.8083274 0.3109157 0.4999383 -0.8086453 0.3101301 0.4999122 -0.8209002 0.2760325 0.499929 -0.821186 0.2752443 0.4998942 -0.8321574 0.2399609 0.4999329 -0.8339962 0.233955 0.4997155 -0.8415603 0.204097 0.5001209 -0.8431144 0.1980149 0.4999482 -0.8497707 0.1672219 0.4999266 -0.8521472 0.1560267 0.4995006 -0.8560248 0.1306757 0.5001454 -0.8577692 0.1193739 0.4999819 -0.8610391 0.09322583 0.4999207 -0.8630295 0.0769118 0.4992642 -0.8641807 0.05628645 0.5000237 -0.8651079 0.03988355 0.4999977 -0.8658765 0.0185402 0.4999142 -0.8665231 0 0.499137 -0.8658765 -0.0185402 0.4999142 -0.8642478 -0.0562908 0.4999073 -0.8648326 -0.03987085 0.5004746 -0.8618488 -0.09331345 0.4985072 -0.8627755 -0.07688915 0.4997065 -0.8561645 -0.130697 0.4999006 -0.8575721 -0.1193464 0.5003265 -0.8502349 -0.1673132 0.4991063 -0.8519794 -0.155996 0.4997962 -0.841688 -0.204128 0.4998932 -0.8430041 -0.197989 0.5001446 -0.8323559 -0.2400183 0.4995748 -0.8339098 -0.2339307 0.4998711 -0.8209239 -0.2760404 0.4998858 -0.8211714 -0.2752394 0.4999209 -0.8083463 -0.310923 0.4999034 -0.8086344 -0.3101262 0.4999323 -0.7940297 -0.345889 0.4998777 -0.7921476 -0.3505021 0.4996505 -0.777099 -0.3821458 0.5000818 -0.8688963 0.04005157 0.4933711 -0.8622604 0.1199948 0.4920451 -0.8489665 0.199391 0.4893865 -0.8289734 0.2778527 0.4853876 -0.8022387 0.3549689 0.4800108 0.8688963 -0.04005157 0.4933711 0.8622604 -0.1199948 0.4920451 0.8489665 -0.199391 0.4893865 0.8289734 -0.2778527 0.4853876 0.8022387 -0.3549689 0.4800108 0.8342908 -0.3199655 0.4489778 0.8596076 -0.2411417 0.4504724 0.8770753 -0.1605907 0.4527137 0.8841553 -0.07879364 0.460501 0.8670011 0.0772655 0.4922798 0.8688961 0.04005163 0.4933716 0.8767989 0 0.4808574 0.8577796 0.1570588 0.4894352 0.8622602 0.1199948 0.4920454 0.8418918 0.2361698 0.4852238 0.8489671 0.1993907 0.4893857 0.8192856 0.3142118 0.4796272 0.8289731 0.2778529 0.485388 0.8022387 0.3549689 0.4800108 -0.868896 -0.04005163 0.4933718 -0.8622601 -0.1199948 0.4920455 -0.8489671 -0.1993907 0.4893857 -0.8289731 -0.2778529 0.485388 -0.8022387 -0.3549689 0.4800108 0.8209015 0.3350742 0.4624351 0.8420735 0.3347973 0.4228748 0.8420736 0.3347955 0.4228759 0.875509 0.3347973 0.3484175 0.8755096 0.3347961 0.3484173 0.9023764 0.3347958 0.2713461 0.9023754 0.3347985 0.2713459 0.9224726 0.3347973 0.1922374 0.9224727 0.3347966 0.1922377 0.9356477 0.3347974 0.1116885 0.9356485 0.3347952 0.1116876 0.9418041 0.3347942 0.03029978 0.9418029 0.3347974 0.03030043 0.9408919 0.3347974 -0.05131506 0.9408922 0.3347965 -0.05131614 0.9329209 0.3347989 -0.1325461 0.9329226 0.3347941 -0.1325456 0.9179516 0.3347973 -0.2127811 0.9179521 0.3347954 -0.2127816 0.896094 0.3347974 -0.2914211 0.8960943 0.3347962 -0.2914217 0.8675135 0.334796 -0.367875 0.8675132 0.3347984 -0.3678734 0.8324246 0.334797 -0.4415659 0.8324238 0.3347973 -0.4415671 0.7910888 0.3347974 -0.5119466 0.791089 0.3347955 -0.5119475 0.7438185 0.3347988 -0.5784842 0.7438185 0.3347964 -0.5784854 0.6909666 0.3347973 -0.6406841 0.6909675 0.3347967 -0.6406834 0.6329311 0.3347976 -0.6980752 0.6329314 0.3347964 -0.6980754 0.5701465 0.3347973 -0.7502293 0.5701471 0.3347968 -0.750229 0.5030848 0.3347968 -0.796754 0.5030852 0.334797 -0.7967536 0.4322461 0.3347969 -0.8373019 0.432249 0.3347966 -0.8373005 0.3581685 0.334797 -0.8715654 0.3581679 0.3347965 -0.8715659 0.2814016 0.3347966 -0.899291 0.2814024 0.334797 -0.8992907 0.2025206 0.3347973 -0.9202696 0.2025223 0.3347973 -0.9202693 0.1221238 0.3347974 -0.9343429 0.1221258 0.3347974 -0.9343426 0.04081034 0.3347972 -0.9414061 0.04080992 0.3347966 -0.9414063 -0.04080861 0.3347964 -0.9414064 -0.04081171 0.3347975 -0.941406 -0.1221238 0.3347974 -0.9343429 -0.1221258 0.3347975 -0.9343425 -0.2025221 0.334797 -0.9202694 -0.2025207 0.3347976 -0.9202696 -0.2814015 0.3347972 -0.8992909 -0.2814026 0.3347964 -0.8992908 -0.358167 0.3347966 -0.8715662 -0.3581694 0.3347969 -0.8715652 -0.4322474 0.3347968 -0.8373013 -0.4322476 0.3347967 -0.8373011 -0.5030861 0.3347969 -0.7967531 -0.5030838 0.3347969 -0.7967546 -0.5701468 0.334797 -0.7502292 -0.5701471 0.334797 -0.750229 -0.6329322 0.3347973 -0.6980743 -0.63293 0.3347969 -0.6980764 -0.690967 0.334797 -0.6406837 -0.6909671 0.334797 -0.6406836 -0.7438189 0.3347972 -0.5784845 -0.7438185 0.3347971 -0.5784851 -0.7910891 0.3347967 -0.5119464 -0.7910884 0.3347973 -0.5119473 -0.8324239 0.3347983 -0.4415663 -0.8324244 0.3347967 -0.4415666 -0.8675134 0.334796 -0.3678751 -0.8675136 0.3347972 -0.3678736 -0.896094 0.3347972 -0.2914213 -0.8960942 0.3347966 -0.2914216 -0.9179516 0.3347973 -0.2127811 -0.9179518 0.3347964 -0.2127816 -0.9329219 0.3347958 -0.1325461 -0.9329216 0.334797 -0.1325457 -0.9408914 0.3347989 -0.051315 -0.9408929 0.3347945 -0.0513162 -0.9418035 0.3347958 0.03029972 -0.9418032 0.3347967 0.03030043 -0.9356471 0.3347989 0.1116881 -0.935649 0.3347938 0.1116879 -0.9224737 0.3347941 0.1922377 -0.9224721 0.3347985 0.1922376 -0.9023759 0.3347975 0.2713459 -0.9023758 0.3347973 0.2713463 -0.8755095 0.3347957 0.3484177 -0.8755092 0.3347973 0.3484171 -0.8420733 0.3347976 0.4228749 -0.842074 0.3347948 0.4228759 -0.8131482 0.3350124 0.4759799 -0.8342908 0.3199654 0.4489779 0.8497456 0.2534551 0.4622694 0.8645139 0.2532479 0.4341443 0.8645145 0.2532453 0.4341448 0.8988407 0.2532462 0.3577035 0.8988409 0.2532466 0.3577028 0.9264245 0.2532445 0.2785767 0.9264234 0.2532482 0.2785771 0.947056 0.2532462 0.1973612 0.9470558 0.2532472 0.1973606 0.960582 0.2532477 0.1146643 0.960582 0.2532476 0.1146649 0.9669017 0.2532461 0.03110736 0.9669014 0.2532474 0.03110724 0.9659664 0.2532462 -0.05268299 0.9659668 0.2532444 -0.05268245 0.957783 0.2532477 -0.1360784 0.9577834 0.253246 -0.1360788 0.9424142 0.2532479 -0.2184513 0.9424148 0.2532456 -0.2184516 0.9199745 0.2532461 -0.2991879 0.9199746 0.2532464 -0.2991874 0.8906322 0.2532466 -0.3776778 0.8906321 0.2532459 -0.3776783 0.8546078 0.2532476 -0.4533336 0.8546082 0.2532441 -0.4533346 0.8121707 0.2532463 -0.5255904 0.8121709 0.2532463 -0.52559 0.7636409 0.2532462 -0.5939016 0.7636408 0.2532458 -0.5939019 0.7093808 0.2532461 -0.6577578 0.7093805 0.2532466 -0.6577579 0.6498 0.2532454 -0.7166776 0.6497991 0.253246 -0.7166783 0.5853395 0.2532473 -0.7702232 0.5853415 0.2532461 -0.7702219 0.5164919 0.2532454 -0.8179872 0.5164918 0.2532473 -0.8179866 0.4437682 0.2532464 -0.8596139 0.4437655 0.2532465 -0.8596153 0.3677141 0.2532464 -0.894792 0.3677132 0.2532466 -0.8947923 0.2888993 0.2532469 -0.9232569 0.2889019 0.2532454 -0.9232565 0.2079172 0.2532459 -0.9447947 0.2079208 0.2532461 -0.9447939 0.125378 0.2532464 -0.9592428 0.1253798 0.2532456 -0.9592428 0.04189866 0.2532455 -0.9664944 0.04189687 0.2532462 -0.9664942 -0.04189866 0.2532463 -0.9664942 -0.04189687 0.2532455 -0.9664945 -0.125378 0.2532457 -0.9592429 -0.1253798 0.2532463 -0.9592426 -0.2079204 0.2532462 -0.9447939 -0.2079175 0.2532458 -0.9447947 -0.2889011 0.2532456 -0.9232567 -0.2889001 0.2532467 -0.9232567 -0.3677142 0.2532467 -0.8947919 -0.3677132 0.2532464 -0.8947924 -0.443767 0.2532463 -0.8596146 -0.4437668 0.2532467 -0.8596146 -0.5164931 0.2532464 -0.8179861 -0.5164905 0.2532465 -0.8179877 -0.5853407 0.2532462 -0.7702224 -0.5853402 0.253247 -0.7702226 -0.6498001 0.2532454 -0.7166775 -0.6497992 0.2532451 -0.7166785 -0.7093803 0.2532463 -0.6577584 -0.709381 0.2532467 -0.6577575 -0.7636402 0.2532472 -0.5939021 -0.7636412 0.2532455 -0.5939013 -0.8121708 0.2532463 -0.52559 -0.8121708 0.2532463 -0.5255903 -0.854608 0.2532461 -0.453334 -0.8546081 0.2532452 -0.4533342 -0.8906329 0.2532448 -0.3776775 -0.8906314 0.253248 -0.3776786 -0.9199747 0.2532459 -0.2991876 -0.9199743 0.2532473 -0.2991876 -0.9424147 0.2532463 -0.2184514 -0.9424145 0.2532469 -0.2184515 -0.9577834 0.2532461 -0.1360785 -0.9577833 0.2532467 -0.1360787 -0.9659663 0.2532462 -0.05268287 -0.965967 0.2532438 -0.05268257 -0.9669021 0.2532445 0.03110736 -0.966901 0.2532486 0.03110724 -0.960582 0.2532478 0.1146643 -0.9605821 0.2532473 0.1146649 -0.9470556 0.2532477 0.1973609 -0.9470559 0.2532465 0.1973607 -0.9264241 0.2532461 0.2785765 -0.9264234 0.2532478 0.2785772 -0.8988404 0.2532478 0.3577032 -0.898841 0.2532458 0.357703 -0.8645138 0.2532479 0.4341444 -0.8645146 0.2532451 0.4341446 -0.8381319 0.2534425 0.4830135 -0.8596076 0.2411417 0.4504725 0.8706067 0.1699766 0.461684 0.8806592 0.1698589 0.4422527 0.8806594 0.1698591 0.4422522 0.9156274 0.169859 0.3643823 0.9156273 0.1698568 0.3643836 0.9437251 0.1698591 0.28378 0.9437254 0.1698576 0.2837795 0.9647428 0.1698589 0.2010461 0.964743 0.1698561 0.2010471 0.9785212 0.1698606 0.1168062 0.978522 0.1698564 0.1168059 0.9849588 0.169859 0.03168827 0.984959 0.1698584 0.03168827 0.9840064 0.1698573 -0.05366641 0.9840062 0.1698579 -0.05366677 0.97567 0.1698607 -0.1386195 0.9756707 0.1698568 -0.1386198 0.9600147 0.1698573 -0.222532 0.9600145 0.1698585 -0.2225313 0.9371556 0.1698573 -0.3047754 0.9371554 0.1698582 -0.3047752 0.9072651 0.1698592 -0.3847309 0.9072657 0.1698576 -0.3847304 0.8705673 0.169859 -0.4618012 0.8705677 0.1698583 -0.4618008 0.8273391 0.1698572 -0.535405 0.8273389 0.1698572 -0.5354053 0.7779017 0.1698592 -0.6049934 0.7779023 0.1698563 -0.6049934 0.7226299 0.1698595 -0.6700403 0.7226277 0.1698582 -0.6700429 0.6619333 0.1698591 -0.7300631 0.661935 0.1698579 -0.730062 0.5962725 0.1698582 -0.7846065 0.5962724 0.1698586 -0.7846065 0.5261368 0.1698591 -0.8332635 0.526138 0.1698574 -0.8332632 0.4520556 0.1698577 -0.8756678 0.4520545 0.1698582 -0.8756684 0.3745811 0.1698581 -0.9115028 0.37458 0.1698579 -0.9115031 0.2942964 0.1698579 -0.9404988 0.2942946 0.1698589 -0.9404993 0.2118025 0.1698586 -0.9624385 0.2118035 0.1698585 -0.9624382 0.1277193 0.1698583 -0.9771571 0.1277206 0.1698582 -0.9771569 0.04268038 0.1698583 -0.9845439 0.04268014 0.1698585 -0.9845439 -0.04268211 0.1698585 -0.9845438 -0.04267841 0.1698583 -0.984544 -0.127721 0.1698582 -0.9771569 -0.1277189 0.1698583 -0.9771571 -0.2118026 0.1698584 -0.9624385 -0.2118034 0.1698589 -0.9624382 -0.2942947 0.1698588 -0.9404991 -0.2942963 0.169858 -0.9404988 -0.3745811 0.1698579 -0.9115028 -0.37458 0.169858 -0.9115033 -0.4520542 0.1698578 -0.8756685 -0.4520558 0.169858 -0.8756677 -0.5261366 0.1698578 -0.8332638 -0.526138 0.1698586 -0.8332628 -0.5962725 0.1698586 -0.7846065 -0.5962724 0.1698583 -0.7846065 -0.6619343 0.169858 -0.7300625 -0.6619339 0.1698594 -0.7300626 -0.722629 0.1698597 -0.6700411 -0.7226285 0.1698584 -0.670042 -0.7779021 0.1698583 -0.604993 -0.7779017 0.1698575 -0.6049937 -0.8273389 0.1698589 -0.5354049 -0.8273391 0.1698564 -0.5354055 -0.8705673 0.169859 -0.4618014 -0.8705677 0.1698588 -0.4618006 -0.9072654 0.1698589 -0.3847303 -0.9072654 0.1698582 -0.3847309 -0.9371554 0.1698589 -0.304775 -0.9371554 0.1698579 -0.3047755 -0.9600147 0.1698573 -0.2225321 -0.9600145 0.1698597 -0.2225313 -0.9756703 0.1698589 -0.1386196 -0.9756703 0.1698585 -0.1386198 -0.9840066 0.1698557 -0.05366647 -0.9840059 0.1698597 -0.05366677 -0.9849588 0.169859 0.03168827 -0.9849589 0.1698583 0.03168827 -0.9785215 0.169859 0.1168062 -0.9785219 0.1698569 0.1168059 -0.964743 0.1698573 0.2010464 -0.9647429 0.1698571 0.2010469 -0.943725 0.1698589 0.28378 -0.9437254 0.1698579 0.2837795 -0.9156276 0.1698573 0.3643826 -0.915627 0.1698588 0.3643835 -0.8806592 0.1698589 0.4422525 -0.8806594 0.1698585 0.4422523 -0.8559243 0.1700065 0.4883558 -0.8770752 0.1605907 0.4527137 0.8808941 0.08529537 0.4655646 0.8903925 0.0852375 0.4471418 0.890393 0.08523774 0.4471407 0.9257474 0.08523917 0.3684103 0.9257476 0.08523893 0.3684097 0.954156 0.08523911 0.2869159 0.9541561 0.08523696 0.2869166 0.9754058 0.08523744 0.2032684 0.9754057 0.08523893 0.2032684 0.989337 0.08523744 0.1180974 0.989337 0.08523696 0.1180972 0.9958453 0.08523911 0.03203809 0.9958452 0.08524012 0.0320385 0.9948821 0.08523917 -0.05425971 0.9948821 0.08523833 -0.05425953 0.9864545 0.08523571 -0.1401519 0.9864543 0.08523797 -0.1401517 0.9706254 0.08523744 -0.2249915 0.9706253 0.0852369 -0.2249916 0.9475138 0.08523744 -0.3081432 0.9475136 0.08523833 -0.3081436 0.917293 0.08523917 -0.3889833 0.9172933 0.08523803 -0.388983 0.88019 0.08523744 -0.4669049 0.8801899 0.0852375 -0.4669051 0.8364825 0.08523923 -0.5413237 0.8364833 0.08523863 -0.5413227 0.7865 0.08523744 -0.61168 0.7865003 0.08523839 -0.6116794 0.7306165 0.0852366 -0.677447 0.730616 0.08523756 -0.6774473 0.6692487 0.08523762 -0.7381333 0.6692507 0.08523792 -0.7381315 0.6028646 0.08523732 -0.7932773 0.6028624 0.08523851 -0.793279 0.5319533 0.08523827 -0.8424726 0.5319514 0.08523821 -0.8424739 0.4570519 0.08523827 -0.8853462 0.4570518 0.08523893 -0.8853463 0.3787202 0.08523917 -0.9215777 0.3787199 0.08523774 -0.9215779 0.2975475 0.08523809 -0.9508944 0.2975497 0.08523768 -0.9508937 0.214144 0.08523768 -0.9730761 0.2141433 0.08523815 -0.9730762 0.1291322 0.08523803 -0.9879572 0.129132 0.08523815 -0.9879572 0.04315114 0.08523821 -0.9954258 0.04315304 0.08523803 -0.9954257 -0.04315286 0.08523803 -0.9954258 -0.04315131 0.08523821 -0.9954258 -0.1291322 0.08523821 -0.9879572 -0.129132 0.08523803 -0.9879572 -0.214144 0.08523809 -0.973076 -0.2141433 0.08523774 -0.9730762 -0.2975491 0.08523762 -0.9508939 -0.2975482 0.08523815 -0.9508942 -0.3787202 0.08523768 -0.9215778 -0.3787199 0.08523905 -0.9215778 -0.4570533 0.08523863 -0.8853456 -0.4570504 0.08523857 -0.885347 -0.531952 0.08523792 -0.8424735 -0.5319526 0.08523827 -0.8424731 -0.6028635 0.08523827 -0.7932782 -0.6028635 0.08523738 -0.7932782 -0.6692497 0.08523666 -0.7381325 -0.6692497 0.08523869 -0.7381323 -0.7306164 0.08523744 -0.6774469 -0.730616 0.08523702 -0.6774473 -0.7865 0.08523744 -0.61168 -0.7865003 0.08523851 -0.6116794 -0.8364827 0.08523917 -0.5413233 -0.8364831 0.08523786 -0.5413232 -0.88019 0.08523744 -0.4669049 -0.8801899 0.08523732 -0.4669052 -0.9172928 0.08524084 -0.3889832 -0.9172933 0.08523702 -0.388983 -0.9475137 0.08523917 -0.3081431 -0.9475138 0.08523672 -0.3081437 -0.9706251 0.08523917 -0.2249915 -0.9706254 0.08523571 -0.2249916 -0.9864544 0.08523744 -0.1401519 -0.9864544 0.08523708 -0.1401517 -0.9948822 0.08523744 -0.05425971 -0.994882 0.08524042 -0.05425953 -0.9958451 0.08524084 0.03203809 -0.9958454 0.08523845 0.0320385 -0.989337 0.08523744 0.1180974 -0.9893371 0.08523654 0.1180972 -0.9754058 0.08523744 0.2032684 -0.9754058 0.08523851 0.2032685 -0.9541561 0.08523744 0.286916 -0.9541558 0.08523815 0.2869165 -0.9257474 0.08523917 0.3684103 -0.9257476 0.08523935 0.3684098 -0.8903924 0.08523917 0.4471417 -0.8903931 0.08523714 0.4471408 -0.8664292 0.08531457 0.4919574 -0.8841553 0.07879364 0.460501 0.8767989 0 0.4808572 0.8936451 0 0.4487745 0.8936449 0 0.4487748 0.9291289 0 0.3697561 0.9576413 0 0.2879641 0.9576413 0 0.2879639 0.9789687 0 0.2040109 0.9789686 0 0.204011 0.9929506 0 0.1185287 0.9929506 0 0.1185287 0.9994829 0 0.03215509 0.9985162 0 -0.0544579 0.9900574 0 -0.1406638 0.9741707 0 -0.2258134 0.9741707 0 -0.2258133 0.9509747 0 -0.3092688 0.9206438 0 -0.3904037 0.9206435 0 -0.3904044 0.883405 0 -0.4686104 0.8395381 0 -0.5433009 0.8395386 0 -0.5433002 0.7893725 0 -0.6139146 0.7893732 0 -0.6139137 0.7332849 0 -0.6799216 0.6716942 0 -0.7408285 0.6050648 0 -0.7961763 0.6050659 0 -0.7961755 0.5338965 0 -0.8455499 0.5338953 0 -0.8455507 0.4587206 0 -0.8885806 0.3801053 0 -0.9249433 0.3801023 0 -0.9249445 0.2986359 0 -0.9543672 0.2986342 0 -0.9543676 0.2149254 0 -0.9766305 0.2149271 0 -0.9766302 0.129603 0 -0.9915661 0.0433098 0 -0.9990617 -0.0433098 0 -0.9990617 -0.129603 0 -0.9915661 -0.2149271 0 -0.9766302 -0.2149254 0 -0.9766305 -0.2986342 0 -0.9543676 -0.2986359 0 -0.9543672 -0.3801023 0 -0.9249445 -0.3801053 0 -0.9249433 -0.4587206 0 -0.8885806 -0.5338953 0 -0.8455507 -0.5338965 0 -0.8455499 -0.6050659 0 -0.7961755 -0.6050648 0 -0.7961763 -0.6716942 0 -0.7408285 -0.7332849 0 -0.6799216 -0.7893732 0 -0.6139137 -0.7893725 0 -0.6139146 -0.8395386 0 -0.5433002 -0.8395381 0 -0.5433009 -0.883405 0 -0.4686104 -0.9206435 0 -0.3904044 -0.9206438 0 -0.3904037 -0.9509747 0 -0.3092688 -0.9741707 0 -0.2258133 -0.9741707 0 -0.2258134 -0.9900574 0 -0.1406638 -0.9985162 0 -0.0544579 -0.9994829 0 0.03215509 -0.9929506 0 0.1185287 -0.9929506 0 0.1185287 -0.9789686 0 0.204011 -0.9789687 0 0.2040109 -0.9576413 0 0.2879639 -0.9576413 0 0.2879641 -0.9291289 0 0.3697561 -0.8936449 0 0.4487748 -0.8936451 0 0.4487745 -0.8767989 0 0.4808572 -0.8767989 0 0.4808574 0.866429 -0.08531516 0.4919574 0.8903931 -0.08523684 0.4471408 0.8903925 -0.08523839 0.4471418 0.9257476 -0.08523851 0.3684098 0.9257473 -0.08523952 0.3684103 0.9541558 -0.08523857 0.2869165 0.9541561 -0.0852375 0.286916 0.9754058 -0.08523857 0.2032685 0.9754058 -0.08523774 0.2032684 0.989337 -0.08523684 0.1180972 0.989337 -0.08523756 0.1180974 0.9958454 -0.08523857 0.0320385 0.9958451 -0.08524072 0.03203809 0.994882 -0.0852403 -0.05425953 0.9948822 -0.0852372 -0.05425971 0.9864544 -0.08523684 -0.1401517 0.9864544 -0.08523684 -0.1401519 0.9706254 -0.08523511 -0.2249917 0.9706251 -0.08523923 -0.2249915 0.9475136 -0.08523678 -0.3081437 0.9475137 -0.08523899 -0.3081431 0.9172933 -0.0852369 -0.388983 0.917293 -0.0852403 -0.3889832 0.8801899 -0.08523678 -0.4669051 0.8801899 -0.08523815 -0.4669048 0.836483 -0.08523857 -0.5413231 0.8364827 -0.08523929 -0.5413233 0.7865003 -0.08523857 -0.6116794 0.7865 -0.0852372 -0.61168 0.7306161 -0.08523678 -0.6774473 0.7306164 -0.08523732 -0.6774469 0.6692497 -0.08523857 -0.7381323 0.6692497 -0.08523696 -0.7381325 0.6028635 -0.08523768 -0.7932781 0.6028635 -0.08523815 -0.7932782 0.5319526 -0.08523815 -0.8424731 0.531952 -0.08523792 -0.8424735 0.4570505 -0.08523857 -0.8853471 0.4570533 -0.08523863 -0.8853456 0.3787199 -0.08523905 -0.9215778 0.3787202 -0.08523768 -0.9215778 0.2975482 -0.08523815 -0.9508942 0.2975491 -0.08523768 -0.9508939 0.2141433 -0.08523774 -0.9730762 0.214144 -0.08523809 -0.973076 0.129132 -0.08523797 -0.9879572 0.1291322 -0.08523821 -0.9879572 0.04315131 -0.08523821 -0.9954258 0.04315286 -0.08523803 -0.9954258 -0.04315304 -0.08523803 -0.9954257 -0.04315114 -0.08523821 -0.9954258 -0.129132 -0.08523815 -0.9879572 -0.1291322 -0.08523809 -0.9879572 -0.2141433 -0.08523815 -0.9730762 -0.214144 -0.08523774 -0.9730761 -0.2975497 -0.08523768 -0.9508937 -0.2975475 -0.08523809 -0.9508944 -0.3787199 -0.08523774 -0.9215779 -0.3787202 -0.08523893 -0.9215777 -0.4570518 -0.08523893 -0.8853463 -0.4570519 -0.08523827 -0.8853462 -0.5319514 -0.0852378 -0.8424739 -0.5319533 -0.08523797 -0.8424727 -0.6028624 -0.08523863 -0.793279 -0.6028646 -0.08523702 -0.7932775 -0.6692507 -0.08523762 -0.7381316 -0.6692487 -0.08523768 -0.7381333 -0.730616 -0.08523768 -0.6774473 -0.7306165 -0.08523678 -0.677447 -0.7865003 -0.08523857 -0.6116794 -0.7865 -0.08523732 -0.61168 -0.8364833 -0.08523851 -0.5413227 -0.8364826 -0.08523857 -0.5413238 -0.8801899 -0.08523678 -0.4669052 -0.88019 -0.08523797 -0.4669049 -0.9172932 -0.08523857 -0.388983 -0.917293 -0.08523935 -0.3889833 -0.9475136 -0.08523851 -0.3081436 -0.9475138 -0.08523738 -0.3081432 -0.9706253 -0.08523684 -0.2249916 -0.9706252 -0.08523809 -0.2249915 -0.9864542 -0.08523857 -0.1401517 -0.9864545 -0.08523601 -0.1401519 -0.9948821 -0.08523857 -0.05425953 -0.9948821 -0.08523929 -0.05425971 -0.9958452 -0.08524024 0.0320385 -0.9958454 -0.08523905 0.03203809 -0.989337 -0.08523684 0.1180972 -0.989337 -0.08523714 0.1180973 -0.9754058 -0.08523857 0.2032685 -0.9754059 -0.08523732 0.2032684 -0.9541561 -0.08523684 0.2869166 -0.954156 -0.08523875 0.2869159 -0.9257476 -0.08523851 0.3684097 -0.9257473 -0.08524 0.3684103 -0.890393 -0.08523857 0.4471406 -0.8903925 -0.0852378 0.4471418 -0.8808941 -0.08529484 0.4655647 -0.8670008 -0.07726556 0.4922803 0.8559243 -0.1700065 0.4883558 0.8806594 -0.1698589 0.4422523 0.8806592 -0.1698591 0.4422525 0.915627 -0.1698589 0.3643835 0.9156277 -0.1698569 0.3643826 0.9437254 -0.1698575 0.2837795 0.943725 -0.1698592 0.28378 0.9647428 -0.1698573 0.2010469 0.9647428 -0.1698578 0.2010463 0.9785218 -0.1698573 0.1168058 0.9785214 -0.1698597 0.1168062 0.9849588 -0.1698591 0.03168827 0.9849589 -0.1698583 0.03168827 0.984006 -0.1698591 -0.05366683 0.9840065 -0.1698562 -0.05366647 0.9756703 -0.169859 -0.1386198 0.9756705 -0.1698585 -0.1386196 0.9600145 -0.1698591 -0.2225312 0.9600148 -0.1698567 -0.2225321 0.9371554 -0.1698572 -0.3047757 0.9371554 -0.1698583 -0.3047751 0.9072655 -0.1698576 -0.3847309 0.9072654 -0.1698592 -0.3847304 0.8705677 -0.1698591 -0.4618006 0.8705675 -0.1698582 -0.4618014 0.8273389 -0.1698564 -0.5354055 0.8273389 -0.1698589 -0.5354049 0.7779018 -0.1698575 -0.6049938 0.7779022 -0.1698581 -0.604993 0.7226284 -0.1698582 -0.6700421 0.722629 -0.1698595 -0.6700412 0.6619339 -0.1698591 -0.7300627 0.6619343 -0.1698578 -0.7300625 0.5962723 -0.1698581 -0.7846066 0.5962725 -0.1698586 -0.7846065 0.526138 -0.1698586 -0.8332628 0.5261367 -0.1698579 -0.8332638 0.4520558 -0.1698582 -0.8756676 0.4520543 -0.1698577 -0.8756685 0.37458 -0.169858 -0.9115033 0.3745811 -0.1698579 -0.9115028 0.2942963 -0.169858 -0.9404989 0.2942947 -0.1698588 -0.9404991 0.2118034 -0.1698588 -0.9624382 0.2118025 -0.1698583 -0.9624385 0.1277189 -0.1698583 -0.9771572 0.127721 -0.1698583 -0.9771569 0.04267835 -0.1698583 -0.984544 0.04268211 -0.1698585 -0.9845438 -0.04268014 -0.1698585 -0.9845439 -0.04268038 -0.1698583 -0.9845439 -0.1277207 -0.1698583 -0.977157 -0.1277193 -0.1698584 -0.9771571 -0.2118035 -0.1698586 -0.9624382 -0.2118024 -0.1698587 -0.9624384 -0.2942947 -0.1698589 -0.9404991 -0.2942963 -0.1698579 -0.9404988 -0.3745801 -0.1698582 -0.9115031 -0.3745811 -0.169858 -0.9115028 -0.4520545 -0.1698583 -0.8756684 -0.4520556 -0.1698576 -0.8756679 -0.5261379 -0.1698573 -0.8332632 -0.5261368 -0.1698591 -0.8332635 -0.5962724 -0.169859 -0.7846065 -0.5962725 -0.1698584 -0.7846065 -0.661935 -0.169858 -0.7300619 -0.6619333 -0.1698592 -0.7300631 -0.7226276 -0.1698583 -0.6700429 -0.7226298 -0.1698597 -0.6700403 -0.7779023 -0.1698557 -0.6049935 -0.7779017 -0.1698592 -0.6049933 -0.8273389 -0.1698572 -0.5354052 -0.827339 -0.169858 -0.535405 -0.870568 -0.1698575 -0.4618008 -0.8705675 -0.1698587 -0.4618013 -0.9072657 -0.1698573 -0.3847305 -0.9072651 -0.1698598 -0.3847309 -0.9371554 -0.1698589 -0.3047752 -0.9371554 -0.1698579 -0.3047754 -0.9600145 -0.1698591 -0.2225313 -0.9600146 -0.1698578 -0.222532 -0.9756706 -0.1698573 -0.1386198 -0.9756702 -0.1698601 -0.1386195 -0.9840064 -0.1698573 -0.05366677 -0.9840062 -0.1698579 -0.05366641 -0.9849588 -0.169859 0.03168827 -0.9849589 -0.1698583 0.03168827 -0.9785221 -0.1698557 0.1168059 -0.9785213 -0.1698601 0.1168062 -0.9647431 -0.1698557 0.2010471 -0.9647428 -0.1698588 0.2010462 -0.9437255 -0.1698574 0.2837795 -0.9437249 -0.1698595 0.2837801 -0.9156272 -0.1698573 0.3643835 -0.9156274 -0.1698589 0.3643824 -0.8806594 -0.1698589 0.4422521 -0.8806592 -0.1698585 0.4422527 -0.8706066 -0.1699765 0.4616841 -0.8577792 -0.157059 0.4894357 0.8381316 -0.2534431 0.4830135 0.8645144 -0.2532457 0.4341445 0.8645139 -0.2532474 0.4341445 0.8988411 -0.2532454 0.357703 0.8988404 -0.2532473 0.3577033 0.9264235 -0.2532473 0.2785772 0.9264243 -0.2532454 0.2785765 0.9470562 -0.2532458 0.1973607 0.9470556 -0.2532476 0.1973609 0.960582 -0.2532472 0.1146648 0.960582 -0.2532481 0.1146643 0.9669009 -0.2532489 0.03110724 0.9669021 -0.2532446 0.03110736 0.965967 -0.2532439 -0.05268257 0.9659662 -0.2532467 -0.05268287 0.9577831 -0.2532472 -0.1360787 0.9577833 -0.2532466 -0.1360785 0.9424144 -0.2532473 -0.2184514 0.9424147 -0.2532463 -0.2184514 0.9199743 -0.2532473 -0.2991876 0.9199748 -0.2532452 -0.2991877 0.8906316 -0.2532474 -0.3776787 0.8906328 -0.2532451 -0.3776775 0.854608 -0.2532456 -0.4533341 0.854608 -0.2532461 -0.453334 0.8121706 -0.2532463 -0.5255904 0.8121708 -0.2532463 -0.5255901 0.7636412 -0.2532455 -0.5939014 0.7636401 -0.2532473 -0.5939019 0.709381 -0.2532469 -0.6577574 0.7093805 -0.2532458 -0.6577583 0.6497992 -0.2532451 -0.7166785 0.6498 -0.2532458 -0.7166775 0.5853402 -0.2532469 -0.7702226 0.5853409 -0.253246 -0.7702224 0.5164904 -0.2532464 -0.8179877 0.5164931 -0.2532464 -0.8179861 0.4437668 -0.2532467 -0.8596146 0.4437669 -0.2532463 -0.8596146 0.3677132 -0.2532462 -0.8947924 0.3677142 -0.2532465 -0.894792 0.2889 -0.2532467 -0.9232568 0.288901 -0.2532456 -0.9232568 0.2079175 -0.2532458 -0.9447947 0.2079205 -0.2532463 -0.9447939 0.1253798 -0.2532463 -0.9592425 0.125378 -0.2532457 -0.959243 0.04189687 -0.2532454 -0.9664945 0.04189866 -0.2532463 -0.9664942 -0.04189687 -0.2532462 -0.9664942 -0.04189866 -0.2532455 -0.9664943 -0.1253798 -0.2532457 -0.9592427 -0.125378 -0.2532464 -0.9592428 -0.2079207 -0.2532462 -0.9447938 -0.2079173 -0.253246 -0.9447947 -0.2889019 -0.2532453 -0.9232565 -0.2888993 -0.2532469 -0.9232568 -0.3677132 -0.2532469 -0.8947921 -0.3677142 -0.2532463 -0.894792 -0.4437656 -0.2532466 -0.8596153 -0.4437682 -0.2532465 -0.859614 -0.5164918 -0.2532474 -0.8179866 -0.5164918 -0.2532456 -0.8179871 -0.5853415 -0.2532463 -0.770222 -0.5853396 -0.2532469 -0.7702232 -0.6497991 -0.2532464 -0.7166782 -0.6498001 -0.2532449 -0.7166777 -0.7093804 -0.253247 -0.6577579 -0.7093809 -0.253246 -0.6577578 -0.7636407 -0.2532456 -0.5939019 -0.7636407 -0.253247 -0.5939014 -0.8121711 -0.2532455 -0.52559 -0.8121707 -0.2532463 -0.5255904 -0.8546082 -0.2532441 -0.4533346 -0.8546078 -0.2532471 -0.4533336 -0.8906322 -0.2532455 -0.3776783 -0.890632 -0.2532472 -0.3776777 -0.9199745 -0.2532471 -0.2991873 -0.9199745 -0.2532461 -0.2991878 -0.9424148 -0.2532456 -0.2184516 -0.9424144 -0.2532474 -0.2184514 -0.9577835 -0.2532456 -0.1360787 -0.9577832 -0.2532473 -0.1360784 -0.9659669 -0.2532439 -0.05268245 -0.9659664 -0.2532461 -0.05268293 -0.9669014 -0.2532473 0.03110724 -0.9669017 -0.2532459 0.03110736 -0.960582 -0.2532473 0.1146647 -0.960582 -0.2532479 0.1146643 -0.9470558 -0.2532473 0.1973605 -0.9470558 -0.2532469 0.1973611 -0.9264232 -0.2532489 0.278577 -0.9264244 -0.2532451 0.2785766 -0.8988408 -0.2532472 0.3577027 -0.8988406 -0.2532466 0.3577035 -0.8645144 -0.2532457 0.4341448 -0.864514 -0.2532473 0.4341443 -0.8497455 -0.2534556 0.4622694 -0.8418915 -0.2361701 0.4852243 0.8131479 -0.3350128 0.4759799 0.8420742 -0.3347942 0.4228759 0.8420733 -0.3347979 0.4228748 0.8755091 -0.3347975 0.3484171 0.8755095 -0.334796 0.3484176 0.9023756 -0.3347975 0.2713462 0.9023762 -0.3347967 0.2713459 0.9224724 -0.3347976 0.1922377 0.9224734 -0.3347947 0.1922378 0.9356487 -0.3347944 0.1116877 0.9356473 -0.3347982 0.1116884 0.9418035 -0.334796 0.03030043 0.9418035 -0.3347955 0.03029972 0.9408929 -0.3347943 -0.0513162 0.9408912 -0.3347995 -0.051315 0.9329214 -0.3347975 -0.1325456 0.932922 -0.3347955 -0.1325462 0.9179518 -0.334796 -0.2127816 0.9179517 -0.3347967 -0.2127811 0.8960945 -0.334796 -0.2914215 0.896094 -0.3347976 -0.2914211 0.8675135 -0.3347976 -0.3678733 0.8675132 -0.3347968 -0.367875 0.8324244 -0.3347967 -0.4415666 0.8324239 -0.3347983 -0.4415663 0.7910883 -0.3347973 -0.5119475 0.7910891 -0.3347964 -0.5119466 0.7438187 -0.334797 -0.578485 0.7438187 -0.3347976 -0.5784846 0.6909669 -0.3347973 -0.6406837 0.690967 -0.3347966 -0.6406839 0.6329299 -0.3347969 -0.6980765 0.6329323 -0.3347975 -0.6980741 0.5701471 -0.3347972 -0.7502287 0.5701467 -0.3347969 -0.7502293 0.5030837 -0.3347968 -0.7967546 0.5030861 -0.3347969 -0.7967531 0.4322476 -0.3347966 -0.8373013 0.4322474 -0.3347967 -0.8373013 0.3581694 -0.3347969 -0.8715652 0.358167 -0.3347966 -0.8715663 0.2814027 -0.3347965 -0.8992908 0.2814015 -0.3347971 -0.899291 0.2025207 -0.3347976 -0.9202695 0.2025222 -0.334797 -0.9202695 0.1221258 -0.3347975 -0.9343425 0.1221238 -0.3347973 -0.9343429 0.04081177 -0.3347975 -0.941406 0.04080861 -0.3347964 -0.9414064 -0.04080992 -0.3347966 -0.9414063 -0.0408104 -0.3347973 -0.9414061 -0.1221258 -0.3347974 -0.9343426 -0.1221238 -0.3347973 -0.9343429 -0.2025223 -0.3347972 -0.9202694 -0.2025206 -0.3347973 -0.9202697 -0.2814024 -0.3347969 -0.8992907 -0.2814017 -0.3347966 -0.8992911 -0.3581679 -0.3347963 -0.871566 -0.3581685 -0.334797 -0.8715655 -0.4322489 -0.3347967 -0.8373005 -0.4322461 -0.3347969 -0.8373019 -0.5030853 -0.3347966 -0.7967538 -0.5030847 -0.3347967 -0.7967541 -0.570147 -0.3347967 -0.7502291 -0.5701466 -0.3347971 -0.7502292 -0.6329315 -0.3347963 -0.6980753 -0.6329309 -0.334798 -0.6980751 -0.6909675 -0.3347972 -0.6406831 -0.6909667 -0.3347969 -0.6406841 -0.7438187 -0.3347961 -0.5784855 -0.7438187 -0.3347982 -0.5784843 -0.791089 -0.3347957 -0.5119475 -0.7910885 -0.3347982 -0.5119464 -0.8324241 -0.3347965 -0.4415673 -0.8324243 -0.3347978 -0.4415658 -0.867513 -0.3347992 -0.3678734 -0.8675136 -0.3347956 -0.3678752 -0.8960945 -0.3347958 -0.2914218 -0.8960939 -0.334798 -0.2914209 -0.917952 -0.3347961 -0.2127816 -0.9179514 -0.3347976 -0.2127811 -0.9329225 -0.3347944 -0.1325457 -0.932921 -0.3347985 -0.1325462 -0.9408924 -0.334796 -0.0513162 -0.9408918 -0.3347976 -0.051315 -0.9418028 -0.3347976 0.03030043 -0.9418038 -0.3347949 0.03029978 -0.9356483 -0.334796 0.1116876 -0.9356479 -0.3347968 0.1116883 -0.922473 -0.334796 0.192238 -0.9224728 -0.3347965 0.1922377 -0.9023751 -0.3347994 0.271346 -0.9023764 -0.3347955 0.2713463 -0.8755096 -0.3347959 0.3484174 -0.8755092 -0.3347972 0.3484175 -0.8420737 -0.3347953 0.422876 -0.8420736 -0.3347972 0.4228747 -0.8209016 -0.3350738 0.4624351 -0.8192858 -0.3142116 0.4796268 0.9070937 -0.4036334 0.119421 0.9070934 -0.4036338 0.1194213 0.8932336 -0.4036334 0.1980254 0.8932335 -0.4036336 0.1980248 0.8725755 -0.4036334 0.2751219 0.8725749 -0.4036346 0.2751221 0.8452767 -0.4036331 0.3501253 0.8452771 -0.4036332 0.3501242 0.8115441 -0.4036331 0.4224649 0.8115448 -0.4036327 0.4224637 0.7716363 -0.4036341 0.4915863 0.7716373 -0.4036327 0.4915859 0.7258538 -0.4036342 0.5569702 0.7258563 -0.4036328 0.556968 0.6745505 -0.4036339 0.6181112 0.6745504 -0.4036338 0.6181113 0.6181105 -0.4036347 0.6745505 0.6181119 -0.4036334 0.6745501 0.556968 -0.4036342 0.7258554 0.556969 -0.4036338 0.7258549 0.4915857 -0.4036334 0.771637 0.4915867 -0.4036337 0.7716361 0.4224631 -0.4036332 0.811545 0.4224652 -0.4036341 0.8115435 0.3501229 -0.4036338 0.8452773 0.3501259 -0.4036332 0.8452764 0.275123 -0.403633 0.8725754 0.2751219 -0.4036337 0.8725755 0.1980239 -0.4036335 0.8932338 0.1980258 -0.4036335 0.8932334 0.1194205 -0.4036333 0.9070937 0.1194213 -0.4036341 0.9070932 0.03990787 -0.4036336 0.9140501 0.03990775 -0.4036337 0.9140499 -0.0399093 -0.4036331 0.9140501 -0.03990638 -0.4036342 0.9140498 -0.1194205 -0.4036337 0.9070936 -0.1194213 -0.4036338 0.9070934 -0.1980267 -0.4036332 0.8932334 -0.1980232 -0.403634 0.8932338 -0.275123 -0.4036333 0.8725752 -0.275122 -0.4036337 0.8725755 -0.3501254 -0.403634 0.8452762 -0.3501235 -0.4036332 0.8452773 -0.4224646 -0.4036328 0.8115444 -0.4224638 -0.4036344 0.811544 -0.4915857 -0.4036327 0.7716374 -0.4915865 -0.4036343 0.771636 -0.5569691 -0.4036332 0.7258552 -0.5569679 -0.4036352 0.7258551 -0.6181114 -0.4036343 0.6745499 -0.618111 -0.4036337 0.6745508 -0.6745504 -0.4036331 0.6181118 -0.6745505 -0.4036343 0.6181109 -0.7258549 -0.4036332 0.5569694 -0.7258554 -0.4036337 0.5569685 -0.7716369 -0.403633 0.4915863 -0.7716366 -0.4036341 0.4915857 -0.811544 -0.4036344 0.4224641 -0.811545 -0.4036324 0.4224641 -0.8452767 -0.4036335 0.3501247 -0.845277 -0.4036332 0.3501245 -0.8725748 -0.4036349 0.2751221 -0.8725757 -0.4036328 0.2751221 -0.8932336 -0.4036335 0.1980251 -0.8932339 -0.4036328 0.1980248 -0.9070936 -0.4036334 0.119421 -0.9070934 -0.4036337 0.1194212 -0.9140501 -0.4036334 0.03990828 -0.9140497 -0.4036344 0.03990805 -0.9140506 -0.4036322 -0.03990828 -0.9140493 -0.4036352 -0.03990805 -0.9070937 -0.4036334 -0.119421 -0.9070934 -0.4036338 -0.1194213 -0.8932336 -0.4036334 -0.1980254 -0.8932335 -0.4036336 -0.1980248 -0.8725755 -0.4036334 -0.2751219 -0.8725749 -0.4036346 -0.2751221 -0.8452767 -0.4036331 -0.3501253 -0.8452771 -0.4036332 -0.3501242 -0.8115441 -0.4036331 -0.4224649 -0.8115448 -0.4036327 -0.4224637 -0.7716363 -0.4036341 -0.4915863 -0.7716373 -0.4036327 -0.4915859 -0.7258538 -0.4036342 -0.5569702 -0.7258563 -0.4036328 -0.556968 -0.6745505 -0.4036339 -0.6181112 -0.6745504 -0.4036338 -0.6181113 -0.6181105 -0.4036347 -0.6745505 -0.6181119 -0.4036334 -0.6745501 -0.556968 -0.4036342 -0.7258554 -0.556969 -0.4036338 -0.7258549 -0.4915857 -0.4036334 -0.771637 -0.4915867 -0.4036337 -0.7716361 -0.4224631 -0.4036332 -0.811545 -0.4224652 -0.4036341 -0.8115435 -0.3501229 -0.4036338 -0.8452773 -0.3501259 -0.4036332 -0.8452764 -0.275123 -0.403633 -0.8725754 -0.2751219 -0.4036337 -0.8725755 -0.1980239 -0.4036335 -0.8932338 -0.1980258 -0.4036335 -0.8932334 -0.1194205 -0.4036333 -0.9070937 -0.1194213 -0.4036341 -0.9070932 -0.03990787 -0.4036336 -0.9140501 -0.03990775 -0.4036337 -0.9140499 0.0399093 -0.4036331 -0.9140501 0.03990638 -0.4036342 -0.9140498 0.1194205 -0.4036337 -0.9070936 0.1194213 -0.4036338 -0.9070934 0.1980267 -0.4036332 -0.8932334 0.1980232 -0.403634 -0.8932338 0.275123 -0.4036333 -0.8725752 0.275122 -0.4036337 -0.8725755 0.3501254 -0.403634 -0.8452762 0.3501235 -0.4036332 -0.8452773 0.4224646 -0.4036328 -0.8115444 0.4224638 -0.4036344 -0.811544 0.4915857 -0.4036327 -0.7716374 0.4915865 -0.4036343 -0.771636 0.5569691 -0.4036332 -0.7258552 0.5569679 -0.4036352 -0.7258551 0.6181114 -0.4036343 -0.6745499 0.618111 -0.4036337 -0.6745508 0.6745504 -0.4036331 -0.6181118 0.6745505 -0.4036343 -0.6181109 0.7258549 -0.4036332 -0.5569694 0.7258554 -0.4036337 -0.5569685 0.7716369 -0.403633 -0.4915863 0.7716366 -0.4036341 -0.4915857 0.811544 -0.4036344 -0.4224641 0.811545 -0.4036324 -0.4224641 0.8452767 -0.4036335 -0.3501247 0.845277 -0.4036332 -0.3501245 0.8725748 -0.4036349 -0.2751221 0.8725757 -0.4036328 -0.2751221 0.8932336 -0.4036335 -0.1980251 0.8932339 -0.4036328 -0.1980248 0.9070936 -0.4036334 -0.119421 0.9070934 -0.4036337 -0.1194212 0.9140501 -0.4036334 -0.03990828 0.9140497 -0.4036344 -0.03990805 0.9140506 -0.4036322 0.03990828 0.9140493 -0.4036352 0.03990805 0.9371834 -0.3262881 0.1233828 0.9371833 -0.3262882 0.123383 0.9228629 -0.3262906 0.2045935 0.9228639 -0.3262879 0.2045933 0.9015203 -0.3262879 0.2842486 0.9015198 -0.3262904 0.2842479 0.8733153 -0.3262905 0.3617387 0.8733158 -0.3262886 0.3617392 0.8384639 -0.3262908 0.4364776 0.838465 -0.3262891 0.4364769 0.7972328 -0.3262893 0.5078929 0.7972324 -0.3262887 0.5078939 0.7499332 -0.3262902 0.5754432 0.7499324 -0.3262902 0.5754444 0.6969269 -0.3262891 0.6386144 0.6969262 -0.3262884 0.6386156 0.6386147 -0.3262893 0.6969265 0.6386168 -0.3262889 0.6969249 0.5754435 -0.3262884 0.7499338 0.5754433 -0.3262894 0.7499335 0.5078925 -0.3262888 0.7972332 0.5078942 -0.3262895 0.7972319 0.4364767 -0.3262892 0.8384649 0.4364778 -0.3262895 0.8384643 0.3617391 -0.3262894 0.8733156 0.3617379 -0.3262903 0.8733158 0.2842484 -0.3262894 0.90152 0.2842487 -0.3262892 0.90152 0.2045945 -0.3262889 0.9228633 0.2045924 -0.3262892 0.9228637 0.123383 -0.3262888 0.9371832 0.1233839 -0.3262889 0.937183 0.0412302 -0.3262889 0.9443705 0.04123264 -0.3262894 0.9443702 -0.04123294 -0.326289 0.9443703 -0.0412299 -0.3262892 0.9443705 -0.123383 -0.3262888 0.9371832 -0.1233839 -0.3262889 0.937183 -0.204592 -0.3262891 0.9228638 -0.204595 -0.3262892 0.9228631 -0.2842484 -0.3262891 0.90152 -0.2842487 -0.3262895 0.9015198 -0.3617379 -0.32629 0.8733159 -0.3617392 -0.3262897 0.8733155 -0.4364769 -0.3262887 0.838465 -0.4364777 -0.3262903 0.838464 -0.5078936 -0.3262893 0.7972324 -0.5078933 -0.3262891 0.7972326 -0.5754435 -0.3262894 0.7499334 -0.5754435 -0.3262888 0.7499337 -0.6386153 -0.3262903 0.6969256 -0.6386159 -0.3262889 0.6969257 -0.6969256 -0.3262885 0.6386162 -0.6969273 -0.3262894 0.6386139 -0.7499321 -0.3262895 0.575445 -0.7499336 -0.3262898 0.575443 -0.7972323 -0.3262897 0.5078936 -0.7972329 -0.326288 0.5078936 -0.8384643 -0.3262904 0.4364772 -0.8384644 -0.3262901 0.4364773 -0.8733151 -0.3262907 0.3617389 -0.8733162 -0.3262881 0.3617388 -0.9015197 -0.3262895 0.2842487 -0.9015202 -0.3262894 0.2842477 -0.9228629 -0.3262906 0.2045936 -0.922864 -0.3262878 0.2045933 -0.9371834 -0.3262882 0.1233828 -0.9371834 -0.3262886 0.1233826 -0.9443708 -0.3262881 0.04123163 -0.9443699 -0.3262905 0.0412321 -0.9443708 -0.3262881 -0.04123163 -0.9443701 -0.3262899 -0.04123228 -0.9371834 -0.3262881 -0.1233828 -0.9371833 -0.3262882 -0.123383 -0.9228629 -0.3262906 -0.2045935 -0.9228639 -0.3262879 -0.2045933 -0.9015203 -0.3262879 -0.2842486 -0.9015198 -0.3262904 -0.2842479 -0.8733153 -0.3262905 -0.3617387 -0.8733158 -0.3262886 -0.3617392 -0.8384639 -0.3262908 -0.4364776 -0.838465 -0.3262891 -0.4364769 -0.7972328 -0.3262893 -0.5078929 -0.7972324 -0.3262887 -0.5078939 -0.7499332 -0.3262902 -0.5754432 -0.7499324 -0.3262902 -0.5754444 -0.6969269 -0.3262891 -0.6386144 -0.6969262 -0.3262884 -0.6386156 -0.6386147 -0.3262893 -0.6969265 -0.6386168 -0.3262889 -0.6969249 -0.5754435 -0.3262884 -0.7499338 -0.5754433 -0.3262894 -0.7499335 -0.5078925 -0.3262888 -0.7972332 -0.5078942 -0.3262895 -0.7972319 -0.4364767 -0.3262892 -0.8384649 -0.4364778 -0.3262895 -0.8384643 -0.3617391 -0.3262894 -0.8733156 -0.3617379 -0.3262903 -0.8733158 -0.2842484 -0.3262894 -0.90152 -0.2842487 -0.3262892 -0.90152 -0.2045945 -0.3262889 -0.9228633 -0.2045924 -0.3262892 -0.9228637 -0.123383 -0.3262888 -0.9371832 -0.1233839 -0.3262889 -0.937183 -0.0412302 -0.3262889 -0.9443705 -0.04123264 -0.3262894 -0.9443702 0.04123294 -0.326289 -0.9443703 0.0412299 -0.3262892 -0.9443705 0.123383 -0.3262888 -0.9371832 0.1233839 -0.3262889 -0.937183 0.204592 -0.3262891 -0.9228638 0.204595 -0.3262892 -0.9228631 0.2842484 -0.3262891 -0.90152 0.2842487 -0.3262895 -0.9015198 0.3617379 -0.32629 -0.8733159 0.3617392 -0.3262897 -0.8733155 0.4364769 -0.3262887 -0.838465 0.4364777 -0.3262903 -0.838464 0.5078936 -0.3262893 -0.7972324 0.5078933 -0.3262891 -0.7972326 0.5754435 -0.3262894 -0.7499334 0.5754435 -0.3262888 -0.7499337 0.6386153 -0.3262903 -0.6969256 0.6386159 -0.3262889 -0.6969257 0.6969256 -0.3262885 -0.6386162 0.6969273 -0.3262894 -0.6386139 0.7499321 -0.3262895 -0.575445 0.7499336 -0.3262898 -0.575443 0.7972323 -0.3262897 -0.5078936 0.7972329 -0.326288 -0.5078936 0.8384643 -0.3262904 -0.4364772 0.8384644 -0.3262901 -0.4364773 0.8733151 -0.3262907 -0.3617389 0.8733162 -0.3262881 -0.3617388 0.9015197 -0.3262895 -0.2842487 0.9015202 -0.3262894 -0.2842477 0.9228629 -0.3262906 -0.2045936 0.922864 -0.3262878 -0.2045933 0.9371834 -0.3262882 -0.1233828 0.9371834 -0.3262886 -0.1233826 0.9443708 -0.3262881 -0.04123163 0.9443699 -0.3262905 -0.0412321 0.9443708 -0.3262881 0.04123163 0.9443701 -0.3262899 0.04123228 0.9608005 -0.2467026 0.1264919 0.960801 -0.2467012 0.1264917 0.9461203 -0.2467014 0.2097495 0.9461206 -0.2466998 0.2097504 0.9242393 -0.2467014 0.2914111 0.9242398 -0.2466988 0.291411 0.8953238 -0.2467015 0.3708555 0.8953241 -0.2466996 0.3708559 0.8595954 -0.2466987 0.4474768 0.8595947 -0.2467015 0.4474766 0.8173227 -0.2467029 0.5206934 0.8173242 -0.2467005 0.520692 0.7688325 -0.2467002 0.5899456 0.7688323 -0.2467005 0.5899456 0.7144894 -0.2467013 0.6547087 0.714489 -0.2467014 0.6547091 0.6547094 -0.2467014 0.7144887 0.6547085 -0.246701 0.7144897 0.5899453 -0.2467014 0.7688322 0.5899456 -0.2467012 0.7688322 0.5206925 -0.2467012 0.8173236 0.520693 -0.2467003 0.8173236 0.4474771 -0.2467002 0.8595948 0.4474761 -0.2467005 0.8595952 0.3708575 -0.2466999 0.8953234 0.370855 -0.2467007 0.8953242 0.2914111 -0.2467007 0.9242393 0.2914112 -0.2467006 0.9242393 0.209748 -0.2467005 0.9461209 0.2097508 -0.2467012 0.9461201 0.1264932 -0.2467013 0.9608007 0.1264901 -0.2467008 0.9608012 0.04227358 -0.2467009 0.9681692 0.04227107 -0.2467009 0.9681693 -0.04227352 -0.2467008 0.9681692 -0.04227113 -0.2467009 0.9681693 -0.1264905 -0.246701 0.9608012 -0.1264927 -0.2467011 0.9608008 -0.209748 -0.2467014 0.9461207 -0.2097508 -0.2467002 0.9461202 -0.2914112 -0.2467004 0.9242394 -0.2914111 -0.246701 0.9242393 -0.3708553 -0.2467 0.8953242 -0.3708572 -0.2467004 0.8953233 -0.4474758 -0.2467008 0.8595953 -0.4474773 -0.2467002 0.8595948 -0.5206925 -0.2467002 0.8173239 -0.520693 -0.2467011 0.8173234 -0.5899443 -0.2467015 0.7688329 -0.5899465 -0.2467005 0.7688316 -0.6547085 -0.2467015 0.7144895 -0.6547091 -0.2467014 0.714489 -0.7144894 -0.2467013 0.6547087 -0.7144889 -0.2467012 0.6547092 -0.7688332 -0.2466986 0.5899453 -0.7688317 -0.2467013 0.589946 -0.8173233 -0.2467013 0.520693 -0.8173237 -0.2467013 0.5206924 -0.8595951 -0.2467 0.4474768 -0.859595 -0.2467006 0.4474766 -0.8953238 -0.2467015 0.3708556 -0.8953244 -0.246699 0.3708559 -0.9242393 -0.2467012 0.291411 -0.9242396 -0.2466995 0.2914112 -0.9461206 -0.2467001 0.2097494 -0.9461203 -0.2467005 0.2097503 -0.9608005 -0.2467026 0.1264921 -0.9608014 -0.2466996 0.1264918 -0.9681696 -0.2467001 0.04227107 -0.9681695 -0.2467002 0.04227131 -0.9681696 -0.2467001 -0.04227101 -0.9681694 -0.2467008 -0.04227131 -0.9608005 -0.2467026 -0.1264919 -0.960801 -0.2467012 -0.1264917 -0.9461203 -0.2467014 -0.2097495 -0.9461206 -0.2466998 -0.2097504 -0.9242393 -0.2467014 -0.2914111 -0.9242398 -0.2466988 -0.291411 -0.8953238 -0.2467015 -0.3708555 -0.8953241 -0.2466996 -0.3708559 -0.8595954 -0.2466987 -0.4474768 -0.8595947 -0.2467015 -0.4474766 -0.8173227 -0.2467029 -0.5206934 -0.8173242 -0.2467005 -0.520692 -0.7688325 -0.2467002 -0.5899456 -0.7688323 -0.2467005 -0.5899456 -0.7144894 -0.2467013 -0.6547087 -0.714489 -0.2467014 -0.6547091 -0.6547094 -0.2467014 -0.7144887 -0.6547085 -0.246701 -0.7144897 -0.5899453 -0.2467014 -0.7688322 -0.5899456 -0.2467012 -0.7688322 -0.5206925 -0.2467012 -0.8173236 -0.520693 -0.2467003 -0.8173236 -0.4474771 -0.2467002 -0.8595948 -0.4474761 -0.2467005 -0.8595952 -0.3708575 -0.2466999 -0.8953234 -0.370855 -0.2467007 -0.8953242 -0.2914111 -0.2467007 -0.9242393 -0.2914112 -0.2467006 -0.9242393 -0.209748 -0.2467005 -0.9461209 -0.2097508 -0.2467012 -0.9461201 -0.1264932 -0.2467013 -0.9608007 -0.1264901 -0.2467008 -0.9608012 -0.04227358 -0.2467009 -0.9681692 -0.04227107 -0.2467009 -0.9681693 0.04227352 -0.2467008 -0.9681692 0.04227113 -0.2467009 -0.9681693 0.1264905 -0.246701 -0.9608012 0.1264927 -0.2467011 -0.9608008 0.209748 -0.2467014 -0.9461207 0.2097508 -0.2467002 -0.9461202 0.2914112 -0.2467004 -0.9242394 0.2914111 -0.246701 -0.9242393 0.3708553 -0.2467 -0.8953242 0.3708572 -0.2467004 -0.8953233 0.4474758 -0.2467008 -0.8595953 0.4474773 -0.2467002 -0.8595948 0.5206925 -0.2467002 -0.8173239 0.520693 -0.2467011 -0.8173234 0.5899443 -0.2467015 -0.7688329 0.5899465 -0.2467005 -0.7688316 0.6547085 -0.2467015 -0.7144895 0.6547091 -0.2467014 -0.714489 0.7144894 -0.2467013 -0.6547087 0.7144889 -0.2467012 -0.6547092 0.7688332 -0.2466986 -0.5899453 0.7688317 -0.2467013 -0.589946 0.8173233 -0.2467013 -0.520693 0.8173237 -0.2467013 -0.5206924 0.8595951 -0.2467 -0.4474768 0.859595 -0.2467006 -0.4474766 0.8953238 -0.2467015 -0.3708556 0.8953244 -0.246699 -0.3708559 0.9242393 -0.2467012 -0.291411 0.9242396 -0.2466995 -0.2914112 0.9461206 -0.2467001 -0.2097494 0.9461203 -0.2467005 -0.2097503 0.9608005 -0.2467026 -0.1264921 0.9608014 -0.2466996 -0.1264918 0.9681696 -0.2467001 -0.04227107 0.9681695 -0.2467002 -0.04227131 0.9681696 -0.2467001 0.04227101 0.9681694 -0.2467008 0.04227131 0.9777867 -0.1654155 0.1287279 0.9777868 -0.1654154 0.1287277 0.9628465 -0.1654155 0.2134584 0.9628466 -0.1654155 0.2134578 0.9405787 -0.1654155 0.2965629 0.9405786 -0.1654151 0.2965632 0.9111519 -0.1654168 0.3774117 0.9111523 -0.1654161 0.3774112 0.8747913 -0.1654154 0.4553878 0.8747913 -0.165415 0.4553878 0.8317731 -0.1654155 0.5298976 0.8317729 -0.1654155 0.5298978 0.7824247 -0.1654153 0.6003745 0.7824239 -0.1654169 0.6003751 0.7271205 -0.1654148 0.6662835 0.7271208 -0.1654155 0.6662831 0.6662833 -0.1654154 0.7271206 0.666283 -0.1654157 0.7271208 0.6003749 -0.1654148 0.7824245 0.6003754 -0.1654158 0.7824239 0.5298973 -0.1654149 0.8317734 0.5298972 -0.1654162 0.8317732 0.4553876 -0.1654161 0.8747913 0.4553886 -0.1654157 0.8747908 0.3774112 -0.1654157 0.9111523 0.3774112 -0.1654152 0.9111524 0.2965645 -0.1654148 0.9405783 0.2965623 -0.1654155 0.9405788 0.2134586 -0.1654155 0.9628464 0.2134578 -0.1654152 0.9628467 0.128728 -0.1654151 0.9777868 0.1287288 -0.165415 0.9777867 0.04301798 -0.165415 0.9852854 0.04301673 -0.165415 0.9852855 -0.04301798 -0.165415 0.9852854 -0.04301673 -0.165415 0.9852855 -0.1287307 -0.1654149 0.9777865 -0.1287262 -0.1654152 0.9777871 -0.2134587 -0.1654149 0.9628465 -0.2134578 -0.1654156 0.9628465 -0.2965633 -0.1654152 0.9405786 -0.2965636 -0.1654151 0.9405786 -0.3774114 -0.1654152 0.9111524 -0.3774112 -0.1654158 0.9111524 -0.4553875 -0.1654161 0.8747913 -0.4553887 -0.1654155 0.8747908 -0.5298971 -0.1654155 0.8317733 -0.5298973 -0.1654158 0.8317731 -0.6003749 -0.1654154 0.7824242 -0.6003755 -0.1654153 0.7824239 -0.6662833 -0.1654154 0.7271206 -0.666283 -0.165416 0.7271208 -0.7271204 -0.1654155 0.6662836 -0.7271209 -0.1654147 0.6662831 -0.782424 -0.1654168 0.6003749 -0.7824245 -0.165416 0.6003746 -0.8317729 -0.1654155 0.5298978 -0.8317729 -0.1654153 0.5298978 -0.8747915 -0.165414 0.4553877 -0.8747913 -0.1654156 0.4553878 -0.911152 -0.1654155 0.3774119 -0.9111522 -0.1654164 0.3774112 -0.9405782 -0.1654181 0.2965628 -0.9405789 -0.1654134 0.2965633 -0.9628461 -0.165418 0.2134581 -0.9628469 -0.1654136 0.2134581 -0.9777868 -0.1654155 0.1287279 -0.9777868 -0.1654152 0.1287278 -0.9852854 -0.1654155 0.04301857 -0.9852853 -0.1654158 0.04301851 -0.9852853 -0.1654155 -0.04301851 -0.9852852 -0.1654163 -0.04301857 -0.9777867 -0.1654155 -0.1287279 -0.9777868 -0.1654154 -0.1287277 -0.9628465 -0.1654155 -0.2134584 -0.9628466 -0.1654155 -0.2134578 -0.9405787 -0.1654155 -0.2965629 -0.9405786 -0.1654151 -0.2965632 -0.9111519 -0.1654168 -0.3774117 -0.9111523 -0.1654161 -0.3774112 -0.8747913 -0.1654154 -0.4553878 -0.8747913 -0.165415 -0.4553878 -0.8317731 -0.1654155 -0.5298976 -0.8317729 -0.1654155 -0.5298978 -0.7824247 -0.1654153 -0.6003745 -0.7824239 -0.1654169 -0.6003751 -0.7271205 -0.1654148 -0.6662835 -0.7271208 -0.1654155 -0.6662831 -0.6662833 -0.1654154 -0.7271206 -0.666283 -0.1654157 -0.7271208 -0.6003749 -0.1654148 -0.7824245 -0.6003754 -0.1654158 -0.7824239 -0.5298973 -0.1654149 -0.8317734 -0.5298972 -0.1654162 -0.8317732 -0.4553876 -0.1654161 -0.8747913 -0.4553886 -0.1654157 -0.8747908 -0.3774112 -0.1654157 -0.9111523 -0.3774112 -0.1654152 -0.9111524 -0.2965645 -0.1654148 -0.9405783 -0.2965623 -0.1654155 -0.9405788 -0.2134586 -0.1654155 -0.9628464 -0.2134578 -0.1654152 -0.9628467 -0.128728 -0.1654151 -0.9777868 -0.1287288 -0.165415 -0.9777867 -0.04301798 -0.165415 -0.9852854 -0.04301673 -0.165415 -0.9852855 0.04301798 -0.165415 -0.9852854 0.04301673 -0.165415 -0.9852855 0.1287307 -0.1654149 -0.9777865 0.1287262 -0.1654152 -0.9777871 0.2134587 -0.1654149 -0.9628465 0.2134578 -0.1654156 -0.9628465 0.2965633 -0.1654152 -0.9405786 0.2965636 -0.1654151 -0.9405786 0.3774114 -0.1654152 -0.9111524 0.3774112 -0.1654158 -0.9111524 0.4553875 -0.1654161 -0.8747913 0.4553887 -0.1654155 -0.8747908 0.5298971 -0.1654155 -0.8317733 0.5298973 -0.1654158 -0.8317731 0.6003749 -0.1654154 -0.7824242 0.6003755 -0.1654153 -0.7824239 0.6662833 -0.1654154 -0.7271206 0.666283 -0.165416 -0.7271208 0.7271204 -0.1654155 -0.6662836 0.7271209 -0.1654147 -0.6662831 0.782424 -0.1654168 -0.6003749 0.7824245 -0.165416 -0.6003746 0.8317729 -0.1654155 -0.5298978 0.8317729 -0.1654153 -0.5298978 0.8747915 -0.165414 -0.4553877 0.8747913 -0.1654156 -0.4553878 0.911152 -0.1654155 -0.3774119 0.9111522 -0.1654164 -0.3774112 0.9405782 -0.1654181 -0.2965628 0.9405789 -0.1654134 -0.2965633 0.9628461 -0.165418 -0.2134581 0.9628469 -0.1654136 -0.2134581 0.9777868 -0.1654155 -0.1287279 0.9777868 -0.1654152 -0.1287278 0.9852854 -0.1654155 -0.04301857 0.9852853 -0.1654158 -0.04301851 0.9852853 -0.1654155 0.04301851 0.9852852 -0.1654163 0.04301857 0.9880247 -0.08299088 0.1300756 0.9880245 -0.0829935 0.1300759 0.9729279 -0.0829935 0.2156929 0.9729278 -0.08299434 0.2156934 0.9504269 -0.08299338 0.2996679 0.9504269 -0.08299237 0.2996681 0.9206925 -0.08299094 0.3813632 0.920692 -0.08299386 0.3813636 0.8839508 -0.08299225 0.4601558 0.883951 -0.08299374 0.4601551 0.8404819 -0.08299213 0.5354462 0.8404818 -0.08299344 0.535446 0.7906167 -0.0829935 0.606661 0.7906163 -0.08299231 0.6066616 0.7347341 -0.08299213 0.6732593 0.7347332 -0.08299446 0.67326 0.6732609 -0.08299273 0.7347326 0.6732587 -0.08299255 0.7347347 0.6066617 -0.08299285 0.7906162 0.6066607 -0.08299303 0.7906168 0.5354457 -0.08299344 0.840482 0.535446 -0.08299338 0.8404819 0.4601562 -0.08299314 0.8839505 0.4601539 -0.08299183 0.8839519 0.3813642 -0.08299231 0.9206919 0.3813633 -0.08299309 0.9206922 0.2996674 -0.08299303 0.9504271 0.2996708 -0.08299279 0.9504261 0.2156911 -0.08299273 0.9729284 0.2156916 -0.08299309 0.9729282 0.130078 -0.08299303 0.9880243 0.1300739 -0.08299338 0.9880248 0.04347175 -0.08299332 0.9956015 0.04346698 -0.0829935 0.9956017 -0.0434665 -0.0829935 0.9956018 -0.04347217 -0.08299338 0.9956015 -0.1300755 -0.08299344 0.9880246 -0.1300764 -0.08299303 0.9880245 -0.215691 -0.08299309 0.9729283 -0.2156916 -0.08299273 0.9729282 -0.2996699 -0.08299279 0.9504264 -0.2996684 -0.08299303 0.9504268 -0.3813632 -0.0829932 0.9206924 -0.3813645 -0.08299237 0.9206918 -0.4601553 -0.08299225 0.8839511 -0.4601548 -0.08299273 0.8839513 -0.5354458 -0.08299279 0.8404821 -0.535446 -0.0829941 0.8404819 -0.6066609 -0.08299291 0.7906168 -0.6066616 -0.08299267 0.7906162 -0.6732603 -0.08299213 0.7347332 -0.6732594 -0.08299273 0.734734 -0.7347334 -0.0829935 0.6732599 -0.7347338 -0.0829935 0.6732594 -0.7906161 -0.08299362 0.6066616 -0.7906168 -0.08299219 0.6066609 -0.8404815 -0.08299225 0.5354468 -0.8404822 -0.08299326 0.5354454 -0.8839504 -0.08299487 0.460156 -0.8839513 -0.08299189 0.460155 -0.9206926 -0.08299088 0.381363 -0.9206919 -0.08299481 0.3813638 -0.9504271 -0.08299082 0.2996683 -0.9504268 -0.08299404 0.2996678 -0.9729279 -0.08299356 0.2156931 -0.9729278 -0.08299493 0.2156933 -0.9880247 -0.08299094 0.1300757 -0.9880244 -0.08299398 0.1300759 -0.9956017 -0.0829935 0.04346895 -0.9956016 -0.08299291 0.04346907 -0.9956017 -0.0829935 -0.04346895 -0.9956017 -0.08299177 -0.04346907 -0.9880247 -0.08299088 -0.1300756 -0.9880245 -0.0829935 -0.1300759 -0.9729279 -0.0829935 -0.2156929 -0.9729278 -0.08299434 -0.2156934 -0.9504269 -0.08299338 -0.2996679 -0.9504269 -0.08299237 -0.2996681 -0.9206925 -0.08299094 -0.3813632 -0.920692 -0.08299386 -0.3813636 -0.8839508 -0.08299225 -0.4601558 -0.883951 -0.08299374 -0.4601551 -0.8404819 -0.08299213 -0.5354462 -0.8404818 -0.08299344 -0.535446 -0.7906167 -0.0829935 -0.606661 -0.7906163 -0.08299231 -0.6066616 -0.7347341 -0.08299213 -0.6732593 -0.7347332 -0.08299446 -0.67326 -0.6732609 -0.08299273 -0.7347326 -0.6732587 -0.08299255 -0.7347347 -0.6066617 -0.08299285 -0.7906162 -0.6066607 -0.08299303 -0.7906168 -0.5354457 -0.08299344 -0.840482 -0.535446 -0.08299338 -0.8404819 -0.4601562 -0.08299314 -0.8839505 -0.4601539 -0.08299183 -0.8839519 -0.3813642 -0.08299231 -0.9206919 -0.3813633 -0.08299309 -0.9206922 -0.2996674 -0.08299303 -0.9504271 -0.2996708 -0.08299279 -0.9504261 -0.2156911 -0.08299273 -0.9729284 -0.2156916 -0.08299309 -0.9729282 -0.130078 -0.08299303 -0.9880243 -0.1300739 -0.08299338 -0.9880248 -0.04347175 -0.08299332 -0.9956015 -0.04346698 -0.0829935 -0.9956017 0.0434665 -0.0829935 -0.9956018 0.04347217 -0.08299338 -0.9956015 0.1300755 -0.08299344 -0.9880246 0.1300764 -0.08299303 -0.9880245 0.215691 -0.08299309 -0.9729283 0.2156916 -0.08299273 -0.9729282 0.2996699 -0.08299279 -0.9504264 0.2996684 -0.08299303 -0.9504268 0.3813632 -0.0829932 -0.9206924 0.3813645 -0.08299237 -0.9206918 0.4601553 -0.08299225 -0.8839511 0.4601548 -0.08299273 -0.8839513 0.5354458 -0.08299279 -0.8404821 0.535446 -0.0829941 -0.8404819 0.6066609 -0.08299291 -0.7906168 0.6066616 -0.08299267 -0.7906162 0.6732603 -0.08299213 -0.7347332 0.6732594 -0.08299273 -0.734734 0.7347334 -0.0829935 -0.6732599 0.7347338 -0.0829935 -0.6732594 0.7906161 -0.08299362 -0.6066616 0.7906168 -0.08299219 -0.6066609 0.8404815 -0.08299225 -0.5354468 0.8404822 -0.08299326 -0.5354454 0.8839504 -0.08299487 -0.460156 0.8839513 -0.08299189 -0.460155 0.9206926 -0.08299088 -0.381363 0.9206919 -0.08299481 -0.3813638 0.9504271 -0.08299082 -0.2996683 0.9504268 -0.08299404 -0.2996678 0.9729279 -0.08299356 -0.2156931 0.9729278 -0.08299493 -0.2156933 0.9880247 -0.08299094 -0.1300757 0.9880244 -0.08299398 -0.1300759 0.9956017 -0.0829935 -0.04346895 0.9956016 -0.08299291 -0.04346907 0.9956017 -0.0829935 0.04346895 0.9956017 -0.08299177 0.04346907 0.9914449 0 0.1305263 0.976296 0 0.21644 0.9762959 0 0.2164401 0.9537171 0 0.3007054 0.9537171 0 0.3007052 0.9238794 0 0.3826839 0.8870111 0 0.4617483 0.8870112 0 0.461748 0.8433918 0 0.537299 0.8433912 0 0.5373002 0.7933533 0 0.6087615 0.7933529 0 0.6087621 0.7372776 0 0.6755899 0.7372782 0 0.6755893 0.6755903 0 0.7372773 0.6755889 0 0.7372786 0.6087625 0 0.7933527 0.6087617 0 0.7933533 0.5372993 0 0.8433917 0.4617481 0 0.8870112 0.3826848 0 0.923879 0.3826837 0 0.9238795 0.3007054 0 0.9537172 0.216441 0 0.9762958 0.2164386 0 0.9762963 0.1305257 0 0.991445 0.04362106 0 0.9990482 0.04361844 0 0.9990483 -0.04361844 0 0.9990483 -0.04362106 0 0.9990482 -0.1305257 0 0.991445 -0.2164386 0 0.9762963 -0.216441 0 0.9762958 -0.3007054 0 0.9537172 -0.3826837 0 0.9238795 -0.3826848 0 0.923879 -0.4617481 0 0.8870112 -0.5372993 0 0.8433917 -0.6087617 0 0.7933533 -0.6087625 0 0.7933527 -0.6755889 0 0.7372786 -0.6755903 0 0.7372773 -0.7372782 0 0.6755893 -0.7372776 0 0.6755899 -0.7933529 0 0.6087621 -0.7933533 0 0.6087615 -0.8433912 0 0.5373002 -0.8433918 0 0.537299 -0.8870112 0 0.461748 -0.8870111 0 0.4617483 -0.9238794 0 0.3826839 -0.9537171 0 0.3007052 -0.9537171 0 0.3007054 -0.9762959 0 0.2164401 -0.976296 0 0.21644 -0.9914449 0 0.1305263 -0.9990483 0 0.04361957 -0.9990483 0 -0.04361957 -0.9914449 0 -0.1305263 -0.976296 0 -0.21644 -0.9762959 0 -0.2164401 -0.9537171 0 -0.3007054 -0.9537171 0 -0.3007052 -0.9238794 0 -0.3826839 -0.8870111 0 -0.4617483 -0.8870112 0 -0.461748 -0.8433918 0 -0.537299 -0.8433912 0 -0.5373002 -0.7933533 0 -0.6087615 -0.7933529 0 -0.6087621 -0.7372776 0 -0.6755899 -0.7372782 0 -0.6755893 -0.6755903 0 -0.7372773 -0.6755889 0 -0.7372786 -0.6087625 0 -0.7933527 -0.6087617 0 -0.7933533 -0.5372993 0 -0.8433917 -0.4617481 0 -0.8870112 -0.3826848 0 -0.923879 -0.3826837 0 -0.9238795 -0.3007054 0 -0.9537172 -0.216441 0 -0.9762958 -0.2164386 0 -0.9762963 -0.1305257 0 -0.991445 -0.04362106 0 -0.9990482 -0.04361844 0 -0.9990483 0.04361844 0 -0.9990483 0.04362106 0 -0.9990482 0.1305257 0 -0.991445 0.2164386 0 -0.9762963 0.216441 0 -0.9762958 0.3007054 0 -0.9537172 0.3826837 0 -0.9238795 0.3826848 0 -0.923879 0.4617481 0 -0.8870112 0.5372993 0 -0.8433917 0.6087617 0 -0.7933533 0.6087625 0 -0.7933527 0.6755889 0 -0.7372786 0.6755903 0 -0.7372773 0.7372782 0 -0.6755893 0.7372776 0 -0.6755899 0.7933529 0 -0.6087621 0.7933533 0 -0.6087615 0.8433912 0 -0.5373002 0.8433918 0 -0.537299 0.8870112 0 -0.461748 0.8870111 0 -0.4617483 0.9238794 0 -0.3826839 0.9537171 0 -0.3007052 0.9537171 0 -0.3007054 0.9762959 0 -0.2164401 0.976296 0 -0.21644 0.9914449 0 -0.1305263 0.9990483 0 -0.04361957 0.9990483 0 0.04361957 0.9880246 0.08299291 0.1300759 0.9880247 0.08299148 0.1300757 0.9729276 0.08299547 0.2156933 0.972928 0.08299237 0.2156931 0.9504269 0.08299291 0.2996678 0.950427 0.0829916 0.2996682 0.920692 0.08299422 0.3813639 0.9206926 0.08299052 0.381363 0.8839513 0.08299154 0.460155 0.8839505 0.0829944 0.460156 0.8404823 0.08299279 0.5354455 0.8404815 0.08299279 0.5354468 0.7906168 0.08299279 0.6066609 0.7906162 0.08299303 0.6066616 0.7347339 0.08299291 0.6732595 0.7347334 0.08299368 0.6732599 0.6732594 0.08299285 0.7347339 0.6732603 0.08299237 0.7347333 0.6066616 0.08299291 0.7906163 0.6066609 0.08299297 0.7906168 0.535446 0.08299416 0.8404819 0.5354458 0.08299267 0.8404821 0.4601548 0.08299291 0.8839513 0.4601553 0.08299207 0.8839511 0.3813645 0.08299255 0.9206919 0.3813632 0.08299309 0.9206924 0.2996684 0.08299291 0.9504268 0.2996699 0.08299279 0.9504264 0.2156916 0.08299273 0.9729282 0.215691 0.08299309 0.9729284 0.1300764 0.08299303 0.9880245 0.1300754 0.08299344 0.9880246 0.04347217 0.08299338 0.9956015 0.0434665 0.0829935 0.9956018 -0.04346698 0.0829935 0.9956017 -0.04347175 0.08299338 0.9956015 -0.1300739 0.08299344 0.9880248 -0.130078 0.08299303 0.9880242 -0.2156916 0.08299309 0.9729282 -0.2156911 0.08299273 0.9729284 -0.2996708 0.08299285 0.9504261 -0.2996674 0.08299297 0.9504271 -0.3813633 0.0829932 0.9206922 -0.3813643 0.08299231 0.9206919 -0.4601539 0.08299195 0.8839519 -0.4601562 0.08299303 0.8839505 -0.535446 0.0829935 0.8404819 -0.5354458 0.08299338 0.840482 -0.6066607 0.08299297 0.7906168 -0.6066617 0.08299261 0.7906162 -0.6732587 0.08299231 0.7347347 -0.6732609 0.08299255 0.7347326 -0.7347332 0.08299434 0.6732601 -0.7347341 0.08299273 0.6732593 -0.7906163 0.08299285 0.6066616 -0.7906166 0.08299297 0.6066609 -0.8404819 0.08299291 0.5354461 -0.8404819 0.08299261 0.5354462 -0.883951 0.08299422 0.4601551 -0.8839508 0.08299255 0.4601557 -0.920692 0.08299416 0.3813636 -0.9206925 0.08299148 0.3813632 -0.9504269 0.08299291 0.2996681 -0.9504269 0.08299326 0.2996679 -0.9729277 0.08299553 0.2156934 -0.972928 0.08299297 0.215693 -0.9880246 0.08299291 0.1300759 -0.9880247 0.08299201 0.1300756 -0.9956017 0.08299291 0.04346907 -0.9956017 0.0829935 0.04346895 -0.9956016 0.08299291 -0.04346907 -0.9956017 0.08299237 -0.04346895 -0.9880246 0.08299291 -0.1300759 -0.9880247 0.08299148 -0.1300757 -0.9729276 0.08299547 -0.2156933 -0.972928 0.08299237 -0.2156931 -0.9504269 0.08299291 -0.2996678 -0.950427 0.0829916 -0.2996682 -0.920692 0.08299422 -0.3813639 -0.9206926 0.08299052 -0.381363 -0.8839513 0.08299154 -0.460155 -0.8839505 0.0829944 -0.460156 -0.8404823 0.08299279 -0.5354455 -0.8404815 0.08299279 -0.5354468 -0.7906168 0.08299279 -0.6066609 -0.7906162 0.08299303 -0.6066616 -0.7347339 0.08299291 -0.6732595 -0.7347334 0.08299368 -0.6732599 -0.6732594 0.08299285 -0.7347339 -0.6732603 0.08299237 -0.7347333 -0.6066616 0.08299291 -0.7906163 -0.6066609 0.08299297 -0.7906168 -0.535446 0.08299416 -0.8404819 -0.5354458 0.08299267 -0.8404821 -0.4601548 0.08299291 -0.8839513 -0.4601553 0.08299207 -0.8839511 -0.3813645 0.08299255 -0.9206919 -0.3813632 0.08299309 -0.9206924 -0.2996684 0.08299291 -0.9504268 -0.2996699 0.08299279 -0.9504264 -0.2156916 0.08299273 -0.9729282 -0.215691 0.08299309 -0.9729284 -0.1300764 0.08299303 -0.9880245 -0.1300754 0.08299344 -0.9880246 -0.04347217 0.08299338 -0.9956015 -0.0434665 0.0829935 -0.9956018 0.04346698 0.0829935 -0.9956017 0.04347175 0.08299338 -0.9956015 0.1300739 0.08299344 -0.9880248 0.130078 0.08299303 -0.9880242 0.2156916 0.08299309 -0.9729282 0.2156911 0.08299273 -0.9729284 0.2996708 0.08299285 -0.9504261 0.2996674 0.08299297 -0.9504271 0.3813633 0.0829932 -0.9206922 0.3813643 0.08299231 -0.9206919 0.4601539 0.08299195 -0.8839519 0.4601562 0.08299303 -0.8839505 0.535446 0.0829935 -0.8404819 0.5354458 0.08299338 -0.840482 0.6066607 0.08299297 -0.7906168 0.6066617 0.08299261 -0.7906162 0.6732587 0.08299231 -0.7347347 0.6732609 0.08299255 -0.7347326 0.7347332 0.08299434 -0.6732601 0.7347341 0.08299273 -0.6732593 0.7906163 0.08299285 -0.6066616 0.7906166 0.08299297 -0.6066609 0.8404819 0.08299291 -0.5354461 0.8404819 0.08299261 -0.5354462 0.883951 0.08299422 -0.4601551 0.8839508 0.08299255 -0.4601557 0.920692 0.08299416 -0.3813636 0.9206925 0.08299148 -0.3813632 0.9504269 0.08299291 -0.2996681 0.9504269 0.08299326 -0.2996679 0.9729277 0.08299553 -0.2156934 0.972928 0.08299297 -0.215693 0.9880246 0.08299291 -0.1300759 0.9880247 0.08299201 -0.1300756 0.9956017 0.08299291 -0.04346907 0.9956017 0.0829935 -0.04346895 0.9956016 0.08299291 0.04346907 0.9956017 0.08299237 0.04346895 0.9777867 0.1654158 0.1287278 0.9777868 0.1654151 0.1287279 0.9628469 0.1654132 0.2134581 0.9628462 0.1654177 0.2134582 0.940579 0.1654132 0.2965633 0.9405784 0.1654174 0.2965629 0.9111521 0.165417 0.3774111 0.911152 0.1654158 0.3774118 0.8747912 0.165416 0.4553877 0.8747915 0.1654143 0.4553877 0.8317729 0.1654157 0.5298978 0.831773 0.1654154 0.5298978 0.7824245 0.1654158 0.6003745 0.782424 0.1654165 0.6003749 0.7271209 0.1654144 0.6662831 0.7271204 0.165416 0.6662834 0.666283 0.1654158 0.7271208 0.6662833 0.1654152 0.7271207 0.6003755 0.1654151 0.7824239 0.6003749 0.1654154 0.7824242 0.5298973 0.1654158 0.8317731 0.5298972 0.1654154 0.8317732 0.4553887 0.1654157 0.8747908 0.4553875 0.1654161 0.8747913 0.3774112 0.1654158 0.9111524 0.3774113 0.1654151 0.9111524 0.2965636 0.1654151 0.9405786 0.2965633 0.1654152 0.9405786 0.2134578 0.1654156 0.9628465 0.2134586 0.165415 0.9628465 0.1287262 0.1654152 0.9777871 0.1287307 0.1654149 0.9777865 0.04301673 0.165415 0.9852855 0.04301798 0.165415 0.9852854 -0.04301673 0.165415 0.9852855 -0.04301798 0.165415 0.9852854 -0.1287288 0.165415 0.9777867 -0.128728 0.1654151 0.9777868 -0.2134578 0.1654152 0.9628467 -0.2134587 0.1654155 0.9628464 -0.2965624 0.1654155 0.9405788 -0.2965645 0.1654148 0.9405783 -0.3774113 0.1654154 0.9111524 -0.3774112 0.1654157 0.9111523 -0.4553886 0.1654157 0.8747908 -0.4553875 0.165416 0.8747913 -0.5298971 0.1654163 0.8317731 -0.5298973 0.1654149 0.8317734 -0.6003754 0.1654158 0.7824239 -0.6003749 0.1654149 0.7824243 -0.666283 0.1654158 0.7271208 -0.6662832 0.1654155 0.7271206 -0.7271208 0.1654151 0.6662832 -0.7271206 0.1654152 0.6662834 -0.7824238 0.1654172 0.6003751 -0.7824246 0.1654155 0.6003744 -0.8317729 0.1654157 0.5298978 -0.8317731 0.1654152 0.5298978 -0.8747913 0.1654146 0.4553879 -0.8747913 0.165415 0.4553877 -0.9111523 0.1654157 0.3774112 -0.911152 0.1654162 0.3774119 -0.9405788 0.1654145 0.2965633 -0.9405786 0.1654158 0.2965629 -0.9628465 0.1654157 0.2134579 -0.9628463 0.1654159 0.2134584 -0.9777867 0.1654158 0.1287278 -0.9777868 0.1654149 0.128728 -0.9852853 0.1654158 0.04301851 -0.9852853 0.1654155 0.04301851 -0.9852853 0.1654158 -0.04301851 -0.9852852 0.165416 -0.04301857 -0.9777867 0.1654158 -0.1287278 -0.9777868 0.1654151 -0.1287279 -0.9628469 0.1654132 -0.2134581 -0.9628462 0.1654177 -0.2134582 -0.940579 0.1654132 -0.2965633 -0.9405784 0.1654174 -0.2965629 -0.9111521 0.165417 -0.3774111 -0.911152 0.1654158 -0.3774118 -0.8747912 0.165416 -0.4553877 -0.8747915 0.1654143 -0.4553877 -0.8317729 0.1654157 -0.5298978 -0.831773 0.1654154 -0.5298978 -0.7824245 0.1654158 -0.6003745 -0.782424 0.1654165 -0.6003749 -0.7271209 0.1654144 -0.6662831 -0.7271204 0.165416 -0.6662834 -0.666283 0.1654158 -0.7271208 -0.6662833 0.1654152 -0.7271207 -0.6003755 0.1654151 -0.7824239 -0.6003749 0.1654154 -0.7824242 -0.5298973 0.1654158 -0.8317731 -0.5298972 0.1654154 -0.8317732 -0.4553887 0.1654157 -0.8747908 -0.4553875 0.1654161 -0.8747913 -0.3774112 0.1654158 -0.9111524 -0.3774113 0.1654151 -0.9111524 -0.2965636 0.1654151 -0.9405786 -0.2965633 0.1654152 -0.9405786 -0.2134578 0.1654156 -0.9628465 -0.2134586 0.165415 -0.9628465 -0.1287262 0.1654152 -0.9777871 -0.1287307 0.1654149 -0.9777865 -0.04301673 0.165415 -0.9852855 -0.04301798 0.165415 -0.9852854 0.04301673 0.165415 -0.9852855 0.04301798 0.165415 -0.9852854 0.1287288 0.165415 -0.9777867 0.128728 0.1654151 -0.9777868 0.2134578 0.1654152 -0.9628467 0.2134587 0.1654155 -0.9628464 0.2965624 0.1654155 -0.9405788 0.2965645 0.1654148 -0.9405783 0.3774113 0.1654154 -0.9111524 0.3774112 0.1654157 -0.9111523 0.4553886 0.1654157 -0.8747908 0.4553875 0.165416 -0.8747913 0.5298971 0.1654163 -0.8317731 0.5298973 0.1654149 -0.8317734 0.6003754 0.1654158 -0.7824239 0.6003749 0.1654149 -0.7824243 0.666283 0.1654158 -0.7271208 0.6662832 0.1654155 -0.7271206 0.7271208 0.1654151 -0.6662832 0.7271206 0.1654152 -0.6662834 0.7824238 0.1654172 -0.6003751 0.7824246 0.1654155 -0.6003744 0.8317729 0.1654157 -0.5298978 0.8317731 0.1654152 -0.5298978 0.8747913 0.1654146 -0.4553879 0.8747913 0.165415 -0.4553877 0.9111523 0.1654157 -0.3774112 0.911152 0.1654162 -0.3774119 0.9405788 0.1654145 -0.2965633 0.9405786 0.1654158 -0.2965629 0.9628465 0.1654157 -0.2134579 0.9628463 0.1654159 -0.2134584 0.9777867 0.1654158 -0.1287278 0.9777868 0.1654149 -0.128728 0.9852853 0.1654158 -0.04301851 0.9852853 0.1654155 -0.04301851 0.9852853 0.1654158 0.04301851 0.9852852 0.165416 0.04301857 0.9608012 0.2467002 0.1264917 0.9608003 0.2467036 0.126492 0.9461205 0.2467002 0.2097504 0.9461205 0.2467009 0.2097494 0.9242395 0.2467002 0.2914111 0.9242393 0.2467012 0.2914109 0.8953244 0.246699 0.3708559 0.8953235 0.2467021 0.3708555 0.8595948 0.2467013 0.4474766 0.8595951 0.2467003 0.4474768 0.8173236 0.2467016 0.5206924 0.8173233 0.2467017 0.5206928 0.7688317 0.2467017 0.5899459 0.7688331 0.2466989 0.5899453 0.7144889 0.2467015 0.6547092 0.7144894 0.2467011 0.6547088 0.6547091 0.2467013 0.7144891 0.6547086 0.246701 0.7144895 0.5899466 0.2467001 0.7688316 0.5899444 0.2467019 0.7688329 0.5206931 0.2467008 0.8173233 0.5206925 0.2467004 0.8173239 0.4474773 0.2467001 0.8595948 0.4474758 0.2467005 0.8595954 0.3708573 0.2467005 0.8953233 0.3708553 0.2467002 0.8953242 0.2914111 0.2467011 0.9242393 0.2914112 0.2467003 0.9242394 0.2097509 0.2467002 0.9461203 0.209748 0.2467014 0.9461207 0.1264927 0.2467011 0.9608008 0.1264905 0.2467011 0.9608012 0.04227113 0.246701 0.9681693 0.04227352 0.2467008 0.9681692 -0.04227107 0.2467009 0.9681693 -0.04227358 0.2467009 0.9681693 -0.1264901 0.2467008 0.9608012 -0.1264932 0.2467013 0.9608007 -0.2097508 0.2467012 0.9461201 -0.209748 0.2467005 0.9461209 -0.2914111 0.2467006 0.9242394 -0.2914111 0.2467007 0.9242393 -0.370855 0.2467007 0.8953242 -0.3708575 0.2466999 0.8953233 -0.4474762 0.2467005 0.8595952 -0.4474771 0.2467002 0.859595 -0.520693 0.2467001 0.8173236 -0.5206924 0.2467012 0.8173236 -0.5899454 0.2467015 0.7688322 -0.5899453 0.2467013 0.7688323 -0.6547086 0.2467009 0.7144896 -0.6547093 0.2467014 0.7144888 -0.714489 0.2467015 0.654709 -0.7144893 0.246701 0.6547089 -0.7688325 0.2467002 0.5899456 -0.7688325 0.2466996 0.5899457 -0.8173242 0.2467001 0.5206921 -0.8173228 0.2467026 0.5206933 -0.8595948 0.2467013 0.4474766 -0.8595952 0.2466993 0.4474768 -0.8953241 0.2467002 0.3708558 -0.8953238 0.2467015 0.3708555 -0.9242399 0.2466989 0.2914109 -0.9242391 0.2467018 0.2914111 -0.9461205 0.2467002 0.2097504 -0.9461203 0.2467017 0.2097494 -0.9608009 0.2467015 0.1264917 -0.9608007 0.246702 0.126492 -0.9681695 0.2467002 0.04227131 -0.9681696 0.2467001 0.04227101 -0.9681695 0.2467002 -0.04227119 -0.9681695 0.2467007 -0.04227113 -0.9608012 0.2467002 -0.1264917 -0.9608003 0.2467036 -0.126492 -0.9461205 0.2467002 -0.2097504 -0.9461205 0.2467009 -0.2097494 -0.9242395 0.2467002 -0.2914111 -0.9242393 0.2467012 -0.2914109 -0.8953244 0.246699 -0.3708559 -0.8953235 0.2467021 -0.3708555 -0.8595948 0.2467013 -0.4474766 -0.8595951 0.2467003 -0.4474768 -0.8173236 0.2467016 -0.5206924 -0.8173233 0.2467017 -0.5206928 -0.7688317 0.2467017 -0.5899459 -0.7688331 0.2466989 -0.5899453 -0.7144889 0.2467015 -0.6547092 -0.7144894 0.2467011 -0.6547088 -0.6547091 0.2467013 -0.7144891 -0.6547086 0.246701 -0.7144895 -0.5899466 0.2467001 -0.7688316 -0.5899444 0.2467019 -0.7688329 -0.5206931 0.2467008 -0.8173233 -0.5206925 0.2467004 -0.8173239 -0.4474773 0.2467001 -0.8595948 -0.4474758 0.2467005 -0.8595954 -0.3708573 0.2467005 -0.8953233 -0.3708553 0.2467002 -0.8953242 -0.2914111 0.2467011 -0.9242393 -0.2914112 0.2467003 -0.9242394 -0.2097509 0.2467002 -0.9461203 -0.209748 0.2467014 -0.9461207 -0.1264927 0.2467011 -0.9608008 -0.1264905 0.2467011 -0.9608012 -0.04227113 0.246701 -0.9681693 -0.04227352 0.2467008 -0.9681692 0.04227107 0.2467009 -0.9681693 0.04227358 0.2467009 -0.9681693 0.1264901 0.2467008 -0.9608012 0.1264932 0.2467013 -0.9608007 0.2097508 0.2467012 -0.9461201 0.209748 0.2467005 -0.9461209 0.2914111 0.2467006 -0.9242394 0.2914111 0.2467007 -0.9242393 0.370855 0.2467007 -0.8953242 0.3708575 0.2466999 -0.8953233 0.4474762 0.2467005 -0.8595952 0.4474771 0.2467002 -0.859595 0.520693 0.2467001 -0.8173236 0.5206924 0.2467012 -0.8173236 0.5899454 0.2467015 -0.7688322 0.5899453 0.2467013 -0.7688323 0.6547086 0.2467009 -0.7144896 0.6547093 0.2467014 -0.7144888 0.714489 0.2467015 -0.654709 0.7144893 0.246701 -0.6547089 0.7688325 0.2467002 -0.5899456 0.7688325 0.2466996 -0.5899457 0.8173242 0.2467001 -0.5206921 0.8173228 0.2467026 -0.5206933 0.8595948 0.2467013 -0.4474766 0.8595952 0.2466993 -0.4474768 0.8953241 0.2467002 -0.3708558 0.8953238 0.2467015 -0.3708555 0.9242399 0.2466989 -0.2914109 0.9242391 0.2467018 -0.2914111 0.9461205 0.2467002 -0.2097504 0.9461203 0.2467017 -0.2097494 0.9608009 0.2467015 -0.1264917 0.9608007 0.246702 -0.126492 0.9681695 0.2467002 -0.04227131 0.9681696 0.2467001 -0.04227101 0.9681695 0.2467002 0.04227119 0.9681695 0.2467007 0.04227113 0.9371835 0.326288 0.1233828 0.9371834 0.3262884 0.1233828 0.9228639 0.326288 0.2045934 0.922863 0.3262904 0.2045935 0.9015203 0.3262892 0.2842478 0.9015199 0.3262892 0.2842488 0.8733162 0.3262878 0.3617389 0.8733149 0.3262913 0.3617389 0.8384642 0.3262907 0.4364772 0.8384643 0.3262904 0.4364772 0.7972329 0.326288 0.5078936 0.7972321 0.32629 0.5078936 0.7499335 0.3262902 0.575443 0.749932 0.3262903 0.5754448 0.6969274 0.3262887 0.6386141 0.6969257 0.3262882 0.6386162 0.6386158 0.3262892 0.6969256 0.6386154 0.3262897 0.6969258 0.5754436 0.3262882 0.7499338 0.5754435 0.3262891 0.7499335 0.5078933 0.3262894 0.7972326 0.5078935 0.3262892 0.7972325 0.4364777 0.3262906 0.8384639 0.4364769 0.3262885 0.8384652 0.3617391 0.3262894 0.8733155 0.3617379 0.32629 0.8733158 0.2842488 0.3262894 0.9015198 0.2842484 0.3262891 0.90152 0.2045949 0.3262892 0.9228631 0.2045919 0.3262891 0.9228639 0.1233839 0.3262888 0.9371832 0.123383 0.3262888 0.9371832 0.0412299 0.3262893 0.9443705 0.04123294 0.326289 0.9443703 -0.04123264 0.3262894 0.9443702 -0.0412302 0.3262889 0.9443705 -0.1233839 0.3262888 0.9371832 -0.123383 0.3262888 0.9371832 -0.2045925 0.3262892 0.9228637 -0.2045946 0.3262889 0.9228633 -0.2842487 0.3262893 0.9015198 -0.2842483 0.3262894 0.9015199 -0.3617379 0.3262902 0.8733158 -0.3617392 0.3262894 0.8733156 -0.4364779 0.3262895 0.8384643 -0.4364768 0.3262893 0.8384649 -0.5078943 0.3262895 0.7972318 -0.5078925 0.3262888 0.7972332 -0.5754433 0.3262894 0.7499335 -0.5754436 0.3262884 0.7499337 -0.6386169 0.3262891 0.6969247 -0.6386145 0.3262895 0.6969267 -0.6969261 0.3262887 0.6386155 -0.6969268 0.3262891 0.6386145 -0.7499324 0.3262903 0.5754443 -0.7499333 0.3262899 0.5754434 -0.7972326 0.3262884 0.5078939 -0.7972327 0.3262892 0.5078932 -0.838465 0.3262891 0.4364769 -0.8384637 0.3262914 0.4364776 -0.8733157 0.3262892 0.3617389 -0.8733153 0.3262908 0.3617386 -0.9015197 0.3262907 0.284248 -0.9015203 0.3262881 0.2842486 -0.9228639 0.326288 0.2045933 -0.922863 0.3262903 0.2045937 -0.9371835 0.3262881 0.123383 -0.9371832 0.3262887 0.1233827 -0.9443699 0.3262905 0.04123222 -0.9443708 0.3262881 0.04123145 -0.9443699 0.3262905 -0.0412321 -0.944371 0.3262875 -0.04123163 -0.9371835 0.326288 -0.1233828 -0.9371834 0.3262884 -0.1233828 -0.9228639 0.326288 -0.2045934 -0.922863 0.3262904 -0.2045935 -0.9015203 0.3262892 -0.2842478 -0.9015199 0.3262892 -0.2842488 -0.8733162 0.3262878 -0.3617389 -0.8733149 0.3262913 -0.3617389 -0.8384642 0.3262907 -0.4364772 -0.8384643 0.3262904 -0.4364772 -0.7972329 0.326288 -0.5078936 -0.7972321 0.32629 -0.5078936 -0.7499335 0.3262902 -0.575443 -0.749932 0.3262903 -0.5754448 -0.6969274 0.3262887 -0.6386141 -0.6969257 0.3262882 -0.6386162 -0.6386158 0.3262892 -0.6969256 -0.6386154 0.3262897 -0.6969258 -0.5754436 0.3262882 -0.7499338 -0.5754435 0.3262891 -0.7499335 -0.5078933 0.3262894 -0.7972326 -0.5078935 0.3262892 -0.7972325 -0.4364777 0.3262906 -0.8384639 -0.4364769 0.3262885 -0.8384652 -0.3617391 0.3262894 -0.8733155 -0.3617379 0.32629 -0.8733158 -0.2842488 0.3262894 -0.9015198 -0.2842484 0.3262891 -0.90152 -0.2045949 0.3262892 -0.9228631 -0.2045919 0.3262891 -0.9228639 -0.1233839 0.3262888 -0.9371832 -0.123383 0.3262888 -0.9371832 -0.0412299 0.3262893 -0.9443705 -0.04123294 0.326289 -0.9443703 0.04123264 0.3262894 -0.9443702 0.0412302 0.3262889 -0.9443705 0.1233839 0.3262888 -0.9371832 0.123383 0.3262888 -0.9371832 0.2045925 0.3262892 -0.9228637 0.2045946 0.3262889 -0.9228633 0.2842487 0.3262893 -0.9015198 0.2842483 0.3262894 -0.9015199 0.3617379 0.3262902 -0.8733158 0.3617392 0.3262894 -0.8733156 0.4364779 0.3262895 -0.8384643 0.4364768 0.3262893 -0.8384649 0.5078943 0.3262895 -0.7972318 0.5078925 0.3262888 -0.7972332 0.5754433 0.3262894 -0.7499335 0.5754436 0.3262884 -0.7499337 0.6386169 0.3262891 -0.6969247 0.6386145 0.3262895 -0.6969267 0.6969261 0.3262887 -0.6386155 0.6969268 0.3262891 -0.6386145 0.7499324 0.3262903 -0.5754443 0.7499333 0.3262899 -0.5754434 0.7972326 0.3262884 -0.5078939 0.7972327 0.3262892 -0.5078932 0.838465 0.3262891 -0.4364769 0.8384637 0.3262914 -0.4364776 0.8733157 0.3262892 -0.3617389 0.8733153 0.3262908 -0.3617386 0.9015197 0.3262907 -0.284248 0.9015203 0.3262881 -0.2842486 0.9228639 0.326288 -0.2045933 0.922863 0.3262903 -0.2045937 0.9371835 0.3262881 -0.123383 0.9371832 0.3262887 -0.1233827 0.9443699 0.3262905 -0.04123222 0.9443708 0.3262881 -0.04123145 0.9443699 0.3262905 0.0412321 0.944371 0.3262875 0.04123163 0.9070937 0.4036332 0.1194211 0.9070934 0.403634 0.119421 0.8932337 0.4036332 0.1980248 0.8932334 0.4036338 0.1980251 0.8725755 0.4036331 0.2751222 0.8725748 0.4036349 0.2751222 0.8452771 0.4036332 0.3501244 0.845277 0.4036332 0.3501246 0.8115451 0.4036321 0.4224641 0.8115441 0.4036338 0.4224641 0.7716364 0.4036347 0.4915857 0.771637 0.4036327 0.4915863 0.7258555 0.4036334 0.5569686 0.7258549 0.4036337 0.5569692 0.6745504 0.4036346 0.6181108 0.6745504 0.4036331 0.6181117 0.618111 0.4036337 0.6745507 0.6181114 0.4036343 0.6745499 0.5569677 0.4036357 0.7258549 0.5569692 0.4036329 0.7258552 0.4915865 0.4036346 0.7716358 0.4915858 0.4036328 0.7716372 0.4224638 0.4036344 0.811544 0.4224646 0.4036328 0.8115443 0.3501235 0.4036336 0.8452771 0.3501253 0.4036337 0.8452764 0.2751219 0.4036338 0.8725755 0.275123 0.4036331 0.8725754 0.1980232 0.403634 0.8932338 0.1980267 0.403633 0.8932334 0.1194213 0.4036337 0.9070934 0.1194205 0.4036337 0.9070936 0.03990638 0.4036341 0.9140498 0.0399093 0.4036331 0.9140501 -0.03990775 0.4036337 0.9140499 -0.03990787 0.4036335 0.9140501 -0.1194213 0.4036341 0.9070932 -0.1194205 0.4036333 0.9070937 -0.1980258 0.4036335 0.8932334 -0.1980239 0.4036335 0.8932338 -0.2751219 0.4036338 0.8725755 -0.2751231 0.4036331 0.8725753 -0.350126 0.4036334 0.8452764 -0.3501229 0.4036337 0.8452774 -0.4224652 0.403634 0.8115435 -0.4224632 0.4036332 0.8115448 -0.4915869 0.4036338 0.7716361 -0.4915856 0.4036334 0.7716372 -0.5569689 0.4036338 0.725855 -0.556968 0.4036342 0.7258554 -0.6181119 0.4036334 0.6745501 -0.6181105 0.4036347 0.6745507 -0.6745503 0.4036338 0.6181114 -0.6745505 0.4036336 0.6181113 -0.7258564 0.4036325 0.5569681 -0.7258538 0.4036346 0.5569698 -0.7716373 0.4036331 0.4915856 -0.7716363 0.4036341 0.4915863 -0.8115445 0.4036332 0.422464 -0.8115441 0.4036334 0.4224644 -0.845277 0.4036335 0.3501241 -0.8452768 0.4036332 0.350125 -0.872575 0.4036346 0.2751218 -0.8725755 0.403633 0.2751222 -0.8932338 0.4036334 0.1980245 -0.8932338 0.4036329 0.1980254 -0.9070937 0.4036334 0.1194213 -0.9070935 0.4036338 0.1194206 -0.914049 0.4036356 0.03990805 -0.9140506 0.4036322 0.03990828 -0.9140497 0.4036344 -0.03990805 -0.9140503 0.403633 -0.03990828 -0.9070937 0.4036332 -0.1194211 -0.9070934 0.403634 -0.119421 -0.8932337 0.4036332 -0.1980248 -0.8932334 0.4036338 -0.1980251 -0.8725755 0.4036331 -0.2751222 -0.8725748 0.4036349 -0.2751222 -0.8452771 0.4036332 -0.3501244 -0.845277 0.4036332 -0.3501246 -0.8115451 0.4036321 -0.4224641 -0.8115441 0.4036338 -0.4224641 -0.7716364 0.4036347 -0.4915857 -0.771637 0.4036327 -0.4915863 -0.7258555 0.4036334 -0.5569686 -0.7258549 0.4036337 -0.5569692 -0.6745504 0.4036346 -0.6181108 -0.6745504 0.4036331 -0.6181117 -0.618111 0.4036337 -0.6745507 -0.6181114 0.4036343 -0.6745499 -0.5569677 0.4036357 -0.7258549 -0.5569692 0.4036329 -0.7258552 -0.4915865 0.4036346 -0.7716358 -0.4915858 0.4036328 -0.7716372 -0.4224638 0.4036344 -0.811544 -0.4224646 0.4036328 -0.8115443 -0.3501235 0.4036336 -0.8452771 -0.3501253 0.4036337 -0.8452764 -0.2751219 0.4036338 -0.8725755 -0.275123 0.4036331 -0.8725754 -0.1980232 0.403634 -0.8932338 -0.1980267 0.403633 -0.8932334 -0.1194213 0.4036337 -0.9070934 -0.1194205 0.4036337 -0.9070936 -0.03990638 0.4036341 -0.9140498 -0.0399093 0.4036331 -0.9140501 0.03990775 0.4036337 -0.9140499 0.03990787 0.4036335 -0.9140501 0.1194213 0.4036341 -0.9070932 0.1194205 0.4036333 -0.9070937 0.1980258 0.4036335 -0.8932334 0.1980239 0.4036335 -0.8932338 0.2751219 0.4036338 -0.8725755 0.2751231 0.4036331 -0.8725753 0.350126 0.4036334 -0.8452764 0.3501229 0.4036337 -0.8452774 0.4224652 0.403634 -0.8115435 0.4224632 0.4036332 -0.8115448 0.4915869 0.4036338 -0.7716361 0.4915856 0.4036334 -0.7716372 0.5569689 0.4036338 -0.725855 0.556968 0.4036342 -0.7258554 0.6181119 0.4036334 -0.6745501 0.6181105 0.4036347 -0.6745507 0.6745503 0.4036338 -0.6181114 0.6745505 0.4036336 -0.6181113 0.7258564 0.4036325 -0.5569681 0.7258538 0.4036346 -0.5569698 0.7716373 0.4036331 -0.4915856 0.7716363 0.4036341 -0.4915863 0.8115445 0.4036332 -0.422464 0.8115441 0.4036334 -0.4224644 0.845277 0.4036335 -0.3501241 0.8452768 0.4036332 -0.350125 0.872575 0.4036346 -0.2751218 0.8725755 0.403633 -0.2751222 0.8932338 0.4036334 -0.1980245 0.8932338 0.4036329 -0.1980254 0.9070937 0.4036334 -0.1194213 0.9070935 0.4036338 -0.1194206 0.914049 0.4036356 -0.03990805 0.9140506 0.4036322 -0.03990828 0.9140497 0.4036344 0.03990805 0.9140503 0.403633 0.03990828</float_array>
          <technique_common>
            <accessor source="#heim_joint_m8_outer_part-mesh-normals-array" count="10237" stride="3">
              <param name="X" type="float"/>
              <param name="Y" type="float"/>
              <param name="Z" type="float"/>
            </accessor>
          </technique_common>
        </source>
        <vertices id="heim_joint_m8_outer_part-mesh-vertices">
          <input semantic="POSITION" source="#heim_joint_m8_outer_part-mesh-positions"/>
        </vertices>
        <triangles count="10662">
          <input semantic="VERTEX" source="#heim_joint_m8_outer_part-mesh-vertices" offset="0"/>
          <input semantic="NORMAL" source="#heim_joint_m8_outer_part-mesh-normals" offset="1"/>
          <p>0 0 1 0 2 0 1 1 3 1 2 1 2 2 3 2 4 2 3 3 5 3 4 3 4 4 5 4 6 4 5 5 7 5 6 5 6 6 7 6 8 6 7 7 9 7 8 7 8 8 9 8 10 8 9 9 11 9 10 9 10 10 11 10 12 10 11 11 13 11 12 11 12 12 13 12 14 12 13 13 15 13 14 13 14 14 15 14 16 14 15 15 17 15 16 15 16 16 17 16 18 16 17 17 19 17 18 17 18 18 19 18 20 18 19 19 21 19 20 19 20 20 21 20 22 20 21 21 23 21 22 21 22 22 23 22 24 22 23 23 25 23 24 23 24 24 25 24 26 24 25 25 27 25 26 25 26 26 27 26 28 26 27 27 29 27 28 27 28 28 29 28 30 28 29 29 31 29 30 29 30 30 31 30 32 30 31 31 33 31 32 31 32 32 33 32 34 32 33 33 35 33 34 33 34 34 35 34 36 34 35 35 37 35 36 35 36 36 37 36 38 36 37 37 39 37 38 37 38 38 39 38 40 38 39 39 41 39 40 39 40 40 41 40 42 40 41 41 43 41 42 41 42 42 43 42 44 42 43 43 45 43 44 43 44 44 45 44 46 44 45 45 47 45 46 45 46 46 47 46 48 46 47 47 49 47 48 47 48 48 49 48 50 48 49 49 51 49 50 49 50 50 51 50 52 50 51 51 53 51 52 51 52 52 53 52 54 52 53 53 55 53 54 53 54 54 55 54 56 54 55 55 57 55 56 55 56 56 57 56 58 56 57 57 59 57 58 57 58 58 59 58 60 58 59 59 61 59 60 59 60 60 61 60 62 60 61 61 63 61 62 61 62 62 63 62 64 62 63 63 65 63 64 63 64 64 65 64 66 64 65 65 67 65 66 65 66 66 67 66 68 66 67 67 69 67 68 67 68 68 69 68 70 68 69 69 71 69 70 69 70 70 71 70 72 70 71 71 73 71 72 71 72 72 73 72 74 72 73 73 75 73 74 73 74 74 75 74 76 74 75 75 77 75 76 75 76 76 77 76 78 76 77 77 79 77 78 77 78 78 79 78 80 78 79 79 81 79 80 79 80 80 81 80 82 80 81 81 83 81 82 81 82 82 83 82 84 82 83 83 85 83 84 83 84 84 85 84 86 84 85 85 87 85 86 85 86 86 87 86 88 86 87 87 89 87 88 87 88 88 89 88 90 88 89 89 91 89 90 89 90 90 91 90 92 90 91 91 93 91 92 91 92 92 93 92 94 92 93 93 95 93 94 93 94 94 95 94 96 94 95 95 97 95 96 95 96 96 97 96 98 96 97 97 99 97 98 97 98 98 99 98 100 98 99 99 101 99 100 99 100 100 101 100 102 100 101 101 103 101 102 101 102 102 103 102 104 102 103 103 105 103 104 103 104 104 105 104 106 104 105 105 107 105 106 105 106 106 107 106 108 106 107 107 109 107 108 107 108 108 109 108 110 108 109 109 111 109 110 109 110 110 111 110 112 110 111 111 113 111 112 111 112 112 113 112 114 112 113 113 115 113 114 113 114 114 115 114 116 114 115 115 117 115 116 115 116 116 117 116 118 116 117 117 119 117 118 117 118 118 119 118 120 118 119 119 121 119 120 119 120 120 121 120 122 120 121 121 123 121 122 121 122 122 123 122 124 122 123 123 125 123 124 123 124 124 125 124 126 124 125 125 127 125 126 125 126 126 127 126 128 126 127 127 129 127 128 127 128 128 129 128 130 128 129 129 131 129 130 129 130 130 131 130 132 130 131 131 133 131 132 131 132 132 133 132 134 132 133 133 135 133 134 133 134 134 135 134 136 134 135 135 137 135 136 135 136 136 137 136 138 136 137 137 139 137 138 137 138 138 139 138 140 138 139 139 141 139 140 139 140 140 141 140 142 140 141 141 143 141 142 141 142 142 143 142 0 142 143 143 1 143 0 143 143 144 144 144 1 144 144 145 145 145 1 145 1 146 145 146 3 146 145 147 146 147 3 147 3 148 146 148 5 148 146 149 147 149 5 149 5 150 147 150 7 150 147 151 148 151 7 151 7 152 148 152 9 152 148 153 149 153 9 153 9 154 149 154 11 154 149 155 150 155 11 155 11 156 150 156 13 156 150 157 151 157 13 157 13 158 151 158 15 158 151 159 152 159 15 159 15 160 152 160 17 160 152 161 153 161 17 161 17 162 153 162 19 162 153 163 154 163 19 163 19 164 154 164 21 164 154 165 155 165 21 165 21 166 155 166 23 166 155 167 156 167 23 167 23 168 156 168 25 168 156 169 157 169 25 169 25 170 157 170 27 170 157 171 158 171 27 171 27 172 158 172 29 172 158 173 159 173 29 173 29 174 159 174 31 174 159 175 160 175 31 175 31 176 160 176 33 176 160 177 161 177 33 177 33 178 161 178 35 178 161 179 162 179 35 179 35 180 162 180 37 180 162 181 163 181 37 181 37 182 163 182 39 182 163 183 164 183 39 183 39 184 164 184 41 184 164 185 165 185 41 185 41 186 165 186 43 186 165 187 166 187 43 187 43 188 166 188 45 188 166 189 167 189 45 189 45 190 167 190 47 190 167 191 168 191 47 191 47 192 168 192 49 192 168 193 169 193 49 193 49 194 169 194 51 194 169 195 170 195 51 195 51 196 170 196 53 196 170 197 171 197 53 197 53 198 171 198 55 198 171 199 172 199 55 199 55 200 172 200 57 200 172 201 173 201 57 201 57 202 173 202 59 202 173 203 174 203 59 203 59 204 174 204 61 204 174 205 175 205 61 205 61 206 175 206 63 206 175 207 176 207 63 207 63 208 176 208 65 208 176 209 177 209 65 209 65 210 177 210 67 210 177 211 178 211 67 211 67 212 178 212 69 212 178 213 179 213 69 213 69 214 179 214 71 214 179 215 180 215 71 215 71 216 180 216 73 216 180 217 181 217 73 217 73 218 181 218 75 218 181 219 182 219 75 219 75 220 182 220 77 220 182 221 183 221 77 221 77 222 183 222 79 222 183 223 184 223 79 223 79 224 184 224 81 224 184 225 185 225 81 225 81 226 185 226 83 226 185 227 186 227 83 227 83 228 186 228 85 228 186 229 187 229 85 229 85 230 187 230 87 230 187 231 188 231 87 231 87 232 188 232 89 232 188 233 189 233 89 233 89 234 189 234 91 234 189 235 190 235 91 235 91 236 190 236 93 236 190 237 191 237 93 237 93 238 191 238 95 238 191 239 192 239 95 239 95 240 192 240 97 240 192 241 193 241 97 241 97 242 193 242 99 242 193 243 194 243 99 243 99 244 194 244 101 244 194 245 195 245 101 245 101 246 195 246 103 246 195 247 196 247 103 247 103 248 196 248 105 248 196 249 197 249 105 249 105 250 197 250 107 250 197 251 198 251 107 251 107 252 198 252 109 252 198 253 199 253 109 253 109 254 199 254 111 254 199 255 200 255 111 255 111 256 200 256 113 256 200 257 201 257 113 257 113 258 201 258 115 258 201 259 202 259 115 259 115 260 202 260 117 260 202 261 203 261 117 261 117 262 203 262 119 262 203 263 204 263 119 263 119 264 204 264 121 264 204 265 205 265 121 265 121 266 205 266 123 266 205 267 206 267 123 267 123 268 206 268 125 268 206 269 207 269 125 269 125 270 207 270 127 270 207 271 208 271 127 271 127 272 208 272 129 272 208 273 209 273 129 273 129 274 209 274 131 274 209 275 210 275 131 275 131 276 210 276 133 276 210 277 211 277 133 277 133 278 211 278 135 278 211 279 212 279 135 279 135 280 212 280 137 280 212 281 213 281 137 281 137 282 213 282 139 282 213 283 214 283 139 283 139 284 214 284 141 284 214 285 215 285 141 285 141 286 215 286 143 286 215 287 144 287 143 287 215 288 216 288 144 288 216 289 217 289 144 289 144 290 217 290 145 290 217 291 218 291 145 291 145 292 218 292 146 292 218 293 219 293 146 293 146 294 219 294 147 294 219 295 220 295 147 295 147 296 220 296 148 296 220 297 221 297 148 297 148 298 221 298 149 298 221 299 222 299 149 299 149 300 222 300 150 300 222 301 223 301 150 301 150 302 223 302 151 302 223 303 224 303 151 303 151 304 224 304 152 304 224 305 225 305 152 305 152 306 225 306 153 306 225 307 226 307 153 307 153 308 226 308 154 308 226 309 227 309 154 309 154 310 227 310 155 310 227 311 228 311 155 311 155 312 228 312 156 312 228 313 229 313 156 313 156 314 229 314 157 314 229 315 230 315 157 315 157 316 230 316 158 316 230 317 231 317 158 317 158 318 231 318 159 318 231 319 232 319 159 319 159 320 232 320 160 320 232 321 233 321 160 321 160 322 233 322 161 322 233 323 234 323 161 323 161 324 234 324 162 324 234 325 235 325 162 325 162 326 235 326 163 326 235 327 236 327 163 327 163 328 236 328 164 328 236 329 237 329 164 329 164 330 237 330 165 330 237 331 238 331 165 331 165 332 238 332 166 332 238 333 239 333 166 333 166 334 239 334 167 334 239 335 240 335 167 335 167 336 240 336 168 336 240 337 241 337 168 337 168 338 241 338 169 338 241 339 242 339 169 339 169 340 242 340 170 340 242 341 243 341 170 341 170 342 243 342 171 342 243 343 244 343 171 343 171 344 244 344 172 344 244 345 245 345 172 345 172 346 245 346 173 346 245 347 246 347 173 347 173 348 246 348 174 348 246 349 247 349 174 349 174 350 247 350 175 350 247 351 248 351 175 351 175 352 248 352 176 352 248 353 249 353 176 353 176 354 249 354 177 354 249 355 250 355 177 355 177 356 250 356 178 356 250 357 251 357 178 357 178 358 251 358 179 358 251 359 252 359 179 359 179 360 252 360 180 360 252 361 253 361 180 361 180 362 253 362 181 362 253 363 254 363 181 363 181 364 254 364 182 364 254 365 255 365 182 365 182 366 255 366 183 366 255 367 256 367 183 367 183 368 256 368 184 368 256 369 257 369 184 369 184 370 257 370 185 370 257 371 258 371 185 371 185 372 258 372 186 372 258 373 259 373 186 373 186 374 259 374 187 374 259 375 260 375 187 375 187 376 260 376 188 376 260 377 261 377 188 377 188 378 261 378 189 378 261 379 262 379 189 379 189 380 262 380 190 380 262 381 263 381 190 381 190 382 263 382 191 382 263 383 264 383 191 383 191 384 264 384 192 384 264 385 265 385 192 385 192 386 265 386 193 386 265 387 266 387 193 387 193 388 266 388 194 388 266 389 267 389 194 389 194 390 267 390 195 390 267 391 268 391 195 391 195 392 268 392 196 392 268 393 269 393 196 393 196 394 269 394 197 394 269 395 270 395 197 395 197 396 270 396 198 396 270 397 271 397 198 397 198 398 271 398 199 398 271 399 272 399 199 399 199 400 272 400 200 400 272 401 273 401 200 401 200 402 273 402 201 402 273 403 274 403 201 403 201 404 274 404 202 404 274 405 275 405 202 405 202 406 275 406 203 406 275 407 276 407 203 407 203 408 276 408 204 408 276 409 277 409 204 409 204 410 277 410 205 410 277 411 278 411 205 411 205 412 278 412 206 412 278 413 279 413 206 413 206 414 279 414 207 414 279 415 280 415 207 415 207 416 280 416 208 416 280 417 281 417 208 417 208 418 281 418 209 418 281 419 282 419 209 419 209 420 282 420 210 420 282 421 283 421 210 421 210 422 283 422 211 422 283 423 284 423 211 423 211 424 284 424 212 424 284 425 285 425 212 425 212 426 285 426 213 426 285 427 286 427 213 427 213 428 286 428 214 428 286 429 287 429 214 429 214 430 287 430 215 430 287 431 216 431 215 431 287 432 288 432 216 432 288 433 289 433 216 433 216 434 289 434 217 434 289 435 290 435 217 435 217 436 290 436 218 436 290 437 291 437 218 437 218 438 291 438 219 438 291 439 292 439 219 439 219 440 292 440 220 440 292 441 293 441 220 441 220 442 293 442 221 442 293 443 294 443 221 443 221 444 294 444 222 444 294 445 295 445 222 445 222 446 295 446 223 446 295 447 296 447 223 447 223 448 296 448 224 448 296 449 297 449 224 449 224 450 297 450 225 450 297 451 298 451 225 451 225 452 298 452 226 452 298 453 299 453 226 453 226 454 299 454 227 454 299 455 300 455 227 455 227 456 300 456 228 456 300 457 301 457 228 457 228 458 301 458 229 458 301 459 302 459 229 459 229 460 302 460 230 460 302 461 303 461 230 461 230 462 303 462 231 462 303 463 304 463 231 463 231 464 304 464 232 464 304 465 305 465 232 465 232 466 305 466 233 466 305 467 306 467 233 467 233 468 306 468 234 468 306 469 307 469 234 469 234 470 307 470 235 470 307 471 308 471 235 471 235 472 308 472 236 472 308 473 309 473 236 473 236 474 309 474 237 474 309 475 310 475 237 475 237 476 310 476 238 476 310 477 311 477 238 477 238 478 311 478 239 478 311 479 312 479 239 479 239 480 312 480 240 480 312 481 313 481 240 481 240 482 313 482 241 482 313 483 314 483 241 483 241 484 314 484 242 484 314 485 315 485 242 485 242 486 315 486 243 486 315 487 316 487 243 487 243 488 316 488 244 488 316 489 317 489 244 489 244 490 317 490 245 490 317 491 318 491 245 491 245 492 318 492 246 492 318 493 319 493 246 493 246 494 319 494 247 494 319 495 320 495 247 495 247 496 320 496 248 496 320 497 321 497 248 497 248 498 321 498 249 498 321 499 322 499 249 499 249 500 322 500 250 500 322 501 323 501 250 501 250 502 323 502 251 502 323 503 324 503 251 503 251 504 324 504 252 504 324 505 325 505 252 505 252 506 325 506 253 506 325 507 326 507 253 507 253 508 326 508 254 508 326 509 327 509 254 509 254 510 327 510 255 510 327 511 328 511 255 511 255 512 328 512 256 512 328 513 329 513 256 513 256 514 329 514 257 514 329 515 330 515 257 515 257 516 330 516 258 516 330 517 331 517 258 517 258 518 331 518 259 518 331 519 332 519 259 519 259 520 332 520 260 520 332 521 333 521 260 521 260 522 333 522 261 522 333 523 334 523 261 523 261 524 334 524 262 524 334 525 335 525 262 525 262 526 335 526 263 526 335 527 336 527 263 527 263 528 336 528 264 528 336 529 337 529 264 529 264 530 337 530 265 530 337 531 338 531 265 531 265 532 338 532 266 532 338 533 339 533 266 533 266 534 339 534 267 534 339 535 340 535 267 535 267 536 340 536 268 536 340 537 341 537 268 537 268 538 341 538 269 538 341 539 342 539 269 539 269 540 342 540 270 540 342 541 343 541 270 541 270 542 343 542 271 542 343 543 344 543 271 543 271 544 344 544 272 544 344 545 345 545 272 545 272 546 345 546 273 546 345 547 346 547 273 547 273 548 346 548 274 548 346 549 347 549 274 549 274 550 347 550 275 550 347 551 348 551 275 551 275 552 348 552 276 552 348 553 349 553 276 553 276 554 349 554 277 554 349 555 350 555 277 555 277 556 350 556 278 556 350 557 351 557 278 557 278 558 351 558 279 558 351 559 352 559 279 559 279 560 352 560 280 560 352 561 353 561 280 561 280 562 353 562 281 562 353 563 354 563 281 563 281 564 354 564 282 564 354 565 355 565 282 565 282 566 355 566 283 566 355 567 356 567 283 567 283 568 356 568 284 568 356 569 357 569 284 569 284 570 357 570 285 570 357 571 358 571 285 571 285 572 358 572 286 572 358 573 359 573 286 573 286 574 359 574 287 574 359 575 288 575 287 575 359 576 360 576 288 576 360 577 361 577 288 577 288 578 361 578 289 578 361 579 362 579 289 579 289 580 362 580 290 580 362 581 363 581 290 581 290 582 363 582 291 582 363 583 364 583 291 583 291 584 364 584 292 584 364 585 365 585 292 585 292 586 365 586 293 586 365 587 366 587 293 587 293 588 366 588 294 588 366 589 367 589 294 589 294 590 367 590 295 590 367 591 368 591 295 591 295 592 368 592 296 592 368 593 369 593 296 593 296 594 369 594 297 594 369 595 370 595 297 595 297 596 370 596 298 596 370 597 371 597 298 597 298 598 371 598 299 598 371 599 372 599 299 599 299 600 372 600 300 600 372 601 373 601 300 601 300 602 373 602 301 602 373 603 374 603 301 603 301 604 374 604 302 604 374 605 375 605 302 605 302 606 375 606 303 606 375 607 376 607 303 607 303 608 376 608 304 608 376 609 377 609 304 609 304 610 377 610 305 610 377 611 378 611 305 611 305 612 378 612 306 612 378 613 379 613 306 613 306 614 379 614 307 614 379 615 380 615 307 615 307 616 380 616 308 616 380 617 381 617 308 617 308 618 381 618 309 618 381 619 382 619 309 619 309 620 382 620 310 620 382 621 383 621 310 621 310 622 383 622 311 622 383 623 384 623 311 623 311 624 384 624 312 624 384 625 385 625 312 625 312 626 385 626 313 626 385 627 386 627 313 627 313 628 386 628 314 628 386 629 387 629 314 629 314 630 387 630 315 630 387 631 388 631 315 631 315 632 388 632 316 632 388 633 389 633 316 633 316 634 389 634 317 634 389 635 390 635 317 635 317 636 390 636 318 636 390 637 391 637 318 637 318 638 391 638 319 638 391 639 392 639 319 639 319 640 392 640 320 640 392 641 393 641 320 641 320 642 393 642 321 642 393 643 394 643 321 643 321 644 394 644 322 644 394 645 395 645 322 645 322 646 395 646 323 646 395 647 396 647 323 647 323 648 396 648 324 648 396 649 397 649 324 649 324 650 397 650 325 650 397 651 398 651 325 651 325 652 398 652 326 652 398 653 399 653 326 653 326 654 399 654 327 654 399 655 400 655 327 655 327 656 400 656 328 656 400 657 401 657 328 657 328 658 401 658 329 658 401 659 402 659 329 659 329 660 402 660 330 660 402 661 403 661 330 661 330 662 403 662 331 662 403 663 404 663 331 663 331 664 404 664 332 664 404 665 405 665 332 665 332 666 405 666 333 666 405 667 406 667 333 667 333 668 406 668 334 668 406 669 407 669 334 669 334 670 407 670 335 670 407 671 408 671 335 671 335 672 408 672 336 672 408 673 409 673 336 673 336 674 409 674 337 674 409 675 410 675 337 675 337 676 410 676 338 676 410 677 411 677 338 677 338 678 411 678 339 678 411 679 412 679 339 679 339 680 412 680 340 680 412 681 413 681 340 681 340 682 413 682 341 682 413 683 414 683 341 683 341 684 414 684 342 684 414 685 415 685 342 685 342 686 415 686 343 686 415 687 416 687 343 687 343 688 416 688 344 688 416 689 417 689 344 689 344 690 417 690 345 690 417 691 418 691 345 691 345 692 418 692 346 692 418 693 419 693 346 693 346 694 419 694 347 694 419 695 420 695 347 695 347 696 420 696 348 696 420 697 421 697 348 697 348 698 421 698 349 698 421 699 422 699 349 699 349 700 422 700 350 700 422 701 423 701 350 701 350 702 423 702 351 702 423 703 424 703 351 703 351 704 424 704 352 704 424 705 425 705 352 705 352 706 425 706 353 706 425 707 426 707 353 707 353 708 426 708 354 708 426 709 427 709 354 709 354 710 427 710 355 710 427 711 428 711 355 711 355 712 428 712 356 712 428 713 429 713 356 713 356 714 429 714 357 714 429 715 430 715 357 715 357 716 430 716 358 716 430 717 431 717 358 717 358 718 431 718 359 718 431 719 360 719 359 719 431 720 432 720 360 720 432 721 433 721 360 721 360 722 433 722 361 722 433 723 434 723 361 723 361 724 434 724 362 724 434 725 435 725 362 725 362 726 435 726 363 726 435 727 436 727 363 727 363 728 436 728 364 728 436 729 437 729 364 729 364 730 437 730 365 730 437 731 438 731 365 731 365 732 438 732 366 732 438 733 439 733 366 733 366 734 439 734 367 734 439 735 440 735 367 735 367 736 440 736 368 736 440 737 441 737 368 737 368 738 441 738 369 738 441 739 442 739 369 739 369 740 442 740 370 740 442 741 443 741 370 741 370 742 443 742 371 742 443 743 444 743 371 743 371 744 444 744 372 744 444 745 445 745 372 745 372 746 445 746 373 746 445 747 446 747 373 747 373 748 446 748 374 748 446 749 447 749 374 749 374 750 447 750 375 750 447 751 448 751 375 751 375 752 448 752 376 752 448 753 449 753 376 753 376 754 449 754 377 754 449 755 450 755 377 755 377 756 450 756 378 756 450 757 451 757 378 757 378 758 451 758 379 758 451 759 452 759 379 759 379 760 452 760 380 760 452 761 453 761 380 761 380 762 453 762 381 762 453 763 454 763 381 763 381 764 454 764 382 764 454 765 455 765 382 765 382 766 455 766 383 766 455 767 456 767 383 767 383 768 456 768 384 768 456 769 457 769 384 769 384 770 457 770 385 770 457 771 458 771 385 771 385 772 458 772 386 772 458 773 459 773 386 773 386 774 459 774 387 774 459 775 460 775 387 775 387 776 460 776 388 776 460 777 461 777 388 777 388 778 461 778 389 778 461 779 462 779 389 779 389 780 462 780 390 780 462 781 463 781 390 781 390 782 463 782 391 782 463 783 464 783 391 783 391 784 464 784 392 784 464 785 465 785 392 785 392 786 465 786 393 786 465 787 466 787 393 787 393 788 466 788 394 788 466 789 467 789 394 789 394 790 467 790 395 790 467 791 468 791 395 791 395 792 468 792 396 792 468 793 469 793 396 793 396 794 469 794 397 794 469 795 470 795 397 795 397 796 470 796 398 796 470 797 471 797 398 797 398 798 471 798 399 798 471 799 472 799 399 799 399 800 472 800 400 800 472 801 473 801 400 801 400 802 473 802 401 802 473 803 474 803 401 803 401 804 474 804 402 804 474 805 475 805 402 805 402 806 475 806 403 806 475 807 476 807 403 807 403 808 476 808 404 808 476 809 477 809 404 809 404 810 477 810 405 810 477 811 478 811 405 811 405 812 478 812 406 812 478 813 479 813 406 813 406 814 479 814 407 814 479 815 480 815 407 815 407 816 480 816 408 816 480 817 481 817 408 817 408 818 481 818 409 818 481 819 482 819 409 819 409 820 482 820 410 820 482 821 483 821 410 821 410 822 483 822 411 822 483 823 484 823 411 823 411 824 484 824 412 824 484 825 485 825 412 825 412 826 485 826 413 826 485 827 486 827 413 827 413 828 486 828 414 828 486 829 487 829 414 829 414 830 487 830 415 830 487 831 488 831 415 831 415 832 488 832 416 832 488 833 489 833 416 833 416 834 489 834 417 834 489 835 490 835 417 835 417 836 490 836 418 836 490 837 491 837 418 837 418 838 491 838 419 838 491 839 492 839 419 839 419 840 492 840 420 840 492 841 493 841 420 841 420 842 493 842 421 842 493 843 494 843 421 843 421 844 494 844 422 844 494 845 495 845 422 845 422 846 495 846 423 846 495 847 496 847 423 847 423 848 496 848 424 848 496 849 497 849 424 849 424 850 497 850 425 850 497 851 498 851 425 851 425 852 498 852 426 852 498 853 499 853 426 853 426 854 499 854 427 854 499 855 500 855 427 855 427 856 500 856 428 856 500 857 501 857 428 857 428 858 501 858 429 858 501 859 502 859 429 859 429 860 502 860 430 860 502 861 503 861 430 861 430 862 503 862 431 862 503 863 432 863 431 863 503 864 504 864 432 864 504 865 505 865 432 865 432 866 505 866 433 866 505 867 506 867 433 867 433 868 506 868 434 868 506 869 507 869 434 869 434 870 507 870 435 870 507 871 508 871 435 871 435 872 508 872 436 872 508 873 509 873 436 873 436 874 509 874 437 874 509 875 510 875 437 875 437 876 510 876 438 876 510 877 511 877 438 877 438 878 511 878 439 878 511 879 512 879 439 879 439 880 512 880 440 880 512 881 513 881 440 881 440 882 513 882 441 882 513 883 514 883 441 883 441 884 514 884 442 884 514 885 515 885 442 885 442 886 515 886 443 886 515 887 516 887 443 887 443 888 516 888 444 888 516 889 517 889 444 889 444 890 517 890 445 890 517 891 518 891 445 891 445 892 518 892 446 892 518 893 519 893 446 893 446 894 519 894 447 894 519 895 520 895 447 895 447 896 520 896 448 896 520 897 521 897 448 897 448 898 521 898 449 898 521 899 522 899 449 899 449 900 522 900 450 900 522 901 523 901 450 901 450 902 523 902 451 902 523 903 524 903 451 903 451 904 524 904 452 904 524 905 525 905 452 905 452 906 525 906 453 906 525 907 526 907 453 907 453 908 526 908 454 908 526 909 527 909 454 909 454 910 527 910 455 910 527 911 528 911 455 911 455 912 528 912 456 912 528 913 529 913 456 913 456 914 529 914 457 914 529 915 530 915 457 915 457 916 530 916 458 916 530 917 531 917 458 917 458 918 531 918 459 918 531 919 532 919 459 919 459 920 532 920 460 920 532 921 533 921 460 921 460 922 533 922 461 922 533 923 534 923 461 923 461 924 534 924 462 924 534 925 535 925 462 925 462 926 535 926 463 926 535 927 536 927 463 927 463 928 536 928 464 928 536 929 537 929 464 929 464 930 537 930 465 930 537 931 538 931 465 931 465 932 538 932 466 932 538 933 539 933 466 933 466 934 539 934 467 934 539 935 540 935 467 935 467 936 540 936 468 936 540 937 541 937 468 937 468 938 541 938 469 938 541 939 542 939 469 939 469 940 542 940 470 940 542 941 543 941 470 941 470 942 543 942 471 942 543 943 544 943 471 943 471 944 544 944 472 944 544 945 545 945 472 945 472 946 545 946 473 946 545 947 546 947 473 947 473 948 546 948 474 948 546 949 547 949 474 949 474 950 547 950 475 950 547 951 548 951 475 951 475 952 548 952 476 952 548 953 549 953 476 953 476 954 549 954 477 954 549 955 550 955 477 955 477 956 550 956 478 956 550 957 551 957 478 957 478 958 551 958 479 958 551 959 552 959 479 959 479 960 552 960 480 960 552 961 553 961 480 961 480 962 553 962 481 962 553 963 554 963 481 963 481 964 554 964 482 964 554 965 555 965 482 965 482 966 555 966 483 966 555 967 556 967 483 967 483 968 556 968 484 968 556 969 557 969 484 969 484 970 557 970 485 970 557 971 558 971 485 971 485 972 558 972 486 972 558 973 559 973 486 973 486 974 559 974 487 974 559 975 560 975 487 975 487 976 560 976 488 976 560 977 561 977 488 977 488 978 561 978 489 978 561 979 562 979 489 979 489 980 562 980 490 980 562 981 563 981 490 981 490 982 563 982 491 982 563 983 564 983 491 983 491 984 564 984 492 984 564 985 565 985 492 985 492 986 565 986 493 986 565 987 566 987 493 987 493 988 566 988 494 988 566 989 567 989 494 989 494 990 567 990 495 990 567 991 568 991 495 991 495 992 568 992 496 992 568 993 569 993 496 993 496 994 569 994 497 994 569 995 570 995 497 995 497 996 570 996 498 996 570 997 571 997 498 997 498 998 571 998 499 998 571 999 572 999 499 999 499 1000 572 1000 500 1000 572 1001 573 1001 500 1001 500 1002 573 1002 501 1002 573 1003 574 1003 501 1003 501 1004 574 1004 502 1004 574 1005 575 1005 502 1005 502 1006 575 1006 503 1006 575 1007 504 1007 503 1007 575 1008 576 1008 504 1008 576 1009 577 1009 504 1009 504 1010 577 1010 505 1010 577 1011 578 1011 505 1011 505 1012 578 1012 506 1012 578 1013 579 1013 506 1013 506 1014 579 1014 507 1014 579 1015 580 1015 507 1015 507 1016 580 1016 508 1016 580 1017 581 1017 508 1017 508 1018 581 1018 509 1018 581 1019 582 1019 509 1019 509 1020 582 1020 510 1020 582 1021 583 1021 510 1021 510 1022 583 1022 511 1022 583 1023 584 1023 511 1023 511 1024 584 1024 512 1024 584 1025 585 1025 512 1025 512 1026 585 1026 513 1026 585 1027 586 1027 513 1027 513 1028 586 1028 514 1028 586 1029 587 1029 514 1029 514 1030 587 1030 515 1030 587 1031 588 1031 515 1031 515 1032 588 1032 516 1032 588 1033 589 1033 516 1033 516 1034 589 1034 517 1034 589 1035 590 1035 517 1035 517 1036 590 1036 518 1036 590 1037 591 1037 518 1037 518 1038 591 1038 519 1038 591 1039 592 1039 519 1039 519 1040 592 1040 520 1040 592 1041 593 1041 520 1041 520 1042 593 1042 521 1042 593 1043 594 1043 521 1043 521 1044 594 1044 522 1044 594 1045 595 1045 522 1045 522 1046 595 1046 523 1046 595 1047 596 1047 523 1047 523 1048 596 1048 524 1048 596 1049 597 1049 524 1049 524 1050 597 1050 525 1050 597 1051 598 1051 525 1051 525 1052 598 1052 526 1052 598 1053 599 1053 526 1053 526 1054 599 1054 527 1054 599 1055 600 1055 527 1055 527 1056 600 1056 528 1056 600 1057 601 1057 528 1057 528 1058 601 1058 529 1058 601 1059 602 1059 529 1059 529 1060 602 1060 530 1060 602 1061 603 1061 530 1061 530 1062 603 1062 531 1062 603 1063 604 1063 531 1063 531 1064 604 1064 532 1064 604 1065 605 1065 532 1065 532 1066 605 1066 533 1066 605 1067 606 1067 533 1067 533 1068 606 1068 534 1068 606 1069 607 1069 534 1069 534 1070 607 1070 535 1070 607 1071 608 1071 535 1071 535 1072 608 1072 536 1072 608 1073 609 1073 536 1073 536 1074 609 1074 537 1074 609 1075 610 1075 537 1075 537 1076 610 1076 538 1076 610 1077 611 1077 538 1077 538 1078 611 1078 539 1078 611 1079 612 1079 539 1079 539 1080 612 1080 540 1080 612 1081 613 1081 540 1081 540 1082 613 1082 541 1082 613 1083 614 1083 541 1083 541 1084 614 1084 542 1084 614 1085 615 1085 542 1085 542 1086 615 1086 543 1086 615 1087 616 1087 543 1087 543 1088 616 1088 544 1088 616 1089 617 1089 544 1089 544 1090 617 1090 545 1090 617 1091 618 1091 545 1091 545 1092 618 1092 546 1092 618 1093 619 1093 546 1093 546 1094 619 1094 547 1094 619 1095 620 1095 547 1095 547 1096 620 1096 548 1096 620 1097 621 1097 548 1097 548 1098 621 1098 549 1098 621 1099 622 1099 549 1099 549 1100 622 1100 550 1100 622 1101 623 1101 550 1101 550 1102 623 1102 551 1102 623 1103 624 1103 551 1103 551 1104 624 1104 552 1104 624 1105 625 1105 552 1105 552 1106 625 1106 553 1106 625 1107 626 1107 553 1107 553 1108 626 1108 554 1108 626 1109 627 1109 554 1109 554 1110 627 1110 555 1110 627 1111 628 1111 555 1111 555 1112 628 1112 556 1112 628 1113 629 1113 556 1113 556 1114 629 1114 557 1114 629 1115 630 1115 557 1115 557 1116 630 1116 558 1116 630 1117 631 1117 558 1117 558 1118 631 1118 559 1118 631 1119 632 1119 559 1119 559 1120 632 1120 560 1120 632 1121 633 1121 560 1121 560 1122 633 1122 561 1122 633 1123 634 1123 561 1123 561 1124 634 1124 562 1124 634 1125 635 1125 562 1125 562 1126 635 1126 563 1126 635 1127 636 1127 563 1127 563 1128 636 1128 564 1128 636 1129 637 1129 564 1129 564 1130 637 1130 565 1130 637 1131 638 1131 565 1131 565 1132 638 1132 566 1132 638 1133 639 1133 566 1133 566 1134 639 1134 567 1134 639 1135 640 1135 567 1135 567 1136 640 1136 568 1136 640 1137 641 1137 568 1137 568 1138 641 1138 569 1138 641 1139 642 1139 569 1139 569 1140 642 1140 570 1140 642 1141 643 1141 570 1141 570 1142 643 1142 571 1142 643 1143 644 1143 571 1143 571 1144 644 1144 572 1144 644 1145 645 1145 572 1145 572 1146 645 1146 573 1146 645 1147 646 1147 573 1147 573 1148 646 1148 574 1148 646 1149 647 1149 574 1149 574 1150 647 1150 575 1150 647 1151 576 1151 575 1151 647 1152 648 1152 576 1152 648 1153 649 1153 576 1153 576 1154 649 1154 577 1154 649 1155 650 1155 577 1155 577 1156 650 1156 578 1156 650 1157 651 1157 578 1157 578 1158 651 1158 579 1158 651 1159 652 1159 579 1159 579 1160 652 1160 580 1160 652 1161 653 1161 580 1161 580 1162 653 1162 581 1162 653 1163 654 1163 581 1163 581 1164 654 1164 582 1164 654 1165 655 1165 582 1165 582 1166 655 1166 583 1166 655 1167 656 1167 583 1167 583 1168 656 1168 584 1168 656 1169 657 1169 584 1169 584 1170 657 1170 585 1170 657 1171 658 1171 585 1171 585 1172 658 1172 586 1172 658 1173 659 1173 586 1173 586 1174 659 1174 587 1174 659 1175 660 1175 587 1175 587 1176 660 1176 588 1176 660 1177 661 1177 588 1177 588 1178 661 1178 589 1178 661 1179 662 1179 589 1179 589 1180 662 1180 590 1180 662 1181 663 1181 590 1181 590 1182 663 1182 591 1182 663 1183 664 1183 591 1183 591 1184 664 1184 592 1184 664 1185 665 1185 592 1185 592 1186 665 1186 593 1186 665 1187 666 1187 593 1187 593 1188 666 1188 594 1188 666 1189 667 1189 594 1189 594 1190 667 1190 595 1190 667 1191 668 1191 595 1191 595 1192 668 1192 596 1192 668 1193 669 1193 596 1193 596 1194 669 1194 597 1194 669 1195 670 1195 597 1195 597 1196 670 1196 598 1196 670 1197 671 1197 598 1197 598 1198 671 1198 599 1198 671 1199 672 1199 599 1199 599 1200 672 1200 600 1200 672 1201 673 1201 600 1201 600 1202 673 1202 601 1202 673 1203 674 1203 601 1203 601 1204 674 1204 602 1204 674 1205 675 1205 602 1205 602 1206 675 1206 603 1206 675 1207 676 1207 603 1207 603 1208 676 1208 604 1208 676 1209 677 1209 604 1209 604 1210 677 1210 605 1210 677 1211 678 1211 605 1211 605 1212 678 1212 606 1212 678 1213 679 1213 606 1213 606 1214 679 1214 607 1214 679 1215 680 1215 607 1215 607 1216 680 1216 608 1216 680 1217 681 1217 608 1217 608 1218 681 1218 609 1218 681 1219 682 1219 609 1219 609 1220 682 1220 610 1220 682 1221 683 1221 610 1221 610 1222 683 1222 611 1222 683 1223 684 1223 611 1223 611 1224 684 1224 612 1224 684 1225 685 1225 612 1225 612 1226 685 1226 613 1226 685 1227 686 1227 613 1227 613 1228 686 1228 614 1228 686 1229 687 1229 614 1229 614 1230 687 1230 615 1230 687 1231 688 1231 615 1231 615 1232 688 1232 616 1232 688 1233 689 1233 616 1233 616 1234 689 1234 617 1234 689 1235 690 1235 617 1235 617 1236 690 1236 618 1236 690 1237 691 1237 618 1237 618 1238 691 1238 619 1238 691 1239 692 1239 619 1239 619 1240 692 1240 620 1240 692 1241 693 1241 620 1241 620 1242 693 1242 621 1242 693 1243 694 1243 621 1243 621 1244 694 1244 622 1244 694 1245 695 1245 622 1245 622 1246 695 1246 623 1246 695 1247 696 1247 623 1247 623 1248 696 1248 624 1248 696 1249 697 1249 624 1249 624 1250 697 1250 625 1250 697 1251 698 1251 625 1251 625 1252 698 1252 626 1252 698 1253 699 1253 626 1253 626 1254 699 1254 627 1254 699 1255 700 1255 627 1255 627 1256 700 1256 628 1256 700 1257 701 1257 628 1257 628 1258 701 1258 629 1258 701 1259 702 1259 629 1259 629 1260 702 1260 630 1260 702 1261 703 1261 630 1261 630 1262 703 1262 631 1262 703 1263 704 1263 631 1263 631 1264 704 1264 632 1264 704 1265 705 1265 632 1265 632 1266 705 1266 633 1266 705 1267 706 1267 633 1267 633 1268 706 1268 634 1268 706 1269 707 1269 634 1269 634 1270 707 1270 635 1270 707 1271 708 1271 635 1271 635 1272 708 1272 636 1272 708 1273 709 1273 636 1273 636 1274 709 1274 637 1274 709 1275 710 1275 637 1275 637 1276 710 1276 638 1276 710 1277 711 1277 638 1277 638 1278 711 1278 639 1278 711 1279 712 1279 639 1279 639 1280 712 1280 640 1280 712 1281 713 1281 640 1281 640 1282 713 1282 641 1282 713 1283 714 1283 641 1283 641 1284 714 1284 642 1284 714 1285 715 1285 642 1285 642 1286 715 1286 643 1286 715 1287 716 1287 643 1287 643 1288 716 1288 644 1288 716 1289 717 1289 644 1289 644 1290 717 1290 645 1290 717 1291 718 1291 645 1291 645 1292 718 1292 646 1292 718 1293 719 1293 646 1293 646 1294 719 1294 647 1294 719 1295 648 1295 647 1295 719 1296 720 1296 648 1296 720 1297 721 1297 648 1297 648 1298 721 1298 649 1298 721 1299 722 1299 649 1299 649 1300 722 1300 650 1300 722 1301 723 1301 650 1301 650 1302 723 1302 651 1302 723 1303 724 1303 651 1303 651 1304 724 1304 652 1304 724 1305 725 1305 652 1305 652 1306 725 1306 653 1306 725 1307 726 1307 653 1307 653 1308 726 1308 654 1308 726 1309 727 1309 654 1309 654 1310 727 1310 655 1310 727 1311 728 1311 655 1311 655 1312 728 1312 656 1312 728 1313 729 1313 656 1313 656 1314 729 1314 657 1314 729 1315 730 1315 657 1315 657 1316 730 1316 658 1316 730 1317 731 1317 658 1317 658 1318 731 1318 659 1318 731 1319 732 1319 659 1319 659 1320 732 1320 660 1320 732 1321 733 1321 660 1321 660 1322 733 1322 661 1322 733 1323 734 1323 661 1323 661 1324 734 1324 662 1324 734 1325 735 1325 662 1325 662 1326 735 1326 663 1326 735 1327 736 1327 663 1327 663 1328 736 1328 664 1328 736 1329 737 1329 664 1329 664 1330 737 1330 665 1330 737 1331 738 1331 665 1331 665 1332 738 1332 666 1332 738 1333 739 1333 666 1333 666 1334 739 1334 667 1334 739 1335 740 1335 667 1335 667 1336 740 1336 668 1336 740 1337 741 1337 668 1337 668 1338 741 1338 669 1338 741 1339 742 1339 669 1339 669 1340 742 1340 670 1340 742 1341 743 1341 670 1341 670 1342 743 1342 671 1342 743 1343 744 1343 671 1343 671 1344 744 1344 672 1344 744 1345 745 1345 672 1345 672 1346 745 1346 673 1346 745 1347 746 1347 673 1347 673 1348 746 1348 674 1348 746 1349 747 1349 674 1349 674 1350 747 1350 675 1350 747 1351 748 1351 675 1351 675 1352 748 1352 676 1352 748 1353 749 1353 676 1353 676 1354 749 1354 677 1354 749 1355 750 1355 677 1355 677 1356 750 1356 678 1356 750 1357 751 1357 678 1357 678 1358 751 1358 679 1358 751 1359 752 1359 679 1359 679 1360 752 1360 680 1360 752 1361 753 1361 680 1361 680 1362 753 1362 681 1362 753 1363 754 1363 681 1363 681 1364 754 1364 682 1364 754 1365 755 1365 682 1365 682 1366 755 1366 683 1366 755 1367 756 1367 683 1367 683 1368 756 1368 684 1368 756 1369 757 1369 684 1369 684 1370 757 1370 685 1370 757 1371 758 1371 685 1371 685 1372 758 1372 686 1372 758 1373 759 1373 686 1373 686 1374 759 1374 687 1374 759 1375 760 1375 687 1375 687 1376 760 1376 688 1376 760 1377 761 1377 688 1377 688 1378 761 1378 689 1378 761 1379 762 1379 689 1379 689 1380 762 1380 690 1380 762 1381 763 1381 690 1381 690 1382 763 1382 691 1382 763 1383 764 1383 691 1383 691 1384 764 1384 692 1384 764 1385 765 1385 692 1385 692 1386 765 1386 693 1386 765 1387 766 1387 693 1387 693 1388 766 1388 694 1388 766 1389 767 1389 694 1389 694 1390 767 1390 695 1390 767 1391 768 1391 695 1391 695 1392 768 1392 696 1392 768 1393 769 1393 696 1393 696 1394 769 1394 697 1394 769 1395 770 1395 697 1395 697 1396 770 1396 698 1396 770 1397 771 1397 698 1397 698 1398 771 1398 699 1398 771 1399 772 1399 699 1399 699 1400 772 1400 700 1400 772 1401 773 1401 700 1401 700 1402 773 1402 701 1402 773 1403 774 1403 701 1403 701 1404 774 1404 702 1404 774 1405 775 1405 702 1405 702 1406 775 1406 703 1406 775 1407 776 1407 703 1407 703 1408 776 1408 704 1408 776 1409 777 1409 704 1409 704 1410 777 1410 705 1410 777 1411 778 1411 705 1411 705 1412 778 1412 706 1412 778 1413 779 1413 706 1413 706 1414 779 1414 707 1414 779 1415 780 1415 707 1415 707 1416 780 1416 708 1416 780 1417 781 1417 708 1417 708 1418 781 1418 709 1418 781 1419 782 1419 709 1419 709 1420 782 1420 710 1420 782 1421 783 1421 710 1421 710 1422 783 1422 711 1422 783 1423 784 1423 711 1423 711 1424 784 1424 712 1424 784 1425 785 1425 712 1425 712 1426 785 1426 713 1426 785 1427 786 1427 713 1427 713 1428 786 1428 714 1428 786 1429 787 1429 714 1429 714 1430 787 1430 715 1430 787 1431 788 1431 715 1431 715 1432 788 1432 716 1432 788 1433 789 1433 716 1433 716 1434 789 1434 717 1434 789 1435 790 1435 717 1435 717 1436 790 1436 718 1436 790 1437 791 1437 718 1437 718 1438 791 1438 719 1438 791 1439 720 1439 719 1439 791 1440 792 1440 720 1440 792 1441 793 1441 720 1441 720 1442 793 1442 721 1442 793 1443 794 1443 721 1443 721 1444 794 1444 722 1444 794 1445 795 1445 722 1445 722 1446 795 1446 723 1446 795 1447 796 1447 723 1447 723 1448 796 1448 724 1448 796 1449 797 1449 724 1449 724 1450 797 1450 725 1450 797 1451 798 1451 725 1451 725 1452 798 1452 726 1452 798 1453 799 1453 726 1453 726 1454 799 1454 727 1454 799 1455 800 1455 727 1455 727 1456 800 1456 728 1456 800 1457 801 1457 728 1457 728 1458 801 1458 729 1458 801 1459 802 1459 729 1459 729 1460 802 1460 730 1460 802 1461 803 1461 730 1461 730 1462 803 1462 731 1462 803 1463 804 1463 731 1463 731 1464 804 1464 732 1464 804 1465 805 1465 732 1465 732 1466 805 1466 733 1466 805 1467 806 1467 733 1467 733 1468 806 1468 734 1468 806 1469 807 1469 734 1469 734 1470 807 1470 735 1470 807 1471 808 1471 735 1471 735 1472 808 1472 736 1472 808 1473 809 1473 736 1473 736 1474 809 1474 737 1474 809 1475 810 1475 737 1475 737 1476 810 1476 738 1476 810 1477 811 1477 738 1477 738 1478 811 1478 739 1478 811 1479 812 1479 739 1479 739 1480 812 1480 740 1480 812 1481 813 1481 740 1481 740 1482 813 1482 741 1482 813 1483 814 1483 741 1483 741 1484 814 1484 742 1484 814 1485 815 1485 742 1485 742 1486 815 1486 743 1486 815 1487 816 1487 743 1487 743 1488 816 1488 744 1488 816 1489 817 1489 744 1489 744 1490 817 1490 745 1490 817 1491 818 1491 745 1491 745 1492 818 1492 746 1492 818 1493 819 1493 746 1493 746 1494 819 1494 747 1494 819 1495 820 1495 747 1495 747 1496 820 1496 748 1496 820 1497 821 1497 748 1497 748 1498 821 1498 749 1498 821 1499 822 1499 749 1499 749 1500 822 1500 750 1500 822 1501 823 1501 750 1501 750 1502 823 1502 751 1502 823 1503 824 1503 751 1503 751 1504 824 1504 752 1504 824 1505 825 1505 752 1505 752 1506 825 1506 753 1506 825 1507 826 1507 753 1507 753 1508 826 1508 754 1508 826 1509 827 1509 754 1509 754 1510 827 1510 755 1510 827 1511 828 1511 755 1511 755 1512 828 1512 756 1512 828 1513 829 1513 756 1513 756 1514 829 1514 757 1514 829 1515 830 1515 757 1515 757 1516 830 1516 758 1516 830 1517 831 1517 758 1517 758 1518 831 1518 759 1518 831 1519 832 1519 759 1519 759 1520 832 1520 760 1520 832 1521 833 1521 760 1521 760 1522 833 1522 761 1522 833 1523 834 1523 761 1523 761 1524 834 1524 762 1524 834 1525 835 1525 762 1525 762 1526 835 1526 763 1526 835 1527 836 1527 763 1527 763 1528 836 1528 764 1528 836 1529 837 1529 764 1529 764 1530 837 1530 765 1530 837 1531 838 1531 765 1531 765 1532 838 1532 766 1532 838 1533 839 1533 766 1533 766 1534 839 1534 767 1534 839 1535 840 1535 767 1535 767 1536 840 1536 768 1536 840 1537 841 1537 768 1537 768 1538 841 1538 769 1538 841 1539 842 1539 769 1539 769 1540 842 1540 770 1540 842 1541 843 1541 770 1541 770 1542 843 1542 771 1542 843 1543 844 1543 771 1543 771 1544 844 1544 772 1544 844 1545 845 1545 772 1545 772 1546 845 1546 773 1546 845 1547 846 1547 773 1547 773 1548 846 1548 774 1548 846 1549 847 1549 774 1549 774 1550 847 1550 775 1550 847 1551 848 1551 775 1551 775 1552 848 1552 776 1552 848 1553 849 1553 776 1553 776 1554 849 1554 777 1554 849 1555 850 1555 777 1555 777 1556 850 1556 778 1556 850 1557 851 1557 778 1557 778 1558 851 1558 779 1558 851 1559 852 1559 779 1559 779 1560 852 1560 780 1560 852 1561 853 1561 780 1561 780 1562 853 1562 781 1562 853 1563 854 1563 781 1563 781 1564 854 1564 782 1564 854 1565 855 1565 782 1565 782 1566 855 1566 783 1566 855 1567 856 1567 783 1567 783 1568 856 1568 784 1568 856 1569 857 1569 784 1569 784 1570 857 1570 785 1570 857 1571 858 1571 785 1571 785 1572 858 1572 786 1572 858 1573 859 1573 786 1573 786 1574 859 1574 787 1574 859 1575 860 1575 787 1575 787 1576 860 1576 788 1576 860 1577 861 1577 788 1577 788 1578 861 1578 789 1578 861 1579 862 1579 789 1579 789 1580 862 1580 790 1580 862 1581 863 1581 790 1581 790 1582 863 1582 791 1582 863 1583 792 1583 791 1583 863 1584 864 1584 792 1584 864 1585 865 1585 792 1585 792 1586 865 1586 793 1586 865 1587 866 1587 793 1587 793 1588 866 1588 794 1588 866 1589 867 1589 794 1589 794 1590 867 1590 795 1590 867 1591 868 1591 795 1591 795 1592 868 1592 796 1592 868 1593 869 1593 796 1593 796 1594 869 1594 797 1594 869 1595 870 1595 797 1595 797 1596 870 1596 798 1596 870 1597 871 1597 798 1597 798 1598 871 1598 799 1598 871 1599 872 1599 799 1599 799 1600 872 1600 800 1600 872 1601 873 1601 800 1601 800 1602 873 1602 801 1602 873 1603 874 1603 801 1603 801 1604 874 1604 802 1604 874 1605 875 1605 802 1605 802 1606 875 1606 803 1606 875 1607 876 1607 803 1607 803 1608 876 1608 804 1608 876 1609 877 1609 804 1609 804 1610 877 1610 805 1610 877 1611 878 1611 805 1611 805 1612 878 1612 806 1612 878 1613 879 1613 806 1613 806 1614 879 1614 807 1614 879 1615 880 1615 807 1615 807 1616 880 1616 808 1616 880 1617 881 1617 808 1617 808 1618 881 1618 809 1618 881 1619 882 1619 809 1619 809 1620 882 1620 810 1620 882 1621 883 1621 810 1621 810 1622 883 1622 811 1622 883 1623 884 1623 811 1623 811 1624 884 1624 812 1624 884 1625 885 1625 812 1625 812 1626 885 1626 813 1626 885 1627 886 1627 813 1627 813 1628 886 1628 814 1628 886 1629 887 1629 814 1629 814 1630 887 1630 815 1630 887 1631 888 1631 815 1631 815 1632 888 1632 816 1632 888 1633 889 1633 816 1633 816 1634 889 1634 817 1634 889 1635 890 1635 817 1635 817 1636 890 1636 818 1636 890 1637 891 1637 818 1637 818 1638 891 1638 819 1638 891 1639 892 1639 819 1639 819 1640 892 1640 820 1640 892 1641 893 1641 820 1641 820 1642 893 1642 821 1642 893 1643 894 1643 821 1643 821 1644 894 1644 822 1644 894 1645 895 1645 822 1645 822 1646 895 1646 823 1646 895 1647 896 1647 823 1647 823 1648 896 1648 824 1648 896 1649 897 1649 824 1649 824 1650 897 1650 825 1650 897 1651 898 1651 825 1651 825 1652 898 1652 826 1652 898 1653 899 1653 826 1653 826 1654 899 1654 827 1654 899 1655 900 1655 827 1655 827 1656 900 1656 828 1656 900 1657 901 1657 828 1657 828 1658 901 1658 829 1658 901 1659 902 1659 829 1659 829 1660 902 1660 830 1660 902 1661 903 1661 830 1661 830 1662 903 1662 831 1662 903 1663 904 1663 831 1663 831 1664 904 1664 832 1664 904 1665 905 1665 832 1665 832 1666 905 1666 833 1666 905 1667 906 1667 833 1667 833 1668 906 1668 834 1668 906 1669 907 1669 834 1669 834 1670 907 1670 835 1670 907 1671 908 1671 835 1671 835 1672 908 1672 836 1672 908 1673 909 1673 836 1673 836 1674 909 1674 837 1674 909 1675 910 1675 837 1675 837 1676 910 1676 838 1676 910 1677 911 1677 838 1677 838 1678 911 1678 839 1678 911 1679 912 1679 839 1679 839 1680 912 1680 840 1680 912 1681 913 1681 840 1681 840 1682 913 1682 841 1682 913 1683 914 1683 841 1683 841 1684 914 1684 842 1684 914 1685 915 1685 842 1685 842 1686 915 1686 843 1686 915 1687 916 1687 843 1687 843 1688 916 1688 844 1688 916 1689 917 1689 844 1689 844 1690 917 1690 845 1690 917 1691 918 1691 845 1691 845 1692 918 1692 846 1692 918 1693 919 1693 846 1693 846 1694 919 1694 847 1694 919 1695 920 1695 847 1695 847 1696 920 1696 848 1696 920 1697 921 1697 848 1697 848 1698 921 1698 849 1698 921 1699 922 1699 849 1699 849 1700 922 1700 850 1700 922 1701 923 1701 850 1701 850 1702 923 1702 851 1702 923 1703 924 1703 851 1703 851 1704 924 1704 852 1704 924 1705 925 1705 852 1705 852 1706 925 1706 853 1706 925 1707 926 1707 853 1707 853 1708 926 1708 854 1708 926 1709 927 1709 854 1709 854 1710 927 1710 855 1710 927 1711 928 1711 855 1711 855 1712 928 1712 856 1712 928 1713 929 1713 856 1713 856 1714 929 1714 857 1714 929 1715 930 1715 857 1715 857 1716 930 1716 858 1716 930 1717 931 1717 858 1717 858 1718 931 1718 859 1718 931 1719 932 1719 859 1719 859 1720 932 1720 860 1720 932 1721 933 1721 860 1721 860 1722 933 1722 861 1722 933 1723 934 1723 861 1723 861 1724 934 1724 862 1724 934 1725 935 1725 862 1725 862 1726 935 1726 863 1726 935 1727 864 1727 863 1727 935 1728 936 1728 864 1728 936 1729 937 1729 864 1729 864 1730 937 1730 865 1730 937 1731 938 1731 865 1731 865 1732 938 1732 866 1732 938 1733 939 1733 866 1733 866 1734 939 1734 867 1734 939 1735 940 1735 867 1735 867 1736 940 1736 868 1736 940 1737 941 1737 868 1737 868 1738 941 1738 869 1738 941 1739 942 1739 869 1739 869 1740 942 1740 870 1740 942 1741 943 1741 870 1741 870 1742 943 1742 871 1742 943 1743 944 1743 871 1743 871 1744 944 1744 872 1744 944 1745 945 1745 872 1745 872 1746 945 1746 873 1746 945 1747 946 1747 873 1747 873 1748 946 1748 874 1748 946 1749 947 1749 874 1749 874 1750 947 1750 875 1750 947 1751 948 1751 875 1751 875 1752 948 1752 876 1752 948 1753 949 1753 876 1753 876 1754 949 1754 877 1754 949 1755 950 1755 877 1755 877 1756 950 1756 878 1756 950 1757 951 1757 878 1757 878 1758 951 1758 879 1758 951 1759 952 1759 879 1759 879 1760 952 1760 880 1760 952 1761 953 1761 880 1761 880 1762 953 1762 881 1762 953 1763 954 1763 881 1763 881 1764 954 1764 882 1764 954 1765 955 1765 882 1765 882 1766 955 1766 883 1766 955 1767 956 1767 883 1767 883 1768 956 1768 884 1768 956 1769 957 1769 884 1769 884 1770 957 1770 885 1770 957 1771 958 1771 885 1771 885 1772 958 1772 886 1772 958 1773 959 1773 886 1773 886 1774 959 1774 887 1774 959 1775 960 1775 887 1775 887 1776 960 1776 888 1776 960 1777 961 1777 888 1777 888 1778 961 1778 889 1778 961 1779 962 1779 889 1779 889 1780 962 1780 890 1780 962 1781 963 1781 890 1781 890 1782 963 1782 891 1782 963 1783 964 1783 891 1783 891 1784 964 1784 892 1784 964 1785 965 1785 892 1785 892 1786 965 1786 893 1786 965 1787 966 1787 893 1787 893 1788 966 1788 894 1788 966 1789 967 1789 894 1789 894 1790 967 1790 895 1790 967 1791 968 1791 895 1791 895 1792 968 1792 896 1792 968 1793 969 1793 896 1793 896 1794 969 1794 897 1794 969 1795 970 1795 897 1795 897 1796 970 1796 898 1796 970 1797 971 1797 898 1797 898 1798 971 1798 899 1798 971 1799 972 1799 899 1799 899 1800 972 1800 900 1800 972 1801 973 1801 900 1801 900 1802 973 1802 901 1802 973 1803 974 1803 901 1803 901 1804 974 1804 902 1804 974 1805 975 1805 902 1805 902 1806 975 1806 903 1806 975 1807 976 1807 903 1807 903 1808 976 1808 904 1808 976 1809 977 1809 904 1809 904 1810 977 1810 905 1810 977 1811 978 1811 905 1811 905 1812 978 1812 906 1812 978 1813 979 1813 906 1813 906 1814 979 1814 907 1814 979 1815 980 1815 907 1815 907 1816 980 1816 908 1816 980 1817 981 1817 908 1817 908 1818 981 1818 909 1818 981 1819 982 1819 909 1819 909 1820 982 1820 910 1820 982 1821 983 1821 910 1821 910 1822 983 1822 911 1822 983 1823 984 1823 911 1823 911 1824 984 1824 912 1824 984 1825 985 1825 912 1825 912 1826 985 1826 913 1826 985 1827 986 1827 913 1827 913 1828 986 1828 914 1828 986 1829 987 1829 914 1829 914 1830 987 1830 915 1830 987 1831 988 1831 915 1831 915 1832 988 1832 916 1832 988 1833 989 1833 916 1833 916 1834 989 1834 917 1834 989 1835 990 1835 917 1835 917 1836 990 1836 918 1836 990 1837 991 1837 918 1837 918 1838 991 1838 919 1838 991 1839 992 1839 919 1839 919 1840 992 1840 920 1840 992 1841 993 1841 920 1841 920 1842 993 1842 921 1842 993 1843 994 1843 921 1843 921 1844 994 1844 922 1844 994 1845 995 1845 922 1845 922 1846 995 1846 923 1846 995 1847 996 1847 923 1847 923 1848 996 1848 924 1848 996 1849 997 1849 924 1849 924 1850 997 1850 925 1850 997 1851 998 1851 925 1851 925 1852 998 1852 926 1852 998 1853 999 1853 926 1853 926 1854 999 1854 927 1854 999 1855 1000 1855 927 1855 927 1856 1000 1856 928 1856 1000 1857 1001 1857 928 1857 928 1858 1001 1858 929 1858 1001 1859 1002 1859 929 1859 929 1860 1002 1860 930 1860 1002 1861 1003 1861 930 1861 930 1862 1003 1862 931 1862 1003 1863 1004 1863 931 1863 931 1864 1004 1864 932 1864 1004 1865 1005 1865 932 1865 932 1866 1005 1866 933 1866 1005 1867 1006 1867 933 1867 933 1868 1006 1868 934 1868 1006 1869 1007 1869 934 1869 934 1870 1007 1870 935 1870 1007 1871 936 1871 935 1871 1007 1872 1008 1872 936 1872 1008 1873 1009 1873 936 1873 936 1874 1009 1874 937 1874 1009 1875 1010 1875 937 1875 937 1876 1010 1876 938 1876 1010 1877 1011 1877 938 1877 938 1878 1011 1878 939 1878 1011 1879 1012 1879 939 1879 939 1880 1012 1880 940 1880 1012 1881 1013 1881 940 1881 940 1882 1013 1882 941 1882 1013 1883 1014 1883 941 1883 941 1884 1014 1884 942 1884 1014 1885 1015 1885 942 1885 942 1886 1015 1886 943 1886 1015 1887 1016 1887 943 1887 943 1888 1016 1888 944 1888 1016 1889 1017 1889 944 1889 944 1890 1017 1890 945 1890 1017 1891 1018 1891 945 1891 945 1892 1018 1892 946 1892 1018 1893 1019 1893 946 1893 946 1894 1019 1894 947 1894 1019 1895 1020 1895 947 1895 947 1896 1020 1896 948 1896 1020 1897 1021 1897 948 1897 948 1898 1021 1898 949 1898 1021 1899 1022 1899 949 1899 949 1900 1022 1900 950 1900 1022 1901 1023 1901 950 1901 950 1902 1023 1902 951 1902 1023 1903 1024 1903 951 1903 951 1904 1024 1904 952 1904 1024 1905 1025 1905 952 1905 952 1906 1025 1906 953 1906 1025 1907 1026 1907 953 1907 953 1908 1026 1908 954 1908 1026 1909 1027 1909 954 1909 954 1910 1027 1910 955 1910 1027 1911 1028 1911 955 1911 955 1912 1028 1912 956 1912 1028 1913 1029 1913 956 1913 956 1914 1029 1914 957 1914 1029 1915 1030 1915 957 1915 957 1916 1030 1916 958 1916 1030 1917 1031 1917 958 1917 958 1918 1031 1918 959 1918 1031 1919 1032 1919 959 1919 959 1920 1032 1920 960 1920 1032 1921 1033 1921 960 1921 960 1922 1033 1922 961 1922 1033 1923 1034 1923 961 1923 961 1924 1034 1924 962 1924 1034 1925 1035 1925 962 1925 962 1926 1035 1926 963 1926 1035 1927 1036 1927 963 1927 963 1928 1036 1928 964 1928 1036 1929 1037 1929 964 1929 964 1930 1037 1930 965 1930 1037 1931 1038 1931 965 1931 965 1932 1038 1932 966 1932 1038 1933 1039 1933 966 1933 966 1934 1039 1934 967 1934 1039 1935 1040 1935 967 1935 967 1936 1040 1936 968 1936 1040 1937 1041 1937 968 1937 968 1938 1041 1938 969 1938 1041 1939 1042 1939 969 1939 969 1940 1042 1940 970 1940 1042 1941 1043 1941 970 1941 970 1942 1043 1942 971 1942 1043 1943 1044 1943 971 1943 971 1944 1044 1944 972 1944 1044 1945 1045 1945 972 1945 972 1946 1045 1946 973 1946 1045 1947 1046 1947 973 1947 973 1948 1046 1948 974 1948 1046 1949 1047 1949 974 1949 974 1950 1047 1950 975 1950 1047 1951 1048 1951 975 1951 975 1952 1048 1952 976 1952 1048 1953 1049 1953 976 1953 976 1954 1049 1954 977 1954 1049 1955 1050 1955 977 1955 977 1956 1050 1956 978 1956 1050 1957 1051 1957 978 1957 978 1958 1051 1958 979 1958 1051 1959 1052 1959 979 1959 979 1960 1052 1960 980 1960 1052 1961 1053 1961 980 1961 980 1962 1053 1962 981 1962 1053 1963 1054 1963 981 1963 981 1964 1054 1964 982 1964 1054 1965 1055 1965 982 1965 982 1966 1055 1966 983 1966 1055 1967 1056 1967 983 1967 983 1968 1056 1968 984 1968 1056 1969 1057 1969 984 1969 984 1970 1057 1970 985 1970 1057 1971 1058 1971 985 1971 985 1972 1058 1972 986 1972 1058 1973 1059 1973 986 1973 986 1974 1059 1974 987 1974 1059 1975 1060 1975 987 1975 987 1976 1060 1976 988 1976 1060 1977 1061 1977 988 1977 988 1978 1061 1978 989 1978 1061 1979 1062 1979 989 1979 989 1980 1062 1980 990 1980 1062 1981 1063 1981 990 1981 990 1982 1063 1982 991 1982 1063 1983 1064 1983 991 1983 991 1984 1064 1984 992 1984 1064 1985 1065 1985 992 1985 992 1986 1065 1986 993 1986 1065 1987 1066 1987 993 1987 993 1988 1066 1988 994 1988 1066 1989 1067 1989 994 1989 994 1990 1067 1990 995 1990 1067 1991 1068 1991 995 1991 995 1992 1068 1992 996 1992 1068 1993 1069 1993 996 1993 996 1994 1069 1994 997 1994 1069 1995 1070 1995 997 1995 997 1996 1070 1996 998 1996 1070 1997 1071 1997 998 1997 998 1998 1071 1998 999 1998 1071 1999 1072 1999 999 1999 999 2000 1072 2000 1000 2000 1072 2001 1073 2001 1000 2001 1000 2002 1073 2002 1001 2002 1073 2003 1074 2003 1001 2003 1001 2004 1074 2004 1002 2004 1074 2005 1075 2005 1002 2005 1002 2006 1075 2006 1003 2006 1075 2007 1076 2007 1003 2007 1003 2008 1076 2008 1004 2008 1076 2009 1077 2009 1004 2009 1004 2010 1077 2010 1005 2010 1077 2011 1078 2011 1005 2011 1005 2012 1078 2012 1006 2012 1078 2013 1079 2013 1006 2013 1006 2014 1079 2014 1007 2014 1079 2015 1008 2015 1007 2015 1079 2016 1080 2016 1008 2016 1080 2017 1081 2017 1008 2017 1008 2018 1081 2018 1009 2018 1081 2019 1082 2019 1009 2019 1009 2020 1082 2020 1010 2020 1082 2021 1083 2021 1010 2021 1010 2022 1083 2022 1011 2022 1083 2023 1084 2023 1011 2023 1011 2024 1084 2024 1012 2024 1084 2025 1085 2025 1012 2025 1012 2026 1085 2026 1013 2026 1085 2027 1086 2027 1013 2027 1013 2028 1086 2028 1014 2028 1086 2029 1087 2029 1014 2029 1014 2030 1087 2030 1015 2030 1087 2031 1088 2031 1015 2031 1015 2032 1088 2032 1016 2032 1088 2033 1089 2033 1016 2033 1016 2034 1089 2034 1017 2034 1089 2035 1090 2035 1017 2035 1017 2036 1090 2036 1018 2036 1090 2037 1091 2037 1018 2037 1018 2038 1091 2038 1019 2038 1091 2039 1092 2039 1019 2039 1019 2040 1092 2040 1020 2040 1092 2041 1093 2041 1020 2041 1020 2042 1093 2042 1021 2042 1093 2043 1094 2043 1021 2043 1021 2044 1094 2044 1022 2044 1094 2045 1095 2045 1022 2045 1022 2046 1095 2046 1023 2046 1095 2047 1096 2047 1023 2047 1023 2048 1096 2048 1024 2048 1096 2049 1097 2049 1024 2049 1024 2050 1097 2050 1025 2050 1097 2051 1098 2051 1025 2051 1025 2052 1098 2052 1026 2052 1098 2053 1099 2053 1026 2053 1026 2054 1099 2054 1027 2054 1099 2055 1100 2055 1027 2055 1027 2056 1100 2056 1028 2056 1100 2057 1101 2057 1028 2057 1028 2058 1101 2058 1029 2058 1101 2059 1102 2059 1029 2059 1029 2060 1102 2060 1030 2060 1102 2061 1103 2061 1030 2061 1030 2062 1103 2062 1031 2062 1103 2063 1104 2063 1031 2063 1031 2064 1104 2064 1032 2064 1104 2065 1105 2065 1032 2065 1032 2066 1105 2066 1033 2066 1105 2067 1106 2067 1033 2067 1033 2068 1106 2068 1034 2068 1106 2069 1107 2069 1034 2069 1034 2070 1107 2070 1035 2070 1107 2071 1108 2071 1035 2071 1035 2072 1108 2072 1036 2072 1108 2073 1109 2073 1036 2073 1036 2074 1109 2074 1037 2074 1109 2075 1110 2075 1037 2075 1037 2076 1110 2076 1038 2076 1110 2077 1111 2077 1038 2077 1038 2078 1111 2078 1039 2078 1111 2079 1112 2079 1039 2079 1039 2080 1112 2080 1040 2080 1112 2081 1113 2081 1040 2081 1040 2082 1113 2082 1041 2082 1113 2083 1114 2083 1041 2083 1041 2084 1114 2084 1042 2084 1114 2085 1115 2085 1042 2085 1042 2086 1115 2086 1043 2086 1115 2087 1116 2087 1043 2087 1043 2088 1116 2088 1044 2088 1116 2089 1117 2089 1044 2089 1044 2090 1117 2090 1045 2090 1117 2091 1118 2091 1045 2091 1045 2092 1118 2092 1046 2092 1118 2093 1119 2093 1046 2093 1046 2094 1119 2094 1047 2094 1119 2095 1120 2095 1047 2095 1047 2096 1120 2096 1048 2096 1120 2097 1121 2097 1048 2097 1048 2098 1121 2098 1049 2098 1121 2099 1122 2099 1049 2099 1049 2100 1122 2100 1050 2100 1122 2101 1123 2101 1050 2101 1050 2102 1123 2102 1051 2102 1123 2103 1124 2103 1051 2103 1051 2104 1124 2104 1052 2104 1124 2105 1125 2105 1052 2105 1052 2106 1125 2106 1053 2106 1125 2107 1126 2107 1053 2107 1053 2108 1126 2108 1054 2108 1126 2109 1127 2109 1054 2109 1054 2110 1127 2110 1055 2110 1127 2111 1128 2111 1055 2111 1055 2112 1128 2112 1056 2112 1128 2113 1129 2113 1056 2113 1056 2114 1129 2114 1057 2114 1129 2115 1130 2115 1057 2115 1057 2116 1130 2116 1058 2116 1130 2117 1131 2117 1058 2117 1058 2118 1131 2118 1059 2118 1131 2119 1132 2119 1059 2119 1059 2120 1132 2120 1060 2120 1132 2121 1133 2121 1060 2121 1060 2122 1133 2122 1061 2122 1133 2123 1134 2123 1061 2123 1061 2124 1134 2124 1062 2124 1134 2125 1135 2125 1062 2125 1062 2126 1135 2126 1063 2126 1135 2127 1136 2127 1063 2127 1063 2128 1136 2128 1064 2128 1136 2129 1137 2129 1064 2129 1064 2130 1137 2130 1065 2130 1137 2131 1138 2131 1065 2131 1065 2132 1138 2132 1066 2132 1138 2133 1139 2133 1066 2133 1066 2134 1139 2134 1067 2134 1139 2135 1140 2135 1067 2135 1067 2136 1140 2136 1068 2136 1140 2137 1141 2137 1068 2137 1068 2138 1141 2138 1069 2138 1141 2139 1142 2139 1069 2139 1069 2140 1142 2140 1070 2140 1142 2141 1143 2141 1070 2141 1070 2142 1143 2142 1071 2142 1143 2143 1144 2143 1071 2143 1071 2144 1144 2144 1072 2144 1144 2145 1145 2145 1072 2145 1072 2146 1145 2146 1073 2146 1145 2147 1146 2147 1073 2147 1073 2148 1146 2148 1074 2148 1146 2149 1147 2149 1074 2149 1074 2150 1147 2150 1075 2150 1147 2151 1148 2151 1075 2151 1075 2152 1148 2152 1076 2152 1148 2153 1149 2153 1076 2153 1076 2154 1149 2154 1077 2154 1149 2155 1150 2155 1077 2155 1077 2156 1150 2156 1078 2156 1150 2157 1151 2157 1078 2157 1078 2158 1151 2158 1079 2158 1151 2159 1080 2159 1079 2159 1151 2160 1152 2160 1080 2160 1152 2161 1153 2161 1080 2161 1080 2162 1153 2162 1081 2162 1153 2163 1154 2163 1081 2163 1081 2164 1154 2164 1082 2164 1154 2165 1155 2165 1082 2165 1082 2166 1155 2166 1083 2166 1155 2167 1156 2167 1083 2167 1083 2168 1156 2168 1084 2168 1156 2169 1157 2169 1084 2169 1084 2170 1157 2170 1085 2170 1157 2171 1158 2171 1085 2171 1085 2172 1158 2172 1086 2172 1158 2173 1159 2173 1086 2173 1086 2174 1159 2174 1087 2174 1159 2175 1160 2175 1087 2175 1087 2176 1160 2176 1088 2176 1160 2177 1161 2177 1088 2177 1088 2178 1161 2178 1089 2178 1161 2179 1162 2179 1089 2179 1089 2180 1162 2180 1090 2180 1162 2181 1163 2181 1090 2181 1090 2182 1163 2182 1091 2182 1163 2183 1164 2183 1091 2183 1091 2184 1164 2184 1092 2184 1164 2185 1165 2185 1092 2185 1092 2186 1165 2186 1093 2186 1165 2187 1166 2187 1093 2187 1093 2188 1166 2188 1094 2188 1166 2189 1167 2189 1094 2189 1094 2190 1167 2190 1095 2190 1167 2191 1168 2191 1095 2191 1095 2192 1168 2192 1096 2192 1168 2193 1169 2193 1096 2193 1096 2194 1169 2194 1097 2194 1169 2195 1170 2195 1097 2195 1097 2196 1170 2196 1098 2196 1170 2197 1171 2197 1098 2197 1098 2198 1171 2198 1099 2198 1171 2199 1172 2199 1099 2199 1099 2200 1172 2200 1100 2200 1172 2201 1173 2201 1100 2201 1100 2202 1173 2202 1101 2202 1173 2203 1174 2203 1101 2203 1101 2204 1174 2204 1102 2204 1174 2205 1175 2205 1102 2205 1102 2206 1175 2206 1103 2206 1175 2207 1176 2207 1103 2207 1103 2208 1176 2208 1104 2208 1176 2209 1177 2209 1104 2209 1104 2210 1177 2210 1105 2210 1177 2211 1178 2211 1105 2211 1105 2212 1178 2212 1106 2212 1178 2213 1179 2213 1106 2213 1106 2214 1179 2214 1107 2214 1179 2215 1180 2215 1107 2215 1107 2216 1180 2216 1108 2216 1180 2217 1181 2217 1108 2217 1108 2218 1181 2218 1109 2218 1181 2219 1182 2219 1109 2219 1109 2220 1182 2220 1110 2220 1182 2221 1183 2221 1110 2221 1110 2222 1183 2222 1111 2222 1183 2223 1184 2223 1111 2223 1111 2224 1184 2224 1112 2224 1184 2225 1185 2225 1112 2225 1112 2226 1185 2226 1113 2226 1185 2227 1186 2227 1113 2227 1113 2228 1186 2228 1114 2228 1186 2229 1187 2229 1114 2229 1114 2230 1187 2230 1115 2230 1187 2231 1188 2231 1115 2231 1115 2232 1188 2232 1116 2232 1188 2233 1189 2233 1116 2233 1116 2234 1189 2234 1117 2234 1189 2235 1190 2235 1117 2235 1117 2236 1190 2236 1118 2236 1190 2237 1191 2237 1118 2237 1118 2238 1191 2238 1119 2238 1191 2239 1192 2239 1119 2239 1119 2240 1192 2240 1120 2240 1192 2241 1193 2241 1120 2241 1120 2242 1193 2242 1121 2242 1193 2243 1194 2243 1121 2243 1121 2244 1194 2244 1122 2244 1194 2245 1195 2245 1122 2245 1122 2246 1195 2246 1123 2246 1195 2247 1196 2247 1123 2247 1123 2248 1196 2248 1124 2248 1196 2249 1197 2249 1124 2249 1124 2250 1197 2250 1125 2250 1197 2251 1198 2251 1125 2251 1125 2252 1198 2252 1126 2252 1198 2253 1199 2253 1126 2253 1126 2254 1199 2254 1127 2254 1199 2255 1200 2255 1127 2255 1127 2256 1200 2256 1128 2256 1200 2257 1201 2257 1128 2257 1128 2258 1201 2258 1129 2258 1201 2259 1202 2259 1129 2259 1129 2260 1202 2260 1130 2260 1202 2261 1203 2261 1130 2261 1130 2262 1203 2262 1131 2262 1203 2263 1204 2263 1131 2263 1131 2264 1204 2264 1132 2264 1204 2265 1205 2265 1132 2265 1132 2266 1205 2266 1133 2266 1205 2267 1206 2267 1133 2267 1133 2268 1206 2268 1134 2268 1206 2269 1207 2269 1134 2269 1134 2270 1207 2270 1135 2270 1207 2271 1208 2271 1135 2271 1135 2272 1208 2272 1136 2272 1208 2273 1209 2273 1136 2273 1136 2274 1209 2274 1137 2274 1209 2275 1210 2275 1137 2275 1137 2276 1210 2276 1138 2276 1210 2277 1211 2277 1138 2277 1138 2278 1211 2278 1139 2278 1211 2279 1212 2279 1139 2279 1139 2280 1212 2280 1140 2280 1212 2281 1213 2281 1140 2281 1140 2282 1213 2282 1141 2282 1213 2283 1214 2283 1141 2283 1141 2284 1214 2284 1142 2284 1214 2285 1215 2285 1142 2285 1142 2286 1215 2286 1143 2286 1215 2287 1216 2287 1143 2287 1143 2288 1216 2288 1144 2288 1216 2289 1217 2289 1144 2289 1144 2290 1217 2290 1145 2290 1217 2291 1218 2291 1145 2291 1145 2292 1218 2292 1146 2292 1218 2293 1219 2293 1146 2293 1146 2294 1219 2294 1147 2294 1219 2295 1220 2295 1147 2295 1147 2296 1220 2296 1148 2296 1220 2297 1221 2297 1148 2297 1148 2298 1221 2298 1149 2298 1221 2299 1222 2299 1149 2299 1149 2300 1222 2300 1150 2300 1222 2301 1223 2301 1150 2301 1150 2302 1223 2302 1151 2302 1223 2303 1152 2303 1151 2303 1223 2304 1224 2304 1152 2304 1224 2305 1225 2305 1152 2305 1152 2306 1225 2306 1153 2306 1225 2307 1226 2307 1153 2307 1153 2308 1226 2308 1154 2308 1226 2309 1227 2309 1154 2309 1154 2310 1227 2310 1155 2310 1227 2311 1228 2311 1155 2311 1155 2312 1228 2312 1156 2312 1228 2313 1229 2313 1156 2313 1156 2314 1229 2314 1157 2314 1229 2315 1230 2315 1157 2315 1157 2316 1230 2316 1158 2316 1230 2317 1231 2317 1158 2317 1158 2318 1231 2318 1159 2318 1231 2319 1232 2319 1159 2319 1159 2320 1232 2320 1160 2320 1232 2321 1233 2321 1160 2321 1160 2322 1233 2322 1161 2322 1233 2323 1234 2323 1161 2323 1161 2324 1234 2324 1162 2324 1234 2325 1235 2325 1162 2325 1162 2326 1235 2326 1163 2326 1235 2327 1236 2327 1163 2327 1163 2328 1236 2328 1164 2328 1236 2329 1237 2329 1164 2329 1164 2330 1237 2330 1165 2330 1237 2331 1238 2331 1165 2331 1165 2332 1238 2332 1166 2332 1238 2333 1239 2333 1166 2333 1166 2334 1239 2334 1167 2334 1239 2335 1240 2335 1167 2335 1167 2336 1240 2336 1168 2336 1240 2337 1241 2337 1168 2337 1168 2338 1241 2338 1169 2338 1241 2339 1242 2339 1169 2339 1169 2340 1242 2340 1170 2340 1242 2341 1243 2341 1170 2341 1170 2342 1243 2342 1171 2342 1243 2343 1244 2343 1171 2343 1171 2344 1244 2344 1172 2344 1244 2345 1245 2345 1172 2345 1172 2346 1245 2346 1173 2346 1245 2347 1246 2347 1173 2347 1173 2348 1246 2348 1174 2348 1246 2349 1247 2349 1174 2349 1174 2350 1247 2350 1175 2350 1247 2351 1248 2351 1175 2351 1175 2352 1248 2352 1176 2352 1248 2353 1249 2353 1176 2353 1176 2354 1249 2354 1177 2354 1249 2355 1250 2355 1177 2355 1177 2356 1250 2356 1178 2356 1250 2357 1251 2357 1178 2357 1178 2358 1251 2358 1179 2358 1251 2359 1252 2359 1179 2359 1179 2360 1252 2360 1180 2360 1252 2361 1253 2361 1180 2361 1180 2362 1253 2362 1181 2362 1253 2363 1254 2363 1181 2363 1181 2364 1254 2364 1182 2364 1254 2365 1255 2365 1182 2365 1182 2366 1255 2366 1183 2366 1255 2367 1256 2367 1183 2367 1183 2368 1256 2368 1184 2368 1256 2369 1257 2369 1184 2369 1184 2370 1257 2370 1185 2370 1257 2371 1258 2371 1185 2371 1185 2372 1258 2372 1186 2372 1258 2373 1259 2373 1186 2373 1186 2374 1259 2374 1187 2374 1259 2375 1260 2375 1187 2375 1187 2376 1260 2376 1188 2376 1260 2377 1261 2377 1188 2377 1188 2378 1261 2378 1189 2378 1261 2379 1262 2379 1189 2379 1189 2380 1262 2380 1190 2380 1262 2381 1263 2381 1190 2381 1190 2382 1263 2382 1191 2382 1263 2383 1264 2383 1191 2383 1191 2384 1264 2384 1192 2384 1264 2385 1265 2385 1192 2385 1192 2386 1265 2386 1193 2386 1265 2387 1266 2387 1193 2387 1193 2388 1266 2388 1194 2388 1266 2389 1267 2389 1194 2389 1194 2390 1267 2390 1195 2390 1267 2391 1268 2391 1195 2391 1195 2392 1268 2392 1196 2392 1268 2393 1269 2393 1196 2393 1196 2394 1269 2394 1197 2394 1269 2395 1270 2395 1197 2395 1197 2396 1270 2396 1198 2396 1270 2397 1271 2397 1198 2397 1198 2398 1271 2398 1199 2398 1271 2399 1272 2399 1199 2399 1199 2400 1272 2400 1200 2400 1272 2401 1273 2401 1200 2401 1200 2402 1273 2402 1201 2402 1273 2403 1274 2403 1201 2403 1201 2404 1274 2404 1202 2404 1274 2405 1275 2405 1202 2405 1202 2406 1275 2406 1203 2406 1275 2407 1276 2407 1203 2407 1203 2408 1276 2408 1204 2408 1276 2409 1277 2409 1204 2409 1204 2410 1277 2410 1205 2410 1277 2411 1278 2411 1205 2411 1205 2412 1278 2412 1206 2412 1278 2413 1279 2413 1206 2413 1206 2414 1279 2414 1207 2414 1279 2415 1280 2415 1207 2415 1207 2416 1280 2416 1208 2416 1280 2417 1281 2417 1208 2417 1208 2418 1281 2418 1209 2418 1281 2419 1282 2419 1209 2419 1209 2420 1282 2420 1210 2420 1282 2421 1283 2421 1210 2421 1210 2422 1283 2422 1211 2422 1283 2423 1284 2423 1211 2423 1211 2424 1284 2424 1212 2424 1284 2425 1285 2425 1212 2425 1212 2426 1285 2426 1213 2426 1285 2427 1286 2427 1213 2427 1213 2428 1286 2428 1214 2428 1286 2429 1287 2429 1214 2429 1214 2430 1287 2430 1215 2430 1287 2431 1288 2431 1215 2431 1215 2432 1288 2432 1216 2432 1288 2433 1289 2433 1216 2433 1216 2434 1289 2434 1217 2434 1289 2435 1290 2435 1217 2435 1217 2436 1290 2436 1218 2436 1290 2437 1291 2437 1218 2437 1218 2438 1291 2438 1219 2438 1291 2439 1292 2439 1219 2439 1219 2440 1292 2440 1220 2440 1292 2441 1293 2441 1220 2441 1220 2442 1293 2442 1221 2442 1293 2443 1294 2443 1221 2443 1221 2444 1294 2444 1222 2444 1294 2445 1295 2445 1222 2445 1222 2446 1295 2446 1223 2446 1295 2447 1224 2447 1223 2447 1295 2448 1296 2448 1224 2448 1296 2449 1297 2449 1224 2449 1224 2450 1297 2450 1225 2450 1297 2451 1298 2451 1225 2451 1225 2452 1298 2452 1226 2452 1298 2453 1299 2453 1226 2453 1226 2454 1299 2454 1227 2454 1299 2455 1300 2455 1227 2455 1227 2456 1300 2456 1228 2456 1300 2457 1301 2457 1228 2457 1228 2458 1301 2458 1229 2458 1301 2459 1302 2459 1229 2459 1229 2460 1302 2460 1230 2460 1302 2461 1303 2461 1230 2461 1230 2462 1303 2462 1231 2462 1303 2463 1304 2463 1231 2463 1231 2464 1304 2464 1232 2464 1304 2465 1305 2465 1232 2465 1232 2466 1305 2466 1233 2466 1305 2467 1306 2467 1233 2467 1233 2468 1306 2468 1234 2468 1306 2469 1307 2469 1234 2469 1234 2470 1307 2470 1235 2470 1307 2471 1308 2471 1235 2471 1235 2472 1308 2472 1236 2472 1308 2473 1309 2473 1236 2473 1236 2474 1309 2474 1237 2474 1309 2475 1310 2475 1237 2475 1237 2476 1310 2476 1238 2476 1310 2477 1311 2477 1238 2477 1238 2478 1311 2478 1239 2478 1311 2479 1312 2479 1239 2479 1239 2480 1312 2480 1240 2480 1312 2481 1313 2481 1240 2481 1240 2482 1313 2482 1241 2482 1313 2483 1314 2483 1241 2483 1241 2484 1314 2484 1242 2484 1314 2485 1315 2485 1242 2485 1242 2486 1315 2486 1243 2486 1315 2487 1316 2487 1243 2487 1243 2488 1316 2488 1244 2488 1316 2489 1317 2489 1244 2489 1244 2490 1317 2490 1245 2490 1317 2491 1318 2491 1245 2491 1245 2492 1318 2492 1246 2492 1318 2493 1319 2493 1246 2493 1246 2494 1319 2494 1247 2494 1319 2495 1320 2495 1247 2495 1247 2496 1320 2496 1248 2496 1320 2497 1321 2497 1248 2497 1248 2498 1321 2498 1249 2498 1321 2499 1322 2499 1249 2499 1249 2500 1322 2500 1250 2500 1322 2501 1323 2501 1250 2501 1250 2502 1323 2502 1251 2502 1323 2503 1324 2503 1251 2503 1251 2504 1324 2504 1252 2504 1324 2505 1325 2505 1252 2505 1252 2506 1325 2506 1253 2506 1325 2507 1326 2507 1253 2507 1253 2508 1326 2508 1254 2508 1326 2509 1327 2509 1254 2509 1254 2510 1327 2510 1255 2510 1327 2511 1328 2511 1255 2511 1255 2512 1328 2512 1256 2512 1328 2513 1329 2513 1256 2513 1256 2514 1329 2514 1257 2514 1329 2515 1330 2515 1257 2515 1257 2516 1330 2516 1258 2516 1330 2517 1331 2517 1258 2517 1258 2518 1331 2518 1259 2518 1331 2519 1332 2519 1259 2519 1259 2520 1332 2520 1260 2520 1332 2521 1333 2521 1260 2521 1260 2522 1333 2522 1261 2522 1333 2523 1334 2523 1261 2523 1261 2524 1334 2524 1262 2524 1334 2525 1335 2525 1262 2525 1262 2526 1335 2526 1263 2526 1335 2527 1336 2527 1263 2527 1263 2528 1336 2528 1264 2528 1336 2529 1337 2529 1264 2529 1264 2530 1337 2530 1265 2530 1337 2531 1338 2531 1265 2531 1265 2532 1338 2532 1266 2532 1338 2533 1339 2533 1266 2533 1266 2534 1339 2534 1267 2534 1339 2535 1340 2535 1267 2535 1267 2536 1340 2536 1268 2536 1340 2537 1341 2537 1268 2537 1268 2538 1341 2538 1269 2538 1341 2539 1342 2539 1269 2539 1269 2540 1342 2540 1270 2540 1342 2541 1343 2541 1270 2541 1270 2542 1343 2542 1271 2542 1343 2543 1344 2543 1271 2543 1271 2544 1344 2544 1272 2544 1344 2545 1345 2545 1272 2545 1272 2546 1345 2546 1273 2546 1345 2547 1346 2547 1273 2547 1273 2548 1346 2548 1274 2548 1346 2549 1347 2549 1274 2549 1274 2550 1347 2550 1275 2550 1347 2551 1348 2551 1275 2551 1275 2552 1348 2552 1276 2552 1348 2553 1349 2553 1276 2553 1276 2554 1349 2554 1277 2554 1349 2555 1350 2555 1277 2555 1277 2556 1350 2556 1278 2556 1350 2557 1351 2557 1278 2557 1278 2558 1351 2558 1279 2558 1351 2559 1352 2559 1279 2559 1279 2560 1352 2560 1280 2560 1352 2561 1353 2561 1280 2561 1280 2562 1353 2562 1281 2562 1353 2563 1354 2563 1281 2563 1281 2564 1354 2564 1282 2564 1354 2565 1355 2565 1282 2565 1282 2566 1355 2566 1283 2566 1355 2567 1356 2567 1283 2567 1283 2568 1356 2568 1284 2568 1356 2569 1357 2569 1284 2569 1284 2570 1357 2570 1285 2570 1357 2571 1358 2571 1285 2571 1285 2572 1358 2572 1286 2572 1358 2573 1359 2573 1286 2573 1286 2574 1359 2574 1287 2574 1359 2575 1360 2575 1287 2575 1287 2576 1360 2576 1288 2576 1360 2577 1361 2577 1288 2577 1288 2578 1361 2578 1289 2578 1361 2579 1362 2579 1289 2579 1289 2580 1362 2580 1290 2580 1362 2581 1363 2581 1290 2581 1290 2582 1363 2582 1291 2582 1363 2583 1364 2583 1291 2583 1291 2584 1364 2584 1292 2584 1364 2585 1365 2585 1292 2585 1292 2586 1365 2586 1293 2586 1365 2587 1366 2587 1293 2587 1293 2588 1366 2588 1294 2588 1366 2589 1367 2589 1294 2589 1294 2590 1367 2590 1295 2590 1367 2591 1296 2591 1295 2591 1367 2592 1368 2592 1296 2592 1368 2593 1369 2593 1296 2593 1296 2594 1369 2594 1297 2594 1369 2595 1370 2595 1297 2595 1297 2596 1370 2596 1298 2596 1370 2597 1371 2597 1298 2597 1298 2598 1371 2598 1299 2598 1371 2599 1372 2599 1299 2599 1299 2600 1372 2600 1300 2600 1372 2601 1373 2601 1300 2601 1300 2602 1373 2602 1301 2602 1373 2603 1374 2603 1301 2603 1301 2604 1374 2604 1302 2604 1374 2605 1375 2605 1302 2605 1302 2606 1375 2606 1303 2606 1375 2607 1376 2607 1303 2607 1303 2608 1376 2608 1304 2608 1376 2609 1377 2609 1304 2609 1304 2610 1377 2610 1305 2610 1377 2611 1378 2611 1305 2611 1305 2612 1378 2612 1306 2612 1378 2613 1379 2613 1306 2613 1306 2614 1379 2614 1307 2614 1379 2615 1380 2615 1307 2615 1307 2616 1380 2616 1308 2616 1380 2617 1381 2617 1308 2617 1308 2618 1381 2618 1309 2618 1381 2619 1382 2619 1309 2619 1309 2620 1382 2620 1310 2620 1382 2621 1383 2621 1310 2621 1310 2622 1383 2622 1311 2622 1383 2623 1384 2623 1311 2623 1311 2624 1384 2624 1312 2624 1384 2625 1385 2625 1312 2625 1312 2626 1385 2626 1313 2626 1385 2627 1386 2627 1313 2627 1313 2628 1386 2628 1314 2628 1386 2629 1387 2629 1314 2629 1314 2630 1387 2630 1315 2630 1387 2631 1388 2631 1315 2631 1315 2632 1388 2632 1316 2632 1388 2633 1389 2633 1316 2633 1316 2634 1389 2634 1317 2634 1389 2635 1390 2635 1317 2635 1317 2636 1390 2636 1318 2636 1390 2637 1391 2637 1318 2637 1318 2638 1391 2638 1319 2638 1391 2639 1392 2639 1319 2639 1319 2640 1392 2640 1320 2640 1392 2641 1393 2641 1320 2641 1320 2642 1393 2642 1321 2642 1393 2643 1394 2643 1321 2643 1321 2644 1394 2644 1322 2644 1394 2645 1395 2645 1322 2645 1322 2646 1395 2646 1323 2646 1395 2647 1396 2647 1323 2647 1323 2648 1396 2648 1324 2648 1396 2649 1397 2649 1324 2649 1324 2650 1397 2650 1325 2650 1397 2651 1398 2651 1325 2651 1325 2652 1398 2652 1326 2652 1398 2653 1399 2653 1326 2653 1326 2654 1399 2654 1327 2654 1399 2655 1400 2655 1327 2655 1327 2656 1400 2656 1328 2656 1400 2657 1401 2657 1328 2657 1328 2658 1401 2658 1329 2658 1401 2659 1402 2659 1329 2659 1329 2660 1402 2660 1330 2660 1402 2661 1403 2661 1330 2661 1330 2662 1403 2662 1331 2662 1403 2663 1404 2663 1331 2663 1331 2664 1404 2664 1332 2664 1404 2665 1405 2665 1332 2665 1332 2666 1405 2666 1333 2666 1405 2667 1406 2667 1333 2667 1333 2668 1406 2668 1334 2668 1406 2669 1407 2669 1334 2669 1334 2670 1407 2670 1335 2670 1407 2671 1408 2671 1335 2671 1335 2672 1408 2672 1336 2672 1408 2673 1409 2673 1336 2673 1336 2674 1409 2674 1337 2674 1409 2675 1410 2675 1337 2675 1337 2676 1410 2676 1338 2676 1410 2677 1411 2677 1338 2677 1338 2678 1411 2678 1339 2678 1411 2679 1412 2679 1339 2679 1339 2680 1412 2680 1340 2680 1412 2681 1413 2681 1340 2681 1340 2682 1413 2682 1341 2682 1413 2683 1414 2683 1341 2683 1341 2684 1414 2684 1342 2684 1414 2685 1415 2685 1342 2685 1342 2686 1415 2686 1343 2686 1415 2687 1416 2687 1343 2687 1343 2688 1416 2688 1344 2688 1416 2689 1417 2689 1344 2689 1344 2690 1417 2690 1345 2690 1417 2691 1418 2691 1345 2691 1345 2692 1418 2692 1346 2692 1418 2693 1419 2693 1346 2693 1346 2694 1419 2694 1347 2694 1419 2695 1420 2695 1347 2695 1347 2696 1420 2696 1348 2696 1420 2697 1421 2697 1348 2697 1348 2698 1421 2698 1349 2698 1421 2699 1422 2699 1349 2699 1349 2700 1422 2700 1350 2700 1422 2701 1423 2701 1350 2701 1350 2702 1423 2702 1351 2702 1423 2703 1424 2703 1351 2703 1351 2704 1424 2704 1352 2704 1424 2705 1425 2705 1352 2705 1352 2706 1425 2706 1353 2706 1425 2707 1426 2707 1353 2707 1353 2708 1426 2708 1354 2708 1426 2709 1427 2709 1354 2709 1354 2710 1427 2710 1355 2710 1427 2711 1428 2711 1355 2711 1355 2712 1428 2712 1356 2712 1428 2713 1429 2713 1356 2713 1356 2714 1429 2714 1357 2714 1429 2715 1430 2715 1357 2715 1357 2716 1430 2716 1358 2716 1430 2717 1431 2717 1358 2717 1358 2718 1431 2718 1359 2718 1431 2719 1432 2719 1359 2719 1359 2720 1432 2720 1360 2720 1432 2721 1433 2721 1360 2721 1360 2722 1433 2722 1361 2722 1433 2723 1434 2723 1361 2723 1361 2724 1434 2724 1362 2724 1434 2725 1435 2725 1362 2725 1362 2726 1435 2726 1363 2726 1435 2727 1436 2727 1363 2727 1363 2728 1436 2728 1364 2728 1436 2729 1437 2729 1364 2729 1364 2730 1437 2730 1365 2730 1437 2731 1438 2731 1365 2731 1365 2732 1438 2732 1366 2732 1438 2733 1439 2733 1366 2733 1366 2734 1439 2734 1367 2734 1439 2735 1368 2735 1367 2735 1439 2736 1440 2736 1368 2736 1440 2737 1441 2737 1368 2737 1368 2738 1441 2738 1369 2738 1441 2739 1442 2739 1369 2739 1369 2740 1442 2740 1370 2740 1442 2741 1443 2741 1370 2741 1370 2742 1443 2742 1371 2742 1443 2743 1444 2743 1371 2743 1371 2744 1444 2744 1372 2744 1444 2745 1445 2745 1372 2745 1372 2746 1445 2746 1373 2746 1445 2747 1446 2747 1373 2747 1373 2748 1446 2748 1374 2748 1446 2749 1447 2749 1374 2749 1374 2750 1447 2750 1375 2750 1447 2751 1448 2751 1375 2751 1375 2752 1448 2752 1376 2752 1448 2753 1449 2753 1376 2753 1376 2754 1449 2754 1377 2754 1449 2755 1450 2755 1377 2755 1377 2756 1450 2756 1378 2756 1450 2757 1451 2757 1378 2757 1378 2758 1451 2758 1379 2758 1451 2759 1452 2759 1379 2759 1379 2760 1452 2760 1380 2760 1452 2761 1453 2761 1380 2761 1380 2762 1453 2762 1381 2762 1453 2763 1454 2763 1381 2763 1381 2764 1454 2764 1382 2764 1454 2765 1455 2765 1382 2765 1382 2766 1455 2766 1383 2766 1455 2767 1456 2767 1383 2767 1383 2768 1456 2768 1384 2768 1456 2769 1457 2769 1384 2769 1384 2770 1457 2770 1385 2770 1457 2771 1458 2771 1385 2771 1385 2772 1458 2772 1386 2772 1458 2773 1459 2773 1386 2773 1386 2774 1459 2774 1387 2774 1459 2775 1460 2775 1387 2775 1387 2776 1460 2776 1388 2776 1460 2777 1461 2777 1388 2777 1388 2778 1461 2778 1389 2778 1461 2779 1462 2779 1389 2779 1389 2780 1462 2780 1390 2780 1462 2781 1463 2781 1390 2781 1390 2782 1463 2782 1391 2782 1463 2783 1464 2783 1391 2783 1391 2784 1464 2784 1392 2784 1464 2785 1465 2785 1392 2785 1392 2786 1465 2786 1393 2786 1465 2787 1466 2787 1393 2787 1393 2788 1466 2788 1394 2788 1466 2789 1467 2789 1394 2789 1394 2790 1467 2790 1395 2790 1467 2791 1468 2791 1395 2791 1395 2792 1468 2792 1396 2792 1468 2793 1469 2793 1396 2793 1396 2794 1469 2794 1397 2794 1469 2795 1470 2795 1397 2795 1397 2796 1470 2796 1398 2796 1470 2797 1471 2797 1398 2797 1398 2798 1471 2798 1399 2798 1471 2799 1472 2799 1399 2799 1399 2800 1472 2800 1400 2800 1472 2801 1473 2801 1400 2801 1400 2802 1473 2802 1401 2802 1473 2803 1474 2803 1401 2803 1401 2804 1474 2804 1402 2804 1474 2805 1475 2805 1402 2805 1402 2806 1475 2806 1403 2806 1475 2807 1476 2807 1403 2807 1403 2808 1476 2808 1404 2808 1476 2809 1477 2809 1404 2809 1404 2810 1477 2810 1405 2810 1477 2811 1478 2811 1405 2811 1405 2812 1478 2812 1406 2812 1478 2813 1479 2813 1406 2813 1406 2814 1479 2814 1407 2814 1479 2815 1480 2815 1407 2815 1407 2816 1480 2816 1408 2816 1480 2817 1481 2817 1408 2817 1408 2818 1481 2818 1409 2818 1481 2819 1482 2819 1409 2819 1409 2820 1482 2820 1410 2820 1482 2821 1483 2821 1410 2821 1410 2822 1483 2822 1411 2822 1483 2823 1484 2823 1411 2823 1411 2824 1484 2824 1412 2824 1484 2825 1485 2825 1412 2825 1412 2826 1485 2826 1413 2826 1485 2827 1486 2827 1413 2827 1413 2828 1486 2828 1414 2828 1486 2829 1487 2829 1414 2829 1414 2830 1487 2830 1415 2830 1487 2831 1488 2831 1415 2831 1415 2832 1488 2832 1416 2832 1488 2833 1489 2833 1416 2833 1416 2834 1489 2834 1417 2834 1489 2835 1490 2835 1417 2835 1417 2836 1490 2836 1418 2836 1490 2837 1491 2837 1418 2837 1418 2838 1491 2838 1419 2838 1491 2839 1492 2839 1419 2839 1419 2840 1492 2840 1420 2840 1492 2841 1493 2841 1420 2841 1420 2842 1493 2842 1421 2842 1493 2843 1494 2843 1421 2843 1421 2844 1494 2844 1422 2844 1494 2845 1495 2845 1422 2845 1422 2846 1495 2846 1423 2846 1495 2847 1496 2847 1423 2847 1423 2848 1496 2848 1424 2848 1496 2849 1497 2849 1424 2849 1424 2850 1497 2850 1425 2850 1497 2851 1498 2851 1425 2851 1425 2852 1498 2852 1426 2852 1498 2853 1499 2853 1426 2853 1426 2854 1499 2854 1427 2854 1499 2855 1500 2855 1427 2855 1427 2856 1500 2856 1428 2856 1500 2857 1501 2857 1428 2857 1428 2858 1501 2858 1429 2858 1501 2859 1502 2859 1429 2859 1429 2860 1502 2860 1430 2860 1502 2861 1503 2861 1430 2861 1430 2862 1503 2862 1431 2862 1503 2863 1504 2863 1431 2863 1431 2864 1504 2864 1432 2864 1504 2865 1505 2865 1432 2865 1432 2866 1505 2866 1433 2866 1505 2867 1506 2867 1433 2867 1433 2868 1506 2868 1434 2868 1506 2869 1507 2869 1434 2869 1434 2870 1507 2870 1435 2870 1507 2871 1508 2871 1435 2871 1435 2872 1508 2872 1436 2872 1508 2873 1509 2873 1436 2873 1436 2874 1509 2874 1437 2874 1509 2875 1510 2875 1437 2875 1437 2876 1510 2876 1438 2876 1510 2877 1511 2877 1438 2877 1438 2878 1511 2878 1439 2878 1511 2879 1440 2879 1439 2879 1511 2880 1512 2880 1440 2880 1512 2881 1513 2881 1440 2881 1440 2882 1513 2882 1441 2882 1513 2883 1514 2883 1441 2883 1441 2884 1514 2884 1442 2884 1514 2885 1515 2885 1442 2885 1442 2886 1515 2886 1443 2886 1515 2887 1516 2887 1443 2887 1443 2888 1516 2888 1444 2888 1516 2889 1517 2889 1444 2889 1444 2890 1517 2890 1445 2890 1517 2891 1518 2891 1445 2891 1445 2892 1518 2892 1446 2892 1518 2893 1519 2893 1446 2893 1446 2894 1519 2894 1447 2894 1519 2895 1520 2895 1447 2895 1447 2896 1520 2896 1448 2896 1520 2897 1521 2897 1448 2897 1448 2898 1521 2898 1449 2898 1521 2899 1522 2899 1449 2899 1449 2900 1522 2900 1450 2900 1522 2901 1523 2901 1450 2901 1450 2902 1523 2902 1451 2902 1523 2903 1524 2903 1451 2903 1451 2904 1524 2904 1452 2904 1524 2905 1525 2905 1452 2905 1452 2906 1525 2906 1453 2906 1525 2907 1526 2907 1453 2907 1453 2908 1526 2908 1454 2908 1526 2909 1527 2909 1454 2909 1454 2910 1527 2910 1455 2910 1527 2911 1528 2911 1455 2911 1455 2912 1528 2912 1456 2912 1528 2913 1529 2913 1456 2913 1456 2914 1529 2914 1457 2914 1529 2915 1530 2915 1457 2915 1457 2916 1530 2916 1458 2916 1530 2917 1531 2917 1458 2917 1458 2918 1531 2918 1459 2918 1531 2919 1532 2919 1459 2919 1459 2920 1532 2920 1460 2920 1532 2921 1533 2921 1460 2921 1460 2922 1533 2922 1461 2922 1533 2923 1534 2923 1461 2923 1461 2924 1534 2924 1462 2924 1534 2925 1535 2925 1462 2925 1462 2926 1535 2926 1463 2926 1535 2927 1536 2927 1463 2927 1463 2928 1536 2928 1464 2928 1536 2929 1537 2929 1464 2929 1464 2930 1537 2930 1465 2930 1537 2931 1538 2931 1465 2931 1465 2932 1538 2932 1466 2932 1538 2933 1539 2933 1466 2933 1466 2934 1539 2934 1467 2934 1539 2935 1540 2935 1467 2935 1467 2936 1540 2936 1468 2936 1540 2937 1541 2937 1468 2937 1468 2938 1541 2938 1469 2938 1541 2939 1542 2939 1469 2939 1469 2940 1542 2940 1470 2940 1542 2941 1543 2941 1470 2941 1470 2942 1543 2942 1471 2942 1543 2943 1544 2943 1471 2943 1471 2944 1544 2944 1472 2944 1544 2945 1545 2945 1472 2945 1472 2946 1545 2946 1473 2946 1545 2947 1546 2947 1473 2947 1473 2948 1546 2948 1474 2948 1546 2949 1547 2949 1474 2949 1474 2950 1547 2950 1475 2950 1547 2951 1548 2951 1475 2951 1475 2952 1548 2952 1476 2952 1548 2953 1549 2953 1476 2953 1476 2954 1549 2954 1477 2954 1549 2955 1550 2955 1477 2955 1477 2956 1550 2956 1478 2956 1550 2957 1551 2957 1478 2957 1478 2958 1551 2958 1479 2958 1551 2959 1552 2959 1479 2959 1479 2960 1552 2960 1480 2960 1552 2961 1553 2961 1480 2961 1480 2962 1553 2962 1481 2962 1553 2963 1554 2963 1481 2963 1481 2964 1554 2964 1482 2964 1554 2965 1555 2965 1482 2965 1482 2966 1555 2966 1483 2966 1555 2967 1556 2967 1483 2967 1483 2968 1556 2968 1484 2968 1556 2969 1557 2969 1484 2969 1484 2970 1557 2970 1485 2970 1557 2971 1558 2971 1485 2971 1485 2972 1558 2972 1486 2972 1558 2973 1559 2973 1486 2973 1486 2974 1559 2974 1487 2974 1559 2975 1560 2975 1487 2975 1487 2976 1560 2976 1488 2976 1560 2977 1561 2977 1488 2977 1488 2978 1561 2978 1489 2978 1561 2979 1562 2979 1489 2979 1489 2980 1562 2980 1490 2980 1562 2981 1563 2981 1490 2981 1490 2982 1563 2982 1491 2982 1563 2983 1564 2983 1491 2983 1491 2984 1564 2984 1492 2984 1564 2985 1565 2985 1492 2985 1492 2986 1565 2986 1493 2986 1565 2987 1566 2987 1493 2987 1493 2988 1566 2988 1494 2988 1566 2989 1567 2989 1494 2989 1494 2990 1567 2990 1495 2990 1567 2991 1568 2991 1495 2991 1495 2992 1568 2992 1496 2992 1568 2993 1569 2993 1496 2993 1496 2994 1569 2994 1497 2994 1569 2995 1570 2995 1497 2995 1497 2996 1570 2996 1498 2996 1570 2997 1571 2997 1498 2997 1498 2998 1571 2998 1499 2998 1571 2999 1572 2999 1499 2999 1499 3000 1572 3000 1500 3000 1572 3001 1573 3001 1500 3001 1500 3002 1573 3002 1501 3002 1573 3003 1574 3003 1501 3003 1501 3004 1574 3004 1502 3004 1574 3005 1575 3005 1502 3005 1502 3006 1575 3006 1503 3006 1575 3007 1576 3007 1503 3007 1503 3008 1576 3008 1504 3008 1576 3009 1577 3009 1504 3009 1504 3010 1577 3010 1505 3010 1577 3011 1578 3011 1505 3011 1505 3012 1578 3012 1506 3012 1578 3013 1579 3013 1506 3013 1506 3014 1579 3014 1507 3014 1579 3015 1580 3015 1507 3015 1507 3016 1580 3016 1508 3016 1580 3017 1581 3017 1508 3017 1508 3018 1581 3018 1509 3018 1581 3019 1582 3019 1509 3019 1509 3020 1582 3020 1510 3020 1582 3021 1583 3021 1510 3021 1510 3022 1583 3022 1511 3022 1583 3023 1512 3023 1511 3023 1583 3024 1584 3024 1512 3024 1584 3025 1585 3025 1512 3025 1512 3026 1585 3026 1513 3026 1585 3027 1586 3027 1513 3027 1513 3028 1586 3028 1514 3028 1586 3029 1587 3029 1514 3029 1514 3030 1587 3030 1515 3030 1587 3031 1588 3031 1515 3031 1515 3032 1588 3032 1516 3032 1588 3033 1589 3033 1516 3033 1516 3034 1589 3034 1517 3034 1589 3035 1590 3035 1517 3035 1517 3036 1590 3036 1518 3036 1590 3037 1591 3037 1518 3037 1518 3038 1591 3038 1519 3038 1591 3039 1592 3039 1519 3039 1519 3040 1592 3040 1520 3040 1592 3041 1593 3041 1520 3041 1520 3042 1593 3042 1521 3042 1593 3043 1594 3043 1521 3043 1521 3044 1594 3044 1522 3044 1594 3045 1595 3045 1522 3045 1522 3046 1595 3046 1523 3046 1595 3047 1596 3047 1523 3047 1523 3048 1596 3048 1524 3048 1596 3049 1597 3049 1524 3049 1524 3050 1597 3050 1525 3050 1597 3051 1598 3051 1525 3051 1525 3052 1598 3052 1526 3052 1598 3053 1599 3053 1526 3053 1526 3054 1599 3054 1527 3054 1599 3055 1600 3055 1527 3055 1527 3056 1600 3056 1528 3056 1600 3057 1601 3057 1528 3057 1528 3058 1601 3058 1529 3058 1601 3059 1602 3059 1529 3059 1529 3060 1602 3060 1530 3060 1602 3061 1603 3061 1530 3061 1530 3062 1603 3062 1531 3062 1603 3063 1604 3063 1531 3063 1531 3064 1604 3064 1532 3064 1604 3065 1605 3065 1532 3065 1532 3066 1605 3066 1533 3066 1605 3067 1606 3067 1533 3067 1533 3068 1606 3068 1534 3068 1606 3069 1607 3069 1534 3069 1534 3070 1607 3070 1535 3070 1607 3071 1608 3071 1535 3071 1535 3072 1608 3072 1536 3072 1608 3073 1609 3073 1536 3073 1536 3074 1609 3074 1537 3074 1609 3075 1610 3075 1537 3075 1537 3076 1610 3076 1538 3076 1610 3077 1611 3077 1538 3077 1538 3078 1611 3078 1539 3078 1611 3079 1612 3079 1539 3079 1539 3080 1612 3080 1540 3080 1612 3081 1613 3081 1540 3081 1540 3082 1613 3082 1541 3082 1613 3083 1614 3083 1541 3083 1541 3084 1614 3084 1542 3084 1614 3085 1615 3085 1542 3085 1542 3086 1615 3086 1543 3086 1615 3087 1616 3087 1543 3087 1543 3088 1616 3088 1544 3088 1616 3089 1617 3089 1544 3089 1544 3090 1617 3090 1545 3090 1617 3091 1618 3091 1545 3091 1545 3092 1618 3092 1546 3092 1618 3093 1619 3093 1546 3093 1546 3094 1619 3094 1547 3094 1619 3095 1620 3095 1547 3095 1547 3096 1620 3096 1548 3096 1620 3097 1621 3097 1548 3097 1548 3098 1621 3098 1549 3098 1621 3099 1622 3099 1549 3099 1549 3100 1622 3100 1550 3100 1622 3101 1623 3101 1550 3101 1550 3102 1623 3102 1551 3102 1623 3103 1624 3103 1551 3103 1551 3104 1624 3104 1552 3104 1624 3105 1625 3105 1552 3105 1552 3106 1625 3106 1553 3106 1625 3107 1626 3107 1553 3107 1553 3108 1626 3108 1554 3108 1626 3109 1627 3109 1554 3109 1554 3110 1627 3110 1555 3110 1627 3111 1628 3111 1555 3111 1555 3112 1628 3112 1556 3112 1628 3113 1629 3113 1556 3113 1556 3114 1629 3114 1557 3114 1629 3115 1630 3115 1557 3115 1557 3116 1630 3116 1558 3116 1630 3117 1631 3117 1558 3117 1558 3118 1631 3118 1559 3118 1631 3119 1632 3119 1559 3119 1559 3120 1632 3120 1560 3120 1632 3121 1633 3121 1560 3121 1560 3122 1633 3122 1561 3122 1633 3123 1634 3123 1561 3123 1561 3124 1634 3124 1562 3124 1634 3125 1635 3125 1562 3125 1562 3126 1635 3126 1563 3126 1635 3127 1636 3127 1563 3127 1563 3128 1636 3128 1564 3128 1636 3129 1637 3129 1564 3129 1564 3130 1637 3130 1565 3130 1637 3131 1638 3131 1565 3131 1565 3132 1638 3132 1566 3132 1638 3133 1639 3133 1566 3133 1566 3134 1639 3134 1567 3134 1639 3135 1640 3135 1567 3135 1567 3136 1640 3136 1568 3136 1640 3137 1641 3137 1568 3137 1568 3138 1641 3138 1569 3138 1641 3139 1642 3139 1569 3139 1569 3140 1642 3140 1570 3140 1642 3141 1643 3141 1570 3141 1570 3142 1643 3142 1571 3142 1643 3143 1644 3143 1571 3143 1571 3144 1644 3144 1572 3144 1644 3145 1645 3145 1572 3145 1572 3146 1645 3146 1573 3146 1645 3147 1646 3147 1573 3147 1573 3148 1646 3148 1574 3148 1646 3149 1647 3149 1574 3149 1574 3150 1647 3150 1575 3150 1647 3151 1648 3151 1575 3151 1575 3152 1648 3152 1576 3152 1648 3153 1649 3153 1576 3153 1576 3154 1649 3154 1577 3154 1649 3155 1650 3155 1577 3155 1577 3156 1650 3156 1578 3156 1650 3157 1651 3157 1578 3157 1578 3158 1651 3158 1579 3158 1651 3159 1652 3159 1579 3159 1579 3160 1652 3160 1580 3160 1652 3161 1653 3161 1580 3161 1580 3162 1653 3162 1581 3162 1653 3163 1654 3163 1581 3163 1581 3164 1654 3164 1582 3164 1654 3165 1655 3165 1582 3165 1582 3166 1655 3166 1583 3166 1655 3167 1584 3167 1583 3167 1655 3168 1656 3168 1584 3168 1656 3169 1657 3169 1584 3169 1584 3170 1657 3170 1585 3170 1657 3171 1658 3171 1585 3171 1585 3172 1658 3172 1586 3172 1658 3173 1659 3173 1586 3173 1586 3174 1659 3174 1587 3174 1659 3175 1660 3175 1587 3175 1587 3176 1660 3176 1588 3176 1660 3177 1661 3177 1588 3177 1588 3178 1661 3178 1589 3178 1661 3179 1662 3179 1589 3179 1589 3180 1662 3180 1590 3180 1662 3181 1663 3181 1590 3181 1590 3182 1663 3182 1591 3182 1663 3183 1664 3183 1591 3183 1591 3184 1664 3184 1592 3184 1664 3185 1665 3185 1592 3185 1592 3186 1665 3186 1593 3186 1665 3187 1666 3187 1593 3187 1593 3188 1666 3188 1594 3188 1666 3189 1667 3189 1594 3189 1594 3190 1667 3190 1595 3190 1667 3191 1668 3191 1595 3191 1595 3192 1668 3192 1596 3192 1668 3193 1669 3193 1596 3193 1596 3194 1669 3194 1597 3194 1669 3195 1670 3195 1597 3195 1597 3196 1670 3196 1598 3196 1670 3197 1671 3197 1598 3197 1598 3198 1671 3198 1599 3198 1671 3199 1672 3199 1599 3199 1599 3200 1672 3200 1600 3200 1672 3201 1673 3201 1600 3201 1600 3202 1673 3202 1601 3202 1673 3203 1674 3203 1601 3203 1601 3204 1674 3204 1602 3204 1674 3205 1675 3205 1602 3205 1602 3206 1675 3206 1603 3206 1675 3207 1676 3207 1603 3207 1603 3208 1676 3208 1604 3208 1676 3209 1677 3209 1604 3209 1604 3210 1677 3210 1605 3210 1677 3211 1678 3211 1605 3211 1605 3212 1678 3212 1606 3212 1678 3213 1679 3213 1606 3213 1606 3214 1679 3214 1607 3214 1679 3215 1680 3215 1607 3215 1607 3216 1680 3216 1608 3216 1680 3217 1681 3217 1608 3217 1608 3218 1681 3218 1609 3218 1681 3219 1682 3219 1609 3219 1609 3220 1682 3220 1610 3220 1682 3221 1683 3221 1610 3221 1610 3222 1683 3222 1611 3222 1683 3223 1684 3223 1611 3223 1611 3224 1684 3224 1612 3224 1684 3225 1685 3225 1612 3225 1612 3226 1685 3226 1613 3226 1685 3227 1686 3227 1613 3227 1613 3228 1686 3228 1614 3228 1686 3229 1687 3229 1614 3229 1614 3230 1687 3230 1615 3230 1687 3231 1688 3231 1615 3231 1615 3232 1688 3232 1616 3232 1688 3233 1689 3233 1616 3233 1616 3234 1689 3234 1617 3234 1689 3235 1690 3235 1617 3235 1617 3236 1690 3236 1618 3236 1690 3237 1691 3237 1618 3237 1618 3238 1691 3238 1619 3238 1691 3239 1692 3239 1619 3239 1619 3240 1692 3240 1620 3240 1692 3241 1693 3241 1620 3241 1620 3242 1693 3242 1621 3242 1693 3243 1694 3243 1621 3243 1621 3244 1694 3244 1622 3244 1694 3245 1695 3245 1622 3245 1622 3246 1695 3246 1623 3246 1695 3247 1696 3247 1623 3247 1623 3248 1696 3248 1624 3248 1696 3249 1697 3249 1624 3249 1624 3250 1697 3250 1625 3250 1697 3251 1698 3251 1625 3251 1625 3252 1698 3252 1626 3252 1698 3253 1699 3253 1626 3253 1626 3254 1699 3254 1627 3254 1699 3255 1700 3255 1627 3255 1627 3256 1700 3256 1628 3256 1700 3257 1701 3257 1628 3257 1628 3258 1701 3258 1629 3258 1701 3259 1702 3259 1629 3259 1629 3260 1702 3260 1630 3260 1702 3261 1703 3261 1630 3261 1630 3262 1703 3262 1631 3262 1703 3263 1704 3263 1631 3263 1631 3264 1704 3264 1632 3264 1704 3265 1705 3265 1632 3265 1632 3266 1705 3266 1633 3266 1705 3267 1706 3267 1633 3267 1633 3268 1706 3268 1634 3268 1706 3269 1707 3269 1634 3269 1634 3270 1707 3270 1635 3270 1707 3271 1708 3271 1635 3271 1635 3272 1708 3272 1636 3272 1708 3273 1709 3273 1636 3273 1636 3274 1709 3274 1637 3274 1709 3275 1710 3275 1637 3275 1637 3276 1710 3276 1638 3276 1710 3277 1711 3277 1638 3277 1638 3278 1711 3278 1639 3278 1711 3279 1712 3279 1639 3279 1639 3280 1712 3280 1640 3280 1712 3281 1713 3281 1640 3281 1640 3282 1713 3282 1641 3282 1713 3283 1714 3283 1641 3283 1641 3284 1714 3284 1642 3284 1714 3285 1715 3285 1642 3285 1642 3286 1715 3286 1643 3286 1715 3287 1716 3287 1643 3287 1643 3288 1716 3288 1644 3288 1716 3289 1717 3289 1644 3289 1644 3290 1717 3290 1645 3290 1717 3291 1718 3291 1645 3291 1645 3292 1718 3292 1646 3292 1718 3293 1719 3293 1646 3293 1646 3294 1719 3294 1647 3294 1719 3295 1720 3295 1647 3295 1647 3296 1720 3296 1648 3296 1720 3297 1721 3297 1648 3297 1648 3298 1721 3298 1649 3298 1721 3299 1722 3299 1649 3299 1649 3300 1722 3300 1650 3300 1722 3301 1723 3301 1650 3301 1650 3302 1723 3302 1651 3302 1723 3303 1724 3303 1651 3303 1651 3304 1724 3304 1652 3304 1724 3305 1725 3305 1652 3305 1652 3306 1725 3306 1653 3306 1725 3307 1726 3307 1653 3307 1653 3308 1726 3308 1654 3308 1726 3309 1727 3309 1654 3309 1654 3310 1727 3310 1655 3310 1727 3311 1656 3311 1655 3311 1727 3312 1728 3312 1656 3312 1728 3313 1729 3313 1656 3313 1656 3314 1729 3314 1657 3314 1729 3315 1730 3315 1657 3315 1657 3316 1730 3316 1658 3316 1730 3317 1731 3317 1658 3317 1658 3318 1731 3318 1659 3318 1731 3319 1732 3319 1659 3319 1659 3320 1732 3320 1660 3320 1732 3321 1733 3321 1660 3321 1660 3322 1733 3322 1661 3322 1733 3323 1734 3323 1661 3323 1661 3324 1734 3324 1662 3324 1734 3325 1735 3325 1662 3325 1662 3326 1735 3326 1663 3326 1735 3327 1736 3327 1663 3327 1663 3328 1736 3328 1664 3328 1736 3329 1737 3329 1664 3329 1664 3330 1737 3330 1665 3330 1737 3331 1738 3331 1665 3331 1665 3332 1738 3332 1666 3332 1738 3333 1739 3333 1666 3333 1666 3334 1739 3334 1667 3334 1739 3335 1740 3335 1667 3335 1667 3336 1740 3336 1668 3336 1740 3337 1741 3337 1668 3337 1668 3338 1741 3338 1669 3338 1741 3339 1742 3339 1669 3339 1669 3340 1742 3340 1670 3340 1742 3341 1743 3341 1670 3341 1670 3342 1743 3342 1671 3342 1743 3343 1744 3343 1671 3343 1671 3344 1744 3344 1672 3344 1744 3345 1745 3345 1672 3345 1672 3346 1745 3346 1673 3346 1745 3347 1746 3347 1673 3347 1673 3348 1746 3348 1674 3348 1746 3349 1747 3349 1674 3349 1674 3350 1747 3350 1675 3350 1747 3351 1748 3351 1675 3351 1675 3352 1748 3352 1676 3352 1748 3353 1749 3353 1676 3353 1676 3354 1749 3354 1677 3354 1749 3355 1750 3355 1677 3355 1677 3356 1750 3356 1678 3356 1750 3357 1751 3357 1678 3357 1678 3358 1751 3358 1679 3358 1751 3359 1752 3359 1679 3359 1679 3360 1752 3360 1680 3360 1752 3361 1753 3361 1680 3361 1680 3362 1753 3362 1681 3362 1753 3363 1754 3363 1681 3363 1681 3364 1754 3364 1682 3364 1754 3365 1755 3365 1682 3365 1682 3366 1755 3366 1683 3366 1755 3367 1756 3367 1683 3367 1683 3368 1756 3368 1684 3368 1756 3369 1757 3369 1684 3369 1684 3370 1757 3370 1685 3370 1757 3371 1758 3371 1685 3371 1685 3372 1758 3372 1686 3372 1758 3373 1759 3373 1686 3373 1686 3374 1759 3374 1687 3374 1759 3375 1760 3375 1687 3375 1687 3376 1760 3376 1688 3376 1760 3377 1761 3377 1688 3377 1688 3378 1761 3378 1689 3378 1761 3379 1762 3379 1689 3379 1689 3380 1762 3380 1690 3380 1762 3381 1763 3381 1690 3381 1690 3382 1763 3382 1691 3382 1763 3383 1764 3383 1691 3383 1691 3384 1764 3384 1692 3384 1764 3385 1765 3385 1692 3385 1692 3386 1765 3386 1693 3386 1765 3387 1766 3387 1693 3387 1693 3388 1766 3388 1694 3388 1766 3389 1767 3389 1694 3389 1694 3390 1767 3390 1695 3390 1767 3391 1768 3391 1695 3391 1695 3392 1768 3392 1696 3392 1768 3393 1769 3393 1696 3393 1696 3394 1769 3394 1697 3394 1769 3395 1770 3395 1697 3395 1697 3396 1770 3396 1698 3396 1770 3397 1771 3397 1698 3397 1698 3398 1771 3398 1699 3398 1771 3399 1772 3399 1699 3399 1699 3400 1772 3400 1700 3400 1772 3401 1773 3401 1700 3401 1700 3402 1773 3402 1701 3402 1773 3403 1774 3403 1701 3403 1701 3404 1774 3404 1702 3404 1774 3405 1775 3405 1702 3405 1702 3406 1775 3406 1703 3406 1775 3407 1776 3407 1703 3407 1703 3408 1776 3408 1704 3408 1776 3409 1777 3409 1704 3409 1704 3410 1777 3410 1705 3410 1777 3411 1778 3411 1705 3411 1705 3412 1778 3412 1706 3412 1778 3413 1779 3413 1706 3413 1706 3414 1779 3414 1707 3414 1779 3415 1780 3415 1707 3415 1707 3416 1780 3416 1708 3416 1780 3417 1781 3417 1708 3417 1708 3418 1781 3418 1709 3418 1781 3419 1782 3419 1709 3419 1709 3420 1782 3420 1710 3420 1782 3421 1783 3421 1710 3421 1710 3422 1783 3422 1711 3422 1783 3423 1784 3423 1711 3423 1711 3424 1784 3424 1712 3424 1784 3425 1785 3425 1712 3425 1712 3426 1785 3426 1713 3426 1785 3427 1786 3427 1713 3427 1713 3428 1786 3428 1714 3428 1786 3429 1787 3429 1714 3429 1714 3430 1787 3430 1715 3430 1787 3431 1788 3431 1715 3431 1715 3432 1788 3432 1716 3432 1788 3433 1789 3433 1716 3433 1716 3434 1789 3434 1717 3434 1789 3435 1790 3435 1717 3435 1717 3436 1790 3436 1718 3436 1790 3437 1791 3437 1718 3437 1718 3438 1791 3438 1719 3438 1791 3439 1792 3439 1719 3439 1719 3440 1792 3440 1720 3440 1792 3441 1793 3441 1720 3441 1720 3442 1793 3442 1721 3442 1793 3443 1794 3443 1721 3443 1721 3444 1794 3444 1722 3444 1794 3445 1795 3445 1722 3445 1722 3446 1795 3446 1723 3446 1795 3447 1796 3447 1723 3447 1723 3448 1796 3448 1724 3448 1796 3449 1797 3449 1724 3449 1724 3450 1797 3450 1725 3450 1797 3451 1798 3451 1725 3451 1725 3452 1798 3452 1726 3452 1798 3453 1799 3453 1726 3453 1726 3454 1799 3454 1727 3454 1799 3455 1728 3455 1727 3455 1800 3456 1801 3456 1802 3456 1801 3457 1803 3457 1802 3457 1802 3458 1803 3458 1804 3458 1803 3459 1805 3459 1804 3459 1804 3460 1805 3460 1806 3460 1805 3461 1807 3461 1806 3461 1806 3462 1807 3462 1808 3462 1807 3463 1809 3463 1808 3463 1808 3464 1809 3464 1810 3464 1809 3465 1811 3465 1810 3465 1810 3466 1811 3466 1812 3466 1811 3467 1813 3467 1812 3467 1812 3468 1813 3468 1814 3468 1813 3469 1815 3469 1814 3469 1814 3470 1815 3470 1816 3470 1815 3471 1817 3471 1816 3471 1816 3472 1817 3472 1818 3472 1817 3473 1819 3473 1818 3473 1818 3474 1819 3474 1820 3474 1819 3475 1821 3475 1820 3475 1820 3476 1821 3476 1822 3476 1821 3477 1823 3477 1822 3477 1822 3478 1823 3478 1824 3478 1823 3479 1825 3479 1824 3479 1824 3480 1825 3480 1826 3480 1825 3481 1827 3481 1826 3481 1826 3482 1827 3482 1828 3482 1827 3483 1829 3483 1828 3483 1828 3484 1829 3484 1830 3484 1829 3485 1831 3485 1830 3485 1830 3486 1831 3486 1832 3486 1831 3487 1833 3487 1832 3487 1832 3488 1833 3488 1834 3488 1833 3489 1835 3489 1834 3489 1834 3490 1835 3490 1836 3490 1835 3491 1837 3491 1836 3491 1836 3492 1837 3492 1838 3492 1837 3493 1839 3493 1838 3493 1838 3494 1839 3494 1840 3494 1839 3495 1841 3495 1840 3495 1840 3496 1841 3496 1842 3496 1841 3497 1843 3497 1842 3497 1842 3498 1843 3498 1844 3498 1843 3499 1845 3499 1844 3499 1844 3500 1845 3500 1846 3500 1845 3501 1847 3501 1846 3501 1846 3502 1847 3502 1848 3502 1847 3503 1849 3503 1848 3503 1848 3504 1849 3504 1850 3504 1849 3505 1851 3505 1850 3505 1850 3506 1851 3506 1852 3506 1851 3507 1853 3507 1852 3507 1852 3508 1853 3508 1854 3508 1853 3509 1855 3509 1854 3509 1854 3510 1855 3510 1856 3510 1855 3511 1857 3511 1856 3511 1856 3512 1857 3512 1858 3512 1857 3513 1859 3513 1858 3513 1858 3514 1859 3514 1860 3514 1859 3515 1861 3515 1860 3515 1860 3516 1861 3516 1862 3516 1861 3517 1863 3517 1862 3517 1862 3518 1863 3518 1864 3518 1863 3519 1865 3519 1864 3519 1864 3520 1865 3520 1866 3520 1865 3521 1867 3521 1866 3521 1866 3522 1867 3522 1868 3522 1867 3523 1869 3523 1868 3523 1868 3524 1869 3524 1870 3524 1869 3525 1871 3525 1870 3525 1870 3526 1871 3526 1872 3526 1871 3527 1873 3527 1872 3527 1872 3528 1873 3528 1874 3528 1873 3529 1875 3529 1874 3529 1874 3530 1875 3530 1876 3530 1875 3531 1877 3531 1876 3531 1876 3532 1877 3532 1878 3532 1877 3533 1879 3533 1878 3533 1878 3534 1879 3534 1880 3534 1879 3535 1881 3535 1880 3535 1880 3536 1881 3536 1882 3536 1881 3537 1883 3537 1882 3537 1882 3538 1883 3538 1884 3538 1883 3539 1885 3539 1884 3539 1884 3540 1885 3540 1886 3540 1885 3541 1887 3541 1886 3541 1886 3542 1887 3542 1888 3542 1887 3543 1889 3543 1888 3543 1888 3544 1889 3544 1890 3544 1889 3545 1891 3545 1890 3545 1890 3546 1891 3546 1892 3546 1891 3547 1893 3547 1892 3547 1892 3548 1893 3548 1894 3548 1893 3549 1895 3549 1894 3549 1894 3550 1895 3550 1896 3550 1895 3551 1897 3551 1896 3551 1896 3552 1897 3552 1898 3552 1897 3553 1899 3553 1898 3553 1898 3554 1899 3554 1900 3554 1899 3555 1901 3555 1900 3555 1900 3556 1901 3556 1902 3556 1901 3557 1903 3557 1902 3557 1902 3558 1903 3558 1904 3558 1903 3559 1905 3559 1904 3559 1904 3560 1905 3560 1906 3560 1905 3561 1907 3561 1906 3561 1906 3562 1907 3562 1908 3562 1907 3563 1909 3563 1908 3563 1908 3564 1909 3564 1910 3564 1909 3565 1911 3565 1910 3565 1910 3566 1911 3566 1912 3566 1911 3567 1913 3567 1912 3567 1912 3568 1913 3568 1914 3568 1913 3569 1915 3569 1914 3569 1914 3570 1915 3570 1916 3570 1915 3571 1917 3571 1916 3571 1916 3572 1917 3572 1918 3572 1917 3573 1919 3573 1918 3573 1918 3574 1919 3574 1920 3574 1919 3575 1921 3575 1920 3575 1920 3576 1921 3576 1922 3576 1921 3577 1923 3577 1922 3577 1922 3578 1923 3578 1924 3578 1923 3579 1925 3579 1924 3579 1924 3580 1925 3580 1926 3580 1925 3581 1927 3581 1926 3581 1926 3582 1927 3582 1928 3582 1927 3583 1929 3583 1928 3583 1928 3584 1929 3584 1930 3584 1929 3585 1931 3585 1930 3585 1930 3586 1931 3586 1932 3586 1931 3587 1933 3587 1932 3587 1932 3588 1933 3588 1934 3588 1933 3589 1935 3589 1934 3589 1934 3590 1935 3590 1936 3590 1935 3591 1937 3591 1936 3591 1936 3592 1937 3592 1938 3592 1937 3593 1939 3593 1938 3593 1938 3594 1939 3594 1940 3594 1939 3595 1941 3595 1940 3595 1940 3596 1941 3596 1942 3596 1941 3597 1943 3597 1942 3597 1942 3598 1943 3598 1800 3598 1943 3599 1801 3599 1800 3599 1943 3600 1944 3600 1801 3600 1944 3601 1945 3601 1801 3601 1801 3602 1945 3602 1803 3602 1945 3603 1946 3603 1803 3603 1803 3604 1946 3604 1805 3604 1946 3605 1947 3605 1805 3605 1805 3606 1947 3606 1807 3606 1947 3607 1948 3607 1807 3607 1807 3608 1948 3608 1809 3608 1948 3609 1949 3609 1809 3609 1809 3610 1949 3610 1811 3610 1949 3611 1950 3611 1811 3611 1811 3612 1950 3612 1813 3612 1950 3613 1951 3613 1813 3613 1813 3614 1951 3614 1815 3614 1951 3615 1952 3615 1815 3615 1815 3616 1952 3616 1817 3616 1952 3617 1953 3617 1817 3617 1817 3618 1953 3618 1819 3618 1953 3619 1954 3619 1819 3619 1819 3620 1954 3620 1821 3620 1954 3621 1955 3621 1821 3621 1821 3622 1955 3622 1823 3622 1955 3623 1956 3623 1823 3623 1823 3624 1956 3624 1825 3624 1956 3625 1957 3625 1825 3625 1825 3626 1957 3626 1827 3626 1957 3627 1958 3627 1827 3627 1827 3628 1958 3628 1829 3628 1958 3629 1959 3629 1829 3629 1829 3630 1959 3630 1831 3630 1959 3631 1960 3631 1831 3631 1831 3632 1960 3632 1833 3632 1960 3633 1961 3633 1833 3633 1833 3634 1961 3634 1835 3634 1961 3635 1962 3635 1835 3635 1835 3636 1962 3636 1837 3636 1962 3637 1963 3637 1837 3637 1837 3638 1963 3638 1839 3638 1963 3639 1964 3639 1839 3639 1839 3640 1964 3640 1841 3640 1964 3641 1965 3641 1841 3641 1841 3642 1965 3642 1843 3642 1965 3643 1966 3643 1843 3643 1843 3644 1966 3644 1845 3644 1966 3645 1967 3645 1845 3645 1845 3646 1967 3646 1847 3646 1967 3647 1968 3647 1847 3647 1847 3648 1968 3648 1849 3648 1968 3649 1969 3649 1849 3649 1849 3650 1969 3650 1851 3650 1969 3651 1970 3651 1851 3651 1851 3652 1970 3652 1853 3652 1970 3653 1971 3653 1853 3653 1853 3654 1971 3654 1855 3654 1971 3655 1972 3655 1855 3655 1855 3656 1972 3656 1857 3656 1972 3657 1973 3657 1857 3657 1857 3658 1973 3658 1859 3658 1973 3659 1974 3659 1859 3659 1859 3660 1974 3660 1861 3660 1974 3661 1975 3661 1861 3661 1861 3662 1975 3662 1863 3662 1975 3663 1976 3663 1863 3663 1863 3664 1976 3664 1865 3664 1976 3665 1977 3665 1865 3665 1865 3666 1977 3666 1867 3666 1977 3667 1978 3667 1867 3667 1867 3668 1978 3668 1869 3668 1978 3669 1979 3669 1869 3669 1869 3670 1979 3670 1871 3670 1979 3671 1980 3671 1871 3671 1871 3672 1980 3672 1873 3672 1980 3673 1981 3673 1873 3673 1873 3674 1981 3674 1875 3674 1981 3675 1982 3675 1875 3675 1875 3676 1982 3676 1877 3676 1982 3677 1983 3677 1877 3677 1877 3678 1983 3678 1879 3678 1983 3679 1984 3679 1879 3679 1879 3680 1984 3680 1881 3680 1984 3681 1985 3681 1881 3681 1881 3682 1985 3682 1883 3682 1985 3683 1986 3683 1883 3683 1883 3684 1986 3684 1885 3684 1986 3685 1987 3685 1885 3685 1885 3686 1987 3686 1887 3686 1987 3687 1988 3687 1887 3687 1887 3688 1988 3688 1889 3688 1988 3689 1989 3689 1889 3689 1889 3690 1989 3690 1891 3690 1989 3691 1990 3691 1891 3691 1891 3692 1990 3692 1893 3692 1990 3693 1991 3693 1893 3693 1893 3694 1991 3694 1895 3694 1991 3695 1992 3695 1895 3695 1895 3696 1992 3696 1897 3696 1992 3697 1993 3697 1897 3697 1897 3698 1993 3698 1899 3698 1993 3699 1994 3699 1899 3699 1899 3700 1994 3700 1901 3700 1994 3701 1995 3701 1901 3701 1901 3702 1995 3702 1903 3702 1995 3703 1996 3703 1903 3703 1903 3704 1996 3704 1905 3704 1996 3705 1997 3705 1905 3705 1905 3706 1997 3706 1907 3706 1997 3707 1998 3707 1907 3707 1907 3708 1998 3708 1909 3708 1998 3709 1999 3709 1909 3709 1909 3710 1999 3710 1911 3710 1999 3711 2000 3711 1911 3711 1911 3712 2000 3712 1913 3712 2000 3713 2001 3713 1913 3713 1913 3714 2001 3714 1915 3714 2001 3715 2002 3715 1915 3715 1915 3716 2002 3716 1917 3716 2002 3717 2003 3717 1917 3717 1917 3718 2003 3718 1919 3718 2003 3719 2004 3719 1919 3719 1919 3720 2004 3720 1921 3720 2004 3721 2005 3721 1921 3721 1921 3722 2005 3722 1923 3722 2005 3723 2006 3723 1923 3723 1923 3724 2006 3724 1925 3724 2006 3725 2007 3725 1925 3725 1925 3726 2007 3726 1927 3726 2007 3727 2008 3727 1927 3727 1927 3728 2008 3728 1929 3728 2008 3729 2009 3729 1929 3729 1929 3730 2009 3730 1931 3730 2009 3731 2010 3731 1931 3731 1931 3732 2010 3732 1933 3732 2010 3733 2011 3733 1933 3733 1933 3734 2011 3734 1935 3734 2011 3735 2012 3735 1935 3735 1935 3736 2012 3736 1937 3736 2012 3737 2013 3737 1937 3737 1937 3738 2013 3738 1939 3738 2013 3739 2014 3739 1939 3739 1939 3740 2014 3740 1941 3740 2014 3741 2015 3741 1941 3741 1941 3742 2015 3742 1943 3742 2015 3743 1944 3743 1943 3743 2015 3744 2016 3744 1944 3744 2016 3745 2017 3745 1944 3745 1944 3746 2017 3746 1945 3746 2017 3747 2018 3747 1945 3747 1945 3748 2018 3748 1946 3748 2018 3749 2019 3749 1946 3749 1946 3750 2019 3750 1947 3750 2019 3751 2020 3751 1947 3751 1947 3752 2020 3752 1948 3752 2020 3753 2021 3753 1948 3753 1948 3754 2021 3754 1949 3754 2021 3755 2022 3755 1949 3755 1949 3756 2022 3756 1950 3756 2022 3757 2023 3757 1950 3757 1950 3758 2023 3758 1951 3758 2023 3759 2024 3759 1951 3759 1951 3760 2024 3760 1952 3760 2024 3761 2025 3761 1952 3761 1952 3762 2025 3762 1953 3762 2025 3763 2026 3763 1953 3763 1953 3764 2026 3764 1954 3764 2026 3765 2027 3765 1954 3765 1954 3766 2027 3766 1955 3766 2027 3767 2028 3767 1955 3767 1955 3768 2028 3768 1956 3768 2028 3769 2029 3769 1956 3769 1956 3770 2029 3770 1957 3770 2029 3771 2030 3771 1957 3771 1957 3772 2030 3772 1958 3772 2030 3773 2031 3773 1958 3773 1958 3774 2031 3774 1959 3774 2031 3775 2032 3775 1959 3775 1959 3776 2032 3776 1960 3776 2032 3777 2033 3777 1960 3777 1960 3778 2033 3778 1961 3778 2033 3779 2034 3779 1961 3779 1961 3780 2034 3780 1962 3780 2034 3781 2035 3781 1962 3781 1962 3782 2035 3782 1963 3782 2035 3783 2036 3783 1963 3783 1963 3784 2036 3784 1964 3784 2036 3785 2037 3785 1964 3785 1964 3786 2037 3786 1965 3786 2037 3787 2038 3787 1965 3787 1965 3788 2038 3788 1966 3788 2038 3789 2039 3789 1966 3789 1966 3790 2039 3790 1967 3790 2039 3791 2040 3791 1967 3791 1967 3792 2040 3792 1968 3792 2040 3793 2041 3793 1968 3793 1968 3794 2041 3794 1969 3794 2041 3795 2042 3795 1969 3795 1969 3796 2042 3796 1970 3796 2042 3797 2043 3797 1970 3797 1970 3798 2043 3798 1971 3798 2043 3799 2044 3799 1971 3799 1971 3800 2044 3800 1972 3800 2044 3801 2045 3801 1972 3801 1972 3802 2045 3802 1973 3802 2045 3803 2046 3803 1973 3803 1973 3804 2046 3804 1974 3804 2046 3805 2047 3805 1974 3805 1974 3806 2047 3806 1975 3806 2047 3807 2048 3807 1975 3807 1975 3808 2048 3808 1976 3808 2048 3809 2049 3809 1976 3809 1976 3810 2049 3810 1977 3810 2049 3811 2050 3811 1977 3811 1977 3812 2050 3812 1978 3812 2050 3813 2051 3813 1978 3813 1978 3814 2051 3814 1979 3814 2051 3815 2052 3815 1979 3815 1979 3816 2052 3816 1980 3816 2052 3817 2053 3817 1980 3817 1980 3818 2053 3818 1981 3818 2053 3819 2054 3819 1981 3819 1981 3820 2054 3820 1982 3820 2054 3821 2055 3821 1982 3821 1982 3822 2055 3822 1983 3822 2055 3823 2056 3823 1983 3823 1983 3824 2056 3824 1984 3824 2056 3825 2057 3825 1984 3825 1984 3826 2057 3826 1985 3826 2057 3827 2058 3827 1985 3827 1985 3828 2058 3828 1986 3828 2058 3829 2059 3829 1986 3829 1986 3830 2059 3830 1987 3830 2059 3831 2060 3831 1987 3831 1987 3832 2060 3832 1988 3832 2060 3833 2061 3833 1988 3833 1988 3834 2061 3834 1989 3834 2061 3835 2062 3835 1989 3835 1989 3836 2062 3836 1990 3836 2062 3837 2063 3837 1990 3837 1990 3838 2063 3838 1991 3838 2063 3839 2064 3839 1991 3839 1991 3840 2064 3840 1992 3840 2064 3841 2065 3841 1992 3841 1992 3842 2065 3842 1993 3842 2065 3843 2066 3843 1993 3843 1993 3844 2066 3844 1994 3844 2066 3845 2067 3845 1994 3845 1994 3846 2067 3846 1995 3846 2067 3847 2068 3847 1995 3847 1995 3848 2068 3848 1996 3848 2068 3849 2069 3849 1996 3849 1996 3850 2069 3850 1997 3850 2069 3851 2070 3851 1997 3851 1997 3852 2070 3852 1998 3852 2070 3853 2071 3853 1998 3853 1998 3854 2071 3854 1999 3854 2071 3855 2072 3855 1999 3855 1999 3856 2072 3856 2000 3856 2072 3857 2073 3857 2000 3857 2000 3858 2073 3858 2001 3858 2073 3859 2074 3859 2001 3859 2001 3860 2074 3860 2002 3860 2074 3861 2075 3861 2002 3861 2002 3862 2075 3862 2003 3862 2075 3863 2076 3863 2003 3863 2003 3864 2076 3864 2004 3864 2076 3865 2077 3865 2004 3865 2004 3866 2077 3866 2005 3866 2077 3867 2078 3867 2005 3867 2005 3868 2078 3868 2006 3868 2078 3869 2079 3869 2006 3869 2006 3870 2079 3870 2007 3870 2079 3871 2080 3871 2007 3871 2007 3872 2080 3872 2008 3872 2080 3873 2081 3873 2008 3873 2008 3874 2081 3874 2009 3874 2081 3875 2082 3875 2009 3875 2009 3876 2082 3876 2010 3876 2082 3877 2083 3877 2010 3877 2010 3878 2083 3878 2011 3878 2083 3879 2084 3879 2011 3879 2011 3880 2084 3880 2012 3880 2084 3881 2085 3881 2012 3881 2012 3882 2085 3882 2013 3882 2085 3883 2086 3883 2013 3883 2013 3884 2086 3884 2014 3884 2086 3885 2087 3885 2014 3885 2014 3886 2087 3886 2015 3886 2087 3887 2016 3887 2015 3887 2087 3888 2088 3888 2016 3888 2088 3889 2089 3889 2016 3889 2016 3890 2089 3890 2017 3890 2089 3891 2090 3891 2017 3891 2017 3892 2090 3892 2018 3892 2090 3893 2091 3893 2018 3893 2018 3894 2091 3894 2019 3894 2091 3895 2092 3895 2019 3895 2019 3896 2092 3896 2020 3896 2092 3897 2093 3897 2020 3897 2020 3898 2093 3898 2021 3898 2093 3899 2094 3899 2021 3899 2021 3900 2094 3900 2022 3900 2094 3901 2095 3901 2022 3901 2022 3902 2095 3902 2023 3902 2095 3903 2096 3903 2023 3903 2023 3904 2096 3904 2024 3904 2096 3905 2097 3905 2024 3905 2024 3906 2097 3906 2025 3906 2097 3907 2098 3907 2025 3907 2025 3908 2098 3908 2026 3908 2098 3909 2099 3909 2026 3909 2026 3910 2099 3910 2027 3910 2099 3911 2100 3911 2027 3911 2027 3912 2100 3912 2028 3912 2100 3913 2101 3913 2028 3913 2028 3914 2101 3914 2029 3914 2101 3915 2102 3915 2029 3915 2029 3916 2102 3916 2030 3916 2102 3917 2103 3917 2030 3917 2030 3918 2103 3918 2031 3918 2103 3919 2104 3919 2031 3919 2031 3920 2104 3920 2032 3920 2104 3921 2105 3921 2032 3921 2032 3922 2105 3922 2033 3922 2105 3923 2106 3923 2033 3923 2033 3924 2106 3924 2034 3924 2106 3925 2107 3925 2034 3925 2034 3926 2107 3926 2035 3926 2107 3927 2108 3927 2035 3927 2035 3928 2108 3928 2036 3928 2108 3929 2109 3929 2036 3929 2036 3930 2109 3930 2037 3930 2109 3931 2110 3931 2037 3931 2037 3932 2110 3932 2038 3932 2110 3933 2111 3933 2038 3933 2038 3934 2111 3934 2039 3934 2111 3935 2112 3935 2039 3935 2039 3936 2112 3936 2040 3936 2112 3937 2113 3937 2040 3937 2040 3938 2113 3938 2041 3938 2113 3939 2114 3939 2041 3939 2041 3940 2114 3940 2042 3940 2114 3941 2115 3941 2042 3941 2042 3942 2115 3942 2043 3942 2115 3943 2116 3943 2043 3943 2043 3944 2116 3944 2044 3944 2116 3945 2117 3945 2044 3945 2044 3946 2117 3946 2045 3946 2117 3947 2118 3947 2045 3947 2045 3948 2118 3948 2046 3948 2118 3949 2119 3949 2046 3949 2046 3950 2119 3950 2047 3950 2119 3951 2120 3951 2047 3951 2047 3952 2120 3952 2048 3952 2120 3953 2121 3953 2048 3953 2048 3954 2121 3954 2049 3954 2121 3955 2122 3955 2049 3955 2049 3956 2122 3956 2050 3956 2122 3957 2123 3957 2050 3957 2050 3958 2123 3958 2051 3958 2123 3959 2124 3959 2051 3959 2051 3960 2124 3960 2052 3960 2124 3961 2125 3961 2052 3961 2052 3962 2125 3962 2053 3962 2125 3963 2126 3963 2053 3963 2053 3964 2126 3964 2054 3964 2126 3965 2127 3965 2054 3965 2054 3966 2127 3966 2055 3966 2127 3967 2128 3967 2055 3967 2055 3968 2128 3968 2056 3968 2128 3969 2129 3969 2056 3969 2056 3970 2129 3970 2057 3970 2129 3971 2130 3971 2057 3971 2057 3972 2130 3972 2058 3972 2130 3973 2131 3973 2058 3973 2058 3974 2131 3974 2059 3974 2131 3975 2132 3975 2059 3975 2059 3976 2132 3976 2060 3976 2132 3977 2133 3977 2060 3977 2060 3978 2133 3978 2061 3978 2133 3979 2134 3979 2061 3979 2061 3980 2134 3980 2062 3980 2134 3981 2135 3981 2062 3981 2062 3982 2135 3982 2063 3982 2135 3983 2136 3983 2063 3983 2063 3984 2136 3984 2064 3984 2136 3985 2137 3985 2064 3985 2064 3986 2137 3986 2065 3986 2137 3987 2138 3987 2065 3987 2065 3988 2138 3988 2066 3988 2138 3989 2139 3989 2066 3989 2066 3990 2139 3990 2067 3990 2139 3991 2140 3991 2067 3991 2067 3992 2140 3992 2068 3992 2140 3993 2141 3993 2068 3993 2068 3994 2141 3994 2069 3994 2141 3995 2142 3995 2069 3995 2069 3996 2142 3996 2070 3996 2142 3997 2143 3997 2070 3997 2070 3998 2143 3998 2071 3998 2143 3999 2144 3999 2071 3999 2071 4000 2144 4000 2072 4000 2144 4001 2145 4001 2072 4001 2072 4002 2145 4002 2073 4002 2145 4003 2146 4003 2073 4003 2073 4004 2146 4004 2074 4004 2146 4005 2147 4005 2074 4005 2074 4006 2147 4006 2075 4006 2147 4007 2148 4007 2075 4007 2075 4008 2148 4008 2076 4008 2148 4009 2149 4009 2076 4009 2076 4010 2149 4010 2077 4010 2149 4011 2150 4011 2077 4011 2077 4012 2150 4012 2078 4012 2150 4013 2151 4013 2078 4013 2078 4014 2151 4014 2079 4014 2151 4015 2152 4015 2079 4015 2079 4016 2152 4016 2080 4016 2152 4017 2153 4017 2080 4017 2080 4018 2153 4018 2081 4018 2153 4019 2154 4019 2081 4019 2081 4020 2154 4020 2082 4020 2154 4021 2155 4021 2082 4021 2082 4022 2155 4022 2083 4022 2155 4023 2156 4023 2083 4023 2083 4024 2156 4024 2084 4024 2156 4025 2157 4025 2084 4025 2084 4026 2157 4026 2085 4026 2157 4027 2158 4027 2085 4027 2085 4028 2158 4028 2086 4028 2158 4029 2159 4029 2086 4029 2086 4030 2159 4030 2087 4030 2159 4031 2088 4031 2087 4031 2159 4032 2160 4032 2088 4032 2160 4033 2161 4033 2088 4033 2088 4034 2161 4034 2089 4034 2161 4035 2162 4035 2089 4035 2089 4036 2162 4036 2090 4036 2162 4037 2163 4037 2090 4037 2090 4038 2163 4038 2091 4038 2163 4039 2164 4039 2091 4039 2091 4040 2164 4040 2092 4040 2164 4041 2165 4041 2092 4041 2092 4042 2165 4042 2093 4042 2165 4043 2166 4043 2093 4043 2093 4044 2166 4044 2094 4044 2166 4045 2167 4045 2094 4045 2094 4046 2167 4046 2095 4046 2167 4047 2168 4047 2095 4047 2095 4048 2168 4048 2096 4048 2168 4049 2169 4049 2096 4049 2096 4050 2169 4050 2097 4050 2169 4051 2170 4051 2097 4051 2097 4052 2170 4052 2098 4052 2170 4053 2171 4053 2098 4053 2098 4054 2171 4054 2099 4054 2171 4055 2172 4055 2099 4055 2099 4056 2172 4056 2100 4056 2172 4057 2173 4057 2100 4057 2100 4058 2173 4058 2101 4058 2173 4059 2174 4059 2101 4059 2101 4060 2174 4060 2102 4060 2174 4061 2175 4061 2102 4061 2102 4062 2175 4062 2103 4062 2175 4063 2176 4063 2103 4063 2103 4064 2176 4064 2104 4064 2176 4065 2177 4065 2104 4065 2104 4066 2177 4066 2105 4066 2177 4067 2178 4067 2105 4067 2105 4068 2178 4068 2106 4068 2178 4069 2179 4069 2106 4069 2106 4070 2179 4070 2107 4070 2179 4071 2180 4071 2107 4071 2107 4072 2180 4072 2108 4072 2180 4073 2181 4073 2108 4073 2108 4074 2181 4074 2109 4074 2181 4075 2182 4075 2109 4075 2109 4076 2182 4076 2110 4076 2182 4077 2183 4077 2110 4077 2110 4078 2183 4078 2111 4078 2183 4079 2184 4079 2111 4079 2111 4080 2184 4080 2112 4080 2184 4081 2185 4081 2112 4081 2112 4082 2185 4082 2113 4082 2185 4083 2186 4083 2113 4083 2113 4084 2186 4084 2114 4084 2186 4085 2187 4085 2114 4085 2114 4086 2187 4086 2115 4086 2187 4087 2188 4087 2115 4087 2115 4088 2188 4088 2116 4088 2188 4089 2189 4089 2116 4089 2116 4090 2189 4090 2117 4090 2189 4091 2190 4091 2117 4091 2117 4092 2190 4092 2118 4092 2190 4093 2191 4093 2118 4093 2118 4094 2191 4094 2119 4094 2191 4095 2192 4095 2119 4095 2119 4096 2192 4096 2120 4096 2192 4097 2193 4097 2120 4097 2120 4098 2193 4098 2121 4098 2193 4099 2194 4099 2121 4099 2121 4100 2194 4100 2122 4100 2194 4101 2195 4101 2122 4101 2122 4102 2195 4102 2123 4102 2195 4103 2196 4103 2123 4103 2123 4104 2196 4104 2124 4104 2196 4105 2197 4105 2124 4105 2124 4106 2197 4106 2125 4106 2197 4107 2198 4107 2125 4107 2125 4108 2198 4108 2126 4108 2198 4109 2199 4109 2126 4109 2126 4110 2199 4110 2127 4110 2199 4111 2200 4111 2127 4111 2127 4112 2200 4112 2128 4112 2200 4113 2201 4113 2128 4113 2128 4114 2201 4114 2129 4114 2201 4115 2202 4115 2129 4115 2129 4116 2202 4116 2130 4116 2202 4117 2203 4117 2130 4117 2130 4118 2203 4118 2131 4118 2203 4119 2204 4119 2131 4119 2131 4120 2204 4120 2132 4120 2204 4121 2205 4121 2132 4121 2132 4122 2205 4122 2133 4122 2205 4123 2206 4123 2133 4123 2133 4124 2206 4124 2134 4124 2206 4125 2207 4125 2134 4125 2134 4126 2207 4126 2135 4126 2207 4127 2208 4127 2135 4127 2135 4128 2208 4128 2136 4128 2208 4129 2209 4129 2136 4129 2136 4130 2209 4130 2137 4130 2209 4131 2210 4131 2137 4131 2137 4132 2210 4132 2138 4132 2210 4133 2211 4133 2138 4133 2138 4134 2211 4134 2139 4134 2211 4135 2212 4135 2139 4135 2139 4136 2212 4136 2140 4136 2212 4137 2213 4137 2140 4137 2140 4138 2213 4138 2141 4138 2213 4139 2214 4139 2141 4139 2141 4140 2214 4140 2142 4140 2214 4141 2215 4141 2142 4141 2142 4142 2215 4142 2143 4142 2215 4143 2216 4143 2143 4143 2143 4144 2216 4144 2144 4144 2216 4145 2217 4145 2144 4145 2144 4146 2217 4146 2145 4146 2217 4147 2218 4147 2145 4147 2145 4148 2218 4148 2146 4148 2218 4149 2219 4149 2146 4149 2146 4150 2219 4150 2147 4150 2219 4151 2220 4151 2147 4151 2147 4152 2220 4152 2148 4152 2220 4153 2221 4153 2148 4153 2148 4154 2221 4154 2149 4154 2221 4155 2222 4155 2149 4155 2149 4156 2222 4156 2150 4156 2222 4157 2223 4157 2150 4157 2150 4158 2223 4158 2151 4158 2223 4159 2224 4159 2151 4159 2151 4160 2224 4160 2152 4160 2224 4161 2225 4161 2152 4161 2152 4162 2225 4162 2153 4162 2225 4163 2226 4163 2153 4163 2153 4164 2226 4164 2154 4164 2226 4165 2227 4165 2154 4165 2154 4166 2227 4166 2155 4166 2227 4167 2228 4167 2155 4167 2155 4168 2228 4168 2156 4168 2228 4169 2229 4169 2156 4169 2156 4170 2229 4170 2157 4170 2229 4171 2230 4171 2157 4171 2157 4172 2230 4172 2158 4172 2230 4173 2231 4173 2158 4173 2158 4174 2231 4174 2159 4174 2231 4175 2160 4175 2159 4175 2231 4176 2232 4176 2160 4176 2232 4177 2233 4177 2160 4177 2160 4178 2233 4178 2161 4178 2233 4179 2234 4179 2161 4179 2161 4180 2234 4180 2162 4180 2234 4181 2235 4181 2162 4181 2162 4182 2235 4182 2163 4182 2235 4183 2236 4183 2163 4183 2163 4184 2236 4184 2164 4184 2236 4185 2237 4185 2164 4185 2164 4186 2237 4186 2165 4186 2237 4187 2238 4187 2165 4187 2165 4188 2238 4188 2166 4188 2238 4189 2239 4189 2166 4189 2166 4190 2239 4190 2167 4190 2239 4191 2240 4191 2167 4191 2167 4192 2240 4192 2168 4192 2240 4193 2241 4193 2168 4193 2168 4194 2241 4194 2169 4194 2241 4195 2242 4195 2169 4195 2169 4196 2242 4196 2170 4196 2242 4197 2243 4197 2170 4197 2170 4198 2243 4198 2171 4198 2243 4199 2244 4199 2171 4199 2171 4200 2244 4200 2172 4200 2244 4201 2245 4201 2172 4201 2172 4202 2245 4202 2173 4202 2245 4203 2246 4203 2173 4203 2173 4204 2246 4204 2174 4204 2246 4205 2247 4205 2174 4205 2174 4206 2247 4206 2175 4206 2247 4207 2248 4207 2175 4207 2175 4208 2248 4208 2176 4208 2248 4209 2249 4209 2176 4209 2176 4210 2249 4210 2177 4210 2249 4211 2250 4211 2177 4211 2177 4212 2250 4212 2178 4212 2250 4213 2251 4213 2178 4213 2178 4214 2251 4214 2179 4214 2251 4215 2252 4215 2179 4215 2179 4216 2252 4216 2180 4216 2252 4217 2253 4217 2180 4217 2180 4218 2253 4218 2181 4218 2253 4219 2254 4219 2181 4219 2181 4220 2254 4220 2182 4220 2254 4221 2255 4221 2182 4221 2182 4222 2255 4222 2183 4222 2255 4223 2256 4223 2183 4223 2183 4224 2256 4224 2184 4224 2256 4225 2257 4225 2184 4225 2184 4226 2257 4226 2185 4226 2257 4227 2258 4227 2185 4227 2185 4228 2258 4228 2186 4228 2258 4229 2259 4229 2186 4229 2186 4230 2259 4230 2187 4230 2259 4231 2260 4231 2187 4231 2187 4232 2260 4232 2188 4232 2260 4233 2261 4233 2188 4233 2188 4234 2261 4234 2189 4234 2261 4235 2262 4235 2189 4235 2189 4236 2262 4236 2190 4236 2262 4237 2263 4237 2190 4237 2190 4238 2263 4238 2191 4238 2263 4239 2264 4239 2191 4239 2191 4240 2264 4240 2192 4240 2264 4241 2265 4241 2192 4241 2192 4242 2265 4242 2193 4242 2265 4243 2266 4243 2193 4243 2193 4244 2266 4244 2194 4244 2266 4245 2267 4245 2194 4245 2194 4246 2267 4246 2195 4246 2267 4247 2268 4247 2195 4247 2195 4248 2268 4248 2196 4248 2268 4249 2269 4249 2196 4249 2196 4250 2269 4250 2197 4250 2269 4251 2270 4251 2197 4251 2197 4252 2270 4252 2198 4252 2270 4253 2271 4253 2198 4253 2198 4254 2271 4254 2199 4254 2271 4255 2272 4255 2199 4255 2199 4256 2272 4256 2200 4256 2272 4257 2273 4257 2200 4257 2200 4258 2273 4258 2201 4258 2273 4259 2274 4259 2201 4259 2201 4260 2274 4260 2202 4260 2274 4261 2275 4261 2202 4261 2202 4262 2275 4262 2203 4262 2275 4263 2276 4263 2203 4263 2203 4264 2276 4264 2204 4264 2276 4265 2277 4265 2204 4265 2204 4266 2277 4266 2205 4266 2277 4267 2278 4267 2205 4267 2205 4268 2278 4268 2206 4268 2278 4269 2279 4269 2206 4269 2206 4270 2279 4270 2207 4270 2279 4271 2280 4271 2207 4271 2207 4272 2280 4272 2208 4272 2280 4273 2281 4273 2208 4273 2208 4274 2281 4274 2209 4274 2281 4275 2282 4275 2209 4275 2209 4276 2282 4276 2210 4276 2282 4277 2283 4277 2210 4277 2210 4278 2283 4278 2211 4278 2283 4279 2284 4279 2211 4279 2211 4280 2284 4280 2212 4280 2284 4281 2285 4281 2212 4281 2212 4282 2285 4282 2213 4282 2285 4283 2286 4283 2213 4283 2213 4284 2286 4284 2214 4284 2286 4285 2287 4285 2214 4285 2214 4286 2287 4286 2215 4286 2287 4287 2288 4287 2215 4287 2215 4288 2288 4288 2216 4288 2288 4289 2289 4289 2216 4289 2216 4290 2289 4290 2217 4290 2289 4291 2290 4291 2217 4291 2217 4292 2290 4292 2218 4292 2290 4293 2291 4293 2218 4293 2218 4294 2291 4294 2219 4294 2291 4295 2292 4295 2219 4295 2219 4296 2292 4296 2220 4296 2292 4297 2293 4297 2220 4297 2220 4298 2293 4298 2221 4298 2293 4299 2294 4299 2221 4299 2221 4300 2294 4300 2222 4300 2294 4301 2295 4301 2222 4301 2222 4302 2295 4302 2223 4302 2295 4303 2296 4303 2223 4303 2223 4304 2296 4304 2224 4304 2296 4305 2297 4305 2224 4305 2224 4306 2297 4306 2225 4306 2297 4307 2298 4307 2225 4307 2225 4308 2298 4308 2226 4308 2298 4309 2299 4309 2226 4309 2226 4310 2299 4310 2227 4310 2299 4311 2300 4311 2227 4311 2227 4312 2300 4312 2228 4312 2300 4313 2301 4313 2228 4313 2228 4314 2301 4314 2229 4314 2301 4315 2302 4315 2229 4315 2229 4316 2302 4316 2230 4316 2302 4317 2303 4317 2230 4317 2230 4318 2303 4318 2231 4318 2303 4319 2232 4319 2231 4319 2303 4320 2304 4320 2232 4320 2304 4321 2305 4321 2232 4321 2232 4322 2305 4322 2233 4322 2305 4323 2306 4323 2233 4323 2233 4324 2306 4324 2234 4324 2306 4325 2307 4325 2234 4325 2234 4326 2307 4326 2235 4326 2307 4327 2308 4327 2235 4327 2235 4328 2308 4328 2236 4328 2308 4329 2309 4329 2236 4329 2236 4330 2309 4330 2237 4330 2309 4331 2310 4331 2237 4331 2237 4332 2310 4332 2238 4332 2310 4333 2311 4333 2238 4333 2238 4334 2311 4334 2239 4334 2311 4335 2312 4335 2239 4335 2239 4336 2312 4336 2240 4336 2312 4337 2313 4337 2240 4337 2240 4338 2313 4338 2241 4338 2313 4339 2314 4339 2241 4339 2241 4340 2314 4340 2242 4340 2314 4341 2315 4341 2242 4341 2242 4342 2315 4342 2243 4342 2315 4343 2316 4343 2243 4343 2243 4344 2316 4344 2244 4344 2316 4345 2317 4345 2244 4345 2244 4346 2317 4346 2245 4346 2317 4347 2318 4347 2245 4347 2245 4348 2318 4348 2246 4348 2318 4349 2319 4349 2246 4349 2246 4350 2319 4350 2247 4350 2319 4351 2320 4351 2247 4351 2247 4352 2320 4352 2248 4352 2320 4353 2321 4353 2248 4353 2248 4354 2321 4354 2249 4354 2321 4355 2322 4355 2249 4355 2249 4356 2322 4356 2250 4356 2322 4357 2323 4357 2250 4357 2250 4358 2323 4358 2251 4358 2323 4359 2324 4359 2251 4359 2251 4360 2324 4360 2252 4360 2324 4361 2325 4361 2252 4361 2252 4362 2325 4362 2253 4362 2325 4363 2326 4363 2253 4363 2253 4364 2326 4364 2254 4364 2326 4365 2327 4365 2254 4365 2254 4366 2327 4366 2255 4366 2327 4367 2328 4367 2255 4367 2255 4368 2328 4368 2256 4368 2328 4369 2329 4369 2256 4369 2256 4370 2329 4370 2257 4370 2329 4371 2330 4371 2257 4371 2257 4372 2330 4372 2258 4372 2330 4373 2331 4373 2258 4373 2258 4374 2331 4374 2259 4374 2331 4375 2332 4375 2259 4375 2259 4376 2332 4376 2260 4376 2332 4377 2333 4377 2260 4377 2260 4378 2333 4378 2261 4378 2333 4379 2334 4379 2261 4379 2261 4380 2334 4380 2262 4380 2334 4381 2335 4381 2262 4381 2262 4382 2335 4382 2263 4382 2335 4383 2336 4383 2263 4383 2263 4384 2336 4384 2264 4384 2336 4385 2337 4385 2264 4385 2264 4386 2337 4386 2265 4386 2337 4387 2338 4387 2265 4387 2265 4388 2338 4388 2266 4388 2338 4389 2339 4389 2266 4389 2266 4390 2339 4390 2267 4390 2339 4391 2340 4391 2267 4391 2267 4392 2340 4392 2268 4392 2340 4393 2341 4393 2268 4393 2268 4394 2341 4394 2269 4394 2341 4395 2342 4395 2269 4395 2269 4396 2342 4396 2270 4396 2342 4397 2343 4397 2270 4397 2270 4398 2343 4398 2271 4398 2343 4399 2344 4399 2271 4399 2271 4400 2344 4400 2272 4400 2344 4401 2345 4401 2272 4401 2272 4402 2345 4402 2273 4402 2345 4403 2346 4403 2273 4403 2273 4404 2346 4404 2274 4404 2346 4405 2347 4405 2274 4405 2274 4406 2347 4406 2275 4406 2347 4407 2348 4407 2275 4407 2275 4408 2348 4408 2276 4408 2348 4409 2349 4409 2276 4409 2276 4410 2349 4410 2277 4410 2349 4411 2350 4411 2277 4411 2277 4412 2350 4412 2278 4412 2350 4413 2351 4413 2278 4413 2278 4414 2351 4414 2279 4414 2351 4415 2352 4415 2279 4415 2279 4416 2352 4416 2280 4416 2352 4417 2353 4417 2280 4417 2280 4418 2353 4418 2281 4418 2353 4419 2354 4419 2281 4419 2281 4420 2354 4420 2282 4420 2354 4421 2355 4421 2282 4421 2282 4422 2355 4422 2283 4422 2355 4423 2356 4423 2283 4423 2283 4424 2356 4424 2284 4424 2356 4425 2357 4425 2284 4425 2284 4426 2357 4426 2285 4426 2357 4427 2358 4427 2285 4427 2285 4428 2358 4428 2286 4428 2358 4429 2359 4429 2286 4429 2286 4430 2359 4430 2287 4430 2359 4431 2360 4431 2287 4431 2287 4432 2360 4432 2288 4432 2360 4433 2361 4433 2288 4433 2288 4434 2361 4434 2289 4434 2361 4435 2362 4435 2289 4435 2289 4436 2362 4436 2290 4436 2362 4437 2363 4437 2290 4437 2290 4438 2363 4438 2291 4438 2363 4439 2364 4439 2291 4439 2291 4440 2364 4440 2292 4440 2364 4441 2365 4441 2292 4441 2292 4442 2365 4442 2293 4442 2365 4443 2366 4443 2293 4443 2293 4444 2366 4444 2294 4444 2366 4445 2367 4445 2294 4445 2294 4446 2367 4446 2295 4446 2367 4447 2368 4447 2295 4447 2295 4448 2368 4448 2296 4448 2368 4449 2369 4449 2296 4449 2296 4450 2369 4450 2297 4450 2369 4451 2370 4451 2297 4451 2297 4452 2370 4452 2298 4452 2370 4453 2371 4453 2298 4453 2298 4454 2371 4454 2299 4454 2371 4455 2372 4455 2299 4455 2299 4456 2372 4456 2300 4456 2372 4457 2373 4457 2300 4457 2300 4458 2373 4458 2301 4458 2373 4459 2374 4459 2301 4459 2301 4460 2374 4460 2302 4460 2374 4461 2375 4461 2302 4461 2302 4462 2375 4462 2303 4462 2375 4463 2304 4463 2303 4463 2375 4464 2376 4464 2304 4464 2376 4465 2377 4465 2304 4465 2304 4466 2377 4466 2305 4466 2377 4467 2378 4467 2305 4467 2305 4468 2378 4468 2306 4468 2378 4469 2379 4469 2306 4469 2306 4470 2379 4470 2307 4470 2379 4471 2380 4471 2307 4471 2307 4472 2380 4472 2308 4472 2380 4473 2381 4473 2308 4473 2308 4474 2381 4474 2309 4474 2381 4475 2382 4475 2309 4475 2309 4476 2382 4476 2310 4476 2382 4477 2383 4477 2310 4477 2310 4478 2383 4478 2311 4478 2383 4479 2384 4479 2311 4479 2311 4480 2384 4480 2312 4480 2384 4481 2385 4481 2312 4481 2312 4482 2385 4482 2313 4482 2385 4483 2386 4483 2313 4483 2313 4484 2386 4484 2314 4484 2386 4485 2387 4485 2314 4485 2314 4486 2387 4486 2315 4486 2387 4487 2388 4487 2315 4487 2315 4488 2388 4488 2316 4488 2388 4489 2389 4489 2316 4489 2316 4490 2389 4490 2317 4490 2389 4491 2390 4491 2317 4491 2317 4492 2390 4492 2318 4492 2390 4493 2391 4493 2318 4493 2318 4494 2391 4494 2319 4494 2391 4495 2392 4495 2319 4495 2319 4496 2392 4496 2320 4496 2392 4497 2393 4497 2320 4497 2320 4498 2393 4498 2321 4498 2393 4499 2394 4499 2321 4499 2321 4500 2394 4500 2322 4500 2394 4501 2395 4501 2322 4501 2322 4502 2395 4502 2323 4502 2395 4503 2396 4503 2323 4503 2323 4504 2396 4504 2324 4504 2396 4505 2397 4505 2324 4505 2324 4506 2397 4506 2325 4506 2397 4507 2398 4507 2325 4507 2325 4508 2398 4508 2326 4508 2398 4509 2399 4509 2326 4509 2326 4510 2399 4510 2327 4510 2399 4511 2400 4511 2327 4511 2327 4512 2400 4512 2328 4512 2400 4513 2401 4513 2328 4513 2328 4514 2401 4514 2329 4514 2401 4515 2402 4515 2329 4515 2329 4516 2402 4516 2330 4516 2402 4517 2403 4517 2330 4517 2330 4518 2403 4518 2331 4518 2403 4519 2404 4519 2331 4519 2331 4520 2404 4520 2332 4520 2404 4521 2405 4521 2332 4521 2332 4522 2405 4522 2333 4522 2405 4523 2406 4523 2333 4523 2333 4524 2406 4524 2334 4524 2406 4525 2407 4525 2334 4525 2334 4526 2407 4526 2335 4526 2407 4527 2408 4527 2335 4527 2335 4528 2408 4528 2336 4528 2408 4529 2409 4529 2336 4529 2336 4530 2409 4530 2337 4530 2409 4531 2410 4531 2337 4531 2337 4532 2410 4532 2338 4532 2410 4533 2411 4533 2338 4533 2338 4534 2411 4534 2339 4534 2411 4535 2412 4535 2339 4535 2339 4536 2412 4536 2340 4536 2412 4537 2413 4537 2340 4537 2340 4538 2413 4538 2341 4538 2413 4539 2414 4539 2341 4539 2341 4540 2414 4540 2342 4540 2414 4541 2415 4541 2342 4541 2342 4542 2415 4542 2343 4542 2415 4543 2416 4543 2343 4543 2343 4544 2416 4544 2344 4544 2416 4545 2417 4545 2344 4545 2344 4546 2417 4546 2345 4546 2417 4547 2418 4547 2345 4547 2345 4548 2418 4548 2346 4548 2418 4549 2419 4549 2346 4549 2346 4550 2419 4550 2347 4550 2419 4551 2420 4551 2347 4551 2347 4552 2420 4552 2348 4552 2420 4553 2421 4553 2348 4553 2348 4554 2421 4554 2349 4554 2421 4555 2422 4555 2349 4555 2349 4556 2422 4556 2350 4556 2422 4557 2423 4557 2350 4557 2350 4558 2423 4558 2351 4558 2423 4559 2424 4559 2351 4559 2351 4560 2424 4560 2352 4560 2424 4561 2425 4561 2352 4561 2352 4562 2425 4562 2353 4562 2425 4563 2426 4563 2353 4563 2353 4564 2426 4564 2354 4564 2426 4565 2427 4565 2354 4565 2354 4566 2427 4566 2355 4566 2427 4567 2428 4567 2355 4567 2355 4568 2428 4568 2356 4568 2428 4569 2429 4569 2356 4569 2356 4570 2429 4570 2357 4570 2429 4571 2430 4571 2357 4571 2357 4572 2430 4572 2358 4572 2430 4573 2431 4573 2358 4573 2358 4574 2431 4574 2359 4574 2431 4575 2432 4575 2359 4575 2359 4576 2432 4576 2360 4576 2432 4577 2433 4577 2360 4577 2360 4578 2433 4578 2361 4578 2433 4579 2434 4579 2361 4579 2361 4580 2434 4580 2362 4580 2434 4581 2435 4581 2362 4581 2362 4582 2435 4582 2363 4582 2435 4583 2436 4583 2363 4583 2363 4584 2436 4584 2364 4584 2436 4585 2437 4585 2364 4585 2364 4586 2437 4586 2365 4586 2437 4587 2438 4587 2365 4587 2365 4588 2438 4588 2366 4588 2438 4589 2439 4589 2366 4589 2366 4590 2439 4590 2367 4590 2439 4591 2440 4591 2367 4591 2367 4592 2440 4592 2368 4592 2440 4593 2441 4593 2368 4593 2368 4594 2441 4594 2369 4594 2441 4595 2442 4595 2369 4595 2369 4596 2442 4596 2370 4596 2442 4597 2443 4597 2370 4597 2370 4598 2443 4598 2371 4598 2443 4599 2444 4599 2371 4599 2371 4600 2444 4600 2372 4600 2444 4601 2445 4601 2372 4601 2372 4602 2445 4602 2373 4602 2445 4603 2446 4603 2373 4603 2373 4604 2446 4604 2374 4604 2446 4605 2447 4605 2374 4605 2374 4606 2447 4606 2375 4606 2447 4607 2376 4607 2375 4607 2447 4608 2448 4608 2376 4608 2448 4609 2449 4609 2376 4609 2376 4610 2449 4610 2377 4610 2449 4611 2450 4611 2377 4611 2377 4612 2450 4612 2378 4612 2450 4613 2451 4613 2378 4613 2378 4614 2451 4614 2379 4614 2451 4615 2452 4615 2379 4615 2379 4616 2452 4616 2380 4616 2452 4617 2453 4617 2380 4617 2380 4618 2453 4618 2381 4618 2453 4619 2454 4619 2381 4619 2381 4620 2454 4620 2382 4620 2454 4621 2455 4621 2382 4621 2382 4622 2455 4622 2383 4622 2455 4623 2456 4623 2383 4623 2383 4624 2456 4624 2384 4624 2456 4625 2457 4625 2384 4625 2384 4626 2457 4626 2385 4626 2457 4627 2458 4627 2385 4627 2385 4628 2458 4628 2386 4628 2458 4629 2459 4629 2386 4629 2386 4630 2459 4630 2387 4630 2459 4631 2460 4631 2387 4631 2387 4632 2460 4632 2388 4632 2460 4633 2461 4633 2388 4633 2388 4634 2461 4634 2389 4634 2461 4635 2462 4635 2389 4635 2389 4636 2462 4636 2390 4636 2462 4637 2463 4637 2390 4637 2390 4638 2463 4638 2391 4638 2463 4639 2464 4639 2391 4639 2391 4640 2464 4640 2392 4640 2464 4641 2465 4641 2392 4641 2392 4642 2465 4642 2393 4642 2465 4643 2466 4643 2393 4643 2393 4644 2466 4644 2394 4644 2466 4645 2467 4645 2394 4645 2394 4646 2467 4646 2395 4646 2467 4647 2468 4647 2395 4647 2395 4648 2468 4648 2396 4648 2468 4649 2469 4649 2396 4649 2396 4650 2469 4650 2397 4650 2469 4651 2470 4651 2397 4651 2397 4652 2470 4652 2398 4652 2470 4653 2471 4653 2398 4653 2398 4654 2471 4654 2399 4654 2471 4655 2472 4655 2399 4655 2399 4656 2472 4656 2400 4656 2472 4657 2473 4657 2400 4657 2400 4658 2473 4658 2401 4658 2473 4659 2474 4659 2401 4659 2401 4660 2474 4660 2402 4660 2474 4661 2475 4661 2402 4661 2402 4662 2475 4662 2403 4662 2475 4663 2476 4663 2403 4663 2403 4664 2476 4664 2404 4664 2476 4665 2477 4665 2404 4665 2404 4666 2477 4666 2405 4666 2477 4667 2478 4667 2405 4667 2405 4668 2478 4668 2406 4668 2478 4669 2479 4669 2406 4669 2406 4670 2479 4670 2407 4670 2479 4671 2480 4671 2407 4671 2407 4672 2480 4672 2408 4672 2480 4673 2481 4673 2408 4673 2408 4674 2481 4674 2409 4674 2481 4675 2482 4675 2409 4675 2409 4676 2482 4676 2410 4676 2482 4677 2483 4677 2410 4677 2410 4678 2483 4678 2411 4678 2483 4679 2484 4679 2411 4679 2411 4680 2484 4680 2412 4680 2484 4681 2485 4681 2412 4681 2412 4682 2485 4682 2413 4682 2485 4683 2486 4683 2413 4683 2413 4684 2486 4684 2414 4684 2486 4685 2487 4685 2414 4685 2414 4686 2487 4686 2415 4686 2487 4687 2488 4687 2415 4687 2415 4688 2488 4688 2416 4688 2488 4689 2489 4689 2416 4689 2416 4690 2489 4690 2417 4690 2489 4691 2490 4691 2417 4691 2417 4692 2490 4692 2418 4692 2490 4693 2491 4693 2418 4693 2418 4694 2491 4694 2419 4694 2491 4695 2492 4695 2419 4695 2419 4696 2492 4696 2420 4696 2492 4697 2493 4697 2420 4697 2420 4698 2493 4698 2421 4698 2493 4699 2494 4699 2421 4699 2421 4700 2494 4700 2422 4700 2494 4701 2495 4701 2422 4701 2422 4702 2495 4702 2423 4702 2495 4703 2496 4703 2423 4703 2423 4704 2496 4704 2424 4704 2496 4705 2497 4705 2424 4705 2424 4706 2497 4706 2425 4706 2497 4707 2498 4707 2425 4707 2425 4708 2498 4708 2426 4708 2498 4709 2499 4709 2426 4709 2426 4710 2499 4710 2427 4710 2499 4711 2500 4711 2427 4711 2427 4712 2500 4712 2428 4712 2500 4713 2501 4713 2428 4713 2428 4714 2501 4714 2429 4714 2501 4715 2502 4715 2429 4715 2429 4716 2502 4716 2430 4716 2502 4717 2503 4717 2430 4717 2430 4718 2503 4718 2431 4718 2503 4719 2504 4719 2431 4719 2431 4720 2504 4720 2432 4720 2504 4721 2505 4721 2432 4721 2432 4722 2505 4722 2433 4722 2505 4723 2506 4723 2433 4723 2433 4724 2506 4724 2434 4724 2506 4725 2507 4725 2434 4725 2434 4726 2507 4726 2435 4726 2507 4727 2508 4727 2435 4727 2435 4728 2508 4728 2436 4728 2508 4729 2509 4729 2436 4729 2436 4730 2509 4730 2437 4730 2509 4731 2510 4731 2437 4731 2437 4732 2510 4732 2438 4732 2510 4733 2511 4733 2438 4733 2438 4734 2511 4734 2439 4734 2511 4735 2512 4735 2439 4735 2439 4736 2512 4736 2440 4736 2512 4737 2513 4737 2440 4737 2440 4738 2513 4738 2441 4738 2513 4739 2514 4739 2441 4739 2441 4740 2514 4740 2442 4740 2514 4741 2515 4741 2442 4741 2442 4742 2515 4742 2443 4742 2515 4743 2516 4743 2443 4743 2443 4744 2516 4744 2444 4744 2516 4745 2517 4745 2444 4745 2444 4746 2517 4746 2445 4746 2517 4747 2518 4747 2445 4747 2445 4748 2518 4748 2446 4748 2518 4749 2519 4749 2446 4749 2446 4750 2519 4750 2447 4750 2519 4751 2448 4751 2447 4751 2519 4752 2520 4752 2448 4752 2520 4753 2521 4753 2448 4753 2448 4754 2521 4754 2449 4754 2521 4755 2522 4755 2449 4755 2449 4756 2522 4756 2450 4756 2522 4757 2523 4757 2450 4757 2450 4758 2523 4758 2451 4758 2523 4759 2524 4759 2451 4759 2451 4760 2524 4760 2452 4760 2524 4761 2525 4761 2452 4761 2452 4762 2525 4762 2453 4762 2525 4763 2526 4763 2453 4763 2453 4764 2526 4764 2454 4764 2526 4765 2527 4765 2454 4765 2454 4766 2527 4766 2455 4766 2527 4767 2528 4767 2455 4767 2455 4768 2528 4768 2456 4768 2528 4769 2529 4769 2456 4769 2456 4770 2529 4770 2457 4770 2529 4771 2530 4771 2457 4771 2457 4772 2530 4772 2458 4772 2530 4773 2531 4773 2458 4773 2458 4774 2531 4774 2459 4774 2531 4775 2532 4775 2459 4775 2459 4776 2532 4776 2460 4776 2532 4777 2533 4777 2460 4777 2460 4778 2533 4778 2461 4778 2533 4779 2534 4779 2461 4779 2461 4780 2534 4780 2462 4780 2534 4781 2535 4781 2462 4781 2462 4782 2535 4782 2463 4782 2535 4783 2536 4783 2463 4783 2463 4784 2536 4784 2464 4784 2536 4785 2537 4785 2464 4785 2464 4786 2537 4786 2465 4786 2537 4787 2538 4787 2465 4787 2465 4788 2538 4788 2466 4788 2538 4789 2539 4789 2466 4789 2466 4790 2539 4790 2467 4790 2539 4791 2540 4791 2467 4791 2467 4792 2540 4792 2468 4792 2540 4793 2541 4793 2468 4793 2468 4794 2541 4794 2469 4794 2541 4795 2542 4795 2469 4795 2469 4796 2542 4796 2470 4796 2542 4797 2543 4797 2470 4797 2470 4798 2543 4798 2471 4798 2543 4799 2544 4799 2471 4799 2471 4800 2544 4800 2472 4800 2544 4801 2545 4801 2472 4801 2472 4802 2545 4802 2473 4802 2545 4803 2546 4803 2473 4803 2473 4804 2546 4804 2474 4804 2546 4805 2547 4805 2474 4805 2474 4806 2547 4806 2475 4806 2547 4807 2548 4807 2475 4807 2475 4808 2548 4808 2476 4808 2548 4809 2549 4809 2476 4809 2476 4810 2549 4810 2477 4810 2549 4811 2550 4811 2477 4811 2477 4812 2550 4812 2478 4812 2550 4813 2551 4813 2478 4813 2478 4814 2551 4814 2479 4814 2551 4815 2552 4815 2479 4815 2479 4816 2552 4816 2480 4816 2552 4817 2553 4817 2480 4817 2480 4818 2553 4818 2481 4818 2553 4819 2554 4819 2481 4819 2481 4820 2554 4820 2482 4820 2554 4821 2555 4821 2482 4821 2482 4822 2555 4822 2483 4822 2555 4823 2556 4823 2483 4823 2483 4824 2556 4824 2484 4824 2556 4825 2557 4825 2484 4825 2484 4826 2557 4826 2485 4826 2557 4827 2558 4827 2485 4827 2485 4828 2558 4828 2486 4828 2558 4829 2559 4829 2486 4829 2486 4830 2559 4830 2487 4830 2559 4831 2560 4831 2487 4831 2487 4832 2560 4832 2488 4832 2560 4833 2561 4833 2488 4833 2488 4834 2561 4834 2489 4834 2561 4835 2562 4835 2489 4835 2489 4836 2562 4836 2490 4836 2562 4837 2563 4837 2490 4837 2490 4838 2563 4838 2491 4838 2563 4839 2564 4839 2491 4839 2491 4840 2564 4840 2492 4840 2564 4841 2565 4841 2492 4841 2492 4842 2565 4842 2493 4842 2565 4843 2566 4843 2493 4843 2493 4844 2566 4844 2494 4844 2566 4845 2567 4845 2494 4845 2494 4846 2567 4846 2495 4846 2567 4847 2568 4847 2495 4847 2495 4848 2568 4848 2496 4848 2568 4849 2569 4849 2496 4849 2496 4850 2569 4850 2497 4850 2569 4851 2570 4851 2497 4851 2497 4852 2570 4852 2498 4852 2570 4853 2571 4853 2498 4853 2498 4854 2571 4854 2499 4854 2571 4855 2572 4855 2499 4855 2499 4856 2572 4856 2500 4856 2572 4857 2573 4857 2500 4857 2500 4858 2573 4858 2501 4858 2573 4859 2574 4859 2501 4859 2501 4860 2574 4860 2502 4860 2574 4861 2575 4861 2502 4861 2502 4862 2575 4862 2503 4862 2575 4863 2576 4863 2503 4863 2503 4864 2576 4864 2504 4864 2576 4865 2577 4865 2504 4865 2504 4866 2577 4866 2505 4866 2577 4867 2578 4867 2505 4867 2505 4868 2578 4868 2506 4868 2578 4869 2579 4869 2506 4869 2506 4870 2579 4870 2507 4870 2579 4871 2580 4871 2507 4871 2507 4872 2580 4872 2508 4872 2580 4873 2581 4873 2508 4873 2508 4874 2581 4874 2509 4874 2581 4875 2582 4875 2509 4875 2509 4876 2582 4876 2510 4876 2582 4877 2583 4877 2510 4877 2510 4878 2583 4878 2511 4878 2583 4879 2584 4879 2511 4879 2511 4880 2584 4880 2512 4880 2584 4881 2585 4881 2512 4881 2512 4882 2585 4882 2513 4882 2585 4883 2586 4883 2513 4883 2513 4884 2586 4884 2514 4884 2586 4885 2587 4885 2514 4885 2514 4886 2587 4886 2515 4886 2587 4887 2588 4887 2515 4887 2515 4888 2588 4888 2516 4888 2588 4889 2589 4889 2516 4889 2516 4890 2589 4890 2517 4890 2589 4891 2590 4891 2517 4891 2517 4892 2590 4892 2518 4892 2590 4893 2591 4893 2518 4893 2518 4894 2591 4894 2519 4894 2591 4895 2520 4895 2519 4895 2591 4896 2592 4896 2520 4896 2592 4897 2593 4897 2520 4897 2520 4898 2593 4898 2521 4898 2593 4899 2594 4899 2521 4899 2521 4900 2594 4900 2522 4900 2594 4901 2595 4901 2522 4901 2522 4902 2595 4902 2523 4902 2595 4903 2596 4903 2523 4903 2523 4904 2596 4904 2524 4904 2596 4905 2597 4905 2524 4905 2524 4906 2597 4906 2525 4906 2597 4907 2598 4907 2525 4907 2525 4908 2598 4908 2526 4908 2598 4909 2599 4909 2526 4909 2526 4910 2599 4910 2527 4910 2599 4911 2600 4911 2527 4911 2527 4912 2600 4912 2528 4912 2600 4913 2601 4913 2528 4913 2528 4914 2601 4914 2529 4914 2601 4915 2602 4915 2529 4915 2529 4916 2602 4916 2530 4916 2602 4917 2603 4917 2530 4917 2530 4918 2603 4918 2531 4918 2603 4919 2604 4919 2531 4919 2531 4920 2604 4920 2532 4920 2604 4921 2605 4921 2532 4921 2532 4922 2605 4922 2533 4922 2605 4923 2606 4923 2533 4923 2533 4924 2606 4924 2534 4924 2606 4925 2607 4925 2534 4925 2534 4926 2607 4926 2535 4926 2607 4927 2608 4927 2535 4927 2535 4928 2608 4928 2536 4928 2608 4929 2609 4929 2536 4929 2536 4930 2609 4930 2537 4930 2609 4931 2610 4931 2537 4931 2537 4932 2610 4932 2538 4932 2610 4933 2611 4933 2538 4933 2538 4934 2611 4934 2539 4934 2611 4935 2612 4935 2539 4935 2539 4936 2612 4936 2540 4936 2612 4937 2613 4937 2540 4937 2540 4938 2613 4938 2541 4938 2613 4939 2614 4939 2541 4939 2541 4940 2614 4940 2542 4940 2614 4941 2615 4941 2542 4941 2542 4942 2615 4942 2543 4942 2615 4943 2616 4943 2543 4943 2543 4944 2616 4944 2544 4944 2616 4945 2617 4945 2544 4945 2544 4946 2617 4946 2545 4946 2617 4947 2618 4947 2545 4947 2545 4948 2618 4948 2546 4948 2618 4949 2619 4949 2546 4949 2546 4950 2619 4950 2547 4950 2619 4951 2620 4951 2547 4951 2547 4952 2620 4952 2548 4952 2620 4953 2621 4953 2548 4953 2548 4954 2621 4954 2549 4954 2621 4955 2622 4955 2549 4955 2549 4956 2622 4956 2550 4956 2622 4957 2623 4957 2550 4957 2550 4958 2623 4958 2551 4958 2623 4959 2624 4959 2551 4959 2551 4960 2624 4960 2552 4960 2624 4961 2625 4961 2552 4961 2552 4962 2625 4962 2553 4962 2625 4963 2626 4963 2553 4963 2553 4964 2626 4964 2554 4964 2626 4965 2627 4965 2554 4965 2554 4966 2627 4966 2555 4966 2627 4967 2628 4967 2555 4967 2555 4968 2628 4968 2556 4968 2628 4969 2629 4969 2556 4969 2556 4970 2629 4970 2557 4970 2629 4971 2630 4971 2557 4971 2557 4972 2630 4972 2558 4972 2630 4973 2631 4973 2558 4973 2558 4974 2631 4974 2559 4974 2631 4975 2632 4975 2559 4975 2559 4976 2632 4976 2560 4976 2632 4977 2633 4977 2560 4977 2560 4978 2633 4978 2561 4978 2633 4979 2634 4979 2561 4979 2561 4980 2634 4980 2562 4980 2634 4981 2635 4981 2562 4981 2562 4982 2635 4982 2563 4982 2635 4983 2636 4983 2563 4983 2563 4984 2636 4984 2564 4984 2636 4985 2637 4985 2564 4985 2564 4986 2637 4986 2565 4986 2637 4987 2638 4987 2565 4987 2565 4988 2638 4988 2566 4988 2638 4989 2639 4989 2566 4989 2566 4990 2639 4990 2567 4990 2639 4991 2640 4991 2567 4991 2567 4992 2640 4992 2568 4992 2640 4993 2641 4993 2568 4993 2568 4994 2641 4994 2569 4994 2641 4995 2642 4995 2569 4995 2569 4996 2642 4996 2570 4996 2642 4997 2643 4997 2570 4997 2570 4998 2643 4998 2571 4998 2643 4999 2644 4999 2571 4999 2571 5000 2644 5000 2572 5000 2644 5001 2645 5001 2572 5001 2572 5002 2645 5002 2573 5002 2645 5003 2646 5003 2573 5003 2573 5004 2646 5004 2574 5004 2646 5005 2647 5005 2574 5005 2574 5006 2647 5006 2575 5006 2647 5007 2648 5007 2575 5007 2575 5008 2648 5008 2576 5008 2648 5009 2649 5009 2576 5009 2576 5010 2649 5010 2577 5010 2649 5011 2650 5011 2577 5011 2577 5012 2650 5012 2578 5012 2650 5013 2651 5013 2578 5013 2578 5014 2651 5014 2579 5014 2651 5015 2652 5015 2579 5015 2579 5016 2652 5016 2580 5016 2652 5017 2653 5017 2580 5017 2580 5018 2653 5018 2581 5018 2653 5019 2654 5019 2581 5019 2581 5020 2654 5020 2582 5020 2654 5021 2655 5021 2582 5021 2582 5022 2655 5022 2583 5022 2655 5023 2656 5023 2583 5023 2583 5024 2656 5024 2584 5024 2656 5025 2657 5025 2584 5025 2584 5026 2657 5026 2585 5026 2657 5027 2658 5027 2585 5027 2585 5028 2658 5028 2586 5028 2658 5029 2659 5029 2586 5029 2586 5030 2659 5030 2587 5030 2659 5031 2660 5031 2587 5031 2587 5032 2660 5032 2588 5032 2660 5033 2661 5033 2588 5033 2588 5034 2661 5034 2589 5034 2661 5035 2662 5035 2589 5035 2589 5036 2662 5036 2590 5036 2662 5037 2663 5037 2590 5037 2590 5038 2663 5038 2591 5038 2663 5039 2592 5039 2591 5039 2663 5040 2664 5040 2592 5040 2664 5041 2665 5041 2592 5041 2592 5042 2665 5042 2593 5042 2665 5043 2666 5043 2593 5043 2593 5044 2666 5044 2594 5044 2666 5045 2667 5045 2594 5045 2594 5046 2667 5046 2595 5046 2667 5047 2668 5047 2595 5047 2595 5048 2668 5048 2596 5048 2668 5049 2669 5049 2596 5049 2596 5050 2669 5050 2597 5050 2669 5051 2670 5051 2597 5051 2597 5052 2670 5052 2598 5052 2670 5053 2671 5053 2598 5053 2598 5054 2671 5054 2599 5054 2671 5055 2672 5055 2599 5055 2599 5056 2672 5056 2600 5056 2672 5057 2673 5057 2600 5057 2600 5058 2673 5058 2601 5058 2673 5059 2674 5059 2601 5059 2601 5060 2674 5060 2602 5060 2674 5061 2675 5061 2602 5061 2602 5062 2675 5062 2603 5062 2675 5063 2676 5063 2603 5063 2603 5064 2676 5064 2604 5064 2676 5065 2677 5065 2604 5065 2604 5066 2677 5066 2605 5066 2677 5067 2678 5067 2605 5067 2605 5068 2678 5068 2606 5068 2678 5069 2679 5069 2606 5069 2606 5070 2679 5070 2607 5070 2679 5071 2680 5071 2607 5071 2607 5072 2680 5072 2608 5072 2680 5073 2681 5073 2608 5073 2608 5074 2681 5074 2609 5074 2681 5075 2682 5075 2609 5075 2609 5076 2682 5076 2610 5076 2682 5077 2683 5077 2610 5077 2610 5078 2683 5078 2611 5078 2683 5079 2684 5079 2611 5079 2611 5080 2684 5080 2612 5080 2684 5081 2685 5081 2612 5081 2612 5082 2685 5082 2613 5082 2685 5083 2686 5083 2613 5083 2613 5084 2686 5084 2614 5084 2686 5085 2687 5085 2614 5085 2614 5086 2687 5086 2615 5086 2687 5087 2688 5087 2615 5087 2615 5088 2688 5088 2616 5088 2688 5089 2689 5089 2616 5089 2616 5090 2689 5090 2617 5090 2689 5091 2690 5091 2617 5091 2617 5092 2690 5092 2618 5092 2690 5093 2691 5093 2618 5093 2618 5094 2691 5094 2619 5094 2691 5095 2692 5095 2619 5095 2619 5096 2692 5096 2620 5096 2692 5097 2693 5097 2620 5097 2620 5098 2693 5098 2621 5098 2693 5099 2694 5099 2621 5099 2621 5100 2694 5100 2622 5100 2694 5101 2695 5101 2622 5101 2622 5102 2695 5102 2623 5102 2695 5103 2696 5103 2623 5103 2623 5104 2696 5104 2624 5104 2696 5105 2697 5105 2624 5105 2624 5106 2697 5106 2625 5106 2697 5107 2698 5107 2625 5107 2625 5108 2698 5108 2626 5108 2698 5109 2699 5109 2626 5109 2626 5110 2699 5110 2627 5110 2699 5111 2700 5111 2627 5111 2627 5112 2700 5112 2628 5112 2700 5113 2701 5113 2628 5113 2628 5114 2701 5114 2629 5114 2701 5115 2702 5115 2629 5115 2629 5116 2702 5116 2630 5116 2702 5117 2703 5117 2630 5117 2630 5118 2703 5118 2631 5118 2703 5119 2704 5119 2631 5119 2631 5120 2704 5120 2632 5120 2704 5121 2705 5121 2632 5121 2632 5122 2705 5122 2633 5122 2705 5123 2706 5123 2633 5123 2633 5124 2706 5124 2634 5124 2706 5125 2707 5125 2634 5125 2634 5126 2707 5126 2635 5126 2707 5127 2708 5127 2635 5127 2635 5128 2708 5128 2636 5128 2708 5129 2709 5129 2636 5129 2636 5130 2709 5130 2637 5130 2709 5131 2710 5131 2637 5131 2637 5132 2710 5132 2638 5132 2710 5133 2711 5133 2638 5133 2638 5134 2711 5134 2639 5134 2711 5135 2712 5135 2639 5135 2639 5136 2712 5136 2640 5136 2712 5137 2713 5137 2640 5137 2640 5138 2713 5138 2641 5138 2713 5139 2714 5139 2641 5139 2641 5140 2714 5140 2642 5140 2714 5141 2715 5141 2642 5141 2642 5142 2715 5142 2643 5142 2715 5143 2716 5143 2643 5143 2643 5144 2716 5144 2644 5144 2716 5145 2717 5145 2644 5145 2644 5146 2717 5146 2645 5146 2717 5147 2718 5147 2645 5147 2645 5148 2718 5148 2646 5148 2718 5149 2719 5149 2646 5149 2646 5150 2719 5150 2647 5150 2719 5151 2720 5151 2647 5151 2647 5152 2720 5152 2648 5152 2720 5153 2721 5153 2648 5153 2648 5154 2721 5154 2649 5154 2721 5155 2722 5155 2649 5155 2649 5156 2722 5156 2650 5156 2722 5157 2723 5157 2650 5157 2650 5158 2723 5158 2651 5158 2723 5159 2724 5159 2651 5159 2651 5160 2724 5160 2652 5160 2724 5161 2725 5161 2652 5161 2652 5162 2725 5162 2653 5162 2725 5163 2726 5163 2653 5163 2653 5164 2726 5164 2654 5164 2726 5165 2727 5165 2654 5165 2654 5166 2727 5166 2655 5166 2727 5167 2728 5167 2655 5167 2655 5168 2728 5168 2656 5168 2728 5169 2729 5169 2656 5169 2656 5170 2729 5170 2657 5170 2729 5171 2730 5171 2657 5171 2657 5172 2730 5172 2658 5172 2730 5173 2731 5173 2658 5173 2658 5174 2731 5174 2659 5174 2731 5175 2732 5175 2659 5175 2659 5176 2732 5176 2660 5176 2732 5177 2733 5177 2660 5177 2660 5178 2733 5178 2661 5178 2733 5179 2734 5179 2661 5179 2661 5180 2734 5180 2662 5180 2734 5181 2735 5181 2662 5181 2662 5182 2735 5182 2663 5182 2735 5183 2664 5183 2663 5183 2735 5184 2736 5184 2664 5184 2736 5185 2737 5185 2664 5185 2664 5186 2737 5186 2665 5186 2737 5187 2738 5187 2665 5187 2665 5188 2738 5188 2666 5188 2738 5189 2739 5189 2666 5189 2666 5190 2739 5190 2667 5190 2739 5191 2740 5191 2667 5191 2667 5192 2740 5192 2668 5192 2740 5193 2741 5193 2668 5193 2668 5194 2741 5194 2669 5194 2741 5195 2742 5195 2669 5195 2669 5196 2742 5196 2670 5196 2742 5197 2743 5197 2670 5197 2670 5198 2743 5198 2671 5198 2743 5199 2744 5199 2671 5199 2671 5200 2744 5200 2672 5200 2744 5201 2745 5201 2672 5201 2672 5202 2745 5202 2673 5202 2745 5203 2746 5203 2673 5203 2673 5204 2746 5204 2674 5204 2746 5205 2747 5205 2674 5205 2674 5206 2747 5206 2675 5206 2747 5207 2748 5207 2675 5207 2675 5208 2748 5208 2676 5208 2748 5209 2749 5209 2676 5209 2676 5210 2749 5210 2677 5210 2749 5211 2750 5211 2677 5211 2677 5212 2750 5212 2678 5212 2750 5213 2751 5213 2678 5213 2678 5214 2751 5214 2679 5214 2751 5215 2752 5215 2679 5215 2679 5216 2752 5216 2680 5216 2752 5217 2753 5217 2680 5217 2680 5218 2753 5218 2681 5218 2753 5219 2754 5219 2681 5219 2681 5220 2754 5220 2682 5220 2754 5221 2755 5221 2682 5221 2682 5222 2755 5222 2683 5222 2755 5223 2756 5223 2683 5223 2683 5224 2756 5224 2684 5224 2756 5225 2757 5225 2684 5225 2684 5226 2757 5226 2685 5226 2757 5227 2758 5227 2685 5227 2685 5228 2758 5228 2686 5228 2758 5229 2759 5229 2686 5229 2686 5230 2759 5230 2687 5230 2759 5231 2760 5231 2687 5231 2687 5232 2760 5232 2688 5232 2760 5233 2761 5233 2688 5233 2688 5234 2761 5234 2689 5234 2761 5235 2762 5235 2689 5235 2689 5236 2762 5236 2690 5236 2762 5237 2763 5237 2690 5237 2690 5238 2763 5238 2691 5238 2763 5239 2764 5239 2691 5239 2691 5240 2764 5240 2692 5240 2764 5241 2765 5241 2692 5241 2692 5242 2765 5242 2693 5242 2765 5243 2766 5243 2693 5243 2693 5244 2766 5244 2694 5244 2766 5245 2767 5245 2694 5245 2694 5246 2767 5246 2695 5246 2767 5247 2768 5247 2695 5247 2695 5248 2768 5248 2696 5248 2768 5249 2769 5249 2696 5249 2696 5250 2769 5250 2697 5250 2769 5251 2770 5251 2697 5251 2697 5252 2770 5252 2698 5252 2770 5253 2771 5253 2698 5253 2698 5254 2771 5254 2699 5254 2771 5255 2772 5255 2699 5255 2699 5256 2772 5256 2700 5256 2772 5257 2773 5257 2700 5257 2700 5258 2773 5258 2701 5258 2773 5259 2774 5259 2701 5259 2701 5260 2774 5260 2702 5260 2774 5261 2775 5261 2702 5261 2702 5262 2775 5262 2703 5262 2775 5263 2776 5263 2703 5263 2703 5264 2776 5264 2704 5264 2776 5265 2777 5265 2704 5265 2704 5266 2777 5266 2705 5266 2777 5267 2778 5267 2705 5267 2705 5268 2778 5268 2706 5268 2778 5269 2779 5269 2706 5269 2706 5270 2779 5270 2707 5270 2779 5271 2780 5271 2707 5271 2707 5272 2780 5272 2708 5272 2780 5273 2781 5273 2708 5273 2708 5274 2781 5274 2709 5274 2781 5275 2782 5275 2709 5275 2709 5276 2782 5276 2710 5276 2782 5277 2783 5277 2710 5277 2710 5278 2783 5278 2711 5278 2783 5279 2784 5279 2711 5279 2711 5280 2784 5280 2712 5280 2784 5281 2785 5281 2712 5281 2712 5282 2785 5282 2713 5282 2785 5283 2786 5283 2713 5283 2713 5284 2786 5284 2714 5284 2786 5285 2787 5285 2714 5285 2714 5286 2787 5286 2715 5286 2787 5287 2788 5287 2715 5287 2715 5288 2788 5288 2716 5288 2788 5289 2789 5289 2716 5289 2716 5290 2789 5290 2717 5290 2789 5291 2790 5291 2717 5291 2717 5292 2790 5292 2718 5292 2790 5293 2791 5293 2718 5293 2718 5294 2791 5294 2719 5294 2791 5295 2792 5295 2719 5295 2719 5296 2792 5296 2720 5296 2792 5297 2793 5297 2720 5297 2720 5298 2793 5298 2721 5298 2793 5299 2794 5299 2721 5299 2721 5300 2794 5300 2722 5300 2794 5301 2795 5301 2722 5301 2722 5302 2795 5302 2723 5302 2795 5303 2796 5303 2723 5303 2723 5304 2796 5304 2724 5304 2796 5305 2797 5305 2724 5305 2724 5306 2797 5306 2725 5306 2797 5307 2798 5307 2725 5307 2725 5308 2798 5308 2726 5308 2798 5309 2799 5309 2726 5309 2726 5310 2799 5310 2727 5310 2799 5311 2800 5311 2727 5311 2727 5312 2800 5312 2728 5312 2800 5313 2801 5313 2728 5313 2728 5314 2801 5314 2729 5314 2801 5315 2802 5315 2729 5315 2729 5316 2802 5316 2730 5316 2802 5317 2803 5317 2730 5317 2730 5318 2803 5318 2731 5318 2803 5319 2804 5319 2731 5319 2731 5320 2804 5320 2732 5320 2804 5321 2805 5321 2732 5321 2732 5322 2805 5322 2733 5322 2805 5323 2806 5323 2733 5323 2733 5324 2806 5324 2734 5324 2806 5325 2807 5325 2734 5325 2734 5326 2807 5326 2735 5326 2807 5327 2736 5327 2735 5327 2807 5328 2808 5328 2736 5328 2808 5329 2809 5329 2736 5329 2736 5330 2809 5330 2737 5330 2809 5331 2810 5331 2737 5331 2737 5332 2810 5332 2738 5332 2810 5333 2811 5333 2738 5333 2738 5334 2811 5334 2739 5334 2811 5335 2812 5335 2739 5335 2739 5336 2812 5336 2740 5336 2812 5337 2813 5337 2740 5337 2740 5338 2813 5338 2741 5338 2813 5339 2814 5339 2741 5339 2741 5340 2814 5340 2742 5340 2814 5341 2815 5341 2742 5341 2742 5342 2815 5342 2743 5342 2815 5343 2816 5343 2743 5343 2743 5344 2816 5344 2744 5344 2816 5345 2817 5345 2744 5345 2744 5346 2817 5346 2745 5346 2817 5347 2818 5347 2745 5347 2745 5348 2818 5348 2746 5348 2818 5349 2819 5349 2746 5349 2746 5350 2819 5350 2747 5350 2819 5351 2820 5351 2747 5351 2747 5352 2820 5352 2748 5352 2820 5353 2821 5353 2748 5353 2748 5354 2821 5354 2749 5354 2821 5355 2822 5355 2749 5355 2749 5356 2822 5356 2750 5356 2822 5357 2823 5357 2750 5357 2750 5358 2823 5358 2751 5358 2823 5359 2824 5359 2751 5359 2751 5360 2824 5360 2752 5360 2824 5361 2825 5361 2752 5361 2752 5362 2825 5362 2753 5362 2825 5363 2826 5363 2753 5363 2753 5364 2826 5364 2754 5364 2826 5365 2827 5365 2754 5365 2754 5366 2827 5366 2755 5366 2827 5367 2828 5367 2755 5367 2755 5368 2828 5368 2756 5368 2828 5369 2829 5369 2756 5369 2756 5370 2829 5370 2757 5370 2829 5371 2830 5371 2757 5371 2757 5372 2830 5372 2758 5372 2830 5373 2831 5373 2758 5373 2758 5374 2831 5374 2759 5374 2831 5375 2832 5375 2759 5375 2759 5376 2832 5376 2760 5376 2832 5377 2833 5377 2760 5377 2760 5378 2833 5378 2761 5378 2833 5379 2834 5379 2761 5379 2761 5380 2834 5380 2762 5380 2834 5381 2835 5381 2762 5381 2762 5382 2835 5382 2763 5382 2835 5383 2836 5383 2763 5383 2763 5384 2836 5384 2764 5384 2836 5385 2837 5385 2764 5385 2764 5386 2837 5386 2765 5386 2837 5387 2838 5387 2765 5387 2765 5388 2838 5388 2766 5388 2838 5389 2839 5389 2766 5389 2766 5390 2839 5390 2767 5390 2839 5391 2840 5391 2767 5391 2767 5392 2840 5392 2768 5392 2840 5393 2841 5393 2768 5393 2768 5394 2841 5394 2769 5394 2841 5395 2842 5395 2769 5395 2769 5396 2842 5396 2770 5396 2842 5397 2843 5397 2770 5397 2770 5398 2843 5398 2771 5398 2843 5399 2844 5399 2771 5399 2771 5400 2844 5400 2772 5400 2844 5401 2845 5401 2772 5401 2772 5402 2845 5402 2773 5402 2845 5403 2846 5403 2773 5403 2773 5404 2846 5404 2774 5404 2846 5405 2847 5405 2774 5405 2774 5406 2847 5406 2775 5406 2847 5407 2848 5407 2775 5407 2775 5408 2848 5408 2776 5408 2848 5409 2849 5409 2776 5409 2776 5410 2849 5410 2777 5410 2849 5411 2850 5411 2777 5411 2777 5412 2850 5412 2778 5412 2850 5413 2851 5413 2778 5413 2778 5414 2851 5414 2779 5414 2851 5415 2852 5415 2779 5415 2779 5416 2852 5416 2780 5416 2852 5417 2853 5417 2780 5417 2780 5418 2853 5418 2781 5418 2853 5419 2854 5419 2781 5419 2781 5420 2854 5420 2782 5420 2854 5421 2855 5421 2782 5421 2782 5422 2855 5422 2783 5422 2855 5423 2856 5423 2783 5423 2783 5424 2856 5424 2784 5424 2856 5425 2857 5425 2784 5425 2784 5426 2857 5426 2785 5426 2857 5427 2858 5427 2785 5427 2785 5428 2858 5428 2786 5428 2858 5429 2859 5429 2786 5429 2786 5430 2859 5430 2787 5430 2859 5431 2860 5431 2787 5431 2787 5432 2860 5432 2788 5432 2860 5433 2861 5433 2788 5433 2788 5434 2861 5434 2789 5434 2861 5435 2862 5435 2789 5435 2789 5436 2862 5436 2790 5436 2862 5437 2863 5437 2790 5437 2790 5438 2863 5438 2791 5438 2863 5439 2864 5439 2791 5439 2791 5440 2864 5440 2792 5440 2864 5441 2865 5441 2792 5441 2792 5442 2865 5442 2793 5442 2865 5443 2866 5443 2793 5443 2793 5444 2866 5444 2794 5444 2866 5445 2867 5445 2794 5445 2794 5446 2867 5446 2795 5446 2867 5447 2868 5447 2795 5447 2795 5448 2868 5448 2796 5448 2868 5449 2869 5449 2796 5449 2796 5450 2869 5450 2797 5450 2869 5451 2870 5451 2797 5451 2797 5452 2870 5452 2798 5452 2870 5453 2871 5453 2798 5453 2798 5454 2871 5454 2799 5454 2871 5455 2872 5455 2799 5455 2799 5456 2872 5456 2800 5456 2872 5457 2873 5457 2800 5457 2800 5458 2873 5458 2801 5458 2873 5459 2874 5459 2801 5459 2801 5460 2874 5460 2802 5460 2874 5461 2875 5461 2802 5461 2802 5462 2875 5462 2803 5462 2875 5463 2876 5463 2803 5463 2803 5464 2876 5464 2804 5464 2876 5465 2877 5465 2804 5465 2804 5466 2877 5466 2805 5466 2877 5467 2878 5467 2805 5467 2805 5468 2878 5468 2806 5468 2878 5469 2879 5469 2806 5469 2806 5470 2879 5470 2807 5470 2879 5471 2808 5471 2807 5471 2879 5472 2880 5472 2808 5472 2880 5473 2881 5473 2808 5473 2808 5474 2881 5474 2809 5474 2881 5475 2882 5475 2809 5475 2809 5476 2882 5476 2810 5476 2882 5477 2883 5477 2810 5477 2810 5478 2883 5478 2811 5478 2883 5479 2884 5479 2811 5479 2811 5480 2884 5480 2812 5480 2884 5481 2885 5481 2812 5481 2812 5482 2885 5482 2813 5482 2885 5483 2886 5483 2813 5483 2813 5484 2886 5484 2814 5484 2886 5485 2887 5485 2814 5485 2814 5486 2887 5486 2815 5486 2887 5487 2888 5487 2815 5487 2815 5488 2888 5488 2816 5488 2888 5489 2889 5489 2816 5489 2816 5490 2889 5490 2817 5490 2889 5491 2890 5491 2817 5491 2817 5492 2890 5492 2818 5492 2890 5493 2891 5493 2818 5493 2818 5494 2891 5494 2819 5494 2891 5495 2892 5495 2819 5495 2819 5496 2892 5496 2820 5496 2892 5497 2893 5497 2820 5497 2820 5498 2893 5498 2821 5498 2893 5499 2894 5499 2821 5499 2821 5500 2894 5500 2822 5500 2894 5501 2895 5501 2822 5501 2822 5502 2895 5502 2823 5502 2895 5503 2896 5503 2823 5503 2823 5504 2896 5504 2824 5504 2896 5505 2897 5505 2824 5505 2824 5506 2897 5506 2825 5506 2897 5507 2898 5507 2825 5507 2825 5508 2898 5508 2826 5508 2898 5509 2899 5509 2826 5509 2826 5510 2899 5510 2827 5510 2899 5511 2900 5511 2827 5511 2827 5512 2900 5512 2828 5512 2900 5513 2901 5513 2828 5513 2828 5514 2901 5514 2829 5514 2901 5515 2902 5515 2829 5515 2829 5516 2902 5516 2830 5516 2902 5517 2903 5517 2830 5517 2830 5518 2903 5518 2831 5518 2903 5519 2904 5519 2831 5519 2831 5520 2904 5520 2832 5520 2904 5521 2905 5521 2832 5521 2832 5522 2905 5522 2833 5522 2905 5523 2906 5523 2833 5523 2833 5524 2906 5524 2834 5524 2906 5525 2907 5525 2834 5525 2834 5526 2907 5526 2835 5526 2907 5527 2908 5527 2835 5527 2835 5528 2908 5528 2836 5528 2908 5529 2909 5529 2836 5529 2836 5530 2909 5530 2837 5530 2909 5531 2910 5531 2837 5531 2837 5532 2910 5532 2838 5532 2910 5533 2911 5533 2838 5533 2838 5534 2911 5534 2839 5534 2911 5535 2912 5535 2839 5535 2839 5536 2912 5536 2840 5536 2912 5537 2913 5537 2840 5537 2840 5538 2913 5538 2841 5538 2913 5539 2914 5539 2841 5539 2841 5540 2914 5540 2842 5540 2914 5541 2915 5541 2842 5541 2842 5542 2915 5542 2843 5542 2915 5543 2916 5543 2843 5543 2843 5544 2916 5544 2844 5544 2916 5545 2917 5545 2844 5545 2844 5546 2917 5546 2845 5546 2917 5547 2918 5547 2845 5547 2845 5548 2918 5548 2846 5548 2918 5549 2919 5549 2846 5549 2846 5550 2919 5550 2847 5550 2919 5551 2920 5551 2847 5551 2847 5552 2920 5552 2848 5552 2920 5553 2921 5553 2848 5553 2848 5554 2921 5554 2849 5554 2921 5555 2922 5555 2849 5555 2849 5556 2922 5556 2850 5556 2922 5557 2923 5557 2850 5557 2850 5558 2923 5558 2851 5558 2923 5559 2924 5559 2851 5559 2851 5560 2924 5560 2852 5560 2924 5561 2925 5561 2852 5561 2852 5562 2925 5562 2853 5562 2925 5563 2926 5563 2853 5563 2853 5564 2926 5564 2854 5564 2926 5565 2927 5565 2854 5565 2854 5566 2927 5566 2855 5566 2927 5567 2928 5567 2855 5567 2855 5568 2928 5568 2856 5568 2928 5569 2929 5569 2856 5569 2856 5570 2929 5570 2857 5570 2929 5571 2930 5571 2857 5571 2857 5572 2930 5572 2858 5572 2930 5573 2931 5573 2858 5573 2858 5574 2931 5574 2859 5574 2931 5575 2932 5575 2859 5575 2859 5576 2932 5576 2860 5576 2932 5577 2933 5577 2860 5577 2860 5578 2933 5578 2861 5578 2933 5579 2934 5579 2861 5579 2861 5580 2934 5580 2862 5580 2934 5581 2935 5581 2862 5581 2862 5582 2935 5582 2863 5582 2935 5583 2936 5583 2863 5583 2863 5584 2936 5584 2864 5584 2936 5585 2937 5585 2864 5585 2864 5586 2937 5586 2865 5586 2937 5587 2938 5587 2865 5587 2865 5588 2938 5588 2866 5588 2938 5589 2939 5589 2866 5589 2866 5590 2939 5590 2867 5590 2939 5591 2940 5591 2867 5591 2867 5592 2940 5592 2868 5592 2940 5593 2941 5593 2868 5593 2868 5594 2941 5594 2869 5594 2941 5595 2942 5595 2869 5595 2869 5596 2942 5596 2870 5596 2942 5597 2943 5597 2870 5597 2870 5598 2943 5598 2871 5598 2943 5599 2944 5599 2871 5599 2871 5600 2944 5600 2872 5600 2944 5601 2945 5601 2872 5601 2872 5602 2945 5602 2873 5602 2945 5603 2946 5603 2873 5603 2873 5604 2946 5604 2874 5604 2946 5605 2947 5605 2874 5605 2874 5606 2947 5606 2875 5606 2947 5607 2948 5607 2875 5607 2875 5608 2948 5608 2876 5608 2948 5609 2949 5609 2876 5609 2876 5610 2949 5610 2877 5610 2949 5611 2950 5611 2877 5611 2877 5612 2950 5612 2878 5612 2950 5613 2951 5613 2878 5613 2878 5614 2951 5614 2879 5614 2951 5615 2880 5615 2879 5615 2951 5616 2952 5616 2880 5616 2952 5617 2953 5617 2880 5617 2880 5618 2953 5618 2881 5618 2953 5619 2954 5619 2881 5619 2881 5620 2954 5620 2882 5620 2954 5621 2955 5621 2882 5621 2882 5622 2955 5622 2883 5622 2955 5623 2956 5623 2883 5623 2883 5624 2956 5624 2884 5624 2956 5625 2957 5625 2884 5625 2884 5626 2957 5626 2885 5626 2957 5627 2958 5627 2885 5627 2885 5628 2958 5628 2886 5628 2958 5629 2959 5629 2886 5629 2886 5630 2959 5630 2887 5630 2959 5631 2960 5631 2887 5631 2887 5632 2960 5632 2888 5632 2960 5633 2961 5633 2888 5633 2888 5634 2961 5634 2889 5634 2961 5635 2962 5635 2889 5635 2889 5636 2962 5636 2890 5636 2962 5637 2963 5637 2890 5637 2890 5638 2963 5638 2891 5638 2963 5639 2964 5639 2891 5639 2891 5640 2964 5640 2892 5640 2964 5641 2965 5641 2892 5641 2892 5642 2965 5642 2893 5642 2965 5643 2966 5643 2893 5643 2893 5644 2966 5644 2894 5644 2966 5645 2967 5645 2894 5645 2894 5646 2967 5646 2895 5646 2967 5647 2968 5647 2895 5647 2895 5648 2968 5648 2896 5648 2968 5649 2969 5649 2896 5649 2896 5650 2969 5650 2897 5650 2969 5651 2970 5651 2897 5651 2897 5652 2970 5652 2898 5652 2970 5653 2971 5653 2898 5653 2898 5654 2971 5654 2899 5654 2971 5655 2972 5655 2899 5655 2899 5656 2972 5656 2900 5656 2972 5657 2973 5657 2900 5657 2900 5658 2973 5658 2901 5658 2973 5659 2974 5659 2901 5659 2901 5660 2974 5660 2902 5660 2974 5661 2975 5661 2902 5661 2902 5662 2975 5662 2903 5662 2975 5663 2976 5663 2903 5663 2903 5664 2976 5664 2904 5664 2976 5665 2977 5665 2904 5665 2904 5666 2977 5666 2905 5666 2977 5667 2978 5667 2905 5667 2905 5668 2978 5668 2906 5668 2978 5669 2979 5669 2906 5669 2906 5670 2979 5670 2907 5670 2979 5671 2980 5671 2907 5671 2907 5672 2980 5672 2908 5672 2980 5673 2981 5673 2908 5673 2908 5674 2981 5674 2909 5674 2981 5675 2982 5675 2909 5675 2909 5676 2982 5676 2910 5676 2982 5677 2983 5677 2910 5677 2910 5678 2983 5678 2911 5678 2983 5679 2984 5679 2911 5679 2911 5680 2984 5680 2912 5680 2984 5681 2985 5681 2912 5681 2912 5682 2985 5682 2913 5682 2985 5683 2986 5683 2913 5683 2913 5684 2986 5684 2914 5684 2986 5685 2987 5685 2914 5685 2914 5686 2987 5686 2915 5686 2987 5687 2988 5687 2915 5687 2915 5688 2988 5688 2916 5688 2988 5689 2989 5689 2916 5689 2916 5690 2989 5690 2917 5690 2989 5691 2990 5691 2917 5691 2917 5692 2990 5692 2918 5692 2990 5693 2991 5693 2918 5693 2918 5694 2991 5694 2919 5694 2991 5695 2992 5695 2919 5695 2919 5696 2992 5696 2920 5696 2992 5697 2993 5697 2920 5697 2920 5698 2993 5698 2921 5698 2993 5699 2994 5699 2921 5699 2921 5700 2994 5700 2922 5700 2994 5701 2995 5701 2922 5701 2922 5702 2995 5702 2923 5702 2995 5703 2996 5703 2923 5703 2923 5704 2996 5704 2924 5704 2996 5705 2997 5705 2924 5705 2924 5706 2997 5706 2925 5706 2997 5707 2998 5707 2925 5707 2925 5708 2998 5708 2926 5708 2998 5709 2999 5709 2926 5709 2926 5710 2999 5710 2927 5710 2999 5711 3000 5711 2927 5711 2927 5712 3000 5712 2928 5712 3000 5713 3001 5713 2928 5713 2928 5714 3001 5714 2929 5714 3001 5715 3002 5715 2929 5715 2929 5716 3002 5716 2930 5716 3002 5717 3003 5717 2930 5717 2930 5718 3003 5718 2931 5718 3003 5719 3004 5719 2931 5719 2931 5720 3004 5720 2932 5720 3004 5721 3005 5721 2932 5721 2932 5722 3005 5722 2933 5722 3005 5723 3006 5723 2933 5723 2933 5724 3006 5724 2934 5724 3006 5725 3007 5725 2934 5725 2934 5726 3007 5726 2935 5726 3007 5727 3008 5727 2935 5727 2935 5728 3008 5728 2936 5728 3008 5729 3009 5729 2936 5729 2936 5730 3009 5730 2937 5730 3009 5731 3010 5731 2937 5731 2937 5732 3010 5732 2938 5732 3010 5733 3011 5733 2938 5733 2938 5734 3011 5734 2939 5734 3011 5735 3012 5735 2939 5735 2939 5736 3012 5736 2940 5736 3012 5737 3013 5737 2940 5737 2940 5738 3013 5738 2941 5738 3013 5739 3014 5739 2941 5739 2941 5740 3014 5740 2942 5740 3014 5741 3015 5741 2942 5741 2942 5742 3015 5742 2943 5742 3015 5743 3016 5743 2943 5743 2943 5744 3016 5744 2944 5744 3016 5745 3017 5745 2944 5745 2944 5746 3017 5746 2945 5746 3017 5747 3018 5747 2945 5747 2945 5748 3018 5748 2946 5748 3018 5749 3019 5749 2946 5749 2946 5750 3019 5750 2947 5750 3019 5751 3020 5751 2947 5751 2947 5752 3020 5752 2948 5752 3020 5753 3021 5753 2948 5753 2948 5754 3021 5754 2949 5754 3021 5755 3022 5755 2949 5755 2949 5756 3022 5756 2950 5756 3022 5757 3023 5757 2950 5757 2950 5758 3023 5758 2951 5758 3023 5759 2952 5759 2951 5759 3023 5760 3024 5760 2952 5760 3024 5761 3025 5761 2952 5761 2952 5762 3025 5762 2953 5762 3025 5763 3026 5763 2953 5763 2953 5764 3026 5764 2954 5764 3026 5765 3027 5765 2954 5765 2954 5766 3027 5766 2955 5766 3027 5767 3028 5767 2955 5767 2955 5768 3028 5768 2956 5768 3028 5769 3029 5769 2956 5769 2956 5770 3029 5770 2957 5770 3029 5771 3030 5771 2957 5771 2957 5772 3030 5772 2958 5772 3030 5773 3031 5773 2958 5773 2958 5774 3031 5774 2959 5774 3031 5775 3032 5775 2959 5775 2959 5776 3032 5776 2960 5776 3032 5777 3033 5777 2960 5777 2960 5778 3033 5778 2961 5778 3033 5779 3034 5779 2961 5779 2961 5780 3034 5780 2962 5780 3034 5781 3035 5781 2962 5781 2962 5782 3035 5782 2963 5782 3035 5783 3036 5783 2963 5783 2963 5784 3036 5784 2964 5784 3036 5785 3037 5785 2964 5785 2964 5786 3037 5786 2965 5786 3037 5787 3038 5787 2965 5787 2965 5788 3038 5788 2966 5788 3038 5789 3039 5789 2966 5789 2966 5790 3039 5790 2967 5790 3039 5791 3040 5791 2967 5791 2967 5792 3040 5792 2968 5792 3040 5793 3041 5793 2968 5793 2968 5794 3041 5794 2969 5794 3041 5795 3042 5795 2969 5795 2969 5796 3042 5796 2970 5796 3042 5797 3043 5797 2970 5797 2970 5798 3043 5798 2971 5798 3043 5799 3044 5799 2971 5799 2971 5800 3044 5800 2972 5800 3044 5801 3045 5801 2972 5801 2972 5802 3045 5802 2973 5802 3045 5803 3046 5803 2973 5803 2973 5804 3046 5804 2974 5804 3046 5805 3047 5805 2974 5805 2974 5806 3047 5806 2975 5806 3047 5807 3048 5807 2975 5807 2975 5808 3048 5808 2976 5808 3048 5809 3049 5809 2976 5809 2976 5810 3049 5810 2977 5810 3049 5811 3050 5811 2977 5811 2977 5812 3050 5812 2978 5812 3050 5813 3051 5813 2978 5813 2978 5814 3051 5814 2979 5814 3051 5815 3052 5815 2979 5815 2979 5816 3052 5816 2980 5816 3052 5817 3053 5817 2980 5817 2980 5818 3053 5818 2981 5818 3053 5819 3054 5819 2981 5819 2981 5820 3054 5820 2982 5820 3054 5821 3055 5821 2982 5821 2982 5822 3055 5822 2983 5822 3055 5823 3056 5823 2983 5823 2983 5824 3056 5824 2984 5824 3056 5825 3057 5825 2984 5825 2984 5826 3057 5826 2985 5826 3057 5827 3058 5827 2985 5827 2985 5828 3058 5828 2986 5828 3058 5829 3059 5829 2986 5829 2986 5830 3059 5830 2987 5830 3059 5831 3060 5831 2987 5831 2987 5832 3060 5832 2988 5832 3060 5833 3061 5833 2988 5833 2988 5834 3061 5834 2989 5834 3061 5835 3062 5835 2989 5835 2989 5836 3062 5836 2990 5836 3062 5837 3063 5837 2990 5837 2990 5838 3063 5838 2991 5838 3063 5839 3064 5839 2991 5839 2991 5840 3064 5840 2992 5840 3064 5841 3065 5841 2992 5841 2992 5842 3065 5842 2993 5842 3065 5843 3066 5843 2993 5843 2993 5844 3066 5844 2994 5844 3066 5845 3067 5845 2994 5845 2994 5846 3067 5846 2995 5846 3067 5847 3068 5847 2995 5847 2995 5848 3068 5848 2996 5848 3068 5849 3069 5849 2996 5849 2996 5850 3069 5850 2997 5850 3069 5851 3070 5851 2997 5851 2997 5852 3070 5852 2998 5852 3070 5853 3071 5853 2998 5853 2998 5854 3071 5854 2999 5854 3071 5855 3072 5855 2999 5855 2999 5856 3072 5856 3000 5856 3072 5857 3073 5857 3000 5857 3000 5858 3073 5858 3001 5858 3073 5859 3074 5859 3001 5859 3001 5860 3074 5860 3002 5860 3074 5861 3075 5861 3002 5861 3002 5862 3075 5862 3003 5862 3075 5863 3076 5863 3003 5863 3003 5864 3076 5864 3004 5864 3076 5865 3077 5865 3004 5865 3004 5866 3077 5866 3005 5866 3077 5867 3078 5867 3005 5867 3005 5868 3078 5868 3006 5868 3078 5869 3079 5869 3006 5869 3006 5870 3079 5870 3007 5870 3079 5871 3080 5871 3007 5871 3007 5872 3080 5872 3008 5872 3080 5873 3081 5873 3008 5873 3008 5874 3081 5874 3009 5874 3081 5875 3082 5875 3009 5875 3009 5876 3082 5876 3010 5876 3082 5877 3083 5877 3010 5877 3010 5878 3083 5878 3011 5878 3083 5879 3084 5879 3011 5879 3011 5880 3084 5880 3012 5880 3084 5881 3085 5881 3012 5881 3012 5882 3085 5882 3013 5882 3085 5883 3086 5883 3013 5883 3013 5884 3086 5884 3014 5884 3086 5885 3087 5885 3014 5885 3014 5886 3087 5886 3015 5886 3087 5887 3088 5887 3015 5887 3015 5888 3088 5888 3016 5888 3088 5889 3089 5889 3016 5889 3016 5890 3089 5890 3017 5890 3089 5891 3090 5891 3017 5891 3017 5892 3090 5892 3018 5892 3090 5893 3091 5893 3018 5893 3018 5894 3091 5894 3019 5894 3091 5895 3092 5895 3019 5895 3019 5896 3092 5896 3020 5896 3092 5897 3093 5897 3020 5897 3020 5898 3093 5898 3021 5898 3093 5899 3094 5899 3021 5899 3021 5900 3094 5900 3022 5900 3094 5901 3095 5901 3022 5901 3022 5902 3095 5902 3023 5902 3095 5903 3024 5903 3023 5903 3095 5904 3096 5904 3024 5904 3096 5905 3097 5905 3024 5905 3024 5906 3097 5906 3025 5906 3097 5907 3098 5907 3025 5907 3025 5908 3098 5908 3026 5908 3098 5909 3099 5909 3026 5909 3026 5910 3099 5910 3027 5910 3099 5911 3100 5911 3027 5911 3027 5912 3100 5912 3028 5912 3100 5913 3101 5913 3028 5913 3028 5914 3101 5914 3029 5914 3101 5915 3102 5915 3029 5915 3029 5916 3102 5916 3030 5916 3102 5917 3103 5917 3030 5917 3030 5918 3103 5918 3031 5918 3103 5919 3104 5919 3031 5919 3031 5920 3104 5920 3032 5920 3104 5921 3105 5921 3032 5921 3032 5922 3105 5922 3033 5922 3105 5923 3106 5923 3033 5923 3033 5924 3106 5924 3034 5924 3106 5925 3107 5925 3034 5925 3034 5926 3107 5926 3035 5926 3107 5927 3108 5927 3035 5927 3035 5928 3108 5928 3036 5928 3108 5929 3109 5929 3036 5929 3036 5930 3109 5930 3037 5930 3109 5931 3110 5931 3037 5931 3037 5932 3110 5932 3038 5932 3110 5933 3111 5933 3038 5933 3038 5934 3111 5934 3039 5934 3111 5935 3112 5935 3039 5935 3039 5936 3112 5936 3040 5936 3112 5937 3113 5937 3040 5937 3040 5938 3113 5938 3041 5938 3113 5939 3114 5939 3041 5939 3041 5940 3114 5940 3042 5940 3114 5941 3115 5941 3042 5941 3042 5942 3115 5942 3043 5942 3115 5943 3116 5943 3043 5943 3043 5944 3116 5944 3044 5944 3116 5945 3117 5945 3044 5945 3044 5946 3117 5946 3045 5946 3117 5947 3118 5947 3045 5947 3045 5948 3118 5948 3046 5948 3118 5949 3119 5949 3046 5949 3046 5950 3119 5950 3047 5950 3119 5951 3120 5951 3047 5951 3047 5952 3120 5952 3048 5952 3120 5953 3121 5953 3048 5953 3048 5954 3121 5954 3049 5954 3121 5955 3122 5955 3049 5955 3049 5956 3122 5956 3050 5956 3122 5957 3123 5957 3050 5957 3050 5958 3123 5958 3051 5958 3123 5959 3124 5959 3051 5959 3051 5960 3124 5960 3052 5960 3124 5961 3125 5961 3052 5961 3052 5962 3125 5962 3053 5962 3125 5963 3126 5963 3053 5963 3053 5964 3126 5964 3054 5964 3126 5965 3127 5965 3054 5965 3054 5966 3127 5966 3055 5966 3127 5967 3128 5967 3055 5967 3055 5968 3128 5968 3056 5968 3128 5969 3129 5969 3056 5969 3056 5970 3129 5970 3057 5970 3129 5971 3130 5971 3057 5971 3057 5972 3130 5972 3058 5972 3130 5973 3131 5973 3058 5973 3058 5974 3131 5974 3059 5974 3131 5975 3132 5975 3059 5975 3059 5976 3132 5976 3060 5976 3132 5977 3133 5977 3060 5977 3060 5978 3133 5978 3061 5978 3133 5979 3134 5979 3061 5979 3061 5980 3134 5980 3062 5980 3134 5981 3135 5981 3062 5981 3062 5982 3135 5982 3063 5982 3135 5983 3136 5983 3063 5983 3063 5984 3136 5984 3064 5984 3136 5985 3137 5985 3064 5985 3064 5986 3137 5986 3065 5986 3137 5987 3138 5987 3065 5987 3065 5988 3138 5988 3066 5988 3138 5989 3139 5989 3066 5989 3066 5990 3139 5990 3067 5990 3139 5991 3140 5991 3067 5991 3067 5992 3140 5992 3068 5992 3140 5993 3141 5993 3068 5993 3068 5994 3141 5994 3069 5994 3141 5995 3142 5995 3069 5995 3069 5996 3142 5996 3070 5996 3142 5997 3143 5997 3070 5997 3070 5998 3143 5998 3071 5998 3143 5999 3144 5999 3071 5999 3071 6000 3144 6000 3072 6000 3144 6001 3145 6001 3072 6001 3072 6002 3145 6002 3073 6002 3145 6003 3146 6003 3073 6003 3073 6004 3146 6004 3074 6004 3146 6005 3147 6005 3074 6005 3074 6006 3147 6006 3075 6006 3147 6007 3148 6007 3075 6007 3075 6008 3148 6008 3076 6008 3148 6009 3149 6009 3076 6009 3076 6010 3149 6010 3077 6010 3149 6011 3150 6011 3077 6011 3077 6012 3150 6012 3078 6012 3150 6013 3151 6013 3078 6013 3078 6014 3151 6014 3079 6014 3151 6015 3152 6015 3079 6015 3079 6016 3152 6016 3080 6016 3152 6017 3153 6017 3080 6017 3080 6018 3153 6018 3081 6018 3153 6019 3154 6019 3081 6019 3081 6020 3154 6020 3082 6020 3154 6021 3155 6021 3082 6021 3082 6022 3155 6022 3083 6022 3155 6023 3156 6023 3083 6023 3083 6024 3156 6024 3084 6024 3156 6025 3157 6025 3084 6025 3084 6026 3157 6026 3085 6026 3157 6027 3158 6027 3085 6027 3085 6028 3158 6028 3086 6028 3158 6029 3159 6029 3086 6029 3086 6030 3159 6030 3087 6030 3159 6031 3160 6031 3087 6031 3087 6032 3160 6032 3088 6032 3160 6033 3161 6033 3088 6033 3088 6034 3161 6034 3089 6034 3161 6035 3162 6035 3089 6035 3089 6036 3162 6036 3090 6036 3162 6037 3163 6037 3090 6037 3090 6038 3163 6038 3091 6038 3163 6039 3164 6039 3091 6039 3091 6040 3164 6040 3092 6040 3164 6041 3165 6041 3092 6041 3092 6042 3165 6042 3093 6042 3165 6043 3166 6043 3093 6043 3093 6044 3166 6044 3094 6044 3166 6045 3167 6045 3094 6045 3094 6046 3167 6046 3095 6046 3167 6047 3096 6047 3095 6047 3167 6048 3168 6048 3096 6048 3168 6049 3169 6049 3096 6049 3096 6050 3169 6050 3097 6050 3169 6051 3170 6051 3097 6051 3097 6052 3170 6052 3098 6052 3170 6053 3171 6053 3098 6053 3098 6054 3171 6054 3099 6054 3171 6055 3172 6055 3099 6055 3099 6056 3172 6056 3100 6056 3172 6057 3173 6057 3100 6057 3100 6058 3173 6058 3101 6058 3173 6059 3174 6059 3101 6059 3101 6060 3174 6060 3102 6060 3174 6061 3175 6061 3102 6061 3102 6062 3175 6062 3103 6062 3175 6063 3176 6063 3103 6063 3103 6064 3176 6064 3104 6064 3176 6065 3177 6065 3104 6065 3104 6066 3177 6066 3105 6066 3177 6067 3178 6067 3105 6067 3105 6068 3178 6068 3106 6068 3178 6069 3179 6069 3106 6069 3106 6070 3179 6070 3107 6070 3179 6071 3180 6071 3107 6071 3107 6072 3180 6072 3108 6072 3180 6073 3181 6073 3108 6073 3108 6074 3181 6074 3109 6074 3181 6075 3182 6075 3109 6075 3109 6076 3182 6076 3110 6076 3182 6077 3183 6077 3110 6077 3110 6078 3183 6078 3111 6078 3183 6079 3184 6079 3111 6079 3111 6080 3184 6080 3112 6080 3184 6081 3185 6081 3112 6081 3112 6082 3185 6082 3113 6082 3185 6083 3186 6083 3113 6083 3113 6084 3186 6084 3114 6084 3186 6085 3187 6085 3114 6085 3114 6086 3187 6086 3115 6086 3187 6087 3188 6087 3115 6087 3115 6088 3188 6088 3116 6088 3188 6089 3189 6089 3116 6089 3116 6090 3189 6090 3117 6090 3189 6091 3190 6091 3117 6091 3117 6092 3190 6092 3118 6092 3190 6093 3191 6093 3118 6093 3118 6094 3191 6094 3119 6094 3191 6095 3192 6095 3119 6095 3119 6096 3192 6096 3120 6096 3192 6097 3193 6097 3120 6097 3120 6098 3193 6098 3121 6098 3193 6099 3194 6099 3121 6099 3121 6100 3194 6100 3122 6100 3194 6101 3195 6101 3122 6101 3122 6102 3195 6102 3123 6102 3195 6103 3196 6103 3123 6103 3123 6104 3196 6104 3124 6104 3196 6105 3197 6105 3124 6105 3124 6106 3197 6106 3125 6106 3197 6107 3198 6107 3125 6107 3125 6108 3198 6108 3126 6108 3198 6109 3199 6109 3126 6109 3126 6110 3199 6110 3127 6110 3199 6111 3200 6111 3127 6111 3127 6112 3200 6112 3128 6112 3200 6113 3201 6113 3128 6113 3128 6114 3201 6114 3129 6114 3201 6115 3202 6115 3129 6115 3129 6116 3202 6116 3130 6116 3202 6117 3203 6117 3130 6117 3130 6118 3203 6118 3131 6118 3203 6119 3204 6119 3131 6119 3131 6120 3204 6120 3132 6120 3204 6121 3205 6121 3132 6121 3132 6122 3205 6122 3133 6122 3205 6123 3206 6123 3133 6123 3133 6124 3206 6124 3134 6124 3206 6125 3207 6125 3134 6125 3134 6126 3207 6126 3135 6126 3207 6127 3208 6127 3135 6127 3135 6128 3208 6128 3136 6128 3208 6129 3209 6129 3136 6129 3136 6130 3209 6130 3137 6130 3209 6131 3210 6131 3137 6131 3137 6132 3210 6132 3138 6132 3210 6133 3211 6133 3138 6133 3138 6134 3211 6134 3139 6134 3211 6135 3212 6135 3139 6135 3139 6136 3212 6136 3140 6136 3212 6137 3213 6137 3140 6137 3140 6138 3213 6138 3141 6138 3213 6139 3214 6139 3141 6139 3141 6140 3214 6140 3142 6140 3214 6141 3215 6141 3142 6141 3142 6142 3215 6142 3143 6142 3215 6143 3216 6143 3143 6143 3143 6144 3216 6144 3144 6144 3216 6145 3217 6145 3144 6145 3144 6146 3217 6146 3145 6146 3217 6147 3218 6147 3145 6147 3145 6148 3218 6148 3146 6148 3218 6149 3219 6149 3146 6149 3146 6150 3219 6150 3147 6150 3219 6151 3220 6151 3147 6151 3147 6152 3220 6152 3148 6152 3220 6153 3221 6153 3148 6153 3148 6154 3221 6154 3149 6154 3221 6155 3222 6155 3149 6155 3149 6156 3222 6156 3150 6156 3222 6157 3223 6157 3150 6157 3150 6158 3223 6158 3151 6158 3223 6159 3224 6159 3151 6159 3151 6160 3224 6160 3152 6160 3224 6161 3225 6161 3152 6161 3152 6162 3225 6162 3153 6162 3225 6163 3226 6163 3153 6163 3153 6164 3226 6164 3154 6164 3226 6165 3227 6165 3154 6165 3154 6166 3227 6166 3155 6166 3227 6167 3228 6167 3155 6167 3155 6168 3228 6168 3156 6168 3228 6169 3229 6169 3156 6169 3156 6170 3229 6170 3157 6170 3229 6171 3230 6171 3157 6171 3157 6172 3230 6172 3158 6172 3230 6173 3231 6173 3158 6173 3158 6174 3231 6174 3159 6174 3231 6175 3232 6175 3159 6175 3159 6176 3232 6176 3160 6176 3232 6177 3233 6177 3160 6177 3160 6178 3233 6178 3161 6178 3233 6179 3234 6179 3161 6179 3161 6180 3234 6180 3162 6180 3234 6181 3235 6181 3162 6181 3162 6182 3235 6182 3163 6182 3235 6183 3236 6183 3163 6183 3163 6184 3236 6184 3164 6184 3236 6185 3237 6185 3164 6185 3164 6186 3237 6186 3165 6186 3237 6187 3238 6187 3165 6187 3165 6188 3238 6188 3166 6188 3238 6189 3239 6189 3166 6189 3166 6190 3239 6190 3167 6190 3239 6191 3168 6191 3167 6191 3239 6192 3240 6192 3168 6192 3240 6193 3241 6193 3168 6193 3168 6194 3241 6194 3169 6194 3241 6195 3242 6195 3169 6195 3169 6196 3242 6196 3170 6196 3242 6197 3243 6197 3170 6197 3170 6198 3243 6198 3171 6198 3243 6199 3244 6199 3171 6199 3171 6200 3244 6200 3172 6200 3244 6201 3245 6201 3172 6201 3172 6202 3245 6202 3173 6202 3245 6203 3246 6203 3173 6203 3173 6204 3246 6204 3174 6204 3246 6205 3247 6205 3174 6205 3174 6206 3247 6206 3175 6206 3247 6207 3248 6207 3175 6207 3175 6208 3248 6208 3176 6208 3248 6209 3249 6209 3176 6209 3176 6210 3249 6210 3177 6210 3249 6211 3250 6211 3177 6211 3177 6212 3250 6212 3178 6212 3250 6213 3251 6213 3178 6213 3178 6214 3251 6214 3179 6214 3251 6215 3252 6215 3179 6215 3179 6216 3252 6216 3180 6216 3252 6217 3253 6217 3180 6217 3180 6218 3253 6218 3181 6218 3253 6219 3254 6219 3181 6219 3181 6220 3254 6220 3182 6220 3254 6221 3255 6221 3182 6221 3182 6222 3255 6222 3183 6222 3255 6223 3256 6223 3183 6223 3183 6224 3256 6224 3184 6224 3256 6225 3257 6225 3184 6225 3184 6226 3257 6226 3185 6226 3257 6227 3258 6227 3185 6227 3185 6228 3258 6228 3186 6228 3258 6229 3259 6229 3186 6229 3186 6230 3259 6230 3187 6230 3259 6231 3260 6231 3187 6231 3187 6232 3260 6232 3188 6232 3260 6233 3261 6233 3188 6233 3188 6234 3261 6234 3189 6234 3261 6235 3262 6235 3189 6235 3189 6236 3262 6236 3190 6236 3262 6237 3263 6237 3190 6237 3190 6238 3263 6238 3191 6238 3263 6239 3264 6239 3191 6239 3191 6240 3264 6240 3192 6240 3264 6241 3265 6241 3192 6241 3192 6242 3265 6242 3193 6242 3265 6243 3266 6243 3193 6243 3193 6244 3266 6244 3194 6244 3266 6245 3267 6245 3194 6245 3194 6246 3267 6246 3195 6246 3267 6247 3268 6247 3195 6247 3195 6248 3268 6248 3196 6248 3268 6249 3269 6249 3196 6249 3196 6250 3269 6250 3197 6250 3269 6251 3270 6251 3197 6251 3197 6252 3270 6252 3198 6252 3270 6253 3271 6253 3198 6253 3198 6254 3271 6254 3199 6254 3271 6255 3272 6255 3199 6255 3199 6256 3272 6256 3200 6256 3272 6257 3273 6257 3200 6257 3200 6258 3273 6258 3201 6258 3273 6259 3274 6259 3201 6259 3201 6260 3274 6260 3202 6260 3274 6261 3275 6261 3202 6261 3202 6262 3275 6262 3203 6262 3275 6263 3276 6263 3203 6263 3203 6264 3276 6264 3204 6264 3276 6265 3277 6265 3204 6265 3204 6266 3277 6266 3205 6266 3277 6267 3278 6267 3205 6267 3205 6268 3278 6268 3206 6268 3278 6269 3279 6269 3206 6269 3206 6270 3279 6270 3207 6270 3279 6271 3280 6271 3207 6271 3207 6272 3280 6272 3208 6272 3280 6273 3281 6273 3208 6273 3208 6274 3281 6274 3209 6274 3281 6275 3282 6275 3209 6275 3209 6276 3282 6276 3210 6276 3282 6277 3283 6277 3210 6277 3210 6278 3283 6278 3211 6278 3283 6279 3284 6279 3211 6279 3211 6280 3284 6280 3212 6280 3284 6281 3285 6281 3212 6281 3212 6282 3285 6282 3213 6282 3285 6283 3286 6283 3213 6283 3213 6284 3286 6284 3214 6284 3286 6285 3287 6285 3214 6285 3214 6286 3287 6286 3215 6286 3287 6287 3288 6287 3215 6287 3215 6288 3288 6288 3216 6288 3288 6289 3289 6289 3216 6289 3216 6290 3289 6290 3217 6290 3289 6291 3290 6291 3217 6291 3217 6292 3290 6292 3218 6292 3290 6293 3291 6293 3218 6293 3218 6294 3291 6294 3219 6294 3291 6295 3292 6295 3219 6295 3219 6296 3292 6296 3220 6296 3292 6297 3293 6297 3220 6297 3220 6298 3293 6298 3221 6298 3293 6299 3294 6299 3221 6299 3221 6300 3294 6300 3222 6300 3294 6301 3295 6301 3222 6301 3222 6302 3295 6302 3223 6302 3295 6303 3296 6303 3223 6303 3223 6304 3296 6304 3224 6304 3296 6305 3297 6305 3224 6305 3224 6306 3297 6306 3225 6306 3297 6307 3298 6307 3225 6307 3225 6308 3298 6308 3226 6308 3298 6309 3299 6309 3226 6309 3226 6310 3299 6310 3227 6310 3299 6311 3300 6311 3227 6311 3227 6312 3300 6312 3228 6312 3300 6313 3301 6313 3228 6313 3228 6314 3301 6314 3229 6314 3301 6315 3302 6315 3229 6315 3229 6316 3302 6316 3230 6316 3302 6317 3303 6317 3230 6317 3230 6318 3303 6318 3231 6318 3303 6319 3304 6319 3231 6319 3231 6320 3304 6320 3232 6320 3304 6321 3305 6321 3232 6321 3232 6322 3305 6322 3233 6322 3305 6323 3306 6323 3233 6323 3233 6324 3306 6324 3234 6324 3306 6325 3307 6325 3234 6325 3234 6326 3307 6326 3235 6326 3307 6327 3308 6327 3235 6327 3235 6328 3308 6328 3236 6328 3308 6329 3309 6329 3236 6329 3236 6330 3309 6330 3237 6330 3309 6331 3310 6331 3237 6331 3237 6332 3310 6332 3238 6332 3310 6333 3311 6333 3238 6333 3238 6334 3311 6334 3239 6334 3311 6335 3240 6335 3239 6335 3311 6336 3312 6336 3240 6336 3312 6337 3313 6337 3240 6337 3240 6338 3313 6338 3241 6338 3313 6339 3314 6339 3241 6339 3241 6340 3314 6340 3242 6340 3314 6341 3315 6341 3242 6341 3242 6342 3315 6342 3243 6342 3315 6343 3316 6343 3243 6343 3243 6344 3316 6344 3244 6344 3316 6345 3317 6345 3244 6345 3244 6346 3317 6346 3245 6346 3317 6347 3318 6347 3245 6347 3245 6348 3318 6348 3246 6348 3318 6349 3319 6349 3246 6349 3246 6350 3319 6350 3247 6350 3319 6351 3320 6351 3247 6351 3247 6352 3320 6352 3248 6352 3320 6353 3321 6353 3248 6353 3248 6354 3321 6354 3249 6354 3321 6355 3322 6355 3249 6355 3249 6356 3322 6356 3250 6356 3322 6357 3323 6357 3250 6357 3250 6358 3323 6358 3251 6358 3323 6359 3324 6359 3251 6359 3251 6360 3324 6360 3252 6360 3324 6361 3325 6361 3252 6361 3252 6362 3325 6362 3253 6362 3325 6363 3326 6363 3253 6363 3253 6364 3326 6364 3254 6364 3326 6365 3327 6365 3254 6365 3254 6366 3327 6366 3255 6366 3327 6367 3328 6367 3255 6367 3255 6368 3328 6368 3256 6368 3328 6369 3329 6369 3256 6369 3256 6370 3329 6370 3257 6370 3329 6371 3330 6371 3257 6371 3257 6372 3330 6372 3258 6372 3330 6373 3331 6373 3258 6373 3258 6374 3331 6374 3259 6374 3331 6375 3332 6375 3259 6375 3259 6376 3332 6376 3260 6376 3332 6377 3333 6377 3260 6377 3260 6378 3333 6378 3261 6378 3333 6379 3334 6379 3261 6379 3261 6380 3334 6380 3262 6380 3334 6381 3335 6381 3262 6381 3262 6382 3335 6382 3263 6382 3335 6383 3336 6383 3263 6383 3263 6384 3336 6384 3264 6384 3336 6385 3337 6385 3264 6385 3264 6386 3337 6386 3265 6386 3337 6387 3338 6387 3265 6387 3265 6388 3338 6388 3266 6388 3338 6389 3339 6389 3266 6389 3266 6390 3339 6390 3267 6390 3339 6391 3340 6391 3267 6391 3267 6392 3340 6392 3268 6392 3340 6393 3341 6393 3268 6393 3268 6394 3341 6394 3269 6394 3341 6395 3342 6395 3269 6395 3269 6396 3342 6396 3270 6396 3342 6397 3343 6397 3270 6397 3270 6398 3343 6398 3271 6398 3343 6399 3344 6399 3271 6399 3271 6400 3344 6400 3272 6400 3344 6401 3345 6401 3272 6401 3272 6402 3345 6402 3273 6402 3345 6403 3346 6403 3273 6403 3273 6404 3346 6404 3274 6404 3346 6405 3347 6405 3274 6405 3274 6406 3347 6406 3275 6406 3347 6407 3348 6407 3275 6407 3275 6408 3348 6408 3276 6408 3348 6409 3349 6409 3276 6409 3276 6410 3349 6410 3277 6410 3349 6411 3350 6411 3277 6411 3277 6412 3350 6412 3278 6412 3350 6413 3351 6413 3278 6413 3278 6414 3351 6414 3279 6414 3351 6415 3352 6415 3279 6415 3279 6416 3352 6416 3280 6416 3352 6417 3353 6417 3280 6417 3280 6418 3353 6418 3281 6418 3353 6419 3354 6419 3281 6419 3281 6420 3354 6420 3282 6420 3354 6421 3355 6421 3282 6421 3282 6422 3355 6422 3283 6422 3355 6423 3356 6423 3283 6423 3283 6424 3356 6424 3284 6424 3356 6425 3357 6425 3284 6425 3284 6426 3357 6426 3285 6426 3357 6427 3358 6427 3285 6427 3285 6428 3358 6428 3286 6428 3358 6429 3359 6429 3286 6429 3286 6430 3359 6430 3287 6430 3359 6431 3360 6431 3287 6431 3287 6432 3360 6432 3288 6432 3360 6433 3361 6433 3288 6433 3288 6434 3361 6434 3289 6434 3361 6435 3362 6435 3289 6435 3289 6436 3362 6436 3290 6436 3362 6437 3363 6437 3290 6437 3290 6438 3363 6438 3291 6438 3363 6439 3364 6439 3291 6439 3291 6440 3364 6440 3292 6440 3364 6441 3365 6441 3292 6441 3292 6442 3365 6442 3293 6442 3365 6443 3366 6443 3293 6443 3293 6444 3366 6444 3294 6444 3366 6445 3367 6445 3294 6445 3294 6446 3367 6446 3295 6446 3367 6447 3368 6447 3295 6447 3295 6448 3368 6448 3296 6448 3368 6449 3369 6449 3296 6449 3296 6450 3369 6450 3297 6450 3369 6451 3370 6451 3297 6451 3297 6452 3370 6452 3298 6452 3370 6453 3371 6453 3298 6453 3298 6454 3371 6454 3299 6454 3371 6455 3372 6455 3299 6455 3299 6456 3372 6456 3300 6456 3372 6457 3373 6457 3300 6457 3300 6458 3373 6458 3301 6458 3373 6459 3374 6459 3301 6459 3301 6460 3374 6460 3302 6460 3374 6461 3375 6461 3302 6461 3302 6462 3375 6462 3303 6462 3375 6463 3376 6463 3303 6463 3303 6464 3376 6464 3304 6464 3376 6465 3377 6465 3304 6465 3304 6466 3377 6466 3305 6466 3377 6467 3378 6467 3305 6467 3305 6468 3378 6468 3306 6468 3378 6469 3379 6469 3306 6469 3306 6470 3379 6470 3307 6470 3379 6471 3380 6471 3307 6471 3307 6472 3380 6472 3308 6472 3380 6473 3381 6473 3308 6473 3308 6474 3381 6474 3309 6474 3381 6475 3382 6475 3309 6475 3309 6476 3382 6476 3310 6476 3382 6477 3383 6477 3310 6477 3310 6478 3383 6478 3311 6478 3383 6479 3312 6479 3311 6479 3383 6480 3384 6480 3312 6480 3384 6481 3385 6481 3312 6481 3312 6482 3385 6482 3313 6482 3385 6483 3386 6483 3313 6483 3313 6484 3386 6484 3314 6484 3386 6485 3387 6485 3314 6485 3314 6486 3387 6486 3315 6486 3387 6487 3388 6487 3315 6487 3315 6488 3388 6488 3316 6488 3388 6489 3389 6489 3316 6489 3316 6490 3389 6490 3317 6490 3389 6491 3390 6491 3317 6491 3317 6492 3390 6492 3318 6492 3390 6493 3391 6493 3318 6493 3318 6494 3391 6494 3319 6494 3391 6495 3392 6495 3319 6495 3319 6496 3392 6496 3320 6496 3392 6497 3393 6497 3320 6497 3320 6498 3393 6498 3321 6498 3393 6499 3394 6499 3321 6499 3321 6500 3394 6500 3322 6500 3394 6501 3395 6501 3322 6501 3322 6502 3395 6502 3323 6502 3395 6503 3396 6503 3323 6503 3323 6504 3396 6504 3324 6504 3396 6505 3397 6505 3324 6505 3324 6506 3397 6506 3325 6506 3397 6507 3398 6507 3325 6507 3325 6508 3398 6508 3326 6508 3398 6509 3399 6509 3326 6509 3326 6510 3399 6510 3327 6510 3399 6511 3400 6511 3327 6511 3327 6512 3400 6512 3328 6512 3400 6513 3401 6513 3328 6513 3328 6514 3401 6514 3329 6514 3401 6515 3402 6515 3329 6515 3329 6516 3402 6516 3330 6516 3402 6517 3403 6517 3330 6517 3330 6518 3403 6518 3331 6518 3403 6519 3404 6519 3331 6519 3331 6520 3404 6520 3332 6520 3404 6521 3405 6521 3332 6521 3332 6522 3405 6522 3333 6522 3405 6523 3406 6523 3333 6523 3333 6524 3406 6524 3334 6524 3406 6525 3407 6525 3334 6525 3334 6526 3407 6526 3335 6526 3407 6527 3408 6527 3335 6527 3335 6528 3408 6528 3336 6528 3408 6529 3409 6529 3336 6529 3336 6530 3409 6530 3337 6530 3409 6531 3410 6531 3337 6531 3337 6532 3410 6532 3338 6532 3410 6533 3411 6533 3338 6533 3338 6534 3411 6534 3339 6534 3411 6535 3412 6535 3339 6535 3339 6536 3412 6536 3340 6536 3412 6537 3413 6537 3340 6537 3340 6538 3413 6538 3341 6538 3413 6539 3414 6539 3341 6539 3341 6540 3414 6540 3342 6540 3414 6541 3415 6541 3342 6541 3342 6542 3415 6542 3343 6542 3415 6543 3416 6543 3343 6543 3343 6544 3416 6544 3344 6544 3416 6545 3417 6545 3344 6545 3344 6546 3417 6546 3345 6546 3417 6547 3418 6547 3345 6547 3345 6548 3418 6548 3346 6548 3418 6549 3419 6549 3346 6549 3346 6550 3419 6550 3347 6550 3419 6551 3420 6551 3347 6551 3347 6552 3420 6552 3348 6552 3420 6553 3421 6553 3348 6553 3348 6554 3421 6554 3349 6554 3421 6555 3422 6555 3349 6555 3349 6556 3422 6556 3350 6556 3422 6557 3423 6557 3350 6557 3350 6558 3423 6558 3351 6558 3423 6559 3424 6559 3351 6559 3351 6560 3424 6560 3352 6560 3424 6561 3425 6561 3352 6561 3352 6562 3425 6562 3353 6562 3425 6563 3426 6563 3353 6563 3353 6564 3426 6564 3354 6564 3426 6565 3427 6565 3354 6565 3354 6566 3427 6566 3355 6566 3427 6567 3428 6567 3355 6567 3355 6568 3428 6568 3356 6568 3428 6569 3429 6569 3356 6569 3356 6570 3429 6570 3357 6570 3429 6571 3430 6571 3357 6571 3357 6572 3430 6572 3358 6572 3430 6573 3431 6573 3358 6573 3358 6574 3431 6574 3359 6574 3431 6575 3432 6575 3359 6575 3359 6576 3432 6576 3360 6576 3432 6577 3433 6577 3360 6577 3360 6578 3433 6578 3361 6578 3433 6579 3434 6579 3361 6579 3361 6580 3434 6580 3362 6580 3434 6581 3435 6581 3362 6581 3362 6582 3435 6582 3363 6582 3435 6583 3436 6583 3363 6583 3363 6584 3436 6584 3364 6584 3436 6585 3437 6585 3364 6585 3364 6586 3437 6586 3365 6586 3437 6587 3438 6587 3365 6587 3365 6588 3438 6588 3366 6588 3438 6589 3439 6589 3366 6589 3366 6590 3439 6590 3367 6590 3439 6591 3440 6591 3367 6591 3367 6592 3440 6592 3368 6592 3440 6593 3441 6593 3368 6593 3368 6594 3441 6594 3369 6594 3441 6595 3442 6595 3369 6595 3369 6596 3442 6596 3370 6596 3442 6597 3443 6597 3370 6597 3370 6598 3443 6598 3371 6598 3443 6599 3444 6599 3371 6599 3371 6600 3444 6600 3372 6600 3444 6601 3445 6601 3372 6601 3372 6602 3445 6602 3373 6602 3445 6603 3446 6603 3373 6603 3373 6604 3446 6604 3374 6604 3446 6605 3447 6605 3374 6605 3374 6606 3447 6606 3375 6606 3447 6607 3448 6607 3375 6607 3375 6608 3448 6608 3376 6608 3448 6609 3449 6609 3376 6609 3376 6610 3449 6610 3377 6610 3449 6611 3450 6611 3377 6611 3377 6612 3450 6612 3378 6612 3450 6613 3451 6613 3378 6613 3378 6614 3451 6614 3379 6614 3451 6615 3452 6615 3379 6615 3379 6616 3452 6616 3380 6616 3452 6617 3453 6617 3380 6617 3380 6618 3453 6618 3381 6618 3453 6619 3454 6619 3381 6619 3381 6620 3454 6620 3382 6620 3454 6621 3455 6621 3382 6621 3382 6622 3455 6622 3383 6622 3455 6623 3384 6623 3383 6623 3455 6624 3456 6624 3384 6624 3456 6625 3457 6625 3384 6625 3384 6626 3457 6626 3385 6626 3457 6627 3458 6627 3385 6627 3385 6628 3458 6628 3386 6628 3458 6629 3459 6629 3386 6629 3386 6630 3459 6630 3387 6630 3459 6631 3460 6631 3387 6631 3387 6632 3460 6632 3388 6632 3460 6633 3461 6633 3388 6633 3388 6634 3461 6634 3389 6634 3461 6635 3462 6635 3389 6635 3389 6636 3462 6636 3390 6636 3462 6637 3463 6637 3390 6637 3390 6638 3463 6638 3391 6638 3463 6639 3464 6639 3391 6639 3391 6640 3464 6640 3392 6640 3464 6641 3465 6641 3392 6641 3392 6642 3465 6642 3393 6642 3465 6643 3466 6643 3393 6643 3393 6644 3466 6644 3394 6644 3466 6645 3467 6645 3394 6645 3394 6646 3467 6646 3395 6646 3467 6647 3468 6647 3395 6647 3395 6648 3468 6648 3396 6648 3468 6649 3469 6649 3396 6649 3396 6650 3469 6650 3397 6650 3469 6651 3470 6651 3397 6651 3397 6652 3470 6652 3398 6652 3470 6653 3471 6653 3398 6653 3398 6654 3471 6654 3399 6654 3471 6655 3472 6655 3399 6655 3399 6656 3472 6656 3400 6656 3472 6657 3473 6657 3400 6657 3400 6658 3473 6658 3401 6658 3473 6659 3474 6659 3401 6659 3401 6660 3474 6660 3402 6660 3474 6661 3475 6661 3402 6661 3402 6662 3475 6662 3403 6662 3475 6663 3476 6663 3403 6663 3403 6664 3476 6664 3404 6664 3476 6665 3477 6665 3404 6665 3404 6666 3477 6666 3405 6666 3477 6667 3478 6667 3405 6667 3405 6668 3478 6668 3406 6668 3478 6669 3479 6669 3406 6669 3406 6670 3479 6670 3407 6670 3479 6671 3480 6671 3407 6671 3407 6672 3480 6672 3408 6672 3480 6673 3481 6673 3408 6673 3408 6674 3481 6674 3409 6674 3481 6675 3482 6675 3409 6675 3409 6676 3482 6676 3410 6676 3482 6677 3483 6677 3410 6677 3410 6678 3483 6678 3411 6678 3483 6679 3484 6679 3411 6679 3411 6680 3484 6680 3412 6680 3484 6681 3485 6681 3412 6681 3412 6682 3485 6682 3413 6682 3485 6683 3486 6683 3413 6683 3413 6684 3486 6684 3414 6684 3486 6685 3487 6685 3414 6685 3414 6686 3487 6686 3415 6686 3487 6687 3488 6687 3415 6687 3415 6688 3488 6688 3416 6688 3488 6689 3489 6689 3416 6689 3416 6690 3489 6690 3417 6690 3489 6691 3490 6691 3417 6691 3417 6692 3490 6692 3418 6692 3490 6693 3491 6693 3418 6693 3418 6694 3491 6694 3419 6694 3491 6695 3492 6695 3419 6695 3419 6696 3492 6696 3420 6696 3492 6697 3493 6697 3420 6697 3420 6698 3493 6698 3421 6698 3493 6699 3494 6699 3421 6699 3421 6700 3494 6700 3422 6700 3494 6701 3495 6701 3422 6701 3422 6702 3495 6702 3423 6702 3495 6703 3496 6703 3423 6703 3423 6704 3496 6704 3424 6704 3496 6705 3497 6705 3424 6705 3424 6706 3497 6706 3425 6706 3497 6707 3498 6707 3425 6707 3425 6708 3498 6708 3426 6708 3498 6709 3499 6709 3426 6709 3426 6710 3499 6710 3427 6710 3499 6711 3500 6711 3427 6711 3427 6712 3500 6712 3428 6712 3500 6713 3501 6713 3428 6713 3428 6714 3501 6714 3429 6714 3501 6715 3502 6715 3429 6715 3429 6716 3502 6716 3430 6716 3502 6717 3503 6717 3430 6717 3430 6718 3503 6718 3431 6718 3503 6719 3504 6719 3431 6719 3431 6720 3504 6720 3432 6720 3504 6721 3505 6721 3432 6721 3432 6722 3505 6722 3433 6722 3505 6723 3506 6723 3433 6723 3433 6724 3506 6724 3434 6724 3506 6725 3507 6725 3434 6725 3434 6726 3507 6726 3435 6726 3507 6727 3508 6727 3435 6727 3435 6728 3508 6728 3436 6728 3508 6729 3509 6729 3436 6729 3436 6730 3509 6730 3437 6730 3509 6731 3510 6731 3437 6731 3437 6732 3510 6732 3438 6732 3510 6733 3511 6733 3438 6733 3438 6734 3511 6734 3439 6734 3511 6735 3512 6735 3439 6735 3439 6736 3512 6736 3440 6736 3512 6737 3513 6737 3440 6737 3440 6738 3513 6738 3441 6738 3513 6739 3514 6739 3441 6739 3441 6740 3514 6740 3442 6740 3514 6741 3515 6741 3442 6741 3442 6742 3515 6742 3443 6742 3515 6743 3516 6743 3443 6743 3443 6744 3516 6744 3444 6744 3516 6745 3517 6745 3444 6745 3444 6746 3517 6746 3445 6746 3517 6747 3518 6747 3445 6747 3445 6748 3518 6748 3446 6748 3518 6749 3519 6749 3446 6749 3446 6750 3519 6750 3447 6750 3519 6751 3520 6751 3447 6751 3447 6752 3520 6752 3448 6752 3520 6753 3521 6753 3448 6753 3448 6754 3521 6754 3449 6754 3521 6755 3522 6755 3449 6755 3449 6756 3522 6756 3450 6756 3522 6757 3523 6757 3450 6757 3450 6758 3523 6758 3451 6758 3523 6759 3524 6759 3451 6759 3451 6760 3524 6760 3452 6760 3524 6761 3525 6761 3452 6761 3452 6762 3525 6762 3453 6762 3525 6763 3526 6763 3453 6763 3453 6764 3526 6764 3454 6764 3526 6765 3527 6765 3454 6765 3454 6766 3527 6766 3455 6766 3527 6767 3456 6767 3455 6767 3527 6768 3528 6768 3456 6768 3528 6769 3529 6769 3456 6769 3456 6770 3529 6770 3457 6770 3529 6771 3530 6771 3457 6771 3457 6772 3530 6772 3458 6772 3530 6773 3531 6773 3458 6773 3458 6774 3531 6774 3459 6774 3531 6775 3532 6775 3459 6775 3459 6776 3532 6776 3460 6776 3532 6777 3533 6777 3460 6777 3460 6778 3533 6778 3461 6778 3533 6779 3534 6779 3461 6779 3461 6780 3534 6780 3462 6780 3534 6781 3535 6781 3462 6781 3462 6782 3535 6782 3463 6782 3535 6783 3536 6783 3463 6783 3463 6784 3536 6784 3464 6784 3536 6785 3537 6785 3464 6785 3464 6786 3537 6786 3465 6786 3537 6787 3538 6787 3465 6787 3465 6788 3538 6788 3466 6788 3538 6789 3539 6789 3466 6789 3466 6790 3539 6790 3467 6790 3539 6791 3540 6791 3467 6791 3467 6792 3540 6792 3468 6792 3540 6793 3541 6793 3468 6793 3468 6794 3541 6794 3469 6794 3541 6795 3542 6795 3469 6795 3469 6796 3542 6796 3470 6796 3542 6797 3543 6797 3470 6797 3470 6798 3543 6798 3471 6798 3543 6799 3544 6799 3471 6799 3471 6800 3544 6800 3472 6800 3544 6801 3545 6801 3472 6801 3472 6802 3545 6802 3473 6802 3545 6803 3546 6803 3473 6803 3473 6804 3546 6804 3474 6804 3546 6805 3547 6805 3474 6805 3474 6806 3547 6806 3475 6806 3547 6807 3548 6807 3475 6807 3475 6808 3548 6808 3476 6808 3548 6809 3549 6809 3476 6809 3476 6810 3549 6810 3477 6810 3549 6811 3550 6811 3477 6811 3477 6812 3550 6812 3478 6812 3550 6813 3551 6813 3478 6813 3478 6814 3551 6814 3479 6814 3551 6815 3552 6815 3479 6815 3479 6816 3552 6816 3480 6816 3552 6817 3553 6817 3480 6817 3480 6818 3553 6818 3481 6818 3553 6819 3554 6819 3481 6819 3481 6820 3554 6820 3482 6820 3554 6821 3555 6821 3482 6821 3482 6822 3555 6822 3483 6822 3555 6823 3556 6823 3483 6823 3483 6824 3556 6824 3484 6824 3556 6825 3557 6825 3484 6825 3484 6826 3557 6826 3485 6826 3557 6827 3558 6827 3485 6827 3485 6828 3558 6828 3486 6828 3558 6829 3559 6829 3486 6829 3486 6830 3559 6830 3487 6830 3559 6831 3560 6831 3487 6831 3487 6832 3560 6832 3488 6832 3560 6833 3561 6833 3488 6833 3488 6834 3561 6834 3489 6834 3561 6835 3562 6835 3489 6835 3489 6836 3562 6836 3490 6836 3562 6837 3563 6837 3490 6837 3490 6838 3563 6838 3491 6838 3563 6839 3564 6839 3491 6839 3491 6840 3564 6840 3492 6840 3564 6841 3565 6841 3492 6841 3492 6842 3565 6842 3493 6842 3565 6843 3566 6843 3493 6843 3493 6844 3566 6844 3494 6844 3566 6845 3567 6845 3494 6845 3494 6846 3567 6846 3495 6846 3567 6847 3568 6847 3495 6847 3495 6848 3568 6848 3496 6848 3568 6849 3569 6849 3496 6849 3496 6850 3569 6850 3497 6850 3569 6851 3570 6851 3497 6851 3497 6852 3570 6852 3498 6852 3570 6853 3571 6853 3498 6853 3498 6854 3571 6854 3499 6854 3571 6855 3572 6855 3499 6855 3499 6856 3572 6856 3500 6856 3572 6857 3573 6857 3500 6857 3500 6858 3573 6858 3501 6858 3573 6859 3574 6859 3501 6859 3501 6860 3574 6860 3502 6860 3574 6861 3575 6861 3502 6861 3502 6862 3575 6862 3503 6862 3575 6863 3576 6863 3503 6863 3503 6864 3576 6864 3504 6864 3576 6865 3577 6865 3504 6865 3504 6866 3577 6866 3505 6866 3577 6867 3578 6867 3505 6867 3505 6868 3578 6868 3506 6868 3578 6869 3579 6869 3506 6869 3506 6870 3579 6870 3507 6870 3579 6871 3580 6871 3507 6871 3507 6872 3580 6872 3508 6872 3580 6873 3581 6873 3508 6873 3508 6874 3581 6874 3509 6874 3581 6875 3582 6875 3509 6875 3509 6876 3582 6876 3510 6876 3582 6877 3583 6877 3510 6877 3510 6878 3583 6878 3511 6878 3583 6879 3584 6879 3511 6879 3511 6880 3584 6880 3512 6880 3584 6881 3585 6881 3512 6881 3512 6882 3585 6882 3513 6882 3585 6883 3586 6883 3513 6883 3513 6884 3586 6884 3514 6884 3586 6885 3587 6885 3514 6885 3514 6886 3587 6886 3515 6886 3587 6887 3588 6887 3515 6887 3515 6888 3588 6888 3516 6888 3588 6889 3589 6889 3516 6889 3516 6890 3589 6890 3517 6890 3589 6891 3590 6891 3517 6891 3517 6892 3590 6892 3518 6892 3590 6893 3591 6893 3518 6893 3518 6894 3591 6894 3519 6894 3591 6895 3592 6895 3519 6895 3519 6896 3592 6896 3520 6896 3592 6897 3593 6897 3520 6897 3520 6898 3593 6898 3521 6898 3593 6899 3594 6899 3521 6899 3521 6900 3594 6900 3522 6900 3594 6901 3595 6901 3522 6901 3522 6902 3595 6902 3523 6902 3595 6903 3596 6903 3523 6903 3523 6904 3596 6904 3524 6904 3596 6905 3597 6905 3524 6905 3524 6906 3597 6906 3525 6906 3597 6907 3598 6907 3525 6907 3525 6908 3598 6908 3526 6908 3598 6909 3599 6909 3526 6909 3526 6910 3599 6910 3527 6910 3599 6911 3528 6911 3527 6911 3600 6912 3601 6912 3602 6912 3601 6913 3603 6913 3602 6913 3602 6914 3603 6914 3604 6914 3603 6915 3605 6915 3604 6915 3604 6916 3605 6916 3606 6916 3605 6917 3607 6917 3606 6917 3606 6918 3607 6918 3608 6918 3607 6919 3609 6919 3608 6919 3608 6920 3609 6920 3610 6920 3609 6921 3611 6921 3610 6921 3610 6922 3611 6922 3612 6922 3611 6923 3613 6923 3612 6923 3612 6924 3613 6924 3614 6924 3613 6925 3615 6925 3614 6925 3614 6926 3615 6926 3616 6926 3615 6927 3617 6927 3616 6927 3616 6928 3617 6928 3618 6928 3617 6928 3619 6928 3618 6928 3618 6929 3619 6929 3620 6929 3619 6930 3621 6930 3620 6930 3620 6931 3621 6931 3622 6931 3621 6932 3623 6932 3622 6932 3622 6933 3623 6933 3624 6933 3623 6934 3625 6934 3624 6934 3624 6935 3625 6935 3626 6935 3625 6936 3627 6936 3626 6936 3626 6937 3627 6937 3628 6937 3627 6938 3629 6938 3628 6938 3628 6939 3629 6939 3630 6939 3629 6940 3631 6940 3630 6940 3630 6941 3631 6941 3632 6941 3631 6942 3633 6942 3632 6942 3632 6943 3633 6943 3634 6943 3633 6943 3635 6943 3634 6943 3634 6944 3635 6944 3636 6944 3635 6945 3637 6945 3636 6945 3636 6946 3637 6946 3638 6946 3637 6947 3639 6947 3638 6947 3638 6948 3639 6948 3640 6948 3639 6949 3641 6949 3640 6949 3640 6950 3641 6950 3642 6950 3641 6951 3643 6951 3642 6951 3642 6952 3643 6952 3644 6952 3643 6953 3645 6953 3644 6953 3644 6954 3645 6954 3646 6954 3645 6955 3647 6955 3646 6955 3646 6956 3647 6956 3648 6956 3647 6957 3649 6957 3648 6957 3648 6958 3649 6958 3650 6958 3649 6959 3651 6959 3650 6959 3650 6960 3651 6960 3652 6960 3651 6961 3653 6961 3652 6961 3652 6962 3653 6962 3654 6962 3653 6963 3655 6963 3654 6963 3654 6964 3655 6964 3656 6964 3655 6964 3657 6964 3656 6964 3656 6965 3657 6965 3658 6965 3657 6966 3659 6966 3658 6966 3658 6967 3659 6967 3660 6967 3659 6968 3661 6968 3660 6968 3660 6969 3661 6969 3662 6969 3661 6970 3663 6970 3662 6970 3662 6971 3663 6971 3664 6971 3663 6972 3665 6972 3664 6972 3664 6973 3665 6973 3666 6973 3665 6974 3667 6974 3666 6974 3666 6975 3667 6975 3668 6975 3667 6976 3669 6976 3668 6976 3668 6977 3669 6977 3670 6977 3669 6978 3671 6978 3670 6978 3670 6979 3671 6979 3672 6979 3671 6980 3673 6980 3672 6980 3672 6981 3673 6981 3674 6981 3673 6982 3675 6982 3674 6982 3674 6983 3675 6983 3676 6983 3675 6984 3677 6984 3676 6984 3676 6985 3677 6985 3678 6985 3677 6986 3679 6986 3678 6986 3678 6987 3679 6987 3680 6987 3679 6988 3681 6988 3680 6988 3680 6989 3681 6989 3682 6989 3681 6990 3683 6990 3682 6990 3682 6991 3683 6991 3684 6991 3683 6992 3685 6992 3684 6992 3684 6993 3685 6993 3686 6993 3685 6994 3687 6994 3686 6994 3686 6995 3687 6995 3688 6995 3687 6996 3689 6996 3688 6996 3688 6997 3689 6997 3690 6997 3689 6997 3691 6997 3690 6997 3690 6998 3691 6998 3692 6998 3691 6999 3693 6999 3692 6999 3692 7000 3693 7000 3694 7000 3693 7001 3695 7001 3694 7001 3694 7002 3695 7002 3696 7002 3695 7003 3697 7003 3696 7003 3696 7004 3697 7004 3698 7004 3697 7005 3699 7005 3698 7005 3698 7006 3699 7006 3700 7006 3699 7007 3701 7007 3700 7007 3700 7008 3701 7008 3702 7008 3701 7009 3703 7009 3702 7009 3702 7010 3703 7010 3704 7010 3703 7011 3705 7011 3704 7011 3704 7012 3705 7012 3706 7012 3705 7012 3707 7012 3706 7012 3706 7013 3707 7013 3708 7013 3707 7014 3709 7014 3708 7014 3708 7015 3709 7015 3710 7015 3709 7016 3711 7016 3710 7016 3710 7017 3711 7017 3712 7017 3711 7018 3713 7018 3712 7018 3712 7019 3713 7019 3714 7019 3713 7020 3715 7020 3714 7020 3714 7021 3715 7021 3716 7021 3715 7022 3717 7022 3716 7022 3716 7023 3717 7023 3718 7023 3717 7024 3719 7024 3718 7024 3718 7025 3719 7025 3720 7025 3719 7026 3721 7026 3720 7026 3720 7027 3721 7027 3722 7027 3721 7028 3723 7028 3722 7028 3722 7029 3723 7029 3724 7029 3723 7030 3725 7030 3724 7030 3724 7031 3725 7031 3726 7031 3725 7032 3727 7032 3726 7032 3726 7033 3727 7033 3728 7033 3727 7033 3729 7033 3728 7033 3728 7034 3729 7034 3730 7034 3729 7035 3731 7035 3730 7035 3730 7036 3731 7036 3732 7036 3731 7037 3733 7037 3732 7037 3732 7038 3733 7038 3734 7038 3733 7039 3735 7039 3734 7039 3734 7040 3735 7040 3736 7040 3735 7041 3737 7041 3736 7041 3736 7042 3737 7042 3738 7042 3737 7043 3739 7043 3738 7043 3738 7044 3739 7044 3740 7044 3739 7045 3741 7045 3740 7045 3740 7046 3741 7046 3742 7046 3741 7047 3743 7047 3742 7047 3742 7048 3743 7048 3600 7048 3743 7049 3601 7049 3600 7049 3744 7050 3745 7050 3746 7050 3745 7051 3747 7051 3746 7051 3748 7052 3749 7052 3750 7052 3749 7053 3751 7053 3750 7053 3750 7054 3751 7054 3752 7054 3751 7055 3753 7055 3752 7055 3752 7056 3753 7056 3744 7056 3753 7057 3754 7057 3744 7057 3744 7058 3754 7058 3745 7058 3750 7059 3755 7059 3748 7059 3755 7060 3756 7060 3748 7060 3748 7061 3756 7061 3757 7061 3756 7062 3758 7062 3757 7062 3756 7063 3759 7063 3758 7063 3759 7064 3760 7064 3758 7064 3758 7065 3760 7065 3761 7065 3760 7066 3762 7066 3761 7066 3760 7067 3763 7067 3762 7067 3763 7068 3764 7068 3762 7068 3762 7069 3764 7069 3765 7069 3764 7070 3766 7070 3765 7070 3765 7071 3766 7071 3767 7071 3768 7072 3769 7072 3770 7072 3767 7073 3766 7073 3769 7073 3766 7074 3771 7074 3769 7074 3769 7075 3771 7075 3770 7075 3768 7076 3770 7076 3772 7076 3770 7077 3773 7077 3772 7077 3772 7078 3773 7078 3774 7078 3773 7079 3775 7079 3774 7079 3775 7080 3776 7080 3774 7080 3774 7081 3776 7081 3777 7081 3776 7082 3778 7082 3777 7082 3779 7083 3598 7083 3597 7083 3536 7084 3535 7084 3780 7084 3535 7084 3534 7084 3780 7084 3780 7084 3534 7084 3781 7084 3534 7085 3533 7085 3781 7085 3781 7086 3533 7086 3782 7086 3533 7084 3532 7084 3782 7084 3782 7084 3532 7084 3783 7084 3532 7084 3531 7084 3783 7084 3783 7087 3531 7087 3530 7087 3591 7084 3590 7084 3784 7084 3530 7088 3529 7088 3783 7088 3529 7089 3528 7089 3783 7089 3783 7090 3528 7090 3779 7090 3528 7091 3599 7091 3779 7091 3779 7092 3599 7092 3598 7092 3784 7084 3590 7084 3785 7084 3597 7084 3596 7084 3779 7084 3596 7084 3595 7084 3779 7084 3779 7084 3595 7084 3786 7084 3595 7084 3594 7084 3786 7084 3786 7084 3594 7084 3787 7084 3594 7093 3593 7093 3787 7093 3787 7084 3593 7084 3784 7084 3593 7084 3592 7084 3784 7084 3784 7094 3592 7094 3591 7094 3590 7084 3589 7084 3785 7084 3589 7084 3588 7084 3785 7084 3785 7084 3588 7084 3788 7084 3588 7095 3587 7095 3788 7095 3536 7084 3780 7084 3537 7084 3780 7084 3789 7084 3537 7084 3537 7084 3789 7084 3538 7084 3789 7084 3790 7084 3538 7084 3538 7095 3790 7095 3539 7095 3790 7084 3791 7084 3539 7084 3539 7084 3791 7084 3540 7084 3791 7084 3792 7084 3540 7084 3540 7084 3792 7084 3541 7084 3792 7084 3793 7084 3541 7084 3541 7084 3793 7084 3542 7084 3793 7084 3794 7084 3542 7084 3542 7084 3794 7084 3543 7084 3794 7096 3795 7096 3543 7096 3543 7097 3795 7097 3544 7097 3795 7098 3796 7098 3544 7098 3544 7084 3796 7084 3545 7084 3796 7084 3797 7084 3545 7084 3545 7084 3797 7084 3546 7084 3797 7084 3798 7084 3546 7084 3546 7084 3798 7084 3547 7084 3798 7099 3799 7099 3547 7099 3547 7100 3799 7100 3548 7100 3799 7101 3800 7101 3548 7101 3548 7084 3800 7084 3549 7084 3800 7102 3801 7102 3549 7102 3549 7103 3801 7103 3550 7103 3801 7104 3802 7104 3550 7104 3550 7105 3802 7105 3551 7105 3802 7106 3803 7106 3551 7106 3551 7107 3803 7107 3552 7107 3803 7084 3804 7084 3552 7084 3552 7084 3804 7084 3553 7084 3804 7108 3805 7108 3553 7108 3553 7084 3805 7084 3554 7084 3805 7084 3806 7084 3554 7084 3554 7084 3806 7084 3555 7084 3806 7084 3807 7084 3555 7084 3555 7084 3807 7084 3556 7084 3807 7109 3808 7109 3556 7109 3556 7084 3808 7084 3557 7084 3808 7084 3809 7084 3557 7084 3557 7084 3809 7084 3558 7084 3809 7110 3810 7110 3558 7110 3558 7084 3810 7084 3559 7084 3810 7084 3811 7084 3559 7084 3559 7084 3811 7084 3560 7084 3811 7084 3812 7084 3560 7084 3560 7084 3812 7084 3561 7084 3812 7111 3813 7111 3561 7111 3561 7084 3813 7084 3562 7084 3813 7112 3814 7112 3562 7112 3562 7084 3814 7084 3563 7084 3814 7113 3815 7113 3563 7113 3563 7084 3815 7084 3564 7084 3815 7114 3816 7114 3564 7114 3564 7115 3816 7115 3565 7115 3816 7084 3817 7084 3565 7084 3565 7116 3817 7116 3566 7116 3817 7084 3818 7084 3566 7084 3566 7084 3818 7084 3567 7084 3818 7084 3819 7084 3567 7084 3567 7117 3819 7117 3568 7117 3819 7084 3820 7084 3568 7084 3568 7084 3820 7084 3569 7084 3820 7084 3821 7084 3569 7084 3569 7084 3821 7084 3570 7084 3821 7084 3822 7084 3570 7084 3570 7118 3822 7118 3571 7118 3822 7119 3823 7119 3571 7119 3571 7084 3823 7084 3572 7084 3823 7084 3824 7084 3572 7084 3572 7084 3824 7084 3573 7084 3824 7084 3825 7084 3573 7084 3573 7120 3825 7120 3574 7120 3825 7084 3826 7084 3574 7084 3574 7084 3826 7084 3575 7084 3826 7084 3827 7084 3575 7084 3575 7084 3827 7084 3576 7084 3827 7084 3828 7084 3576 7084 3576 7084 3828 7084 3577 7084 3828 7084 3829 7084 3577 7084 3577 7121 3829 7121 3578 7121 3829 7084 3830 7084 3578 7084 3578 7084 3830 7084 3579 7084 3830 7084 3831 7084 3579 7084 3579 7122 3831 7122 3580 7122 3831 7084 3832 7084 3580 7084 3580 7084 3832 7084 3581 7084 3832 7084 3833 7084 3581 7084 3581 7084 3833 7084 3582 7084 3833 7084 3834 7084 3582 7084 3582 7084 3834 7084 3583 7084 3834 7084 3835 7084 3583 7084 3583 7123 3835 7123 3584 7123 3835 7084 3836 7084 3584 7084 3584 7084 3836 7084 3585 7084 3836 7084 3837 7084 3585 7084 3585 7084 3837 7084 3586 7084 3837 7084 3838 7084 3586 7084 3586 7084 3838 7084 3587 7084 3838 7084 3839 7084 3587 7084 3587 7124 3839 7124 3788 7124 3840 7125 3783 7125 3779 7125 3841 7126 3842 7126 3843 7126 3840 7127 3779 7127 3842 7127 3779 7128 3844 7128 3842 7128 3842 7129 3844 7129 3843 7129 3843 7130 3845 7130 3841 7130 3845 7131 3846 7131 3841 7131 3841 7132 3846 7132 3847 7132 3846 7133 3848 7133 3847 7133 3846 7134 3849 7134 3848 7134 3849 7135 3850 7135 3848 7135 3848 7136 3850 7136 3851 7136 3850 7137 3852 7137 3851 7137 3851 7138 3852 7138 3853 7138 3854 7139 3855 7139 3856 7139 3853 7128 3852 7128 3857 7128 3852 7140 3858 7140 3857 7140 3857 7141 3858 7141 3855 7141 3858 7142 3859 7142 3855 7142 3855 7143 3859 7143 3856 7143 3854 7144 3856 7144 3860 7144 3856 7145 3861 7145 3860 7145 3860 7146 3861 7146 3862 7146 3861 7147 3863 7147 3862 7147 3863 7148 3864 7148 3862 7148 3862 7149 3864 7149 3865 7149 3864 7150 3866 7150 3865 7150 3865 7151 3866 7151 3867 7151 3866 7152 3868 7152 3867 7152 3866 7153 3869 7153 3868 7153 3869 7154 3870 7154 3868 7154 3868 7155 3870 7155 3871 7155 3870 7156 3872 7156 3871 7156 3873 7157 3874 7157 3875 7157 3874 7157 3876 7157 3875 7157 3677 7158 3675 7158 3877 7158 3675 7159 3673 7159 3877 7159 3877 7160 3673 7160 3671 7160 3683 7161 3681 7161 3877 7161 3681 7160 3679 7160 3877 7160 3877 7162 3679 7162 3677 7162 3689 7160 3687 7160 3877 7160 3687 7160 3685 7160 3877 7160 3877 7163 3685 7163 3683 7163 3695 7164 3693 7164 3877 7164 3693 7160 3691 7160 3877 7160 3877 7165 3691 7165 3689 7165 3701 7166 3699 7166 3877 7166 3699 7160 3697 7160 3877 7160 3877 7167 3697 7167 3695 7167 3707 7160 3705 7160 3877 7160 3705 7160 3703 7160 3877 7160 3877 7168 3703 7168 3701 7168 3713 7160 3711 7160 3877 7160 3711 7169 3709 7169 3877 7169 3877 7170 3709 7170 3707 7170 3719 7160 3717 7160 3877 7160 3717 7160 3715 7160 3877 7160 3877 7171 3715 7171 3713 7171 3725 7172 3723 7172 3877 7172 3723 7173 3721 7173 3877 7173 3877 7174 3721 7174 3719 7174 3731 7160 3729 7160 3877 7160 3729 7160 3727 7160 3877 7160 3877 7175 3727 7175 3725 7175 3737 7160 3735 7160 3877 7160 3735 7160 3733 7160 3877 7160 3877 7176 3733 7176 3731 7176 3743 7177 3741 7177 3877 7177 3741 7161 3739 7161 3877 7161 3877 7160 3739 7160 3737 7160 3605 7178 3603 7178 3877 7178 3603 7160 3601 7160 3877 7160 3877 7160 3601 7160 3743 7160 3611 7179 3609 7179 3877 7179 3609 7160 3607 7160 3877 7160 3877 7180 3607 7180 3605 7180 3617 7160 3615 7160 3877 7160 3615 7160 3613 7160 3877 7160 3877 7181 3613 7181 3611 7181 3623 7182 3621 7182 3877 7182 3621 7160 3619 7160 3877 7160 3877 7183 3619 7183 3617 7183 3629 7184 3627 7184 3877 7184 3627 7160 3625 7160 3877 7160 3877 7185 3625 7185 3623 7185 3635 7160 3633 7160 3877 7160 3633 7160 3631 7160 3877 7160 3877 7186 3631 7186 3629 7186 3641 7160 3639 7160 3877 7160 3639 7187 3637 7187 3877 7187 3877 7188 3637 7188 3635 7188 3647 7160 3645 7160 3877 7160 3645 7160 3643 7160 3877 7160 3877 7189 3643 7189 3641 7189 3653 7190 3651 7190 3877 7190 3651 7191 3649 7191 3877 7191 3877 7192 3649 7192 3647 7192 3659 7160 3657 7160 3877 7160 3657 7160 3655 7160 3877 7160 3877 7193 3655 7193 3653 7193 3665 7160 3663 7160 3877 7160 3663 7160 3661 7160 3877 7160 3877 7194 3661 7194 3659 7194 3671 7195 3669 7195 3877 7195 3669 7179 3667 7179 3877 7179 3877 7160 3667 7160 3665 7160 3878 7084 3879 7084 3880 7084 3879 7084 3881 7084 3880 7084 3882 7157 1752 7157 3883 7157 1752 7196 1751 7196 3883 7196 3883 7157 1751 7157 3884 7157 1765 7157 3745 7157 1766 7157 3745 7197 1767 7197 1766 7197 1761 7157 1760 7157 3747 7157 1760 7157 1759 7157 3747 7157 3747 7157 1759 7157 3885 7157 1759 7157 1758 7157 3885 7157 3885 7157 1758 7157 3886 7157 1758 7198 1757 7198 3886 7198 3886 7157 1757 7157 3887 7157 1757 7157 1756 7157 3887 7157 1756 7157 1755 7157 3887 7157 1755 7157 1754 7157 3887 7157 3887 7157 1754 7157 3882 7157 1754 7157 1753 7157 3882 7157 3882 7199 1753 7199 1752 7199 1767 7157 3745 7157 1768 7157 3745 7157 3888 7157 1768 7157 1768 7200 3888 7200 1769 7200 3888 7201 3889 7201 1769 7201 1769 7157 3889 7157 1770 7157 3889 7157 3890 7157 1770 7157 1770 7157 3890 7157 1771 7157 1765 7202 1764 7202 3745 7202 1764 7203 1763 7203 3745 7203 3745 7157 1763 7157 3747 7157 1763 7203 1762 7203 3747 7203 3747 7204 1762 7204 1761 7204 3884 7157 1751 7157 3891 7157 1751 7157 1750 7157 3891 7157 3891 7157 1750 7157 3892 7157 1750 7157 1749 7157 3892 7157 3892 7157 1749 7157 3893 7157 1749 7157 1748 7157 3893 7157 3893 7157 1748 7157 3894 7157 1748 7205 1747 7205 3894 7205 3894 7157 1747 7157 3895 7157 1747 7157 1746 7157 3895 7157 3895 7157 1746 7157 3896 7157 1746 7157 1745 7157 3896 7157 3896 7157 1745 7157 3897 7157 1745 7157 1744 7157 3897 7157 3897 7157 1744 7157 3898 7157 1744 7206 1743 7206 3898 7206 3898 7157 1743 7157 3899 7157 1743 7157 1742 7157 3899 7157 3899 7157 1742 7157 3900 7157 1742 7207 1741 7207 3900 7207 3900 7157 1741 7157 3901 7157 1741 7157 1740 7157 3901 7157 3901 7157 1740 7157 3902 7157 1740 7157 1739 7157 3902 7157 3902 7208 1739 7208 3903 7208 1739 7157 1738 7157 3903 7157 3903 7157 1738 7157 3904 7157 1738 7209 1737 7209 3904 7209 3904 7157 1737 7157 3905 7157 1737 7157 1736 7157 3905 7157 3905 7157 1736 7157 3906 7157 1736 7157 1735 7157 3906 7157 3906 7210 1735 7210 3907 7210 1735 7211 1734 7211 3907 7211 3907 7212 1734 7212 3908 7212 1734 7157 1733 7157 3908 7157 3908 7157 1733 7157 3909 7157 1733 7213 1732 7213 3909 7213 3909 7157 1732 7157 3910 7157 1732 7157 1731 7157 3910 7157 3910 7214 1731 7214 3911 7214 1731 7157 1730 7157 3911 7157 3911 7215 1730 7215 3912 7215 1730 7157 1729 7157 3912 7157 3912 7157 1729 7157 3913 7157 1729 7216 1728 7216 3913 7216 3913 7157 1728 7157 3914 7157 1728 7217 1799 7217 3914 7217 3914 7157 1799 7157 3915 7157 1799 7218 1798 7218 3915 7218 3915 7219 1798 7219 3916 7219 1798 7220 1797 7220 3916 7220 3916 7221 1797 7221 3917 7221 1797 7157 1796 7157 3917 7157 3917 7157 1796 7157 3918 7157 1796 7157 1795 7157 3918 7157 3918 7157 1795 7157 3919 7157 1795 7222 1794 7222 3919 7222 3919 7157 1794 7157 3920 7157 1794 7157 1793 7157 3920 7157 3920 7157 1793 7157 3921 7157 1793 7223 1792 7223 3921 7223 3921 7157 1792 7157 3922 7157 1792 7157 1791 7157 3922 7157 3922 7157 1791 7157 3923 7157 1791 7157 1790 7157 3923 7157 3923 7157 1790 7157 3924 7157 1790 7157 1789 7157 3924 7157 3924 7224 1789 7224 3925 7224 1789 7157 1788 7157 3925 7157 3925 7157 1788 7157 3926 7157 1788 7225 1787 7225 3926 7225 3926 7226 1787 7226 3927 7226 1787 7227 1786 7227 3927 7227 3927 7228 1786 7228 3928 7228 1786 7229 1785 7229 3928 7229 3928 7230 1785 7230 3929 7230 1785 7157 1784 7157 3929 7157 3929 7231 1784 7231 3930 7231 1784 7232 1783 7232 3930 7232 3930 7233 1783 7233 3931 7233 1783 7157 1782 7157 3931 7157 3931 7157 1782 7157 3932 7157 1782 7157 1781 7157 3932 7157 3932 7157 1781 7157 3933 7157 1781 7157 1780 7157 3933 7157 3933 7234 1780 7234 3934 7234 1780 7235 1779 7235 3934 7235 3934 7236 1779 7236 3935 7236 1779 7157 1778 7157 3935 7157 3935 7157 1778 7157 3936 7157 1778 7157 1777 7157 3936 7157 3936 7157 1777 7157 3937 7157 1777 7157 1776 7157 3937 7157 3937 7237 1776 7237 3938 7237 1776 7157 1775 7157 3938 7157 3938 7157 1775 7157 3939 7157 1775 7157 1774 7157 3939 7157 3939 7157 1774 7157 3940 7157 1774 7157 1773 7157 3940 7157 3940 7157 1773 7157 3890 7157 1773 7157 1772 7157 3890 7157 3890 7238 1772 7238 1771 7238 3941 7239 3942 7239 3887 7239 3783 7240 3943 7240 3782 7240 3943 7241 3944 7241 3782 7241 3782 7242 3944 7242 3781 7242 3944 7243 3945 7243 3781 7243 3945 7244 3946 7244 3781 7244 3946 7245 3947 7245 3781 7245 3781 7246 3947 7246 3780 7246 3947 7247 3948 7247 3780 7247 3948 7248 3949 7248 3780 7248 3780 7249 3949 7249 3789 7249 3949 7250 3950 7250 3789 7250 3789 7251 3950 7251 3951 7251 3887 7252 3942 7252 3886 7252 3942 7253 3952 7253 3886 7253 3952 7254 3953 7254 3886 7254 3886 7255 3953 7255 3885 7255 3953 7256 3954 7256 3885 7256 3954 7257 3955 7257 3885 7257 3955 7258 3956 7258 3885 7258 3885 7259 3956 7259 3747 7259 3941 7260 3887 7260 3957 7260 3887 7261 3882 7261 3957 7261 3957 7262 3882 7262 3958 7262 3882 7263 3883 7263 3958 7263 3958 7264 3883 7264 3959 7264 3883 7265 3960 7265 3959 7265 3959 7266 3960 7266 3961 7266 3960 7267 3962 7267 3961 7267 3961 7268 3962 7268 3963 7268 3962 7269 3964 7269 3963 7269 3963 7270 3964 7270 3965 7270 3964 7271 3966 7271 3965 7271 3965 7272 3966 7272 3967 7272 3966 7273 3968 7273 3967 7273 3967 7274 3968 7274 3969 7274 3968 7275 3970 7275 3969 7275 3969 7276 3970 7276 3971 7276 3970 7277 3972 7277 3971 7277 3971 7278 3972 7278 3973 7278 3972 7279 3974 7279 3973 7279 3973 7280 3974 7280 3975 7280 3974 7281 3976 7281 3975 7281 3975 7282 3976 7282 3977 7282 3977 7283 3976 7283 3978 7283 3976 7284 3979 7284 3978 7284 3978 7285 3979 7285 3980 7285 3979 7286 3981 7286 3980 7286 3980 7287 3981 7287 3982 7287 3981 7288 3983 7288 3982 7288 3982 7289 3983 7289 3984 7289 3983 7290 3985 7290 3984 7290 3984 7291 3985 7291 3986 7291 3985 7292 3987 7292 3986 7292 3986 7293 3987 7293 3988 7293 3987 7294 3989 7294 3988 7294 3988 7295 3989 7295 3990 7295 3989 7296 3991 7296 3990 7296 3990 7297 3991 7297 3992 7297 3991 7298 3993 7298 3992 7298 3992 7299 3993 7299 3994 7299 3993 7300 3995 7300 3994 7300 3994 7301 3995 7301 3951 7301 3995 7302 3790 7302 3951 7302 3951 7303 3790 7303 3789 7303 3996 7304 3997 7304 3874 7304 3997 7305 3998 7305 3874 7305 3999 7306 4000 7306 3879 7306 4000 7305 4001 7305 3879 7305 4002 7307 4003 7307 4004 7307 4003 7305 4005 7305 4004 7305 4004 7308 4005 7308 4006 7308 4005 7309 4007 7309 4006 7309 4006 7310 4007 7310 4008 7310 4007 7305 4009 7305 4008 7305 4008 7305 4009 7305 4010 7305 4009 7305 4011 7305 4010 7305 4010 7311 4011 7311 4012 7311 4011 7305 4013 7305 4012 7305 4012 7305 4013 7305 4014 7305 4013 7305 4015 7305 4014 7305 4014 7305 4015 7305 4016 7305 4015 7305 4017 7305 4016 7305 4016 7305 4017 7305 4018 7305 4017 7305 4019 7305 4018 7305 4018 7312 4019 7312 4020 7312 4019 7313 4021 7313 4020 7313 4020 7305 4021 7305 4022 7305 4021 7314 4023 7314 4022 7314 4022 7305 4023 7305 4024 7305 4023 7315 4025 7315 4024 7315 4024 7305 4025 7305 4026 7305 4025 7316 3879 7316 4026 7316 4026 7317 3879 7317 4027 7317 3879 7318 4001 7318 4027 7318 4028 7317 4029 7317 3873 7317 4030 7319 4031 7319 4032 7319 4031 7305 4033 7305 4032 7305 4032 7319 4033 7319 4034 7319 4033 7305 4035 7305 4034 7305 4034 7320 4035 7320 4036 7320 4035 7321 4037 7321 4036 7321 4036 7322 4037 7322 4038 7322 4037 7305 4039 7305 4038 7305 4038 7305 4039 7305 4040 7305 4039 7305 4041 7305 4040 7305 4040 7323 4041 7323 4042 7323 4041 7305 4043 7305 4042 7305 4042 7305 4043 7305 4044 7305 4043 7305 4045 7305 4044 7305 4044 7305 4045 7305 4046 7305 4045 7305 4047 7305 4046 7305 4046 7305 4047 7305 4048 7305 4047 7305 4049 7305 4048 7305 4048 7324 4049 7324 4050 7324 4049 7325 4051 7325 4050 7325 4050 7305 4051 7305 4052 7305 4051 7326 4053 7326 4052 7326 4052 7305 4053 7305 4054 7305 4053 7327 4055 7327 4054 7327 4054 7305 4055 7305 4056 7305 4055 7328 3874 7328 4056 7328 4056 7329 3874 7329 4057 7329 3874 7330 3998 7330 4057 7330 3878 7331 4058 7331 4059 7331 4059 7332 4060 7332 3878 7332 4060 7333 4061 7333 3878 7333 3878 7334 4061 7334 4062 7334 4029 7335 4063 7335 3873 7335 4063 7336 4064 7336 3873 7336 3873 7337 4064 7337 4065 7337 4065 7338 4066 7338 3873 7338 4066 7305 4067 7305 3873 7305 3873 7305 4067 7305 3874 7305 4067 7305 4068 7305 3874 7305 3874 7339 4068 7339 3996 7339 4062 7340 4069 7340 3878 7340 4069 7305 4070 7305 3878 7305 3878 7305 4070 7305 3879 7305 4070 7305 4071 7305 3879 7305 3879 7341 4071 7341 3999 7341 4028 7342 3873 7342 4072 7342 3873 7305 4073 7305 4072 7305 4072 7343 4073 7343 4074 7343 4073 7344 4075 7344 4074 7344 4074 7345 4075 7345 4076 7345 4075 7305 4077 7305 4076 7305 4076 7305 4077 7305 4078 7305 4077 7305 4079 7305 4078 7305 4078 7305 4079 7305 4080 7305 4079 7346 4081 7346 4080 7346 4080 7305 4081 7305 4082 7305 4081 7305 4083 7305 4082 7305 4082 7305 4083 7305 4084 7305 4083 7305 4085 7305 4084 7305 4084 7305 4085 7305 4086 7305 4085 7305 4087 7305 4086 7305 4086 7347 4087 7347 4088 7347 4087 7348 4089 7348 4088 7348 4088 7305 4089 7305 4090 7305 4089 7305 4091 7305 4090 7305 4090 7305 4091 7305 4092 7305 4091 7349 4093 7349 4092 7349 4092 7305 4093 7305 4002 7305 4093 7350 4094 7350 4002 7350 4002 7305 4094 7305 4003 7305 4058 7351 3878 7351 4095 7351 3878 7305 4096 7305 4095 7305 4095 7352 4096 7352 4097 7352 4096 7353 4098 7353 4097 7353 4097 7354 4098 7354 4099 7354 4098 7305 4100 7305 4099 7305 4099 7305 4100 7305 4101 7305 4100 7305 4102 7305 4101 7305 4101 7305 4102 7305 4103 7305 4102 7355 4104 7355 4103 7355 4103 7305 4104 7305 4105 7305 4104 7305 4106 7305 4105 7305 4105 7305 4106 7305 4107 7305 4106 7305 4108 7305 4107 7305 4107 7305 4108 7305 4109 7305 4108 7305 4110 7305 4109 7305 4109 7356 4110 7356 4111 7356 4110 7357 4112 7357 4111 7357 4111 7305 4112 7305 4113 7305 4112 7305 4114 7305 4113 7305 4113 7305 4114 7305 4030 7305 4114 7358 4115 7358 4030 7358 4030 7305 4115 7305 4031 7305 3873 7359 3875 7359 4116 7359 3873 7360 4116 7360 4073 7360 4116 7361 4117 7361 4073 7361 4073 7362 4117 7362 4075 7362 4117 7363 4118 7363 4075 7363 4075 7364 4118 7364 4077 7364 4118 7365 4119 7365 4077 7365 4077 7366 4119 7366 4079 7366 4119 7367 4120 7367 4079 7367 4079 7368 4120 7368 4081 7368 4120 7369 4121 7369 4081 7369 4081 7369 4121 7369 4083 7369 4121 7370 4122 7370 4083 7370 4083 7371 4122 7371 4085 7371 4122 7372 4123 7372 4085 7372 4085 7373 4123 7373 4087 7373 4123 7374 4124 7374 4087 7374 4087 7375 4124 7375 4089 7375 4124 7376 4125 7376 4089 7376 4089 7377 4125 7377 4091 7377 4125 7378 4126 7378 4091 7378 4091 7379 4126 7379 4093 7379 4126 7380 4127 7380 4093 7380 4093 7381 4127 7381 4094 7381 4127 7382 4128 7382 4094 7382 4094 7382 4128 7382 4003 7382 4128 7383 4129 7383 4003 7383 4003 7384 4129 7384 4005 7384 4129 7385 4130 7385 4005 7385 4005 7386 4130 7386 4007 7386 4130 7387 4131 7387 4007 7387 4007 7388 4131 7388 4009 7388 4131 7389 4132 7389 4009 7389 4009 7390 4132 7390 4011 7390 4132 7391 4133 7391 4011 7391 4011 7392 4133 7392 4013 7392 4133 7393 4134 7393 4013 7393 4013 7394 4134 7394 4015 7394 4134 7395 4135 7395 4015 7395 4015 7395 4135 7395 4017 7395 4135 7396 4136 7396 4017 7396 4017 7397 4136 7397 4019 7397 4136 7398 4137 7398 4019 7398 4019 7399 4137 7399 4021 7399 4137 7400 4138 7400 4021 7400 4021 7401 4138 7401 4023 7401 4138 7402 4139 7402 4023 7402 4023 7403 4139 7403 4025 7403 4139 7404 3881 7404 4025 7404 4025 7405 3881 7405 3879 7405 3698 7406 3700 7406 3876 7406 3700 7160 3702 7160 3876 7160 3876 7407 3702 7407 3704 7407 3704 7408 3706 7408 3876 7408 3706 7160 3708 7160 3876 7160 3876 7160 3708 7160 3875 7160 3708 7160 3710 7160 3875 7160 3710 7409 3712 7409 3875 7409 3712 7160 3714 7160 3875 7160 3875 7410 3714 7410 3716 7410 3672 7411 3674 7411 4140 7411 3632 7409 3634 7409 3881 7409 3716 7160 3718 7160 3875 7160 3718 7160 3720 7160 3875 7160 3875 7412 3720 7412 4116 7412 3720 7160 3722 7160 4116 7160 4116 7413 3722 7413 4117 7413 3722 7160 3724 7160 4117 7160 4117 7160 3724 7160 4118 7160 3724 7160 3726 7160 4118 7160 4118 7160 3726 7160 4119 7160 3726 7160 3728 7160 4119 7160 4119 7160 3728 7160 4120 7160 3728 7414 3730 7414 4120 7414 4120 7415 3730 7415 4121 7415 3730 7416 3732 7416 4121 7416 4121 7417 3732 7417 4122 7417 3732 7160 3734 7160 4122 7160 4122 7418 3734 7418 4123 7418 3734 7160 3736 7160 4123 7160 4123 7160 3736 7160 4124 7160 3736 7160 3738 7160 4124 7160 4124 7419 3738 7419 4125 7419 3738 7160 3740 7160 4125 7160 4125 7420 3740 7420 4126 7420 3740 7160 3742 7160 4126 7160 4126 7421 3742 7421 4127 7421 3742 7422 3600 7422 4127 7422 4127 7160 3600 7160 4128 7160 3600 7423 3602 7423 4128 7423 4128 7160 3602 7160 4129 7160 4140 7160 3674 7160 4141 7160 3674 7160 3676 7160 4141 7160 4141 7160 3676 7160 4142 7160 3676 7160 3678 7160 4142 7160 4142 7160 3678 7160 4143 7160 3678 7424 3680 7424 4143 7424 4143 7425 3680 7425 4144 7425 3680 7426 3682 7426 4144 7426 4144 7427 3682 7427 4145 7427 3682 7428 3684 7428 4145 7428 4145 7160 3684 7160 4146 7160 3684 7429 3686 7429 4146 7429 4146 7160 3686 7160 4147 7160 3686 7160 3688 7160 4147 7160 4147 7160 3688 7160 4148 7160 3688 7160 3690 7160 4148 7160 4148 7160 3690 7160 4149 7160 3690 7160 3692 7160 4149 7160 4149 7160 3692 7160 4150 7160 3692 7160 3694 7160 4150 7160 4150 7430 3694 7430 3876 7430 3694 7431 3696 7431 3876 7431 3876 7432 3696 7432 3698 7432 3881 7160 3634 7160 3880 7160 3634 7160 3636 7160 3880 7160 3880 7433 3636 7433 3638 7433 3638 7408 3640 7408 3880 7408 3640 7160 3642 7160 3880 7160 3880 7434 3642 7434 3644 7434 3626 7435 3628 7435 3881 7435 3628 7160 3630 7160 3881 7160 3881 7436 3630 7436 3632 7436 4140 7437 4151 7437 3672 7437 4151 7160 4152 7160 3672 7160 3672 7438 4152 7438 3670 7438 4152 7160 4153 7160 3670 7160 3670 7439 4153 7439 3668 7439 4153 7160 4154 7160 3668 7160 3668 7160 4154 7160 3666 7160 4154 7160 4155 7160 3666 7160 3666 7160 4155 7160 3664 7160 4155 7160 4156 7160 3664 7160 3664 7440 4156 7440 3662 7440 4156 7160 4157 7160 3662 7160 3662 7160 4157 7160 3660 7160 4157 7441 4158 7441 3660 7441 3660 7442 4158 7442 3658 7442 4158 7443 4159 7443 3658 7443 3658 7160 4159 7160 3656 7160 4159 7160 4160 7160 3656 7160 3656 7160 4160 7160 3654 7160 4160 7160 4161 7160 3654 7160 3654 7160 4161 7160 3652 7160 4161 7160 4162 7160 3652 7160 3652 7160 4162 7160 3650 7160 4162 7160 4163 7160 3650 7160 3650 7444 4163 7444 3648 7444 4163 7160 3880 7160 3648 7160 3648 7160 3880 7160 3646 7160 3880 7445 3644 7445 3646 7445 4129 7160 3602 7160 4130 7160 3602 7160 3604 7160 4130 7160 4130 7160 3604 7160 4131 7160 3604 7160 3606 7160 4131 7160 4131 7160 3606 7160 4132 7160 3606 7446 3608 7446 4132 7446 4132 7447 3608 7447 4133 7447 3608 7448 3610 7448 4133 7448 4133 7449 3610 7449 4134 7449 3610 7450 3612 7450 4134 7450 4134 7160 3612 7160 4135 7160 3612 7451 3614 7451 4135 7451 4135 7160 3614 7160 4136 7160 3614 7160 3616 7160 4136 7160 4136 7160 3616 7160 4137 7160 3616 7160 3618 7160 4137 7160 4137 7160 3618 7160 4138 7160 3618 7160 3620 7160 4138 7160 4138 7160 3620 7160 4139 7160 3620 7160 3622 7160 4139 7160 4139 7452 3622 7452 3881 7452 3622 7453 3624 7453 3881 7453 3881 7454 3624 7454 3626 7454 3878 7455 3880 7455 4163 7455 3878 7456 4163 7456 4096 7456 4163 7457 4162 7457 4096 7457 4096 7458 4162 7458 4098 7458 4162 7459 4161 7459 4098 7459 4098 7460 4161 7460 4100 7460 4161 7461 4160 7461 4100 7461 4100 7462 4160 7462 4102 7462 4160 7463 4159 7463 4102 7463 4102 7464 4159 7464 4104 7464 4159 7465 4158 7465 4104 7465 4104 7465 4158 7465 4106 7465 4158 7466 4157 7466 4106 7466 4106 7467 4157 7467 4108 7467 4157 7468 4156 7468 4108 7468 4108 7469 4156 7469 4110 7469 4156 7470 4155 7470 4110 7470 4110 7471 4155 7471 4112 7471 4155 7472 4154 7472 4112 7472 4112 7473 4154 7473 4114 7473 4154 7474 4153 7474 4114 7474 4114 7475 4153 7475 4115 7475 4153 7476 4152 7476 4115 7476 4115 7477 4152 7477 4031 7477 4152 7478 4151 7478 4031 7478 4031 7478 4151 7478 4033 7478 4151 7479 4140 7479 4033 7479 4033 7480 4140 7480 4035 7480 4140 7481 4141 7481 4035 7481 4035 7482 4141 7482 4037 7482 4141 7483 4142 7483 4037 7483 4037 7484 4142 7484 4039 7484 4142 7485 4143 7485 4039 7485 4039 7486 4143 7486 4041 7486 4143 7487 4144 7487 4041 7487 4041 7488 4144 7488 4043 7488 4144 7489 4145 7489 4043 7489 4043 7490 4145 7490 4045 7490 4145 7491 4146 7491 4045 7491 4045 7491 4146 7491 4047 7491 4146 7492 4147 7492 4047 7492 4047 7493 4147 7493 4049 7493 4147 7494 4148 7494 4049 7494 4049 7495 4148 7495 4051 7495 4148 7496 4149 7496 4051 7496 4051 7497 4149 7497 4053 7497 4149 7498 4150 7498 4053 7498 4053 7499 4150 7499 4055 7499 4150 7500 3876 7500 4055 7500 4055 7501 3876 7501 3874 7501 4052 7502 4054 7502 3752 7502 3747 7503 4050 7503 3746 7503 4050 7504 4052 7504 3746 7504 3746 7505 4052 7505 3744 7505 4052 7506 3752 7506 3744 7506 4056 7507 4057 7507 3759 7507 3759 7508 3756 7508 4056 7508 3756 7509 3755 7509 4056 7509 4056 7510 3755 7510 4054 7510 3755 7511 3750 7511 4054 7511 4054 7512 3750 7512 3752 7512 3998 7513 3997 7513 3766 7513 3766 7514 3764 7514 3998 7514 3764 7515 3763 7515 3998 7515 3998 7516 3763 7516 4057 7516 3763 7517 3760 7517 4057 7517 4057 7518 3760 7518 3759 7518 3996 7519 4068 7519 3775 7519 3775 7520 3773 7520 3996 7520 3773 7521 3770 7521 3996 7521 3996 7522 3770 7522 3997 7522 3770 7523 3771 7523 3997 7523 3997 7524 3771 7524 3766 7524 4066 7525 3777 7525 4067 7525 3777 7526 3778 7526 4067 7526 4067 7527 3778 7527 4068 7527 3778 7528 3776 7528 4068 7528 4068 7529 3776 7529 3775 7529 4065 7530 3772 7530 4066 7530 3772 7531 3774 7531 4066 7531 4066 7532 3774 7532 3777 7532 4064 7533 3769 7533 4065 7533 3769 7534 3768 7534 4065 7534 4065 7535 3768 7535 3772 7535 4063 7536 3765 7536 4064 7536 3765 7537 3767 7537 4064 7537 4064 7538 3767 7538 3769 7538 4029 7539 3761 7539 4063 7539 3761 7540 3762 7540 4063 7540 4063 7541 3762 7541 3765 7541 4028 7542 3757 7542 4029 7542 3757 7543 3758 7543 4029 7543 4029 7544 3758 7544 3761 7544 4072 7545 3749 7545 4028 7545 3749 7546 3748 7546 4028 7546 4028 7547 3748 7547 3757 7547 4074 7548 3753 7548 4072 7548 3753 7549 3751 7549 4072 7549 4072 7550 3751 7550 3749 7550 4076 7551 3745 7551 4074 7551 3745 7552 3754 7552 4074 7552 4074 7553 3754 7553 3753 7553 4022 7554 4024 7554 3845 7554 3779 7555 4020 7555 3844 7555 4020 7556 4022 7556 3844 7556 3844 7557 4022 7557 3843 7557 4022 7558 3845 7558 3843 7558 4026 7559 4027 7559 3852 7559 3852 7560 3850 7560 4026 7560 3850 7561 3849 7561 4026 7561 4026 7562 3849 7562 4024 7562 3849 7563 3846 7563 4024 7563 4024 7564 3846 7564 3845 7564 4001 7565 4000 7565 3861 7565 3861 7566 3856 7566 4001 7566 3856 7567 3859 7567 4001 7567 4001 7568 3859 7568 4027 7568 3859 7569 3858 7569 4027 7569 4027 7570 3858 7570 3852 7570 3999 7571 4071 7571 3869 7571 3869 7572 3866 7572 3999 7572 3866 7573 3864 7573 3999 7573 3999 7574 3864 7574 4000 7574 3864 7575 3863 7575 4000 7575 4000 7576 3863 7576 3861 7576 4069 7577 3871 7577 4070 7577 3871 7578 3872 7578 4070 7578 4070 7579 3872 7579 4071 7579 3872 7580 3870 7580 4071 7580 4071 7581 3870 7581 3869 7581 4062 7582 3867 7582 4069 7582 3867 7583 3868 7583 4069 7583 4069 7584 3868 7584 3871 7584 4061 7585 3862 7585 4062 7585 3862 7586 3865 7586 4062 7586 4062 7587 3865 7587 3867 7587 4060 7588 3854 7588 4061 7588 3854 7589 3860 7589 4061 7589 4061 7590 3860 7590 3862 7590 4059 7591 3857 7591 4060 7591 3857 7592 3855 7592 4060 7592 4060 7593 3855 7593 3854 7593 4058 7594 3851 7594 4059 7594 3851 7595 3853 7595 4059 7595 4059 7596 3853 7596 3857 7596 4095 7597 3847 7597 4058 7597 3847 7598 3848 7598 4058 7598 4058 7599 3848 7599 3851 7599 4097 7600 3842 7600 4095 7600 3842 7601 3841 7601 4095 7601 4095 7602 3841 7602 3847 7602 4099 7603 3783 7603 4097 7603 3783 7604 3840 7604 4097 7604 4097 7605 3840 7605 3842 7605 3975 7606 4032 7606 4034 7606 4036 7607 3971 7607 4034 7607 3971 7608 3973 7608 4034 7608 4034 7609 3973 7609 3975 7609 4038 7610 3967 7610 4036 7610 3967 7611 3969 7611 4036 7611 4036 7612 3969 7612 3971 7612 4040 7613 3963 7613 4038 7613 3963 7614 3965 7614 4038 7614 4038 7615 3965 7615 3967 7615 4042 7616 3959 7616 4040 7616 3959 7617 3961 7617 4040 7617 4040 7618 3961 7618 3963 7618 4044 7619 3957 7619 4042 7619 3957 7620 3958 7620 4042 7620 4042 7621 3958 7621 3959 7621 4046 7622 3942 7622 4044 7622 3942 7623 3941 7623 4044 7623 4044 7624 3941 7624 3957 7624 4048 7625 3953 7625 4046 7625 3953 7626 3952 7626 4046 7626 4046 7627 3952 7627 3942 7627 3747 7628 3956 7628 4050 7628 3956 7629 3955 7629 4050 7629 4050 7630 3955 7630 4048 7630 3955 7631 3954 7631 4048 7631 4048 7632 3954 7632 3953 7632 4078 7633 4164 7633 4076 7633 4164 7634 4165 7634 4076 7634 4076 7635 4165 7635 3745 7635 4080 7636 4166 7636 4078 7636 4166 7637 4167 7637 4078 7637 4078 7638 4167 7638 4164 7638 4082 7639 4168 7639 4080 7639 4168 7640 4169 7640 4080 7640 4080 7641 4169 7641 4166 7641 4084 7642 4170 7642 4082 7642 4170 7643 4171 7643 4082 7643 4082 7644 4171 7644 4168 7644 4086 7645 4172 7645 4084 7645 4172 7646 4173 7646 4084 7646 4084 7647 4173 7647 4170 7647 4088 7648 4174 7648 4086 7648 4174 7649 4175 7649 4086 7649 4086 7650 4175 7650 4172 7650 4090 7651 4176 7651 4088 7651 4176 7652 4177 7652 4088 7652 4088 7653 4177 7653 4174 7653 4092 7654 4178 7654 4090 7654 4178 7655 4179 7655 4090 7655 4090 7656 4179 7656 4176 7656 4002 7657 4180 7657 4092 7657 4180 7658 4181 7658 4092 7658 4092 7659 4181 7659 4178 7659 4004 7660 4182 7660 4002 7660 4182 7661 4183 7661 4002 7661 4002 7662 4183 7662 4180 7662 4006 7663 4184 7663 4004 7663 4184 7664 4185 7664 4004 7664 4004 7665 4185 7665 4182 7665 4008 7666 4186 7666 4006 7666 4186 7667 4187 7667 4006 7667 4006 7668 4187 7668 4184 7668 4010 7669 4188 7669 4008 7669 4188 7670 4189 7670 4008 7670 4008 7671 4189 7671 4186 7671 4012 7672 4190 7672 4010 7672 4190 7673 4191 7673 4010 7673 4010 7674 4191 7674 4188 7674 4014 7675 4192 7675 4012 7675 4192 7676 4193 7676 4012 7676 4012 7677 4193 7677 4190 7677 4016 7678 4194 7678 4014 7678 4194 7679 4195 7679 4014 7679 4014 7680 4195 7680 4192 7680 4018 7681 4196 7681 4016 7681 4196 7682 4197 7682 4016 7682 4016 7683 4197 7683 4194 7683 3779 7684 4198 7684 4020 7684 4198 7685 4199 7685 4020 7685 4020 7686 4199 7686 4018 7686 4199 7687 4200 7687 4018 7687 4018 7688 4200 7688 4196 7688 4101 7689 3944 7689 4099 7689 3944 7690 3943 7690 4099 7690 4099 7691 3943 7691 3783 7691 4103 7692 3946 7692 4101 7692 3946 7693 3945 7693 4101 7693 4101 7694 3945 7694 3944 7694 4105 7695 3948 7695 4103 7695 3948 7696 3947 7696 4103 7696 4103 7697 3947 7697 3946 7697 4107 7698 3950 7698 4105 7698 3950 7699 3949 7699 4105 7699 4105 7700 3949 7700 3948 7700 4109 7701 3994 7701 4107 7701 3994 7702 3951 7702 4107 7702 4107 7703 3951 7703 3950 7703 4111 7704 3990 7704 4109 7704 3990 7705 3992 7705 4109 7705 4109 7706 3992 7706 3994 7706 4113 7707 3986 7707 4111 7707 3986 7708 3988 7708 4111 7708 4111 7709 3988 7709 3990 7709 4030 7710 3982 7710 4113 7710 3982 7711 3984 7711 4113 7711 4113 7712 3984 7712 3986 7712 3975 7713 3977 7713 4032 7713 3977 7714 3978 7714 4032 7714 4032 7715 3978 7715 4030 7715 3978 7716 3980 7716 4030 7716 4030 7717 3980 7717 3982 7717 4195 7718 4194 7718 3784 7718 3745 7719 4165 7719 3888 7719 4165 7720 4164 7720 3888 7720 3888 7721 4164 7721 3889 7721 4164 7722 4167 7722 3889 7722 4167 7723 4166 7723 3889 7723 4166 7724 4169 7724 3889 7724 3889 7725 4169 7725 3890 7725 4169 7726 4168 7726 3890 7726 4168 7727 4171 7727 3890 7727 3890 7728 4171 7728 3940 7728 4171 7729 4170 7729 3940 7729 3940 7730 4170 7730 4173 7730 3784 7731 4194 7731 3787 7731 4194 7732 4197 7732 3787 7732 4197 7733 4196 7733 3787 7733 3787 7734 4196 7734 3786 7734 4196 7735 4200 7735 3786 7735 4200 7736 4199 7736 3786 7736 4199 7737 4198 7737 3786 7737 3786 7738 4198 7738 3779 7738 4195 7739 3784 7739 4192 7739 3784 7740 3785 7740 4192 7740 4192 7741 3785 7741 4193 7741 3785 7742 3788 7742 4193 7742 4193 7743 3788 7743 4190 7743 3788 7744 4201 7744 4190 7744 4190 7745 4201 7745 4191 7745 4201 7746 4202 7746 4191 7746 4191 7747 4202 7747 4188 7747 4202 7748 4203 7748 4188 7748 4188 7749 4203 7749 4189 7749 4203 7750 4204 7750 4189 7750 4189 7751 4204 7751 4186 7751 4204 7752 4205 7752 4186 7752 4186 7753 4205 7753 4187 7753 4205 7754 4206 7754 4187 7754 4187 7755 4206 7755 4184 7755 4206 7756 4207 7756 4184 7756 4184 7757 4207 7757 4185 7757 4207 7758 4208 7758 4185 7758 4185 7759 4208 7759 4182 7759 4208 7760 4209 7760 4182 7760 4182 7761 4209 7761 4183 7761 4209 7762 4210 7762 4183 7762 4183 7763 4210 7763 4180 7763 4180 7764 4210 7764 4181 7764 4210 7765 4211 7765 4181 7765 4181 7766 4211 7766 4178 7766 4211 7767 4212 7767 4178 7767 4178 7768 4212 7768 4179 7768 4212 7769 4213 7769 4179 7769 4179 7770 4213 7770 4176 7770 4213 7771 4214 7771 4176 7771 4176 7772 4214 7772 4177 7772 4214 7773 4215 7773 4177 7773 4177 7774 4215 7774 4174 7774 4215 7775 4216 7775 4174 7775 4174 7776 4216 7776 4175 7776 4216 7777 4217 7777 4175 7777 4175 7778 4217 7778 4172 7778 4217 7779 4218 7779 4172 7779 4172 7780 4218 7780 4173 7780 4218 7781 3939 7781 4173 7781 4173 7782 3939 7782 3940 7782 4209 7783 4208 7783 4219 7783 4207 7784 4206 7784 4220 7784 4205 7785 4204 7785 4221 7785 4203 7786 4202 7786 4222 7786 4201 7787 3788 7787 3839 7787 3976 7788 3974 7788 4223 7788 3972 7789 3970 7789 4224 7789 3968 7790 3966 7790 4225 7790 3964 7791 3962 7791 4226 7791 3960 7792 3883 7792 3884 7792 3960 7793 3884 7793 3962 7793 3964 7794 4226 7794 3966 7794 3968 7795 4225 7795 3970 7795 3972 7796 4224 7796 3974 7796 3983 7797 3981 7797 4227 7797 3981 7798 3979 7798 4227 7798 3976 7799 4223 7799 3979 7799 3987 7800 3985 7800 4228 7800 3985 7801 3983 7801 4228 7801 3991 7802 3989 7802 4229 7802 3989 7803 3987 7803 4229 7803 3995 7804 3993 7804 4230 7804 3993 7805 3991 7805 4230 7805 3791 7806 3790 7806 3995 7806 4231 7807 4211 7807 4210 7807 4232 7808 4213 7808 4212 7808 4233 7809 4215 7809 4214 7809 4234 7810 4217 7810 4216 7810 3938 7811 3939 7811 4218 7811 3995 7812 4230 7812 3791 7812 4230 7813 4235 7813 3791 7813 3791 7814 4235 7814 3792 7814 4235 7815 4236 7815 3792 7815 3792 7816 4236 7816 3793 7816 4236 7817 4237 7817 3793 7817 3793 7818 4237 7818 3794 7818 4237 7819 4238 7819 3794 7819 3794 7820 4238 7820 3795 7820 4238 7821 4239 7821 3795 7821 3795 7822 4239 7822 3796 7822 4239 7823 4240 7823 3796 7823 3796 7824 4240 7824 3797 7824 4240 7825 4241 7825 3797 7825 3797 7826 4241 7826 3798 7826 4241 7827 4242 7827 3798 7827 3798 7828 4242 7828 3799 7828 4242 7829 4243 7829 3799 7829 3799 7830 4243 7830 3800 7830 4243 7831 4244 7831 3800 7831 3800 7832 4244 7832 3801 7832 4244 7833 4245 7833 3801 7833 3801 7834 4245 7834 3802 7834 4245 7835 4246 7835 3802 7835 3802 7836 4246 7836 3803 7836 4246 7837 4247 7837 3803 7837 3803 7838 4247 7838 3804 7838 4247 7839 4248 7839 3804 7839 3804 7840 4248 7840 3805 7840 4248 7841 4249 7841 3805 7841 3805 7842 4249 7842 3806 7842 4249 7843 4250 7843 3806 7843 3806 7844 4250 7844 3807 7844 4250 7845 4251 7845 3807 7845 3807 7846 4251 7846 3808 7846 4251 7847 4252 7847 3808 7847 3808 7848 4252 7848 3809 7848 4252 7849 4253 7849 3809 7849 3809 7850 4253 7850 3810 7850 4253 7851 4254 7851 3810 7851 3810 7852 4254 7852 3811 7852 4254 7853 4255 7853 3811 7853 3811 7854 4255 7854 3812 7854 4255 7855 4256 7855 3812 7855 3812 7856 4256 7856 3813 7856 4256 7857 4257 7857 3813 7857 3813 7858 4257 7858 3814 7858 4257 7859 4258 7859 3814 7859 3814 7860 4258 7860 3815 7860 4258 7861 4259 7861 3815 7861 3815 7862 4259 7862 3816 7862 4259 7863 4260 7863 3816 7863 3816 7864 4260 7864 3817 7864 4260 7865 4261 7865 3817 7865 3817 7866 4261 7866 3818 7866 4261 7867 4262 7867 3818 7867 3818 7868 4262 7868 3819 7868 4262 7869 4263 7869 3819 7869 3819 7870 4263 7870 3820 7870 4263 7871 4264 7871 3820 7871 3820 7872 4264 7872 3821 7872 4264 7873 4265 7873 3821 7873 3821 7874 4265 7874 3822 7874 4265 7875 4266 7875 3822 7875 3822 7876 4266 7876 3823 7876 4266 7877 4267 7877 3823 7877 3823 7878 4267 7878 3824 7878 4267 7879 4268 7879 3824 7879 3824 7880 4268 7880 3825 7880 4268 7881 4269 7881 3825 7881 3825 7882 4269 7882 3826 7882 4269 7883 4270 7883 3826 7883 3826 7884 4270 7884 3827 7884 4270 7885 4271 7885 3827 7885 3827 7886 4271 7886 3828 7886 4271 7887 4272 7887 3828 7887 3828 7888 4272 7888 3829 7888 4272 7889 4273 7889 3829 7889 3829 7890 4273 7890 3830 7890 4273 7891 4274 7891 3830 7891 3830 7892 4274 7892 3831 7892 4274 7893 4275 7893 3831 7893 3831 7894 4275 7894 3832 7894 4275 7895 4276 7895 3832 7895 3832 7896 4276 7896 3833 7896 4276 7897 4277 7897 3833 7897 3833 7898 4277 7898 3834 7898 4277 7899 4278 7899 3834 7899 3834 7900 4278 7900 3835 7900 4278 7901 4279 7901 3835 7901 3835 7902 4279 7902 3836 7902 4279 7903 4280 7903 3836 7903 3836 7904 4280 7904 3837 7904 4280 7905 4281 7905 3837 7905 3837 7906 4281 7906 3838 7906 4281 7907 4222 7907 3838 7907 3838 7908 4222 7908 3839 7908 4222 7909 4202 7909 3839 7909 3839 7910 4202 7910 4201 7910 3991 7911 4229 7911 4230 7911 4229 7912 4282 7912 4230 7912 4230 7913 4282 7913 4235 7913 4282 7914 4283 7914 4235 7914 4235 7915 4283 7915 4236 7915 4283 7916 4284 7916 4236 7916 4236 7917 4284 7917 4237 7917 4284 7918 4285 7918 4237 7918 4237 7919 4285 7919 4238 7919 4285 7920 4286 7920 4238 7920 4238 7921 4286 7921 4239 7921 4286 7922 4287 7922 4239 7922 4239 7923 4287 7923 4240 7923 4287 7924 4288 7924 4240 7924 4240 7925 4288 7925 4241 7925 4288 7926 4289 7926 4241 7926 4241 7927 4289 7927 4242 7927 4289 7928 4290 7928 4242 7928 4242 7929 4290 7929 4243 7929 4290 7930 4291 7930 4243 7930 4243 7931 4291 7931 4244 7931 4291 7932 4292 7932 4244 7932 4244 7933 4292 7933 4245 7933 4292 7934 4293 7934 4245 7934 4245 7935 4293 7935 4246 7935 4293 7936 4294 7936 4246 7936 4246 7937 4294 7937 4247 7937 4294 7938 4295 7938 4247 7938 4247 7939 4295 7939 4248 7939 4295 7940 4296 7940 4248 7940 4248 7941 4296 7941 4249 7941 4296 7942 4297 7942 4249 7942 4249 7943 4297 7943 4250 7943 4297 7944 4298 7944 4250 7944 4250 7945 4298 7945 4251 7945 4298 7946 4299 7946 4251 7946 4251 7947 4299 7947 4252 7947 4299 7948 4300 7948 4252 7948 4252 7949 4300 7949 4253 7949 4300 7950 4301 7950 4253 7950 4253 7951 4301 7951 4254 7951 4301 7952 4302 7952 4254 7952 4254 7953 4302 7953 4255 7953 4302 7954 4303 7954 4255 7954 4255 7955 4303 7955 4256 7955 4303 7956 4304 7956 4256 7956 4256 7957 4304 7957 4257 7957 4304 7958 4305 7958 4257 7958 4257 7959 4305 7959 4258 7959 4305 7960 4306 7960 4258 7960 4258 7961 4306 7961 4259 7961 4306 7962 4307 7962 4259 7962 4259 7963 4307 7963 4260 7963 4307 7964 4308 7964 4260 7964 4260 7965 4308 7965 4261 7965 4308 7966 4309 7966 4261 7966 4261 7967 4309 7967 4262 7967 4309 7968 4310 7968 4262 7968 4262 7969 4310 7969 4263 7969 4310 7970 4311 7970 4263 7970 4263 7971 4311 7971 4264 7971 4311 7972 4312 7972 4264 7972 4264 7973 4312 7973 4265 7973 4312 7974 4313 7974 4265 7974 4265 7975 4313 7975 4266 7975 4313 7976 4314 7976 4266 7976 4266 7977 4314 7977 4267 7977 4314 7978 4315 7978 4267 7978 4267 7979 4315 7979 4268 7979 4315 7980 4316 7980 4268 7980 4268 7981 4316 7981 4269 7981 4316 7982 4317 7982 4269 7982 4269 7983 4317 7983 4270 7983 4317 7984 4318 7984 4270 7984 4270 7985 4318 7985 4271 7985 4318 7986 4319 7986 4271 7986 4271 7987 4319 7987 4272 7987 4319 7988 4320 7988 4272 7988 4272 7989 4320 7989 4273 7989 4320 7990 4321 7990 4273 7990 4273 7991 4321 7991 4274 7991 4321 7992 4322 7992 4274 7992 4274 7993 4322 7993 4275 7993 4322 7994 4323 7994 4275 7994 4275 7995 4323 7995 4276 7995 4323 7996 4324 7996 4276 7996 4276 7997 4324 7997 4277 7997 4324 7998 4325 7998 4277 7998 4277 7999 4325 7999 4278 7999 4325 8000 4326 8000 4278 8000 4278 8001 4326 8001 4279 8001 4326 8002 4327 8002 4279 8002 4279 8003 4327 8003 4280 8003 4327 8004 4328 8004 4280 8004 4280 8005 4328 8005 4281 8005 4328 8006 4221 8006 4281 8006 4281 8007 4221 8007 4222 8007 4221 8008 4204 8008 4222 8008 4222 8009 4204 8009 4203 8009 3987 8010 4228 8010 4229 8010 4228 8011 4329 8011 4229 8011 4229 8012 4329 8012 4282 8012 4329 8013 4330 8013 4282 8013 4282 8014 4330 8014 4283 8014 4330 8015 4331 8015 4283 8015 4283 8016 4331 8016 4284 8016 4331 8017 4332 8017 4284 8017 4284 8018 4332 8018 4285 8018 4332 8019 4333 8019 4285 8019 4285 8020 4333 8020 4286 8020 4333 8021 4334 8021 4286 8021 4286 8022 4334 8022 4287 8022 4334 8023 4335 8023 4287 8023 4287 8024 4335 8024 4288 8024 4335 8025 4336 8025 4288 8025 4288 8026 4336 8026 4289 8026 4336 8027 4337 8027 4289 8027 4289 8028 4337 8028 4290 8028 4337 8029 4338 8029 4290 8029 4290 8030 4338 8030 4291 8030 4338 8031 4339 8031 4291 8031 4291 8032 4339 8032 4292 8032 4339 8033 4340 8033 4292 8033 4292 8034 4340 8034 4293 8034 4340 8035 4341 8035 4293 8035 4293 8036 4341 8036 4294 8036 4341 8037 4342 8037 4294 8037 4294 8038 4342 8038 4295 8038 4342 8039 4343 8039 4295 8039 4295 8040 4343 8040 4296 8040 4343 8041 4344 8041 4296 8041 4296 8042 4344 8042 4297 8042 4344 8043 4345 8043 4297 8043 4297 8044 4345 8044 4298 8044 4345 8045 4346 8045 4298 8045 4298 8046 4346 8046 4299 8046 4346 8047 4347 8047 4299 8047 4299 8048 4347 8048 4300 8048 4347 8049 4348 8049 4300 8049 4300 8050 4348 8050 4301 8050 4348 8051 4349 8051 4301 8051 4301 8052 4349 8052 4302 8052 4349 8053 4350 8053 4302 8053 4302 8054 4350 8054 4303 8054 4350 8055 4351 8055 4303 8055 4303 8056 4351 8056 4304 8056 4351 8057 4352 8057 4304 8057 4304 8058 4352 8058 4305 8058 4352 8059 4353 8059 4305 8059 4305 8060 4353 8060 4306 8060 4353 8061 4354 8061 4306 8061 4306 8062 4354 8062 4307 8062 4354 8063 4355 8063 4307 8063 4307 8064 4355 8064 4308 8064 4355 8065 4356 8065 4308 8065 4308 8066 4356 8066 4309 8066 4356 8067 4357 8067 4309 8067 4309 8068 4357 8068 4310 8068 4357 8069 4358 8069 4310 8069 4310 8070 4358 8070 4311 8070 4358 8071 4359 8071 4311 8071 4311 8072 4359 8072 4312 8072 4359 8073 4360 8073 4312 8073 4312 8074 4360 8074 4313 8074 4360 8075 4361 8075 4313 8075 4313 8076 4361 8076 4314 8076 4361 8077 4362 8077 4314 8077 4314 8078 4362 8078 4315 8078 4362 8079 4363 8079 4315 8079 4315 8080 4363 8080 4316 8080 4363 8081 4364 8081 4316 8081 4316 8082 4364 8082 4317 8082 4364 8083 4365 8083 4317 8083 4317 8084 4365 8084 4318 8084 4365 8085 4366 8085 4318 8085 4318 8086 4366 8086 4319 8086 4366 8087 4367 8087 4319 8087 4319 8088 4367 8088 4320 8088 4367 8089 4368 8089 4320 8089 4320 8090 4368 8090 4321 8090 4368 8091 4369 8091 4321 8091 4321 8092 4369 8092 4322 8092 4369 8093 4370 8093 4322 8093 4322 8094 4370 8094 4323 8094 4370 8095 4371 8095 4323 8095 4323 8096 4371 8096 4324 8096 4371 8097 4372 8097 4324 8097 4324 8098 4372 8098 4325 8098 4372 8099 4373 8099 4325 8099 4325 8100 4373 8100 4326 8100 4373 8101 4374 8101 4326 8101 4326 8102 4374 8102 4327 8102 4374 8103 4375 8103 4327 8103 4327 8104 4375 8104 4328 8104 4375 8105 4220 8105 4328 8105 4328 8106 4220 8106 4221 8106 4220 8107 4206 8107 4221 8107 4221 8108 4206 8108 4205 8108 3983 8109 4227 8109 4228 8109 4227 8110 4376 8110 4228 8110 4228 8111 4376 8111 4329 8111 4376 8112 4377 8112 4329 8112 4329 8113 4377 8113 4330 8113 4377 8114 4378 8114 4330 8114 4330 8115 4378 8115 4331 8115 4378 8116 4379 8116 4331 8116 4331 8117 4379 8117 4332 8117 4379 8118 4380 8118 4332 8118 4332 8119 4380 8119 4333 8119 4380 8120 4381 8120 4333 8120 4333 8121 4381 8121 4334 8121 4381 8122 4382 8122 4334 8122 4334 8123 4382 8123 4335 8123 4382 8124 4383 8124 4335 8124 4335 8125 4383 8125 4336 8125 4383 8126 4384 8126 4336 8126 4336 8127 4384 8127 4337 8127 4384 8128 4385 8128 4337 8128 4337 8129 4385 8129 4338 8129 4385 8130 4386 8130 4338 8130 4338 8131 4386 8131 4339 8131 4386 8132 4387 8132 4339 8132 4339 8133 4387 8133 4340 8133 4387 8134 4388 8134 4340 8134 4340 8135 4388 8135 4341 8135 4388 8136 4389 8136 4341 8136 4341 8137 4389 8137 4342 8137 4389 8138 4390 8138 4342 8138 4342 8139 4390 8139 4343 8139 4390 8140 4391 8140 4343 8140 4343 8141 4391 8141 4344 8141 4391 8142 4392 8142 4344 8142 4344 8143 4392 8143 4345 8143 4392 8144 4393 8144 4345 8144 4345 8145 4393 8145 4346 8145 4393 8146 4394 8146 4346 8146 4346 8147 4394 8147 4347 8147 4394 8148 4395 8148 4347 8148 4347 8149 4395 8149 4348 8149 4395 8150 4396 8150 4348 8150 4348 8151 4396 8151 4349 8151 4396 8152 4397 8152 4349 8152 4349 8153 4397 8153 4350 8153 4397 8154 4398 8154 4350 8154 4350 8155 4398 8155 4351 8155 4398 8156 4399 8156 4351 8156 4351 8157 4399 8157 4352 8157 4399 8158 4400 8158 4352 8158 4352 8159 4400 8159 4353 8159 4400 8160 4401 8160 4353 8160 4353 8161 4401 8161 4354 8161 4401 8162 4402 8162 4354 8162 4354 8163 4402 8163 4355 8163 4402 8164 4403 8164 4355 8164 4355 8165 4403 8165 4356 8165 4403 8166 4404 8166 4356 8166 4356 8167 4404 8167 4357 8167 4404 8168 4405 8168 4357 8168 4357 8169 4405 8169 4358 8169 4405 8170 4406 8170 4358 8170 4358 8171 4406 8171 4359 8171 4406 8172 4407 8172 4359 8172 4359 8173 4407 8173 4360 8173 4407 8174 4408 8174 4360 8174 4360 8175 4408 8175 4361 8175 4408 8176 4409 8176 4361 8176 4361 8177 4409 8177 4362 8177 4409 8178 4410 8178 4362 8178 4362 8179 4410 8179 4363 8179 4410 8180 4411 8180 4363 8180 4363 8181 4411 8181 4364 8181 4411 8182 4412 8182 4364 8182 4364 8183 4412 8183 4365 8183 4412 8184 4413 8184 4365 8184 4365 8185 4413 8185 4366 8185 4413 8186 4414 8186 4366 8186 4366 8187 4414 8187 4367 8187 4414 8188 4415 8188 4367 8188 4367 8189 4415 8189 4368 8189 4415 8190 4416 8190 4368 8190 4368 8191 4416 8191 4369 8191 4416 8192 4417 8192 4369 8192 4369 8193 4417 8193 4370 8193 4417 8194 4418 8194 4370 8194 4370 8195 4418 8195 4371 8195 4418 8196 4419 8196 4371 8196 4371 8197 4419 8197 4372 8197 4419 8198 4420 8198 4372 8198 4372 8199 4420 8199 4373 8199 4420 8200 4421 8200 4373 8200 4373 8201 4421 8201 4374 8201 4421 8202 4422 8202 4374 8202 4374 8203 4422 8203 4375 8203 4422 8204 4219 8204 4375 8204 4375 8205 4219 8205 4220 8205 4219 8206 4208 8206 4220 8206 4220 8207 4208 8207 4207 8207 3979 8208 4223 8208 4227 8208 4223 8209 4423 8209 4227 8209 4227 8210 4423 8210 4376 8210 4423 8211 4424 8211 4376 8211 4376 8211 4424 8211 4377 8211 4424 8212 4425 8212 4377 8212 4377 8213 4425 8213 4378 8213 4425 8214 4426 8214 4378 8214 4378 8215 4426 8215 4379 8215 4426 8216 4427 8216 4379 8216 4379 8217 4427 8217 4380 8217 4427 8218 4428 8218 4380 8218 4380 8218 4428 8218 4381 8218 4428 8219 4429 8219 4381 8219 4381 8219 4429 8219 4382 8219 4429 8220 4430 8220 4382 8220 4382 8220 4430 8220 4383 8220 4430 8221 4431 8221 4383 8221 4383 8222 4431 8222 4384 8222 4431 8223 4432 8223 4384 8223 4384 8223 4432 8223 4385 8223 4432 8224 4433 8224 4385 8224 4385 8225 4433 8225 4386 8225 4433 8226 4434 8226 4386 8226 4386 8226 4434 8226 4387 8226 4434 8227 4435 8227 4387 8227 4387 8228 4435 8228 4388 8228 4435 8229 4436 8229 4388 8229 4388 8230 4436 8230 4389 8230 4436 8231 4437 8231 4389 8231 4389 8231 4437 8231 4390 8231 4437 8232 4438 8232 4390 8232 4390 8232 4438 8232 4391 8232 4438 8233 4439 8233 4391 8233 4391 8234 4439 8234 4392 8234 4439 8235 4440 8235 4392 8235 4392 8236 4440 8236 4393 8236 4440 8237 4441 8237 4393 8237 4393 8237 4441 8237 4394 8237 4441 8238 4442 8238 4394 8238 4394 8239 4442 8239 4395 8239 4442 8240 4443 8240 4395 8240 4395 8241 4443 8241 4396 8241 4443 8242 4444 8242 4396 8242 4396 8243 4444 8243 4397 8243 4444 8244 4445 8244 4397 8244 4397 8244 4445 8244 4398 8244 4445 8245 4446 8245 4398 8245 4398 8245 4446 8245 4399 8245 4446 8246 4447 8246 4399 8246 4399 8246 4447 8246 4400 8246 4447 8247 4448 8247 4400 8247 4400 8247 4448 8247 4401 8247 4448 8248 4449 8248 4401 8248 4401 8249 4449 8249 4402 8249 4449 8250 4450 8250 4402 8250 4402 8251 4450 8251 4403 8251 4450 8252 4451 8252 4403 8252 4403 8253 4451 8253 4404 8253 4451 8254 4452 8254 4404 8254 4404 8254 4452 8254 4405 8254 4452 8255 4453 8255 4405 8255 4405 8256 4453 8256 4406 8256 4453 8257 4454 8257 4406 8257 4406 8258 4454 8258 4407 8258 4454 8259 4455 8259 4407 8259 4407 8259 4455 8259 4408 8259 4455 8260 4456 8260 4408 8260 4408 8260 4456 8260 4409 8260 4456 8261 4457 8261 4409 8261 4409 8262 4457 8262 4410 8262 4457 8263 4458 8263 4410 8263 4410 8264 4458 8264 4411 8264 4458 8265 4459 8265 4411 8265 4411 8265 4459 8265 4412 8265 4459 8266 4460 8266 4412 8266 4412 8267 4460 8267 4413 8267 4460 8268 4461 8268 4413 8268 4413 8268 4461 8268 4414 8268 4461 8269 4462 8269 4414 8269 4414 8270 4462 8270 4415 8270 4462 8271 4463 8271 4415 8271 4415 8271 4463 8271 4416 8271 4463 8272 4464 8272 4416 8272 4416 8272 4464 8272 4417 8272 4464 8273 4465 8273 4417 8273 4417 8273 4465 8273 4418 8273 4465 8274 4466 8274 4418 8274 4418 8275 4466 8275 4419 8275 4466 8276 4467 8276 4419 8276 4419 8277 4467 8277 4420 8277 4467 8278 4468 8278 4420 8278 4420 8279 4468 8279 4421 8279 4468 8280 4469 8280 4421 8280 4421 8280 4469 8280 4422 8280 4469 8281 4231 8281 4422 8281 4422 8282 4231 8282 4219 8282 4231 8283 4210 8283 4219 8283 4219 8284 4210 8284 4209 8284 3974 8285 4224 8285 4223 8285 4224 8286 4470 8286 4223 8286 4223 8287 4470 8287 4423 8287 4470 8288 4471 8288 4423 8288 4423 8289 4471 8289 4424 8289 4471 8290 4472 8290 4424 8290 4424 8291 4472 8291 4425 8291 4472 8292 4473 8292 4425 8292 4425 8293 4473 8293 4426 8293 4473 8294 4474 8294 4426 8294 4426 8295 4474 8295 4427 8295 4474 8296 4475 8296 4427 8296 4427 8297 4475 8297 4428 8297 4475 8298 4476 8298 4428 8298 4428 8299 4476 8299 4429 8299 4476 8300 4477 8300 4429 8300 4429 8301 4477 8301 4430 8301 4477 8302 4478 8302 4430 8302 4430 8303 4478 8303 4431 8303 4478 8304 4479 8304 4431 8304 4431 8305 4479 8305 4432 8305 4479 8306 4480 8306 4432 8306 4432 8307 4480 8307 4433 8307 4480 8308 4481 8308 4433 8308 4433 8309 4481 8309 4434 8309 4481 8310 4482 8310 4434 8310 4434 8311 4482 8311 4435 8311 4482 8312 4483 8312 4435 8312 4435 8313 4483 8313 4436 8313 4483 8314 4484 8314 4436 8314 4436 8315 4484 8315 4437 8315 4484 8316 4485 8316 4437 8316 4437 8317 4485 8317 4438 8317 4485 8318 4486 8318 4438 8318 4438 8319 4486 8319 4439 8319 4486 8320 4487 8320 4439 8320 4439 8321 4487 8321 4440 8321 4487 8322 4488 8322 4440 8322 4440 8323 4488 8323 4441 8323 4488 8324 4489 8324 4441 8324 4441 8325 4489 8325 4442 8325 4489 8326 4490 8326 4442 8326 4442 8327 4490 8327 4443 8327 4490 8328 4491 8328 4443 8328 4443 8329 4491 8329 4444 8329 4491 8330 4492 8330 4444 8330 4444 8331 4492 8331 4445 8331 4492 8332 4493 8332 4445 8332 4445 8333 4493 8333 4446 8333 4493 8334 4494 8334 4446 8334 4446 8335 4494 8335 4447 8335 4494 8336 4495 8336 4447 8336 4447 8337 4495 8337 4448 8337 4495 8338 4496 8338 4448 8338 4448 8339 4496 8339 4449 8339 4496 8340 4497 8340 4449 8340 4449 8341 4497 8341 4450 8341 4497 8342 4498 8342 4450 8342 4450 8343 4498 8343 4451 8343 4498 8344 4499 8344 4451 8344 4451 8345 4499 8345 4452 8345 4499 8346 4500 8346 4452 8346 4452 8347 4500 8347 4453 8347 4500 8348 4501 8348 4453 8348 4453 8349 4501 8349 4454 8349 4501 8350 4502 8350 4454 8350 4454 8351 4502 8351 4455 8351 4502 8352 4503 8352 4455 8352 4455 8353 4503 8353 4456 8353 4503 8354 4504 8354 4456 8354 4456 8355 4504 8355 4457 8355 4504 8356 4505 8356 4457 8356 4457 8357 4505 8357 4458 8357 4505 8358 4506 8358 4458 8358 4458 8359 4506 8359 4459 8359 4506 8360 4507 8360 4459 8360 4459 8361 4507 8361 4460 8361 4507 8362 4508 8362 4460 8362 4460 8363 4508 8363 4461 8363 4508 8364 4509 8364 4461 8364 4461 8365 4509 8365 4462 8365 4509 8366 4510 8366 4462 8366 4462 8367 4510 8367 4463 8367 4510 8368 4511 8368 4463 8368 4463 8369 4511 8369 4464 8369 4511 8370 4512 8370 4464 8370 4464 8371 4512 8371 4465 8371 4512 8372 4513 8372 4465 8372 4465 8373 4513 8373 4466 8373 4513 8374 4514 8374 4466 8374 4466 8375 4514 8375 4467 8375 4514 8376 4515 8376 4467 8376 4467 8377 4515 8377 4468 8377 4515 8378 4516 8378 4468 8378 4468 8379 4516 8379 4469 8379 4516 8380 4232 8380 4469 8380 4469 8381 4232 8381 4231 8381 4232 8382 4212 8382 4231 8382 4231 8383 4212 8383 4211 8383 3970 8384 4225 8384 4224 8384 4225 8385 4517 8385 4224 8385 4224 8386 4517 8386 4470 8386 4517 8387 4518 8387 4470 8387 4470 8388 4518 8388 4471 8388 4518 8389 4519 8389 4471 8389 4471 8390 4519 8390 4472 8390 4519 8391 4520 8391 4472 8391 4472 8392 4520 8392 4473 8392 4520 8393 4521 8393 4473 8393 4473 8394 4521 8394 4474 8394 4521 8395 4522 8395 4474 8395 4474 8396 4522 8396 4475 8396 4522 8397 4523 8397 4475 8397 4475 8398 4523 8398 4476 8398 4523 8399 4524 8399 4476 8399 4476 8400 4524 8400 4477 8400 4524 8401 4525 8401 4477 8401 4477 8402 4525 8402 4478 8402 4525 8403 4526 8403 4478 8403 4478 8404 4526 8404 4479 8404 4526 8405 4527 8405 4479 8405 4479 8406 4527 8406 4480 8406 4527 8407 4528 8407 4480 8407 4480 8408 4528 8408 4481 8408 4528 8409 4529 8409 4481 8409 4481 8410 4529 8410 4482 8410 4529 8411 4530 8411 4482 8411 4482 8412 4530 8412 4483 8412 4530 8413 4531 8413 4483 8413 4483 8414 4531 8414 4484 8414 4531 8415 4532 8415 4484 8415 4484 8416 4532 8416 4485 8416 4532 8417 4533 8417 4485 8417 4485 8418 4533 8418 4486 8418 4533 8419 4534 8419 4486 8419 4486 8420 4534 8420 4487 8420 4534 8421 4535 8421 4487 8421 4487 8422 4535 8422 4488 8422 4535 8423 4536 8423 4488 8423 4488 8424 4536 8424 4489 8424 4536 8425 4537 8425 4489 8425 4489 8426 4537 8426 4490 8426 4537 8427 4538 8427 4490 8427 4490 8428 4538 8428 4491 8428 4538 8429 4539 8429 4491 8429 4491 8430 4539 8430 4492 8430 4539 8431 4540 8431 4492 8431 4492 8432 4540 8432 4493 8432 4540 8433 4541 8433 4493 8433 4493 8434 4541 8434 4494 8434 4541 8435 4542 8435 4494 8435 4494 8436 4542 8436 4495 8436 4542 8437 4543 8437 4495 8437 4495 8438 4543 8438 4496 8438 4543 8439 4544 8439 4496 8439 4496 8440 4544 8440 4497 8440 4544 8441 4545 8441 4497 8441 4497 8442 4545 8442 4498 8442 4545 8443 4546 8443 4498 8443 4498 8444 4546 8444 4499 8444 4546 8445 4547 8445 4499 8445 4499 8446 4547 8446 4500 8446 4547 8447 4548 8447 4500 8447 4500 8448 4548 8448 4501 8448 4548 8449 4549 8449 4501 8449 4501 8450 4549 8450 4502 8450 4549 8451 4550 8451 4502 8451 4502 8452 4550 8452 4503 8452 4550 8453 4551 8453 4503 8453 4503 8454 4551 8454 4504 8454 4551 8455 4552 8455 4504 8455 4504 8456 4552 8456 4505 8456 4552 8457 4553 8457 4505 8457 4505 8458 4553 8458 4506 8458 4553 8459 4554 8459 4506 8459 4506 8460 4554 8460 4507 8460 4554 8461 4555 8461 4507 8461 4507 8462 4555 8462 4508 8462 4555 8463 4556 8463 4508 8463 4508 8464 4556 8464 4509 8464 4556 8465 4557 8465 4509 8465 4509 8466 4557 8466 4510 8466 4557 8467 4558 8467 4510 8467 4510 8468 4558 8468 4511 8468 4558 8469 4559 8469 4511 8469 4511 8470 4559 8470 4512 8470 4559 8471 4560 8471 4512 8471 4512 8472 4560 8472 4513 8472 4560 8473 4561 8473 4513 8473 4513 8474 4561 8474 4514 8474 4561 8475 4562 8475 4514 8475 4514 8476 4562 8476 4515 8476 4562 8477 4563 8477 4515 8477 4515 8478 4563 8478 4516 8478 4563 8479 4233 8479 4516 8479 4516 8480 4233 8480 4232 8480 4233 8481 4214 8481 4232 8481 4232 8482 4214 8482 4213 8482 3966 8483 4226 8483 4225 8483 4226 8484 4564 8484 4225 8484 4225 8485 4564 8485 4517 8485 4564 8486 4565 8486 4517 8486 4517 8487 4565 8487 4518 8487 4565 8488 4566 8488 4518 8488 4518 8489 4566 8489 4519 8489 4566 8490 4567 8490 4519 8490 4519 8491 4567 8491 4520 8491 4567 8492 4568 8492 4520 8492 4520 8493 4568 8493 4521 8493 4568 8494 4569 8494 4521 8494 4521 8495 4569 8495 4522 8495 4569 8496 4570 8496 4522 8496 4522 8497 4570 8497 4523 8497 4570 8498 4571 8498 4523 8498 4523 8499 4571 8499 4524 8499 4571 8500 4572 8500 4524 8500 4524 8501 4572 8501 4525 8501 4572 8502 4573 8502 4525 8502 4525 8503 4573 8503 4526 8503 4573 8504 4574 8504 4526 8504 4526 8505 4574 8505 4527 8505 4574 8506 4575 8506 4527 8506 4527 8507 4575 8507 4528 8507 4575 8508 4576 8508 4528 8508 4528 8509 4576 8509 4529 8509 4576 8510 4577 8510 4529 8510 4529 8511 4577 8511 4530 8511 4577 8512 4578 8512 4530 8512 4530 8513 4578 8513 4531 8513 4578 8514 4579 8514 4531 8514 4531 8515 4579 8515 4532 8515 4579 8516 4580 8516 4532 8516 4532 8517 4580 8517 4533 8517 4580 8518 4581 8518 4533 8518 4533 8519 4581 8519 4534 8519 4581 8520 4582 8520 4534 8520 4534 8521 4582 8521 4535 8521 4582 8522 4583 8522 4535 8522 4535 8523 4583 8523 4536 8523 4583 8524 4584 8524 4536 8524 4536 8525 4584 8525 4537 8525 4584 8526 4585 8526 4537 8526 4537 8527 4585 8527 4538 8527 4585 8528 4586 8528 4538 8528 4538 8529 4586 8529 4539 8529 4586 8530 4587 8530 4539 8530 4539 8531 4587 8531 4540 8531 4587 8532 4588 8532 4540 8532 4540 8533 4588 8533 4541 8533 4588 8534 4589 8534 4541 8534 4541 8535 4589 8535 4542 8535 4589 8536 4590 8536 4542 8536 4542 8537 4590 8537 4543 8537 4590 8538 4591 8538 4543 8538 4543 8539 4591 8539 4544 8539 4591 8540 4592 8540 4544 8540 4544 8541 4592 8541 4545 8541 4592 8542 4593 8542 4545 8542 4545 8543 4593 8543 4546 8543 4593 8544 4594 8544 4546 8544 4546 8545 4594 8545 4547 8545 4594 8546 4595 8546 4547 8546 4547 8547 4595 8547 4548 8547 4595 8548 4596 8548 4548 8548 4548 8549 4596 8549 4549 8549 4596 8550 4597 8550 4549 8550 4549 8551 4597 8551 4550 8551 4597 8552 4598 8552 4550 8552 4550 8553 4598 8553 4551 8553 4598 8554 4599 8554 4551 8554 4551 8555 4599 8555 4552 8555 4599 8556 4600 8556 4552 8556 4552 8557 4600 8557 4553 8557 4600 8558 4601 8558 4553 8558 4553 8559 4601 8559 4554 8559 4601 8560 4602 8560 4554 8560 4554 8561 4602 8561 4555 8561 4602 8562 4603 8562 4555 8562 4555 8563 4603 8563 4556 8563 4603 8564 4604 8564 4556 8564 4556 8565 4604 8565 4557 8565 4604 8566 4605 8566 4557 8566 4557 8567 4605 8567 4558 8567 4605 8568 4606 8568 4558 8568 4558 8569 4606 8569 4559 8569 4606 8570 4607 8570 4559 8570 4559 8571 4607 8571 4560 8571 4607 8572 4608 8572 4560 8572 4560 8573 4608 8573 4561 8573 4608 8574 4609 8574 4561 8574 4561 8575 4609 8575 4562 8575 4609 8576 4610 8576 4562 8576 4562 8577 4610 8577 4563 8577 4610 8578 4234 8578 4563 8578 4563 8579 4234 8579 4233 8579 4234 8580 4216 8580 4233 8580 4233 8581 4216 8581 4215 8581 3962 8582 3884 8582 4226 8582 3884 8583 3891 8583 4226 8583 4226 8584 3891 8584 4564 8584 3891 8585 3892 8585 4564 8585 4564 8586 3892 8586 4565 8586 3892 8587 3893 8587 4565 8587 4565 8588 3893 8588 4566 8588 3893 8589 3894 8589 4566 8589 4566 8590 3894 8590 4567 8590 3894 8591 3895 8591 4567 8591 4567 8592 3895 8592 4568 8592 3895 8593 3896 8593 4568 8593 4568 8594 3896 8594 4569 8594 3896 8595 3897 8595 4569 8595 4569 8596 3897 8596 4570 8596 3897 8597 3898 8597 4570 8597 4570 8598 3898 8598 4571 8598 3898 8599 3899 8599 4571 8599 4571 8600 3899 8600 4572 8600 3899 8601 3900 8601 4572 8601 4572 8602 3900 8602 4573 8602 3900 8603 3901 8603 4573 8603 4573 8604 3901 8604 4574 8604 3901 8605 3902 8605 4574 8605 4574 8606 3902 8606 4575 8606 3902 8607 3903 8607 4575 8607 4575 8608 3903 8608 4576 8608 3903 8609 3904 8609 4576 8609 4576 8610 3904 8610 4577 8610 3904 8611 3905 8611 4577 8611 4577 8612 3905 8612 4578 8612 3905 8613 3906 8613 4578 8613 4578 8614 3906 8614 4579 8614 3906 8615 3907 8615 4579 8615 4579 8616 3907 8616 4580 8616 3907 8617 3908 8617 4580 8617 4580 8618 3908 8618 4581 8618 3908 8619 3909 8619 4581 8619 4581 8620 3909 8620 4582 8620 3909 8621 3910 8621 4582 8621 4582 8622 3910 8622 4583 8622 3910 8623 3911 8623 4583 8623 4583 8624 3911 8624 4584 8624 3911 8625 3912 8625 4584 8625 4584 8626 3912 8626 4585 8626 3912 8627 3913 8627 4585 8627 4585 8628 3913 8628 4586 8628 3913 8629 3914 8629 4586 8629 4586 8630 3914 8630 4587 8630 3914 8631 3915 8631 4587 8631 4587 8632 3915 8632 4588 8632 3915 8633 3916 8633 4588 8633 4588 8634 3916 8634 4589 8634 3916 8635 3917 8635 4589 8635 4589 8636 3917 8636 4590 8636 3917 8637 3918 8637 4590 8637 4590 8638 3918 8638 4591 8638 3918 8639 3919 8639 4591 8639 4591 8640 3919 8640 4592 8640 3919 8641 3920 8641 4592 8641 4592 8642 3920 8642 4593 8642 3920 8643 3921 8643 4593 8643 4593 8644 3921 8644 4594 8644 3921 8645 3922 8645 4594 8645 4594 8646 3922 8646 4595 8646 3922 8647 3923 8647 4595 8647 4595 8648 3923 8648 4596 8648 3923 8649 3924 8649 4596 8649 4596 8650 3924 8650 4597 8650 3924 8651 3925 8651 4597 8651 4597 8652 3925 8652 4598 8652 3925 8653 3926 8653 4598 8653 4598 8654 3926 8654 4599 8654 3926 8655 3927 8655 4599 8655 4599 8656 3927 8656 4600 8656 3927 8657 3928 8657 4600 8657 4600 8658 3928 8658 4601 8658 3928 8659 3929 8659 4601 8659 4601 8660 3929 8660 4602 8660 3929 8661 3930 8661 4602 8661 4602 8662 3930 8662 4603 8662 3930 8663 3931 8663 4603 8663 4603 8664 3931 8664 4604 8664 3931 8665 3932 8665 4604 8665 4604 8666 3932 8666 4605 8666 3932 8667 3933 8667 4605 8667 4605 8668 3933 8668 4606 8668 3933 8669 3934 8669 4606 8669 4606 8670 3934 8670 4607 8670 3934 8671 3935 8671 4607 8671 4607 8672 3935 8672 4608 8672 3935 8673 3936 8673 4608 8673 4608 8674 3936 8674 4609 8674 3936 8675 3937 8675 4609 8675 4609 8676 3937 8676 4610 8676 3937 8677 3938 8677 4610 8677 4610 8678 3938 8678 4234 8678 3938 8679 4218 8679 4234 8679 4234 8680 4218 8680 4217 8680 1906 8681 4611 8681 1904 8681 4611 8682 4612 8682 1904 8682 1904 8683 4612 8683 1902 8683 4612 8684 4613 8684 1902 8684 1902 8685 4613 8685 1900 8685 4613 8686 4614 8686 1900 8686 1900 8687 4614 8687 1898 8687 4614 8688 4615 8688 1898 8688 1898 8689 4615 8689 1896 8689 4615 8690 4616 8690 1896 8690 1896 8691 4616 8691 1894 8691 4616 8692 4617 8692 1894 8692 1894 8693 4617 8693 1892 8693 4617 8694 4618 8694 1892 8694 1892 8695 4618 8695 1890 8695 4618 8696 4619 8696 1890 8696 1890 8697 4619 8697 1888 8697 4619 8698 4620 8698 1888 8698 1888 8699 4620 8699 1886 8699 4620 8700 4621 8700 1886 8700 1886 8701 4621 8701 1884 8701 4621 8702 4622 8702 1884 8702 1884 8703 4622 8703 1882 8703 4622 8704 4623 8704 1882 8704 1882 8705 4623 8705 1880 8705 4623 8706 4624 8706 1880 8706 1880 8707 4624 8707 1878 8707 4624 8708 4625 8708 1878 8708 1878 8709 4625 8709 1876 8709 4625 8710 4626 8710 1876 8710 1876 8711 4626 8711 1874 8711 4626 8712 4627 8712 1874 8712 1874 8713 4627 8713 1872 8713 4627 8714 4628 8714 1872 8714 1872 8715 4628 8715 1870 8715 4628 8716 4629 8716 1870 8716 1870 8717 4629 8717 1868 8717 4629 8718 4630 8718 1868 8718 1868 8719 4630 8719 1866 8719 4630 8720 4631 8720 1866 8720 1866 8721 4631 8721 1864 8721 4631 8722 4632 8722 1864 8722 1864 8723 4632 8723 1862 8723 4632 8724 4633 8724 1862 8724 1862 8725 4633 8725 1860 8725 4633 8726 4634 8726 1860 8726 1860 8727 4634 8727 1858 8727 4634 8728 4635 8728 1858 8728 1858 8729 4635 8729 1856 8729 4635 8730 4636 8730 1856 8730 1856 8731 4636 8731 1854 8731 4636 8732 4637 8732 1854 8732 1854 8733 4637 8733 1852 8733 4637 8734 4638 8734 1852 8734 1852 8735 4638 8735 1850 8735 4638 8736 4639 8736 1850 8736 1850 8737 4639 8737 1848 8737 4639 8738 4640 8738 1848 8738 1848 8739 4640 8739 1846 8739 4640 8740 4641 8740 1846 8740 1846 8741 4641 8741 1844 8741 4641 8742 4642 8742 1844 8742 1844 8743 4642 8743 1842 8743 4642 8744 4643 8744 1842 8744 1842 8745 4643 8745 1840 8745 4643 8746 4644 8746 1840 8746 1840 8747 4644 8747 1838 8747 4644 8748 4645 8748 1838 8748 1838 8749 4645 8749 1836 8749 4645 8750 4646 8750 1836 8750 1836 8751 4646 8751 1834 8751 4646 8752 4647 8752 1834 8752 1834 8753 4647 8753 1832 8753 4647 8754 4648 8754 1832 8754 1832 8755 4648 8755 1830 8755 4648 8756 4649 8756 1830 8756 1830 8757 4649 8757 1828 8757 4649 8758 4650 8758 1828 8758 1828 8759 4650 8759 1826 8759 4650 8760 4651 8760 1826 8760 1826 8761 4651 8761 1824 8761 4651 8762 4652 8762 1824 8762 1824 8763 4652 8763 1822 8763 4652 8764 4653 8764 1822 8764 1822 8765 4653 8765 1820 8765 4653 8766 4654 8766 1820 8766 1820 8767 4654 8767 1818 8767 4654 8768 4655 8768 1818 8768 1818 8769 4655 8769 1816 8769 4655 8770 4656 8770 1816 8770 1816 8771 4656 8771 1814 8771 4656 8772 4657 8772 1814 8772 1814 8773 4657 8773 1812 8773 4657 8774 4658 8774 1812 8774 1812 8775 4658 8775 1810 8775 4658 8776 4659 8776 1810 8776 1810 8777 4659 8777 1808 8777 4659 8778 4660 8778 1808 8778 1808 8779 4660 8779 1806 8779 4660 8780 4661 8780 1806 8780 1806 8781 4661 8781 1804 8781 4661 8782 4662 8782 1804 8782 1804 8783 4662 8783 1802 8783 4662 8784 4663 8784 1802 8784 1802 8785 4663 8785 1800 8785 4663 8786 4664 8786 1800 8786 1800 8787 4664 8787 1942 8787 4664 8788 4665 8788 1942 8788 1942 8789 4665 8789 1940 8789 4665 8790 4666 8790 1940 8790 1940 8791 4666 8791 1938 8791 4666 8792 4667 8792 1938 8792 1938 8793 4667 8793 1936 8793 4667 8794 4668 8794 1936 8794 1936 8795 4668 8795 1934 8795 4668 8796 4669 8796 1934 8796 1934 8797 4669 8797 1932 8797 4669 8798 4670 8798 1932 8798 1932 8799 4670 8799 1930 8799 4670 8800 4671 8800 1930 8800 1930 8801 4671 8801 1928 8801 4671 8802 4672 8802 1928 8802 1928 8803 4672 8803 1926 8803 4672 8804 4673 8804 1926 8804 1926 8805 4673 8805 1924 8805 4673 8806 4674 8806 1924 8806 1924 8807 4674 8807 1922 8807 4674 8808 4675 8808 1922 8808 1922 8809 4675 8809 1920 8809 4675 8810 4676 8810 1920 8810 1920 8811 4676 8811 1918 8811 4676 8812 4677 8812 1918 8812 1918 8813 4677 8813 1916 8813 4677 8814 4678 8814 1916 8814 1916 8815 4678 8815 1914 8815 4678 8816 4679 8816 1914 8816 1914 8817 4679 8817 1912 8817 4679 8818 4680 8818 1912 8818 1912 8819 4680 8819 1910 8819 4680 8820 4681 8820 1910 8820 1910 8821 4681 8821 1908 8821 4681 8822 4682 8822 1908 8822 1908 8823 4682 8823 1906 8823 4682 8824 4611 8824 1906 8824 4611 8825 4683 8825 4612 8825 4683 8826 4684 8826 4612 8826 4612 8827 4684 8827 4613 8827 4684 8828 4685 8828 4613 8828 4613 8829 4685 8829 4614 8829 4685 8830 4686 8830 4614 8830 4614 8831 4686 8831 4615 8831 4686 8832 4687 8832 4615 8832 4615 8833 4687 8833 4616 8833 4687 8834 4688 8834 4616 8834 4616 8835 4688 8835 4617 8835 4688 8836 4689 8836 4617 8836 4617 8837 4689 8837 4618 8837 4689 8838 4690 8838 4618 8838 4618 8839 4690 8839 4619 8839 4690 8840 4691 8840 4619 8840 4619 8841 4691 8841 4620 8841 4691 8842 4692 8842 4620 8842 4620 8843 4692 8843 4621 8843 4692 8844 4693 8844 4621 8844 4621 8845 4693 8845 4622 8845 4693 8846 4694 8846 4622 8846 4622 8847 4694 8847 4623 8847 4694 8848 4695 8848 4623 8848 4623 8849 4695 8849 4624 8849 4695 8850 4696 8850 4624 8850 4624 8851 4696 8851 4625 8851 4696 8852 4697 8852 4625 8852 4625 8853 4697 8853 4626 8853 4697 8854 4698 8854 4626 8854 4626 8855 4698 8855 4627 8855 4698 8856 4699 8856 4627 8856 4627 8857 4699 8857 4628 8857 4699 8858 4700 8858 4628 8858 4628 8859 4700 8859 4629 8859 4700 8860 4701 8860 4629 8860 4629 8861 4701 8861 4630 8861 4701 8862 4702 8862 4630 8862 4630 8863 4702 8863 4631 8863 4702 8864 4703 8864 4631 8864 4631 8865 4703 8865 4632 8865 4703 8866 4704 8866 4632 8866 4632 8867 4704 8867 4633 8867 4704 8868 4705 8868 4633 8868 4633 8869 4705 8869 4634 8869 4705 8870 4706 8870 4634 8870 4634 8871 4706 8871 4635 8871 4706 8872 4707 8872 4635 8872 4635 8873 4707 8873 4636 8873 4707 8874 4708 8874 4636 8874 4636 8875 4708 8875 4637 8875 4708 8876 4709 8876 4637 8876 4637 8877 4709 8877 4638 8877 4709 8878 4710 8878 4638 8878 4638 8879 4710 8879 4639 8879 4710 8880 4711 8880 4639 8880 4639 8881 4711 8881 4640 8881 4711 8882 4712 8882 4640 8882 4640 8883 4712 8883 4641 8883 4712 8884 4713 8884 4641 8884 4641 8885 4713 8885 4642 8885 4713 8886 4714 8886 4642 8886 4642 8887 4714 8887 4643 8887 4714 8888 4715 8888 4643 8888 4643 8889 4715 8889 4644 8889 4715 8890 4716 8890 4644 8890 4644 8891 4716 8891 4645 8891 4716 8892 4717 8892 4645 8892 4645 8893 4717 8893 4646 8893 4717 8894 4718 8894 4646 8894 4646 8895 4718 8895 4647 8895 4718 8896 4719 8896 4647 8896 4647 8897 4719 8897 4648 8897 4719 8898 4720 8898 4648 8898 4648 8899 4720 8899 4649 8899 4720 8900 4721 8900 4649 8900 4649 8901 4721 8901 4650 8901 4721 8902 4722 8902 4650 8902 4650 8903 4722 8903 4651 8903 4722 8904 4723 8904 4651 8904 4651 8905 4723 8905 4652 8905 4723 8906 4724 8906 4652 8906 4652 8907 4724 8907 4653 8907 4724 8908 4725 8908 4653 8908 4653 8909 4725 8909 4654 8909 4725 8910 4726 8910 4654 8910 4654 8911 4726 8911 4655 8911 4726 8912 4727 8912 4655 8912 4655 8913 4727 8913 4656 8913 4727 8914 4728 8914 4656 8914 4656 8915 4728 8915 4657 8915 4728 8916 4729 8916 4657 8916 4657 8917 4729 8917 4658 8917 4729 8918 4730 8918 4658 8918 4658 8919 4730 8919 4659 8919 4730 8920 4731 8920 4659 8920 4659 8921 4731 8921 4660 8921 4731 8922 4732 8922 4660 8922 4660 8923 4732 8923 4661 8923 4732 8924 4733 8924 4661 8924 4661 8925 4733 8925 4662 8925 4733 8926 4734 8926 4662 8926 4662 8927 4734 8927 4663 8927 4734 8928 4735 8928 4663 8928 4663 8929 4735 8929 4664 8929 4735 8930 4736 8930 4664 8930 4664 8931 4736 8931 4665 8931 4736 8932 4737 8932 4665 8932 4665 8933 4737 8933 4666 8933 4737 8934 4738 8934 4666 8934 4666 8935 4738 8935 4667 8935 4738 8936 4739 8936 4667 8936 4667 8937 4739 8937 4668 8937 4739 8938 4740 8938 4668 8938 4668 8939 4740 8939 4669 8939 4740 8940 4741 8940 4669 8940 4669 8941 4741 8941 4670 8941 4741 8942 4742 8942 4670 8942 4670 8943 4742 8943 4671 8943 4742 8944 4743 8944 4671 8944 4671 8945 4743 8945 4672 8945 4743 8946 4744 8946 4672 8946 4672 8947 4744 8947 4673 8947 4744 8948 4745 8948 4673 8948 4673 8949 4745 8949 4674 8949 4745 8950 4746 8950 4674 8950 4674 8951 4746 8951 4675 8951 4746 8952 4747 8952 4675 8952 4675 8953 4747 8953 4676 8953 4747 8954 4748 8954 4676 8954 4676 8955 4748 8955 4677 8955 4748 8956 4749 8956 4677 8956 4677 8957 4749 8957 4678 8957 4749 8958 4750 8958 4678 8958 4678 8959 4750 8959 4679 8959 4750 8960 4751 8960 4679 8960 4679 8961 4751 8961 4680 8961 4751 8962 4752 8962 4680 8962 4680 8963 4752 8963 4681 8963 4752 8964 4753 8964 4681 8964 4681 8965 4753 8965 4682 8965 4753 8966 4754 8966 4682 8966 4682 8967 4754 8967 4611 8967 4754 8968 4683 8968 4611 8968 4683 8969 4755 8969 4684 8969 4755 8970 4756 8970 4684 8970 4684 8971 4756 8971 4685 8971 4756 8972 4757 8972 4685 8972 4685 8973 4757 8973 4686 8973 4757 8974 4758 8974 4686 8974 4686 8975 4758 8975 4687 8975 4758 8976 4759 8976 4687 8976 4687 8977 4759 8977 4688 8977 4759 8978 4760 8978 4688 8978 4688 8979 4760 8979 4689 8979 4760 8980 4761 8980 4689 8980 4689 8981 4761 8981 4690 8981 4761 8982 4762 8982 4690 8982 4690 8983 4762 8983 4691 8983 4762 8984 4763 8984 4691 8984 4691 8985 4763 8985 4692 8985 4763 8986 4764 8986 4692 8986 4692 8987 4764 8987 4693 8987 4764 8988 4765 8988 4693 8988 4693 8989 4765 8989 4694 8989 4765 8990 4766 8990 4694 8990 4694 8991 4766 8991 4695 8991 4766 8992 4767 8992 4695 8992 4695 8993 4767 8993 4696 8993 4767 8994 4768 8994 4696 8994 4696 8995 4768 8995 4697 8995 4768 8996 4769 8996 4697 8996 4697 8997 4769 8997 4698 8997 4769 8998 4770 8998 4698 8998 4698 8999 4770 8999 4699 8999 4770 9000 4771 9000 4699 9000 4699 9001 4771 9001 4700 9001 4771 9002 4772 9002 4700 9002 4700 9003 4772 9003 4701 9003 4772 9004 4773 9004 4701 9004 4701 9005 4773 9005 4702 9005 4773 9006 4774 9006 4702 9006 4702 9007 4774 9007 4703 9007 4774 9008 4775 9008 4703 9008 4703 9009 4775 9009 4704 9009 4775 9010 4776 9010 4704 9010 4704 9011 4776 9011 4705 9011 4776 9012 4777 9012 4705 9012 4705 9013 4777 9013 4706 9013 4777 9014 4778 9014 4706 9014 4706 9015 4778 9015 4707 9015 4778 9016 4779 9016 4707 9016 4707 9017 4779 9017 4708 9017 4779 9018 4780 9018 4708 9018 4708 9019 4780 9019 4709 9019 4780 9020 4781 9020 4709 9020 4709 9021 4781 9021 4710 9021 4781 9022 4782 9022 4710 9022 4710 9023 4782 9023 4711 9023 4782 9024 4783 9024 4711 9024 4711 9025 4783 9025 4712 9025 4783 9026 4784 9026 4712 9026 4712 9027 4784 9027 4713 9027 4784 9028 4785 9028 4713 9028 4713 9029 4785 9029 4714 9029 4785 9030 4786 9030 4714 9030 4714 9031 4786 9031 4715 9031 4786 9032 4787 9032 4715 9032 4715 9033 4787 9033 4716 9033 4787 9034 4788 9034 4716 9034 4716 9035 4788 9035 4717 9035 4788 9036 4789 9036 4717 9036 4717 9037 4789 9037 4718 9037 4789 9038 4790 9038 4718 9038 4718 9039 4790 9039 4719 9039 4790 9040 4791 9040 4719 9040 4719 9041 4791 9041 4720 9041 4791 9042 4792 9042 4720 9042 4720 9043 4792 9043 4721 9043 4792 9044 4793 9044 4721 9044 4721 9045 4793 9045 4722 9045 4793 9046 4794 9046 4722 9046 4722 9047 4794 9047 4723 9047 4794 9048 4795 9048 4723 9048 4723 9049 4795 9049 4724 9049 4795 9050 4796 9050 4724 9050 4724 9051 4796 9051 4725 9051 4796 9052 4797 9052 4725 9052 4725 9053 4797 9053 4726 9053 4797 9054 4798 9054 4726 9054 4726 9055 4798 9055 4727 9055 4798 9056 4799 9056 4727 9056 4727 9057 4799 9057 4728 9057 4799 9058 4800 9058 4728 9058 4728 9059 4800 9059 4729 9059 4800 9060 4801 9060 4729 9060 4729 9061 4801 9061 4730 9061 4801 9062 4802 9062 4730 9062 4730 9063 4802 9063 4731 9063 4802 9064 4803 9064 4731 9064 4731 9065 4803 9065 4732 9065 4803 9066 4804 9066 4732 9066 4732 9067 4804 9067 4733 9067 4804 9068 4805 9068 4733 9068 4733 9069 4805 9069 4734 9069 4805 9070 4806 9070 4734 9070 4734 9071 4806 9071 4735 9071 4806 9072 4807 9072 4735 9072 4735 9073 4807 9073 4736 9073 4807 9074 4808 9074 4736 9074 4736 9075 4808 9075 4737 9075 4808 9076 4809 9076 4737 9076 4737 9077 4809 9077 4738 9077 4809 9078 4810 9078 4738 9078 4738 9079 4810 9079 4739 9079 4810 9080 4811 9080 4739 9080 4739 9081 4811 9081 4740 9081 4811 9082 4812 9082 4740 9082 4740 9083 4812 9083 4741 9083 4812 9084 4813 9084 4741 9084 4741 9085 4813 9085 4742 9085 4813 9086 4814 9086 4742 9086 4742 9087 4814 9087 4743 9087 4814 9088 4815 9088 4743 9088 4743 9089 4815 9089 4744 9089 4815 9090 4816 9090 4744 9090 4744 9091 4816 9091 4745 9091 4816 9092 4817 9092 4745 9092 4745 9093 4817 9093 4746 9093 4817 9094 4818 9094 4746 9094 4746 9095 4818 9095 4747 9095 4818 9096 4819 9096 4747 9096 4747 9097 4819 9097 4748 9097 4819 9098 4820 9098 4748 9098 4748 9099 4820 9099 4749 9099 4820 9100 4821 9100 4749 9100 4749 9101 4821 9101 4750 9101 4821 9102 4822 9102 4750 9102 4750 9103 4822 9103 4751 9103 4822 9104 4823 9104 4751 9104 4751 9105 4823 9105 4752 9105 4823 9106 4824 9106 4752 9106 4752 9107 4824 9107 4753 9107 4824 9108 4825 9108 4753 9108 4753 9109 4825 9109 4754 9109 4825 9110 4826 9110 4754 9110 4754 9111 4826 9111 4683 9111 4826 9112 4755 9112 4683 9112 4755 9113 4827 9113 4756 9113 4827 9114 4828 9114 4756 9114 4756 9115 4828 9115 4757 9115 4828 9116 4829 9116 4757 9116 4757 9117 4829 9117 4758 9117 4829 9118 4830 9118 4758 9118 4758 9119 4830 9119 4759 9119 4830 9120 4831 9120 4759 9120 4759 9121 4831 9121 4760 9121 4831 9122 4832 9122 4760 9122 4760 9123 4832 9123 4761 9123 4832 9124 4833 9124 4761 9124 4761 9125 4833 9125 4762 9125 4833 9126 4834 9126 4762 9126 4762 9127 4834 9127 4763 9127 4834 9128 4835 9128 4763 9128 4763 9129 4835 9129 4764 9129 4835 9130 4836 9130 4764 9130 4764 9131 4836 9131 4765 9131 4836 9132 4837 9132 4765 9132 4765 9133 4837 9133 4766 9133 4837 9134 4838 9134 4766 9134 4766 9135 4838 9135 4767 9135 4838 9136 4839 9136 4767 9136 4767 9137 4839 9137 4768 9137 4839 9138 4840 9138 4768 9138 4768 9139 4840 9139 4769 9139 4840 9140 4841 9140 4769 9140 4769 9141 4841 9141 4770 9141 4841 9142 4842 9142 4770 9142 4770 9143 4842 9143 4771 9143 4842 9144 4843 9144 4771 9144 4771 9145 4843 9145 4772 9145 4843 9146 4844 9146 4772 9146 4772 9147 4844 9147 4773 9147 4844 9148 4845 9148 4773 9148 4773 9149 4845 9149 4774 9149 4845 9150 4846 9150 4774 9150 4774 9151 4846 9151 4775 9151 4846 9152 4847 9152 4775 9152 4775 9153 4847 9153 4776 9153 4847 9154 4848 9154 4776 9154 4776 9155 4848 9155 4777 9155 4848 9156 4849 9156 4777 9156 4777 9157 4849 9157 4778 9157 4849 9158 4850 9158 4778 9158 4778 9159 4850 9159 4779 9159 4850 9160 4851 9160 4779 9160 4779 9161 4851 9161 4780 9161 4851 9162 4852 9162 4780 9162 4780 9163 4852 9163 4781 9163 4852 9164 4853 9164 4781 9164 4781 9165 4853 9165 4782 9165 4853 9166 4854 9166 4782 9166 4782 9167 4854 9167 4783 9167 4854 9168 4855 9168 4783 9168 4783 9169 4855 9169 4784 9169 4855 9170 4856 9170 4784 9170 4784 9171 4856 9171 4785 9171 4856 9172 4857 9172 4785 9172 4785 9173 4857 9173 4786 9173 4857 9174 4858 9174 4786 9174 4786 9175 4858 9175 4787 9175 4858 9176 4859 9176 4787 9176 4787 9177 4859 9177 4788 9177 4859 9178 4860 9178 4788 9178 4788 9179 4860 9179 4789 9179 4860 9180 4861 9180 4789 9180 4789 9181 4861 9181 4790 9181 4861 9182 4862 9182 4790 9182 4790 9183 4862 9183 4791 9183 4862 9184 4863 9184 4791 9184 4791 9185 4863 9185 4792 9185 4863 9186 4864 9186 4792 9186 4792 9187 4864 9187 4793 9187 4864 9188 4865 9188 4793 9188 4793 9189 4865 9189 4794 9189 4865 9190 4866 9190 4794 9190 4794 9191 4866 9191 4795 9191 4866 9192 4867 9192 4795 9192 4795 9193 4867 9193 4796 9193 4867 9194 4868 9194 4796 9194 4796 9195 4868 9195 4797 9195 4868 9196 4869 9196 4797 9196 4797 9197 4869 9197 4798 9197 4869 9198 4870 9198 4798 9198 4798 9199 4870 9199 4799 9199 4870 9200 4871 9200 4799 9200 4799 9201 4871 9201 4800 9201 4871 9202 4872 9202 4800 9202 4800 9203 4872 9203 4801 9203 4872 9204 4873 9204 4801 9204 4801 9205 4873 9205 4802 9205 4873 9206 4874 9206 4802 9206 4802 9207 4874 9207 4803 9207 4874 9208 4875 9208 4803 9208 4803 9209 4875 9209 4804 9209 4875 9210 4876 9210 4804 9210 4804 9211 4876 9211 4805 9211 4876 9212 4877 9212 4805 9212 4805 9213 4877 9213 4806 9213 4877 9214 4878 9214 4806 9214 4806 9215 4878 9215 4807 9215 4878 9216 4879 9216 4807 9216 4807 9217 4879 9217 4808 9217 4879 9218 4880 9218 4808 9218 4808 9219 4880 9219 4809 9219 4880 9220 4881 9220 4809 9220 4809 9221 4881 9221 4810 9221 4881 9222 4882 9222 4810 9222 4810 9223 4882 9223 4811 9223 4882 9224 4883 9224 4811 9224 4811 9225 4883 9225 4812 9225 4883 9226 4884 9226 4812 9226 4812 9227 4884 9227 4813 9227 4884 9228 4885 9228 4813 9228 4813 9229 4885 9229 4814 9229 4885 9230 4886 9230 4814 9230 4814 9231 4886 9231 4815 9231 4886 9232 4887 9232 4815 9232 4815 9233 4887 9233 4816 9233 4887 9234 4888 9234 4816 9234 4816 9235 4888 9235 4817 9235 4888 9236 4889 9236 4817 9236 4817 9237 4889 9237 4818 9237 4889 9238 4890 9238 4818 9238 4818 9239 4890 9239 4819 9239 4890 9240 4891 9240 4819 9240 4819 9241 4891 9241 4820 9241 4891 9242 4892 9242 4820 9242 4820 9243 4892 9243 4821 9243 4892 9244 4893 9244 4821 9244 4821 9245 4893 9245 4822 9245 4893 9246 4894 9246 4822 9246 4822 9247 4894 9247 4823 9247 4894 9248 4895 9248 4823 9248 4823 9249 4895 9249 4824 9249 4895 9250 4896 9250 4824 9250 4824 9251 4896 9251 4825 9251 4896 9252 4897 9252 4825 9252 4825 9253 4897 9253 4826 9253 4897 9254 4898 9254 4826 9254 4826 9255 4898 9255 4755 9255 4898 9256 4827 9256 4755 9256 4827 9257 4899 9257 4828 9257 4899 9258 4900 9258 4828 9258 4828 9259 4900 9259 4829 9259 4900 9260 4901 9260 4829 9260 4829 9261 4901 9261 4830 9261 4901 9262 4902 9262 4830 9262 4830 9263 4902 9263 4831 9263 4902 9264 4903 9264 4831 9264 4831 9265 4903 9265 4832 9265 4903 9266 4904 9266 4832 9266 4832 9267 4904 9267 4833 9267 4904 9268 4905 9268 4833 9268 4833 9269 4905 9269 4834 9269 4905 9270 4906 9270 4834 9270 4834 9271 4906 9271 4835 9271 4906 9272 4907 9272 4835 9272 4835 9273 4907 9273 4836 9273 4907 9274 4908 9274 4836 9274 4836 9275 4908 9275 4837 9275 4908 9276 4909 9276 4837 9276 4837 9277 4909 9277 4838 9277 4909 9278 4910 9278 4838 9278 4838 9279 4910 9279 4839 9279 4910 9280 4911 9280 4839 9280 4839 9281 4911 9281 4840 9281 4911 9282 4912 9282 4840 9282 4840 9283 4912 9283 4841 9283 4912 9284 4913 9284 4841 9284 4841 9285 4913 9285 4842 9285 4913 9286 4914 9286 4842 9286 4842 9287 4914 9287 4843 9287 4914 9288 4915 9288 4843 9288 4843 9289 4915 9289 4844 9289 4915 9290 4916 9290 4844 9290 4844 9291 4916 9291 4845 9291 4916 9292 4917 9292 4845 9292 4845 9293 4917 9293 4846 9293 4917 9294 4918 9294 4846 9294 4846 9295 4918 9295 4847 9295 4918 9296 4919 9296 4847 9296 4847 9297 4919 9297 4848 9297 4919 9298 4920 9298 4848 9298 4848 9299 4920 9299 4849 9299 4920 9300 4921 9300 4849 9300 4849 9301 4921 9301 4850 9301 4921 9302 4922 9302 4850 9302 4850 9303 4922 9303 4851 9303 4922 9304 4923 9304 4851 9304 4851 9305 4923 9305 4852 9305 4923 9306 4924 9306 4852 9306 4852 9307 4924 9307 4853 9307 4924 9308 4925 9308 4853 9308 4853 9309 4925 9309 4854 9309 4925 9310 4926 9310 4854 9310 4854 9311 4926 9311 4855 9311 4926 9312 4927 9312 4855 9312 4855 9313 4927 9313 4856 9313 4927 9314 4928 9314 4856 9314 4856 9315 4928 9315 4857 9315 4928 9316 4929 9316 4857 9316 4857 9317 4929 9317 4858 9317 4929 9318 4930 9318 4858 9318 4858 9319 4930 9319 4859 9319 4930 9320 4931 9320 4859 9320 4859 9321 4931 9321 4860 9321 4931 9322 4932 9322 4860 9322 4860 9323 4932 9323 4861 9323 4932 9324 4933 9324 4861 9324 4861 9325 4933 9325 4862 9325 4933 9326 4934 9326 4862 9326 4862 9327 4934 9327 4863 9327 4934 9328 4935 9328 4863 9328 4863 9329 4935 9329 4864 9329 4935 9330 4936 9330 4864 9330 4864 9331 4936 9331 4865 9331 4936 9332 4937 9332 4865 9332 4865 9333 4937 9333 4866 9333 4937 9334 4938 9334 4866 9334 4866 9335 4938 9335 4867 9335 4938 9336 4939 9336 4867 9336 4867 9337 4939 9337 4868 9337 4939 9338 4940 9338 4868 9338 4868 9339 4940 9339 4869 9339 4940 9340 4941 9340 4869 9340 4869 9341 4941 9341 4870 9341 4941 9342 4942 9342 4870 9342 4870 9343 4942 9343 4871 9343 4942 9344 4943 9344 4871 9344 4871 9345 4943 9345 4872 9345 4943 9346 4944 9346 4872 9346 4872 9347 4944 9347 4873 9347 4944 9348 4945 9348 4873 9348 4873 9349 4945 9349 4874 9349 4945 9350 4946 9350 4874 9350 4874 9351 4946 9351 4875 9351 4946 9352 4947 9352 4875 9352 4875 9353 4947 9353 4876 9353 4947 9354 4948 9354 4876 9354 4876 9355 4948 9355 4877 9355 4948 9356 4949 9356 4877 9356 4877 9357 4949 9357 4878 9357 4949 9358 4950 9358 4878 9358 4878 9359 4950 9359 4879 9359 4950 9360 4951 9360 4879 9360 4879 9361 4951 9361 4880 9361 4951 9362 4952 9362 4880 9362 4880 9363 4952 9363 4881 9363 4952 9364 4953 9364 4881 9364 4881 9365 4953 9365 4882 9365 4953 9366 4954 9366 4882 9366 4882 9367 4954 9367 4883 9367 4954 9368 4955 9368 4883 9368 4883 9369 4955 9369 4884 9369 4955 9370 4956 9370 4884 9370 4884 9371 4956 9371 4885 9371 4956 9372 4957 9372 4885 9372 4885 9373 4957 9373 4886 9373 4957 9374 4958 9374 4886 9374 4886 9375 4958 9375 4887 9375 4958 9376 4959 9376 4887 9376 4887 9377 4959 9377 4888 9377 4959 9378 4960 9378 4888 9378 4888 9379 4960 9379 4889 9379 4960 9380 4961 9380 4889 9380 4889 9381 4961 9381 4890 9381 4961 9382 4962 9382 4890 9382 4890 9383 4962 9383 4891 9383 4962 9384 4963 9384 4891 9384 4891 9385 4963 9385 4892 9385 4963 9386 4964 9386 4892 9386 4892 9387 4964 9387 4893 9387 4964 9388 4965 9388 4893 9388 4893 9389 4965 9389 4894 9389 4965 9390 4966 9390 4894 9390 4894 9391 4966 9391 4895 9391 4966 9392 4967 9392 4895 9392 4895 9393 4967 9393 4896 9393 4967 9394 4968 9394 4896 9394 4896 9395 4968 9395 4897 9395 4968 9396 4969 9396 4897 9396 4897 9397 4969 9397 4898 9397 4969 9398 4970 9398 4898 9398 4898 9399 4970 9399 4827 9399 4970 9400 4899 9400 4827 9400 4899 9401 4971 9401 4900 9401 4971 9401 4972 9401 4900 9401 4900 9402 4972 9402 4901 9402 4972 9403 4973 9403 4901 9403 4901 9404 4973 9404 4902 9404 4973 9405 4974 9405 4902 9405 4902 9406 4974 9406 4903 9406 4974 9406 4975 9406 4903 9406 4903 9407 4975 9407 4904 9407 4975 9408 4976 9408 4904 9408 4904 9409 4976 9409 4905 9409 4976 9410 4977 9410 4905 9410 4905 9411 4977 9411 4906 9411 4977 9412 4978 9412 4906 9412 4906 9413 4978 9413 4907 9413 4978 9414 4979 9414 4907 9414 4907 9415 4979 9415 4908 9415 4979 9416 4980 9416 4908 9416 4908 9417 4980 9417 4909 9417 4980 9418 4981 9418 4909 9418 4909 9419 4981 9419 4910 9419 4981 9419 4982 9419 4910 9419 4910 9420 4982 9420 4911 9420 4982 9420 4983 9420 4911 9420 4911 9421 4983 9421 4912 9421 4983 9422 4984 9422 4912 9422 4912 9423 4984 9423 4913 9423 4984 9423 4985 9423 4913 9423 4913 9424 4985 9424 4914 9424 4985 9425 4986 9425 4914 9425 4914 9426 4986 9426 4915 9426 4986 9426 4987 9426 4915 9426 4915 9427 4987 9427 4916 9427 4987 9428 4988 9428 4916 9428 4916 9429 4988 9429 4917 9429 4988 9430 4989 9430 4917 9430 4917 9431 4989 9431 4918 9431 4989 9431 4990 9431 4918 9431 4918 9432 4990 9432 4919 9432 4990 9433 4991 9433 4919 9433 4919 9434 4991 9434 4920 9434 4991 9434 4992 9434 4920 9434 4920 9435 4992 9435 4921 9435 4992 9436 4993 9436 4921 9436 4921 9437 4993 9437 4922 9437 4993 9437 4994 9437 4922 9437 4922 9438 4994 9438 4923 9438 4994 9438 4995 9438 4923 9438 4923 9439 4995 9439 4924 9439 4995 9440 4996 9440 4924 9440 4924 9441 4996 9441 4925 9441 4996 9442 4997 9442 4925 9442 4925 9443 4997 9443 4926 9443 4997 9444 4998 9444 4926 9444 4926 9445 4998 9445 4927 9445 4998 9446 4999 9446 4927 9446 4927 9447 4999 9447 4928 9447 4999 9448 5000 9448 4928 9448 4928 9449 5000 9449 4929 9449 5000 9450 5001 9450 4929 9450 4929 9451 5001 9451 4930 9451 5001 9451 5002 9451 4930 9451 4930 9452 5002 9452 4931 9452 5002 9453 5003 9453 4931 9453 4931 9454 5003 9454 4932 9454 5003 9455 5004 9455 4932 9455 4932 9456 5004 9456 4933 9456 5004 9456 5005 9456 4933 9456 4933 9457 5005 9457 4934 9457 5005 9457 5006 9457 4934 9457 4934 9458 5006 9458 4935 9458 5006 9458 5007 9458 4935 9458 4935 9459 5007 9459 4936 9459 5007 9459 5008 9459 4936 9459 4936 9460 5008 9460 4937 9460 5008 9461 5009 9461 4937 9461 4937 9462 5009 9462 4938 9462 5009 9463 5010 9463 4938 9463 4938 9464 5010 9464 4939 9464 5010 9464 5011 9464 4939 9464 4939 9465 5011 9465 4940 9465 5011 9466 5012 9466 4940 9466 4940 9467 5012 9467 4941 9467 5012 9468 5013 9468 4941 9468 4941 9469 5013 9469 4942 9469 5013 9470 5014 9470 4942 9470 4942 9471 5014 9471 4943 9471 5014 9472 5015 9472 4943 9472 4943 9473 5015 9473 4944 9473 5015 9474 5016 9474 4944 9474 4944 9475 5016 9475 4945 9475 5016 9476 5017 9476 4945 9476 4945 9477 5017 9477 4946 9477 5017 9477 5018 9477 4946 9477 4946 9478 5018 9478 4947 9478 5018 9478 5019 9478 4947 9478 4947 9479 5019 9479 4948 9479 5019 9480 5020 9480 4948 9480 4948 9481 5020 9481 4949 9481 5020 9481 5021 9481 4949 9481 4949 9482 5021 9482 4950 9482 5021 9483 5022 9483 4950 9483 4950 9484 5022 9484 4951 9484 5022 9484 5023 9484 4951 9484 4951 9485 5023 9485 4952 9485 5023 9486 5024 9486 4952 9486 4952 9487 5024 9487 4953 9487 5024 9488 5025 9488 4953 9488 4953 9489 5025 9489 4954 9489 5025 9489 5026 9489 4954 9489 4954 9490 5026 9490 4955 9490 5026 9491 5027 9491 4955 9491 4955 9492 5027 9492 4956 9492 5027 9492 5028 9492 4956 9492 4956 9493 5028 9493 4957 9493 5028 9494 5029 9494 4957 9494 4957 9495 5029 9495 4958 9495 5029 9495 5030 9495 4958 9495 4958 9496 5030 9496 4959 9496 5030 9496 5031 9496 4959 9496 4959 9497 5031 9497 4960 9497 5031 9498 5032 9498 4960 9498 4960 9499 5032 9499 4961 9499 5032 9500 5033 9500 4961 9500 4961 9501 5033 9501 4962 9501 5033 9502 5034 9502 4962 9502 4962 9503 5034 9503 4963 9503 5034 9504 5035 9504 4963 9504 4963 9505 5035 9505 4964 9505 5035 9506 5036 9506 4964 9506 4964 9507 5036 9507 4965 9507 5036 9508 5037 9508 4965 9508 4965 9509 5037 9509 4966 9509 5037 9509 5038 9509 4966 9509 4966 9510 5038 9510 4967 9510 5038 9511 5039 9511 4967 9511 4967 9512 5039 9512 4968 9512 5039 9513 5040 9513 4968 9513 4968 9514 5040 9514 4969 9514 5040 9514 5041 9514 4969 9514 4969 9515 5041 9515 4970 9515 5041 9515 5042 9515 4970 9515 4970 9516 5042 9516 4899 9516 5042 9516 4971 9516 4899 9516 4971 9517 5043 9517 4972 9517 5043 9518 5044 9518 4972 9518 4972 9519 5044 9519 4973 9519 5044 9520 5045 9520 4973 9520 4973 9521 5045 9521 4974 9521 5045 9522 5046 9522 4974 9522 4974 9523 5046 9523 4975 9523 5046 9524 5047 9524 4975 9524 4975 9525 5047 9525 4976 9525 5047 9526 5048 9526 4976 9526 4976 9527 5048 9527 4977 9527 5048 9528 5049 9528 4977 9528 4977 9529 5049 9529 4978 9529 5049 9530 5050 9530 4978 9530 4978 9531 5050 9531 4979 9531 5050 9532 5051 9532 4979 9532 4979 9533 5051 9533 4980 9533 5051 9534 5052 9534 4980 9534 4980 9535 5052 9535 4981 9535 5052 9536 5053 9536 4981 9536 4981 9537 5053 9537 4982 9537 5053 9538 5054 9538 4982 9538 4982 9539 5054 9539 4983 9539 5054 9540 5055 9540 4983 9540 4983 9541 5055 9541 4984 9541 5055 9542 5056 9542 4984 9542 4984 9543 5056 9543 4985 9543 5056 9544 5057 9544 4985 9544 4985 9545 5057 9545 4986 9545 5057 9546 5058 9546 4986 9546 4986 9547 5058 9547 4987 9547 5058 9548 5059 9548 4987 9548 4987 9549 5059 9549 4988 9549 5059 9550 5060 9550 4988 9550 4988 9551 5060 9551 4989 9551 5060 9552 5061 9552 4989 9552 4989 9553 5061 9553 4990 9553 5061 9554 5062 9554 4990 9554 4990 9555 5062 9555 4991 9555 5062 9556 5063 9556 4991 9556 4991 9557 5063 9557 4992 9557 5063 9558 5064 9558 4992 9558 4992 9559 5064 9559 4993 9559 5064 9560 5065 9560 4993 9560 4993 9561 5065 9561 4994 9561 5065 9562 5066 9562 4994 9562 4994 9563 5066 9563 4995 9563 5066 9564 5067 9564 4995 9564 4995 9565 5067 9565 4996 9565 5067 9566 5068 9566 4996 9566 4996 9567 5068 9567 4997 9567 5068 9568 5069 9568 4997 9568 4997 9569 5069 9569 4998 9569 5069 9570 5070 9570 4998 9570 4998 9571 5070 9571 4999 9571 5070 9572 5071 9572 4999 9572 4999 9573 5071 9573 5000 9573 5071 9574 5072 9574 5000 9574 5000 9575 5072 9575 5001 9575 5072 9576 5073 9576 5001 9576 5001 9577 5073 9577 5002 9577 5073 9578 5074 9578 5002 9578 5002 9579 5074 9579 5003 9579 5074 9580 5075 9580 5003 9580 5003 9581 5075 9581 5004 9581 5075 9582 5076 9582 5004 9582 5004 9583 5076 9583 5005 9583 5076 9584 5077 9584 5005 9584 5005 9585 5077 9585 5006 9585 5077 9586 5078 9586 5006 9586 5006 9587 5078 9587 5007 9587 5078 9588 5079 9588 5007 9588 5007 9589 5079 9589 5008 9589 5079 9590 5080 9590 5008 9590 5008 9591 5080 9591 5009 9591 5080 9592 5081 9592 5009 9592 5009 9593 5081 9593 5010 9593 5081 9594 5082 9594 5010 9594 5010 9595 5082 9595 5011 9595 5082 9596 5083 9596 5011 9596 5011 9597 5083 9597 5012 9597 5083 9598 5084 9598 5012 9598 5012 9599 5084 9599 5013 9599 5084 9600 5085 9600 5013 9600 5013 9601 5085 9601 5014 9601 5085 9602 5086 9602 5014 9602 5014 9603 5086 9603 5015 9603 5086 9604 5087 9604 5015 9604 5015 9605 5087 9605 5016 9605 5087 9606 5088 9606 5016 9606 5016 9607 5088 9607 5017 9607 5088 9608 5089 9608 5017 9608 5017 9609 5089 9609 5018 9609 5089 9610 5090 9610 5018 9610 5018 9611 5090 9611 5019 9611 5090 9612 5091 9612 5019 9612 5019 9613 5091 9613 5020 9613 5091 9614 5092 9614 5020 9614 5020 9615 5092 9615 5021 9615 5092 9616 5093 9616 5021 9616 5021 9617 5093 9617 5022 9617 5093 9618 5094 9618 5022 9618 5022 9619 5094 9619 5023 9619 5094 9620 5095 9620 5023 9620 5023 9621 5095 9621 5024 9621 5095 9622 5096 9622 5024 9622 5024 9623 5096 9623 5025 9623 5096 9624 5097 9624 5025 9624 5025 9625 5097 9625 5026 9625 5097 9626 5098 9626 5026 9626 5026 9627 5098 9627 5027 9627 5098 9628 5099 9628 5027 9628 5027 9629 5099 9629 5028 9629 5099 9630 5100 9630 5028 9630 5028 9631 5100 9631 5029 9631 5100 9632 5101 9632 5029 9632 5029 9633 5101 9633 5030 9633 5101 9634 5102 9634 5030 9634 5030 9635 5102 9635 5031 9635 5102 9636 5103 9636 5031 9636 5031 9637 5103 9637 5032 9637 5103 9638 5104 9638 5032 9638 5032 9639 5104 9639 5033 9639 5104 9640 5105 9640 5033 9640 5033 9641 5105 9641 5034 9641 5105 9642 5106 9642 5034 9642 5034 9643 5106 9643 5035 9643 5106 9644 5107 9644 5035 9644 5035 9645 5107 9645 5036 9645 5107 9646 5108 9646 5036 9646 5036 9647 5108 9647 5037 9647 5108 9648 5109 9648 5037 9648 5037 9649 5109 9649 5038 9649 5109 9650 5110 9650 5038 9650 5038 9651 5110 9651 5039 9651 5110 9652 5111 9652 5039 9652 5039 9653 5111 9653 5040 9653 5111 9654 5112 9654 5040 9654 5040 9655 5112 9655 5041 9655 5112 9656 5113 9656 5041 9656 5041 9657 5113 9657 5042 9657 5113 9658 5114 9658 5042 9658 5042 9659 5114 9659 4971 9659 5114 9660 5043 9660 4971 9660 5043 9661 5115 9661 5044 9661 5115 9662 5116 9662 5044 9662 5044 9663 5116 9663 5045 9663 5116 9664 5117 9664 5045 9664 5045 9665 5117 9665 5046 9665 5117 9666 5118 9666 5046 9666 5046 9667 5118 9667 5047 9667 5118 9668 5119 9668 5047 9668 5047 9669 5119 9669 5048 9669 5119 9670 5120 9670 5048 9670 5048 9671 5120 9671 5049 9671 5120 9672 5121 9672 5049 9672 5049 9673 5121 9673 5050 9673 5121 9674 5122 9674 5050 9674 5050 9675 5122 9675 5051 9675 5122 9676 5123 9676 5051 9676 5051 9677 5123 9677 5052 9677 5123 9678 5124 9678 5052 9678 5052 9679 5124 9679 5053 9679 5124 9680 5125 9680 5053 9680 5053 9681 5125 9681 5054 9681 5125 9682 5126 9682 5054 9682 5054 9683 5126 9683 5055 9683 5126 9684 5127 9684 5055 9684 5055 9685 5127 9685 5056 9685 5127 9686 5128 9686 5056 9686 5056 9687 5128 9687 5057 9687 5128 9688 5129 9688 5057 9688 5057 9689 5129 9689 5058 9689 5129 9690 5130 9690 5058 9690 5058 9691 5130 9691 5059 9691 5130 9692 5131 9692 5059 9692 5059 9693 5131 9693 5060 9693 5131 9694 5132 9694 5060 9694 5060 9695 5132 9695 5061 9695 5132 9696 5133 9696 5061 9696 5061 9697 5133 9697 5062 9697 5133 9698 5134 9698 5062 9698 5062 9699 5134 9699 5063 9699 5134 9700 5135 9700 5063 9700 5063 9701 5135 9701 5064 9701 5135 9702 5136 9702 5064 9702 5064 9703 5136 9703 5065 9703 5136 9704 5137 9704 5065 9704 5065 9705 5137 9705 5066 9705 5137 9706 5138 9706 5066 9706 5066 9707 5138 9707 5067 9707 5138 9708 5139 9708 5067 9708 5067 9709 5139 9709 5068 9709 5139 9710 5140 9710 5068 9710 5068 9711 5140 9711 5069 9711 5140 9712 5141 9712 5069 9712 5069 9713 5141 9713 5070 9713 5141 9714 5142 9714 5070 9714 5070 9715 5142 9715 5071 9715 5142 9716 5143 9716 5071 9716 5071 9717 5143 9717 5072 9717 5143 9718 5144 9718 5072 9718 5072 9719 5144 9719 5073 9719 5144 9720 5145 9720 5073 9720 5073 9721 5145 9721 5074 9721 5145 9722 5146 9722 5074 9722 5074 9723 5146 9723 5075 9723 5146 9724 5147 9724 5075 9724 5075 9725 5147 9725 5076 9725 5147 9726 5148 9726 5076 9726 5076 9727 5148 9727 5077 9727 5148 9728 5149 9728 5077 9728 5077 9729 5149 9729 5078 9729 5149 9730 5150 9730 5078 9730 5078 9731 5150 9731 5079 9731 5150 9732 5151 9732 5079 9732 5079 9733 5151 9733 5080 9733 5151 9734 5152 9734 5080 9734 5080 9735 5152 9735 5081 9735 5152 9736 5153 9736 5081 9736 5081 9737 5153 9737 5082 9737 5153 9738 5154 9738 5082 9738 5082 9739 5154 9739 5083 9739 5154 9740 5155 9740 5083 9740 5083 9741 5155 9741 5084 9741 5155 9742 5156 9742 5084 9742 5084 9743 5156 9743 5085 9743 5156 9744 5157 9744 5085 9744 5085 9745 5157 9745 5086 9745 5157 9746 5158 9746 5086 9746 5086 9747 5158 9747 5087 9747 5158 9748 5159 9748 5087 9748 5087 9749 5159 9749 5088 9749 5159 9750 5160 9750 5088 9750 5088 9751 5160 9751 5089 9751 5160 9752 5161 9752 5089 9752 5089 9753 5161 9753 5090 9753 5161 9754 5162 9754 5090 9754 5090 9755 5162 9755 5091 9755 5162 9756 5163 9756 5091 9756 5091 9757 5163 9757 5092 9757 5163 9758 5164 9758 5092 9758 5092 9759 5164 9759 5093 9759 5164 9760 5165 9760 5093 9760 5093 9761 5165 9761 5094 9761 5165 9762 5166 9762 5094 9762 5094 9763 5166 9763 5095 9763 5166 9764 5167 9764 5095 9764 5095 9765 5167 9765 5096 9765 5167 9766 5168 9766 5096 9766 5096 9767 5168 9767 5097 9767 5168 9768 5169 9768 5097 9768 5097 9769 5169 9769 5098 9769 5169 9770 5170 9770 5098 9770 5098 9771 5170 9771 5099 9771 5170 9772 5171 9772 5099 9772 5099 9773 5171 9773 5100 9773 5171 9774 5172 9774 5100 9774 5100 9775 5172 9775 5101 9775 5172 9776 5173 9776 5101 9776 5101 9777 5173 9777 5102 9777 5173 9778 5174 9778 5102 9778 5102 9779 5174 9779 5103 9779 5174 9780 5175 9780 5103 9780 5103 9781 5175 9781 5104 9781 5175 9782 5176 9782 5104 9782 5104 9783 5176 9783 5105 9783 5176 9784 5177 9784 5105 9784 5105 9785 5177 9785 5106 9785 5177 9786 5178 9786 5106 9786 5106 9787 5178 9787 5107 9787 5178 9788 5179 9788 5107 9788 5107 9789 5179 9789 5108 9789 5179 9790 5180 9790 5108 9790 5108 9791 5180 9791 5109 9791 5180 9792 5181 9792 5109 9792 5109 9793 5181 9793 5110 9793 5181 9794 5182 9794 5110 9794 5110 9795 5182 9795 5111 9795 5182 9796 5183 9796 5111 9796 5111 9797 5183 9797 5112 9797 5183 9798 5184 9798 5112 9798 5112 9799 5184 9799 5113 9799 5184 9800 5185 9800 5113 9800 5113 9801 5185 9801 5114 9801 5185 9802 5186 9802 5114 9802 5114 9803 5186 9803 5043 9803 5186 9804 5115 9804 5043 9804 5115 9805 5187 9805 5116 9805 5187 9806 5188 9806 5116 9806 5116 9807 5188 9807 5117 9807 5188 9808 5189 9808 5117 9808 5117 9809 5189 9809 5118 9809 5189 9810 5190 9810 5118 9810 5118 9811 5190 9811 5119 9811 5190 9812 5191 9812 5119 9812 5119 9813 5191 9813 5120 9813 5191 9814 5192 9814 5120 9814 5120 9815 5192 9815 5121 9815 5192 9816 5193 9816 5121 9816 5121 9817 5193 9817 5122 9817 5193 9818 5194 9818 5122 9818 5122 9819 5194 9819 5123 9819 5194 9820 5195 9820 5123 9820 5123 9821 5195 9821 5124 9821 5195 9822 5196 9822 5124 9822 5124 9823 5196 9823 5125 9823 5196 9824 5197 9824 5125 9824 5125 9825 5197 9825 5126 9825 5197 9826 5198 9826 5126 9826 5126 9827 5198 9827 5127 9827 5198 9828 5199 9828 5127 9828 5127 9829 5199 9829 5128 9829 5199 9830 5200 9830 5128 9830 5128 9831 5200 9831 5129 9831 5200 9832 5201 9832 5129 9832 5129 9833 5201 9833 5130 9833 5201 9834 5202 9834 5130 9834 5130 9835 5202 9835 5131 9835 5202 9836 5203 9836 5131 9836 5131 9837 5203 9837 5132 9837 5203 9838 5204 9838 5132 9838 5132 9839 5204 9839 5133 9839 5204 9840 5205 9840 5133 9840 5133 9841 5205 9841 5134 9841 5205 9842 5206 9842 5134 9842 5134 9843 5206 9843 5135 9843 5206 9844 5207 9844 5135 9844 5135 9845 5207 9845 5136 9845 5207 9846 5208 9846 5136 9846 5136 9847 5208 9847 5137 9847 5208 9848 5209 9848 5137 9848 5137 9849 5209 9849 5138 9849 5209 9850 5210 9850 5138 9850 5138 9851 5210 9851 5139 9851 5210 9852 5211 9852 5139 9852 5139 9853 5211 9853 5140 9853 5211 9854 5212 9854 5140 9854 5140 9855 5212 9855 5141 9855 5212 9856 5213 9856 5141 9856 5141 9857 5213 9857 5142 9857 5213 9858 5214 9858 5142 9858 5142 9859 5214 9859 5143 9859 5214 9860 5215 9860 5143 9860 5143 9861 5215 9861 5144 9861 5215 9862 5216 9862 5144 9862 5144 9863 5216 9863 5145 9863 5216 9864 5217 9864 5145 9864 5145 9865 5217 9865 5146 9865 5217 9866 5218 9866 5146 9866 5146 9867 5218 9867 5147 9867 5218 9868 5219 9868 5147 9868 5147 9869 5219 9869 5148 9869 5219 9870 5220 9870 5148 9870 5148 9871 5220 9871 5149 9871 5220 9872 5221 9872 5149 9872 5149 9873 5221 9873 5150 9873 5221 9874 5222 9874 5150 9874 5150 9875 5222 9875 5151 9875 5222 9876 5223 9876 5151 9876 5151 9877 5223 9877 5152 9877 5223 9878 5224 9878 5152 9878 5152 9879 5224 9879 5153 9879 5224 9880 5225 9880 5153 9880 5153 9881 5225 9881 5154 9881 5225 9882 5226 9882 5154 9882 5154 9883 5226 9883 5155 9883 5226 9884 5227 9884 5155 9884 5155 9885 5227 9885 5156 9885 5227 9886 5228 9886 5156 9886 5156 9887 5228 9887 5157 9887 5228 9888 5229 9888 5157 9888 5157 9889 5229 9889 5158 9889 5229 9890 5230 9890 5158 9890 5158 9891 5230 9891 5159 9891 5230 9892 5231 9892 5159 9892 5159 9893 5231 9893 5160 9893 5231 9894 5232 9894 5160 9894 5160 9895 5232 9895 5161 9895 5232 9896 5233 9896 5161 9896 5161 9897 5233 9897 5162 9897 5233 9898 5234 9898 5162 9898 5162 9899 5234 9899 5163 9899 5234 9900 5235 9900 5163 9900 5163 9901 5235 9901 5164 9901 5235 9902 5236 9902 5164 9902 5164 9903 5236 9903 5165 9903 5236 9904 5237 9904 5165 9904 5165 9905 5237 9905 5166 9905 5237 9906 5238 9906 5166 9906 5166 9907 5238 9907 5167 9907 5238 9908 5239 9908 5167 9908 5167 9909 5239 9909 5168 9909 5239 9910 5240 9910 5168 9910 5168 9911 5240 9911 5169 9911 5240 9912 5241 9912 5169 9912 5169 9913 5241 9913 5170 9913 5241 9914 5242 9914 5170 9914 5170 9915 5242 9915 5171 9915 5242 9916 5243 9916 5171 9916 5171 9917 5243 9917 5172 9917 5243 9918 5244 9918 5172 9918 5172 9919 5244 9919 5173 9919 5244 9920 5245 9920 5173 9920 5173 9921 5245 9921 5174 9921 5245 9922 5246 9922 5174 9922 5174 9923 5246 9923 5175 9923 5246 9924 5247 9924 5175 9924 5175 9925 5247 9925 5176 9925 5247 9926 5248 9926 5176 9926 5176 9927 5248 9927 5177 9927 5248 9928 5249 9928 5177 9928 5177 9929 5249 9929 5178 9929 5249 9930 5250 9930 5178 9930 5178 9931 5250 9931 5179 9931 5250 9932 5251 9932 5179 9932 5179 9933 5251 9933 5180 9933 5251 9934 5252 9934 5180 9934 5180 9935 5252 9935 5181 9935 5252 9936 5253 9936 5181 9936 5181 9937 5253 9937 5182 9937 5253 9938 5254 9938 5182 9938 5182 9939 5254 9939 5183 9939 5254 9940 5255 9940 5183 9940 5183 9941 5255 9941 5184 9941 5255 9942 5256 9942 5184 9942 5184 9943 5256 9943 5185 9943 5256 9944 5257 9944 5185 9944 5185 9945 5257 9945 5186 9945 5257 9946 5258 9946 5186 9946 5186 9947 5258 9947 5115 9947 5258 9948 5187 9948 5115 9948 5187 9949 5259 9949 5188 9949 5259 9950 5260 9950 5188 9950 5188 9951 5260 9951 5189 9951 5260 9952 5261 9952 5189 9952 5189 9953 5261 9953 5190 9953 5261 9954 5262 9954 5190 9954 5190 9955 5262 9955 5191 9955 5262 9956 5263 9956 5191 9956 5191 9957 5263 9957 5192 9957 5263 9958 5264 9958 5192 9958 5192 9959 5264 9959 5193 9959 5264 9960 5265 9960 5193 9960 5193 9961 5265 9961 5194 9961 5265 9962 5266 9962 5194 9962 5194 9963 5266 9963 5195 9963 5266 9964 5267 9964 5195 9964 5195 9965 5267 9965 5196 9965 5267 9966 5268 9966 5196 9966 5196 9967 5268 9967 5197 9967 5268 9968 5269 9968 5197 9968 5197 9969 5269 9969 5198 9969 5269 9970 5270 9970 5198 9970 5198 9971 5270 9971 5199 9971 5270 9972 5271 9972 5199 9972 5199 9973 5271 9973 5200 9973 5271 9974 5272 9974 5200 9974 5200 9975 5272 9975 5201 9975 5272 9976 5273 9976 5201 9976 5201 9977 5273 9977 5202 9977 5273 9978 5274 9978 5202 9978 5202 9979 5274 9979 5203 9979 5274 9980 5275 9980 5203 9980 5203 9981 5275 9981 5204 9981 5275 9982 5276 9982 5204 9982 5204 9983 5276 9983 5205 9983 5276 9984 5277 9984 5205 9984 5205 9985 5277 9985 5206 9985 5277 9986 5278 9986 5206 9986 5206 9987 5278 9987 5207 9987 5278 9988 5279 9988 5207 9988 5207 9989 5279 9989 5208 9989 5279 9990 5280 9990 5208 9990 5208 9991 5280 9991 5209 9991 5280 9992 5281 9992 5209 9992 5209 9993 5281 9993 5210 9993 5281 9994 5282 9994 5210 9994 5210 9995 5282 9995 5211 9995 5282 9996 5283 9996 5211 9996 5211 9997 5283 9997 5212 9997 5283 9998 5284 9998 5212 9998 5212 9999 5284 9999 5213 9999 5284 10000 5285 10000 5213 10000 5213 10001 5285 10001 5214 10001 5285 10002 5286 10002 5214 10002 5214 10003 5286 10003 5215 10003 5286 10004 5287 10004 5215 10004 5215 10005 5287 10005 5216 10005 5287 10006 5288 10006 5216 10006 5216 10007 5288 10007 5217 10007 5288 10008 5289 10008 5217 10008 5217 10009 5289 10009 5218 10009 5289 10010 5290 10010 5218 10010 5218 10011 5290 10011 5219 10011 5290 10012 5291 10012 5219 10012 5219 10013 5291 10013 5220 10013 5291 10014 5292 10014 5220 10014 5220 10015 5292 10015 5221 10015 5292 10016 5293 10016 5221 10016 5221 10017 5293 10017 5222 10017 5293 10018 5294 10018 5222 10018 5222 10019 5294 10019 5223 10019 5294 10020 5295 10020 5223 10020 5223 10021 5295 10021 5224 10021 5295 10022 5296 10022 5224 10022 5224 10023 5296 10023 5225 10023 5296 10024 5297 10024 5225 10024 5225 10025 5297 10025 5226 10025 5297 10026 5298 10026 5226 10026 5226 10027 5298 10027 5227 10027 5298 10028 5299 10028 5227 10028 5227 10029 5299 10029 5228 10029 5299 10030 5300 10030 5228 10030 5228 10031 5300 10031 5229 10031 5300 10032 5301 10032 5229 10032 5229 10033 5301 10033 5230 10033 5301 10034 5302 10034 5230 10034 5230 10035 5302 10035 5231 10035 5302 10036 5303 10036 5231 10036 5231 10037 5303 10037 5232 10037 5303 10038 5304 10038 5232 10038 5232 10039 5304 10039 5233 10039 5304 10040 5305 10040 5233 10040 5233 10041 5305 10041 5234 10041 5305 10042 5306 10042 5234 10042 5234 10043 5306 10043 5235 10043 5306 10044 5307 10044 5235 10044 5235 10045 5307 10045 5236 10045 5307 10046 5308 10046 5236 10046 5236 10047 5308 10047 5237 10047 5308 10048 5309 10048 5237 10048 5237 10049 5309 10049 5238 10049 5309 10050 5310 10050 5238 10050 5238 10051 5310 10051 5239 10051 5310 10052 5311 10052 5239 10052 5239 10053 5311 10053 5240 10053 5311 10054 5312 10054 5240 10054 5240 10055 5312 10055 5241 10055 5312 10056 5313 10056 5241 10056 5241 10057 5313 10057 5242 10057 5313 10058 5314 10058 5242 10058 5242 10059 5314 10059 5243 10059 5314 10060 5315 10060 5243 10060 5243 10061 5315 10061 5244 10061 5315 10062 5316 10062 5244 10062 5244 10063 5316 10063 5245 10063 5316 10064 5317 10064 5245 10064 5245 10065 5317 10065 5246 10065 5317 10066 5318 10066 5246 10066 5246 10067 5318 10067 5247 10067 5318 10068 5319 10068 5247 10068 5247 10069 5319 10069 5248 10069 5319 10070 5320 10070 5248 10070 5248 10071 5320 10071 5249 10071 5320 10072 5321 10072 5249 10072 5249 10073 5321 10073 5250 10073 5321 10074 5322 10074 5250 10074 5250 10075 5322 10075 5251 10075 5322 10076 5323 10076 5251 10076 5251 10077 5323 10077 5252 10077 5323 10078 5324 10078 5252 10078 5252 10079 5324 10079 5253 10079 5324 10080 5325 10080 5253 10080 5253 10081 5325 10081 5254 10081 5325 10082 5326 10082 5254 10082 5254 10083 5326 10083 5255 10083 5326 10084 5327 10084 5255 10084 5255 10085 5327 10085 5256 10085 5327 10086 5328 10086 5256 10086 5256 10087 5328 10087 5257 10087 5328 10088 5329 10088 5257 10088 5257 10089 5329 10089 5258 10089 5329 10090 5330 10090 5258 10090 5258 10091 5330 10091 5187 10091 5330 10092 5259 10092 5187 10092 5259 10093 110 10093 5260 10093 110 10094 112 10094 5260 10094 5260 10095 112 10095 5261 10095 112 10096 114 10096 5261 10096 5261 10097 114 10097 5262 10097 114 10098 116 10098 5262 10098 5262 10099 116 10099 5263 10099 116 10100 118 10100 5263 10100 5263 10101 118 10101 5264 10101 118 10102 120 10102 5264 10102 5264 10103 120 10103 5265 10103 120 10104 122 10104 5265 10104 5265 10105 122 10105 5266 10105 122 10106 124 10106 5266 10106 5266 10107 124 10107 5267 10107 124 10108 126 10108 5267 10108 5267 10109 126 10109 5268 10109 126 10110 128 10110 5268 10110 5268 10111 128 10111 5269 10111 128 10112 130 10112 5269 10112 5269 10113 130 10113 5270 10113 130 10114 132 10114 5270 10114 5270 10115 132 10115 5271 10115 132 10116 134 10116 5271 10116 5271 10117 134 10117 5272 10117 134 10118 136 10118 5272 10118 5272 10119 136 10119 5273 10119 136 10120 138 10120 5273 10120 5273 10121 138 10121 5274 10121 138 10122 140 10122 5274 10122 5274 10123 140 10123 5275 10123 140 10124 142 10124 5275 10124 5275 10125 142 10125 5276 10125 142 10126 0 10126 5276 10126 5276 10127 0 10127 5277 10127 0 10128 2 10128 5277 10128 5277 10129 2 10129 5278 10129 2 10130 4 10130 5278 10130 5278 10131 4 10131 5279 10131 4 10132 6 10132 5279 10132 5279 10133 6 10133 5280 10133 6 10134 8 10134 5280 10134 5280 10135 8 10135 5281 10135 8 10136 10 10136 5281 10136 5281 10137 10 10137 5282 10137 10 10138 12 10138 5282 10138 5282 10139 12 10139 5283 10139 12 10140 14 10140 5283 10140 5283 10141 14 10141 5284 10141 14 10142 16 10142 5284 10142 5284 10143 16 10143 5285 10143 16 10144 18 10144 5285 10144 5285 10145 18 10145 5286 10145 18 10146 20 10146 5286 10146 5286 10147 20 10147 5287 10147 20 10148 22 10148 5287 10148 5287 10149 22 10149 5288 10149 22 10150 24 10150 5288 10150 5288 10151 24 10151 5289 10151 24 10152 26 10152 5289 10152 5289 10153 26 10153 5290 10153 26 10154 28 10154 5290 10154 5290 10155 28 10155 5291 10155 28 10156 30 10156 5291 10156 5291 10157 30 10157 5292 10157 30 10158 32 10158 5292 10158 5292 10159 32 10159 5293 10159 32 10160 34 10160 5293 10160 5293 10161 34 10161 5294 10161 34 10162 36 10162 5294 10162 5294 10163 36 10163 5295 10163 36 10164 38 10164 5295 10164 5295 10165 38 10165 5296 10165 38 10166 40 10166 5296 10166 5296 10167 40 10167 5297 10167 40 10168 42 10168 5297 10168 5297 10169 42 10169 5298 10169 42 10170 44 10170 5298 10170 5298 10171 44 10171 5299 10171 44 10172 46 10172 5299 10172 5299 10173 46 10173 5300 10173 46 10174 48 10174 5300 10174 5300 10175 48 10175 5301 10175 48 10176 50 10176 5301 10176 5301 10177 50 10177 5302 10177 50 10178 52 10178 5302 10178 5302 10179 52 10179 5303 10179 52 10180 54 10180 5303 10180 5303 10181 54 10181 5304 10181 54 10182 56 10182 5304 10182 5304 10183 56 10183 5305 10183 56 10184 58 10184 5305 10184 5305 10185 58 10185 5306 10185 58 10186 60 10186 5306 10186 5306 10187 60 10187 5307 10187 60 10188 62 10188 5307 10188 5307 10189 62 10189 5308 10189 62 10190 64 10190 5308 10190 5308 10191 64 10191 5309 10191 64 10192 66 10192 5309 10192 5309 10193 66 10193 5310 10193 66 10194 68 10194 5310 10194 5310 10195 68 10195 5311 10195 68 10196 70 10196 5311 10196 5311 10197 70 10197 5312 10197 70 10198 72 10198 5312 10198 5312 10199 72 10199 5313 10199 72 10200 74 10200 5313 10200 5313 10201 74 10201 5314 10201 74 10202 76 10202 5314 10202 5314 10203 76 10203 5315 10203 76 10204 78 10204 5315 10204 5315 10205 78 10205 5316 10205 78 10206 80 10206 5316 10206 5316 10207 80 10207 5317 10207 80 10208 82 10208 5317 10208 5317 10209 82 10209 5318 10209 82 10210 84 10210 5318 10210 5318 10211 84 10211 5319 10211 84 10212 86 10212 5319 10212 5319 10213 86 10213 5320 10213 86 10214 88 10214 5320 10214 5320 10215 88 10215 5321 10215 88 10216 90 10216 5321 10216 5321 10217 90 10217 5322 10217 90 10218 92 10218 5322 10218 5322 10219 92 10219 5323 10219 92 10220 94 10220 5323 10220 5323 10221 94 10221 5324 10221 94 10222 96 10222 5324 10222 5324 10223 96 10223 5325 10223 96 10224 98 10224 5325 10224 5325 10225 98 10225 5326 10225 98 10226 100 10226 5326 10226 5326 10227 100 10227 5327 10227 100 10228 102 10228 5327 10228 5327 10229 102 10229 5328 10229 102 10230 104 10230 5328 10230 5328 10231 104 10231 5329 10231 104 10232 106 10232 5329 10232 5329 10233 106 10233 5330 10233 106 10234 108 10234 5330 10234 5330 10235 108 10235 5259 10235 108 10236 110 10236 5259 10236</p>
        </triangles>
      </mesh>
    </geometry>
  </library_geometries>
  <library_visual_scenes>
    <visual_scene id="Scene" name="Scene">
      <node id="heim_joint_m8_outer_part" name="heim_joint_m8_outer_part" type="NODE">
        <matrix sid="transform">1 0 0 0 0 1 0 0 0 0 1 0 0 0 0 1</matrix>
        <instance_geometry url="#heim_joint_m8_outer_part-mesh" name="heim_joint_m8_outer_part"/>
      </node>
    </visual_scene>
  </library_visual_scenes>
  <scene>
    <instance_visual_scene url="#Scene"/>
  </scene>
</COLLADA>