<?xml version="1.0" encoding="utf-8"?>
<COLLADA xmlns="http://www.collada.org/2005/11/COLLADASchema" version="1.4.1" xmlns:xsi="http://www.w3.org/2001/XMLSchema-instance">
  <asset>
    <contributor>
      <author>Blender User</author>
      <authoring_tool>Blender 3.0.1</authoring_tool>
    </contributor>
    <created>2026-06-04T16:18:49</created>
    <modified>2026-06-04T16:18:49</modified>
    <unit name="meter" meter="1"/>
    <up_axis>Z_UP</up_axis>
  </asset>
  <library_images/>
  <library_geometries>
    <geometry id="heim_joint_m8_ball-mesh" name="heim_joint_m8_ball">
      <mesh>
        <source id="heim_joint_m8_ball-mesh-positions">
          <float_array id="heim_joint_m8_ball-mesh-positions-array" count="15144">0.005849957 0 -0.003999948 0.00586307 3.48673e-4 -0.003985345 0.005849957 3.48623e-4 -0.003984749 0.00586307 6.94692e-4 -0.003939747 0.005849957 6.94593e-4 -0.003939211 0.00586307 0.001035392 -0.003864228 0.005849957 0.001035273 -0.003863692 0.00586307 0.001368224 -0.003759264 0.005849957 0.001368045 -0.003758728 0.00586307 0.001690685 -0.00362569 0.005849957 0.001690447 -0.003625214 0.00586307 0.002000272 -0.003464579 0.005849957 0.001999974 -0.003464043 0.00586307 0.0022946 -0.003277063 0.005849957 0.002294301 -0.003276586 0.00586307 0.002571463 -0.003064572 0.005849957 0.002571105 -0.003064155 0.00586307 0.002828776 -0.002828776 0.005849957 0.002828419 -0.002828419 0.00586307 0.003064572 -0.002571463 0.005849957 0.003064155 -0.002571105 0.00586307 0.003277063 -0.0022946 0.005849957 0.003276586 -0.002294301 0.00586307 0.003464579 -0.002000272 0.005849957 0.003464043 -0.001999974 0.00586307 0.00362569 -0.001690685 0.005849957 0.003625214 -0.001690447 0.00586307 0.003759264 -0.001368224 0.005849957 0.003758728 -0.001368045 0.00586307 0.003864228 -0.001035392 0.005849957 0.003863692 -0.001035273 0.00586307 0.003939747 -6.94692e-4 0.005849957 0.003939211 -6.94593e-4 0.00586307 0.003985345 -3.48673e-4 0.005849957 0.003984749 -3.48623e-4 0.00586307 0.004000544 0 0.005849957 0.003999948 0 0.00586307 0.003985345 3.48673e-4 0.005849957 0.003984749 3.48623e-4 0.00586307 0.003939747 6.94692e-4 0.005849957 0.003939211 6.94593e-4 0.00586307 0.003864228 0.001035392 0.005849957 0.003863692 0.001035273 0.00586307 0.003759264 0.001368224 0.005849957 0.003758728 0.001368045 0.00586307 0.00362569 0.001690685 0.005849957 0.003625214 0.001690447 0.00586307 0.003464579 0.002000272 0.005849957 0.003464043 0.001999974 0.00586307 0.003277063 0.0022946 0.005849957 0.003276586 0.002294301 0.00586307 0.003064572 0.002571463 0.005849957 0.003064155 0.002571105 0.00586307 0.002828776 0.002828776 0.005849957 0.002828419 0.002828419 0.00586307 0.002571463 0.003064572 0.005849957 0.002571105 0.003064155 0.00586307 0.0022946 0.003277063 0.005849957 0.002294301 0.003276586 0.00586307 0.002000272 0.003464579 0.005849957 0.001999974 0.003464043 0.00586307 0.001690685 0.00362569 0.005849957 0.001690447 0.003625214 0.00586307 0.001368224 0.003759264 0.005849957 0.001368045 0.003758728 0.00586307 0.001035392 0.003864228 0.005849957 0.001035273 0.003863692 0.00586307 6.94692e-4 0.003939747 0.005849957 6.94593e-4 0.003939211 0.00586307 3.48673e-4 0.003985345 0.005849957 3.48623e-4 0.003984749 0.00586307 0 0.004000544 0.005849957 0 0.003999948 0.00586307 -3.48673e-4 0.003985345 0.005849957 -3.48623e-4 0.003984749 0.00586307 -6.94692e-4 0.003939747 0.005849957 -6.94593e-4 0.003939211 0.00586307 -0.001035392 0.003864228 0.005849957 -0.001035273 0.003863692 0.00586307 -0.001368224 0.003759264 0.005849957 -0.001368045 0.003758728 0.00586307 -0.001690685 0.00362569 0.005849957 -0.001690447 0.003625214 0.00586307 -0.002000272 0.003464579 0.005849957 -0.001999974 0.003464043 0.00586307 -0.0022946 0.003277063 0.005849957 -0.002294301 0.003276586 0.00586307 -0.002571463 0.003064572 0.005849957 -0.002571105 0.003064155 0.00586307 -0.002828776 0.002828776 0.005849957 -0.002828419 0.002828419 0.00586307 -0.003064572 0.002571463 0.005849957 -0.003064155 0.002571105 0.00586307 -0.003277063 0.0022946 0.005849957 -0.003276586 0.002294301 0.00586307 -0.003464579 0.002000272 0.005849957 -0.003464043 0.001999974 0.00586307 -0.00362569 0.001690685 0.005849957 -0.003625214 0.001690447 0.00586307 -0.003759264 0.001368224 0.005849957 -0.003758728 0.001368045 0.00586307 -0.003864228 0.001035392 0.005849957 -0.003863692 0.001035273 0.00586307 -0.003939747 6.94692e-4 0.005849957 -0.003939211 6.94593e-4 0.00586307 -0.003985345 3.48673e-4 0.005849957 -0.003984749 3.48623e-4 0.00586307 -0.004000544 0 0.005849957 -0.003999948 0 0.00586307 -0.003985345 -3.48673e-4 0.005849957 -0.003984749 -3.48623e-4 0.00586307 -0.003939747 -6.94692e-4 0.005849957 -0.003939211 -6.94593e-4 0.00586307 -0.003864228 -0.001035392 0.005849957 -0.003863692 -0.001035273 0.00586307 -0.003759264 -0.001368224 0.005849957 -0.003758728 -0.001368045 0.00586307 -0.00362569 -0.001690685 0.005849957 -0.003625214 -0.001690447 0.00586307 -0.003464579 -0.002000272 0.005849957 -0.003464043 -0.001999974 0.00586307 -0.003277063 -0.0022946 0.005849957 -0.003276586 -0.002294301 0.00586307 -0.003064572 -0.002571463 0.005849957 -0.003064155 -0.002571105 0.00586307 -0.002828776 -0.002828776 0.005849957 -0.002828419 -0.002828419 0.00586307 -0.002571463 -0.003064572 0.005849957 -0.002571105 -0.003064155 0.00586307 -0.0022946 -0.003277063 0.005849957 -0.002294301 -0.003276586 0.00586307 -0.002000272 -0.003464579 0.005849957 -0.001999974 -0.003464043 0.00586307 -0.001690685 -0.00362569 0.005849957 -0.001690447 -0.003625214 0.00586307 -0.001368224 -0.003759264 0.005849957 -0.001368045 -0.003758728 0.00586307 -0.001035392 -0.003864228 0.005849957 -0.001035273 -0.003863692 0.00586307 -6.94692e-4 -0.003939747 0.005849957 -6.94593e-4 -0.003939211 0.00586307 -3.48673e-4 -0.003985345 0.005849957 -3.48623e-4 -0.003984749 0.00586307 0 -0.004000544 0.005876004 3.48822e-4 -0.003987014 0.005876004 6.94988e-4 -0.003941416 0.005876004 0.001035809 -0.003865897 0.005876004 0.00136882 -0.003760874 0.005876004 0.001691401 -0.00362724 0.005876004 0.002001106 -0.003466069 0.005876004 0.002295613 -0.003278434 0.005876004 0.002572596 -0.003065884 0.005876004 0.002830028 -0.002830028 0.005876004 0.003065884 -0.002572596 0.005876004 0.003278434 -0.002295613 0.005876004 0.003466069 -0.002001106 0.005876004 0.00362724 -0.001691401 0.005876004 0.003760874 -0.00136882 0.005876004 0.003865897 -0.001035809 0.005876004 0.003941416 -6.94988e-4 0.005876004 0.003987014 -3.48822e-4 0.005876004 0.004002273 0 0.005876004 0.003987014 3.48822e-4 0.005876004 0.003941416 6.94988e-4 0.005876004 0.003865897 0.001035809 0.005876004 0.003760874 0.00136882 0.005876004 0.00362724 0.001691401 0.005876004 0.003466069 0.002001106 0.005876004 0.003278434 0.002295613 0.005876004 0.003065884 0.002572596 0.005876004 0.002830028 0.002830028 0.005876004 0.002572596 0.003065884 0.005876004 0.002295613 0.003278434 0.005876004 0.002001106 0.003466069 0.005876004 0.001691401 0.00362724 0.005876004 0.00136882 0.003760874 0.005876004 0.001035809 0.003865897 0.005876004 6.94988e-4 0.003941416 0.005876004 3.48822e-4 0.003987014 0.005876004 0 0.004002273 0.005876004 -3.48822e-4 0.003987014 0.005876004 -6.94988e-4 0.003941416 0.005876004 -0.001035809 0.003865897 0.005876004 -0.00136882 0.003760874 0.005876004 -0.001691401 0.00362724 0.005876004 -0.002001106 0.003466069 0.005876004 -0.002295613 0.003278434 0.005876004 -0.002572596 0.003065884 0.005876004 -0.002830028 0.002830028 0.005876004 -0.003065884 0.002572596 0.005876004 -0.003278434 0.002295613 0.005876004 -0.003466069 0.002001106 0.005876004 -0.00362724 0.001691401 0.005876004 -0.003760874 0.00136882 0.005876004 -0.003865897 0.001035809 0.005876004 -0.003941416 6.94988e-4 0.005876004 -0.003987014 3.48822e-4 0.005876004 -0.004002273 0 0.005876004 -0.003987014 -3.48822e-4 0.005876004 -0.003941416 -6.94988e-4 0.005876004 -0.003865897 -0.001035809 0.005876004 -0.003760874 -0.00136882 0.005876004 -0.00362724 -0.001691401 0.005876004 -0.003466069 -0.002001106 0.005876004 -0.003278434 -0.002295613 0.005876004 -0.003065884 -0.002572596 0.005876004 -0.002830028 -0.002830028 0.005876004 -0.002572596 -0.003065884 0.005876004 -0.002295613 -0.003278434 0.005876004 -0.002001106 -0.003466069 0.005876004 -0.001691401 -0.00362724 0.005876004 -0.00136882 -0.003760874 0.005876004 -0.001035809 -0.003865897 0.005876004 -6.94988e-4 -0.003941416 0.005876004 -3.48822e-4 -0.003987014 0.005876004 0 -0.004002273 0.005888819 3.49068e-4 -0.003989815 0.005888819 6.9548e-4 -0.003944218 0.005888819 0.001036584 -0.003868639 0.005888819 0.001369774 -0.003763556 0.005888819 0.001692593 -0.003629863 0.005888819 0.002002537 -0.003468513 0.005888819 0.002297222 -0.003280758 0.005888819 0.002574384 -0.003068089 0.005888819 0.002831995 -0.002831995 0.005888819 0.003068089 -0.002574384 0.005888819 0.003280758 -0.002297222 0.005888819 0.003468513 -0.002002537 0.005888819 0.003629863 -0.001692593 0.005888819 0.003763556 -0.001369774 0.005888819 0.003868639 -0.001036584 0.005888819 0.003944218 -6.9548e-4 0.005888819 0.003989815 -3.49068e-4 0.005888819 0.004005074 0 0.005888819 0.003989815 3.49068e-4 0.005888819 0.003944218 6.9548e-4 0.005888819 0.003868639 0.001036584 0.005888819 0.003763556 0.001369774 0.005888819 0.003629863 0.001692593 0.005888819 0.003468513 0.002002537 0.005888819 0.003280758 0.002297222 0.005888819 0.003068089 0.002574384 0.005888819 0.002831995 0.002831995 0.005888819 0.002574384 0.003068089 0.005888819 0.002297222 0.003280758 0.005888819 0.002002537 0.003468513 0.005888819 0.001692593 0.003629863 0.005888819 0.001369774 0.003763556 0.005888819 0.001036584 0.003868639 0.005888819 6.9548e-4 0.003944218 0.005888819 3.49068e-4 0.003989815 0.005888819 0 0.004005074 0.005888819 -3.49068e-4 0.003989815 0.005888819 -6.9548e-4 0.003944218 0.005888819 -0.001036584 0.003868639 0.005888819 -0.001369774 0.003763556 0.005888819 -0.001692593 0.003629863 0.005888819 -0.002002537 0.003468513 0.005888819 -0.002297222 0.003280758 0.005888819 -0.002574384 0.003068089 0.005888819 -0.002831995 0.002831995 0.005888819 -0.003068089 0.002574384 0.005888819 -0.003280758 0.002297222 0.005888819 -0.003468513 0.002002537 0.005888819 -0.003629863 0.001692593 0.005888819 -0.003763556 0.001369774 0.005888819 -0.003868639 0.001036584 0.005888819 -0.003944218 6.9548e-4 0.005888819 -0.003989815 3.49068e-4 0.005888819 -0.004005074 0 0.005888819 -0.003989815 -3.49068e-4 0.005888819 -0.003944218 -6.9548e-4 0.005888819 -0.003868639 -0.001036584 0.005888819 -0.003763556 -0.001369774 0.005888819 -0.003629863 -0.001692593 0.005888819 -0.003468513 -0.002002537 0.005888819 -0.003280758 -0.002297222 0.005888819 -0.003068089 -0.002574384 0.005888819 -0.002831995 -0.002831995 0.005888819 -0.002574384 -0.003068089 0.005888819 -0.002297222 -0.003280758 0.005888819 -0.002002537 -0.003468513 0.005888819 -0.001692593 -0.003629863 0.005888819 -0.001369774 -0.003763556 0.005888819 -0.001036584 -0.003868639 0.005888819 -6.9548e-4 -0.003944218 0.005888819 -3.49068e-4 -0.003989815 0.005888819 0 -0.004005074 0.005901277 3.49411e-4 -0.003993749 0.005901277 6.96164e-4 -0.003948092 0.005901277 0.001037597 -0.003872394 0.005901277 0.001371145 -0.003767251 0.005901277 0.001694262 -0.003633379 0.005901277 0.002004504 -0.00347191 0.005901277 0.002299487 -0.003283977 0.005901277 0.002576947 -0.003071069 0.005901277 0.002834796 -0.002834796 0.005901277 0.003071069 -0.002576947 0.005901277 0.003283977 -0.002299487 0.005901277 0.00347191 -0.002004504 0.005901277 0.003633379 -0.001694262 0.005901277 0.003767251 -0.001371145 0.005901277 0.003872394 -0.001037597 0.005901277 0.003948092 -6.96164e-4 0.005901277 0.003993749 -3.49411e-4 0.005901277 0.004009008 0 0.005901277 0.003993749 3.49411e-4 0.005901277 0.003948092 6.96164e-4 0.005901277 0.003872394 0.001037597 0.005901277 0.003767251 0.001371145 0.005901277 0.003633379 0.001694262 0.005901277 0.00347191 0.002004504 0.005901277 0.003283977 0.002299487 0.005901277 0.003071069 0.002576947 0.005901277 0.002834796 0.002834796 0.005901277 0.002576947 0.003071069 0.005901277 0.002299487 0.003283977 0.005901277 0.002004504 0.00347191 0.005901277 0.001694262 0.003633379 0.005901277 0.001371145 0.003767251 0.005901277 0.001037597 0.003872394 0.005901277 6.96164e-4 0.003948092 0.005901277 3.49411e-4 0.003993749 0.005901277 0 0.004009008 0.005901277 -3.49411e-4 0.003993749 0.005901277 -6.96164e-4 0.003948092 0.005901277 -0.001037597 0.003872394 0.005901277 -0.001371145 0.003767251 0.005901277 -0.001694262 0.003633379 0.005901277 -0.002004504 0.00347191 0.005901277 -0.002299487 0.003283977 0.005901277 -0.002576947 0.003071069 0.005901277 -0.002834796 0.002834796 0.005901277 -0.003071069 0.002576947 0.005901277 -0.003283977 0.002299487 0.005901277 -0.00347191 0.002004504 0.005901277 -0.003633379 0.001694262 0.005901277 -0.003767251 0.001371145 0.005901277 -0.003872394 0.001037597 0.005901277 -0.003948092 6.96164e-4 0.005901277 -0.003993749 3.49411e-4 0.005901277 -0.004009008 0 0.005901277 -0.003993749 -3.49411e-4 0.005901277 -0.003948092 -6.96164e-4 0.005901277 -0.003872394 -0.001037597 0.005901277 -0.003767251 -0.001371145 0.005901277 -0.003633379 -0.001694262 0.005901277 -0.00347191 -0.002004504 0.005901277 -0.003283977 -0.002299487 0.005901277 -0.003071069 -0.002576947 0.005901277 -0.002834796 -0.002834796 0.005901277 -0.002576947 -0.003071069 0.005901277 -0.002299487 -0.003283977 0.005901277 -0.002004504 -0.00347191 0.005901277 -0.001694262 -0.003633379 0.005901277 -0.001371145 -0.003767251 0.005901277 -0.001037597 -0.003872394 0.005901277 -6.96164e-4 -0.003948092 0.005901277 -3.49411e-4 -0.003993749 0.005901277 0 -0.004009008 0.005913376 3.49848e-4 -0.003998756 0.005913376 6.97033e-4 -0.003953039 0.005913376 0.001038908 -0.003877222 0.005913376 0.001372873 -0.00377196 0.005913376 0.001696407 -0.003637909 0.005913376 0.002007007 -0.003476262 0.005913376 0.002302348 -0.00328809 0.005913376 0.002580165 -0.003074944 0.005913376 0.002838313 -0.002838313 0.005913376 0.003074944 -0.002580165 0.005913376 0.00328809 -0.002302348 0.005913376 0.003476262 -0.002007007 0.005913376 0.003637909 -0.001696407 0.005913376 0.00377196 -0.001372873 0.005913376 0.003877222 -0.001038908 0.005913376 0.003953039 -6.97033e-4 0.005913376 0.003998756 -3.49848e-4 0.005913376 0.004014015 0 0.005913376 0.003998756 3.49848e-4 0.005913376 0.003953039 6.97033e-4 0.005913376 0.003877222 0.001038908 0.005913376 0.00377196 0.001372873 0.005913376 0.003637909 0.001696407 0.005913376 0.003476262 0.002007007 0.005913376 0.00328809 0.002302348 0.005913376 0.003074944 0.002580165 0.005913376 0.002838313 0.002838313 0.005913376 0.002580165 0.003074944 0.005913376 0.002302348 0.00328809 0.005913376 0.002007007 0.003476262 0.005913376 0.001696407 0.003637909 0.005913376 0.001372873 0.00377196 0.005913376 0.001038908 0.003877222 0.005913376 6.97033e-4 0.003953039 0.005913376 3.49848e-4 0.003998756 0.005913376 0 0.004014015 0.005913376 -3.49848e-4 0.003998756 0.005913376 -6.97033e-4 0.003953039 0.005913376 -0.001038908 0.003877222 0.005913376 -0.001372873 0.00377196 0.005913376 -0.001696407 0.003637909 0.005913376 -0.002007007 0.003476262 0.005913376 -0.002302348 0.00328809 0.005913376 -0.002580165 0.003074944 0.005913376 -0.002838313 0.002838313 0.005913376 -0.003074944 0.002580165 0.005913376 -0.00328809 0.002302348 0.005913376 -0.003476262 0.002007007 0.005913376 -0.003637909 0.001696407 0.005913376 -0.00377196 0.001372873 0.005913376 -0.003877222 0.001038908 0.005913376 -0.003953039 6.97033e-4 0.005913376 -0.003998756 3.49848e-4 0.005913376 -0.004014015 0 0.005913376 -0.003998756 -3.49848e-4 0.005913376 -0.003953039 -6.97033e-4 0.005913376 -0.003877222 -0.001038908 0.005913376 -0.00377196 -0.001372873 0.005913376 -0.003637909 -0.001696407 0.005913376 -0.003476262 -0.002007007 0.005913376 -0.00328809 -0.002302348 0.005913376 -0.003074944 -0.002580165 0.005913376 -0.002838313 -0.002838313 0.005913376 -0.002580165 -0.003074944 0.005913376 -0.002302348 -0.00328809 0.005913376 -0.002007007 -0.003476262 0.005913376 -0.001696407 -0.003637909 0.005913376 -0.001372873 -0.00377196 0.005913376 -0.001038908 -0.003877222 0.005913376 -6.97033e-4 -0.003953039 0.005913376 -3.49848e-4 -0.003998756 0.005913376 0 -0.004014015 0.005924999 3.50374e-4 -0.004004776 0.005924999 6.98082e-4 -0.003959 0.005924999 0.001040458 -0.003883063 0.005924999 0.0013749 -0.003777623 0.005924999 0.001698911 -0.003643393 0.005924999 0.002010047 -0.003481447 0.005924999 0.002305805 -0.003293037 0.005924999 0.00258404 -0.003079533 0.005924999 0.002842605 -0.002842605 0.005924999 0.003079533 -0.00258404 0.005924999 0.003293037 -0.002305805 0.005924999 0.003481447 -0.002010047 0.005924999 0.003643393 -0.001698911 0.005924999 0.003777623 -0.0013749 0.005924999 0.003883063 -0.001040458 0.005924999 0.003959 -6.98082e-4 0.005924999 0.004004776 -3.50374e-4 0.005924999 0.004020094 0 0.005924999 0.004004776 3.50374e-4 0.005924999 0.003959 6.98082e-4 0.005924999 0.003883063 0.001040458 0.005924999 0.003777623 0.0013749 0.005924999 0.003643393 0.001698911 0.005924999 0.003481447 0.002010047 0.005924999 0.003293037 0.002305805 0.005924999 0.003079533 0.00258404 0.005924999 0.002842605 0.002842605 0.005924999 0.00258404 0.003079533 0.005924999 0.002305805 0.003293037 0.005924999 0.002010047 0.003481447 0.005924999 0.001698911 0.003643393 0.005924999 0.0013749 0.003777623 0.005924999 0.001040458 0.003883063 0.005924999 6.98082e-4 0.003959 0.005924999 3.50374e-4 0.004004776 0.005924999 0 0.004020094 0.005924999 -3.50374e-4 0.004004776 0.005924999 -6.98082e-4 0.003959 0.005924999 -0.001040458 0.003883063 0.005924999 -0.0013749 0.003777623 0.005924999 -0.001698911 0.003643393 0.005924999 -0.002010047 0.003481447 0.005924999 -0.002305805 0.003293037 0.005924999 -0.00258404 0.003079533 0.005924999 -0.002842605 0.002842605 0.005924999 -0.003079533 0.00258404 0.005924999 -0.003293037 0.002305805 0.005924999 -0.003481447 0.002010047 0.005924999 -0.003643393 0.001698911 0.005924999 -0.003777623 0.0013749 0.005924999 -0.003883063 0.001040458 0.005924999 -0.003959 6.98082e-4 0.005924999 -0.004004776 3.50374e-4 0.005924999 -0.004020094 0 0.005924999 -0.004004776 -3.50374e-4 0.005924999 -0.003959 -6.98082e-4 0.005924999 -0.003883063 -0.001040458 0.005924999 -0.003777623 -0.0013749 0.005924999 -0.003643393 -0.001698911 0.005924999 -0.003481447 -0.002010047 0.005924999 -0.003293037 -0.002305805 0.005924999 -0.003079533 -0.00258404 0.005924999 -0.002842605 -0.002842605 0.005924999 -0.00258404 -0.003079533 0.005924999 -0.002305805 -0.003293037 0.005924999 -0.002010047 -0.003481447 0.005924999 -0.001698911 -0.003643393 0.005924999 -0.0013749 -0.003777623 0.005924999 -0.001040458 -0.003883063 0.005924999 -6.98082e-4 -0.003959 0.005924999 -3.50374e-4 -0.004004776 0.005924999 0 -0.004020094 0.005936026 3.50987e-4 -0.00401175 0.005936026 6.99303e-4 -0.003965914 0.005936026 0.001042246 -0.003889858 0.005936026 0.001377344 -0.003784239 0.005936026 0.001701891 -0.003649771 0.005936026 0.002013564 -0.003487586 0.005936026 0.002309858 -0.003298819 0.005936026 0.00258857 -0.003084957 0.005936026 0.002847552 -0.002847552 0.005936026 0.003084957 -0.00258857 0.005936026 0.003298819 -0.002309858 0.005936026 0.003487586 -0.002013564 0.005936026 0.003649771 -0.001701891 0.005936026 0.003784239 -0.001377344 0.005936026 0.003889858 -0.001042246 0.005936026 0.003965914 -6.99303e-4 0.005936026 0.00401175 -3.50987e-4 0.005936026 0.004027068 0 0.005936026 0.00401175 3.50987e-4 0.005936026 0.003965914 6.99303e-4 0.005936026 0.003889858 0.001042246 0.005936026 0.003784239 0.001377344 0.005936026 0.003649771 0.001701891 0.005936026 0.003487586 0.002013564 0.005936026 0.003298819 0.002309858 0.005936026 0.003084957 0.00258857 0.005936026 0.002847552 0.002847552 0.005936026 0.00258857 0.003084957 0.005936026 0.002309858 0.003298819 0.005936026 0.002013564 0.003487586 0.005936026 0.001701891 0.003649771 0.005936026 0.001377344 0.003784239 0.005936026 0.001042246 0.003889858 0.005936026 6.99303e-4 0.003965914 0.005936026 3.50987e-4 0.00401175 0.005936026 0 0.004027068 0.005936026 -3.50987e-4 0.00401175 0.005936026 -6.99303e-4 0.003965914 0.005936026 -0.001042246 0.003889858 0.005936026 -0.001377344 0.003784239 0.005936026 -0.001701891 0.003649771 0.005936026 -0.002013564 0.003487586 0.005936026 -0.002309858 0.003298819 0.005936026 -0.00258857 0.003084957 0.005936026 -0.002847552 0.002847552 0.005936026 -0.003084957 0.00258857 0.005936026 -0.003298819 0.002309858 0.005936026 -0.003487586 0.002013564 0.005936026 -0.003649771 0.001701891 0.005936026 -0.003784239 0.001377344 0.005936026 -0.003889858 0.001042246 0.005936026 -0.003965914 6.99303e-4 0.005936026 -0.00401175 3.50987e-4 0.005936026 -0.004027068 0 0.005936026 -0.00401175 -3.50987e-4 0.005936026 -0.003965914 -6.99303e-4 0.005936026 -0.003889858 -0.001042246 0.005936026 -0.003784239 -0.001377344 0.005936026 -0.003649771 -0.001701891 0.005936026 -0.003487586 -0.002013564 0.005936026 -0.003298819 -0.002309858 0.005936026 -0.003084957 -0.00258857 0.005936026 -0.002847552 -0.002847552 0.005936026 -0.00258857 -0.003084957 0.005936026 -0.002309858 -0.003298819 0.005936026 -0.002013564 -0.003487586 0.005936026 -0.001701891 -0.003649771 0.005936026 -0.001377344 -0.003784239 0.005936026 -0.001042246 -0.003889858 0.005936026 -6.99303e-4 -0.003965914 0.005936026 -3.50987e-4 -0.00401175 0.005936026 0 -0.004027068 0.005946397 3.51682e-4 -0.004019737 0.005946397 7.00687e-4 -0.003973782 0.005946397 0.001044332 -0.003897547 0.005946397 0.001380026 -0.003791689 0.005946397 0.001705288 -0.003656983 0.005946397 0.002017498 -0.003494441 0.005946397 0.002314388 -0.003305315 0.005946397 0.002593696 -0.003091037 0.005946397 0.002853214 -0.002853214 0.005946397 0.003091037 -0.002593696 0.005946397 0.003305315 -0.002314388 0.005946397 0.003494441 -0.002017498 0.005946397 0.003656983 -0.001705288 0.005946397 0.003791689 -0.001380026 0.005946397 0.003897547 -0.001044332 0.005946397 0.003973782 -7.00687e-4 0.005946397 0.004019737 -3.51682e-4 0.005946397 0.004035055 0 0.005946397 0.004019737 3.51682e-4 0.005946397 0.003973782 7.00687e-4 0.005946397 0.003897547 0.001044332 0.005946397 0.003791689 0.001380026 0.005946397 0.003656983 0.001705288 0.005946397 0.003494441 0.002017498 0.005946397 0.003305315 0.002314388 0.005946397 0.003091037 0.002593696 0.005946397 0.002853214 0.002853214 0.005946397 0.002593696 0.003091037 0.005946397 0.002314388 0.003305315 0.005946397 0.002017498 0.003494441 0.005946397 0.001705288 0.003656983 0.005946397 0.001380026 0.003791689 0.005946397 0.001044332 0.003897547 0.005946397 7.00687e-4 0.003973782 0.005946397 3.51682e-4 0.004019737 0.005946397 0 0.004035055 0.005946397 -3.51682e-4 0.004019737 0.005946397 -7.00687e-4 0.003973782 0.005946397 -0.001044332 0.003897547 0.005946397 -0.001380026 0.003791689 0.005946397 -0.001705288 0.003656983 0.005946397 -0.002017498 0.003494441 0.005946397 -0.002314388 0.003305315 0.005946397 -0.002593696 0.003091037 0.005946397 -0.002853214 0.002853214 0.005946397 -0.003091037 0.002593696 0.005946397 -0.003305315 0.002314388 0.005946397 -0.003494441 0.002017498 0.005946397 -0.003656983 0.001705288 0.005946397 -0.003791689 0.001380026 0.005946397 -0.003897547 0.001044332 0.005946397 -0.003973782 7.00687e-4 0.005946397 -0.004019737 3.51682e-4 0.005946397 -0.004035055 0 0.005946397 -0.004019737 -3.51682e-4 0.005946397 -0.003973782 -7.00687e-4 0.005946397 -0.003897547 -0.001044332 0.005946397 -0.003791689 -0.001380026 0.005946397 -0.003656983 -0.001705288 0.005946397 -0.003494441 -0.002017498 0.005946397 -0.003305315 -0.002314388 0.005946397 -0.003091037 -0.002593696 0.005946397 -0.002853214 -0.002853214 0.005946397 -0.002593696 -0.003091037 0.005946397 -0.002314388 -0.003305315 0.005946397 -0.002017498 -0.003494441 0.005946397 -0.001705288 -0.003656983 0.005946397 -0.001380026 -0.003791689 0.005946397 -0.001044332 -0.003897547 0.005946397 -7.00687e-4 -0.003973782 0.005946397 -3.51682e-4 -0.004019737 0.005946397 0 -0.004035055 0.005956053 3.52452e-4 -0.004028499 0.005956053 7.02222e-4 -0.003982484 0.005956053 0.001046597 -0.00390613 0.005956053 0.001383066 -0.003800034 0.005956053 0.001708984 -0.00366503 0.005956053 0.002021908 -0.00350213 0.005956053 0.002319455 -0.003312587 0.005956053 0.002599358 -0.003097832 0.005956053 0.002859473 -0.002859473 0.005956053 0.003097832 -0.002599358 0.005956053 0.003312587 -0.002319455 0.005956053 0.00350213 -0.002021908 0.005956053 0.00366503 -0.001708984 0.005956053 0.003800034 -0.001383066 0.005956053 0.00390613 -0.001046597 0.005956053 0.003982484 -7.02222e-4 0.005956053 0.004028499 -3.52452e-4 0.005956053 0.004043877 0 0.005956053 0.004028499 3.52452e-4 0.005956053 0.003982484 7.02222e-4 0.005956053 0.00390613 0.001046597 0.005956053 0.003800034 0.001383066 0.005956053 0.00366503 0.001708984 0.005956053 0.00350213 0.002021908 0.005956053 0.003312587 0.002319455 0.005956053 0.003097832 0.002599358 0.005956053 0.002859473 0.002859473 0.005956053 0.002599358 0.003097832 0.005956053 0.002319455 0.003312587 0.005956053 0.002021908 0.00350213 0.005956053 0.001708984 0.00366503 0.005956053 0.001383066 0.003800034 0.005956053 0.001046597 0.00390613 0.005956053 7.02222e-4 0.003982484 0.005956053 3.52452e-4 0.004028499 0.005956053 0 0.004043877 0.005956053 -3.52452e-4 0.004028499 0.005956053 -7.02222e-4 0.003982484 0.005956053 -0.001046597 0.00390613 0.005956053 -0.001383066 0.003800034 0.005956053 -0.001708984 0.00366503 0.005956053 -0.002021908 0.00350213 0.005956053 -0.002319455 0.003312587 0.005956053 -0.002599358 0.003097832 0.005956053 -0.002859473 0.002859473 0.005956053 -0.003097832 0.002599358 0.005956053 -0.003312587 0.002319455 0.005956053 -0.00350213 0.002021908 0.005956053 -0.00366503 0.001708984 0.005956053 -0.003800034 0.001383066 0.005956053 -0.00390613 0.001046597 0.005956053 -0.003982484 7.02222e-4 0.005956053 -0.004028499 3.52452e-4 0.005956053 -0.004043877 0 0.005956053 -0.004028499 -3.52452e-4 0.005956053 -0.003982484 -7.02222e-4 0.005956053 -0.00390613 -0.001046597 0.005956053 -0.003800034 -0.001383066 0.005956053 -0.00366503 -0.001708984 0.005956053 -0.00350213 -0.002021908 0.005956053 -0.003312587 -0.002319455 0.005956053 -0.003097832 -0.002599358 0.005956053 -0.002859473 -0.002859473 0.005956053 -0.002599358 -0.003097832 0.005956053 -0.002319455 -0.003312587 0.005956053 -0.002021908 -0.00350213 0.005956053 -0.001708984 -0.00366503 0.005956053 -0.001383066 -0.003800034 0.005956053 -0.001046597 -0.00390613 0.005956053 -7.02222e-4 -0.003982484 0.005956053 -3.52452e-4 -0.004028499 0.005956053 0 -0.004043877 0.005964875 3.53293e-4 -0.004038155 0.005964875 7.03897e-4 -0.003991961 0.005964875 0.001049101 -0.003915429 0.005964875 0.001386404 -0.003809094 0.005964875 0.001713097 -0.003673791 0.005964875 0.002026736 -0.003510475 0.005964875 0.002324998 -0.003320455 0.005964875 0.002605557 -0.003105223 0.005964875 0.002866268 -0.002866268 0.005964875 0.003105223 -0.002605557 0.005964875 0.003320455 -0.002324998 0.005964875 0.003510475 -0.002026736 0.005964875 0.003673791 -0.001713097 0.005964875 0.003809094 -0.001386404 0.005964875 0.003915429 -0.001049101 0.005964875 0.003991961 -7.03897e-4 0.005964875 0.004038155 -3.53293e-4 0.005964875 0.004053533 0 0.005964875 0.004038155 3.53293e-4 0.005964875 0.003991961 7.03897e-4 0.005964875 0.003915429 0.001049101 0.005964875 0.003809094 0.001386404 0.005964875 0.003673791 0.001713097 0.005964875 0.003510475 0.002026736 0.005964875 0.003320455 0.002324998 0.005964875 0.003105223 0.002605557 0.005964875 0.002866268 0.002866268 0.005964875 0.002605557 0.003105223 0.005964875 0.002324998 0.003320455 0.005964875 0.002026736 0.003510475 0.005964875 0.001713097 0.003673791 0.005964875 0.001386404 0.003809094 0.005964875 0.001049101 0.003915429 0.005964875 7.03897e-4 0.003991961 0.005964875 3.53293e-4 0.004038155 0.005964875 0 0.004053533 0.005964875 -3.53293e-4 0.004038155 0.005964875 -7.03897e-4 0.003991961 0.005964875 -0.001049101 0.003915429 0.005964875 -0.001386404 0.003809094 0.005964875 -0.001713097 0.003673791 0.005964875 -0.002026736 0.003510475 0.005964875 -0.002324998 0.003320455 0.005964875 -0.002605557 0.003105223 0.005964875 -0.002866268 0.002866268 0.005964875 -0.003105223 0.002605557 0.005964875 -0.003320455 0.002324998 0.005964875 -0.003510475 0.002026736 0.005964875 -0.003673791 0.001713097 0.005964875 -0.003809094 0.001386404 0.005964875 -0.003915429 0.001049101 0.005964875 -0.003991961 7.03897e-4 0.005964875 -0.004038155 3.53293e-4 0.005964875 -0.004053533 0 0.005964875 -0.004038155 -3.53293e-4 0.005964875 -0.003991961 -7.03897e-4 0.005964875 -0.003915429 -0.001049101 0.005964875 -0.003809094 -0.001386404 0.005964875 -0.003673791 -0.001713097 0.005964875 -0.003510475 -0.002026736 0.005964875 -0.003320455 -0.002324998 0.005964875 -0.003105223 -0.002605557 0.005964875 -0.002866268 -0.002866268 0.005964875 -0.002605557 -0.003105223 0.005964875 -0.002324998 -0.003320455 0.005964875 -0.002026736 -0.003510475 0.005964875 -0.001713097 -0.003673791 0.005964875 -0.001386404 -0.003809094 0.005964875 -0.001049101 -0.003915429 0.005964875 -7.03897e-4 -0.003991961 0.005964875 -3.53293e-4 -0.004038155 0.005964875 0 -0.004053533 0.005972862 3.54198e-4 -0.004048466 0.005972862 7.057e-4 -0.004002213 0.005972862 0.001051783 -0.003925442 0.005972862 0.00138992 -0.003818869 0.005972862 0.001717448 -0.003683149 0.005972862 0.002031981 -0.003519475 0.005972862 0.002330958 -0.003328979 0.005972862 0.002612233 -0.00311315 0.005972862 0.002873599 -0.002873599 0.005972862 0.00311315 -0.002612233 0.005972862 0.003328979 -0.002330958 0.005972862 0.003519475 -0.002031981 0.005972862 0.003683149 -0.001717448 0.005972862 0.003818869 -0.00138992 0.005972862 0.003925442 -0.001051783 0.005972862 0.004002213 -7.057e-4 0.005972862 0.004048466 -3.54198e-4 0.005972862 0.004063963 0 0.005972862 0.004048466 3.54198e-4 0.005972862 0.004002213 7.057e-4 0.005972862 0.003925442 0.001051783 0.005972862 0.003818869 0.00138992 0.005972862 0.003683149 0.001717448 0.005972862 0.003519475 0.002031981 0.005972862 0.003328979 0.002330958 0.005972862 0.00311315 0.002612233 0.005972862 0.002873599 0.002873599 0.005972862 0.002612233 0.00311315 0.005972862 0.002330958 0.003328979 0.005972862 0.002031981 0.003519475 0.005972862 0.001717448 0.003683149 0.005972862 0.00138992 0.003818869 0.005972862 0.001051783 0.003925442 0.005972862 7.057e-4 0.004002213 0.005972862 3.54198e-4 0.004048466 0.005972862 0 0.004063963 0.005972862 -3.54198e-4 0.004048466 0.005972862 -7.057e-4 0.004002213 0.005972862 -0.001051783 0.003925442 0.005972862 -0.00138992 0.003818869 0.005972862 -0.001717448 0.003683149 0.005972862 -0.002031981 0.003519475 0.005972862 -0.002330958 0.003328979 0.005972862 -0.002612233 0.00311315 0.005972862 -0.002873599 0.002873599 0.005972862 -0.00311315 0.002612233 0.005972862 -0.003328979 0.002330958 0.005972862 -0.003519475 0.002031981 0.005972862 -0.003683149 0.001717448 0.005972862 -0.003818869 0.00138992 0.005972862 -0.003925442 0.001051783 0.005972862 -0.004002213 7.057e-4 0.005972862 -0.004048466 3.54198e-4 0.005972862 -0.004063963 0 0.005972862 -0.004048466 -3.54198e-4 0.005972862 -0.004002213 -7.057e-4 0.005972862 -0.003925442 -0.001051783 0.005972862 -0.003818869 -0.00138992 0.005972862 -0.003683149 -0.001717448 0.005972862 -0.003519475 -0.002031981 0.005972862 -0.003328979 -0.002330958 0.005972862 -0.00311315 -0.002612233 0.005972862 -0.002873599 -0.002873599 0.005972862 -0.002612233 -0.00311315 0.005972862 -0.002330958 -0.003328979 0.005972862 -0.002031981 -0.003519475 0.005972862 -0.001717448 -0.003683149 0.005972862 -0.00138992 -0.003818869 0.005972862 -0.001051783 -0.003925442 0.005972862 -7.057e-4 -0.004002213 0.005972862 -3.54198e-4 -0.004048466 0.005972862 0 -0.004063963 0.005979895 3.5516e-4 -0.004059493 0.005979895 7.07616e-4 -0.004013061 0.005979895 0.001054644 -0.003936111 0.005979895 0.001393675 -0.00382924 0.005979895 0.001722157 -0.003693163 0.005979895 0.002037465 -0.003529012 0.005979895 0.002337276 -0.003338038 0.005979895 0.002619326 -0.003121614 0.005979895 0.002881407 -0.002881407 0.005979895 0.003121614 -0.002619326 0.005979895 0.003338038 -0.002337276 0.005979895 0.003529012 -0.002037465 0.005979895 0.003693163 -0.001722157 0.005979895 0.00382924 -0.001393675 0.005979895 0.003936111 -0.001054644 0.005979895 0.004013061 -7.07616e-4 0.005979895 0.004059493 -3.5516e-4 0.005979895 0.00407499 0 0.005979895 0.004059493 3.5516e-4 0.005979895 0.004013061 7.07616e-4 0.005979895 0.003936111 0.001054644 0.005979895 0.00382924 0.001393675 0.005979895 0.003693163 0.001722157 0.005979895 0.003529012 0.002037465 0.005979895 0.003338038 0.002337276 0.005979895 0.003121614 0.002619326 0.005979895 0.002881407 0.002881407 0.005979895 0.002619326 0.003121614 0.005979895 0.002337276 0.003338038 0.005979895 0.002037465 0.003529012 0.005979895 0.001722157 0.003693163 0.005979895 0.001393675 0.00382924 0.005979895 0.001054644 0.003936111 0.005979895 7.07616e-4 0.004013061 0.005979895 3.5516e-4 0.004059493 0.005979895 0 0.00407499 0.005979895 -3.5516e-4 0.004059493 0.005979895 -7.07616e-4 0.004013061 0.005979895 -0.001054644 0.003936111 0.005979895 -0.001393675 0.00382924 0.005979895 -0.001722157 0.003693163 0.005979895 -0.002037465 0.003529012 0.005979895 -0.002337276 0.003338038 0.005979895 -0.002619326 0.003121614 0.005979895 -0.002881407 0.002881407 0.005979895 -0.003121614 0.002619326 0.005979895 -0.003338038 0.002337276 0.005979895 -0.003529012 0.002037465 0.005979895 -0.003693163 0.001722157 0.005979895 -0.00382924 0.001393675 0.005979895 -0.003936111 0.001054644 0.005979895 -0.004013061 7.07616e-4 0.005979895 -0.004059493 3.5516e-4 0.005979895 -0.00407499 0 0.005979895 -0.004059493 -3.5516e-4 0.005979895 -0.004013061 -7.07616e-4 0.005979895 -0.003936111 -0.001054644 0.005979895 -0.00382924 -0.001393675 0.005979895 -0.003693163 -0.001722157 0.005979895 -0.003529012 -0.002037465 0.005979895 -0.003338038 -0.002337276 0.005979895 -0.003121614 -0.002619326 0.005979895 -0.002881407 -0.002881407 0.005979895 -0.002619326 -0.003121614 0.005979895 -0.002337276 -0.003338038 0.005979895 -0.002037465 -0.003529012 0.005979895 -0.001722157 -0.003693163 0.005979895 -0.001393675 -0.00382924 0.005979895 -0.001054644 -0.003936111 0.005979895 -7.07616e-4 -0.004013061 0.005979895 -3.5516e-4 -0.004059493 0.005979895 0 -0.00407499 0.005985915 3.56171e-4 -0.004071056 0.005985915 7.09632e-4 -0.004024505 0.005985915 0.001057684 -0.003947317 0.005985915 0.001397669 -0.003840148 0.005985915 0.001727044 -0.003703713 0.005985915 0.002043247 -0.003539085 0.005985915 0.002343952 -0.003347516 0.005985915 0.002626776 -0.003130495 0.005985915 0.002889633 -0.002889633 0.005985915 0.003130495 -0.002626776 0.005985915 0.003347516 -0.002343952 0.005985915 0.003539085 -0.002043247 0.005985915 0.003703713 -0.001727044 0.005985915 0.003840148 -0.001397669 0.005985915 0.003947317 -0.001057684 0.005985915 0.004024505 -7.09632e-4 0.005985915 0.004071056 -3.56171e-4 0.005985915 0.004086554 0 0.005985915 0.004071056 3.56171e-4 0.005985915 0.004024505 7.09632e-4 0.005985915 0.003947317 0.001057684 0.005985915 0.003840148 0.001397669 0.005985915 0.003703713 0.001727044 0.005985915 0.003539085 0.002043247 0.005985915 0.003347516 0.002343952 0.005985915 0.003130495 0.002626776 0.005985915 0.002889633 0.002889633 0.005985915 0.002626776 0.003130495 0.005985915 0.002343952 0.003347516 0.005985915 0.002043247 0.003539085 0.005985915 0.001727044 0.003703713 0.005985915 0.001397669 0.003840148 0.005985915 0.001057684 0.003947317 0.005985915 7.09632e-4 0.004024505 0.005985915 3.56171e-4 0.004071056 0.005985915 0 0.004086554 0.005985915 -3.56171e-4 0.004071056 0.005985915 -7.09632e-4 0.004024505 0.005985915 -0.001057684 0.003947317 0.005985915 -0.001397669 0.003840148 0.005985915 -0.001727044 0.003703713 0.005985915 -0.002043247 0.003539085 0.005985915 -0.002343952 0.003347516 0.005985915 -0.002626776 0.003130495 0.005985915 -0.002889633 0.002889633 0.005985915 -0.003130495 0.002626776 0.005985915 -0.003347516 0.002343952 0.005985915 -0.003539085 0.002043247 0.005985915 -0.003703713 0.001727044 0.005985915 -0.003840148 0.001397669 0.005985915 -0.003947317 0.001057684 0.005985915 -0.004024505 7.09632e-4 0.005985915 -0.004071056 3.56171e-4 0.005985915 -0.004086554 0 0.005985915 -0.004071056 -3.56171e-4 0.005985915 -0.004024505 -7.09632e-4 0.005985915 -0.003947317 -0.001057684 0.005985915 -0.003840148 -0.001397669 0.005985915 -0.003703713 -0.001727044 0.005985915 -0.003539085 -0.002043247 0.005985915 -0.003347516 -0.002343952 0.005985915 -0.003130495 -0.002626776 0.005985915 -0.002889633 -0.002889633 0.005985915 -0.002626776 -0.003130495 0.005985915 -0.002343952 -0.003347516 0.005985915 -0.002043247 -0.003539085 0.005985915 -0.001727044 -0.003703713 0.005985915 -0.001397669 -0.003840148 0.005985915 -0.001057684 -0.003947317 0.005985915 -7.09632e-4 -0.004024505 0.005985915 -3.56171e-4 -0.004071056 0.005985915 0 -0.004086554 0.005990922 3.57225e-4 -0.004083096 0.005990922 7.11731e-4 -0.004036426 0.005990922 0.001060783 -0.003959 0.005990922 0.001401782 -0.003851473 0.005990922 0.00173217 -0.00371468 0.005990922 0.002049326 -0.003549575 0.005990922 0.002350866 -0.00335741 0.005990922 0.002634584 -0.003139734 0.005990922 0.002898216 -0.002898216 0.005990922 0.003139734 -0.002634584 0.005990922 0.00335741 -0.002350866 0.005990922 0.003549575 -0.002049326 0.005990922 0.00371468 -0.00173217 0.005990922 0.003851473 -0.001401782 0.005990922 0.003959 -0.001060783 0.005990922 0.004036426 -7.11731e-4 0.005990922 0.004083096 -3.57225e-4 0.005990922 0.004098653 0 0.005990922 0.004083096 3.57225e-4 0.005990922 0.004036426 7.11731e-4 0.005990922 0.003959 0.001060783 0.005990922 0.003851473 0.001401782 0.005990922 0.00371468 0.00173217 0.005990922 0.003549575 0.002049326 0.005990922 0.00335741 0.002350866 0.005990922 0.003139734 0.002634584 0.005990922 0.002898216 0.002898216 0.005990922 0.002634584 0.003139734 0.005990922 0.002350866 0.00335741 0.005990922 0.002049326 0.003549575 0.005990922 0.00173217 0.00371468 0.005990922 0.001401782 0.003851473 0.005990922 0.001060783 0.003959 0.005990922 7.11731e-4 0.004036426 0.005990922 3.57225e-4 0.004083096 0.005990922 0 0.004098653 0.005990922 -3.57225e-4 0.004083096 0.005990922 -7.11731e-4 0.004036426 0.005990922 -0.001060783 0.003959 0.005990922 -0.001401782 0.003851473 0.005990922 -0.00173217 0.00371468 0.005990922 -0.002049326 0.003549575 0.005990922 -0.002350866 0.00335741 0.005990922 -0.002634584 0.003139734 0.005990922 -0.002898216 0.002898216 0.005990922 -0.003139734 0.002634584 0.005990922 -0.00335741 0.002350866 0.005990922 -0.003549575 0.002049326 0.005990922 -0.00371468 0.00173217 0.005990922 -0.003851473 0.001401782 0.005990922 -0.003959 0.001060783 0.005990922 -0.004036426 7.11731e-4 0.005990922 -0.004083096 3.57225e-4 0.005990922 -0.004098653 0 0.005990922 -0.004083096 -3.57225e-4 0.005990922 -0.004036426 -7.11731e-4 0.005990922 -0.003959 -0.001060783 0.005990922 -0.003851473 -0.001401782 0.005990922 -0.00371468 -0.00173217 0.005990922 -0.003549575 -0.002049326 0.005990922 -0.00335741 -0.002350866 0.005990922 -0.003139734 -0.002634584 0.005990922 -0.002898216 -0.002898216 0.005990922 -0.002634584 -0.003139734 0.005990922 -0.002350866 -0.00335741 0.005990922 -0.002049326 -0.003549575 0.005990922 -0.00173217 -0.00371468 0.005990922 -0.001401782 -0.003851473 0.005990922 -0.001060783 -0.003959 0.005990922 -7.11731e-4 -0.004036426 0.005990922 -3.57225e-4 -0.004083096 0.005990922 0 -0.004098653 0.005994856 3.58313e-4 -0.004095494 0.005994856 7.13898e-4 -0.004048705 0.005994856 0.001064002 -0.00397104 0.005994856 0.001406073 -0.003863215 0.005994856 0.001737415 -0.003725945 0.005994856 0.002055585 -0.003560364 0.005994856 0.002358019 -0.003367662 0.005994856 0.002642571 -0.00314933 0.005994856 0.002907037 -0.002907037 0.005994856 0.00314933 -0.002642571 0.005994856 0.003367662 -0.002358019 0.005994856 0.003560364 -0.002055585 0.005994856 0.003725945 -0.001737415 0.005994856 0.003863215 -0.001406073 0.005994856 0.00397104 -0.001064002 0.005994856 0.004048705 -7.13898e-4 0.005994856 0.004095494 -3.58313e-4 0.005994856 0.00411117 0 0.005994856 0.004095494 3.58313e-4 0.005994856 0.004048705 7.13898e-4 0.005994856 0.00397104 0.001064002 0.005994856 0.003863215 0.001406073 0.005994856 0.003725945 0.001737415 0.005994856 0.003560364 0.002055585 0.005994856 0.003367662 0.002358019 0.005994856 0.00314933 0.002642571 0.005994856 0.002907037 0.002907037 0.005994856 0.002642571 0.00314933 0.005994856 0.002358019 0.003367662 0.005994856 0.002055585 0.003560364 0.005994856 0.001737415 0.003725945 0.005994856 0.001406073 0.003863215 0.005994856 0.001064002 0.00397104 0.005994856 7.13898e-4 0.004048705 0.005994856 3.58313e-4 0.004095494 0.005994856 0 0.00411117 0.005994856 -3.58313e-4 0.004095494 0.005994856 -7.13898e-4 0.004048705 0.005994856 -0.001064002 0.00397104 0.005994856 -0.001406073 0.003863215 0.005994856 -0.001737415 0.003725945 0.005994856 -0.002055585 0.003560364 0.005994856 -0.002358019 0.003367662 0.005994856 -0.002642571 0.00314933 0.005994856 -0.002907037 0.002907037 0.005994856 -0.00314933 0.002642571 0.005994856 -0.003367662 0.002358019 0.005994856 -0.003560364 0.002055585 0.005994856 -0.003725945 0.001737415 0.005994856 -0.003863215 0.001406073 0.005994856 -0.00397104 0.001064002 0.005994856 -0.004048705 7.13898e-4 0.005994856 -0.004095494 3.58313e-4 0.005994856 -0.00411117 0 0.005994856 -0.004095494 -3.58313e-4 0.005994856 -0.004048705 -7.13898e-4 0.005994856 -0.00397104 -0.001064002 0.005994856 -0.003863215 -0.001406073 0.005994856 -0.003725945 -0.001737415 0.005994856 -0.003560364 -0.002055585 0.005994856 -0.003367662 -0.002358019 0.005994856 -0.00314933 -0.002642571 0.005994856 -0.002907037 -0.002907037 0.005994856 -0.002642571 -0.00314933 0.005994856 -0.002358019 -0.003367662 0.005994856 -0.002055585 -0.003560364 0.005994856 -0.001737415 -0.003725945 0.005994856 -0.001406073 -0.003863215 0.005994856 -0.001064002 -0.00397104 0.005994856 -7.13898e-4 -0.004048705 0.005994856 -3.58313e-4 -0.004095494 0.005994856 0 -0.00411117 0.005997717 3.59426e-4 -0.00410825 0.005997717 7.16117e-4 -0.004061281 0.005997717 0.00106734 -0.003983378 0.005997717 0.001410424 -0.003875195 0.005997717 0.001742839 -0.003737568 0.005997717 0.002061963 -0.003571391 0.005997717 0.00236535 -0.003378093 0.005997717 0.002650797 -0.003159105 0.005997717 0.002916038 -0.002916038 0.005997717 0.003159105 -0.002650797 0.005997717 0.003378093 -0.00236535 0.005997717 0.003571391 -0.002061963 0.005997717 0.003737568 -0.001742839 0.005997717 0.003875195 -0.001410424 0.005997717 0.003983378 -0.00106734 0.005997717 0.004061281 -7.16117e-4 0.005997717 0.00410825 -3.59426e-4 0.005997717 0.004123926 0 0.005997717 0.00410825 3.59426e-4 0.005997717 0.004061281 7.16117e-4 0.005997717 0.003983378 0.00106734 0.005997717 0.003875195 0.001410424 0.005997717 0.003737568 0.001742839 0.005997717 0.003571391 0.002061963 0.005997717 0.003378093 0.00236535 0.005997717 0.003159105 0.002650797 0.005997717 0.002916038 0.002916038 0.005997717 0.002650797 0.003159105 0.005997717 0.00236535 0.003378093 0.005997717 0.002061963 0.003571391 0.005997717 0.001742839 0.003737568 0.005997717 0.001410424 0.003875195 0.005997717 0.00106734 0.003983378 0.005997717 7.16117e-4 0.004061281 0.005997717 3.59426e-4 0.00410825 0.005997717 0 0.004123926 0.005997717 -3.59426e-4 0.00410825 0.005997717 -7.16117e-4 0.004061281 0.005997717 -0.00106734 0.003983378 0.005997717 -0.001410424 0.003875195 0.005997717 -0.001742839 0.003737568 0.005997717 -0.002061963 0.003571391 0.005997717 -0.00236535 0.003378093 0.005997717 -0.002650797 0.003159105 0.005997717 -0.002916038 0.002916038 0.005997717 -0.003159105 0.002650797 0.005997717 -0.003378093 0.00236535 0.005997717 -0.003571391 0.002061963 0.005997717 -0.003737568 0.001742839 0.005997717 -0.003875195 0.001410424 0.005997717 -0.003983378 0.00106734 0.005997717 -0.004061281 7.16117e-4 0.005997717 -0.00410825 3.59426e-4 0.005997717 -0.004123926 0 0.005997717 -0.00410825 -3.59426e-4 0.005997717 -0.004061281 -7.16117e-4 0.005997717 -0.003983378 -0.00106734 0.005997717 -0.003875195 -0.001410424 0.005997717 -0.003737568 -0.001742839 0.005997717 -0.003571391 -0.002061963 0.005997717 -0.003378093 -0.00236535 0.005997717 -0.003159105 -0.002650797 0.005997717 -0.002916038 -0.002916038 0.005997717 -0.002650797 -0.003159105 0.005997717 -0.00236535 -0.003378093 0.005997717 -0.002061963 -0.003571391 0.005997717 -0.001742839 -0.003737568 0.005997717 -0.001410424 -0.003875195 0.005997717 -0.00106734 -0.003983378 0.005997717 -7.16117e-4 -0.004061281 0.005997717 -3.59426e-4 -0.00410825 0.005997717 0 -0.004123926 0.005999386 3.60557e-4 -0.004121184 0.005999386 7.1837e-4 -0.004074037 0.005999386 0.001070678 -0.003995954 0.005999386 0.001414895 -0.003887414 0.005999386 0.001748323 -0.00374931 0.005999386 0.002068459 -0.003582656 0.005999386 0.002372801 -0.003388762 0.005999386 0.002659142 -0.003169059 0.005999386 0.002925217 -0.002925217 0.005999386 0.003169059 -0.002659142 0.005999386 0.003388762 -0.002372801 0.005999386 0.003582656 -0.002068459 0.005999386 0.00374931 -0.001748323 0.005999386 0.003887414 -0.001414895 0.005999386 0.003995954 -0.001070678 0.005999386 0.004074037 -7.1837e-4 0.005999386 0.004121184 -3.60557e-4 0.005999386 0.004136919 0 0.005999386 0.004121184 3.60557e-4 0.005999386 0.004074037 7.1837e-4 0.005999386 0.003995954 0.001070678 0.005999386 0.003887414 0.001414895 0.005999386 0.00374931 0.001748323 0.005999386 0.003582656 0.002068459 0.005999386 0.003388762 0.002372801 0.005999386 0.003169059 0.002659142 0.005999386 0.002925217 0.002925217 0.005999386 0.002659142 0.003169059 0.005999386 0.002372801 0.003388762 0.005999386 0.002068459 0.003582656 0.005999386 0.001748323 0.00374931 0.005999386 0.001414895 0.003887414 0.005999386 0.001070678 0.003995954 0.005999386 7.1837e-4 0.004074037 0.005999386 3.60557e-4 0.004121184 0.005999386 0 0.004136919 0.005999386 -3.60557e-4 0.004121184 0.005999386 -7.1837e-4 0.004074037 0.005999386 -0.001070678 0.003995954 0.005999386 -0.001414895 0.003887414 0.005999386 -0.001748323 0.00374931 0.005999386 -0.002068459 0.003582656 0.005999386 -0.002372801 0.003388762 0.005999386 -0.002659142 0.003169059 0.005999386 -0.002925217 0.002925217 0.005999386 -0.003169059 0.002659142 0.005999386 -0.003388762 0.002372801 0.005999386 -0.003582656 0.002068459 0.005999386 -0.00374931 0.001748323 0.005999386 -0.003887414 0.001414895 0.005999386 -0.003995954 0.001070678 0.005999386 -0.004074037 7.1837e-4 0.005999386 -0.004121184 3.60557e-4 0.005999386 -0.004136919 0 0.005999386 -0.004121184 -3.60557e-4 0.005999386 -0.004074037 -7.1837e-4 0.005999386 -0.003995954 -0.001070678 0.005999386 -0.003887414 -0.001414895 0.005999386 -0.00374931 -0.001748323 0.005999386 -0.003582656 -0.002068459 0.005999386 -0.003388762 -0.002372801 0.005999386 -0.003169059 -0.002659142 0.005999386 -0.002925217 -0.002925217 0.005999386 -0.002659142 -0.003169059 0.005999386 -0.002372801 -0.003388762 0.005999386 -0.002068459 -0.003582656 0.005999386 -0.001748323 -0.00374931 0.005999386 -0.001414895 -0.003887414 0.005999386 -0.001070678 -0.003995954 0.005999386 -7.1837e-4 -0.004074037 0.005999386 -3.60557e-4 -0.004121184 0.005999386 0 -0.004136919 0.005999982 3.61696e-4 -0.004134178 0.005999982 7.2064e-4 -0.004086911 0.005999982 0.001074075 -0.004008591 0.005999982 0.001419365 -0.003899693 0.005999982 0.001753807 -0.003761172 0.005999982 0.002074956 -0.003593981 0.005999982 0.002380311 -0.003399431 0.005999982 0.002667546 -0.003179073 0.005999982 0.002934455 -0.002934455 0.005999982 0.003179073 -0.002667546 0.005999982 0.003399431 -0.002380311 0.005999982 0.003593981 -0.002074956 0.005999982 0.003761172 -0.001753807 0.005999982 0.003899693 -0.001419365 0.005999982 0.004008591 -0.001074075 0.005999982 0.004086911 -7.2064e-4 0.005999982 0.004134178 -3.61696e-4 0.005999982 0.004149973 0 0.005999982 0.004134178 3.61696e-4 0.005999982 0.004086911 7.2064e-4 0.005999982 0.004008591 0.001074075 0.005999982 0.003899693 0.001419365 0.005999982 0.003761172 0.001753807 0.005999982 0.003593981 0.002074956 0.005999982 0.003399431 0.002380311 0.005999982 0.003179073 0.002667546 0.005999982 0.002934455 0.002934455 0.005999982 0.002667546 0.003179073 0.005999982 0.002380311 0.003399431 0.005999982 0.002074956 0.003593981 0.005999982 0.001753807 0.003761172 0.005999982 0.001419365 0.003899693 0.005999982 0.001074075 0.004008591 0.005999982 7.2064e-4 0.004086911 0.005999982 3.61696e-4 0.004134178 0.005999982 0 0.004149973 0.005999982 -3.61696e-4 0.004134178 0.005999982 -7.2064e-4 0.004086911 0.005999982 -0.001074075 0.004008591 0.005999982 -0.001419365 0.003899693 0.005999982 -0.001753807 0.003761172 0.005999982 -0.002074956 0.003593981 0.005999982 -0.002380311 0.003399431 0.005999982 -0.002667546 0.003179073 0.005999982 -0.002934455 0.002934455 0.005999982 -0.003179073 0.002667546 0.005999982 -0.003399431 0.002380311 0.005999982 -0.003593981 0.002074956 0.005999982 -0.003761172 0.001753807 0.005999982 -0.003899693 0.001419365 0.005999982 -0.004008591 0.001074075 0.005999982 -0.004086911 7.2064e-4 0.005999982 -0.004134178 3.61696e-4 0.005999982 -0.004149973 0 0.005999982 -0.004134178 -3.61696e-4 0.005999982 -0.004086911 -7.2064e-4 0.005999982 -0.004008591 -0.001074075 0.005999982 -0.003899693 -0.001419365 0.005999982 -0.003761172 -0.001753807 0.005999982 -0.003593981 -0.002074956 0.005999982 -0.003399431 -0.002380311 0.005999982 -0.003179073 -0.002667546 0.005999982 -0.002934455 -0.002934455 0.005999982 -0.002667546 -0.003179073 0.005999982 -0.002380311 -0.003399431 0.005999982 -0.002074956 -0.003593981 0.005999982 -0.001753807 -0.003761172 0.005999982 -0.001419365 -0.003899693 0.005999982 -0.001074075 -0.004008591 0.005999982 -7.2064e-4 -0.004086911 0.005999982 -3.61696e-4 -0.004134178 0.005999982 0 -0.004149973 -0.005849957 0 0.003999948 -0.00586307 3.48673e-4 0.003985345 -0.005849957 3.48623e-4 0.003984749 -0.00586307 6.94692e-4 0.003939747 -0.005849957 6.94593e-4 0.003939211 -0.00586307 0.001035392 0.003864228 -0.005849957 0.001035273 0.003863692 -0.00586307 0.001368224 0.003759264 -0.005849957 0.001368045 0.003758728 -0.00586307 0.001690685 0.00362569 -0.005849957 0.001690447 0.003625214 -0.00586307 0.002000272 0.003464579 -0.005849957 0.001999974 0.003464043 -0.00586307 0.0022946 0.003277063 -0.005849957 0.002294301 0.003276586 -0.00586307 0.002571463 0.003064572 -0.005849957 0.002571105 0.003064155 -0.00586307 0.002828776 0.002828776 -0.005849957 0.002828419 0.002828419 -0.00586307 0.003064572 0.002571463 -0.005849957 0.003064155 0.002571105 -0.00586307 0.003277063 0.0022946 -0.005849957 0.003276586 0.002294301 -0.00586307 0.003464579 0.002000272 -0.005849957 0.003464043 0.001999974 -0.00586307 0.00362569 0.001690685 -0.005849957 0.003625214 0.001690447 -0.00586307 0.003759264 0.001368224 -0.005849957 0.003758728 0.001368045 -0.00586307 0.003864228 0.001035392 -0.005849957 0.003863692 0.001035273 -0.00586307 0.003939747 6.94692e-4 -0.005849957 0.003939211 6.94593e-4 -0.00586307 0.003985345 3.48673e-4 -0.005849957 0.003984749 3.48623e-4 -0.00586307 0.004000544 0 -0.005849957 0.003999948 0 -0.00586307 0.003985345 -3.48673e-4 -0.005849957 0.003984749 -3.48623e-4 -0.00586307 0.003939747 -6.94692e-4 -0.005849957 0.003939211 -6.94593e-4 -0.00586307 0.003864228 -0.001035392 -0.005849957 0.003863692 -0.001035273 -0.00586307 0.003759264 -0.001368224 -0.005849957 0.003758728 -0.001368045 -0.00586307 0.00362569 -0.001690685 -0.005849957 0.003625214 -0.001690447 -0.00586307 0.003464579 -0.002000272 -0.005849957 0.003464043 -0.001999974 -0.00586307 0.003277063 -0.0022946 -0.005849957 0.003276586 -0.002294301 -0.00586307 0.003064572 -0.002571463 -0.005849957 0.003064155 -0.002571105 -0.00586307 0.002828776 -0.002828776 -0.005849957 0.002828419 -0.002828419 -0.00586307 0.002571463 -0.003064572 -0.005849957 0.002571105 -0.003064155 -0.00586307 0.0022946 -0.003277063 -0.005849957 0.002294301 -0.003276586 -0.00586307 0.002000272 -0.003464579 -0.005849957 0.001999974 -0.003464043 -0.00586307 0.001690685 -0.00362569 -0.005849957 0.001690447 -0.003625214 -0.00586307 0.001368224 -0.003759264 -0.005849957 0.001368045 -0.003758728 -0.00586307 0.001035392 -0.003864228 -0.005849957 0.001035273 -0.003863692 -0.00586307 6.94692e-4 -0.003939747 -0.005849957 6.94593e-4 -0.003939211 -0.00586307 3.48673e-4 -0.003985345 -0.005849957 3.48623e-4 -0.003984749 -0.00586307 0 -0.004000544 -0.005849957 0 -0.003999948 -0.00586307 -3.48673e-4 -0.003985345 -0.005849957 -3.48623e-4 -0.003984749 -0.00586307 -6.94692e-4 -0.003939747 -0.005849957 -6.94593e-4 -0.003939211 -0.00586307 -0.001035392 -0.003864228 -0.005849957 -0.001035273 -0.003863692 -0.00586307 -0.001368224 -0.003759264 -0.005849957 -0.001368045 -0.003758728 -0.00586307 -0.001690685 -0.00362569 -0.005849957 -0.001690447 -0.003625214 -0.00586307 -0.002000272 -0.003464579 -0.005849957 -0.001999974 -0.003464043 -0.00586307 -0.0022946 -0.003277063 -0.005849957 -0.002294301 -0.003276586 -0.00586307 -0.002571463 -0.003064572 -0.005849957 -0.002571105 -0.003064155 -0.00586307 -0.002828776 -0.002828776 -0.005849957 -0.002828419 -0.002828419 -0.00586307 -0.003064572 -0.002571463 -0.005849957 -0.003064155 -0.002571105 -0.00586307 -0.003277063 -0.0022946 -0.005849957 -0.003276586 -0.002294301 -0.00586307 -0.003464579 -0.002000272 -0.005849957 -0.003464043 -0.001999974 -0.00586307 -0.00362569 -0.001690685 -0.005849957 -0.003625214 -0.001690447 -0.00586307 -0.003759264 -0.001368224 -0.005849957 -0.003758728 -0.001368045 -0.00586307 -0.003864228 -0.001035392 -0.005849957 -0.003863692 -0.001035273 -0.00586307 -0.003939747 -6.94692e-4 -0.005849957 -0.003939211 -6.94593e-4 -0.00586307 -0.003985345 -3.48673e-4 -0.005849957 -0.003984749 -3.48623e-4 -0.00586307 -0.004000544 0 -0.005849957 -0.003999948 0 -0.00586307 -0.003985345 3.48673e-4 -0.005849957 -0.003984749 3.48623e-4 -0.00586307 -0.003939747 6.94692e-4 -0.005849957 -0.003939211 6.94593e-4 -0.00586307 -0.003864228 0.001035392 -0.005849957 -0.003863692 0.001035273 -0.00586307 -0.003759264 0.001368224 -0.005849957 -0.003758728 0.001368045 -0.00586307 -0.00362569 0.001690685 -0.005849957 -0.003625214 0.001690447 -0.00586307 -0.003464579 0.002000272 -0.005849957 -0.003464043 0.001999974 -0.00586307 -0.003277063 0.0022946 -0.005849957 -0.003276586 0.002294301 -0.00586307 -0.003064572 0.002571463 -0.005849957 -0.003064155 0.002571105 -0.00586307 -0.002828776 0.002828776 -0.005849957 -0.002828419 0.002828419 -0.00586307 -0.002571463 0.003064572 -0.005849957 -0.002571105 0.003064155 -0.00586307 -0.0022946 0.003277063 -0.005849957 -0.002294301 0.003276586 -0.00586307 -0.002000272 0.003464579 -0.005849957 -0.001999974 0.003464043 -0.00586307 -0.001690685 0.00362569 -0.005849957 -0.001690447 0.003625214 -0.00586307 -0.001368224 0.003759264 -0.005849957 -0.001368045 0.003758728 -0.00586307 -0.001035392 0.003864228 -0.005849957 -0.001035273 0.003863692 -0.00586307 -6.94692e-4 0.003939747 -0.005849957 -6.94593e-4 0.003939211 -0.00586307 -3.48673e-4 0.003985345 -0.005849957 -3.48623e-4 0.003984749 -0.00586307 0 0.004000544 -0.005876004 3.48822e-4 0.003987014 -0.005876004 6.94988e-4 0.003941416 -0.005876004 0.001035809 0.003865897 -0.005876004 0.00136882 0.003760874 -0.005876004 0.001691401 0.00362724 -0.005876004 0.002001106 0.003466069 -0.005876004 0.002295613 0.003278434 -0.005876004 0.002572596 0.003065884 -0.005876004 0.002830028 0.002830028 -0.005876004 0.003065884 0.002572596 -0.005876004 0.003278434 0.002295613 -0.005876004 0.003466069 0.002001106 -0.005876004 0.00362724 0.001691401 -0.005876004 0.003760874 0.00136882 -0.005876004 0.003865897 0.001035809 -0.005876004 0.003941416 6.94988e-4 -0.005876004 0.003987014 3.48822e-4 -0.005876004 0.004002273 0 -0.005876004 0.003987014 -3.48822e-4 -0.005876004 0.003941416 -6.94988e-4 -0.005876004 0.003865897 -0.001035809 -0.005876004 0.003760874 -0.00136882 -0.005876004 0.00362724 -0.001691401 -0.005876004 0.003466069 -0.002001106 -0.005876004 0.003278434 -0.002295613 -0.005876004 0.003065884 -0.002572596 -0.005876004 0.002830028 -0.002830028 -0.005876004 0.002572596 -0.003065884 -0.005876004 0.002295613 -0.003278434 -0.005876004 0.002001106 -0.003466069 -0.005876004 0.001691401 -0.00362724 -0.005876004 0.00136882 -0.003760874 -0.005876004 0.001035809 -0.003865897 -0.005876004 6.94988e-4 -0.003941416 -0.005876004 3.48822e-4 -0.003987014 -0.005876004 0 -0.004002273 -0.005876004 -3.48822e-4 -0.003987014 -0.005876004 -6.94988e-4 -0.003941416 -0.005876004 -0.001035809 -0.003865897 -0.005876004 -0.00136882 -0.003760874 -0.005876004 -0.001691401 -0.00362724 -0.005876004 -0.002001106 -0.003466069 -0.005876004 -0.002295613 -0.003278434 -0.005876004 -0.002572596 -0.003065884 -0.005876004 -0.002830028 -0.002830028 -0.005876004 -0.003065884 -0.002572596 -0.005876004 -0.003278434 -0.002295613 -0.005876004 -0.003466069 -0.002001106 -0.005876004 -0.00362724 -0.001691401 -0.005876004 -0.003760874 -0.00136882 -0.005876004 -0.003865897 -0.001035809 -0.005876004 -0.003941416 -6.94988e-4 -0.005876004 -0.003987014 -3.48822e-4 -0.005876004 -0.004002273 0 -0.005876004 -0.003987014 3.48822e-4 -0.005876004 -0.003941416 6.94988e-4 -0.005876004 -0.003865897 0.001035809 -0.005876004 -0.003760874 0.00136882 -0.005876004 -0.00362724 0.001691401 -0.005876004 -0.003466069 0.002001106 -0.005876004 -0.003278434 0.002295613 -0.005876004 -0.003065884 0.002572596 -0.005876004 -0.002830028 0.002830028 -0.005876004 -0.002572596 0.003065884 -0.005876004 -0.002295613 0.003278434 -0.005876004 -0.002001106 0.003466069 -0.005876004 -0.001691401 0.00362724 -0.005876004 -0.00136882 0.003760874 -0.005876004 -0.001035809 0.003865897 -0.005876004 -6.94988e-4 0.003941416 -0.005876004 -3.48822e-4 0.003987014 -0.005876004 0 0.004002273 -0.005888819 3.49068e-4 0.003989815 -0.005888819 6.9548e-4 0.003944218 -0.005888819 0.001036584 0.003868639 -0.005888819 0.001369774 0.003763556 -0.005888819 0.001692593 0.003629863 -0.005888819 0.002002537 0.003468513 -0.005888819 0.002297222 0.003280758 -0.005888819 0.002574384 0.003068089 -0.005888819 0.002831995 0.002831995 -0.005888819 0.003068089 0.002574384 -0.005888819 0.003280758 0.002297222 -0.005888819 0.003468513 0.002002537 -0.005888819 0.003629863 0.001692593 -0.005888819 0.003763556 0.001369774 -0.005888819 0.003868639 0.001036584 -0.005888819 0.003944218 6.9548e-4 -0.005888819 0.003989815 3.49068e-4 -0.005888819 0.004005074 0 -0.005888819 0.003989815 -3.49068e-4 -0.005888819 0.003944218 -6.9548e-4 -0.005888819 0.003868639 -0.001036584 -0.005888819 0.003763556 -0.001369774 -0.005888819 0.003629863 -0.001692593 -0.005888819 0.003468513 -0.002002537 -0.005888819 0.003280758 -0.002297222 -0.005888819 0.003068089 -0.002574384 -0.005888819 0.002831995 -0.002831995 -0.005888819 0.002574384 -0.003068089 -0.005888819 0.002297222 -0.003280758 -0.005888819 0.002002537 -0.003468513 -0.005888819 0.001692593 -0.003629863 -0.005888819 0.001369774 -0.003763556 -0.005888819 0.001036584 -0.003868639 -0.005888819 6.9548e-4 -0.003944218 -0.005888819 3.49068e-4 -0.003989815 -0.005888819 0 -0.004005074 -0.005888819 -3.49068e-4 -0.003989815 -0.005888819 -6.9548e-4 -0.003944218 -0.005888819 -0.001036584 -0.003868639 -0.005888819 -0.001369774 -0.003763556 -0.005888819 -0.001692593 -0.003629863 -0.005888819 -0.002002537 -0.003468513 -0.005888819 -0.002297222 -0.003280758 -0.005888819 -0.002574384 -0.003068089 -0.005888819 -0.002831995 -0.002831995 -0.005888819 -0.003068089 -0.002574384 -0.005888819 -0.003280758 -0.002297222 -0.005888819 -0.003468513 -0.002002537 -0.005888819 -0.003629863 -0.001692593 -0.005888819 -0.003763556 -0.001369774 -0.005888819 -0.003868639 -0.001036584 -0.005888819 -0.003944218 -6.9548e-4 -0.005888819 -0.003989815 -3.49068e-4 -0.005888819 -0.004005074 0 -0.005888819 -0.003989815 3.49068e-4 -0.005888819 -0.003944218 6.9548e-4 -0.005888819 -0.003868639 0.001036584 -0.005888819 -0.003763556 0.001369774 -0.005888819 -0.003629863 0.001692593 -0.005888819 -0.003468513 0.002002537 -0.005888819 -0.003280758 0.002297222 -0.005888819 -0.003068089 0.002574384 -0.005888819 -0.002831995 0.002831995 -0.005888819 -0.002574384 0.003068089 -0.005888819 -0.002297222 0.003280758 -0.005888819 -0.002002537 0.003468513 -0.005888819 -0.001692593 0.003629863 -0.005888819 -0.001369774 0.003763556 -0.005888819 -0.001036584 0.003868639 -0.005888819 -6.9548e-4 0.003944218 -0.005888819 -3.49068e-4 0.003989815 -0.005888819 0 0.004005074 -0.005901277 3.49411e-4 0.003993749 -0.005901277 6.96164e-4 0.003948092 -0.005901277 0.001037597 0.003872394 -0.005901277 0.001371145 0.003767251 -0.005901277 0.001694262 0.003633379 -0.005901277 0.002004504 0.00347191 -0.005901277 0.002299487 0.003283977 -0.005901277 0.002576947 0.003071069 -0.005901277 0.002834796 0.002834796 -0.005901277 0.003071069 0.002576947 -0.005901277 0.003283977 0.002299487 -0.005901277 0.00347191 0.002004504 -0.005901277 0.003633379 0.001694262 -0.005901277 0.003767251 0.001371145 -0.005901277 0.003872394 0.001037597 -0.005901277 0.003948092 6.96164e-4 -0.005901277 0.003993749 3.49411e-4 -0.005901277 0.004009008 0 -0.005901277 0.003993749 -3.49411e-4 -0.005901277 0.003948092 -6.96164e-4 -0.005901277 0.003872394 -0.001037597 -0.005901277 0.003767251 -0.001371145 -0.005901277 0.003633379 -0.001694262 -0.005901277 0.00347191 -0.002004504 -0.005901277 0.003283977 -0.002299487 -0.005901277 0.003071069 -0.002576947 -0.005901277 0.002834796 -0.002834796 -0.005901277 0.002576947 -0.003071069 -0.005901277 0.002299487 -0.003283977 -0.005901277 0.002004504 -0.00347191 -0.005901277 0.001694262 -0.003633379 -0.005901277 0.001371145 -0.003767251 -0.005901277 0.001037597 -0.003872394 -0.005901277 6.96164e-4 -0.003948092 -0.005901277 3.49411e-4 -0.003993749 -0.005901277 0 -0.004009008 -0.005901277 -3.49411e-4 -0.003993749 -0.005901277 -6.96164e-4 -0.003948092 -0.005901277 -0.001037597 -0.003872394 -0.005901277 -0.001371145 -0.003767251 -0.005901277 -0.001694262 -0.003633379 -0.005901277 -0.002004504 -0.00347191 -0.005901277 -0.002299487 -0.003283977 -0.005901277 -0.002576947 -0.003071069 -0.005901277 -0.002834796 -0.002834796 -0.005901277 -0.003071069 -0.002576947 -0.005901277 -0.003283977 -0.002299487 -0.005901277 -0.00347191 -0.002004504 -0.005901277 -0.003633379 -0.001694262 -0.005901277 -0.003767251 -0.001371145 -0.005901277 -0.003872394 -0.001037597 -0.005901277 -0.003948092 -6.96164e-4 -0.005901277 -0.003993749 -3.49411e-4 -0.005901277 -0.004009008 0 -0.005901277 -0.003993749 3.49411e-4 -0.005901277 -0.003948092 6.96164e-4 -0.005901277 -0.003872394 0.001037597 -0.005901277 -0.003767251 0.001371145 -0.005901277 -0.003633379 0.001694262 -0.005901277 -0.00347191 0.002004504 -0.005901277 -0.003283977 0.002299487 -0.005901277 -0.003071069 0.002576947 -0.005901277 -0.002834796 0.002834796 -0.005901277 -0.002576947 0.003071069 -0.005901277 -0.002299487 0.003283977 -0.005901277 -0.002004504 0.00347191 -0.005901277 -0.001694262 0.003633379 -0.005901277 -0.001371145 0.003767251 -0.005901277 -0.001037597 0.003872394 -0.005901277 -6.96164e-4 0.003948092 -0.005901277 -3.49411e-4 0.003993749 -0.005901277 0 0.004009008 -0.005913376 3.49848e-4 0.003998756 -0.005913376 6.97033e-4 0.003953039 -0.005913376 0.001038908 0.003877222 -0.005913376 0.001372873 0.00377196 -0.005913376 0.001696407 0.003637909 -0.005913376 0.002007007 0.003476262 -0.005913376 0.002302348 0.00328809 -0.005913376 0.002580165 0.003074944 -0.005913376 0.002838313 0.002838313 -0.005913376 0.003074944 0.002580165 -0.005913376 0.00328809 0.002302348 -0.005913376 0.003476262 0.002007007 -0.005913376 0.003637909 0.001696407 -0.005913376 0.00377196 0.001372873 -0.005913376 0.003877222 0.001038908 -0.005913376 0.003953039 6.97033e-4 -0.005913376 0.003998756 3.49848e-4 -0.005913376 0.004014015 0 -0.005913376 0.003998756 -3.49848e-4 -0.005913376 0.003953039 -6.97033e-4 -0.005913376 0.003877222 -0.001038908 -0.005913376 0.00377196 -0.001372873 -0.005913376 0.003637909 -0.001696407 -0.005913376 0.003476262 -0.002007007 -0.005913376 0.00328809 -0.002302348 -0.005913376 0.003074944 -0.002580165 -0.005913376 0.002838313 -0.002838313 -0.005913376 0.002580165 -0.003074944 -0.005913376 0.002302348 -0.00328809 -0.005913376 0.002007007 -0.003476262 -0.005913376 0.001696407 -0.003637909 -0.005913376 0.001372873 -0.00377196 -0.005913376 0.001038908 -0.003877222 -0.005913376 6.97033e-4 -0.003953039 -0.005913376 3.49848e-4 -0.003998756 -0.005913376 0 -0.004014015 -0.005913376 -3.49848e-4 -0.003998756 -0.005913376 -6.97033e-4 -0.003953039 -0.005913376 -0.001038908 -0.003877222 -0.005913376 -0.001372873 -0.00377196 -0.005913376 -0.001696407 -0.003637909 -0.005913376 -0.002007007 -0.003476262 -0.005913376 -0.002302348 -0.00328809 -0.005913376 -0.002580165 -0.003074944 -0.005913376 -0.002838313 -0.002838313 -0.005913376 -0.003074944 -0.002580165 -0.005913376 -0.00328809 -0.002302348 -0.005913376 -0.003476262 -0.002007007 -0.005913376 -0.003637909 -0.001696407 -0.005913376 -0.00377196 -0.001372873 -0.005913376 -0.003877222 -0.001038908 -0.005913376 -0.003953039 -6.97033e-4 -0.005913376 -0.003998756 -3.49848e-4 -0.005913376 -0.004014015 0 -0.005913376 -0.003998756 3.49848e-4 -0.005913376 -0.003953039 6.97033e-4 -0.005913376 -0.003877222 0.001038908 -0.005913376 -0.00377196 0.001372873 -0.005913376 -0.003637909 0.001696407 -0.005913376 -0.003476262 0.002007007 -0.005913376 -0.00328809 0.002302348 -0.005913376 -0.003074944 0.002580165 -0.005913376 -0.002838313 0.002838313 -0.005913376 -0.002580165 0.003074944 -0.005913376 -0.002302348 0.00328809 -0.005913376 -0.002007007 0.003476262 -0.005913376 -0.001696407 0.003637909 -0.005913376 -0.001372873 0.00377196 -0.005913376 -0.001038908 0.003877222 -0.005913376 -6.97033e-4 0.003953039 -0.005913376 -3.49848e-4 0.003998756 -0.005913376 0 0.004014015 -0.005924999 3.50374e-4 0.004004776 -0.005924999 6.98082e-4 0.003959 -0.005924999 0.001040458 0.003883063 -0.005924999 0.0013749 0.003777623 -0.005924999 0.001698911 0.003643393 -0.005924999 0.002010047 0.003481447 -0.005924999 0.002305805 0.003293037 -0.005924999 0.00258404 0.003079533 -0.005924999 0.002842605 0.002842605 -0.005924999 0.003079533 0.00258404 -0.005924999 0.003293037 0.002305805 -0.005924999 0.003481447 0.002010047 -0.005924999 0.003643393 0.001698911 -0.005924999 0.003777623 0.0013749 -0.005924999 0.003883063 0.001040458 -0.005924999 0.003959 6.98082e-4 -0.005924999 0.004004776 3.50374e-4 -0.005924999 0.004020094 0 -0.005924999 0.004004776 -3.50374e-4 -0.005924999 0.003959 -6.98082e-4 -0.005924999 0.003883063 -0.001040458 -0.005924999 0.003777623 -0.0013749 -0.005924999 0.003643393 -0.001698911 -0.005924999 0.003481447 -0.002010047 -0.005924999 0.003293037 -0.002305805 -0.005924999 0.003079533 -0.00258404 -0.005924999 0.002842605 -0.002842605 -0.005924999 0.00258404 -0.003079533 -0.005924999 0.002305805 -0.003293037 -0.005924999 0.002010047 -0.003481447 -0.005924999 0.001698911 -0.003643393 -0.005924999 0.0013749 -0.003777623 -0.005924999 0.001040458 -0.003883063 -0.005924999 6.98082e-4 -0.003959 -0.005924999 3.50374e-4 -0.004004776 -0.005924999 0 -0.004020094 -0.005924999 -3.50374e-4 -0.004004776 -0.005924999 -6.98082e-4 -0.003959 -0.005924999 -0.001040458 -0.003883063 -0.005924999 -0.0013749 -0.003777623 -0.005924999 -0.001698911 -0.003643393 -0.005924999 -0.002010047 -0.003481447 -0.005924999 -0.002305805 -0.003293037 -0.005924999 -0.00258404 -0.003079533 -0.005924999 -0.002842605 -0.002842605 -0.005924999 -0.003079533 -0.00258404 -0.005924999 -0.003293037 -0.002305805 -0.005924999 -0.003481447 -0.002010047 -0.005924999 -0.003643393 -0.001698911 -0.005924999 -0.003777623 -0.0013749 -0.005924999 -0.003883063 -0.001040458 -0.005924999 -0.003959 -6.98082e-4 -0.005924999 -0.004004776 -3.50374e-4 -0.005924999 -0.004020094 0 -0.005924999 -0.004004776 3.50374e-4 -0.005924999 -0.003959 6.98082e-4 -0.005924999 -0.003883063 0.001040458 -0.005924999 -0.003777623 0.0013749 -0.005924999 -0.003643393 0.001698911 -0.005924999 -0.003481447 0.002010047 -0.005924999 -0.003293037 0.002305805 -0.005924999 -0.003079533 0.00258404 -0.005924999 -0.002842605 0.002842605 -0.005924999 -0.00258404 0.003079533 -0.005924999 -0.002305805 0.003293037 -0.005924999 -0.002010047 0.003481447 -0.005924999 -0.001698911 0.003643393 -0.005924999 -0.0013749 0.003777623 -0.005924999 -0.001040458 0.003883063 -0.005924999 -6.98082e-4 0.003959 -0.005924999 -3.50374e-4 0.004004776 -0.005924999 0 0.004020094 -0.005936026 3.50987e-4 0.00401175 -0.005936026 6.99303e-4 0.003965914 -0.005936026 0.001042246 0.003889858 -0.005936026 0.001377344 0.003784239 -0.005936026 0.001701891 0.003649771 -0.005936026 0.002013564 0.003487586 -0.005936026 0.002309858 0.003298819 -0.005936026 0.00258857 0.003084957 -0.005936026 0.002847552 0.002847552 -0.005936026 0.003084957 0.00258857 -0.005936026 0.003298819 0.002309858 -0.005936026 0.003487586 0.002013564 -0.005936026 0.003649771 0.001701891 -0.005936026 0.003784239 0.001377344 -0.005936026 0.003889858 0.001042246 -0.005936026 0.003965914 6.99303e-4 -0.005936026 0.00401175 3.50987e-4 -0.005936026 0.004027068 0 -0.005936026 0.00401175 -3.50987e-4 -0.005936026 0.003965914 -6.99303e-4 -0.005936026 0.003889858 -0.001042246 -0.005936026 0.003784239 -0.001377344 -0.005936026 0.003649771 -0.001701891 -0.005936026 0.003487586 -0.002013564 -0.005936026 0.003298819 -0.002309858 -0.005936026 0.003084957 -0.00258857 -0.005936026 0.002847552 -0.002847552 -0.005936026 0.00258857 -0.003084957 -0.005936026 0.002309858 -0.003298819 -0.005936026 0.002013564 -0.003487586 -0.005936026 0.001701891 -0.003649771 -0.005936026 0.001377344 -0.003784239 -0.005936026 0.001042246 -0.003889858 -0.005936026 6.99303e-4 -0.003965914 -0.005936026 3.50987e-4 -0.00401175 -0.005936026 0 -0.004027068 -0.005936026 -3.50987e-4 -0.00401175 -0.005936026 -6.99303e-4 -0.003965914 -0.005936026 -0.001042246 -0.003889858 -0.005936026 -0.001377344 -0.003784239 -0.005936026 -0.001701891 -0.003649771 -0.005936026 -0.002013564 -0.003487586 -0.005936026 -0.002309858 -0.003298819 -0.005936026 -0.00258857 -0.003084957 -0.005936026 -0.002847552 -0.002847552 -0.005936026 -0.003084957 -0.00258857 -0.005936026 -0.003298819 -0.002309858 -0.005936026 -0.003487586 -0.002013564 -0.005936026 -0.003649771 -0.001701891 -0.005936026 -0.003784239 -0.001377344 -0.005936026 -0.003889858 -0.001042246 -0.005936026 -0.003965914 -6.99303e-4 -0.005936026 -0.00401175 -3.50987e-4 -0.005936026 -0.004027068 0 -0.005936026 -0.00401175 3.50987e-4 -0.005936026 -0.003965914 6.99303e-4 -0.005936026 -0.003889858 0.001042246 -0.005936026 -0.003784239 0.001377344 -0.005936026 -0.003649771 0.001701891 -0.005936026 -0.003487586 0.002013564 -0.005936026 -0.003298819 0.002309858 -0.005936026 -0.003084957 0.00258857 -0.005936026 -0.002847552 0.002847552 -0.005936026 -0.00258857 0.003084957 -0.005936026 -0.002309858 0.003298819 -0.005936026 -0.002013564 0.003487586 -0.005936026 -0.001701891 0.003649771 -0.005936026 -0.001377344 0.003784239 -0.005936026 -0.001042246 0.003889858 -0.005936026 -6.99303e-4 0.003965914 -0.005936026 -3.50987e-4 0.00401175 -0.005936026 0 0.004027068 -0.005946397 3.51682e-4 0.004019737 -0.005946397 7.00687e-4 0.003973782 -0.005946397 0.001044332 0.003897547 -0.005946397 0.001380026 0.003791689 -0.005946397 0.001705288 0.003656983 -0.005946397 0.002017498 0.003494441 -0.005946397 0.002314388 0.003305315 -0.005946397 0.002593696 0.003091037 -0.005946397 0.002853214 0.002853214 -0.005946397 0.003091037 0.002593696 -0.005946397 0.003305315 0.002314388 -0.005946397 0.003494441 0.002017498 -0.005946397 0.003656983 0.001705288 -0.005946397 0.003791689 0.001380026 -0.005946397 0.003897547 0.001044332 -0.005946397 0.003973782 7.00687e-4 -0.005946397 0.004019737 3.51682e-4 -0.005946397 0.004035055 0 -0.005946397 0.004019737 -3.51682e-4 -0.005946397 0.003973782 -7.00687e-4 -0.005946397 0.003897547 -0.001044332 -0.005946397 0.003791689 -0.001380026 -0.005946397 0.003656983 -0.001705288 -0.005946397 0.003494441 -0.002017498 -0.005946397 0.003305315 -0.002314388 -0.005946397 0.003091037 -0.002593696 -0.005946397 0.002853214 -0.002853214 -0.005946397 0.002593696 -0.003091037 -0.005946397 0.002314388 -0.003305315 -0.005946397 0.002017498 -0.003494441 -0.005946397 0.001705288 -0.003656983 -0.005946397 0.001380026 -0.003791689 -0.005946397 0.001044332 -0.003897547 -0.005946397 7.00687e-4 -0.003973782 -0.005946397 3.51682e-4 -0.004019737 -0.005946397 0 -0.004035055 -0.005946397 -3.51682e-4 -0.004019737 -0.005946397 -7.00687e-4 -0.003973782 -0.005946397 -0.001044332 -0.003897547 -0.005946397 -0.001380026 -0.003791689 -0.005946397 -0.001705288 -0.003656983 -0.005946397 -0.002017498 -0.003494441 -0.005946397 -0.002314388 -0.003305315 -0.005946397 -0.002593696 -0.003091037 -0.005946397 -0.002853214 -0.002853214 -0.005946397 -0.003091037 -0.002593696 -0.005946397 -0.003305315 -0.002314388 -0.005946397 -0.003494441 -0.002017498 -0.005946397 -0.003656983 -0.001705288 -0.005946397 -0.003791689 -0.001380026 -0.005946397 -0.003897547 -0.001044332 -0.005946397 -0.003973782 -7.00687e-4 -0.005946397 -0.004019737 -3.51682e-4 -0.005946397 -0.004035055 0 -0.005946397 -0.004019737 3.51682e-4 -0.005946397 -0.003973782 7.00687e-4 -0.005946397 -0.003897547 0.001044332 -0.005946397 -0.003791689 0.001380026 -0.005946397 -0.003656983 0.001705288 -0.005946397 -0.003494441 0.002017498 -0.005946397 -0.003305315 0.002314388 -0.005946397 -0.003091037 0.002593696 -0.005946397 -0.002853214 0.002853214 -0.005946397 -0.002593696 0.003091037 -0.005946397 -0.002314388 0.003305315 -0.005946397 -0.002017498 0.003494441 -0.005946397 -0.001705288 0.003656983 -0.005946397 -0.001380026 0.003791689 -0.005946397 -0.001044332 0.003897547 -0.005946397 -7.00687e-4 0.003973782 -0.005946397 -3.51682e-4 0.004019737 -0.005946397 0 0.004035055 -0.005956053 3.52452e-4 0.004028499 -0.005956053 7.02222e-4 0.003982484 -0.005956053 0.001046597 0.00390613 -0.005956053 0.001383066 0.003800034 -0.005956053 0.001708984 0.00366503 -0.005956053 0.002021908 0.00350213 -0.005956053 0.002319455 0.003312587 -0.005956053 0.002599358 0.003097832 -0.005956053 0.002859473 0.002859473 -0.005956053 0.003097832 0.002599358 -0.005956053 0.003312587 0.002319455 -0.005956053 0.00350213 0.002021908 -0.005956053 0.00366503 0.001708984 -0.005956053 0.003800034 0.001383066 -0.005956053 0.00390613 0.001046597 -0.005956053 0.003982484 7.02222e-4 -0.005956053 0.004028499 3.52452e-4 -0.005956053 0.004043877 0 -0.005956053 0.004028499 -3.52452e-4 -0.005956053 0.003982484 -7.02222e-4 -0.005956053 0.00390613 -0.001046597 -0.005956053 0.003800034 -0.001383066 -0.005956053 0.00366503 -0.001708984 -0.005956053 0.00350213 -0.002021908 -0.005956053 0.003312587 -0.002319455 -0.005956053 0.003097832 -0.002599358 -0.005956053 0.002859473 -0.002859473 -0.005956053 0.002599358 -0.003097832 -0.005956053 0.002319455 -0.003312587 -0.005956053 0.002021908 -0.00350213 -0.005956053 0.001708984 -0.00366503 -0.005956053 0.001383066 -0.003800034 -0.005956053 0.001046597 -0.00390613 -0.005956053 7.02222e-4 -0.003982484 -0.005956053 3.52452e-4 -0.004028499 -0.005956053 0 -0.004043877 -0.005956053 -3.52452e-4 -0.004028499 -0.005956053 -7.02222e-4 -0.003982484 -0.005956053 -0.001046597 -0.00390613 -0.005956053 -0.001383066 -0.003800034 -0.005956053 -0.001708984 -0.00366503 -0.005956053 -0.002021908 -0.00350213 -0.005956053 -0.002319455 -0.003312587 -0.005956053 -0.002599358 -0.003097832 -0.005956053 -0.002859473 -0.002859473 -0.005956053 -0.003097832 -0.002599358 -0.005956053 -0.003312587 -0.002319455 -0.005956053 -0.00350213 -0.002021908 -0.005956053 -0.00366503 -0.001708984 -0.005956053 -0.003800034 -0.001383066 -0.005956053 -0.00390613 -0.001046597 -0.005956053 -0.003982484 -7.02222e-4 -0.005956053 -0.004028499 -3.52452e-4 -0.005956053 -0.004043877 0 -0.005956053 -0.004028499 3.52452e-4 -0.005956053 -0.003982484 7.02222e-4 -0.005956053 -0.00390613 0.001046597 -0.005956053 -0.003800034 0.001383066 -0.005956053 -0.00366503 0.001708984 -0.005956053 -0.00350213 0.002021908 -0.005956053 -0.003312587 0.002319455 -0.005956053 -0.003097832 0.002599358 -0.005956053 -0.002859473 0.002859473 -0.005956053 -0.002599358 0.003097832 -0.005956053 -0.002319455 0.003312587 -0.005956053 -0.002021908 0.00350213 -0.005956053 -0.001708984 0.00366503 -0.005956053 -0.001383066 0.003800034 -0.005956053 -0.001046597 0.00390613 -0.005956053 -7.02222e-4 0.003982484 -0.005956053 -3.52452e-4 0.004028499 -0.005956053 0 0.004043877 -0.005964875 3.53293e-4 0.004038155 -0.005964875 7.03897e-4 0.003991961 -0.005964875 0.001049101 0.003915429 -0.005964875 0.001386404 0.003809094 -0.005964875 0.001713097 0.003673791 -0.005964875 0.002026736 0.003510475 -0.005964875 0.002324998 0.003320455 -0.005964875 0.002605557 0.003105223 -0.005964875 0.002866268 0.002866268 -0.005964875 0.003105223 0.002605557 -0.005964875 0.003320455 0.002324998 -0.005964875 0.003510475 0.002026736 -0.005964875 0.003673791 0.001713097 -0.005964875 0.003809094 0.001386404 -0.005964875 0.003915429 0.001049101 -0.005964875 0.003991961 7.03897e-4 -0.005964875 0.004038155 3.53293e-4 -0.005964875 0.004053533 0 -0.005964875 0.004038155 -3.53293e-4 -0.005964875 0.003991961 -7.03897e-4 -0.005964875 0.003915429 -0.001049101 -0.005964875 0.003809094 -0.001386404 -0.005964875 0.003673791 -0.001713097 -0.005964875 0.003510475 -0.002026736 -0.005964875 0.003320455 -0.002324998 -0.005964875 0.003105223 -0.002605557 -0.005964875 0.002866268 -0.002866268 -0.005964875 0.002605557 -0.003105223 -0.005964875 0.002324998 -0.003320455 -0.005964875 0.002026736 -0.003510475 -0.005964875 0.001713097 -0.003673791 -0.005964875 0.001386404 -0.003809094 -0.005964875 0.001049101 -0.003915429 -0.005964875 7.03897e-4 -0.003991961 -0.005964875 3.53293e-4 -0.004038155 -0.005964875 0 -0.004053533 -0.005964875 -3.53293e-4 -0.004038155 -0.005964875 -7.03897e-4 -0.003991961 -0.005964875 -0.001049101 -0.003915429 -0.005964875 -0.001386404 -0.003809094 -0.005964875 -0.001713097 -0.003673791 -0.005964875 -0.002026736 -0.003510475 -0.005964875 -0.002324998 -0.003320455 -0.005964875 -0.002605557 -0.003105223 -0.005964875 -0.002866268 -0.002866268 -0.005964875 -0.003105223 -0.002605557 -0.005964875 -0.003320455 -0.002324998 -0.005964875 -0.003510475 -0.002026736 -0.005964875 -0.003673791 -0.001713097 -0.005964875 -0.003809094 -0.001386404 -0.005964875 -0.003915429 -0.001049101 -0.005964875 -0.003991961 -7.03897e-4 -0.005964875 -0.004038155 -3.53293e-4 -0.005964875 -0.004053533 0 -0.005964875 -0.004038155 3.53293e-4 -0.005964875 -0.003991961 7.03897e-4 -0.005964875 -0.003915429 0.001049101 -0.005964875 -0.003809094 0.001386404 -0.005964875 -0.003673791 0.001713097 -0.005964875 -0.003510475 0.002026736 -0.005964875 -0.003320455 0.002324998 -0.005964875 -0.003105223 0.002605557 -0.005964875 -0.002866268 0.002866268 -0.005964875 -0.002605557 0.003105223 -0.005964875 -0.002324998 0.003320455 -0.005964875 -0.002026736 0.003510475 -0.005964875 -0.001713097 0.003673791 -0.005964875 -0.001386404 0.003809094 -0.005964875 -0.001049101 0.003915429 -0.005964875 -7.03897e-4 0.003991961 -0.005964875 -3.53293e-4 0.004038155 -0.005964875 0 0.004053533 -0.005972862 3.54198e-4 0.004048466 -0.005972862 7.057e-4 0.004002213 -0.005972862 0.001051783 0.003925442 -0.005972862 0.00138992 0.003818869 -0.005972862 0.001717448 0.003683149 -0.005972862 0.002031981 0.003519475 -0.005972862 0.002330958 0.003328979 -0.005972862 0.002612233 0.00311315 -0.005972862 0.002873599 0.002873599 -0.005972862 0.00311315 0.002612233 -0.005972862 0.003328979 0.002330958 -0.005972862 0.003519475 0.002031981 -0.005972862 0.003683149 0.001717448 -0.005972862 0.003818869 0.00138992 -0.005972862 0.003925442 0.001051783 -0.005972862 0.004002213 7.057e-4 -0.005972862 0.004048466 3.54198e-4 -0.005972862 0.004063963 0 -0.005972862 0.004048466 -3.54198e-4 -0.005972862 0.004002213 -7.057e-4 -0.005972862 0.003925442 -0.001051783 -0.005972862 0.003818869 -0.00138992 -0.005972862 0.003683149 -0.001717448 -0.005972862 0.003519475 -0.002031981 -0.005972862 0.003328979 -0.002330958 -0.005972862 0.00311315 -0.002612233 -0.005972862 0.002873599 -0.002873599 -0.005972862 0.002612233 -0.00311315 -0.005972862 0.002330958 -0.003328979 -0.005972862 0.002031981 -0.003519475 -0.005972862 0.001717448 -0.003683149 -0.005972862 0.00138992 -0.003818869 -0.005972862 0.001051783 -0.003925442 -0.005972862 7.057e-4 -0.004002213 -0.005972862 3.54198e-4 -0.004048466 -0.005972862 0 -0.004063963 -0.005972862 -3.54198e-4 -0.004048466 -0.005972862 -7.057e-4 -0.004002213 -0.005972862 -0.001051783 -0.003925442 -0.005972862 -0.00138992 -0.003818869 -0.005972862 -0.001717448 -0.003683149 -0.005972862 -0.002031981 -0.003519475 -0.005972862 -0.002330958 -0.003328979 -0.005972862 -0.002612233 -0.00311315 -0.005972862 -0.002873599 -0.002873599 -0.005972862 -0.00311315 -0.002612233 -0.005972862 -0.003328979 -0.002330958 -0.005972862 -0.003519475 -0.002031981 -0.005972862 -0.003683149 -0.001717448 -0.005972862 -0.003818869 -0.00138992 -0.005972862 -0.003925442 -0.001051783 -0.005972862 -0.004002213 -7.057e-4 -0.005972862 -0.004048466 -3.54198e-4 -0.005972862 -0.004063963 0 -0.005972862 -0.004048466 3.54198e-4 -0.005972862 -0.004002213 7.057e-4 -0.005972862 -0.003925442 0.001051783 -0.005972862 -0.003818869 0.00138992 -0.005972862 -0.003683149 0.001717448 -0.005972862 -0.003519475 0.002031981 -0.005972862 -0.003328979 0.002330958 -0.005972862 -0.00311315 0.002612233 -0.005972862 -0.002873599 0.002873599 -0.005972862 -0.002612233 0.00311315 -0.005972862 -0.002330958 0.003328979 -0.005972862 -0.002031981 0.003519475 -0.005972862 -0.001717448 0.003683149 -0.005972862 -0.00138992 0.003818869 -0.005972862 -0.001051783 0.003925442 -0.005972862 -7.057e-4 0.004002213 -0.005972862 -3.54198e-4 0.004048466 -0.005972862 0 0.004063963 -0.005979895 3.5516e-4 0.004059493 -0.005979895 7.07616e-4 0.004013061 -0.005979895 0.001054644 0.003936111 -0.005979895 0.001393675 0.00382924 -0.005979895 0.001722157 0.003693163 -0.005979895 0.002037465 0.003529012 -0.005979895 0.002337276 0.003338038 -0.005979895 0.002619326 0.003121614 -0.005979895 0.002881407 0.002881407 -0.005979895 0.003121614 0.002619326 -0.005979895 0.003338038 0.002337276 -0.005979895 0.003529012 0.002037465 -0.005979895 0.003693163 0.001722157 -0.005979895 0.00382924 0.001393675 -0.005979895 0.003936111 0.001054644 -0.005979895 0.004013061 7.07616e-4 -0.005979895 0.004059493 3.5516e-4 -0.005979895 0.00407499 0 -0.005979895 0.004059493 -3.5516e-4 -0.005979895 0.004013061 -7.07616e-4 -0.005979895 0.003936111 -0.001054644 -0.005979895 0.00382924 -0.001393675 -0.005979895 0.003693163 -0.001722157 -0.005979895 0.003529012 -0.002037465 -0.005979895 0.003338038 -0.002337276 -0.005979895 0.003121614 -0.002619326 -0.005979895 0.002881407 -0.002881407 -0.005979895 0.002619326 -0.003121614 -0.005979895 0.002337276 -0.003338038 -0.005979895 0.002037465 -0.003529012 -0.005979895 0.001722157 -0.003693163 -0.005979895 0.001393675 -0.00382924 -0.005979895 0.001054644 -0.003936111 -0.005979895 7.07616e-4 -0.004013061 -0.005979895 3.5516e-4 -0.004059493 -0.005979895 0 -0.00407499 -0.005979895 -3.5516e-4 -0.004059493 -0.005979895 -7.07616e-4 -0.004013061 -0.005979895 -0.001054644 -0.003936111 -0.005979895 -0.001393675 -0.00382924 -0.005979895 -0.001722157 -0.003693163 -0.005979895 -0.002037465 -0.003529012 -0.005979895 -0.002337276 -0.003338038 -0.005979895 -0.002619326 -0.003121614 -0.005979895 -0.002881407 -0.002881407 -0.005979895 -0.003121614 -0.002619326 -0.005979895 -0.003338038 -0.002337276 -0.005979895 -0.003529012 -0.002037465 -0.005979895 -0.003693163 -0.001722157 -0.005979895 -0.00382924 -0.001393675 -0.005979895 -0.003936111 -0.001054644 -0.005979895 -0.004013061 -7.07616e-4 -0.005979895 -0.004059493 -3.5516e-4 -0.005979895 -0.00407499 0 -0.005979895 -0.004059493 3.5516e-4 -0.005979895 -0.004013061 7.07616e-4 -0.005979895 -0.003936111 0.001054644 -0.005979895 -0.00382924 0.001393675 -0.005979895 -0.003693163 0.001722157 -0.005979895 -0.003529012 0.002037465 -0.005979895 -0.003338038 0.002337276 -0.005979895 -0.003121614 0.002619326 -0.005979895 -0.002881407 0.002881407 -0.005979895 -0.002619326 0.003121614 -0.005979895 -0.002337276 0.003338038 -0.005979895 -0.002037465 0.003529012 -0.005979895 -0.001722157 0.003693163 -0.005979895 -0.001393675 0.00382924 -0.005979895 -0.001054644 0.003936111 -0.005979895 -7.07616e-4 0.004013061 -0.005979895 -3.5516e-4 0.004059493 -0.005979895 0 0.00407499 -0.005985915 3.56171e-4 0.004071056 -0.005985915 7.09632e-4 0.004024505 -0.005985915 0.001057684 0.003947317 -0.005985915 0.001397669 0.003840148 -0.005985915 0.001727044 0.003703713 -0.005985915 0.002043247 0.003539085 -0.005985915 0.002343952 0.003347516 -0.005985915 0.002626776 0.003130495 -0.005985915 0.002889633 0.002889633 -0.005985915 0.003130495 0.002626776 -0.005985915 0.003347516 0.002343952 -0.005985915 0.003539085 0.002043247 -0.005985915 0.003703713 0.001727044 -0.005985915 0.003840148 0.001397669 -0.005985915 0.003947317 0.001057684 -0.005985915 0.004024505 7.09632e-4 -0.005985915 0.004071056 3.56171e-4 -0.005985915 0.004086554 0 -0.005985915 0.004071056 -3.56171e-4 -0.005985915 0.004024505 -7.09632e-4 -0.005985915 0.003947317 -0.001057684 -0.005985915 0.003840148 -0.001397669 -0.005985915 0.003703713 -0.001727044 -0.005985915 0.003539085 -0.002043247 -0.005985915 0.003347516 -0.002343952 -0.005985915 0.003130495 -0.002626776 -0.005985915 0.002889633 -0.002889633 -0.005985915 0.002626776 -0.003130495 -0.005985915 0.002343952 -0.003347516 -0.005985915 0.002043247 -0.003539085 -0.005985915 0.001727044 -0.003703713 -0.005985915 0.001397669 -0.003840148 -0.005985915 0.001057684 -0.003947317 -0.005985915 7.09632e-4 -0.004024505 -0.005985915 3.56171e-4 -0.004071056 -0.005985915 0 -0.004086554 -0.005985915 -3.56171e-4 -0.004071056 -0.005985915 -7.09632e-4 -0.004024505 -0.005985915 -0.001057684 -0.003947317 -0.005985915 -0.001397669 -0.003840148 -0.005985915 -0.001727044 -0.003703713 -0.005985915 -0.002043247 -0.003539085 -0.005985915 -0.002343952 -0.003347516 -0.005985915 -0.002626776 -0.003130495 -0.005985915 -0.002889633 -0.002889633 -0.005985915 -0.003130495 -0.002626776 -0.005985915 -0.003347516 -0.002343952 -0.005985915 -0.003539085 -0.002043247 -0.005985915 -0.003703713 -0.001727044 -0.005985915 -0.003840148 -0.001397669 -0.005985915 -0.003947317 -0.001057684 -0.005985915 -0.004024505 -7.09632e-4 -0.005985915 -0.004071056 -3.56171e-4 -0.005985915 -0.004086554 0 -0.005985915 -0.004071056 3.56171e-4 -0.005985915 -0.004024505 7.09632e-4 -0.005985915 -0.003947317 0.001057684 -0.005985915 -0.003840148 0.001397669 -0.005985915 -0.003703713 0.001727044 -0.005985915 -0.003539085 0.002043247 -0.005985915 -0.003347516 0.002343952 -0.005985915 -0.003130495 0.002626776 -0.005985915 -0.002889633 0.002889633 -0.005985915 -0.002626776 0.003130495 -0.005985915 -0.002343952 0.003347516 -0.005985915 -0.002043247 0.003539085 -0.005985915 -0.001727044 0.003703713 -0.005985915 -0.001397669 0.003840148 -0.005985915 -0.001057684 0.003947317 -0.005985915 -7.09632e-4 0.004024505 -0.005985915 -3.56171e-4 0.004071056 -0.005985915 0 0.004086554 -0.005990922 3.57225e-4 0.004083096 -0.005990922 7.11731e-4 0.004036426 -0.005990922 0.001060783 0.003959 -0.005990922 0.001401782 0.003851473 -0.005990922 0.00173217 0.00371468 -0.005990922 0.002049326 0.003549575 -0.005990922 0.002350866 0.00335741 -0.005990922 0.002634584 0.003139734 -0.005990922 0.002898216 0.002898216 -0.005990922 0.003139734 0.002634584 -0.005990922 0.00335741 0.002350866 -0.005990922 0.003549575 0.002049326 -0.005990922 0.00371468 0.00173217 -0.005990922 0.003851473 0.001401782 -0.005990922 0.003959 0.001060783 -0.005990922 0.004036426 7.11731e-4 -0.005990922 0.004083096 3.57225e-4 -0.005990922 0.004098653 0 -0.005990922 0.004083096 -3.57225e-4 -0.005990922 0.004036426 -7.11731e-4 -0.005990922 0.003959 -0.001060783 -0.005990922 0.003851473 -0.001401782 -0.005990922 0.00371468 -0.00173217 -0.005990922 0.003549575 -0.002049326 -0.005990922 0.00335741 -0.002350866 -0.005990922 0.003139734 -0.002634584 -0.005990922 0.002898216 -0.002898216 -0.005990922 0.002634584 -0.003139734 -0.005990922 0.002350866 -0.00335741 -0.005990922 0.002049326 -0.003549575 -0.005990922 0.00173217 -0.00371468 -0.005990922 0.001401782 -0.003851473 -0.005990922 0.001060783 -0.003959 -0.005990922 7.11731e-4 -0.004036426 -0.005990922 3.57225e-4 -0.004083096 -0.005990922 0 -0.004098653 -0.005990922 -3.57225e-4 -0.004083096 -0.005990922 -7.11731e-4 -0.004036426 -0.005990922 -0.001060783 -0.003959 -0.005990922 -0.001401782 -0.003851473 -0.005990922 -0.00173217 -0.00371468 -0.005990922 -0.002049326 -0.003549575 -0.005990922 -0.002350866 -0.00335741 -0.005990922 -0.002634584 -0.003139734 -0.005990922 -0.002898216 -0.002898216 -0.005990922 -0.003139734 -0.002634584 -0.005990922 -0.00335741 -0.002350866 -0.005990922 -0.003549575 -0.002049326 -0.005990922 -0.00371468 -0.00173217 -0.005990922 -0.003851473 -0.001401782 -0.005990922 -0.003959 -0.001060783 -0.005990922 -0.004036426 -7.11731e-4 -0.005990922 -0.004083096 -3.57225e-4 -0.005990922 -0.004098653 0 -0.005990922 -0.004083096 3.57225e-4 -0.005990922 -0.004036426 7.11731e-4 -0.005990922 -0.003959 0.001060783 -0.005990922 -0.003851473 0.001401782 -0.005990922 -0.00371468 0.00173217 -0.005990922 -0.003549575 0.002049326 -0.005990922 -0.00335741 0.002350866 -0.005990922 -0.003139734 0.002634584 -0.005990922 -0.002898216 0.002898216 -0.005990922 -0.002634584 0.003139734 -0.005990922 -0.002350866 0.00335741 -0.005990922 -0.002049326 0.003549575 -0.005990922 -0.00173217 0.00371468 -0.005990922 -0.001401782 0.003851473 -0.005990922 -0.001060783 0.003959 -0.005990922 -7.11731e-4 0.004036426 -0.005990922 -3.57225e-4 0.004083096 -0.005990922 0 0.004098653 -0.005994856 3.58313e-4 0.004095494 -0.005994856 7.13898e-4 0.004048705 -0.005994856 0.001064002 0.00397104 -0.005994856 0.001406073 0.003863215 -0.005994856 0.001737415 0.003725945 -0.005994856 0.002055585 0.003560364 -0.005994856 0.002358019 0.003367662 -0.005994856 0.002642571 0.00314933 -0.005994856 0.002907037 0.002907037 -0.005994856 0.00314933 0.002642571 -0.005994856 0.003367662 0.002358019 -0.005994856 0.003560364 0.002055585 -0.005994856 0.003725945 0.001737415 -0.005994856 0.003863215 0.001406073 -0.005994856 0.00397104 0.001064002 -0.005994856 0.004048705 7.13898e-4 -0.005994856 0.004095494 3.58313e-4 -0.005994856 0.00411117 0 -0.005994856 0.004095494 -3.58313e-4 -0.005994856 0.004048705 -7.13898e-4 -0.005994856 0.00397104 -0.001064002 -0.005994856 0.003863215 -0.001406073 -0.005994856 0.003725945 -0.001737415 -0.005994856 0.003560364 -0.002055585 -0.005994856 0.003367662 -0.002358019 -0.005994856 0.00314933 -0.002642571 -0.005994856 0.002907037 -0.002907037 -0.005994856 0.002642571 -0.00314933 -0.005994856 0.002358019 -0.003367662 -0.005994856 0.002055585 -0.003560364 -0.005994856 0.001737415 -0.003725945 -0.005994856 0.001406073 -0.003863215 -0.005994856 0.001064002 -0.00397104 -0.005994856 7.13898e-4 -0.004048705 -0.005994856 3.58313e-4 -0.004095494 -0.005994856 0 -0.00411117 -0.005994856 -3.58313e-4 -0.004095494 -0.005994856 -7.13898e-4 -0.004048705 -0.005994856 -0.001064002 -0.00397104 -0.005994856 -0.001406073 -0.003863215 -0.005994856 -0.001737415 -0.003725945 -0.005994856 -0.002055585 -0.003560364 -0.005994856 -0.002358019 -0.003367662 -0.005994856 -0.002642571 -0.00314933 -0.005994856 -0.002907037 -0.002907037 -0.005994856 -0.00314933 -0.002642571 -0.005994856 -0.003367662 -0.002358019 -0.005994856 -0.003560364 -0.002055585 -0.005994856 -0.003725945 -0.001737415 -0.005994856 -0.003863215 -0.001406073 -0.005994856 -0.00397104 -0.001064002 -0.005994856 -0.004048705 -7.13898e-4 -0.005994856 -0.004095494 -3.58313e-4 -0.005994856 -0.00411117 0 -0.005994856 -0.004095494 3.58313e-4 -0.005994856 -0.004048705 7.13898e-4 -0.005994856 -0.00397104 0.001064002 -0.005994856 -0.003863215 0.001406073 -0.005994856 -0.003725945 0.001737415 -0.005994856 -0.003560364 0.002055585 -0.005994856 -0.003367662 0.002358019 -0.005994856 -0.00314933 0.002642571 -0.005994856 -0.002907037 0.002907037 -0.005994856 -0.002642571 0.00314933 -0.005994856 -0.002358019 0.003367662 -0.005994856 -0.002055585 0.003560364 -0.005994856 -0.001737415 0.003725945 -0.005994856 -0.001406073 0.003863215 -0.005994856 -0.001064002 0.00397104 -0.005994856 -7.13898e-4 0.004048705 -0.005994856 -3.58313e-4 0.004095494 -0.005994856 0 0.00411117 -0.005997717 3.59426e-4 0.00410825 -0.005997717 7.16117e-4 0.004061281 -0.005997717 0.00106734 0.003983378 -0.005997717 0.001410424 0.003875195 -0.005997717 0.001742839 0.003737568 -0.005997717 0.002061963 0.003571391 -0.005997717 0.00236535 0.003378093 -0.005997717 0.002650797 0.003159105 -0.005997717 0.002916038 0.002916038 -0.005997717 0.003159105 0.002650797 -0.005997717 0.003378093 0.00236535 -0.005997717 0.003571391 0.002061963 -0.005997717 0.003737568 0.001742839 -0.005997717 0.003875195 0.001410424 -0.005997717 0.003983378 0.00106734 -0.005997717 0.004061281 7.16117e-4 -0.005997717 0.00410825 3.59426e-4 -0.005997717 0.004123926 0 -0.005997717 0.00410825 -3.59426e-4 -0.005997717 0.004061281 -7.16117e-4 -0.005997717 0.003983378 -0.00106734 -0.005997717 0.003875195 -0.001410424 -0.005997717 0.003737568 -0.001742839 -0.005997717 0.003571391 -0.002061963 -0.005997717 0.003378093 -0.00236535 -0.005997717 0.003159105 -0.002650797 -0.005997717 0.002916038 -0.002916038 -0.005997717 0.002650797 -0.003159105 -0.005997717 0.00236535 -0.003378093 -0.005997717 0.002061963 -0.003571391 -0.005997717 0.001742839 -0.003737568 -0.005997717 0.001410424 -0.003875195 -0.005997717 0.00106734 -0.003983378 -0.005997717 7.16117e-4 -0.004061281 -0.005997717 3.59426e-4 -0.00410825 -0.005997717 0 -0.004123926 -0.005997717 -3.59426e-4 -0.00410825 -0.005997717 -7.16117e-4 -0.004061281 -0.005997717 -0.00106734 -0.003983378 -0.005997717 -0.001410424 -0.003875195 -0.005997717 -0.001742839 -0.003737568 -0.005997717 -0.002061963 -0.003571391 -0.005997717 -0.00236535 -0.003378093 -0.005997717 -0.002650797 -0.003159105 -0.005997717 -0.002916038 -0.002916038 -0.005997717 -0.003159105 -0.002650797 -0.005997717 -0.003378093 -0.00236535 -0.005997717 -0.003571391 -0.002061963 -0.005997717 -0.003737568 -0.001742839 -0.005997717 -0.003875195 -0.001410424 -0.005997717 -0.003983378 -0.00106734 -0.005997717 -0.004061281 -7.16117e-4 -0.005997717 -0.00410825 -3.59426e-4 -0.005997717 -0.004123926 0 -0.005997717 -0.00410825 3.59426e-4 -0.005997717 -0.004061281 7.16117e-4 -0.005997717 -0.003983378 0.00106734 -0.005997717 -0.003875195 0.001410424 -0.005997717 -0.003737568 0.001742839 -0.005997717 -0.003571391 0.002061963 -0.005997717 -0.003378093 0.00236535 -0.005997717 -0.003159105 0.002650797 -0.005997717 -0.002916038 0.002916038 -0.005997717 -0.002650797 0.003159105 -0.005997717 -0.00236535 0.003378093 -0.005997717 -0.002061963 0.003571391 -0.005997717 -0.001742839 0.003737568 -0.005997717 -0.001410424 0.003875195 -0.005997717 -0.00106734 0.003983378 -0.005997717 -7.16117e-4 0.004061281 -0.005997717 -3.59426e-4 0.00410825 -0.005997717 0 0.004123926 -0.005999386 3.60557e-4 0.004121184 -0.005999386 7.1837e-4 0.004074037 -0.005999386 0.001070678 0.003995954 -0.005999386 0.001414895 0.003887414 -0.005999386 0.001748323 0.00374931 -0.005999386 0.002068459 0.003582656 -0.005999386 0.002372801 0.003388762 -0.005999386 0.002659142 0.003169059 -0.005999386 0.002925217 0.002925217 -0.005999386 0.003169059 0.002659142 -0.005999386 0.003388762 0.002372801 -0.005999386 0.003582656 0.002068459 -0.005999386 0.00374931 0.001748323 -0.005999386 0.003887414 0.001414895 -0.005999386 0.003995954 0.001070678 -0.005999386 0.004074037 7.1837e-4 -0.005999386 0.004121184 3.60557e-4 -0.005999386 0.004136919 0 -0.005999386 0.004121184 -3.60557e-4 -0.005999386 0.004074037 -7.1837e-4 -0.005999386 0.003995954 -0.001070678 -0.005999386 0.003887414 -0.001414895 -0.005999386 0.00374931 -0.001748323 -0.005999386 0.003582656 -0.002068459 -0.005999386 0.003388762 -0.002372801 -0.005999386 0.003169059 -0.002659142 -0.005999386 0.002925217 -0.002925217 -0.005999386 0.002659142 -0.003169059 -0.005999386 0.002372801 -0.003388762 -0.005999386 0.002068459 -0.003582656 -0.005999386 0.001748323 -0.00374931 -0.005999386 0.001414895 -0.003887414 -0.005999386 0.001070678 -0.003995954 -0.005999386 7.1837e-4 -0.004074037 -0.005999386 3.60557e-4 -0.004121184 -0.005999386 0 -0.004136919 -0.005999386 -3.60557e-4 -0.004121184 -0.005999386 -7.1837e-4 -0.004074037 -0.005999386 -0.001070678 -0.003995954 -0.005999386 -0.001414895 -0.003887414 -0.005999386 -0.001748323 -0.00374931 -0.005999386 -0.002068459 -0.003582656 -0.005999386 -0.002372801 -0.003388762 -0.005999386 -0.002659142 -0.003169059 -0.005999386 -0.002925217 -0.002925217 -0.005999386 -0.003169059 -0.002659142 -0.005999386 -0.003388762 -0.002372801 -0.005999386 -0.003582656 -0.002068459 -0.005999386 -0.00374931 -0.001748323 -0.005999386 -0.003887414 -0.001414895 -0.005999386 -0.003995954 -0.001070678 -0.005999386 -0.004074037 -7.1837e-4 -0.005999386 -0.004121184 -3.60557e-4 -0.005999386 -0.004136919 0 -0.005999386 -0.004121184 3.60557e-4 -0.005999386 -0.004074037 7.1837e-4 -0.005999386 -0.003995954 0.001070678 -0.005999386 -0.003887414 0.001414895 -0.005999386 -0.00374931 0.001748323 -0.005999386 -0.003582656 0.002068459 -0.005999386 -0.003388762 0.002372801 -0.005999386 -0.003169059 0.002659142 -0.005999386 -0.002925217 0.002925217 -0.005999386 -0.002659142 0.003169059 -0.005999386 -0.002372801 0.003388762 -0.005999386 -0.002068459 0.003582656 -0.005999386 -0.001748323 0.00374931 -0.005999386 -0.001414895 0.003887414 -0.005999386 -0.001070678 0.003995954 -0.005999386 -7.1837e-4 0.004074037 -0.005999386 -3.60557e-4 0.004121184 -0.005999386 0 0.004136919 -0.005999982 3.61696e-4 0.004134178 -0.005999982 7.2064e-4 0.004086911 -0.005999982 0.001074075 0.004008591 -0.005999982 0.001419365 0.003899693 -0.005999982 0.001753807 0.003761172 -0.005999982 0.002074956 0.003593981 -0.005999982 0.002380311 0.003399431 -0.005999982 0.002667546 0.003179073 -0.005999982 0.002934455 0.002934455 -0.005999982 0.003179073 0.002667546 -0.005999982 0.003399431 0.002380311 -0.005999982 0.003593981 0.002074956 -0.005999982 0.003761172 0.001753807 -0.005999982 0.003899693 0.001419365 -0.005999982 0.004008591 0.001074075 -0.005999982 0.004086911 7.2064e-4 -0.005999982 0.004134178 3.61696e-4 -0.005999982 0.004149973 0 -0.005999982 0.004134178 -3.61696e-4 -0.005999982 0.004086911 -7.2064e-4 -0.005999982 0.004008591 -0.001074075 -0.005999982 0.003899693 -0.001419365 -0.005999982 0.003761172 -0.001753807 -0.005999982 0.003593981 -0.002074956 -0.005999982 0.003399431 -0.002380311 -0.005999982 0.003179073 -0.002667546 -0.005999982 0.002934455 -0.002934455 -0.005999982 0.002667546 -0.003179073 -0.005999982 0.002380311 -0.003399431 -0.005999982 0.002074956 -0.003593981 -0.005999982 0.001753807 -0.003761172 -0.005999982 0.001419365 -0.003899693 -0.005999982 0.001074075 -0.004008591 -0.005999982 7.2064e-4 -0.004086911 -0.005999982 3.61696e-4 -0.004134178 -0.005999982 0 -0.004149973 -0.005999982 -3.61696e-4 -0.004134178 -0.005999982 -7.2064e-4 -0.004086911 -0.005999982 -0.001074075 -0.004008591 -0.005999982 -0.001419365 -0.003899693 -0.005999982 -0.001753807 -0.003761172 -0.005999982 -0.002074956 -0.003593981 -0.005999982 -0.002380311 -0.003399431 -0.005999982 -0.002667546 -0.003179073 -0.005999982 -0.002934455 -0.002934455 -0.005999982 -0.003179073 -0.002667546 -0.005999982 -0.003399431 -0.002380311 -0.005999982 -0.003593981 -0.002074956 -0.005999982 -0.003761172 -0.001753807 -0.005999982 -0.003899693 -0.001419365 -0.005999982 -0.004008591 -0.001074075 -0.005999982 -0.004086911 -7.2064e-4 -0.005999982 -0.004134178 -3.61696e-4 -0.005999982 -0.004149973 0 -0.005999982 -0.004134178 3.61696e-4 -0.005999982 -0.004086911 7.2064e-4 -0.005999982 -0.004008591 0.001074075 -0.005999982 -0.003899693 0.001419365 -0.005999982 -0.003761172 0.001753807 -0.005999982 -0.003593981 0.002074956 -0.005999982 -0.003399431 0.002380311 -0.005999982 -0.003179073 0.002667546 -0.005999982 -0.002934455 0.002934455 -0.005999982 -0.002667546 0.003179073 -0.005999982 -0.002380311 0.003399431 -0.005999982 -0.002074956 0.003593981 -0.005999982 -0.001753807 0.003761172 -0.005999982 -0.001419365 0.003899693 -0.005999982 -0.001074075 0.004008591 -0.005999982 -7.2064e-4 0.004086911 -0.005999982 -3.61696e-4 0.004134178 -0.005999982 0 0.004149973 1.20167e-4 -6.81503e-4 -0.007909774 6.03132e-5 -6.89383e-4 -0.007909774 0 0 -0.007939994 1.79107e-4 -6.68437e-4 -0.007909774 2.36684e-4 -6.50283e-4 -0.007909774 2.92459e-4 -6.2718e-4 -0.007909774 3.46008e-4 -5.99304e-4 -0.007909774 3.96924e-4 -5.66867e-4 -0.007909774 4.4482e-4 -5.30115e-4 -0.007909774 4.8933e-4 -4.8933e-4 -0.007909774 5.30115e-4 -4.4482e-4 -0.007909774 5.66867e-4 -3.96924e-4 -0.007909774 5.99304e-4 -3.46008e-4 -0.007909774 6.2718e-4 -2.92459e-4 -0.007909774 6.50283e-4 -2.36684e-4 -0.007909774 6.68437e-4 -1.79107e-4 -0.007909774 6.81503e-4 -1.20167e-4 -0.007909774 6.89383e-4 -6.03132e-5 -0.007909774 6.92017e-4 0 -0.007909774 6.89383e-4 6.03132e-5 -0.007909774 6.81503e-4 1.20167e-4 -0.007909774 6.68437e-4 1.79107e-4 -0.007909774 6.50283e-4 2.36684e-4 -0.007909774 6.2718e-4 2.92459e-4 -0.007909774 5.99304e-4 3.46008e-4 -0.007909774 5.66867e-4 3.96924e-4 -0.007909774 5.30115e-4 4.4482e-4 -0.007909774 4.8933e-4 4.8933e-4 -0.007909774 4.4482e-4 5.30115e-4 -0.007909774 3.96924e-4 5.66867e-4 -0.007909774 3.46008e-4 5.99304e-4 -0.007909774 2.92459e-4 6.2718e-4 -0.007909774 2.36684e-4 6.50283e-4 -0.007909774 1.79107e-4 6.68437e-4 -0.007909774 1.20167e-4 6.81503e-4 -0.007909774 6.03132e-5 6.89383e-4 -0.007909774 0 6.92017e-4 -0.007909774 -6.03132e-5 6.89383e-4 -0.007909774 -1.20167e-4 6.81503e-4 -0.007909774 -1.79107e-4 6.68437e-4 -0.007909774 -2.36684e-4 6.50283e-4 -0.007909774 -2.92459e-4 6.2718e-4 -0.007909774 -3.46008e-4 5.99304e-4 -0.007909774 -3.96924e-4 5.66867e-4 -0.007909774 -4.4482e-4 5.30115e-4 -0.007909774 -4.8933e-4 4.8933e-4 -0.007909774 -5.30115e-4 4.4482e-4 -0.007909774 -5.66867e-4 3.96924e-4 -0.007909774 -5.99304e-4 3.46008e-4 -0.007909774 -6.2718e-4 2.92459e-4 -0.007909774 -6.50283e-4 2.36684e-4 -0.007909774 -6.68437e-4 1.79107e-4 -0.007909774 -6.81503e-4 1.20167e-4 -0.007909774 -6.89383e-4 6.03132e-5 -0.007909774 -6.92017e-4 0 -0.007909774 -6.89383e-4 -6.03132e-5 -0.007909774 -6.81503e-4 -1.20167e-4 -0.007909774 -6.68437e-4 -1.79107e-4 -0.007909774 -6.50283e-4 -2.36684e-4 -0.007909774 -6.2718e-4 -2.92459e-4 -0.007909774 -5.99304e-4 -3.46008e-4 -0.007909774 -5.66867e-4 -3.96924e-4 -0.007909774 -5.30115e-4 -4.4482e-4 -0.007909774 -4.8933e-4 -4.8933e-4 -0.007909774 -4.4482e-4 -5.30115e-4 -0.007909774 -3.96924e-4 -5.66867e-4 -0.007909774 -3.46008e-4 -5.99304e-4 -0.007909774 -2.92459e-4 -6.2718e-4 -0.007909774 -2.36684e-4 -6.50283e-4 -0.007909774 -1.79107e-4 -6.68437e-4 -0.007909774 -1.20167e-4 -6.81503e-4 -0.007909774 -6.03132e-5 -6.89383e-4 -0.007909774 0 -6.92017e-4 -0.007909774 5.82692e-4 -0.001249551 0.007819354 2.92459e-4 -6.2718e-4 0.007909774 2.36684e-4 -6.50283e-4 0.007909774 0.001373469 -1.20167e-4 0.007819354 6.89383e-4 -6.03132e-5 0.007909774 6.81503e-4 -1.20167e-4 0.007909774 -0.001295566 4.71566e-4 0.007819354 -6.50283e-4 2.36684e-4 0.007909774 -6.2718e-4 2.92459e-4 0.007909774 -5.82692e-4 -0.001249551 0.007819354 -2.92459e-4 -6.2718e-4 0.007909774 -3.46008e-4 -5.99304e-4 0.007909774 0 0 0.007939994 3.46008e-4 -5.99304e-4 0.007909774 6.92017e-4 0 0.007909774 4.4482e-4 5.30115e-4 0.007909774 3.96924e-4 5.66867e-4 0.007909774 4.8933e-4 4.8933e-4 0.007909774 -6.68437e-4 1.79107e-4 0.007909774 -2.36684e-4 -6.50283e-4 0.007909774 -0.005999982 -0.005180537 -4.5324e-4 -0.005999982 -0.005154013 -6.9239e-4 -0.005593061 -0.005593061 -6.92017e-4 -0.005999982 -0.004886686 -0.001778602 -0.005999982 -0.004776597 -0.002056121 -0.00587511 -0.00492978 -0.002054989 -0.005999982 -0.003983676 -0.003342688 -0.005999982 -0.00397247 -0.003355979 -0.00589466 -0.004127502 -0.003355562 -0.005999982 -9.03031e-4 -0.00512129 -0.005935847 -0.001120507 -0.005153 -0.005999982 -0.001345932 -0.005023121 -0.005999982 0.001345932 -0.005023121 -0.005935847 0.001120507 -0.005153 -0.005999982 9.03031e-4 -0.00512129 -0.005999982 0.003677189 -0.003677189 -0.00595498 0.003438115 -0.003969967 -0.005999982 0.003342688 -0.003983676 0.005999982 0.005180537 4.5324e-4 0.005999982 0.005200326 0 0.005614399 0.005614399 0 0.005999982 0.004886686 -0.001778602 0.005999982 0.004776597 -0.002056121 0.00587511 0.00492978 -0.002054989 0.005999982 0.003983676 -0.003342688 0.005999982 0.00397247 -0.003355979 0.00589466 0.004127502 -0.003355562 0.005999982 0.002600133 -0.004503607 0.005999982 0.002504944 -0.004557251 0.00589466 0.002748727 -0.004554152 0.005999982 9.03031e-4 -0.00512129 0.005935847 0.001120507 -0.005153 0.005999982 0.001345932 -0.005023121 0.005999982 -0.001345932 -0.005023121 0.005935847 -0.001120507 -0.005153 0.005999982 -9.03031e-4 -0.00512129 0.005999982 -0.003342688 0.003983676 0.00595498 -0.003438115 0.003969967 0.005999982 -0.003677189 0.003677189 0.005999982 -0.002197742 0.004713058 0.005999982 -0.002184212 0.004719376 0.005715548 -0.002080261 0.005103707 0.005999982 -0.001778602 0.004886686 0.005999982 -0.001610159 0.004944741 0.00587511 -0.001574218 0.005103707 0.005999982 -9.03031e-4 0.00512129 0.005935847 -0.001120507 0.005153 0.005999982 -0.001345932 0.005023121 0.00589466 -0.002748727 0.004554152 0.005999982 -0.002982795 0.004259824 0.005999982 -0.002600133 0.004503607 0.005632638 -0.003252029 0.004554152 0.005999982 -0.004259824 0.002982795 0.005999982 -0.003983676 0.003342688 0.00589466 -0.004127502 0.003355562 0.005999982 -0.00397247 0.003355979 0.005632638 -0.003944039 0.003969967 0.00587511 -0.00492978 0.002054989 0.005999982 -0.004776597 0.002056121 0.005715548 -0.004795908 0.002715587 0.005999982 -0.004713058 0.002197742 0.005999982 -0.004503607 0.002600133 0.005999982 -0.00512129 9.03031e-4 0.005999982 -0.005023121 0.001345932 0.005989968 -0.005026161 0.001378715 0.005999982 -0.005014121 0.001379013 0.005999982 -0.004886686 0.001778602 0.005999982 -0.005180537 4.5324e-4 0.005593061 -0.005593061 6.92017e-4 0.005999982 -0.005200326 0 0.005614399 -0.005614399 0 0.005999982 -0.005180537 -4.5324e-4 0.005593061 -0.005593061 -6.92017e-4 0.005999982 -0.005154013 -6.9239e-4 0.005529105 -0.005529105 -0.001378715 0.005999982 -0.005036652 -0.001294374 0.005999982 -0.00512129 -9.03031e-4 0.005999982 -0.005023121 -0.001345932 0.005989968 -0.005026161 -0.001378715 0.005999982 -0.004886686 -0.001778602 0.00587511 -0.00492978 -0.002054989 0.005999982 -0.004776597 -0.002056121 0.005999982 -0.004713058 -0.002197742 0.005715548 -0.004795908 -0.002715587 0.005999982 -0.004503607 -0.002600133 0.005512475 -0.004625499 -0.003355562 0.005999982 -0.004259824 -0.002982795 0.005999982 -0.004433929 -0.002717196 0.005632638 -0.003944039 -0.003969967 0.005999982 -0.003677189 -0.003677189 0.00589466 -0.004127502 -0.003355562 0.005999982 -0.00397247 -0.003355979 0.005999982 -0.003983676 -0.003342688 0.005999982 -0.003342688 -0.003983676 0.00595498 -0.003438115 -0.003969967 0.005999982 -0.002982795 -0.004259824 0.005632638 -0.003252029 -0.004554152 0.005999982 -0.002802133 -0.004380762 0.005715548 -0.002080261 -0.005103707 0.00587511 -0.001574218 -0.005103707 0.005999982 -0.001610159 -0.004944741 0.005999982 -0.002600133 -0.004503607 0.00589466 -0.002748727 -0.004554152 0.005999982 -0.002197742 -0.004713058 0.005512475 -0.002570509 -0.005103707 0.005999982 -0.002184212 -0.004719376 0.005999982 -0.001778602 -0.004886686 0.005999982 -4.5324e-4 -0.005180537 0.005593061 -4.8933e-4 -0.005614399 0.005999982 0 -0.005200326 0.005614399 0 -0.005614399 0.005999982 4.5324e-4 -0.005180537 0.005593061 4.8933e-4 -0.005614399 0.005999982 0.001610159 -0.004944741 0.00587511 0.001574218 -0.005103707 0.005529105 9.74935e-4 -0.005614399 0.005999982 5.25481e-4 -0.005173683 0.005999982 0.001778602 -0.004886686 0.005715548 0.002080261 -0.005103707 0.005999982 0.002184212 -0.004719376 0.005999982 0.002197742 -0.004713058 0.005512475 0.002570509 -0.005103707 0.005999982 0.002982795 -0.004259824 0.005632638 0.003252029 -0.004554152 0.005999982 0.003342688 -0.003983676 0.00595498 0.003438115 -0.003969967 0.005999982 0.003677189 -0.003677189 0.005632638 0.003944039 -0.003969967 0.005999982 0.004713058 -0.002197742 0.005715548 0.004795908 -0.002715587 0.005999982 0.004503607 -0.002600133 0.005999982 0.004433929 -0.002717196 0.005999982 0.004259824 -0.002982795 0.005999982 0.005014121 -0.001379013 0.005999982 0.005180537 -4.5324e-4 0.005593061 0.005593061 -6.92017e-4 0.005999982 0.005154013 -6.9239e-4 0.005999982 0.00512129 -9.03031e-4 0.005999982 0.00512129 9.03031e-4 0.005999982 0.005154013 6.9239e-4 0.005593061 0.005593061 6.92017e-4 0.005999982 0.005023121 0.001345932 0.005989968 0.005026161 0.001378715 0.005999982 0.004886686 0.001778602 0.00587511 0.00492978 0.002054989 0.005999982 0.004776597 0.002056121 0.005999982 0.004713058 0.002197742 0.005715548 0.004795908 0.002715587 0.005999982 0.004503607 0.002600133 0.005512475 0.004625499 0.003355562 0.005999982 0.004259824 0.002982795 0.005999982 0.004433929 0.002717196 0.005632638 0.003944039 0.003969967 0.005999982 0.003677189 0.003677189 0.00589466 0.004127502 0.003355562 0.005999982 0.00397247 0.003355979 0.005999982 0.003983676 0.003342688 0.005999982 0.003342688 0.003983676 0.00595498 0.003438115 0.003969967 0.005999982 0.002982795 0.004259824 0.005632638 0.003252029 0.004554152 0.005999982 0.002802133 0.004380762 0.005999982 0.002600133 0.004503607 0.00589466 0.002748727 0.004554152 0.005999982 0.002197742 0.004713058 0.005512475 0.002570509 0.005103707 0.005999982 0.002184212 0.004719376 0.005999982 0 0.005200326 0.005999982 4.5324e-4 0.005180537 0.005593061 4.8933e-4 0.005614399 0.005999982 5.25481e-4 0.005173683 0.005999982 9.03031e-4 0.00512129 -0.005593061 4.8933e-4 0.005614399 -0.005999982 5.25481e-4 0.005173683 -0.005999982 4.5324e-4 0.005180537 -0.005935847 0.001120507 0.005153 -0.00587511 0.001574218 0.005103707 -0.005999982 0.001345932 0.005023121 -0.005999982 0.001610159 0.004944741 -0.005715548 0.002080261 0.005103707 -0.005999982 0.002184212 0.004719376 -0.005999982 0.001778602 0.004886686 -0.00589466 0.002748727 0.004554152 -0.005999982 0.002802133 0.004380762 -0.005999982 0.002600133 0.004503607 -0.005999982 0.003342688 0.003983676 -0.005999982 0.002982795 0.004259824 -0.005632638 0.003252029 0.004554152 -0.005999982 0.00397247 0.003355979 -0.005999982 0.003677189 0.003677189 -0.005632638 0.003944039 0.003969967 -0.005999982 0.004776597 0.002056121 -0.005999982 0.004713058 0.002197742 -0.005715548 0.004795908 0.002715587 -0.005999982 0.004503607 0.002600133 -0.005999982 0.004433929 0.002717196 -0.005999982 0.005180537 4.5324e-4 -0.005999982 0.005154013 6.9239e-4 -0.005593061 0.005593061 6.92017e-4 -0.005999982 0.00512129 9.03031e-4 -0.005999982 0.00512129 -9.03031e-4 -0.005999982 0.005154013 -6.9239e-4 -0.005593061 0.005593061 -6.92017e-4 -0.005999982 0.005180537 -4.5324e-4 -0.005989968 0.005026161 -0.001378715 -0.005999982 0.005014121 -0.001379013 -0.005999982 0.005023121 -0.001345932 -0.00587511 0.00492978 -0.002054989 -0.005999982 0.004776597 -0.002056121 -0.005999982 0.004886686 -0.001778602 -0.005999982 0.004713058 -0.002197742 -0.005715548 0.004795908 -0.002715587 -0.005999982 0.004503607 -0.002600133 -0.005999982 0.004433929 -0.002717196 -0.005999982 0.00397247 -0.003355979 -0.005999982 0.003983676 -0.003342688 -0.00589466 0.004127502 -0.003355562 -0.005999982 0.004259824 -0.002982795 -0.005512475 0.004625499 -0.003355562 -0.005632638 0.003944039 -0.003969967 -0.005999982 0.002504944 -0.004557251 -0.005999982 0.002600133 -0.004503607 -0.00589466 0.002748727 -0.004554152 -0.005999982 0.002982795 -0.004259824 -0.005632638 0.003252029 -0.004554152 -0.005715548 0.002080261 -0.005103707 -0.00587511 0.001574218 -0.005103707 -0.005999982 0.001610159 -0.004944741 -0.005999982 0.002197742 -0.004713058 -0.005512475 0.002570509 -0.005103707 -0.005999982 0.002184212 -0.004719376 -0.005999982 0.001778602 -0.004886686 -0.005999982 4.5324e-4 -0.005180537 -0.005593061 4.8933e-4 -0.005614399 -0.005999982 0 -0.005200326 -0.005614399 0 -0.005614399 -0.005999982 -4.5324e-4 -0.005180537 -0.005593061 -4.8933e-4 -0.005614399 -0.005999982 -0.001610159 -0.004944741 -0.00587511 -0.001574218 -0.005103707 -0.005529105 -9.74935e-4 -0.005614399 -0.005999982 -5.25481e-4 -0.005173683 -0.005999982 -0.001778602 -0.004886686 -0.005715548 -0.002080261 -0.005103707 -0.005999982 -0.002184212 -0.004719376 -0.005999982 -0.002197742 -0.004713058 -0.00589466 -0.002748727 -0.004554152 -0.005999982 -0.002600133 -0.004503607 -0.005999982 -0.002802133 -0.004380762 -0.005999982 -0.002982795 -0.004259824 -0.005632638 -0.003252029 -0.004554152 -0.005999982 -0.003342688 -0.003983676 -0.00595498 -0.003438115 -0.003969967 -0.005999982 -0.003677189 -0.003677189 -0.005632638 -0.003944039 -0.003969967 -0.005999982 -0.004713058 -0.002197742 -0.005715548 -0.004795908 -0.002715587 -0.005999982 -0.004503607 -0.002600133 -0.005999982 -0.004433929 -0.002717196 -0.005999982 -0.004259824 -0.002982795 -0.005989968 -0.005026161 -0.001378715 -0.005999982 -0.005023121 -0.001345932 -0.005999982 -0.005036652 -0.001294374 -0.005529105 -0.005529105 -0.001378715 -0.005999982 -0.00512129 -9.03031e-4 -0.005999982 -0.005200326 0 -0.005614399 -0.005614399 0 -0.005999982 -0.005180537 4.5324e-4 -0.005593061 -0.005593061 6.92017e-4 -0.005999982 -0.005154013 6.9239e-4 -0.005999982 -0.00512129 9.03031e-4 -0.005989968 -0.005026161 0.001378715 -0.005999982 -0.005023121 0.001345932 -0.005999982 -0.005014121 0.001379013 -0.005999982 -0.004886686 0.001778602 -0.00587511 -0.00492978 0.002054989 -0.005999982 -0.004776597 0.002056121 -0.005999982 -0.004713058 0.002197742 -0.005715548 -0.004795908 0.002715587 -0.005999982 -0.004503607 0.002600133 -0.005512475 -0.004625499 0.003355562 -0.005999982 -0.004259824 0.002982795 -0.005999982 -0.004433929 0.002717196 -0.005632638 -0.003944039 0.003969967 -0.005999982 -0.003677189 0.003677189 -0.00589466 -0.004127502 0.003355562 -0.005999982 -0.00397247 0.003355979 -0.005999982 -0.003983676 0.003342688 -0.005999982 -0.003342688 0.003983676 -0.00595498 -0.003438115 0.003969967 -0.005999982 -0.002982795 0.004259824 -0.005632638 -0.003252029 0.004554152 -0.00589466 -0.002748727 0.004554152 -0.005999982 -0.002504944 0.004557251 -0.005999982 -0.002600133 0.004503607 -0.005999982 -0.002197742 0.004713058 -0.005512475 -0.002570509 0.005103707 -0.005999982 -0.002184212 0.004719376 -0.005935847 -0.001120507 0.005153 -0.005999982 -0.001345932 0.005023121 -0.005999982 -0.001610159 0.004944741 -0.005999982 0 0.005200326 -0.005999982 -4.5324e-4 0.005180537 -0.005593061 -4.8933e-4 0.005614399 -0.005999982 -5.25481e-4 0.005173683 -0.005999982 -9.03031e-4 0.00512129 -4.71566e-4 -0.001295566 0.007819354 -7.02859e-4 -0.001931071 0.007669448 -1.79107e-4 -6.68437e-4 0.007909774 -0.001331746 3.56851e-4 0.007819354 -0.001984953 5.31879e-4 0.007669448 -6.81503e-4 1.20167e-4 0.007909774 6.89383e-4 0.001194 0.007819354 7.90828e-4 0.001129388 0.007819354 8.86254e-4 0.001056194 0.007819354 9.74935e-4 9.74935e-4 0.007819354 0.001378715 0 0.007819354 0.002054989 0 0.007669448 6.89383e-4 6.03132e-5 0.007909774 6.89383e-4 -0.001194 0.007819354 0.001027464 -0.001779675 0.007669448 3.96924e-4 -5.66867e-4 0.007909774 -3.56851e-4 -0.001331746 0.007819354 -5.31879e-4 -0.001984953 0.007669448 -7.02859e-4 -0.002623081 0.00746113 -1.20167e-4 -6.81503e-4 0.007909774 -0.001357793 2.3942e-4 0.007819354 -0.002023756 3.56851e-4 0.007669448 -0.002674341 4.71566e-4 0.00746113 -6.89383e-4 6.03132e-5 0.007909774 8.6849e-4 0.001862466 0.007669448 0.001027464 0.001779675 0.007669448 0.001178681 0.001683354 0.007669448 0.001320898 0.001574218 0.007669448 0.001453101 0.001453101 0.007669448 0.001373469 1.20167e-4 0.007819354 0.002047181 1.79107e-4 0.007669448 0.002705276 2.36684e-4 0.00746113 6.81503e-4 1.20167e-4 0.007909774 7.90828e-4 -0.001129388 0.007819354 0.001178681 -0.001683354 0.007669448 0.001557588 -0.002224504 0.00746113 4.4482e-4 -5.30115e-4 0.007909774 -2.3942e-4 -0.001357793 0.007819354 -3.56851e-4 -0.002023756 0.007669448 -4.71566e-4 -0.002674341 0.00746113 -5.82692e-4 -0.0033046 0.007196068 -6.03132e-5 -6.89383e-4 0.007909774 -0.001373469 1.20167e-4 0.007819354 -0.002047181 1.79107e-4 0.007669448 -0.002705276 2.36684e-4 0.00746113 -0.003342807 2.92459e-4 0.007196068 -6.92017e-4 0 0.007909774 9.28804e-4 0.002551853 0.00746113 0.001147627 0.002461194 0.00746113 0.001357793 0.00235176 0.00746113 0.001557588 0.002224504 0.00746113 0.001745522 0.002080261 0.00746113 0.001920223 0.001920223 0.00746113 0.001357793 2.3942e-4 0.007819354 0.002023756 3.56851e-4 0.007669448 0.002674341 4.71566e-4 0.00746113 0.0033046 5.82692e-4 0.007196068 6.68437e-4 1.79107e-4 0.007909774 8.86254e-4 -0.001056194 0.007819354 0.001320898 -0.001574218 0.007669448 0.001745522 -0.002080261 0.00746113 0.002156913 -0.002570509 0.007196068 4.8933e-4 -4.8933e-4 0.007909774 -1.20167e-4 -0.001373469 0.007819354 -1.79107e-4 -0.002047181 0.007669448 -2.36684e-4 -0.002705276 0.00746113 -2.92459e-4 -0.003342807 0.007196068 -3.46008e-4 -0.003954887 0.00687623 0 -6.92017e-4 0.007909774 -0.001378715 0 0.007819354 -0.002054989 0 0.007669448 -0.002715587 0 0.00746113 -0.003355562 0 0.007196068 -0.003969967 0 0.00687623 -6.89383e-4 -6.03132e-5 0.007909774 8.6849e-4 0.00324124 0.007196068 0.001147627 0.003153204 0.007196068 0.001418113 0.003041148 0.007196068 0.001677751 0.002906024 0.007196068 0.001924633 0.002748727 0.007196068 0.002156913 0.002570509 0.007196068 0.002372741 0.002372741 0.007196068 0.001331746 3.56851e-4 0.007819354 0.001984953 5.31879e-4 0.007669448 0.002623081 7.02859e-4 0.00746113 0.00324124 8.6849e-4 0.007196068 0.003834724 0.001027464 0.00687623 6.50283e-4 2.36684e-4 0.007909774 0.002623081 -7.02859e-4 0.00746113 0.00324124 -8.6849e-4 0.007196068 0.0033046 -5.82692e-4 0.007196068 9.74935e-4 -9.74935e-4 0.007819354 0.001453101 -0.001453101 0.007669448 0.001920223 -0.001920223 0.00746113 0.002372741 -0.002372741 0.007196068 0.002807199 -0.002807199 0.00687623 5.30115e-4 -4.4482e-4 0.007909774 0 -0.001378715 0.007819354 0 -0.002054989 0.007669448 0 -0.002715587 0.00746113 0 -0.003355562 0.007196068 0 -0.003969967 0.00687623 0 -0.004554152 0.006504058 -0.001373469 -1.20167e-4 0.007819354 -0.002047181 -1.79107e-4 0.007669448 -0.002705276 -2.36684e-4 0.00746113 -0.003342807 -2.92459e-4 0.007196068 -0.003954887 -3.46008e-4 0.00687623 -0.004536867 -3.96924e-4 0.006504058 -6.81503e-4 -1.20167e-4 0.007909774 6.89383e-4 0.003909647 0.00687623 0.001027464 0.003834724 0.00687623 0.001357793 0.003730535 0.00687623 0.001677751 0.003598034 0.00687623 0.001984953 0.003438115 0.00687623 0.002277076 0.003252029 0.00687623 0.002551853 0.003041148 0.00687623 0.002807199 0.002807199 0.00687623 0.001295566 4.71566e-4 0.007819354 0.001931071 7.02859e-4 0.007669448 0.002551853 9.28804e-4 0.00746113 0.003153204 0.001147627 0.007196068 0.003730535 0.001357793 0.00687623 0.004279494 0.001557588 0.006504058 6.2718e-4 2.92459e-4 0.007909774 0.001056194 -8.86254e-4 0.007819354 0.001574218 -0.001320898 0.007669448 0.002080261 -0.001745522 0.00746113 0.002570509 -0.002156913 0.007196068 0.003041148 -0.002551853 0.00687623 0.003488659 -0.002927362 0.006504058 5.66867e-4 -3.96924e-4 0.007909774 -0.001357793 -2.3942e-4 0.007819354 -0.002023756 -3.56851e-4 0.007669448 -0.002674341 -4.71566e-4 0.00746113 -0.0033046 -5.82692e-4 0.007196068 -0.003909647 -6.89383e-4 0.00687623 -0.004484951 -7.90828e-4 0.006504058 -0.005026161 -8.86254e-4 0.006082355 -6.68437e-4 -1.79107e-4 0.007909774 3.96924e-4 0.004536867 0.006504058 7.90828e-4 0.004484951 0.006504058 0.001178681 0.004399001 0.006504058 0.001557588 0.004279494 0.006504058 0.001924633 0.004127502 0.006504058 0.002277076 0.003944039 0.006504058 0.002612173 0.003730535 0.006504058 0.002927362 0.003488659 0.006504058 0.00322026 0.00322026 0.006504058 0.001249551 5.82692e-4 0.007819354 0.001862466 8.6849e-4 0.007669448 0.002461194 0.001147627 0.00746113 0.003041148 0.001418113 0.007196068 0.003598034 0.001677751 0.00687623 0.004127502 0.001924633 0.006504058 0.004625499 0.002156913 0.006082355 0.00492978 0.001320898 0.006082355 0.004399001 0.001178681 0.006504058 0.004484951 7.90828e-4 0.006504058 0.003909647 6.89383e-4 0.00687623 0.003954887 3.46008e-4 0.00687623 0.003342807 2.92459e-4 0.007196068 0.003355562 0 0.007196068 0.002715587 0 0.00746113 0.002705276 -2.36684e-4 0.00746113 0.002047181 -1.79107e-4 0.007669448 0.002023756 -3.56851e-4 0.007669448 0.001357793 -2.3942e-4 0.007819354 0.001331746 -3.56851e-4 0.007819354 6.68437e-4 -1.79107e-4 0.007909774 0.003954887 -3.46008e-4 0.00687623 0.004536867 -3.96924e-4 0.006504058 0.004554152 0 0.006504058 0.001129388 -7.90828e-4 0.007819354 0.001683354 -0.001178681 0.007669448 0.002224504 -0.001557588 0.00746113 0.002748727 -0.001924633 0.007196068 0.003252029 -0.002277076 0.00687623 0.003730535 -0.002612173 0.006504058 0.004180729 -0.002927362 0.006082355 5.99304e-4 -3.46008e-4 0.007909774 -0.001331746 -3.56851e-4 0.007819354 -0.001984953 -5.31879e-4 0.007669448 -0.002623081 -7.02859e-4 0.00746113 -0.00324124 -8.6849e-4 0.007196068 -0.003834724 -0.001027464 0.00687623 -0.004399001 -0.001178681 0.006504058 -0.00492978 -0.001320898 0.006082355 -0.005423069 -0.001453101 0.005614399 0 0.005103707 0.006082355 4.4482e-4 0.005084276 0.006082355 8.86254e-4 0.005026161 0.006082355 0.001320898 0.00492978 0.006082355 0.001745522 0.004795908 0.006082355 0.002156913 0.004625499 0.006082355 0.002551853 0.004419922 0.006082355 0.002927362 0.004180729 0.006082355 0.00328058 0.003909647 0.006082355 0.003608882 0.003608882 0.006082355 0.005423069 0.001453101 0.005614399 0.005026161 8.86254e-4 0.006082355 0.004536867 3.96924e-4 0.006504058 0.003969967 0 0.00687623 0.003342807 -2.92459e-4 0.007196068 0.002674341 -4.71566e-4 0.00746113 0.001984953 -5.31879e-4 0.007669448 0.001194 -6.89383e-4 0.007819354 0.001779675 -0.001027464 0.007669448 0.00235176 -0.001357793 0.00746113 0.002906024 -0.001677751 0.007196068 0.003438115 -0.001984953 0.00687623 0.003944039 -0.002277076 0.006504058 0.004419922 -0.002551853 0.006082355 0.004862189 -0.002807199 0.005614399 6.2718e-4 -2.92459e-4 0.007909774 -0.005614399 0 0.005614399 -0.005103707 0 0.006082355 -0.005084276 4.4482e-4 0.006082355 -0.004536867 3.96924e-4 0.006504058 -0.004484951 7.90828e-4 0.006504058 -0.003909647 6.89383e-4 0.00687623 -0.003834724 0.001027464 0.00687623 -0.00324124 8.6849e-4 0.007196068 -0.003153204 0.001147627 0.007196068 -0.002551853 9.28804e-4 0.00746113 -0.002461194 0.001147627 0.00746113 -0.001862466 8.6849e-4 0.007669448 -0.001779675 0.001027464 0.007669448 -0.001194 6.89383e-4 0.007819354 -0.001129388 7.90828e-4 0.007819354 -5.66867e-4 3.96924e-4 0.007909774 -5.30115e-4 4.4482e-4 0.007909774 -4.8933e-4 4.8933e-4 0.007909774 -0.001056194 8.86254e-4 0.007819354 -0.001683354 0.001178681 0.007669448 -0.00235176 0.001357793 0.00746113 -0.003041148 0.001418113 0.007196068 -0.003730535 0.001357793 0.00687623 -0.004399001 0.001178681 0.006504058 -0.005026161 8.86254e-4 0.006082355 -4.4482e-4 5.30115e-4 0.007909774 -9.74935e-4 9.74935e-4 0.007819354 -0.001574218 0.001320898 0.007669448 -0.002224504 0.001557588 0.00746113 -0.002906024 0.001677751 0.007196068 -0.003598034 0.001677751 0.00687623 -0.004279494 0.001557588 0.006504058 -0.00492978 0.001320898 0.006082355 -0.005529105 9.74935e-4 0.005614399 -0.005999982 9.03031e-4 0.00512129 -3.96924e-4 5.66867e-4 0.007909774 -8.86254e-4 0.001056194 0.007819354 -0.001453101 0.001453101 0.007669448 -0.002080261 0.001745522 0.00746113 -0.002748727 0.001924633 0.007196068 -0.003438115 0.001984953 0.00687623 -0.004127502 0.001924633 0.006504058 -0.004795908 0.001745522 0.006082355 -0.005423069 0.001453101 0.005614399 -4.8933e-4 0.005593061 0.005614399 0 0.005614399 0.005614399 4.8933e-4 0.005593061 0.005614399 9.74935e-4 0.005529105 0.005614399 0.001453101 0.005423069 0.005614399 0.001920223 0.005275785 0.005614399 0.002372741 0.005088388 0.005614399 0.002807199 0.004862189 0.005614399 0.00322026 0.004599034 0.005614399 0.003608882 0.004300892 0.005614399 0.003969967 0.003969967 0.005614399 0.004795908 0.001745522 0.006082355 0.005275785 0.001920223 0.005614399 0.005088388 0.002372741 0.005614399 0.005084276 4.4482e-4 0.006082355 0.005529105 9.74935e-4 0.005614399 0.005935847 0.001120507 0.005153 0.005999982 0.001345932 0.005023121 0.005999982 0.001610159 0.004944741 0.005999982 -4.5324e-4 0.005180537 0.005614399 0 0.005614399 0.005103707 0 0.006082355 0.005084276 -4.4482e-4 0.006082355 0.005593061 -4.8933e-4 0.005614399 0.005529105 -9.74935e-4 0.005614399 0.005026161 -8.86254e-4 0.006082355 0.004484951 -7.90828e-4 0.006504058 0.003909647 -6.89383e-4 0.00687623 0.003834724 -0.001027464 0.00687623 0.004399001 -0.001178681 0.006504058 0.00492978 -0.001320898 0.006082355 0.005423069 -0.001453101 0.005614399 0.001249551 -5.82692e-4 0.007819354 0.001862466 -8.6849e-4 0.007669448 0.002461194 -0.001147627 0.00746113 0.003041148 -0.001418113 0.007196068 0.003598034 -0.001677751 0.00687623 0.004127502 -0.001924633 0.006504058 0.004625499 -0.002156913 0.006082355 0.005088388 -0.002372741 0.005614399 0.005512475 -0.002570509 0.005103707 -6.2718e-4 -2.92459e-4 0.007909774 -6.50283e-4 -2.36684e-4 0.007909774 -0.001249551 -5.82692e-4 0.007819354 -0.001295566 -4.71566e-4 0.007819354 -0.001862466 -8.6849e-4 0.007669448 -0.001931071 -7.02859e-4 0.007669448 -0.002461194 -0.001147627 0.00746113 -0.002551853 -9.28804e-4 0.00746113 -0.003041148 -0.001418113 0.007196068 -0.003153204 -0.001147627 0.007196068 -0.003598034 -0.001677751 0.00687623 -0.003730535 -0.001357793 0.00687623 -0.004127502 -0.001924633 0.006504058 -0.004279494 -0.001557588 0.006504058 -0.004625499 -0.002156913 0.006082355 -0.004795908 -0.001745522 0.006082355 -0.005088388 -0.002372741 0.005614399 -0.005275785 -0.001920223 0.005614399 -0.005715548 -0.002080261 0.005103707 -0.00587511 -0.001574218 0.005103707 -5.99304e-4 3.46008e-4 0.007909774 -0.001249551 5.82692e-4 0.007819354 -0.001931071 7.02859e-4 0.007669448 -0.002623081 7.02859e-4 0.00746113 -0.0033046 5.82692e-4 0.007196068 -0.003954887 3.46008e-4 0.00687623 -0.004554152 0 0.006504058 -0.005084276 -4.4482e-4 0.006082355 -0.005529105 -9.74935e-4 0.005614399 -0.005999982 -0.001778602 0.004886686 -3.46008e-4 5.99304e-4 0.007909774 -7.90828e-4 0.001129388 0.007819354 -0.001320898 0.001574218 0.007669448 -0.001920223 0.001920223 0.00746113 -0.002570509 0.002156913 0.007196068 -0.003252029 0.002277076 0.00687623 -0.003944039 0.002277076 0.006504058 -0.004625499 0.002156913 0.006082355 -0.005275785 0.001920223 0.005614399 -2.92459e-4 6.2718e-4 0.007909774 -6.89383e-4 0.001194 0.007819354 -0.001178681 0.001683354 0.007669448 -0.001745522 0.002080261 0.00746113 -0.002372741 0.002372741 0.007196068 -0.003041148 0.002551853 0.00687623 -0.003730535 0.002612173 0.006504058 -0.004419922 0.002551853 0.006082355 -0.005088388 0.002372741 0.005614399 -2.36684e-4 6.50283e-4 0.007909774 -5.82692e-4 0.001249551 0.007819354 -0.001027464 0.001779675 0.007669448 -0.001557588 0.002224504 0.00746113 -0.002156913 0.002570509 0.007196068 -0.002807199 0.002807199 0.00687623 -0.003488659 0.002927362 0.006504058 -0.004180729 0.002927362 0.006082355 -0.004862189 0.002807199 0.005614399 -0.005512475 0.002570509 0.005103707 -0.005999982 0.002197742 0.004713058 -0.0052675 0.003041148 0.005103707 -0.004599034 0.00322026 0.005614399 -0.003909647 0.00328058 0.006082355 -0.00322026 0.00322026 0.006504058 -0.002551853 0.003041148 0.00687623 -0.001924633 0.002748727 0.007196068 -0.001357793 0.00235176 0.00746113 -8.6849e-4 0.001862466 0.007669448 -4.71566e-4 0.001295566 0.007819354 -1.79107e-4 6.68437e-4 0.007909774 -0.001056194 0.005989968 0.005103707 -5.30115e-4 0.006059229 0.005103707 0 0.006082355 0.005103707 5.30115e-4 0.006059229 0.005103707 0.001056194 0.005989968 0.005103707 0.001574218 0.00587511 0.005103707 0.002080261 0.005715548 0.005103707 0.002570509 0.005512475 0.005103707 0.003041148 0.0052675 0.005103707 0.003488659 0.004982352 0.005103707 0.003909647 0.004659354 0.005103707 0.004300892 0.004300892 0.005103707 0.005715548 0.002080261 0.005103707 0.00587511 0.001574218 0.005103707 0.005999982 0.001778602 0.004886686 0.005999982 -5.25481e-4 0.005173683 6.50283e-4 -2.36684e-4 0.007909774 0.001295566 -4.71566e-4 0.007819354 0.001931071 -7.02859e-4 0.007669448 0.002551853 -9.28804e-4 0.00746113 0.003153204 -0.001147627 0.007196068 0.003730535 -0.001357793 0.00687623 0.004279494 -0.001557588 0.006504058 0.004795908 -0.001745522 0.006082355 0.005275785 -0.001920223 0.005614399 0.005999982 -0.002504944 0.004557251 -0.0052675 -0.003041148 0.005103707 -0.004862189 -0.002807199 0.005614399 -0.004419922 -0.002551853 0.006082355 -0.003944039 -0.002277076 0.006504058 -0.003438115 -0.001984953 0.00687623 -0.002906024 -0.001677751 0.007196068 -0.00235176 -0.001357793 0.00746113 -0.001779675 -0.001027464 0.007669448 -0.001194 -6.89383e-4 0.007819354 -5.99304e-4 -3.46008e-4 0.007909774 -1.20167e-4 6.81503e-4 0.007909774 -3.56851e-4 0.001331746 0.007819354 -7.02859e-4 0.001931071 0.007669448 -0.001147627 0.002461194 0.00746113 -0.001677751 0.002906024 0.007196068 -0.002277076 0.003252029 0.00687623 -0.002927362 0.003488659 0.006504058 -0.003608882 0.003608882 0.006082355 -0.004300892 0.003608882 0.005614399 -0.004982352 0.003488659 0.005103707 -6.03132e-5 6.89383e-4 0.007909774 -2.3942e-4 0.001357793 0.007819354 -5.31879e-4 0.001984953 0.007669448 -9.28804e-4 0.002551853 0.00746113 -0.001418113 0.003041148 0.007196068 -0.001984953 0.003438115 0.00687623 -0.002612173 0.003730535 0.006504058 -0.00328058 0.003909647 0.006082355 -0.003969967 0.003969967 0.005614399 -0.004659354 0.003909647 0.005103707 -0.005327761 0.003730535 0.004554152 -0.00595498 0.003438115 0.003969967 -0.001683354 0.006282389 0.004554152 -0.001129388 0.006405234 0.004554152 -5.66867e-4 0.006479263 0.004554152 0 0.006504058 0.004554152 5.66867e-4 0.006479263 0.004554152 0.001129388 0.006405234 0.004554152 0.001683354 0.006282389 0.004554152 0.002224504 0.0061118 0.004554152 0.002748727 0.00589466 0.004554152 0.003252029 0.005632638 0.004554152 0.003730535 0.005327761 0.004554152 0.004180729 0.004982352 0.004554152 0.004599034 0.004599034 0.004554152 0.0052675 0.003041148 0.005103707 0.004862189 0.002807199 0.005614399 0.004419922 0.002551853 0.006082355 0.003944039 0.002277076 0.006504058 0.003438115 0.001984953 0.00687623 0.002906024 0.001677751 0.007196068 0.00235176 0.001357793 0.00746113 0.001779675 0.001027464 0.007669448 0.001194 6.89383e-4 0.007819354 5.99304e-4 3.46008e-4 0.007909774 0.0052675 -0.003041148 0.005103707 -0.005327761 -0.003730535 0.004554152 -0.004982352 -0.003488659 0.005103707 -0.004599034 -0.00322026 0.005614399 -0.004180729 -0.002927362 0.006082355 -0.003730535 -0.002612173 0.006504058 -0.003252029 -0.002277076 0.00687623 -0.002748727 -0.001924633 0.007196068 -0.002224504 -0.001557588 0.00746113 -0.001683354 -0.001178681 0.007669448 -0.001129388 -7.90828e-4 0.007819354 -5.66867e-4 -3.96924e-4 0.007909774 0 6.92017e-4 0.007909774 -1.20167e-4 0.001373469 0.007819354 -3.56851e-4 0.002023756 0.007669448 -7.02859e-4 0.002623081 0.00746113 -0.001147627 0.003153204 0.007196068 -0.001677751 0.003598034 0.00687623 -0.002277076 0.003944039 0.006504058 -0.002927362 0.004180729 0.006082355 -0.003608882 0.004300892 0.005614399 -0.004300892 0.004300892 0.005103707 -0.004982352 0.004180729 0.004554152 -0.005999982 0.003983676 0.003342688 -0.00589466 0.004127502 0.003355562 -0.0052675 0.004419922 0.003969967 -0.004599034 0.004599034 0.004554152 -0.003909647 0.004659354 0.005103707 -0.00322026 0.004599034 0.005614399 -0.002551853 0.004419922 0.006082355 -0.001924633 0.004127502 0.006504058 -0.001357793 0.003730535 0.00687623 -8.6849e-4 0.00324124 0.007196068 -4.71566e-4 0.002674341 0.00746113 -1.79107e-4 0.002047181 0.007669448 0 0.001378715 0.007819354 6.03132e-5 6.89383e-4 0.007909774 -0.00235176 0.006461501 0.003969967 -0.001779675 0.006641924 0.003969967 -0.001194 0.006771743 0.003969967 -5.99304e-4 0.006850063 0.003969967 0 0.00687623 0.003969967 5.99304e-4 0.006850063 0.003969967 0.001194 0.006771743 0.003969967 0.001779675 0.006641924 0.003969967 0.00235176 0.006461501 0.003969967 0.002906024 0.006231963 0.003969967 0.003438115 0.00595498 0.003969967 0.003944039 0.005632638 0.003969967 0.004419922 0.0052675 0.003969967 0.004862189 0.004862189 0.003969967 0.005327761 0.003730535 0.004554152 0.004982352 0.003488659 0.005103707 0.004599034 0.00322026 0.005614399 0.004180729 0.002927362 0.006082355 0.003730535 0.002612173 0.006504058 0.003252029 0.002277076 0.00687623 0.002748727 0.001924633 0.007196068 0.002224504 0.001557588 0.00746113 0.001683354 0.001178681 0.007669448 0.001129388 7.90828e-4 0.007819354 5.66867e-4 3.96924e-4 0.007909774 0.005327761 -0.003730535 0.004554152 0.004982352 -0.003488659 0.005103707 0.004599034 -0.00322026 0.005614399 -0.0052675 -0.004419922 0.003969967 -0.004982352 -0.004180729 0.004554152 -0.004659354 -0.003909647 0.005103707 -0.004300892 -0.003608882 0.005614399 -0.003909647 -0.00328058 0.006082355 -0.003488659 -0.002927362 0.006504058 -0.003041148 -0.002551853 0.00687623 -0.002570509 -0.002156913 0.007196068 -0.002080261 -0.001745522 0.00746113 -0.001574218 -0.001320898 0.007669448 -0.001056194 -8.86254e-4 0.007819354 -5.30115e-4 -4.4482e-4 0.007909774 -4.8933e-4 -4.8933e-4 0.007909774 1.20167e-4 6.81503e-4 0.007909774 1.20167e-4 0.001373469 0.007819354 0 0.002054989 0.007669448 -2.36684e-4 0.002705276 0.00746113 -5.82692e-4 0.0033046 0.007196068 -0.001027464 0.003834724 0.00687623 -0.001557588 0.004279494 0.006504058 -0.002156913 0.004625499 0.006082355 -0.002807199 0.004862189 0.005614399 -0.003488659 0.004982352 0.005103707 -0.004180729 0.004982352 0.004554152 -0.004862189 0.004862189 0.003969967 -0.005512475 0.004625499 0.003355562 -0.005999982 0.004259824 0.002982795 -0.005088388 0.005088388 0.003355562 -0.004419922 0.0052675 0.003969967 -0.003730535 0.005327761 0.004554152 -0.003041148 0.0052675 0.005103707 -0.002372741 0.005088388 0.005614399 -0.001745522 0.004795908 0.006082355 -0.001178681 0.004399001 0.006504058 -6.89383e-4 0.003909647 0.00687623 -2.92459e-4 0.003342807 0.007196068 0 0.002715587 0.00746113 1.79107e-4 0.002047181 0.007669448 2.3942e-4 0.001357793 0.007819354 1.79107e-4 6.68437e-4 0.007909774 -0.003041148 0.006521821 0.003355562 -0.002461194 0.006762087 0.003355562 -0.001862466 0.006950855 0.003355562 -0.001249551 0.007086753 0.003355562 -6.2718e-4 0.00716865 0.003355562 0 0.007196068 0.003355562 6.2718e-4 0.00716865 0.003355562 0.001249551 0.007086753 0.003355562 0.001862466 0.006950855 0.003355562 0.002461194 0.006762087 0.003355562 0.003041148 0.006521821 0.003355562 0.003598034 0.006231963 0.003355562 0.004127502 0.00589466 0.003355562 0.004625499 0.005512475 0.003355562 0.005088388 0.005088388 0.003355562 0.0052675 0.004419922 0.003969967 0.004982352 0.004180729 0.004554152 0.004659354 0.003909647 0.005103707 0.004300892 0.003608882 0.005614399 0.003909647 0.00328058 0.006082355 0.003488659 0.002927362 0.006504058 0.003041148 0.002551853 0.00687623 0.002570509 0.002156913 0.007196068 0.002080261 0.001745522 0.00746113 0.001574218 0.001320898 0.007669448 0.001056194 8.86254e-4 0.007819354 5.30115e-4 4.4482e-4 0.007909774 0.005999982 -0.004433929 0.002717196 0.005512475 -0.004625499 0.003355562 0.0052675 -0.004419922 0.003969967 0.004982352 -0.004180729 0.004554152 0.004659354 -0.003909647 0.005103707 0.004300892 -0.003608882 0.005614399 0.003909647 -0.00328058 0.006082355 -0.005999982 0.004886686 0.001778602 -0.00587511 0.00492978 0.002054989 -0.005275785 0.005275785 0.002715587 -0.004625499 0.005512475 0.003355562 -0.003944039 0.005632638 0.003969967 -0.003252029 0.005632638 0.004554152 -0.002570509 0.005512475 0.005103707 -0.001920223 0.005275785 0.005614399 -0.001320898 0.00492978 0.006082355 -7.90828e-4 0.004484951 0.006504058 -3.46008e-4 0.003954887 0.00687623 0 0.003355562 0.007196068 2.36684e-4 0.002705276 0.00746113 3.56851e-4 0.002023756 0.007669448 3.56851e-4 0.001331746 0.007819354 2.36684e-4 6.50283e-4 0.007909774 -0.003730535 0.006461501 0.002715587 -0.003153204 0.006762087 0.002715587 -0.002551853 0.007011175 0.002715587 -0.001931071 0.007206916 0.002715587 -0.001295566 0.007347762 0.002715587 -6.50283e-4 0.007432758 0.002715587 0 0.00746113 0.002715587 6.50283e-4 0.007432758 0.002715587 0.001295566 0.007347762 0.002715587 0.001931071 0.007206916 0.002715587 0.002551853 0.007011175 0.002715587 0.003153204 0.006762087 0.002715587 0.003730535 0.006461501 0.002715587 0.004279494 0.0061118 0.002715587 0.004795908 0.005715548 0.002715587 0.005275785 0.005275785 0.002715587 -0.005999982 0.005023121 0.001345932 -0.005989968 0.005026161 0.001378715 -0.005423069 0.005423069 0.002054989 -0.004795908 0.005715548 0.002715587 -0.004127502 0.00589466 0.003355562 -0.003438115 0.00595498 0.003969967 -0.002748727 0.00589466 0.004554152 -0.002080261 0.005715548 0.005103707 -0.001453101 0.005423069 0.005614399 -8.86254e-4 0.005026161 0.006082355 -3.96924e-4 0.004536867 0.006504058 0 0.003969967 0.00687623 2.92459e-4 0.003342807 0.007196068 4.71566e-4 0.002674341 0.00746113 5.31879e-4 0.001984953 0.007669448 4.71566e-4 0.001295566 0.007819354 2.92459e-4 6.2718e-4 0.007909774 -0.004399001 0.006282389 0.002054989 -0.003834724 0.006641924 0.002054989 -0.00324124 0.006950855 0.002054989 -0.002623081 0.007206916 0.002054989 -0.001984953 0.007408082 0.002054989 -0.001331746 0.007552921 0.002054989 -6.68437e-4 0.007640242 0.002054989 0 0.007669448 0.002054989 6.68437e-4 0.007640242 0.002054989 0.001331746 0.007552921 0.002054989 0.001984953 0.007408082 0.002054989 0.002623081 0.007206916 0.002054989 0.00324124 0.006950855 0.002054989 0.003834724 0.006641924 0.002054989 0.004399001 0.006282389 0.002054989 0.00492978 0.00587511 0.002054989 0.005423069 0.005423069 0.002054989 -9.74935e-4 -9.74935e-4 0.007819354 -0.001453101 -0.001453101 0.007669448 -0.001920223 -0.001920223 0.00746113 -0.002372741 -0.002372741 0.007196068 -0.002807199 -0.002807199 0.00687623 -0.00322026 -0.00322026 0.006504058 -0.003608882 -0.003608882 0.006082355 -0.003969967 -0.003969967 0.005614399 -0.004300892 -0.004300892 0.005103707 -0.004599034 -0.004599034 0.004554152 -0.004862189 -0.004862189 0.003969967 -0.005088388 -0.005088388 0.003355562 -0.005275785 -0.005275785 0.002715587 -0.005423069 -0.005423069 0.002054989 -0.005529105 -0.005529105 0.001378715 3.46008e-4 5.99304e-4 0.007909774 5.82692e-4 0.001249551 0.007819354 7.02859e-4 0.001931071 0.007669448 7.02859e-4 0.002623081 0.00746113 5.82692e-4 0.0033046 0.007196068 3.46008e-4 0.003954887 0.00687623 0 0.004554152 0.006504058 -4.4482e-4 0.005084276 0.006082355 -9.74935e-4 0.005529105 0.005614399 -0.001574218 0.00587511 0.005103707 -0.002224504 0.0061118 0.004554152 -0.002906024 0.006231963 0.003969967 -0.003598034 0.006231963 0.003355562 -0.004279494 0.0061118 0.002715587 -0.00492978 0.00587511 0.002054989 -0.005529105 0.005529105 0.001378715 -0.005999982 0.005036652 0.001294374 -0.005026161 0.005989968 0.001378715 -0.004484951 0.006405234 0.001378715 -0.003909647 0.006771743 0.001378715 -0.0033046 0.007086753 0.001378715 -0.002674341 0.007347762 0.001378715 -0.002023756 0.007552921 0.001378715 -0.001357793 0.007700562 0.001378715 -6.81503e-4 0.007789611 0.001378715 0 0.007819354 0.001378715 6.81503e-4 0.007789611 0.001378715 0.001357793 0.007700562 0.001378715 0.002023756 0.007552921 0.001378715 0.002674341 0.007347762 0.001378715 0.0033046 0.007086753 0.001378715 0.003909647 0.006771743 0.001378715 0.004484951 0.006405234 0.001378715 0.005026161 0.005989968 0.001378715 0.005529105 0.005529105 0.001378715 0.005999982 0.005036652 0.001294374 0.005999982 -0.005154013 6.9239e-4 0.005529105 -0.005529105 0.001378715 0.005423069 -0.005423069 0.002054989 0.005275785 -0.005275785 0.002715587 0.005088388 -0.005088388 0.003355562 0.004862189 -0.004862189 0.003969967 0.004599034 -0.004599034 0.004554152 0.004300892 -0.004300892 0.005103707 0.003969967 -0.003969967 0.005614399 0.003608882 -0.003608882 0.006082355 0.00322026 -0.00322026 0.006504058 -0.005084276 0.006059229 6.92017e-4 -0.004536867 0.006479263 6.92017e-4 -0.003954887 0.006850063 6.92017e-4 -0.003342807 0.00716865 6.92017e-4 -0.002705276 0.007432758 6.92017e-4 -0.002047181 0.007640242 6.92017e-4 -0.001373469 0.007789611 6.92017e-4 -6.89383e-4 0.007879674 6.92017e-4 0 0.007909774 6.92017e-4 6.89383e-4 0.007879674 6.92017e-4 0.001373469 0.007789611 6.92017e-4 0.002047181 0.007640242 6.92017e-4 0.002705276 0.007432758 6.92017e-4 0.003342807 0.00716865 6.92017e-4 0.003954887 0.006850063 6.92017e-4 0.004536867 0.006479263 6.92017e-4 0.005084276 0.006059229 6.92017e-4 0.005103707 0.006082355 0 0.004554152 0.006504058 0 0.003969967 0.00687623 0 0.003355562 0.007196068 0 0.002715587 0.00746113 0 0.002054989 0.007669448 0 0.001378715 0.007819354 0 6.92017e-4 0.007909774 0 0 0.007939994 0 -6.92017e-4 0.007909774 0 -0.001378715 0.007819354 0 -0.002054989 0.007669448 0 -0.002715587 0.00746113 0 -0.003355562 0.007196068 0 -0.003969967 0.00687623 0 -0.004554152 0.006504058 0 -0.005103707 0.006082355 0 -0.005614399 0.005614399 0 -0.005999982 0.005200326 0 0.005084276 0.006059229 -6.92017e-4 0.004536867 0.006479263 -6.92017e-4 0.003954887 0.006850063 -6.92017e-4 0.003342807 0.00716865 -6.92017e-4 0.002705276 0.007432758 -6.92017e-4 0.002047181 0.007640242 -6.92017e-4 0.001373469 0.007789611 -6.92017e-4 6.89383e-4 0.007879674 -6.92017e-4 0 0.007909774 -6.92017e-4 -6.89383e-4 0.007879674 -6.92017e-4 -0.001373469 0.007789611 -6.92017e-4 -0.002047181 0.007640242 -6.92017e-4 -0.002705276 0.007432758 -6.92017e-4 -0.003342807 0.00716865 -6.92017e-4 -0.003954887 0.006850063 -6.92017e-4 -0.004536867 0.006479263 -6.92017e-4 -0.005084276 0.006059229 -6.92017e-4 -6.81503e-4 -0.007789611 -0.001378715 0 -0.007819354 -0.001378715 -6.89383e-4 -0.007879674 -6.92017e-4 0 -0.007909774 -6.92017e-4 -6.92017e-4 -0.007909774 0 0 -0.007939994 0 -6.89383e-4 -0.007879674 6.92017e-4 0 -0.007909774 6.92017e-4 -6.81503e-4 -0.007789611 0.001378715 0 -0.007819354 0.001378715 -6.68437e-4 -0.007640242 0.002054989 0 -0.007669448 0.002054989 -6.50283e-4 -0.007432758 0.002715587 0 -0.00746113 0.002715587 -6.2718e-4 -0.00716865 0.003355562 0 -0.007196068 0.003355562 -5.99304e-4 -0.006850063 0.003969967 0 -0.00687623 0.003969967 -5.66867e-4 -0.006479263 0.004554152 0 -0.006504058 0.004554152 -5.30115e-4 -0.006059229 0.005103707 0 -0.006082355 0.005103707 -4.8933e-4 -0.005593061 0.005614399 0 -0.005614399 0.005614399 -4.4482e-4 -0.005084276 0.006082355 0 -0.005103707 0.006082355 -3.96924e-4 -0.004536867 0.006504058 -0.001357793 -0.007700562 -0.001378715 -0.001373469 -0.007789611 -6.92017e-4 -0.001378715 -0.007819354 0 -0.001373469 -0.007789611 6.92017e-4 -0.001357793 -0.007700562 0.001378715 -0.001331746 -0.007552921 0.002054989 -0.001295566 -0.007347762 0.002715587 -0.001249551 -0.007086753 0.003355562 -0.001194 -0.006771743 0.003969967 -0.001129388 -0.006405234 0.004554152 -0.001056194 -0.005989968 0.005103707 -9.74935e-4 -0.005529105 0.005614399 -8.86254e-4 -0.005026161 0.006082355 -7.90828e-4 -0.004484951 0.006504058 -6.89383e-4 -0.003909647 0.00687623 -0.002023756 -0.007552921 -0.001378715 -0.002047181 -0.007640242 -6.92017e-4 -0.002054989 -0.007669448 0 -0.002047181 -0.007640242 6.92017e-4 -0.002023756 -0.007552921 0.001378715 -0.001984953 -0.007408082 0.002054989 -0.001931071 -0.007206916 0.002715587 -0.001862466 -0.006950855 0.003355562 -0.001779675 -0.006641924 0.003969967 -0.001683354 -0.006282389 0.004554152 -0.001574218 -0.00587511 0.005103707 -0.001453101 -0.005423069 0.005614399 -0.001320898 -0.00492978 0.006082355 -0.001178681 -0.004399001 0.006504058 -0.001027464 -0.003834724 0.00687623 -8.6849e-4 -0.00324124 0.007196068 -0.002674341 -0.007347762 -0.001378715 -0.002705276 -0.007432758 -6.92017e-4 -0.002715587 -0.00746113 0 -0.002705276 -0.007432758 6.92017e-4 -0.002674341 -0.007347762 0.001378715 -0.002623081 -0.007206916 0.002054989 -0.002551853 -0.007011175 0.002715587 -0.002461194 -0.006762087 0.003355562 -0.00235176 -0.006461501 0.003969967 -0.002224504 -0.0061118 0.004554152 -0.002080261 -0.005715548 0.005103707 -0.001920223 -0.005275785 0.005614399 -0.001745522 -0.004795908 0.006082355 -0.001557588 -0.004279494 0.006504058 -0.001357793 -0.003730535 0.00687623 -0.001147627 -0.003153204 0.007196068 -9.28804e-4 -0.002551853 0.00746113 -0.0033046 -0.007086753 -0.001378715 -0.003342807 -0.00716865 -6.92017e-4 -0.003355562 -0.007196068 0 -0.003342807 -0.00716865 6.92017e-4 -0.0033046 -0.007086753 0.001378715 -0.00324124 -0.006950855 0.002054989 -0.003153204 -0.006762087 0.002715587 -0.003041148 -0.006521821 0.003355562 -0.002906024 -0.006231963 0.003969967 -0.002748727 -0.00589466 0.004554152 -0.002570509 -0.005512475 0.005103707 -0.002372741 -0.005088388 0.005614399 -0.002156913 -0.004625499 0.006082355 -0.001924633 -0.004127502 0.006504058 -0.001677751 -0.003598034 0.00687623 -0.001418113 -0.003041148 0.007196068 -0.001147627 -0.002461194 0.00746113 -8.6849e-4 -0.001862466 0.007669448 -0.003909647 -0.006771743 -0.001378715 -0.003954887 -0.006850063 -6.92017e-4 -0.003969967 -0.00687623 0 -0.003954887 -0.006850063 6.92017e-4 -0.003909647 -0.006771743 0.001378715 -0.003834724 -0.006641924 0.002054989 -0.003730535 -0.006461501 0.002715587 -0.003598034 -0.006231963 0.003355562 -0.003438115 -0.00595498 0.003969967 -0.003252029 -0.005632638 0.004554152 -0.003041148 -0.0052675 0.005103707 -0.002807199 -0.004862189 0.005614399 -0.002551853 -0.004419922 0.006082355 -0.002277076 -0.003944039 0.006504058 -0.001984953 -0.003438115 0.00687623 -0.001677751 -0.002906024 0.007196068 -0.001357793 -0.00235176 0.00746113 -0.001027464 -0.001779675 0.007669448 -6.89383e-4 -0.001194 0.007819354 -0.004484951 -0.006405234 -0.001378715 -0.004536867 -0.006479263 -6.92017e-4 -0.004554152 -0.006504058 0 -0.004536867 -0.006479263 6.92017e-4 -0.004484951 -0.006405234 0.001378715 -0.004399001 -0.006282389 0.002054989 -0.004279494 -0.0061118 0.002715587 -0.004127502 -0.00589466 0.003355562 -0.003944039 -0.005632638 0.003969967 -0.003730535 -0.005327761 0.004554152 -0.003488659 -0.004982352 0.005103707 -0.00322026 -0.004599034 0.005614399 -0.002927362 -0.004180729 0.006082355 -0.002612173 -0.003730535 0.006504058 -0.002277076 -0.003252029 0.00687623 -0.001924633 -0.002748727 0.007196068 -0.001557588 -0.002224504 0.00746113 -0.001178681 -0.001683354 0.007669448 -7.90828e-4 -0.001129388 0.007819354 -3.96924e-4 -5.66867e-4 0.007909774 -4.4482e-4 -5.30115e-4 0.007909774 -8.86254e-4 -0.001056194 0.007819354 -0.001320898 -0.001574218 0.007669448 -0.001745522 -0.002080261 0.00746113 -0.002156913 -0.002570509 0.007196068 -0.002551853 -0.003041148 0.00687623 -0.002927362 -0.003488659 0.006504058 -0.00328058 -0.003909647 0.006082355 -0.003608882 -0.004300892 0.005614399 -0.003909647 -0.004659354 0.005103707 -0.004180729 -0.004982352 0.004554152 -0.004419922 -0.0052675 0.003969967 -0.004625499 -0.005512475 0.003355562 -0.004795908 -0.005715548 0.002715587 -0.00492978 -0.00587511 0.002054989 -0.005026161 -0.005989968 0.001378715 -0.005084276 -0.006059229 6.92017e-4 -0.005103707 -0.006082355 0 -0.005084276 -0.006059229 -6.92017e-4 -0.005026161 -0.005989968 -0.001378715 -0.005529105 0.005529105 -0.001378715 -0.005026161 0.005989968 -0.001378715 -0.004484951 0.006405234 -0.001378715 -0.003909647 0.006771743 -0.001378715 -0.0033046 0.007086753 -0.001378715 -0.002674341 0.007347762 -0.001378715 -0.002023756 0.007552921 -0.001378715 -0.001357793 0.007700562 -0.001378715 -6.81503e-4 0.007789611 -0.001378715 0 0.007819354 -0.001378715 6.81503e-4 0.007789611 -0.001378715 0.001357793 0.007700562 -0.001378715 0.002023756 0.007552921 -0.001378715 0.002674341 0.007347762 -0.001378715 0.0033046 0.007086753 -0.001378715 0.003909647 0.006771743 -0.001378715 0.004484951 0.006405234 -0.001378715 0.005026161 0.005989968 -0.001378715 0.005529105 0.005529105 -0.001378715 0.005989968 0.005026161 -0.001378715 0.005999982 0.005023121 -0.001345932 -0.005423069 -0.005423069 -0.002054989 -0.00492978 -0.00587511 -0.002054989 -0.004399001 -0.006282389 -0.002054989 -0.003834724 -0.006641924 -0.002054989 -0.00324124 -0.006950855 -0.002054989 -0.002623081 -0.007206916 -0.002054989 -0.001984953 -0.007408082 -0.002054989 -0.001331746 -0.007552921 -0.002054989 -6.68437e-4 -0.007640242 -0.002054989 0 -0.007669448 -0.002054989 0.005423069 0.005423069 -0.002054989 0.00492978 0.00587511 -0.002054989 0.004399001 0.006282389 -0.002054989 0.003834724 0.006641924 -0.002054989 0.00324124 0.006950855 -0.002054989 0.002623081 0.007206916 -0.002054989 0.001984953 0.007408082 -0.002054989 0.001331746 0.007552921 -0.002054989 6.68437e-4 0.007640242 -0.002054989 0 0.007669448 -0.002054989 -6.68437e-4 0.007640242 -0.002054989 -0.001331746 0.007552921 -0.002054989 -0.001984953 0.007408082 -0.002054989 -0.002623081 0.007206916 -0.002054989 -0.00324124 0.006950855 -0.002054989 -0.003834724 0.006641924 -0.002054989 -0.004399001 0.006282389 -0.002054989 -0.00492978 0.00587511 -0.002054989 -0.005423069 0.005423069 -0.002054989 -0.005275785 -0.005275785 -0.002715587 -0.004795908 -0.005715548 -0.002715587 -0.004279494 -0.0061118 -0.002715587 -0.003730535 -0.006461501 -0.002715587 -0.003153204 -0.006762087 -0.002715587 -0.002551853 -0.007011175 -0.002715587 -0.001931071 -0.007206916 -0.002715587 -0.001295566 -0.007347762 -0.002715587 -6.50283e-4 -0.007432758 -0.002715587 0 -0.00746113 -0.002715587 0.005275785 0.005275785 -0.002715587 0.004795908 0.005715548 -0.002715587 0.004279494 0.0061118 -0.002715587 0.003730535 0.006461501 -0.002715587 0.003153204 0.006762087 -0.002715587 0.002551853 0.007011175 -0.002715587 0.001931071 0.007206916 -0.002715587 0.001295566 0.007347762 -0.002715587 6.50283e-4 0.007432758 -0.002715587 0 0.00746113 -0.002715587 -6.50283e-4 0.007432758 -0.002715587 -0.001295566 0.007347762 -0.002715587 -0.001931071 0.007206916 -0.002715587 -0.002551853 0.007011175 -0.002715587 -0.003153204 0.006762087 -0.002715587 -0.003730535 0.006461501 -0.002715587 -0.004279494 0.0061118 -0.002715587 -0.004795908 0.005715548 -0.002715587 -0.005275785 0.005275785 -0.002715587 -0.005512475 -0.004625499 -0.003355562 -0.005088388 -0.005088388 -0.003355562 -0.004625499 -0.005512475 -0.003355562 -0.004127502 -0.00589466 -0.003355562 -0.003598034 -0.006231963 -0.003355562 -0.003041148 -0.006521821 -0.003355562 -0.002461194 -0.006762087 -0.003355562 -0.001862466 -0.006950855 -0.003355562 -0.001249551 -0.007086753 -0.003355562 -6.2718e-4 -0.00716865 -0.003355562 0 -0.007196068 -0.003355562 0.005512475 0.004625499 -0.003355562 0.005088388 0.005088388 -0.003355562 0.004625499 0.005512475 -0.003355562 0.004127502 0.00589466 -0.003355562 0.003598034 0.006231963 -0.003355562 0.003041148 0.006521821 -0.003355562 0.002461194 0.006762087 -0.003355562 0.001862466 0.006950855 -0.003355562 0.001249551 0.007086753 -0.003355562 6.2718e-4 0.00716865 -0.003355562 0 0.007196068 -0.003355562 -6.2718e-4 0.00716865 -0.003355562 -0.001249551 0.007086753 -0.003355562 -0.001862466 0.006950855 -0.003355562 -0.002461194 0.006762087 -0.003355562 -0.003041148 0.006521821 -0.003355562 -0.003598034 0.006231963 -0.003355562 -0.004127502 0.00589466 -0.003355562 -0.004625499 0.005512475 -0.003355562 -0.005088388 0.005088388 -0.003355562 -0.0052675 -0.004419922 -0.003969967 -0.004862189 -0.004862189 -0.003969967 -0.004419922 -0.0052675 -0.003969967 -0.003944039 -0.005632638 -0.003969967 -0.003438115 -0.00595498 -0.003969967 -0.002906024 -0.006231963 -0.003969967 -0.00235176 -0.006461501 -0.003969967 -0.001779675 -0.006641924 -0.003969967 -0.001194 -0.006771743 -0.003969967 -5.99304e-4 -0.006850063 -0.003969967 0 -0.00687623 -0.003969967 0.0052675 0.004419922 -0.003969967 0.004862189 0.004862189 -0.003969967 0.004419922 0.0052675 -0.003969967 0.003944039 0.005632638 -0.003969967 0.003438115 0.00595498 -0.003969967 0.002906024 0.006231963 -0.003969967 0.00235176 0.006461501 -0.003969967 0.001779675 0.006641924 -0.003969967 0.001194 0.006771743 -0.003969967 5.99304e-4 0.006850063 -0.003969967 0 0.00687623 -0.003969967 -5.99304e-4 0.006850063 -0.003969967 -0.001194 0.006771743 -0.003969967 -0.001779675 0.006641924 -0.003969967 -0.00235176 0.006461501 -0.003969967 -0.002906024 0.006231963 -0.003969967 -0.003438115 0.00595498 -0.003969967 -0.003944039 0.005632638 -0.003969967 -0.004419922 0.0052675 -0.003969967 -0.004862189 0.004862189 -0.003969967 -0.0052675 0.004419922 -0.003969967 -0.005327761 -0.003730535 -0.004554152 -0.004982352 -0.004180729 -0.004554152 -0.004599034 -0.004599034 -0.004554152 -0.004180729 -0.004982352 -0.004554152 -0.003730535 -0.005327761 -0.004554152 -0.003252029 -0.005632638 -0.004554152 -0.002748727 -0.00589466 -0.004554152 -0.002224504 -0.0061118 -0.004554152 -0.001683354 -0.006282389 -0.004554152 -0.001129388 -0.006405234 -0.004554152 -5.66867e-4 -0.006479263 -0.004554152 0 -0.006504058 -0.004554152 0.005327761 0.003730535 -0.004554152 0.004982352 0.004180729 -0.004554152 0.004599034 0.004599034 -0.004554152 0.004180729 0.004982352 -0.004554152 0.003730535 0.005327761 -0.004554152 0.003252029 0.005632638 -0.004554152 0.002748727 0.00589466 -0.004554152 0.002224504 0.0061118 -0.004554152 0.001683354 0.006282389 -0.004554152 0.001129388 0.006405234 -0.004554152 5.66867e-4 0.006479263 -0.004554152 0 0.006504058 -0.004554152 -5.66867e-4 0.006479263 -0.004554152 -0.001129388 0.006405234 -0.004554152 -0.001683354 0.006282389 -0.004554152 -0.002224504 0.0061118 -0.004554152 -0.002748727 0.00589466 -0.004554152 -0.003252029 0.005632638 -0.004554152 -0.003730535 0.005327761 -0.004554152 -0.004180729 0.004982352 -0.004554152 -0.004599034 0.004599034 -0.004554152 -0.004982352 0.004180729 -0.004554152 -0.005327761 0.003730535 -0.004554152 -0.005512475 -0.002570509 -0.005103707 -0.0052675 -0.003041148 -0.005103707 -0.004982352 -0.003488659 -0.005103707 -0.004659354 -0.003909647 -0.005103707 -0.004300892 -0.004300892 -0.005103707 -0.003909647 -0.004659354 -0.005103707 -0.003488659 -0.004982352 -0.005103707 -0.003041148 -0.0052675 -0.005103707 -0.002570509 -0.005512475 -0.005103707 -0.002080261 -0.005715548 -0.005103707 -0.001574218 -0.00587511 -0.005103707 -0.001056194 -0.005989968 -0.005103707 -5.30115e-4 -0.006059229 -0.005103707 0 -0.006082355 -0.005103707 0.0052675 0.003041148 -0.005103707 0.004982352 0.003488659 -0.005103707 0.004659354 0.003909647 -0.005103707 0.004300892 0.004300892 -0.005103707 0.003909647 0.004659354 -0.005103707 0.003488659 0.004982352 -0.005103707 0.003041148 0.0052675 -0.005103707 0.002570509 0.005512475 -0.005103707 0.002080261 0.005715548 -0.005103707 0.001574218 0.00587511 -0.005103707 0.001056194 0.005989968 -0.005103707 5.30115e-4 0.006059229 -0.005103707 0 0.006082355 -0.005103707 -5.30115e-4 0.006059229 -0.005103707 -0.001056194 0.005989968 -0.005103707 -0.001574218 0.00587511 -0.005103707 -0.002080261 0.005715548 -0.005103707 -0.002570509 0.005512475 -0.005103707 -0.003041148 0.0052675 -0.005103707 -0.003488659 0.004982352 -0.005103707 -0.003909647 0.004659354 -0.005103707 -0.004300892 0.004300892 -0.005103707 -0.004659354 0.003909647 -0.005103707 -0.004982352 0.003488659 -0.005103707 -0.0052675 0.003041148 -0.005103707 0.0052675 -0.003041148 -0.005103707 0.005327761 -0.003730535 -0.004554152 0.004982352 -0.003488659 -0.005103707 0.0052675 -0.004419922 -0.003969967 0.004982352 -0.004180729 -0.004554152 0.004659354 -0.003909647 -0.005103707 -0.005423069 -0.001453101 -0.005614399 -0.005275785 -0.001920223 -0.005614399 -0.005088388 -0.002372741 -0.005614399 -0.004862189 -0.002807199 -0.005614399 -0.004599034 -0.00322026 -0.005614399 -0.004300892 -0.003608882 -0.005614399 -0.003969967 -0.003969967 -0.005614399 -0.003608882 -0.004300892 -0.005614399 -0.00322026 -0.004599034 -0.005614399 -0.002807199 -0.004862189 -0.005614399 -0.002372741 -0.005088388 -0.005614399 -0.001920223 -0.005275785 -0.005614399 -0.001453101 -0.005423069 -0.005614399 -9.74935e-4 -0.005529105 -0.005614399 -4.8933e-4 -0.005593061 -0.005614399 0 -0.005614399 -0.005614399 -0.005999982 5.25481e-4 -0.005173683 -0.005529105 9.74935e-4 -0.005614399 -0.005423069 0.001453101 -0.005614399 -0.005275785 0.001920223 -0.005614399 -0.005088388 0.002372741 -0.005614399 -0.004862189 0.002807199 -0.005614399 -0.004599034 0.00322026 -0.005614399 -0.004300892 0.003608882 -0.005614399 -0.003969967 0.003969967 -0.005614399 -0.003608882 0.004300892 -0.005614399 -0.00322026 0.004599034 -0.005614399 -0.002807199 0.004862189 -0.005614399 -0.002372741 0.005088388 -0.005614399 -0.001920223 0.005275785 -0.005614399 -0.001453101 0.005423069 -0.005614399 -9.74935e-4 0.005529105 -0.005614399 -4.8933e-4 0.005593061 -0.005614399 0 0.005614399 -0.005614399 4.8933e-4 0.005593061 -0.005614399 9.74935e-4 0.005529105 -0.005614399 0.001453101 0.005423069 -0.005614399 0.001920223 0.005275785 -0.005614399 0.002372741 0.005088388 -0.005614399 0.002807199 0.004862189 -0.005614399 0.00322026 0.004599034 -0.005614399 0.003608882 0.004300892 -0.005614399 0.003969967 0.003969967 -0.005614399 0.004300892 0.003608882 -0.005614399 0.004599034 0.00322026 -0.005614399 0.004862189 0.002807199 -0.005614399 0.005088388 0.002372741 -0.005614399 0.005275785 0.001920223 -0.005614399 0.005423069 0.001453101 -0.005614399 0.005999982 -5.25481e-4 -0.005173683 0.005529105 -9.74935e-4 -0.005614399 0.005423069 -0.001453101 -0.005614399 0.005275785 -0.001920223 -0.005614399 0.005088388 -0.002372741 -0.005614399 0.004862189 -0.002807199 -0.005614399 0.004599034 -0.00322026 -0.005614399 0.004300892 -0.003608882 -0.005614399 0.005423069 -0.005423069 -0.002054989 0.005275785 -0.005275785 -0.002715587 0.005088388 -0.005088388 -0.003355562 0.004862189 -0.004862189 -0.003969967 0.004599034 -0.004599034 -0.004554152 0.004300892 -0.004300892 -0.005103707 0.003969967 -0.003969967 -0.005614399 0.003608882 -0.004300892 -0.005614399 0.003909647 -0.004659354 -0.005103707 0.004180729 -0.004982352 -0.004554152 0.004419922 -0.0052675 -0.003969967 0.004625499 -0.005512475 -0.003355562 0.004795908 -0.005715548 -0.002715587 0.00492978 -0.00587511 -0.002054989 0.005026161 -0.005989968 -0.001378715 0.005084276 -0.006059229 -6.92017e-4 0.005103707 -0.006082355 0 0.005084276 -0.006059229 6.92017e-4 0.005026161 -0.005989968 0.001378715 0.00492978 -0.00587511 0.002054989 0.004795908 -0.005715548 0.002715587 0.004625499 -0.005512475 0.003355562 0.004419922 -0.0052675 0.003969967 0.004180729 -0.004982352 0.004554152 0.003909647 -0.004659354 0.005103707 0.003608882 -0.004300892 0.005614399 0.00328058 -0.003909647 0.006082355 0.002927362 -0.003488659 0.006504058 0.002551853 -0.003041148 0.00687623 0.00322026 -0.004599034 -0.005614399 0.003488659 -0.004982352 -0.005103707 0.003730535 -0.005327761 -0.004554152 0.003944039 -0.005632638 -0.003969967 0.004127502 -0.00589466 -0.003355562 0.004279494 -0.0061118 -0.002715587 0.004399001 -0.006282389 -0.002054989 0.004484951 -0.006405234 -0.001378715 0.004536867 -0.006479263 -6.92017e-4 0.004554152 -0.006504058 0 0.004536867 -0.006479263 6.92017e-4 0.004484951 -0.006405234 0.001378715 0.004399001 -0.006282389 0.002054989 0.004279494 -0.0061118 0.002715587 0.004127502 -0.00589466 0.003355562 0.003944039 -0.005632638 0.003969967 0.003730535 -0.005327761 0.004554152 0.003488659 -0.004982352 0.005103707 0.00322026 -0.004599034 0.005614399 0.002927362 -0.004180729 0.006082355 0.002612173 -0.003730535 0.006504058 0.002277076 -0.003252029 0.00687623 0.001924633 -0.002748727 0.007196068 0.002807199 -0.004862189 -0.005614399 0.003041148 -0.0052675 -0.005103707 0.003252029 -0.005632638 -0.004554152 0.003438115 -0.00595498 -0.003969967 0.003598034 -0.006231963 -0.003355562 0.003730535 -0.006461501 -0.002715587 0.003834724 -0.006641924 -0.002054989 0.003909647 -0.006771743 -0.001378715 0.003954887 -0.006850063 -6.92017e-4 0.003969967 -0.00687623 0 0.003954887 -0.006850063 6.92017e-4 0.003909647 -0.006771743 0.001378715 0.003834724 -0.006641924 0.002054989 0.003730535 -0.006461501 0.002715587 0.003598034 -0.006231963 0.003355562 0.003438115 -0.00595498 0.003969967 0.003252029 -0.005632638 0.004554152 0.003041148 -0.0052675 0.005103707 0.002807199 -0.004862189 0.005614399 0.002551853 -0.004419922 0.006082355 0.002277076 -0.003944039 0.006504058 0.001984953 -0.003438115 0.00687623 0.001677751 -0.002906024 0.007196068 0.001357793 -0.00235176 0.00746113 0.002372741 -0.005088388 -0.005614399 0.002570509 -0.005512475 -0.005103707 0.002748727 -0.00589466 -0.004554152 0.002906024 -0.006231963 -0.003969967 0.003041148 -0.006521821 -0.003355562 0.003153204 -0.006762087 -0.002715587 0.00324124 -0.006950855 -0.002054989 0.0033046 -0.007086753 -0.001378715 0.003342807 -0.00716865 -6.92017e-4 0.003355562 -0.007196068 0 0.003342807 -0.00716865 6.92017e-4 0.0033046 -0.007086753 0.001378715 0.00324124 -0.006950855 0.002054989 0.003153204 -0.006762087 0.002715587 0.003041148 -0.006521821 0.003355562 0.002906024 -0.006231963 0.003969967 0.002748727 -0.00589466 0.004554152 0.002570509 -0.005512475 0.005103707 0.002372741 -0.005088388 0.005614399 0.002156913 -0.004625499 0.006082355 0.001924633 -0.004127502 0.006504058 0.001677751 -0.003598034 0.00687623 0.001418113 -0.003041148 0.007196068 0.001147627 -0.002461194 0.00746113 8.6849e-4 -0.001862466 0.007669448 0.001920223 -0.005275785 -0.005614399 0.002080261 -0.005715548 -0.005103707 0.002224504 -0.0061118 -0.004554152 0.00235176 -0.006461501 -0.003969967 0.002461194 -0.006762087 -0.003355562 0.002551853 -0.007011175 -0.002715587 0.002623081 -0.007206916 -0.002054989 0.002674341 -0.007347762 -0.001378715 0.002705276 -0.007432758 -6.92017e-4 0.002715587 -0.00746113 0 0.002705276 -0.007432758 6.92017e-4 0.002674341 -0.007347762 0.001378715 0.002623081 -0.007206916 0.002054989 0.002551853 -0.007011175 0.002715587 0.002461194 -0.006762087 0.003355562 0.00235176 -0.006461501 0.003969967 0.002224504 -0.0061118 0.004554152 0.002080261 -0.005715548 0.005103707 0.001920223 -0.005275785 0.005614399 0.001745522 -0.004795908 0.006082355 0.001557588 -0.004279494 0.006504058 0.001357793 -0.003730535 0.00687623 0.001147627 -0.003153204 0.007196068 9.28804e-4 -0.002551853 0.00746113 7.02859e-4 -0.001931071 0.007669448 4.71566e-4 -0.001295566 0.007819354 0.001453101 -0.005423069 -0.005614399 0.001574218 -0.00587511 -0.005103707 0.001683354 -0.006282389 -0.004554152 0.001779675 -0.006641924 -0.003969967 0.001862466 -0.006950855 -0.003355562 0.001931071 -0.007206916 -0.002715587 0.001984953 -0.007408082 -0.002054989 0.002023756 -0.007552921 -0.001378715 0.002047181 -0.007640242 -6.92017e-4 0.002054989 -0.007669448 0 0.002047181 -0.007640242 6.92017e-4 0.002023756 -0.007552921 0.001378715 0.001984953 -0.007408082 0.002054989 0.001931071 -0.007206916 0.002715587 0.001862466 -0.006950855 0.003355562 0.001779675 -0.006641924 0.003969967 0.001683354 -0.006282389 0.004554152 0.001574218 -0.00587511 0.005103707 0.001453101 -0.005423069 0.005614399 0.001320898 -0.00492978 0.006082355 0.001178681 -0.004399001 0.006504058 0.001027464 -0.003834724 0.00687623 8.6849e-4 -0.00324124 0.007196068 7.02859e-4 -0.002623081 0.00746113 5.31879e-4 -0.001984953 0.007669448 3.56851e-4 -0.001331746 0.007819354 1.79107e-4 -6.68437e-4 0.007909774 1.20167e-4 -6.81503e-4 0.007909774 2.3942e-4 -0.001357793 0.007819354 3.56851e-4 -0.002023756 0.007669448 4.71566e-4 -0.002674341 0.00746113 5.82692e-4 -0.0033046 0.007196068 6.89383e-4 -0.003909647 0.00687623 7.90828e-4 -0.004484951 0.006504058 8.86254e-4 -0.005026161 0.006082355 9.74935e-4 -0.005529105 0.005614399 0.001056194 -0.005989968 0.005103707 0.001129388 -0.006405234 0.004554152 0.001194 -0.006771743 0.003969967 0.001249551 -0.007086753 0.003355562 0.001295566 -0.007347762 0.002715587 0.001331746 -0.007552921 0.002054989 0.001357793 -0.007700562 0.001378715 0.001373469 -0.007789611 6.92017e-4 0.001378715 -0.007819354 0 0.001373469 -0.007789611 -6.92017e-4 0.001357793 -0.007700562 -0.001378715 0.001331746 -0.007552921 -0.002054989 0.001295566 -0.007347762 -0.002715587 0.001249551 -0.007086753 -0.003355562 0.001194 -0.006771743 -0.003969967 0.001129388 -0.006405234 -0.004554152 0.001056194 -0.005989968 -0.005103707 9.74935e-4 -0.005529105 -0.005614399 4.8933e-4 -0.005593061 -0.005614399 5.30115e-4 -0.006059229 -0.005103707 5.66867e-4 -0.006479263 -0.004554152 5.99304e-4 -0.006850063 -0.003969967 6.2718e-4 -0.00716865 -0.003355562 6.50283e-4 -0.007432758 -0.002715587 6.68437e-4 -0.007640242 -0.002054989 6.81503e-4 -0.007789611 -0.001378715 6.89383e-4 -0.007879674 -6.92017e-4 6.92017e-4 -0.007909774 0 6.89383e-4 -0.007879674 6.92017e-4 6.81503e-4 -0.007789611 0.001378715 6.68437e-4 -0.007640242 0.002054989 6.50283e-4 -0.007432758 0.002715587 6.2718e-4 -0.00716865 0.003355562 5.99304e-4 -0.006850063 0.003969967 5.66867e-4 -0.006479263 0.004554152 5.30115e-4 -0.006059229 0.005103707 4.8933e-4 -0.005593061 0.005614399 4.4482e-4 -0.005084276 0.006082355 3.96924e-4 -0.004536867 0.006504058 3.46008e-4 -0.003954887 0.00687623 2.92459e-4 -0.003342807 0.007196068 2.36684e-4 -0.002705276 0.00746113 1.79107e-4 -0.002047181 0.007669448 1.20167e-4 -0.001373469 0.007819354 6.03132e-5 -6.89383e-4 0.007909774 4.4482e-4 -0.005084276 -0.006082355 8.86254e-4 -0.005026161 -0.006082355 0.001320898 -0.00492978 -0.006082355 0.001745522 -0.004795908 -0.006082355 0.002156913 -0.004625499 -0.006082355 0.002551853 -0.004419922 -0.006082355 0.002927362 -0.004180729 -0.006082355 0.00328058 -0.003909647 -0.006082355 0.003608882 -0.003608882 -0.006082355 0.003909647 -0.00328058 -0.006082355 0.004180729 -0.002927362 -0.006082355 0.004419922 -0.002551853 -0.006082355 0.004625499 -0.002156913 -0.006082355 0.004795908 -0.001745522 -0.006082355 0.00492978 -0.001320898 -0.006082355 0.005026161 -8.86254e-4 -0.006082355 0.005084276 -4.4482e-4 -0.006082355 0.005103707 0 -0.006082355 0.005084276 4.4482e-4 -0.006082355 0.005026161 8.86254e-4 -0.006082355 0.00492978 0.001320898 -0.006082355 0.004795908 0.001745522 -0.006082355 0.004625499 0.002156913 -0.006082355 0.004419922 0.002551853 -0.006082355 0.004180729 0.002927362 -0.006082355 0.003909647 0.00328058 -0.006082355 0.003608882 0.003608882 -0.006082355 0.00328058 0.003909647 -0.006082355 0.002927362 0.004180729 -0.006082355 0.002551853 0.004419922 -0.006082355 0.002156913 0.004625499 -0.006082355 0.001745522 0.004795908 -0.006082355 0.001320898 0.00492978 -0.006082355 8.86254e-4 0.005026161 -0.006082355 4.4482e-4 0.005084276 -0.006082355 0 0.005103707 -0.006082355 -4.4482e-4 0.005084276 -0.006082355 -8.86254e-4 0.005026161 -0.006082355 -0.001320898 0.00492978 -0.006082355 -0.001745522 0.004795908 -0.006082355 -0.002156913 0.004625499 -0.006082355 -0.002551853 0.004419922 -0.006082355 -0.002927362 0.004180729 -0.006082355 -0.00328058 0.003909647 -0.006082355 -0.003608882 0.003608882 -0.006082355 -0.003909647 0.00328058 -0.006082355 -0.004180729 0.002927362 -0.006082355 -0.004419922 0.002551853 -0.006082355 -0.004625499 0.002156913 -0.006082355 -0.004795908 0.001745522 -0.006082355 -0.00492978 0.001320898 -0.006082355 -0.005026161 8.86254e-4 -0.006082355 -0.005084276 4.4482e-4 -0.006082355 -0.005103707 0 -0.006082355 -0.005084276 -4.4482e-4 -0.006082355 -0.005026161 -8.86254e-4 -0.006082355 -0.00492978 -0.001320898 -0.006082355 -0.004795908 -0.001745522 -0.006082355 -0.004625499 -0.002156913 -0.006082355 -0.004419922 -0.002551853 -0.006082355 -0.004180729 -0.002927362 -0.006082355 -0.003909647 -0.00328058 -0.006082355 -0.003608882 -0.003608882 -0.006082355 -0.00328058 -0.003909647 -0.006082355 -0.002927362 -0.004180729 -0.006082355 -0.002551853 -0.004419922 -0.006082355 -0.002156913 -0.004625499 -0.006082355 -0.001745522 -0.004795908 -0.006082355 -0.001320898 -0.00492978 -0.006082355 -8.86254e-4 -0.005026161 -0.006082355 -4.4482e-4 -0.005084276 -0.006082355 0 -0.005103707 -0.006082355 3.96924e-4 -0.004536867 -0.006504058 7.90828e-4 -0.004484951 -0.006504058 0.001178681 -0.004399001 -0.006504058 0.001557588 -0.004279494 -0.006504058 0.001924633 -0.004127502 -0.006504058 0.002277076 -0.003944039 -0.006504058 0.002612173 -0.003730535 -0.006504058 0.002927362 -0.003488659 -0.006504058 0.00322026 -0.00322026 -0.006504058 0.003488659 -0.002927362 -0.006504058 0.003730535 -0.002612173 -0.006504058 0.003944039 -0.002277076 -0.006504058 0.004127502 -0.001924633 -0.006504058 0.004279494 -0.001557588 -0.006504058 0.004399001 -0.001178681 -0.006504058 0.004484951 -7.90828e-4 -0.006504058 0.004536867 -3.96924e-4 -0.006504058 0.004554152 0 -0.006504058 0.004536867 3.96924e-4 -0.006504058 0.004484951 7.90828e-4 -0.006504058 0.004399001 0.001178681 -0.006504058 0.004279494 0.001557588 -0.006504058 0.004127502 0.001924633 -0.006504058 0.003944039 0.002277076 -0.006504058 0.003730535 0.002612173 -0.006504058 0.003488659 0.002927362 -0.006504058 0.00322026 0.00322026 -0.006504058 0.002927362 0.003488659 -0.006504058 0.002612173 0.003730535 -0.006504058 0.002277076 0.003944039 -0.006504058 0.001924633 0.004127502 -0.006504058 0.001557588 0.004279494 -0.006504058 0.001178681 0.004399001 -0.006504058 7.90828e-4 0.004484951 -0.006504058 3.96924e-4 0.004536867 -0.006504058 0 0.004554152 -0.006504058 -3.96924e-4 0.004536867 -0.006504058 -7.90828e-4 0.004484951 -0.006504058 -0.001178681 0.004399001 -0.006504058 -0.001557588 0.004279494 -0.006504058 -0.001924633 0.004127502 -0.006504058 -0.002277076 0.003944039 -0.006504058 -0.002612173 0.003730535 -0.006504058 -0.002927362 0.003488659 -0.006504058 -0.00322026 0.00322026 -0.006504058 -0.003488659 0.002927362 -0.006504058 -0.003730535 0.002612173 -0.006504058 -0.003944039 0.002277076 -0.006504058 -0.004127502 0.001924633 -0.006504058 -0.004279494 0.001557588 -0.006504058 -0.004399001 0.001178681 -0.006504058 -0.004484951 7.90828e-4 -0.006504058 -0.004536867 3.96924e-4 -0.006504058 -0.004554152 0 -0.006504058 -0.004536867 -3.96924e-4 -0.006504058 -0.004484951 -7.90828e-4 -0.006504058 -0.004399001 -0.001178681 -0.006504058 -0.004279494 -0.001557588 -0.006504058 -0.004127502 -0.001924633 -0.006504058 -0.003944039 -0.002277076 -0.006504058 -0.003730535 -0.002612173 -0.006504058 -0.003488659 -0.002927362 -0.006504058 -0.00322026 -0.00322026 -0.006504058 -0.002927362 -0.003488659 -0.006504058 -0.002612173 -0.003730535 -0.006504058 -0.002277076 -0.003944039 -0.006504058 -0.001924633 -0.004127502 -0.006504058 -0.001557588 -0.004279494 -0.006504058 -0.001178681 -0.004399001 -0.006504058 -7.90828e-4 -0.004484951 -0.006504058 -3.96924e-4 -0.004536867 -0.006504058 0 -0.004554152 -0.006504058 3.46008e-4 -0.003954887 -0.00687623 6.89383e-4 -0.003909647 -0.00687623 0.001027464 -0.003834724 -0.00687623 0.001357793 -0.003730535 -0.00687623 0.001677751 -0.003598034 -0.00687623 0.001984953 -0.003438115 -0.00687623 0.002277076 -0.003252029 -0.00687623 0.002551853 -0.003041148 -0.00687623 0.002807199 -0.002807199 -0.00687623 0.003041148 -0.002551853 -0.00687623 0.003252029 -0.002277076 -0.00687623 0.003438115 -0.001984953 -0.00687623 0.003598034 -0.001677751 -0.00687623 0.003730535 -0.001357793 -0.00687623 0.003834724 -0.001027464 -0.00687623 0.003909647 -6.89383e-4 -0.00687623 0.003954887 -3.46008e-4 -0.00687623 0.003969967 0 -0.00687623 0.003954887 3.46008e-4 -0.00687623 0.003909647 6.89383e-4 -0.00687623 0.003834724 0.001027464 -0.00687623 0.003730535 0.001357793 -0.00687623 0.003598034 0.001677751 -0.00687623 0.003438115 0.001984953 -0.00687623 0.003252029 0.002277076 -0.00687623 0.003041148 0.002551853 -0.00687623 0.002807199 0.002807199 -0.00687623 0.002551853 0.003041148 -0.00687623 0.002277076 0.003252029 -0.00687623 0.001984953 0.003438115 -0.00687623 0.001677751 0.003598034 -0.00687623 0.001357793 0.003730535 -0.00687623 0.001027464 0.003834724 -0.00687623 6.89383e-4 0.003909647 -0.00687623 3.46008e-4 0.003954887 -0.00687623 0 0.003969967 -0.00687623 -3.46008e-4 0.003954887 -0.00687623 -6.89383e-4 0.003909647 -0.00687623 -0.001027464 0.003834724 -0.00687623 -0.001357793 0.003730535 -0.00687623 -0.001677751 0.003598034 -0.00687623 -0.001984953 0.003438115 -0.00687623 -0.002277076 0.003252029 -0.00687623 -0.002551853 0.003041148 -0.00687623 -0.002807199 0.002807199 -0.00687623 -0.003041148 0.002551853 -0.00687623 -0.003252029 0.002277076 -0.00687623 -0.003438115 0.001984953 -0.00687623 -0.003598034 0.001677751 -0.00687623 -0.003730535 0.001357793 -0.00687623 -0.003834724 0.001027464 -0.00687623 -0.003909647 6.89383e-4 -0.00687623 -0.003954887 3.46008e-4 -0.00687623 -0.003969967 0 -0.00687623 -0.003954887 -3.46008e-4 -0.00687623 -0.003909647 -6.89383e-4 -0.00687623 -0.003834724 -0.001027464 -0.00687623 -0.003730535 -0.001357793 -0.00687623 -0.003598034 -0.001677751 -0.00687623 -0.003438115 -0.001984953 -0.00687623 -0.003252029 -0.002277076 -0.00687623 -0.003041148 -0.002551853 -0.00687623 -0.002807199 -0.002807199 -0.00687623 -0.002551853 -0.003041148 -0.00687623 -0.002277076 -0.003252029 -0.00687623 -0.001984953 -0.003438115 -0.00687623 -0.001677751 -0.003598034 -0.00687623 -0.001357793 -0.003730535 -0.00687623 -0.001027464 -0.003834724 -0.00687623 -6.89383e-4 -0.003909647 -0.00687623 -3.46008e-4 -0.003954887 -0.00687623 0 -0.003969967 -0.00687623 2.92459e-4 -0.003342807 -0.007196068 5.82692e-4 -0.0033046 -0.007196068 8.6849e-4 -0.00324124 -0.007196068 0.001147627 -0.003153204 -0.007196068 0.001418113 -0.003041148 -0.007196068 0.001677751 -0.002906024 -0.007196068 0.001924633 -0.002748727 -0.007196068 0.002156913 -0.002570509 -0.007196068 0.002372741 -0.002372741 -0.007196068 0.002570509 -0.002156913 -0.007196068 0.002748727 -0.001924633 -0.007196068 0.002906024 -0.001677751 -0.007196068 0.003041148 -0.001418113 -0.007196068 0.003153204 -0.001147627 -0.007196068 0.00324124 -8.6849e-4 -0.007196068 0.0033046 -5.82692e-4 -0.007196068 0.003342807 -2.92459e-4 -0.007196068 0.003355562 0 -0.007196068 0.003342807 2.92459e-4 -0.007196068 0.0033046 5.82692e-4 -0.007196068 0.00324124 8.6849e-4 -0.007196068 0.003153204 0.001147627 -0.007196068 0.003041148 0.001418113 -0.007196068 0.002906024 0.001677751 -0.007196068 0.002748727 0.001924633 -0.007196068 0.002570509 0.002156913 -0.007196068 0.002372741 0.002372741 -0.007196068 0.002156913 0.002570509 -0.007196068 0.001924633 0.002748727 -0.007196068 0.001677751 0.002906024 -0.007196068 0.001418113 0.003041148 -0.007196068 0.001147627 0.003153204 -0.007196068 8.6849e-4 0.00324124 -0.007196068 5.82692e-4 0.0033046 -0.007196068 2.92459e-4 0.003342807 -0.007196068 0 0.003355562 -0.007196068 -2.92459e-4 0.003342807 -0.007196068 -5.82692e-4 0.0033046 -0.007196068 -8.6849e-4 0.00324124 -0.007196068 -0.001147627 0.003153204 -0.007196068 -0.001418113 0.003041148 -0.007196068 -0.001677751 0.002906024 -0.007196068 -0.001924633 0.002748727 -0.007196068 -0.002156913 0.002570509 -0.007196068 -0.002372741 0.002372741 -0.007196068 -0.002570509 0.002156913 -0.007196068 -0.002748727 0.001924633 -0.007196068 -0.002906024 0.001677751 -0.007196068 -0.003041148 0.001418113 -0.007196068 -0.003153204 0.001147627 -0.007196068 -0.00324124 8.6849e-4 -0.007196068 -0.0033046 5.82692e-4 -0.007196068 -0.003342807 2.92459e-4 -0.007196068 -0.003355562 0 -0.007196068 -0.003342807 -2.92459e-4 -0.007196068 -0.0033046 -5.82692e-4 -0.007196068 -0.00324124 -8.6849e-4 -0.007196068 -0.003153204 -0.001147627 -0.007196068 -0.003041148 -0.001418113 -0.007196068 -0.002906024 -0.001677751 -0.007196068 -0.002748727 -0.001924633 -0.007196068 -0.002570509 -0.002156913 -0.007196068 -0.002372741 -0.002372741 -0.007196068 -0.002156913 -0.002570509 -0.007196068 -0.001924633 -0.002748727 -0.007196068 -0.001677751 -0.002906024 -0.007196068 -0.001418113 -0.003041148 -0.007196068 -0.001147627 -0.003153204 -0.007196068 -8.6849e-4 -0.00324124 -0.007196068 -5.82692e-4 -0.0033046 -0.007196068 -2.92459e-4 -0.003342807 -0.007196068 0 -0.003355562 -0.007196068 2.36684e-4 -0.002705276 -0.00746113 4.71566e-4 -0.002674341 -0.00746113 7.02859e-4 -0.002623081 -0.00746113 9.28804e-4 -0.002551853 -0.00746113 0.001147627 -0.002461194 -0.00746113 0.001357793 -0.00235176 -0.00746113 0.001557588 -0.002224504 -0.00746113 0.001745522 -0.002080261 -0.00746113 0.001920223 -0.001920223 -0.00746113 0.002080261 -0.001745522 -0.00746113 0.002224504 -0.001557588 -0.00746113 0.00235176 -0.001357793 -0.00746113 0.002461194 -0.001147627 -0.00746113 0.002551853 -9.28804e-4 -0.00746113 0.002623081 -7.02859e-4 -0.00746113 0.002674341 -4.71566e-4 -0.00746113 0.002705276 -2.36684e-4 -0.00746113 0.002715587 0 -0.00746113 0.002705276 2.36684e-4 -0.00746113 0.002674341 4.71566e-4 -0.00746113 0.002623081 7.02859e-4 -0.00746113 0.002551853 9.28804e-4 -0.00746113 0.002461194 0.001147627 -0.00746113 0.00235176 0.001357793 -0.00746113 0.002224504 0.001557588 -0.00746113 0.002080261 0.001745522 -0.00746113 0.001920223 0.001920223 -0.00746113 0.001745522 0.002080261 -0.00746113 0.001557588 0.002224504 -0.00746113 0.001357793 0.00235176 -0.00746113 0.001147627 0.002461194 -0.00746113 9.28804e-4 0.002551853 -0.00746113 7.02859e-4 0.002623081 -0.00746113 4.71566e-4 0.002674341 -0.00746113 2.36684e-4 0.002705276 -0.00746113 0 0.002715587 -0.00746113 -2.36684e-4 0.002705276 -0.00746113 -4.71566e-4 0.002674341 -0.00746113 -7.02859e-4 0.002623081 -0.00746113 -9.28804e-4 0.002551853 -0.00746113 -0.001147627 0.002461194 -0.00746113 -0.001357793 0.00235176 -0.00746113 -0.001557588 0.002224504 -0.00746113 -0.001745522 0.002080261 -0.00746113 -0.001920223 0.001920223 -0.00746113 -0.002080261 0.001745522 -0.00746113 -0.002224504 0.001557588 -0.00746113 -0.00235176 0.001357793 -0.00746113 -0.002461194 0.001147627 -0.00746113 -0.002551853 9.28804e-4 -0.00746113 -0.002623081 7.02859e-4 -0.00746113 -0.002674341 4.71566e-4 -0.00746113 -0.002705276 2.36684e-4 -0.00746113 -0.002715587 0 -0.00746113 -0.002705276 -2.36684e-4 -0.00746113 -0.002674341 -4.71566e-4 -0.00746113 -0.002623081 -7.02859e-4 -0.00746113 -0.002551853 -9.28804e-4 -0.00746113 -0.002461194 -0.001147627 -0.00746113 -0.00235176 -0.001357793 -0.00746113 -0.002224504 -0.001557588 -0.00746113 -0.002080261 -0.001745522 -0.00746113 -0.001920223 -0.001920223 -0.00746113 -0.001745522 -0.002080261 -0.00746113 -0.001557588 -0.002224504 -0.00746113 -0.001357793 -0.00235176 -0.00746113 -0.001147627 -0.002461194 -0.00746113 -9.28804e-4 -0.002551853 -0.00746113 -7.02859e-4 -0.002623081 -0.00746113 -4.71566e-4 -0.002674341 -0.00746113 -2.36684e-4 -0.002705276 -0.00746113 0 -0.002715587 -0.00746113 1.79107e-4 -0.002047181 -0.007669448 3.56851e-4 -0.002023756 -0.007669448 5.31879e-4 -0.001984953 -0.007669448 7.02859e-4 -0.001931071 -0.007669448 8.6849e-4 -0.001862466 -0.007669448 0.001027464 -0.001779675 -0.007669448 0.001178681 -0.001683354 -0.007669448 0.001320898 -0.001574218 -0.007669448 0.001453101 -0.001453101 -0.007669448 0.001574218 -0.001320898 -0.007669448 0.001683354 -0.001178681 -0.007669448 0.001779675 -0.001027464 -0.007669448 0.001862466 -8.6849e-4 -0.007669448 0.001931071 -7.02859e-4 -0.007669448 0.001984953 -5.31879e-4 -0.007669448 0.002023756 -3.56851e-4 -0.007669448 0.002047181 -1.79107e-4 -0.007669448 0.002054989 0 -0.007669448 0.002047181 1.79107e-4 -0.007669448 0.002023756 3.56851e-4 -0.007669448 0.001984953 5.31879e-4 -0.007669448 0.001931071 7.02859e-4 -0.007669448 0.001862466 8.6849e-4 -0.007669448 0.001779675 0.001027464 -0.007669448 0.001683354 0.001178681 -0.007669448 0.001574218 0.001320898 -0.007669448 0.001453101 0.001453101 -0.007669448 0.001320898 0.001574218 -0.007669448 0.001178681 0.001683354 -0.007669448 0.001027464 0.001779675 -0.007669448 8.6849e-4 0.001862466 -0.007669448 7.02859e-4 0.001931071 -0.007669448 5.31879e-4 0.001984953 -0.007669448 3.56851e-4 0.002023756 -0.007669448 1.79107e-4 0.002047181 -0.007669448 0 0.002054989 -0.007669448 -1.79107e-4 0.002047181 -0.007669448 -3.56851e-4 0.002023756 -0.007669448 -5.31879e-4 0.001984953 -0.007669448 -7.02859e-4 0.001931071 -0.007669448 -8.6849e-4 0.001862466 -0.007669448 -0.001027464 0.001779675 -0.007669448 -0.001178681 0.001683354 -0.007669448 -0.001320898 0.001574218 -0.007669448 -0.001453101 0.001453101 -0.007669448 -0.001574218 0.001320898 -0.007669448 -0.001683354 0.001178681 -0.007669448 -0.001779675 0.001027464 -0.007669448 -0.001862466 8.6849e-4 -0.007669448 -0.001931071 7.02859e-4 -0.007669448 -0.001984953 5.31879e-4 -0.007669448 -0.002023756 3.56851e-4 -0.007669448 -0.002047181 1.79107e-4 -0.007669448 -0.002054989 0 -0.007669448 -0.002047181 -1.79107e-4 -0.007669448 -0.002023756 -3.56851e-4 -0.007669448 -0.001984953 -5.31879e-4 -0.007669448 -0.001931071 -7.02859e-4 -0.007669448 -0.001862466 -8.6849e-4 -0.007669448 -0.001779675 -0.001027464 -0.007669448 -0.001683354 -0.001178681 -0.007669448 -0.001574218 -0.001320898 -0.007669448 -0.001453101 -0.001453101 -0.007669448 -0.001320898 -0.001574218 -0.007669448 -0.001178681 -0.001683354 -0.007669448 -0.001027464 -0.001779675 -0.007669448 -8.6849e-4 -0.001862466 -0.007669448 -7.02859e-4 -0.001931071 -0.007669448 -5.31879e-4 -0.001984953 -0.007669448 -3.56851e-4 -0.002023756 -0.007669448 -1.79107e-4 -0.002047181 -0.007669448 0 -0.002054989 -0.007669448 1.20167e-4 -0.001373469 -0.007819354 2.3942e-4 -0.001357793 -0.007819354 3.56851e-4 -0.001331746 -0.007819354 4.71566e-4 -0.001295566 -0.007819354 5.82692e-4 -0.001249551 -0.007819354 6.89383e-4 -0.001194 -0.007819354 7.90828e-4 -0.001129388 -0.007819354 8.86254e-4 -0.001056194 -0.007819354 9.74935e-4 -9.74935e-4 -0.007819354 0.001056194 -8.86254e-4 -0.007819354 0.001129388 -7.90828e-4 -0.007819354 0.001194 -6.89383e-4 -0.007819354 0.001249551 -5.82692e-4 -0.007819354 0.001295566 -4.71566e-4 -0.007819354 0.001331746 -3.56851e-4 -0.007819354 0.001357793 -2.3942e-4 -0.007819354 0.001373469 -1.20167e-4 -0.007819354 0.001378715 0 -0.007819354 0.001373469 1.20167e-4 -0.007819354 0.001357793 2.3942e-4 -0.007819354 0.001331746 3.56851e-4 -0.007819354 0.001295566 4.71566e-4 -0.007819354 0.001249551 5.82692e-4 -0.007819354 0.001194 6.89383e-4 -0.007819354 0.001129388 7.90828e-4 -0.007819354 0.001056194 8.86254e-4 -0.007819354 9.74935e-4 9.74935e-4 -0.007819354 8.86254e-4 0.001056194 -0.007819354 7.90828e-4 0.001129388 -0.007819354 6.89383e-4 0.001194 -0.007819354 5.82692e-4 0.001249551 -0.007819354 4.71566e-4 0.001295566 -0.007819354 3.56851e-4 0.001331746 -0.007819354 2.3942e-4 0.001357793 -0.007819354 1.20167e-4 0.001373469 -0.007819354 0 0.001378715 -0.007819354 -1.20167e-4 0.001373469 -0.007819354 -2.3942e-4 0.001357793 -0.007819354 -3.56851e-4 0.001331746 -0.007819354 -4.71566e-4 0.001295566 -0.007819354 -5.82692e-4 0.001249551 -0.007819354 -6.89383e-4 0.001194 -0.007819354 -7.90828e-4 0.001129388 -0.007819354 -8.86254e-4 0.001056194 -0.007819354 -9.74935e-4 9.74935e-4 -0.007819354 -0.001056194 8.86254e-4 -0.007819354 -0.001129388 7.90828e-4 -0.007819354 -0.001194 6.89383e-4 -0.007819354 -0.001249551 5.82692e-4 -0.007819354 -0.001295566 4.71566e-4 -0.007819354 -0.001331746 3.56851e-4 -0.007819354 -0.001357793 2.3942e-4 -0.007819354 -0.001373469 1.20167e-4 -0.007819354 -0.001378715 0 -0.007819354 -0.001373469 -1.20167e-4 -0.007819354 -0.001357793 -2.3942e-4 -0.007819354 -0.001331746 -3.56851e-4 -0.007819354 -0.001295566 -4.71566e-4 -0.007819354 -0.001249551 -5.82692e-4 -0.007819354 -0.001194 -6.89383e-4 -0.007819354 -0.001129388 -7.90828e-4 -0.007819354 -0.001056194 -8.86254e-4 -0.007819354 -9.74935e-4 -9.74935e-4 -0.007819354 -8.86254e-4 -0.001056194 -0.007819354 -7.90828e-4 -0.001129388 -0.007819354 -6.89383e-4 -0.001194 -0.007819354 -5.82692e-4 -0.001249551 -0.007819354 -4.71566e-4 -0.001295566 -0.007819354 -3.56851e-4 -0.001331746 -0.007819354 -2.3942e-4 -0.001357793 -0.007819354 -1.20167e-4 -0.001373469 -0.007819354 0 -0.001378715 -0.007819354</float_array>
          <technique_common>
            <accessor source="#heim_joint_m8_ball-mesh-positions-array" count="5048" stride="3">
              <param name="X" type="float"/>
              <param name="Y" type="float"/>
              <param name="Z" type="float"/>
            </accessor>
          </technique_common>
        </source>
        <source id="heim_joint_m8_ball-mesh-normals">
          <float_array id="heim_joint_m8_ball-mesh-normals-array" count="29436">0.0436443 -0.04357755 0.9980963 0.04351288 -0.1304142 0.9905043 0.04361844 -0.1303936 0.9905025 0.04351294 -0.2162331 0.9753717 0.0436151 -0.2162251 0.9753689 0.04361218 -0.3004311 0.952806 0.04355865 -0.3004304 0.9528087 0.04356247 -0.3823295 0.9229987 0.04360353 -0.3823148 0.9230028 0.04351234 -0.4613358 0.886158 0.04360109 -0.461293 0.8861759 0.04356265 -0.5367915 0.8425896 0.0435875 -0.5367856 0.8425922 0.04356259 -0.6081839 0.7925999 0.04357933 -0.6081782 0.7926035 0.04356265 -0.6749479 0.7365783 0.04361295 -0.6749429 0.73658 0.04361057 -0.7366008 0.6749203 0.04358422 -0.7365552 0.6749718 0.04356294 -0.7925972 0.6081874 0.04355704 -0.7925987 0.608186 0.04357558 -0.842586 0.536796 0.04355996 -0.8425915 0.536789 0.04356181 -0.8861727 0.4613029 0.04358041 -0.8861573 0.4613308 0.04357391 -0.9230062 0.3823098 0.04358255 -0.9229964 0.3823328 0.04358166 -0.95281 0.3004229 0.04357868 -0.952806 0.300436 0.04357552 -0.9753754 0.2162039 0.04357433 -0.9753636 0.2162573 0.04357039 -0.9905043 0.1303954 0.04357504 -0.9905029 0.1304042 0.04357337 -0.9980994 0.04357784 0.04355239 -0.9981002 0.0435819 0.04354989 -0.9981005 -0.04357784 0.04357653 -0.9980991 -0.04358237 0.04357194 -0.9905038 -0.1303985 0.04357576 -0.9905026 -0.1304062 0.04357039 -0.9753703 -0.2162279 0.04357862 -0.9753668 -0.2162421 0.04357546 -0.9528107 -0.3004215 0.04358243 -0.9528079 -0.3004293 0.04357391 -0.9230062 -0.3823098 0.04358577 -0.9229955 -0.3823345 0.04357433 -0.8861734 -0.4613003 0.04356706 -0.8861581 -0.4613305 0.04357373 -0.8426005 -0.5367736 0.04355716 -0.8425813 -0.5368049 0.04356122 -0.7926158 -0.6081634 0.04358106 -0.7925857 -0.6082013 0.04358577 -0.7366024 -0.6749202 0.04362553 -0.7365586 -0.6749655 0.0435875 -0.6749473 -0.7365775 0.04358369 -0.6749437 -0.736581 0.04356259 -0.6081839 -0.7925999 0.04357588 -0.6081655 -0.7926135 0.04356259 -0.5367908 -0.8425902 0.04358673 -0.5367868 -0.8425913 0.04356247 -0.4613146 -0.8861666 0.04358404 -0.4613041 -0.8861711 0.04361212 -0.3823284 -0.9229968 0.0435791 -0.3823075 -0.923007 0.04361218 -0.3004311 -0.952806 0.04357242 -0.3004148 -0.9528129 0.04356253 -0.2162443 -0.975367 0.04356914 -0.2162162 -0.9753729 0.04351288 -0.1304141 -0.9905043 0.04364252 -0.1303924 -0.9905015 0.04356265 -0.0435813 -0.9980998 0.04361855 -0.04357779 -0.9980975 0.04351294 0.04358136 -0.9981019 0.0436443 0.04357755 -0.9980963 0.04351288 0.1304142 -0.9905043 0.04361844 0.1303936 -0.9905025 0.04351294 0.2162331 -0.9753717 0.0436151 0.2162251 -0.9753689 0.04361218 0.3004311 -0.952806 0.04355865 0.3004304 -0.9528087 0.04356247 0.3823295 -0.9229987 0.04360353 0.3823148 -0.9230028 0.04351234 0.4613358 -0.886158 0.04360109 0.461293 -0.8861759 0.04356265 0.5367915 -0.8425896 0.0435875 0.5367856 -0.8425922 0.04356259 0.6081839 -0.7925999 0.04357933 0.6081782 -0.7926035 0.04356265 0.6749479 -0.7365783 0.04361295 0.6749429 -0.73658 0.04361057 0.7366008 -0.6749203 0.04358422 0.7365552 -0.6749718 0.04356294 0.7925972 -0.6081874 0.04355704 0.7925987 -0.608186 0.04357558 0.842586 -0.536796 0.04355996 0.8425915 -0.536789 0.04356181 0.8861727 -0.4613029 0.04358041 0.8861573 -0.4613308 0.04357391 0.9230062 -0.3823098 0.04358255 0.9229964 -0.3823328 0.04358166 0.95281 -0.3004229 0.04357868 0.952806 -0.300436 0.04357552 0.9753754 -0.2162039 0.04357433 0.9753636 -0.2162573 0.04357039 0.9905043 -0.1303954 0.04357504 0.9905029 -0.1304042 0.04357337 0.9980994 -0.04357784 0.04355239 0.9981002 -0.0435819 0.04354989 0.9981005 0.04357784 0.04357653 0.9980991 0.04358237 0.04357194 0.9905038 0.1303985 0.04357576 0.9905026 0.1304062 0.04357039 0.9753703 0.2162279 0.04357862 0.9753668 0.2162421 0.04357546 0.9528107 0.3004215 0.04358243 0.9528079 0.3004293 0.04357391 0.9230062 0.3823098 0.04358577 0.9229955 0.3823345 0.04357433 0.8861734 0.4613003 0.04356706 0.8861581 0.4613305 0.04357373 0.8426005 0.5367736 0.04355716 0.8425813 0.5368049 0.04356122 0.7926158 0.6081634 0.04358106 0.7925857 0.6082013 0.04358577 0.7366024 0.6749202 0.04362553 0.7365586 0.6749655 0.0435875 0.6749473 0.7365775 0.04358369 0.6749437 0.736581 0.04356259 0.6081839 0.7925999 0.04357588 0.6081655 0.7926135 0.04356259 0.5367908 0.8425902 0.04358673 0.5367868 0.8425913 0.04356247 0.4613146 0.8861666 0.04358404 0.4613041 0.8861711 0.04361212 0.3823284 0.9229968 0.0435791 0.3823075 0.923007 0.04361218 0.3004311 0.952806 0.04357242 0.3004148 0.9528129 0.04356253 0.2162443 0.975367 0.04356914 0.2162162 0.9753729 0.04351288 0.1304141 0.9905043 0.04364252 0.1303924 0.9905015 0.04356265 0.0435813 0.9980998 0.04361855 0.04357779 0.9980975 0.04351294 -0.04358136 0.9981019 0.1304081 -0.04324322 0.9905169 0.130436 -0.1294034 0.9829757 0.1304566 -0.1294073 0.9829725 0.1304356 -0.2146016 0.9679529 0.1304456 -0.2145845 0.9679554 0.1304355 -0.2981454 0.9455665 0.1303415 -0.2981201 0.9455874 0.1304359 -0.3794138 0.9159868 0.1304036 -0.3794129 0.9159917 0.1304351 -0.4578168 0.8794263 0.1304023 -0.4577964 0.8794417 0.1303881 -0.5327003 0.8361994 0.1304032 -0.5326964 0.8361994 0.1304116 -0.6035615 0.7865789 0.1304051 -0.6035748 0.7865698 0.1304088 -0.6698352 0.7309682 0.1303939 -0.6698081 0.7309956 0.1303843 -0.730998 0.6698073 0.1303787 -0.7309665 0.6698428 0.1304093 -0.7865865 0.6035522 0.130404 -0.7865777 0.6035647 0.1303963 -0.8361985 0.5326998 0.1304139 -0.8361781 0.5327274 0.130396 -0.8794425 0.4577968 0.1304246 -0.8794317 0.4578093 0.1304052 -0.9159907 0.379415 0.1304249 -0.9159822 0.3794284 0.1304079 -0.9455801 0.2981141 0.1304075 -0.9455691 0.2981494 0.1303943 -0.9679645 0.214574 0.1304434 -0.9679487 0.2146158 0.1304309 -0.9829756 0.1294099 0.1304022 -0.9829795 0.1294095 0.1304005 -0.9905179 0.04324555 0.1303989 -0.9905181 0.0432443 0.1304021 -0.9905177 -0.04324555 0.1303963 -0.9905185 -0.04324394 0.1304041 -0.982979 -0.1294103 0.1304253 -0.9829769 -0.1294053 0.1304187 -0.9679614 -0.2145733 0.1304134 -0.9679545 -0.214608 0.1303956 -0.9455813 -0.298116 0.1304182 -0.9455686 -0.2981466 0.1304052 -0.9159907 -0.379415 0.1304222 -0.9159825 -0.3794286 0.1304026 -0.879453 -0.4577747 0.1304028 -0.8794317 -0.4578157 0.1303964 -0.8361991 -0.5326987 0.1304065 -0.8361884 -0.5327129 0.1303849 -0.7865891 -0.6035541 0.1304114 -0.7865747 -0.6035671 0.1303842 -0.7309973 -0.6698082 0.1303756 -0.7309553 -0.6698557 0.1304132 -0.6698077 -0.7309926 0.1304031 -0.6698229 -0.7309804 0.1304116 -0.6035615 -0.7865789 0.1304091 -0.6035565 -0.7865831 0.1303882 -0.5327005 -0.8361992 0.1303849 -0.5327023 -0.8361985 0.1303846 -0.4578391 -0.8794221 0.1304324 -0.4577869 -0.8794422 0.130436 -0.379414 -0.9159867 0.130396 -0.3794137 -0.9159924 0.1304355 -0.2981454 -0.9455665 0.1303402 -0.2981382 -0.9455819 0.1303867 -0.2146031 -0.9679591 0.130476 -0.2145822 -0.9679517 0.130387 -0.1294165 -0.9829806 0.1304755 -0.1293989 -0.982971 0.130387 -0.04324668 -0.9905195 0.1303928 -0.04324525 -0.9905189 0.130387 0.04324978 -0.9905195 0.1304081 0.04324322 -0.9905169 0.130436 0.1294034 -0.9829757 0.1304566 0.1294073 -0.9829725 0.1304356 0.2146016 -0.9679529 0.1304456 0.2145845 -0.9679554 0.1304355 0.2981454 -0.9455665 0.1303415 0.2981201 -0.9455874 0.1304359 0.3794138 -0.9159868 0.1304036 0.3794129 -0.9159917 0.1304351 0.4578168 -0.8794263 0.1304023 0.4577964 -0.8794417 0.1303881 0.5327003 -0.8361994 0.1304032 0.5326964 -0.8361994 0.1304116 0.6035615 -0.7865789 0.1304051 0.6035748 -0.7865698 0.1304088 0.6698352 -0.7309682 0.1303939 0.6698081 -0.7309956 0.1303843 0.730998 -0.6698073 0.1303787 0.7309665 -0.6698428 0.1304093 0.7865865 -0.6035522 0.130404 0.7865777 -0.6035647 0.1303963 0.8361985 -0.5326998 0.1304139 0.8361781 -0.5327274 0.130396 0.8794425 -0.4577968 0.1304246 0.8794317 -0.4578093 0.1304052 0.9159907 -0.379415 0.1304249 0.9159822 -0.3794284 0.1304079 0.9455801 -0.2981141 0.1304075 0.9455691 -0.2981494 0.1303943 0.9679645 -0.214574 0.1304434 0.9679487 -0.2146158 0.1304309 0.9829756 -0.1294099 0.1304022 0.9829795 -0.1294095 0.1304005 0.9905179 -0.04324555 0.1303989 0.9905181 -0.0432443 0.1304021 0.9905177 0.04324555 0.1303963 0.9905185 0.04324394 0.1304041 0.982979 0.1294103 0.1304253 0.9829769 0.1294053 0.1304187 0.9679614 0.2145733 0.1304134 0.9679545 0.214608 0.1303956 0.9455813 0.298116 0.1304182 0.9455686 0.2981466 0.1304052 0.9159907 0.379415 0.1304222 0.9159825 0.3794286 0.1304026 0.879453 0.4577747 0.1304028 0.8794317 0.4578157 0.1303964 0.8361991 0.5326987 0.1304065 0.8361884 0.5327129 0.1303849 0.7865891 0.6035541 0.1304114 0.7865747 0.6035671 0.1303842 0.7309973 0.6698082 0.1303756 0.7309553 0.6698557 0.1304132 0.6698077 0.7309926 0.1304031 0.6698229 0.7309804 0.1304116 0.6035615 0.7865789 0.1304091 0.6035565 0.7865831 0.1303882 0.5327005 0.8361992 0.1303849 0.5327023 0.8361985 0.1303846 0.4578391 0.8794221 0.1304324 0.4577869 0.8794422 0.130436 0.379414 0.9159867 0.130396 0.3794137 0.9159924 0.1304355 0.2981454 0.9455665 0.1303402 0.2981382 0.9455819 0.1303867 0.2146031 0.9679591 0.130476 0.2145822 0.9679517 0.130387 0.1294165 0.9829806 0.1304755 0.1293989 0.982971 0.130387 0.04324668 0.9905195 0.1303928 0.04324525 0.9905189 0.130387 -0.04324978 0.9905195 0.2162572 -0.04258793 0.9754072 0.2162779 -0.1274344 0.9679796 0.216166 -0.1274375 0.9680041 0.2161356 -0.211324 0.9532196 0.2162499 -0.211315 0.9531956 0.2162781 -0.2935843 0.9311456 0.2162362 -0.2935879 0.9311543 0.2161831 -0.3736333 0.9020327 0.2162588 -0.3736259 0.9020176 0.2162293 -0.4508342 0.8660216 0.2162526 -0.4508295 0.8660182 0.2162334 -0.52457 0.8234497 0.2162613 -0.524605 0.8234201 0.2162571 -0.5943403 0.7745919 0.2162457 -0.5943598 0.7745801 0.2162507 -0.659618 0.7198193 0.2161936 -0.6596147 0.7198395 0.2162506 -0.7198408 0.6595945 0.2162562 -0.7198311 0.6596033 0.2162497 -0.7745904 0.594345 0.2162493 -0.7745826 0.5943551 0.2162616 -0.8234204 0.5246044 0.216234 -0.82344 0.5245851 0.2162442 -0.866021 0.4508283 0.2162449 -0.8660226 0.450825 0.2162485 -0.9020186 0.3736296 0.2162351 -0.9020236 0.3736252 0.2162287 -0.9311559 0.2935878 0.2162374 -0.9311532 0.2935904 0.2162476 -0.9531929 0.2113302 0.2162079 -0.9532051 0.2113155 0.2162148 -0.9679921 0.1274455 0.2162636 -0.9679828 0.1274341 0.2162866 -0.9754007 0.04258859 0.2162621 -0.975406 0.04259002 0.2162607 -0.9754064 -0.04258757 0.2162783 -0.9754025 -0.04258906 0.2162533 -0.9679855 -0.1274316 0.2162135 -0.9679931 -0.127441 0.216221 -0.9531992 -0.2113285 0.2162405 -0.9531963 -0.2113217 0.2162345 -0.9311543 -0.2935888 0.2162467 -0.9311463 -0.2936052 0.2162485 -0.9020186 -0.3736296 0.2162417 -0.9020202 -0.3736296 0.2162443 -0.8660216 -0.4508271 0.2162461 -0.8660209 -0.4508276 0.21625 -0.8234233 -0.5246047 0.2162389 -0.8234415 -0.5245807 0.21625 -0.7745911 -0.5943439 0.2162578 -0.7745839 -0.5943505 0.2162506 -0.7198408 -0.6595945 0.2162544 -0.7198198 -0.6596162 0.2161867 -0.6596006 -0.7198545 0.2162637 -0.659623 -0.7198108 0.2162808 -0.5943371 -0.7745877 0.216225 -0.5943711 -0.7745771 0.2162278 -0.5246061 -0.8234283 0.2162596 -0.5245996 -0.8234239 0.2162315 -0.4508138 -0.8660318 0.2162544 -0.4508413 -0.8660117 0.2162778 -0.373625 -0.9020135 0.2161847 -0.3736318 -0.902033 0.2162781 -0.2935843 -0.9311456 0.2162176 -0.2935997 -0.9311549 0.2161824 -0.2113336 -0.9532068 0.2162074 -0.2113119 -0.9532061 0.216183 -0.1274371 -0.9680004 0.216258 -0.1274433 -0.9679829 0.2162304 -0.04258835 -0.9754131 0.216234 -0.04258739 -0.9754124 0.2162304 0.04258835 -0.9754131 0.2162572 0.04258793 -0.9754072 0.2162779 0.1274344 -0.9679796 0.216166 0.1274375 -0.9680041 0.2161356 0.211324 -0.9532196 0.2162499 0.211315 -0.9531956 0.2162781 0.2935843 -0.9311456 0.2162362 0.2935879 -0.9311543 0.2161831 0.3736333 -0.9020327 0.2162588 0.3736259 -0.9020176 0.2162293 0.4508342 -0.8660216 0.2162526 0.4508295 -0.8660182 0.2162334 0.52457 -0.8234497 0.2162613 0.524605 -0.8234201 0.2162571 0.5943403 -0.7745919 0.2162457 0.5943598 -0.7745801 0.2162507 0.659618 -0.7198193 0.2161936 0.6596147 -0.7198395 0.2162506 0.7198408 -0.6595945 0.2162562 0.7198311 -0.6596033 0.2162497 0.7745904 -0.594345 0.2162493 0.7745826 -0.5943551 0.2162616 0.8234204 -0.5246044 0.216234 0.82344 -0.5245851 0.2162442 0.866021 -0.4508283 0.2162449 0.8660226 -0.450825 0.2162485 0.9020186 -0.3736296 0.2162351 0.9020236 -0.3736252 0.2162287 0.9311559 -0.2935878 0.2162374 0.9311532 -0.2935904 0.2162476 0.9531929 -0.2113302 0.2162079 0.9532051 -0.2113155 0.2162148 0.9679921 -0.1274455 0.2162636 0.9679828 -0.1274341 0.2162866 0.9754007 -0.04258859 0.2162621 0.975406 -0.04259002 0.2162607 0.9754064 0.04258757 0.2162783 0.9754025 0.04258906 0.2162533 0.9679855 0.1274316 0.2162135 0.9679931 0.127441 0.216221 0.9531992 0.2113285 0.2162405 0.9531963 0.2113217 0.2162345 0.9311543 0.2935888 0.2162467 0.9311463 0.2936052 0.2162485 0.9020186 0.3736296 0.2162417 0.9020202 0.3736296 0.2162443 0.8660216 0.4508271 0.2162461 0.8660209 0.4508276 0.21625 0.8234233 0.5246047 0.2162389 0.8234415 0.5245807 0.21625 0.7745911 0.5943439 0.2162578 0.7745839 0.5943505 0.2162506 0.7198408 0.6595945 0.2162544 0.7198198 0.6596162 0.2161867 0.6596006 0.7198545 0.2162637 0.659623 0.7198108 0.2162808 0.5943371 0.7745877 0.216225 0.5943711 0.7745771 0.2162278 0.5246061 0.8234283 0.2162596 0.5245996 0.8234239 0.2162315 0.4508138 0.8660318 0.2162544 0.4508413 0.8660117 0.2162778 0.373625 0.9020135 0.2161847 0.3736318 0.902033 0.2162781 0.2935843 0.9311456 0.2162176 0.2935997 0.9311549 0.2161824 0.2113336 0.9532068 0.2162074 0.2113119 0.9532061 0.216183 0.1274371 0.9680004 0.216258 0.1274433 0.9679829 0.2162304 0.04258835 0.9754131 0.216234 0.04258739 0.9754124 0.2162304 -0.04258835 0.9754131 0.300525 -0.04160279 0.9528663 0.3003552 -0.1244896 0.9456686 0.3005266 -0.124505 0.9456122 0.3003556 -0.2064355 0.9312202 0.3005274 -0.2064363 0.9311646 0.300446 -0.2868074 0.9096559 0.3003975 -0.2868297 0.9096648 0.3004017 -0.3649935 0.8812143 0.3004789 -0.3650156 0.8811788 0.300446 -0.4404091 0.8460332 0.3004233 -0.4404133 0.8460391 0.3004491 -0.5124577 0.8044362 0.3004549 -0.5124915 0.8044125 0.3004569 -0.5805919 0.756729 0.3003988 -0.5806869 0.7566792 0.3004026 -0.64438 0.7032302 0.3004832 -0.6443679 0.7032069 0.3004729 -0.7031985 0.6443818 0.3004107 -0.7032315 0.6443749 0.300433 -0.7566847 0.580662 0.300439 -0.756712 0.5806235 0.3004514 -0.8044168 0.5124866 0.3004418 -0.804441 0.5124544 0.3004676 -0.8460145 0.4404302 0.3004354 -0.8460419 0.4403997 0.3004292 -0.8812028 0.3649988 0.3004353 -0.8812002 0.365 0.3004184 -0.9096699 0.2867916 0.3004577 -0.909647 0.286823 0.3004742 -0.931177 0.2064574 0.3004207 -0.9312028 0.2064194 0.3004852 -0.9456241 0.1245138 0.3004164 -0.9456496 0.1244867 0.3004493 -0.9528899 0.0416063 0.3004325 -0.9528955 0.04160213 0.3004443 -0.9528917 -0.04160326 0.3004327 -0.9528953 -0.04160445 0.30045 -0.9456372 -0.1244993 0.3004394 -0.945641 -0.1244963 0.3004465 -0.9311906 -0.2064368 0.300437 -0.9311946 -0.2064323 0.300451 -0.9096507 -0.2868185 0.3004261 -0.9096654 -0.2867983 0.3004292 -0.8812028 -0.3649988 0.3004285 -0.8812057 -0.364992 0.3004562 -0.8460177 -0.4404318 0.300438 -0.8460449 -0.4403922 0.3004508 -0.8044314 -0.5124642 0.3004297 -0.8044422 -0.5124596 0.3004446 -0.7567009 -0.5806348 0.3004238 -0.7567058 -0.5806393 0.3004729 -0.7031985 -0.6443818 0.3004245 -0.7032176 -0.6443836 0.3004472 -0.644369 -0.7032213 0.3004493 -0.6443842 -0.7032064 0.3004343 -0.5805962 -0.7567346 0.3004376 -0.580677 -0.7566714 0.3004414 -0.5124943 -0.8044157 0.3004637 -0.5124662 -0.8044252 0.300453 -0.4403696 -0.8460512 0.3004452 -0.4404358 -0.8460196 0.3004021 -0.364994 -0.8812139 0.3004848 -0.3650037 -0.8811818 0.300448 -0.2867845 -0.9096624 0.3004008 -0.2868331 -0.9096627 0.300446 -0.2064293 -0.9311923 0.3004476 -0.2064446 -0.9311885 0.3003551 -0.1244896 -0.9456686 0.3005401 -0.124503 -0.9456081 0.3004 -0.04160559 -0.9529055 0.3004875 -0.04160326 -0.952878 0.3003548 0.04160618 -0.9529197 0.300525 0.04160279 -0.9528663 0.3003552 0.1244896 -0.9456686 0.3005266 0.124505 -0.9456122 0.3003556 0.2064355 -0.9312202 0.3005274 0.2064363 -0.9311646 0.300446 0.2868074 -0.9096559 0.3003975 0.2868297 -0.9096648 0.3004017 0.3649935 -0.8812143 0.3004789 0.3650156 -0.8811788 0.300446 0.4404091 -0.8460332 0.3004233 0.4404133 -0.8460391 0.3004491 0.5124577 -0.8044362 0.3004549 0.5124915 -0.8044125 0.3004569 0.5805919 -0.756729 0.3003988 0.5806869 -0.7566792 0.3004026 0.64438 -0.7032302 0.3004832 0.6443679 -0.7032069 0.3004729 0.7031985 -0.6443818 0.3004107 0.7032315 -0.6443749 0.300433 0.7566847 -0.580662 0.300439 0.756712 -0.5806235 0.3004514 0.8044168 -0.5124866 0.3004418 0.804441 -0.5124544 0.3004676 0.8460145 -0.4404302 0.3004354 0.8460419 -0.4403997 0.3004292 0.8812028 -0.3649988 0.3004353 0.8812002 -0.365 0.3004184 0.9096699 -0.2867916 0.3004577 0.909647 -0.286823 0.3004742 0.931177 -0.2064574 0.3004207 0.9312028 -0.2064194 0.3004852 0.9456241 -0.1245138 0.3004164 0.9456496 -0.1244867 0.3004493 0.9528899 -0.0416063 0.3004325 0.9528955 -0.04160213 0.3004443 0.9528917 0.04160326 0.3004327 0.9528953 0.04160445 0.30045 0.9456372 0.1244993 0.3004394 0.945641 0.1244963 0.3004465 0.9311906 0.2064368 0.300437 0.9311946 0.2064323 0.300451 0.9096507 0.2868185 0.3004261 0.9096654 0.2867983 0.3004292 0.8812028 0.3649988 0.3004285 0.8812057 0.364992 0.3004562 0.8460177 0.4404318 0.300438 0.8460449 0.4403922 0.3004508 0.8044314 0.5124642 0.3004297 0.8044422 0.5124596 0.3004446 0.7567009 0.5806348 0.3004238 0.7567058 0.5806393 0.3004729 0.7031985 0.6443818 0.3004245 0.7032176 0.6443836 0.3004472 0.644369 0.7032213 0.3004493 0.6443842 0.7032064 0.3004343 0.5805962 0.7567346 0.3004376 0.580677 0.7566714 0.3004414 0.5124943 0.8044157 0.3004637 0.5124662 0.8044252 0.300453 0.4403696 0.8460512 0.3004452 0.4404358 0.8460196 0.3004021 0.364994 0.8812139 0.3004848 0.3650037 0.8811818 0.300448 0.2867845 0.9096624 0.3004008 0.2868331 0.9096627 0.300446 0.2064293 0.9311923 0.3004476 0.2064446 0.9311885 0.3003551 0.1244896 0.9456686 0.3005401 0.124503 0.9456081 0.3004 0.04160559 0.9529055 0.3004875 0.04160326 0.952878 0.3003548 -0.04160618 0.9529197 0.3824146 -0.0403037 0.9231116 0.3823733 -0.1206051 0.9161033 0.3824305 -0.1206082 0.9160789 0.3824152 -0.1999914 0.9020876 0.3823937 -0.1999999 0.9020949 0.3824151 -0.2778539 0.8812241 0.3823731 -0.2778676 0.881238 0.382414 -0.3536064 0.8536522 0.3823716 -0.3536152 0.8536676 0.3823722 -0.4266638 0.8196033 0.3823827 -0.4266698 0.8195953 0.3823736 -0.4964654 0.7793027 0.3823873 -0.4964464 0.779308 0.3823907 -0.5625072 0.7330505 0.3823794 -0.5625063 0.733057 0.3823939 -0.6242467 0.6812423 0.3823574 -0.6242528 0.6812571 0.382367 -0.6812633 0.6242402 0.3823598 -0.6812512 0.6242579 0.3823676 -0.7330738 0.5624926 0.3823957 -0.7330569 0.5624954 0.3823771 -0.779295 0.4964746 0.3823736 -0.7792983 0.4964724 0.3823905 -0.8195944 0.4266642 0.3823701 -0.8196085 0.4266555 0.3823604 -0.8536846 0.3535861 0.3823927 -0.8536596 0.3536114 0.3823693 -0.8812465 0.277846 0.3823871 -0.8812353 0.2778572 0.3823758 -0.9021046 0.1999903 0.3823752 -0.9021067 0.1999824 0.3823874 -0.9160971 0.1206068 0.3823543 -0.9161119 0.1205994 0.3823665 -0.9231313 0.04030662 0.3823829 -0.9231247 0.04030251 0.3823689 -0.9231304 -0.04030346 0.3823834 -0.9231243 -0.04030597 0.3823743 -0.9161028 -0.120606 0.3823689 -0.9161056 -0.1206008 0.3823865 -0.9021003 -0.1999894 0.3823794 -0.9021029 -0.1999912 0.3824025 -0.8812239 -0.2778717 0.3823857 -0.8812375 -0.2778519 0.3823766 -0.8536711 -0.3536012 0.3823901 -0.8536621 -0.3536083 0.382375 -0.8196108 -0.426647 0.3823794 -0.8195989 -0.4266659 0.3823412 -0.7793219 -0.4964601 0.3824048 -0.7792779 -0.4964802 0.3823814 -0.7330508 -0.562513 0.38239 -0.7330703 -0.5624819 0.3823795 -0.6812361 -0.6242622 0.3823515 -0.6812672 -0.6242454 0.3823727 -0.6242526 -0.6812488 0.3823744 -0.624251 -0.6812493 0.3823698 -0.5625128 -0.7330571 0.3823905 -0.56251 -0.7330484 0.3824162 -0.4964562 -0.7792875 0.3823763 -0.4964479 -0.7793124 0.3823683 -0.4266844 -0.8195944 0.3823851 -0.4266446 -0.8196073 0.3823326 -0.3535981 -0.8536921 0.382421 -0.3536133 -0.8536462 0.3824151 -0.2778539 -0.8812241 0.3823617 -0.2778549 -0.8812471 0.3824154 -0.1999914 -0.9020876 0.3824102 -0.1999887 -0.9020903 0.3823741 -0.120593 -0.9161046 0.3824259 -0.1206122 -0.9160802 0.382331 -0.04030376 -0.9231461 0.3824416 -0.04030555 -0.9231002 0.3823733 0.04030299 -0.9231286 0.3824146 0.0403037 -0.9231116 0.3823733 0.1206051 -0.9161033 0.3824305 0.1206082 -0.9160789 0.3824152 0.1999914 -0.9020876 0.3823937 0.1999999 -0.9020949 0.3824151 0.2778539 -0.8812241 0.3823731 0.2778676 -0.881238 0.382414 0.3536064 -0.8536522 0.3823716 0.3536152 -0.8536676 0.3823722 0.4266638 -0.8196033 0.3823827 0.4266698 -0.8195953 0.3823736 0.4964654 -0.7793027 0.3823873 0.4964464 -0.779308 0.3823907 0.5625072 -0.7330505 0.3823794 0.5625063 -0.733057 0.3823939 0.6242467 -0.6812423 0.3823574 0.6242528 -0.6812571 0.382367 0.6812633 -0.6242402 0.3823598 0.6812512 -0.6242579 0.3823676 0.7330738 -0.5624926 0.3823957 0.7330569 -0.5624954 0.3823771 0.779295 -0.4964746 0.3823736 0.7792983 -0.4964724 0.3823905 0.8195944 -0.4266642 0.3823701 0.8196085 -0.4266555 0.3823604 0.8536846 -0.3535861 0.3823927 0.8536596 -0.3536114 0.3823693 0.8812465 -0.277846 0.3823871 0.8812353 -0.2778572 0.3823758 0.9021046 -0.1999903 0.3823752 0.9021067 -0.1999824 0.3823874 0.9160971 -0.1206068 0.3823543 0.9161119 -0.1205994 0.3823665 0.9231313 -0.04030662 0.3823829 0.9231247 -0.04030251 0.3823689 0.9231304 0.04030346 0.3823834 0.9231243 0.04030597 0.3823743 0.9161028 0.120606 0.3823689 0.9161056 0.1206008 0.3823865 0.9021003 0.1999894 0.3823794 0.9021029 0.1999912 0.3824025 0.8812239 0.2778717 0.3823857 0.8812375 0.2778519 0.3823766 0.8536711 0.3536012 0.3823901 0.8536621 0.3536083 0.382375 0.8196108 0.426647 0.3823794 0.8195989 0.4266659 0.3823412 0.7793219 0.4964601 0.3824048 0.7792779 0.4964802 0.3823814 0.7330508 0.562513 0.38239 0.7330703 0.5624819 0.3823795 0.6812361 0.6242622 0.3823515 0.6812672 0.6242454 0.3823727 0.6242526 0.6812488 0.3823744 0.624251 0.6812493 0.3823698 0.5625128 0.7330571 0.3823905 0.56251 0.7330484 0.3824162 0.4964562 0.7792875 0.3823763 0.4964479 0.7793124 0.3823683 0.4266844 0.8195944 0.3823851 0.4266446 0.8196073 0.3823326 0.3535981 0.8536921 0.382421 0.3536133 0.8536462 0.3824151 0.2778539 0.8812241 0.3823617 0.2778549 0.8812471 0.3824154 0.1999914 0.9020876 0.3824102 0.1999887 0.9020903 0.3823741 0.120593 0.9161046 0.3824259 0.1206122 0.9160802 0.382331 0.04030376 0.9231461 0.3824416 0.04030555 0.9231002 0.3823733 -0.04030299 0.9231286 0.4613697 -0.0387026 0.8863635 0.4613922 -0.1158002 0.8796065 0.4614074 -0.1158105 0.8795973 0.4613936 -0.1920078 0.8661691 0.4614058 -0.1920306 0.8661575 0.4614296 -0.2667888 0.8461126 0.4613615 -0.2667881 0.8461499 0.4613959 -0.3394934 0.8196695 0.4614084 -0.339526 0.819649 0.4613927 -0.4096589 0.7869539 0.4614295 -0.409668 0.7869275 0.4614498 -0.4766135 0.7482672 0.4613369 -0.4767468 0.7482519 0.4614133 -0.5400788 0.7038556 0.4614044 -0.5400854 0.7038564 0.4614009 -0.5993604 0.6541226 0.4613966 -0.5994017 0.6540877 0.4613734 -0.6541141 0.5993909 0.4614194 -0.6541118 0.5993579 0.4614288 -0.7038257 0.5401046 0.4613707 -0.7038857 0.5400759 0.4614179 -0.7482292 0.476704 0.4613903 -0.7482622 0.4766789 0.4614078 -0.7869356 0.4096769 0.4613727 -0.7869685 0.4096533 0.4614107 -0.819647 0.3395276 0.4613969 -0.819655 0.3395271 0.4614102 -0.84612 0.2667989 0.4614114 -0.8461217 0.2667911 0.4613883 -0.8661696 0.1920188 0.4613832 -0.8661727 0.1920173 0.4614145 -0.8795942 0.1158044 0.4613881 -0.8796082 0.1158034 0.4613966 -0.8863495 0.03870123 0.4613958 -0.88635 0.03869867 0.4614139 -0.8863406 -0.03870087 0.4613707 -0.8863632 -0.03869843 0.4613944 -0.8796046 -0.1158058 0.4614031 -0.8796007 -0.1158007 0.4614302 -0.8661433 -0.1920365 0.4613606 -0.8661867 -0.1920077 0.4614586 -0.846087 -0.2668198 0.4613648 -0.8461526 -0.2667743 0.4614007 -0.8196512 -0.3395309 0.4613905 -0.819665 -0.3395117 0.4613804 -0.7869595 -0.409662 0.4613901 -0.7869552 -0.4096593 0.4614008 -0.748251 -0.4766864 0.4613961 -0.7482542 -0.4766857 0.4613932 -0.7038587 -0.540092 0.4614068 -0.703863 -0.5400746 0.4614128 -0.6540997 -0.5993762 0.4613885 -0.6541215 -0.5993711 0.4614209 -0.5993541 -0.6541143 0.4613887 -0.5994041 -0.6540911 0.4614328 -0.5400726 -0.7038475 0.4613979 -0.5400831 -0.7038624 0.4614109 -0.4766244 -0.7482843 0.4613767 -0.4767373 -0.7482334 0.4613831 -0.4096999 -0.7869382 0.4614138 -0.4096502 -0.7869462 0.4613959 -0.3394934 -0.8196695 0.4613821 -0.3395233 -0.8196648 0.4613937 -0.2667719 -0.8461375 0.4613764 -0.2667929 -0.8461403 0.4613949 -0.1919959 -0.8661711 0.4613746 -0.1920385 -0.8661724 0.4613529 -0.115809 -0.8796259 0.4614137 -0.1158055 -0.8795946 0.4613531 -0.03869593 -0.8863723 0.4613918 -0.03870362 -0.886352 0.4613921 0.03869658 -0.8863521 0.4613697 0.0387026 -0.8863635 0.4613922 0.1158002 -0.8796065 0.4614074 0.1158105 -0.8795973 0.4613936 0.1920078 -0.8661691 0.4614058 0.1920306 -0.8661575 0.4614296 0.2667888 -0.8461126 0.4613615 0.2667881 -0.8461499 0.4613959 0.3394934 -0.8196695 0.4614084 0.339526 -0.819649 0.4613927 0.4096589 -0.7869539 0.4614295 0.409668 -0.7869275 0.4614498 0.4766135 -0.7482672 0.4613369 0.4767468 -0.7482519 0.4614133 0.5400788 -0.7038556 0.4614044 0.5400854 -0.7038564 0.4614009 0.5993604 -0.6541226 0.4613966 0.5994017 -0.6540877 0.4613734 0.6541141 -0.5993909 0.4614194 0.6541118 -0.5993579 0.4614288 0.7038257 -0.5401046 0.4613707 0.7038857 -0.5400759 0.4614179 0.7482292 -0.476704 0.4613903 0.7482622 -0.4766789 0.4614078 0.7869356 -0.4096769 0.4613727 0.7869685 -0.4096533 0.4614107 0.819647 -0.3395276 0.4613969 0.819655 -0.3395271 0.4614102 0.84612 -0.2667989 0.4614114 0.8461217 -0.2667911 0.4613883 0.8661696 -0.1920188 0.4613832 0.8661727 -0.1920173 0.4614145 0.8795942 -0.1158044 0.4613881 0.8796082 -0.1158034 0.4613966 0.8863495 -0.03870123 0.4613958 0.88635 -0.03869867 0.4614139 0.8863406 0.03870087 0.4613707 0.8863632 0.03869843 0.4613944 0.8796046 0.1158058 0.4614031 0.8796007 0.1158007 0.4614302 0.8661433 0.1920365 0.4613606 0.8661867 0.1920077 0.4614586 0.846087 0.2668198 0.4613648 0.8461526 0.2667743 0.4614007 0.8196512 0.3395309 0.4613905 0.819665 0.3395117 0.4613804 0.7869595 0.409662 0.4613901 0.7869552 0.4096593 0.4614008 0.748251 0.4766864 0.4613961 0.7482542 0.4766857 0.4613932 0.7038587 0.540092 0.4614068 0.703863 0.5400746 0.4614128 0.6540997 0.5993762 0.4613885 0.6541215 0.5993711 0.4614209 0.5993541 0.6541143 0.4613887 0.5994041 0.6540911 0.4614328 0.5400726 0.7038475 0.4613979 0.5400831 0.7038624 0.4614109 0.4766244 0.7482843 0.4613767 0.4767373 0.7482334 0.4613831 0.4096999 0.7869382 0.4614138 0.4096502 0.7869462 0.4613959 0.3394934 0.8196695 0.4613821 0.3395233 0.8196648 0.4613937 0.2667719 0.8461375 0.4613764 0.2667929 0.8461403 0.4613949 0.1919959 0.8661711 0.4613746 0.1920385 0.8661724 0.4613529 0.115809 0.8796259 0.4614137 0.1158055 0.8795946 0.4613531 0.03869593 0.8863723 0.4613918 0.03870362 0.886352 0.4613921 -0.03869658 0.8863521 0.5369607 -0.03679853 0.8428043 0.5369296 -0.1101143 0.83641 0.5369659 -0.1101118 0.8363869 0.536966 -0.1825754 0.8236102 0.5369262 -0.1826003 0.8236306 0.5369277 -0.2536962 0.8045787 0.5369691 -0.2536663 0.8045606 0.5369263 -0.3228583 0.7794055 0.5369569 -0.322833 0.7793948 0.5369282 -0.3895488 0.7483046 0.53697 -0.3895218 0.7482888 0.5369193 -0.4533116 0.7114958 0.5369427 -0.4532768 0.7115004 0.5369448 -0.5135693 0.669281 0.5369095 -0.5135971 0.6692878 0.5369023 -0.5699748 0.6219845 0.5369501 -0.5699351 0.6219797 0.5369341 -0.6219787 0.5699513 0.5369471 -0.6219723 0.5699459 0.5369207 -0.6693081 0.5135591 0.5369558 -0.6692777 0.513562 0.5369702 -0.7114747 0.4532846 0.5369259 -0.7115144 0.4532747 0.5369384 -0.7483053 0.3895336 0.5369678 -0.748278 0.3895455 0.5369573 -0.7793918 0.3228398 0.5369462 -0.7794001 0.3228378 0.5369274 -0.8045872 0.2536705 0.5369465 -0.8045716 0.2536788 0.5369492 -0.8236173 0.1825935 0.5369309 -0.823629 0.1825939 0.5369843 -0.8363731 0.1101268 0.5369347 -0.8364075 0.1101076 0.53696 -0.8428049 0.03679633 0.5369542 -0.8428084 0.03679943 0.5369485 -0.8428121 -0.03679817 0.5369651 -0.8428016 -0.03679752 0.5369674 -0.8363854 -0.1101154 0.5369297 -0.8364099 -0.1101144 0.5369316 -0.8236282 -0.1825959 0.5369443 -0.823621 -0.1825902 0.5369701 -0.8045522 -0.2536907 0.5369369 -0.8045792 -0.2536751 0.5369529 -0.7793943 -0.3228408 0.536955 -0.7793927 -0.3228413 0.5369388 -0.7483057 -0.3895323 0.5369528 -0.7482915 -0.3895404 0.5369253 -0.7115138 -0.4532765 0.5369624 -0.7114849 -0.4532777 0.5369383 -0.6692992 -0.5135523 0.536929 -0.6692958 -0.5135664 0.5369164 -0.6219869 -0.5699589 0.5369675 -0.6219577 -0.5699425 0.5369375 -0.5699597 -0.621968 0.5369279 -0.5699303 -0.6220032 0.5369443 -0.5135687 -0.6692818 0.5369287 -0.5135719 -0.6692918 0.5369313 -0.4532724 -0.7115117 0.5369182 -0.4532994 -0.7115044 0.5369635 -0.3895384 -0.7482848 0.5369425 -0.3895079 -0.7483157 0.5369305 -0.3228361 -0.7794116 0.5369561 -0.3228437 -0.7793909 0.5369275 -0.2536962 -0.8045789 0.5369655 -0.2536657 -0.8045631 0.5369308 -0.1825802 -0.8236321 0.5369585 -0.1826033 -0.8236089 0.5369294 -0.1101143 -0.8364101 0.5369654 -0.1101042 -0.8363883 0.5369998 -0.03679966 -0.8427794 0.5369276 -0.03679633 -0.8428255 0.5369647 0.03679603 -0.8428019 0.5369607 0.03679853 -0.8428043 0.5369296 0.1101143 -0.83641 0.5369659 0.1101118 -0.8363869 0.536966 0.1825754 -0.8236102 0.5369262 0.1826003 -0.8236306 0.5369277 0.2536962 -0.8045787 0.5369691 0.2536663 -0.8045606 0.5369263 0.3228583 -0.7794055 0.5369569 0.322833 -0.7793948 0.5369282 0.3895488 -0.7483046 0.53697 0.3895218 -0.7482888 0.5369193 0.4533116 -0.7114958 0.5369427 0.4532768 -0.7115004 0.5369448 0.5135693 -0.669281 0.5369095 0.5135971 -0.6692878 0.5369023 0.5699748 -0.6219845 0.5369501 0.5699351 -0.6219797 0.5369341 0.6219787 -0.5699513 0.5369471 0.6219723 -0.5699459 0.5369207 0.6693081 -0.5135591 0.5369558 0.6692777 -0.513562 0.5369702 0.7114747 -0.4532846 0.5369259 0.7115144 -0.4532747 0.5369384 0.7483053 -0.3895336 0.5369678 0.748278 -0.3895455 0.5369573 0.7793918 -0.3228398 0.5369462 0.7794001 -0.3228378 0.5369274 0.8045872 -0.2536705 0.5369465 0.8045716 -0.2536788 0.5369492 0.8236173 -0.1825935 0.5369309 0.823629 -0.1825939 0.5369843 0.8363731 -0.1101268 0.5369347 0.8364075 -0.1101076 0.53696 0.8428049 -0.03679633 0.5369542 0.8428084 -0.03679943 0.5369485 0.8428121 0.03679817 0.5369651 0.8428016 0.03679752 0.5369674 0.8363854 0.1101154 0.5369297 0.8364099 0.1101144 0.5369316 0.8236282 0.1825959 0.5369443 0.823621 0.1825902 0.5369701 0.8045522 0.2536907 0.5369369 0.8045792 0.2536751 0.5369529 0.7793943 0.3228408 0.536955 0.7793927 0.3228413 0.5369388 0.7483057 0.3895323 0.5369528 0.7482915 0.3895404 0.5369253 0.7115138 0.4532765 0.5369624 0.7114849 0.4532777 0.5369383 0.6692992 0.5135523 0.536929 0.6692958 0.5135664 0.5369164 0.6219869 0.5699589 0.5369675 0.6219577 0.5699425 0.5369375 0.5699597 0.621968 0.5369279 0.5699303 0.6220032 0.5369443 0.5135687 0.6692818 0.5369287 0.5135719 0.6692918 0.5369313 0.4532724 0.7115117 0.5369182 0.4532994 0.7115044 0.5369635 0.3895384 0.7482848 0.5369425 0.3895079 0.7483157 0.5369305 0.3228361 0.7794116 0.5369561 0.3228437 0.7793909 0.5369275 0.2536962 0.8045789 0.5369655 0.2536657 0.8045631 0.5369308 0.1825802 0.8236321 0.5369585 0.1826033 0.8236089 0.5369294 0.1101143 0.8364101 0.5369654 0.1101042 0.8363883 0.5369998 0.03679966 0.8427794 0.5369276 0.03679633 0.8428255 0.5369647 -0.03679603 0.8428019 0.608361 -0.03461754 0.7929051 0.60844 -0.1035811 0.7868112 0.6083849 -0.1035906 0.7868525 0.6084079 -0.1717782 0.774811 0.608377 -0.1717743 0.7748363 0.6083797 -0.2386412 0.7569179 0.608384 -0.238645 0.7569133 0.6084077 -0.3037101 0.7332122 0.6083865 -0.3037 0.7332341 0.6083692 -0.3664979 0.7039647 0.6083863 -0.3664442 0.7039778 0.6083791 -0.4264234 0.6693564 0.6083893 -0.4264236 0.6693471 0.608373 -0.4831531 0.629639 0.6083959 -0.4831115 0.6296488 0.6083751 -0.5361859 0.5851363 0.6084084 -0.5361405 0.5851434 0.6083822 -0.585151 0.5361618 0.608412 -0.5851137 0.5361687 0.6084027 -0.6296342 0.4831221 0.6083874 -0.6296206 0.4831591 0.6083764 -0.6693572 0.4264261 0.6083962 -0.669337 0.4264294 0.6083651 -0.7039927 0.3664509 0.6084044 -0.7039453 0.3664766 0.6083734 -0.7332403 0.3037115 0.608404 -0.7332118 0.3037188 0.6083715 -0.7569233 0.2386447 0.6083954 -0.7569 0.2386575 0.60834 -0.7748674 0.1717641 0.6084083 -0.7748116 0.171774 0.6083487 -0.7868819 0.1035797 0.6083931 -0.786846 0.1035915 0.6083825 -0.7928888 0.0346176 0.6083872 -0.7928849 0.03462004 0.6083802 -0.7928903 -0.0346207 0.6083868 -0.7928854 -0.0346167 0.6083775 -0.7868584 -0.1035896 0.608384 -0.7868539 -0.103585 0.608406 -0.7748135 -0.1717741 0.6083745 -0.7748383 -0.1717737 0.6083638 -0.756929 -0.2386465 0.6084042 -0.7568932 -0.2386571 0.6083815 -0.7332351 -0.3037077 0.6083853 -0.7332279 -0.3037174 0.6083577 -0.7039984 -0.3664523 0.6084013 -0.7039511 -0.3664707 0.6083641 -0.6693794 -0.4264087 0.6083973 -0.6693317 -0.4264364 0.6083713 -0.6296526 -0.4831379 0.6084028 -0.6296234 -0.4831359 0.6083644 -0.5851832 -0.5361469 0.6084051 -0.5851117 -0.5361788 0.6083435 -0.5362291 -0.5851296 0.6084231 -0.5361278 -0.5851396 0.6083889 -0.4831461 -0.6296291 0.6083769 -0.4831278 -0.6296547 0.6083785 -0.426423 -0.6693572 0.6083967 -0.4264136 -0.6693468 0.6084058 -0.3664655 -0.7039499 0.608361 -0.366469 -0.7039869 0.6084079 -0.3037102 -0.7332121 0.6083956 -0.3036959 -0.7332282 0.6084109 -0.2386341 -0.756895 0.6083689 -0.2386483 -0.7569242 0.608408 -0.1717782 -0.7748109 0.6083908 -0.1717719 -0.7748259 0.6084085 -0.1035904 -0.7868343 0.6084149 -0.1035799 -0.7868307 0.6083775 -0.03461962 -0.7928923 0.6083878 -0.03461509 -0.7928848 0.6084086 0.03461855 -0.7928685 0.608361 0.03461754 -0.7929051 0.60844 0.1035811 -0.7868112 0.6083849 0.1035906 -0.7868525 0.6084079 0.1717782 -0.774811 0.608377 0.1717743 -0.7748363 0.6083797 0.2386412 -0.7569179 0.608384 0.238645 -0.7569133 0.6084077 0.3037101 -0.7332122 0.6083865 0.3037 -0.7332341 0.6083692 0.3664979 -0.7039647 0.6083863 0.3664442 -0.7039778 0.6083791 0.4264234 -0.6693564 0.6083893 0.4264236 -0.6693471 0.608373 0.4831531 -0.629639 0.6083959 0.4831115 -0.6296488 0.6083751 0.5361859 -0.5851363 0.6084084 0.5361405 -0.5851434 0.6083822 0.585151 -0.5361618 0.608412 0.5851137 -0.5361687 0.6084027 0.6296342 -0.4831221 0.6083874 0.6296206 -0.4831591 0.6083764 0.6693572 -0.4264261 0.6083962 0.669337 -0.4264294 0.6083651 0.7039927 -0.3664509 0.6084044 0.7039453 -0.3664766 0.6083734 0.7332403 -0.3037115 0.608404 0.7332118 -0.3037188 0.6083715 0.7569233 -0.2386447 0.6083954 0.7569 -0.2386575 0.60834 0.7748674 -0.1717641 0.6084083 0.7748116 -0.171774 0.6083487 0.7868819 -0.1035797 0.6083931 0.786846 -0.1035915 0.6083825 0.7928888 -0.0346176 0.6083872 0.7928849 -0.03462004 0.6083802 0.7928903 0.0346207 0.6083868 0.7928854 0.0346167 0.6083775 0.7868584 0.1035896 0.608384 0.7868539 0.103585 0.608406 0.7748135 0.1717741 0.6083745 0.7748383 0.1717737 0.6083638 0.756929 0.2386465 0.6084042 0.7568932 0.2386571 0.6083815 0.7332351 0.3037077 0.6083853 0.7332279 0.3037174 0.6083577 0.7039984 0.3664523 0.6084013 0.7039511 0.3664707 0.6083641 0.6693794 0.4264087 0.6083973 0.6693317 0.4264364 0.6083713 0.6296526 0.4831379 0.6084028 0.6296234 0.4831359 0.6083644 0.5851832 0.5361469 0.6084051 0.5851117 0.5361788 0.6083435 0.5362291 0.5851296 0.6084231 0.5361278 0.5851396 0.6083889 0.4831461 0.6296291 0.6083769 0.4831278 0.6296547 0.6083785 0.426423 0.6693572 0.6083967 0.4264136 0.6693468 0.6084058 0.3664655 0.7039499 0.608361 0.366469 0.7039869 0.6084079 0.3037102 0.7332121 0.6083956 0.3036959 0.7332282 0.6084109 0.2386341 0.756895 0.6083689 0.2386483 0.7569242 0.608408 0.1717782 0.7748109 0.6083908 0.1717719 0.7748259 0.6084085 0.1035904 0.7868343 0.6084149 0.1035799 0.7868307 0.6083775 0.03461962 0.7928923 0.6083878 0.03461509 0.7928848 0.6084086 -0.03461855 0.7928685 0.6752262 -0.03217363 0.7369087 0.675228 -0.09627896 0.7312985 0.6752313 -0.09628266 0.731295 0.6752542 -0.1596485 0.7201001 0.6752306 -0.1596483 0.7201223 0.6752567 -0.2217841 0.7034489 0.6752516 -0.2218079 0.7034462 0.6752539 -0.2822673 0.6814378 0.6752396 -0.282277 0.6814479 0.6752536 -0.3405833 0.6542444 0.6752541 -0.3405568 0.6542577 0.6752259 -0.396325 0.6220905 0.6752684 -0.3962901 0.6220666 0.6752479 -0.449032 0.5851585 0.6752662 -0.4490047 0.5851585 0.6752695 -0.4982724 0.543816 0.6752764 -0.4982882 0.543793 0.6752732 -0.543786 0.4983001 0.6752457 -0.5438086 0.4983128 0.6752483 -0.5851758 0.4490091 0.6752485 -0.5851678 0.4490191 0.6752484 -0.6220819 0.3963001 0.6752564 -0.6220682 0.3963078 0.6752334 -0.6542671 0.3405793 0.6752694 -0.6542289 0.3405817 0.6752924 -0.6813965 0.2822747 0.6752502 -0.6814438 0.2822616 0.6752619 -0.7034406 0.2217946 0.6752565 -0.7034453 0.2217959 0.6752579 -0.7200977 0.1596432 0.6752312 -0.7201226 0.1596446 0.6752116 -0.7313146 0.09627234 0.675285 -0.7312458 0.09628003 0.6752713 -0.7368676 0.03217077 0.6752494 -0.7368874 0.03217583 0.6752665 -0.7368718 -0.0321756 0.6752331 -0.7369026 -0.03216999 0.6752274 -0.7313001 -0.09627199 0.6752611 -0.731268 -0.0962792 0.6752403 -0.7201135 -0.1596467 0.6752819 -0.7200739 -0.1596493 0.6752583 -0.7034433 -0.221797 0.6752691 -0.7034334 -0.2217954 0.6752501 -0.6814462 -0.282256 0.675261 -0.6814312 -0.2822664 0.6752402 -0.6542617 -0.3405765 0.6752656 -0.6542315 -0.3405842 0.6752417 -0.6220871 -0.3963034 0.6752545 -0.6220769 -0.3962977 0.6752353 -0.5851859 -0.4490153 0.6752454 -0.5851762 -0.4490128 0.6752556 -0.5438211 -0.4982855 0.6752605 -0.5437822 -0.4983213 0.6752794 -0.4982926 -0.543785 0.6752609 -0.4982931 -0.5438076 0.6752614 -0.4490246 -0.5851488 0.6752496 -0.4490275 -0.5851601 0.6752253 -0.3963246 -0.6220914 0.6752595 -0.396304 -0.6220675 0.6752536 -0.3405833 -0.6542444 0.6752696 -0.3405576 -0.6542413 0.6752805 -0.2822579 -0.6814153 0.6752274 -0.2822709 -0.6814625 0.6752567 -0.2217841 -0.7034489 0.6752499 -0.2217985 -0.7034508 0.6752543 -0.1596485 -0.7201001 0.6752213 -0.1596559 -0.7201293 0.6752284 -0.09627288 -0.731299 0.6752271 -0.09628772 -0.7312983 0.6752817 -0.032175 -0.7368579 0.6752269 -0.03217363 -0.736908 0.6752817 0.03217345 -0.736858 0.6752262 0.03217363 -0.7369087 0.675228 0.09627896 -0.7312985 0.6752313 0.09628266 -0.731295 0.6752542 0.1596485 -0.7201001 0.6752306 0.1596483 -0.7201223 0.6752567 0.2217841 -0.7034489 0.6752516 0.2218079 -0.7034462 0.6752539 0.2822673 -0.6814378 0.6752396 0.282277 -0.6814479 0.6752536 0.3405833 -0.6542444 0.6752541 0.3405568 -0.6542577 0.6752259 0.396325 -0.6220905 0.6752684 0.3962901 -0.6220666 0.6752479 0.449032 -0.5851585 0.6752662 0.4490047 -0.5851585 0.6752695 0.4982724 -0.543816 0.6752764 0.4982882 -0.543793 0.6752732 0.543786 -0.4983001 0.6752457 0.5438086 -0.4983128 0.6752483 0.5851758 -0.4490091 0.6752485 0.5851678 -0.4490191 0.6752484 0.6220819 -0.3963001 0.6752564 0.6220682 -0.3963078 0.6752334 0.6542671 -0.3405793 0.6752694 0.6542289 -0.3405817 0.6752924 0.6813965 -0.2822747 0.6752502 0.6814438 -0.2822616 0.6752619 0.7034406 -0.2217946 0.6752565 0.7034453 -0.2217959 0.6752579 0.7200977 -0.1596432 0.6752312 0.7201226 -0.1596446 0.6752116 0.7313146 -0.09627234 0.675285 0.7312458 -0.09628003 0.6752713 0.7368676 -0.03217077 0.6752494 0.7368874 -0.03217583 0.6752665 0.7368718 0.0321756 0.6752331 0.7369026 0.03216999 0.6752274 0.7313001 0.09627199 0.6752611 0.731268 0.0962792 0.6752403 0.7201135 0.1596467 0.6752819 0.7200739 0.1596493 0.6752583 0.7034433 0.221797 0.6752691 0.7034334 0.2217954 0.6752501 0.6814462 0.282256 0.675261 0.6814312 0.2822664 0.6752402 0.6542617 0.3405765 0.6752656 0.6542315 0.3405842 0.6752417 0.6220871 0.3963034 0.6752545 0.6220769 0.3962977 0.6752353 0.5851859 0.4490153 0.6752454 0.5851762 0.4490128 0.6752556 0.5438211 0.4982855 0.6752605 0.5437822 0.4983213 0.6752794 0.4982926 0.543785 0.6752609 0.4982931 0.5438076 0.6752614 0.4490246 0.5851488 0.6752496 0.4490275 0.5851601 0.6752253 0.3963246 0.6220914 0.6752595 0.396304 0.6220675 0.6752536 0.3405833 0.6542444 0.6752696 0.3405576 0.6542413 0.6752805 0.2822579 0.6814153 0.6752274 0.2822709 0.6814625 0.6752567 0.2217841 0.7034489 0.6752499 0.2217985 0.7034508 0.6752543 0.1596485 0.7201001 0.6752213 0.1596559 0.7201293 0.6752284 0.09627288 0.731299 0.6752271 0.09628772 0.7312983 0.6752817 0.032175 0.7368579 0.6752269 0.03217363 0.736908 0.6752817 -0.03217345 0.736858 0.7369358 -0.02948313 0.6753194 0.736945 -0.0882284 0.67017 0.7369464 -0.08822923 0.6701685 0.7369455 -0.1462978 0.6599305 0.7369396 -0.1463016 0.6599363 0.7369209 -0.20328 0.6446898 0.7369513 -0.2032685 0.6446586 0.7369403 -0.2586984 0.6244952 0.7369353 -0.2586703 0.6245127 0.7369467 -0.3121122 0.5995795 0.7369309 -0.3121297 0.5995899 0.7369457 -0.3631882 0.5700924 0.7369515 -0.3631967 0.5700795 0.7369287 -0.411516 0.5362749 0.7369412 -0.4114805 0.5362851 0.736932 -0.4566618 0.4983885 0.7369211 -0.4567084 0.4983621 0.7369185 -0.4983909 0.4566811 0.7369499 -0.4983562 0.4566683 0.7369422 -0.5362753 0.4114913 0.7369428 -0.5362697 0.4114975 0.7369572 -0.5700686 0.3632023 0.7369457 -0.5700941 0.3631857 0.7369431 -0.5995827 0.3121147 0.7369478 -0.5995714 0.312125 0.7369335 -0.6245135 0.2586736 0.7369088 -0.6245446 0.2586688 0.7369368 -0.6446768 0.2032635 0.736935 -0.6446787 0.2032639 0.7369001 -0.6599817 0.1462958 0.7369534 -0.6599205 0.1463038 0.7369109 -0.6702077 0.08822619 0.7369532 -0.6701606 0.08823204 0.7369743 -0.6752775 0.02948439 0.7369108 -0.6753468 0.02948421 0.7369279 -0.6753281 -0.02948385 0.7369537 -0.6752999 -0.02948457 0.736912 -0.6702067 -0.08822607 0.7369489 -0.6701653 -0.0882318 0.736952 -0.6599216 -0.1463058 0.7369229 -0.6599557 -0.1462982 0.7369833 -0.6446192 -0.2032778 0.7369248 -0.6446916 -0.2032598 0.7369304 -0.624516 -0.2586762 0.7369334 -0.6245132 -0.2586747 0.7369592 -0.5995567 -0.3121267 0.7369505 -0.5995718 -0.312118 0.7369686 -0.5700585 -0.363195 0.7369413 -0.5700951 -0.363193 0.736931 -0.536285 -0.4114988 0.7369579 -0.536252 -0.4114934 0.7369588 -0.4983357 -0.4566764 0.7369282 -0.4983783 -0.4566794 0.7369433 -0.4566536 -0.4983795 0.7369248 -0.4566906 -0.498373 0.7369394 -0.4115082 -0.5362663 0.7369382 -0.4114832 -0.536287 0.7369451 -0.3631879 -0.5700935 0.7369611 -0.3631951 -0.5700681 0.7369467 -0.3121122 -0.5995795 0.7369407 -0.3121296 -0.5995779 0.7369405 -0.2586985 -0.624495 0.7369464 -0.2586708 -0.6244994 0.7369471 -0.2032491 -0.6446697 0.7369338 -0.2032813 -0.6446746 0.7369232 -0.1463031 -0.6599543 0.7369525 -0.1462941 -0.6599236 0.7369225 -0.08823156 -0.6701944 0.7369626 -0.08822244 -0.6701515 0.736945 -0.02948319 -0.6753095 0.7369152 -0.02948409 -0.6753419 0.7369225 0.02948576 -0.6753339 0.7369358 0.02948313 -0.6753194 0.736945 0.0882284 -0.67017 0.7369464 0.08822923 -0.6701685 0.7369455 0.1462978 -0.6599305 0.7369396 0.1463016 -0.6599363 0.7369209 0.20328 -0.6446898 0.7369513 0.2032685 -0.6446586 0.7369403 0.2586984 -0.6244952 0.7369353 0.2586703 -0.6245127 0.7369467 0.3121122 -0.5995795 0.7369309 0.3121297 -0.5995899 0.7369457 0.3631882 -0.5700924 0.7369515 0.3631967 -0.5700795 0.7369287 0.411516 -0.5362749 0.7369412 0.4114805 -0.5362851 0.736932 0.4566618 -0.4983885 0.7369211 0.4567084 -0.4983621 0.7369185 0.4983909 -0.4566811 0.7369499 0.4983562 -0.4566683 0.7369422 0.5362753 -0.4114913 0.7369428 0.5362697 -0.4114975 0.7369572 0.5700686 -0.3632023 0.7369457 0.5700941 -0.3631857 0.7369431 0.5995827 -0.3121147 0.7369478 0.5995714 -0.312125 0.7369335 0.6245135 -0.2586736 0.7369088 0.6245446 -0.2586688 0.7369368 0.6446768 -0.2032635 0.736935 0.6446787 -0.2032639 0.7369001 0.6599817 -0.1462958 0.7369534 0.6599205 -0.1463038 0.7369109 0.6702077 -0.08822619 0.7369532 0.6701606 -0.08823204 0.7369743 0.6752775 -0.02948439 0.7369108 0.6753468 -0.02948421 0.7369279 0.6753281 0.02948385 0.7369537 0.6752999 0.02948457 0.736912 0.6702067 0.08822607 0.7369489 0.6701653 0.0882318 0.736952 0.6599216 0.1463058 0.7369229 0.6599557 0.1462982 0.7369833 0.6446192 0.2032778 0.7369248 0.6446916 0.2032598 0.7369304 0.624516 0.2586762 0.7369334 0.6245132 0.2586747 0.7369592 0.5995567 0.3121267 0.7369505 0.5995718 0.312118 0.7369686 0.5700585 0.363195 0.7369413 0.5700951 0.363193 0.736931 0.536285 0.4114988 0.7369579 0.536252 0.4114934 0.7369588 0.4983357 0.4566764 0.7369282 0.4983783 0.4566794 0.7369433 0.4566536 0.4983795 0.7369248 0.4566906 0.498373 0.7369394 0.4115082 0.5362663 0.7369382 0.4114832 0.536287 0.7369451 0.3631879 0.5700935 0.7369611 0.3631951 0.5700681 0.7369467 0.3121122 0.5995795 0.7369407 0.3121296 0.5995779 0.7369405 0.2586985 0.624495 0.7369464 0.2586708 0.6244994 0.7369471 0.2032491 0.6446697 0.7369338 0.2032813 0.6446746 0.7369232 0.1463031 0.6599543 0.7369525 0.1462941 0.6599236 0.7369225 0.08823156 0.6701944 0.7369626 0.08822244 0.6701515 0.736945 0.02948319 0.6753095 0.7369152 0.02948409 0.6753419 0.7369225 -0.02948576 0.6753339 0.7930941 -0.02656936 0.6085195 0.7930516 -0.07950866 0.6039434 0.7930788 -0.07951086 0.6039074 0.7930888 -0.1318259 0.5946699 0.7930895 -0.1318459 0.5946645 0.7930703 -0.1831633 0.5809394 0.7930802 -0.183167 0.5809248 0.7930684 -0.2331097 0.5627632 0.7930679 -0.2331017 0.5627671 0.7930689 -0.2812668 0.540306 0.79307 -0.2812664 0.5403048 0.7930808 -0.3272464 0.5137438 0.7930634 -0.3272993 0.5137372 0.7930721 -0.3708277 0.4832427 0.7930788 -0.3708 0.4832532 0.7930892 -0.4114893 0.4490948 0.7930638 -0.4115636 0.4490714 0.7930936 -0.449056 0.4115231 0.7930555 -0.4491302 0.4115156 0.7930862 -0.4832321 0.3708113 0.7930563 -0.4832872 0.3708036 0.793088 -0.5137025 0.3272938 0.7930532 -0.5137692 0.3272734 0.7930895 -0.5402753 0.2812682 0.7930542 -0.5403331 0.2812568 0.7930673 -0.5627689 0.2330996 0.7930716 -0.562762 0.2331017 0.7930809 -0.5809233 0.1831691 0.7930722 -0.5809374 0.1831623 0.7930501 -0.5947201 0.1318327 0.7930824 -0.5946758 0.131838 0.7931004 -0.6038793 0.0795077 0.7930765 -0.6039106 0.07950896 0.7930999 -0.6085119 0.026573 0.7930618 -0.6085616 0.02656894 0.793102 -0.6085091 -0.02657139 0.7930384 -0.6085919 -0.0265699 0.7930421 -0.6039564 -0.07950341 0.7931043 -0.6038739 -0.07951027 0.7930495 -0.5947209 -0.1318314 0.7930819 -0.5946761 -0.1318395 0.7931296 -0.5808541 -0.1831781 0.7930442 -0.5809772 -0.1831575 0.7931131 -0.562699 -0.2331128 0.793048 -0.5627986 -0.233094 0.7930895 -0.5402753 -0.2812682 0.7930676 -0.54031 -0.2812632 0.793088 -0.5137025 -0.3272938 0.7930631 -0.5137527 -0.3272756 0.793105 -0.4831945 -0.3708201 0.7930435 -0.4833107 -0.3708004 0.7930672 -0.4491039 -0.411522 0.7930743 -0.4490939 -0.4115189 0.7930729 -0.4115299 -0.4490864 0.7930713 -0.4115442 -0.4490762 0.7930865 -0.3707854 -0.4832515 0.7930654 -0.3708395 -0.4832445 0.7930811 -0.3272465 -0.5137432 0.7930585 -0.3273046 -0.5137413 0.7930747 -0.2812443 -0.5403096 0.7930777 -0.2812809 -0.5402858 0.7930731 -0.2330866 -0.5627661 0.793069 -0.2331103 -0.5627622 0.7930743 -0.1831397 -0.5809416 0.7930755 -0.1831827 -0.5809263 0.7931059 -0.1318328 -0.5946455 0.7930712 -0.1318422 -0.5946896 0.7930698 -0.07950556 -0.6039199 0.7930566 -0.0795086 -0.6039369 0.7930696 -0.02656722 -0.6085513 0.7930936 -0.02656936 -0.6085202 0.7930696 0.02657026 -0.6085513 0.7930941 0.02656936 -0.6085195 0.7930516 0.07950866 -0.6039434 0.7930788 0.07951086 -0.6039074 0.7930888 0.1318259 -0.5946699 0.7930895 0.1318459 -0.5946645 0.7930703 0.1831633 -0.5809394 0.7930802 0.183167 -0.5809248 0.7930684 0.2331097 -0.5627632 0.7930679 0.2331017 -0.5627671 0.7930689 0.2812668 -0.540306 0.79307 0.2812664 -0.5403048 0.7930808 0.3272464 -0.5137438 0.7930634 0.3272993 -0.5137372 0.7930721 0.3708277 -0.4832427 0.7930788 0.3708 -0.4832532 0.7930892 0.4114893 -0.4490948 0.7930638 0.4115636 -0.4490714 0.7930936 0.449056 -0.4115231 0.7930555 0.4491302 -0.4115156 0.7930862 0.4832321 -0.3708113 0.7930563 0.4832872 -0.3708036 0.793088 0.5137025 -0.3272938 0.7930532 0.5137692 -0.3272734 0.7930895 0.5402753 -0.2812682 0.7930542 0.5403331 -0.2812568 0.7930673 0.5627689 -0.2330996 0.7930716 0.562762 -0.2331017 0.7930809 0.5809233 -0.1831691 0.7930722 0.5809374 -0.1831623 0.7930501 0.5947201 -0.1318327 0.7930824 0.5946758 -0.131838 0.7931004 0.6038793 -0.0795077 0.7930765 0.6039106 -0.07950896 0.7930999 0.6085119 -0.026573 0.7930618 0.6085616 -0.02656894 0.793102 0.6085091 0.02657139 0.7930384 0.6085919 0.0265699 0.7930421 0.6039564 0.07950341 0.7931043 0.6038739 0.07951027 0.7930495 0.5947209 0.1318314 0.7930819 0.5946761 0.1318395 0.7931296 0.5808541 0.1831781 0.7930442 0.5809772 0.1831575 0.7931131 0.562699 0.2331128 0.793048 0.5627986 0.233094 0.7930895 0.5402753 0.2812682 0.7930676 0.54031 0.2812632 0.793088 0.5137025 0.3272938 0.7930631 0.5137527 0.3272756 0.793105 0.4831945 0.3708201 0.7930435 0.4833107 0.3708004 0.7930672 0.4491039 0.411522 0.7930743 0.4490939 0.4115189 0.7930729 0.4115299 0.4490864 0.7930713 0.4115442 0.4490762 0.7930865 0.3707854 0.4832515 0.7930654 0.3708395 0.4832445 0.7930811 0.3272465 0.5137432 0.7930585 0.3273046 0.5137413 0.7930747 0.2812443 0.5403096 0.7930777 0.2812809 0.5402858 0.7930731 0.2330866 0.5627661 0.793069 0.2331103 0.5627622 0.7930743 0.1831397 0.5809416 0.7930755 0.1831827 0.5809263 0.7931059 0.1318328 0.5946455 0.7930712 0.1318422 0.5946896 0.7930698 0.07950556 0.6039199 0.7930566 0.0795086 0.6039369 0.7930696 0.02656722 0.6085513 0.7930936 0.02656936 0.6085202 0.7930696 -0.02657026 0.6085513 0.8431667 -0.02345103 0.5371405 0.8431578 -0.07018566 0.5330657 0.843176 -0.07016444 0.5330396 0.8431574 -0.116381 0.5249202 0.8431513 -0.11636 0.5249346 0.8431451 -0.1616786 0.5128024 0.8431656 -0.1616752 0.5127699 0.8431525 -0.2057871 0.496735 0.8431704 -0.2057328 0.4967273 0.843153 -0.2482897 0.4769124 0.8431572 -0.2482516 0.4769248 0.8431265 -0.2889658 0.4534716 0.8431723 -0.2888604 0.4534537 0.8431394 -0.3273563 0.4265608 0.843181 -0.3272555 0.4265557 0.8431391 -0.3632947 0.3964006 0.843172 -0.3631926 0.3964242 0.8431395 -0.3964551 0.3632345 0.8431805 -0.3963554 0.3632479 0.8431639 -0.4265463 0.327312 0.8431658 -0.4265439 0.3273099 0.8431283 -0.4535256 0.2888762 0.8431667 -0.4534443 0.2888915 0.8431594 -0.4769145 0.2482635 0.84317 -0.4768916 0.2482718 0.8431227 -0.4968025 0.2057462 0.8431882 -0.4966837 0.2057646 0.8431604 -0.5127767 0.1616809 0.8431521 -0.5127915 0.1616778 0.8431244 -0.5249761 0.1163676 0.8432021 -0.5248494 0.1163757 0.84314 -0.5330951 0.07017654 0.8431837 -0.5330256 0.07017886 0.8431318 -0.5371953 0.02345091 0.8431799 -0.5371199 0.02345407 0.8431299 -0.5371984 -0.02345103 0.8431942 -0.5370975 -0.02345424 0.843141 -0.5330938 -0.07017564 0.8431851 -0.5330234 -0.07018005 0.8431288 -0.5249694 -0.1163662 0.843189 -0.5248704 -0.1163763 0.8431199 -0.5128462 -0.1616713 0.8431744 -0.5127525 -0.1616842 0.8431193 -0.4968077 -0.2057476 0.8431886 -0.4966839 -0.2057626 0.8431828 -0.4768719 -0.2482661 0.8431587 -0.4769117 -0.2482715 0.843128 -0.4535255 -0.2888769 0.8431702 -0.4534373 -0.2888922 0.8431707 -0.4265373 -0.3273059 0.8431613 -0.4265483 -0.327316 0.8431395 -0.3964551 -0.3632345 0.8431828 -0.3963521 -0.3632462 0.8431473 -0.3632599 -0.3964152 0.8431703 -0.3632141 -0.3964083 0.8431534 -0.3273428 -0.4265432 0.843169 -0.3272669 -0.4265705 0.8431523 -0.2889089 -0.4534599 0.843153 -0.2888966 -0.4534664 0.8431579 -0.2482666 -0.4769155 0.843158 -0.2482548 -0.4769218 0.8431568 -0.2057636 -0.4967375 0.8431715 -0.2057425 -0.496721 0.8431593 -0.1616719 -0.5127815 0.8431578 -0.1616789 -0.5127814 0.8431712 -0.1163762 -0.5248989 0.8431483 -0.1163582 -0.5249399 0.8431577 -0.07018566 -0.5330657 0.8431838 -0.07016587 -0.533027 0.8431723 -0.0234574 -0.5371317 0.8431538 -0.02344882 -0.5371609 0.8431582 0.02345305 -0.5371539 0.8431667 0.02345103 -0.5371405 0.8431578 0.07018566 -0.5330657 0.843176 0.07016444 -0.5330396 0.8431574 0.116381 -0.5249202 0.8431513 0.11636 -0.5249346 0.8431451 0.1616786 -0.5128024 0.8431656 0.1616752 -0.5127699 0.8431525 0.2057871 -0.496735 0.8431704 0.2057328 -0.4967273 0.843153 0.2482897 -0.4769124 0.8431572 0.2482516 -0.4769248 0.8431265 0.2889658 -0.4534716 0.8431723 0.2888604 -0.4534537 0.8431394 0.3273563 -0.4265608 0.843181 0.3272555 -0.4265557 0.8431391 0.3632947 -0.3964006 0.843172 0.3631926 -0.3964242 0.8431395 0.3964551 -0.3632345 0.8431805 0.3963554 -0.3632479 0.8431639 0.4265463 -0.327312 0.8431658 0.4265439 -0.3273099 0.8431283 0.4535256 -0.2888762 0.8431667 0.4534443 -0.2888915 0.8431594 0.4769145 -0.2482635 0.84317 0.4768916 -0.2482718 0.8431227 0.4968025 -0.2057462 0.8431882 0.4966837 -0.2057646 0.8431604 0.5127767 -0.1616809 0.8431521 0.5127915 -0.1616778 0.8431244 0.5249761 -0.1163676 0.8432021 0.5248494 -0.1163757 0.84314 0.5330951 -0.07017654 0.8431837 0.5330256 -0.07017886 0.8431318 0.5371953 -0.02345091 0.8431799 0.5371199 -0.02345407 0.8431299 0.5371984 0.02345103 0.8431942 0.5370975 0.02345424 0.843141 0.5330938 0.07017564 0.8431851 0.5330234 0.07018005 0.8431288 0.5249694 0.1163662 0.843189 0.5248704 0.1163763 0.8431199 0.5128462 0.1616713 0.8431744 0.5127525 0.1616842 0.8431193 0.4968077 0.2057476 0.8431886 0.4966839 0.2057626 0.8431828 0.4768719 0.2482661 0.8431587 0.4769117 0.2482715 0.843128 0.4535255 0.2888769 0.8431702 0.4534373 0.2888922 0.8431707 0.4265373 0.3273059 0.8431613 0.4265483 0.327316 0.8431395 0.3964551 0.3632345 0.8431828 0.3963521 0.3632462 0.8431473 0.3632599 0.3964152 0.8431703 0.3632141 0.3964083 0.8431534 0.3273428 0.4265432 0.843169 0.3272669 0.4265705 0.8431523 0.2889089 0.4534599 0.843153 0.2888966 0.4534664 0.8431579 0.2482666 0.4769155 0.843158 0.2482548 0.4769218 0.8431568 0.2057636 0.4967375 0.8431715 0.2057425 0.496721 0.8431593 0.1616719 0.5127815 0.8431578 0.1616789 0.5127814 0.8431712 0.1163762 0.5248989 0.8431483 0.1163582 0.5249399 0.8431577 0.07018566 0.5330657 0.8431838 0.07016587 0.533027 0.8431723 0.0234574 0.5371317 0.8431538 0.02344882 0.5371609 0.8431582 -0.02345305 0.5371539 0.8868319 -0.02015501 0.4616526 0.8868365 -0.06030756 0.4581311 0.8868271 -0.06031352 0.4581485 0.8868157 -0.1000173 0.4511701 0.8868404 -0.1000193 0.4511212 0.8868387 -0.1389297 0.4406991 0.8868251 -0.1389752 0.4407122 0.8868371 -0.176826 0.4269104 0.8868208 -0.1768268 0.4269442 0.8868278 -0.2133664 0.4098921 0.8868287 -0.213377 0.4098845 0.8868311 -0.2482658 0.3897368 0.8868325 -0.2482811 0.3897238 0.8868252 -0.2813259 0.3666018 0.8868274 -0.2813045 0.3666129 0.8868162 -0.3122135 0.3407047 0.8868445 -0.3121445 0.3406945 0.8868328 -0.3406862 0.312187 0.886824 -0.3407036 0.3121929 0.8868109 -0.366645 0.2813147 0.8868303 -0.3666071 0.2813029 0.8868193 -0.3897522 0.2482835 0.886842 -0.389698 0.248288 0.8868235 -0.4098978 0.2133724 0.8868249 -0.4098941 0.2133743 0.8868092 -0.4269648 0.1768351 0.8868272 -0.4269275 0.1768348 0.8868257 -0.4407181 0.1389529 0.8868533 -0.4406599 0.1389607 0.8868207 -0.4511609 0.1000152 0.8868221 -0.4511575 0.1000183 0.8868464 -0.4581103 0.0603199 0.8868364 -0.45813 0.06031799 0.8868084 -0.4616976 0.02015596 0.8868319 -0.4616523 0.02015644 0.8868096 -0.4616953 -0.02015584 0.8868286 -0.461659 -0.0201565 0.8868476 -0.4581081 -0.06031888 0.8868214 -0.4581587 -0.06031805 0.8868162 -0.4511694 -0.1000163 0.8868294 -0.451143 -0.1000176 0.8868604 -0.4406453 -0.1389622 0.8868415 -0.4406858 -0.1389543 0.8868499 -0.426878 -0.1768403 0.886813 -0.426957 -0.1768343 0.886859 -0.4098167 -0.2133809 0.886808 -0.409933 -0.2133695 0.8868221 -0.3897482 -0.2482801 0.8868436 -0.3896925 -0.2482912 0.8868321 -0.366595 -0.281313 0.8868201 -0.3666309 -0.2813043 0.8868277 -0.3406936 -0.312193 0.8868309 -0.3406942 -0.3121836 0.8868214 -0.3122068 -0.3406973 0.8868359 -0.3121664 -0.3406968 0.8868252 -0.2813259 -0.3666018 0.8868294 -0.2813013 -0.3666106 0.8868309 -0.2482658 -0.3897371 0.8868398 -0.2482597 -0.3897209 0.8868428 -0.2133339 -0.4098765 0.8868235 -0.2133888 -0.4098895 0.886837 -0.176826 -0.4269108 0.8868277 -0.176835 -0.4269265 0.8868389 -0.1389297 -0.440699 0.8868329 -0.1389622 -0.4407005 0.8868365 -0.1000087 -0.4511311 0.8868162 -0.1000293 -0.4511664 0.8868261 -0.06031018 -0.458151 0.8868333 -0.06030893 -0.458137 0.8868154 -0.02015709 -0.4616843 0.8868218 -0.02016198 -0.4616714 0.8868048 0.02016025 -0.4617042 0.8868319 0.02015501 -0.4616526 0.8868365 0.06030756 -0.4581311 0.8868271 0.06031352 -0.4581485 0.8868157 0.1000173 -0.4511701 0.8868404 0.1000193 -0.4511212 0.8868387 0.1389297 -0.4406991 0.8868251 0.1389752 -0.4407122 0.8868371 0.176826 -0.4269104 0.8868208 0.1768268 -0.4269442 0.8868278 0.2133664 -0.4098921 0.8868287 0.213377 -0.4098845 0.8868311 0.2482658 -0.3897368 0.8868325 0.2482811 -0.3897238 0.8868252 0.2813259 -0.3666018 0.8868274 0.2813045 -0.3666129 0.8868162 0.3122135 -0.3407047 0.8868445 0.3121445 -0.3406945 0.8868328 0.3406862 -0.312187 0.886824 0.3407036 -0.3121929 0.8868109 0.366645 -0.2813147 0.8868303 0.3666071 -0.2813029 0.8868193 0.3897522 -0.2482835 0.886842 0.389698 -0.248288 0.8868235 0.4098978 -0.2133724 0.8868249 0.4098941 -0.2133743 0.8868092 0.4269648 -0.1768351 0.8868272 0.4269275 -0.1768348 0.8868257 0.4407181 -0.1389529 0.8868533 0.4406599 -0.1389607 0.8868207 0.4511609 -0.1000152 0.8868221 0.4511575 -0.1000183 0.8868464 0.4581103 -0.0603199 0.8868364 0.45813 -0.06031799 0.8868084 0.4616976 -0.02015596 0.8868319 0.4616523 -0.02015644 0.8868096 0.4616953 0.02015584 0.8868286 0.461659 0.0201565 0.8868476 0.4581081 0.06031888 0.8868214 0.4581587 0.06031805 0.8868162 0.4511694 0.1000163 0.8868294 0.451143 0.1000176 0.8868604 0.4406453 0.1389622 0.8868415 0.4406858 0.1389543 0.8868499 0.426878 0.1768403 0.886813 0.426957 0.1768343 0.886859 0.4098167 0.2133809 0.886808 0.409933 0.2133695 0.8868221 0.3897482 0.2482801 0.8868436 0.3896925 0.2482912 0.8868321 0.366595 0.281313 0.8868201 0.3666309 0.2813043 0.8868277 0.3406936 0.312193 0.8868309 0.3406942 0.3121836 0.8868214 0.3122068 0.3406973 0.8868359 0.3121664 0.3406968 0.8868252 0.2813259 0.3666018 0.8868294 0.2813013 0.3666106 0.8868309 0.2482658 0.3897371 0.8868398 0.2482597 0.3897209 0.8868428 0.2133339 0.4098765 0.8868235 0.2133888 0.4098895 0.886837 0.176826 0.4269108 0.8868277 0.176835 0.4269265 0.8868389 0.1389297 0.440699 0.8868329 0.1389622 0.4407005 0.8868365 0.1000087 0.4511311 0.8868162 0.1000293 0.4511664 0.8868261 0.06031018 0.458151 0.8868333 0.06030893 0.458137 0.8868154 0.02015709 0.4616843 0.8868218 0.02016198 0.4616714 0.8868048 -0.02016025 0.4617042 0.9237554 -0.01670581 0.3826186 0.92375 -0.04999548 0.3797187 0.9237504 -0.04999697 0.3797179 0.9237501 -0.08289629 0.3739169 0.9237558 -0.0828976 0.3739028 0.9237506 -0.1151648 0.3652696 0.9237453 -0.1151793 0.3652786 0.9237514 -0.1465581 0.3538422 0.9237501 -0.14656 0.3538447 0.9237489 -0.1768565 0.3397206 0.9237447 -0.1768649 0.3397274 0.9237439 -0.2058168 0.323012 0.9237491 -0.2057904 0.323014 0.9237509 -0.2331506 0.3038505 0.9237515 -0.2331509 0.3038483 0.9237577 -0.2587271 0.2823687 0.923753 -0.2587531 0.2823604 0.9237555 -0.2823619 0.2587424 0.9237492 -0.2823776 0.2587479 0.9237433 -0.3038696 0.2331563 0.9237598 -0.3038278 0.2331451 0.9237506 -0.3230173 0.2057779 0.9237499 -0.3230158 0.2057834 0.9237602 -0.3396973 0.1768418 0.9237448 -0.3397354 0.176849 0.9237445 -0.3538573 0.1465646 0.9237426 -0.3538618 0.1465656 0.9237266 -0.3653301 0.1151664 0.9237483 -0.3652748 0.1151667 0.923725 -0.3739799 0.08289241 0.923771 -0.3738655 0.08289617 0.9237456 -0.3797301 0.04999136 0.9237326 -0.3797617 0.04998928 0.9237455 -0.3826427 0.01670533 0.9237601 -0.3826071 0.0167061 0.9237464 -0.3826401 -0.01670676 0.9237561 -0.3826167 -0.01670467 0.9237475 -0.3797256 -0.04998999 0.9237371 -0.3797509 -0.04999101 0.9237576 -0.3738989 -0.08289527 0.9237593 -0.3738948 -0.08289504 0.9237616 -0.3652406 -0.1151689 0.9237354 -0.3653076 -0.115167 0.9237435 -0.3538592 -0.1465662 0.923769 -0.3537918 -0.146568 0.9237717 -0.3396618 -0.1768494 0.9237509 -0.3397211 -0.1768448 0.9237506 -0.3230173 -0.2057779 0.9237534 -0.3230054 -0.2057846 0.9237641 -0.3038118 -0.2331492 0.9237421 -0.3038775 -0.2331505 0.9237553 -0.2823619 -0.2587431 0.9237509 -0.2823728 -0.258747 0.9237613 -0.2587212 -0.2823624 0.9237477 -0.2587641 -0.2823674 0.9237405 -0.2331965 -0.303847 0.9237594 -0.2331125 -0.3038539 0.9237599 -0.2057608 -0.3230018 0.9237394 -0.2058264 -0.323019 0.9237526 -0.1768329 -0.3397223 0.9237498 -0.1768593 -0.3397163 0.9237515 -0.1465581 -0.3538417 0.923748 -0.146567 -0.3538474 0.9237464 -0.1151461 -0.3652865 0.9237501 -0.115184 -0.3652648 0.9237574 -0.08289253 -0.3738999 0.9237506 -0.08289152 -0.3739169 0.9237496 -0.05000764 -0.3797183 0.9237527 -0.04999023 -0.3797129 0.9237504 -0.01670569 -0.3826308 0.9237647 -0.01670479 -0.3825958 0.9237574 0.0167042 -0.3826137 0.9237554 0.01670581 -0.3826186 0.92375 0.04999548 -0.3797187 0.9237504 0.04999697 -0.3797179 0.9237501 0.08289629 -0.3739169 0.9237558 0.0828976 -0.3739028 0.9237506 0.1151648 -0.3652696 0.9237453 0.1151793 -0.3652786 0.9237514 0.1465581 -0.3538422 0.9237501 0.14656 -0.3538447 0.9237489 0.1768565 -0.3397206 0.9237447 0.1768649 -0.3397274 0.9237439 0.2058168 -0.323012 0.9237491 0.2057904 -0.323014 0.9237509 0.2331506 -0.3038505 0.9237515 0.2331509 -0.3038483 0.9237577 0.2587271 -0.2823687 0.923753 0.2587531 -0.2823604 0.9237555 0.2823619 -0.2587424 0.9237492 0.2823776 -0.2587479 0.9237433 0.3038696 -0.2331563 0.9237598 0.3038278 -0.2331451 0.9237506 0.3230173 -0.2057779 0.9237499 0.3230158 -0.2057834 0.9237602 0.3396973 -0.1768418 0.9237448 0.3397354 -0.176849 0.9237445 0.3538573 -0.1465646 0.9237426 0.3538618 -0.1465656 0.9237266 0.3653301 -0.1151664 0.9237483 0.3652748 -0.1151667 0.923725 0.3739799 -0.08289241 0.923771 0.3738655 -0.08289617 0.9237456 0.3797301 -0.04999136 0.9237326 0.3797617 -0.04998928 0.9237455 0.3826427 -0.01670533 0.9237601 0.3826071 -0.0167061 0.9237464 0.3826401 0.01670676 0.9237561 0.3826167 0.01670467 0.9237475 0.3797256 0.04998999 0.9237371 0.3797509 0.04999101 0.9237576 0.3738989 0.08289527 0.9237593 0.3738948 0.08289504 0.9237616 0.3652406 0.1151689 0.9237354 0.3653076 0.115167 0.9237435 0.3538592 0.1465662 0.923769 0.3537918 0.146568 0.9237717 0.3396618 0.1768494 0.9237509 0.3397211 0.1768448 0.9237506 0.3230173 0.2057779 0.9237534 0.3230054 0.2057846 0.9237641 0.3038118 0.2331492 0.9237421 0.3038775 0.2331505 0.9237553 0.2823619 0.2587431 0.9237509 0.2823728 0.258747 0.9237613 0.2587212 0.2823624 0.9237477 0.2587641 0.2823674 0.9237405 0.2331965 0.303847 0.9237594 0.2331125 0.3038539 0.9237599 0.2057608 0.3230018 0.9237394 0.2058264 0.323019 0.9237526 0.1768329 0.3397223 0.9237498 0.1768593 0.3397163 0.9237515 0.1465581 0.3538417 0.923748 0.146567 0.3538474 0.9237464 0.1151461 0.3652865 0.9237501 0.115184 0.3652648 0.9237574 0.08289253 0.3738999 0.9237506 0.08289152 0.3739169 0.9237496 0.05000764 0.3797183 0.9237527 0.04999023 0.3797129 0.9237504 0.01670569 0.3826308 0.9237647 0.01670479 0.3825958 0.9237574 -0.0167042 0.3826137 0.9536423 -0.01312512 0.3006563 0.9536415 -0.03928047 0.2983705 0.9536332 -0.03927898 0.2983973 0.9536419 -0.06513011 0.2938117 0.9536352 -0.06514698 0.2938297 0.9536367 -0.09050506 0.2870296 0.9536435 -0.09050047 0.2870086 0.9536426 -0.1151566 0.2780376 0.9536348 -0.1151878 0.2780511 0.9536368 -0.13897 0.2669538 0.9536402 -0.1389532 0.2669501 0.9536362 -0.1617113 0.2538256 0.9536355 -0.1617166 0.2538251 0.9536322 -0.1832397 0.2387656 0.9536456 -0.1831767 0.2387604 0.9536296 -0.2033621 0.2218886 0.9536367 -0.2033215 0.221895 0.9536299 -0.2219277 0.2033183 0.9536429 -0.2218627 0.2033273 0.9536517 -0.2387099 0.1832104 0.9536299 -0.2387969 0.1832105 0.9536358 -0.2538341 0.1617007 0.9536437 -0.2537993 0.1617082 0.9536312 -0.2669765 0.1389647 0.9536374 -0.2669525 0.1389681 0.9536416 -0.2780348 0.1151711 0.9536501 -0.2780058 0.115171 0.9536581 -0.28696 0.09050077 0.9536275 -0.2870626 0.09049797 0.9536331 -0.2938386 0.06513786 0.9536455 -0.293798 0.06513857 0.9536334 -0.2983962 0.0392822 0.9536409 -0.298372 0.03928226 0.9536495 -0.3006336 0.01312768 0.953638 -0.3006697 0.01312875 0.9536495 -0.3006334 -0.01312768 0.9536482 -0.3006372 -0.01312887 0.9536604 -0.2983095 -0.03928357 0.9536339 -0.2983951 -0.03928172 0.9536601 -0.2937504 -0.06513977 0.9536322 -0.2938413 -0.0651375 0.9536579 -0.2869608 -0.09050029 0.953632 -0.2870472 -0.09049862 0.9536421 -0.2780332 -0.1151708 0.9536449 -0.2780234 -0.115171 0.9536558 -0.2668864 -0.1389684 0.9536226 -0.2670063 -0.138966 0.9536336 -0.25384 -0.1617044 0.9536452 -0.2537954 -0.1617058 0.9536385 -0.2387611 -0.1832125 0.9536366 -0.2387729 -0.1832072 0.9536299 -0.2219277 -0.2033183 0.9536415 -0.221869 -0.2033275 0.953639 -0.2033156 -0.2218908 0.9536338 -0.2033376 -0.2218928 0.9536429 -0.1831886 -0.2387622 0.9536382 -0.1832121 -0.2387629 0.9536361 -0.1617113 -0.2538263 0.9536355 -0.1617169 -0.253825 0.9536366 -0.13897 -0.2669543 0.95364 -0.1389611 -0.2669472 0.9536356 -0.1151859 -0.2780495 0.9536402 -0.1151735 -0.2780389 0.9536411 -0.09050083 -0.2870162 0.953639 -0.09051293 -0.2870195 0.9536367 -0.06514519 -0.2938252 0.9536386 -0.06513887 -0.2938204 0.953637 -0.03928834 -0.2983842 0.953634 -0.03927564 -0.298395 0.9536371 -0.01312839 -0.3006726 0.9536358 -0.01312905 -0.3006768 0.9536326 0.01313054 -0.3006865 0.9536423 0.01312512 -0.3006563 0.9536415 0.03928047 -0.2983705 0.9536332 0.03927898 -0.2983973 0.9536419 0.06513011 -0.2938117 0.9536352 0.06514698 -0.2938297 0.9536367 0.09050506 -0.2870296 0.9536435 0.09050047 -0.2870086 0.9536426 0.1151566 -0.2780376 0.9536348 0.1151878 -0.2780511 0.9536368 0.13897 -0.2669538 0.9536402 0.1389532 -0.2669501 0.9536362 0.1617113 -0.2538256 0.9536355 0.1617166 -0.2538251 0.9536322 0.1832397 -0.2387656 0.9536456 0.1831767 -0.2387604 0.9536296 0.2033621 -0.2218886 0.9536367 0.2033215 -0.221895 0.9536299 0.2219277 -0.2033183 0.9536429 0.2218627 -0.2033273 0.9536517 0.2387099 -0.1832104 0.9536299 0.2387969 -0.1832105 0.9536358 0.2538341 -0.1617007 0.9536437 0.2537993 -0.1617082 0.9536312 0.2669765 -0.1389647 0.9536374 0.2669525 -0.1389681 0.9536416 0.2780348 -0.1151711 0.9536501 0.2780058 -0.115171 0.9536581 0.28696 -0.09050077 0.9536275 0.2870626 -0.09049797 0.9536331 0.2938386 -0.06513786 0.9536455 0.293798 -0.06513857 0.9536334 0.2983962 -0.0392822 0.9536409 0.298372 -0.03928226 0.9536495 0.3006336 -0.01312768 0.953638 0.3006697 -0.01312875 0.9536495 0.3006334 0.01312768 0.9536482 0.3006372 0.01312887 0.9536604 0.2983095 0.03928357 0.9536339 0.2983951 0.03928172 0.9536601 0.2937504 0.06513977 0.9536322 0.2938413 0.0651375 0.9536579 0.2869608 0.09050029 0.953632 0.2870472 0.09049862 0.9536421 0.2780332 0.1151708 0.9536449 0.2780234 0.115171 0.9536558 0.2668864 0.1389684 0.9536226 0.2670063 0.138966 0.9536336 0.25384 0.1617044 0.9536452 0.2537954 0.1617058 0.9536385 0.2387611 0.1832125 0.9536366 0.2387729 0.1832072 0.9536299 0.2219277 0.2033183 0.9536415 0.221869 0.2033275 0.953639 0.2033156 0.2218908 0.9536338 0.2033376 0.2218928 0.9536429 0.1831886 0.2387622 0.9536382 0.1832121 0.2387629 0.9536361 0.1617113 0.2538263 0.9536355 0.1617169 0.253825 0.9536366 0.13897 0.2669543 0.95364 0.1389611 0.2669472 0.9536356 0.1151859 0.2780495 0.9536402 0.1151735 0.2780389 0.9536411 0.09050083 0.2870162 0.953639 0.09051293 0.2870195 0.9536367 0.06514519 0.2938252 0.9536386 0.06513887 0.2938204 0.953637 0.03928834 0.2983842 0.953634 0.03927564 0.298395 0.9536371 0.01312839 0.3006726 0.9536358 0.01312905 0.3006768 0.9536326 -0.01313054 0.3006865 0.976257 -0.009446144 0.2164095 0.9762517 -0.02827495 0.2147868 0.9762577 -0.02827435 0.2147596 0.9762536 -0.04689109 0.2114949 0.9762542 -0.04688787 0.211493 0.9762539 -0.06513994 0.2066037 0.9762535 -0.06514286 0.2066053 0.9762534 -0.08290541 0.2001399 0.9762555 -0.08289158 0.2001355 0.9762594 -0.09998971 0.1921447 0.9762563 -0.1000189 0.1921455 0.9762526 -0.1164059 0.1827037 0.9762595 -0.1163578 0.1826974 0.9762601 -0.1318277 0.1718654 0.9762532 -0.1318824 0.1718627 0.9762583 -0.1463263 0.1597136 0.9762578 -0.1463327 0.1597114 0.976262 -0.1596689 0.1463503 0.9762524 -0.1597248 0.146353 0.976258 -0.1718457 0.1318696 0.9762552 -0.1718564 0.1318756 0.9762589 -0.1826784 0.1163927 0.9762554 -0.1826967 0.1163935 0.9762542 -0.1921522 0.100026 0.9762503 -0.1921725 0.1000265 0.9762749 -0.2000371 0.08290076 0.9762392 -0.2002119 0.08289897 0.9762331 -0.206702 0.06514084 0.9762543 -0.2066015 0.06514161 0.9762441 -0.2115404 0.04688662 0.9762598 -0.2114676 0.04688626 0.9762645 -0.214728 0.02827531 0.9762449 -0.2148171 0.02827519 0.9762442 -0.216467 0.009448945 0.9762449 -0.2164641 0.009449303 0.9762436 -0.21647 -0.009449064 0.9762465 -0.2164565 -0.009449183 0.9762436 -0.2148234 -0.02827477 0.9762572 -0.2147617 -0.02827548 0.9762457 -0.2115331 -0.04688543 0.9762542 -0.2114935 -0.04688727 0.9762523 -0.2066106 -0.06514173 0.9762491 -0.2066259 -0.06514149 0.9762737 -0.2000418 -0.08290272 0.97624 -0.2002092 -0.08289718 0.9762452 -0.1921988 -0.1000255 0.9762478 -0.1921851 -0.1000263 0.9762583 -0.1826806 -0.1163941 0.9762533 -0.1827086 -0.1163924 0.9762567 -0.1718498 -0.1318731 0.9762559 -0.1718554 -0.1318722 0.9762533 -0.1597197 -0.146353 0.9762585 -0.1596906 -0.1463503 0.9762583 -0.1463263 -0.1597136 0.9762538 -0.1463577 -0.1597123 0.9762551 -0.1318721 -0.17186 0.9762547 -0.1318679 -0.1718657 0.9762526 -0.1164059 -0.1827037 0.9762573 -0.1163697 -0.1827018 0.9762548 -0.1000184 -0.1921535 0.9762611 -0.09998512 -0.1921387 0.9762534 -0.08290541 -0.2001397 0.9762544 -0.08290123 -0.200137 0.9762524 -0.06516402 -0.2066034 0.9762547 -0.06512749 -0.2066044 0.9762559 -0.04688888 -0.2114849 0.9762524 -0.04689258 -0.2115004 0.9762541 -0.02826762 -0.2147767 0.9762553 -0.02828168 -0.2147691 0.9762516 -0.00945115 -0.216434 0.9762574 -0.009446024 -0.2164077 0.9762516 0.009450376 -0.216434 0.976257 0.009446144 -0.2164095 0.9762517 0.02827495 -0.2147868 0.9762577 0.02827435 -0.2147596 0.9762536 0.04689109 -0.2114949 0.9762542 0.04688787 -0.211493 0.9762539 0.06513994 -0.2066037 0.9762535 0.06514286 -0.2066053 0.9762534 0.08290541 -0.2001399 0.9762555 0.08289158 -0.2001355 0.9762594 0.09998971 -0.1921447 0.9762563 0.1000189 -0.1921455 0.9762526 0.1164059 -0.1827037 0.9762595 0.1163578 -0.1826974 0.9762601 0.1318277 -0.1718654 0.9762532 0.1318824 -0.1718627 0.9762583 0.1463263 -0.1597136 0.9762578 0.1463327 -0.1597114 0.976262 0.1596689 -0.1463503 0.9762524 0.1597248 -0.146353 0.976258 0.1718457 -0.1318696 0.9762552 0.1718564 -0.1318756 0.9762589 0.1826784 -0.1163927 0.9762554 0.1826967 -0.1163935 0.9762542 0.1921522 -0.100026 0.9762503 0.1921725 -0.1000265 0.9762749 0.2000371 -0.08290076 0.9762392 0.2002119 -0.08289897 0.9762331 0.206702 -0.06514084 0.9762543 0.2066015 -0.06514161 0.9762441 0.2115404 -0.04688662 0.9762598 0.2114676 -0.04688626 0.9762645 0.214728 -0.02827531 0.9762449 0.2148171 -0.02827519 0.9762442 0.216467 -0.009448945 0.9762449 0.2164641 -0.009449303 0.9762436 0.21647 0.009449064 0.9762465 0.2164565 0.009449183 0.9762436 0.2148234 0.02827477 0.9762572 0.2147617 0.02827548 0.9762457 0.2115331 0.04688543 0.9762542 0.2114935 0.04688727 0.9762523 0.2066106 0.06514173 0.9762491 0.2066259 0.06514149 0.9762737 0.2000418 0.08290272 0.97624 0.2002092 0.08289718 0.9762452 0.1921988 0.1000255 0.9762478 0.1921851 0.1000263 0.9762583 0.1826806 0.1163941 0.9762533 0.1827086 0.1163924 0.9762567 0.1718498 0.1318731 0.9762559 0.1718554 0.1318722 0.9762533 0.1597197 0.146353 0.9762585 0.1596906 0.1463503 0.9762583 0.1463263 0.1597136 0.9762538 0.1463577 0.1597123 0.9762551 0.1318721 0.17186 0.9762547 0.1318679 0.1718657 0.9762526 0.1164059 0.1827037 0.9762573 0.1163697 0.1827018 0.9762548 0.1000184 0.1921535 0.9762611 0.09998512 0.1921387 0.9762534 0.08290541 0.2001397 0.9762544 0.08290123 0.200137 0.9762524 0.06516402 0.2066034 0.9762547 0.06512749 0.2066044 0.9762559 0.04688888 0.2114849 0.9762524 0.04689258 0.2115004 0.9762541 0.02826762 0.2147767 0.9762553 0.02828168 0.2147691 0.9762516 0.00945115 0.216434 0.9762574 0.009446024 0.2164077 0.9762516 -0.009450376 0.216434 0.9914286 -0.005698323 0.1305257 0.9914293 -0.01705265 0.1295263 0.9914287 -0.01705855 0.1295307 0.9914299 -0.02828526 0.1275411 0.9914287 -0.02826851 0.1275548 0.991428 -0.03929954 0.1246035 0.9914287 -0.03927576 0.1246055 0.9914286 -0.04999786 0.120705 0.9914297 -0.04999202 0.1206979 0.9914281 -0.0603348 0.1158881 0.9914274 -0.06034159 0.1158908 0.9914308 -0.07016587 0.1101895 0.9914264 -0.0702337 0.1101867 0.9914272 -0.07955896 0.1036465 0.9914299 -0.079521 0.103649 0.9914318 -0.08823329 0.09632104 0.9914256 -0.08829784 0.09632629 0.9914274 -0.09633553 0.08826792 0.991427 -0.09634518 0.08826237 0.9914279 -0.1036582 0.07953482 0.991427 -0.1036686 0.07953351 0.9914262 -0.1102107 0.07019728 0.9914273 -0.1102017 0.07019692 0.9914329 -0.1158511 0.0603277 0.9914329 -0.1158517 0.06032645 0.9914331 -0.120668 0.04999703 0.991427 -0.1207193 0.04999649 0.9914387 -0.1245232 0.03928673 0.9914292 -0.1245982 0.03928655 0.991434 -0.1275111 0.02827781 0.9914228 -0.1275981 0.02827721 0.9914283 -0.1295344 0.01705259 0.9914348 -0.1294849 0.0170533 0.991432 -0.1305001 0.005699098 0.9914289 -0.1305235 0.005698859 0.9914319 -0.1305001 -0.005699276 0.991432 -0.1304997 -0.00569868 0.9914281 -0.1295357 -0.01705294 0.9914351 -0.1294825 -0.01705294 0.9914218 -0.1276063 -0.02827751 0.9914289 -0.1275513 -0.02827727 0.9914268 -0.1246181 -0.03928625 0.9914333 -0.1245655 -0.03928679 0.9914215 -0.120763 -0.04999643 0.9914314 -0.1206824 -0.04999655 0.9914332 -0.1158497 -0.06032699 0.9914283 -0.115891 -0.06032651 0.9914261 -0.110212 -0.07019811 0.9914284 -0.1101922 -0.07019573 0.9914287 -0.1036533 -0.07953101 0.9914243 -0.1036924 -0.07953554 0.9914282 -0.09633094 -0.0882641 0.9914292 -0.09632116 -0.08826488 0.9914315 -0.08823537 -0.09632354 0.9914283 -0.0882712 -0.09632343 0.9914267 -0.07956087 -0.1036492 0.9914295 -0.07952702 -0.1036489 0.9914308 -0.07016587 -0.1101895 0.9914265 -0.07023054 -0.1101866 0.9914309 -0.06028676 -0.1158885 0.9914259 -0.06037104 -0.1158893 0.9914293 -0.04999548 -0.1206994 0.9914293 -0.04998815 -0.120703 0.9914273 -0.03930139 -0.1246094 0.9914296 -0.03926557 -0.1246019 0.9914289 -0.02826386 -0.1275534 0.9914302 -0.02827185 -0.1275426 0.9914301 -0.01705789 -0.1295202 0.9914285 -0.01705878 -0.1295325 0.9914286 -0.005692481 -0.130526 0.9914299 -0.005700945 -0.1305164 0.9914293 0.005698263 -0.1305197 0.9914286 0.005698323 -0.1305257 0.9914293 0.01705265 -0.1295263 0.9914287 0.01705855 -0.1295307 0.9914299 0.02828526 -0.1275411 0.9914287 0.02826851 -0.1275548 0.991428 0.03929954 -0.1246035 0.9914287 0.03927576 -0.1246055 0.9914286 0.04999786 -0.120705 0.9914297 0.04999202 -0.1206979 0.9914281 0.0603348 -0.1158881 0.9914274 0.06034159 -0.1158908 0.9914308 0.07016587 -0.1101895 0.9914264 0.0702337 -0.1101867 0.9914272 0.07955896 -0.1036465 0.9914299 0.079521 -0.103649 0.9914318 0.08823329 -0.09632104 0.9914256 0.08829784 -0.09632629 0.9914274 0.09633553 -0.08826792 0.991427 0.09634518 -0.08826237 0.9914279 0.1036582 -0.07953482 0.991427 0.1036686 -0.07953351 0.9914262 0.1102107 -0.07019728 0.9914273 0.1102017 -0.07019692 0.9914329 0.1158511 -0.0603277 0.9914329 0.1158517 -0.06032645 0.9914331 0.120668 -0.04999703 0.991427 0.1207193 -0.04999649 0.9914387 0.1245232 -0.03928673 0.9914292 0.1245982 -0.03928655 0.991434 0.1275111 -0.02827781 0.9914228 0.1275981 -0.02827721 0.9914283 0.1295344 -0.01705259 0.9914348 0.1294849 -0.0170533 0.991432 0.1305001 -0.005699098 0.9914289 0.1305235 -0.005698859 0.9914319 0.1305001 0.005699276 0.991432 0.1304997 0.00569868 0.9914281 0.1295357 0.01705294 0.9914351 0.1294825 0.01705294 0.9914218 0.1276063 0.02827751 0.9914289 0.1275513 0.02827727 0.9914268 0.1246181 0.03928625 0.9914333 0.1245655 0.03928679 0.9914215 0.120763 0.04999643 0.9914314 0.1206824 0.04999655 0.9914332 0.1158497 0.06032699 0.9914283 0.115891 0.06032651 0.9914261 0.110212 0.07019811 0.9914284 0.1101922 0.07019573 0.9914287 0.1036533 0.07953101 0.9914243 0.1036924 0.07953554 0.9914282 0.09633094 0.0882641 0.9914292 0.09632116 0.08826488 0.9914315 0.08823537 0.09632354 0.9914283 0.0882712 0.09632343 0.9914267 0.07956087 0.1036492 0.9914295 0.07952702 0.1036489 0.9914308 0.07016587 0.1101895 0.9914265 0.07023054 0.1101866 0.9914309 0.06028676 0.1158885 0.9914259 0.06037104 0.1158893 0.9914293 0.04999548 0.1206994 0.9914293 0.04998815 0.120703 0.9914273 0.03930139 0.1246094 0.9914296 0.03926557 0.1246019 0.9914289 0.02826386 0.1275534 0.9914302 0.02827185 0.1275426 0.9914301 0.01705789 0.1295202 0.9914285 0.01705878 0.1295325 0.9914286 0.005692481 0.130526 0.9914299 0.005700945 0.1305164 0.9914293 -0.005698263 0.1305197 0.999046 -0.001906573 0.04362827 0.9990461 -0.00569874 0.04329645 0.999046 -0.00569576 0.04329705 0.9990462 -0.009439408 0.04263281 0.9990459 -0.009458363 0.04263806 0.9990461 -0.01313835 0.04164683 0.999046 -0.01314091 0.04164731 0.9990461 -0.01671719 0.04034394 0.9990462 -0.01671308 0.04034459 0.9990459 -0.02017593 0.03873395 0.9990459 -0.02017408 0.03873515 0.9990466 -0.0234425 0.03682917 0.9990452 -0.02350252 0.03683072 0.9990466 -0.02656501 0.03464412 0.999046 -0.0265845 0.03464645 0.9990463 -0.02949601 0.03219616 0.9990457 -0.0295183 0.03219592 0.9990465 -0.03218543 0.02950161 0.9990456 -0.0322113 0.02950257 0.9990447 -0.03468501 0.02658456 0.9990469 -0.03462475 0.02658361 0.9990472 -0.03679889 0.02346384 0.9990462 -0.03682613 0.02346283 0.9990448 -0.03876751 0.02016419 0.9990453 -0.03875583 0.02016389 0.9990458 -0.04035258 0.01671123 0.9990454 -0.04036104 0.01671123 0.9990481 -0.04160147 0.01313132 0.9990448 -0.04167878 0.01313167 0.9990451 -0.04265892 0.009451806 0.9990447 -0.04266726 0.009451627 0.9990446 -0.04333156 0.005699932 0.9990479 -0.0432533 0.005699872 0.9990465 -0.04361945 0.001904726 0.9990446 -0.04366058 0.001904785 0.9990423 -0.04371505 -0.001904785 0.9990478 -0.04358679 -0.001904726 0.9990446 -0.04333108 -0.005699813 0.9990456 -0.04330593 -0.005699992 0.999045 -0.04265916 -0.009451866 0.9990451 -0.04265576 -0.009451627 0.9990481 -0.04160243 -0.01313173 0.9990456 -0.04165911 -0.01313132 0.9990458 -0.04035258 -0.01671123 0.999045 -0.04037332 -0.01671135 0.9990467 -0.03872001 -0.02016437 0.9990442 -0.03878396 -0.02016377 0.9990472 -0.036798 -0.02346324 0.9990457 -0.03684192 -0.0234633 0.9990448 -0.03468418 -0.02658396 0.9990467 -0.0346294 -0.02658373 0.9990464 -0.03218621 -0.02950233 0.9990456 -0.03221344 -0.02950173 0.999045 -0.02954328 -0.03219527 0.9990458 -0.02951169 -0.03219699 0.9990453 -0.02661365 -0.0346449 0.9990465 -0.02656835 -0.03464508 0.9990455 -0.02349054 -0.03682911 0.9990461 -0.02346271 -0.03682976 0.9990458 -0.02017688 -0.0387358 0.9990459 -0.02017605 -0.03873324 0.9990461 -0.01671719 -0.04034394 0.9990461 -0.01671338 -0.04034531 0.9990464 -0.01311433 -0.04164683 0.999046 -0.01314401 -0.04164773 0.9990459 -0.009464383 -0.04263693 0.9990462 -0.009448468 -0.04263418 0.999046 -0.00570476 -0.04329645 0.9990461 -0.00569266 -0.04329657 0.9990462 -0.001903474 -0.04362636 0.999046 -0.001906633 -0.04362946 0.9990461 0.001904308 -0.04362845 0.999046 0.001906573 -0.04362827 0.9990461 0.00569874 -0.04329645 0.999046 0.00569576 -0.04329705 0.9990462 0.009439408 -0.04263281 0.9990459 0.009458363 -0.04263806 0.9990461 0.01313835 -0.04164683 0.999046 0.01314091 -0.04164731 0.9990461 0.01671719 -0.04034394 0.9990462 0.01671308 -0.04034459 0.9990459 0.02017593 -0.03873395 0.9990459 0.02017408 -0.03873515 0.9990466 0.0234425 -0.03682917 0.9990452 0.02350252 -0.03683072 0.9990466 0.02656501 -0.03464412 0.999046 0.0265845 -0.03464645 0.9990463 0.02949601 -0.03219616 0.9990457 0.0295183 -0.03219592 0.9990465 0.03218543 -0.02950161 0.9990456 0.0322113 -0.02950257 0.9990447 0.03468501 -0.02658456 0.9990469 0.03462475 -0.02658361 0.9990472 0.03679889 -0.02346384 0.9990462 0.03682613 -0.02346283 0.9990448 0.03876751 -0.02016419 0.9990453 0.03875583 -0.02016389 0.9990458 0.04035258 -0.01671123 0.9990454 0.04036104 -0.01671123 0.9990481 0.04160147 -0.01313132 0.9990448 0.04167878 -0.01313167 0.9990451 0.04265892 -0.009451806 0.9990447 0.04266726 -0.009451627 0.9990446 0.04333156 -0.005699932 0.9990479 0.0432533 -0.005699872 0.9990465 0.04361945 -0.001904726 0.9990446 0.04366058 -0.001904785 0.9990423 0.04371505 0.001904785 0.9990478 0.04358679 0.001904726 0.9990446 0.04333108 0.005699813 0.9990456 0.04330593 0.005699992 0.999045 0.04265916 0.009451866 0.9990451 0.04265576 0.009451627 0.9990481 0.04160243 0.01313173 0.9990456 0.04165911 0.01313132 0.9990458 0.04035258 0.01671123 0.999045 0.04037332 0.01671135 0.9990467 0.03872001 0.02016437 0.9990442 0.03878396 0.02016377 0.9990472 0.036798 0.02346324 0.9990457 0.03684192 0.0234633 0.9990448 0.03468418 0.02658396 0.9990467 0.0346294 0.02658373 0.9990464 0.03218621 0.02950233 0.9990456 0.03221344 0.02950173 0.999045 0.02954328 0.03219527 0.9990458 0.02951169 0.03219699 0.9990453 0.02661365 0.0346449 0.9990465 0.02656835 0.03464508 0.9990455 0.02349054 0.03682911 0.9990461 0.02346271 0.03682976 0.9990458 0.02017688 0.0387358 0.9990459 0.02017605 0.03873324 0.9990461 0.01671719 0.04034394 0.9990461 0.01671338 0.04034531 0.9990464 0.01311433 0.04164683 0.999046 0.01314401 0.04164773 0.9990459 0.009464383 0.04263693 0.9990462 0.009448468 0.04263418 0.999046 0.00570476 0.04329645 0.9990461 0.00569266 0.04329657 0.9990462 0.001903474 0.04362636 0.999046 0.001906633 0.04362946 0.9990461 -0.001904308 0.04362845 -0.0436443 -0.04357755 -0.9980963 -0.04351288 -0.1304142 -0.9905043 -0.04361844 -0.1303936 -0.9905025 -0.04351294 -0.2162331 -0.9753717 -0.0436151 -0.2162251 -0.9753689 -0.04361218 -0.3004311 -0.952806 -0.04355865 -0.3004304 -0.9528087 -0.04356247 -0.3823295 -0.9229987 -0.04360353 -0.3823148 -0.9230028 -0.04351234 -0.4613358 -0.886158 -0.04360109 -0.461293 -0.8861759 -0.04356265 -0.5367915 -0.8425896 -0.0435875 -0.5367856 -0.8425922 -0.04356259 -0.6081839 -0.7925999 -0.04357933 -0.6081782 -0.7926035 -0.04356265 -0.6749479 -0.7365783 -0.04361295 -0.6749429 -0.73658 -0.04361057 -0.7366008 -0.6749203 -0.04358422 -0.7365552 -0.6749718 -0.04356294 -0.7925972 -0.6081874 -0.04355704 -0.7925987 -0.608186 -0.04357558 -0.842586 -0.536796 -0.04355996 -0.8425915 -0.536789 -0.04356181 -0.8861727 -0.4613029 -0.04358041 -0.8861573 -0.4613308 -0.04357391 -0.9230062 -0.3823098 -0.04358255 -0.9229964 -0.3823328 -0.04358166 -0.95281 -0.3004229 -0.04357868 -0.952806 -0.300436 -0.04357552 -0.9753754 -0.2162039 -0.04357433 -0.9753636 -0.2162573 -0.04357039 -0.9905043 -0.1303954 -0.04357504 -0.9905029 -0.1304042 -0.04357337 -0.9980994 -0.04357784 -0.04355239 -0.9981002 -0.0435819 -0.04354989 -0.9981005 0.04357784 -0.04357653 -0.9980991 0.04358237 -0.04357194 -0.9905038 0.1303985 -0.04357576 -0.9905026 0.1304062 -0.04357039 -0.9753703 0.2162279 -0.04357862 -0.9753668 0.2162421 -0.04357546 -0.9528107 0.3004215 -0.04358243 -0.9528079 0.3004293 -0.04357391 -0.9230062 0.3823098 -0.04358577 -0.9229955 0.3823345 -0.04357433 -0.8861734 0.4613003 -0.04356706 -0.8861581 0.4613305 -0.04357373 -0.8426005 0.5367736 -0.04355716 -0.8425813 0.5368049 -0.04356122 -0.7926158 0.6081634 -0.04358106 -0.7925857 0.6082013 -0.04358577 -0.7366024 0.6749202 -0.04362553 -0.7365586 0.6749655 -0.0435875 -0.6749473 0.7365775 -0.04358369 -0.6749437 0.736581 -0.04356259 -0.6081839 0.7925999 -0.04357588 -0.6081655 0.7926135 -0.04356259 -0.5367908 0.8425902 -0.04358673 -0.5367868 0.8425913 -0.04356247 -0.4613146 0.8861666 -0.04358404 -0.4613041 0.8861711 -0.04361212 -0.3823284 0.9229968 -0.0435791 -0.3823075 0.923007 -0.04361218 -0.3004311 0.952806 -0.04357242 -0.3004148 0.9528129 -0.04356253 -0.2162443 0.975367 -0.04356914 -0.2162162 0.9753729 -0.04351288 -0.1304141 0.9905043 -0.04364252 -0.1303924 0.9905015 -0.04356265 -0.0435813 0.9980998 -0.04361855 -0.04357779 0.9980975 -0.04351294 0.04358136 0.9981019 -0.0436443 0.04357755 0.9980963 -0.04351288 0.1304142 0.9905043 -0.04361844 0.1303936 0.9905025 -0.04351294 0.2162331 0.9753717 -0.0436151 0.2162251 0.9753689 -0.04361218 0.3004311 0.952806 -0.04355865 0.3004304 0.9528087 -0.04356247 0.3823295 0.9229987 -0.04360353 0.3823148 0.9230028 -0.04351234 0.4613358 0.886158 -0.04360109 0.461293 0.8861759 -0.04356265 0.5367915 0.8425896 -0.0435875 0.5367856 0.8425922 -0.04356259 0.6081839 0.7925999 -0.04357933 0.6081782 0.7926035 -0.04356265 0.6749479 0.7365783 -0.04361295 0.6749429 0.73658 -0.04361057 0.7366008 0.6749203 -0.04358422 0.7365552 0.6749718 -0.04356294 0.7925972 0.6081874 -0.04355704 0.7925987 0.608186 -0.04357558 0.842586 0.536796 -0.04355996 0.8425915 0.536789 -0.04356181 0.8861727 0.4613029 -0.04358041 0.8861573 0.4613308 -0.04357391 0.9230062 0.3823098 -0.04358255 0.9229964 0.3823328 -0.04358166 0.95281 0.3004229 -0.04357868 0.952806 0.300436 -0.04357552 0.9753754 0.2162039 -0.04357433 0.9753636 0.2162573 -0.04357039 0.9905043 0.1303954 -0.04357504 0.9905029 0.1304042 -0.04357337 0.9980994 0.04357784 -0.04355239 0.9981002 0.0435819 -0.04354989 0.9981005 -0.04357784 -0.04357653 0.9980991 -0.04358237 -0.04357194 0.9905038 -0.1303985 -0.04357576 0.9905026 -0.1304062 -0.04357039 0.9753703 -0.2162279 -0.04357862 0.9753668 -0.2162421 -0.04357546 0.9528107 -0.3004215 -0.04358243 0.9528079 -0.3004293 -0.04357391 0.9230062 -0.3823098 -0.04358577 0.9229955 -0.3823345 -0.04357433 0.8861734 -0.4613003 -0.04356706 0.8861581 -0.4613305 -0.04357373 0.8426005 -0.5367736 -0.04355716 0.8425813 -0.5368049 -0.04356122 0.7926158 -0.6081634 -0.04358106 0.7925857 -0.6082013 -0.04358577 0.7366024 -0.6749202 -0.04362553 0.7365586 -0.6749655 -0.0435875 0.6749473 -0.7365775 -0.04358369 0.6749437 -0.736581 -0.04356259 0.6081839 -0.7925999 -0.04357588 0.6081655 -0.7926135 -0.04356259 0.5367908 -0.8425902 -0.04358673 0.5367868 -0.8425913 -0.04356247 0.4613146 -0.8861666 -0.04358404 0.4613041 -0.8861711 -0.04361212 0.3823284 -0.9229968 -0.0435791 0.3823075 -0.923007 -0.04361218 0.3004311 -0.952806 -0.04357242 0.3004148 -0.9528129 -0.04356253 0.2162443 -0.975367 -0.04356914 0.2162162 -0.9753729 -0.04351288 0.1304141 -0.9905043 -0.04364252 0.1303924 -0.9905015 -0.04356265 0.0435813 -0.9980998 -0.04361855 0.04357779 -0.9980975 -0.04351294 -0.04358136 -0.9981019 -0.1304081 -0.04324322 -0.9905169 -0.130436 -0.1294034 -0.9829757 -0.1304566 -0.1294073 -0.9829725 -0.1304356 -0.2146016 -0.9679529 -0.1304456 -0.2145845 -0.9679554 -0.1304355 -0.2981454 -0.9455665 -0.1303415 -0.2981201 -0.9455874 -0.1304359 -0.3794138 -0.9159868 -0.1304036 -0.3794129 -0.9159917 -0.1304351 -0.4578168 -0.8794263 -0.1304023 -0.4577964 -0.8794417 -0.1303881 -0.5327003 -0.8361994 -0.1304032 -0.5326964 -0.8361994 -0.1304116 -0.6035615 -0.7865789 -0.1304051 -0.6035748 -0.7865698 -0.1304088 -0.6698352 -0.7309682 -0.1303939 -0.6698081 -0.7309956 -0.1303843 -0.730998 -0.6698073 -0.1303787 -0.7309665 -0.6698428 -0.1304093 -0.7865865 -0.6035522 -0.130404 -0.7865777 -0.6035647 -0.1303963 -0.8361985 -0.5326998 -0.1304139 -0.8361781 -0.5327274 -0.130396 -0.8794425 -0.4577968 -0.1304246 -0.8794317 -0.4578093 -0.1304052 -0.9159907 -0.379415 -0.1304249 -0.9159822 -0.3794284 -0.1304079 -0.9455801 -0.2981141 -0.1304075 -0.9455691 -0.2981494 -0.1303943 -0.9679645 -0.214574 -0.1304434 -0.9679487 -0.2146158 -0.1304309 -0.9829756 -0.1294099 -0.1304022 -0.9829795 -0.1294095 -0.1304005 -0.9905179 -0.04324555 -0.1303989 -0.9905181 -0.0432443 -0.1304021 -0.9905177 0.04324555 -0.1303963 -0.9905185 0.04324394 -0.1304041 -0.982979 0.1294103 -0.1304253 -0.9829769 0.1294053 -0.1304187 -0.9679614 0.2145733 -0.1304134 -0.9679545 0.214608 -0.1303956 -0.9455813 0.298116 -0.1304182 -0.9455686 0.2981466 -0.1304052 -0.9159907 0.379415 -0.1304222 -0.9159825 0.3794286 -0.1304026 -0.879453 0.4577747 -0.1304028 -0.8794317 0.4578157 -0.1303964 -0.8361991 0.5326987 -0.1304065 -0.8361884 0.5327129 -0.1303849 -0.7865891 0.6035541 -0.1304114 -0.7865747 0.6035671 -0.1303842 -0.7309973 0.6698082 -0.1303756 -0.7309553 0.6698557 -0.1304132 -0.6698077 0.7309926 -0.1304031 -0.6698229 0.7309804 -0.1304116 -0.6035615 0.7865789 -0.1304091 -0.6035565 0.7865831 -0.1303882 -0.5327005 0.8361992 -0.1303849 -0.5327023 0.8361985 -0.1303846 -0.4578391 0.8794221 -0.1304324 -0.4577869 0.8794422 -0.130436 -0.379414 0.9159867 -0.130396 -0.3794137 0.9159924 -0.1304355 -0.2981454 0.9455665 -0.1303402 -0.2981382 0.9455819 -0.1303867 -0.2146031 0.9679591 -0.130476 -0.2145822 0.9679517 -0.130387 -0.1294165 0.9829806 -0.1304755 -0.1293989 0.982971 -0.130387 -0.04324668 0.9905195 -0.1303928 -0.04324525 0.9905189 -0.130387 0.04324978 0.9905195 -0.1304081 0.04324322 0.9905169 -0.130436 0.1294034 0.9829757 -0.1304566 0.1294073 0.9829725 -0.1304356 0.2146016 0.9679529 -0.1304456 0.2145845 0.9679554 -0.1304355 0.2981454 0.9455665 -0.1303415 0.2981201 0.9455874 -0.1304359 0.3794138 0.9159868 -0.1304036 0.3794129 0.9159917 -0.1304351 0.4578168 0.8794263 -0.1304023 0.4577964 0.8794417 -0.1303881 0.5327003 0.8361994 -0.1304032 0.5326964 0.8361994 -0.1304116 0.6035615 0.7865789 -0.1304051 0.6035748 0.7865698 -0.1304088 0.6698352 0.7309682 -0.1303939 0.6698081 0.7309956 -0.1303843 0.730998 0.6698073 -0.1303787 0.7309665 0.6698428 -0.1304093 0.7865865 0.6035522 -0.130404 0.7865777 0.6035647 -0.1303963 0.8361985 0.5326998 -0.1304139 0.8361781 0.5327274 -0.130396 0.8794425 0.4577968 -0.1304246 0.8794317 0.4578093 -0.1304052 0.9159907 0.379415 -0.1304249 0.9159822 0.3794284 -0.1304079 0.9455801 0.2981141 -0.1304075 0.9455691 0.2981494 -0.1303943 0.9679645 0.214574 -0.1304434 0.9679487 0.2146158 -0.1304309 0.9829756 0.1294099 -0.1304022 0.9829795 0.1294095 -0.1304005 0.9905179 0.04324555 -0.1303989 0.9905181 0.0432443 -0.1304021 0.9905177 -0.04324555 -0.1303963 0.9905185 -0.04324394 -0.1304041 0.982979 -0.1294103 -0.1304253 0.9829769 -0.1294053 -0.1304187 0.9679614 -0.2145733 -0.1304134 0.9679545 -0.214608 -0.1303956 0.9455813 -0.298116 -0.1304182 0.9455686 -0.2981466 -0.1304052 0.9159907 -0.379415 -0.1304222 0.9159825 -0.3794286 -0.1304026 0.879453 -0.4577747 -0.1304028 0.8794317 -0.4578157 -0.1303964 0.8361991 -0.5326987 -0.1304065 0.8361884 -0.5327129 -0.1303849 0.7865891 -0.6035541 -0.1304114 0.7865747 -0.6035671 -0.1303842 0.7309973 -0.6698082 -0.1303756 0.7309553 -0.6698557 -0.1304132 0.6698077 -0.7309926 -0.1304031 0.6698229 -0.7309804 -0.1304116 0.6035615 -0.7865789 -0.1304091 0.6035565 -0.7865831 -0.1303882 0.5327005 -0.8361992 -0.1303849 0.5327023 -0.8361985 -0.1303846 0.4578391 -0.8794221 -0.1304324 0.4577869 -0.8794422 -0.130436 0.379414 -0.9159867 -0.130396 0.3794137 -0.9159924 -0.1304355 0.2981454 -0.9455665 -0.1303402 0.2981382 -0.9455819 -0.1303867 0.2146031 -0.9679591 -0.130476 0.2145822 -0.9679517 -0.130387 0.1294165 -0.9829806 -0.1304755 0.1293989 -0.982971 -0.130387 0.04324668 -0.9905195 -0.1303928 0.04324525 -0.9905189 -0.130387 -0.04324978 -0.9905195 -0.2162572 -0.04258793 -0.9754072 -0.2162779 -0.1274344 -0.9679796 -0.216166 -0.1274375 -0.9680041 -0.2161356 -0.211324 -0.9532196 -0.2162499 -0.211315 -0.9531956 -0.2162781 -0.2935843 -0.9311456 -0.2162362 -0.2935879 -0.9311543 -0.2161831 -0.3736333 -0.9020327 -0.2162588 -0.3736259 -0.9020176 -0.2162293 -0.4508342 -0.8660216 -0.2162526 -0.4508295 -0.8660182 -0.2162334 -0.52457 -0.8234497 -0.2162613 -0.524605 -0.8234201 -0.2162571 -0.5943403 -0.7745919 -0.2162457 -0.5943598 -0.7745801 -0.2162507 -0.659618 -0.7198193 -0.2161936 -0.6596147 -0.7198395 -0.2162506 -0.7198408 -0.6595945 -0.2162562 -0.7198311 -0.6596033 -0.2162497 -0.7745904 -0.594345 -0.2162493 -0.7745826 -0.5943551 -0.2162616 -0.8234204 -0.5246044 -0.216234 -0.82344 -0.5245851 -0.2162442 -0.866021 -0.4508283 -0.2162449 -0.8660226 -0.450825 -0.2162485 -0.9020186 -0.3736296 -0.2162351 -0.9020236 -0.3736252 -0.2162287 -0.9311559 -0.2935878 -0.2162374 -0.9311532 -0.2935904 -0.2162476 -0.9531929 -0.2113302 -0.2162079 -0.9532051 -0.2113155 -0.2162148 -0.9679921 -0.1274455 -0.2162636 -0.9679828 -0.1274341 -0.2162866 -0.9754007 -0.04258859 -0.2162621 -0.975406 -0.04259002 -0.2162607 -0.9754064 0.04258757 -0.2162783 -0.9754025 0.04258906 -0.2162533 -0.9679855 0.1274316 -0.2162135 -0.9679931 0.127441 -0.216221 -0.9531992 0.2113285 -0.2162405 -0.9531963 0.2113217 -0.2162345 -0.9311543 0.2935888 -0.2162467 -0.9311463 0.2936052 -0.2162485 -0.9020186 0.3736296 -0.2162417 -0.9020202 0.3736296 -0.2162443 -0.8660216 0.4508271 -0.2162461 -0.8660209 0.4508276 -0.21625 -0.8234233 0.5246047 -0.2162389 -0.8234415 0.5245807 -0.21625 -0.7745911 0.5943439 -0.2162578 -0.7745839 0.5943505 -0.2162506 -0.7198408 0.6595945 -0.2162544 -0.7198198 0.6596162 -0.2161867 -0.6596006 0.7198545 -0.2162637 -0.659623 0.7198108 -0.2162808 -0.5943371 0.7745877 -0.216225 -0.5943711 0.7745771 -0.2162278 -0.5246061 0.8234283 -0.2162596 -0.5245996 0.8234239 -0.2162315 -0.4508138 0.8660318 -0.2162544 -0.4508413 0.8660117 -0.2162778 -0.373625 0.9020135 -0.2161847 -0.3736318 0.902033 -0.2162781 -0.2935843 0.9311456 -0.2162176 -0.2935997 0.9311549 -0.2161824 -0.2113336 0.9532068 -0.2162074 -0.2113119 0.9532061 -0.216183 -0.1274371 0.9680004 -0.216258 -0.1274433 0.9679829 -0.2162304 -0.04258835 0.9754131 -0.216234 -0.04258739 0.9754124 -0.2162304 0.04258835 0.9754131 -0.2162572 0.04258793 0.9754072 -0.2162779 0.1274344 0.9679796 -0.216166 0.1274375 0.9680041 -0.2161356 0.211324 0.9532196 -0.2162499 0.211315 0.9531956 -0.2162781 0.2935843 0.9311456 -0.2162362 0.2935879 0.9311543 -0.2161831 0.3736333 0.9020327 -0.2162588 0.3736259 0.9020176 -0.2162293 0.4508342 0.8660216 -0.2162526 0.4508295 0.8660182 -0.2162334 0.52457 0.8234497 -0.2162613 0.524605 0.8234201 -0.2162571 0.5943403 0.7745919 -0.2162457 0.5943598 0.7745801 -0.2162507 0.659618 0.7198193 -0.2161936 0.6596147 0.7198395 -0.2162506 0.7198408 0.6595945 -0.2162562 0.7198311 0.6596033 -0.2162497 0.7745904 0.594345 -0.2162493 0.7745826 0.5943551 -0.2162616 0.8234204 0.5246044 -0.216234 0.82344 0.5245851 -0.2162442 0.866021 0.4508283 -0.2162449 0.8660226 0.450825 -0.2162485 0.9020186 0.3736296 -0.2162351 0.9020236 0.3736252 -0.2162287 0.9311559 0.2935878 -0.2162374 0.9311532 0.2935904 -0.2162476 0.9531929 0.2113302 -0.2162079 0.9532051 0.2113155 -0.2162148 0.9679921 0.1274455 -0.2162636 0.9679828 0.1274341 -0.2162866 0.9754007 0.04258859 -0.2162621 0.975406 0.04259002 -0.2162607 0.9754064 -0.04258757 -0.2162783 0.9754025 -0.04258906 -0.2162533 0.9679855 -0.1274316 -0.2162135 0.9679931 -0.127441 -0.216221 0.9531992 -0.2113285 -0.2162405 0.9531963 -0.2113217 -0.2162345 0.9311543 -0.2935888 -0.2162467 0.9311463 -0.2936052 -0.2162485 0.9020186 -0.3736296 -0.2162417 0.9020202 -0.3736296 -0.2162443 0.8660216 -0.4508271 -0.2162461 0.8660209 -0.4508276 -0.21625 0.8234233 -0.5246047 -0.2162389 0.8234415 -0.5245807 -0.21625 0.7745911 -0.5943439 -0.2162578 0.7745839 -0.5943505 -0.2162506 0.7198408 -0.6595945 -0.2162544 0.7198198 -0.6596162 -0.2161867 0.6596006 -0.7198545 -0.2162637 0.659623 -0.7198108 -0.2162808 0.5943371 -0.7745877 -0.216225 0.5943711 -0.7745771 -0.2162278 0.5246061 -0.8234283 -0.2162596 0.5245996 -0.8234239 -0.2162315 0.4508138 -0.8660318 -0.2162544 0.4508413 -0.8660117 -0.2162778 0.373625 -0.9020135 -0.2161847 0.3736318 -0.902033 -0.2162781 0.2935843 -0.9311456 -0.2162176 0.2935997 -0.9311549 -0.2161824 0.2113336 -0.9532068 -0.2162074 0.2113119 -0.9532061 -0.216183 0.1274371 -0.9680004 -0.216258 0.1274433 -0.9679829 -0.2162304 0.04258835 -0.9754131 -0.216234 0.04258739 -0.9754124 -0.2162304 -0.04258835 -0.9754131 -0.300525 -0.04160279 -0.9528663 -0.3003552 -0.1244896 -0.9456686 -0.3005266 -0.124505 -0.9456122 -0.3003556 -0.2064355 -0.9312202 -0.3005274 -0.2064363 -0.9311646 -0.300446 -0.2868074 -0.9096559 -0.3003975 -0.2868297 -0.9096648 -0.3004017 -0.3649935 -0.8812143 -0.3004789 -0.3650156 -0.8811788 -0.300446 -0.4404091 -0.8460332 -0.3004233 -0.4404133 -0.8460391 -0.3004491 -0.5124577 -0.8044362 -0.3004549 -0.5124915 -0.8044125 -0.3004569 -0.5805919 -0.756729 -0.3003988 -0.5806869 -0.7566792 -0.3004026 -0.64438 -0.7032302 -0.3004832 -0.6443679 -0.7032069 -0.3004729 -0.7031985 -0.6443818 -0.3004107 -0.7032315 -0.6443749 -0.300433 -0.7566847 -0.580662 -0.300439 -0.756712 -0.5806235 -0.3004514 -0.8044168 -0.5124866 -0.3004418 -0.804441 -0.5124544 -0.3004676 -0.8460145 -0.4404302 -0.3004354 -0.8460419 -0.4403997 -0.3004292 -0.8812028 -0.3649988 -0.3004353 -0.8812002 -0.365 -0.3004184 -0.9096699 -0.2867916 -0.3004577 -0.909647 -0.286823 -0.3004742 -0.931177 -0.2064574 -0.3004207 -0.9312028 -0.2064194 -0.3004852 -0.9456241 -0.1245138 -0.3004164 -0.9456496 -0.1244867 -0.3004493 -0.9528899 -0.0416063 -0.3004325 -0.9528955 -0.04160213 -0.3004443 -0.9528917 0.04160326 -0.3004327 -0.9528953 0.04160445 -0.30045 -0.9456372 0.1244993 -0.3004394 -0.945641 0.1244963 -0.3004465 -0.9311906 0.2064368 -0.300437 -0.9311946 0.2064323 -0.300451 -0.9096507 0.2868185 -0.3004261 -0.9096654 0.2867983 -0.3004292 -0.8812028 0.3649988 -0.3004285 -0.8812057 0.364992 -0.3004562 -0.8460177 0.4404318 -0.300438 -0.8460449 0.4403922 -0.3004508 -0.8044314 0.5124642 -0.3004297 -0.8044422 0.5124596 -0.3004446 -0.7567009 0.5806348 -0.3004238 -0.7567058 0.5806393 -0.3004729 -0.7031985 0.6443818 -0.3004245 -0.7032176 0.6443836 -0.3004472 -0.644369 0.7032213 -0.3004493 -0.6443842 0.7032064 -0.3004343 -0.5805962 0.7567346 -0.3004376 -0.580677 0.7566714 -0.3004414 -0.5124943 0.8044157 -0.3004637 -0.5124662 0.8044252 -0.300453 -0.4403696 0.8460512 -0.3004452 -0.4404358 0.8460196 -0.3004021 -0.364994 0.8812139 -0.3004848 -0.3650037 0.8811818 -0.300448 -0.2867845 0.9096624 -0.3004008 -0.2868331 0.9096627 -0.300446 -0.2064293 0.9311923 -0.3004476 -0.2064446 0.9311885 -0.3003551 -0.1244896 0.9456686 -0.3005401 -0.124503 0.9456081 -0.3004 -0.04160559 0.9529055 -0.3004875 -0.04160326 0.952878 -0.3003548 0.04160618 0.9529197 -0.300525 0.04160279 0.9528663 -0.3003552 0.1244896 0.9456686 -0.3005266 0.124505 0.9456122 -0.3003556 0.2064355 0.9312202 -0.3005274 0.2064363 0.9311646 -0.300446 0.2868074 0.9096559 -0.3003975 0.2868297 0.9096648 -0.3004017 0.3649935 0.8812143 -0.3004789 0.3650156 0.8811788 -0.300446 0.4404091 0.8460332 -0.3004233 0.4404133 0.8460391 -0.3004491 0.5124577 0.8044362 -0.3004549 0.5124915 0.8044125 -0.3004569 0.5805919 0.756729 -0.3003988 0.5806869 0.7566792 -0.3004026 0.64438 0.7032302 -0.3004832 0.6443679 0.7032069 -0.3004729 0.7031985 0.6443818 -0.3004107 0.7032315 0.6443749 -0.300433 0.7566847 0.580662 -0.300439 0.756712 0.5806235 -0.3004514 0.8044168 0.5124866 -0.3004418 0.804441 0.5124544 -0.3004676 0.8460145 0.4404302 -0.3004354 0.8460419 0.4403997 -0.3004292 0.8812028 0.3649988 -0.3004353 0.8812002 0.365 -0.3004184 0.9096699 0.2867916 -0.3004577 0.909647 0.286823 -0.3004742 0.931177 0.2064574 -0.3004207 0.9312028 0.2064194 -0.3004852 0.9456241 0.1245138 -0.3004164 0.9456496 0.1244867 -0.3004493 0.9528899 0.0416063 -0.3004325 0.9528955 0.04160213 -0.3004443 0.9528917 -0.04160326 -0.3004327 0.9528953 -0.04160445 -0.30045 0.9456372 -0.1244993 -0.3004394 0.945641 -0.1244963 -0.3004465 0.9311906 -0.2064368 -0.300437 0.9311946 -0.2064323 -0.300451 0.9096507 -0.2868185 -0.3004261 0.9096654 -0.2867983 -0.3004292 0.8812028 -0.3649988 -0.3004285 0.8812057 -0.364992 -0.3004562 0.8460177 -0.4404318 -0.300438 0.8460449 -0.4403922 -0.3004508 0.8044314 -0.5124642 -0.3004297 0.8044422 -0.5124596 -0.3004446 0.7567009 -0.5806348 -0.3004238 0.7567058 -0.5806393 -0.3004729 0.7031985 -0.6443818 -0.3004245 0.7032176 -0.6443836 -0.3004472 0.644369 -0.7032213 -0.3004493 0.6443842 -0.7032064 -0.3004343 0.5805962 -0.7567346 -0.3004376 0.580677 -0.7566714 -0.3004414 0.5124943 -0.8044157 -0.3004637 0.5124662 -0.8044252 -0.300453 0.4403696 -0.8460512 -0.3004452 0.4404358 -0.8460196 -0.3004021 0.364994 -0.8812139 -0.3004848 0.3650037 -0.8811818 -0.300448 0.2867845 -0.9096624 -0.3004008 0.2868331 -0.9096627 -0.300446 0.2064293 -0.9311923 -0.3004476 0.2064446 -0.9311885 -0.3003551 0.1244896 -0.9456686 -0.3005401 0.124503 -0.9456081 -0.3004 0.04160559 -0.9529055 -0.3004875 0.04160326 -0.952878 -0.3003548 -0.04160618 -0.9529197 -0.3824146 -0.0403037 -0.9231116 -0.3823733 -0.1206051 -0.9161033 -0.3824305 -0.1206082 -0.9160789 -0.3824152 -0.1999914 -0.9020876 -0.3823937 -0.1999999 -0.9020949 -0.3824151 -0.2778539 -0.8812241 -0.3823731 -0.2778676 -0.881238 -0.382414 -0.3536064 -0.8536522 -0.3823716 -0.3536152 -0.8536676 -0.3823722 -0.4266638 -0.8196033 -0.3823827 -0.4266698 -0.8195953 -0.3823736 -0.4964654 -0.7793027 -0.3823873 -0.4964464 -0.779308 -0.3823907 -0.5625072 -0.7330505 -0.3823794 -0.5625063 -0.733057 -0.3823939 -0.6242467 -0.6812423 -0.3823574 -0.6242528 -0.6812571 -0.382367 -0.6812633 -0.6242402 -0.3823598 -0.6812512 -0.6242579 -0.3823676 -0.7330738 -0.5624926 -0.3823957 -0.7330569 -0.5624954 -0.3823771 -0.779295 -0.4964746 -0.3823736 -0.7792983 -0.4964724 -0.3823905 -0.8195944 -0.4266642 -0.3823701 -0.8196085 -0.4266555 -0.3823604 -0.8536846 -0.3535861 -0.3823927 -0.8536596 -0.3536114 -0.3823693 -0.8812465 -0.277846 -0.3823871 -0.8812353 -0.2778572 -0.3823758 -0.9021046 -0.1999903 -0.3823752 -0.9021067 -0.1999824 -0.3823874 -0.9160971 -0.1206068 -0.3823543 -0.9161119 -0.1205994 -0.3823665 -0.9231313 -0.04030662 -0.3823829 -0.9231247 -0.04030251 -0.3823689 -0.9231304 0.04030346 -0.3823834 -0.9231243 0.04030597 -0.3823743 -0.9161028 0.120606 -0.3823689 -0.9161056 0.1206008 -0.3823865 -0.9021003 0.1999894 -0.3823794 -0.9021029 0.1999912 -0.3824025 -0.8812239 0.2778717 -0.3823857 -0.8812375 0.2778519 -0.3823766 -0.8536711 0.3536012 -0.3823901 -0.8536621 0.3536083 -0.382375 -0.8196108 0.426647 -0.3823794 -0.8195989 0.4266659 -0.3823412 -0.7793219 0.4964601 -0.3824048 -0.7792779 0.4964802 -0.3823814 -0.7330508 0.562513 -0.38239 -0.7330703 0.5624819 -0.3823795 -0.6812361 0.6242622 -0.3823515 -0.6812672 0.6242454 -0.3823727 -0.6242526 0.6812488 -0.3823744 -0.624251 0.6812493 -0.3823698 -0.5625128 0.7330571 -0.3823905 -0.56251 0.7330484 -0.3824162 -0.4964562 0.7792875 -0.3823763 -0.4964479 0.7793124 -0.3823683 -0.4266844 0.8195944 -0.3823851 -0.4266446 0.8196073 -0.3823326 -0.3535981 0.8536921 -0.382421 -0.3536133 0.8536462 -0.3824151 -0.2778539 0.8812241 -0.3823617 -0.2778549 0.8812471 -0.3824154 -0.1999914 0.9020876 -0.3824102 -0.1999887 0.9020903 -0.3823741 -0.120593 0.9161046 -0.3824259 -0.1206122 0.9160802 -0.382331 -0.04030376 0.9231461 -0.3824416 -0.04030555 0.9231002 -0.3823733 0.04030299 0.9231286 -0.3824146 0.0403037 0.9231116 -0.3823733 0.1206051 0.9161033 -0.3824305 0.1206082 0.9160789 -0.3824152 0.1999914 0.9020876 -0.3823937 0.1999999 0.9020949 -0.3824151 0.2778539 0.8812241 -0.3823731 0.2778676 0.881238 -0.382414 0.3536064 0.8536522 -0.3823716 0.3536152 0.8536676 -0.3823722 0.4266638 0.8196033 -0.3823827 0.4266698 0.8195953 -0.3823736 0.4964654 0.7793027 -0.3823873 0.4964464 0.779308 -0.3823907 0.5625072 0.7330505 -0.3823794 0.5625063 0.733057 -0.3823939 0.6242467 0.6812423 -0.3823574 0.6242528 0.6812571 -0.382367 0.6812633 0.6242402 -0.3823598 0.6812512 0.6242579 -0.3823676 0.7330738 0.5624926 -0.3823957 0.7330569 0.5624954 -0.3823771 0.779295 0.4964746 -0.3823736 0.7792983 0.4964724 -0.3823905 0.8195944 0.4266642 -0.3823701 0.8196085 0.4266555 -0.3823604 0.8536846 0.3535861 -0.3823927 0.8536596 0.3536114 -0.3823693 0.8812465 0.277846 -0.3823871 0.8812353 0.2778572 -0.3823758 0.9021046 0.1999903 -0.3823752 0.9021067 0.1999824 -0.3823874 0.9160971 0.1206068 -0.3823543 0.9161119 0.1205994 -0.3823665 0.9231313 0.04030662 -0.3823829 0.9231247 0.04030251 -0.3823689 0.9231304 -0.04030346 -0.3823834 0.9231243 -0.04030597 -0.3823743 0.9161028 -0.120606 -0.3823689 0.9161056 -0.1206008 -0.3823865 0.9021003 -0.1999894 -0.3823794 0.9021029 -0.1999912 -0.3824025 0.8812239 -0.2778717 -0.3823857 0.8812375 -0.2778519 -0.3823766 0.8536711 -0.3536012 -0.3823901 0.8536621 -0.3536083 -0.382375 0.8196108 -0.426647 -0.3823794 0.8195989 -0.4266659 -0.3823412 0.7793219 -0.4964601 -0.3824048 0.7792779 -0.4964802 -0.3823814 0.7330508 -0.562513 -0.38239 0.7330703 -0.5624819 -0.3823795 0.6812361 -0.6242622 -0.3823515 0.6812672 -0.6242454 -0.3823727 0.6242526 -0.6812488 -0.3823744 0.624251 -0.6812493 -0.3823698 0.5625128 -0.7330571 -0.3823905 0.56251 -0.7330484 -0.3824162 0.4964562 -0.7792875 -0.3823763 0.4964479 -0.7793124 -0.3823683 0.4266844 -0.8195944 -0.3823851 0.4266446 -0.8196073 -0.3823326 0.3535981 -0.8536921 -0.382421 0.3536133 -0.8536462 -0.3824151 0.2778539 -0.8812241 -0.3823617 0.2778549 -0.8812471 -0.3824154 0.1999914 -0.9020876 -0.3824102 0.1999887 -0.9020903 -0.3823741 0.120593 -0.9161046 -0.3824259 0.1206122 -0.9160802 -0.382331 0.04030376 -0.9231461 -0.3824416 0.04030555 -0.9231002 -0.3823733 -0.04030299 -0.9231286 -0.4613697 -0.0387026 -0.8863635 -0.4613922 -0.1158002 -0.8796065 -0.4614074 -0.1158105 -0.8795973 -0.4613936 -0.1920078 -0.8661691 -0.4614058 -0.1920306 -0.8661575 -0.4614296 -0.2667888 -0.8461126 -0.4613615 -0.2667881 -0.8461499 -0.4613959 -0.3394934 -0.8196695 -0.4614084 -0.339526 -0.819649 -0.4613927 -0.4096589 -0.7869539 -0.4614295 -0.409668 -0.7869275 -0.4614498 -0.4766135 -0.7482672 -0.4613369 -0.4767468 -0.7482519 -0.4614133 -0.5400788 -0.7038556 -0.4614044 -0.5400854 -0.7038564 -0.4614009 -0.5993604 -0.6541226 -0.4613966 -0.5994017 -0.6540877 -0.4613734 -0.6541141 -0.5993909 -0.4614194 -0.6541118 -0.5993579 -0.4614288 -0.7038257 -0.5401046 -0.4613707 -0.7038857 -0.5400759 -0.4614179 -0.7482292 -0.476704 -0.4613903 -0.7482622 -0.4766789 -0.4614078 -0.7869356 -0.4096769 -0.4613727 -0.7869685 -0.4096533 -0.4614107 -0.819647 -0.3395276 -0.4613969 -0.819655 -0.3395271 -0.4614102 -0.84612 -0.2667989 -0.4614114 -0.8461217 -0.2667911 -0.4613883 -0.8661696 -0.1920188 -0.4613832 -0.8661727 -0.1920173 -0.4614145 -0.8795942 -0.1158044 -0.4613881 -0.8796082 -0.1158034 -0.4613966 -0.8863495 -0.03870123 -0.4613958 -0.88635 -0.03869867 -0.4614139 -0.8863406 0.03870087 -0.4613707 -0.8863632 0.03869843 -0.4613944 -0.8796046 0.1158058 -0.4614031 -0.8796007 0.1158007 -0.4614302 -0.8661433 0.1920365 -0.4613606 -0.8661867 0.1920077 -0.4614586 -0.846087 0.2668198 -0.4613648 -0.8461526 0.2667743 -0.4614007 -0.8196512 0.3395309 -0.4613905 -0.819665 0.3395117 -0.4613804 -0.7869595 0.409662 -0.4613901 -0.7869552 0.4096593 -0.4614008 -0.748251 0.4766864 -0.4613961 -0.7482542 0.4766857 -0.4613932 -0.7038587 0.540092 -0.4614068 -0.703863 0.5400746 -0.4614128 -0.6540997 0.5993762 -0.4613885 -0.6541215 0.5993711 -0.4614209 -0.5993541 0.6541143 -0.4613887 -0.5994041 0.6540911 -0.4614328 -0.5400726 0.7038475 -0.4613979 -0.5400831 0.7038624 -0.4614109 -0.4766244 0.7482843 -0.4613767 -0.4767373 0.7482334 -0.4613831 -0.4096999 0.7869382 -0.4614138 -0.4096502 0.7869462 -0.4613959 -0.3394934 0.8196695 -0.4613821 -0.3395233 0.8196648 -0.4613937 -0.2667719 0.8461375 -0.4613764 -0.2667929 0.8461403 -0.4613949 -0.1919959 0.8661711 -0.4613746 -0.1920385 0.8661724 -0.4613529 -0.115809 0.8796259 -0.4614137 -0.1158055 0.8795946 -0.4613531 -0.03869593 0.8863723 -0.4613918 -0.03870362 0.886352 -0.4613921 0.03869658 0.8863521 -0.4613697 0.0387026 0.8863635 -0.4613922 0.1158002 0.8796065 -0.4614074 0.1158105 0.8795973 -0.4613936 0.1920078 0.8661691 -0.4614058 0.1920306 0.8661575 -0.4614296 0.2667888 0.8461126 -0.4613615 0.2667881 0.8461499 -0.4613959 0.3394934 0.8196695 -0.4614084 0.339526 0.819649 -0.4613927 0.4096589 0.7869539 -0.4614295 0.409668 0.7869275 -0.4614498 0.4766135 0.7482672 -0.4613369 0.4767468 0.7482519 -0.4614133 0.5400788 0.7038556 -0.4614044 0.5400854 0.7038564 -0.4614009 0.5993604 0.6541226 -0.4613966 0.5994017 0.6540877 -0.4613734 0.6541141 0.5993909 -0.4614194 0.6541118 0.5993579 -0.4614288 0.7038257 0.5401046 -0.4613707 0.7038857 0.5400759 -0.4614179 0.7482292 0.476704 -0.4613903 0.7482622 0.4766789 -0.4614078 0.7869356 0.4096769 -0.4613727 0.7869685 0.4096533 -0.4614107 0.819647 0.3395276 -0.4613969 0.819655 0.3395271 -0.4614102 0.84612 0.2667989 -0.4614114 0.8461217 0.2667911 -0.4613883 0.8661696 0.1920188 -0.4613832 0.8661727 0.1920173 -0.4614145 0.8795942 0.1158044 -0.4613881 0.8796082 0.1158034 -0.4613966 0.8863495 0.03870123 -0.4613958 0.88635 0.03869867 -0.4614139 0.8863406 -0.03870087 -0.4613707 0.8863632 -0.03869843 -0.4613944 0.8796046 -0.1158058 -0.4614031 0.8796007 -0.1158007 -0.4614302 0.8661433 -0.1920365 -0.4613606 0.8661867 -0.1920077 -0.4614586 0.846087 -0.2668198 -0.4613648 0.8461526 -0.2667743 -0.4614007 0.8196512 -0.3395309 -0.4613905 0.819665 -0.3395117 -0.4613804 0.7869595 -0.409662 -0.4613901 0.7869552 -0.4096593 -0.4614008 0.748251 -0.4766864 -0.4613961 0.7482542 -0.4766857 -0.4613932 0.7038587 -0.540092 -0.4614068 0.703863 -0.5400746 -0.4614128 0.6540997 -0.5993762 -0.4613885 0.6541215 -0.5993711 -0.4614209 0.5993541 -0.6541143 -0.4613887 0.5994041 -0.6540911 -0.4614328 0.5400726 -0.7038475 -0.4613979 0.5400831 -0.7038624 -0.4614109 0.4766244 -0.7482843 -0.4613767 0.4767373 -0.7482334 -0.4613831 0.4096999 -0.7869382 -0.4614138 0.4096502 -0.7869462 -0.4613959 0.3394934 -0.8196695 -0.4613821 0.3395233 -0.8196648 -0.4613937 0.2667719 -0.8461375 -0.4613764 0.2667929 -0.8461403 -0.4613949 0.1919959 -0.8661711 -0.4613746 0.1920385 -0.8661724 -0.4613529 0.115809 -0.8796259 -0.4614137 0.1158055 -0.8795946 -0.4613531 0.03869593 -0.8863723 -0.4613918 0.03870362 -0.886352 -0.4613921 -0.03869658 -0.8863521 -0.5369607 -0.03679853 -0.8428043 -0.5369296 -0.1101143 -0.83641 -0.5369659 -0.1101118 -0.8363869 -0.536966 -0.1825754 -0.8236102 -0.5369262 -0.1826003 -0.8236306 -0.5369277 -0.2536962 -0.8045787 -0.5369691 -0.2536663 -0.8045606 -0.5369263 -0.3228583 -0.7794055 -0.5369569 -0.322833 -0.7793948 -0.5369282 -0.3895488 -0.7483046 -0.53697 -0.3895218 -0.7482888 -0.5369193 -0.4533116 -0.7114958 -0.5369427 -0.4532768 -0.7115004 -0.5369448 -0.5135693 -0.669281 -0.5369095 -0.5135971 -0.6692878 -0.5369023 -0.5699748 -0.6219845 -0.5369501 -0.5699351 -0.6219797 -0.5369341 -0.6219787 -0.5699513 -0.5369471 -0.6219723 -0.5699459 -0.5369207 -0.6693081 -0.5135591 -0.5369558 -0.6692777 -0.513562 -0.5369702 -0.7114747 -0.4532846 -0.5369259 -0.7115144 -0.4532747 -0.5369384 -0.7483053 -0.3895336 -0.5369678 -0.748278 -0.3895455 -0.5369573 -0.7793918 -0.3228398 -0.5369462 -0.7794001 -0.3228378 -0.5369274 -0.8045872 -0.2536705 -0.5369465 -0.8045716 -0.2536788 -0.5369492 -0.8236173 -0.1825935 -0.5369309 -0.823629 -0.1825939 -0.5369843 -0.8363731 -0.1101268 -0.5369347 -0.8364075 -0.1101076 -0.53696 -0.8428049 -0.03679633 -0.5369542 -0.8428084 -0.03679943 -0.5369485 -0.8428121 0.03679817 -0.5369651 -0.8428016 0.03679752 -0.5369674 -0.8363854 0.1101154 -0.5369297 -0.8364099 0.1101144 -0.5369316 -0.8236282 0.1825959 -0.5369443 -0.823621 0.1825902 -0.5369701 -0.8045522 0.2536907 -0.5369369 -0.8045792 0.2536751 -0.5369529 -0.7793943 0.3228408 -0.536955 -0.7793927 0.3228413 -0.5369388 -0.7483057 0.3895323 -0.5369528 -0.7482915 0.3895404 -0.5369253 -0.7115138 0.4532765 -0.5369624 -0.7114849 0.4532777 -0.5369383 -0.6692992 0.5135523 -0.536929 -0.6692958 0.5135664 -0.5369164 -0.6219869 0.5699589 -0.5369675 -0.6219577 0.5699425 -0.5369375 -0.5699597 0.621968 -0.5369279 -0.5699303 0.6220032 -0.5369443 -0.5135687 0.6692818 -0.5369287 -0.5135719 0.6692918 -0.5369313 -0.4532724 0.7115117 -0.5369182 -0.4532994 0.7115044 -0.5369635 -0.3895384 0.7482848 -0.5369425 -0.3895079 0.7483157 -0.5369305 -0.3228361 0.7794116 -0.5369561 -0.3228437 0.7793909 -0.5369275 -0.2536962 0.8045789 -0.5369655 -0.2536657 0.8045631 -0.5369308 -0.1825802 0.8236321 -0.5369585 -0.1826033 0.8236089 -0.5369294 -0.1101143 0.8364101 -0.5369654 -0.1101042 0.8363883 -0.5369998 -0.03679966 0.8427794 -0.5369276 -0.03679633 0.8428255 -0.5369647 0.03679603 0.8428019 -0.5369607 0.03679853 0.8428043 -0.5369296 0.1101143 0.83641 -0.5369659 0.1101118 0.8363869 -0.536966 0.1825754 0.8236102 -0.5369262 0.1826003 0.8236306 -0.5369277 0.2536962 0.8045787 -0.5369691 0.2536663 0.8045606 -0.5369263 0.3228583 0.7794055 -0.5369569 0.322833 0.7793948 -0.5369282 0.3895488 0.7483046 -0.53697 0.3895218 0.7482888 -0.5369193 0.4533116 0.7114958 -0.5369427 0.4532768 0.7115004 -0.5369448 0.5135693 0.669281 -0.5369095 0.5135971 0.6692878 -0.5369023 0.5699748 0.6219845 -0.5369501 0.5699351 0.6219797 -0.5369341 0.6219787 0.5699513 -0.5369471 0.6219723 0.5699459 -0.5369207 0.6693081 0.5135591 -0.5369558 0.6692777 0.513562 -0.5369702 0.7114747 0.4532846 -0.5369259 0.7115144 0.4532747 -0.5369384 0.7483053 0.3895336 -0.5369678 0.748278 0.3895455 -0.5369573 0.7793918 0.3228398 -0.5369462 0.7794001 0.3228378 -0.5369274 0.8045872 0.2536705 -0.5369465 0.8045716 0.2536788 -0.5369492 0.8236173 0.1825935 -0.5369309 0.823629 0.1825939 -0.5369843 0.8363731 0.1101268 -0.5369347 0.8364075 0.1101076 -0.53696 0.8428049 0.03679633 -0.5369542 0.8428084 0.03679943 -0.5369485 0.8428121 -0.03679817 -0.5369651 0.8428016 -0.03679752 -0.5369674 0.8363854 -0.1101154 -0.5369297 0.8364099 -0.1101144 -0.5369316 0.8236282 -0.1825959 -0.5369443 0.823621 -0.1825902 -0.5369701 0.8045522 -0.2536907 -0.5369369 0.8045792 -0.2536751 -0.5369529 0.7793943 -0.3228408 -0.536955 0.7793927 -0.3228413 -0.5369388 0.7483057 -0.3895323 -0.5369528 0.7482915 -0.3895404 -0.5369253 0.7115138 -0.4532765 -0.5369624 0.7114849 -0.4532777 -0.5369383 0.6692992 -0.5135523 -0.536929 0.6692958 -0.5135664 -0.5369164 0.6219869 -0.5699589 -0.5369675 0.6219577 -0.5699425 -0.5369375 0.5699597 -0.621968 -0.5369279 0.5699303 -0.6220032 -0.5369443 0.5135687 -0.6692818 -0.5369287 0.5135719 -0.6692918 -0.5369313 0.4532724 -0.7115117 -0.5369182 0.4532994 -0.7115044 -0.5369635 0.3895384 -0.7482848 -0.5369425 0.3895079 -0.7483157 -0.5369305 0.3228361 -0.7794116 -0.5369561 0.3228437 -0.7793909 -0.5369275 0.2536962 -0.8045789 -0.5369655 0.2536657 -0.8045631 -0.5369308 0.1825802 -0.8236321 -0.5369585 0.1826033 -0.8236089 -0.5369294 0.1101143 -0.8364101 -0.5369654 0.1101042 -0.8363883 -0.5369998 0.03679966 -0.8427794 -0.5369276 0.03679633 -0.8428255 -0.5369647 -0.03679603 -0.8428019 -0.608361 -0.03461754 -0.7929051 -0.60844 -0.1035811 -0.7868112 -0.6083849 -0.1035906 -0.7868525 -0.6084079 -0.1717782 -0.774811 -0.608377 -0.1717743 -0.7748363 -0.6083797 -0.2386412 -0.7569179 -0.608384 -0.238645 -0.7569133 -0.6084077 -0.3037101 -0.7332122 -0.6083865 -0.3037 -0.7332341 -0.6083692 -0.3664979 -0.7039647 -0.6083863 -0.3664442 -0.7039778 -0.6083791 -0.4264234 -0.6693564 -0.6083893 -0.4264236 -0.6693471 -0.608373 -0.4831531 -0.629639 -0.6083959 -0.4831115 -0.6296488 -0.6083751 -0.5361859 -0.5851363 -0.6084084 -0.5361405 -0.5851434 -0.6083822 -0.585151 -0.5361618 -0.608412 -0.5851137 -0.5361687 -0.6084027 -0.6296342 -0.4831221 -0.6083874 -0.6296206 -0.4831591 -0.6083764 -0.6693572 -0.4264261 -0.6083962 -0.669337 -0.4264294 -0.6083651 -0.7039927 -0.3664509 -0.6084044 -0.7039453 -0.3664766 -0.6083734 -0.7332403 -0.3037115 -0.608404 -0.7332118 -0.3037188 -0.6083715 -0.7569233 -0.2386447 -0.6083954 -0.7569 -0.2386575 -0.60834 -0.7748674 -0.1717641 -0.6084083 -0.7748116 -0.171774 -0.6083487 -0.7868819 -0.1035797 -0.6083931 -0.786846 -0.1035915 -0.6083825 -0.7928888 -0.0346176 -0.6083872 -0.7928849 -0.03462004 -0.6083802 -0.7928903 0.0346207 -0.6083868 -0.7928854 0.0346167 -0.6083775 -0.7868584 0.1035896 -0.608384 -0.7868539 0.103585 -0.608406 -0.7748135 0.1717741 -0.6083745 -0.7748383 0.1717737 -0.6083638 -0.756929 0.2386465 -0.6084042 -0.7568932 0.2386571 -0.6083815 -0.7332351 0.3037077 -0.6083853 -0.7332279 0.3037174 -0.6083577 -0.7039984 0.3664523 -0.6084013 -0.7039511 0.3664707 -0.6083641 -0.6693794 0.4264087 -0.6083973 -0.6693317 0.4264364 -0.6083713 -0.6296526 0.4831379 -0.6084028 -0.6296234 0.4831359 -0.6083644 -0.5851832 0.5361469 -0.6084051 -0.5851117 0.5361788 -0.6083435 -0.5362291 0.5851296 -0.6084231 -0.5361278 0.5851396 -0.6083889 -0.4831461 0.6296291 -0.6083769 -0.4831278 0.6296547 -0.6083785 -0.426423 0.6693572 -0.6083967 -0.4264136 0.6693468 -0.6084058 -0.3664655 0.7039499 -0.608361 -0.366469 0.7039869 -0.6084079 -0.3037102 0.7332121 -0.6083956 -0.3036959 0.7332282 -0.6084109 -0.2386341 0.756895 -0.6083689 -0.2386483 0.7569242 -0.608408 -0.1717782 0.7748109 -0.6083908 -0.1717719 0.7748259 -0.6084085 -0.1035904 0.7868343 -0.6084149 -0.1035799 0.7868307 -0.6083775 -0.03461962 0.7928923 -0.6083878 -0.03461509 0.7928848 -0.6084086 0.03461855 0.7928685 -0.608361 0.03461754 0.7929051 -0.60844 0.1035811 0.7868112 -0.6083849 0.1035906 0.7868525 -0.6084079 0.1717782 0.774811 -0.608377 0.1717743 0.7748363 -0.6083797 0.2386412 0.7569179 -0.608384 0.238645 0.7569133 -0.6084077 0.3037101 0.7332122 -0.6083865 0.3037 0.7332341 -0.6083692 0.3664979 0.7039647 -0.6083863 0.3664442 0.7039778 -0.6083791 0.4264234 0.6693564 -0.6083893 0.4264236 0.6693471 -0.608373 0.4831531 0.629639 -0.6083959 0.4831115 0.6296488 -0.6083751 0.5361859 0.5851363 -0.6084084 0.5361405 0.5851434 -0.6083822 0.585151 0.5361618 -0.608412 0.5851137 0.5361687 -0.6084027 0.6296342 0.4831221 -0.6083874 0.6296206 0.4831591 -0.6083764 0.6693572 0.4264261 -0.6083962 0.669337 0.4264294 -0.6083651 0.7039927 0.3664509 -0.6084044 0.7039453 0.3664766 -0.6083734 0.7332403 0.3037115 -0.608404 0.7332118 0.3037188 -0.6083715 0.7569233 0.2386447 -0.6083954 0.7569 0.2386575 -0.60834 0.7748674 0.1717641 -0.6084083 0.7748116 0.171774 -0.6083487 0.7868819 0.1035797 -0.6083931 0.786846 0.1035915 -0.6083825 0.7928888 0.0346176 -0.6083872 0.7928849 0.03462004 -0.6083802 0.7928903 -0.0346207 -0.6083868 0.7928854 -0.0346167 -0.6083775 0.7868584 -0.1035896 -0.608384 0.7868539 -0.103585 -0.608406 0.7748135 -0.1717741 -0.6083745 0.7748383 -0.1717737 -0.6083638 0.756929 -0.2386465 -0.6084042 0.7568932 -0.2386571 -0.6083815 0.7332351 -0.3037077 -0.6083853 0.7332279 -0.3037174 -0.6083577 0.7039984 -0.3664523 -0.6084013 0.7039511 -0.3664707 -0.6083641 0.6693794 -0.4264087 -0.6083973 0.6693317 -0.4264364 -0.6083713 0.6296526 -0.4831379 -0.6084028 0.6296234 -0.4831359 -0.6083644 0.5851832 -0.5361469 -0.6084051 0.5851117 -0.5361788 -0.6083435 0.5362291 -0.5851296 -0.6084231 0.5361278 -0.5851396 -0.6083889 0.4831461 -0.6296291 -0.6083769 0.4831278 -0.6296547 -0.6083785 0.426423 -0.6693572 -0.6083967 0.4264136 -0.6693468 -0.6084058 0.3664655 -0.7039499 -0.608361 0.366469 -0.7039869 -0.6084079 0.3037102 -0.7332121 -0.6083956 0.3036959 -0.7332282 -0.6084109 0.2386341 -0.756895 -0.6083689 0.2386483 -0.7569242 -0.608408 0.1717782 -0.7748109 -0.6083908 0.1717719 -0.7748259 -0.6084085 0.1035904 -0.7868343 -0.6084149 0.1035799 -0.7868307 -0.6083775 0.03461962 -0.7928923 -0.6083878 0.03461509 -0.7928848 -0.6084086 -0.03461855 -0.7928685 -0.6752262 -0.03217363 -0.7369087 -0.675228 -0.09627896 -0.7312985 -0.6752313 -0.09628266 -0.731295 -0.6752542 -0.1596485 -0.7201001 -0.6752306 -0.1596483 -0.7201223 -0.6752567 -0.2217841 -0.7034489 -0.6752516 -0.2218079 -0.7034462 -0.6752539 -0.2822673 -0.6814378 -0.6752396 -0.282277 -0.6814479 -0.6752536 -0.3405833 -0.6542444 -0.6752541 -0.3405568 -0.6542577 -0.6752259 -0.396325 -0.6220905 -0.6752684 -0.3962901 -0.6220666 -0.6752479 -0.449032 -0.5851585 -0.6752662 -0.4490047 -0.5851585 -0.6752695 -0.4982724 -0.543816 -0.6752764 -0.4982882 -0.543793 -0.6752732 -0.543786 -0.4983001 -0.6752457 -0.5438086 -0.4983128 -0.6752483 -0.5851758 -0.4490091 -0.6752485 -0.5851678 -0.4490191 -0.6752484 -0.6220819 -0.3963001 -0.6752564 -0.6220682 -0.3963078 -0.6752334 -0.6542671 -0.3405793 -0.6752694 -0.6542289 -0.3405817 -0.6752924 -0.6813965 -0.2822747 -0.6752502 -0.6814438 -0.2822616 -0.6752619 -0.7034406 -0.2217946 -0.6752565 -0.7034453 -0.2217959 -0.6752579 -0.7200977 -0.1596432 -0.6752312 -0.7201226 -0.1596446 -0.6752116 -0.7313146 -0.09627234 -0.675285 -0.7312458 -0.09628003 -0.6752713 -0.7368676 -0.03217077 -0.6752494 -0.7368874 -0.03217583 -0.6752665 -0.7368718 0.0321756 -0.6752331 -0.7369026 0.03216999 -0.6752274 -0.7313001 0.09627199 -0.6752611 -0.731268 0.0962792 -0.6752403 -0.7201135 0.1596467 -0.6752819 -0.7200739 0.1596493 -0.6752583 -0.7034433 0.221797 -0.6752691 -0.7034334 0.2217954 -0.6752501 -0.6814462 0.282256 -0.675261 -0.6814312 0.2822664 -0.6752402 -0.6542617 0.3405765 -0.6752656 -0.6542315 0.3405842 -0.6752417 -0.6220871 0.3963034 -0.6752545 -0.6220769 0.3962977 -0.6752353 -0.5851859 0.4490153 -0.6752454 -0.5851762 0.4490128 -0.6752556 -0.5438211 0.4982855 -0.6752605 -0.5437822 0.4983213 -0.6752794 -0.4982926 0.543785 -0.6752609 -0.4982931 0.5438076 -0.6752614 -0.4490246 0.5851488 -0.6752496 -0.4490275 0.5851601 -0.6752253 -0.3963246 0.6220914 -0.6752595 -0.396304 0.6220675 -0.6752536 -0.3405833 0.6542444 -0.6752696 -0.3405576 0.6542413 -0.6752805 -0.2822579 0.6814153 -0.6752274 -0.2822709 0.6814625 -0.6752567 -0.2217841 0.7034489 -0.6752499 -0.2217985 0.7034508 -0.6752543 -0.1596485 0.7201001 -0.6752213 -0.1596559 0.7201293 -0.6752284 -0.09627288 0.731299 -0.6752271 -0.09628772 0.7312983 -0.6752817 -0.032175 0.7368579 -0.6752269 -0.03217363 0.736908 -0.6752817 0.03217345 0.736858 -0.6752262 0.03217363 0.7369087 -0.675228 0.09627896 0.7312985 -0.6752313 0.09628266 0.731295 -0.6752542 0.1596485 0.7201001 -0.6752306 0.1596483 0.7201223 -0.6752567 0.2217841 0.7034489 -0.6752516 0.2218079 0.7034462 -0.6752539 0.2822673 0.6814378 -0.6752396 0.282277 0.6814479 -0.6752536 0.3405833 0.6542444 -0.6752541 0.3405568 0.6542577 -0.6752259 0.396325 0.6220905 -0.6752684 0.3962901 0.6220666 -0.6752479 0.449032 0.5851585 -0.6752662 0.4490047 0.5851585 -0.6752695 0.4982724 0.543816 -0.6752764 0.4982882 0.543793 -0.6752732 0.543786 0.4983001 -0.6752457 0.5438086 0.4983128 -0.6752483 0.5851758 0.4490091 -0.6752485 0.5851678 0.4490191 -0.6752484 0.6220819 0.3963001 -0.6752564 0.6220682 0.3963078 -0.6752334 0.6542671 0.3405793 -0.6752694 0.6542289 0.3405817 -0.6752924 0.6813965 0.2822747 -0.6752502 0.6814438 0.2822616 -0.6752619 0.7034406 0.2217946 -0.6752565 0.7034453 0.2217959 -0.6752579 0.7200977 0.1596432 -0.6752312 0.7201226 0.1596446 -0.6752116 0.7313146 0.09627234 -0.675285 0.7312458 0.09628003 -0.6752713 0.7368676 0.03217077 -0.6752494 0.7368874 0.03217583 -0.6752665 0.7368718 -0.0321756 -0.6752331 0.7369026 -0.03216999 -0.6752274 0.7313001 -0.09627199 -0.6752611 0.731268 -0.0962792 -0.6752403 0.7201135 -0.1596467 -0.6752819 0.7200739 -0.1596493 -0.6752583 0.7034433 -0.221797 -0.6752691 0.7034334 -0.2217954 -0.6752501 0.6814462 -0.282256 -0.675261 0.6814312 -0.2822664 -0.6752402 0.6542617 -0.3405765 -0.6752656 0.6542315 -0.3405842 -0.6752417 0.6220871 -0.3963034 -0.6752545 0.6220769 -0.3962977 -0.6752353 0.5851859 -0.4490153 -0.6752454 0.5851762 -0.4490128 -0.6752556 0.5438211 -0.4982855 -0.6752605 0.5437822 -0.4983213 -0.6752794 0.4982926 -0.543785 -0.6752609 0.4982931 -0.5438076 -0.6752614 0.4490246 -0.5851488 -0.6752496 0.4490275 -0.5851601 -0.6752253 0.3963246 -0.6220914 -0.6752595 0.396304 -0.6220675 -0.6752536 0.3405833 -0.6542444 -0.6752696 0.3405576 -0.6542413 -0.6752805 0.2822579 -0.6814153 -0.6752274 0.2822709 -0.6814625 -0.6752567 0.2217841 -0.7034489 -0.6752499 0.2217985 -0.7034508 -0.6752543 0.1596485 -0.7201001 -0.6752213 0.1596559 -0.7201293 -0.6752284 0.09627288 -0.731299 -0.6752271 0.09628772 -0.7312983 -0.6752817 0.032175 -0.7368579 -0.6752269 0.03217363 -0.736908 -0.6752817 -0.03217345 -0.736858 -0.7369358 -0.02948313 -0.6753194 -0.736945 -0.0882284 -0.67017 -0.7369464 -0.08822923 -0.6701685 -0.7369455 -0.1462978 -0.6599305 -0.7369396 -0.1463016 -0.6599363 -0.7369209 -0.20328 -0.6446898 -0.7369513 -0.2032685 -0.6446586 -0.7369403 -0.2586984 -0.6244952 -0.7369353 -0.2586703 -0.6245127 -0.7369467 -0.3121122 -0.5995795 -0.7369309 -0.3121297 -0.5995899 -0.7369457 -0.3631882 -0.5700924 -0.7369515 -0.3631967 -0.5700795 -0.7369287 -0.411516 -0.5362749 -0.7369412 -0.4114805 -0.5362851 -0.736932 -0.4566618 -0.4983885 -0.7369211 -0.4567084 -0.4983621 -0.7369185 -0.4983909 -0.4566811 -0.7369499 -0.4983562 -0.4566683 -0.7369422 -0.5362753 -0.4114913 -0.7369428 -0.5362697 -0.4114975 -0.7369572 -0.5700686 -0.3632023 -0.7369457 -0.5700941 -0.3631857 -0.7369431 -0.5995827 -0.3121147 -0.7369478 -0.5995714 -0.312125 -0.7369335 -0.6245135 -0.2586736 -0.7369088 -0.6245446 -0.2586688 -0.7369368 -0.6446768 -0.2032635 -0.736935 -0.6446787 -0.2032639 -0.7369001 -0.6599817 -0.1462958 -0.7369534 -0.6599205 -0.1463038 -0.7369109 -0.6702077 -0.08822619 -0.7369532 -0.6701606 -0.08823204 -0.7369743 -0.6752775 -0.02948439 -0.7369108 -0.6753468 -0.02948421 -0.7369279 -0.6753281 0.02948385 -0.7369537 -0.6752999 0.02948457 -0.736912 -0.6702067 0.08822607 -0.7369489 -0.6701653 0.0882318 -0.736952 -0.6599216 0.1463058 -0.7369229 -0.6599557 0.1462982 -0.7369833 -0.6446192 0.2032778 -0.7369248 -0.6446916 0.2032598 -0.7369304 -0.624516 0.2586762 -0.7369334 -0.6245132 0.2586747 -0.7369592 -0.5995567 0.3121267 -0.7369505 -0.5995718 0.312118 -0.7369686 -0.5700585 0.363195 -0.7369413 -0.5700951 0.363193 -0.736931 -0.536285 0.4114988 -0.7369579 -0.536252 0.4114934 -0.7369588 -0.4983357 0.4566764 -0.7369282 -0.4983783 0.4566794 -0.7369433 -0.4566536 0.4983795 -0.7369248 -0.4566906 0.498373 -0.7369394 -0.4115082 0.5362663 -0.7369382 -0.4114832 0.536287 -0.7369451 -0.3631879 0.5700935 -0.7369611 -0.3631951 0.5700681 -0.7369467 -0.3121122 0.5995795 -0.7369407 -0.3121296 0.5995779 -0.7369405 -0.2586985 0.624495 -0.7369464 -0.2586708 0.6244994 -0.7369471 -0.2032491 0.6446697 -0.7369338 -0.2032813 0.6446746 -0.7369232 -0.1463031 0.6599543 -0.7369525 -0.1462941 0.6599236 -0.7369225 -0.08823156 0.6701944 -0.7369626 -0.08822244 0.6701515 -0.736945 -0.02948319 0.6753095 -0.7369152 -0.02948409 0.6753419 -0.7369225 0.02948576 0.6753339 -0.7369358 0.02948313 0.6753194 -0.736945 0.0882284 0.67017 -0.7369464 0.08822923 0.6701685 -0.7369455 0.1462978 0.6599305 -0.7369396 0.1463016 0.6599363 -0.7369209 0.20328 0.6446898 -0.7369513 0.2032685 0.6446586 -0.7369403 0.2586984 0.6244952 -0.7369353 0.2586703 0.6245127 -0.7369467 0.3121122 0.5995795 -0.7369309 0.3121297 0.5995899 -0.7369457 0.3631882 0.5700924 -0.7369515 0.3631967 0.5700795 -0.7369287 0.411516 0.5362749 -0.7369412 0.4114805 0.5362851 -0.736932 0.4566618 0.4983885 -0.7369211 0.4567084 0.4983621 -0.7369185 0.4983909 0.4566811 -0.7369499 0.4983562 0.4566683 -0.7369422 0.5362753 0.4114913 -0.7369428 0.5362697 0.4114975 -0.7369572 0.5700686 0.3632023 -0.7369457 0.5700941 0.3631857 -0.7369431 0.5995827 0.3121147 -0.7369478 0.5995714 0.312125 -0.7369335 0.6245135 0.2586736 -0.7369088 0.6245446 0.2586688 -0.7369368 0.6446768 0.2032635 -0.736935 0.6446787 0.2032639 -0.7369001 0.6599817 0.1462958 -0.7369534 0.6599205 0.1463038 -0.7369109 0.6702077 0.08822619 -0.7369532 0.6701606 0.08823204 -0.7369743 0.6752775 0.02948439 -0.7369108 0.6753468 0.02948421 -0.7369279 0.6753281 -0.02948385 -0.7369537 0.6752999 -0.02948457 -0.736912 0.6702067 -0.08822607 -0.7369489 0.6701653 -0.0882318 -0.736952 0.6599216 -0.1463058 -0.7369229 0.6599557 -0.1462982 -0.7369833 0.6446192 -0.2032778 -0.7369248 0.6446916 -0.2032598 -0.7369304 0.624516 -0.2586762 -0.7369334 0.6245132 -0.2586747 -0.7369592 0.5995567 -0.3121267 -0.7369505 0.5995718 -0.312118 -0.7369686 0.5700585 -0.363195 -0.7369413 0.5700951 -0.363193 -0.736931 0.536285 -0.4114988 -0.7369579 0.536252 -0.4114934 -0.7369588 0.4983357 -0.4566764 -0.7369282 0.4983783 -0.4566794 -0.7369433 0.4566536 -0.4983795 -0.7369248 0.4566906 -0.498373 -0.7369394 0.4115082 -0.5362663 -0.7369382 0.4114832 -0.536287 -0.7369451 0.3631879 -0.5700935 -0.7369611 0.3631951 -0.5700681 -0.7369467 0.3121122 -0.5995795 -0.7369407 0.3121296 -0.5995779 -0.7369405 0.2586985 -0.624495 -0.7369464 0.2586708 -0.6244994 -0.7369471 0.2032491 -0.6446697 -0.7369338 0.2032813 -0.6446746 -0.7369232 0.1463031 -0.6599543 -0.7369525 0.1462941 -0.6599236 -0.7369225 0.08823156 -0.6701944 -0.7369626 0.08822244 -0.6701515 -0.736945 0.02948319 -0.6753095 -0.7369152 0.02948409 -0.6753419 -0.7369225 -0.02948576 -0.6753339 -0.7930941 -0.02656936 -0.6085195 -0.7930516 -0.07950866 -0.6039434 -0.7930788 -0.07951086 -0.6039074 -0.7930888 -0.1318259 -0.5946699 -0.7930895 -0.1318459 -0.5946645 -0.7930703 -0.1831633 -0.5809394 -0.7930802 -0.183167 -0.5809248 -0.7930684 -0.2331097 -0.5627632 -0.7930679 -0.2331017 -0.5627671 -0.7930689 -0.2812668 -0.540306 -0.79307 -0.2812664 -0.5403048 -0.7930808 -0.3272464 -0.5137438 -0.7930634 -0.3272993 -0.5137372 -0.7930721 -0.3708277 -0.4832427 -0.7930788 -0.3708 -0.4832532 -0.7930892 -0.4114893 -0.4490948 -0.7930638 -0.4115636 -0.4490714 -0.7930936 -0.449056 -0.4115231 -0.7930555 -0.4491302 -0.4115156 -0.7930862 -0.4832321 -0.3708113 -0.7930563 -0.4832872 -0.3708036 -0.793088 -0.5137025 -0.3272938 -0.7930532 -0.5137692 -0.3272734 -0.7930895 -0.5402753 -0.2812682 -0.7930542 -0.5403331 -0.2812568 -0.7930673 -0.5627689 -0.2330996 -0.7930716 -0.562762 -0.2331017 -0.7930809 -0.5809233 -0.1831691 -0.7930722 -0.5809374 -0.1831623 -0.7930501 -0.5947201 -0.1318327 -0.7930824 -0.5946758 -0.131838 -0.7931004 -0.6038793 -0.0795077 -0.7930765 -0.6039106 -0.07950896 -0.7930999 -0.6085119 -0.026573 -0.7930618 -0.6085616 -0.02656894 -0.793102 -0.6085091 0.02657139 -0.7930384 -0.6085919 0.0265699 -0.7930421 -0.6039564 0.07950341 -0.7931043 -0.6038739 0.07951027 -0.7930495 -0.5947209 0.1318314 -0.7930819 -0.5946761 0.1318395 -0.7931296 -0.5808541 0.1831781 -0.7930442 -0.5809772 0.1831575 -0.7931131 -0.562699 0.2331128 -0.793048 -0.5627986 0.233094 -0.7930895 -0.5402753 0.2812682 -0.7930676 -0.54031 0.2812632 -0.793088 -0.5137025 0.3272938 -0.7930631 -0.5137527 0.3272756 -0.793105 -0.4831945 0.3708201 -0.7930435 -0.4833107 0.3708004 -0.7930672 -0.4491039 0.411522 -0.7930743 -0.4490939 0.4115189 -0.7930729 -0.4115299 0.4490864 -0.7930713 -0.4115442 0.4490762 -0.7930865 -0.3707854 0.4832515 -0.7930654 -0.3708395 0.4832445 -0.7930811 -0.3272465 0.5137432 -0.7930585 -0.3273046 0.5137413 -0.7930747 -0.2812443 0.5403096 -0.7930777 -0.2812809 0.5402858 -0.7930731 -0.2330866 0.5627661 -0.793069 -0.2331103 0.5627622 -0.7930743 -0.1831397 0.5809416 -0.7930755 -0.1831827 0.5809263 -0.7931059 -0.1318328 0.5946455 -0.7930712 -0.1318422 0.5946896 -0.7930698 -0.07950556 0.6039199 -0.7930566 -0.0795086 0.6039369 -0.7930696 -0.02656722 0.6085513 -0.7930936 -0.02656936 0.6085202 -0.7930696 0.02657026 0.6085513 -0.7930941 0.02656936 0.6085195 -0.7930516 0.07950866 0.6039434 -0.7930788 0.07951086 0.6039074 -0.7930888 0.1318259 0.5946699 -0.7930895 0.1318459 0.5946645 -0.7930703 0.1831633 0.5809394 -0.7930802 0.183167 0.5809248 -0.7930684 0.2331097 0.5627632 -0.7930679 0.2331017 0.5627671 -0.7930689 0.2812668 0.540306 -0.79307 0.2812664 0.5403048 -0.7930808 0.3272464 0.5137438 -0.7930634 0.3272993 0.5137372 -0.7930721 0.3708277 0.4832427 -0.7930788 0.3708 0.4832532 -0.7930892 0.4114893 0.4490948 -0.7930638 0.4115636 0.4490714 -0.7930936 0.449056 0.4115231 -0.7930555 0.4491302 0.4115156 -0.7930862 0.4832321 0.3708113 -0.7930563 0.4832872 0.3708036 -0.793088 0.5137025 0.3272938 -0.7930532 0.5137692 0.3272734 -0.7930895 0.5402753 0.2812682 -0.7930542 0.5403331 0.2812568 -0.7930673 0.5627689 0.2330996 -0.7930716 0.562762 0.2331017 -0.7930809 0.5809233 0.1831691 -0.7930722 0.5809374 0.1831623 -0.7930501 0.5947201 0.1318327 -0.7930824 0.5946758 0.131838 -0.7931004 0.6038793 0.0795077 -0.7930765 0.6039106 0.07950896 -0.7930999 0.6085119 0.026573 -0.7930618 0.6085616 0.02656894 -0.793102 0.6085091 -0.02657139 -0.7930384 0.6085919 -0.0265699 -0.7930421 0.6039564 -0.07950341 -0.7931043 0.6038739 -0.07951027 -0.7930495 0.5947209 -0.1318314 -0.7930819 0.5946761 -0.1318395 -0.7931296 0.5808541 -0.1831781 -0.7930442 0.5809772 -0.1831575 -0.7931131 0.562699 -0.2331128 -0.793048 0.5627986 -0.233094 -0.7930895 0.5402753 -0.2812682 -0.7930676 0.54031 -0.2812632 -0.793088 0.5137025 -0.3272938 -0.7930631 0.5137527 -0.3272756 -0.793105 0.4831945 -0.3708201 -0.7930435 0.4833107 -0.3708004 -0.7930672 0.4491039 -0.411522 -0.7930743 0.4490939 -0.4115189 -0.7930729 0.4115299 -0.4490864 -0.7930713 0.4115442 -0.4490762 -0.7930865 0.3707854 -0.4832515 -0.7930654 0.3708395 -0.4832445 -0.7930811 0.3272465 -0.5137432 -0.7930585 0.3273046 -0.5137413 -0.7930747 0.2812443 -0.5403096 -0.7930777 0.2812809 -0.5402858 -0.7930731 0.2330866 -0.5627661 -0.793069 0.2331103 -0.5627622 -0.7930743 0.1831397 -0.5809416 -0.7930755 0.1831827 -0.5809263 -0.7931059 0.1318328 -0.5946455 -0.7930712 0.1318422 -0.5946896 -0.7930698 0.07950556 -0.6039199 -0.7930566 0.0795086 -0.6039369 -0.7930696 0.02656722 -0.6085513 -0.7930936 0.02656936 -0.6085202 -0.7930696 -0.02657026 -0.6085513 -0.8431667 -0.02345103 -0.5371405 -0.8431578 -0.07018566 -0.5330657 -0.843176 -0.07016444 -0.5330396 -0.8431574 -0.116381 -0.5249202 -0.8431513 -0.11636 -0.5249346 -0.8431451 -0.1616786 -0.5128024 -0.8431656 -0.1616752 -0.5127699 -0.8431525 -0.2057871 -0.496735 -0.8431704 -0.2057328 -0.4967273 -0.843153 -0.2482897 -0.4769124 -0.8431572 -0.2482516 -0.4769248 -0.8431265 -0.2889658 -0.4534716 -0.8431723 -0.2888604 -0.4534537 -0.8431394 -0.3273563 -0.4265608 -0.843181 -0.3272555 -0.4265557 -0.8431391 -0.3632947 -0.3964006 -0.843172 -0.3631926 -0.3964242 -0.8431395 -0.3964551 -0.3632345 -0.8431805 -0.3963554 -0.3632479 -0.8431639 -0.4265463 -0.327312 -0.8431658 -0.4265439 -0.3273099 -0.8431283 -0.4535256 -0.2888762 -0.8431667 -0.4534443 -0.2888915 -0.8431594 -0.4769145 -0.2482635 -0.84317 -0.4768916 -0.2482718 -0.8431227 -0.4968025 -0.2057462 -0.8431882 -0.4966837 -0.2057646 -0.8431604 -0.5127767 -0.1616809 -0.8431521 -0.5127915 -0.1616778 -0.8431244 -0.5249761 -0.1163676 -0.8432021 -0.5248494 -0.1163757 -0.84314 -0.5330951 -0.07017654 -0.8431837 -0.5330256 -0.07017886 -0.8431318 -0.5371953 -0.02345091 -0.8431799 -0.5371199 -0.02345407 -0.8431299 -0.5371984 0.02345103 -0.8431942 -0.5370975 0.02345424 -0.843141 -0.5330938 0.07017564 -0.8431851 -0.5330234 0.07018005 -0.8431288 -0.5249694 0.1163662 -0.843189 -0.5248704 0.1163763 -0.8431199 -0.5128462 0.1616713 -0.8431744 -0.5127525 0.1616842 -0.8431193 -0.4968077 0.2057476 -0.8431886 -0.4966839 0.2057626 -0.8431828 -0.4768719 0.2482661 -0.8431587 -0.4769117 0.2482715 -0.843128 -0.4535255 0.2888769 -0.8431702 -0.4534373 0.2888922 -0.8431707 -0.4265373 0.3273059 -0.8431613 -0.4265483 0.327316 -0.8431395 -0.3964551 0.3632345 -0.8431828 -0.3963521 0.3632462 -0.8431473 -0.3632599 0.3964152 -0.8431703 -0.3632141 0.3964083 -0.8431534 -0.3273428 0.4265432 -0.843169 -0.3272669 0.4265705 -0.8431523 -0.2889089 0.4534599 -0.843153 -0.2888966 0.4534664 -0.8431579 -0.2482666 0.4769155 -0.843158 -0.2482548 0.4769218 -0.8431568 -0.2057636 0.4967375 -0.8431715 -0.2057425 0.496721 -0.8431593 -0.1616719 0.5127815 -0.8431578 -0.1616789 0.5127814 -0.8431712 -0.1163762 0.5248989 -0.8431483 -0.1163582 0.5249399 -0.8431577 -0.07018566 0.5330657 -0.8431838 -0.07016587 0.533027 -0.8431723 -0.0234574 0.5371317 -0.8431538 -0.02344882 0.5371609 -0.8431582 0.02345305 0.5371539 -0.8431667 0.02345103 0.5371405 -0.8431578 0.07018566 0.5330657 -0.843176 0.07016444 0.5330396 -0.8431574 0.116381 0.5249202 -0.8431513 0.11636 0.5249346 -0.8431451 0.1616786 0.5128024 -0.8431656 0.1616752 0.5127699 -0.8431525 0.2057871 0.496735 -0.8431704 0.2057328 0.4967273 -0.843153 0.2482897 0.4769124 -0.8431572 0.2482516 0.4769248 -0.8431265 0.2889658 0.4534716 -0.8431723 0.2888604 0.4534537 -0.8431394 0.3273563 0.4265608 -0.843181 0.3272555 0.4265557 -0.8431391 0.3632947 0.3964006 -0.843172 0.3631926 0.3964242 -0.8431395 0.3964551 0.3632345 -0.8431805 0.3963554 0.3632479 -0.8431639 0.4265463 0.327312 -0.8431658 0.4265439 0.3273099 -0.8431283 0.4535256 0.2888762 -0.8431667 0.4534443 0.2888915 -0.8431594 0.4769145 0.2482635 -0.84317 0.4768916 0.2482718 -0.8431227 0.4968025 0.2057462 -0.8431882 0.4966837 0.2057646 -0.8431604 0.5127767 0.1616809 -0.8431521 0.5127915 0.1616778 -0.8431244 0.5249761 0.1163676 -0.8432021 0.5248494 0.1163757 -0.84314 0.5330951 0.07017654 -0.8431837 0.5330256 0.07017886 -0.8431318 0.5371953 0.02345091 -0.8431799 0.5371199 0.02345407 -0.8431299 0.5371984 -0.02345103 -0.8431942 0.5370975 -0.02345424 -0.843141 0.5330938 -0.07017564 -0.8431851 0.5330234 -0.07018005 -0.8431288 0.5249694 -0.1163662 -0.843189 0.5248704 -0.1163763 -0.8431199 0.5128462 -0.1616713 -0.8431744 0.5127525 -0.1616842 -0.8431193 0.4968077 -0.2057476 -0.8431886 0.4966839 -0.2057626 -0.8431828 0.4768719 -0.2482661 -0.8431587 0.4769117 -0.2482715 -0.843128 0.4535255 -0.2888769 -0.8431702 0.4534373 -0.2888922 -0.8431707 0.4265373 -0.3273059 -0.8431613 0.4265483 -0.327316 -0.8431395 0.3964551 -0.3632345 -0.8431828 0.3963521 -0.3632462 -0.8431473 0.3632599 -0.3964152 -0.8431703 0.3632141 -0.3964083 -0.8431534 0.3273428 -0.4265432 -0.843169 0.3272669 -0.4265705 -0.8431523 0.2889089 -0.4534599 -0.843153 0.2888966 -0.4534664 -0.8431579 0.2482666 -0.4769155 -0.843158 0.2482548 -0.4769218 -0.8431568 0.2057636 -0.4967375 -0.8431715 0.2057425 -0.496721 -0.8431593 0.1616719 -0.5127815 -0.8431578 0.1616789 -0.5127814 -0.8431712 0.1163762 -0.5248989 -0.8431483 0.1163582 -0.5249399 -0.8431577 0.07018566 -0.5330657 -0.8431838 0.07016587 -0.533027 -0.8431723 0.0234574 -0.5371317 -0.8431538 0.02344882 -0.5371609 -0.8431582 -0.02345305 -0.5371539 -0.8868319 -0.02015501 -0.4616526 -0.8868365 -0.06030756 -0.4581311 -0.8868271 -0.06031352 -0.4581485 -0.8868157 -0.1000173 -0.4511701 -0.8868404 -0.1000193 -0.4511212 -0.8868387 -0.1389297 -0.4406991 -0.8868251 -0.1389752 -0.4407122 -0.8868371 -0.176826 -0.4269104 -0.8868208 -0.1768268 -0.4269442 -0.8868278 -0.2133664 -0.4098921 -0.8868287 -0.213377 -0.4098845 -0.8868311 -0.2482658 -0.3897368 -0.8868325 -0.2482811 -0.3897238 -0.8868252 -0.2813259 -0.3666018 -0.8868274 -0.2813045 -0.3666129 -0.8868162 -0.3122135 -0.3407047 -0.8868445 -0.3121445 -0.3406945 -0.8868328 -0.3406862 -0.312187 -0.886824 -0.3407036 -0.3121929 -0.8868109 -0.366645 -0.2813147 -0.8868303 -0.3666071 -0.2813029 -0.8868193 -0.3897522 -0.2482835 -0.886842 -0.389698 -0.248288 -0.8868235 -0.4098978 -0.2133724 -0.8868249 -0.4098941 -0.2133743 -0.8868092 -0.4269648 -0.1768351 -0.8868272 -0.4269275 -0.1768348 -0.8868257 -0.4407181 -0.1389529 -0.8868533 -0.4406599 -0.1389607 -0.8868207 -0.4511609 -0.1000152 -0.8868221 -0.4511575 -0.1000183 -0.8868464 -0.4581103 -0.0603199 -0.8868364 -0.45813 -0.06031799 -0.8868084 -0.4616976 -0.02015596 -0.8868319 -0.4616523 -0.02015644 -0.8868096 -0.4616953 0.02015584 -0.8868286 -0.461659 0.0201565 -0.8868476 -0.4581081 0.06031888 -0.8868214 -0.4581587 0.06031805 -0.8868162 -0.4511694 0.1000163 -0.8868294 -0.451143 0.1000176 -0.8868604 -0.4406453 0.1389622 -0.8868415 -0.4406858 0.1389543 -0.8868499 -0.426878 0.1768403 -0.886813 -0.426957 0.1768343 -0.886859 -0.4098167 0.2133809 -0.886808 -0.409933 0.2133695 -0.8868221 -0.3897482 0.2482801 -0.8868436 -0.3896925 0.2482912 -0.8868321 -0.366595 0.281313 -0.8868201 -0.3666309 0.2813043 -0.8868277 -0.3406936 0.312193 -0.8868309 -0.3406942 0.3121836 -0.8868214 -0.3122068 0.3406973 -0.8868359 -0.3121664 0.3406968 -0.8868252 -0.2813259 0.3666018 -0.8868294 -0.2813013 0.3666106 -0.8868309 -0.2482658 0.3897371 -0.8868398 -0.2482597 0.3897209 -0.8868428 -0.2133339 0.4098765 -0.8868235 -0.2133888 0.4098895 -0.886837 -0.176826 0.4269108 -0.8868277 -0.176835 0.4269265 -0.8868389 -0.1389297 0.440699 -0.8868329 -0.1389622 0.4407005 -0.8868365 -0.1000087 0.4511311 -0.8868162 -0.1000293 0.4511664 -0.8868261 -0.06031018 0.458151 -0.8868333 -0.06030893 0.458137 -0.8868154 -0.02015709 0.4616843 -0.8868218 -0.02016198 0.4616714 -0.8868048 0.02016025 0.4617042 -0.8868319 0.02015501 0.4616526 -0.8868365 0.06030756 0.4581311 -0.8868271 0.06031352 0.4581485 -0.8868157 0.1000173 0.4511701 -0.8868404 0.1000193 0.4511212 -0.8868387 0.1389297 0.4406991 -0.8868251 0.1389752 0.4407122 -0.8868371 0.176826 0.4269104 -0.8868208 0.1768268 0.4269442 -0.8868278 0.2133664 0.4098921 -0.8868287 0.213377 0.4098845 -0.8868311 0.2482658 0.3897368 -0.8868325 0.2482811 0.3897238 -0.8868252 0.2813259 0.3666018 -0.8868274 0.2813045 0.3666129 -0.8868162 0.3122135 0.3407047 -0.8868445 0.3121445 0.3406945 -0.8868328 0.3406862 0.312187 -0.886824 0.3407036 0.3121929 -0.8868109 0.366645 0.2813147 -0.8868303 0.3666071 0.2813029 -0.8868193 0.3897522 0.2482835 -0.886842 0.389698 0.248288 -0.8868235 0.4098978 0.2133724 -0.8868249 0.4098941 0.2133743 -0.8868092 0.4269648 0.1768351 -0.8868272 0.4269275 0.1768348 -0.8868257 0.4407181 0.1389529 -0.8868533 0.4406599 0.1389607 -0.8868207 0.4511609 0.1000152 -0.8868221 0.4511575 0.1000183 -0.8868464 0.4581103 0.0603199 -0.8868364 0.45813 0.06031799 -0.8868084 0.4616976 0.02015596 -0.8868319 0.4616523 0.02015644 -0.8868096 0.4616953 -0.02015584 -0.8868286 0.461659 -0.0201565 -0.8868476 0.4581081 -0.06031888 -0.8868214 0.4581587 -0.06031805 -0.8868162 0.4511694 -0.1000163 -0.8868294 0.451143 -0.1000176 -0.8868604 0.4406453 -0.1389622 -0.8868415 0.4406858 -0.1389543 -0.8868499 0.426878 -0.1768403 -0.886813 0.426957 -0.1768343 -0.886859 0.4098167 -0.2133809 -0.886808 0.409933 -0.2133695 -0.8868221 0.3897482 -0.2482801 -0.8868436 0.3896925 -0.2482912 -0.8868321 0.366595 -0.281313 -0.8868201 0.3666309 -0.2813043 -0.8868277 0.3406936 -0.312193 -0.8868309 0.3406942 -0.3121836 -0.8868214 0.3122068 -0.3406973 -0.8868359 0.3121664 -0.3406968 -0.8868252 0.2813259 -0.3666018 -0.8868294 0.2813013 -0.3666106 -0.8868309 0.2482658 -0.3897371 -0.8868398 0.2482597 -0.3897209 -0.8868428 0.2133339 -0.4098765 -0.8868235 0.2133888 -0.4098895 -0.886837 0.176826 -0.4269108 -0.8868277 0.176835 -0.4269265 -0.8868389 0.1389297 -0.440699 -0.8868329 0.1389622 -0.4407005 -0.8868365 0.1000087 -0.4511311 -0.8868162 0.1000293 -0.4511664 -0.8868261 0.06031018 -0.458151 -0.8868333 0.06030893 -0.458137 -0.8868154 0.02015709 -0.4616843 -0.8868218 0.02016198 -0.4616714 -0.8868048 -0.02016025 -0.4617042 -0.9237554 -0.01670581 -0.3826186 -0.92375 -0.04999548 -0.3797187 -0.9237504 -0.04999697 -0.3797179 -0.9237501 -0.08289629 -0.3739169 -0.9237558 -0.0828976 -0.3739028 -0.9237506 -0.1151648 -0.3652696 -0.9237453 -0.1151793 -0.3652786 -0.9237514 -0.1465581 -0.3538422 -0.9237501 -0.14656 -0.3538447 -0.9237489 -0.1768565 -0.3397206 -0.9237447 -0.1768649 -0.3397274 -0.9237439 -0.2058168 -0.323012 -0.9237491 -0.2057904 -0.323014 -0.9237509 -0.2331506 -0.3038505 -0.9237515 -0.2331509 -0.3038483 -0.9237577 -0.2587271 -0.2823687 -0.923753 -0.2587531 -0.2823604 -0.9237555 -0.2823619 -0.2587424 -0.9237492 -0.2823776 -0.2587479 -0.9237433 -0.3038696 -0.2331563 -0.9237598 -0.3038278 -0.2331451 -0.9237506 -0.3230173 -0.2057779 -0.9237499 -0.3230158 -0.2057834 -0.9237602 -0.3396973 -0.1768418 -0.9237448 -0.3397354 -0.176849 -0.9237445 -0.3538573 -0.1465646 -0.9237426 -0.3538618 -0.1465656 -0.9237266 -0.3653301 -0.1151664 -0.9237483 -0.3652748 -0.1151667 -0.923725 -0.3739799 -0.08289241 -0.923771 -0.3738655 -0.08289617 -0.9237456 -0.3797301 -0.04999136 -0.9237326 -0.3797617 -0.04998928 -0.9237455 -0.3826427 -0.01670533 -0.9237601 -0.3826071 -0.0167061 -0.9237464 -0.3826401 0.01670676 -0.9237561 -0.3826167 0.01670467 -0.9237475 -0.3797256 0.04998999 -0.9237371 -0.3797509 0.04999101 -0.9237576 -0.3738989 0.08289527 -0.9237593 -0.3738948 0.08289504 -0.9237616 -0.3652406 0.1151689 -0.9237354 -0.3653076 0.115167 -0.9237435 -0.3538592 0.1465662 -0.923769 -0.3537918 0.146568 -0.9237717 -0.3396618 0.1768494 -0.9237509 -0.3397211 0.1768448 -0.9237506 -0.3230173 0.2057779 -0.9237534 -0.3230054 0.2057846 -0.9237641 -0.3038118 0.2331492 -0.9237421 -0.3038775 0.2331505 -0.9237553 -0.2823619 0.2587431 -0.9237509 -0.2823728 0.258747 -0.9237613 -0.2587212 0.2823624 -0.9237477 -0.2587641 0.2823674 -0.9237405 -0.2331965 0.303847 -0.9237594 -0.2331125 0.3038539 -0.9237599 -0.2057608 0.3230018 -0.9237394 -0.2058264 0.323019 -0.9237526 -0.1768329 0.3397223 -0.9237498 -0.1768593 0.3397163 -0.9237515 -0.1465581 0.3538417 -0.923748 -0.146567 0.3538474 -0.9237464 -0.1151461 0.3652865 -0.9237501 -0.115184 0.3652648 -0.9237574 -0.08289253 0.3738999 -0.9237506 -0.08289152 0.3739169 -0.9237496 -0.05000764 0.3797183 -0.9237527 -0.04999023 0.3797129 -0.9237504 -0.01670569 0.3826308 -0.9237647 -0.01670479 0.3825958 -0.9237574 0.0167042 0.3826137 -0.9237554 0.01670581 0.3826186 -0.92375 0.04999548 0.3797187 -0.9237504 0.04999697 0.3797179 -0.9237501 0.08289629 0.3739169 -0.9237558 0.0828976 0.3739028 -0.9237506 0.1151648 0.3652696 -0.9237453 0.1151793 0.3652786 -0.9237514 0.1465581 0.3538422 -0.9237501 0.14656 0.3538447 -0.9237489 0.1768565 0.3397206 -0.9237447 0.1768649 0.3397274 -0.9237439 0.2058168 0.323012 -0.9237491 0.2057904 0.323014 -0.9237509 0.2331506 0.3038505 -0.9237515 0.2331509 0.3038483 -0.9237577 0.2587271 0.2823687 -0.923753 0.2587531 0.2823604 -0.9237555 0.2823619 0.2587424 -0.9237492 0.2823776 0.2587479 -0.9237433 0.3038696 0.2331563 -0.9237598 0.3038278 0.2331451 -0.9237506 0.3230173 0.2057779 -0.9237499 0.3230158 0.2057834 -0.9237602 0.3396973 0.1768418 -0.9237448 0.3397354 0.176849 -0.9237445 0.3538573 0.1465646 -0.9237426 0.3538618 0.1465656 -0.9237266 0.3653301 0.1151664 -0.9237483 0.3652748 0.1151667 -0.923725 0.3739799 0.08289241 -0.923771 0.3738655 0.08289617 -0.9237456 0.3797301 0.04999136 -0.9237326 0.3797617 0.04998928 -0.9237455 0.3826427 0.01670533 -0.9237601 0.3826071 0.0167061 -0.9237464 0.3826401 -0.01670676 -0.9237561 0.3826167 -0.01670467 -0.9237475 0.3797256 -0.04998999 -0.9237371 0.3797509 -0.04999101 -0.9237576 0.3738989 -0.08289527 -0.9237593 0.3738948 -0.08289504 -0.9237616 0.3652406 -0.1151689 -0.9237354 0.3653076 -0.115167 -0.9237435 0.3538592 -0.1465662 -0.923769 0.3537918 -0.146568 -0.9237717 0.3396618 -0.1768494 -0.9237509 0.3397211 -0.1768448 -0.9237506 0.3230173 -0.2057779 -0.9237534 0.3230054 -0.2057846 -0.9237641 0.3038118 -0.2331492 -0.9237421 0.3038775 -0.2331505 -0.9237553 0.2823619 -0.2587431 -0.9237509 0.2823728 -0.258747 -0.9237613 0.2587212 -0.2823624 -0.9237477 0.2587641 -0.2823674 -0.9237405 0.2331965 -0.303847 -0.9237594 0.2331125 -0.3038539 -0.9237599 0.2057608 -0.3230018 -0.9237394 0.2058264 -0.323019 -0.9237526 0.1768329 -0.3397223 -0.9237498 0.1768593 -0.3397163 -0.9237515 0.1465581 -0.3538417 -0.923748 0.146567 -0.3538474 -0.9237464 0.1151461 -0.3652865 -0.9237501 0.115184 -0.3652648 -0.9237574 0.08289253 -0.3738999 -0.9237506 0.08289152 -0.3739169 -0.9237496 0.05000764 -0.3797183 -0.9237527 0.04999023 -0.3797129 -0.9237504 0.01670569 -0.3826308 -0.9237647 0.01670479 -0.3825958 -0.9237574 -0.0167042 -0.3826137 -0.9536423 -0.01312512 -0.3006563 -0.9536415 -0.03928047 -0.2983705 -0.9536332 -0.03927898 -0.2983973 -0.9536419 -0.06513011 -0.2938117 -0.9536352 -0.06514698 -0.2938297 -0.9536367 -0.09050506 -0.2870296 -0.9536435 -0.09050047 -0.2870086 -0.9536426 -0.1151566 -0.2780376 -0.9536348 -0.1151878 -0.2780511 -0.9536368 -0.13897 -0.2669538 -0.9536402 -0.1389532 -0.2669501 -0.9536362 -0.1617113 -0.2538256 -0.9536355 -0.1617166 -0.2538251 -0.9536322 -0.1832397 -0.2387656 -0.9536456 -0.1831767 -0.2387604 -0.9536296 -0.2033621 -0.2218886 -0.9536367 -0.2033215 -0.221895 -0.9536299 -0.2219277 -0.2033183 -0.9536429 -0.2218627 -0.2033273 -0.9536517 -0.2387099 -0.1832104 -0.9536299 -0.2387969 -0.1832105 -0.9536358 -0.2538341 -0.1617007 -0.9536437 -0.2537993 -0.1617082 -0.9536312 -0.2669765 -0.1389647 -0.9536374 -0.2669525 -0.1389681 -0.9536416 -0.2780348 -0.1151711 -0.9536501 -0.2780058 -0.115171 -0.9536581 -0.28696 -0.09050077 -0.9536275 -0.2870626 -0.09049797 -0.9536331 -0.2938386 -0.06513786 -0.9536455 -0.293798 -0.06513857 -0.9536334 -0.2983962 -0.0392822 -0.9536409 -0.298372 -0.03928226 -0.9536495 -0.3006336 -0.01312768 -0.953638 -0.3006697 -0.01312875 -0.9536495 -0.3006334 0.01312768 -0.9536482 -0.3006372 0.01312887 -0.9536604 -0.2983095 0.03928357 -0.9536339 -0.2983951 0.03928172 -0.9536601 -0.2937504 0.06513977 -0.9536322 -0.2938413 0.0651375 -0.9536579 -0.2869608 0.09050029 -0.953632 -0.2870472 0.09049862 -0.9536421 -0.2780332 0.1151708 -0.9536449 -0.2780234 0.115171 -0.9536558 -0.2668864 0.1389684 -0.9536226 -0.2670063 0.138966 -0.9536336 -0.25384 0.1617044 -0.9536452 -0.2537954 0.1617058 -0.9536385 -0.2387611 0.1832125 -0.9536366 -0.2387729 0.1832072 -0.9536299 -0.2219277 0.2033183 -0.9536415 -0.221869 0.2033275 -0.953639 -0.2033156 0.2218908 -0.9536338 -0.2033376 0.2218928 -0.9536429 -0.1831886 0.2387622 -0.9536382 -0.1832121 0.2387629 -0.9536361 -0.1617113 0.2538263 -0.9536355 -0.1617169 0.253825 -0.9536366 -0.13897 0.2669543 -0.95364 -0.1389611 0.2669472 -0.9536356 -0.1151859 0.2780495 -0.9536402 -0.1151735 0.2780389 -0.9536411 -0.09050083 0.2870162 -0.953639 -0.09051293 0.2870195 -0.9536367 -0.06514519 0.2938252 -0.9536386 -0.06513887 0.2938204 -0.953637 -0.03928834 0.2983842 -0.953634 -0.03927564 0.298395 -0.9536371 -0.01312839 0.3006726 -0.9536358 -0.01312905 0.3006768 -0.9536326 0.01313054 0.3006865 -0.9536423 0.01312512 0.3006563 -0.9536415 0.03928047 0.2983705 -0.9536332 0.03927898 0.2983973 -0.9536419 0.06513011 0.2938117 -0.9536352 0.06514698 0.2938297 -0.9536367 0.09050506 0.2870296 -0.9536435 0.09050047 0.2870086 -0.9536426 0.1151566 0.2780376 -0.9536348 0.1151878 0.2780511 -0.9536368 0.13897 0.2669538 -0.9536402 0.1389532 0.2669501 -0.9536362 0.1617113 0.2538256 -0.9536355 0.1617166 0.2538251 -0.9536322 0.1832397 0.2387656 -0.9536456 0.1831767 0.2387604 -0.9536296 0.2033621 0.2218886 -0.9536367 0.2033215 0.221895 -0.9536299 0.2219277 0.2033183 -0.9536429 0.2218627 0.2033273 -0.9536517 0.2387099 0.1832104 -0.9536299 0.2387969 0.1832105 -0.9536358 0.2538341 0.1617007 -0.9536437 0.2537993 0.1617082 -0.9536312 0.2669765 0.1389647 -0.9536374 0.2669525 0.1389681 -0.9536416 0.2780348 0.1151711 -0.9536501 0.2780058 0.115171 -0.9536581 0.28696 0.09050077 -0.9536275 0.2870626 0.09049797 -0.9536331 0.2938386 0.06513786 -0.9536455 0.293798 0.06513857 -0.9536334 0.2983962 0.0392822 -0.9536409 0.298372 0.03928226 -0.9536495 0.3006336 0.01312768 -0.953638 0.3006697 0.01312875 -0.9536495 0.3006334 -0.01312768 -0.9536482 0.3006372 -0.01312887 -0.9536604 0.2983095 -0.03928357 -0.9536339 0.2983951 -0.03928172 -0.9536601 0.2937504 -0.06513977 -0.9536322 0.2938413 -0.0651375 -0.9536579 0.2869608 -0.09050029 -0.953632 0.2870472 -0.09049862 -0.9536421 0.2780332 -0.1151708 -0.9536449 0.2780234 -0.115171 -0.9536558 0.2668864 -0.1389684 -0.9536226 0.2670063 -0.138966 -0.9536336 0.25384 -0.1617044 -0.9536452 0.2537954 -0.1617058 -0.9536385 0.2387611 -0.1832125 -0.9536366 0.2387729 -0.1832072 -0.9536299 0.2219277 -0.2033183 -0.9536415 0.221869 -0.2033275 -0.953639 0.2033156 -0.2218908 -0.9536338 0.2033376 -0.2218928 -0.9536429 0.1831886 -0.2387622 -0.9536382 0.1832121 -0.2387629 -0.9536361 0.1617113 -0.2538263 -0.9536355 0.1617169 -0.253825 -0.9536366 0.13897 -0.2669543 -0.95364 0.1389611 -0.2669472 -0.9536356 0.1151859 -0.2780495 -0.9536402 0.1151735 -0.2780389 -0.9536411 0.09050083 -0.2870162 -0.953639 0.09051293 -0.2870195 -0.9536367 0.06514519 -0.2938252 -0.9536386 0.06513887 -0.2938204 -0.953637 0.03928834 -0.2983842 -0.953634 0.03927564 -0.298395 -0.9536371 0.01312839 -0.3006726 -0.9536358 0.01312905 -0.3006768 -0.9536326 -0.01313054 -0.3006865 -0.976257 -0.009446144 -0.2164095 -0.9762517 -0.02827495 -0.2147868 -0.9762577 -0.02827435 -0.2147596 -0.9762536 -0.04689109 -0.2114949 -0.9762542 -0.04688787 -0.211493 -0.9762539 -0.06513994 -0.2066037 -0.9762535 -0.06514286 -0.2066053 -0.9762534 -0.08290541 -0.2001399 -0.9762555 -0.08289158 -0.2001355 -0.9762594 -0.09998971 -0.1921447 -0.9762563 -0.1000189 -0.1921455 -0.9762526 -0.1164059 -0.1827037 -0.9762595 -0.1163578 -0.1826974 -0.9762601 -0.1318277 -0.1718654 -0.9762532 -0.1318824 -0.1718627 -0.9762583 -0.1463263 -0.1597136 -0.9762578 -0.1463327 -0.1597114 -0.976262 -0.1596689 -0.1463503 -0.9762524 -0.1597248 -0.146353 -0.976258 -0.1718457 -0.1318696 -0.9762552 -0.1718564 -0.1318756 -0.9762589 -0.1826784 -0.1163927 -0.9762554 -0.1826967 -0.1163935 -0.9762542 -0.1921522 -0.100026 -0.9762503 -0.1921725 -0.1000265 -0.9762749 -0.2000371 -0.08290076 -0.9762392 -0.2002119 -0.08289897 -0.9762331 -0.206702 -0.06514084 -0.9762543 -0.2066015 -0.06514161 -0.9762441 -0.2115404 -0.04688662 -0.9762598 -0.2114676 -0.04688626 -0.9762645 -0.214728 -0.02827531 -0.9762449 -0.2148171 -0.02827519 -0.9762442 -0.216467 -0.009448945 -0.9762449 -0.2164641 -0.009449303 -0.9762436 -0.21647 0.009449064 -0.9762465 -0.2164565 0.009449183 -0.9762436 -0.2148234 0.02827477 -0.9762572 -0.2147617 0.02827548 -0.9762457 -0.2115331 0.04688543 -0.9762542 -0.2114935 0.04688727 -0.9762523 -0.2066106 0.06514173 -0.9762491 -0.2066259 0.06514149 -0.9762737 -0.2000418 0.08290272 -0.97624 -0.2002092 0.08289718 -0.9762452 -0.1921988 0.1000255 -0.9762478 -0.1921851 0.1000263 -0.9762583 -0.1826806 0.1163941 -0.9762533 -0.1827086 0.1163924 -0.9762567 -0.1718498 0.1318731 -0.9762559 -0.1718554 0.1318722 -0.9762533 -0.1597197 0.146353 -0.9762585 -0.1596906 0.1463503 -0.9762583 -0.1463263 0.1597136 -0.9762538 -0.1463577 0.1597123 -0.9762551 -0.1318721 0.17186 -0.9762547 -0.1318679 0.1718657 -0.9762526 -0.1164059 0.1827037 -0.9762573 -0.1163697 0.1827018 -0.9762548 -0.1000184 0.1921535 -0.9762611 -0.09998512 0.1921387 -0.9762534 -0.08290541 0.2001397 -0.9762544 -0.08290123 0.200137 -0.9762524 -0.06516402 0.2066034 -0.9762547 -0.06512749 0.2066044 -0.9762559 -0.04688888 0.2114849 -0.9762524 -0.04689258 0.2115004 -0.9762541 -0.02826762 0.2147767 -0.9762553 -0.02828168 0.2147691 -0.9762516 -0.00945115 0.216434 -0.9762574 -0.009446024 0.2164077 -0.9762516 0.009450376 0.216434 -0.976257 0.009446144 0.2164095 -0.9762517 0.02827495 0.2147868 -0.9762577 0.02827435 0.2147596 -0.9762536 0.04689109 0.2114949 -0.9762542 0.04688787 0.211493 -0.9762539 0.06513994 0.2066037 -0.9762535 0.06514286 0.2066053 -0.9762534 0.08290541 0.2001399 -0.9762555 0.08289158 0.2001355 -0.9762594 0.09998971 0.1921447 -0.9762563 0.1000189 0.1921455 -0.9762526 0.1164059 0.1827037 -0.9762595 0.1163578 0.1826974 -0.9762601 0.1318277 0.1718654 -0.9762532 0.1318824 0.1718627 -0.9762583 0.1463263 0.1597136 -0.9762578 0.1463327 0.1597114 -0.976262 0.1596689 0.1463503 -0.9762524 0.1597248 0.146353 -0.976258 0.1718457 0.1318696 -0.9762552 0.1718564 0.1318756 -0.9762589 0.1826784 0.1163927 -0.9762554 0.1826967 0.1163935 -0.9762542 0.1921522 0.100026 -0.9762503 0.1921725 0.1000265 -0.9762749 0.2000371 0.08290076 -0.9762392 0.2002119 0.08289897 -0.9762331 0.206702 0.06514084 -0.9762543 0.2066015 0.06514161 -0.9762441 0.2115404 0.04688662 -0.9762598 0.2114676 0.04688626 -0.9762645 0.214728 0.02827531 -0.9762449 0.2148171 0.02827519 -0.9762442 0.216467 0.009448945 -0.9762449 0.2164641 0.009449303 -0.9762436 0.21647 -0.009449064 -0.9762465 0.2164565 -0.009449183 -0.9762436 0.2148234 -0.02827477 -0.9762572 0.2147617 -0.02827548 -0.9762457 0.2115331 -0.04688543 -0.9762542 0.2114935 -0.04688727 -0.9762523 0.2066106 -0.06514173 -0.9762491 0.2066259 -0.06514149 -0.9762737 0.2000418 -0.08290272 -0.97624 0.2002092 -0.08289718 -0.9762452 0.1921988 -0.1000255 -0.9762478 0.1921851 -0.1000263 -0.9762583 0.1826806 -0.1163941 -0.9762533 0.1827086 -0.1163924 -0.9762567 0.1718498 -0.1318731 -0.9762559 0.1718554 -0.1318722 -0.9762533 0.1597197 -0.146353 -0.9762585 0.1596906 -0.1463503 -0.9762583 0.1463263 -0.1597136 -0.9762538 0.1463577 -0.1597123 -0.9762551 0.1318721 -0.17186 -0.9762547 0.1318679 -0.1718657 -0.9762526 0.1164059 -0.1827037 -0.9762573 0.1163697 -0.1827018 -0.9762548 0.1000184 -0.1921535 -0.9762611 0.09998512 -0.1921387 -0.9762534 0.08290541 -0.2001397 -0.9762544 0.08290123 -0.200137 -0.9762524 0.06516402 -0.2066034 -0.9762547 0.06512749 -0.2066044 -0.9762559 0.04688888 -0.2114849 -0.9762524 0.04689258 -0.2115004 -0.9762541 0.02826762 -0.2147767 -0.9762553 0.02828168 -0.2147691 -0.9762516 0.00945115 -0.216434 -0.9762574 0.009446024 -0.2164077 -0.9762516 -0.009450376 -0.216434 -0.9914286 -0.005698323 -0.1305257 -0.9914293 -0.01705265 -0.1295263 -0.9914287 -0.01705855 -0.1295307 -0.9914299 -0.02828526 -0.1275411 -0.9914287 -0.02826851 -0.1275548 -0.991428 -0.03929954 -0.1246035 -0.9914287 -0.03927576 -0.1246055 -0.9914286 -0.04999786 -0.120705 -0.9914297 -0.04999202 -0.1206979 -0.9914281 -0.0603348 -0.1158881 -0.9914274 -0.06034159 -0.1158908 -0.9914308 -0.07016587 -0.1101895 -0.9914264 -0.0702337 -0.1101867 -0.9914272 -0.07955896 -0.1036465 -0.9914299 -0.079521 -0.103649 -0.9914318 -0.08823329 -0.09632104 -0.9914256 -0.08829784 -0.09632629 -0.9914274 -0.09633553 -0.08826792 -0.991427 -0.09634518 -0.08826237 -0.9914279 -0.1036582 -0.07953482 -0.991427 -0.1036686 -0.07953351 -0.9914262 -0.1102107 -0.07019728 -0.9914273 -0.1102017 -0.07019692 -0.9914329 -0.1158511 -0.0603277 -0.9914329 -0.1158517 -0.06032645 -0.9914331 -0.120668 -0.04999703 -0.991427 -0.1207193 -0.04999649 -0.9914387 -0.1245232 -0.03928673 -0.9914292 -0.1245982 -0.03928655 -0.991434 -0.1275111 -0.02827781 -0.9914228 -0.1275981 -0.02827721 -0.9914283 -0.1295344 -0.01705259 -0.9914348 -0.1294849 -0.0170533 -0.991432 -0.1305001 -0.005699098 -0.9914289 -0.1305235 -0.005698859 -0.9914319 -0.1305001 0.005699276 -0.991432 -0.1304997 0.00569868 -0.9914281 -0.1295357 0.01705294 -0.9914351 -0.1294825 0.01705294 -0.9914218 -0.1276063 0.02827751 -0.9914289 -0.1275513 0.02827727 -0.9914268 -0.1246181 0.03928625 -0.9914333 -0.1245655 0.03928679 -0.9914215 -0.120763 0.04999643 -0.9914314 -0.1206824 0.04999655 -0.9914332 -0.1158497 0.06032699 -0.9914283 -0.115891 0.06032651 -0.9914261 -0.110212 0.07019811 -0.9914284 -0.1101922 0.07019573 -0.9914287 -0.1036533 0.07953101 -0.9914243 -0.1036924 0.07953554 -0.9914282 -0.09633094 0.0882641 -0.9914292 -0.09632116 0.08826488 -0.9914315 -0.08823537 0.09632354 -0.9914283 -0.0882712 0.09632343 -0.9914267 -0.07956087 0.1036492 -0.9914295 -0.07952702 0.1036489 -0.9914308 -0.07016587 0.1101895 -0.9914265 -0.07023054 0.1101866 -0.9914309 -0.06028676 0.1158885 -0.9914259 -0.06037104 0.1158893 -0.9914293 -0.04999548 0.1206994 -0.9914293 -0.04998815 0.120703 -0.9914273 -0.03930139 0.1246094 -0.9914296 -0.03926557 0.1246019 -0.9914289 -0.02826386 0.1275534 -0.9914302 -0.02827185 0.1275426 -0.9914301 -0.01705789 0.1295202 -0.9914285 -0.01705878 0.1295325 -0.9914286 -0.005692481 0.130526 -0.9914299 -0.005700945 0.1305164 -0.9914293 0.005698263 0.1305197 -0.9914286 0.005698323 0.1305257 -0.9914293 0.01705265 0.1295263 -0.9914287 0.01705855 0.1295307 -0.9914299 0.02828526 0.1275411 -0.9914287 0.02826851 0.1275548 -0.991428 0.03929954 0.1246035 -0.9914287 0.03927576 0.1246055 -0.9914286 0.04999786 0.120705 -0.9914297 0.04999202 0.1206979 -0.9914281 0.0603348 0.1158881 -0.9914274 0.06034159 0.1158908 -0.9914308 0.07016587 0.1101895 -0.9914264 0.0702337 0.1101867 -0.9914272 0.07955896 0.1036465 -0.9914299 0.079521 0.103649 -0.9914318 0.08823329 0.09632104 -0.9914256 0.08829784 0.09632629 -0.9914274 0.09633553 0.08826792 -0.991427 0.09634518 0.08826237 -0.9914279 0.1036582 0.07953482 -0.991427 0.1036686 0.07953351 -0.9914262 0.1102107 0.07019728 -0.9914273 0.1102017 0.07019692 -0.9914329 0.1158511 0.0603277 -0.9914329 0.1158517 0.06032645 -0.9914331 0.120668 0.04999703 -0.991427 0.1207193 0.04999649 -0.9914387 0.1245232 0.03928673 -0.9914292 0.1245982 0.03928655 -0.991434 0.1275111 0.02827781 -0.9914228 0.1275981 0.02827721 -0.9914283 0.1295344 0.01705259 -0.9914348 0.1294849 0.0170533 -0.991432 0.1305001 0.005699098 -0.9914289 0.1305235 0.005698859 -0.9914319 0.1305001 -0.005699276 -0.991432 0.1304997 -0.00569868 -0.9914281 0.1295357 -0.01705294 -0.9914351 0.1294825 -0.01705294 -0.9914218 0.1276063 -0.02827751 -0.9914289 0.1275513 -0.02827727 -0.9914268 0.1246181 -0.03928625 -0.9914333 0.1245655 -0.03928679 -0.9914215 0.120763 -0.04999643 -0.9914314 0.1206824 -0.04999655 -0.9914332 0.1158497 -0.06032699 -0.9914283 0.115891 -0.06032651 -0.9914261 0.110212 -0.07019811 -0.9914284 0.1101922 -0.07019573 -0.9914287 0.1036533 -0.07953101 -0.9914243 0.1036924 -0.07953554 -0.9914282 0.09633094 -0.0882641 -0.9914292 0.09632116 -0.08826488 -0.9914315 0.08823537 -0.09632354 -0.9914283 0.0882712 -0.09632343 -0.9914267 0.07956087 -0.1036492 -0.9914295 0.07952702 -0.1036489 -0.9914308 0.07016587 -0.1101895 -0.9914265 0.07023054 -0.1101866 -0.9914309 0.06028676 -0.1158885 -0.9914259 0.06037104 -0.1158893 -0.9914293 0.04999548 -0.1206994 -0.9914293 0.04998815 -0.120703 -0.9914273 0.03930139 -0.1246094 -0.9914296 0.03926557 -0.1246019 -0.9914289 0.02826386 -0.1275534 -0.9914302 0.02827185 -0.1275426 -0.9914301 0.01705789 -0.1295202 -0.9914285 0.01705878 -0.1295325 -0.9914286 0.005692481 -0.130526 -0.9914299 0.005700945 -0.1305164 -0.9914293 -0.005698263 -0.1305197 -0.999046 -0.001906573 -0.04362827 -0.9990461 -0.00569874 -0.04329645 -0.999046 -0.00569576 -0.04329705 -0.9990462 -0.009439408 -0.04263281 -0.9990459 -0.009458363 -0.04263806 -0.9990461 -0.01313835 -0.04164683 -0.999046 -0.01314091 -0.04164731 -0.9990461 -0.01671719 -0.04034394 -0.9990462 -0.01671308 -0.04034459 -0.9990459 -0.02017593 -0.03873395 -0.9990459 -0.02017408 -0.03873515 -0.9990466 -0.0234425 -0.03682917 -0.9990452 -0.02350252 -0.03683072 -0.9990466 -0.02656501 -0.03464412 -0.999046 -0.0265845 -0.03464645 -0.9990463 -0.02949601 -0.03219616 -0.9990457 -0.0295183 -0.03219592 -0.9990465 -0.03218543 -0.02950161 -0.9990456 -0.0322113 -0.02950257 -0.9990447 -0.03468501 -0.02658456 -0.9990469 -0.03462475 -0.02658361 -0.9990472 -0.03679889 -0.02346384 -0.9990462 -0.03682613 -0.02346283 -0.9990448 -0.03876751 -0.02016419 -0.9990453 -0.03875583 -0.02016389 -0.9990458 -0.04035258 -0.01671123 -0.9990454 -0.04036104 -0.01671123 -0.9990481 -0.04160147 -0.01313132 -0.9990448 -0.04167878 -0.01313167 -0.9990451 -0.04265892 -0.009451806 -0.9990447 -0.04266726 -0.009451627 -0.9990446 -0.04333156 -0.005699932 -0.9990479 -0.0432533 -0.005699872 -0.9990465 -0.04361945 -0.001904726 -0.9990446 -0.04366058 -0.001904785 -0.9990423 -0.04371505 0.001904785 -0.9990478 -0.04358679 0.001904726 -0.9990446 -0.04333108 0.005699813 -0.9990456 -0.04330593 0.005699992 -0.999045 -0.04265916 0.009451866 -0.9990451 -0.04265576 0.009451627 -0.9990481 -0.04160243 0.01313173 -0.9990456 -0.04165911 0.01313132 -0.9990458 -0.04035258 0.01671123 -0.999045 -0.04037332 0.01671135 -0.9990467 -0.03872001 0.02016437 -0.9990442 -0.03878396 0.02016377 -0.9990472 -0.036798 0.02346324 -0.9990457 -0.03684192 0.0234633 -0.9990448 -0.03468418 0.02658396 -0.9990467 -0.0346294 0.02658373 -0.9990464 -0.03218621 0.02950233 -0.9990456 -0.03221344 0.02950173 -0.999045 -0.02954328 0.03219527 -0.9990458 -0.02951169 0.03219699 -0.9990453 -0.02661365 0.0346449 -0.9990465 -0.02656835 0.03464508 -0.9990455 -0.02349054 0.03682911 -0.9990461 -0.02346271 0.03682976 -0.9990458 -0.02017688 0.0387358 -0.9990459 -0.02017605 0.03873324 -0.9990461 -0.01671719 0.04034394 -0.9990461 -0.01671338 0.04034531 -0.9990464 -0.01311433 0.04164683 -0.999046 -0.01314401 0.04164773 -0.9990459 -0.009464383 0.04263693 -0.9990462 -0.009448468 0.04263418 -0.999046 -0.00570476 0.04329645 -0.9990461 -0.00569266 0.04329657 -0.9990462 -0.001903474 0.04362636 -0.999046 -0.001906633 0.04362946 -0.9990461 0.001904308 0.04362845 -0.999046 0.001906573 0.04362827 -0.9990461 0.00569874 0.04329645 -0.999046 0.00569576 0.04329705 -0.9990462 0.009439408 0.04263281 -0.9990459 0.009458363 0.04263806 -0.9990461 0.01313835 0.04164683 -0.999046 0.01314091 0.04164731 -0.9990461 0.01671719 0.04034394 -0.9990462 0.01671308 0.04034459 -0.9990459 0.02017593 0.03873395 -0.9990459 0.02017408 0.03873515 -0.9990466 0.0234425 0.03682917 -0.9990452 0.02350252 0.03683072 -0.9990466 0.02656501 0.03464412 -0.999046 0.0265845 0.03464645 -0.9990463 0.02949601 0.03219616 -0.9990457 0.0295183 0.03219592 -0.9990465 0.03218543 0.02950161 -0.9990456 0.0322113 0.02950257 -0.9990447 0.03468501 0.02658456 -0.9990469 0.03462475 0.02658361 -0.9990472 0.03679889 0.02346384 -0.9990462 0.03682613 0.02346283 -0.9990448 0.03876751 0.02016419 -0.9990453 0.03875583 0.02016389 -0.9990458 0.04035258 0.01671123 -0.9990454 0.04036104 0.01671123 -0.9990481 0.04160147 0.01313132 -0.9990448 0.04167878 0.01313167 -0.9990451 0.04265892 0.009451806 -0.9990447 0.04266726 0.009451627 -0.9990446 0.04333156 0.005699932 -0.9990479 0.0432533 0.005699872 -0.9990465 0.04361945 0.001904726 -0.9990446 0.04366058 0.001904785 -0.9990423 0.04371505 -0.001904785 -0.9990478 0.04358679 -0.001904726 -0.9990446 0.04333108 -0.005699813 -0.9990456 0.04330593 -0.005699992 -0.999045 0.04265916 -0.009451866 -0.9990451 0.04265576 -0.009451627 -0.9990481 0.04160243 -0.01313173 -0.9990456 0.04165911 -0.01313132 -0.9990458 0.04035258 -0.01671123 -0.999045 0.04037332 -0.01671135 -0.9990467 0.03872001 -0.02016437 -0.9990442 0.03878396 -0.02016377 -0.9990472 0.036798 -0.02346324 -0.9990457 0.03684192 -0.0234633 -0.9990448 0.03468418 -0.02658396 -0.9990467 0.0346294 -0.02658373 -0.9990464 0.03218621 -0.02950233 -0.9990456 0.03221344 -0.02950173 -0.999045 0.02954328 -0.03219527 -0.9990458 0.02951169 -0.03219699 -0.9990453 0.02661365 -0.0346449 -0.9990465 0.02656835 -0.03464508 -0.9990455 0.02349054 -0.03682911 -0.9990461 0.02346271 -0.03682976 -0.9990458 0.02017688 -0.0387358 -0.9990459 0.02017605 -0.03873324 -0.9990461 0.01671719 -0.04034394 -0.9990461 0.01671338 -0.04034531 -0.9990464 0.01311433 -0.04164683 -0.999046 0.01314401 -0.04164773 -0.9990459 0.009464383 -0.04263693 -0.9990462 0.009448468 -0.04263418 -0.999046 0.00570476 -0.04329645 -0.9990461 0.00569266 -0.04329657 -0.9990462 0.001903474 -0.04362636 -0.999046 0.001906633 -0.04362946 -0.9990461 -0.001904308 -0.04362845 0 -0.04362028 0.9990482 0 -0.130526 0.9914449 0 -0.130526 0.9914449 0 -0.2164396 0.976296 0 -0.3007058 0.953717 0 -0.3007057 0.953717 0 -0.3826835 0.9238796 0 -0.4617481 0.8870112 0 -0.4617488 0.8870107 0 -0.5372992 0.8433917 0 -0.5373001 0.8433912 0 -0.6087613 0.7933536 0 -0.6087617 0.7933531 0 -0.6755906 0.737277 0 -0.6755893 0.7372782 0 -0.7372778 0.6755897 0 -0.7933531 0.6087617 0 -0.8433915 0.5372996 0 -0.887011 0.4617485 0 -0.9238796 0.3826835 0 -0.9537169 0.3007062 0 -0.9762961 0.2164391 0 -0.991445 0.1305254 0 -0.9914448 0.1305271 0 -0.9990482 0.0436207 0 -0.9990482 0.04361891 0 -0.9990482 -0.04361891 0 -0.9990482 -0.0436207 0 -0.9914448 -0.1305271 0 -0.991445 -0.1305254 0 -0.9762961 -0.2164391 0 -0.9537169 -0.3007062 0 -0.9238796 -0.3826835 0 -0.887011 -0.4617485 0 -0.8433915 -0.5372996 0 -0.7933531 -0.6087617 0 -0.7372778 -0.6755897 0 -0.6755893 -0.7372782 0 -0.6755906 -0.737277 0 -0.6087617 -0.7933531 0 -0.6087613 -0.7933536 0 -0.5373001 -0.8433912 0 -0.5372992 -0.8433917 0 -0.4617488 -0.8870107 0 -0.4617481 -0.8870112 0 -0.3826835 -0.9238796 0 -0.3007057 -0.953717 0 -0.3007058 -0.953717 0 -0.2164396 -0.976296 0 -0.130526 -0.9914449 0 -0.130526 -0.9914449 0 -0.04362028 -0.9990482 0 -0.04362028 -0.9990482 0 0.04362028 -0.9990482 0 0.130526 -0.9914449 0 0.130526 -0.9914449 0 0.2164396 -0.976296 0 0.3007058 -0.953717 0 0.3007057 -0.953717 0 0.3826835 -0.9238796 0 0.4617481 -0.8870112 0 0.4617488 -0.8870107 0 0.5372992 -0.8433917 0 0.5373001 -0.8433912 0 0.6087613 -0.7933536 0 0.6087617 -0.7933531 0 0.6755906 -0.737277 0 0.6755893 -0.7372782 0 0.7372778 -0.6755897 0 0.7933531 -0.6087617 0 0.8433915 -0.5372996 0 0.887011 -0.4617485 0 0.9238796 -0.3826835 0 0.9537169 -0.3007062 0 0.9762961 -0.2164391 0 0.991445 -0.1305254 0 0.9914448 -0.1305271 0 0.9990482 -0.0436207 0 0.9990482 -0.04361891 0 0.9990482 0.04361891 0 0.9990482 0.0436207 0 0.9914448 0.1305271 0 0.991445 0.1305254 0 0.9762961 0.2164391 0 0.9537169 0.3007062 0 0.9238796 0.3826835 0 0.887011 0.4617485 0 0.8433915 0.5372996 0 0.7933531 0.6087617 0 0.7372778 0.6755897 0 0.6755893 0.7372782 0 0.6755906 0.737277 0 0.6087617 0.7933531 0 0.6087613 0.7933536 0 0.5373001 0.8433912 0 0.5372992 0.8433917 0 0.4617488 0.8870107 0 0.4617481 0.8870112 0 0.3826835 0.9238796 0 0.3007057 0.953717 0 0.3007058 0.953717 0 0.2164396 0.976296 0 0.130526 0.9914449 0 0.130526 0.9914449 0 0.04362028 0.9990482 0 0.04362028 0.9990482 0.005681931 -0.04328715 -0.9990466 0.009469866 -0.04262572 -0.9990463 0.0131272 -0.04163992 -0.9990465 0.01669752 -0.0403372 -0.9990467 0.02013713 -0.03872746 -0.999047 0.02346795 -0.03682303 -0.9990462 0.02658104 -0.03463828 -0.9990464 0.02949821 -0.03219002 -0.9990464 0.03217595 -0.02949672 -0.999047 0.0346468 -0.0265789 -0.9990462 0.0368238 -0.02345883 -0.9990464 0.03872865 -0.02016025 -0.9990464 0.04032874 -0.01670819 -0.9990468 0.0416404 -0.01312899 -0.9990465 0.04262548 -0.009449899 -0.9990465 0.04328674 -0.0056988 -0.9990465 0.04362142 -0.001904428 -0.9990464 0.04362142 0.001904428 -0.9990464 0.04328674 0.0056988 -0.9990465 0.04262816 0.009449899 -0.9990464 0.0416404 0.01312899 -0.9990465 0.04033416 0.01670819 -0.9990466 0.03872865 0.02016025 -0.9990464 0.0368238 0.02345883 -0.9990464 0.0346468 0.0265789 -0.9990462 0.0321868 0.02949666 -0.9990466 0.02949821 0.03219002 -0.9990464 0.02658104 0.03463828 -0.9990464 0.02346795 0.03682297 -0.9990462 0.02013719 0.03872752 -0.999047 0.01669752 0.0403372 -0.9990466 0.0131272 0.04163992 -0.9990465 0.009469866 0.04262572 -0.9990463 0.005681931 0.04328715 -0.9990466 0.001915752 0.04361909 -0.9990465 -0.001915752 0.04361909 -0.9990465 -0.005681931 0.04328715 -0.9990466 -0.009469866 0.04262572 -0.9990463 -0.0131272 0.04163992 -0.9990465 -0.01669752 0.0403372 -0.9990467 -0.02013713 0.03872746 -0.999047 -0.02346795 0.03682303 -0.9990462 -0.02658104 0.03463828 -0.9990464 -0.02949821 0.03219002 -0.9990464 -0.03217595 0.02949672 -0.999047 -0.0346468 0.0265789 -0.9990462 -0.0368238 0.02345883 -0.9990464 -0.03872865 0.02016025 -0.9990464 -0.04032874 0.01670819 -0.9990468 -0.0416404 0.01312899 -0.9990465 -0.04262548 0.009449899 -0.9990465 -0.04328674 0.0056988 -0.9990465 -0.04362142 0.001904428 -0.9990464 -0.04362142 -0.001904428 -0.9990464 -0.04328674 -0.0056988 -0.9990465 -0.04262816 -0.009449899 -0.9990464 -0.0416404 -0.01312899 -0.9990465 -0.04033416 -0.01670819 -0.9990466 -0.03872865 -0.02016025 -0.9990464 -0.0368238 -0.02345883 -0.9990464 -0.0346468 -0.0265789 -0.9990462 -0.0321868 -0.02949666 -0.9990466 -0.02949821 -0.03219002 -0.9990464 -0.02658104 -0.03463828 -0.9990464 -0.02346795 -0.03682297 -0.9990462 -0.02013719 -0.03872752 -0.999047 -0.01669752 -0.0403372 -0.9990466 -0.0131272 -0.04163992 -0.9990465 -0.009469866 -0.04262572 -0.9990463 -0.005681931 -0.04328715 -0.9990466 -0.001915752 -0.04361909 -0.9990465 0.001915752 -0.04361909 -0.9990465 0.04999393 -0.1207042 0.9914288 0.1295318 -0.01705306 0.9914287 -0.1207016 0.04999727 0.991429 -0.06033712 -0.115887 0.9914281 0.01669752 -0.0403372 0.9990466 0.02013713 -0.03872746 0.999047 0.04328674 -0.0056988 0.9990465 0.04362142 -0.001904428 0.9990464 0.02657288 0.03463828 0.9990467 0.02949821 0.03219002 0.9990464 -0.04033416 0.01670819 0.9990466 -0.0416404 0.01312899 0.9990465 -0.02013713 -0.03872746 0.999047 -0.01669752 -0.0403372 0.9990466 -0.731289 -0.6779154 -0.07514822 -0.7510069 -0.6137351 -0.2435529 -0.7468993 -0.5086448 -0.428278 -0.7723854 -0.1374734 -0.6200982 -0.7723856 0.1374721 -0.6200984 -0.7702797 0.4308258 -0.4701685 0.7315275 0.6811631 0.02974075 0.7510069 0.6137351 -0.2435529 0.7468993 0.5086448 -0.428278 0.7431937 0.3284332 -0.5829192 0.7723854 0.1374734 -0.6200982 0.7723856 -0.1374721 -0.6200984 0.7702799 -0.4308263 0.4701676 0.7310992 -0.2875052 0.6187365 0.7428735 -0.2181516 0.6328893 0.7723854 -0.1374734 0.6200982 0.7582153 -0.3503238 0.5498937 0.7304149 -0.4216718 0.537296 0.7567798 -0.5185927 0.3979273 0.7468993 -0.5086448 0.428278 0.733116 -0.499356 0.4617191 0.7382767 -0.6037683 0.3006851 0.7107971 -0.6418615 0.2877175 0.7396566 -0.5969446 0.3107498 0.7094473 -0.688052 0.1525421 0.7553362 -0.6324475 0.1716901 0.748046 -0.6273589 0.2164438 0.707637 -0.6731705 0.214689 0.7510071 -0.6137347 0.243553 0.7202714 -0.6930322 0.03025949 0.7311555 -0.6808168 0.04359197 0.7315275 -0.6811631 -0.02974075 0.723723 -0.6887116 -0.04360544 0.731289 -0.6779154 -0.07514822 0.7276611 -0.6734221 -0.1304305 0.7152225 -0.6830967 -0.1477691 0.7292983 -0.6760948 -0.1049753 0.7870864 -0.5882923 -0.1854923 0.7097821 -0.6704613 -0.2160813 0.7510069 -0.6137351 -0.2435529 0.7448112 -0.6088977 -0.2729467 0.7272142 -0.61704 -0.3007013 0.7396566 -0.5969446 -0.3107498 0.723557 -0.5745525 -0.3825634 0.7277749 -0.5735361 -0.3760322 0.7371239 -0.5807471 -0.3455159 0.7320117 -0.5009647 -0.4617288 0.7340003 -0.4999573 -0.459659 0.7469051 -0.5086408 -0.4282724 0.7238636 -0.4200055 -0.5473728 0.7344409 -0.4146379 -0.5372821 0.7317507 -0.3791793 -0.5663605 0.738497 -0.2328471 -0.6327751 0.7329041 -0.3141422 -0.6034619 0.7283705 -0.31476 -0.6086071 0.7237642 -0.2907499 -0.6258035 0.7259433 -0.3006967 -0.6185368 0.7429059 -0.2552788 -0.6188082 0.7296347 -0.2228457 -0.6465083 0.7302954 -0.02979886 -0.6824814 0.7314789 -0.03193688 -0.6811158 0.7315288 0.02974075 -0.6811617 0.7303346 0.03188747 -0.6823449 0.7513635 0.1876218 -0.632654 0.7343729 0.1696685 -0.6571979 0.7122146 0.1693159 -0.681236 0.7267296 0.1156994 -0.6771098 0.7268269 0.09568846 -0.6801224 0.7275488 0.09429204 -0.6795453 0.7305383 0.06425786 -0.6798418 0.7428748 0.218148 -0.632889 0.7331613 0.231166 -0.63956 0.7429057 0.25528 -0.618808 0.7310907 0.287509 -0.6187447 0.7257353 0.3006106 -0.6188227 0.7275744 0.3103647 -0.6118083 0.7582165 0.350323 -0.5498924 0.7319285 0.3810159 -0.564896 0.734362 0.4132014 -0.5384953 0.7702799 0.4308263 -0.4701676 0.7332417 0.4671276 -0.4941138 0.7319741 0.501563 -0.4611384 0.7107971 0.6418615 -0.2877175 0.7396566 0.5969446 -0.3107498 0.7371235 0.5807472 -0.3455165 0.7277746 0.5735364 -0.376032 0.707637 0.6731705 -0.214689 0.7202714 0.6930322 -0.03025949 0.731289 0.6779154 -0.07514822 0.7292983 0.6760948 -0.1049753 0.7292987 0.6760945 0.1049753 0.7312892 0.6779152 0.07514822 0.7870864 0.5882923 0.1854923 0.7097821 0.6704613 0.2160813 0.7510069 0.6137351 0.2435529 0.7448112 0.6088977 0.2729467 0.7272142 0.61704 0.3007013 0.7396566 0.5969446 0.3107498 0.723557 0.5745525 0.3825634 0.7277749 0.5735361 0.3760322 0.7371239 0.5807471 0.3455159 0.7320117 0.5009647 0.4617288 0.7340003 0.4999573 0.459659 0.7469051 0.5086408 0.4282724 0.7238636 0.4200055 0.5473728 0.7344409 0.4146379 0.5372821 0.7317507 0.3791793 0.5663605 0.7329041 0.3141422 0.6034619 0.7283705 0.31476 0.6086071 0.7237642 0.2907499 0.6258035 0.7302953 0.02979886 0.6824814 0.7305384 0.06425535 0.6798419 0.727549 0.09429126 0.6795452 -0.7305383 0.06425786 0.6798418 -0.7343744 0.169668 0.6571964 -0.7513635 0.1876218 0.632654 -0.7429054 0.2552791 0.6188088 -0.7526671 0.3420782 0.562561 -0.7343623 0.4132006 0.5384955 -0.7319745 0.5015622 0.4611386 -0.7107971 0.6418615 0.2877175 -0.7396566 0.5969446 0.3107498 -0.7371239 0.5807471 0.3455159 -0.731289 0.6779154 0.07514822 -0.7292984 0.6760947 0.1049753 -0.7292987 0.6760945 -0.1049753 -0.7312892 0.6779152 -0.07514822 -0.7553488 0.6324318 -0.171693 -0.7510071 0.6137347 -0.243553 -0.7396566 0.5969446 -0.3107498 -0.7371239 0.5807471 -0.3455159 -0.7469003 0.5086429 -0.4282786 -0.7567788 0.5185945 -0.3979267 -0.7260934 0.5571516 -0.4029524 -0.7332417 0.4671276 -0.4941138 -0.7431937 0.3284332 -0.5829192 -0.7582165 0.350323 -0.5498924 -0.7319285 0.3810159 -0.564896 -0.738497 0.2328471 -0.6327751 -0.7237642 0.2907499 -0.6258035 -0.7259433 0.3006967 -0.6185368 -0.7429059 0.2552788 -0.6188082 -0.7296347 0.2228457 -0.6465083 -0.7302954 0.02979886 -0.6824814 -0.7314789 0.03193688 -0.6811158 -0.7315288 -0.02974075 -0.6811617 -0.7303346 -0.03188747 -0.6823449 -0.7513635 -0.1876218 -0.632654 -0.7343729 -0.1696685 -0.6571979 -0.7122146 -0.1693159 -0.681236 -0.7267296 -0.1156994 -0.6771098 -0.7268269 -0.09568846 -0.6801224 -0.7275488 -0.09429204 -0.6795453 -0.7305383 -0.06425786 -0.6798418 -0.7428748 -0.218148 -0.632889 -0.7331613 -0.231166 -0.63956 -0.7429057 -0.25528 -0.618808 -0.7329047 -0.3141426 -0.603461 -0.7526671 -0.3420782 -0.562561 -0.7355926 -0.3768721 -0.5629131 -0.7319285 -0.3810159 -0.564896 -0.734362 -0.4132014 -0.5384953 -0.7702799 -0.4308263 -0.4701676 -0.7332417 -0.4671276 -0.4941138 -0.7319741 -0.501563 -0.4611384 -0.7107971 -0.6418615 -0.2877175 -0.7396566 -0.5969446 -0.3107498 -0.7371235 -0.5807472 -0.3455165 -0.7277746 -0.5735364 -0.376032 -0.7870719 -0.5883126 -0.185489 -0.7478413 -0.6421319 -0.1685234 -0.7266763 -0.6658765 -0.1689679 -0.7276611 -0.6734221 -0.1304305 -0.7152225 -0.6830967 -0.1477691 -0.7292983 -0.6760948 -0.1049753 -0.7202714 -0.6930322 -0.03025949 -0.7311555 -0.6808168 -0.04359197 -0.7315275 -0.6811631 0.02974075 -0.723723 -0.6887116 0.04360544 -0.731289 -0.6779154 0.07514822 -0.7094473 -0.688052 0.1525421 -0.7553488 -0.6324318 0.171693 -0.7507993 -0.6293005 0.2007022 -0.7097821 -0.6704613 0.2160813 -0.7510069 -0.6137351 0.2435529 -0.7448112 -0.6088977 0.2729467 -0.7272142 -0.61704 0.3007013 -0.7396566 -0.5969446 0.3107498 -0.723557 -0.5745525 0.3825634 -0.7277749 -0.5735361 0.3760322 -0.7371239 -0.5807471 0.3455159 -0.7320117 -0.5009647 0.4617288 -0.7340003 -0.4999573 0.459659 -0.7469051 -0.5086408 0.4282724 -0.7238636 -0.4200055 0.5473728 -0.7344409 -0.4146379 0.5372821 -0.7431937 -0.3284332 0.5829192 -0.7144728 -0.3165347 0.6239667 -0.7283705 -0.31476 0.6086071 -0.7237642 -0.2907499 0.6258035 -0.6856656 -0.2069596 0.6978757 -0.7302953 -0.02979886 0.6824814 -0.7305384 -0.06425535 0.6798419 -0.727549 -0.09429126 0.6795452 -0.05000472 -0.1207038 0.9914283 -0.0499916 -0.1207041 0.991429 -0.08290702 -0.200145 0.9762522 -0.0131272 -0.04163992 0.9990465 -0.124601 0.03928697 0.9914289 -0.1246017 0.03928697 0.9914287 -0.2066104 0.06514316 0.9762523 -0.04262548 0.009449899 0.9990465 0.07019108 0.1101884 0.9914292 0.07952439 0.1036508 0.9914296 0.07953304 0.1036509 0.9914288 0.08827567 0.09632462 0.9914278 0.08826327 0.09632456 0.9914289 0.1305238 -0.005698859 0.9914288 0.1305251 -0.00569874 0.9914287 0.2164303 -0.009448945 0.9762524 0.04362142 0.001904428 0.9990464 0.06034529 -0.1158869 0.9914277 0.06033068 -0.1158872 0.9914285 0.100028 -0.1921576 0.976253 0.02346795 -0.03682303 0.9990462 -0.03929412 -0.1246023 0.9914284 -0.03929466 -0.1246021 0.9914284 -0.06514126 -0.206609 0.9762528 -0.065149 -0.2066085 0.9762523 -0.09050679 -0.2870368 0.9536343 -0.009469866 -0.04262572 0.9990463 -0.1275508 0.02827769 0.9914289 -0.1275532 0.02827763 0.9914286 -0.2115013 0.04688918 0.9762523 -0.2114999 0.04688864 0.9762527 -0.2938315 0.06514042 0.953635 -0.04328674 0.0056988 0.9990465 0.1000329 0.1921577 0.9762525 0.1163955 0.1827086 0.9762529 0.1163948 0.1827086 0.976253 0.1318884 0.1718682 0.9762514 0.1318771 0.1718685 0.9762529 0.1463548 0.1597205 0.9762529 0.1463585 0.1597201 0.9762524 0.1305224 0.005698859 0.9914291 0.1305251 0.00569874 0.9914287 0.2164316 0.009448945 0.9762521 0.2164279 0.009449541 0.976253 0.3006803 0.01312845 0.9536347 0.04328674 0.0056988 0.9990465 0.07018524 -0.1101885 0.9914296 0.07019382 -0.1101883 0.991429 0.1163955 -0.1827085 0.976253 0.1163949 -0.1827087 0.9762529 0.1617057 -0.2538326 0.9536353 0.02658104 -0.03463828 0.9990464 -0.0282787 -0.127552 0.9914287 -0.02827233 -0.1275522 0.9914289 -0.04688376 -0.2115003 0.9762528 -0.04688727 -0.2115004 0.9762527 -0.06513673 -0.2938323 0.9536351 -0.06514245 -0.2938321 0.9536347 -0.08289122 -0.3739168 0.9237507 -0.005681931 -0.04328715 0.9990466 -0.1295319 0.01705306 0.9914286 -0.1295322 0.01705312 0.9914286 -0.2147827 0.02827668 0.9762526 -0.2147805 0.02827632 0.976253 -0.2983906 0.03928476 0.9536351 -0.2983914 0.03928369 0.9536349 -0.3797188 0.04999035 0.9237503 -0.04362142 0.001904428 0.9990464 0.115174 0.278057 0.9536347 0.1389744 0.2669601 0.9536344 0.138971 0.2669605 0.9536347 0.1617057 0.2538322 0.9536354 0.1617085 0.2538327 0.9536349 0.18322 0.2387724 0.9536343 0.1832149 0.2387728 0.9536351 0.203327 0.2218959 0.9536353 0.2033309 0.2218956 0.9536346 0.1295345 0.01705306 0.9914283 0.1295309 0.01705312 0.9914287 0.2147794 0.02827596 0.9762532 0.2147822 0.02827674 0.9762526 0.2983897 0.03928381 0.9536353 0.2983927 0.0392844 0.9536345 0.3797165 0.04999113 0.9237512 0.04262816 0.009449899 0.9990464 0.07952433 -0.1036509 0.9914295 0.07953584 -0.1036508 0.9914286 0.1318829 -0.1718685 0.9762521 0.1318817 -0.1718682 0.9762524 0.1832163 -0.2387725 0.9536349 0.1832174 -0.2387725 0.9536347 0.2331532 -0.3038496 0.9237505 0.02949821 -0.03219002 0.9990464 -0.01704555 -0.1295313 0.9914288 -0.017053 -0.1295313 0.9914287 -0.02826571 -0.2147821 0.976253 -0.02828133 -0.2147821 0.9762525 -0.03928291 -0.2983917 0.9536347 -0.03928476 -0.2983916 0.9536347 -0.04999315 -0.3797183 0.9237505 -0.04998868 -0.3797187 0.9237504 -0.06031417 -0.4581409 0.886831 -0.001915752 -0.04361909 0.9990465 -0.1305238 0.005698859 0.9914288 -0.1305251 0.00569874 0.9914287 -0.2164303 0.009448945 0.9762524 -0.2164279 0.009449541 0.9762529 -0.3006803 0.01312845 0.9536346 -0.3006808 0.0131278 0.9536345 -0.3826298 0.01670551 0.9237508 -0.3826312 0.01670616 0.9237502 -0.4616547 0.02015632 0.8868308 -0.04362142 -0.001904428 0.9990464 0.1151685 0.3652689 0.9237504 0.1465681 0.353841 0.9237501 0.1465687 0.3538411 0.9237501 0.1768482 0.3397206 0.9237504 0.1768465 0.3397204 0.9237507 0.2057802 0.3230151 0.9237509 0.2057866 0.323014 0.9237499 0.2331534 0.3038498 0.9237505 0.2331494 0.3038504 0.9237512 0.2587466 0.2823739 0.9237506 0.2587475 0.2823729 0.9237507 0.1275482 0.02827733 0.9914292 0.1275532 0.02827781 0.9914286 0.2114963 0.04688858 0.9762535 0.2115033 0.046889 0.9762519 0.2938303 0.06514042 0.9536355 0.293833 0.06514143 0.9536345 0.3739172 0.08289599 0.9237501 0.3739141 0.08289468 0.9237515 0.451142 0.1000141 0.8868304 0.0416404 0.01312899 0.9990465 0.3739162 -0.08289575 0.9237506 0.08825403 -0.0963248 0.9914298 0.08826601 -0.09632456 0.9914286 0.1463599 -0.1597197 0.9762522 0.1463578 -0.1597205 0.9762524 0.2033271 -0.2218955 0.9536354 0.2033323 -0.2218959 0.9536342 0.2587494 -0.2823732 0.92375 0.2587473 -0.2823733 0.9237506 0.3121873 -0.3406908 0.8868309 0.03217595 -0.02949672 0.999047 -0.005681812 -0.1305246 0.9914288 -0.00570029 -0.1305247 0.9914287 -0.009451031 -0.2164292 0.9762527 -0.009448766 -0.2164292 0.9762526 -0.01312845 -0.3006798 0.9536348 -0.01313036 -0.3006799 0.9536347 -0.01670688 -0.3826304 0.9237505 -0.01670664 -0.3826303 0.9237505 -0.02015405 -0.4616543 0.8868309 -0.02015763 -0.4616546 0.8868308 -0.02345263 -0.5371515 0.8431597 -0.1305224 -0.005698859 0.9914291 -0.1305251 -0.00569874 0.9914287 -0.2164316 -0.009448945 0.9762521 -0.2164279 -0.009449541 0.976253 -0.3006803 -0.01312845 0.9536347 -0.3006808 -0.01312786 0.9536345 -0.3826286 -0.01670622 0.9237512 -0.3826312 -0.01670557 0.9237502 -0.4616563 -0.02015519 0.8868299 -0.461654 -0.02015644 0.8868311 -0.5371517 -0.02345079 0.8431597 -0.04328674 -0.0056988 0.9990465 0.100017 0.4511408 0.8868307 0.1389555 0.4407069 0.8868309 0.1389546 0.4407066 0.8868311 0.1768355 0.4269196 0.8868309 0.1768376 0.4269194 0.8868305 0.2133688 0.4098828 0.8868314 0.2133736 0.4098825 0.8868303 0.2482818 0.3897265 0.8868311 0.2482839 0.3897265 0.8868305 0.2813048 0.3666046 0.8868308 0.2813071 0.3666039 0.8868302 0.3121904 0.3406906 0.8868298 0.3121842 0.3406918 0.8868316 0.1246091 0.03928691 0.9914279 0.1246004 0.03928697 0.9914289 0.2066118 0.06514388 0.976252 0.2066068 0.06514316 0.976253 0.2870351 0.09050273 0.9536353 0.2870389 0.0905022 0.9536341 0.3652696 0.1151685 0.9237502 0.3652659 0.1151685 0.9237516 0.44071 0.1389543 0.8868294 0.4407073 0.1389546 0.8868307 0.5127788 0.1616794 0.8431594 0.04033416 0.01670819 0.9990466 0.09631967 -0.08826524 0.9914293 0.09632831 -0.08826518 0.9914283 0.1597225 -0.1463561 0.9762523 0.1597205 -0.1463571 0.9762525 0.221898 -0.2033305 0.9536342 0.221897 -0.2033296 0.9536345 0.282373 -0.2587472 0.9237508 0.282374 -0.2587487 0.9237501 0.3406921 -0.3121873 0.8868303 0.3406911 -0.3121864 0.8868311 0.3964075 -0.3632401 0.8431594 0.0346468 -0.0265789 0.9990462 -0.1295345 -0.01705306 0.9914283 -0.1295309 -0.01705312 0.9914287 -0.2147794 -0.02827596 0.9762532 -0.2147822 -0.02827674 0.9762526 -0.2983897 -0.03928381 0.9536353 -0.2983927 -0.0392844 0.9536345 -0.3797165 -0.04999113 0.9237512 -0.3797181 -0.04999119 0.9237506 -0.4581406 -0.06031537 0.8868311 -0.458139 -0.06031584 0.8868318 -0.5330637 -0.07017886 0.8431596 -0.5330643 -0.07018005 0.8431591 -0.6039143 -0.07950723 0.7930739 -0.04262816 -0.009449899 0.9990464 0.07017928 0.5330644 0.843159 0.116372 0.5249187 0.8431596 0.1163706 0.5249189 0.8431596 0.1616803 0.5127791 0.8431591 0.1616793 0.5127795 0.8431589 0.2057556 0.496737 0.8431589 0.2057558 0.4967368 0.8431591 0.2482641 0.4769129 0.8431603 0.2482647 0.4769136 0.8431596 0.2888836 0.4534615 0.8431602 0.2888869 0.4534613 0.8431591 0.3273096 0.4265568 0.8431594 0.3273087 0.426558 0.8431591 0.3632401 0.3964076 0.8431594 0.3632414 0.3964064 0.8431594 0.1206907 0.04999727 0.9914304 0.120705 0.04999721 0.9914286 0.2001439 0.08290332 0.9762529 0.2001449 0.08290237 0.9762527 0.2780588 0.1151754 0.9536342 0.2780573 0.1151741 0.9536347 0.3538405 0.1465662 0.9237506 0.3538414 0.1465659 0.9237504 0.4269192 0.1768354 0.8868311 0.4269198 0.1768356 0.8868307 0.4967367 0.2057564 0.843159 0.4967378 0.2057532 0.8431591 0.5627602 0.2331024 0.7930726 0.5946881 0.1318408 0.7930727 0.5249202 0.1163714 0.8431587 0.5330636 0.07017886 0.8431597 0.4581398 0.06031578 0.8868315 0.4616546 0.02015519 0.8868309 0.3826312 0.01670557 0.9237502 0.3826298 -0.01670551 0.9237508 0.3006805 -0.01312786 0.9536346 0.2983915 -0.0392847 0.9536347 0.2147813 -0.02827632 0.9762529 0.2115013 -0.04688918 0.9762523 0.1275518 -0.02827763 0.9914288 0.5371531 -0.02345281 0.8431587 0.1036559 -0.07953417 0.9914281 0.1036503 -0.07953405 0.9914288 0.1718668 -0.1318792 0.9762529 0.1718673 -0.1318795 0.9762528 0.2387712 -0.1832172 0.9536351 0.2387727 -0.1832163 0.9536348 0.3038501 -0.2331528 0.9237505 0.3038502 -0.2331526 0.9237505 0.3666043 -0.2813045 0.8868309 0.3666046 -0.2813053 0.8868306 0.4265575 -0.3273092 0.8431593 0.4265566 -0.3273091 0.8431597 0.4832521 -0.3708123 0.7930737 0.0368238 -0.02345883 0.9990464 -0.1275482 -0.02827733 0.9914292 -0.1275532 -0.02827781 0.9914286 -0.2114963 -0.04688858 0.9762535 -0.2115033 -0.046889 0.9762519 -0.2938303 -0.06514042 0.9536355 -0.293833 -0.06514143 0.9536345 -0.3739172 -0.08289599 0.9237501 -0.3739141 -0.08289468 0.9237515 -0.451142 -0.1000141 0.8868304 -0.4511421 -0.1000159 0.88683 -0.5249186 -0.1163721 0.8431595 -0.5249201 -0.1163714 0.8431587 -0.5946881 -0.1318408 0.7930726 -0.5946872 -0.1318381 0.7930737 -0.6599165 -0.1462997 0.7369577 0.02656859 0.6085469 0.7930731 0.07950878 0.6039146 0.7930735 0.07950508 0.6039158 0.793073 0.131839 0.5946873 0.7930735 0.1318382 0.5946878 0.7930733 0.1831672 0.5809338 0.7930736 0.1831693 0.5809344 0.7930728 0.2331033 0.5627589 0.7930733 0.2331023 0.5627605 0.7930725 0.281264 0.5403022 0.7930727 0.2812623 0.5403008 0.7930741 0.3272847 0.5137316 0.793073 0.3272838 0.5137321 0.7930729 0.3708152 0.4832515 0.7930727 0.3708119 0.4832518 0.793074 0.4115191 0.449096 0.7930731 0.4115204 0.4490945 0.7930731 0.6599165 0.1462997 0.7369577 0.5946875 0.1318381 0.7930735 0.6039143 0.07950723 0.7930739 0.5330647 0.07017999 0.8431589 0.5371516 0.02345079 0.8431597 0.461654 0.02015644 0.8868311 0.4616547 -0.02015632 0.8868308 0.3826305 -0.01670616 0.9237505 0.3797188 -0.04999035 0.9237503 0.2983919 -0.03928369 0.9536347 0.293832 -0.06514042 0.9536349 0.2114999 -0.04688864 0.9762527 0.1101869 -0.07019782 0.9914289 0.1101898 -0.07019752 0.9914285 0.1827085 -0.1163982 0.9762527 0.1827073 -0.116398 0.9762529 0.253831 -0.1617091 0.9536352 0.2538342 -0.1617094 0.9536343 0.3230143 -0.205783 0.9237506 0.3230148 -0.2057825 0.9237506 0.3897276 -0.2482814 0.8868308 0.389724 -0.2482841 0.8868315 0.4534621 -0.2888872 0.8431586 0.4534611 -0.288886 0.8431596 0.5137329 -0.3272831 0.7930727 0.5137317 -0.3272826 0.7930737 0.5700819 -0.3631829 0.7369565 0.03872865 -0.02016025 0.9990464 -0.7314789 -0.03193688 0.6811158 -0.6752967 -0.02948325 0.7369567 -0.6752957 0.02948296 0.7369576 -0.608546 0.02657002 0.7930737 -0.6039155 0.0795055 0.7930732 -0.5330641 0.07017922 0.8431593 -0.5249174 0.1163722 0.8431603 -0.4511406 0.1000151 0.8868309 -0.4407081 0.1389544 0.8868304 -0.3652681 0.1151691 0.9237507 -0.3538406 0.1465662 0.9237507 -0.2780584 0.1151747 0.9536343 -0.2669575 0.1389714 0.9536356 -0.1921563 0.1000311 0.9762529 -0.1827086 0.1163982 0.9762526 -0.1101925 0.07019752 0.9914283 -0.1036545 0.07953417 0.9914283 -0.03218275 0.02949666 0.9990468 -0.09631967 0.08826524 0.9914293 -0.1036503 0.07953405 0.9914288 -0.1718668 0.1318792 0.9762529 -0.1827073 0.116398 0.9762529 -0.2538327 0.161709 0.9536347 -0.2669627 0.1389701 0.9536343 -0.3397212 0.1768467 0.9237504 -0.3538414 0.1465659 0.9237504 -0.4269181 0.1768366 0.8868313 -0.4407073 0.1389546 0.8868307 -0.5127779 0.1616775 0.8431603 -0.5249201 0.1163714 0.8431587 -0.5946881 0.1318373 0.7930732 -0.6039152 0.07950794 0.7930731 -0.670157 0.08822768 0.736957 -0.675297 0.02948325 0.7369565 -0.7303346 0.03188741 0.6823449 -0.7315288 0.02974051 0.6811617 -0.02950912 0.03219002 0.9990462 -0.08825403 0.0963248 0.9914298 -0.09632831 0.08826518 0.9914283 -0.1597225 0.1463561 0.9762523 -0.1718673 0.1318795 0.9762528 -0.2387726 0.1832169 0.9536347 -0.2538342 0.1617094 0.9536343 -0.3230143 0.205783 0.9237506 -0.3397204 0.1768478 0.9237505 -0.4098834 0.2133719 0.8868303 -0.4269185 0.1768349 0.8868315 -0.496736 0.2057556 0.8431596 -0.5127799 0.1616798 0.8431587 -0.580935 0.1831673 0.7930728 -0.5946875 0.1318411 0.7930729 -0.6599168 0.1463012 0.7369571 -0.6701569 0.08822864 0.7369569 -0.7268269 0.09568846 0.6801224 -0.727549 0.09429126 0.6795452 -0.02657288 0.03463828 0.9990467 -0.07952433 0.1036509 0.9914295 -0.08826601 0.09632456 0.9914286 -0.1463599 0.1597197 0.9762522 -0.1597205 0.1463571 0.9762525 -0.221898 0.2033305 0.9536342 -0.2387727 0.1832163 0.9536348 -0.3038499 0.2331527 0.9237506 -0.3230148 0.2057825 0.9237506 -0.3897281 0.2482813 0.8868306 -0.4098815 0.2133719 0.8868313 -0.4769138 0.248265 0.8431594 -0.4967364 0.2057542 0.8431596 -0.5627598 0.2331021 0.7930731 -0.5809338 0.1831679 0.7930734 -0.6446546 0.2032594 0.7369574 -0.6599177 0.1462994 0.7369568 -0.02948462 0.6752958 0.7369574 0.02948296 0.6752966 0.7369568 0.02948462 0.6752961 0.7369572 0.08822906 0.6701563 0.7369574 0.08822739 0.6701579 0.7369561 0.146301 0.6599169 0.7369571 0.1463008 0.6599177 0.7369565 0.2032577 0.6446545 0.7369579 0.2032597 0.6446554 0.7369565 0.2586686 0.6244868 0.7369578 0.2586713 0.6244863 0.7369574 0.3121142 0.5995667 0.7369563 0.3121125 0.5995655 0.7369581 0.363184 0.5700818 0.736956 0.363182 0.5700817 0.7369571 0.4114868 0.5362593 0.7369564 0.4114856 0.5362589 0.7369573 0.4566569 0.498355 0.7369579 0.4566594 0.4983552 0.7369561 0.6244875 0.2586702 0.7369568 0.6701578 0.08822721 0.7369563 0.7268271 0.0956884 0.6801222 0.7267303 0.1156982 0.6771094 0.7723854 0.1374734 0.6200982 0.6856656 0.2069596 0.6978757 0.7315288 -0.02974075 0.6811617 0.7314789 0.03193688 0.6811158 0.6752967 0.02948325 0.7369567 0.675296 0.02948296 0.7369574 0.6085459 0.02657002 0.7930737 0.6085468 -0.0265702 0.793073 0.6085457 -0.02657002 0.793074 0.6752957 -0.02948296 0.7369576 0.675297 -0.02948325 0.7369565 0.7303346 -0.03188747 0.6823449 0.6701569 -0.08822864 0.7369569 0.6701571 -0.08822762 0.7369568 0.6039152 -0.07950794 0.7930732 0.6039155 -0.0795055 0.7930732 0.5330641 -0.07017922 0.8431593 0.5330638 -0.07017982 0.8431594 0.45814 -0.06031584 0.8868314 0.451142 -0.1000152 0.8868303 0.4511407 -0.1000151 0.886831 0.5249181 -0.1163721 0.8431599 0.5249201 -0.1163714 0.8431587 0.5946878 -0.1318374 0.7930734 0.5946875 -0.1318411 0.7930729 0.6599172 -0.146301 0.7369568 0.6599177 -0.1462994 0.7369568 0.7201137 -0.1596445 0.6752407 0.1158906 -0.06032669 0.9914284 0.1158851 -0.06032705 0.9914289 0.1921594 -0.1000308 0.9762523 0.1921581 -0.1000311 0.9762526 0.2669584 -0.1389714 0.9536353 0.2669627 -0.1389701 0.9536343 0.3397209 -0.1768468 0.9237505 0.3397204 -0.1768478 0.9237505 0.4098833 -0.2133719 0.8868305 0.4098815 -0.2133719 0.8868313 0.4769136 -0.248265 0.8431596 0.4769136 -0.2482655 0.8431593 0.5403023 -0.2812628 0.7930729 0.5403007 -0.2812644 0.7930734 0.5995658 -0.3121141 0.7369571 0.5995665 -0.3121137 0.7369567 0.6542569 -0.3405846 0.6752408 -0.1206907 -0.04999727 0.9914304 -0.120705 -0.04999721 0.9914286 -0.2001439 -0.08290332 0.9762529 -0.2001449 -0.08290237 0.9762527 -0.2780588 -0.1151754 0.9536342 -0.2780573 -0.1151741 0.9536347 -0.3538405 -0.1465662 0.9237506 -0.3538414 -0.1465659 0.9237504 -0.4269192 -0.1768354 0.8868311 -0.4269198 -0.1768356 0.8868307 -0.4967367 -0.2057564 0.843159 -0.4967378 -0.2057532 0.8431591 -0.5627602 -0.2331024 0.7930726 -0.5627591 -0.2331022 0.7930735 -0.624487 -0.2586717 0.7369565 -0.6244875 -0.2586702 0.7369568 -0.6814518 -0.2822678 0.6752395 -0.6814517 -0.2822654 0.6752406 -0.7259433 -0.3006967 0.6185368 -0.7034598 -0.2218006 0.6752398 -0.7034597 -0.2217989 0.6752405 -0.6446553 -0.2032598 0.7369566 -0.6446545 -0.2032593 0.7369575 -0.5809342 -0.1831666 0.7930735 -0.5809345 -0.1831688 0.7930727 -0.5127786 -0.1616782 0.8431597 -0.5127788 -0.1616794 0.8431595 -0.4407058 -0.1389548 0.8868315 -0.44071 -0.1389542 0.8868296 -0.3652659 -0.1151685 0.9237516 -0.3652695 -0.1151685 0.9237503 -0.2870389 -0.09050226 0.9536341 -0.2870351 -0.09050267 0.9536352 -0.2066051 -0.06514316 0.9762534 -0.2066105 -0.06514394 0.9762522 -0.124599 -0.03928697 0.9914291 -0.1246051 -0.03928697 0.9914283 -0.0416404 -0.01312899 0.9990465 -0.04033416 -0.01670819 0.9990466 -0.03872734 0.02016025 0.9990465 -0.1158906 0.06032669 0.9914284 -0.1207023 0.04999721 0.9914289 -0.2001464 0.08290219 0.9762524 -0.2066069 0.06514364 0.976253 -0.2870368 0.09050172 0.9536348 -0.293833 0.06514143 0.9536345 -0.3739158 0.08289462 0.9237508 -0.3797181 0.04999172 0.9237506 -0.4581412 0.06031531 0.8868308 -0.4616554 0.02015548 0.8868304 -0.5371516 0.02345079 0.8431597 -0.5371531 -0.02345281 0.8431587 -0.6085469 -0.02657014 0.793073 -0.6039163 -0.07950639 0.7930725 -0.6701565 -0.08822911 0.7369572 -0.6599183 -0.1463006 0.7369559 -0.7153093 -0.158581 0.6805768 -0.717704 -0.1694173 0.6754249 -0.7559405 -0.1698408 0.6322247 -0.7384973 -0.232847 0.6327749 -0.7296346 -0.2228465 0.6465082 -0.7429054 -0.2552791 0.6188088 -0.02345842 0.03682303 0.9990465 -0.07018524 0.1101885 0.9914296 -0.07953584 0.1036508 0.9914286 -0.1318775 0.1718686 0.9762528 -0.1463578 0.1597205 0.9762524 -0.2033269 0.2218953 0.9536355 -0.221897 0.2033296 0.9536345 -0.282373 0.2587472 0.9237508 -0.3038502 0.2331526 0.9237505 -0.3666048 0.2813045 0.8868308 -0.389724 0.2482841 0.8868315 -0.4534617 0.2888869 0.8431589 -0.4769136 0.2482655 0.8431593 -0.5403023 0.2812628 0.7930729 -0.5627586 0.2331027 0.7930737 -0.6244872 0.25867 0.736957 -0.6446552 0.2032598 0.7369568 -0.7034596 0.2218001 0.6752403 -0.7201135 0.1596445 0.6752408 -0.7122146 0.1693159 0.681236 -0.7267303 0.1156982 0.6771094 -0.7723858 0.1374709 0.6200985 -0.02014529 0.03872746 0.9990468 -0.06034529 0.1158869 0.9914277 -0.07019382 0.1101883 0.991429 -0.1163955 0.1827085 0.976253 -0.1318817 0.1718682 0.9762524 -0.183213 0.2387728 0.9536355 -0.2033323 0.2218959 0.9536342 -0.2587469 0.2823734 0.9237508 -0.282374 0.2587487 0.9237501 -0.3406921 0.3121873 0.8868303 -0.3666046 0.2813053 0.8868306 -0.4265575 0.3273092 0.8431593 -0.4534611 0.288886 0.8431596 -0.5137327 0.3272832 0.7930729 -0.5403007 0.2812644 0.7930734 -0.5995658 0.3121141 0.7369571 -0.6244877 0.2586716 0.7369561 -0.681452 0.2822666 0.6752398 -0.7034595 0.2217996 0.6752406 -0.733161 0.231166 0.6395602 -0.7428745 0.2181497 0.6328888 -0.01670837 0.0403372 0.9990465 -0.04998308 0.1207044 0.9914293 -0.06033068 0.1158872 0.9914285 -0.100028 0.1921576 0.976253 -0.1163949 0.1827087 0.9762529 -0.1617059 0.2538328 0.9536352 -0.1832174 0.2387725 0.9536347 -0.2331532 0.3038496 0.9237505 -0.2587473 0.2823733 0.9237506 -0.3121886 0.340691 0.8868303 -0.3406911 0.3121864 0.8868311 -0.3964083 0.3632399 0.8431591 -0.4265566 0.3273091 0.8431597 -0.4832524 0.3708125 0.7930732 -0.5137317 0.3272826 0.7930737 -0.5700821 0.3631827 0.7369564 -0.5995665 0.3121137 0.7369567 -0.6542569 0.3405846 0.6752408 -0.6814514 0.2822664 0.6752405 -0.7257357 0.3006106 0.6188223 -0.7311022 0.2874756 0.6187467 -0.7329041 0.3141422 0.6034619 -0.7283705 0.31476 0.6086071 -0.7039622 0.3664582 0.608396 -0.6542564 0.3405848 0.6752412 -0.6220837 0.3963112 0.6752402 -0.5700824 0.3631807 0.7369572 -0.5362579 0.4114868 0.7369574 -0.4832518 0.3708134 0.7930732 -0.4490964 0.4115195 0.7930728 -0.3964081 0.3632407 0.8431589 -0.3632405 0.396408 0.843159 -0.312186 0.3406915 0.8868311 -0.2813061 0.3666037 0.8868306 -0.2331516 0.3038503 0.9237507 -0.2057827 0.323014 0.9237508 -0.1617083 0.2538321 0.953635 -0.1389718 0.2669607 0.9536346 -0.1000331 0.1921581 0.9762524 -0.08290344 0.2001444 0.9762527 -0.04998815 0.1207039 0.9914292 -0.03928804 0.1246023 0.9914286 -0.0131272 0.04163992 0.9990465 -0.09627467 0.7312873 0.6752409 -0.03217345 0.736896 0.67524 -0.03217369 0.7368956 0.6752405 0.03217208 0.7368956 0.6752407 0.03217494 0.736896 0.67524 0.09627503 0.7312874 0.6752407 0.09627598 0.7312874 0.6752406 0.1596457 0.7201135 0.6752405 0.1596456 0.7201137 0.6752403 0.2218004 0.7034599 0.6752399 0.2218008 0.703459 0.6752406 0.2822656 0.6814517 0.6752405 0.2822653 0.6814521 0.6752403 0.3405846 0.6542575 0.6752401 0.3405848 0.6542571 0.6752406 0.3963109 0.6220833 0.6752408 0.3963121 0.6220837 0.6752397 0.4490221 0.5851758 0.6752396 0.4490208 0.5851764 0.6752399 0.4983146 0.5438132 0.6752405 0.4983134 0.5438138 0.6752409 0.6814518 0.2822678 0.6752395 0.6814517 0.2822654 0.6752406 0.7259433 0.3006967 0.6185368 0.7034598 0.2218006 0.6752398 0.7034597 0.2217989 0.6752405 0.6446553 0.2032598 0.7369566 0.6446545 0.2032593 0.7369575 0.5809342 0.1831666 0.7930735 0.293833 -0.06514143 0.9536345 0.3739158 -0.08289462 0.9237508 0.3797181 -0.04999172 0.9237506 0.4581412 -0.06031531 0.8868308 0.4616554 -0.02015548 0.8868304 0.5371516 -0.02345079 0.8431597 0.5371531 0.02345281 0.8431587 0.6085469 0.02657014 0.793073 0.6039163 0.07950639 0.7930725 0.6701565 0.08822911 0.7369572 0.6599183 0.1463006 0.7369559 0.7153093 0.158581 0.6805768 0.717704 0.1694173 0.6754249 0.7559405 0.1698408 0.6322247 0.7384973 0.232847 0.6327749 0.7296346 0.2228465 0.6465082 0.7429054 0.2552791 0.6188088 0.7513635 -0.1876218 0.632654 0.7343729 -0.1696685 0.6571979 0.7122146 -0.1693159 0.681236 0.7267296 -0.1156994 0.6771098 0.7268269 -0.09568846 0.6801224 0.7275488 -0.09429204 0.6795453 0.7305383 -0.06425786 0.6798418 0.124601 -0.03928697 0.9914289 0.1246017 -0.03928697 0.9914287 0.2066104 -0.06514316 0.9762523 0.2066069 -0.06514364 0.976253 0.2870368 -0.09050172 0.9536348 0.2870376 -0.09050297 0.9536345 0.3652678 -0.1151679 0.923751 0.365268 -0.115169 0.9237508 0.4407084 -0.1389543 0.8868302 0.4407073 -0.1389546 0.8868307 0.5127781 -0.1616775 0.8431602 0.5127799 -0.1616798 0.8431587 0.580935 -0.1831673 0.7930728 0.5809338 -0.1831679 0.7930734 0.6446546 -0.2032594 0.7369574 0.6446552 -0.2032598 0.7369568 0.7034597 -0.2218 0.6752401 0.7034595 -0.2217996 0.6752406 0.7331613 -0.231166 0.63956 0.7429054 -0.2552791 0.6188088 0.7275745 -0.3103647 0.6118082 0.7257359 -0.3006105 0.618822 0.6814513 -0.2822664 0.6752407 0.6814521 -0.2822666 0.6752397 0.6244876 -0.2586715 0.7369561 0.6244876 -0.2586699 0.7369567 0.5627586 -0.2331027 0.7930737 0.5627596 -0.233102 0.7930732 0.4967369 -0.205754 0.8431594 0.4967353 -0.2057557 0.8431599 0.4269189 -0.1768349 0.8868313 0.4269189 -0.1768364 0.8868309 0.3538416 -0.1465659 0.9237503 0.3538406 -0.1465662 0.9237507 0.2780581 -0.1151747 0.9536345 0.2780557 -0.1151747 0.953635 0.200144 -0.08290308 0.9762529 0.2001464 -0.08290219 0.9762524 0.1207036 -0.04999721 0.9914288 0.1207016 -0.04999727 0.991429 0.04033416 -0.01670819 0.9990466 0.0416404 -0.01312899 0.9990465 0.6244879 0.2586715 0.7369559 0.5627592 0.2331023 0.7930734 0.5809345 0.1831688 0.7930727 0.5127792 0.1616781 0.8431593 0.5249174 0.1163722 0.8431603 0.4511413 0.1000159 0.8868305 0.4581406 0.06031537 0.8868311 0.3797187 0.04999113 0.9237503 0.3826286 0.01670622 0.9237513 0.3006808 0.01312786 0.9536345 0.3006803 -0.01312845 0.9536346 0.2164279 -0.009449541 0.9762529 0.214782 -0.02827668 0.9762526 0.1295322 -0.01705312 0.9914286 0.1275508 -0.02827769 0.9914289 0.04262548 -0.009449899 0.9990465 -0.7582165 -0.350323 0.5498924 -0.7319278 -0.3810161 0.5648968 -0.703962 -0.3664577 0.6083965 -0.7039606 -0.3664606 0.6083964 -0.6542564 -0.3405848 0.6752412 -0.6542565 -0.3405847 0.6752411 -0.5995663 -0.3121129 0.7369571 -0.5995645 -0.3121154 0.7369576 -0.540301 -0.2812631 0.7930738 -0.540302 -0.2812643 0.7930727 -0.4769119 -0.2482655 0.8431603 -0.4769135 -0.2482653 0.8431596 -0.4098829 -0.2133717 0.8868307 -0.4098827 -0.2133722 0.8868307 -0.3397195 -0.1768468 0.9237511 -0.339722 -0.1768478 0.9237499 -0.266959 -0.1389704 0.9536352 -0.2669606 -0.1389711 0.9536346 -0.1921598 -0.1000308 0.9762523 -0.192157 -0.1000313 0.9762527 -0.1158906 -0.06032687 0.9914283 -0.115881 -0.06032699 0.9914295 -0.03872865 -0.02016025 0.9990464 -0.009461402 0.04262572 0.9990464 -0.02825695 0.1275522 0.9914293 -0.0392946 0.1246021 0.9914284 -0.06515204 0.2066088 0.9762521 -0.082897 0.2001454 0.976253 -0.1151732 0.278057 0.9536349 -0.1389723 0.26696 0.9536347 -0.1768481 0.3397207 0.9237504 -0.2057836 0.323015 0.9237502 -0.2482858 0.3897258 0.8868304 -0.281305 0.3666047 0.8868306 -0.3273079 0.426558 0.8431594 -0.3632404 0.3964062 0.8431599 -0.4115202 0.4490945 0.7930733 -0.4490945 0.4115197 0.7930737 -0.4983545 0.4566586 0.7369571 -0.5362597 0.4114856 0.7369567 -0.5851764 0.4490207 0.6752401 -0.6220838 0.3963109 0.6752403 -0.6693429 0.4264191 0.608397 -0.7039612 0.3664596 0.6083962 -0.7319284 0.3810158 0.5648964 -0.7355941 0.3768712 0.5629117 -0.0056867 0.04328715 0.9990466 -0.01704561 0.1295315 0.9914288 -0.02828323 0.1275521 0.9914286 -0.0468837 0.2115002 0.9762529 -0.06514179 0.2066087 0.9762527 -0.09050673 0.2870367 0.9536344 -0.1151755 0.2780569 0.9536346 -0.1465681 0.3538414 0.92375 -0.1768477 0.3397203 0.9237505 -0.2133687 0.4098826 0.8868315 -0.2482822 0.3897267 0.8868309 -0.2888851 0.4534609 0.84316 -0.3273101 0.4265568 0.8431593 -0.3708137 0.4832518 0.7930732 -0.411519 0.4490962 0.7930731 -0.4566569 0.4983558 0.7369573 -0.498355 0.4566586 0.7369568 -0.5438144 0.4983131 0.6752406 -0.5851764 0.4490216 0.6752393 -0.6296311 0.4831337 0.6083967 -0.6693439 0.4264181 0.6083966 -0.7115054 0.4532763 0.5369365 -0.7304153 0.4216694 0.5372974 -0.1717734 0.7748212 0.6083965 -0.1035898 0.7868448 0.6083951 -0.1035897 0.7868432 0.608397 -0.0346167 0.7928779 0.6083966 -0.0346179 0.7928781 0.6083962 0.03461676 0.7928785 0.6083958 0.03461784 0.7928776 0.6083968 0.1035891 0.7868443 0.6083958 0.1035909 0.7868435 0.6083966 0.171773 0.7748212 0.6083965 0.1717736 0.7748212 0.6083964 0.238651 0.7569014 0.6083962 0.2386506 0.7569014 0.6083965 0.30371 0.7332217 0.6083965 0.3037102 0.733222 0.6083961 0.3664585 0.7039614 0.6083967 0.3664596 0.7039611 0.6083964 0.4264187 0.6693437 0.6083964 0.4264186 0.6693435 0.6083967 0.483133 0.6296314 0.6083971 0.4831328 0.6296312 0.6083974 0.5361704 0.5851282 0.6083966 0.5361708 0.5851287 0.6083956 0.7526665 0.3420786 0.5625616 0.7331422 0.3816472 0.5628926 0.703962 0.3664577 0.6083965 0.7039606 0.3664606 0.6083964 0.6542564 0.3405848 0.6752412 0.6542565 0.3405847 0.6752411 0.5995663 0.3121129 0.7369571 0.5995645 0.3121154 0.7369576 0.540301 0.2812631 0.7930738 0.540302 0.2812643 0.7930727 0.4769119 0.2482655 0.8431603 0.4769135 0.2482653 0.8431596 0.4098829 0.2133717 0.8868307 0.4098827 0.2133722 0.8868307 0.3397195 0.1768468 0.9237511 0.339722 0.1768478 0.9237499 0.266959 0.1389704 0.9536352 0.2669606 0.1389711 0.9536346 0.1921598 0.1000308 0.9762523 0.192157 0.1000313 0.9762527 0.1158906 0.06032687 0.9914283 0.115881 0.06032699 0.9914295 0.03872865 0.02016025 0.9990464 0.7343623 -0.4132006 0.5384955 0.7319278 -0.3810161 0.5648968 0.7039613 -0.3664596 0.6083961 -0.7702799 -0.4308263 0.4701676 -0.7332417 -0.4671283 0.4941133 -0.7115041 -0.4532782 0.5369365 -0.7115049 -0.4532782 0.5369355 -0.669344 -0.4264178 0.6083968 -0.6693421 -0.4264197 0.6083974 -0.6220843 -0.3963099 0.6752404 -0.6220831 -0.3963122 0.6752402 -0.5700815 -0.363182 0.7369573 -0.5700821 -0.3631817 0.7369569 -0.5137321 -0.3272829 0.7930734 -0.5137321 -0.3272829 0.7930733 -0.453464 -0.2888857 0.8431581 -0.45346 -0.2888871 0.8431597 -0.3897258 -0.2482822 0.8868314 -0.3897261 -0.2482838 0.8868308 -0.3230157 -0.2057823 0.9237502 -0.3230131 -0.2057831 0.9237509 -0.2538343 -0.1617094 0.9536343 -0.253829 -0.161709 0.9536358 -0.1827072 -0.116398 0.9762529 -0.1827086 -0.1163982 0.9762526 -0.1101926 -0.07019776 0.9914283 -0.1101908 -0.07019734 0.9914284 -0.0368238 -0.02345883 0.9990464 -0.001907706 0.04361909 0.9990465 -0.005703628 0.1305247 0.9914287 -0.01705294 0.1295313 0.9914287 -0.02827662 0.2147821 0.9762527 -0.04688727 0.2115004 0.9762526 -0.06514406 0.2938321 0.9536346 -0.09050333 0.2870366 0.9536347 -0.1151733 0.3652684 0.92375 -0.1465665 0.353841 0.9237504 -0.1768354 0.4269194 0.8868309 -0.2133709 0.4098827 0.8868309 -0.2482643 0.4769132 0.8431599 -0.2888871 0.4534616 0.8431589 -0.3272844 0.513732 0.7930728 -0.3708119 0.4832518 0.793074 -0.4114862 0.5362604 0.7369559 -0.4566599 0.4983543 0.7369565 -0.4983139 0.5438131 0.6752413 -0.5438137 0.4983153 0.6752396 -0.585128 0.5361701 0.6083971 -0.6296318 0.4831336 0.6083962 -0.6692922 0.5135648 0.5369351 -0.7115036 0.45328 0.5369356 -0.7332419 0.4671277 0.4941133 -0.7702799 0.4308263 0.4701676 -0.7468993 0.5086448 0.428278 -0.733116 0.499356 0.4617191 -0.7038555 0.540088 0.4614028 -0.6692911 0.5135654 0.5369358 -0.6219845 0.5699431 0.536936 -0.5851276 0.5361702 0.6083974 -0.5361702 0.5851292 0.6083958 -0.4983139 0.5438143 0.6752403 -0.4490218 0.585177 0.6752388 -0.4114861 0.5362579 0.7369578 -0.3631814 0.5700817 0.7369574 -0.3272829 0.5137321 0.7930734 -0.2812632 0.5403018 0.7930732 -0.2482646 0.4769133 0.8431598 -0.2057548 0.4967356 0.84316 -0.1768339 0.4269198 0.8868311 -0.1389554 0.4407066 0.8868309 -0.1151685 0.365269 0.9237504 -0.08289366 0.3739164 0.9237507 -0.06513935 0.2938321 0.9536349 -0.03928285 0.2983916 0.9536348 -0.02827399 0.2147821 0.9762527 -0.00945425 0.2164292 0.9762526 -0.005692601 0.1305247 0.9914288 0.005689799 0.1305246 0.9914287 0.001915752 0.04361909 0.9990465 -0.2536821 0.8045786 0.5369346 -0.1825934 0.8236256 0.5369364 -0.1825935 0.8236252 0.5369369 -0.1101149 0.8364055 0.5369363 -0.1101146 0.8364061 0.5369356 -0.03679847 0.8428198 0.5369364 -0.03679865 0.8428205 0.5369354 0.03679853 0.8428204 0.5369355 0.03679859 0.8428196 0.5369368 0.1101149 0.8364055 0.5369364 0.1101146 0.836406 0.5369356 0.1825939 0.8236256 0.5369364 0.1825937 0.8236256 0.5369363 0.2536818 0.8045776 0.5369364 0.2536817 0.8045784 0.5369353 0.3228402 0.7794056 0.5369369 0.3228409 0.7794061 0.5369356 0.3895422 0.7483029 0.5369355 0.3895419 0.7483028 0.5369358 0.4532782 0.7115049 0.5369355 0.4532788 0.7115042 0.5369361 0.5135661 0.669291 0.5369353 0.5135648 0.6692921 0.5369352 0.5699445 0.6219836 0.5369356 0.5699431 0.621985 0.5369355 0.7702799 0.4308263 0.4701676 0.7332417 0.4671283 0.4941133 0.7115041 0.4532782 0.5369365 0.7115049 0.4532782 0.5369355 0.669344 0.4264178 0.6083968 0.6693421 0.4264197 0.6083974 0.6220843 0.3963099 0.6752404 0.6220831 0.3963122 0.6752402 0.5700815 0.363182 0.7369573 0.5700821 0.3631817 0.7369569 0.5137321 0.3272829 0.7930734 0.5137321 0.3272829 0.7930733 0.453464 0.2888857 0.8431581 0.45346 0.2888871 0.8431597 0.3897258 0.2482822 0.8868314 0.3897261 0.2482838 0.8868308 0.3230157 0.2057823 0.9237502 0.3230131 0.2057831 0.9237509 0.2538343 0.1617094 0.9536343 0.253829 0.161709 0.9536358 0.1827072 0.116398 0.9762529 0.1827086 0.1163982 0.9762526 0.1101926 0.07019776 0.9914283 0.1101908 0.07019734 0.9914284 0.0368238 0.02345883 0.9990464 0.7319745 -0.5015622 0.4611386 0.7332417 -0.4671283 0.4941133 0.7115039 -0.4532799 0.5369355 0.7115054 -0.4532763 0.5369365 0.6693436 -0.4264183 0.6083968 0.6693429 -0.4264191 0.608397 0.6220838 -0.3963109 0.6752403 -0.7567788 -0.5185945 0.3979267 -0.7260935 -0.557151 0.4029529 -0.7038559 -0.540088 0.4614022 -0.7038557 -0.5400871 0.4614034 -0.6692918 -0.5135648 0.5369355 -0.6692912 -0.5135654 0.5369357 -0.6296319 -0.4831337 0.6083958 -0.6296308 -0.4831336 0.6083971 -0.5851764 -0.4490216 0.6752394 -0.5851759 -0.4490209 0.6752403 -0.5362593 -0.4114867 0.7369564 -0.5362582 -0.4114856 0.7369579 -0.4832533 -0.3708128 0.7930726 -0.4832506 -0.3708133 0.793074 -0.4265609 -0.3273087 0.8431577 -0.4265548 -0.3273093 0.8431606 -0.3666016 -0.2813057 0.8868318 -0.3666064 -0.2813042 0.8868302 -0.303852 -0.2331529 0.9237499 -0.3038489 -0.2331523 0.923751 -0.2387741 -0.1832166 0.9536344 -0.2387709 -0.1832165 0.9536353 -0.1718654 -0.1318794 0.9762532 -0.1718698 -0.1318793 0.9762524 -0.1036584 -0.07953399 0.991428 -0.1036438 -0.07953429 0.9914295 -0.0346468 -0.0265789 0.9990462 -0.0321868 -0.02949666 0.9990466 0.0056867 0.04328715 0.9990466 0.01704555 0.1295313 0.9914288 0.00570029 0.1305247 0.9914287 0.009451031 0.2164292 0.9762527 -0.009448766 0.2164292 0.9762526 -0.01312845 0.3006796 0.9536349 -0.03928476 0.2983916 0.9536347 -0.04999321 0.3797187 0.9237502 -0.08289426 0.3739162 0.9237507 -0.1000164 0.4511407 0.8868308 -0.1389546 0.4407068 0.8868309 -0.1616785 0.5127795 0.8431592 -0.2057561 0.4967381 0.8431583 -0.2331018 0.5627595 0.7930733 -0.2812638 0.5403012 0.7930734 -0.3121126 0.5995657 0.7369578 -0.3631832 0.5700821 0.7369562 -0.3963108 0.6220837 0.6752405 -0.4490211 0.5851753 0.6752407 -0.4831329 0.6296308 0.6083977 -0.536171 0.5851278 0.6083964 -0.569943 0.621985 0.5369355 -0.6219843 0.5699434 0.5369358 -0.6541057 0.5993772 0.4614031 -0.7038564 0.5400869 0.4614027 -0.7260934 0.5571513 0.4029527 -0.7567788 0.5185945 0.3979267 -0.7277746 0.5735364 0.376032 -0.7235568 0.5745529 0.3825632 -0.6812496 0.6242511 0.3823736 -0.6541056 0.5993781 0.461402 -0.5993772 0.6541059 0.4614029 -0.569944 0.6219838 0.5369358 -0.513565 0.6692914 0.5369359 -0.4831329 0.6296317 0.6083968 -0.4264183 0.6693423 0.6083983 -0.3963112 0.6220836 0.6752403 -0.3405845 0.6542573 0.6752405 -0.3121152 0.5995662 0.7369562 -0.258669 0.6244866 0.7369579 -0.2331023 0.5627599 0.793073 -0.1831684 0.5809336 0.7930734 -0.1616792 0.5127794 0.8431591 -0.1163715 0.5249189 0.8431594 -0.100017 0.4511411 0.8868305 -0.06031441 0.4581407 0.8868311 -0.04998892 0.3797183 0.9237507 -0.01670646 0.3826301 0.9237506 -0.01312994 0.3006802 0.9536347 0.01312881 0.3006798 0.9536348 0.009449064 0.2164292 0.9762526 0.02826881 0.2147821 0.9762528 0.01705604 0.1295313 0.9914287 0.02828717 0.127552 0.9914285 0.009469866 0.04262572 0.9990463 -0.3395136 0.8196575 0.4614023 -0.2667828 0.8461287 0.4614037 -0.2667831 0.8461291 0.4614025 -0.1920238 0.8661602 0.4614039 -0.1920233 0.8661617 0.461401 -0.115801 0.8796011 0.4614024 -0.1158018 0.8796011 0.4614022 -0.03869903 0.8863467 0.4614022 -0.03869849 0.886346 0.4614036 0.03869903 0.8863466 0.4614022 0.03869855 0.8863461 0.4614033 0.115801 0.8796012 0.4614023 0.1158018 0.8796007 0.4614029 0.1920239 0.8661611 0.4614021 0.1920232 0.8661611 0.4614024 0.2667828 0.846129 0.4614031 0.2667829 0.8461292 0.4614025 0.3395128 0.8196574 0.4614033 0.3395135 0.8196579 0.4614019 0.4096595 0.7869471 0.4614037 0.4096587 0.7869476 0.4614034 0.4766882 0.7482493 0.4614017 0.4766867 0.7482491 0.4614034 0.5400883 0.7038548 0.4614036 0.5400865 0.7038565 0.461403 0.5993779 0.654105 0.461403 0.5993775 0.6541054 0.4614033 0.7567788 0.5185945 0.3979267 0.7260935 0.557151 0.4029529 0.7038559 0.540088 0.4614022 0.7038557 0.5400871 0.4614034 0.6692918 0.5135648 0.5369355 0.6692912 0.5135654 0.5369357 0.6296319 0.4831337 0.6083958 0.6296308 0.4831336 0.6083971 0.5851764 0.4490216 0.6752394 0.5851759 0.4490209 0.6752403 0.5362593 0.4114867 0.7369564 0.5362582 0.4114856 0.7369579 0.4832533 0.3708128 0.7930726 0.4832506 0.3708133 0.793074 0.4265609 0.3273087 0.8431577 0.4265548 0.3273093 0.8431606 0.3666016 0.2813057 0.8868318 0.3666064 0.2813042 0.8868302 0.303852 0.2331529 0.9237499 0.3038489 0.2331523 0.923751 0.2387741 0.1832166 0.9536344 0.2387709 0.1832165 0.9536353 0.1718654 0.1318794 0.9762532 0.1718698 0.1318793 0.9762524 0.1036584 0.07953399 0.991428 0.1036438 0.07953429 0.9914295 0.0346468 0.0265789 0.9990462 0.7371235 -0.5807472 0.3455165 0.7277746 -0.5735364 0.376032 0.7235566 -0.5745528 0.3825637 0.7260935 -0.557151 0.4029529 0.7038564 -0.5400872 0.4614023 0.7038555 -0.540088 0.4614028 0.6692913 -0.5135656 0.5369355 0.6692921 -0.5135648 0.5369352 0.6296314 -0.4831337 0.6083964 0.6296311 -0.4831337 0.6083967 0.5851758 -0.4490216 0.6752399 0.5851759 -0.4490209 0.6752403 0.5362592 -0.4114858 0.736957 -0.7510069 0.6137351 0.2435529 -0.7382769 0.6037684 0.3006843 -0.7032139 0.644378 0.300445 -0.6812509 0.6242508 0.3823719 -0.6242507 0.6812508 0.3823724 -0.5993778 0.6541047 0.4614036 -0.5400863 0.7038554 0.4614049 -0.5135655 0.6692919 0.5369348 -0.4532785 0.7115041 0.5369364 -0.4264194 0.6693444 0.6083952 -0.3664594 0.7039608 0.6083968 -0.3405848 0.6542571 0.6752406 -0.2822659 0.6814514 0.6752408 -0.2586702 0.6244866 0.7369574 -0.20326 0.6446554 0.7369565 -0.1831694 0.5809345 0.7930727 -0.1318374 0.5946872 0.7930739 -0.1163722 0.5249187 0.8431594 -0.07017832 0.5330636 0.8431597 -0.06031298 0.4581412 0.8868309 -0.02015978 0.4616548 0.8868307 -0.01670783 0.3826304 0.9237505 0.01670646 0.3826304 0.9237505 0.01312988 0.30068 0.9536347 0.03928291 0.2983916 0.9536348 0.02828133 0.2147821 0.9762525 0.04688888 0.2115002 0.9762526 0.02827745 0.1275522 0.9914287 0.03928798 0.1246023 0.9914286 0.0131272 0.04163992 0.9990465 -0.4266594 0.8196057 0.3823723 -0.3536026 0.8536715 0.3823746 -0.3536029 0.8536729 0.3823713 -0.2778547 0.8812423 0.3823725 -0.2778548 0.8812423 0.3823727 -0.1999917 0.9021056 0.3823727 -0.199992 0.9021055 0.382373 -0.1206071 0.9161032 0.3823727 -0.1206075 0.9161033 0.3823726 -0.04030466 0.9231288 0.3823726 -0.04030418 0.9231291 0.3823719 0.04030448 0.9231295 0.3823708 0.04030442 0.9231287 0.382373 0.1206077 0.9161032 0.3823727 0.1206073 0.9161033 0.3823725 0.1999918 0.9021056 0.3823725 0.199992 0.9021054 0.382373 0.2778546 0.881242 0.3823735 0.2778548 0.8812423 0.3823727 0.3536027 0.8536723 0.3823726 0.3536029 0.8536722 0.3823725 0.4266587 0.8196057 0.3823727 0.4266592 0.8196049 0.3823737 0.4964692 0.7793008 0.3823724 0.4964701 0.7792998 0.3823732 0.5624994 0.7330666 0.3823716 0.5625013 0.7330647 0.3823723 0.6242514 0.6812509 0.3823709 0.6242511 0.6812502 0.3823723 -0.7870864 0.5882923 0.1854923 -0.7097822 0.6704612 0.2160813 -0.7198333 0.6596053 0.2162429 -0.7032146 0.6443766 0.3004465 -0.6443777 0.7032147 0.3004441 -0.6242517 0.6812505 0.382371 -0.5625008 0.7330657 0.3823711 -0.5400876 0.7038561 0.4614022 -0.4766871 0.7482493 0.4614028 -0.4532786 0.7115049 0.5369352 -0.3895419 0.7483028 0.5369358 -0.3664591 0.7039615 0.6083962 -0.3037102 0.7332223 0.6083957 -0.2822657 0.6814525 0.6752397 -0.2218004 0.7034599 0.6752399 -0.2032584 0.6446548 0.7369575 -0.1463003 0.6599177 0.7369566 -0.1318411 0.5946877 0.7930728 -0.07950627 0.6039144 0.7930739 -0.07017928 0.5330644 0.8431591 -0.02345246 0.5371529 0.8431589 -0.02015358 0.4616543 0.8868311 0.02015525 0.4616543 0.8868309 0.01670783 0.3826302 0.9237505 0.04999279 0.3797184 0.9237504 0.0392844 0.2983915 0.9536348 0.06513583 0.2938324 0.9536352 0.04688638 0.2115004 0.9762527 0.06513786 0.206609 0.9762529 0.0392912 0.1246021 0.9914285 0.04999387 0.1207039 0.9914289 0.01669752 0.0403372 0.9990466 -0.5124759 0.8044263 0.3004445 -0.4404152 0.8460304 0.3004451 -0.4404152 0.8460302 0.3004452 -0.3650034 0.8811954 0.3004453 -0.3650031 0.8811952 0.3004463 -0.2868129 0.9096543 0.3004453 -0.2868126 0.909654 0.3004468 -0.2064399 0.9311904 0.3004451 -0.2064402 0.9311904 0.3004444 -0.1244958 0.9456392 0.3004451 -0.1244956 0.9456393 0.3004451 -0.04160404 0.9528913 0.3004451 -0.04160457 0.9528911 0.3004459 0.04160398 0.9528908 0.3004469 0.04160457 0.9528915 0.3004449 0.1244957 0.9456393 0.3004451 0.1244956 0.9456392 0.3004455 0.2064402 0.9311902 0.3004451 0.2064399 0.9311904 0.3004448 0.2868129 0.9096544 0.3004452 0.2868126 0.9096539 0.3004472 0.3650028 0.8811954 0.300446 0.3650036 0.8811953 0.3004454 0.4404153 0.8460305 0.3004441 0.4404151 0.8460301 0.3004459 0.5124761 0.8044261 0.3004443 0.5124762 0.8044256 0.300446 0.580636 0.7566999 0.3004451 0.5806363 0.7566989 0.3004468 0.6443774 0.7032142 0.3004459 0.6443766 0.7032153 0.300445 -0.09633058 -0.08826494 0.9914282 -0.09632283 -0.08826529 0.9914289 -0.1597176 -0.1463574 0.976253 -0.1597238 -0.1463564 0.9762521 -0.2218946 -0.2033302 0.953635 -0.2218996 -0.2033298 0.9536339 -0.2823705 -0.2587481 0.9237514 -0.282374 -0.2587481 0.9237501 -0.3406937 -0.3121863 0.8868302 -0.3406903 -0.3121871 0.8868311 -0.3964051 -0.3632404 0.8431604 -0.3964088 -0.3632406 0.8431586 -0.4490942 -0.4115198 0.7930736 -0.4490957 -0.4115194 0.7930731 -0.4983539 -0.4566587 0.7369575 -0.4983546 -0.4566588 0.7369569 -0.5438143 -0.4983144 0.6752398 -0.5438147 -0.4983138 0.6752399 -0.5851284 -0.5361694 0.6083972 -0.5851276 -0.5361707 0.6083968 -0.6219846 -0.5699431 0.5369358 -0.6219838 -0.5699435 0.5369364 -0.6541059 -0.5993776 0.4614023 -0.6541051 -0.5993779 0.461403 -0.6812502 -0.6242511 0.3823726 -0.6812503 -0.6242508 0.382373 -0.7032148 -0.6443768 0.3004459 -0.7032139 -0.6443778 0.3004457 -0.7198333 -0.6596048 0.2162441 -0.7198324 -0.6596062 0.2162429 -0.7309808 -0.6698222 0.1304052 -0.7138307 -0.6836789 0.1517528 -0.7292983 -0.6760948 0.1049753 0.02014529 0.03872746 0.9990468 0.06034529 0.1158869 0.9914277 0.0499916 0.1207041 0.991429 0.08290702 0.200145 0.9762522 0.065149 0.2066085 0.9762523 0.09050679 0.2870368 0.9536343 0.06514245 0.2938321 0.9536347 0.08289122 0.3739168 0.9237507 0.04998868 0.3797187 0.9237504 0.06031417 0.4581409 0.886831 0.02015763 0.4616546 0.8868308 0.02345263 0.5371515 0.8431597 -0.02345138 0.5371516 0.8431597 -0.02656853 0.6085467 0.7930732 -0.07950711 0.6039157 0.7930728 -0.08822894 0.6701557 0.7369579 -0.1463008 0.6599172 0.7369568 -0.1596459 0.7201144 0.6752397 -0.2218002 0.7034592 0.6752406 -0.23865 0.7569013 0.6083967 -0.3037099 0.7332215 0.6083968 -0.3228408 0.7794052 0.5369371 -0.3895419 0.7483032 0.5369352 -0.4096592 0.786947 0.461404 -0.4766874 0.7482492 0.4614025 -0.4964694 0.7793001 0.3823736 -0.5625 0.7330654 0.3823726 -0.5806362 0.7566991 0.3004469 -0.6443766 0.7032147 0.3004462 -0.6596055 0.719833 0.2162431 -0.7198326 0.6596057 0.2162439 -0.7266759 0.665876 0.1689711 -0.7478413 0.6421319 0.1685234 -0.0346468 0.0265789 0.9990462 -0.7723856 -0.1374721 0.6200984 -0.7267296 -0.1156994 0.6771098 -0.7268269 -0.09568846 0.6801224 -0.6701577 -0.08822727 0.7369564 -0.675296 -0.02948296 0.7369574 -0.6085459 -0.02657002 0.7930737 -0.6085468 0.0265702 0.793073 -0.5371527 0.02345287 0.843159 -0.5330638 0.07017982 0.8431594 -0.45814 0.06031584 0.8868314 -0.451142 0.1000152 0.8868303 -0.3739162 0.08289575 0.9237505 -0.3652681 0.1151678 0.9237508 -0.2870377 0.09050297 0.9536345 -0.2780557 0.1151747 0.953635 -0.2001432 0.08290314 0.9762529 -0.1921594 0.1000308 0.9762523 -0.1158851 0.06032705 0.9914289 -0.1101909 0.07019782 0.9914284 -0.0368238 0.02345883 0.9990464 -0.5943568 0.7745831 0.2162435 -0.5245867 0.8234366 0.2162429 -0.5245871 0.8234361 0.2162438 -0.4508236 0.8660237 0.2162429 -0.4508231 0.8660241 0.2162426 -0.3736289 0.9020203 0.2162429 -0.3736298 0.90202 0.2162421 -0.2935907 0.9311518 0.2162429 -0.2935907 0.931152 0.2162417 -0.2113186 0.953196 0.2162448 -0.2113187 0.9531967 0.216242 -0.1274377 0.9679865 0.2162449 -0.1274377 0.967987 0.2162426 -0.04258775 0.9754104 0.216243 -0.04258692 0.9754108 0.2162413 0.04258781 0.9754104 0.2162429 0.04258692 0.9754106 0.2162417 0.1274378 0.9679869 0.2162429 0.1274375 0.9679867 0.2162442 0.2113187 0.9531965 0.2162429 0.2113187 0.9531965 0.2162425 0.2935907 0.9311522 0.2162411 0.2935907 0.9311519 0.2162423 0.3736294 0.9020205 0.2162412 0.3736293 0.9020199 0.2162437 0.4508237 0.866024 0.216242 0.4508231 0.8660239 0.2162435 0.5245864 0.8234366 0.2162438 0.5245873 0.8234363 0.2162424 0.5943576 0.7745825 0.2162429 0.5943576 0.7745822 0.2162441 0.6596056 0.719833 0.2162429 0.6596054 0.7198328 0.2162442 0.7478752 0.6420903 0.168531 0.7266763 0.6658765 0.1689679 0.7198324 0.6596062 0.2162429 0.7198334 0.6596047 0.2162441 0.7032139 0.6443778 0.3004457 0.7032147 0.6443766 0.3004463 0.6812503 0.6242508 0.382373 0.6812502 0.6242511 0.3823726 0.6541054 0.5993777 0.4614028 0.6541059 0.5993776 0.4614023 0.6219839 0.5699436 0.5369361 0.6219848 0.5699428 0.5369358 0.5851279 0.5361705 0.6083968 0.5851286 0.5361695 0.608397 0.5438147 0.4983138 0.6752399 0.5438143 0.4983144 0.6752398 0.4983555 0.4566585 0.7369565 0.4983549 0.4566583 0.736957 0.4490958 0.4115194 0.793073 0.449095 0.4115198 0.7930732 0.3964081 0.3632407 0.8431589 0.3964067 0.3632402 0.8431597 0.3406887 0.3121873 0.8868317 0.3406927 0.3121864 0.8868304 0.282373 0.2587482 0.9237505 0.282373 0.2587478 0.9237506 0.2218996 0.2033298 0.9536339 0.2218928 0.2033303 0.9536353 0.1597257 0.1463564 0.9762519 0.1597162 0.1463574 0.9762532 0.09632688 0.08826529 0.9914284 0.09633463 0.08826488 0.9914278 0.03217595 0.02949672 0.999047 0.731289 -0.6779154 0.07514822 0.7292984 -0.6760947 0.1049753 0.7211021 -0.6804328 0.1304727 0.7290529 -0.6680538 0.1489495 0.7198326 -0.6596057 0.2162439 0.7198333 -0.6596053 0.2162429 0.7032147 -0.6443766 0.300446 0.7032139 -0.644378 0.300445 0.6812509 -0.6242508 0.3823719 0.6812496 -0.6242511 0.3823736 0.6541056 -0.5993781 0.461402 0.6541055 -0.5993773 0.4614031 0.6219843 -0.5699434 0.5369358 0.6219845 -0.5699431 0.536936 0.5851275 -0.5361699 0.6083976 0.585128 -0.5361701 0.6083971 0.5438143 -0.4983153 0.6752392 0.5438144 -0.4983131 0.6752406 0.4983547 -0.4566583 0.7369571 0.4983545 -0.4566586 0.7369571 0.4490951 -0.4115198 0.7930732 -0.6698207 0.7309823 0.1304041 -0.6035633 0.786579 0.1304026 -0.6035626 0.7865792 0.1304053 -0.5327123 0.8361888 0.1304064 -0.532711 0.8361902 0.1304029 -0.4578059 0.8794369 0.1304026 -0.4578056 0.8794366 0.1304048 -0.3794161 0.9159904 0.1304044 -0.379416 0.9159905 0.1304031 -0.2981377 0.9455732 0.1304044 -0.2981376 0.9455732 0.1304042 -0.2145915 0.9679591 0.1304063 -0.2145915 0.9679597 0.1304019 -0.1294113 0.9829788 0.1304043 -0.1294115 0.9829789 0.1304034 -0.0432465 0.9905175 0.1304025 -0.04324728 0.990517 0.1304056 0.0432465 0.9905171 0.1304062 0.04324728 0.9905176 0.1304021 0.1294113 0.9829788 0.1304043 0.1294115 0.9829789 0.1304036 0.2145915 0.9679594 0.1304044 0.2145915 0.9679595 0.1304032 0.2981377 0.9455732 0.1304044 0.2981377 0.9455732 0.1304043 0.3794163 0.9159902 0.1304044 0.3794158 0.9159904 0.1304042 0.4578053 0.8794368 0.1304044 0.457806 0.8794364 0.1304045 0.5327118 0.8361896 0.1304043 0.5327118 0.8361896 0.1304039 0.6035624 0.7865797 0.1304033 0.6035635 0.7865784 0.1304051 0.6698208 0.7309822 0.1304042 0.6698221 0.7309809 0.1304041 0.7276611 0.6734221 0.1304305 0.7152225 0.6830968 0.1477691 0.7237235 0.6887111 0.0436061 0.6749486 0.7365769 0.04357737 0.6749484 0.736577 0.04357761 0.6081829 0.7925999 0.04357731 0.6081833 0.7925997 0.04357653 0.5367894 0.8425902 0.04357826 0.5367895 0.8425901 0.0435779 0.4613094 0.8861685 0.04357731 0.4613102 0.8861682 0.0435779 0.3823203 0.9230018 0.04357731 0.3823203 0.9230018 0.04357886 0.3004202 0.952811 0.04357922 0.3004195 0.9528111 0.04357844 0.2162333 0.9753687 0.04357737 0.216234 0.9753686 0.04357945 0.1304029 0.9905031 0.04357546 0.130402 0.9905031 0.04357862 0.04357773 0.9980992 0.04357731 0.04357832 0.9980991 0.04358017 -0.04357773 0.9980992 0.04357731 -0.04357832 0.9980991 0.04357975 -0.1304028 0.9905029 0.04357922 -0.1304021 0.9905032 0.0435751 -0.2162332 0.9753688 0.04357731 -0.216234 0.9753684 0.04357993 -0.3004201 0.952811 0.04357922 -0.3004197 0.9528111 0.04357761 -0.3823202 0.9230019 0.04357731 -0.3823204 0.9230016 0.04357862 -0.4613098 0.8861684 0.04357737 -0.4613098 0.8861684 0.04357767 -0.536789 0.8425905 0.04357731 -0.53679 0.8425899 0.04357814 -0.608183 0.7926 0.04357635 -0.6081833 0.7925997 0.04357695 -0.674948 0.7365774 0.04357731 -0.6749489 0.7365765 0.04357779 -0.7311555 0.6808168 0.04359197 -0.7202713 0.6930322 0.03025949 0.7311555 0.6808168 -0.04359138 0.6749489 0.7365766 -0.04357731 0.674948 0.7365774 -0.04357767 0.6081833 0.7925997 -0.04357731 0.608183 0.7925999 -0.04357653 0.53679 0.8425899 -0.04357832 0.536789 0.8425905 -0.04357784 0.4613097 0.8861683 -0.0435782 0.4613098 0.8861684 -0.04357701 0.3823205 0.9230017 -0.04357826 0.3823201 0.9230018 -0.04357796 0.3004197 0.9528111 -0.04357826 0.3004201 0.952811 -0.04357939 0.216234 0.9753684 -0.04358017 0.2162332 0.9753688 -0.04357665 0.1304021 0.9905032 -0.04357445 0.1304028 0.9905029 -0.04357963 0.04357832 0.9980991 -0.04358017 0.04357773 0.9980992 -0.04357731 -0.04357832 0.9980991 -0.04358017 -0.04357773 0.9980992 -0.04357695 -0.130402 0.9905031 -0.0435782 -0.1304029 0.990503 -0.04357612 -0.216234 0.9753686 -0.04358011 -0.2162333 0.9753687 -0.04357713 -0.3004195 0.9528111 -0.0435782 -0.3004202 0.952811 -0.04357862 -0.3823203 0.9230018 -0.04357826 -0.3823204 0.9230018 -0.04357767 -0.4613102 0.8861682 -0.04357826 -0.4613094 0.8861687 -0.04357677 -0.5367894 0.8425901 -0.04357826 -0.5367894 0.8425902 -0.04357808 -0.6081833 0.7925997 -0.04357635 -0.608183 0.7926 -0.04357701 -0.6749484 0.736577 -0.04357731 -0.6749485 0.7365769 -0.04357784 -0.723723 0.6887116 -0.04360544 -0.7315275 0.6811631 -0.02974075 -0.0432465 -0.9905175 -0.1304025 -0.04324728 -0.990517 -0.1304056 -0.04357832 -0.9980991 -0.04358017 -0.04357773 -0.9980992 -0.04357731 -0.04357773 -0.9980992 0.04357731 -0.04357832 -0.9980991 0.04358017 -0.04324728 -0.9905176 0.1304019 -0.0432465 -0.9905171 0.1304062 -0.04258692 -0.9754108 0.2162413 -0.04258769 -0.9754104 0.2162429 -0.04160457 -0.9528917 0.3004441 -0.04160392 -0.9528908 0.3004469 -0.04030442 -0.9231284 0.3823736 -0.04030442 -0.9231295 0.3823708 -0.03869849 -0.8863461 0.4614036 -0.03869891 -0.8863467 0.4614022 -0.03679859 -0.8428195 0.5369369 -0.03679829 -0.8428204 0.5369355 -0.03461784 -0.7928776 0.608397 -0.03461724 -0.7928785 0.6083958 -0.03217494 -0.7368962 0.6752398 -0.03217238 -0.7368956 0.6752407 -0.02948462 -0.6752958 0.7369574 -0.02948272 -0.6752966 0.7369568 -0.02656859 -0.6085472 0.7930729 -0.1294113 -0.9829788 -0.1304043 -0.1294115 -0.9829789 -0.1304036 -0.1304021 -0.9905032 -0.04357445 -0.1304028 -0.9905029 -0.04357922 -0.1304029 -0.9905031 0.04357546 -0.130402 -0.9905031 0.0435782 -0.1294115 -0.9829789 0.1304036 -0.1294113 -0.9829788 0.1304043 -0.1274375 -0.9679866 0.2162449 -0.1274378 -0.9679869 0.2162429 -0.1244956 -0.9456391 0.3004459 -0.1244957 -0.9456393 0.3004451 -0.120607 -0.9161036 0.382372 -0.1206076 -0.9161032 0.3823727 -0.1158018 -0.8796003 0.4614038 -0.1158011 -0.8796011 0.4614022 -0.1101146 -0.8364062 0.5369355 -0.1101152 -0.8364054 0.5369364 -0.103591 -0.7868437 0.6083962 -0.1035893 -0.7868443 0.6083958 -0.09627598 -0.7312876 0.6752403 -0.09627467 -0.7312874 0.6752407 -0.08822739 -0.6701579 0.7369562 -0.08822846 -0.6701564 0.7369574 -0.07950514 -0.6039159 0.7930729 -0.07950794 -0.6039147 0.7930736 -0.07017928 -0.5330643 0.8431591 -0.2145915 -0.9679591 -0.1304063 -0.2145915 -0.9679597 -0.1304019 -0.216234 -0.9753684 -0.04358017 -0.2162332 -0.9753688 -0.04357731 -0.2162333 -0.9753687 0.04357737 -0.216234 -0.9753686 0.04358011 -0.2145914 -0.9679595 0.1304037 -0.2145916 -0.9679594 0.1304044 -0.2113187 -0.9531964 0.2162431 -0.2113187 -0.9531965 0.2162429 -0.2064399 -0.9311907 0.300444 -0.2064402 -0.9311902 0.3004451 -0.1999922 -0.9021051 0.3823736 -0.1999917 -0.9021056 0.3823725 -0.1920232 -0.8661609 0.4614028 -0.1920239 -0.8661611 0.4614021 -0.1825942 -0.8236255 0.5369362 -0.1825937 -0.8236255 0.5369364 -0.1717736 -0.7748212 0.6083964 -0.171773 -0.7748212 0.6083965 -0.1596456 -0.7201136 0.6752406 -0.1596457 -0.7201135 0.6752405 -0.1463008 -0.6599178 0.7369564 -0.1463002 -0.6599166 0.7369575 -0.1318367 -0.5946877 0.7930737 -0.1318406 -0.5946872 0.7930733 -0.1163722 -0.5249187 0.8431596 -0.1163734 -0.5249186 0.8431593 -0.100017 -0.4511408 0.8868307 -0.2981377 -0.9455732 -0.1304044 -0.2981376 -0.9455733 -0.1304037 -0.3004197 -0.9528111 -0.04357826 -0.3004201 -0.952811 -0.04357922 -0.3004202 -0.952811 0.04357922 -0.3004195 -0.9528111 0.0435782 -0.2981377 -0.9455733 0.1304037 -0.2981377 -0.9455732 0.1304044 -0.2935906 -0.9311518 0.2162429 -0.2935908 -0.9311522 0.2162411 -0.2868125 -0.9096538 0.3004477 -0.2868129 -0.9096544 0.3004452 -0.277855 -0.8812422 0.3823729 -0.2778547 -0.8812424 0.3823726 -0.2667829 -0.8461291 0.4614028 -0.2667828 -0.8461285 0.4614039 -0.2536816 -0.8045781 0.5369357 -0.2536821 -0.8045775 0.5369363 -0.2386506 -0.7569014 0.6083965 -0.2386505 -0.7569016 0.6083964 -0.2218008 -0.7034591 0.6752405 -0.2218004 -0.7034599 0.6752399 -0.2032597 -0.6446554 0.7369565 -0.2032584 -0.6446544 0.7369578 -0.1831679 -0.5809345 0.7930729 -0.1831684 -0.5809336 0.7930734 -0.1616793 -0.5127795 0.8431589 -0.1616784 -0.5127791 0.8431594 -0.1389545 -0.4407065 0.8868311 -0.1389554 -0.4407068 0.8868309 -0.1151685 -0.3652688 0.9237505 -0.3794161 -0.9159904 -0.1304044 -0.3794161 -0.9159905 -0.1304036 -0.3823205 -0.9230017 -0.04357826 -0.3823202 -0.9230019 -0.04357731 -0.3823203 -0.9230018 0.04357731 -0.3823203 -0.9230018 0.04357826 -0.3794158 -0.9159905 0.1304036 -0.3794162 -0.9159902 0.1304044 -0.3736293 -0.90202 0.2162431 -0.3736295 -0.9020203 0.2162412 -0.3650038 -0.8811952 0.3004451 -0.3650028 -0.881195 0.3004469 -0.3536028 -0.853672 0.3823729 -0.3536027 -0.8536723 0.3823726 -0.3395131 -0.8196579 0.4614019 -0.3395133 -0.8196572 0.4614032 -0.3228409 -0.7794061 0.5369356 -0.3228406 -0.7794054 0.5369368 -0.3037102 -0.733222 0.6083961 -0.30371 -0.7332217 0.6083965 -0.2822653 -0.6814521 0.6752403 -0.2822662 -0.6814517 0.6752403 -0.25867 -0.6244865 0.7369576 -0.2586694 -0.6244871 0.7369573 -0.2331008 -0.5627605 0.7930729 -0.2331017 -0.5627589 0.7930738 -0.2057558 -0.4967368 0.843159 -0.2057552 -0.4967372 0.843159 -0.1768375 -0.4269193 0.8868306 -0.1768333 -0.4269198 0.8868312 -0.1465687 -0.3538411 0.9237501 -0.1465668 -0.3538411 0.9237504 -0.115174 -0.278057 0.9536347 -0.4578059 -0.8794369 -0.1304026 -0.4578055 -0.8794364 -0.1304056 -0.4613097 -0.8861683 -0.0435782 -0.4613098 -0.8861684 -0.04357737 -0.4613094 -0.8861685 0.04357731 -0.4613102 -0.8861682 0.04357826 -0.4578061 -0.8794365 0.1304038 -0.4578053 -0.8794368 0.1304044 -0.4508233 -0.8660239 0.2162432 -0.4508235 -0.8660237 0.2162429 -0.4404149 -0.8460299 0.3004463 -0.4404155 -0.8460308 0.3004432 -0.4266592 -0.819605 0.3823735 -0.4266591 -0.8196059 0.3823718 -0.4096587 -0.7869476 0.4614034 -0.4096595 -0.7869471 0.4614037 -0.3895425 -0.7483029 0.5369353 -0.3895418 -0.7483031 0.5369356 -0.3664596 -0.7039611 0.6083964 -0.3664589 -0.703961 0.608397 -0.3405848 -0.6542571 0.6752406 -0.3405845 -0.6542573 0.6752405 -0.3121113 -0.5995658 0.7369582 -0.3121157 -0.5995665 0.7369558 -0.2812625 -0.540301 0.793074 -0.2812647 -0.5403018 0.7930726 -0.2482647 -0.4769136 0.8431596 -0.2482649 -0.4769127 0.8431601 -0.2133736 -0.4098825 0.8868303 -0.2133678 -0.4098829 0.8868316 -0.1768466 -0.3397205 0.9237508 -0.1768469 -0.3397207 0.9237506 -0.1389709 -0.2669605 0.9536347 -0.1389717 -0.2669602 0.9536347 -0.1000329 -0.1921578 0.9762524 -0.5327123 -0.8361888 -0.1304064 -0.532711 -0.8361902 -0.1304036 -0.53679 -0.8425899 -0.04357832 -0.536789 -0.8425905 -0.04357731 -0.5367894 -0.8425902 0.04357826 -0.5367895 -0.8425901 0.04357826 -0.5327118 -0.8361898 0.1304038 -0.5327117 -0.8361895 0.1304052 -0.5245873 -0.8234364 0.2162423 -0.5245866 -0.8234365 0.2162438 -0.5124761 -0.8044255 0.3004461 -0.512476 -0.804426 0.3004453 -0.4964699 -0.7792999 0.3823733 -0.4964692 -0.7793008 0.3823724 -0.4766864 -0.7482492 0.4614036 -0.4766877 -0.7482495 0.4614018 -0.4532783 -0.7115043 0.5369362 -0.4532784 -0.7115051 0.5369351 -0.4264186 -0.6693435 0.6083967 -0.4264193 -0.6693435 0.6083963 -0.3963121 -0.6220837 0.6752397 -0.3963111 -0.6220836 0.6752404 -0.363182 -0.5700817 0.7369571 -0.3631827 -0.5700821 0.7369564 -0.3272826 -0.5137325 0.7930731 -0.3272831 -0.5137317 0.7930735 -0.2888854 -0.4534615 0.8431596 -0.2888854 -0.4534612 0.8431597 -0.2482857 -0.3897263 0.8868302 -0.2482829 -0.3897265 0.8868309 -0.2057867 -0.323014 0.9237499 -0.2057802 -0.323015 0.9237511 -0.1617084 -0.2538326 0.9536349 -0.1617057 -0.2538322 0.9536354 -0.1163949 -0.1827087 0.976253 -0.1163928 -0.1827087 0.9762532 -0.07019108 -0.1101884 0.9914292 -0.07952439 -0.1036508 0.9914296 -0.07953578 -0.1036509 0.9914286 -0.1318884 -0.1718682 0.9762514 -0.131878 -0.1718684 0.9762529 -0.18322 -0.2387724 0.9536343 -0.1832148 -0.2387727 0.9536351 -0.2331534 -0.3038498 0.9237505 -0.2331505 -0.3038504 0.9237509 -0.2813048 -0.3666046 0.8868308 -0.2813071 -0.3666039 0.8868302 -0.3273096 -0.4265568 0.8431594 -0.3273087 -0.426558 0.8431591 -0.3708152 -0.4832515 0.7930727 -0.3708119 -0.4832518 0.793074 -0.4114868 -0.5362593 0.7369564 -0.4114856 -0.5362589 0.7369573 -0.4490221 -0.5851758 0.6752396 -0.4490208 -0.5851764 0.6752399 -0.483133 -0.6296314 0.6083971 -0.4831327 -0.629631 0.6083977 -0.5135661 -0.669291 0.5369353 -0.5135648 -0.6692921 0.5369352 -0.5400883 -0.7038548 0.4614036 -0.5400866 -0.7038565 0.4614029 -0.5624994 -0.7330666 0.3823716 -0.5625011 -0.7330648 0.3823724 -0.580636 -0.7566999 0.3004451 -0.5806363 -0.7566989 0.3004471 -0.5943576 -0.7745825 0.2162429 -0.5943576 -0.7745822 0.2162441 -0.6035624 -0.7865797 0.1304033 -0.6035634 -0.7865783 0.1304056 -0.6081833 -0.7925997 0.04357635 -0.6081829 -0.7925999 0.04357731 -0.608183 -0.7926 -0.04357635 -0.6081833 -0.7925997 -0.04357731 -0.6035625 -0.7865791 -0.1304054 -0.6035633 -0.786579 -0.1304026 -0.6698223 -0.7309809 -0.1304036 -0.6698207 -0.7309822 -0.1304045 -0.6749489 -0.7365766 -0.04357731 -0.674948 -0.7365774 -0.04357731 -0.6749486 -0.7365769 0.04357737 -0.6749484 -0.736577 0.04357731 -0.6698221 -0.7309809 0.1304039 -0.6698208 -0.7309822 0.1304042 -0.6596055 -0.7198328 0.2162439 -0.6596055 -0.7198331 0.2162429 -0.6443768 -0.7032153 0.3004444 -0.6443774 -0.7032142 0.3004459 -0.6242511 -0.6812502 0.3823723 -0.624251 -0.681251 0.3823715 -0.5993776 -0.6541053 0.4614033 -0.5993775 -0.6541053 0.4614032 -0.5699427 -0.6219852 0.5369356 -0.569944 -0.6219838 0.5369358 -0.5361712 -0.5851286 0.6083955 -0.5361704 -0.5851282 0.6083966 -0.498314 -0.5438137 0.6752406 -0.498314 -0.5438133 0.6752409 -0.4566594 -0.4983552 0.7369561 -0.4566569 -0.498355 0.7369579 -0.4115206 -0.4490947 0.7930731 -0.4115185 -0.4490963 0.7930732 -0.3632414 -0.3964064 0.8431593 -0.3632402 -0.3964077 0.8431593 -0.3121841 -0.3406916 0.8868317 -0.3121884 -0.3406909 0.8868304 -0.2587475 -0.2823729 0.9237507 -0.2587479 -0.2823737 0.9237504 -0.2033336 -0.2218955 0.9536341 -0.203328 -0.221896 0.9536352 -0.146355 -0.1597202 0.976253 -0.1463575 -0.1597204 0.9762526 -0.08826327 -0.09632456 0.9914289 -0.08826488 -0.09632474 0.9914287 -0.02949821 -0.03219002 0.9990464 -0.02658104 -0.03463828 0.9990464 -0.02656912 -0.6085462 0.7930736 -0.02345037 -0.5371527 0.843159 -0.07017832 -0.5330635 0.8431598 -0.06031298 -0.4581411 0.886831 -0.1000151 -0.4511409 0.8868309 -0.08289289 -0.373916 0.9237509 -0.1151705 -0.3652686 0.9237504 -0.09050607 -0.2870365 0.9536346 -0.1151706 -0.278057 0.9536352 -0.08289414 -0.200145 0.9762534 -0.100033 -0.1921581 0.9762524 -0.06033545 -0.1158871 0.9914283 -0.07019472 -0.1101882 0.9914289 -0.02346795 -0.03682297 0.9990462 -0.7094642 0.6880337 -0.1525459 -0.7138314 0.6836782 -0.151753 -0.7309808 0.6698221 -0.1304049 -0.6698221 0.7309809 -0.1304039 -0.6698208 0.7309822 -0.1304038 -0.6035636 0.7865785 -0.1304047 -0.6035624 0.7865797 -0.1304032 -0.5327118 0.8361898 -0.1304038 -0.5327118 0.8361896 -0.1304045 -0.4578061 0.8794365 -0.1304038 -0.4578053 0.8794369 -0.1304037 -0.3794158 0.9159905 -0.1304036 -0.3794162 0.9159903 -0.1304038 -0.2981377 0.9455733 -0.1304037 -0.2981377 0.9455732 -0.1304048 -0.2145914 0.9679595 -0.1304037 -0.2145916 0.9679594 -0.1304045 -0.1294115 0.9829789 -0.1304036 -0.1294113 0.9829789 -0.1304041 -0.04324728 0.9905176 -0.1304019 -0.0432465 0.9905171 -0.1304062 0.04324728 0.990517 -0.1304056 0.0432465 0.9905175 -0.1304027 0.1294115 0.9829789 -0.1304036 0.1294113 0.9829789 -0.1304043 0.2145915 0.9679597 -0.1304019 0.2145915 0.9679591 -0.1304058 0.2981376 0.9455733 -0.1304037 0.2981377 0.9455732 -0.130405 0.3794161 0.9159905 -0.1304036 0.379416 0.9159902 -0.1304051 0.4578055 0.8794364 -0.1304056 0.4578058 0.8794367 -0.1304033 0.532711 0.8361902 -0.1304036 0.5327125 0.8361889 -0.1304056 0.6035625 0.7865791 -0.1304054 0.6035633 0.786579 -0.1304031 0.6698208 0.7309823 -0.1304036 0.6698222 0.7309809 -0.1304038 0.7211021 0.6804328 -0.1304727 0.7290528 0.6680538 -0.14895 0.7094473 0.688052 -0.1525421 0.7553488 0.6324318 -0.171693 -0.7152224 0.6830968 0.1477691 -0.7276616 0.6734215 0.1304303 -0.6698223 0.7309809 0.1304036 -0.6596054 0.7198329 0.216244 -0.5943586 0.7745817 0.2162432 -0.5806362 0.7566998 0.300445 -0.5124764 0.8044252 0.3004463 -0.49647 0.7793006 0.3823719 -0.4266591 0.8196052 0.3823736 -0.4096591 0.7869477 0.4614031 -0.3395129 0.8196574 0.461403 -0.3228409 0.7794066 0.536935 -0.2536821 0.8045768 0.5369373 -0.2386505 0.7569016 0.6083962 -0.1717731 0.7748209 0.6083968 -0.1596454 0.7201132 0.6752409 -0.0962761 0.7312879 0.6752399 -0.08822745 0.6701582 0.7369559 -0.02948266 0.6752966 0.7369568 -0.02656853 0.6085464 0.7930734 0.02656912 0.6085462 0.7930736 0.02345037 0.5371527 0.843159 0.07017832 0.5330635 0.8431598 0.06031298 0.4581411 0.886831 0.1000151 0.4511409 0.8868309 0.08289289 0.373916 0.9237509 0.1151705 0.3652686 0.9237504 0.09050607 0.2870365 0.9536346 0.1151706 0.278057 0.9536352 0.08289414 0.200145 0.9762534 0.100033 0.1921581 0.9762524 0.06033545 0.1158871 0.9914283 0.07019472 0.1101882 0.9914289 0.02346795 0.03682297 0.9990462 -0.7097822 -0.6704612 -0.2160813 -0.7198333 -0.6596053 -0.2162429 -0.7198327 -0.6596058 -0.2162438 -0.6596056 -0.719833 -0.2162429 -0.6596054 -0.7198329 -0.216244 -0.5943584 -0.7745819 -0.2162432 -0.5943568 -0.7745831 -0.2162435 -0.5245867 -0.8234366 -0.2162429 -0.5245871 -0.8234361 -0.2162438 -0.4508236 -0.8660237 -0.2162429 -0.4508231 -0.8660241 -0.2162426 -0.3736289 -0.9020203 -0.2162429 -0.3736298 -0.90202 -0.2162421 -0.2935907 -0.9311518 -0.2162429 -0.2935907 -0.931152 -0.2162417 -0.2113186 -0.953196 -0.2162448 -0.2113187 -0.9531967 -0.216242 -0.1274377 -0.9679865 -0.2162449 -0.1274377 -0.967987 -0.2162426 -0.04258775 -0.9754104 -0.216243 -0.04258692 -0.9754108 -0.2162413 0.748046 0.6273589 -0.2164438 0.7198333 0.6596053 -0.2162429 0.7198327 0.6596058 -0.2162438 0.6596056 0.719833 -0.2162429 0.6596054 0.7198329 -0.216244 0.5943584 0.7745819 -0.2162432 0.5943568 0.7745831 -0.2162435 0.5245867 0.8234366 -0.2162429 0.5245871 0.8234361 -0.2162438 0.4508236 0.8660237 -0.2162429 0.4508231 0.8660241 -0.2162426 0.3736289 0.9020203 -0.2162429 0.3736298 0.90202 -0.2162421 0.2935907 0.9311518 -0.2162429 0.2935907 0.931152 -0.2162417 0.2113186 0.953196 -0.2162448 0.2113187 0.9531967 -0.216242 0.1274377 0.9679865 -0.2162449 0.1274377 0.967987 -0.2162426 0.04258775 0.9754104 -0.216243 0.04258692 0.9754108 -0.2162413 -0.04258781 0.9754104 -0.2162429 -0.04258692 0.9754106 -0.2162417 -0.1274378 0.9679869 -0.2162429 -0.1274375 0.9679867 -0.2162442 -0.2113187 0.9531965 -0.2162429 -0.2113187 0.9531965 -0.2162425 -0.2935907 0.9311522 -0.2162411 -0.2935907 0.9311519 -0.2162423 -0.3736294 0.9020205 -0.2162412 -0.3736293 0.9020199 -0.2162437 -0.4508237 0.866024 -0.216242 -0.4508231 0.8660239 -0.2162435 -0.5245864 0.8234366 -0.2162438 -0.5245873 0.8234363 -0.2162424 -0.5943576 0.7745825 -0.2162429 -0.5943576 0.7745822 -0.2162441 -0.6596056 0.719833 -0.2162429 -0.6596054 0.7198328 -0.2162442 -0.7198333 0.6596048 -0.2162441 -0.7198324 0.6596062 -0.2162431 -0.7097821 0.6704611 -0.2160816 -0.7507993 0.6293005 -0.2007022 -0.7382769 -0.6037684 -0.3006843 -0.7032139 -0.644378 -0.300445 -0.7032146 -0.6443766 -0.3004465 -0.6443774 -0.7032145 -0.300445 -0.6443764 -0.7032148 -0.3004465 -0.5806361 -0.756699 -0.3004471 -0.5806362 -0.7566998 -0.300445 -0.5124762 -0.8044251 -0.3004473 -0.5124759 -0.8044263 -0.3004445 -0.4404152 -0.8460304 -0.3004451 -0.4404152 -0.8460302 -0.3004452 -0.3650034 -0.8811954 -0.3004453 -0.3650031 -0.8811952 -0.3004463 -0.2868129 -0.9096543 -0.3004453 -0.2868126 -0.909654 -0.3004468 -0.2064399 -0.9311904 -0.3004451 -0.2064402 -0.9311904 -0.3004444 -0.1244958 -0.9456392 -0.3004451 -0.1244956 -0.9456393 -0.3004451 -0.04160404 -0.9528913 -0.3004451 -0.04160457 -0.9528911 -0.3004459 0.7382769 0.6037684 -0.3006843 0.7032139 0.644378 -0.300445 0.7032146 0.6443766 -0.3004465 0.6443774 0.7032145 -0.300445 0.6443764 0.7032148 -0.3004465 0.5806361 0.756699 -0.3004471 0.5806362 0.7566998 -0.300445 0.5124762 0.8044251 -0.3004473 0.5124759 0.8044263 -0.3004445 0.4404152 0.8460304 -0.3004451 0.4404152 0.8460302 -0.3004452 0.3650034 0.8811954 -0.3004453 0.3650031 0.8811952 -0.3004463 0.2868129 0.9096543 -0.3004453 0.2868126 0.909654 -0.3004468 0.2064399 0.9311904 -0.3004451 0.2064402 0.9311904 -0.3004444 0.1244958 0.9456392 -0.3004451 0.1244956 0.9456393 -0.3004451 0.04160404 0.9528913 -0.3004451 0.04160457 0.9528911 -0.3004459 -0.04160398 0.9528908 -0.3004469 -0.04160457 0.9528915 -0.3004449 -0.1244957 0.9456393 -0.3004451 -0.1244956 0.9456392 -0.3004455 -0.2064402 0.9311902 -0.3004451 -0.2064399 0.9311904 -0.3004448 -0.2868129 0.9096544 -0.3004452 -0.2868126 0.9096539 -0.3004472 -0.3650028 0.8811954 -0.300446 -0.3650036 0.8811953 -0.3004454 -0.4404153 0.8460305 -0.3004441 -0.4404151 0.8460301 -0.3004459 -0.5124761 0.8044261 -0.3004443 -0.5124762 0.8044256 -0.300446 -0.580636 0.7566999 -0.3004451 -0.5806363 0.7566989 -0.3004468 -0.6443774 0.7032142 -0.3004459 -0.6443766 0.7032153 -0.300445 -0.7032148 0.6443768 -0.3004459 -0.7032139 0.6443778 -0.3004457 -0.7272137 0.6170406 -0.300701 -0.7448108 0.6088981 -0.2729469 -0.7567788 -0.5185945 -0.3979267 -0.7260934 -0.5571516 -0.4029524 -0.7235568 -0.5745529 -0.3825632 -0.6812496 -0.6242511 -0.3823736 -0.6812509 -0.6242508 -0.3823719 -0.6242507 -0.6812508 -0.3823724 -0.6242517 -0.6812505 -0.382371 -0.5625008 -0.7330657 -0.3823711 -0.5625 -0.7330654 -0.3823726 -0.4964692 -0.7792997 -0.3823745 -0.49647 -0.7793006 -0.3823719 -0.4266588 -0.8196048 -0.3823745 -0.4266594 -0.8196057 -0.3823723 -0.3536026 -0.8536715 -0.3823746 -0.3536029 -0.8536729 -0.3823713 -0.2778547 -0.8812423 -0.3823725 -0.2778548 -0.8812423 -0.3823727 -0.1999917 -0.9021056 -0.3823727 -0.199992 -0.9021055 -0.382373 -0.1206071 -0.9161032 -0.3823727 -0.1206075 -0.9161033 -0.3823726 -0.04030466 -0.9231288 -0.3823726 -0.04030418 -0.9231291 -0.3823719 0.7567788 0.5185945 -0.3979267 0.7260934 0.5571516 -0.4029524 0.7235568 0.5745529 -0.3825632 0.6812496 0.6242511 -0.3823736 0.6812509 0.6242508 -0.3823719 0.6242507 0.6812508 -0.3823724 0.6242517 0.6812505 -0.382371 0.5625008 0.7330657 -0.3823711 0.5625 0.7330654 -0.3823726 0.4964692 0.7792997 -0.3823745 0.49647 0.7793006 -0.3823719 0.4266588 0.8196048 -0.3823745 0.4266594 0.8196057 -0.3823723 0.3536026 0.8536715 -0.3823746 0.3536029 0.8536729 -0.3823713 0.2778547 0.8812423 -0.3823725 0.2778548 0.8812423 -0.3823727 0.1999917 0.9021056 -0.3823727 0.199992 0.9021055 -0.382373 0.1206071 0.9161032 -0.3823727 0.1206075 0.9161033 -0.3823726 0.04030466 0.9231288 -0.3823726 0.04030418 0.9231291 -0.3823719 -0.04030448 0.9231295 -0.3823708 -0.04030442 0.9231287 -0.382373 -0.1206077 0.9161032 -0.3823727 -0.1206073 0.9161033 -0.3823725 -0.1999918 0.9021056 -0.3823725 -0.199992 0.9021054 -0.382373 -0.2778546 0.881242 -0.3823735 -0.2778548 0.8812423 -0.3823727 -0.3536027 0.8536723 -0.3823726 -0.3536029 0.8536722 -0.3823725 -0.4266587 0.8196057 -0.3823727 -0.4266592 0.8196049 -0.3823737 -0.4964692 0.7793008 -0.3823724 -0.4964701 0.7792998 -0.3823732 -0.5624994 0.7330666 -0.3823716 -0.5625013 0.7330647 -0.3823723 -0.6242514 0.6812509 -0.3823709 -0.6242511 0.6812502 -0.3823723 -0.6812502 0.6242511 -0.3823726 -0.6812503 0.6242508 -0.382373 -0.723557 0.5745525 -0.3825634 -0.7277746 0.5735364 -0.376032 -0.733116 -0.499356 -0.4617191 -0.7038555 -0.540088 -0.4614028 -0.7038562 -0.5400871 -0.4614027 -0.6541057 -0.5993775 -0.4614027 -0.6541056 -0.5993781 -0.461402 -0.5993773 -0.6541058 -0.4614028 -0.5993778 -0.6541047 -0.4614036 -0.5400868 -0.7038557 -0.461404 -0.5400876 -0.7038561 -0.4614022 -0.4766871 -0.7482497 -0.4614019 -0.4766876 -0.7482491 -0.4614025 -0.4096592 -0.786947 -0.461404 -0.4096591 -0.7869477 -0.4614031 -0.339513 -0.8196578 -0.4614021 -0.3395136 -0.8196575 -0.4614023 -0.2667828 -0.8461287 -0.4614037 -0.2667831 -0.8461291 -0.4614025 -0.1920238 -0.8661602 -0.4614039 -0.1920233 -0.8661617 -0.461401 -0.115801 -0.8796011 -0.4614024 -0.1158018 -0.8796011 -0.4614022 -0.03869903 -0.8863467 -0.4614022 -0.03869849 -0.886346 -0.4614036 0.733116 0.499356 -0.4617191 0.7038555 0.540088 -0.4614028 0.7038562 0.5400871 -0.4614027 0.6541057 0.5993775 -0.4614027 0.6541056 0.5993781 -0.461402 0.5993773 0.6541058 -0.4614028 0.5993778 0.6541047 -0.4614036 0.5400868 0.7038557 -0.461404 0.5400876 0.7038561 -0.4614022 0.4766871 0.7482497 -0.4614019 0.4766876 0.7482491 -0.4614025 0.4096592 0.786947 -0.461404 0.4096591 0.7869477 -0.4614031 0.339513 0.8196578 -0.4614021 0.3395136 0.8196575 -0.4614023 0.2667828 0.8461287 -0.4614037 0.2667831 0.8461291 -0.4614025 0.1920238 0.8661602 -0.4614039 0.1920233 0.8661617 -0.461401 0.115801 0.8796011 -0.4614024 0.1158018 0.8796011 -0.4614022 0.03869903 0.8863467 -0.4614022 0.03869849 0.886346 -0.4614036 -0.03869903 0.8863466 -0.4614022 -0.03869855 0.8863461 -0.4614033 -0.115801 0.8796012 -0.4614023 -0.1158018 0.8796007 -0.4614029 -0.1920239 0.8661611 -0.4614021 -0.1920232 0.8661611 -0.4614024 -0.2667828 0.846129 -0.4614031 -0.2667829 0.8461292 -0.4614025 -0.3395128 0.8196574 -0.4614033 -0.3395135 0.8196579 -0.4614019 -0.4096595 0.7869471 -0.4614037 -0.4096587 0.7869476 -0.4614034 -0.4766882 0.7482493 -0.4614017 -0.4766867 0.7482491 -0.4614034 -0.5400883 0.7038548 -0.4614036 -0.5400865 0.7038565 -0.461403 -0.5993779 0.654105 -0.461403 -0.5993775 0.6541054 -0.4614033 -0.6541059 0.5993776 -0.4614023 -0.6541053 0.5993778 -0.4614028 -0.7038557 0.5400871 -0.4614034 -0.703856 0.5400879 -0.4614021 -0.7320117 0.5009647 -0.4617288 -0.7340016 0.4999554 -0.4596588 -0.7304146 -0.421672 -0.5372963 -0.7115054 -0.4532763 -0.5369365 -0.7115038 -0.45328 -0.5369356 -0.6692921 -0.5135648 -0.5369352 -0.6692911 -0.5135654 -0.5369358 -0.6219847 -0.5699433 -0.5369356 -0.6219843 -0.5699434 -0.5369358 -0.5699428 -0.6219848 -0.5369359 -0.569944 -0.6219838 -0.5369358 -0.513565 -0.6692914 -0.5369358 -0.5135655 -0.6692919 -0.5369348 -0.4532785 -0.7115041 -0.5369364 -0.4532786 -0.7115049 -0.5369352 -0.3895418 -0.7483024 -0.5369366 -0.3895419 -0.7483032 -0.5369352 -0.3228412 -0.7794056 -0.5369362 -0.3228409 -0.7794066 -0.536935 -0.2536823 -0.8045773 -0.5369365 -0.2536821 -0.8045786 -0.5369346 -0.1825934 -0.8236256 -0.5369364 -0.1825935 -0.8236252 -0.5369369 -0.1101149 -0.8364055 -0.5369363 -0.1101146 -0.8364061 -0.5369356 -0.03679847 -0.8428198 -0.5369364 -0.03679865 -0.8428205 -0.5369354 0.7304146 0.421672 -0.5372963 0.7115054 0.4532763 -0.5369365 0.7115038 0.45328 -0.5369356 0.6692921 0.5135648 -0.5369352 0.6692911 0.5135654 -0.5369358 0.6219847 0.5699433 -0.5369356 0.6219843 0.5699434 -0.5369358 0.5699428 0.6219848 -0.5369359 0.569944 0.6219838 -0.5369358 0.513565 0.6692914 -0.5369358 0.5135655 0.6692919 -0.5369348 0.4532785 0.7115041 -0.5369364 0.4532786 0.7115049 -0.5369352 0.3895418 0.7483024 -0.5369366 0.3895419 0.7483032 -0.5369352 0.3228412 0.7794056 -0.5369362 0.3228409 0.7794066 -0.536935 0.2536823 0.8045773 -0.5369365 0.2536821 0.8045786 -0.5369346 0.1825934 0.8236256 -0.5369364 0.1825935 0.8236252 -0.5369369 0.1101149 0.8364055 -0.5369363 0.1101146 0.8364061 -0.5369356 0.03679847 0.8428198 -0.5369364 0.03679865 0.8428205 -0.5369354 -0.03679853 0.8428204 -0.5369355 -0.03679859 0.8428196 -0.5369368 -0.1101149 0.8364055 -0.5369364 -0.1101146 0.836406 -0.5369356 -0.1825939 0.8236256 -0.5369364 -0.1825937 0.8236256 -0.5369363 -0.2536818 0.8045776 -0.5369364 -0.2536817 0.8045784 -0.5369353 -0.3228402 0.7794056 -0.5369369 -0.3228409 0.7794061 -0.5369356 -0.3895422 0.7483029 -0.5369355 -0.3895419 0.7483028 -0.5369358 -0.4532782 0.7115049 -0.5369355 -0.4532788 0.7115042 -0.5369361 -0.5135661 0.669291 -0.5369353 -0.5135648 0.6692921 -0.5369352 -0.5699445 0.6219836 -0.5369356 -0.5699431 0.621985 -0.5369355 -0.6219846 0.5699431 -0.5369358 -0.621984 0.5699437 -0.5369359 -0.6692913 0.5135654 -0.5369356 -0.669292 0.5135648 -0.5369352 -0.7115049 0.4532782 -0.5369355 -0.7115043 0.453278 -0.5369364 -0.7344408 0.4146379 -0.5372823 -0.7238636 0.4200055 -0.5473728 -0.7310907 -0.287509 -0.6187447 -0.7257353 -0.3006106 -0.6188227 -0.7283705 -0.31476 -0.6086071 -0.703962 -0.3664585 -0.6083961 -0.7039613 -0.3664596 -0.6083961 -0.6693429 -0.4264191 -0.608397 -0.6693436 -0.4264183 -0.6083968 -0.6296313 -0.4831339 -0.6083963 -0.6296314 -0.4831337 -0.6083964 -0.585128 -0.5361698 -0.6083973 -0.5851276 -0.5361702 -0.6083974 -0.5361704 -0.5851294 -0.6083953 -0.536171 -0.5851278 -0.6083964 -0.4831327 -0.6296305 -0.6083981 -0.4831329 -0.6296317 -0.6083968 -0.4264183 -0.6693423 -0.6083983 -0.4264194 -0.6693444 -0.6083952 -0.3664591 -0.7039609 -0.6083969 -0.3664591 -0.7039615 -0.6083962 -0.3037102 -0.7332223 -0.6083957 -0.3037099 -0.7332215 -0.6083968 -0.2386506 -0.7569013 -0.6083966 -0.2386505 -0.7569016 -0.6083962 -0.1717731 -0.7748209 -0.6083968 -0.1717734 -0.7748212 -0.6083965 -0.1035898 -0.7868448 -0.6083951 -0.1035897 -0.7868432 -0.608397 -0.0346167 -0.7928779 -0.6083966 -0.0346179 -0.7928781 -0.6083962 0.7255222 0.3211185 -0.6086875 0.703962 0.3664585 -0.6083961 0.7039613 0.3664596 -0.6083961 0.6693429 0.4264191 -0.608397 0.6693436 0.4264183 -0.6083968 0.6296313 0.4831339 -0.6083963 0.6296314 0.4831337 -0.6083964 0.585128 0.5361698 -0.6083973 0.5851276 0.5361702 -0.6083974 0.5361704 0.5851294 -0.6083953 0.536171 0.5851278 -0.6083964 0.4831327 0.6296305 -0.6083981 0.4831329 0.6296317 -0.6083968 0.4264183 0.6693423 -0.6083983 0.4264194 0.6693444 -0.6083952 0.3664591 0.7039609 -0.6083969 0.3664591 0.7039615 -0.6083962 0.3037102 0.7332223 -0.6083957 0.3037099 0.7332215 -0.6083968 0.2386506 0.7569013 -0.6083966 0.2386505 0.7569016 -0.6083962 0.1717731 0.7748209 -0.6083968 0.1717734 0.7748212 -0.6083965 0.1035898 0.7868448 -0.6083951 0.1035897 0.7868432 -0.608397 0.0346167 0.7928779 -0.6083966 0.0346179 0.7928781 -0.6083962 -0.03461676 0.7928785 -0.6083958 -0.03461784 0.7928776 -0.6083968 -0.1035891 0.7868443 -0.6083958 -0.1035909 0.7868435 -0.6083966 -0.171773 0.7748212 -0.6083965 -0.1717736 0.7748212 -0.6083964 -0.238651 0.7569014 -0.6083962 -0.2386506 0.7569014 -0.6083965 -0.30371 0.7332217 -0.6083965 -0.3037102 0.733222 -0.6083961 -0.3664585 0.7039614 -0.6083967 -0.3664596 0.7039611 -0.6083964 -0.4264187 0.6693437 -0.6083964 -0.4264186 0.6693435 -0.6083967 -0.483133 0.6296314 -0.6083971 -0.4831328 0.6296312 -0.6083974 -0.5361704 0.5851282 -0.6083966 -0.5361708 0.5851287 -0.6083956 -0.5851284 0.5361694 -0.6083972 -0.5851276 0.5361707 -0.6083968 -0.6296308 0.4831336 -0.6083971 -0.6296316 0.4831339 -0.6083961 -0.6693422 0.4264199 -0.6083972 -0.6693441 0.4264178 -0.6083967 -0.7039607 0.3664606 -0.6083962 -0.7039622 0.3664575 -0.6083964 -0.7283704 0.3147603 -0.608607 -0.7144707 0.3165357 -0.6239686 0.7526665 -0.3420786 -0.5625616 0.7331422 -0.3816472 -0.5628926 0.703962 -0.3664577 -0.6083965 0.7039606 -0.3664606 -0.6083964 0.7702799 -0.4308263 -0.4701676 0.7332417 -0.4671283 -0.4941133 0.7115041 -0.4532782 -0.5369365 0.7115049 -0.4532782 -0.5369355 0.669344 -0.4264178 -0.6083968 0.6693421 -0.4264197 -0.6083974 0.7567788 -0.5185945 -0.3979267 0.7260935 -0.557151 -0.4029529 0.7038559 -0.540088 -0.4614022 0.7038557 -0.5400871 -0.4614034 0.6692918 -0.5135648 -0.5369355 0.6692912 -0.5135654 -0.5369357 0.6296319 -0.4831337 -0.6083958 0.6296308 -0.4831336 -0.6083971 -0.7201137 -0.1596445 -0.6752407 -0.7034597 -0.2218 -0.6752401 -0.7034597 -0.2217996 -0.6752403 -0.6814519 -0.2822667 -0.6752399 -0.6814514 -0.2822664 -0.6752405 -0.6542569 -0.3405846 -0.6752408 -0.6542564 -0.3405848 -0.6752412 -0.622084 -0.3963109 -0.6752401 -0.6220838 -0.3963109 -0.6752403 -0.5851766 -0.4490209 -0.6752398 -0.585176 -0.4490218 -0.6752396 -0.5438143 -0.4983129 -0.6752409 -0.5438141 -0.4983151 -0.6752394 -0.4983139 -0.5438131 -0.6752413 -0.4983139 -0.5438143 -0.6752403 -0.4490217 -0.585177 -0.6752389 -0.4490215 -0.5851751 -0.6752405 -0.3963109 -0.622084 -0.6752401 -0.3963112 -0.6220836 -0.6752403 -0.3405847 -0.6542579 -0.6752398 -0.3405848 -0.6542571 -0.6752406 -0.2822659 -0.6814514 -0.6752408 -0.2822657 -0.6814525 -0.6752397 -0.2218004 -0.7034599 -0.6752399 -0.2217996 -0.7034592 -0.6752408 -0.1596459 -0.7201142 -0.6752399 -0.1596454 -0.7201132 -0.6752409 -0.09627646 -0.7312879 -0.6752399 -0.09627467 -0.7312873 -0.6752409 -0.03217345 -0.736896 -0.67524 -0.03217369 -0.7368956 -0.6752405 -0.7305384 0.06425535 -0.6798419 -0.727549 0.09429198 -0.6795451 -0.7268271 0.0956884 -0.6801222 -0.7267299 0.1156995 -0.6771096 -0.7153093 0.158581 -0.6805768 -0.6856656 0.2069596 -0.6978757 -0.7559403 0.1698408 -0.6322252 -0.7177039 0.1694173 -0.6754251 -0.7034598 0.2218006 -0.6752398 -0.7034595 0.2217989 -0.6752408 -0.6814517 0.2822654 -0.6752406 -0.6814513 0.2822678 -0.67524 -0.6542564 0.3405848 -0.6752412 -0.6542565 0.3405847 -0.6752411 -0.6220843 0.3963099 -0.6752404 -0.6220837 0.3963121 -0.6752398 -0.5851764 0.4490216 -0.6752394 -0.5851764 0.4490207 -0.6752401 -0.5438147 0.4983138 -0.6752399 -0.5438143 0.4983144 -0.6752398 -0.498314 0.5438137 -0.6752406 -0.4983143 0.5438135 -0.6752405 -0.4490208 0.5851764 -0.6752399 -0.4490221 0.5851758 -0.6752396 -0.3963121 0.6220837 -0.6752397 -0.3963109 0.6220833 -0.6752408 -0.3405848 0.6542571 -0.6752406 -0.3405846 0.6542575 -0.6752401 -0.2822653 0.6814521 -0.6752403 -0.2822657 0.6814519 -0.6752403 -0.2218008 0.7034591 -0.6752405 -0.2218003 0.7034597 -0.67524 -0.1596456 0.7201136 -0.6752406 -0.1596457 0.7201138 -0.6752403 -0.09627598 0.7312876 -0.6752403 -0.09627503 0.7312875 -0.6752405 -0.03217494 0.7368962 -0.6752398 -0.03217208 0.7368956 -0.6752407 0.03217369 0.7368956 -0.6752405 0.03217345 0.7368959 -0.6752403 0.09627467 0.7312871 -0.6752411 0.0962764 0.7312877 -0.6752402 0.1596454 0.720113 -0.6752412 0.1596459 0.7201144 -0.6752397 0.2218002 0.7034592 -0.6752406 0.2218003 0.7034597 -0.67524 0.2822656 0.6814523 -0.6752399 0.2822653 0.6814515 -0.6752409 0.3405848 0.6542571 -0.6752406 0.3405846 0.6542575 -0.6752401 0.3963115 0.6220832 -0.6752405 0.3963108 0.6220837 -0.6752405 0.4490214 0.5851755 -0.6752403 0.4490213 0.5851771 -0.675239 0.4983141 0.5438145 -0.6752399 0.4983139 0.5438131 -0.6752413 0.5438143 0.4983153 -0.6752392 0.5438144 0.4983131 -0.6752406 0.5851758 0.4490216 -0.6752399 0.5851764 0.4490207 -0.6752401 0.6220838 0.3963109 -0.6752403 0.6220843 0.3963111 -0.6752398 0.6542567 0.3405849 -0.6752408 0.6542569 0.3405846 -0.6752408 0.6814513 0.2822664 -0.6752407 0.681452 0.2822666 -0.6752398 0.7034598 0.2217995 -0.6752402 0.7034596 0.2218001 -0.6752403 0.7201135 0.1596445 -0.6752408 0.7305384 -0.06425535 -0.6798419 0.727549 -0.09429198 -0.6795451 0.7268271 -0.0956884 -0.6801222 0.7267299 -0.1156995 -0.6771096 0.7153093 -0.158581 -0.6805768 0.6856656 -0.2069596 -0.6978757 0.7559403 -0.1698408 -0.6322252 0.7177039 -0.1694173 -0.6754251 0.7034598 -0.2218006 -0.6752398 0.7034595 -0.2217989 -0.6752408 0.6814517 -0.2822654 -0.6752406 0.6814513 -0.2822678 -0.67524 0.6542564 -0.3405848 -0.6752412 0.6542565 -0.3405847 -0.6752411 0.6220843 -0.3963099 -0.6752404 0.6220837 -0.3963121 -0.6752398 0.5851764 -0.4490216 -0.6752394 0.5851764 -0.4490207 -0.6752401 0.7478752 -0.6420903 -0.168531 0.7266763 -0.6658765 -0.1689679 0.7198324 -0.6596062 -0.2162429 0.7198334 -0.6596047 -0.2162441 0.7032139 -0.6443778 -0.3004457 0.7032147 -0.6443766 -0.3004463 0.6812503 -0.6242508 -0.382373 0.6812502 -0.6242511 -0.3823726 0.6541054 -0.5993777 -0.4614028 0.6541059 -0.5993776 -0.4614023 0.6219839 -0.5699436 -0.5369361 0.6219848 -0.5699428 -0.5369358 0.5851279 -0.5361705 -0.6083968 0.5851286 -0.5361695 -0.608397 0.5438147 -0.4983138 -0.6752399 0.5438143 -0.4983144 -0.6752398 0.4983146 -0.5438132 -0.6752405 0.4983134 -0.5438138 -0.6752409 0.5361704 -0.5851282 -0.6083966 0.5361708 -0.5851287 -0.6083956 0.5699445 -0.6219836 -0.5369356 0.5699433 -0.6219852 -0.536935 0.5993779 -0.654105 -0.461403 0.5993777 -0.6541054 -0.4614028 0.6242514 -0.6812509 -0.3823709 0.6242511 -0.6812502 -0.3823728 0.6443774 -0.7032142 -0.3004459 0.6443765 -0.7032152 -0.3004454 0.6596056 -0.719833 -0.2162429 0.6596055 -0.7198328 -0.2162439 0.6698208 -0.7309822 -0.1304042 0.6698222 -0.7309809 -0.1304039 0.6749484 -0.736577 -0.04357731 0.6749485 -0.7365769 -0.04357832 0.674948 -0.7365774 0.04357731 0.6749489 -0.7365765 0.04357731 0.6698208 -0.7309823 0.1304036 0.6698223 -0.7309809 0.1304036 0.6596054 -0.7198329 0.216244 0.6596056 -0.719833 0.2162429 0.6443765 -0.7032148 0.3004462 0.6443777 -0.7032147 0.3004441 0.6242517 -0.6812505 0.382371 0.6242507 -0.6812508 0.3823724 0.5993777 -0.6541046 0.461404 0.5993772 -0.6541059 0.4614029 0.569944 -0.6219838 0.5369358 0.5699428 -0.6219848 0.5369359 0.5361708 -0.5851276 0.6083968 0.5361702 -0.5851292 0.6083958 0.4983141 -0.5438145 0.6752399 0.4983139 -0.5438131 0.6752413 0.4566594 -0.4983544 0.7369567 0.4566575 -0.4983556 0.736957 0.411519 -0.4490962 0.7930731 0.4115202 -0.4490945 0.7930733 0.3632407 -0.3964064 0.8431596 0.4490221 -0.5851758 -0.6752396 0.4490208 -0.5851764 -0.6752399 0.483133 -0.6296314 -0.6083971 0.4831327 -0.629631 -0.6083977 0.5135661 -0.669291 -0.5369353 0.5135648 -0.6692921 -0.5369352 0.5400883 -0.7038548 -0.4614036 0.5400866 -0.7038565 -0.4614029 0.5624994 -0.7330666 -0.3823716 0.5625011 -0.7330648 -0.3823724 0.580636 -0.7566999 -0.3004451 0.5806363 -0.7566989 -0.3004471 0.5943576 -0.7745825 -0.2162429 0.5943576 -0.7745822 -0.2162441 0.6035624 -0.7865797 -0.1304033 0.6035634 -0.7865783 -0.1304056 0.6081833 -0.7925997 -0.04357635 0.6081829 -0.7925999 -0.04357731 0.608183 -0.7926 0.04357635 0.6081833 -0.7925997 0.04357731 0.6035625 -0.7865791 0.1304054 0.6035633 -0.786579 0.1304026 0.5943568 -0.7745831 0.2162428 0.5943586 -0.7745817 0.2162432 0.5806363 -0.7567 0.3004442 0.5806361 -0.756699 0.3004471 0.5625002 -0.7330657 0.3823718 0.5625008 -0.7330657 0.3823711 0.5400876 -0.7038561 0.4614022 0.5400863 -0.7038554 0.4614049 0.5135653 -0.6692919 0.5369348 0.513565 -0.6692914 0.5369359 0.4831331 -0.6296319 0.6083964 0.4831331 -0.629631 0.6083973 0.4490214 -0.5851755 0.6752403 0.4490218 -0.585177 0.6752388 0.4114858 -0.5362579 0.7369579 0.4114862 -0.5362604 0.7369559 0.3708122 -0.4832521 0.7930737 0.3708137 -0.4832518 0.7930732 0.3273101 -0.4265568 0.8431593 0.3273079 -0.426558 0.8431594 0.281305 -0.3666047 0.8868306 0.3963109 -0.6220833 -0.6752408 0.3963118 -0.6220842 -0.6752395 0.4264187 -0.6693437 -0.6083964 0.4264188 -0.6693437 -0.6083964 0.4532782 -0.7115049 -0.5369355 0.4532788 -0.7115042 -0.5369361 0.4766882 -0.7482493 -0.4614017 0.4766867 -0.7482491 -0.4614034 0.4964692 -0.7793008 -0.3823724 0.4964699 -0.7792999 -0.3823733 0.5124761 -0.8044261 -0.3004443 0.5124761 -0.8044255 -0.3004461 0.5245864 -0.8234366 -0.2162438 0.5245873 -0.8234364 -0.2162423 0.5327118 -0.8361896 -0.1304043 0.5327118 -0.8361898 -0.1304038 0.5367894 -0.8425901 -0.04357826 0.5367894 -0.8425902 -0.04357731 0.536789 -0.8425905 0.04357731 0.5367899 -0.8425899 0.04357832 0.532711 -0.8361902 0.1304036 0.5327126 -0.8361889 0.1304054 0.5245872 -0.8234363 0.2162432 0.5245868 -0.8234369 0.216242 0.512476 -0.8044264 0.300444 0.5124764 -0.8044252 0.3004463 0.4964699 -0.7793005 0.382372 0.4964694 -0.7793001 0.3823736 0.4766873 -0.7482488 0.4614033 0.4766871 -0.7482493 0.4614028 0.4532784 -0.7115046 0.5369356 0.4532785 -0.7115041 0.5369364 0.4264194 -0.6693444 0.6083952 0.4264183 -0.6693423 0.6083983 0.3963115 -0.6220832 0.6752405 0.3963109 -0.622084 0.6752401 0.363183 -0.5700818 0.7369565 0.3631814 -0.5700817 0.7369574 0.3272826 -0.5137318 0.7930736 0.3272844 -0.513732 0.7930728 0.2888873 -0.453462 0.8431587 0.2888851 -0.4534609 0.84316 0.2482822 -0.3897267 0.8868309 0.2482848 -0.389726 0.8868305 0.2057847 -0.3230152 0.9237499 0.3405846 -0.6542575 -0.6752401 0.3405848 -0.6542571 -0.6752406 0.3664585 -0.7039614 -0.6083967 0.3664596 -0.7039613 -0.6083961 0.3895422 -0.7483029 -0.5369355 0.3895421 -0.748303 -0.5369354 0.4096595 -0.7869471 -0.4614037 0.4096587 -0.7869476 -0.4614034 0.4266587 -0.8196057 -0.3823727 0.4266592 -0.819605 -0.3823735 0.4404153 -0.8460305 -0.3004441 0.4404153 -0.8460301 -0.3004454 0.4508237 -0.866024 -0.216242 0.4508231 -0.866024 -0.2162432 0.4578053 -0.8794368 -0.1304044 0.457806 -0.8794365 -0.1304038 0.4613102 -0.8861682 -0.04357826 0.4613094 -0.8861685 -0.04357731 0.4613098 -0.8861684 0.04357737 0.4613097 -0.8861683 0.0435782 0.4578055 -0.8794364 0.1304056 0.4578058 -0.8794369 0.1304026 0.4508231 -0.866024 0.2162432 0.4508235 -0.8660237 0.2162429 0.4404152 -0.8460302 0.3004455 0.4404152 -0.8460303 0.3004451 0.4266594 -0.8196058 0.3823719 0.4266591 -0.8196052 0.3823736 0.4096589 -0.7869473 0.4614039 0.4096592 -0.786947 0.461404 0.3895418 -0.7483033 0.5369352 0.3895419 -0.7483028 0.5369358 0.3664597 -0.7039619 0.6083954 0.3664594 -0.7039608 0.6083968 0.3405848 -0.6542571 0.6752406 0.3405845 -0.6542573 0.6752405 0.3121146 -0.5995664 0.7369564 0.3121133 -0.5995655 0.7369576 0.281264 -0.5403015 0.7930731 0.2812632 -0.5403018 0.7930732 0.2482647 -0.4769136 0.8431596 0.2482651 -0.476913 0.8431597 0.2133716 -0.4098824 0.886831 0.2133699 -0.4098827 0.8868312 0.1768466 -0.3397204 0.9237507 0.1768468 -0.3397209 0.9237505 0.138971 -0.2669602 0.9536349 0.2822656 -0.6814517 -0.6752405 0.2822653 -0.6814521 -0.6752403 0.30371 -0.7332217 -0.6083965 0.3037102 -0.733222 -0.6083961 0.3228402 -0.7794056 -0.5369369 0.3228409 -0.7794061 -0.5369356 0.3395128 -0.8196574 -0.4614033 0.3395133 -0.8196579 -0.4614019 0.3536027 -0.8536723 -0.3823726 0.353603 -0.8536724 -0.3823721 0.3650028 -0.8811954 -0.300446 0.3650034 -0.881195 -0.3004461 0.3736294 -0.9020205 -0.2162412 0.3736293 -0.90202 -0.2162431 0.3794163 -0.9159902 -0.1304044 0.3794158 -0.9159905 -0.1304036 0.3823203 -0.9230018 -0.04357826 0.3823203 -0.9230018 -0.04357731 0.3823202 -0.9230019 0.04357731 0.3823205 -0.9230017 0.04357826 0.3794161 -0.9159905 0.1304036 0.3794161 -0.9159904 0.1304044 0.3736299 -0.9020202 0.2162414 0.3736289 -0.9020203 0.2162429 0.3650031 -0.8811953 0.3004458 0.3650034 -0.8811954 0.3004453 0.3536028 -0.8536726 0.382372 0.3536026 -0.8536715 0.3823746 0.3395137 -0.8196577 0.4614021 0.3395129 -0.8196574 0.461403 0.3228405 -0.7794064 0.5369354 0.3228411 -0.7794052 0.5369371 0.3037099 -0.7332215 0.6083968 0.3037102 -0.7332223 0.6083957 0.2822656 -0.6814523 0.6752399 0.2822659 -0.6814514 0.6752408 0.2586708 -0.6244865 0.7369573 0.258669 -0.6244866 0.7369579 0.2331008 -0.5627601 0.7930732 0.2331018 -0.5627595 0.7930733 0.2057561 -0.4967381 0.8431583 0.2057548 -0.4967356 0.84316 0.1768339 -0.4269198 0.8868311 0.1768376 -0.4269192 0.8868307 0.1465664 -0.3538408 0.9237505 0.1465668 -0.3538414 0.9237503 0.1151742 -0.2780572 0.9536347 0.1151705 -0.278057 0.9536352 0.0828942 -0.2001453 0.9762533 0.2218004 -0.7034599 -0.6752399 0.2218002 -0.7034592 -0.6752406 0.238651 -0.7569014 -0.6083962 0.2386508 -0.7569013 -0.6083964 0.2536818 -0.8045776 -0.5369364 0.2536818 -0.804578 -0.5369356 0.2667828 -0.846129 -0.4614031 0.266783 -0.8461295 -0.4614019 0.2778546 -0.881242 -0.3823735 0.2778549 -0.8812426 -0.3823721 0.2868129 -0.9096544 -0.3004452 0.2868126 -0.9096537 -0.3004477 0.2935907 -0.9311522 -0.2162411 0.2935906 -0.9311518 -0.2162429 0.2981377 -0.9455732 -0.1304044 0.2981377 -0.9455733 -0.1304037 0.3004195 -0.9528111 -0.0435782 0.3004202 -0.952811 -0.04357922 0.3004201 -0.952811 0.04357922 0.3004197 -0.9528111 0.04357826 0.2981376 -0.9455733 0.1304037 0.2981377 -0.9455732 0.1304044 0.2935907 -0.9311521 0.2162411 0.2935907 -0.9311518 0.2162429 0.2868124 -0.9096537 0.3004475 0.2868129 -0.9096543 0.3004453 0.2778548 -0.8812426 0.382372 0.2778547 -0.8812424 0.3823726 0.2667831 -0.8461293 0.4614021 0.2667828 -0.8461287 0.4614037 0.253682 -0.8045791 0.5369338 0.2536821 -0.8045768 0.5369373 0.2386503 -0.7569011 0.6083969 0.2386506 -0.7569013 0.6083966 0.2218002 -0.7034592 0.6752406 0.2218004 -0.7034599 0.6752399 0.2032583 -0.6446546 0.7369577 0.20326 -0.6446554 0.7369565 0.183168 -0.5809349 0.7930727 0.1831684 -0.5809336 0.7930734 0.1616793 -0.5127795 0.8431589 0.1616785 -0.5127795 0.8431592 0.1389546 -0.4407068 0.8868309 0.1389554 -0.4407066 0.8868309 0.1151685 -0.365269 0.9237504 0.1151706 -0.3652685 0.9237504 0.09050053 -0.2870367 0.953635 0.09050452 -0.2870368 0.9536346 0.06513953 -0.2066088 0.9762529 0.06514865 -0.2066088 0.9762523 0.0392912 -0.1246021 0.9914286 0.02825695 -0.1275522 0.9914293 0.02828323 -0.1275521 0.9914286 0.0468837 -0.2115002 0.9762529 0.04688727 -0.2115004 0.9762526 0.06514406 -0.2938321 0.9536346 0.06513696 -0.2938323 0.9536351 0.08289128 -0.3739167 0.9237508 0.08289426 -0.3739162 0.9237507 0.1000142 -0.4511405 0.8868311 0.1000156 -0.4511412 0.8868306 0.116372 -0.5249189 0.8431594 0.1163723 -0.5249189 0.8431593 0.1318375 -0.5946876 0.7930735 0.1318404 -0.594688 0.7930728 0.1462996 -0.6599177 0.7369567 0.1463008 -0.6599172 0.7369568 0.1596459 -0.7201142 0.6752399 0.1596454 -0.720113 0.6752412 0.1717731 -0.7748209 0.6083968 0.1717736 -0.7748208 0.6083968 0.1825934 -0.8236256 0.5369364 0.1825935 -0.8236252 0.5369371 0.1920238 -0.8661602 0.4614039 0.1920231 -0.8661614 0.4614018 0.1999917 -0.9021056 0.3823727 0.1999919 -0.9021053 0.3823735 0.2064399 -0.9311904 0.3004451 0.2064402 -0.9311906 0.300444 0.2113186 -0.953196 0.2162448 0.2113187 -0.9531968 0.2162412 0.2145915 -0.9679591 0.1304063 0.2145915 -0.9679597 0.1304019 0.216234 -0.9753684 0.04358017 0.2162332 -0.9753688 0.04357731 0.2162333 -0.9753687 -0.04357737 0.216234 -0.9753686 -0.04358011 0.2145914 -0.9679595 -0.1304037 0.2145916 -0.9679594 -0.1304044 0.2113187 -0.9531964 -0.2162431 0.2113187 -0.9531965 -0.2162429 0.2064399 -0.9311907 -0.300444 0.2064402 -0.9311902 -0.3004451 0.1999922 -0.9021051 -0.3823736 0.1999917 -0.9021056 -0.3823725 0.1920232 -0.8661609 -0.4614028 0.1920239 -0.8661611 -0.4614021 0.1825942 -0.8236255 -0.5369362 0.1825937 -0.8236255 -0.5369364 0.1717736 -0.7748212 -0.6083964 0.171773 -0.7748212 -0.6083965 0.1596456 -0.7201136 -0.6752406 0.1596457 -0.7201135 -0.6752405 0.09627503 -0.7312874 -0.6752407 0.0962758 -0.7312876 -0.6752403 0.1035891 -0.7868443 -0.6083958 0.1035906 -0.7868431 -0.608397 0.1101149 -0.8364055 -0.5369364 0.1101145 -0.8364062 -0.5369355 0.115801 -0.8796012 -0.4614023 0.1158019 -0.8796002 -0.4614037 0.1206077 -0.9161032 -0.3823727 0.1206073 -0.9161035 -0.3823719 0.1244957 -0.9456393 -0.3004451 0.1244956 -0.9456391 -0.3004459 0.1274378 -0.9679869 -0.2162429 0.1274375 -0.9679866 -0.2162449 0.1294113 -0.9829788 -0.1304043 0.1294115 -0.9829789 -0.1304036 0.130402 -0.9905031 -0.0435782 0.1304029 -0.9905031 -0.04357546 0.1304028 -0.9905029 0.04357922 0.1304021 -0.9905032 0.04357445 0.1294115 -0.9829789 0.1304036 0.1294113 -0.9829788 0.1304043 0.1274377 -0.967987 0.2162431 0.1274377 -0.9679865 0.2162449 0.1244955 -0.9456391 0.3004459 0.1244958 -0.9456392 0.3004451 0.1206075 -0.9161036 0.382372 0.1206073 -0.9161032 0.3823727 0.1158018 -0.8796011 0.4614019 0.115801 -0.8796001 0.4614041 0.1101146 -0.8364061 0.5369355 0.1101152 -0.8364055 0.5369363 0.1035903 -0.7868428 0.6083977 0.10359 -0.7868442 0.6083959 0.09627467 -0.7312871 0.6752411 0.0962761 -0.7312879 0.6752399 0.08822751 -0.6701585 0.7369556 0.0882284 -0.6701557 0.736958 0.07950657 -0.6039158 0.7930729 0.07950627 -0.6039144 0.7930739 0.07017928 -0.5330647 0.843159 0.07017832 -0.5330636 0.8431597 0.06031298 -0.4581412 0.8868309 0.06031441 -0.4581407 0.8868311 0.04998892 -0.3797183 0.9237506 0.04999285 -0.3797189 0.9237502 0.0392844 -0.2983916 0.9536347 0.03928285 -0.2983916 0.9536348 0.02827399 -0.2147821 0.9762527 0.02827972 -0.214782 0.9762525 0.01705604 -0.1295313 0.9914286 0.01704084 -0.1295315 0.9914289 0.005681931 -0.04328715 0.9990466 0.009469866 -0.04262572 0.9990463 0.7431937 -0.3284332 0.5829192 0.7255222 -0.3211185 0.6086875 0.7039622 -0.3664582 0.608396 0.6542564 -0.3405848 0.6752412 0.6220837 -0.3963112 0.6752402 0.5700824 -0.3631807 0.7369572 0.5362579 -0.4114868 0.7369574 0.4832518 -0.3708134 0.7930732 0.4490964 -0.4115195 0.7930728 0.3964081 -0.3632407 0.8431589 0.3632405 -0.396408 0.843159 0.312186 -0.3406915 0.8868311 0.2813061 -0.3666037 0.8868306 0.2331516 -0.3038503 0.9237507 0.2057827 -0.323014 0.9237508 0.1617083 -0.2538321 0.953635 0.1389718 -0.2669607 0.9536346 0.1000331 -0.1921581 0.9762524 0.08290344 -0.2001444 0.9762527 0.04998815 -0.1207039 0.9914292 0.03928804 -0.1246023 0.9914286 0.0131272 -0.04163992 0.9990465 0.03217208 -0.7368956 -0.6752407 0.03217446 -0.7368962 -0.6752398 0.03461676 -0.7928785 -0.6083958 0.03461813 -0.7928776 -0.608397 0.03679853 -0.8428204 -0.5369355 0.03679865 -0.8428195 -0.5369369 0.03869903 -0.8863466 -0.4614022 0.03869861 -0.8863461 -0.4614036 0.04030448 -0.9231295 -0.3823708 0.04030448 -0.9231284 -0.3823736 0.04160398 -0.9528908 -0.3004469 0.04160451 -0.9528917 -0.3004441 0.04258781 -0.9754104 -0.2162429 0.04258692 -0.9754108 -0.2162413 0.0432465 -0.9905171 -0.1304062 0.04324728 -0.9905176 -0.1304019 0.04357832 -0.9980991 -0.04358017 0.04357773 -0.9980992 -0.04357731 0.04357773 -0.9980992 0.04357731 0.04357832 -0.9980991 0.04358017 0.04324728 -0.990517 0.1304056 0.0432465 -0.9905175 0.1304025 0.04258692 -0.9754108 0.2162413 0.04258775 -0.9754104 0.216243 0.04160457 -0.9528911 0.3004459 0.04160398 -0.9528913 0.3004451 0.04030418 -0.9231291 0.3823719 0.0403046 -0.9231288 0.3823726 0.03869849 -0.886346 0.4614036 0.03869891 -0.8863467 0.4614022 0.03679865 -0.8428205 0.5369354 0.03679823 -0.8428194 0.5369372 0.0346179 -0.7928781 0.6083962 0.03461718 -0.7928779 0.6083966 0.03217369 -0.7368956 0.6752405 0.03217375 -0.736896 0.67524 0.02948462 -0.6752958 0.7369574 0.02948266 -0.6752966 0.7369568 0.02656853 -0.6085464 0.7930734 0.02656918 -0.608547 0.793073 0.02345204 -0.5371516 0.8431597 0.02345246 -0.5371529 0.8431589 0.02015358 -0.4616543 0.8868311 0.02015978 -0.4616548 0.8868307 0.01670783 -0.3826304 0.9237505 0.01670646 -0.3826301 0.9237506 0.01312994 -0.3006802 0.9536347 0.01312881 -0.3006797 0.9536348 0.009449064 -0.2164292 0.9762526 0.00945425 -0.2164292 0.9762526 0.005692601 -0.1305247 0.9914288 0.005711615 -0.1305247 0.9914287 0.001915752 -0.04361909 0.9990465 0.02948462 -0.6752961 -0.7369572 0.08822906 -0.6701563 -0.7369574 0.08822739 -0.6701579 -0.7369561 0.146301 -0.6599169 -0.7369571 0.1463008 -0.6599177 -0.7369565 0.2032577 -0.6446545 -0.7369579 0.2032597 -0.6446554 -0.7369565 0.2586686 -0.6244868 -0.7369578 0.2586713 -0.6244863 -0.7369574 0.3121142 -0.5995667 -0.7369563 0.3121125 -0.5995655 -0.7369581 0.363184 -0.5700818 -0.736956 0.363182 -0.5700817 -0.7369571 0.4114868 -0.5362593 -0.7369564 0.4114856 -0.5362589 -0.7369573 0.4566569 -0.498355 -0.7369579 0.4566594 -0.4983552 -0.7369561 0.4983539 -0.4566587 -0.7369575 0.4983546 -0.4566588 -0.7369569 0.5362583 -0.4114856 -0.7369577 0.5362589 -0.4114869 -0.7369566 0.5700831 -0.3631814 -0.7369563 0.5700821 -0.3631819 -0.7369568 0.5995645 -0.3121154 -0.7369576 0.5995667 -0.3121128 -0.7369568 0.624487 -0.2586717 -0.7369565 0.6244875 -0.2586702 -0.7369567 0.6446545 -0.2032593 -0.7369576 0.6446552 -0.2032598 -0.7369567 0.6599165 -0.1462997 -0.7369577 0.659918 -0.1463006 -0.7369562 0.6701569 -0.08822911 -0.7369568 0.6701577 -0.08822727 -0.7369564 0.675296 -0.02948296 -0.7369574 0.6752967 -0.02948325 -0.7369567 0.6752957 0.02948296 -0.7369576 0.6752971 0.02948325 -0.7369564 0.6701571 0.08822762 -0.7369568 0.6701573 0.08822858 -0.7369565 0.6599172 0.146301 -0.7369568 0.6599177 0.1462994 -0.7369568 0.6446546 0.2032594 -0.7369574 0.6446552 0.2032598 -0.7369567 0.6244872 0.25867 -0.736957 0.6244876 0.2586715 -0.7369561 0.5995658 0.3121141 -0.7369571 0.5995659 0.3121137 -0.7369571 0.5700819 0.3631829 -0.7369565 0.5700824 0.3631807 -0.7369572 0.5362579 0.4114868 -0.7369574 0.5362592 0.4114858 -0.736957 0.4983547 0.4566588 -0.7369568 0.498355 0.4566586 -0.7369568 0.4566575 0.4983556 -0.736957 0.4566594 0.4983544 -0.7369567 0.4114865 0.5362604 -0.7369558 0.4114861 0.5362579 -0.7369578 0.3631816 0.570082 -0.736957 0.3631832 0.5700821 -0.7369562 0.3121135 0.5995659 -0.7369573 0.3121152 0.5995662 -0.7369562 0.258669 0.6244866 -0.7369579 0.2586702 0.6244866 -0.7369574 0.2032592 0.6446554 -0.7369567 0.2032584 0.6446548 -0.7369575 0.1462996 0.6599177 -0.7369567 0.1463007 0.6599171 -0.736957 0.08822894 0.6701557 -0.736958 0.08822745 0.6701582 -0.7369559 0.02948296 0.6752966 -0.7369568 0.02948462 0.6752958 -0.7369574 -0.02948296 0.6752966 -0.7369568 -0.02948462 0.6752961 -0.7369572 -0.08822906 0.6701563 -0.7369574 -0.08822739 0.6701579 -0.7369561 -0.146301 0.6599169 -0.7369571 -0.1463008 0.6599177 -0.7369565 -0.2032577 0.6446545 -0.7369579 -0.2032597 0.6446554 -0.7369565 -0.2586686 0.6244868 -0.7369578 -0.2586713 0.6244863 -0.7369574 -0.3121142 0.5995667 -0.7369563 -0.3121125 0.5995655 -0.7369581 -0.363184 0.5700818 -0.736956 -0.363182 0.5700817 -0.7369571 -0.4114868 0.5362593 -0.7369564 -0.4114856 0.5362589 -0.7369573 -0.4566569 0.498355 -0.7369579 -0.4566594 0.4983552 -0.7369561 -0.4983539 0.4566587 -0.7369575 -0.4983546 0.4566588 -0.7369569 -0.5362583 0.4114856 -0.7369577 -0.5362589 0.4114869 -0.7369566 -0.5700831 0.3631814 -0.7369563 -0.5700821 0.3631819 -0.7369568 -0.5995645 0.3121154 -0.7369576 -0.5995667 0.3121128 -0.7369568 -0.624487 0.2586717 -0.7369565 -0.6244875 0.2586702 -0.7369567 -0.6446545 0.2032593 -0.7369576 -0.6446552 0.2032598 -0.7369567 -0.6599165 0.1462997 -0.7369577 -0.659918 0.1463006 -0.7369562 -0.6701569 0.08822911 -0.7369568 -0.6701577 0.08822727 -0.7369564 -0.675296 0.02948296 -0.7369574 -0.6752967 0.02948325 -0.7369567 -0.6752957 -0.02948296 -0.7369576 -0.6752971 -0.02948325 -0.7369564 -0.6701571 -0.08822762 -0.7369568 -0.6701573 -0.08822858 -0.7369565 -0.6599172 -0.146301 -0.7369568 -0.6599177 -0.1462994 -0.7369568 -0.6446546 -0.2032594 -0.7369574 -0.6446552 -0.2032598 -0.7369567 -0.6244872 -0.25867 -0.736957 -0.6244876 -0.2586715 -0.7369561 -0.5995658 -0.3121141 -0.7369571 -0.5995659 -0.3121137 -0.7369571 -0.5700819 -0.3631829 -0.7369565 -0.5700824 -0.3631807 -0.7369572 -0.5362579 -0.4114868 -0.7369574 -0.5362592 -0.4114858 -0.736957 -0.4983547 -0.4566588 -0.7369568 -0.498355 -0.4566586 -0.7369568 -0.4566575 -0.4983556 -0.736957 -0.4566594 -0.4983544 -0.7369567 -0.4114865 -0.5362604 -0.7369558 -0.4114861 -0.5362579 -0.7369578 -0.3631816 -0.570082 -0.736957 -0.3631832 -0.5700821 -0.7369562 -0.3121135 -0.5995659 -0.7369573 -0.3121152 -0.5995662 -0.7369562 -0.258669 -0.6244866 -0.7369579 -0.2586702 -0.6244866 -0.7369574 -0.2032592 -0.6446554 -0.7369567 -0.2032584 -0.6446548 -0.7369575 -0.1462996 -0.6599177 -0.7369567 -0.1463007 -0.6599171 -0.736957 -0.08822894 -0.6701557 -0.736958 -0.08822745 -0.6701582 -0.7369559 -0.02948296 -0.6752966 -0.7369568 -0.02948462 -0.6752958 -0.7369574 0.02948296 -0.6752966 -0.7369568 0.02656859 -0.6085469 -0.7930731 0.07950878 -0.6039146 -0.7930735 0.07950508 -0.6039158 -0.793073 0.131839 -0.5946873 -0.7930735 0.1318382 -0.5946878 -0.7930733 0.1831672 -0.5809338 -0.7930736 0.1831693 -0.5809344 -0.7930728 0.2331033 -0.5627589 -0.7930733 0.2331023 -0.5627605 -0.7930725 0.281264 -0.5403022 -0.7930727 0.2812623 -0.5403008 -0.7930741 0.3272847 -0.5137316 -0.793073 0.3272838 -0.5137321 -0.7930729 0.3708152 -0.4832515 -0.7930727 0.3708119 -0.4832518 -0.793074 0.4115191 -0.449096 -0.7930731 0.4115204 -0.4490945 -0.7930731 0.4490942 -0.4115198 -0.7930736 0.4490957 -0.4115194 -0.7930731 0.4832506 -0.3708133 -0.793074 0.4832533 -0.3708128 -0.7930726 0.5137321 -0.3272829 -0.7930733 0.5137321 -0.3272829 -0.7930734 0.5403021 -0.2812644 -0.7930726 0.540301 -0.2812631 -0.7930738 0.5627602 -0.2331024 -0.7930726 0.5627592 -0.2331023 -0.7930734 0.5809345 -0.1831688 -0.7930728 0.5809342 -0.1831666 -0.7930735 0.5946881 -0.1318408 -0.7930726 0.5946875 -0.1318381 -0.7930735 0.6039143 -0.07950723 -0.7930739 0.603916 -0.07950645 -0.7930728 0.6085465 -0.02657014 -0.7930734 0.6085459 -0.02657002 -0.7930737 0.6085468 0.0265702 -0.793073 0.608546 0.02657002 -0.7930737 0.6039154 0.0795055 -0.7930732 0.603915 0.07950794 -0.7930733 0.5946878 0.1318374 -0.7930734 0.5946875 0.1318411 -0.7930729 0.580935 0.1831673 -0.7930728 0.5809338 0.1831679 -0.7930734 0.5627596 0.233102 -0.7930732 0.5627586 0.2331027 -0.7930737 0.5403023 0.2812628 -0.7930729 0.5403007 0.2812644 -0.7930734 0.5137329 0.3272831 -0.7930727 0.5137318 0.3272826 -0.7930736 0.4832521 0.3708123 -0.7930737 0.4832518 0.3708134 -0.7930732 0.449096 0.4115195 -0.7930728 0.4490945 0.4115197 -0.7930737 0.4115199 0.4490942 -0.7930736 0.4115196 0.449096 -0.7930728 0.3708137 0.4832518 -0.7930732 0.3708119 0.4832518 -0.793074 0.3272844 0.513732 -0.7930728 0.3272829 0.5137321 -0.7930734 0.2812634 0.5403022 -0.7930728 0.2812638 0.5403012 -0.7930734 0.2331018 0.5627595 -0.7930733 0.2331023 0.5627599 -0.793073 0.1831687 0.5809332 -0.7930737 0.1831694 0.5809345 -0.7930727 0.1318375 0.5946876 -0.7930735 0.1318411 0.5946877 -0.7930728 0.07950711 0.6039144 -0.7930739 0.07950663 0.603916 -0.7930726 0.02656853 0.6085466 -0.7930734 0.02656853 0.6085464 -0.7930734 -0.02656853 0.6085462 -0.7930736 -0.02656859 0.6085469 -0.7930731 -0.07950878 0.6039146 -0.7930735 -0.07950508 0.6039158 -0.793073 -0.131839 0.5946873 -0.7930735 -0.1318382 0.5946878 -0.7930733 -0.1831672 0.5809338 -0.7930736 -0.1831693 0.5809344 -0.7930728 -0.2331033 0.5627589 -0.7930733 -0.2331023 0.5627605 -0.7930725 -0.281264 0.5403022 -0.7930727 -0.2812623 0.5403008 -0.7930741 -0.3272847 0.5137316 -0.793073 -0.3272838 0.5137321 -0.7930729 -0.3708152 0.4832515 -0.7930727 -0.3708119 0.4832518 -0.793074 -0.4115191 0.449096 -0.7930731 -0.4115204 0.4490945 -0.7930731 -0.4490942 0.4115198 -0.7930736 -0.4490957 0.4115194 -0.7930731 -0.4832506 0.3708133 -0.793074 -0.4832533 0.3708128 -0.7930726 -0.5137321 0.3272829 -0.7930733 -0.5137321 0.3272829 -0.7930734 -0.5403021 0.2812644 -0.7930726 -0.540301 0.2812631 -0.7930738 -0.5627602 0.2331024 -0.7930726 -0.5627592 0.2331023 -0.7930734 -0.5809345 0.1831688 -0.7930728 -0.5809342 0.1831666 -0.7930735 -0.5946881 0.1318408 -0.7930726 -0.5946875 0.1318381 -0.7930735 -0.6039143 0.07950723 -0.7930739 -0.603916 0.07950645 -0.7930728 -0.6085465 0.02657014 -0.7930734 -0.6085459 0.02657002 -0.7930737 -0.6085468 -0.0265702 -0.793073 -0.608546 -0.02657002 -0.7930737 -0.6039154 -0.0795055 -0.7930732 -0.603915 -0.07950794 -0.7930733 -0.5946878 -0.1318374 -0.7930734 -0.5946875 -0.1318411 -0.7930729 -0.580935 -0.1831673 -0.7930728 -0.5809338 -0.1831679 -0.7930734 -0.5627596 -0.233102 -0.7930732 -0.5627586 -0.2331027 -0.7930737 -0.5403023 -0.2812628 -0.7930729 -0.5403007 -0.2812644 -0.7930734 -0.5137329 -0.3272831 -0.7930727 -0.5137318 -0.3272826 -0.7930736 -0.4832521 -0.3708123 -0.7930737 -0.4832518 -0.3708134 -0.7930732 -0.449096 -0.4115195 -0.7930728 -0.4490945 -0.4115197 -0.7930737 -0.4115199 -0.4490942 -0.7930736 -0.4115196 -0.449096 -0.7930728 -0.3708137 -0.4832518 -0.7930732 -0.3708119 -0.4832518 -0.793074 -0.3272844 -0.513732 -0.7930728 -0.3272829 -0.5137321 -0.7930734 -0.2812634 -0.5403022 -0.7930728 -0.2812638 -0.5403012 -0.7930734 -0.2331018 -0.5627595 -0.7930733 -0.2331023 -0.5627599 -0.793073 -0.1831687 -0.5809332 -0.7930737 -0.1831694 -0.5809345 -0.7930727 -0.1318375 -0.5946876 -0.7930735 -0.1318411 -0.5946877 -0.7930728 -0.07950711 -0.6039144 -0.7930739 -0.07950663 -0.603916 -0.7930726 -0.02656853 -0.6085466 -0.7930734 -0.02656853 -0.6085464 -0.7930734 0.02656853 -0.6085462 -0.7930736 0.02345037 -0.5371527 -0.843159 0.07017976 -0.5330635 -0.8431597 0.07017928 -0.5330644 -0.843159 0.116372 -0.5249187 -0.8431596 0.1163706 -0.5249189 -0.8431596 0.1616803 -0.5127791 -0.8431591 0.1616793 -0.5127795 -0.8431589 0.2057556 -0.496737 -0.8431589 0.2057558 -0.4967368 -0.8431591 0.2482641 -0.4769129 -0.8431603 0.2482647 -0.4769136 -0.8431596 0.2888836 -0.4534615 -0.8431602 0.2888869 -0.4534613 -0.8431591 0.3273096 -0.4265568 -0.8431594 0.3273087 -0.426558 -0.8431591 0.3632401 -0.3964076 -0.8431594 0.3632414 -0.3964064 -0.8431594 0.3964051 -0.3632404 -0.8431604 0.3964081 -0.3632407 -0.8431589 0.426554 -0.3273094 -0.8431609 0.4265596 -0.3273089 -0.8431584 0.4534615 -0.2888869 -0.843159 0.4534627 -0.2888859 -0.8431587 0.476915 -0.2482651 -0.8431588 0.4769132 -0.2482653 -0.8431597 0.4967367 -0.2057564 -0.843159 0.4967378 -0.2057532 -0.8431591 0.5127788 -0.1616794 -0.8431594 0.5127792 -0.1616781 -0.8431593 0.5249186 -0.1163721 -0.8431595 0.5249202 -0.1163714 -0.8431587 0.5330637 -0.07017886 -0.8431596 0.5330647 -0.07017999 -0.8431589 0.5371517 -0.02345079 -0.8431597 0.5371531 -0.02345281 -0.8431587 0.5371516 0.02345079 -0.8431597 0.5371527 0.02345287 -0.843159 0.5330638 0.07017982 -0.8431594 0.5330641 0.07017922 -0.8431593 0.5249181 0.1163721 -0.8431599 0.5249201 0.1163713 -0.8431587 0.5127781 0.1616775 -0.8431602 0.5127798 0.1616798 -0.8431587 0.496736 0.2057556 -0.8431596 0.4967371 0.2057541 -0.8431593 0.4769136 0.248265 -0.8431596 0.4769129 0.2482656 -0.8431598 0.4534621 0.2888872 -0.8431586 0.4534611 0.288886 -0.8431596 0.4265575 0.3273092 -0.8431593 0.4265579 0.3273088 -0.8431591 0.3964075 0.3632401 -0.8431594 0.3964081 0.3632407 -0.8431589 0.3632406 0.3964082 -0.8431589 0.3632397 0.3964062 -0.8431601 0.3273079 0.426558 -0.8431594 0.3273101 0.4265568 -0.8431593 0.2888849 0.4534605 -0.8431602 0.2888871 0.4534616 -0.8431589 0.2482643 0.4769132 -0.8431599 0.2482646 0.4769133 -0.8431598 0.2057552 0.4967356 -0.8431599 0.2057561 0.4967381 -0.8431583 0.1616786 0.5127799 -0.8431589 0.1616792 0.5127794 -0.8431591 0.116372 0.5249189 -0.8431594 0.1163722 0.5249187 -0.8431594 0.07017785 0.5330636 -0.8431597 0.07017928 0.5330644 -0.8431591 0.02345269 0.5371529 -0.8431589 0.02345037 0.5371516 -0.8431597 -0.02345263 0.5371515 -0.8431597 -0.02345037 0.5371527 -0.843159 -0.07017976 0.5330635 -0.8431597 -0.07017928 0.5330644 -0.843159 -0.116372 0.5249187 -0.8431596 -0.1163706 0.5249189 -0.8431596 -0.1616803 0.5127791 -0.8431591 -0.1616793 0.5127795 -0.8431589 -0.2057556 0.496737 -0.8431589 -0.2057558 0.4967368 -0.8431591 -0.2482641 0.4769129 -0.8431603 -0.2482647 0.4769136 -0.8431596 -0.2888836 0.4534615 -0.8431602 -0.2888869 0.4534613 -0.8431591 -0.3273096 0.4265568 -0.8431594 -0.3273087 0.426558 -0.8431591 -0.3632401 0.3964076 -0.8431594 -0.3632414 0.3964064 -0.8431594 -0.3964051 0.3632404 -0.8431604 -0.3964081 0.3632407 -0.8431589 -0.426554 0.3273094 -0.8431609 -0.4265596 0.3273089 -0.8431584 -0.4534615 0.2888869 -0.843159 -0.4534627 0.2888859 -0.8431587 -0.476915 0.2482651 -0.8431588 -0.4769132 0.2482653 -0.8431597 -0.4967367 0.2057564 -0.843159 -0.4967378 0.2057532 -0.8431591 -0.5127788 0.1616794 -0.8431594 -0.5127792 0.1616781 -0.8431593 -0.5249186 0.1163721 -0.8431595 -0.5249202 0.1163714 -0.8431587 -0.5330637 0.07017886 -0.8431596 -0.5330647 0.07017999 -0.8431589 -0.5371517 0.02345079 -0.8431597 -0.5371531 0.02345281 -0.8431587 -0.5371516 -0.02345079 -0.8431597 -0.5371527 -0.02345287 -0.843159 -0.5330638 -0.07017982 -0.8431594 -0.5330641 -0.07017922 -0.8431593 -0.5249181 -0.1163721 -0.8431599 -0.5249201 -0.1163713 -0.8431587 -0.5127781 -0.1616775 -0.8431602 -0.5127798 -0.1616798 -0.8431587 -0.496736 -0.2057556 -0.8431596 -0.4967371 -0.2057541 -0.8431593 -0.4769136 -0.248265 -0.8431596 -0.4769129 -0.2482656 -0.8431598 -0.4534621 -0.2888872 -0.8431586 -0.4534611 -0.288886 -0.8431596 -0.4265575 -0.3273092 -0.8431593 -0.4265579 -0.3273088 -0.8431591 -0.3964075 -0.3632401 -0.8431594 -0.3964081 -0.3632407 -0.8431589 -0.3632406 -0.3964082 -0.8431589 -0.3632397 -0.3964062 -0.8431601 -0.3273079 -0.426558 -0.8431594 -0.3273101 -0.4265568 -0.8431593 -0.2888849 -0.4534605 -0.8431602 -0.2888871 -0.4534616 -0.8431589 -0.2482643 -0.4769132 -0.8431599 -0.2482646 -0.4769133 -0.8431598 -0.2057552 -0.4967356 -0.8431599 -0.2057561 -0.4967381 -0.8431583 -0.1616786 -0.5127799 -0.8431589 -0.1616792 -0.5127794 -0.8431591 -0.116372 -0.5249189 -0.8431594 -0.1163722 -0.5249187 -0.8431594 -0.07017785 -0.5330636 -0.8431597 -0.07017928 -0.5330644 -0.8431591 -0.02345269 -0.5371529 -0.8431589 -0.02345037 -0.5371516 -0.8431597 0.02345263 -0.5371515 -0.8431597 0.02015739 -0.4616546 -0.8868308 0.06031417 -0.4581409 -0.886831 0.06031298 -0.4581411 -0.886831 0.1000165 -0.4511411 -0.8868307 0.100017 -0.4511408 -0.8868307 0.1389555 -0.4407069 -0.8868309 0.1389546 -0.4407066 -0.8868311 0.1768355 -0.4269196 -0.8868309 0.1768376 -0.4269194 -0.8868305 0.2133688 -0.4098828 -0.8868314 0.2133736 -0.4098825 -0.8868303 0.2482818 -0.3897265 -0.8868311 0.2482839 -0.3897265 -0.8868305 0.2813048 -0.3666046 -0.8868308 0.2813071 -0.3666039 -0.8868302 0.3121904 -0.3406906 -0.8868298 0.3121842 -0.3406918 -0.8868316 0.3406937 -0.3121863 -0.8868302 0.3406905 -0.3121872 -0.8868311 0.3666073 -0.2813042 -0.8868298 0.3666031 -0.2813053 -0.8868312 0.3897241 -0.2482839 -0.8868317 0.389726 -0.2482823 -0.8868313 0.4098827 -0.2133722 -0.8868306 0.4098821 -0.2133718 -0.886831 0.4269192 -0.1768354 -0.8868311 0.4269191 -0.1768357 -0.8868311 0.44071 -0.1389543 -0.8868294 0.4407064 -0.1389546 -0.8868312 0.451142 -0.1000141 -0.8868304 0.4511413 -0.1000159 -0.8868305 0.4581406 -0.06031537 -0.8868311 0.4581398 -0.06031578 -0.8868315 0.4616563 -0.02015519 -0.8868299 0.461654 -0.02015644 -0.8868311 0.4616547 0.02015632 -0.8868308 0.4616547 0.02015548 -0.8868308 0.4581411 0.06031525 -0.8868308 0.45814 0.06031584 -0.8868314 0.451142 0.1000152 -0.8868303 0.4511406 0.1000151 -0.8868309 0.4407084 0.1389543 -0.8868302 0.4407066 0.1389547 -0.8868311 0.4269186 0.1768365 -0.8868311 0.4269194 0.1768348 -0.8868312 0.4098833 0.2133719 -0.8868305 0.4098815 0.2133719 -0.8868313 0.3897276 0.2482814 -0.8868308 0.389724 0.2482841 -0.8868315 0.3666043 0.2813045 -0.8868309 0.3666037 0.2813054 -0.8868309 0.3406921 0.3121873 -0.8868303 0.3406903 0.3121865 -0.8868314 0.3121873 0.3406908 -0.8868309 0.312186 0.3406915 -0.8868311 0.281305 0.3666037 -0.8868311 0.281305 0.3666047 -0.8868306 0.2482839 0.3897264 -0.8868306 0.2482822 0.3897267 -0.8868309 0.2133709 0.4098824 -0.8868311 0.21337 0.4098829 -0.8868311 0.1768376 0.4269192 -0.8868307 0.1768339 0.4269198 -0.8868311 0.1389554 0.4407063 -0.8868311 0.1389546 0.4407068 -0.8868309 0.1000142 0.4511405 -0.8868311 0.100017 0.4511411 -0.8868305 0.06031417 0.4581407 -0.8868311 0.06031298 0.4581412 -0.8868309 0.02015858 0.4616547 -0.8868307 0.02015358 0.4616543 -0.8868311 -0.02015405 0.4616543 -0.8868309 -0.02015739 0.4616546 -0.8868308 -0.06031417 0.4581409 -0.886831 -0.06031298 0.4581411 -0.886831 -0.1000165 0.4511411 -0.8868307 -0.100017 0.4511408 -0.8868307 -0.1389555 0.4407069 -0.8868309 -0.1389546 0.4407066 -0.8868311 -0.1768355 0.4269196 -0.8868309 -0.1768376 0.4269194 -0.8868305 -0.2133688 0.4098828 -0.8868314 -0.2133736 0.4098825 -0.8868303 -0.2482818 0.3897265 -0.8868311 -0.2482839 0.3897265 -0.8868305 -0.2813048 0.3666046 -0.8868308 -0.2813071 0.3666039 -0.8868302 -0.3121904 0.3406906 -0.8868298 -0.3121842 0.3406918 -0.8868316 -0.3406937 0.3121863 -0.8868302 -0.3406905 0.3121872 -0.8868311 -0.3666073 0.2813042 -0.8868298 -0.3666031 0.2813053 -0.8868312 -0.3897241 0.2482839 -0.8868317 -0.389726 0.2482823 -0.8868313 -0.4098827 0.2133722 -0.8868306 -0.4098821 0.2133718 -0.886831 -0.4269192 0.1768354 -0.8868311 -0.4269191 0.1768357 -0.8868311 -0.44071 0.1389543 -0.8868294 -0.4407064 0.1389546 -0.8868312 -0.451142 0.1000141 -0.8868304 -0.4511413 0.1000159 -0.8868305 -0.4581406 0.06031537 -0.8868311 -0.4581398 0.06031578 -0.8868315 -0.4616563 0.02015519 -0.8868299 -0.461654 0.02015644 -0.8868311 -0.4616547 -0.02015632 -0.8868308 -0.4616547 -0.02015548 -0.8868308 -0.4581411 -0.06031525 -0.8868308 -0.45814 -0.06031584 -0.8868314 -0.451142 -0.1000152 -0.8868303 -0.4511406 -0.1000151 -0.8868309 -0.4407084 -0.1389543 -0.8868302 -0.4407066 -0.1389547 -0.8868311 -0.4269186 -0.1768365 -0.8868311 -0.4269194 -0.1768348 -0.8868312 -0.4098833 -0.2133719 -0.8868305 -0.4098815 -0.2133719 -0.8868313 -0.3897276 -0.2482814 -0.8868308 -0.389724 -0.2482841 -0.8868315 -0.3666043 -0.2813045 -0.8868309 -0.3666037 -0.2813054 -0.8868309 -0.3406921 -0.3121873 -0.8868303 -0.3406903 -0.3121865 -0.8868314 -0.3121873 -0.3406908 -0.8868309 -0.312186 -0.3406915 -0.8868311 -0.281305 -0.3666037 -0.8868311 -0.281305 -0.3666047 -0.8868306 -0.2482839 -0.3897264 -0.8868306 -0.2482822 -0.3897267 -0.8868309 -0.2133709 -0.4098824 -0.8868311 -0.21337 -0.4098829 -0.8868311 -0.1768376 -0.4269192 -0.8868307 -0.1768339 -0.4269198 -0.8868311 -0.1389554 -0.4407063 -0.8868311 -0.1389546 -0.4407068 -0.8868309 -0.1000142 -0.4511405 -0.8868311 -0.100017 -0.4511411 -0.8868305 -0.06031417 -0.4581407 -0.8868311 -0.06031298 -0.4581412 -0.8868309 -0.02015858 -0.4616547 -0.8868307 -0.02015358 -0.4616543 -0.8868311 0.02015405 -0.4616543 -0.8868309 0.01670783 -0.3826302 -0.9237505 0.04999315 -0.3797183 -0.9237505 0.04998898 -0.3797187 -0.9237505 0.08289122 -0.3739168 -0.9237507 0.08289289 -0.373916 -0.9237509 0.1151678 -0.3652688 -0.9237506 0.1151685 -0.3652689 -0.9237504 0.1465681 -0.353841 -0.9237501 0.1465687 -0.3538411 -0.9237501 0.1768482 -0.3397206 -0.9237504 0.1768465 -0.3397204 -0.9237507 0.2057802 -0.3230151 -0.9237509 0.2057866 -0.323014 -0.9237499 0.2331534 -0.3038498 -0.9237505 0.2331494 -0.3038504 -0.9237512 0.2587466 -0.2823739 -0.9237506 0.2587475 -0.2823729 -0.9237507 0.2823705 -0.2587481 -0.9237514 0.2823752 -0.2587482 -0.9237499 0.3038476 -0.2331524 -0.9237514 0.30385 -0.233153 -0.9237504 0.3230118 -0.2057831 -0.9237515 0.3230157 -0.2057823 -0.9237502 0.3397233 -0.1768478 -0.9237495 0.3397195 -0.1768468 -0.9237511 0.3538405 -0.1465662 -0.9237506 0.3538414 -0.1465658 -0.9237504 0.3652696 -0.1151685 -0.9237502 0.365267 -0.1151685 -0.9237512 0.3739172 -0.08289599 -0.9237501 0.3739151 -0.08289462 -0.9237511 0.3797165 -0.04999113 -0.9237512 0.3797187 -0.04999113 -0.9237503 0.3826286 -0.01670622 -0.9237512 0.3826312 -0.01670557 -0.9237502 0.3826298 0.01670551 -0.9237508 0.3826305 0.01670616 -0.9237505 0.3797188 0.04999035 -0.9237503 0.3797181 0.04999172 -0.9237505 0.3739158 0.08289462 -0.9237508 0.3739162 0.08289575 -0.9237505 0.3652678 0.1151679 -0.923751 0.3652681 0.1151691 -0.9237507 0.3538405 0.1465662 -0.9237506 0.3538416 0.1465659 -0.9237503 0.3397209 0.1768468 -0.9237505 0.3397213 0.1768476 -0.9237502 0.3230143 0.205783 -0.9237506 0.3230139 0.2057826 -0.9237509 0.3038501 0.2331528 -0.9237505 0.3038502 0.2331526 -0.9237505 0.282373 0.2587472 -0.9237508 0.282373 0.2587487 -0.9237503 0.2587494 0.2823732 -0.92375 0.2587473 0.2823733 -0.9237506 0.2331532 0.3038496 -0.9237505 0.2331516 0.3038503 -0.9237507 0.2057827 0.3230139 -0.9237508 0.2057825 0.3230151 -0.9237504 0.1768481 0.3397207 -0.9237504 0.1768466 0.3397204 -0.9237507 0.1465681 0.3538414 -0.92375 0.1465643 0.3538411 -0.9237507 0.1151733 0.3652684 -0.92375 0.1151685 0.365269 -0.9237504 0.08289128 0.3739167 -0.9237508 0.08289289 0.3739163 -0.9237507 0.04999321 0.3797189 -0.9237502 0.04998892 0.3797183 -0.9237507 0.01670688 0.3826304 -0.9237505 0.01670783 0.3826304 -0.9237505 -0.01670688 0.3826304 -0.9237505 -0.01670783 0.3826302 -0.9237505 -0.04999315 0.3797183 -0.9237505 -0.04998898 0.3797187 -0.9237505 -0.08289122 0.3739168 -0.9237507 -0.08289289 0.373916 -0.9237509 -0.1151678 0.3652688 -0.9237506 -0.1151685 0.3652689 -0.9237504 -0.1465681 0.353841 -0.9237501 -0.1465687 0.3538411 -0.9237501 -0.1768482 0.3397206 -0.9237504 -0.1768465 0.3397204 -0.9237507 -0.2057802 0.3230151 -0.9237509 -0.2057866 0.323014 -0.9237499 -0.2331534 0.3038498 -0.9237505 -0.2331494 0.3038504 -0.9237512 -0.2587466 0.2823739 -0.9237506 -0.2587475 0.2823729 -0.9237507 -0.2823705 0.2587481 -0.9237514 -0.2823752 0.2587482 -0.9237499 -0.3038476 0.2331524 -0.9237514 -0.30385 0.233153 -0.9237504 -0.3230118 0.2057831 -0.9237515 -0.3230157 0.2057823 -0.9237502 -0.3397233 0.1768478 -0.9237495 -0.3397195 0.1768468 -0.9237511 -0.3538405 0.1465662 -0.9237506 -0.3538414 0.1465658 -0.9237504 -0.3652696 0.1151685 -0.9237502 -0.365267 0.1151685 -0.9237512 -0.3739172 0.08289599 -0.9237501 -0.3739151 0.08289462 -0.9237511 -0.3797165 0.04999113 -0.9237512 -0.3797187 0.04999113 -0.9237503 -0.3826286 0.01670622 -0.9237512 -0.3826312 0.01670557 -0.9237502 -0.3826298 -0.01670551 -0.9237508 -0.3826305 -0.01670616 -0.9237505 -0.3797188 -0.04999035 -0.9237503 -0.3797181 -0.04999172 -0.9237505 -0.3739158 -0.08289462 -0.9237508 -0.3739162 -0.08289575 -0.9237505 -0.3652678 -0.1151679 -0.923751 -0.3652681 -0.1151691 -0.9237507 -0.3538405 -0.1465662 -0.9237506 -0.3538416 -0.1465659 -0.9237503 -0.3397209 -0.1768468 -0.9237505 -0.3397213 -0.1768476 -0.9237502 -0.3230143 -0.205783 -0.9237506 -0.3230139 -0.2057826 -0.9237509 -0.3038501 -0.2331528 -0.9237505 -0.3038502 -0.2331526 -0.9237505 -0.282373 -0.2587472 -0.9237508 -0.282373 -0.2587487 -0.9237503 -0.2587494 -0.2823732 -0.92375 -0.2587473 -0.2823733 -0.9237506 -0.2331532 -0.3038496 -0.9237505 -0.2331516 -0.3038503 -0.9237507 -0.2057827 -0.3230139 -0.9237508 -0.2057825 -0.3230151 -0.9237504 -0.1768481 -0.3397207 -0.9237504 -0.1768466 -0.3397204 -0.9237507 -0.1465681 -0.3538414 -0.92375 -0.1465643 -0.3538411 -0.9237507 -0.1151733 -0.3652684 -0.92375 -0.1151685 -0.365269 -0.9237504 -0.08289128 -0.3739167 -0.9237508 -0.08289289 -0.3739163 -0.9237507 -0.04999321 -0.3797189 -0.9237502 -0.04998892 -0.3797183 -0.9237507 -0.01670688 -0.3826304 -0.9237505 -0.01670783 -0.3826304 -0.9237505 0.01670688 -0.3826304 -0.9237505 0.01312988 -0.30068 -0.9536347 0.03928291 -0.2983917 -0.9536347 0.0392844 -0.2983915 -0.9536348 0.06513673 -0.2938323 -0.9536351 0.06514489 -0.293832 -0.9536346 0.09050679 -0.2870368 -0.9536343 0.09050607 -0.2870365 -0.9536346 0.1151733 -0.2780569 -0.9536349 0.115174 -0.278057 -0.9536347 0.1389744 -0.2669601 -0.9536344 0.138971 -0.2669605 -0.9536347 0.1617057 -0.2538322 -0.9536354 0.1617085 -0.2538327 -0.9536349 0.18322 -0.2387724 -0.9536343 0.1832149 -0.2387728 -0.9536351 0.203327 -0.2218959 -0.9536353 0.2033309 -0.2218956 -0.9536346 0.2218946 -0.2033302 -0.953635 0.2218996 -0.2033298 -0.9536339 0.238769 -0.1832165 -0.9536358 0.2387716 -0.1832168 -0.9536351 0.2538257 -0.1617092 -0.9536367 0.2538343 -0.1617094 -0.9536343 0.2669607 -0.1389712 -0.9536346 0.266959 -0.1389704 -0.9536352 0.2780588 -0.1151754 -0.9536342 0.2780573 -0.1151741 -0.9536347 0.2870351 -0.09050273 -0.9536353 0.2870389 -0.09050226 -0.9536341 0.2938303 -0.06514042 -0.9536355 0.2938331 -0.06514143 -0.9536345 0.2983897 -0.03928381 -0.9536353 0.298393 -0.0392844 -0.9536343 0.3006803 -0.01312845 -0.9536347 0.3006808 -0.01312786 -0.9536345 0.3006803 0.01312845 -0.9536346 0.3006805 0.01312786 -0.9536346 0.2983906 0.03928476 -0.9536351 0.2983919 0.03928369 -0.9536347 0.2938315 0.06514042 -0.953635 0.2938331 0.06514143 -0.9536345 0.2870368 0.09050172 -0.9536348 0.2870377 0.09050297 -0.9536345 0.2780562 0.1151747 -0.953635 0.2780584 0.1151747 -0.9536343 0.2669584 0.1389714 -0.9536353 0.2669613 0.1389702 -0.9536347 0.253831 0.1617091 -0.9536352 0.2538341 0.1617093 -0.9536344 0.2387712 0.1832172 -0.9536351 0.2387714 0.1832163 -0.9536352 0.221898 0.2033305 -0.9536342 0.221897 0.2033296 -0.9536345 0.2033271 0.2218955 -0.9536354 0.2033336 0.2218959 -0.953634 0.1832163 0.2387725 -0.9536349 0.1832147 0.2387726 -0.9536352 0.1617057 0.2538326 -0.9536353 0.1617083 0.2538321 -0.953635 0.1389708 0.2669607 -0.9536346 0.1389709 0.26696 -0.9536349 0.1151732 0.2780568 -0.953635 0.1151741 0.278057 -0.9536348 0.09050685 0.2870369 -0.9536343 0.09050607 0.2870365 -0.9536346 0.06514406 0.2938321 -0.9536346 0.06513935 0.2938321 -0.9536349 0.03928285 0.2983916 -0.9536348 0.0392844 0.2983916 -0.9536347 0.01312845 0.3006796 -0.9536349 0.01312994 0.3006802 -0.9536347 -0.01312845 0.3006798 -0.9536348 -0.01312988 0.30068 -0.9536347 -0.03928291 0.2983917 -0.9536347 -0.0392844 0.2983915 -0.9536348 -0.06513673 0.2938323 -0.9536351 -0.06514489 0.293832 -0.9536346 -0.09050679 0.2870368 -0.9536343 -0.09050607 0.2870365 -0.9536346 -0.1151733 0.2780569 -0.9536349 -0.115174 0.278057 -0.9536347 -0.1389744 0.2669601 -0.9536344 -0.138971 0.2669605 -0.9536347 -0.1617057 0.2538322 -0.9536354 -0.1617085 0.2538327 -0.9536349 -0.18322 0.2387724 -0.9536343 -0.1832149 0.2387728 -0.9536351 -0.203327 0.2218959 -0.9536353 -0.2033309 0.2218956 -0.9536346 -0.2218946 0.2033302 -0.953635 -0.2218996 0.2033298 -0.9536339 -0.238769 0.1832165 -0.9536358 -0.2387716 0.1832168 -0.9536351 -0.2538257 0.1617092 -0.9536367 -0.2538343 0.1617094 -0.9536343 -0.2669607 0.1389712 -0.9536346 -0.266959 0.1389704 -0.9536352 -0.2780588 0.1151754 -0.9536342 -0.2780573 0.1151741 -0.9536347 -0.2870351 0.09050273 -0.9536353 -0.2870389 0.09050226 -0.9536341 -0.2938303 0.06514042 -0.9536355 -0.2938331 0.06514143 -0.9536345 -0.2983897 0.03928381 -0.9536353 -0.298393 0.0392844 -0.9536343 -0.3006803 0.01312845 -0.9536347 -0.3006808 0.01312786 -0.9536345 -0.3006803 -0.01312845 -0.9536346 -0.3006805 -0.01312786 -0.9536346 -0.2983906 -0.03928476 -0.9536351 -0.2983919 -0.03928369 -0.9536347 -0.2938315 -0.06514042 -0.953635 -0.2938331 -0.06514143 -0.9536345 -0.2870368 -0.09050172 -0.9536348 -0.2870377 -0.09050297 -0.9536345 -0.2780562 -0.1151747 -0.953635 -0.2780584 -0.1151747 -0.9536343 -0.2669584 -0.1389714 -0.9536353 -0.2669613 -0.1389702 -0.9536347 -0.253831 -0.1617091 -0.9536352 -0.2538341 -0.1617093 -0.9536344 -0.2387712 -0.1832172 -0.9536351 -0.2387714 -0.1832163 -0.9536352 -0.221898 -0.2033305 -0.9536342 -0.221897 -0.2033296 -0.9536345 -0.2033271 -0.2218955 -0.9536354 -0.2033336 -0.2218959 -0.953634 -0.1832163 -0.2387725 -0.9536349 -0.1832147 -0.2387726 -0.9536352 -0.1617057 -0.2538326 -0.9536353 -0.1617083 -0.2538321 -0.953635 -0.1389708 -0.2669607 -0.9536346 -0.1389709 -0.26696 -0.9536349 -0.1151732 -0.2780568 -0.953635 -0.1151741 -0.278057 -0.9536348 -0.09050685 -0.2870369 -0.9536343 -0.09050607 -0.2870365 -0.9536346 -0.06514406 -0.2938321 -0.9536346 -0.06513935 -0.2938321 -0.9536349 -0.03928285 -0.2983916 -0.9536348 -0.0392844 -0.2983916 -0.9536347 -0.01312845 -0.3006796 -0.9536349 -0.01312994 -0.3006802 -0.9536347 0.01312845 -0.3006798 -0.9536348 0.009449064 -0.2164292 -0.9762526 0.02826571 -0.2147821 -0.976253 0.02828133 -0.2147821 -0.9762525 0.04688376 -0.2115003 -0.9762528 0.04688638 -0.2115004 -0.9762527 0.06514126 -0.206609 -0.9762528 0.06514674 -0.2066087 -0.9762524 0.08290702 -0.200145 -0.9762522 0.08289414 -0.200145 -0.9762534 0.1000282 -0.1921582 -0.9762529 0.1000329 -0.1921577 -0.9762525 0.1163955 -0.1827086 -0.9762529 0.1163948 -0.1827086 -0.976253 0.1318884 -0.1718682 -0.9762514 0.1318771 -0.1718685 -0.9762529 0.1463548 -0.1597205 -0.9762529 0.1463585 -0.1597201 -0.9762524 0.1597176 -0.1463574 -0.976253 0.1597257 -0.1463564 -0.9762519 0.1718671 -0.1318794 -0.9762528 0.1718655 -0.1318795 -0.976253 0.1827058 -0.1163982 -0.9762532 0.1827072 -0.116398 -0.9762529 0.192157 -0.1000313 -0.9762529 0.1921598 -0.1000308 -0.9762523 0.2001439 -0.08290332 -0.9762529 0.2001449 -0.08290237 -0.9762527 0.2066118 -0.06514388 -0.976252 0.2066068 -0.06514316 -0.976253 0.2114963 -0.04688858 -0.9762535 0.2115025 -0.04688906 -0.9762521 0.2147794 -0.02827596 -0.9762532 0.2147822 -0.02827674 -0.9762526 0.2164316 -0.009448945 -0.9762521 0.2164279 -0.009449541 -0.976253 0.2164303 0.009448945 -0.9762524 0.2164279 0.009449541 -0.9762529 0.2147827 0.02827668 -0.9762526 0.2147813 0.02827632 -0.9762529 0.2115013 0.04688918 -0.9762523 0.2114999 0.04688864 -0.9762527 0.2066104 0.06514316 -0.9762523 0.2066069 0.06514364 -0.976253 0.2001464 0.08290219 -0.9762524 0.2001432 0.08290314 -0.9762529 0.1921594 0.1000308 -0.9762523 0.1921563 0.1000311 -0.9762529 0.1827085 0.1163982 -0.9762527 0.1827072 0.116398 -0.9762529 0.1718668 0.1318792 -0.9762529 0.1718655 0.1318795 -0.976253 0.1597225 0.1463561 -0.9762523 0.1597224 0.1463571 -0.9762523 0.1463599 0.1597197 -0.9762522 0.1463552 0.1597207 -0.9762528 0.1318829 0.1718685 -0.9762521 0.1318843 0.171868 -0.976252 0.1163955 0.1827085 -0.976253 0.1163949 0.1827087 -0.9762529 0.100028 0.1921576 -0.976253 0.1000331 0.1921581 -0.9762524 0.08290684 0.2001444 -0.9762524 0.08289426 0.2001454 -0.9762533 0.06515204 0.2066087 -0.9762521 0.06513947 0.2066087 -0.9762529 0.0468837 0.2115002 -0.9762529 0.04688638 0.2115004 -0.9762526 0.02827662 0.2147821 -0.9762527 0.02827399 0.2147821 -0.9762527 0.009451031 0.2164292 -0.9762527 0.009449064 0.2164292 -0.9762526 -0.009451031 0.2164292 -0.9762527 -0.009449064 0.2164292 -0.9762526 -0.02826571 0.2147821 -0.976253 -0.02828133 0.2147821 -0.9762525 -0.04688376 0.2115003 -0.9762528 -0.04688638 0.2115004 -0.9762527 -0.06514126 0.206609 -0.9762528 -0.06514674 0.2066087 -0.9762524 -0.08290702 0.200145 -0.9762522 -0.08289414 0.200145 -0.9762534 -0.1000282 0.1921582 -0.9762529 -0.1000329 0.1921577 -0.9762525 -0.1163955 0.1827086 -0.9762529 -0.1163948 0.1827086 -0.976253 -0.1318884 0.1718682 -0.9762514 -0.1318771 0.1718685 -0.9762529 -0.1463548 0.1597205 -0.9762529 -0.1463585 0.1597201 -0.9762524 -0.1597176 0.1463574 -0.976253 -0.1597257 0.1463564 -0.9762519 -0.1718671 0.1318794 -0.9762528 -0.1718655 0.1318795 -0.976253 -0.1827058 0.1163982 -0.9762532 -0.1827072 0.116398 -0.9762529 -0.192157 0.1000313 -0.9762529 -0.1921598 0.1000308 -0.9762523 -0.2001439 0.08290332 -0.9762529 -0.2001449 0.08290237 -0.9762527 -0.2066118 0.06514388 -0.976252 -0.2066068 0.06514316 -0.976253 -0.2114963 0.04688858 -0.9762535 -0.2115025 0.04688906 -0.9762521 -0.2147794 0.02827596 -0.9762532 -0.2147822 0.02827674 -0.9762526 -0.2164316 0.009448945 -0.9762521 -0.2164279 0.009449541 -0.976253 -0.2164303 -0.009448945 -0.9762524 -0.2164279 -0.009449541 -0.9762529 -0.2147827 -0.02827668 -0.9762526 -0.2147813 -0.02827632 -0.9762529 -0.2115013 -0.04688918 -0.9762523 -0.2114999 -0.04688864 -0.9762527 -0.2066104 -0.06514316 -0.9762523 -0.2066069 -0.06514364 -0.976253 -0.2001464 -0.08290219 -0.9762524 -0.2001432 -0.08290314 -0.9762529 -0.1921594 -0.1000308 -0.9762523 -0.1921563 -0.1000311 -0.9762529 -0.1827085 -0.1163982 -0.9762527 -0.1827072 -0.116398 -0.9762529 -0.1718668 -0.1318792 -0.9762529 -0.1718655 -0.1318795 -0.976253 -0.1597225 -0.1463561 -0.9762523 -0.1597224 -0.1463571 -0.9762523 -0.1463599 -0.1597197 -0.9762522 -0.1463552 -0.1597207 -0.9762528 -0.1318829 -0.1718685 -0.9762521 -0.1318843 -0.171868 -0.976252 -0.1163955 -0.1827085 -0.976253 -0.1163949 -0.1827087 -0.9762529 -0.100028 -0.1921576 -0.976253 -0.1000331 -0.1921581 -0.9762524 -0.08290684 -0.2001444 -0.9762524 -0.08289426 -0.2001454 -0.9762533 -0.06515204 -0.2066087 -0.9762521 -0.06513947 -0.2066087 -0.9762529 -0.0468837 -0.2115002 -0.9762529 -0.04688638 -0.2115004 -0.9762526 -0.02827662 -0.2147821 -0.9762527 -0.02827399 -0.2147821 -0.9762527 -0.009451031 -0.2164292 -0.9762527 -0.009449064 -0.2164292 -0.9762526 0.009451031 -0.2164292 -0.9762527 0.005703568 -0.1305247 -0.9914287 0.01704555 -0.1295313 -0.9914288 0.01705604 -0.1295313 -0.9914287 0.0282787 -0.127552 -0.9914287 0.02827745 -0.1275522 -0.9914287 0.03929412 -0.1246023 -0.9914284 0.0392912 -0.1246021 -0.9914285 0.05000472 -0.1207038 -0.9914283 0.04998821 -0.1207041 -0.9914292 0.06034529 -0.1158871 -0.9914277 0.06033545 -0.1158871 -0.9914283 0.07018524 -0.1101883 -0.9914296 0.07019108 -0.1101884 -0.9914292 0.07952439 -0.1036508 -0.9914296 0.07953304 -0.1036509 -0.9914288 0.08827567 -0.09632462 -0.9914278 0.08826327 -0.09632456 -0.9914289 0.09633058 -0.08826494 -0.9914282 0.09632146 -0.08826529 -0.991429 0.1036452 -0.07953429 -0.9914293 0.1036584 -0.07953405 -0.991428 0.1101867 -0.07019734 -0.9914289 0.1101926 -0.07019776 -0.9914283 0.1158797 -0.06032699 -0.9914296 0.1158906 -0.06032693 -0.9914283 0.1206907 -0.04999727 -0.9914304 0.1207064 -0.04999721 -0.9914284 0.1246091 -0.03928691 -0.9914279 0.124599 -0.03928697 -0.9914291 0.1275482 -0.02827733 -0.9914292 0.1275532 -0.02827781 -0.9914286 0.1295345 -0.01705306 -0.9914283 0.1295309 -0.01705312 -0.9914287 0.1305224 -0.005698859 -0.9914291 0.1305251 -0.00569874 -0.9914287 0.1305238 0.005698859 -0.9914288 0.1305245 0.00569874 -0.9914288 0.1295319 0.01705306 -0.9914286 0.1295322 0.01705312 -0.9914286 0.1275508 0.02827769 -0.9914289 0.1275518 0.02827763 -0.9914288 0.124601 0.03928697 -0.9914289 0.1246017 0.03928697 -0.9914287 0.1207015 0.04999727 -0.9914291 0.1207036 0.04999721 -0.9914288 0.1158906 0.06032669 -0.9914284 0.1158851 0.06032705 -0.9914289 0.1101869 0.07019782 -0.9914289 0.1101925 0.07019752 -0.9914283 0.1036559 0.07953417 -0.9914281 0.1036476 0.07953411 -0.991429 0.09631967 0.08826524 -0.9914293 0.09632694 0.08826518 -0.9914285 0.08825403 0.0963248 -0.9914298 0.08826327 0.09632456 -0.9914289 0.07952433 0.1036509 -0.9914295 0.0795331 0.1036508 -0.9914287 0.07018524 0.1101885 -0.9914296 0.07019108 0.1101883 -0.9914292 0.06034529 0.1158869 -0.9914277 0.06033545 0.1158871 -0.9914283 0.04998308 0.1207044 -0.9914293 0.04998815 0.1207039 -0.9914292 0.03929412 0.1246022 -0.9914284 0.0392912 0.1246021 -0.9914285 0.02825695 0.1275522 -0.9914293 0.02828836 0.127552 -0.9914284 0.01704561 0.1295315 -0.9914288 0.01705604 0.1295313 -0.9914286 0.005703628 0.1305247 -0.9914287 0.005692601 0.1305247 -0.9914288 -0.005681812 0.1305246 -0.9914288 -0.005703568 0.1305247 -0.9914287 -0.01704555 0.1295313 -0.9914288 -0.01705604 0.1295313 -0.9914287 -0.0282787 0.127552 -0.9914287 -0.02827745 0.1275522 -0.9914287 -0.03929412 0.1246023 -0.9914284 -0.0392912 0.1246021 -0.9914285 -0.05000472 0.1207038 -0.9914283 -0.04998821 0.1207041 -0.9914292 -0.06034529 0.1158871 -0.9914277 -0.06033545 0.1158871 -0.9914283 -0.07018524 0.1101883 -0.9914296 -0.07019108 0.1101884 -0.9914292 -0.07952439 0.1036508 -0.9914296 -0.07953304 0.1036509 -0.9914288 -0.08827567 0.09632462 -0.9914278 -0.08826327 0.09632456 -0.9914289 -0.09633058 0.08826494 -0.9914282 -0.09632146 0.08826529 -0.991429 -0.1036452 0.07953429 -0.9914293 -0.1036584 0.07953405 -0.991428 -0.1101867 0.07019734 -0.9914289 -0.1101926 0.07019776 -0.9914283 -0.1158797 0.06032699 -0.9914296 -0.1158906 0.06032693 -0.9914283 -0.1206907 0.04999727 -0.9914304 -0.1207064 0.04999721 -0.9914284 -0.1246091 0.03928691 -0.9914279 -0.124599 0.03928697 -0.9914291 -0.1275482 0.02827733 -0.9914292 -0.1275532 0.02827781 -0.9914286 -0.1295345 0.01705306 -0.9914283 -0.1295309 0.01705312 -0.9914287 -0.1305224 0.005698859 -0.9914291 -0.1305251 0.00569874 -0.9914287 -0.1305238 -0.005698859 -0.9914288 -0.1305245 -0.00569874 -0.9914288 -0.1295319 -0.01705306 -0.9914286 -0.1295322 -0.01705312 -0.9914286 -0.1275508 -0.02827769 -0.9914289 -0.1275518 -0.02827763 -0.9914288 -0.124601 -0.03928697 -0.9914289 -0.1246017 -0.03928697 -0.9914287 -0.1207015 -0.04999727 -0.9914291 -0.1207036 -0.04999721 -0.9914288 -0.1158906 -0.06032669 -0.9914284 -0.1158851 -0.06032705 -0.9914289 -0.1101869 -0.07019782 -0.9914289 -0.1101925 -0.07019752 -0.9914283 -0.1036559 -0.07953417 -0.9914281 -0.1036476 -0.07953411 -0.991429 -0.09631967 -0.08826524 -0.9914293 -0.09632694 -0.08826518 -0.9914285 -0.08825403 -0.0963248 -0.9914298 -0.08826327 -0.09632456 -0.9914289 -0.07952433 -0.1036509 -0.9914295 -0.0795331 -0.1036508 -0.9914287 -0.07018524 -0.1101885 -0.9914296 -0.07019108 -0.1101883 -0.9914292 -0.06034529 -0.1158869 -0.9914277 -0.06033545 -0.1158871 -0.9914283 -0.04998308 -0.1207044 -0.9914293 -0.04998815 -0.1207039 -0.9914292 -0.03929412 -0.1246022 -0.9914284 -0.0392912 -0.1246021 -0.9914285 -0.02825695 -0.1275522 -0.9914293 -0.02828836 -0.127552 -0.9914284 -0.01704561 -0.1295315 -0.9914288 -0.01705604 -0.1295313 -0.9914286 -0.005703628 -0.1305247 -0.9914287 -0.005692601 -0.1305247 -0.9914288 0.005681812 -0.1305246 -0.9914288 1 -5.97712e-7 0 1 0 0 1 1.197e-6 0 1 5.97712e-7 0 1 -1.197e-6 0 1 1.45076e-6 0 1 2.394e-6 0 1 -1.91047e-6 0 1 7.10386e-7 0 1 9.55233e-7 0 1 -1.39482e-6 0 1 -2.394e-6 0 1 1.91047e-6 0 1 -9.55233e-7 0 1 1.39482e-6 0 1 -1.45076e-6 0 1 6.82037e-7 0 1 2.9925e-7 0 1 2.78964e-6 0 1 8.99916e-7 0 1 0 0 1 8.99916e-7 0 1 1.19227e-6 0 1 -1.36407e-6 0 1 -1.08205e-6 0 1 -6.82037e-7 0 1 -7.10386e-7 0 1 3.03804e-7 0 1 1.08205e-6 0 1 -2.9925e-7 0 1 -7.25382e-7 0 1 -4.9379e-7 0 1 3.92855e-7 0 1 -3.03804e-7 0 1 -2.78964e-6 0 1 7.94649e-7 0 1 -8.99916e-7 0 1 0 0 1 -8.99916e-7 0 1 -2.38278e-6 0 1 3.66398e-6 0 1 -1.54369e-5 0 1 -1.19617e-6 0 1 1.197e-6 0 1 9.96002e-7 0 1 -1.19227e-6 0 1 1.36407e-6 0 1 7.80262e-6 0 1 2.38278e-6 0 1 -3.66398e-6 0 1 1.54369e-5 0 1 1.19617e-6 0 1 -1.197e-6 0 1 -9.96002e-7 0 1 4.9379e-7 0 -1 0 0 -1 1.45076e-6 0 -1 -2.394e-6 0 -1 2.394e-6 0 -1 -1.91047e-6 0 -1 7.10386e-7 0 -1 9.55233e-7 0 -1 -1.39482e-6 0 -1 -2.394e-6 0 -1 1.91047e-6 0 -1 5.98499e-7 0 -1 -9.55233e-7 0 -1 1.39482e-6 0 -1 -1.45076e-6 0 -1 2.394e-6 0 -1 -1.43285e-6 0 -1 -1.01538e-6 0 -1 6.82037e-7 0 -1 2.78964e-6 0 -1 1.08205e-6 0 -1 8.99916e-7 0 -1 0 0 -1 8.99916e-7 0 -1 -2.38278e-6 0 -1 1.83199e-6 0 -1 1.19227e-6 0 -1 -1.36407e-6 0 -1 -5.98499e-7 0 -1 1.43285e-6 0 -1 -6.82037e-7 0 -1 -7.10386e-7 0 -1 3.03804e-7 0 -1 -1.54369e-5 0 -1 -4.9379e-7 0 -1 3.92855e-7 0 -1 -3.03804e-7 0 -1 -2.78964e-6 0 -1 7.94649e-7 0 -1 2.98856e-7 0 -1 7.25382e-7 0 -1 -1.08205e-6 0 -1 -8.99916e-7 0 -1 0 0 -1 -8.99916e-7 0 -1 2.38278e-6 0 -1 -1.19617e-6 0 -1 1.197e-6 0 -1 9.90838e-7 0 -1 -1.19227e-6 0 -1 1.36407e-6 0 -1 7.80262e-6 0 -1 -2.98856e-7 0 -1 -7.25382e-7 0 -1 1.54369e-5 0 -1 1.19617e-6 0 -1 -1.197e-6 0 -1 -9.90838e-7 0 -1 -1.83199e-6 0 -1 4.9379e-7 0</float_array>
          <technique_common>
            <accessor source="#heim_joint_m8_ball-mesh-normals-array" count="9812" stride="3">
              <param name="X" type="float"/>
              <param name="Y" type="float"/>
              <param name="Z" type="float"/>
            </accessor>
          </technique_common>
        </source>
        <vertices id="heim_joint_m8_ball-mesh-vertices">
          <input semantic="POSITION" source="#heim_joint_m8_ball-mesh-positions"/>
        </vertices>
        <triangles count="10096">
          <input semantic="VERTEX" source="#heim_joint_m8_ball-mesh-vertices" offset="0"/>
          <input semantic="NORMAL" source="#heim_joint_m8_ball-mesh-normals" offset="1"/>
          <p>0 0 1 0 2 0 1 1 3 1 2 1 2 2 3 2 4 2 3 3 5 3 4 3 4 4 5 4 6 4 5 5 7 5 6 5 6 6 7 6 8 6 7 7 9 7 8 7 8 8 9 8 10 8 9 9 11 9 10 9 10 10 11 10 12 10 11 11 13 11 12 11 12 12 13 12 14 12 13 13 15 13 14 13 14 14 15 14 16 14 15 15 17 15 16 15 16 16 17 16 18 16 17 17 19 17 18 17 18 18 19 18 20 18 19 19 21 19 20 19 20 20 21 20 22 20 21 21 23 21 22 21 22 22 23 22 24 22 23 23 25 23 24 23 24 24 25 24 26 24 25 25 27 25 26 25 26 26 27 26 28 26 27 27 29 27 28 27 28 28 29 28 30 28 29 29 31 29 30 29 30 30 31 30 32 30 31 31 33 31 32 31 32 32 33 32 34 32 33 33 35 33 34 33 34 34 35 34 36 34 35 35 37 35 36 35 36 36 37 36 38 36 37 37 39 37 38 37 38 38 39 38 40 38 39 39 41 39 40 39 40 40 41 40 42 40 41 41 43 41 42 41 42 42 43 42 44 42 43 43 45 43 44 43 44 44 45 44 46 44 45 45 47 45 46 45 46 46 47 46 48 46 47 47 49 47 48 47 48 48 49 48 50 48 49 49 51 49 50 49 50 50 51 50 52 50 51 51 53 51 52 51 52 52 53 52 54 52 53 53 55 53 54 53 54 54 55 54 56 54 55 55 57 55 56 55 56 56 57 56 58 56 57 57 59 57 58 57 58 58 59 58 60 58 59 59 61 59 60 59 60 60 61 60 62 60 61 61 63 61 62 61 62 62 63 62 64 62 63 63 65 63 64 63 64 64 65 64 66 64 65 65 67 65 66 65 66 66 67 66 68 66 67 67 69 67 68 67 68 68 69 68 70 68 69 69 71 69 70 69 70 70 71 70 72 70 71 71 73 71 72 71 72 72 73 72 74 72 73 73 75 73 74 73 74 74 75 74 76 74 75 75 77 75 76 75 76 76 77 76 78 76 77 77 79 77 78 77 78 78 79 78 80 78 79 79 81 79 80 79 80 80 81 80 82 80 81 81 83 81 82 81 82 82 83 82 84 82 83 83 85 83 84 83 84 84 85 84 86 84 85 85 87 85 86 85 86 86 87 86 88 86 87 87 89 87 88 87 88 88 89 88 90 88 89 89 91 89 90 89 90 90 91 90 92 90 91 91 93 91 92 91 92 92 93 92 94 92 93 93 95 93 94 93 94 94 95 94 96 94 95 95 97 95 96 95 96 96 97 96 98 96 97 97 99 97 98 97 98 98 99 98 100 98 99 99 101 99 100 99 100 100 101 100 102 100 101 101 103 101 102 101 102 102 103 102 104 102 103 103 105 103 104 103 104 104 105 104 106 104 105 105 107 105 106 105 106 106 107 106 108 106 107 107 109 107 108 107 108 108 109 108 110 108 109 109 111 109 110 109 110 110 111 110 112 110 111 111 113 111 112 111 112 112 113 112 114 112 113 113 115 113 114 113 114 114 115 114 116 114 115 115 117 115 116 115 116 116 117 116 118 116 117 117 119 117 118 117 118 118 119 118 120 118 119 119 121 119 120 119 120 120 121 120 122 120 121 121 123 121 122 121 122 122 123 122 124 122 123 123 125 123 124 123 124 124 125 124 126 124 125 125 127 125 126 125 126 126 127 126 128 126 127 127 129 127 128 127 128 128 129 128 130 128 129 129 131 129 130 129 130 130 131 130 132 130 131 131 133 131 132 131 132 132 133 132 134 132 133 133 135 133 134 133 134 134 135 134 136 134 135 135 137 135 136 135 136 136 137 136 138 136 137 137 139 137 138 137 138 138 139 138 140 138 139 139 141 139 140 139 140 140 141 140 142 140 141 141 143 141 142 141 142 142 143 142 0 142 143 143 1 143 0 143 143 144 144 144 1 144 144 145 145 145 1 145 1 146 145 146 3 146 145 147 146 147 3 147 3 148 146 148 5 148 146 149 147 149 5 149 5 150 147 150 7 150 147 151 148 151 7 151 7 152 148 152 9 152 148 153 149 153 9 153 9 154 149 154 11 154 149 155 150 155 11 155 11 156 150 156 13 156 150 157 151 157 13 157 13 158 151 158 15 158 151 159 152 159 15 159 15 160 152 160 17 160 152 161 153 161 17 161 17 162 153 162 19 162 153 163 154 163 19 163 19 164 154 164 21 164 154 165 155 165 21 165 21 166 155 166 23 166 155 167 156 167 23 167 23 168 156 168 25 168 156 169 157 169 25 169 25 170 157 170 27 170 157 171 158 171 27 171 27 172 158 172 29 172 158 173 159 173 29 173 29 174 159 174 31 174 159 175 160 175 31 175 31 176 160 176 33 176 160 177 161 177 33 177 33 178 161 178 35 178 161 179 162 179 35 179 35 180 162 180 37 180 162 181 163 181 37 181 37 182 163 182 39 182 163 183 164 183 39 183 39 184 164 184 41 184 164 185 165 185 41 185 41 186 165 186 43 186 165 187 166 187 43 187 43 188 166 188 45 188 166 189 167 189 45 189 45 190 167 190 47 190 167 191 168 191 47 191 47 192 168 192 49 192 168 193 169 193 49 193 49 194 169 194 51 194 169 195 170 195 51 195 51 196 170 196 53 196 170 197 171 197 53 197 53 198 171 198 55 198 171 199 172 199 55 199 55 200 172 200 57 200 172 201 173 201 57 201 57 202 173 202 59 202 173 203 174 203 59 203 59 204 174 204 61 204 174 205 175 205 61 205 61 206 175 206 63 206 175 207 176 207 63 207 63 208 176 208 65 208 176 209 177 209 65 209 65 210 177 210 67 210 177 211 178 211 67 211 67 212 178 212 69 212 178 213 179 213 69 213 69 214 179 214 71 214 179 215 180 215 71 215 71 216 180 216 73 216 180 217 181 217 73 217 73 218 181 218 75 218 181 219 182 219 75 219 75 220 182 220 77 220 182 221 183 221 77 221 77 222 183 222 79 222 183 223 184 223 79 223 79 224 184 224 81 224 184 225 185 225 81 225 81 226 185 226 83 226 185 227 186 227 83 227 83 228 186 228 85 228 186 229 187 229 85 229 85 230 187 230 87 230 187 231 188 231 87 231 87 232 188 232 89 232 188 233 189 233 89 233 89 234 189 234 91 234 189 235 190 235 91 235 91 236 190 236 93 236 190 237 191 237 93 237 93 238 191 238 95 238 191 239 192 239 95 239 95 240 192 240 97 240 192 241 193 241 97 241 97 242 193 242 99 242 193 243 194 243 99 243 99 244 194 244 101 244 194 245 195 245 101 245 101 246 195 246 103 246 195 247 196 247 103 247 103 248 196 248 105 248 196 249 197 249 105 249 105 250 197 250 107 250 197 251 198 251 107 251 107 252 198 252 109 252 198 253 199 253 109 253 109 254 199 254 111 254 199 255 200 255 111 255 111 256 200 256 113 256 200 257 201 257 113 257 113 258 201 258 115 258 201 259 202 259 115 259 115 260 202 260 117 260 202 261 203 261 117 261 117 262 203 262 119 262 203 263 204 263 119 263 119 264 204 264 121 264 204 265 205 265 121 265 121 266 205 266 123 266 205 267 206 267 123 267 123 268 206 268 125 268 206 269 207 269 125 269 125 270 207 270 127 270 207 271 208 271 127 271 127 272 208 272 129 272 208 273 209 273 129 273 129 274 209 274 131 274 209 275 210 275 131 275 131 276 210 276 133 276 210 277 211 277 133 277 133 278 211 278 135 278 211 279 212 279 135 279 135 280 212 280 137 280 212 281 213 281 137 281 137 282 213 282 139 282 213 283 214 283 139 283 139 284 214 284 141 284 214 285 215 285 141 285 141 286 215 286 143 286 215 287 144 287 143 287 215 288 216 288 144 288 216 289 217 289 144 289 144 290 217 290 145 290 217 291 218 291 145 291 145 292 218 292 146 292 218 293 219 293 146 293 146 294 219 294 147 294 219 295 220 295 147 295 147 296 220 296 148 296 220 297 221 297 148 297 148 298 221 298 149 298 221 299 222 299 149 299 149 300 222 300 150 300 222 301 223 301 150 301 150 302 223 302 151 302 223 303 224 303 151 303 151 304 224 304 152 304 224 305 225 305 152 305 152 306 225 306 153 306 225 307 226 307 153 307 153 308 226 308 154 308 226 309 227 309 154 309 154 310 227 310 155 310 227 311 228 311 155 311 155 312 228 312 156 312 228 313 229 313 156 313 156 314 229 314 157 314 229 315 230 315 157 315 157 316 230 316 158 316 230 317 231 317 158 317 158 318 231 318 159 318 231 319 232 319 159 319 159 320 232 320 160 320 232 321 233 321 160 321 160 322 233 322 161 322 233 323 234 323 161 323 161 324 234 324 162 324 234 325 235 325 162 325 162 326 235 326 163 326 235 327 236 327 163 327 163 328 236 328 164 328 236 329 237 329 164 329 164 330 237 330 165 330 237 331 238 331 165 331 165 332 238 332 166 332 238 333 239 333 166 333 166 334 239 334 167 334 239 335 240 335 167 335 167 336 240 336 168 336 240 337 241 337 168 337 168 338 241 338 169 338 241 339 242 339 169 339 169 340 242 340 170 340 242 341 243 341 170 341 170 342 243 342 171 342 243 343 244 343 171 343 171 344 244 344 172 344 244 345 245 345 172 345 172 346 245 346 173 346 245 347 246 347 173 347 173 348 246 348 174 348 246 349 247 349 174 349 174 350 247 350 175 350 247 351 248 351 175 351 175 352 248 352 176 352 248 353 249 353 176 353 176 354 249 354 177 354 249 355 250 355 177 355 177 356 250 356 178 356 250 357 251 357 178 357 178 358 251 358 179 358 251 359 252 359 179 359 179 360 252 360 180 360 252 361 253 361 180 361 180 362 253 362 181 362 253 363 254 363 181 363 181 364 254 364 182 364 254 365 255 365 182 365 182 366 255 366 183 366 255 367 256 367 183 367 183 368 256 368 184 368 256 369 257 369 184 369 184 370 257 370 185 370 257 371 258 371 185 371 185 372 258 372 186 372 258 373 259 373 186 373 186 374 259 374 187 374 259 375 260 375 187 375 187 376 260 376 188 376 260 377 261 377 188 377 188 378 261 378 189 378 261 379 262 379 189 379 189 380 262 380 190 380 262 381 263 381 190 381 190 382 263 382 191 382 263 383 264 383 191 383 191 384 264 384 192 384 264 385 265 385 192 385 192 386 265 386 193 386 265 387 266 387 193 387 193 388 266 388 194 388 266 389 267 389 194 389 194 390 267 390 195 390 267 391 268 391 195 391 195 392 268 392 196 392 268 393 269 393 196 393 196 394 269 394 197 394 269 395 270 395 197 395 197 396 270 396 198 396 270 397 271 397 198 397 198 398 271 398 199 398 271 399 272 399 199 399 199 400 272 400 200 400 272 401 273 401 200 401 200 402 273 402 201 402 273 403 274 403 201 403 201 404 274 404 202 404 274 405 275 405 202 405 202 406 275 406 203 406 275 407 276 407 203 407 203 408 276 408 204 408 276 409 277 409 204 409 204 410 277 410 205 410 277 411 278 411 205 411 205 412 278 412 206 412 278 413 279 413 206 413 206 414 279 414 207 414 279 415 280 415 207 415 207 416 280 416 208 416 280 417 281 417 208 417 208 418 281 418 209 418 281 419 282 419 209 419 209 420 282 420 210 420 282 421 283 421 210 421 210 422 283 422 211 422 283 423 284 423 211 423 211 424 284 424 212 424 284 425 285 425 212 425 212 426 285 426 213 426 285 427 286 427 213 427 213 428 286 428 214 428 286 429 287 429 214 429 214 430 287 430 215 430 287 431 216 431 215 431 287 432 288 432 216 432 288 433 289 433 216 433 216 434 289 434 217 434 289 435 290 435 217 435 217 436 290 436 218 436 290 437 291 437 218 437 218 438 291 438 219 438 291 439 292 439 219 439 219 440 292 440 220 440 292 441 293 441 220 441 220 442 293 442 221 442 293 443 294 443 221 443 221 444 294 444 222 444 294 445 295 445 222 445 222 446 295 446 223 446 295 447 296 447 223 447 223 448 296 448 224 448 296 449 297 449 224 449 224 450 297 450 225 450 297 451 298 451 225 451 225 452 298 452 226 452 298 453 299 453 226 453 226 454 299 454 227 454 299 455 300 455 227 455 227 456 300 456 228 456 300 457 301 457 228 457 228 458 301 458 229 458 301 459 302 459 229 459 229 460 302 460 230 460 302 461 303 461 230 461 230 462 303 462 231 462 303 463 304 463 231 463 231 464 304 464 232 464 304 465 305 465 232 465 232 466 305 466 233 466 305 467 306 467 233 467 233 468 306 468 234 468 306 469 307 469 234 469 234 470 307 470 235 470 307 471 308 471 235 471 235 472 308 472 236 472 308 473 309 473 236 473 236 474 309 474 237 474 309 475 310 475 237 475 237 476 310 476 238 476 310 477 311 477 238 477 238 478 311 478 239 478 311 479 312 479 239 479 239 480 312 480 240 480 312 481 313 481 240 481 240 482 313 482 241 482 313 483 314 483 241 483 241 484 314 484 242 484 314 485 315 485 242 485 242 486 315 486 243 486 315 487 316 487 243 487 243 488 316 488 244 488 316 489 317 489 244 489 244 490 317 490 245 490 317 491 318 491 245 491 245 492 318 492 246 492 318 493 319 493 246 493 246 494 319 494 247 494 319 495 320 495 247 495 247 496 320 496 248 496 320 497 321 497 248 497 248 498 321 498 249 498 321 499 322 499 249 499 249 500 322 500 250 500 322 501 323 501 250 501 250 502 323 502 251 502 323 503 324 503 251 503 251 504 324 504 252 504 324 505 325 505 252 505 252 506 325 506 253 506 325 507 326 507 253 507 253 508 326 508 254 508 326 509 327 509 254 509 254 510 327 510 255 510 327 511 328 511 255 511 255 512 328 512 256 512 328 513 329 513 256 513 256 514 329 514 257 514 329 515 330 515 257 515 257 516 330 516 258 516 330 517 331 517 258 517 258 518 331 518 259 518 331 519 332 519 259 519 259 520 332 520 260 520 332 521 333 521 260 521 260 522 333 522 261 522 333 523 334 523 261 523 261 524 334 524 262 524 334 525 335 525 262 525 262 526 335 526 263 526 335 527 336 527 263 527 263 528 336 528 264 528 336 529 337 529 264 529 264 530 337 530 265 530 337 531 338 531 265 531 265 532 338 532 266 532 338 533 339 533 266 533 266 534 339 534 267 534 339 535 340 535 267 535 267 536 340 536 268 536 340 537 341 537 268 537 268 538 341 538 269 538 341 539 342 539 269 539 269 540 342 540 270 540 342 541 343 541 270 541 270 542 343 542 271 542 343 543 344 543 271 543 271 544 344 544 272 544 344 545 345 545 272 545 272 546 345 546 273 546 345 547 346 547 273 547 273 548 346 548 274 548 346 549 347 549 274 549 274 550 347 550 275 550 347 551 348 551 275 551 275 552 348 552 276 552 348 553 349 553 276 553 276 554 349 554 277 554 349 555 350 555 277 555 277 556 350 556 278 556 350 557 351 557 278 557 278 558 351 558 279 558 351 559 352 559 279 559 279 560 352 560 280 560 352 561 353 561 280 561 280 562 353 562 281 562 353 563 354 563 281 563 281 564 354 564 282 564 354 565 355 565 282 565 282 566 355 566 283 566 355 567 356 567 283 567 283 568 356 568 284 568 356 569 357 569 284 569 284 570 357 570 285 570 357 571 358 571 285 571 285 572 358 572 286 572 358 573 359 573 286 573 286 574 359 574 287 574 359 575 288 575 287 575 359 576 360 576 288 576 360 577 361 577 288 577 288 578 361 578 289 578 361 579 362 579 289 579 289 580 362 580 290 580 362 581 363 581 290 581 290 582 363 582 291 582 363 583 364 583 291 583 291 584 364 584 292 584 364 585 365 585 292 585 292 586 365 586 293 586 365 587 366 587 293 587 293 588 366 588 294 588 366 589 367 589 294 589 294 590 367 590 295 590 367 591 368 591 295 591 295 592 368 592 296 592 368 593 369 593 296 593 296 594 369 594 297 594 369 595 370 595 297 595 297 596 370 596 298 596 370 597 371 597 298 597 298 598 371 598 299 598 371 599 372 599 299 599 299 600 372 600 300 600 372 601 373 601 300 601 300 602 373 602 301 602 373 603 374 603 301 603 301 604 374 604 302 604 374 605 375 605 302 605 302 606 375 606 303 606 375 607 376 607 303 607 303 608 376 608 304 608 376 609 377 609 304 609 304 610 377 610 305 610 377 611 378 611 305 611 305 612 378 612 306 612 378 613 379 613 306 613 306 614 379 614 307 614 379 615 380 615 307 615 307 616 380 616 308 616 380 617 381 617 308 617 308 618 381 618 309 618 381 619 382 619 309 619 309 620 382 620 310 620 382 621 383 621 310 621 310 622 383 622 311 622 383 623 384 623 311 623 311 624 384 624 312 624 384 625 385 625 312 625 312 626 385 626 313 626 385 627 386 627 313 627 313 628 386 628 314 628 386 629 387 629 314 629 314 630 387 630 315 630 387 631 388 631 315 631 315 632 388 632 316 632 388 633 389 633 316 633 316 634 389 634 317 634 389 635 390 635 317 635 317 636 390 636 318 636 390 637 391 637 318 637 318 638 391 638 319 638 391 639 392 639 319 639 319 640 392 640 320 640 392 641 393 641 320 641 320 642 393 642 321 642 393 643 394 643 321 643 321 644 394 644 322 644 394 645 395 645 322 645 322 646 395 646 323 646 395 647 396 647 323 647 323 648 396 648 324 648 396 649 397 649 324 649 324 650 397 650 325 650 397 651 398 651 325 651 325 652 398 652 326 652 398 653 399 653 326 653 326 654 399 654 327 654 399 655 400 655 327 655 327 656 400 656 328 656 400 657 401 657 328 657 328 658 401 658 329 658 401 659 402 659 329 659 329 660 402 660 330 660 402 661 403 661 330 661 330 662 403 662 331 662 403 663 404 663 331 663 331 664 404 664 332 664 404 665 405 665 332 665 332 666 405 666 333 666 405 667 406 667 333 667 333 668 406 668 334 668 406 669 407 669 334 669 334 670 407 670 335 670 407 671 408 671 335 671 335 672 408 672 336 672 408 673 409 673 336 673 336 674 409 674 337 674 409 675 410 675 337 675 337 676 410 676 338 676 410 677 411 677 338 677 338 678 411 678 339 678 411 679 412 679 339 679 339 680 412 680 340 680 412 681 413 681 340 681 340 682 413 682 341 682 413 683 414 683 341 683 341 684 414 684 342 684 414 685 415 685 342 685 342 686 415 686 343 686 415 687 416 687 343 687 343 688 416 688 344 688 416 689 417 689 344 689 344 690 417 690 345 690 417 691 418 691 345 691 345 692 418 692 346 692 418 693 419 693 346 693 346 694 419 694 347 694 419 695 420 695 347 695 347 696 420 696 348 696 420 697 421 697 348 697 348 698 421 698 349 698 421 699 422 699 349 699 349 700 422 700 350 700 422 701 423 701 350 701 350 702 423 702 351 702 423 703 424 703 351 703 351 704 424 704 352 704 424 705 425 705 352 705 352 706 425 706 353 706 425 707 426 707 353 707 353 708 426 708 354 708 426 709 427 709 354 709 354 710 427 710 355 710 427 711 428 711 355 711 355 712 428 712 356 712 428 713 429 713 356 713 356 714 429 714 357 714 429 715 430 715 357 715 357 716 430 716 358 716 430 717 431 717 358 717 358 718 431 718 359 718 431 719 360 719 359 719 431 720 432 720 360 720 432 721 433 721 360 721 360 722 433 722 361 722 433 723 434 723 361 723 361 724 434 724 362 724 434 725 435 725 362 725 362 726 435 726 363 726 435 727 436 727 363 727 363 728 436 728 364 728 436 729 437 729 364 729 364 730 437 730 365 730 437 731 438 731 365 731 365 732 438 732 366 732 438 733 439 733 366 733 366 734 439 734 367 734 439 735 440 735 367 735 367 736 440 736 368 736 440 737 441 737 368 737 368 738 441 738 369 738 441 739 442 739 369 739 369 740 442 740 370 740 442 741 443 741 370 741 370 742 443 742 371 742 443 743 444 743 371 743 371 744 444 744 372 744 444 745 445 745 372 745 372 746 445 746 373 746 445 747 446 747 373 747 373 748 446 748 374 748 446 749 447 749 374 749 374 750 447 750 375 750 447 751 448 751 375 751 375 752 448 752 376 752 448 753 449 753 376 753 376 754 449 754 377 754 449 755 450 755 377 755 377 756 450 756 378 756 450 757 451 757 378 757 378 758 451 758 379 758 451 759 452 759 379 759 379 760 452 760 380 760 452 761 453 761 380 761 380 762 453 762 381 762 453 763 454 763 381 763 381 764 454 764 382 764 454 765 455 765 382 765 382 766 455 766 383 766 455 767 456 767 383 767 383 768 456 768 384 768 456 769 457 769 384 769 384 770 457 770 385 770 457 771 458 771 385 771 385 772 458 772 386 772 458 773 459 773 386 773 386 774 459 774 387 774 459 775 460 775 387 775 387 776 460 776 388 776 460 777 461 777 388 777 388 778 461 778 389 778 461 779 462 779 389 779 389 780 462 780 390 780 462 781 463 781 390 781 390 782 463 782 391 782 463 783 464 783 391 783 391 784 464 784 392 784 464 785 465 785 392 785 392 786 465 786 393 786 465 787 466 787 393 787 393 788 466 788 394 788 466 789 467 789 394 789 394 790 467 790 395 790 467 791 468 791 395 791 395 792 468 792 396 792 468 793 469 793 396 793 396 794 469 794 397 794 469 795 470 795 397 795 397 796 470 796 398 796 470 797 471 797 398 797 398 798 471 798 399 798 471 799 472 799 399 799 399 800 472 800 400 800 472 801 473 801 400 801 400 802 473 802 401 802 473 803 474 803 401 803 401 804 474 804 402 804 474 805 475 805 402 805 402 806 475 806 403 806 475 807 476 807 403 807 403 808 476 808 404 808 476 809 477 809 404 809 404 810 477 810 405 810 477 811 478 811 405 811 405 812 478 812 406 812 478 813 479 813 406 813 406 814 479 814 407 814 479 815 480 815 407 815 407 816 480 816 408 816 480 817 481 817 408 817 408 818 481 818 409 818 481 819 482 819 409 819 409 820 482 820 410 820 482 821 483 821 410 821 410 822 483 822 411 822 483 823 484 823 411 823 411 824 484 824 412 824 484 825 485 825 412 825 412 826 485 826 413 826 485 827 486 827 413 827 413 828 486 828 414 828 486 829 487 829 414 829 414 830 487 830 415 830 487 831 488 831 415 831 415 832 488 832 416 832 488 833 489 833 416 833 416 834 489 834 417 834 489 835 490 835 417 835 417 836 490 836 418 836 490 837 491 837 418 837 418 838 491 838 419 838 491 839 492 839 419 839 419 840 492 840 420 840 492 841 493 841 420 841 420 842 493 842 421 842 493 843 494 843 421 843 421 844 494 844 422 844 494 845 495 845 422 845 422 846 495 846 423 846 495 847 496 847 423 847 423 848 496 848 424 848 496 849 497 849 424 849 424 850 497 850 425 850 497 851 498 851 425 851 425 852 498 852 426 852 498 853 499 853 426 853 426 854 499 854 427 854 499 855 500 855 427 855 427 856 500 856 428 856 500 857 501 857 428 857 428 858 501 858 429 858 501 859 502 859 429 859 429 860 502 860 430 860 502 861 503 861 430 861 430 862 503 862 431 862 503 863 432 863 431 863 503 864 504 864 432 864 504 865 505 865 432 865 432 866 505 866 433 866 505 867 506 867 433 867 433 868 506 868 434 868 506 869 507 869 434 869 434 870 507 870 435 870 507 871 508 871 435 871 435 872 508 872 436 872 508 873 509 873 436 873 436 874 509 874 437 874 509 875 510 875 437 875 437 876 510 876 438 876 510 877 511 877 438 877 438 878 511 878 439 878 511 879 512 879 439 879 439 880 512 880 440 880 512 881 513 881 440 881 440 882 513 882 441 882 513 883 514 883 441 883 441 884 514 884 442 884 514 885 515 885 442 885 442 886 515 886 443 886 515 887 516 887 443 887 443 888 516 888 444 888 516 889 517 889 444 889 444 890 517 890 445 890 517 891 518 891 445 891 445 892 518 892 446 892 518 893 519 893 446 893 446 894 519 894 447 894 519 895 520 895 447 895 447 896 520 896 448 896 520 897 521 897 448 897 448 898 521 898 449 898 521 899 522 899 449 899 449 900 522 900 450 900 522 901 523 901 450 901 450 902 523 902 451 902 523 903 524 903 451 903 451 904 524 904 452 904 524 905 525 905 452 905 452 906 525 906 453 906 525 907 526 907 453 907 453 908 526 908 454 908 526 909 527 909 454 909 454 910 527 910 455 910 527 911 528 911 455 911 455 912 528 912 456 912 528 913 529 913 456 913 456 914 529 914 457 914 529 915 530 915 457 915 457 916 530 916 458 916 530 917 531 917 458 917 458 918 531 918 459 918 531 919 532 919 459 919 459 920 532 920 460 920 532 921 533 921 460 921 460 922 533 922 461 922 533 923 534 923 461 923 461 924 534 924 462 924 534 925 535 925 462 925 462 926 535 926 463 926 535 927 536 927 463 927 463 928 536 928 464 928 536 929 537 929 464 929 464 930 537 930 465 930 537 931 538 931 465 931 465 932 538 932 466 932 538 933 539 933 466 933 466 934 539 934 467 934 539 935 540 935 467 935 467 936 540 936 468 936 540 937 541 937 468 937 468 938 541 938 469 938 541 939 542 939 469 939 469 940 542 940 470 940 542 941 543 941 470 941 470 942 543 942 471 942 543 943 544 943 471 943 471 944 544 944 472 944 544 945 545 945 472 945 472 946 545 946 473 946 545 947 546 947 473 947 473 948 546 948 474 948 546 949 547 949 474 949 474 950 547 950 475 950 547 951 548 951 475 951 475 952 548 952 476 952 548 953 549 953 476 953 476 954 549 954 477 954 549 955 550 955 477 955 477 956 550 956 478 956 550 957 551 957 478 957 478 958 551 958 479 958 551 959 552 959 479 959 479 960 552 960 480 960 552 961 553 961 480 961 480 962 553 962 481 962 553 963 554 963 481 963 481 964 554 964 482 964 554 965 555 965 482 965 482 966 555 966 483 966 555 967 556 967 483 967 483 968 556 968 484 968 556 969 557 969 484 969 484 970 557 970 485 970 557 971 558 971 485 971 485 972 558 972 486 972 558 973 559 973 486 973 486 974 559 974 487 974 559 975 560 975 487 975 487 976 560 976 488 976 560 977 561 977 488 977 488 978 561 978 489 978 561 979 562 979 489 979 489 980 562 980 490 980 562 981 563 981 490 981 490 982 563 982 491 982 563 983 564 983 491 983 491 984 564 984 492 984 564 985 565 985 492 985 492 986 565 986 493 986 565 987 566 987 493 987 493 988 566 988 494 988 566 989 567 989 494 989 494 990 567 990 495 990 567 991 568 991 495 991 495 992 568 992 496 992 568 993 569 993 496 993 496 994 569 994 497 994 569 995 570 995 497 995 497 996 570 996 498 996 570 997 571 997 498 997 498 998 571 998 499 998 571 999 572 999 499 999 499 1000 572 1000 500 1000 572 1001 573 1001 500 1001 500 1002 573 1002 501 1002 573 1003 574 1003 501 1003 501 1004 574 1004 502 1004 574 1005 575 1005 502 1005 502 1006 575 1006 503 1006 575 1007 504 1007 503 1007 575 1008 576 1008 504 1008 576 1009 577 1009 504 1009 504 1010 577 1010 505 1010 577 1011 578 1011 505 1011 505 1012 578 1012 506 1012 578 1013 579 1013 506 1013 506 1014 579 1014 507 1014 579 1015 580 1015 507 1015 507 1016 580 1016 508 1016 580 1017 581 1017 508 1017 508 1018 581 1018 509 1018 581 1019 582 1019 509 1019 509 1020 582 1020 510 1020 582 1021 583 1021 510 1021 510 1022 583 1022 511 1022 583 1023 584 1023 511 1023 511 1024 584 1024 512 1024 584 1025 585 1025 512 1025 512 1026 585 1026 513 1026 585 1027 586 1027 513 1027 513 1028 586 1028 514 1028 586 1029 587 1029 514 1029 514 1030 587 1030 515 1030 587 1031 588 1031 515 1031 515 1032 588 1032 516 1032 588 1033 589 1033 516 1033 516 1034 589 1034 517 1034 589 1035 590 1035 517 1035 517 1036 590 1036 518 1036 590 1037 591 1037 518 1037 518 1038 591 1038 519 1038 591 1039 592 1039 519 1039 519 1040 592 1040 520 1040 592 1041 593 1041 520 1041 520 1042 593 1042 521 1042 593 1043 594 1043 521 1043 521 1044 594 1044 522 1044 594 1045 595 1045 522 1045 522 1046 595 1046 523 1046 595 1047 596 1047 523 1047 523 1048 596 1048 524 1048 596 1049 597 1049 524 1049 524 1050 597 1050 525 1050 597 1051 598 1051 525 1051 525 1052 598 1052 526 1052 598 1053 599 1053 526 1053 526 1054 599 1054 527 1054 599 1055 600 1055 527 1055 527 1056 600 1056 528 1056 600 1057 601 1057 528 1057 528 1058 601 1058 529 1058 601 1059 602 1059 529 1059 529 1060 602 1060 530 1060 602 1061 603 1061 530 1061 530 1062 603 1062 531 1062 603 1063 604 1063 531 1063 531 1064 604 1064 532 1064 604 1065 605 1065 532 1065 532 1066 605 1066 533 1066 605 1067 606 1067 533 1067 533 1068 606 1068 534 1068 606 1069 607 1069 534 1069 534 1070 607 1070 535 1070 607 1071 608 1071 535 1071 535 1072 608 1072 536 1072 608 1073 609 1073 536 1073 536 1074 609 1074 537 1074 609 1075 610 1075 537 1075 537 1076 610 1076 538 1076 610 1077 611 1077 538 1077 538 1078 611 1078 539 1078 611 1079 612 1079 539 1079 539 1080 612 1080 540 1080 612 1081 613 1081 540 1081 540 1082 613 1082 541 1082 613 1083 614 1083 541 1083 541 1084 614 1084 542 1084 614 1085 615 1085 542 1085 542 1086 615 1086 543 1086 615 1087 616 1087 543 1087 543 1088 616 1088 544 1088 616 1089 617 1089 544 1089 544 1090 617 1090 545 1090 617 1091 618 1091 545 1091 545 1092 618 1092 546 1092 618 1093 619 1093 546 1093 546 1094 619 1094 547 1094 619 1095 620 1095 547 1095 547 1096 620 1096 548 1096 620 1097 621 1097 548 1097 548 1098 621 1098 549 1098 621 1099 622 1099 549 1099 549 1100 622 1100 550 1100 622 1101 623 1101 550 1101 550 1102 623 1102 551 1102 623 1103 624 1103 551 1103 551 1104 624 1104 552 1104 624 1105 625 1105 552 1105 552 1106 625 1106 553 1106 625 1107 626 1107 553 1107 553 1108 626 1108 554 1108 626 1109 627 1109 554 1109 554 1110 627 1110 555 1110 627 1111 628 1111 555 1111 555 1112 628 1112 556 1112 628 1113 629 1113 556 1113 556 1114 629 1114 557 1114 629 1115 630 1115 557 1115 557 1116 630 1116 558 1116 630 1117 631 1117 558 1117 558 1118 631 1118 559 1118 631 1119 632 1119 559 1119 559 1120 632 1120 560 1120 632 1121 633 1121 560 1121 560 1122 633 1122 561 1122 633 1123 634 1123 561 1123 561 1124 634 1124 562 1124 634 1125 635 1125 562 1125 562 1126 635 1126 563 1126 635 1127 636 1127 563 1127 563 1128 636 1128 564 1128 636 1129 637 1129 564 1129 564 1130 637 1130 565 1130 637 1131 638 1131 565 1131 565 1132 638 1132 566 1132 638 1133 639 1133 566 1133 566 1134 639 1134 567 1134 639 1135 640 1135 567 1135 567 1136 640 1136 568 1136 640 1137 641 1137 568 1137 568 1138 641 1138 569 1138 641 1139 642 1139 569 1139 569 1140 642 1140 570 1140 642 1141 643 1141 570 1141 570 1142 643 1142 571 1142 643 1143 644 1143 571 1143 571 1144 644 1144 572 1144 644 1145 645 1145 572 1145 572 1146 645 1146 573 1146 645 1147 646 1147 573 1147 573 1148 646 1148 574 1148 646 1149 647 1149 574 1149 574 1150 647 1150 575 1150 647 1151 576 1151 575 1151 647 1152 648 1152 576 1152 648 1153 649 1153 576 1153 576 1154 649 1154 577 1154 649 1155 650 1155 577 1155 577 1156 650 1156 578 1156 650 1157 651 1157 578 1157 578 1158 651 1158 579 1158 651 1159 652 1159 579 1159 579 1160 652 1160 580 1160 652 1161 653 1161 580 1161 580 1162 653 1162 581 1162 653 1163 654 1163 581 1163 581 1164 654 1164 582 1164 654 1165 655 1165 582 1165 582 1166 655 1166 583 1166 655 1167 656 1167 583 1167 583 1168 656 1168 584 1168 656 1169 657 1169 584 1169 584 1170 657 1170 585 1170 657 1171 658 1171 585 1171 585 1172 658 1172 586 1172 658 1173 659 1173 586 1173 586 1174 659 1174 587 1174 659 1175 660 1175 587 1175 587 1176 660 1176 588 1176 660 1177 661 1177 588 1177 588 1178 661 1178 589 1178 661 1179 662 1179 589 1179 589 1180 662 1180 590 1180 662 1181 663 1181 590 1181 590 1182 663 1182 591 1182 663 1183 664 1183 591 1183 591 1184 664 1184 592 1184 664 1185 665 1185 592 1185 592 1186 665 1186 593 1186 665 1187 666 1187 593 1187 593 1188 666 1188 594 1188 666 1189 667 1189 594 1189 594 1190 667 1190 595 1190 667 1191 668 1191 595 1191 595 1192 668 1192 596 1192 668 1193 669 1193 596 1193 596 1194 669 1194 597 1194 669 1195 670 1195 597 1195 597 1196 670 1196 598 1196 670 1197 671 1197 598 1197 598 1198 671 1198 599 1198 671 1199 672 1199 599 1199 599 1200 672 1200 600 1200 672 1201 673 1201 600 1201 600 1202 673 1202 601 1202 673 1203 674 1203 601 1203 601 1204 674 1204 602 1204 674 1205 675 1205 602 1205 602 1206 675 1206 603 1206 675 1207 676 1207 603 1207 603 1208 676 1208 604 1208 676 1209 677 1209 604 1209 604 1210 677 1210 605 1210 677 1211 678 1211 605 1211 605 1212 678 1212 606 1212 678 1213 679 1213 606 1213 606 1214 679 1214 607 1214 679 1215 680 1215 607 1215 607 1216 680 1216 608 1216 680 1217 681 1217 608 1217 608 1218 681 1218 609 1218 681 1219 682 1219 609 1219 609 1220 682 1220 610 1220 682 1221 683 1221 610 1221 610 1222 683 1222 611 1222 683 1223 684 1223 611 1223 611 1224 684 1224 612 1224 684 1225 685 1225 612 1225 612 1226 685 1226 613 1226 685 1227 686 1227 613 1227 613 1228 686 1228 614 1228 686 1229 687 1229 614 1229 614 1230 687 1230 615 1230 687 1231 688 1231 615 1231 615 1232 688 1232 616 1232 688 1233 689 1233 616 1233 616 1234 689 1234 617 1234 689 1235 690 1235 617 1235 617 1236 690 1236 618 1236 690 1237 691 1237 618 1237 618 1238 691 1238 619 1238 691 1239 692 1239 619 1239 619 1240 692 1240 620 1240 692 1241 693 1241 620 1241 620 1242 693 1242 621 1242 693 1243 694 1243 621 1243 621 1244 694 1244 622 1244 694 1245 695 1245 622 1245 622 1246 695 1246 623 1246 695 1247 696 1247 623 1247 623 1248 696 1248 624 1248 696 1249 697 1249 624 1249 624 1250 697 1250 625 1250 697 1251 698 1251 625 1251 625 1252 698 1252 626 1252 698 1253 699 1253 626 1253 626 1254 699 1254 627 1254 699 1255 700 1255 627 1255 627 1256 700 1256 628 1256 700 1257 701 1257 628 1257 628 1258 701 1258 629 1258 701 1259 702 1259 629 1259 629 1260 702 1260 630 1260 702 1261 703 1261 630 1261 630 1262 703 1262 631 1262 703 1263 704 1263 631 1263 631 1264 704 1264 632 1264 704 1265 705 1265 632 1265 632 1266 705 1266 633 1266 705 1267 706 1267 633 1267 633 1268 706 1268 634 1268 706 1269 707 1269 634 1269 634 1270 707 1270 635 1270 707 1271 708 1271 635 1271 635 1272 708 1272 636 1272 708 1273 709 1273 636 1273 636 1274 709 1274 637 1274 709 1275 710 1275 637 1275 637 1276 710 1276 638 1276 710 1277 711 1277 638 1277 638 1278 711 1278 639 1278 711 1279 712 1279 639 1279 639 1280 712 1280 640 1280 712 1281 713 1281 640 1281 640 1282 713 1282 641 1282 713 1283 714 1283 641 1283 641 1284 714 1284 642 1284 714 1285 715 1285 642 1285 642 1286 715 1286 643 1286 715 1287 716 1287 643 1287 643 1288 716 1288 644 1288 716 1289 717 1289 644 1289 644 1290 717 1290 645 1290 717 1291 718 1291 645 1291 645 1292 718 1292 646 1292 718 1293 719 1293 646 1293 646 1294 719 1294 647 1294 719 1295 648 1295 647 1295 719 1296 720 1296 648 1296 720 1297 721 1297 648 1297 648 1298 721 1298 649 1298 721 1299 722 1299 649 1299 649 1300 722 1300 650 1300 722 1301 723 1301 650 1301 650 1302 723 1302 651 1302 723 1303 724 1303 651 1303 651 1304 724 1304 652 1304 724 1305 725 1305 652 1305 652 1306 725 1306 653 1306 725 1307 726 1307 653 1307 653 1308 726 1308 654 1308 726 1309 727 1309 654 1309 654 1310 727 1310 655 1310 727 1311 728 1311 655 1311 655 1312 728 1312 656 1312 728 1313 729 1313 656 1313 656 1314 729 1314 657 1314 729 1315 730 1315 657 1315 657 1316 730 1316 658 1316 730 1317 731 1317 658 1317 658 1318 731 1318 659 1318 731 1319 732 1319 659 1319 659 1320 732 1320 660 1320 732 1321 733 1321 660 1321 660 1322 733 1322 661 1322 733 1323 734 1323 661 1323 661 1324 734 1324 662 1324 734 1325 735 1325 662 1325 662 1326 735 1326 663 1326 735 1327 736 1327 663 1327 663 1328 736 1328 664 1328 736 1329 737 1329 664 1329 664 1330 737 1330 665 1330 737 1331 738 1331 665 1331 665 1332 738 1332 666 1332 738 1333 739 1333 666 1333 666 1334 739 1334 667 1334 739 1335 740 1335 667 1335 667 1336 740 1336 668 1336 740 1337 741 1337 668 1337 668 1338 741 1338 669 1338 741 1339 742 1339 669 1339 669 1340 742 1340 670 1340 742 1341 743 1341 670 1341 670 1342 743 1342 671 1342 743 1343 744 1343 671 1343 671 1344 744 1344 672 1344 744 1345 745 1345 672 1345 672 1346 745 1346 673 1346 745 1347 746 1347 673 1347 673 1348 746 1348 674 1348 746 1349 747 1349 674 1349 674 1350 747 1350 675 1350 747 1351 748 1351 675 1351 675 1352 748 1352 676 1352 748 1353 749 1353 676 1353 676 1354 749 1354 677 1354 749 1355 750 1355 677 1355 677 1356 750 1356 678 1356 750 1357 751 1357 678 1357 678 1358 751 1358 679 1358 751 1359 752 1359 679 1359 679 1360 752 1360 680 1360 752 1361 753 1361 680 1361 680 1362 753 1362 681 1362 753 1363 754 1363 681 1363 681 1364 754 1364 682 1364 754 1365 755 1365 682 1365 682 1366 755 1366 683 1366 755 1367 756 1367 683 1367 683 1368 756 1368 684 1368 756 1369 757 1369 684 1369 684 1370 757 1370 685 1370 757 1371 758 1371 685 1371 685 1372 758 1372 686 1372 758 1373 759 1373 686 1373 686 1374 759 1374 687 1374 759 1375 760 1375 687 1375 687 1376 760 1376 688 1376 760 1377 761 1377 688 1377 688 1378 761 1378 689 1378 761 1379 762 1379 689 1379 689 1380 762 1380 690 1380 762 1381 763 1381 690 1381 690 1382 763 1382 691 1382 763 1383 764 1383 691 1383 691 1384 764 1384 692 1384 764 1385 765 1385 692 1385 692 1386 765 1386 693 1386 765 1387 766 1387 693 1387 693 1388 766 1388 694 1388 766 1389 767 1389 694 1389 694 1390 767 1390 695 1390 767 1391 768 1391 695 1391 695 1392 768 1392 696 1392 768 1393 769 1393 696 1393 696 1394 769 1394 697 1394 769 1395 770 1395 697 1395 697 1396 770 1396 698 1396 770 1397 771 1397 698 1397 698 1398 771 1398 699 1398 771 1399 772 1399 699 1399 699 1400 772 1400 700 1400 772 1401 773 1401 700 1401 700 1402 773 1402 701 1402 773 1403 774 1403 701 1403 701 1404 774 1404 702 1404 774 1405 775 1405 702 1405 702 1406 775 1406 703 1406 775 1407 776 1407 703 1407 703 1408 776 1408 704 1408 776 1409 777 1409 704 1409 704 1410 777 1410 705 1410 777 1411 778 1411 705 1411 705 1412 778 1412 706 1412 778 1413 779 1413 706 1413 706 1414 779 1414 707 1414 779 1415 780 1415 707 1415 707 1416 780 1416 708 1416 780 1417 781 1417 708 1417 708 1418 781 1418 709 1418 781 1419 782 1419 709 1419 709 1420 782 1420 710 1420 782 1421 783 1421 710 1421 710 1422 783 1422 711 1422 783 1423 784 1423 711 1423 711 1424 784 1424 712 1424 784 1425 785 1425 712 1425 712 1426 785 1426 713 1426 785 1427 786 1427 713 1427 713 1428 786 1428 714 1428 786 1429 787 1429 714 1429 714 1430 787 1430 715 1430 787 1431 788 1431 715 1431 715 1432 788 1432 716 1432 788 1433 789 1433 716 1433 716 1434 789 1434 717 1434 789 1435 790 1435 717 1435 717 1436 790 1436 718 1436 790 1437 791 1437 718 1437 718 1438 791 1438 719 1438 791 1439 720 1439 719 1439 791 1440 792 1440 720 1440 792 1441 793 1441 720 1441 720 1442 793 1442 721 1442 793 1443 794 1443 721 1443 721 1444 794 1444 722 1444 794 1445 795 1445 722 1445 722 1446 795 1446 723 1446 795 1447 796 1447 723 1447 723 1448 796 1448 724 1448 796 1449 797 1449 724 1449 724 1450 797 1450 725 1450 797 1451 798 1451 725 1451 725 1452 798 1452 726 1452 798 1453 799 1453 726 1453 726 1454 799 1454 727 1454 799 1455 800 1455 727 1455 727 1456 800 1456 728 1456 800 1457 801 1457 728 1457 728 1458 801 1458 729 1458 801 1459 802 1459 729 1459 729 1460 802 1460 730 1460 802 1461 803 1461 730 1461 730 1462 803 1462 731 1462 803 1463 804 1463 731 1463 731 1464 804 1464 732 1464 804 1465 805 1465 732 1465 732 1466 805 1466 733 1466 805 1467 806 1467 733 1467 733 1468 806 1468 734 1468 806 1469 807 1469 734 1469 734 1470 807 1470 735 1470 807 1471 808 1471 735 1471 735 1472 808 1472 736 1472 808 1473 809 1473 736 1473 736 1474 809 1474 737 1474 809 1475 810 1475 737 1475 737 1476 810 1476 738 1476 810 1477 811 1477 738 1477 738 1478 811 1478 739 1478 811 1479 812 1479 739 1479 739 1480 812 1480 740 1480 812 1481 813 1481 740 1481 740 1482 813 1482 741 1482 813 1483 814 1483 741 1483 741 1484 814 1484 742 1484 814 1485 815 1485 742 1485 742 1486 815 1486 743 1486 815 1487 816 1487 743 1487 743 1488 816 1488 744 1488 816 1489 817 1489 744 1489 744 1490 817 1490 745 1490 817 1491 818 1491 745 1491 745 1492 818 1492 746 1492 818 1493 819 1493 746 1493 746 1494 819 1494 747 1494 819 1495 820 1495 747 1495 747 1496 820 1496 748 1496 820 1497 821 1497 748 1497 748 1498 821 1498 749 1498 821 1499 822 1499 749 1499 749 1500 822 1500 750 1500 822 1501 823 1501 750 1501 750 1502 823 1502 751 1502 823 1503 824 1503 751 1503 751 1504 824 1504 752 1504 824 1505 825 1505 752 1505 752 1506 825 1506 753 1506 825 1507 826 1507 753 1507 753 1508 826 1508 754 1508 826 1509 827 1509 754 1509 754 1510 827 1510 755 1510 827 1511 828 1511 755 1511 755 1512 828 1512 756 1512 828 1513 829 1513 756 1513 756 1514 829 1514 757 1514 829 1515 830 1515 757 1515 757 1516 830 1516 758 1516 830 1517 831 1517 758 1517 758 1518 831 1518 759 1518 831 1519 832 1519 759 1519 759 1520 832 1520 760 1520 832 1521 833 1521 760 1521 760 1522 833 1522 761 1522 833 1523 834 1523 761 1523 761 1524 834 1524 762 1524 834 1525 835 1525 762 1525 762 1526 835 1526 763 1526 835 1527 836 1527 763 1527 763 1528 836 1528 764 1528 836 1529 837 1529 764 1529 764 1530 837 1530 765 1530 837 1531 838 1531 765 1531 765 1532 838 1532 766 1532 838 1533 839 1533 766 1533 766 1534 839 1534 767 1534 839 1535 840 1535 767 1535 767 1536 840 1536 768 1536 840 1537 841 1537 768 1537 768 1538 841 1538 769 1538 841 1539 842 1539 769 1539 769 1540 842 1540 770 1540 842 1541 843 1541 770 1541 770 1542 843 1542 771 1542 843 1543 844 1543 771 1543 771 1544 844 1544 772 1544 844 1545 845 1545 772 1545 772 1546 845 1546 773 1546 845 1547 846 1547 773 1547 773 1548 846 1548 774 1548 846 1549 847 1549 774 1549 774 1550 847 1550 775 1550 847 1551 848 1551 775 1551 775 1552 848 1552 776 1552 848 1553 849 1553 776 1553 776 1554 849 1554 777 1554 849 1555 850 1555 777 1555 777 1556 850 1556 778 1556 850 1557 851 1557 778 1557 778 1558 851 1558 779 1558 851 1559 852 1559 779 1559 779 1560 852 1560 780 1560 852 1561 853 1561 780 1561 780 1562 853 1562 781 1562 853 1563 854 1563 781 1563 781 1564 854 1564 782 1564 854 1565 855 1565 782 1565 782 1566 855 1566 783 1566 855 1567 856 1567 783 1567 783 1568 856 1568 784 1568 856 1569 857 1569 784 1569 784 1570 857 1570 785 1570 857 1571 858 1571 785 1571 785 1572 858 1572 786 1572 858 1573 859 1573 786 1573 786 1574 859 1574 787 1574 859 1575 860 1575 787 1575 787 1576 860 1576 788 1576 860 1577 861 1577 788 1577 788 1578 861 1578 789 1578 861 1579 862 1579 789 1579 789 1580 862 1580 790 1580 862 1581 863 1581 790 1581 790 1582 863 1582 791 1582 863 1583 792 1583 791 1583 863 1584 864 1584 792 1584 864 1585 865 1585 792 1585 792 1586 865 1586 793 1586 865 1587 866 1587 793 1587 793 1588 866 1588 794 1588 866 1589 867 1589 794 1589 794 1590 867 1590 795 1590 867 1591 868 1591 795 1591 795 1592 868 1592 796 1592 868 1593 869 1593 796 1593 796 1594 869 1594 797 1594 869 1595 870 1595 797 1595 797 1596 870 1596 798 1596 870 1597 871 1597 798 1597 798 1598 871 1598 799 1598 871 1599 872 1599 799 1599 799 1600 872 1600 800 1600 872 1601 873 1601 800 1601 800 1602 873 1602 801 1602 873 1603 874 1603 801 1603 801 1604 874 1604 802 1604 874 1605 875 1605 802 1605 802 1606 875 1606 803 1606 875 1607 876 1607 803 1607 803 1608 876 1608 804 1608 876 1609 877 1609 804 1609 804 1610 877 1610 805 1610 877 1611 878 1611 805 1611 805 1612 878 1612 806 1612 878 1613 879 1613 806 1613 806 1614 879 1614 807 1614 879 1615 880 1615 807 1615 807 1616 880 1616 808 1616 880 1617 881 1617 808 1617 808 1618 881 1618 809 1618 881 1619 882 1619 809 1619 809 1620 882 1620 810 1620 882 1621 883 1621 810 1621 810 1622 883 1622 811 1622 883 1623 884 1623 811 1623 811 1624 884 1624 812 1624 884 1625 885 1625 812 1625 812 1626 885 1626 813 1626 885 1627 886 1627 813 1627 813 1628 886 1628 814 1628 886 1629 887 1629 814 1629 814 1630 887 1630 815 1630 887 1631 888 1631 815 1631 815 1632 888 1632 816 1632 888 1633 889 1633 816 1633 816 1634 889 1634 817 1634 889 1635 890 1635 817 1635 817 1636 890 1636 818 1636 890 1637 891 1637 818 1637 818 1638 891 1638 819 1638 891 1639 892 1639 819 1639 819 1640 892 1640 820 1640 892 1641 893 1641 820 1641 820 1642 893 1642 821 1642 893 1643 894 1643 821 1643 821 1644 894 1644 822 1644 894 1645 895 1645 822 1645 822 1646 895 1646 823 1646 895 1647 896 1647 823 1647 823 1648 896 1648 824 1648 896 1649 897 1649 824 1649 824 1650 897 1650 825 1650 897 1651 898 1651 825 1651 825 1652 898 1652 826 1652 898 1653 899 1653 826 1653 826 1654 899 1654 827 1654 899 1655 900 1655 827 1655 827 1656 900 1656 828 1656 900 1657 901 1657 828 1657 828 1658 901 1658 829 1658 901 1659 902 1659 829 1659 829 1660 902 1660 830 1660 902 1661 903 1661 830 1661 830 1662 903 1662 831 1662 903 1663 904 1663 831 1663 831 1664 904 1664 832 1664 904 1665 905 1665 832 1665 832 1666 905 1666 833 1666 905 1667 906 1667 833 1667 833 1668 906 1668 834 1668 906 1669 907 1669 834 1669 834 1670 907 1670 835 1670 907 1671 908 1671 835 1671 835 1672 908 1672 836 1672 908 1673 909 1673 836 1673 836 1674 909 1674 837 1674 909 1675 910 1675 837 1675 837 1676 910 1676 838 1676 910 1677 911 1677 838 1677 838 1678 911 1678 839 1678 911 1679 912 1679 839 1679 839 1680 912 1680 840 1680 912 1681 913 1681 840 1681 840 1682 913 1682 841 1682 913 1683 914 1683 841 1683 841 1684 914 1684 842 1684 914 1685 915 1685 842 1685 842 1686 915 1686 843 1686 915 1687 916 1687 843 1687 843 1688 916 1688 844 1688 916 1689 917 1689 844 1689 844 1690 917 1690 845 1690 917 1691 918 1691 845 1691 845 1692 918 1692 846 1692 918 1693 919 1693 846 1693 846 1694 919 1694 847 1694 919 1695 920 1695 847 1695 847 1696 920 1696 848 1696 920 1697 921 1697 848 1697 848 1698 921 1698 849 1698 921 1699 922 1699 849 1699 849 1700 922 1700 850 1700 922 1701 923 1701 850 1701 850 1702 923 1702 851 1702 923 1703 924 1703 851 1703 851 1704 924 1704 852 1704 924 1705 925 1705 852 1705 852 1706 925 1706 853 1706 925 1707 926 1707 853 1707 853 1708 926 1708 854 1708 926 1709 927 1709 854 1709 854 1710 927 1710 855 1710 927 1711 928 1711 855 1711 855 1712 928 1712 856 1712 928 1713 929 1713 856 1713 856 1714 929 1714 857 1714 929 1715 930 1715 857 1715 857 1716 930 1716 858 1716 930 1717 931 1717 858 1717 858 1718 931 1718 859 1718 931 1719 932 1719 859 1719 859 1720 932 1720 860 1720 932 1721 933 1721 860 1721 860 1722 933 1722 861 1722 933 1723 934 1723 861 1723 861 1724 934 1724 862 1724 934 1725 935 1725 862 1725 862 1726 935 1726 863 1726 935 1727 864 1727 863 1727 935 1728 936 1728 864 1728 936 1729 937 1729 864 1729 864 1730 937 1730 865 1730 937 1731 938 1731 865 1731 865 1732 938 1732 866 1732 938 1733 939 1733 866 1733 866 1734 939 1734 867 1734 939 1735 940 1735 867 1735 867 1736 940 1736 868 1736 940 1737 941 1737 868 1737 868 1738 941 1738 869 1738 941 1739 942 1739 869 1739 869 1740 942 1740 870 1740 942 1741 943 1741 870 1741 870 1742 943 1742 871 1742 943 1743 944 1743 871 1743 871 1744 944 1744 872 1744 944 1745 945 1745 872 1745 872 1746 945 1746 873 1746 945 1747 946 1747 873 1747 873 1748 946 1748 874 1748 946 1749 947 1749 874 1749 874 1750 947 1750 875 1750 947 1751 948 1751 875 1751 875 1752 948 1752 876 1752 948 1753 949 1753 876 1753 876 1754 949 1754 877 1754 949 1755 950 1755 877 1755 877 1756 950 1756 878 1756 950 1757 951 1757 878 1757 878 1758 951 1758 879 1758 951 1759 952 1759 879 1759 879 1760 952 1760 880 1760 952 1761 953 1761 880 1761 880 1762 953 1762 881 1762 953 1763 954 1763 881 1763 881 1764 954 1764 882 1764 954 1765 955 1765 882 1765 882 1766 955 1766 883 1766 955 1767 956 1767 883 1767 883 1768 956 1768 884 1768 956 1769 957 1769 884 1769 884 1770 957 1770 885 1770 957 1771 958 1771 885 1771 885 1772 958 1772 886 1772 958 1773 959 1773 886 1773 886 1774 959 1774 887 1774 959 1775 960 1775 887 1775 887 1776 960 1776 888 1776 960 1777 961 1777 888 1777 888 1778 961 1778 889 1778 961 1779 962 1779 889 1779 889 1780 962 1780 890 1780 962 1781 963 1781 890 1781 890 1782 963 1782 891 1782 963 1783 964 1783 891 1783 891 1784 964 1784 892 1784 964 1785 965 1785 892 1785 892 1786 965 1786 893 1786 965 1787 966 1787 893 1787 893 1788 966 1788 894 1788 966 1789 967 1789 894 1789 894 1790 967 1790 895 1790 967 1791 968 1791 895 1791 895 1792 968 1792 896 1792 968 1793 969 1793 896 1793 896 1794 969 1794 897 1794 969 1795 970 1795 897 1795 897 1796 970 1796 898 1796 970 1797 971 1797 898 1797 898 1798 971 1798 899 1798 971 1799 972 1799 899 1799 899 1800 972 1800 900 1800 972 1801 973 1801 900 1801 900 1802 973 1802 901 1802 973 1803 974 1803 901 1803 901 1804 974 1804 902 1804 974 1805 975 1805 902 1805 902 1806 975 1806 903 1806 975 1807 976 1807 903 1807 903 1808 976 1808 904 1808 976 1809 977 1809 904 1809 904 1810 977 1810 905 1810 977 1811 978 1811 905 1811 905 1812 978 1812 906 1812 978 1813 979 1813 906 1813 906 1814 979 1814 907 1814 979 1815 980 1815 907 1815 907 1816 980 1816 908 1816 980 1817 981 1817 908 1817 908 1818 981 1818 909 1818 981 1819 982 1819 909 1819 909 1820 982 1820 910 1820 982 1821 983 1821 910 1821 910 1822 983 1822 911 1822 983 1823 984 1823 911 1823 911 1824 984 1824 912 1824 984 1825 985 1825 912 1825 912 1826 985 1826 913 1826 985 1827 986 1827 913 1827 913 1828 986 1828 914 1828 986 1829 987 1829 914 1829 914 1830 987 1830 915 1830 987 1831 988 1831 915 1831 915 1832 988 1832 916 1832 988 1833 989 1833 916 1833 916 1834 989 1834 917 1834 989 1835 990 1835 917 1835 917 1836 990 1836 918 1836 990 1837 991 1837 918 1837 918 1838 991 1838 919 1838 991 1839 992 1839 919 1839 919 1840 992 1840 920 1840 992 1841 993 1841 920 1841 920 1842 993 1842 921 1842 993 1843 994 1843 921 1843 921 1844 994 1844 922 1844 994 1845 995 1845 922 1845 922 1846 995 1846 923 1846 995 1847 996 1847 923 1847 923 1848 996 1848 924 1848 996 1849 997 1849 924 1849 924 1850 997 1850 925 1850 997 1851 998 1851 925 1851 925 1852 998 1852 926 1852 998 1853 999 1853 926 1853 926 1854 999 1854 927 1854 999 1855 1000 1855 927 1855 927 1856 1000 1856 928 1856 1000 1857 1001 1857 928 1857 928 1858 1001 1858 929 1858 1001 1859 1002 1859 929 1859 929 1860 1002 1860 930 1860 1002 1861 1003 1861 930 1861 930 1862 1003 1862 931 1862 1003 1863 1004 1863 931 1863 931 1864 1004 1864 932 1864 1004 1865 1005 1865 932 1865 932 1866 1005 1866 933 1866 1005 1867 1006 1867 933 1867 933 1868 1006 1868 934 1868 1006 1869 1007 1869 934 1869 934 1870 1007 1870 935 1870 1007 1871 936 1871 935 1871 1007 1872 1008 1872 936 1872 1008 1873 1009 1873 936 1873 936 1874 1009 1874 937 1874 1009 1875 1010 1875 937 1875 937 1876 1010 1876 938 1876 1010 1877 1011 1877 938 1877 938 1878 1011 1878 939 1878 1011 1879 1012 1879 939 1879 939 1880 1012 1880 940 1880 1012 1881 1013 1881 940 1881 940 1882 1013 1882 941 1882 1013 1883 1014 1883 941 1883 941 1884 1014 1884 942 1884 1014 1885 1015 1885 942 1885 942 1886 1015 1886 943 1886 1015 1887 1016 1887 943 1887 943 1888 1016 1888 944 1888 1016 1889 1017 1889 944 1889 944 1890 1017 1890 945 1890 1017 1891 1018 1891 945 1891 945 1892 1018 1892 946 1892 1018 1893 1019 1893 946 1893 946 1894 1019 1894 947 1894 1019 1895 1020 1895 947 1895 947 1896 1020 1896 948 1896 1020 1897 1021 1897 948 1897 948 1898 1021 1898 949 1898 1021 1899 1022 1899 949 1899 949 1900 1022 1900 950 1900 1022 1901 1023 1901 950 1901 950 1902 1023 1902 951 1902 1023 1903 1024 1903 951 1903 951 1904 1024 1904 952 1904 1024 1905 1025 1905 952 1905 952 1906 1025 1906 953 1906 1025 1907 1026 1907 953 1907 953 1908 1026 1908 954 1908 1026 1909 1027 1909 954 1909 954 1910 1027 1910 955 1910 1027 1911 1028 1911 955 1911 955 1912 1028 1912 956 1912 1028 1913 1029 1913 956 1913 956 1914 1029 1914 957 1914 1029 1915 1030 1915 957 1915 957 1916 1030 1916 958 1916 1030 1917 1031 1917 958 1917 958 1918 1031 1918 959 1918 1031 1919 1032 1919 959 1919 959 1920 1032 1920 960 1920 1032 1921 1033 1921 960 1921 960 1922 1033 1922 961 1922 1033 1923 1034 1923 961 1923 961 1924 1034 1924 962 1924 1034 1925 1035 1925 962 1925 962 1926 1035 1926 963 1926 1035 1927 1036 1927 963 1927 963 1928 1036 1928 964 1928 1036 1929 1037 1929 964 1929 964 1930 1037 1930 965 1930 1037 1931 1038 1931 965 1931 965 1932 1038 1932 966 1932 1038 1933 1039 1933 966 1933 966 1934 1039 1934 967 1934 1039 1935 1040 1935 967 1935 967 1936 1040 1936 968 1936 1040 1937 1041 1937 968 1937 968 1938 1041 1938 969 1938 1041 1939 1042 1939 969 1939 969 1940 1042 1940 970 1940 1042 1941 1043 1941 970 1941 970 1942 1043 1942 971 1942 1043 1943 1044 1943 971 1943 971 1944 1044 1944 972 1944 1044 1945 1045 1945 972 1945 972 1946 1045 1946 973 1946 1045 1947 1046 1947 973 1947 973 1948 1046 1948 974 1948 1046 1949 1047 1949 974 1949 974 1950 1047 1950 975 1950 1047 1951 1048 1951 975 1951 975 1952 1048 1952 976 1952 1048 1953 1049 1953 976 1953 976 1954 1049 1954 977 1954 1049 1955 1050 1955 977 1955 977 1956 1050 1956 978 1956 1050 1957 1051 1957 978 1957 978 1958 1051 1958 979 1958 1051 1959 1052 1959 979 1959 979 1960 1052 1960 980 1960 1052 1961 1053 1961 980 1961 980 1962 1053 1962 981 1962 1053 1963 1054 1963 981 1963 981 1964 1054 1964 982 1964 1054 1965 1055 1965 982 1965 982 1966 1055 1966 983 1966 1055 1967 1056 1967 983 1967 983 1968 1056 1968 984 1968 1056 1969 1057 1969 984 1969 984 1970 1057 1970 985 1970 1057 1971 1058 1971 985 1971 985 1972 1058 1972 986 1972 1058 1973 1059 1973 986 1973 986 1974 1059 1974 987 1974 1059 1975 1060 1975 987 1975 987 1976 1060 1976 988 1976 1060 1977 1061 1977 988 1977 988 1978 1061 1978 989 1978 1061 1979 1062 1979 989 1979 989 1980 1062 1980 990 1980 1062 1981 1063 1981 990 1981 990 1982 1063 1982 991 1982 1063 1983 1064 1983 991 1983 991 1984 1064 1984 992 1984 1064 1985 1065 1985 992 1985 992 1986 1065 1986 993 1986 1065 1987 1066 1987 993 1987 993 1988 1066 1988 994 1988 1066 1989 1067 1989 994 1989 994 1990 1067 1990 995 1990 1067 1991 1068 1991 995 1991 995 1992 1068 1992 996 1992 1068 1993 1069 1993 996 1993 996 1994 1069 1994 997 1994 1069 1995 1070 1995 997 1995 997 1996 1070 1996 998 1996 1070 1997 1071 1997 998 1997 998 1998 1071 1998 999 1998 1071 1999 1072 1999 999 1999 999 2000 1072 2000 1000 2000 1072 2001 1073 2001 1000 2001 1000 2002 1073 2002 1001 2002 1073 2003 1074 2003 1001 2003 1001 2004 1074 2004 1002 2004 1074 2005 1075 2005 1002 2005 1002 2006 1075 2006 1003 2006 1075 2007 1076 2007 1003 2007 1003 2008 1076 2008 1004 2008 1076 2009 1077 2009 1004 2009 1004 2010 1077 2010 1005 2010 1077 2011 1078 2011 1005 2011 1005 2012 1078 2012 1006 2012 1078 2013 1079 2013 1006 2013 1006 2014 1079 2014 1007 2014 1079 2015 1008 2015 1007 2015 1079 2016 1080 2016 1008 2016 1080 2017 1081 2017 1008 2017 1008 2018 1081 2018 1009 2018 1081 2019 1082 2019 1009 2019 1009 2020 1082 2020 1010 2020 1082 2021 1083 2021 1010 2021 1010 2022 1083 2022 1011 2022 1083 2023 1084 2023 1011 2023 1011 2024 1084 2024 1012 2024 1084 2025 1085 2025 1012 2025 1012 2026 1085 2026 1013 2026 1085 2027 1086 2027 1013 2027 1013 2028 1086 2028 1014 2028 1086 2029 1087 2029 1014 2029 1014 2030 1087 2030 1015 2030 1087 2031 1088 2031 1015 2031 1015 2032 1088 2032 1016 2032 1088 2033 1089 2033 1016 2033 1016 2034 1089 2034 1017 2034 1089 2035 1090 2035 1017 2035 1017 2036 1090 2036 1018 2036 1090 2037 1091 2037 1018 2037 1018 2038 1091 2038 1019 2038 1091 2039 1092 2039 1019 2039 1019 2040 1092 2040 1020 2040 1092 2041 1093 2041 1020 2041 1020 2042 1093 2042 1021 2042 1093 2043 1094 2043 1021 2043 1021 2044 1094 2044 1022 2044 1094 2045 1095 2045 1022 2045 1022 2046 1095 2046 1023 2046 1095 2047 1096 2047 1023 2047 1023 2048 1096 2048 1024 2048 1096 2049 1097 2049 1024 2049 1024 2050 1097 2050 1025 2050 1097 2051 1098 2051 1025 2051 1025 2052 1098 2052 1026 2052 1098 2053 1099 2053 1026 2053 1026 2054 1099 2054 1027 2054 1099 2055 1100 2055 1027 2055 1027 2056 1100 2056 1028 2056 1100 2057 1101 2057 1028 2057 1028 2058 1101 2058 1029 2058 1101 2059 1102 2059 1029 2059 1029 2060 1102 2060 1030 2060 1102 2061 1103 2061 1030 2061 1030 2062 1103 2062 1031 2062 1103 2063 1104 2063 1031 2063 1031 2064 1104 2064 1032 2064 1104 2065 1105 2065 1032 2065 1032 2066 1105 2066 1033 2066 1105 2067 1106 2067 1033 2067 1033 2068 1106 2068 1034 2068 1106 2069 1107 2069 1034 2069 1034 2070 1107 2070 1035 2070 1107 2071 1108 2071 1035 2071 1035 2072 1108 2072 1036 2072 1108 2073 1109 2073 1036 2073 1036 2074 1109 2074 1037 2074 1109 2075 1110 2075 1037 2075 1037 2076 1110 2076 1038 2076 1110 2077 1111 2077 1038 2077 1038 2078 1111 2078 1039 2078 1111 2079 1112 2079 1039 2079 1039 2080 1112 2080 1040 2080 1112 2081 1113 2081 1040 2081 1040 2082 1113 2082 1041 2082 1113 2083 1114 2083 1041 2083 1041 2084 1114 2084 1042 2084 1114 2085 1115 2085 1042 2085 1042 2086 1115 2086 1043 2086 1115 2087 1116 2087 1043 2087 1043 2088 1116 2088 1044 2088 1116 2089 1117 2089 1044 2089 1044 2090 1117 2090 1045 2090 1117 2091 1118 2091 1045 2091 1045 2092 1118 2092 1046 2092 1118 2093 1119 2093 1046 2093 1046 2094 1119 2094 1047 2094 1119 2095 1120 2095 1047 2095 1047 2096 1120 2096 1048 2096 1120 2097 1121 2097 1048 2097 1048 2098 1121 2098 1049 2098 1121 2099 1122 2099 1049 2099 1049 2100 1122 2100 1050 2100 1122 2101 1123 2101 1050 2101 1050 2102 1123 2102 1051 2102 1123 2103 1124 2103 1051 2103 1051 2104 1124 2104 1052 2104 1124 2105 1125 2105 1052 2105 1052 2106 1125 2106 1053 2106 1125 2107 1126 2107 1053 2107 1053 2108 1126 2108 1054 2108 1126 2109 1127 2109 1054 2109 1054 2110 1127 2110 1055 2110 1127 2111 1128 2111 1055 2111 1055 2112 1128 2112 1056 2112 1128 2113 1129 2113 1056 2113 1056 2114 1129 2114 1057 2114 1129 2115 1130 2115 1057 2115 1057 2116 1130 2116 1058 2116 1130 2117 1131 2117 1058 2117 1058 2118 1131 2118 1059 2118 1131 2119 1132 2119 1059 2119 1059 2120 1132 2120 1060 2120 1132 2121 1133 2121 1060 2121 1060 2122 1133 2122 1061 2122 1133 2123 1134 2123 1061 2123 1061 2124 1134 2124 1062 2124 1134 2125 1135 2125 1062 2125 1062 2126 1135 2126 1063 2126 1135 2127 1136 2127 1063 2127 1063 2128 1136 2128 1064 2128 1136 2129 1137 2129 1064 2129 1064 2130 1137 2130 1065 2130 1137 2131 1138 2131 1065 2131 1065 2132 1138 2132 1066 2132 1138 2133 1139 2133 1066 2133 1066 2134 1139 2134 1067 2134 1139 2135 1140 2135 1067 2135 1067 2136 1140 2136 1068 2136 1140 2137 1141 2137 1068 2137 1068 2138 1141 2138 1069 2138 1141 2139 1142 2139 1069 2139 1069 2140 1142 2140 1070 2140 1142 2141 1143 2141 1070 2141 1070 2142 1143 2142 1071 2142 1143 2143 1144 2143 1071 2143 1071 2144 1144 2144 1072 2144 1144 2145 1145 2145 1072 2145 1072 2146 1145 2146 1073 2146 1145 2147 1146 2147 1073 2147 1073 2148 1146 2148 1074 2148 1146 2149 1147 2149 1074 2149 1074 2150 1147 2150 1075 2150 1147 2151 1148 2151 1075 2151 1075 2152 1148 2152 1076 2152 1148 2153 1149 2153 1076 2153 1076 2154 1149 2154 1077 2154 1149 2155 1150 2155 1077 2155 1077 2156 1150 2156 1078 2156 1150 2157 1151 2157 1078 2157 1078 2158 1151 2158 1079 2158 1151 2159 1080 2159 1079 2159 1151 2160 1152 2160 1080 2160 1152 2161 1153 2161 1080 2161 1080 2162 1153 2162 1081 2162 1153 2163 1154 2163 1081 2163 1081 2164 1154 2164 1082 2164 1154 2165 1155 2165 1082 2165 1082 2166 1155 2166 1083 2166 1155 2167 1156 2167 1083 2167 1083 2168 1156 2168 1084 2168 1156 2169 1157 2169 1084 2169 1084 2170 1157 2170 1085 2170 1157 2171 1158 2171 1085 2171 1085 2172 1158 2172 1086 2172 1158 2173 1159 2173 1086 2173 1086 2174 1159 2174 1087 2174 1159 2175 1160 2175 1087 2175 1087 2176 1160 2176 1088 2176 1160 2177 1161 2177 1088 2177 1088 2178 1161 2178 1089 2178 1161 2179 1162 2179 1089 2179 1089 2180 1162 2180 1090 2180 1162 2181 1163 2181 1090 2181 1090 2182 1163 2182 1091 2182 1163 2183 1164 2183 1091 2183 1091 2184 1164 2184 1092 2184 1164 2185 1165 2185 1092 2185 1092 2186 1165 2186 1093 2186 1165 2187 1166 2187 1093 2187 1093 2188 1166 2188 1094 2188 1166 2189 1167 2189 1094 2189 1094 2190 1167 2190 1095 2190 1167 2191 1168 2191 1095 2191 1095 2192 1168 2192 1096 2192 1168 2193 1169 2193 1096 2193 1096 2194 1169 2194 1097 2194 1169 2195 1170 2195 1097 2195 1097 2196 1170 2196 1098 2196 1170 2197 1171 2197 1098 2197 1098 2198 1171 2198 1099 2198 1171 2199 1172 2199 1099 2199 1099 2200 1172 2200 1100 2200 1172 2201 1173 2201 1100 2201 1100 2202 1173 2202 1101 2202 1173 2203 1174 2203 1101 2203 1101 2204 1174 2204 1102 2204 1174 2205 1175 2205 1102 2205 1102 2206 1175 2206 1103 2206 1175 2207 1176 2207 1103 2207 1103 2208 1176 2208 1104 2208 1176 2209 1177 2209 1104 2209 1104 2210 1177 2210 1105 2210 1177 2211 1178 2211 1105 2211 1105 2212 1178 2212 1106 2212 1178 2213 1179 2213 1106 2213 1106 2214 1179 2214 1107 2214 1179 2215 1180 2215 1107 2215 1107 2216 1180 2216 1108 2216 1180 2217 1181 2217 1108 2217 1108 2218 1181 2218 1109 2218 1181 2219 1182 2219 1109 2219 1109 2220 1182 2220 1110 2220 1182 2221 1183 2221 1110 2221 1110 2222 1183 2222 1111 2222 1183 2223 1184 2223 1111 2223 1111 2224 1184 2224 1112 2224 1184 2225 1185 2225 1112 2225 1112 2226 1185 2226 1113 2226 1185 2227 1186 2227 1113 2227 1113 2228 1186 2228 1114 2228 1186 2229 1187 2229 1114 2229 1114 2230 1187 2230 1115 2230 1187 2231 1188 2231 1115 2231 1115 2232 1188 2232 1116 2232 1188 2233 1189 2233 1116 2233 1116 2234 1189 2234 1117 2234 1189 2235 1190 2235 1117 2235 1117 2236 1190 2236 1118 2236 1190 2237 1191 2237 1118 2237 1118 2238 1191 2238 1119 2238 1191 2239 1192 2239 1119 2239 1119 2240 1192 2240 1120 2240 1192 2241 1193 2241 1120 2241 1120 2242 1193 2242 1121 2242 1193 2243 1194 2243 1121 2243 1121 2244 1194 2244 1122 2244 1194 2245 1195 2245 1122 2245 1122 2246 1195 2246 1123 2246 1195 2247 1196 2247 1123 2247 1123 2248 1196 2248 1124 2248 1196 2249 1197 2249 1124 2249 1124 2250 1197 2250 1125 2250 1197 2251 1198 2251 1125 2251 1125 2252 1198 2252 1126 2252 1198 2253 1199 2253 1126 2253 1126 2254 1199 2254 1127 2254 1199 2255 1200 2255 1127 2255 1127 2256 1200 2256 1128 2256 1200 2257 1201 2257 1128 2257 1128 2258 1201 2258 1129 2258 1201 2259 1202 2259 1129 2259 1129 2260 1202 2260 1130 2260 1202 2261 1203 2261 1130 2261 1130 2262 1203 2262 1131 2262 1203 2263 1204 2263 1131 2263 1131 2264 1204 2264 1132 2264 1204 2265 1205 2265 1132 2265 1132 2266 1205 2266 1133 2266 1205 2267 1206 2267 1133 2267 1133 2268 1206 2268 1134 2268 1206 2269 1207 2269 1134 2269 1134 2270 1207 2270 1135 2270 1207 2271 1208 2271 1135 2271 1135 2272 1208 2272 1136 2272 1208 2273 1209 2273 1136 2273 1136 2274 1209 2274 1137 2274 1209 2275 1210 2275 1137 2275 1137 2276 1210 2276 1138 2276 1210 2277 1211 2277 1138 2277 1138 2278 1211 2278 1139 2278 1211 2279 1212 2279 1139 2279 1139 2280 1212 2280 1140 2280 1212 2281 1213 2281 1140 2281 1140 2282 1213 2282 1141 2282 1213 2283 1214 2283 1141 2283 1141 2284 1214 2284 1142 2284 1214 2285 1215 2285 1142 2285 1142 2286 1215 2286 1143 2286 1215 2287 1216 2287 1143 2287 1143 2288 1216 2288 1144 2288 1216 2289 1217 2289 1144 2289 1144 2290 1217 2290 1145 2290 1217 2291 1218 2291 1145 2291 1145 2292 1218 2292 1146 2292 1218 2293 1219 2293 1146 2293 1146 2294 1219 2294 1147 2294 1219 2295 1220 2295 1147 2295 1147 2296 1220 2296 1148 2296 1220 2297 1221 2297 1148 2297 1148 2298 1221 2298 1149 2298 1221 2299 1222 2299 1149 2299 1149 2300 1222 2300 1150 2300 1222 2301 1223 2301 1150 2301 1150 2302 1223 2302 1151 2302 1223 2303 1152 2303 1151 2303 1223 2304 1224 2304 1152 2304 1224 2305 1225 2305 1152 2305 1152 2306 1225 2306 1153 2306 1225 2307 1226 2307 1153 2307 1153 2308 1226 2308 1154 2308 1226 2309 1227 2309 1154 2309 1154 2310 1227 2310 1155 2310 1227 2311 1228 2311 1155 2311 1155 2312 1228 2312 1156 2312 1228 2313 1229 2313 1156 2313 1156 2314 1229 2314 1157 2314 1229 2315 1230 2315 1157 2315 1157 2316 1230 2316 1158 2316 1230 2317 1231 2317 1158 2317 1158 2318 1231 2318 1159 2318 1231 2319 1232 2319 1159 2319 1159 2320 1232 2320 1160 2320 1232 2321 1233 2321 1160 2321 1160 2322 1233 2322 1161 2322 1233 2323 1234 2323 1161 2323 1161 2324 1234 2324 1162 2324 1234 2325 1235 2325 1162 2325 1162 2326 1235 2326 1163 2326 1235 2327 1236 2327 1163 2327 1163 2328 1236 2328 1164 2328 1236 2329 1237 2329 1164 2329 1164 2330 1237 2330 1165 2330 1237 2331 1238 2331 1165 2331 1165 2332 1238 2332 1166 2332 1238 2333 1239 2333 1166 2333 1166 2334 1239 2334 1167 2334 1239 2335 1240 2335 1167 2335 1167 2336 1240 2336 1168 2336 1240 2337 1241 2337 1168 2337 1168 2338 1241 2338 1169 2338 1241 2339 1242 2339 1169 2339 1169 2340 1242 2340 1170 2340 1242 2341 1243 2341 1170 2341 1170 2342 1243 2342 1171 2342 1243 2343 1244 2343 1171 2343 1171 2344 1244 2344 1172 2344 1244 2345 1245 2345 1172 2345 1172 2346 1245 2346 1173 2346 1245 2347 1246 2347 1173 2347 1173 2348 1246 2348 1174 2348 1246 2349 1247 2349 1174 2349 1174 2350 1247 2350 1175 2350 1247 2351 1248 2351 1175 2351 1175 2352 1248 2352 1176 2352 1248 2353 1249 2353 1176 2353 1176 2354 1249 2354 1177 2354 1249 2355 1250 2355 1177 2355 1177 2356 1250 2356 1178 2356 1250 2357 1251 2357 1178 2357 1178 2358 1251 2358 1179 2358 1251 2359 1252 2359 1179 2359 1179 2360 1252 2360 1180 2360 1252 2361 1253 2361 1180 2361 1180 2362 1253 2362 1181 2362 1253 2363 1254 2363 1181 2363 1181 2364 1254 2364 1182 2364 1254 2365 1255 2365 1182 2365 1182 2366 1255 2366 1183 2366 1255 2367 1256 2367 1183 2367 1183 2368 1256 2368 1184 2368 1256 2369 1257 2369 1184 2369 1184 2370 1257 2370 1185 2370 1257 2371 1258 2371 1185 2371 1185 2372 1258 2372 1186 2372 1258 2373 1259 2373 1186 2373 1186 2374 1259 2374 1187 2374 1259 2375 1260 2375 1187 2375 1187 2376 1260 2376 1188 2376 1260 2377 1261 2377 1188 2377 1188 2378 1261 2378 1189 2378 1261 2379 1262 2379 1189 2379 1189 2380 1262 2380 1190 2380 1262 2381 1263 2381 1190 2381 1190 2382 1263 2382 1191 2382 1263 2383 1264 2383 1191 2383 1191 2384 1264 2384 1192 2384 1264 2385 1265 2385 1192 2385 1192 2386 1265 2386 1193 2386 1265 2387 1266 2387 1193 2387 1193 2388 1266 2388 1194 2388 1266 2389 1267 2389 1194 2389 1194 2390 1267 2390 1195 2390 1267 2391 1268 2391 1195 2391 1195 2392 1268 2392 1196 2392 1268 2393 1269 2393 1196 2393 1196 2394 1269 2394 1197 2394 1269 2395 1270 2395 1197 2395 1197 2396 1270 2396 1198 2396 1270 2397 1271 2397 1198 2397 1198 2398 1271 2398 1199 2398 1271 2399 1272 2399 1199 2399 1199 2400 1272 2400 1200 2400 1272 2401 1273 2401 1200 2401 1200 2402 1273 2402 1201 2402 1273 2403 1274 2403 1201 2403 1201 2404 1274 2404 1202 2404 1274 2405 1275 2405 1202 2405 1202 2406 1275 2406 1203 2406 1275 2407 1276 2407 1203 2407 1203 2408 1276 2408 1204 2408 1276 2409 1277 2409 1204 2409 1204 2410 1277 2410 1205 2410 1277 2411 1278 2411 1205 2411 1205 2412 1278 2412 1206 2412 1278 2413 1279 2413 1206 2413 1206 2414 1279 2414 1207 2414 1279 2415 1280 2415 1207 2415 1207 2416 1280 2416 1208 2416 1280 2417 1281 2417 1208 2417 1208 2418 1281 2418 1209 2418 1281 2419 1282 2419 1209 2419 1209 2420 1282 2420 1210 2420 1282 2421 1283 2421 1210 2421 1210 2422 1283 2422 1211 2422 1283 2423 1284 2423 1211 2423 1211 2424 1284 2424 1212 2424 1284 2425 1285 2425 1212 2425 1212 2426 1285 2426 1213 2426 1285 2427 1286 2427 1213 2427 1213 2428 1286 2428 1214 2428 1286 2429 1287 2429 1214 2429 1214 2430 1287 2430 1215 2430 1287 2431 1288 2431 1215 2431 1215 2432 1288 2432 1216 2432 1288 2433 1289 2433 1216 2433 1216 2434 1289 2434 1217 2434 1289 2435 1290 2435 1217 2435 1217 2436 1290 2436 1218 2436 1290 2437 1291 2437 1218 2437 1218 2438 1291 2438 1219 2438 1291 2439 1292 2439 1219 2439 1219 2440 1292 2440 1220 2440 1292 2441 1293 2441 1220 2441 1220 2442 1293 2442 1221 2442 1293 2443 1294 2443 1221 2443 1221 2444 1294 2444 1222 2444 1294 2445 1295 2445 1222 2445 1222 2446 1295 2446 1223 2446 1295 2447 1224 2447 1223 2447 1295 2448 1296 2448 1224 2448 1296 2449 1297 2449 1224 2449 1224 2450 1297 2450 1225 2450 1297 2451 1298 2451 1225 2451 1225 2452 1298 2452 1226 2452 1298 2453 1299 2453 1226 2453 1226 2454 1299 2454 1227 2454 1299 2455 1300 2455 1227 2455 1227 2456 1300 2456 1228 2456 1300 2457 1301 2457 1228 2457 1228 2458 1301 2458 1229 2458 1301 2459 1302 2459 1229 2459 1229 2460 1302 2460 1230 2460 1302 2461 1303 2461 1230 2461 1230 2462 1303 2462 1231 2462 1303 2463 1304 2463 1231 2463 1231 2464 1304 2464 1232 2464 1304 2465 1305 2465 1232 2465 1232 2466 1305 2466 1233 2466 1305 2467 1306 2467 1233 2467 1233 2468 1306 2468 1234 2468 1306 2469 1307 2469 1234 2469 1234 2470 1307 2470 1235 2470 1307 2471 1308 2471 1235 2471 1235 2472 1308 2472 1236 2472 1308 2473 1309 2473 1236 2473 1236 2474 1309 2474 1237 2474 1309 2475 1310 2475 1237 2475 1237 2476 1310 2476 1238 2476 1310 2477 1311 2477 1238 2477 1238 2478 1311 2478 1239 2478 1311 2479 1312 2479 1239 2479 1239 2480 1312 2480 1240 2480 1312 2481 1313 2481 1240 2481 1240 2482 1313 2482 1241 2482 1313 2483 1314 2483 1241 2483 1241 2484 1314 2484 1242 2484 1314 2485 1315 2485 1242 2485 1242 2486 1315 2486 1243 2486 1315 2487 1316 2487 1243 2487 1243 2488 1316 2488 1244 2488 1316 2489 1317 2489 1244 2489 1244 2490 1317 2490 1245 2490 1317 2491 1318 2491 1245 2491 1245 2492 1318 2492 1246 2492 1318 2493 1319 2493 1246 2493 1246 2494 1319 2494 1247 2494 1319 2495 1320 2495 1247 2495 1247 2496 1320 2496 1248 2496 1320 2497 1321 2497 1248 2497 1248 2498 1321 2498 1249 2498 1321 2499 1322 2499 1249 2499 1249 2500 1322 2500 1250 2500 1322 2501 1323 2501 1250 2501 1250 2502 1323 2502 1251 2502 1323 2503 1324 2503 1251 2503 1251 2504 1324 2504 1252 2504 1324 2505 1325 2505 1252 2505 1252 2506 1325 2506 1253 2506 1325 2507 1326 2507 1253 2507 1253 2508 1326 2508 1254 2508 1326 2509 1327 2509 1254 2509 1254 2510 1327 2510 1255 2510 1327 2511 1328 2511 1255 2511 1255 2512 1328 2512 1256 2512 1328 2513 1329 2513 1256 2513 1256 2514 1329 2514 1257 2514 1329 2515 1330 2515 1257 2515 1257 2516 1330 2516 1258 2516 1330 2517 1331 2517 1258 2517 1258 2518 1331 2518 1259 2518 1331 2519 1332 2519 1259 2519 1259 2520 1332 2520 1260 2520 1332 2521 1333 2521 1260 2521 1260 2522 1333 2522 1261 2522 1333 2523 1334 2523 1261 2523 1261 2524 1334 2524 1262 2524 1334 2525 1335 2525 1262 2525 1262 2526 1335 2526 1263 2526 1335 2527 1336 2527 1263 2527 1263 2528 1336 2528 1264 2528 1336 2529 1337 2529 1264 2529 1264 2530 1337 2530 1265 2530 1337 2531 1338 2531 1265 2531 1265 2532 1338 2532 1266 2532 1338 2533 1339 2533 1266 2533 1266 2534 1339 2534 1267 2534 1339 2535 1340 2535 1267 2535 1267 2536 1340 2536 1268 2536 1340 2537 1341 2537 1268 2537 1268 2538 1341 2538 1269 2538 1341 2539 1342 2539 1269 2539 1269 2540 1342 2540 1270 2540 1342 2541 1343 2541 1270 2541 1270 2542 1343 2542 1271 2542 1343 2543 1344 2543 1271 2543 1271 2544 1344 2544 1272 2544 1344 2545 1345 2545 1272 2545 1272 2546 1345 2546 1273 2546 1345 2547 1346 2547 1273 2547 1273 2548 1346 2548 1274 2548 1346 2549 1347 2549 1274 2549 1274 2550 1347 2550 1275 2550 1347 2551 1348 2551 1275 2551 1275 2552 1348 2552 1276 2552 1348 2553 1349 2553 1276 2553 1276 2554 1349 2554 1277 2554 1349 2555 1350 2555 1277 2555 1277 2556 1350 2556 1278 2556 1350 2557 1351 2557 1278 2557 1278 2558 1351 2558 1279 2558 1351 2559 1352 2559 1279 2559 1279 2560 1352 2560 1280 2560 1352 2561 1353 2561 1280 2561 1280 2562 1353 2562 1281 2562 1353 2563 1354 2563 1281 2563 1281 2564 1354 2564 1282 2564 1354 2565 1355 2565 1282 2565 1282 2566 1355 2566 1283 2566 1355 2567 1356 2567 1283 2567 1283 2568 1356 2568 1284 2568 1356 2569 1357 2569 1284 2569 1284 2570 1357 2570 1285 2570 1357 2571 1358 2571 1285 2571 1285 2572 1358 2572 1286 2572 1358 2573 1359 2573 1286 2573 1286 2574 1359 2574 1287 2574 1359 2575 1360 2575 1287 2575 1287 2576 1360 2576 1288 2576 1360 2577 1361 2577 1288 2577 1288 2578 1361 2578 1289 2578 1361 2579 1362 2579 1289 2579 1289 2580 1362 2580 1290 2580 1362 2581 1363 2581 1290 2581 1290 2582 1363 2582 1291 2582 1363 2583 1364 2583 1291 2583 1291 2584 1364 2584 1292 2584 1364 2585 1365 2585 1292 2585 1292 2586 1365 2586 1293 2586 1365 2587 1366 2587 1293 2587 1293 2588 1366 2588 1294 2588 1366 2589 1367 2589 1294 2589 1294 2590 1367 2590 1295 2590 1367 2591 1296 2591 1295 2591 1368 2592 1369 2592 1370 2592 1369 2593 1371 2593 1370 2593 1370 2594 1371 2594 1372 2594 1371 2595 1373 2595 1372 2595 1372 2596 1373 2596 1374 2596 1373 2597 1375 2597 1374 2597 1374 2598 1375 2598 1376 2598 1375 2599 1377 2599 1376 2599 1376 2600 1377 2600 1378 2600 1377 2601 1379 2601 1378 2601 1378 2602 1379 2602 1380 2602 1379 2603 1381 2603 1380 2603 1380 2604 1381 2604 1382 2604 1381 2605 1383 2605 1382 2605 1382 2606 1383 2606 1384 2606 1383 2607 1385 2607 1384 2607 1384 2608 1385 2608 1386 2608 1385 2609 1387 2609 1386 2609 1386 2610 1387 2610 1388 2610 1387 2611 1389 2611 1388 2611 1388 2612 1389 2612 1390 2612 1389 2613 1391 2613 1390 2613 1390 2614 1391 2614 1392 2614 1391 2615 1393 2615 1392 2615 1392 2616 1393 2616 1394 2616 1393 2617 1395 2617 1394 2617 1394 2618 1395 2618 1396 2618 1395 2619 1397 2619 1396 2619 1396 2620 1397 2620 1398 2620 1397 2621 1399 2621 1398 2621 1398 2622 1399 2622 1400 2622 1399 2623 1401 2623 1400 2623 1400 2624 1401 2624 1402 2624 1401 2625 1403 2625 1402 2625 1402 2626 1403 2626 1404 2626 1403 2627 1405 2627 1404 2627 1404 2628 1405 2628 1406 2628 1405 2629 1407 2629 1406 2629 1406 2630 1407 2630 1408 2630 1407 2631 1409 2631 1408 2631 1408 2632 1409 2632 1410 2632 1409 2633 1411 2633 1410 2633 1410 2634 1411 2634 1412 2634 1411 2635 1413 2635 1412 2635 1412 2636 1413 2636 1414 2636 1413 2637 1415 2637 1414 2637 1414 2638 1415 2638 1416 2638 1415 2639 1417 2639 1416 2639 1416 2640 1417 2640 1418 2640 1417 2641 1419 2641 1418 2641 1418 2642 1419 2642 1420 2642 1419 2643 1421 2643 1420 2643 1420 2644 1421 2644 1422 2644 1421 2645 1423 2645 1422 2645 1422 2646 1423 2646 1424 2646 1423 2647 1425 2647 1424 2647 1424 2648 1425 2648 1426 2648 1425 2649 1427 2649 1426 2649 1426 2650 1427 2650 1428 2650 1427 2651 1429 2651 1428 2651 1428 2652 1429 2652 1430 2652 1429 2653 1431 2653 1430 2653 1430 2654 1431 2654 1432 2654 1431 2655 1433 2655 1432 2655 1432 2656 1433 2656 1434 2656 1433 2657 1435 2657 1434 2657 1434 2658 1435 2658 1436 2658 1435 2659 1437 2659 1436 2659 1436 2660 1437 2660 1438 2660 1437 2661 1439 2661 1438 2661 1438 2662 1439 2662 1440 2662 1439 2663 1441 2663 1440 2663 1440 2664 1441 2664 1442 2664 1441 2665 1443 2665 1442 2665 1442 2666 1443 2666 1444 2666 1443 2667 1445 2667 1444 2667 1444 2668 1445 2668 1446 2668 1445 2669 1447 2669 1446 2669 1446 2670 1447 2670 1448 2670 1447 2671 1449 2671 1448 2671 1448 2672 1449 2672 1450 2672 1449 2673 1451 2673 1450 2673 1450 2674 1451 2674 1452 2674 1451 2675 1453 2675 1452 2675 1452 2676 1453 2676 1454 2676 1453 2677 1455 2677 1454 2677 1454 2678 1455 2678 1456 2678 1455 2679 1457 2679 1456 2679 1456 2680 1457 2680 1458 2680 1457 2681 1459 2681 1458 2681 1458 2682 1459 2682 1460 2682 1459 2683 1461 2683 1460 2683 1460 2684 1461 2684 1462 2684 1461 2685 1463 2685 1462 2685 1462 2686 1463 2686 1464 2686 1463 2687 1465 2687 1464 2687 1464 2688 1465 2688 1466 2688 1465 2689 1467 2689 1466 2689 1466 2690 1467 2690 1468 2690 1467 2691 1469 2691 1468 2691 1468 2692 1469 2692 1470 2692 1469 2693 1471 2693 1470 2693 1470 2694 1471 2694 1472 2694 1471 2695 1473 2695 1472 2695 1472 2696 1473 2696 1474 2696 1473 2697 1475 2697 1474 2697 1474 2698 1475 2698 1476 2698 1475 2699 1477 2699 1476 2699 1476 2700 1477 2700 1478 2700 1477 2701 1479 2701 1478 2701 1478 2702 1479 2702 1480 2702 1479 2703 1481 2703 1480 2703 1480 2704 1481 2704 1482 2704 1481 2705 1483 2705 1482 2705 1482 2706 1483 2706 1484 2706 1483 2707 1485 2707 1484 2707 1484 2708 1485 2708 1486 2708 1485 2709 1487 2709 1486 2709 1486 2710 1487 2710 1488 2710 1487 2711 1489 2711 1488 2711 1488 2712 1489 2712 1490 2712 1489 2713 1491 2713 1490 2713 1490 2714 1491 2714 1492 2714 1491 2715 1493 2715 1492 2715 1492 2716 1493 2716 1494 2716 1493 2717 1495 2717 1494 2717 1494 2718 1495 2718 1496 2718 1495 2719 1497 2719 1496 2719 1496 2720 1497 2720 1498 2720 1497 2721 1499 2721 1498 2721 1498 2722 1499 2722 1500 2722 1499 2723 1501 2723 1500 2723 1500 2724 1501 2724 1502 2724 1501 2725 1503 2725 1502 2725 1502 2726 1503 2726 1504 2726 1503 2727 1505 2727 1504 2727 1504 2728 1505 2728 1506 2728 1505 2729 1507 2729 1506 2729 1506 2730 1507 2730 1508 2730 1507 2731 1509 2731 1508 2731 1508 2732 1509 2732 1510 2732 1509 2733 1511 2733 1510 2733 1510 2734 1511 2734 1368 2734 1511 2735 1369 2735 1368 2735 1511 2736 1512 2736 1369 2736 1512 2737 1513 2737 1369 2737 1369 2738 1513 2738 1371 2738 1513 2739 1514 2739 1371 2739 1371 2740 1514 2740 1373 2740 1514 2741 1515 2741 1373 2741 1373 2742 1515 2742 1375 2742 1515 2743 1516 2743 1375 2743 1375 2744 1516 2744 1377 2744 1516 2745 1517 2745 1377 2745 1377 2746 1517 2746 1379 2746 1517 2747 1518 2747 1379 2747 1379 2748 1518 2748 1381 2748 1518 2749 1519 2749 1381 2749 1381 2750 1519 2750 1383 2750 1519 2751 1520 2751 1383 2751 1383 2752 1520 2752 1385 2752 1520 2753 1521 2753 1385 2753 1385 2754 1521 2754 1387 2754 1521 2755 1522 2755 1387 2755 1387 2756 1522 2756 1389 2756 1522 2757 1523 2757 1389 2757 1389 2758 1523 2758 1391 2758 1523 2759 1524 2759 1391 2759 1391 2760 1524 2760 1393 2760 1524 2761 1525 2761 1393 2761 1393 2762 1525 2762 1395 2762 1525 2763 1526 2763 1395 2763 1395 2764 1526 2764 1397 2764 1526 2765 1527 2765 1397 2765 1397 2766 1527 2766 1399 2766 1527 2767 1528 2767 1399 2767 1399 2768 1528 2768 1401 2768 1528 2769 1529 2769 1401 2769 1401 2770 1529 2770 1403 2770 1529 2771 1530 2771 1403 2771 1403 2772 1530 2772 1405 2772 1530 2773 1531 2773 1405 2773 1405 2774 1531 2774 1407 2774 1531 2775 1532 2775 1407 2775 1407 2776 1532 2776 1409 2776 1532 2777 1533 2777 1409 2777 1409 2778 1533 2778 1411 2778 1533 2779 1534 2779 1411 2779 1411 2780 1534 2780 1413 2780 1534 2781 1535 2781 1413 2781 1413 2782 1535 2782 1415 2782 1535 2783 1536 2783 1415 2783 1415 2784 1536 2784 1417 2784 1536 2785 1537 2785 1417 2785 1417 2786 1537 2786 1419 2786 1537 2787 1538 2787 1419 2787 1419 2788 1538 2788 1421 2788 1538 2789 1539 2789 1421 2789 1421 2790 1539 2790 1423 2790 1539 2791 1540 2791 1423 2791 1423 2792 1540 2792 1425 2792 1540 2793 1541 2793 1425 2793 1425 2794 1541 2794 1427 2794 1541 2795 1542 2795 1427 2795 1427 2796 1542 2796 1429 2796 1542 2797 1543 2797 1429 2797 1429 2798 1543 2798 1431 2798 1543 2799 1544 2799 1431 2799 1431 2800 1544 2800 1433 2800 1544 2801 1545 2801 1433 2801 1433 2802 1545 2802 1435 2802 1545 2803 1546 2803 1435 2803 1435 2804 1546 2804 1437 2804 1546 2805 1547 2805 1437 2805 1437 2806 1547 2806 1439 2806 1547 2807 1548 2807 1439 2807 1439 2808 1548 2808 1441 2808 1548 2809 1549 2809 1441 2809 1441 2810 1549 2810 1443 2810 1549 2811 1550 2811 1443 2811 1443 2812 1550 2812 1445 2812 1550 2813 1551 2813 1445 2813 1445 2814 1551 2814 1447 2814 1551 2815 1552 2815 1447 2815 1447 2816 1552 2816 1449 2816 1552 2817 1553 2817 1449 2817 1449 2818 1553 2818 1451 2818 1553 2819 1554 2819 1451 2819 1451 2820 1554 2820 1453 2820 1554 2821 1555 2821 1453 2821 1453 2822 1555 2822 1455 2822 1555 2823 1556 2823 1455 2823 1455 2824 1556 2824 1457 2824 1556 2825 1557 2825 1457 2825 1457 2826 1557 2826 1459 2826 1557 2827 1558 2827 1459 2827 1459 2828 1558 2828 1461 2828 1558 2829 1559 2829 1461 2829 1461 2830 1559 2830 1463 2830 1559 2831 1560 2831 1463 2831 1463 2832 1560 2832 1465 2832 1560 2833 1561 2833 1465 2833 1465 2834 1561 2834 1467 2834 1561 2835 1562 2835 1467 2835 1467 2836 1562 2836 1469 2836 1562 2837 1563 2837 1469 2837 1469 2838 1563 2838 1471 2838 1563 2839 1564 2839 1471 2839 1471 2840 1564 2840 1473 2840 1564 2841 1565 2841 1473 2841 1473 2842 1565 2842 1475 2842 1565 2843 1566 2843 1475 2843 1475 2844 1566 2844 1477 2844 1566 2845 1567 2845 1477 2845 1477 2846 1567 2846 1479 2846 1567 2847 1568 2847 1479 2847 1479 2848 1568 2848 1481 2848 1568 2849 1569 2849 1481 2849 1481 2850 1569 2850 1483 2850 1569 2851 1570 2851 1483 2851 1483 2852 1570 2852 1485 2852 1570 2853 1571 2853 1485 2853 1485 2854 1571 2854 1487 2854 1571 2855 1572 2855 1487 2855 1487 2856 1572 2856 1489 2856 1572 2857 1573 2857 1489 2857 1489 2858 1573 2858 1491 2858 1573 2859 1574 2859 1491 2859 1491 2860 1574 2860 1493 2860 1574 2861 1575 2861 1493 2861 1493 2862 1575 2862 1495 2862 1575 2863 1576 2863 1495 2863 1495 2864 1576 2864 1497 2864 1576 2865 1577 2865 1497 2865 1497 2866 1577 2866 1499 2866 1577 2867 1578 2867 1499 2867 1499 2868 1578 2868 1501 2868 1578 2869 1579 2869 1501 2869 1501 2870 1579 2870 1503 2870 1579 2871 1580 2871 1503 2871 1503 2872 1580 2872 1505 2872 1580 2873 1581 2873 1505 2873 1505 2874 1581 2874 1507 2874 1581 2875 1582 2875 1507 2875 1507 2876 1582 2876 1509 2876 1582 2877 1583 2877 1509 2877 1509 2878 1583 2878 1511 2878 1583 2879 1512 2879 1511 2879 1583 2880 1584 2880 1512 2880 1584 2881 1585 2881 1512 2881 1512 2882 1585 2882 1513 2882 1585 2883 1586 2883 1513 2883 1513 2884 1586 2884 1514 2884 1586 2885 1587 2885 1514 2885 1514 2886 1587 2886 1515 2886 1587 2887 1588 2887 1515 2887 1515 2888 1588 2888 1516 2888 1588 2889 1589 2889 1516 2889 1516 2890 1589 2890 1517 2890 1589 2891 1590 2891 1517 2891 1517 2892 1590 2892 1518 2892 1590 2893 1591 2893 1518 2893 1518 2894 1591 2894 1519 2894 1591 2895 1592 2895 1519 2895 1519 2896 1592 2896 1520 2896 1592 2897 1593 2897 1520 2897 1520 2898 1593 2898 1521 2898 1593 2899 1594 2899 1521 2899 1521 2900 1594 2900 1522 2900 1594 2901 1595 2901 1522 2901 1522 2902 1595 2902 1523 2902 1595 2903 1596 2903 1523 2903 1523 2904 1596 2904 1524 2904 1596 2905 1597 2905 1524 2905 1524 2906 1597 2906 1525 2906 1597 2907 1598 2907 1525 2907 1525 2908 1598 2908 1526 2908 1598 2909 1599 2909 1526 2909 1526 2910 1599 2910 1527 2910 1599 2911 1600 2911 1527 2911 1527 2912 1600 2912 1528 2912 1600 2913 1601 2913 1528 2913 1528 2914 1601 2914 1529 2914 1601 2915 1602 2915 1529 2915 1529 2916 1602 2916 1530 2916 1602 2917 1603 2917 1530 2917 1530 2918 1603 2918 1531 2918 1603 2919 1604 2919 1531 2919 1531 2920 1604 2920 1532 2920 1604 2921 1605 2921 1532 2921 1532 2922 1605 2922 1533 2922 1605 2923 1606 2923 1533 2923 1533 2924 1606 2924 1534 2924 1606 2925 1607 2925 1534 2925 1534 2926 1607 2926 1535 2926 1607 2927 1608 2927 1535 2927 1535 2928 1608 2928 1536 2928 1608 2929 1609 2929 1536 2929 1536 2930 1609 2930 1537 2930 1609 2931 1610 2931 1537 2931 1537 2932 1610 2932 1538 2932 1610 2933 1611 2933 1538 2933 1538 2934 1611 2934 1539 2934 1611 2935 1612 2935 1539 2935 1539 2936 1612 2936 1540 2936 1612 2937 1613 2937 1540 2937 1540 2938 1613 2938 1541 2938 1613 2939 1614 2939 1541 2939 1541 2940 1614 2940 1542 2940 1614 2941 1615 2941 1542 2941 1542 2942 1615 2942 1543 2942 1615 2943 1616 2943 1543 2943 1543 2944 1616 2944 1544 2944 1616 2945 1617 2945 1544 2945 1544 2946 1617 2946 1545 2946 1617 2947 1618 2947 1545 2947 1545 2948 1618 2948 1546 2948 1618 2949 1619 2949 1546 2949 1546 2950 1619 2950 1547 2950 1619 2951 1620 2951 1547 2951 1547 2952 1620 2952 1548 2952 1620 2953 1621 2953 1548 2953 1548 2954 1621 2954 1549 2954 1621 2955 1622 2955 1549 2955 1549 2956 1622 2956 1550 2956 1622 2957 1623 2957 1550 2957 1550 2958 1623 2958 1551 2958 1623 2959 1624 2959 1551 2959 1551 2960 1624 2960 1552 2960 1624 2961 1625 2961 1552 2961 1552 2962 1625 2962 1553 2962 1625 2963 1626 2963 1553 2963 1553 2964 1626 2964 1554 2964 1626 2965 1627 2965 1554 2965 1554 2966 1627 2966 1555 2966 1627 2967 1628 2967 1555 2967 1555 2968 1628 2968 1556 2968 1628 2969 1629 2969 1556 2969 1556 2970 1629 2970 1557 2970 1629 2971 1630 2971 1557 2971 1557 2972 1630 2972 1558 2972 1630 2973 1631 2973 1558 2973 1558 2974 1631 2974 1559 2974 1631 2975 1632 2975 1559 2975 1559 2976 1632 2976 1560 2976 1632 2977 1633 2977 1560 2977 1560 2978 1633 2978 1561 2978 1633 2979 1634 2979 1561 2979 1561 2980 1634 2980 1562 2980 1634 2981 1635 2981 1562 2981 1562 2982 1635 2982 1563 2982 1635 2983 1636 2983 1563 2983 1563 2984 1636 2984 1564 2984 1636 2985 1637 2985 1564 2985 1564 2986 1637 2986 1565 2986 1637 2987 1638 2987 1565 2987 1565 2988 1638 2988 1566 2988 1638 2989 1639 2989 1566 2989 1566 2990 1639 2990 1567 2990 1639 2991 1640 2991 1567 2991 1567 2992 1640 2992 1568 2992 1640 2993 1641 2993 1568 2993 1568 2994 1641 2994 1569 2994 1641 2995 1642 2995 1569 2995 1569 2996 1642 2996 1570 2996 1642 2997 1643 2997 1570 2997 1570 2998 1643 2998 1571 2998 1643 2999 1644 2999 1571 2999 1571 3000 1644 3000 1572 3000 1644 3001 1645 3001 1572 3001 1572 3002 1645 3002 1573 3002 1645 3003 1646 3003 1573 3003 1573 3004 1646 3004 1574 3004 1646 3005 1647 3005 1574 3005 1574 3006 1647 3006 1575 3006 1647 3007 1648 3007 1575 3007 1575 3008 1648 3008 1576 3008 1648 3009 1649 3009 1576 3009 1576 3010 1649 3010 1577 3010 1649 3011 1650 3011 1577 3011 1577 3012 1650 3012 1578 3012 1650 3013 1651 3013 1578 3013 1578 3014 1651 3014 1579 3014 1651 3015 1652 3015 1579 3015 1579 3016 1652 3016 1580 3016 1652 3017 1653 3017 1580 3017 1580 3018 1653 3018 1581 3018 1653 3019 1654 3019 1581 3019 1581 3020 1654 3020 1582 3020 1654 3021 1655 3021 1582 3021 1582 3022 1655 3022 1583 3022 1655 3023 1584 3023 1583 3023 1655 3024 1656 3024 1584 3024 1656 3025 1657 3025 1584 3025 1584 3026 1657 3026 1585 3026 1657 3027 1658 3027 1585 3027 1585 3028 1658 3028 1586 3028 1658 3029 1659 3029 1586 3029 1586 3030 1659 3030 1587 3030 1659 3031 1660 3031 1587 3031 1587 3032 1660 3032 1588 3032 1660 3033 1661 3033 1588 3033 1588 3034 1661 3034 1589 3034 1661 3035 1662 3035 1589 3035 1589 3036 1662 3036 1590 3036 1662 3037 1663 3037 1590 3037 1590 3038 1663 3038 1591 3038 1663 3039 1664 3039 1591 3039 1591 3040 1664 3040 1592 3040 1664 3041 1665 3041 1592 3041 1592 3042 1665 3042 1593 3042 1665 3043 1666 3043 1593 3043 1593 3044 1666 3044 1594 3044 1666 3045 1667 3045 1594 3045 1594 3046 1667 3046 1595 3046 1667 3047 1668 3047 1595 3047 1595 3048 1668 3048 1596 3048 1668 3049 1669 3049 1596 3049 1596 3050 1669 3050 1597 3050 1669 3051 1670 3051 1597 3051 1597 3052 1670 3052 1598 3052 1670 3053 1671 3053 1598 3053 1598 3054 1671 3054 1599 3054 1671 3055 1672 3055 1599 3055 1599 3056 1672 3056 1600 3056 1672 3057 1673 3057 1600 3057 1600 3058 1673 3058 1601 3058 1673 3059 1674 3059 1601 3059 1601 3060 1674 3060 1602 3060 1674 3061 1675 3061 1602 3061 1602 3062 1675 3062 1603 3062 1675 3063 1676 3063 1603 3063 1603 3064 1676 3064 1604 3064 1676 3065 1677 3065 1604 3065 1604 3066 1677 3066 1605 3066 1677 3067 1678 3067 1605 3067 1605 3068 1678 3068 1606 3068 1678 3069 1679 3069 1606 3069 1606 3070 1679 3070 1607 3070 1679 3071 1680 3071 1607 3071 1607 3072 1680 3072 1608 3072 1680 3073 1681 3073 1608 3073 1608 3074 1681 3074 1609 3074 1681 3075 1682 3075 1609 3075 1609 3076 1682 3076 1610 3076 1682 3077 1683 3077 1610 3077 1610 3078 1683 3078 1611 3078 1683 3079 1684 3079 1611 3079 1611 3080 1684 3080 1612 3080 1684 3081 1685 3081 1612 3081 1612 3082 1685 3082 1613 3082 1685 3083 1686 3083 1613 3083 1613 3084 1686 3084 1614 3084 1686 3085 1687 3085 1614 3085 1614 3086 1687 3086 1615 3086 1687 3087 1688 3087 1615 3087 1615 3088 1688 3088 1616 3088 1688 3089 1689 3089 1616 3089 1616 3090 1689 3090 1617 3090 1689 3091 1690 3091 1617 3091 1617 3092 1690 3092 1618 3092 1690 3093 1691 3093 1618 3093 1618 3094 1691 3094 1619 3094 1691 3095 1692 3095 1619 3095 1619 3096 1692 3096 1620 3096 1692 3097 1693 3097 1620 3097 1620 3098 1693 3098 1621 3098 1693 3099 1694 3099 1621 3099 1621 3100 1694 3100 1622 3100 1694 3101 1695 3101 1622 3101 1622 3102 1695 3102 1623 3102 1695 3103 1696 3103 1623 3103 1623 3104 1696 3104 1624 3104 1696 3105 1697 3105 1624 3105 1624 3106 1697 3106 1625 3106 1697 3107 1698 3107 1625 3107 1625 3108 1698 3108 1626 3108 1698 3109 1699 3109 1626 3109 1626 3110 1699 3110 1627 3110 1699 3111 1700 3111 1627 3111 1627 3112 1700 3112 1628 3112 1700 3113 1701 3113 1628 3113 1628 3114 1701 3114 1629 3114 1701 3115 1702 3115 1629 3115 1629 3116 1702 3116 1630 3116 1702 3117 1703 3117 1630 3117 1630 3118 1703 3118 1631 3118 1703 3119 1704 3119 1631 3119 1631 3120 1704 3120 1632 3120 1704 3121 1705 3121 1632 3121 1632 3122 1705 3122 1633 3122 1705 3123 1706 3123 1633 3123 1633 3124 1706 3124 1634 3124 1706 3125 1707 3125 1634 3125 1634 3126 1707 3126 1635 3126 1707 3127 1708 3127 1635 3127 1635 3128 1708 3128 1636 3128 1708 3129 1709 3129 1636 3129 1636 3130 1709 3130 1637 3130 1709 3131 1710 3131 1637 3131 1637 3132 1710 3132 1638 3132 1710 3133 1711 3133 1638 3133 1638 3134 1711 3134 1639 3134 1711 3135 1712 3135 1639 3135 1639 3136 1712 3136 1640 3136 1712 3137 1713 3137 1640 3137 1640 3138 1713 3138 1641 3138 1713 3139 1714 3139 1641 3139 1641 3140 1714 3140 1642 3140 1714 3141 1715 3141 1642 3141 1642 3142 1715 3142 1643 3142 1715 3143 1716 3143 1643 3143 1643 3144 1716 3144 1644 3144 1716 3145 1717 3145 1644 3145 1644 3146 1717 3146 1645 3146 1717 3147 1718 3147 1645 3147 1645 3148 1718 3148 1646 3148 1718 3149 1719 3149 1646 3149 1646 3150 1719 3150 1647 3150 1719 3151 1720 3151 1647 3151 1647 3152 1720 3152 1648 3152 1720 3153 1721 3153 1648 3153 1648 3154 1721 3154 1649 3154 1721 3155 1722 3155 1649 3155 1649 3156 1722 3156 1650 3156 1722 3157 1723 3157 1650 3157 1650 3158 1723 3158 1651 3158 1723 3159 1724 3159 1651 3159 1651 3160 1724 3160 1652 3160 1724 3161 1725 3161 1652 3161 1652 3162 1725 3162 1653 3162 1725 3163 1726 3163 1653 3163 1653 3164 1726 3164 1654 3164 1726 3165 1727 3165 1654 3165 1654 3166 1727 3166 1655 3166 1727 3167 1656 3167 1655 3167 1727 3168 1728 3168 1656 3168 1728 3169 1729 3169 1656 3169 1656 3170 1729 3170 1657 3170 1729 3171 1730 3171 1657 3171 1657 3172 1730 3172 1658 3172 1730 3173 1731 3173 1658 3173 1658 3174 1731 3174 1659 3174 1731 3175 1732 3175 1659 3175 1659 3176 1732 3176 1660 3176 1732 3177 1733 3177 1660 3177 1660 3178 1733 3178 1661 3178 1733 3179 1734 3179 1661 3179 1661 3180 1734 3180 1662 3180 1734 3181 1735 3181 1662 3181 1662 3182 1735 3182 1663 3182 1735 3183 1736 3183 1663 3183 1663 3184 1736 3184 1664 3184 1736 3185 1737 3185 1664 3185 1664 3186 1737 3186 1665 3186 1737 3187 1738 3187 1665 3187 1665 3188 1738 3188 1666 3188 1738 3189 1739 3189 1666 3189 1666 3190 1739 3190 1667 3190 1739 3191 1740 3191 1667 3191 1667 3192 1740 3192 1668 3192 1740 3193 1741 3193 1668 3193 1668 3194 1741 3194 1669 3194 1741 3195 1742 3195 1669 3195 1669 3196 1742 3196 1670 3196 1742 3197 1743 3197 1670 3197 1670 3198 1743 3198 1671 3198 1743 3199 1744 3199 1671 3199 1671 3200 1744 3200 1672 3200 1744 3201 1745 3201 1672 3201 1672 3202 1745 3202 1673 3202 1745 3203 1746 3203 1673 3203 1673 3204 1746 3204 1674 3204 1746 3205 1747 3205 1674 3205 1674 3206 1747 3206 1675 3206 1747 3207 1748 3207 1675 3207 1675 3208 1748 3208 1676 3208 1748 3209 1749 3209 1676 3209 1676 3210 1749 3210 1677 3210 1749 3211 1750 3211 1677 3211 1677 3212 1750 3212 1678 3212 1750 3213 1751 3213 1678 3213 1678 3214 1751 3214 1679 3214 1751 3215 1752 3215 1679 3215 1679 3216 1752 3216 1680 3216 1752 3217 1753 3217 1680 3217 1680 3218 1753 3218 1681 3218 1753 3219 1754 3219 1681 3219 1681 3220 1754 3220 1682 3220 1754 3221 1755 3221 1682 3221 1682 3222 1755 3222 1683 3222 1755 3223 1756 3223 1683 3223 1683 3224 1756 3224 1684 3224 1756 3225 1757 3225 1684 3225 1684 3226 1757 3226 1685 3226 1757 3227 1758 3227 1685 3227 1685 3228 1758 3228 1686 3228 1758 3229 1759 3229 1686 3229 1686 3230 1759 3230 1687 3230 1759 3231 1760 3231 1687 3231 1687 3232 1760 3232 1688 3232 1760 3233 1761 3233 1688 3233 1688 3234 1761 3234 1689 3234 1761 3235 1762 3235 1689 3235 1689 3236 1762 3236 1690 3236 1762 3237 1763 3237 1690 3237 1690 3238 1763 3238 1691 3238 1763 3239 1764 3239 1691 3239 1691 3240 1764 3240 1692 3240 1764 3241 1765 3241 1692 3241 1692 3242 1765 3242 1693 3242 1765 3243 1766 3243 1693 3243 1693 3244 1766 3244 1694 3244 1766 3245 1767 3245 1694 3245 1694 3246 1767 3246 1695 3246 1767 3247 1768 3247 1695 3247 1695 3248 1768 3248 1696 3248 1768 3249 1769 3249 1696 3249 1696 3250 1769 3250 1697 3250 1769 3251 1770 3251 1697 3251 1697 3252 1770 3252 1698 3252 1770 3253 1771 3253 1698 3253 1698 3254 1771 3254 1699 3254 1771 3255 1772 3255 1699 3255 1699 3256 1772 3256 1700 3256 1772 3257 1773 3257 1700 3257 1700 3258 1773 3258 1701 3258 1773 3259 1774 3259 1701 3259 1701 3260 1774 3260 1702 3260 1774 3261 1775 3261 1702 3261 1702 3262 1775 3262 1703 3262 1775 3263 1776 3263 1703 3263 1703 3264 1776 3264 1704 3264 1776 3265 1777 3265 1704 3265 1704 3266 1777 3266 1705 3266 1777 3267 1778 3267 1705 3267 1705 3268 1778 3268 1706 3268 1778 3269 1779 3269 1706 3269 1706 3270 1779 3270 1707 3270 1779 3271 1780 3271 1707 3271 1707 3272 1780 3272 1708 3272 1780 3273 1781 3273 1708 3273 1708 3274 1781 3274 1709 3274 1781 3275 1782 3275 1709 3275 1709 3276 1782 3276 1710 3276 1782 3277 1783 3277 1710 3277 1710 3278 1783 3278 1711 3278 1783 3279 1784 3279 1711 3279 1711 3280 1784 3280 1712 3280 1784 3281 1785 3281 1712 3281 1712 3282 1785 3282 1713 3282 1785 3283 1786 3283 1713 3283 1713 3284 1786 3284 1714 3284 1786 3285 1787 3285 1714 3285 1714 3286 1787 3286 1715 3286 1787 3287 1788 3287 1715 3287 1715 3288 1788 3288 1716 3288 1788 3289 1789 3289 1716 3289 1716 3290 1789 3290 1717 3290 1789 3291 1790 3291 1717 3291 1717 3292 1790 3292 1718 3292 1790 3293 1791 3293 1718 3293 1718 3294 1791 3294 1719 3294 1791 3295 1792 3295 1719 3295 1719 3296 1792 3296 1720 3296 1792 3297 1793 3297 1720 3297 1720 3298 1793 3298 1721 3298 1793 3299 1794 3299 1721 3299 1721 3300 1794 3300 1722 3300 1794 3301 1795 3301 1722 3301 1722 3302 1795 3302 1723 3302 1795 3303 1796 3303 1723 3303 1723 3304 1796 3304 1724 3304 1796 3305 1797 3305 1724 3305 1724 3306 1797 3306 1725 3306 1797 3307 1798 3307 1725 3307 1725 3308 1798 3308 1726 3308 1798 3309 1799 3309 1726 3309 1726 3310 1799 3310 1727 3310 1799 3311 1728 3311 1727 3311 1799 3312 1800 3312 1728 3312 1800 3313 1801 3313 1728 3313 1728 3314 1801 3314 1729 3314 1801 3315 1802 3315 1729 3315 1729 3316 1802 3316 1730 3316 1802 3317 1803 3317 1730 3317 1730 3318 1803 3318 1731 3318 1803 3319 1804 3319 1731 3319 1731 3320 1804 3320 1732 3320 1804 3321 1805 3321 1732 3321 1732 3322 1805 3322 1733 3322 1805 3323 1806 3323 1733 3323 1733 3324 1806 3324 1734 3324 1806 3325 1807 3325 1734 3325 1734 3326 1807 3326 1735 3326 1807 3327 1808 3327 1735 3327 1735 3328 1808 3328 1736 3328 1808 3329 1809 3329 1736 3329 1736 3330 1809 3330 1737 3330 1809 3331 1810 3331 1737 3331 1737 3332 1810 3332 1738 3332 1810 3333 1811 3333 1738 3333 1738 3334 1811 3334 1739 3334 1811 3335 1812 3335 1739 3335 1739 3336 1812 3336 1740 3336 1812 3337 1813 3337 1740 3337 1740 3338 1813 3338 1741 3338 1813 3339 1814 3339 1741 3339 1741 3340 1814 3340 1742 3340 1814 3341 1815 3341 1742 3341 1742 3342 1815 3342 1743 3342 1815 3343 1816 3343 1743 3343 1743 3344 1816 3344 1744 3344 1816 3345 1817 3345 1744 3345 1744 3346 1817 3346 1745 3346 1817 3347 1818 3347 1745 3347 1745 3348 1818 3348 1746 3348 1818 3349 1819 3349 1746 3349 1746 3350 1819 3350 1747 3350 1819 3351 1820 3351 1747 3351 1747 3352 1820 3352 1748 3352 1820 3353 1821 3353 1748 3353 1748 3354 1821 3354 1749 3354 1821 3355 1822 3355 1749 3355 1749 3356 1822 3356 1750 3356 1822 3357 1823 3357 1750 3357 1750 3358 1823 3358 1751 3358 1823 3359 1824 3359 1751 3359 1751 3360 1824 3360 1752 3360 1824 3361 1825 3361 1752 3361 1752 3362 1825 3362 1753 3362 1825 3363 1826 3363 1753 3363 1753 3364 1826 3364 1754 3364 1826 3365 1827 3365 1754 3365 1754 3366 1827 3366 1755 3366 1827 3367 1828 3367 1755 3367 1755 3368 1828 3368 1756 3368 1828 3369 1829 3369 1756 3369 1756 3370 1829 3370 1757 3370 1829 3371 1830 3371 1757 3371 1757 3372 1830 3372 1758 3372 1830 3373 1831 3373 1758 3373 1758 3374 1831 3374 1759 3374 1831 3375 1832 3375 1759 3375 1759 3376 1832 3376 1760 3376 1832 3377 1833 3377 1760 3377 1760 3378 1833 3378 1761 3378 1833 3379 1834 3379 1761 3379 1761 3380 1834 3380 1762 3380 1834 3381 1835 3381 1762 3381 1762 3382 1835 3382 1763 3382 1835 3383 1836 3383 1763 3383 1763 3384 1836 3384 1764 3384 1836 3385 1837 3385 1764 3385 1764 3386 1837 3386 1765 3386 1837 3387 1838 3387 1765 3387 1765 3388 1838 3388 1766 3388 1838 3389 1839 3389 1766 3389 1766 3390 1839 3390 1767 3390 1839 3391 1840 3391 1767 3391 1767 3392 1840 3392 1768 3392 1840 3393 1841 3393 1768 3393 1768 3394 1841 3394 1769 3394 1841 3395 1842 3395 1769 3395 1769 3396 1842 3396 1770 3396 1842 3397 1843 3397 1770 3397 1770 3398 1843 3398 1771 3398 1843 3399 1844 3399 1771 3399 1771 3400 1844 3400 1772 3400 1844 3401 1845 3401 1772 3401 1772 3402 1845 3402 1773 3402 1845 3403 1846 3403 1773 3403 1773 3404 1846 3404 1774 3404 1846 3405 1847 3405 1774 3405 1774 3406 1847 3406 1775 3406 1847 3407 1848 3407 1775 3407 1775 3408 1848 3408 1776 3408 1848 3409 1849 3409 1776 3409 1776 3410 1849 3410 1777 3410 1849 3411 1850 3411 1777 3411 1777 3412 1850 3412 1778 3412 1850 3413 1851 3413 1778 3413 1778 3414 1851 3414 1779 3414 1851 3415 1852 3415 1779 3415 1779 3416 1852 3416 1780 3416 1852 3417 1853 3417 1780 3417 1780 3418 1853 3418 1781 3418 1853 3419 1854 3419 1781 3419 1781 3420 1854 3420 1782 3420 1854 3421 1855 3421 1782 3421 1782 3422 1855 3422 1783 3422 1855 3423 1856 3423 1783 3423 1783 3424 1856 3424 1784 3424 1856 3425 1857 3425 1784 3425 1784 3426 1857 3426 1785 3426 1857 3427 1858 3427 1785 3427 1785 3428 1858 3428 1786 3428 1858 3429 1859 3429 1786 3429 1786 3430 1859 3430 1787 3430 1859 3431 1860 3431 1787 3431 1787 3432 1860 3432 1788 3432 1860 3433 1861 3433 1788 3433 1788 3434 1861 3434 1789 3434 1861 3435 1862 3435 1789 3435 1789 3436 1862 3436 1790 3436 1862 3437 1863 3437 1790 3437 1790 3438 1863 3438 1791 3438 1863 3439 1864 3439 1791 3439 1791 3440 1864 3440 1792 3440 1864 3441 1865 3441 1792 3441 1792 3442 1865 3442 1793 3442 1865 3443 1866 3443 1793 3443 1793 3444 1866 3444 1794 3444 1866 3445 1867 3445 1794 3445 1794 3446 1867 3446 1795 3446 1867 3447 1868 3447 1795 3447 1795 3448 1868 3448 1796 3448 1868 3449 1869 3449 1796 3449 1796 3450 1869 3450 1797 3450 1869 3451 1870 3451 1797 3451 1797 3452 1870 3452 1798 3452 1870 3453 1871 3453 1798 3453 1798 3454 1871 3454 1799 3454 1871 3455 1800 3455 1799 3455 1871 3456 1872 3456 1800 3456 1872 3457 1873 3457 1800 3457 1800 3458 1873 3458 1801 3458 1873 3459 1874 3459 1801 3459 1801 3460 1874 3460 1802 3460 1874 3461 1875 3461 1802 3461 1802 3462 1875 3462 1803 3462 1875 3463 1876 3463 1803 3463 1803 3464 1876 3464 1804 3464 1876 3465 1877 3465 1804 3465 1804 3466 1877 3466 1805 3466 1877 3467 1878 3467 1805 3467 1805 3468 1878 3468 1806 3468 1878 3469 1879 3469 1806 3469 1806 3470 1879 3470 1807 3470 1879 3471 1880 3471 1807 3471 1807 3472 1880 3472 1808 3472 1880 3473 1881 3473 1808 3473 1808 3474 1881 3474 1809 3474 1881 3475 1882 3475 1809 3475 1809 3476 1882 3476 1810 3476 1882 3477 1883 3477 1810 3477 1810 3478 1883 3478 1811 3478 1883 3479 1884 3479 1811 3479 1811 3480 1884 3480 1812 3480 1884 3481 1885 3481 1812 3481 1812 3482 1885 3482 1813 3482 1885 3483 1886 3483 1813 3483 1813 3484 1886 3484 1814 3484 1886 3485 1887 3485 1814 3485 1814 3486 1887 3486 1815 3486 1887 3487 1888 3487 1815 3487 1815 3488 1888 3488 1816 3488 1888 3489 1889 3489 1816 3489 1816 3490 1889 3490 1817 3490 1889 3491 1890 3491 1817 3491 1817 3492 1890 3492 1818 3492 1890 3493 1891 3493 1818 3493 1818 3494 1891 3494 1819 3494 1891 3495 1892 3495 1819 3495 1819 3496 1892 3496 1820 3496 1892 3497 1893 3497 1820 3497 1820 3498 1893 3498 1821 3498 1893 3499 1894 3499 1821 3499 1821 3500 1894 3500 1822 3500 1894 3501 1895 3501 1822 3501 1822 3502 1895 3502 1823 3502 1895 3503 1896 3503 1823 3503 1823 3504 1896 3504 1824 3504 1896 3505 1897 3505 1824 3505 1824 3506 1897 3506 1825 3506 1897 3507 1898 3507 1825 3507 1825 3508 1898 3508 1826 3508 1898 3509 1899 3509 1826 3509 1826 3510 1899 3510 1827 3510 1899 3511 1900 3511 1827 3511 1827 3512 1900 3512 1828 3512 1900 3513 1901 3513 1828 3513 1828 3514 1901 3514 1829 3514 1901 3515 1902 3515 1829 3515 1829 3516 1902 3516 1830 3516 1902 3517 1903 3517 1830 3517 1830 3518 1903 3518 1831 3518 1903 3519 1904 3519 1831 3519 1831 3520 1904 3520 1832 3520 1904 3521 1905 3521 1832 3521 1832 3522 1905 3522 1833 3522 1905 3523 1906 3523 1833 3523 1833 3524 1906 3524 1834 3524 1906 3525 1907 3525 1834 3525 1834 3526 1907 3526 1835 3526 1907 3527 1908 3527 1835 3527 1835 3528 1908 3528 1836 3528 1908 3529 1909 3529 1836 3529 1836 3530 1909 3530 1837 3530 1909 3531 1910 3531 1837 3531 1837 3532 1910 3532 1838 3532 1910 3533 1911 3533 1838 3533 1838 3534 1911 3534 1839 3534 1911 3535 1912 3535 1839 3535 1839 3536 1912 3536 1840 3536 1912 3537 1913 3537 1840 3537 1840 3538 1913 3538 1841 3538 1913 3539 1914 3539 1841 3539 1841 3540 1914 3540 1842 3540 1914 3541 1915 3541 1842 3541 1842 3542 1915 3542 1843 3542 1915 3543 1916 3543 1843 3543 1843 3544 1916 3544 1844 3544 1916 3545 1917 3545 1844 3545 1844 3546 1917 3546 1845 3546 1917 3547 1918 3547 1845 3547 1845 3548 1918 3548 1846 3548 1918 3549 1919 3549 1846 3549 1846 3550 1919 3550 1847 3550 1919 3551 1920 3551 1847 3551 1847 3552 1920 3552 1848 3552 1920 3553 1921 3553 1848 3553 1848 3554 1921 3554 1849 3554 1921 3555 1922 3555 1849 3555 1849 3556 1922 3556 1850 3556 1922 3557 1923 3557 1850 3557 1850 3558 1923 3558 1851 3558 1923 3559 1924 3559 1851 3559 1851 3560 1924 3560 1852 3560 1924 3561 1925 3561 1852 3561 1852 3562 1925 3562 1853 3562 1925 3563 1926 3563 1853 3563 1853 3564 1926 3564 1854 3564 1926 3565 1927 3565 1854 3565 1854 3566 1927 3566 1855 3566 1927 3567 1928 3567 1855 3567 1855 3568 1928 3568 1856 3568 1928 3569 1929 3569 1856 3569 1856 3570 1929 3570 1857 3570 1929 3571 1930 3571 1857 3571 1857 3572 1930 3572 1858 3572 1930 3573 1931 3573 1858 3573 1858 3574 1931 3574 1859 3574 1931 3575 1932 3575 1859 3575 1859 3576 1932 3576 1860 3576 1932 3577 1933 3577 1860 3577 1860 3578 1933 3578 1861 3578 1933 3579 1934 3579 1861 3579 1861 3580 1934 3580 1862 3580 1934 3581 1935 3581 1862 3581 1862 3582 1935 3582 1863 3582 1935 3583 1936 3583 1863 3583 1863 3584 1936 3584 1864 3584 1936 3585 1937 3585 1864 3585 1864 3586 1937 3586 1865 3586 1937 3587 1938 3587 1865 3587 1865 3588 1938 3588 1866 3588 1938 3589 1939 3589 1866 3589 1866 3590 1939 3590 1867 3590 1939 3591 1940 3591 1867 3591 1867 3592 1940 3592 1868 3592 1940 3593 1941 3593 1868 3593 1868 3594 1941 3594 1869 3594 1941 3595 1942 3595 1869 3595 1869 3596 1942 3596 1870 3596 1942 3597 1943 3597 1870 3597 1870 3598 1943 3598 1871 3598 1943 3599 1872 3599 1871 3599 1943 3600 1944 3600 1872 3600 1944 3601 1945 3601 1872 3601 1872 3602 1945 3602 1873 3602 1945 3603 1946 3603 1873 3603 1873 3604 1946 3604 1874 3604 1946 3605 1947 3605 1874 3605 1874 3606 1947 3606 1875 3606 1947 3607 1948 3607 1875 3607 1875 3608 1948 3608 1876 3608 1948 3609 1949 3609 1876 3609 1876 3610 1949 3610 1877 3610 1949 3611 1950 3611 1877 3611 1877 3612 1950 3612 1878 3612 1950 3613 1951 3613 1878 3613 1878 3614 1951 3614 1879 3614 1951 3615 1952 3615 1879 3615 1879 3616 1952 3616 1880 3616 1952 3617 1953 3617 1880 3617 1880 3618 1953 3618 1881 3618 1953 3619 1954 3619 1881 3619 1881 3620 1954 3620 1882 3620 1954 3621 1955 3621 1882 3621 1882 3622 1955 3622 1883 3622 1955 3623 1956 3623 1883 3623 1883 3624 1956 3624 1884 3624 1956 3625 1957 3625 1884 3625 1884 3626 1957 3626 1885 3626 1957 3627 1958 3627 1885 3627 1885 3628 1958 3628 1886 3628 1958 3629 1959 3629 1886 3629 1886 3630 1959 3630 1887 3630 1959 3631 1960 3631 1887 3631 1887 3632 1960 3632 1888 3632 1960 3633 1961 3633 1888 3633 1888 3634 1961 3634 1889 3634 1961 3635 1962 3635 1889 3635 1889 3636 1962 3636 1890 3636 1962 3637 1963 3637 1890 3637 1890 3638 1963 3638 1891 3638 1963 3639 1964 3639 1891 3639 1891 3640 1964 3640 1892 3640 1964 3641 1965 3641 1892 3641 1892 3642 1965 3642 1893 3642 1965 3643 1966 3643 1893 3643 1893 3644 1966 3644 1894 3644 1966 3645 1967 3645 1894 3645 1894 3646 1967 3646 1895 3646 1967 3647 1968 3647 1895 3647 1895 3648 1968 3648 1896 3648 1968 3649 1969 3649 1896 3649 1896 3650 1969 3650 1897 3650 1969 3651 1970 3651 1897 3651 1897 3652 1970 3652 1898 3652 1970 3653 1971 3653 1898 3653 1898 3654 1971 3654 1899 3654 1971 3655 1972 3655 1899 3655 1899 3656 1972 3656 1900 3656 1972 3657 1973 3657 1900 3657 1900 3658 1973 3658 1901 3658 1973 3659 1974 3659 1901 3659 1901 3660 1974 3660 1902 3660 1974 3661 1975 3661 1902 3661 1902 3662 1975 3662 1903 3662 1975 3663 1976 3663 1903 3663 1903 3664 1976 3664 1904 3664 1976 3665 1977 3665 1904 3665 1904 3666 1977 3666 1905 3666 1977 3667 1978 3667 1905 3667 1905 3668 1978 3668 1906 3668 1978 3669 1979 3669 1906 3669 1906 3670 1979 3670 1907 3670 1979 3671 1980 3671 1907 3671 1907 3672 1980 3672 1908 3672 1980 3673 1981 3673 1908 3673 1908 3674 1981 3674 1909 3674 1981 3675 1982 3675 1909 3675 1909 3676 1982 3676 1910 3676 1982 3677 1983 3677 1910 3677 1910 3678 1983 3678 1911 3678 1983 3679 1984 3679 1911 3679 1911 3680 1984 3680 1912 3680 1984 3681 1985 3681 1912 3681 1912 3682 1985 3682 1913 3682 1985 3683 1986 3683 1913 3683 1913 3684 1986 3684 1914 3684 1986 3685 1987 3685 1914 3685 1914 3686 1987 3686 1915 3686 1987 3687 1988 3687 1915 3687 1915 3688 1988 3688 1916 3688 1988 3689 1989 3689 1916 3689 1916 3690 1989 3690 1917 3690 1989 3691 1990 3691 1917 3691 1917 3692 1990 3692 1918 3692 1990 3693 1991 3693 1918 3693 1918 3694 1991 3694 1919 3694 1991 3695 1992 3695 1919 3695 1919 3696 1992 3696 1920 3696 1992 3697 1993 3697 1920 3697 1920 3698 1993 3698 1921 3698 1993 3699 1994 3699 1921 3699 1921 3700 1994 3700 1922 3700 1994 3701 1995 3701 1922 3701 1922 3702 1995 3702 1923 3702 1995 3703 1996 3703 1923 3703 1923 3704 1996 3704 1924 3704 1996 3705 1997 3705 1924 3705 1924 3706 1997 3706 1925 3706 1997 3707 1998 3707 1925 3707 1925 3708 1998 3708 1926 3708 1998 3709 1999 3709 1926 3709 1926 3710 1999 3710 1927 3710 1999 3711 2000 3711 1927 3711 1927 3712 2000 3712 1928 3712 2000 3713 2001 3713 1928 3713 1928 3714 2001 3714 1929 3714 2001 3715 2002 3715 1929 3715 1929 3716 2002 3716 1930 3716 2002 3717 2003 3717 1930 3717 1930 3718 2003 3718 1931 3718 2003 3719 2004 3719 1931 3719 1931 3720 2004 3720 1932 3720 2004 3721 2005 3721 1932 3721 1932 3722 2005 3722 1933 3722 2005 3723 2006 3723 1933 3723 1933 3724 2006 3724 1934 3724 2006 3725 2007 3725 1934 3725 1934 3726 2007 3726 1935 3726 2007 3727 2008 3727 1935 3727 1935 3728 2008 3728 1936 3728 2008 3729 2009 3729 1936 3729 1936 3730 2009 3730 1937 3730 2009 3731 2010 3731 1937 3731 1937 3732 2010 3732 1938 3732 2010 3733 2011 3733 1938 3733 1938 3734 2011 3734 1939 3734 2011 3735 2012 3735 1939 3735 1939 3736 2012 3736 1940 3736 2012 3737 2013 3737 1940 3737 1940 3738 2013 3738 1941 3738 2013 3739 2014 3739 1941 3739 1941 3740 2014 3740 1942 3740 2014 3741 2015 3741 1942 3741 1942 3742 2015 3742 1943 3742 2015 3743 1944 3743 1943 3743 2015 3744 2016 3744 1944 3744 2016 3745 2017 3745 1944 3745 1944 3746 2017 3746 1945 3746 2017 3747 2018 3747 1945 3747 1945 3748 2018 3748 1946 3748 2018 3749 2019 3749 1946 3749 1946 3750 2019 3750 1947 3750 2019 3751 2020 3751 1947 3751 1947 3752 2020 3752 1948 3752 2020 3753 2021 3753 1948 3753 1948 3754 2021 3754 1949 3754 2021 3755 2022 3755 1949 3755 1949 3756 2022 3756 1950 3756 2022 3757 2023 3757 1950 3757 1950 3758 2023 3758 1951 3758 2023 3759 2024 3759 1951 3759 1951 3760 2024 3760 1952 3760 2024 3761 2025 3761 1952 3761 1952 3762 2025 3762 1953 3762 2025 3763 2026 3763 1953 3763 1953 3764 2026 3764 1954 3764 2026 3765 2027 3765 1954 3765 1954 3766 2027 3766 1955 3766 2027 3767 2028 3767 1955 3767 1955 3768 2028 3768 1956 3768 2028 3769 2029 3769 1956 3769 1956 3770 2029 3770 1957 3770 2029 3771 2030 3771 1957 3771 1957 3772 2030 3772 1958 3772 2030 3773 2031 3773 1958 3773 1958 3774 2031 3774 1959 3774 2031 3775 2032 3775 1959 3775 1959 3776 2032 3776 1960 3776 2032 3777 2033 3777 1960 3777 1960 3778 2033 3778 1961 3778 2033 3779 2034 3779 1961 3779 1961 3780 2034 3780 1962 3780 2034 3781 2035 3781 1962 3781 1962 3782 2035 3782 1963 3782 2035 3783 2036 3783 1963 3783 1963 3784 2036 3784 1964 3784 2036 3785 2037 3785 1964 3785 1964 3786 2037 3786 1965 3786 2037 3787 2038 3787 1965 3787 1965 3788 2038 3788 1966 3788 2038 3789 2039 3789 1966 3789 1966 3790 2039 3790 1967 3790 2039 3791 2040 3791 1967 3791 1967 3792 2040 3792 1968 3792 2040 3793 2041 3793 1968 3793 1968 3794 2041 3794 1969 3794 2041 3795 2042 3795 1969 3795 1969 3796 2042 3796 1970 3796 2042 3797 2043 3797 1970 3797 1970 3798 2043 3798 1971 3798 2043 3799 2044 3799 1971 3799 1971 3800 2044 3800 1972 3800 2044 3801 2045 3801 1972 3801 1972 3802 2045 3802 1973 3802 2045 3803 2046 3803 1973 3803 1973 3804 2046 3804 1974 3804 2046 3805 2047 3805 1974 3805 1974 3806 2047 3806 1975 3806 2047 3807 2048 3807 1975 3807 1975 3808 2048 3808 1976 3808 2048 3809 2049 3809 1976 3809 1976 3810 2049 3810 1977 3810 2049 3811 2050 3811 1977 3811 1977 3812 2050 3812 1978 3812 2050 3813 2051 3813 1978 3813 1978 3814 2051 3814 1979 3814 2051 3815 2052 3815 1979 3815 1979 3816 2052 3816 1980 3816 2052 3817 2053 3817 1980 3817 1980 3818 2053 3818 1981 3818 2053 3819 2054 3819 1981 3819 1981 3820 2054 3820 1982 3820 2054 3821 2055 3821 1982 3821 1982 3822 2055 3822 1983 3822 2055 3823 2056 3823 1983 3823 1983 3824 2056 3824 1984 3824 2056 3825 2057 3825 1984 3825 1984 3826 2057 3826 1985 3826 2057 3827 2058 3827 1985 3827 1985 3828 2058 3828 1986 3828 2058 3829 2059 3829 1986 3829 1986 3830 2059 3830 1987 3830 2059 3831 2060 3831 1987 3831 1987 3832 2060 3832 1988 3832 2060 3833 2061 3833 1988 3833 1988 3834 2061 3834 1989 3834 2061 3835 2062 3835 1989 3835 1989 3836 2062 3836 1990 3836 2062 3837 2063 3837 1990 3837 1990 3838 2063 3838 1991 3838 2063 3839 2064 3839 1991 3839 1991 3840 2064 3840 1992 3840 2064 3841 2065 3841 1992 3841 1992 3842 2065 3842 1993 3842 2065 3843 2066 3843 1993 3843 1993 3844 2066 3844 1994 3844 2066 3845 2067 3845 1994 3845 1994 3846 2067 3846 1995 3846 2067 3847 2068 3847 1995 3847 1995 3848 2068 3848 1996 3848 2068 3849 2069 3849 1996 3849 1996 3850 2069 3850 1997 3850 2069 3851 2070 3851 1997 3851 1997 3852 2070 3852 1998 3852 2070 3853 2071 3853 1998 3853 1998 3854 2071 3854 1999 3854 2071 3855 2072 3855 1999 3855 1999 3856 2072 3856 2000 3856 2072 3857 2073 3857 2000 3857 2000 3858 2073 3858 2001 3858 2073 3859 2074 3859 2001 3859 2001 3860 2074 3860 2002 3860 2074 3861 2075 3861 2002 3861 2002 3862 2075 3862 2003 3862 2075 3863 2076 3863 2003 3863 2003 3864 2076 3864 2004 3864 2076 3865 2077 3865 2004 3865 2004 3866 2077 3866 2005 3866 2077 3867 2078 3867 2005 3867 2005 3868 2078 3868 2006 3868 2078 3869 2079 3869 2006 3869 2006 3870 2079 3870 2007 3870 2079 3871 2080 3871 2007 3871 2007 3872 2080 3872 2008 3872 2080 3873 2081 3873 2008 3873 2008 3874 2081 3874 2009 3874 2081 3875 2082 3875 2009 3875 2009 3876 2082 3876 2010 3876 2082 3877 2083 3877 2010 3877 2010 3878 2083 3878 2011 3878 2083 3879 2084 3879 2011 3879 2011 3880 2084 3880 2012 3880 2084 3881 2085 3881 2012 3881 2012 3882 2085 3882 2013 3882 2085 3883 2086 3883 2013 3883 2013 3884 2086 3884 2014 3884 2086 3885 2087 3885 2014 3885 2014 3886 2087 3886 2015 3886 2087 3887 2016 3887 2015 3887 2087 3888 2088 3888 2016 3888 2088 3889 2089 3889 2016 3889 2016 3890 2089 3890 2017 3890 2089 3891 2090 3891 2017 3891 2017 3892 2090 3892 2018 3892 2090 3893 2091 3893 2018 3893 2018 3894 2091 3894 2019 3894 2091 3895 2092 3895 2019 3895 2019 3896 2092 3896 2020 3896 2092 3897 2093 3897 2020 3897 2020 3898 2093 3898 2021 3898 2093 3899 2094 3899 2021 3899 2021 3900 2094 3900 2022 3900 2094 3901 2095 3901 2022 3901 2022 3902 2095 3902 2023 3902 2095 3903 2096 3903 2023 3903 2023 3904 2096 3904 2024 3904 2096 3905 2097 3905 2024 3905 2024 3906 2097 3906 2025 3906 2097 3907 2098 3907 2025 3907 2025 3908 2098 3908 2026 3908 2098 3909 2099 3909 2026 3909 2026 3910 2099 3910 2027 3910 2099 3911 2100 3911 2027 3911 2027 3912 2100 3912 2028 3912 2100 3913 2101 3913 2028 3913 2028 3914 2101 3914 2029 3914 2101 3915 2102 3915 2029 3915 2029 3916 2102 3916 2030 3916 2102 3917 2103 3917 2030 3917 2030 3918 2103 3918 2031 3918 2103 3919 2104 3919 2031 3919 2031 3920 2104 3920 2032 3920 2104 3921 2105 3921 2032 3921 2032 3922 2105 3922 2033 3922 2105 3923 2106 3923 2033 3923 2033 3924 2106 3924 2034 3924 2106 3925 2107 3925 2034 3925 2034 3926 2107 3926 2035 3926 2107 3927 2108 3927 2035 3927 2035 3928 2108 3928 2036 3928 2108 3929 2109 3929 2036 3929 2036 3930 2109 3930 2037 3930 2109 3931 2110 3931 2037 3931 2037 3932 2110 3932 2038 3932 2110 3933 2111 3933 2038 3933 2038 3934 2111 3934 2039 3934 2111 3935 2112 3935 2039 3935 2039 3936 2112 3936 2040 3936 2112 3937 2113 3937 2040 3937 2040 3938 2113 3938 2041 3938 2113 3939 2114 3939 2041 3939 2041 3940 2114 3940 2042 3940 2114 3941 2115 3941 2042 3941 2042 3942 2115 3942 2043 3942 2115 3943 2116 3943 2043 3943 2043 3944 2116 3944 2044 3944 2116 3945 2117 3945 2044 3945 2044 3946 2117 3946 2045 3946 2117 3947 2118 3947 2045 3947 2045 3948 2118 3948 2046 3948 2118 3949 2119 3949 2046 3949 2046 3950 2119 3950 2047 3950 2119 3951 2120 3951 2047 3951 2047 3952 2120 3952 2048 3952 2120 3953 2121 3953 2048 3953 2048 3954 2121 3954 2049 3954 2121 3955 2122 3955 2049 3955 2049 3956 2122 3956 2050 3956 2122 3957 2123 3957 2050 3957 2050 3958 2123 3958 2051 3958 2123 3959 2124 3959 2051 3959 2051 3960 2124 3960 2052 3960 2124 3961 2125 3961 2052 3961 2052 3962 2125 3962 2053 3962 2125 3963 2126 3963 2053 3963 2053 3964 2126 3964 2054 3964 2126 3965 2127 3965 2054 3965 2054 3966 2127 3966 2055 3966 2127 3967 2128 3967 2055 3967 2055 3968 2128 3968 2056 3968 2128 3969 2129 3969 2056 3969 2056 3970 2129 3970 2057 3970 2129 3971 2130 3971 2057 3971 2057 3972 2130 3972 2058 3972 2130 3973 2131 3973 2058 3973 2058 3974 2131 3974 2059 3974 2131 3975 2132 3975 2059 3975 2059 3976 2132 3976 2060 3976 2132 3977 2133 3977 2060 3977 2060 3978 2133 3978 2061 3978 2133 3979 2134 3979 2061 3979 2061 3980 2134 3980 2062 3980 2134 3981 2135 3981 2062 3981 2062 3982 2135 3982 2063 3982 2135 3983 2136 3983 2063 3983 2063 3984 2136 3984 2064 3984 2136 3985 2137 3985 2064 3985 2064 3986 2137 3986 2065 3986 2137 3987 2138 3987 2065 3987 2065 3988 2138 3988 2066 3988 2138 3989 2139 3989 2066 3989 2066 3990 2139 3990 2067 3990 2139 3991 2140 3991 2067 3991 2067 3992 2140 3992 2068 3992 2140 3993 2141 3993 2068 3993 2068 3994 2141 3994 2069 3994 2141 3995 2142 3995 2069 3995 2069 3996 2142 3996 2070 3996 2142 3997 2143 3997 2070 3997 2070 3998 2143 3998 2071 3998 2143 3999 2144 3999 2071 3999 2071 4000 2144 4000 2072 4000 2144 4001 2145 4001 2072 4001 2072 4002 2145 4002 2073 4002 2145 4003 2146 4003 2073 4003 2073 4004 2146 4004 2074 4004 2146 4005 2147 4005 2074 4005 2074 4006 2147 4006 2075 4006 2147 4007 2148 4007 2075 4007 2075 4008 2148 4008 2076 4008 2148 4009 2149 4009 2076 4009 2076 4010 2149 4010 2077 4010 2149 4011 2150 4011 2077 4011 2077 4012 2150 4012 2078 4012 2150 4013 2151 4013 2078 4013 2078 4014 2151 4014 2079 4014 2151 4015 2152 4015 2079 4015 2079 4016 2152 4016 2080 4016 2152 4017 2153 4017 2080 4017 2080 4018 2153 4018 2081 4018 2153 4019 2154 4019 2081 4019 2081 4020 2154 4020 2082 4020 2154 4021 2155 4021 2082 4021 2082 4022 2155 4022 2083 4022 2155 4023 2156 4023 2083 4023 2083 4024 2156 4024 2084 4024 2156 4025 2157 4025 2084 4025 2084 4026 2157 4026 2085 4026 2157 4027 2158 4027 2085 4027 2085 4028 2158 4028 2086 4028 2158 4029 2159 4029 2086 4029 2086 4030 2159 4030 2087 4030 2159 4031 2088 4031 2087 4031 2159 4032 2160 4032 2088 4032 2160 4033 2161 4033 2088 4033 2088 4034 2161 4034 2089 4034 2161 4035 2162 4035 2089 4035 2089 4036 2162 4036 2090 4036 2162 4037 2163 4037 2090 4037 2090 4038 2163 4038 2091 4038 2163 4039 2164 4039 2091 4039 2091 4040 2164 4040 2092 4040 2164 4041 2165 4041 2092 4041 2092 4042 2165 4042 2093 4042 2165 4043 2166 4043 2093 4043 2093 4044 2166 4044 2094 4044 2166 4045 2167 4045 2094 4045 2094 4046 2167 4046 2095 4046 2167 4047 2168 4047 2095 4047 2095 4048 2168 4048 2096 4048 2168 4049 2169 4049 2096 4049 2096 4050 2169 4050 2097 4050 2169 4051 2170 4051 2097 4051 2097 4052 2170 4052 2098 4052 2170 4053 2171 4053 2098 4053 2098 4054 2171 4054 2099 4054 2171 4055 2172 4055 2099 4055 2099 4056 2172 4056 2100 4056 2172 4057 2173 4057 2100 4057 2100 4058 2173 4058 2101 4058 2173 4059 2174 4059 2101 4059 2101 4060 2174 4060 2102 4060 2174 4061 2175 4061 2102 4061 2102 4062 2175 4062 2103 4062 2175 4063 2176 4063 2103 4063 2103 4064 2176 4064 2104 4064 2176 4065 2177 4065 2104 4065 2104 4066 2177 4066 2105 4066 2177 4067 2178 4067 2105 4067 2105 4068 2178 4068 2106 4068 2178 4069 2179 4069 2106 4069 2106 4070 2179 4070 2107 4070 2179 4071 2180 4071 2107 4071 2107 4072 2180 4072 2108 4072 2180 4073 2181 4073 2108 4073 2108 4074 2181 4074 2109 4074 2181 4075 2182 4075 2109 4075 2109 4076 2182 4076 2110 4076 2182 4077 2183 4077 2110 4077 2110 4078 2183 4078 2111 4078 2183 4079 2184 4079 2111 4079 2111 4080 2184 4080 2112 4080 2184 4081 2185 4081 2112 4081 2112 4082 2185 4082 2113 4082 2185 4083 2186 4083 2113 4083 2113 4084 2186 4084 2114 4084 2186 4085 2187 4085 2114 4085 2114 4086 2187 4086 2115 4086 2187 4087 2188 4087 2115 4087 2115 4088 2188 4088 2116 4088 2188 4089 2189 4089 2116 4089 2116 4090 2189 4090 2117 4090 2189 4091 2190 4091 2117 4091 2117 4092 2190 4092 2118 4092 2190 4093 2191 4093 2118 4093 2118 4094 2191 4094 2119 4094 2191 4095 2192 4095 2119 4095 2119 4096 2192 4096 2120 4096 2192 4097 2193 4097 2120 4097 2120 4098 2193 4098 2121 4098 2193 4099 2194 4099 2121 4099 2121 4100 2194 4100 2122 4100 2194 4101 2195 4101 2122 4101 2122 4102 2195 4102 2123 4102 2195 4103 2196 4103 2123 4103 2123 4104 2196 4104 2124 4104 2196 4105 2197 4105 2124 4105 2124 4106 2197 4106 2125 4106 2197 4107 2198 4107 2125 4107 2125 4108 2198 4108 2126 4108 2198 4109 2199 4109 2126 4109 2126 4110 2199 4110 2127 4110 2199 4111 2200 4111 2127 4111 2127 4112 2200 4112 2128 4112 2200 4113 2201 4113 2128 4113 2128 4114 2201 4114 2129 4114 2201 4115 2202 4115 2129 4115 2129 4116 2202 4116 2130 4116 2202 4117 2203 4117 2130 4117 2130 4118 2203 4118 2131 4118 2203 4119 2204 4119 2131 4119 2131 4120 2204 4120 2132 4120 2204 4121 2205 4121 2132 4121 2132 4122 2205 4122 2133 4122 2205 4123 2206 4123 2133 4123 2133 4124 2206 4124 2134 4124 2206 4125 2207 4125 2134 4125 2134 4126 2207 4126 2135 4126 2207 4127 2208 4127 2135 4127 2135 4128 2208 4128 2136 4128 2208 4129 2209 4129 2136 4129 2136 4130 2209 4130 2137 4130 2209 4131 2210 4131 2137 4131 2137 4132 2210 4132 2138 4132 2210 4133 2211 4133 2138 4133 2138 4134 2211 4134 2139 4134 2211 4135 2212 4135 2139 4135 2139 4136 2212 4136 2140 4136 2212 4137 2213 4137 2140 4137 2140 4138 2213 4138 2141 4138 2213 4139 2214 4139 2141 4139 2141 4140 2214 4140 2142 4140 2214 4141 2215 4141 2142 4141 2142 4142 2215 4142 2143 4142 2215 4143 2216 4143 2143 4143 2143 4144 2216 4144 2144 4144 2216 4145 2217 4145 2144 4145 2144 4146 2217 4146 2145 4146 2217 4147 2218 4147 2145 4147 2145 4148 2218 4148 2146 4148 2218 4149 2219 4149 2146 4149 2146 4150 2219 4150 2147 4150 2219 4151 2220 4151 2147 4151 2147 4152 2220 4152 2148 4152 2220 4153 2221 4153 2148 4153 2148 4154 2221 4154 2149 4154 2221 4155 2222 4155 2149 4155 2149 4156 2222 4156 2150 4156 2222 4157 2223 4157 2150 4157 2150 4158 2223 4158 2151 4158 2223 4159 2224 4159 2151 4159 2151 4160 2224 4160 2152 4160 2224 4161 2225 4161 2152 4161 2152 4162 2225 4162 2153 4162 2225 4163 2226 4163 2153 4163 2153 4164 2226 4164 2154 4164 2226 4165 2227 4165 2154 4165 2154 4166 2227 4166 2155 4166 2227 4167 2228 4167 2155 4167 2155 4168 2228 4168 2156 4168 2228 4169 2229 4169 2156 4169 2156 4170 2229 4170 2157 4170 2229 4171 2230 4171 2157 4171 2157 4172 2230 4172 2158 4172 2230 4173 2231 4173 2158 4173 2158 4174 2231 4174 2159 4174 2231 4175 2160 4175 2159 4175 2231 4176 2232 4176 2160 4176 2232 4177 2233 4177 2160 4177 2160 4178 2233 4178 2161 4178 2233 4179 2234 4179 2161 4179 2161 4180 2234 4180 2162 4180 2234 4181 2235 4181 2162 4181 2162 4182 2235 4182 2163 4182 2235 4183 2236 4183 2163 4183 2163 4184 2236 4184 2164 4184 2236 4185 2237 4185 2164 4185 2164 4186 2237 4186 2165 4186 2237 4187 2238 4187 2165 4187 2165 4188 2238 4188 2166 4188 2238 4189 2239 4189 2166 4189 2166 4190 2239 4190 2167 4190 2239 4191 2240 4191 2167 4191 2167 4192 2240 4192 2168 4192 2240 4193 2241 4193 2168 4193 2168 4194 2241 4194 2169 4194 2241 4195 2242 4195 2169 4195 2169 4196 2242 4196 2170 4196 2242 4197 2243 4197 2170 4197 2170 4198 2243 4198 2171 4198 2243 4199 2244 4199 2171 4199 2171 4200 2244 4200 2172 4200 2244 4201 2245 4201 2172 4201 2172 4202 2245 4202 2173 4202 2245 4203 2246 4203 2173 4203 2173 4204 2246 4204 2174 4204 2246 4205 2247 4205 2174 4205 2174 4206 2247 4206 2175 4206 2247 4207 2248 4207 2175 4207 2175 4208 2248 4208 2176 4208 2248 4209 2249 4209 2176 4209 2176 4210 2249 4210 2177 4210 2249 4211 2250 4211 2177 4211 2177 4212 2250 4212 2178 4212 2250 4213 2251 4213 2178 4213 2178 4214 2251 4214 2179 4214 2251 4215 2252 4215 2179 4215 2179 4216 2252 4216 2180 4216 2252 4217 2253 4217 2180 4217 2180 4218 2253 4218 2181 4218 2253 4219 2254 4219 2181 4219 2181 4220 2254 4220 2182 4220 2254 4221 2255 4221 2182 4221 2182 4222 2255 4222 2183 4222 2255 4223 2256 4223 2183 4223 2183 4224 2256 4224 2184 4224 2256 4225 2257 4225 2184 4225 2184 4226 2257 4226 2185 4226 2257 4227 2258 4227 2185 4227 2185 4228 2258 4228 2186 4228 2258 4229 2259 4229 2186 4229 2186 4230 2259 4230 2187 4230 2259 4231 2260 4231 2187 4231 2187 4232 2260 4232 2188 4232 2260 4233 2261 4233 2188 4233 2188 4234 2261 4234 2189 4234 2261 4235 2262 4235 2189 4235 2189 4236 2262 4236 2190 4236 2262 4237 2263 4237 2190 4237 2190 4238 2263 4238 2191 4238 2263 4239 2264 4239 2191 4239 2191 4240 2264 4240 2192 4240 2264 4241 2265 4241 2192 4241 2192 4242 2265 4242 2193 4242 2265 4243 2266 4243 2193 4243 2193 4244 2266 4244 2194 4244 2266 4245 2267 4245 2194 4245 2194 4246 2267 4246 2195 4246 2267 4247 2268 4247 2195 4247 2195 4248 2268 4248 2196 4248 2268 4249 2269 4249 2196 4249 2196 4250 2269 4250 2197 4250 2269 4251 2270 4251 2197 4251 2197 4252 2270 4252 2198 4252 2270 4253 2271 4253 2198 4253 2198 4254 2271 4254 2199 4254 2271 4255 2272 4255 2199 4255 2199 4256 2272 4256 2200 4256 2272 4257 2273 4257 2200 4257 2200 4258 2273 4258 2201 4258 2273 4259 2274 4259 2201 4259 2201 4260 2274 4260 2202 4260 2274 4261 2275 4261 2202 4261 2202 4262 2275 4262 2203 4262 2275 4263 2276 4263 2203 4263 2203 4264 2276 4264 2204 4264 2276 4265 2277 4265 2204 4265 2204 4266 2277 4266 2205 4266 2277 4267 2278 4267 2205 4267 2205 4268 2278 4268 2206 4268 2278 4269 2279 4269 2206 4269 2206 4270 2279 4270 2207 4270 2279 4271 2280 4271 2207 4271 2207 4272 2280 4272 2208 4272 2280 4273 2281 4273 2208 4273 2208 4274 2281 4274 2209 4274 2281 4275 2282 4275 2209 4275 2209 4276 2282 4276 2210 4276 2282 4277 2283 4277 2210 4277 2210 4278 2283 4278 2211 4278 2283 4279 2284 4279 2211 4279 2211 4280 2284 4280 2212 4280 2284 4281 2285 4281 2212 4281 2212 4282 2285 4282 2213 4282 2285 4283 2286 4283 2213 4283 2213 4284 2286 4284 2214 4284 2286 4285 2287 4285 2214 4285 2214 4286 2287 4286 2215 4286 2287 4287 2288 4287 2215 4287 2215 4288 2288 4288 2216 4288 2288 4289 2289 4289 2216 4289 2216 4290 2289 4290 2217 4290 2289 4291 2290 4291 2217 4291 2217 4292 2290 4292 2218 4292 2290 4293 2291 4293 2218 4293 2218 4294 2291 4294 2219 4294 2291 4295 2292 4295 2219 4295 2219 4296 2292 4296 2220 4296 2292 4297 2293 4297 2220 4297 2220 4298 2293 4298 2221 4298 2293 4299 2294 4299 2221 4299 2221 4300 2294 4300 2222 4300 2294 4301 2295 4301 2222 4301 2222 4302 2295 4302 2223 4302 2295 4303 2296 4303 2223 4303 2223 4304 2296 4304 2224 4304 2296 4305 2297 4305 2224 4305 2224 4306 2297 4306 2225 4306 2297 4307 2298 4307 2225 4307 2225 4308 2298 4308 2226 4308 2298 4309 2299 4309 2226 4309 2226 4310 2299 4310 2227 4310 2299 4311 2300 4311 2227 4311 2227 4312 2300 4312 2228 4312 2300 4313 2301 4313 2228 4313 2228 4314 2301 4314 2229 4314 2301 4315 2302 4315 2229 4315 2229 4316 2302 4316 2230 4316 2302 4317 2303 4317 2230 4317 2230 4318 2303 4318 2231 4318 2303 4319 2232 4319 2231 4319 2303 4320 2304 4320 2232 4320 2304 4321 2305 4321 2232 4321 2232 4322 2305 4322 2233 4322 2305 4323 2306 4323 2233 4323 2233 4324 2306 4324 2234 4324 2306 4325 2307 4325 2234 4325 2234 4326 2307 4326 2235 4326 2307 4327 2308 4327 2235 4327 2235 4328 2308 4328 2236 4328 2308 4329 2309 4329 2236 4329 2236 4330 2309 4330 2237 4330 2309 4331 2310 4331 2237 4331 2237 4332 2310 4332 2238 4332 2310 4333 2311 4333 2238 4333 2238 4334 2311 4334 2239 4334 2311 4335 2312 4335 2239 4335 2239 4336 2312 4336 2240 4336 2312 4337 2313 4337 2240 4337 2240 4338 2313 4338 2241 4338 2313 4339 2314 4339 2241 4339 2241 4340 2314 4340 2242 4340 2314 4341 2315 4341 2242 4341 2242 4342 2315 4342 2243 4342 2315 4343 2316 4343 2243 4343 2243 4344 2316 4344 2244 4344 2316 4345 2317 4345 2244 4345 2244 4346 2317 4346 2245 4346 2317 4347 2318 4347 2245 4347 2245 4348 2318 4348 2246 4348 2318 4349 2319 4349 2246 4349 2246 4350 2319 4350 2247 4350 2319 4351 2320 4351 2247 4351 2247 4352 2320 4352 2248 4352 2320 4353 2321 4353 2248 4353 2248 4354 2321 4354 2249 4354 2321 4355 2322 4355 2249 4355 2249 4356 2322 4356 2250 4356 2322 4357 2323 4357 2250 4357 2250 4358 2323 4358 2251 4358 2323 4359 2324 4359 2251 4359 2251 4360 2324 4360 2252 4360 2324 4361 2325 4361 2252 4361 2252 4362 2325 4362 2253 4362 2325 4363 2326 4363 2253 4363 2253 4364 2326 4364 2254 4364 2326 4365 2327 4365 2254 4365 2254 4366 2327 4366 2255 4366 2327 4367 2328 4367 2255 4367 2255 4368 2328 4368 2256 4368 2328 4369 2329 4369 2256 4369 2256 4370 2329 4370 2257 4370 2329 4371 2330 4371 2257 4371 2257 4372 2330 4372 2258 4372 2330 4373 2331 4373 2258 4373 2258 4374 2331 4374 2259 4374 2331 4375 2332 4375 2259 4375 2259 4376 2332 4376 2260 4376 2332 4377 2333 4377 2260 4377 2260 4378 2333 4378 2261 4378 2333 4379 2334 4379 2261 4379 2261 4380 2334 4380 2262 4380 2334 4381 2335 4381 2262 4381 2262 4382 2335 4382 2263 4382 2335 4383 2336 4383 2263 4383 2263 4384 2336 4384 2264 4384 2336 4385 2337 4385 2264 4385 2264 4386 2337 4386 2265 4386 2337 4387 2338 4387 2265 4387 2265 4388 2338 4388 2266 4388 2338 4389 2339 4389 2266 4389 2266 4390 2339 4390 2267 4390 2339 4391 2340 4391 2267 4391 2267 4392 2340 4392 2268 4392 2340 4393 2341 4393 2268 4393 2268 4394 2341 4394 2269 4394 2341 4395 2342 4395 2269 4395 2269 4396 2342 4396 2270 4396 2342 4397 2343 4397 2270 4397 2270 4398 2343 4398 2271 4398 2343 4399 2344 4399 2271 4399 2271 4400 2344 4400 2272 4400 2344 4401 2345 4401 2272 4401 2272 4402 2345 4402 2273 4402 2345 4403 2346 4403 2273 4403 2273 4404 2346 4404 2274 4404 2346 4405 2347 4405 2274 4405 2274 4406 2347 4406 2275 4406 2347 4407 2348 4407 2275 4407 2275 4408 2348 4408 2276 4408 2348 4409 2349 4409 2276 4409 2276 4410 2349 4410 2277 4410 2349 4411 2350 4411 2277 4411 2277 4412 2350 4412 2278 4412 2350 4413 2351 4413 2278 4413 2278 4414 2351 4414 2279 4414 2351 4415 2352 4415 2279 4415 2279 4416 2352 4416 2280 4416 2352 4417 2353 4417 2280 4417 2280 4418 2353 4418 2281 4418 2353 4419 2354 4419 2281 4419 2281 4420 2354 4420 2282 4420 2354 4421 2355 4421 2282 4421 2282 4422 2355 4422 2283 4422 2355 4423 2356 4423 2283 4423 2283 4424 2356 4424 2284 4424 2356 4425 2357 4425 2284 4425 2284 4426 2357 4426 2285 4426 2357 4427 2358 4427 2285 4427 2285 4428 2358 4428 2286 4428 2358 4429 2359 4429 2286 4429 2286 4430 2359 4430 2287 4430 2359 4431 2360 4431 2287 4431 2287 4432 2360 4432 2288 4432 2360 4433 2361 4433 2288 4433 2288 4434 2361 4434 2289 4434 2361 4435 2362 4435 2289 4435 2289 4436 2362 4436 2290 4436 2362 4437 2363 4437 2290 4437 2290 4438 2363 4438 2291 4438 2363 4439 2364 4439 2291 4439 2291 4440 2364 4440 2292 4440 2364 4441 2365 4441 2292 4441 2292 4442 2365 4442 2293 4442 2365 4443 2366 4443 2293 4443 2293 4444 2366 4444 2294 4444 2366 4445 2367 4445 2294 4445 2294 4446 2367 4446 2295 4446 2367 4447 2368 4447 2295 4447 2295 4448 2368 4448 2296 4448 2368 4449 2369 4449 2296 4449 2296 4450 2369 4450 2297 4450 2369 4451 2370 4451 2297 4451 2297 4452 2370 4452 2298 4452 2370 4453 2371 4453 2298 4453 2298 4454 2371 4454 2299 4454 2371 4455 2372 4455 2299 4455 2299 4456 2372 4456 2300 4456 2372 4457 2373 4457 2300 4457 2300 4458 2373 4458 2301 4458 2373 4459 2374 4459 2301 4459 2301 4460 2374 4460 2302 4460 2374 4461 2375 4461 2302 4461 2302 4462 2375 4462 2303 4462 2375 4463 2304 4463 2303 4463 2375 4464 2376 4464 2304 4464 2376 4465 2377 4465 2304 4465 2304 4466 2377 4466 2305 4466 2377 4467 2378 4467 2305 4467 2305 4468 2378 4468 2306 4468 2378 4469 2379 4469 2306 4469 2306 4470 2379 4470 2307 4470 2379 4471 2380 4471 2307 4471 2307 4472 2380 4472 2308 4472 2380 4473 2381 4473 2308 4473 2308 4474 2381 4474 2309 4474 2381 4475 2382 4475 2309 4475 2309 4476 2382 4476 2310 4476 2382 4477 2383 4477 2310 4477 2310 4478 2383 4478 2311 4478 2383 4479 2384 4479 2311 4479 2311 4480 2384 4480 2312 4480 2384 4481 2385 4481 2312 4481 2312 4482 2385 4482 2313 4482 2385 4483 2386 4483 2313 4483 2313 4484 2386 4484 2314 4484 2386 4485 2387 4485 2314 4485 2314 4486 2387 4486 2315 4486 2387 4487 2388 4487 2315 4487 2315 4488 2388 4488 2316 4488 2388 4489 2389 4489 2316 4489 2316 4490 2389 4490 2317 4490 2389 4491 2390 4491 2317 4491 2317 4492 2390 4492 2318 4492 2390 4493 2391 4493 2318 4493 2318 4494 2391 4494 2319 4494 2391 4495 2392 4495 2319 4495 2319 4496 2392 4496 2320 4496 2392 4497 2393 4497 2320 4497 2320 4498 2393 4498 2321 4498 2393 4499 2394 4499 2321 4499 2321 4500 2394 4500 2322 4500 2394 4501 2395 4501 2322 4501 2322 4502 2395 4502 2323 4502 2395 4503 2396 4503 2323 4503 2323 4504 2396 4504 2324 4504 2396 4505 2397 4505 2324 4505 2324 4506 2397 4506 2325 4506 2397 4507 2398 4507 2325 4507 2325 4508 2398 4508 2326 4508 2398 4509 2399 4509 2326 4509 2326 4510 2399 4510 2327 4510 2399 4511 2400 4511 2327 4511 2327 4512 2400 4512 2328 4512 2400 4513 2401 4513 2328 4513 2328 4514 2401 4514 2329 4514 2401 4515 2402 4515 2329 4515 2329 4516 2402 4516 2330 4516 2402 4517 2403 4517 2330 4517 2330 4518 2403 4518 2331 4518 2403 4519 2404 4519 2331 4519 2331 4520 2404 4520 2332 4520 2404 4521 2405 4521 2332 4521 2332 4522 2405 4522 2333 4522 2405 4523 2406 4523 2333 4523 2333 4524 2406 4524 2334 4524 2406 4525 2407 4525 2334 4525 2334 4526 2407 4526 2335 4526 2407 4527 2408 4527 2335 4527 2335 4528 2408 4528 2336 4528 2408 4529 2409 4529 2336 4529 2336 4530 2409 4530 2337 4530 2409 4531 2410 4531 2337 4531 2337 4532 2410 4532 2338 4532 2410 4533 2411 4533 2338 4533 2338 4534 2411 4534 2339 4534 2411 4535 2412 4535 2339 4535 2339 4536 2412 4536 2340 4536 2412 4537 2413 4537 2340 4537 2340 4538 2413 4538 2341 4538 2413 4539 2414 4539 2341 4539 2341 4540 2414 4540 2342 4540 2414 4541 2415 4541 2342 4541 2342 4542 2415 4542 2343 4542 2415 4543 2416 4543 2343 4543 2343 4544 2416 4544 2344 4544 2416 4545 2417 4545 2344 4545 2344 4546 2417 4546 2345 4546 2417 4547 2418 4547 2345 4547 2345 4548 2418 4548 2346 4548 2418 4549 2419 4549 2346 4549 2346 4550 2419 4550 2347 4550 2419 4551 2420 4551 2347 4551 2347 4552 2420 4552 2348 4552 2420 4553 2421 4553 2348 4553 2348 4554 2421 4554 2349 4554 2421 4555 2422 4555 2349 4555 2349 4556 2422 4556 2350 4556 2422 4557 2423 4557 2350 4557 2350 4558 2423 4558 2351 4558 2423 4559 2424 4559 2351 4559 2351 4560 2424 4560 2352 4560 2424 4561 2425 4561 2352 4561 2352 4562 2425 4562 2353 4562 2425 4563 2426 4563 2353 4563 2353 4564 2426 4564 2354 4564 2426 4565 2427 4565 2354 4565 2354 4566 2427 4566 2355 4566 2427 4567 2428 4567 2355 4567 2355 4568 2428 4568 2356 4568 2428 4569 2429 4569 2356 4569 2356 4570 2429 4570 2357 4570 2429 4571 2430 4571 2357 4571 2357 4572 2430 4572 2358 4572 2430 4573 2431 4573 2358 4573 2358 4574 2431 4574 2359 4574 2431 4575 2432 4575 2359 4575 2359 4576 2432 4576 2360 4576 2432 4577 2433 4577 2360 4577 2360 4578 2433 4578 2361 4578 2433 4579 2434 4579 2361 4579 2361 4580 2434 4580 2362 4580 2434 4581 2435 4581 2362 4581 2362 4582 2435 4582 2363 4582 2435 4583 2436 4583 2363 4583 2363 4584 2436 4584 2364 4584 2436 4585 2437 4585 2364 4585 2364 4586 2437 4586 2365 4586 2437 4587 2438 4587 2365 4587 2365 4588 2438 4588 2366 4588 2438 4589 2439 4589 2366 4589 2366 4590 2439 4590 2367 4590 2439 4591 2440 4591 2367 4591 2367 4592 2440 4592 2368 4592 2440 4593 2441 4593 2368 4593 2368 4594 2441 4594 2369 4594 2441 4595 2442 4595 2369 4595 2369 4596 2442 4596 2370 4596 2442 4597 2443 4597 2370 4597 2370 4598 2443 4598 2371 4598 2443 4599 2444 4599 2371 4599 2371 4600 2444 4600 2372 4600 2444 4601 2445 4601 2372 4601 2372 4602 2445 4602 2373 4602 2445 4603 2446 4603 2373 4603 2373 4604 2446 4604 2374 4604 2446 4605 2447 4605 2374 4605 2374 4606 2447 4606 2375 4606 2447 4607 2376 4607 2375 4607 2447 4608 2448 4608 2376 4608 2448 4609 2449 4609 2376 4609 2376 4610 2449 4610 2377 4610 2449 4611 2450 4611 2377 4611 2377 4612 2450 4612 2378 4612 2450 4613 2451 4613 2378 4613 2378 4614 2451 4614 2379 4614 2451 4615 2452 4615 2379 4615 2379 4616 2452 4616 2380 4616 2452 4617 2453 4617 2380 4617 2380 4618 2453 4618 2381 4618 2453 4619 2454 4619 2381 4619 2381 4620 2454 4620 2382 4620 2454 4621 2455 4621 2382 4621 2382 4622 2455 4622 2383 4622 2455 4623 2456 4623 2383 4623 2383 4624 2456 4624 2384 4624 2456 4625 2457 4625 2384 4625 2384 4626 2457 4626 2385 4626 2457 4627 2458 4627 2385 4627 2385 4628 2458 4628 2386 4628 2458 4629 2459 4629 2386 4629 2386 4630 2459 4630 2387 4630 2459 4631 2460 4631 2387 4631 2387 4632 2460 4632 2388 4632 2460 4633 2461 4633 2388 4633 2388 4634 2461 4634 2389 4634 2461 4635 2462 4635 2389 4635 2389 4636 2462 4636 2390 4636 2462 4637 2463 4637 2390 4637 2390 4638 2463 4638 2391 4638 2463 4639 2464 4639 2391 4639 2391 4640 2464 4640 2392 4640 2464 4641 2465 4641 2392 4641 2392 4642 2465 4642 2393 4642 2465 4643 2466 4643 2393 4643 2393 4644 2466 4644 2394 4644 2466 4645 2467 4645 2394 4645 2394 4646 2467 4646 2395 4646 2467 4647 2468 4647 2395 4647 2395 4648 2468 4648 2396 4648 2468 4649 2469 4649 2396 4649 2396 4650 2469 4650 2397 4650 2469 4651 2470 4651 2397 4651 2397 4652 2470 4652 2398 4652 2470 4653 2471 4653 2398 4653 2398 4654 2471 4654 2399 4654 2471 4655 2472 4655 2399 4655 2399 4656 2472 4656 2400 4656 2472 4657 2473 4657 2400 4657 2400 4658 2473 4658 2401 4658 2473 4659 2474 4659 2401 4659 2401 4660 2474 4660 2402 4660 2474 4661 2475 4661 2402 4661 2402 4662 2475 4662 2403 4662 2475 4663 2476 4663 2403 4663 2403 4664 2476 4664 2404 4664 2476 4665 2477 4665 2404 4665 2404 4666 2477 4666 2405 4666 2477 4667 2478 4667 2405 4667 2405 4668 2478 4668 2406 4668 2478 4669 2479 4669 2406 4669 2406 4670 2479 4670 2407 4670 2479 4671 2480 4671 2407 4671 2407 4672 2480 4672 2408 4672 2480 4673 2481 4673 2408 4673 2408 4674 2481 4674 2409 4674 2481 4675 2482 4675 2409 4675 2409 4676 2482 4676 2410 4676 2482 4677 2483 4677 2410 4677 2410 4678 2483 4678 2411 4678 2483 4679 2484 4679 2411 4679 2411 4680 2484 4680 2412 4680 2484 4681 2485 4681 2412 4681 2412 4682 2485 4682 2413 4682 2485 4683 2486 4683 2413 4683 2413 4684 2486 4684 2414 4684 2486 4685 2487 4685 2414 4685 2414 4686 2487 4686 2415 4686 2487 4687 2488 4687 2415 4687 2415 4688 2488 4688 2416 4688 2488 4689 2489 4689 2416 4689 2416 4690 2489 4690 2417 4690 2489 4691 2490 4691 2417 4691 2417 4692 2490 4692 2418 4692 2490 4693 2491 4693 2418 4693 2418 4694 2491 4694 2419 4694 2491 4695 2492 4695 2419 4695 2419 4696 2492 4696 2420 4696 2492 4697 2493 4697 2420 4697 2420 4698 2493 4698 2421 4698 2493 4699 2494 4699 2421 4699 2421 4700 2494 4700 2422 4700 2494 4701 2495 4701 2422 4701 2422 4702 2495 4702 2423 4702 2495 4703 2496 4703 2423 4703 2423 4704 2496 4704 2424 4704 2496 4705 2497 4705 2424 4705 2424 4706 2497 4706 2425 4706 2497 4707 2498 4707 2425 4707 2425 4708 2498 4708 2426 4708 2498 4709 2499 4709 2426 4709 2426 4710 2499 4710 2427 4710 2499 4711 2500 4711 2427 4711 2427 4712 2500 4712 2428 4712 2500 4713 2501 4713 2428 4713 2428 4714 2501 4714 2429 4714 2501 4715 2502 4715 2429 4715 2429 4716 2502 4716 2430 4716 2502 4717 2503 4717 2430 4717 2430 4718 2503 4718 2431 4718 2503 4719 2504 4719 2431 4719 2431 4720 2504 4720 2432 4720 2504 4721 2505 4721 2432 4721 2432 4722 2505 4722 2433 4722 2505 4723 2506 4723 2433 4723 2433 4724 2506 4724 2434 4724 2506 4725 2507 4725 2434 4725 2434 4726 2507 4726 2435 4726 2507 4727 2508 4727 2435 4727 2435 4728 2508 4728 2436 4728 2508 4729 2509 4729 2436 4729 2436 4730 2509 4730 2437 4730 2509 4731 2510 4731 2437 4731 2437 4732 2510 4732 2438 4732 2510 4733 2511 4733 2438 4733 2438 4734 2511 4734 2439 4734 2511 4735 2512 4735 2439 4735 2439 4736 2512 4736 2440 4736 2512 4737 2513 4737 2440 4737 2440 4738 2513 4738 2441 4738 2513 4739 2514 4739 2441 4739 2441 4740 2514 4740 2442 4740 2514 4741 2515 4741 2442 4741 2442 4742 2515 4742 2443 4742 2515 4743 2516 4743 2443 4743 2443 4744 2516 4744 2444 4744 2516 4745 2517 4745 2444 4745 2444 4746 2517 4746 2445 4746 2517 4747 2518 4747 2445 4747 2445 4748 2518 4748 2446 4748 2518 4749 2519 4749 2446 4749 2446 4750 2519 4750 2447 4750 2519 4751 2448 4751 2447 4751 2519 4752 2520 4752 2448 4752 2520 4753 2521 4753 2448 4753 2448 4754 2521 4754 2449 4754 2521 4755 2522 4755 2449 4755 2449 4756 2522 4756 2450 4756 2522 4757 2523 4757 2450 4757 2450 4758 2523 4758 2451 4758 2523 4759 2524 4759 2451 4759 2451 4760 2524 4760 2452 4760 2524 4761 2525 4761 2452 4761 2452 4762 2525 4762 2453 4762 2525 4763 2526 4763 2453 4763 2453 4764 2526 4764 2454 4764 2526 4765 2527 4765 2454 4765 2454 4766 2527 4766 2455 4766 2527 4767 2528 4767 2455 4767 2455 4768 2528 4768 2456 4768 2528 4769 2529 4769 2456 4769 2456 4770 2529 4770 2457 4770 2529 4771 2530 4771 2457 4771 2457 4772 2530 4772 2458 4772 2530 4773 2531 4773 2458 4773 2458 4774 2531 4774 2459 4774 2531 4775 2532 4775 2459 4775 2459 4776 2532 4776 2460 4776 2532 4777 2533 4777 2460 4777 2460 4778 2533 4778 2461 4778 2533 4779 2534 4779 2461 4779 2461 4780 2534 4780 2462 4780 2534 4781 2535 4781 2462 4781 2462 4782 2535 4782 2463 4782 2535 4783 2536 4783 2463 4783 2463 4784 2536 4784 2464 4784 2536 4785 2537 4785 2464 4785 2464 4786 2537 4786 2465 4786 2537 4787 2538 4787 2465 4787 2465 4788 2538 4788 2466 4788 2538 4789 2539 4789 2466 4789 2466 4790 2539 4790 2467 4790 2539 4791 2540 4791 2467 4791 2467 4792 2540 4792 2468 4792 2540 4793 2541 4793 2468 4793 2468 4794 2541 4794 2469 4794 2541 4795 2542 4795 2469 4795 2469 4796 2542 4796 2470 4796 2542 4797 2543 4797 2470 4797 2470 4798 2543 4798 2471 4798 2543 4799 2544 4799 2471 4799 2471 4800 2544 4800 2472 4800 2544 4801 2545 4801 2472 4801 2472 4802 2545 4802 2473 4802 2545 4803 2546 4803 2473 4803 2473 4804 2546 4804 2474 4804 2546 4805 2547 4805 2474 4805 2474 4806 2547 4806 2475 4806 2547 4807 2548 4807 2475 4807 2475 4808 2548 4808 2476 4808 2548 4809 2549 4809 2476 4809 2476 4810 2549 4810 2477 4810 2549 4811 2550 4811 2477 4811 2477 4812 2550 4812 2478 4812 2550 4813 2551 4813 2478 4813 2478 4814 2551 4814 2479 4814 2551 4815 2552 4815 2479 4815 2479 4816 2552 4816 2480 4816 2552 4817 2553 4817 2480 4817 2480 4818 2553 4818 2481 4818 2553 4819 2554 4819 2481 4819 2481 4820 2554 4820 2482 4820 2554 4821 2555 4821 2482 4821 2482 4822 2555 4822 2483 4822 2555 4823 2556 4823 2483 4823 2483 4824 2556 4824 2484 4824 2556 4825 2557 4825 2484 4825 2484 4826 2557 4826 2485 4826 2557 4827 2558 4827 2485 4827 2485 4828 2558 4828 2486 4828 2558 4829 2559 4829 2486 4829 2486 4830 2559 4830 2487 4830 2559 4831 2560 4831 2487 4831 2487 4832 2560 4832 2488 4832 2560 4833 2561 4833 2488 4833 2488 4834 2561 4834 2489 4834 2561 4835 2562 4835 2489 4835 2489 4836 2562 4836 2490 4836 2562 4837 2563 4837 2490 4837 2490 4838 2563 4838 2491 4838 2563 4839 2564 4839 2491 4839 2491 4840 2564 4840 2492 4840 2564 4841 2565 4841 2492 4841 2492 4842 2565 4842 2493 4842 2565 4843 2566 4843 2493 4843 2493 4844 2566 4844 2494 4844 2566 4845 2567 4845 2494 4845 2494 4846 2567 4846 2495 4846 2567 4847 2568 4847 2495 4847 2495 4848 2568 4848 2496 4848 2568 4849 2569 4849 2496 4849 2496 4850 2569 4850 2497 4850 2569 4851 2570 4851 2497 4851 2497 4852 2570 4852 2498 4852 2570 4853 2571 4853 2498 4853 2498 4854 2571 4854 2499 4854 2571 4855 2572 4855 2499 4855 2499 4856 2572 4856 2500 4856 2572 4857 2573 4857 2500 4857 2500 4858 2573 4858 2501 4858 2573 4859 2574 4859 2501 4859 2501 4860 2574 4860 2502 4860 2574 4861 2575 4861 2502 4861 2502 4862 2575 4862 2503 4862 2575 4863 2576 4863 2503 4863 2503 4864 2576 4864 2504 4864 2576 4865 2577 4865 2504 4865 2504 4866 2577 4866 2505 4866 2577 4867 2578 4867 2505 4867 2505 4868 2578 4868 2506 4868 2578 4869 2579 4869 2506 4869 2506 4870 2579 4870 2507 4870 2579 4871 2580 4871 2507 4871 2507 4872 2580 4872 2508 4872 2580 4873 2581 4873 2508 4873 2508 4874 2581 4874 2509 4874 2581 4875 2582 4875 2509 4875 2509 4876 2582 4876 2510 4876 2582 4877 2583 4877 2510 4877 2510 4878 2583 4878 2511 4878 2583 4879 2584 4879 2511 4879 2511 4880 2584 4880 2512 4880 2584 4881 2585 4881 2512 4881 2512 4882 2585 4882 2513 4882 2585 4883 2586 4883 2513 4883 2513 4884 2586 4884 2514 4884 2586 4885 2587 4885 2514 4885 2514 4886 2587 4886 2515 4886 2587 4887 2588 4887 2515 4887 2515 4888 2588 4888 2516 4888 2588 4889 2589 4889 2516 4889 2516 4890 2589 4890 2517 4890 2589 4891 2590 4891 2517 4891 2517 4892 2590 4892 2518 4892 2590 4893 2591 4893 2518 4893 2518 4894 2591 4894 2519 4894 2591 4895 2520 4895 2519 4895 2591 4896 2592 4896 2520 4896 2592 4897 2593 4897 2520 4897 2520 4898 2593 4898 2521 4898 2593 4899 2594 4899 2521 4899 2521 4900 2594 4900 2522 4900 2594 4901 2595 4901 2522 4901 2522 4902 2595 4902 2523 4902 2595 4903 2596 4903 2523 4903 2523 4904 2596 4904 2524 4904 2596 4905 2597 4905 2524 4905 2524 4906 2597 4906 2525 4906 2597 4907 2598 4907 2525 4907 2525 4908 2598 4908 2526 4908 2598 4909 2599 4909 2526 4909 2526 4910 2599 4910 2527 4910 2599 4911 2600 4911 2527 4911 2527 4912 2600 4912 2528 4912 2600 4913 2601 4913 2528 4913 2528 4914 2601 4914 2529 4914 2601 4915 2602 4915 2529 4915 2529 4916 2602 4916 2530 4916 2602 4917 2603 4917 2530 4917 2530 4918 2603 4918 2531 4918 2603 4919 2604 4919 2531 4919 2531 4920 2604 4920 2532 4920 2604 4921 2605 4921 2532 4921 2532 4922 2605 4922 2533 4922 2605 4923 2606 4923 2533 4923 2533 4924 2606 4924 2534 4924 2606 4925 2607 4925 2534 4925 2534 4926 2607 4926 2535 4926 2607 4927 2608 4927 2535 4927 2535 4928 2608 4928 2536 4928 2608 4929 2609 4929 2536 4929 2536 4930 2609 4930 2537 4930 2609 4931 2610 4931 2537 4931 2537 4932 2610 4932 2538 4932 2610 4933 2611 4933 2538 4933 2538 4934 2611 4934 2539 4934 2611 4935 2612 4935 2539 4935 2539 4936 2612 4936 2540 4936 2612 4937 2613 4937 2540 4937 2540 4938 2613 4938 2541 4938 2613 4939 2614 4939 2541 4939 2541 4940 2614 4940 2542 4940 2614 4941 2615 4941 2542 4941 2542 4942 2615 4942 2543 4942 2615 4943 2616 4943 2543 4943 2543 4944 2616 4944 2544 4944 2616 4945 2617 4945 2544 4945 2544 4946 2617 4946 2545 4946 2617 4947 2618 4947 2545 4947 2545 4948 2618 4948 2546 4948 2618 4949 2619 4949 2546 4949 2546 4950 2619 4950 2547 4950 2619 4951 2620 4951 2547 4951 2547 4952 2620 4952 2548 4952 2620 4953 2621 4953 2548 4953 2548 4954 2621 4954 2549 4954 2621 4955 2622 4955 2549 4955 2549 4956 2622 4956 2550 4956 2622 4957 2623 4957 2550 4957 2550 4958 2623 4958 2551 4958 2623 4959 2624 4959 2551 4959 2551 4960 2624 4960 2552 4960 2624 4961 2625 4961 2552 4961 2552 4962 2625 4962 2553 4962 2625 4963 2626 4963 2553 4963 2553 4964 2626 4964 2554 4964 2626 4965 2627 4965 2554 4965 2554 4966 2627 4966 2555 4966 2627 4967 2628 4967 2555 4967 2555 4968 2628 4968 2556 4968 2628 4969 2629 4969 2556 4969 2556 4970 2629 4970 2557 4970 2629 4971 2630 4971 2557 4971 2557 4972 2630 4972 2558 4972 2630 4973 2631 4973 2558 4973 2558 4974 2631 4974 2559 4974 2631 4975 2632 4975 2559 4975 2559 4976 2632 4976 2560 4976 2632 4977 2633 4977 2560 4977 2560 4978 2633 4978 2561 4978 2633 4979 2634 4979 2561 4979 2561 4980 2634 4980 2562 4980 2634 4981 2635 4981 2562 4981 2562 4982 2635 4982 2563 4982 2635 4983 2636 4983 2563 4983 2563 4984 2636 4984 2564 4984 2636 4985 2637 4985 2564 4985 2564 4986 2637 4986 2565 4986 2637 4987 2638 4987 2565 4987 2565 4988 2638 4988 2566 4988 2638 4989 2639 4989 2566 4989 2566 4990 2639 4990 2567 4990 2639 4991 2640 4991 2567 4991 2567 4992 2640 4992 2568 4992 2640 4993 2641 4993 2568 4993 2568 4994 2641 4994 2569 4994 2641 4995 2642 4995 2569 4995 2569 4996 2642 4996 2570 4996 2642 4997 2643 4997 2570 4997 2570 4998 2643 4998 2571 4998 2643 4999 2644 4999 2571 4999 2571 5000 2644 5000 2572 5000 2644 5001 2645 5001 2572 5001 2572 5002 2645 5002 2573 5002 2645 5003 2646 5003 2573 5003 2573 5004 2646 5004 2574 5004 2646 5005 2647 5005 2574 5005 2574 5006 2647 5006 2575 5006 2647 5007 2648 5007 2575 5007 2575 5008 2648 5008 2576 5008 2648 5009 2649 5009 2576 5009 2576 5010 2649 5010 2577 5010 2649 5011 2650 5011 2577 5011 2577 5012 2650 5012 2578 5012 2650 5013 2651 5013 2578 5013 2578 5014 2651 5014 2579 5014 2651 5015 2652 5015 2579 5015 2579 5016 2652 5016 2580 5016 2652 5017 2653 5017 2580 5017 2580 5018 2653 5018 2581 5018 2653 5019 2654 5019 2581 5019 2581 5020 2654 5020 2582 5020 2654 5021 2655 5021 2582 5021 2582 5022 2655 5022 2583 5022 2655 5023 2656 5023 2583 5023 2583 5024 2656 5024 2584 5024 2656 5025 2657 5025 2584 5025 2584 5026 2657 5026 2585 5026 2657 5027 2658 5027 2585 5027 2585 5028 2658 5028 2586 5028 2658 5029 2659 5029 2586 5029 2586 5030 2659 5030 2587 5030 2659 5031 2660 5031 2587 5031 2587 5032 2660 5032 2588 5032 2660 5033 2661 5033 2588 5033 2588 5034 2661 5034 2589 5034 2661 5035 2662 5035 2589 5035 2589 5036 2662 5036 2590 5036 2662 5037 2663 5037 2590 5037 2590 5038 2663 5038 2591 5038 2663 5039 2592 5039 2591 5039 2663 5040 2664 5040 2592 5040 2664 5041 2665 5041 2592 5041 2592 5042 2665 5042 2593 5042 2665 5043 2666 5043 2593 5043 2593 5044 2666 5044 2594 5044 2666 5045 2667 5045 2594 5045 2594 5046 2667 5046 2595 5046 2667 5047 2668 5047 2595 5047 2595 5048 2668 5048 2596 5048 2668 5049 2669 5049 2596 5049 2596 5050 2669 5050 2597 5050 2669 5051 2670 5051 2597 5051 2597 5052 2670 5052 2598 5052 2670 5053 2671 5053 2598 5053 2598 5054 2671 5054 2599 5054 2671 5055 2672 5055 2599 5055 2599 5056 2672 5056 2600 5056 2672 5057 2673 5057 2600 5057 2600 5058 2673 5058 2601 5058 2673 5059 2674 5059 2601 5059 2601 5060 2674 5060 2602 5060 2674 5061 2675 5061 2602 5061 2602 5062 2675 5062 2603 5062 2675 5063 2676 5063 2603 5063 2603 5064 2676 5064 2604 5064 2676 5065 2677 5065 2604 5065 2604 5066 2677 5066 2605 5066 2677 5067 2678 5067 2605 5067 2605 5068 2678 5068 2606 5068 2678 5069 2679 5069 2606 5069 2606 5070 2679 5070 2607 5070 2679 5071 2680 5071 2607 5071 2607 5072 2680 5072 2608 5072 2680 5073 2681 5073 2608 5073 2608 5074 2681 5074 2609 5074 2681 5075 2682 5075 2609 5075 2609 5076 2682 5076 2610 5076 2682 5077 2683 5077 2610 5077 2610 5078 2683 5078 2611 5078 2683 5079 2684 5079 2611 5079 2611 5080 2684 5080 2612 5080 2684 5081 2685 5081 2612 5081 2612 5082 2685 5082 2613 5082 2685 5083 2686 5083 2613 5083 2613 5084 2686 5084 2614 5084 2686 5085 2687 5085 2614 5085 2614 5086 2687 5086 2615 5086 2687 5087 2688 5087 2615 5087 2615 5088 2688 5088 2616 5088 2688 5089 2689 5089 2616 5089 2616 5090 2689 5090 2617 5090 2689 5091 2690 5091 2617 5091 2617 5092 2690 5092 2618 5092 2690 5093 2691 5093 2618 5093 2618 5094 2691 5094 2619 5094 2691 5095 2692 5095 2619 5095 2619 5096 2692 5096 2620 5096 2692 5097 2693 5097 2620 5097 2620 5098 2693 5098 2621 5098 2693 5099 2694 5099 2621 5099 2621 5100 2694 5100 2622 5100 2694 5101 2695 5101 2622 5101 2622 5102 2695 5102 2623 5102 2695 5103 2696 5103 2623 5103 2623 5104 2696 5104 2624 5104 2696 5105 2697 5105 2624 5105 2624 5106 2697 5106 2625 5106 2697 5107 2698 5107 2625 5107 2625 5108 2698 5108 2626 5108 2698 5109 2699 5109 2626 5109 2626 5110 2699 5110 2627 5110 2699 5111 2700 5111 2627 5111 2627 5112 2700 5112 2628 5112 2700 5113 2701 5113 2628 5113 2628 5114 2701 5114 2629 5114 2701 5115 2702 5115 2629 5115 2629 5116 2702 5116 2630 5116 2702 5117 2703 5117 2630 5117 2630 5118 2703 5118 2631 5118 2703 5119 2704 5119 2631 5119 2631 5120 2704 5120 2632 5120 2704 5121 2705 5121 2632 5121 2632 5122 2705 5122 2633 5122 2705 5123 2706 5123 2633 5123 2633 5124 2706 5124 2634 5124 2706 5125 2707 5125 2634 5125 2634 5126 2707 5126 2635 5126 2707 5127 2708 5127 2635 5127 2635 5128 2708 5128 2636 5128 2708 5129 2709 5129 2636 5129 2636 5130 2709 5130 2637 5130 2709 5131 2710 5131 2637 5131 2637 5132 2710 5132 2638 5132 2710 5133 2711 5133 2638 5133 2638 5134 2711 5134 2639 5134 2711 5135 2712 5135 2639 5135 2639 5136 2712 5136 2640 5136 2712 5137 2713 5137 2640 5137 2640 5138 2713 5138 2641 5138 2713 5139 2714 5139 2641 5139 2641 5140 2714 5140 2642 5140 2714 5141 2715 5141 2642 5141 2642 5142 2715 5142 2643 5142 2715 5143 2716 5143 2643 5143 2643 5144 2716 5144 2644 5144 2716 5145 2717 5145 2644 5145 2644 5146 2717 5146 2645 5146 2717 5147 2718 5147 2645 5147 2645 5148 2718 5148 2646 5148 2718 5149 2719 5149 2646 5149 2646 5150 2719 5150 2647 5150 2719 5151 2720 5151 2647 5151 2647 5152 2720 5152 2648 5152 2720 5153 2721 5153 2648 5153 2648 5154 2721 5154 2649 5154 2721 5155 2722 5155 2649 5155 2649 5156 2722 5156 2650 5156 2722 5157 2723 5157 2650 5157 2650 5158 2723 5158 2651 5158 2723 5159 2724 5159 2651 5159 2651 5160 2724 5160 2652 5160 2724 5161 2725 5161 2652 5161 2652 5162 2725 5162 2653 5162 2725 5163 2726 5163 2653 5163 2653 5164 2726 5164 2654 5164 2726 5165 2727 5165 2654 5165 2654 5166 2727 5166 2655 5166 2727 5167 2728 5167 2655 5167 2655 5168 2728 5168 2656 5168 2728 5169 2729 5169 2656 5169 2656 5170 2729 5170 2657 5170 2729 5171 2730 5171 2657 5171 2657 5172 2730 5172 2658 5172 2730 5173 2731 5173 2658 5173 2658 5174 2731 5174 2659 5174 2731 5175 2732 5175 2659 5175 2659 5176 2732 5176 2660 5176 2732 5177 2733 5177 2660 5177 2660 5178 2733 5178 2661 5178 2733 5179 2734 5179 2661 5179 2661 5180 2734 5180 2662 5180 2734 5181 2735 5181 2662 5181 2662 5182 2735 5182 2663 5182 2735 5183 2664 5183 2663 5183 1440 5184 0 5184 1438 5184 0 5184 2 5184 1438 5184 1438 5185 2 5185 1436 5185 2 5186 4 5186 1436 5186 1436 5187 4 5187 1434 5187 4 5187 6 5187 1434 5187 1434 5188 6 5188 1432 5188 6 5189 8 5189 1432 5189 1432 5190 8 5190 1430 5190 8 5190 10 5190 1430 5190 1430 5191 10 5191 1428 5191 10 5192 12 5192 1428 5192 1428 5193 12 5193 1426 5193 12 5194 14 5194 1426 5194 1426 5195 14 5195 1424 5195 14 5196 16 5196 1424 5196 1424 5197 16 5197 1422 5197 16 5198 18 5198 1422 5198 1422 5199 18 5199 1420 5199 18 5199 20 5199 1420 5199 1420 5200 20 5200 1418 5200 20 5200 22 5200 1418 5200 1418 5201 22 5201 1416 5201 22 5201 24 5201 1416 5201 1416 5202 24 5202 1414 5202 24 5202 26 5202 1414 5202 1414 5203 26 5203 1412 5203 26 5203 28 5203 1412 5203 1412 5204 28 5204 1410 5204 28 5204 30 5204 1410 5204 1410 5205 30 5205 1408 5205 30 5205 32 5205 1408 5205 1408 5206 32 5206 1406 5206 32 5207 34 5207 1406 5207 1406 5208 34 5208 1404 5208 34 5209 36 5209 1404 5209 1404 5210 36 5210 1402 5210 36 5211 38 5211 1402 5211 1402 5212 38 5212 1400 5212 38 5213 40 5213 1400 5213 1400 5214 40 5214 1398 5214 40 5214 42 5214 1398 5214 1398 5215 42 5215 1396 5215 42 5215 44 5215 1396 5215 1396 5216 44 5216 1394 5216 44 5216 46 5216 1394 5216 1394 5217 46 5217 1392 5217 46 5217 48 5217 1392 5217 1392 5218 48 5218 1390 5218 48 5218 50 5218 1390 5218 1390 5219 50 5219 1388 5219 50 5219 52 5219 1388 5219 1388 5220 52 5220 1386 5220 52 5220 54 5220 1386 5220 1386 5221 54 5221 1384 5221 54 5222 56 5222 1384 5222 1384 5223 56 5223 1382 5223 56 5224 58 5224 1382 5224 1382 5225 58 5225 1380 5225 58 5226 60 5226 1380 5226 1380 5227 60 5227 1378 5227 60 5228 62 5228 1378 5228 1378 5229 62 5229 1376 5229 62 5229 64 5229 1376 5229 1376 5230 64 5230 1374 5230 64 5231 66 5231 1374 5231 1374 5232 66 5232 1372 5232 66 5232 68 5232 1372 5232 1372 5233 68 5233 1370 5233 68 5234 70 5234 1370 5234 1370 5235 70 5235 1368 5235 70 5236 72 5236 1368 5236 1368 5237 72 5237 1510 5237 72 5237 74 5237 1510 5237 1510 5238 74 5238 1508 5238 74 5239 76 5239 1508 5239 1508 5240 76 5240 1506 5240 76 5240 78 5240 1506 5240 1506 5241 78 5241 1504 5241 78 5242 80 5242 1504 5242 1504 5243 80 5243 1502 5243 80 5243 82 5243 1502 5243 1502 5244 82 5244 1500 5244 82 5245 84 5245 1500 5245 1500 5246 84 5246 1498 5246 84 5247 86 5247 1498 5247 1498 5248 86 5248 1496 5248 86 5249 88 5249 1496 5249 1496 5250 88 5250 1494 5250 88 5251 90 5251 1494 5251 1494 5252 90 5252 1492 5252 90 5252 92 5252 1492 5252 1492 5253 92 5253 1490 5253 92 5253 94 5253 1490 5253 1490 5254 94 5254 1488 5254 94 5254 96 5254 1488 5254 1488 5255 96 5255 1486 5255 96 5255 98 5255 1486 5255 1486 5256 98 5256 1484 5256 98 5256 100 5256 1484 5256 1484 5257 100 5257 1482 5257 100 5257 102 5257 1482 5257 1482 5258 102 5258 1480 5258 102 5258 104 5258 1480 5258 1480 5259 104 5259 1478 5259 104 5260 106 5260 1478 5260 1478 5261 106 5261 1476 5261 106 5262 108 5262 1476 5262 1476 5263 108 5263 1474 5263 108 5264 110 5264 1474 5264 1474 5265 110 5265 1472 5265 110 5266 112 5266 1472 5266 1472 5267 112 5267 1470 5267 112 5267 114 5267 1470 5267 1470 5268 114 5268 1468 5268 114 5268 116 5268 1468 5268 1468 5269 116 5269 1466 5269 116 5269 118 5269 1466 5269 1466 5270 118 5270 1464 5270 118 5270 120 5270 1464 5270 1464 5271 120 5271 1462 5271 120 5271 122 5271 1462 5271 1462 5272 122 5272 1460 5272 122 5272 124 5272 1460 5272 1460 5273 124 5273 1458 5273 124 5273 126 5273 1458 5273 1458 5274 126 5274 1456 5274 126 5275 128 5275 1456 5275 1456 5276 128 5276 1454 5276 128 5277 130 5277 1454 5277 1454 5278 130 5278 1452 5278 130 5279 132 5279 1452 5279 1452 5280 132 5280 1450 5280 132 5281 134 5281 1450 5281 1450 5282 134 5282 1448 5282 134 5282 136 5282 1448 5282 1448 5283 136 5283 1446 5283 136 5284 138 5284 1446 5284 1446 5285 138 5285 1444 5285 138 5285 140 5285 1444 5285 1444 5286 140 5286 1442 5286 140 5287 142 5287 1442 5287 1442 5288 142 5288 1440 5288 142 5289 0 5289 1440 5289 2736 5290 2737 5290 2738 5290 2736 5291 2738 5291 2739 5291 2740 5292 2739 5292 2738 5292 2741 5293 2740 5293 2738 5293 2742 5294 2741 5294 2738 5294 2743 5295 2742 5295 2738 5295 2744 5296 2743 5296 2738 5296 2745 5297 2744 5297 2738 5297 2746 5298 2745 5298 2738 5298 2747 5299 2746 5299 2738 5299 2748 5300 2747 5300 2738 5300 2749 5301 2748 5301 2738 5301 2750 5302 2749 5302 2738 5302 2751 5303 2750 5303 2738 5303 2752 5304 2751 5304 2738 5304 2753 5305 2752 5305 2738 5305 2754 5306 2753 5306 2738 5306 2755 5307 2754 5307 2738 5307 2756 5308 2755 5308 2738 5308 2757 5309 2756 5309 2738 5309 2758 5310 2757 5310 2738 5310 2759 5311 2758 5311 2738 5311 2760 5312 2759 5312 2738 5312 2761 5313 2760 5313 2738 5313 2762 5314 2761 5314 2738 5314 2763 5315 2762 5315 2738 5315 2764 5316 2763 5316 2738 5316 2765 5317 2764 5317 2738 5317 2766 5318 2765 5318 2738 5318 2767 5319 2766 5319 2738 5319 2768 5320 2767 5320 2738 5320 2769 5321 2768 5321 2738 5321 2770 5322 2769 5322 2738 5322 2771 5323 2770 5323 2738 5323 2772 5324 2771 5324 2738 5324 2773 5325 2772 5325 2738 5325 2774 5326 2773 5326 2738 5326 2775 5327 2774 5327 2738 5327 2776 5328 2775 5328 2738 5328 2777 5329 2776 5329 2738 5329 2778 5330 2777 5330 2738 5330 2779 5331 2778 5331 2738 5331 2780 5332 2779 5332 2738 5332 2781 5333 2780 5333 2738 5333 2782 5334 2781 5334 2738 5334 2783 5335 2782 5335 2738 5335 2784 5336 2783 5336 2738 5336 2785 5337 2784 5337 2738 5337 2786 5338 2785 5338 2738 5338 2787 5339 2786 5339 2738 5339 2788 5340 2787 5340 2738 5340 2789 5341 2788 5341 2738 5341 2790 5342 2789 5342 2738 5342 2791 5343 2790 5343 2738 5343 2792 5344 2791 5344 2738 5344 2793 5345 2792 5345 2738 5345 2794 5346 2793 5346 2738 5346 2795 5347 2794 5347 2738 5347 2796 5348 2795 5348 2738 5348 2797 5349 2796 5349 2738 5349 2798 5350 2797 5350 2738 5350 2799 5351 2798 5351 2738 5351 2800 5352 2799 5352 2738 5352 2801 5353 2800 5353 2738 5353 2802 5354 2801 5354 2738 5354 2803 5355 2802 5355 2738 5355 2804 5356 2803 5356 2738 5356 2805 5357 2804 5357 2738 5357 2806 5358 2805 5358 2738 5358 2807 5359 2806 5359 2738 5359 2808 5360 2807 5360 2738 5360 2737 5361 2808 5361 2738 5361 2809 5362 2810 5362 2811 5362 2812 5363 2813 5363 2814 5363 2815 5364 2816 5364 2817 5364 2818 5365 2819 5365 2820 5365 2811 5366 2810 5366 2821 5366 2822 5367 2821 5367 2810 5367 2814 5368 2813 5368 2821 5368 2823 5369 2821 5369 2813 5369 2821 5370 2824 5370 2825 5370 2826 5371 2824 5371 2821 5371 2817 5372 2816 5372 2821 5372 2827 5373 2821 5373 2816 5373 2820 5374 2819 5374 2821 5374 2828 5375 2821 5375 2819 5375 2829 5376 2830 5376 2831 5376 2832 5377 2833 5377 2834 5377 2835 5378 2836 5378 2837 5378 2838 5379 2839 5379 2840 5379 2841 5380 2842 5380 2843 5380 2844 5381 2845 5381 2846 5381 2847 5382 2848 5382 2849 5382 2850 5383 2851 5383 2852 5383 2853 5384 2854 5384 2855 5384 2856 5385 2857 5385 2858 5385 2859 5386 2860 5386 2861 5386 2862 5387 2863 5387 2864 5387 2865 5388 2866 5388 2867 5388 2868 5389 2869 5389 2870 5389 2871 5390 2872 5390 2873 5390 2874 5391 2875 5391 2876 5391 2877 5392 2878 5392 2879 5392 2866 5393 2865 5393 2880 5393 2881 5394 2882 5394 2883 5394 2882 5395 2884 5395 2883 5395 2883 5396 2884 5396 2885 5396 2886 5397 2887 5397 2888 5397 2887 5398 2889 5398 2888 5398 2888 5399 2889 5399 2890 5399 2891 5400 2892 5400 2893 5400 2892 5401 2894 5401 2893 5401 2893 5402 2894 5402 2886 5402 2894 5403 2895 5403 2886 5403 2886 5404 2895 5404 2887 5404 2896 5405 2897 5405 2898 5405 2897 5406 2899 5406 2898 5406 2898 5407 2899 5407 2900 5407 2899 5408 2901 5408 2900 5408 2900 5409 2901 5409 2902 5409 2903 5410 2904 5410 2901 5410 2904 5411 2905 5411 2901 5411 2901 5412 2905 5412 2902 5412 2906 5413 2907 5413 2908 5413 2907 5414 2909 5414 2908 5414 2908 5415 2909 5415 2910 5415 2910 5416 2909 5416 2911 5416 2909 5417 2912 5417 2911 5417 2911 5418 2912 5418 2913 5418 2914 5419 2915 5419 2912 5419 2915 5420 2916 5420 2912 5420 2912 5421 2916 5421 2913 5421 2917 5422 2918 5422 2919 5422 2918 5423 2920 5423 2919 5423 2919 5424 2920 5424 2921 5424 2922 5425 2923 5425 2924 5425 2923 5426 2925 5426 2924 5426 2924 5427 2925 5427 2926 5427 2927 5428 2928 5428 2929 5428 2930 5429 2931 5429 2932 5429 2931 5430 2933 5430 2932 5430 2932 5431 2933 5431 2934 5431 2933 5432 2927 5432 2934 5432 2934 5433 2927 5433 2935 5433 2927 5434 2929 5434 2935 5434 2936 5435 2937 5435 2938 5435 2937 5436 2939 5436 2938 5436 2938 5437 2939 5437 2940 5437 2939 5438 2941 5438 2940 5438 2942 5439 2861 5439 2943 5439 2861 5440 2860 5440 2943 5440 2943 5441 2860 5441 2944 5441 2860 5442 2859 5442 2944 5442 2944 5443 2859 5443 2941 5443 2859 5444 2945 5444 2941 5444 2941 5445 2945 5445 2940 5445 2942 5446 2943 5446 2946 5446 2943 5447 2947 5447 2946 5447 2946 5448 2947 5448 2948 5448 2948 5449 2947 5449 2949 5449 2947 5450 2950 5450 2949 5450 2949 5451 2950 5451 2857 5451 2856 5452 2858 5452 2951 5452 2858 5453 2952 5453 2951 5453 2951 5454 2952 5454 2953 5454 2953 5455 2954 5455 2955 5455 2954 5456 2956 5456 2955 5456 2955 5457 2956 5457 2854 5457 2851 5458 2957 5458 2958 5458 2957 5459 2959 5459 2958 5459 2959 5460 2960 5460 2958 5460 2958 5461 2960 5461 2961 5461 2850 5462 2852 5462 2962 5462 2848 5463 2963 5463 2964 5463 2963 5464 2965 5464 2964 5464 2964 5465 2965 5465 2966 5465 2967 5466 2968 5466 2969 5466 2968 5467 2847 5467 2969 5467 2970 5468 2971 5468 2972 5468 2971 5469 2973 5469 2972 5469 2972 5470 2973 5470 2974 5470 2974 5471 2973 5471 2975 5471 2973 5472 2976 5472 2975 5472 2975 5473 2976 5473 2977 5473 2978 5474 2979 5474 2976 5474 2979 5475 2980 5475 2976 5475 2976 5476 2980 5476 2977 5476 2981 5477 2982 5477 2983 5477 2982 5478 2984 5478 2983 5478 2983 5479 2984 5479 2985 5479 2986 5480 2987 5480 2988 5480 2987 5481 2989 5481 2988 5481 2988 5482 2989 5482 2990 5482 2991 5483 2992 5483 2993 5483 2992 5484 2994 5484 2993 5484 2993 5485 2994 5485 2995 5485 2996 5486 2997 5486 2998 5486 2997 5487 2999 5487 2998 5487 2998 5488 2999 5488 3000 5488 3001 5489 3002 5489 3003 5489 3004 5490 3005 5490 3006 5490 3005 5491 3007 5491 3006 5491 3008 5492 3009 5492 3010 5492 3011 5493 3012 5493 3013 5493 3014 5494 3015 5494 3016 5494 3017 5495 3018 5495 3019 5495 3020 5496 3021 5496 3022 5496 3021 5497 3023 5497 3022 5497 3022 5498 3023 5498 3024 5498 3025 5499 3026 5499 3027 5499 3026 5500 3028 5500 3027 5500 3029 5501 3030 5501 3031 5501 3030 5502 3032 5502 3031 5502 3033 5503 3034 5503 3035 5503 3036 5504 3037 5504 3038 5504 3039 5505 3040 5505 3041 5505 3040 5506 3042 5506 3041 5506 3043 5507 3044 5507 3045 5507 3044 5508 3046 5508 3045 5508 3045 5509 3046 5509 3047 5509 2845 5510 2844 5510 3048 5510 3049 5511 3050 5511 3051 5511 3050 5512 3052 5512 3051 5512 3051 5513 3052 5513 3053 5513 3054 5514 3055 5514 3056 5514 3057 5515 3058 5515 3059 5515 3058 5516 3054 5516 3059 5516 3059 5517 3054 5517 3060 5517 3054 5518 3056 5518 3060 5518 3061 5519 3062 5519 3063 5519 3062 5520 3064 5520 3063 5520 3063 5521 3064 5521 3065 5521 3064 5522 3066 5522 3065 5522 3067 5523 2840 5523 3068 5523 2840 5524 2839 5524 3068 5524 3068 5525 2839 5525 3069 5525 2839 5526 2838 5526 3069 5526 3069 5527 2838 5527 3066 5527 2838 5528 3070 5528 3066 5528 3066 5529 3070 5529 3065 5529 3067 5530 3068 5530 3071 5530 3068 5531 3072 5531 3071 5531 3071 5532 3072 5532 3073 5532 3074 5533 3075 5533 3076 5533 3075 5534 3077 5534 3076 5534 3077 5535 3075 5535 3078 5535 3075 5536 3079 5536 3078 5536 3078 5537 3079 5537 3080 5537 3080 5538 3081 5538 3082 5538 3081 5539 3083 5539 3082 5539 3082 5540 3083 5540 2836 5540 2833 5541 3084 5541 3085 5541 3084 5542 3086 5542 3085 5542 3086 5543 3087 5543 3085 5543 3085 5544 3087 5544 3088 5544 2832 5545 3089 5545 3090 5545 3089 5546 3091 5546 3090 5546 3089 5547 3092 5547 3091 5547 3092 5548 2831 5548 3091 5548 3091 5549 2831 5549 3093 5549 2831 5550 2830 5550 3093 5550 2829 5551 2831 5551 3094 5551 2831 5552 3095 5552 3094 5552 3094 5553 3095 5553 3096 5553 3095 5554 3097 5554 3096 5554 3096 5555 3097 5555 3098 5555 3099 5556 3100 5556 3101 5556 3100 5557 3102 5557 3101 5557 3102 5558 3100 5558 3103 5558 3100 5559 3104 5559 3103 5559 3103 5560 3104 5560 3105 5560 3105 5561 3104 5561 3106 5561 3104 5562 3107 5562 3106 5562 3106 5563 3107 5563 3108 5563 3109 5564 3110 5564 3107 5564 3110 5565 3111 5565 3107 5565 3107 5566 3111 5566 3108 5566 3112 5567 3113 5567 3114 5567 3113 5568 3115 5568 3114 5568 3114 5569 3115 5569 3116 5569 3117 5570 3118 5570 3119 5570 3118 5571 3120 5571 3119 5571 3121 5572 3122 5572 3123 5572 3122 5573 3121 5573 3124 5573 3121 5574 3125 5574 3124 5574 3124 5575 3125 5575 3126 5575 3127 5576 3128 5576 3129 5576 3130 5577 3131 5577 3132 5577 3131 5578 3133 5578 3132 5578 3132 5579 3133 5579 3134 5579 2828 5580 2819 5580 3135 5580 2819 5581 2818 5581 3135 5581 3135 5582 2818 5582 3136 5582 3137 5583 2821 5583 2828 5583 2827 5584 2816 5584 3138 5584 2816 5585 2815 5585 3138 5585 3138 5586 2815 5586 3139 5586 3140 5587 2821 5587 2827 5587 3141 5588 2825 5588 3142 5588 2825 5589 2824 5589 3142 5589 3142 5590 2824 5590 3143 5590 2824 5591 2826 5591 3143 5591 3143 5592 2826 5592 3144 5592 2823 5593 2813 5593 3145 5593 2813 5594 2812 5594 3145 5594 3145 5595 2812 5595 3146 5595 3147 5596 2821 5596 2823 5596 2822 5597 2810 5597 3148 5597 2810 5598 2809 5598 3148 5598 3148 5599 2809 5599 3149 5599 3150 5600 2821 5600 2822 5600 3137 5601 2828 5601 3151 5601 2828 5602 3135 5602 3151 5602 3151 5603 3135 5603 3152 5603 3135 5604 3136 5604 3152 5604 3152 5605 3136 5605 3153 5605 3154 5606 2821 5606 3137 5606 3140 5607 2827 5607 3155 5607 2827 5608 3138 5608 3155 5608 3155 5609 3138 5609 3156 5609 3138 5610 3139 5610 3156 5610 3156 5611 3139 5611 3157 5611 3158 5612 2821 5612 3140 5612 3159 5613 3141 5613 3160 5613 3141 5614 3142 5614 3160 5614 3160 5615 3142 5615 3161 5615 3142 5616 3143 5616 3161 5616 3161 5617 3143 5617 3162 5617 3143 5618 3144 5618 3162 5618 3162 5619 3144 5619 3163 5619 3147 5620 2823 5620 3164 5620 2823 5621 3145 5621 3164 5621 3164 5622 3145 5622 3165 5622 3145 5623 3146 5623 3165 5623 3165 5624 3146 5624 3166 5624 3167 5625 2821 5625 3147 5625 3150 5626 2822 5626 3168 5626 2822 5627 3148 5627 3168 5627 3168 5628 3148 5628 3169 5628 3148 5629 3149 5629 3169 5629 3169 5630 3149 5630 3170 5630 3171 5631 2821 5631 3150 5631 3154 5632 3137 5632 3172 5632 3137 5633 3151 5633 3172 5633 3172 5634 3151 5634 3173 5634 3151 5635 3152 5635 3173 5635 3173 5636 3152 5636 3174 5636 3152 5637 3153 5637 3174 5637 3174 5638 3153 5638 3175 5638 3176 5639 2821 5639 3154 5639 3158 5640 3140 5640 3177 5640 3140 5641 3155 5641 3177 5641 3177 5642 3155 5642 3178 5642 3155 5643 3156 5643 3178 5643 3178 5644 3156 5644 3179 5644 3156 5645 3157 5645 3179 5645 3179 5646 3157 5646 3180 5646 3181 5647 2821 5647 3158 5647 3182 5648 3159 5648 3183 5648 3159 5649 3160 5649 3183 5649 3183 5650 3160 5650 3184 5650 3160 5651 3161 5651 3184 5651 3184 5652 3161 5652 3185 5652 3161 5653 3162 5653 3185 5653 3185 5654 3162 5654 3186 5654 3162 5655 3163 5655 3186 5655 3186 5656 3163 5656 3187 5656 3167 5657 3147 5657 3188 5657 3147 5658 3164 5658 3188 5658 3188 5659 3164 5659 3189 5659 3164 5660 3165 5660 3189 5660 3189 5661 3165 5661 3190 5661 3165 5662 3166 5662 3190 5662 3190 5663 3166 5663 3191 5663 3192 5664 2821 5664 3167 5664 3171 5665 3150 5665 3193 5665 3150 5666 3168 5666 3193 5666 3193 5667 3168 5667 3194 5667 3168 5668 3169 5668 3194 5668 3194 5669 3169 5669 3195 5669 3169 5670 3170 5670 3195 5670 3195 5671 3170 5671 3196 5671 3197 5672 2821 5672 3171 5672 3176 5673 3154 5673 3198 5673 3154 5674 3172 5674 3198 5674 3198 5675 3172 5675 3199 5675 3172 5676 3173 5676 3199 5676 3199 5677 3173 5677 3200 5677 3173 5678 3174 5678 3200 5678 3200 5679 3174 5679 3201 5679 3174 5680 3175 5680 3201 5680 3201 5681 3175 5681 3202 5681 3203 5682 2821 5682 3176 5682 3181 5683 3158 5683 3204 5683 3158 5684 3177 5684 3204 5684 3204 5685 3177 5685 3205 5685 3177 5686 3178 5686 3205 5686 3205 5687 3178 5687 3206 5687 3178 5688 3179 5688 3206 5688 3206 5689 3179 5689 3207 5689 3179 5690 3180 5690 3207 5690 3207 5691 3180 5691 3208 5691 3209 5692 2821 5692 3181 5692 3210 5693 3182 5693 3211 5693 3182 5694 3183 5694 3211 5694 3211 5695 3183 5695 3212 5695 3183 5696 3184 5696 3212 5696 3212 5697 3184 5697 3213 5697 3184 5698 3185 5698 3213 5698 3213 5699 3185 5699 3214 5699 3185 5700 3186 5700 3214 5700 3214 5701 3186 5701 3215 5701 3186 5702 3187 5702 3215 5702 3215 5703 3187 5703 3216 5703 3192 5704 3167 5704 3217 5704 3167 5705 3188 5705 3217 5705 3217 5706 3188 5706 3218 5706 3188 5707 3189 5707 3218 5707 3218 5708 3189 5708 3219 5708 3189 5709 3190 5709 3219 5709 3219 5710 3190 5710 3220 5710 3190 5711 3191 5711 3220 5711 3220 5712 3191 5712 3221 5712 3222 5713 2821 5713 3192 5713 3223 5714 3224 5714 3225 5714 3197 5715 3171 5715 3226 5715 3171 5716 3193 5716 3226 5716 3226 5717 3193 5717 3227 5717 3193 5718 3194 5718 3227 5718 3227 5719 3194 5719 3228 5719 3194 5720 3195 5720 3228 5720 3228 5721 3195 5721 3229 5721 3195 5722 3196 5722 3229 5722 3229 5723 3196 5723 3230 5723 3231 5724 2821 5724 3197 5724 3203 5725 3176 5725 3232 5725 3176 5726 3198 5726 3232 5726 3232 5727 3198 5727 3233 5727 3198 5728 3199 5728 3233 5728 3233 5729 3199 5729 3234 5729 3199 5730 3200 5730 3234 5730 3234 5731 3200 5731 3235 5731 3200 5732 3201 5732 3235 5732 3235 5733 3201 5733 3236 5733 3201 5734 3202 5734 3236 5734 3236 5735 3202 5735 3237 5735 3209 5736 3181 5736 3238 5736 3181 5737 3204 5737 3238 5737 3238 5738 3204 5738 3239 5738 3204 5739 3205 5739 3239 5739 3239 5740 3205 5740 3240 5740 3205 5741 3206 5741 3240 5741 3240 5742 3206 5742 3241 5742 3206 5743 3207 5743 3241 5743 3241 5744 3207 5744 3242 5744 3207 5745 3208 5745 3242 5745 3242 5746 3208 5746 3243 5746 3244 5747 2821 5747 3209 5747 3245 5748 3210 5748 3246 5748 3210 5749 3211 5749 3246 5749 3246 5750 3211 5750 3247 5750 3211 5751 3212 5751 3247 5751 3247 5752 3212 5752 3248 5752 3212 5753 3213 5753 3248 5753 3248 5754 3213 5754 3249 5754 3213 5755 3214 5755 3249 5755 3249 5756 3214 5756 3250 5756 3214 5757 3215 5757 3250 5757 3250 5758 3215 5758 3251 5758 3215 5759 3216 5759 3251 5759 3251 5760 3216 5760 3252 5760 3222 5761 3192 5761 3253 5761 3192 5762 3217 5762 3253 5762 3253 5763 3217 5763 3254 5763 3217 5764 3218 5764 3254 5764 3254 5765 3218 5765 3255 5765 3218 5766 3219 5766 3255 5766 3255 5767 3219 5767 3256 5767 3219 5768 3220 5768 3256 5768 3256 5769 3220 5769 3257 5769 3220 5770 3221 5770 3257 5770 3257 5771 3221 5771 3258 5771 3259 5772 2821 5772 3222 5772 3231 5773 3197 5773 3260 5773 3197 5774 3226 5774 3260 5774 3260 5775 3226 5775 3261 5775 3226 5776 3227 5776 3261 5776 3261 5777 3227 5777 3262 5777 3227 5778 3228 5778 3262 5778 3262 5779 3228 5779 3263 5779 3228 5780 3229 5780 3263 5780 3263 5781 3229 5781 3264 5781 3229 5782 3230 5782 3264 5782 3264 5783 3230 5783 3265 5783 3266 5784 2821 5784 3231 5784 3244 5785 3209 5785 3267 5785 3209 5786 3238 5786 3267 5786 3267 5787 3238 5787 3268 5787 3238 5788 3239 5788 3268 5788 3268 5789 3239 5789 3269 5789 3239 5790 3240 5790 3269 5790 3269 5791 3240 5791 3270 5791 3240 5792 3241 5792 3270 5792 3270 5793 3241 5793 3271 5793 3241 5794 3242 5794 3271 5794 3271 5795 3242 5795 3272 5795 3242 5796 3243 5796 3272 5796 3272 5797 3243 5797 3273 5797 3274 5798 2821 5798 3244 5798 3275 5799 3245 5799 3276 5799 3245 5800 3246 5800 3276 5800 3276 5801 3246 5801 3277 5801 3246 5802 3247 5802 3277 5802 3277 5803 3247 5803 3278 5803 3247 5804 3248 5804 3278 5804 3278 5805 3248 5805 3279 5805 3248 5806 3249 5806 3279 5806 3279 5807 3249 5807 3280 5807 3249 5808 3250 5808 3280 5808 3280 5809 3250 5809 3281 5809 3250 5810 3251 5810 3281 5810 3281 5811 3251 5811 3282 5811 3251 5812 3252 5812 3282 5812 3282 5813 3252 5813 3283 5813 3259 5814 3222 5814 3284 5814 3222 5815 3253 5815 3284 5815 3284 5816 3253 5816 3285 5816 3253 5817 3254 5817 3285 5817 3285 5818 3254 5818 3286 5818 3254 5819 3255 5819 3286 5819 3286 5820 3255 5820 3287 5820 3255 5821 3256 5821 3287 5821 3287 5822 3256 5822 3288 5822 3256 5823 3257 5823 3288 5823 3288 5824 3257 5824 3289 5824 3257 5825 3258 5825 3289 5825 3289 5826 3258 5826 3290 5826 3291 5827 3292 5827 3293 5827 3292 5828 3294 5828 3293 5828 3293 5829 3294 5829 3295 5829 3294 5830 3296 5830 3295 5830 3295 5831 3296 5831 3297 5831 3296 5832 3298 5832 3297 5832 3297 5833 3298 5833 3299 5833 3298 5834 3300 5834 3299 5834 3299 5835 3300 5835 3301 5835 3300 5836 3302 5836 3301 5836 3301 5837 3302 5837 3303 5837 3302 5838 3304 5838 3303 5838 3305 5839 3306 5839 3307 5839 3266 5840 3231 5840 3308 5840 3231 5841 3260 5841 3308 5841 3308 5842 3260 5842 3309 5842 3260 5843 3261 5843 3309 5843 3309 5844 3261 5844 3310 5844 3261 5845 3262 5845 3310 5845 3310 5846 3262 5846 3311 5846 3262 5847 3263 5847 3311 5847 3311 5848 3263 5848 3312 5848 3263 5849 3264 5849 3312 5849 3312 5850 3264 5850 3313 5850 3264 5851 3265 5851 3313 5851 3313 5852 3265 5852 3314 5852 3315 5853 2821 5853 3266 5853 3274 5854 3244 5854 3316 5854 3244 5855 3267 5855 3316 5855 3316 5856 3267 5856 3317 5856 3267 5857 3268 5857 3317 5857 3317 5858 3268 5858 3318 5858 3268 5859 3269 5859 3318 5859 3318 5860 3269 5860 3319 5860 3269 5861 3270 5861 3319 5861 3319 5862 3270 5862 3320 5862 3270 5863 3271 5863 3320 5863 3320 5864 3271 5864 3321 5864 3271 5865 3272 5865 3321 5865 3321 5866 3272 5866 3322 5866 3272 5867 3273 5867 3322 5867 3322 5868 3273 5868 3323 5868 3324 5869 3275 5869 3325 5869 3275 5870 3276 5870 3325 5870 3325 5871 3276 5871 3326 5871 3276 5872 3277 5872 3326 5872 3326 5873 3277 5873 3327 5873 3277 5874 3278 5874 3327 5874 3327 5875 3278 5875 3328 5875 3278 5876 3279 5876 3328 5876 3328 5877 3279 5877 3329 5877 3279 5878 3280 5878 3329 5878 3329 5879 3280 5879 3330 5879 3280 5880 3281 5880 3330 5880 3330 5881 3281 5881 3331 5881 3281 5882 3282 5882 3331 5882 3331 5883 3282 5883 3332 5883 3282 5884 3283 5884 3332 5884 3332 5885 3283 5885 3333 5885 3334 5886 3291 5886 3335 5886 3291 5887 3293 5887 3335 5887 3335 5888 3293 5888 3336 5888 3293 5889 3295 5889 3336 5889 3336 5890 3295 5890 3337 5890 3295 5891 3297 5891 3337 5891 3337 5892 3297 5892 3338 5892 3297 5893 3299 5893 3338 5893 3338 5894 3299 5894 3339 5894 3299 5895 3301 5895 3339 5895 3339 5896 3301 5896 3340 5896 3301 5897 3303 5897 3340 5897 3315 5898 3266 5898 3341 5898 3266 5899 3308 5899 3341 5899 3341 5900 3308 5900 3342 5900 3308 5901 3309 5901 3342 5901 3342 5902 3309 5902 3343 5902 3309 5903 3310 5903 3343 5903 3343 5904 3310 5904 3344 5904 3310 5905 3311 5905 3344 5905 3344 5906 3311 5906 3345 5906 3311 5907 3312 5907 3345 5907 3345 5908 3312 5908 3346 5908 3312 5909 3313 5909 3346 5909 3346 5910 3313 5910 3347 5910 3313 5911 3314 5911 3347 5911 3347 5912 3314 5912 3348 5912 3349 5913 2821 5913 3315 5913 3130 5914 3132 5914 3350 5914 3132 5915 3351 5915 3350 5915 3350 5916 3351 5916 3352 5916 3351 5917 3353 5917 3352 5917 3352 5918 3353 5918 3354 5918 3353 5919 3355 5919 3354 5919 3354 5920 3355 5920 3356 5920 3355 5921 3357 5921 3356 5921 3356 5922 3357 5922 3358 5922 3357 5923 3359 5923 3358 5923 3358 5924 3359 5924 3360 5924 3359 5925 3361 5925 3360 5925 3360 5926 3361 5926 3362 5926 3361 5927 3363 5927 3362 5927 3362 5928 3363 5928 3364 5928 3363 5929 3365 5929 3364 5929 3364 5930 3365 5930 3366 5930 2821 5931 3367 5931 3366 5931 3367 5932 3368 5932 3366 5932 3366 5933 3368 5933 3364 5933 3368 5934 3369 5934 3364 5934 3364 5935 3369 5935 3362 5935 3369 5936 3370 5936 3362 5936 3362 5937 3370 5937 3360 5937 3370 5938 3371 5938 3360 5938 3360 5939 3371 5939 3358 5939 3371 5940 3372 5940 3358 5940 3358 5941 3372 5941 3356 5941 3372 5942 3373 5942 3356 5942 3356 5943 3373 5943 3354 5943 3373 5944 3374 5944 3354 5944 3354 5945 3374 5945 3352 5945 3374 5946 3001 5946 3352 5946 3352 5947 3001 5947 3350 5947 3001 5948 3003 5948 3350 5948 3350 5949 3003 5949 3130 5949 2821 5950 3375 5950 3367 5950 3375 5951 3376 5951 3367 5951 3367 5952 3376 5952 3368 5952 3376 5953 3377 5953 3368 5953 3368 5954 3377 5954 3369 5954 3377 5955 3378 5955 3369 5955 3369 5956 3378 5956 3370 5956 3378 5957 3379 5957 3370 5957 3370 5958 3379 5958 3371 5958 3379 5959 3380 5959 3371 5959 3371 5960 3380 5960 3372 5960 3380 5961 3381 5961 3372 5961 3372 5962 3381 5962 3373 5962 3381 5963 3382 5963 3373 5963 3373 5964 3382 5964 3374 5964 3382 5965 3383 5965 3374 5965 3374 5966 3383 5966 3001 5966 3383 5967 3384 5967 3001 5967 3001 5968 3384 5968 3002 5968 2821 5969 3385 5969 3375 5969 3385 5970 3386 5970 3375 5970 3375 5971 3386 5971 3376 5971 3386 5972 3387 5972 3376 5972 3376 5973 3387 5973 3377 5973 3387 5974 3388 5974 3377 5974 3377 5975 3388 5975 3378 5975 3388 5976 3389 5976 3378 5976 3378 5977 3389 5977 3379 5977 3389 5978 3390 5978 3379 5978 3379 5979 3390 5979 3380 5979 3390 5980 3391 5980 3380 5980 3380 5981 3391 5981 3381 5981 3391 5982 3392 5982 3381 5982 3381 5983 3392 5983 3382 5983 3392 5984 3393 5984 3382 5984 3382 5985 3393 5985 3383 5985 3394 5986 3324 5986 3395 5986 3324 5987 3325 5987 3395 5987 3395 5988 3325 5988 3396 5988 3325 5989 3326 5989 3396 5989 3396 5990 3326 5990 3397 5990 3326 5991 3327 5991 3397 5991 3397 5992 3327 5992 3398 5992 3327 5993 3328 5993 3398 5993 3398 5994 3328 5994 3399 5994 3328 5995 3329 5995 3399 5995 3399 5996 3329 5996 3400 5996 3329 5997 3330 5997 3400 5997 3400 5998 3330 5998 3401 5998 3330 5999 3331 5999 3401 5999 3401 6000 3331 6000 3402 6000 3331 6001 3332 6001 3402 6001 3402 6002 3332 6002 3403 6002 3332 6003 3333 6003 3403 6003 3403 6004 3333 6004 3404 6004 3405 6005 3406 6005 3407 6005 3408 6006 2998 6006 3409 6006 2998 6007 3000 6007 3409 6007 3409 6008 3000 6008 3410 6008 3000 6009 3411 6009 3410 6009 3410 6010 3411 6010 3412 6010 3413 6011 2996 6011 3414 6011 2996 6012 2998 6012 3414 6012 3414 6013 2998 6013 3415 6013 2998 6014 3408 6014 3415 6014 3415 6015 3408 6015 3307 6015 3307 6016 3306 6016 3415 6016 3306 6017 3416 6017 3415 6017 3415 6018 3416 6018 3414 6018 3416 6019 3417 6019 3414 6019 3414 6020 3417 6020 3413 6020 3418 6021 3417 6021 3419 6021 3417 6022 3416 6022 3419 6022 3419 6023 3416 6023 3420 6023 3416 6024 3306 6024 3420 6024 3420 6025 3306 6025 3421 6025 3306 6026 3305 6026 3421 6026 3421 6027 3305 6027 3225 6027 3225 6028 3224 6028 3421 6028 3224 6029 3422 6029 3421 6029 3421 6030 3422 6030 3420 6030 3422 6031 3423 6031 3420 6031 3420 6032 3423 6032 3419 6032 3423 6033 3424 6033 3419 6033 3419 6034 3424 6034 3418 6034 3424 6035 3425 6035 3418 6035 3418 6036 3425 6036 2873 6036 3349 6037 3315 6037 3426 6037 3315 6038 3341 6038 3426 6038 3426 6039 3341 6039 3427 6039 3341 6040 3342 6040 3427 6040 3427 6041 3342 6041 3428 6041 3342 6042 3343 6042 3428 6042 3428 6043 3343 6043 3429 6043 3343 6044 3344 6044 3429 6044 3429 6045 3344 6045 3430 6045 3344 6046 3345 6046 3430 6046 3430 6047 3345 6047 3431 6047 3345 6048 3346 6048 3431 6048 3431 6049 3346 6049 3432 6049 3346 6050 3347 6050 3432 6050 3432 6051 3347 6051 3433 6051 3347 6052 3348 6052 3433 6052 3433 6053 3348 6053 3434 6053 3435 6054 3436 6054 3437 6054 3436 6055 3438 6055 3437 6055 3437 6056 3438 6056 3439 6056 3438 6057 3440 6057 3439 6057 3439 6058 3440 6058 3441 6058 3440 6059 3442 6059 3441 6059 3441 6060 3442 6060 3443 6060 3442 6061 3444 6061 3443 6061 3443 6062 3444 6062 3445 6062 3444 6063 3446 6063 3445 6063 3445 6064 3446 6064 3447 6064 3446 6065 3448 6065 3447 6065 3447 6066 3448 6066 3449 6066 3448 6067 3450 6067 3449 6067 3449 6068 3450 6068 3451 6068 3450 6069 3452 6069 3451 6069 3451 6070 3452 6070 3125 6070 3452 6071 3453 6071 3125 6071 3125 6072 3453 6072 3126 6072 3454 6073 3453 6073 3323 6073 3453 6074 3452 6074 3323 6074 3323 6075 3452 6075 3322 6075 3452 6076 3450 6076 3322 6076 3322 6077 3450 6077 3321 6077 3450 6078 3448 6078 3321 6078 3321 6079 3448 6079 3320 6079 3448 6080 3446 6080 3320 6080 3320 6081 3446 6081 3319 6081 3446 6082 3444 6082 3319 6082 3319 6083 3444 6083 3318 6083 3444 6084 3442 6084 3318 6084 3318 6085 3442 6085 3317 6085 3442 6086 3440 6086 3317 6086 3317 6087 3440 6087 3316 6087 3440 6088 3438 6088 3316 6088 3316 6089 3438 6089 3274 6089 3438 6090 3436 6090 3274 6090 3274 6091 3436 6091 2821 6091 3435 6092 2821 6092 3436 6092 2821 6093 3455 6093 2817 6093 3455 6094 3456 6094 2817 6094 2817 6095 3456 6095 2815 6095 3456 6096 3457 6096 2815 6096 2815 6097 3457 6097 3139 6097 3457 6098 3458 6098 3139 6098 3139 6099 3458 6099 3157 6099 3458 6100 3459 6100 3157 6100 3157 6101 3459 6101 3180 6101 3459 6102 3460 6102 3180 6102 3180 6103 3460 6103 3208 6103 3460 6104 3461 6104 3208 6104 3208 6105 3461 6105 3243 6105 3461 6106 3462 6106 3243 6106 3243 6107 3462 6107 3273 6107 3462 6108 3463 6108 3273 6108 3273 6109 3463 6109 3323 6109 3463 6110 3127 6110 3323 6110 3323 6111 3127 6111 3454 6111 3127 6112 3129 6112 3454 6112 3454 6113 3129 6113 3453 6113 3129 6114 3464 6114 3453 6114 3453 6115 3464 6115 3126 6115 2821 6116 3465 6116 3385 6116 3465 6117 3466 6117 3385 6117 3385 6118 3466 6118 3386 6118 3466 6119 3467 6119 3386 6119 3386 6120 3467 6120 3387 6120 3467 6121 3468 6121 3387 6121 3387 6122 3468 6122 3388 6122 3468 6123 3469 6123 3388 6123 3388 6124 3469 6124 3389 6124 3469 6125 3470 6125 3389 6125 3389 6126 3470 6126 3390 6126 3470 6127 3471 6127 3390 6127 3390 6128 3471 6128 3391 6128 3471 6129 3472 6129 3391 6129 3391 6130 3472 6130 3392 6130 3472 6131 3473 6131 3392 6131 3392 6132 3473 6132 3393 6132 3473 6133 3005 6133 3393 6133 3393 6134 3005 6134 3383 6134 3005 6135 3004 6135 3383 6135 3383 6136 3004 6136 3384 6136 3004 6137 3006 6137 3384 6137 2821 6138 3474 6138 3465 6138 3474 6139 3475 6139 3465 6139 3465 6140 3475 6140 3466 6140 3475 6141 3476 6141 3466 6141 3466 6142 3476 6142 3467 6142 3476 6143 3477 6143 3467 6143 3467 6144 3477 6144 3468 6144 3477 6145 3478 6145 3468 6145 3468 6146 3478 6146 3469 6146 3478 6147 3479 6147 3469 6147 3469 6148 3479 6148 3470 6148 3479 6149 3480 6149 3470 6149 3470 6150 3480 6150 3471 6150 3480 6151 3481 6151 3471 6151 3471 6152 3481 6152 3472 6152 3481 6153 3482 6153 3472 6153 3472 6154 3482 6154 3473 6154 3482 6155 3008 6155 3473 6155 3473 6156 3008 6156 3005 6156 3008 6157 3010 6157 3005 6157 3005 6158 3010 6158 3007 6158 2821 6159 3483 6159 3474 6159 3483 6160 3484 6160 3474 6160 3474 6161 3484 6161 3475 6161 3484 6162 3485 6162 3475 6162 3475 6163 3485 6163 3476 6163 3485 6164 3486 6164 3476 6164 3476 6165 3486 6165 3477 6165 3486 6166 3487 6166 3477 6166 3477 6167 3487 6167 3478 6167 3487 6168 3488 6168 3478 6168 3478 6169 3488 6169 3479 6169 3488 6170 3489 6170 3479 6170 3479 6171 3489 6171 3480 6171 3489 6172 3490 6172 3480 6172 3480 6173 3490 6173 3481 6173 3490 6174 3491 6174 3481 6174 3481 6175 3491 6175 3482 6175 3491 6176 3492 6176 3482 6176 3482 6177 3492 6177 3008 6177 3492 6178 3493 6178 3008 6178 3008 6179 3493 6179 3009 6179 3013 6180 3493 6180 3011 6180 3493 6181 3492 6181 3011 6181 3011 6182 3492 6182 3494 6182 3492 6183 3491 6183 3494 6183 3494 6184 3491 6184 3495 6184 3491 6185 3490 6185 3495 6185 3495 6186 3490 6186 3496 6186 3490 6187 3489 6187 3496 6187 3496 6188 3489 6188 3497 6188 3489 6189 3488 6189 3497 6189 3497 6190 3488 6190 3498 6190 3488 6191 3487 6191 3498 6191 3498 6192 3487 6192 3499 6192 3487 6193 3486 6193 3499 6193 3499 6194 3486 6194 3500 6194 3486 6195 3485 6195 3500 6195 3500 6196 3485 6196 3501 6196 3485 6197 3484 6197 3501 6197 3501 6198 3484 6198 3502 6198 3484 6199 3483 6199 3502 6199 3502 6200 3483 6200 3503 6200 3483 6201 2821 6201 3503 6201 3504 6202 3394 6202 3505 6202 3394 6203 3395 6203 3505 6203 3505 6204 3395 6204 3506 6204 3395 6205 3396 6205 3506 6205 3506 6206 3396 6206 3507 6206 3396 6207 3397 6207 3507 6207 3507 6208 3397 6208 3508 6208 3397 6209 3398 6209 3508 6209 3508 6210 3398 6210 3509 6210 3398 6211 3399 6211 3509 6211 3509 6212 3399 6212 3510 6212 3399 6213 3400 6213 3510 6213 3510 6214 3400 6214 3511 6214 3400 6215 3401 6215 3511 6215 3511 6216 3401 6216 3512 6216 3401 6217 3402 6217 3512 6217 3512 6218 3402 6218 3513 6218 3402 6219 3403 6219 3513 6219 3513 6220 3403 6220 3514 6220 3403 6221 3404 6221 3514 6221 3514 6222 3404 6222 3515 6222 3407 6223 3406 6223 2994 6223 3406 6224 3516 6224 2994 6224 2994 6225 3516 6225 2995 6225 3517 6226 3516 6226 3334 6226 3516 6227 3406 6227 3334 6227 3334 6228 3406 6228 3291 6228 3406 6229 3405 6229 3291 6229 3291 6230 3405 6230 3292 6230 3340 6231 3223 6231 3339 6231 3223 6232 3225 6232 3339 6232 3339 6233 3225 6233 3338 6233 3225 6234 3305 6234 3338 6234 3338 6235 3305 6235 3337 6235 3305 6236 3307 6236 3337 6236 3337 6237 3307 6237 3336 6237 3307 6238 3408 6238 3336 6238 3336 6239 3408 6239 3335 6239 3408 6240 3409 6240 3335 6240 3335 6241 3409 6241 3334 6241 3409 6242 3410 6242 3334 6242 3334 6243 3410 6243 3517 6243 3410 6244 3412 6244 3517 6244 3517 6245 3412 6245 3516 6245 3412 6246 3518 6246 3516 6246 3516 6247 3518 6247 2995 6247 2872 6248 2876 6248 2873 6248 2876 6249 2875 6249 2873 6249 2873 6250 2875 6250 3418 6250 2875 6251 2874 6251 3418 6251 3418 6252 2874 6252 3417 6252 2874 6253 3519 6253 3417 6253 3417 6254 3519 6254 3413 6254 3304 6255 3520 6255 3303 6255 3520 6256 3521 6256 3303 6256 3303 6257 3521 6257 3340 6257 3521 6258 3522 6258 3340 6258 3340 6259 3522 6259 3223 6259 3522 6260 3523 6260 3223 6260 3223 6261 3523 6261 3224 6261 3523 6262 3524 6262 3224 6262 3224 6263 3524 6263 3422 6263 3524 6264 3525 6264 3422 6264 3422 6265 3525 6265 3423 6265 3525 6266 3526 6266 3423 6266 3423 6267 3526 6267 3424 6267 3526 6268 3527 6268 3424 6268 3424 6269 3527 6269 3425 6269 3527 6270 3528 6270 3425 6270 3425 6271 3528 6271 2873 6271 3528 6272 2870 6272 2873 6272 2873 6273 2870 6273 2871 6273 2870 6274 2869 6274 2871 6274 3529 6275 2868 6275 3434 6275 2868 6276 2870 6276 3434 6276 3434 6277 2870 6277 3433 6277 2870 6278 3528 6278 3433 6278 3433 6279 3528 6279 3432 6279 3528 6280 3527 6280 3432 6280 3432 6281 3527 6281 3431 6281 3527 6282 3526 6282 3431 6282 3431 6283 3526 6283 3430 6283 3526 6284 3525 6284 3430 6284 3430 6285 3525 6285 3429 6285 3525 6286 3524 6286 3429 6286 3429 6287 3524 6287 3428 6287 3524 6288 3523 6288 3428 6288 3428 6289 3523 6289 3427 6289 3523 6290 3522 6290 3427 6290 3427 6291 3522 6291 3426 6291 3522 6292 3521 6292 3426 6292 3426 6293 3521 6293 3349 6293 3521 6294 3520 6294 3349 6294 3349 6295 3520 6295 2821 6295 3304 6296 2821 6296 3520 6296 3407 6297 3290 6297 3405 6297 3290 6298 3258 6298 3405 6298 3405 6299 3258 6299 3292 6299 3258 6300 3221 6300 3292 6300 3292 6301 3221 6301 3294 6301 3221 6302 3191 6302 3294 6302 3294 6303 3191 6303 3296 6303 3191 6304 3166 6304 3296 6304 3296 6305 3166 6305 3298 6305 3166 6306 3146 6306 3298 6306 3298 6307 3146 6307 3300 6307 3146 6308 2812 6308 3300 6308 3300 6309 2812 6309 3302 6309 2812 6310 2814 6310 3302 6310 3302 6311 2814 6311 3304 6311 2814 6312 2821 6312 3304 6312 3123 6313 3119 6313 3121 6313 3119 6314 3120 6314 3121 6314 3121 6315 3120 6315 3125 6315 3120 6316 3530 6316 3125 6316 3125 6317 3530 6317 3451 6317 3530 6318 3531 6318 3451 6318 3451 6319 3531 6319 3449 6319 3531 6320 3532 6320 3449 6320 3449 6321 3532 6321 3447 6321 3532 6322 3533 6322 3447 6322 3447 6323 3533 6323 3445 6323 3533 6324 3534 6324 3445 6324 3445 6325 3534 6325 3443 6325 3534 6326 3535 6326 3443 6326 3443 6327 3535 6327 3441 6327 3535 6328 3536 6328 3441 6328 3441 6329 3536 6329 3439 6329 3536 6330 3537 6330 3439 6330 3439 6331 3537 6331 3437 6331 3537 6332 3538 6332 3437 6332 3437 6333 3538 6333 3435 6333 3538 6334 3539 6334 3435 6334 3435 6335 3539 6335 2821 6335 2821 6336 3540 6336 3503 6336 3540 6337 3541 6337 3503 6337 3503 6338 3541 6338 3502 6338 3541 6339 3542 6339 3502 6339 3502 6340 3542 6340 3501 6340 3542 6341 3543 6341 3501 6341 3501 6342 3543 6342 3500 6342 3543 6343 3544 6343 3500 6343 3500 6344 3544 6344 3499 6344 3544 6345 3545 6345 3499 6345 3499 6346 3545 6346 3498 6346 3545 6347 3546 6347 3498 6347 3498 6348 3546 6348 3497 6348 3546 6349 3547 6349 3497 6349 3497 6350 3547 6350 3496 6350 3547 6351 3548 6351 3496 6351 3496 6352 3548 6352 3495 6352 3548 6353 3549 6353 3495 6353 3495 6354 3549 6354 3494 6354 3549 6355 3016 6355 3494 6355 3494 6356 3016 6356 3011 6356 3016 6357 3015 6357 3011 6357 3011 6358 3015 6358 3012 6358 2821 6359 3550 6359 3540 6359 3550 6360 3551 6360 3540 6360 3540 6361 3551 6361 3541 6361 3551 6362 3552 6362 3541 6362 3541 6363 3552 6363 3542 6363 3552 6364 3553 6364 3542 6364 3542 6365 3553 6365 3543 6365 3553 6366 3554 6366 3543 6366 3543 6367 3554 6367 3544 6367 3554 6368 3555 6368 3544 6368 3544 6369 3555 6369 3545 6369 3555 6370 3556 6370 3545 6370 3545 6371 3556 6371 3546 6371 3556 6372 3557 6372 3546 6372 3546 6373 3557 6373 3547 6373 3557 6374 3558 6374 3547 6374 3547 6375 3558 6375 3548 6375 3558 6376 3559 6376 3548 6376 3548 6377 3559 6377 3549 6377 3559 6378 3560 6378 3549 6378 3549 6379 3560 6379 3016 6379 3560 6380 3561 6380 3016 6380 3016 6381 3561 6381 3014 6381 3562 6382 3504 6382 3563 6382 3504 6383 3505 6383 3563 6383 3563 6384 3505 6384 3564 6384 3505 6385 3506 6385 3564 6385 3564 6386 3506 6386 3565 6386 3506 6387 3507 6387 3565 6387 3565 6388 3507 6388 3566 6388 3507 6389 3508 6389 3566 6389 3566 6390 3508 6390 3567 6390 3508 6391 3509 6391 3567 6391 3567 6392 3509 6392 3568 6392 3509 6393 3510 6393 3568 6393 3568 6394 3510 6394 3569 6394 3510 6395 3511 6395 3569 6395 3569 6396 3511 6396 3570 6396 3511 6397 3512 6397 3570 6397 3570 6398 3512 6398 3571 6398 3512 6399 3513 6399 3571 6399 3571 6400 3513 6400 3572 6400 3513 6401 3514 6401 3572 6401 3572 6402 3514 6402 3573 6402 3514 6403 3515 6403 3573 6403 3573 6404 3515 6404 3574 6404 2991 6405 2990 6405 2992 6405 2990 6406 2989 6406 2992 6406 2992 6407 2989 6407 2994 6407 2989 6408 3575 6408 2994 6408 2994 6409 3575 6409 3407 6409 3575 6410 3576 6410 3407 6410 3407 6411 3576 6411 3290 6411 3576 6412 3577 6412 3290 6412 3290 6413 3577 6413 3289 6413 3577 6414 3578 6414 3289 6414 3289 6415 3578 6415 3288 6415 3578 6416 3579 6416 3288 6416 3288 6417 3579 6417 3287 6417 3579 6418 3580 6418 3287 6418 3287 6419 3580 6419 3286 6419 3580 6420 3581 6420 3286 6420 3286 6421 3581 6421 3285 6421 3581 6422 3582 6422 3285 6422 3285 6423 3582 6423 3284 6423 3582 6424 3583 6424 3284 6424 3284 6425 3583 6425 3259 6425 3583 6426 3584 6426 3259 6426 3259 6427 3584 6427 2821 6427 2865 6428 2878 6428 2880 6428 2878 6429 2877 6429 2880 6429 2880 6430 2877 6430 3585 6430 3117 6431 3113 6431 3118 6431 3113 6432 3112 6432 3118 6432 3118 6433 3112 6433 3120 6433 3112 6434 3586 6434 3120 6434 3120 6435 3586 6435 3530 6435 3586 6436 3587 6436 3530 6436 3530 6437 3587 6437 3531 6437 3587 6438 3588 6438 3531 6438 3531 6439 3588 6439 3532 6439 3588 6440 3589 6440 3532 6440 3532 6441 3589 6441 3533 6441 3589 6442 3590 6442 3533 6442 3533 6443 3590 6443 3534 6443 3590 6444 3591 6444 3534 6444 3534 6445 3591 6445 3535 6445 3591 6446 3592 6446 3535 6446 3535 6447 3592 6447 3536 6447 3592 6448 3593 6448 3536 6448 3536 6449 3593 6449 3537 6449 3593 6450 3594 6450 3537 6450 3537 6451 3594 6451 3538 6451 3594 6452 3595 6452 3538 6452 3538 6453 3595 6453 3539 6453 3595 6454 3596 6454 3539 6454 3539 6455 3596 6455 2821 6455 2821 6456 3597 6456 3550 6456 3597 6457 3598 6457 3550 6457 3550 6458 3598 6458 3551 6458 3598 6459 3599 6459 3551 6459 3551 6460 3599 6460 3552 6460 3599 6461 3600 6461 3552 6461 3552 6462 3600 6462 3553 6462 3600 6463 3601 6463 3553 6463 3553 6464 3601 6464 3554 6464 3601 6465 3602 6465 3554 6465 3554 6466 3602 6466 3555 6466 3602 6467 3603 6467 3555 6467 3555 6468 3603 6468 3556 6468 3603 6469 3604 6469 3556 6469 3556 6470 3604 6470 3557 6470 3604 6471 3605 6471 3557 6471 3557 6472 3605 6472 3558 6472 3605 6473 3606 6473 3558 6473 3558 6474 3606 6474 3559 6474 3606 6475 3607 6475 3559 6475 3559 6476 3607 6476 3560 6476 3607 6477 3019 6477 3560 6477 3560 6478 3019 6478 3561 6478 3019 6479 3018 6479 3561 6479 3561 6480 3018 6480 3014 6480 3608 6481 3017 6481 3609 6481 3017 6482 3019 6482 3609 6482 3609 6483 3019 6483 3610 6483 3019 6484 3607 6484 3610 6484 3610 6485 3607 6485 3611 6485 3607 6486 3606 6486 3611 6486 3611 6487 3606 6487 3612 6487 3606 6488 3605 6488 3612 6488 3612 6489 3605 6489 3613 6489 3605 6490 3604 6490 3613 6490 3613 6491 3604 6491 3614 6491 3604 6492 3603 6492 3614 6492 3614 6493 3603 6493 3615 6493 3603 6494 3602 6494 3615 6494 3615 6495 3602 6495 3616 6495 3602 6496 3601 6496 3616 6496 3616 6497 3601 6497 3617 6497 3601 6498 3600 6498 3617 6498 3617 6499 3600 6499 3618 6499 3600 6500 3599 6500 3618 6500 3618 6501 3599 6501 3619 6501 3599 6502 3598 6502 3619 6502 3619 6503 3598 6503 3620 6503 3598 6504 3597 6504 3620 6504 3620 6505 3597 6505 3621 6505 3597 6506 2821 6506 3621 6506 3622 6507 3562 6507 3623 6507 3562 6508 3563 6508 3623 6508 3623 6509 3563 6509 3624 6509 3563 6510 3564 6510 3624 6510 3624 6511 3564 6511 3625 6511 3564 6512 3565 6512 3625 6512 3625 6513 3565 6513 3626 6513 3565 6514 3566 6514 3626 6514 3626 6515 3566 6515 3627 6515 3566 6516 3567 6516 3627 6516 3627 6517 3567 6517 3628 6517 3567 6518 3568 6518 3628 6518 3628 6519 3568 6519 3629 6519 3568 6520 3569 6520 3629 6520 3629 6521 3569 6521 3630 6521 3569 6522 3570 6522 3630 6522 3630 6523 3570 6523 3631 6523 3570 6524 3571 6524 3631 6524 3631 6525 3571 6525 3632 6525 3571 6526 3572 6526 3632 6526 3632 6527 3572 6527 3633 6527 3572 6528 3573 6528 3633 6528 3633 6529 3573 6529 3634 6529 3573 6530 3574 6530 3634 6530 3634 6531 3574 6531 3635 6531 2986 6532 2982 6532 2987 6532 2982 6533 2981 6533 2987 6533 2987 6534 2981 6534 2989 6534 2981 6535 3636 6535 2989 6535 2989 6536 3636 6536 3575 6536 3636 6537 3637 6537 3575 6537 3575 6538 3637 6538 3576 6538 3637 6539 3638 6539 3576 6539 3576 6540 3638 6540 3577 6540 3638 6541 3639 6541 3577 6541 3577 6542 3639 6542 3578 6542 3639 6543 3640 6543 3578 6543 3578 6544 3640 6544 3579 6544 3640 6545 3641 6545 3579 6545 3579 6546 3641 6546 3580 6546 3641 6547 3642 6547 3580 6547 3580 6548 3642 6548 3581 6548 3642 6549 3643 6549 3581 6549 3581 6550 3643 6550 3582 6550 3643 6551 3644 6551 3582 6551 3582 6552 3644 6552 3583 6552 3644 6553 3645 6553 3583 6553 3583 6554 3645 6554 3584 6554 3645 6555 3646 6555 3584 6555 3584 6556 3646 6556 2821 6556 2884 6557 2867 6557 2885 6557 2867 6558 2866 6558 2885 6558 2885 6559 2866 6559 3647 6559 2866 6560 2880 6560 3647 6560 3647 6561 2880 6561 3648 6561 2880 6562 3585 6562 3648 6562 3648 6563 3585 6563 3649 6563 3116 6564 3110 6564 3114 6564 3110 6565 3109 6565 3114 6565 3114 6566 3109 6566 3112 6566 3109 6567 3650 6567 3112 6567 3112 6568 3650 6568 3586 6568 3650 6569 3651 6569 3586 6569 3586 6570 3651 6570 3587 6570 3651 6571 3652 6571 3587 6571 3587 6572 3652 6572 3588 6572 3652 6573 3653 6573 3588 6573 3588 6574 3653 6574 3589 6574 3653 6575 3654 6575 3589 6575 3589 6576 3654 6576 3590 6576 3654 6577 3655 6577 3590 6577 3590 6578 3655 6578 3591 6578 3655 6579 3656 6579 3591 6579 3591 6580 3656 6580 3592 6580 3656 6581 3657 6581 3592 6581 3592 6582 3657 6582 3593 6582 3657 6583 3658 6583 3593 6583 3593 6584 3658 6584 3594 6584 3658 6585 3659 6585 3594 6585 3594 6586 3659 6586 3595 6586 3659 6587 3660 6587 3595 6587 3595 6588 3660 6588 3596 6588 3660 6589 3661 6589 3596 6589 3596 6590 3661 6590 2821 6590 3662 6591 2821 6591 3661 6591 2821 6592 3663 6592 3621 6592 3663 6593 3664 6593 3621 6593 3621 6594 3664 6594 3620 6594 3664 6595 3665 6595 3620 6595 3620 6596 3665 6596 3619 6596 3665 6597 3666 6597 3619 6597 3619 6598 3666 6598 3618 6598 3666 6599 3667 6599 3618 6599 3618 6600 3667 6600 3617 6600 3667 6601 3668 6601 3617 6601 3617 6602 3668 6602 3616 6602 3668 6603 3669 6603 3616 6603 3616 6604 3669 6604 3615 6604 3669 6605 3670 6605 3615 6605 3615 6606 3670 6606 3614 6606 3670 6607 3671 6607 3614 6607 3614 6608 3671 6608 3613 6608 3671 6609 3672 6609 3613 6609 3613 6610 3672 6610 3612 6610 3672 6611 3673 6611 3612 6611 3612 6612 3673 6612 3611 6612 3673 6613 3674 6613 3611 6613 3611 6614 3674 6614 3610 6614 3674 6615 3675 6615 3610 6615 3610 6616 3675 6616 3609 6616 3675 6617 3676 6617 3609 6617 3609 6618 3676 6618 3608 6618 3024 6619 3676 6619 3022 6619 3676 6620 3675 6620 3022 6620 3022 6621 3675 6621 3677 6621 3675 6622 3674 6622 3677 6622 3677 6623 3674 6623 3678 6623 3674 6624 3673 6624 3678 6624 3678 6625 3673 6625 3679 6625 3673 6626 3672 6626 3679 6626 3679 6627 3672 6627 3680 6627 3672 6628 3671 6628 3680 6628 3680 6629 3671 6629 3681 6629 3671 6630 3670 6630 3681 6630 3681 6631 3670 6631 3682 6631 3670 6632 3669 6632 3682 6632 3682 6633 3669 6633 3683 6633 3669 6634 3668 6634 3683 6634 3683 6635 3668 6635 3684 6635 3668 6636 3667 6636 3684 6636 3684 6637 3667 6637 3685 6637 3667 6638 3666 6638 3685 6638 3685 6639 3666 6639 3686 6639 3666 6640 3665 6640 3686 6640 3686 6641 3665 6641 3687 6641 3665 6642 3664 6642 3687 6642 3687 6643 3664 6643 3688 6643 3664 6644 3663 6644 3688 6644 3688 6645 3663 6645 3689 6645 3663 6646 2821 6646 3689 6646 3690 6647 3622 6647 3691 6647 3622 6648 3623 6648 3691 6648 3691 6649 3623 6649 3692 6649 3623 6650 3624 6650 3692 6650 3692 6651 3624 6651 3693 6651 3624 6652 3625 6652 3693 6652 3693 6653 3625 6653 3694 6653 3625 6654 3626 6654 3694 6654 3694 6655 3626 6655 3695 6655 3626 6656 3627 6656 3695 6656 3695 6657 3627 6657 3696 6657 3627 6658 3628 6658 3696 6658 3696 6659 3628 6659 3697 6659 3628 6660 3629 6660 3697 6660 3697 6661 3629 6661 3698 6661 3629 6662 3630 6662 3698 6662 3698 6663 3630 6663 3699 6663 3630 6664 3631 6664 3699 6664 3699 6665 3631 6665 3700 6665 3631 6666 3632 6666 3700 6666 3700 6667 3632 6667 3701 6667 3632 6668 3633 6668 3701 6668 3701 6669 3633 6669 3702 6669 3633 6670 3634 6670 3702 6670 3702 6671 3634 6671 3703 6671 3634 6672 3635 6672 3703 6672 3703 6673 3635 6673 3704 6673 2985 6674 2979 6674 2983 6674 2979 6675 2978 6675 2983 6675 2983 6676 2978 6676 2981 6676 2978 6677 3705 6677 2981 6677 2981 6678 3705 6678 3636 6678 3705 6679 3706 6679 3636 6679 3636 6680 3706 6680 3637 6680 3706 6681 3707 6681 3637 6681 3637 6682 3707 6682 3638 6682 3707 6683 3708 6683 3638 6683 3638 6684 3708 6684 3639 6684 3708 6685 3709 6685 3639 6685 3639 6686 3709 6686 3640 6686 3709 6687 3710 6687 3640 6687 3640 6688 3710 6688 3641 6688 3710 6689 3711 6689 3641 6689 3641 6690 3711 6690 3642 6690 3711 6691 3712 6691 3642 6691 3642 6692 3712 6692 3643 6692 3712 6693 3713 6693 3643 6693 3643 6694 3713 6694 3644 6694 3713 6695 3714 6695 3644 6695 3644 6696 3714 6696 3645 6696 3714 6697 3715 6697 3645 6697 3645 6698 3715 6698 3646 6698 3715 6699 3716 6699 3646 6699 3646 6700 3716 6700 2821 6700 2890 6701 3717 6701 2888 6701 3717 6702 2881 6702 2888 6702 2888 6703 2881 6703 3718 6703 2881 6704 2883 6704 3718 6704 3718 6705 2883 6705 3719 6705 2883 6706 2885 6706 3719 6706 3719 6707 2885 6707 3720 6707 2885 6708 3647 6708 3720 6708 3720 6709 3647 6709 3721 6709 3647 6710 3648 6710 3721 6710 3721 6711 3648 6711 3722 6711 3648 6712 3649 6712 3722 6712 3722 6713 3649 6713 3723 6713 3724 6714 3020 6714 3725 6714 3020 6715 3022 6715 3725 6715 3725 6716 3022 6716 3726 6716 3022 6717 3677 6717 3726 6717 3726 6718 3677 6718 3727 6718 3677 6719 3678 6719 3727 6719 3727 6720 3678 6720 3728 6720 3678 6721 3679 6721 3728 6721 3728 6722 3679 6722 3729 6722 3679 6723 3680 6723 3729 6723 3729 6724 3680 6724 3730 6724 3680 6725 3681 6725 3730 6725 3730 6726 3681 6726 3731 6726 3681 6727 3682 6727 3731 6727 3731 6728 3682 6728 3732 6728 3682 6729 3683 6729 3732 6729 3732 6730 3683 6730 3733 6730 3683 6731 3684 6731 3733 6731 3733 6732 3684 6732 3734 6732 3684 6733 3685 6733 3734 6733 3734 6734 3685 6734 3735 6734 3685 6735 3686 6735 3735 6735 3735 6736 3686 6736 3736 6736 3686 6737 3687 6737 3736 6737 3736 6738 3687 6738 3737 6738 3687 6739 3688 6739 3737 6739 3737 6740 3688 6740 3738 6740 3688 6741 3689 6741 3738 6741 3738 6742 3689 6742 3739 6742 3689 6743 2821 6743 3739 6743 3740 6744 3690 6744 3741 6744 3690 6745 3691 6745 3741 6745 3741 6746 3691 6746 3742 6746 3691 6747 3692 6747 3742 6747 3742 6748 3692 6748 3743 6748 3692 6749 3693 6749 3743 6749 3743 6750 3693 6750 3744 6750 3693 6751 3694 6751 3744 6751 3744 6752 3694 6752 3745 6752 3694 6753 3695 6753 3745 6753 3745 6754 3695 6754 3746 6754 3695 6755 3696 6755 3746 6755 3746 6756 3696 6756 3747 6756 3696 6757 3697 6757 3747 6757 3747 6758 3697 6758 3748 6758 3697 6759 3698 6759 3748 6759 3748 6760 3698 6760 3749 6760 3698 6761 3699 6761 3749 6761 3749 6762 3699 6762 3750 6762 3699 6763 3700 6763 3750 6763 3750 6764 3700 6764 3751 6764 3700 6765 3701 6765 3751 6765 3751 6766 3701 6766 3752 6766 3701 6767 3702 6767 3752 6767 3752 6768 3702 6768 3753 6768 3702 6769 3703 6769 3753 6769 3753 6770 3703 6770 3754 6770 3703 6771 3704 6771 3754 6771 3754 6772 3704 6772 3755 6772 3756 6773 3724 6773 3757 6773 3724 6774 3725 6774 3757 6774 3757 6775 3725 6775 3758 6775 3725 6776 3726 6776 3758 6776 3758 6777 3726 6777 3759 6777 3726 6778 3727 6778 3759 6778 3759 6779 3727 6779 3760 6779 3727 6780 3728 6780 3760 6780 3760 6781 3728 6781 3761 6781 3728 6782 3729 6782 3761 6782 3761 6783 3729 6783 3762 6783 3729 6784 3730 6784 3762 6784 3762 6785 3730 6785 3763 6785 3730 6786 3731 6786 3763 6786 3763 6787 3731 6787 3764 6787 3731 6788 3732 6788 3764 6788 3764 6789 3732 6789 3765 6789 3732 6790 3733 6790 3765 6790 3765 6791 3733 6791 3766 6791 3733 6792 3734 6792 3766 6792 3766 6793 3734 6793 3767 6793 3734 6794 3735 6794 3767 6794 3767 6795 3735 6795 3768 6795 3735 6796 3736 6796 3768 6796 3768 6797 3736 6797 3769 6797 3736 6798 3737 6798 3769 6798 3769 6799 3737 6799 3770 6799 3737 6800 3738 6800 3770 6800 3770 6801 3738 6801 3771 6801 3738 6802 3739 6802 3771 6802 3771 6803 3739 6803 3772 6803 3739 6804 2821 6804 3772 6804 3773 6805 3740 6805 3774 6805 3740 6806 3741 6806 3774 6806 3774 6807 3741 6807 3775 6807 3741 6808 3742 6808 3775 6808 3775 6809 3742 6809 3776 6809 3742 6810 3743 6810 3776 6810 3776 6811 3743 6811 3777 6811 3743 6812 3744 6812 3777 6812 3777 6813 3744 6813 3778 6813 3744 6814 3745 6814 3778 6814 3778 6815 3745 6815 3779 6815 3745 6816 3746 6816 3779 6816 3779 6817 3746 6817 3780 6817 3746 6818 3747 6818 3780 6818 3780 6819 3747 6819 3781 6819 3747 6820 3748 6820 3781 6820 3781 6821 3748 6821 3782 6821 3748 6822 3749 6822 3782 6822 3782 6823 3749 6823 3783 6823 3749 6824 3750 6824 3783 6824 3783 6825 3750 6825 3784 6825 3750 6826 3751 6826 3784 6826 3784 6827 3751 6827 3785 6827 3751 6828 3752 6828 3785 6828 3785 6829 3752 6829 3786 6829 3752 6830 3753 6830 3786 6830 3786 6831 3753 6831 3787 6831 3753 6832 3754 6832 3787 6832 3787 6833 3754 6833 3788 6833 3754 6834 3755 6834 3788 6834 3788 6835 3755 6835 3789 6835 3662 6836 3661 6836 3790 6836 3661 6837 3660 6837 3790 6837 3790 6838 3660 6838 3791 6838 3660 6839 3659 6839 3791 6839 3791 6840 3659 6840 3792 6840 3659 6841 3658 6841 3792 6841 3792 6842 3658 6842 3793 6842 3658 6843 3657 6843 3793 6843 3793 6844 3657 6844 3794 6844 3657 6845 3656 6845 3794 6845 3794 6846 3656 6846 3795 6846 3656 6847 3655 6847 3795 6847 3795 6848 3655 6848 3796 6848 3655 6849 3654 6849 3796 6849 3796 6850 3654 6850 3797 6850 3654 6851 3653 6851 3797 6851 3797 6852 3653 6852 3798 6852 3653 6853 3652 6853 3798 6853 3798 6854 3652 6854 3799 6854 3652 6855 3651 6855 3799 6855 3799 6856 3651 6856 3800 6856 3651 6857 3650 6857 3800 6857 3800 6858 3650 6858 3801 6858 3650 6859 3109 6859 3801 6859 3801 6860 3109 6860 3802 6860 3109 6861 3107 6861 3802 6861 3802 6862 3107 6862 3803 6862 3107 6863 3104 6863 3803 6863 3803 6864 3104 6864 3804 6864 3104 6865 3100 6865 3804 6865 3804 6866 3100 6866 3097 6866 3100 6867 3099 6867 3097 6867 3097 6868 3099 6868 3098 6868 2821 6869 3805 6869 3772 6869 3805 6870 3806 6870 3772 6870 3772 6871 3806 6871 3771 6871 3806 6872 3807 6872 3771 6872 3771 6873 3807 6873 3770 6873 3807 6874 3808 6874 3770 6874 3770 6875 3808 6875 3769 6875 3808 6876 3809 6876 3769 6876 3769 6877 3809 6877 3768 6877 3809 6878 3810 6878 3768 6878 3768 6879 3810 6879 3767 6879 3810 6880 3811 6880 3767 6880 3767 6881 3811 6881 3766 6881 3811 6882 3812 6882 3766 6882 3766 6883 3812 6883 3765 6883 3812 6884 3813 6884 3765 6884 3765 6885 3813 6885 3764 6885 3813 6886 3814 6886 3764 6886 3764 6887 3814 6887 3763 6887 3814 6888 3815 6888 3763 6888 3763 6889 3815 6889 3762 6889 3815 6890 3816 6890 3762 6890 3762 6891 3816 6891 3761 6891 3816 6892 3817 6892 3761 6892 3761 6893 3817 6893 3760 6893 3817 6894 3818 6894 3760 6894 3760 6895 3818 6895 3759 6895 3818 6896 3819 6896 3759 6896 3759 6897 3819 6897 3758 6897 3819 6898 3820 6898 3758 6898 3758 6899 3820 6899 3757 6899 3820 6900 3821 6900 3757 6900 3757 6901 3821 6901 3756 6901 3365 6902 2821 6902 3366 6902 3128 6903 3127 6903 3134 6903 3127 6904 3463 6904 3134 6904 3134 6905 3463 6905 3132 6905 3463 6906 3462 6906 3132 6906 3132 6907 3462 6907 3351 6907 3462 6908 3461 6908 3351 6908 3351 6909 3461 6909 3353 6909 3461 6910 3460 6910 3353 6910 3353 6911 3460 6911 3355 6911 3460 6912 3459 6912 3355 6912 3355 6913 3459 6913 3357 6913 3459 6914 3458 6914 3357 6914 3357 6915 3458 6915 3359 6915 3458 6916 3457 6916 3359 6916 3359 6917 3457 6917 3361 6917 3457 6918 3456 6918 3361 6918 3361 6919 3456 6919 3363 6919 3456 6920 3455 6920 3363 6920 3363 6921 3455 6921 3365 6921 3455 6922 2821 6922 3365 6922 3822 6923 3773 6923 3823 6923 3773 6924 3774 6924 3823 6924 3823 6925 3774 6925 3824 6925 3774 6926 3775 6926 3824 6926 3824 6927 3775 6927 3825 6927 3775 6928 3776 6928 3825 6928 3825 6929 3776 6929 3826 6929 3776 6930 3777 6930 3826 6930 3826 6931 3777 6931 3827 6931 3777 6932 3778 6932 3827 6932 3827 6933 3778 6933 3828 6933 3778 6934 3779 6934 3828 6934 3828 6935 3779 6935 3829 6935 3779 6936 3780 6936 3829 6936 3829 6937 3780 6937 3830 6937 3780 6938 3781 6938 3830 6938 3830 6939 3781 6939 3831 6939 3781 6940 3782 6940 3831 6940 3831 6941 3782 6941 3832 6941 3782 6942 3783 6942 3832 6942 3832 6943 3783 6943 3833 6943 3783 6944 3784 6944 3833 6944 3833 6945 3784 6945 3834 6945 3784 6946 3785 6946 3834 6946 3834 6947 3785 6947 3835 6947 3785 6948 3786 6948 3835 6948 3835 6949 3786 6949 3836 6949 3786 6950 3787 6950 3836 6950 3836 6951 3787 6951 3837 6951 3787 6952 3788 6952 3837 6952 3837 6953 3788 6953 3838 6953 3788 6954 3789 6954 3838 6954 3838 6955 3789 6955 3839 6955 2970 6956 3840 6956 2971 6956 3840 6957 3839 6957 2971 6957 2971 6958 3839 6958 2973 6958 3839 6959 3789 6959 2973 6959 2973 6960 3789 6960 2976 6960 3789 6961 3755 6961 2976 6961 2976 6962 3755 6962 2978 6962 3755 6963 3704 6963 2978 6963 2978 6964 3704 6964 3705 6964 3704 6965 3635 6965 3705 6965 3705 6966 3635 6966 3706 6966 3635 6967 3574 6967 3706 6967 3706 6968 3574 6968 3707 6968 3574 6969 3515 6969 3707 6969 3707 6970 3515 6970 3708 6970 3515 6971 3404 6971 3708 6971 3708 6972 3404 6972 3709 6972 3404 6973 3333 6973 3709 6973 3709 6974 3333 6974 3710 6974 3333 6975 3283 6975 3710 6975 3710 6976 3283 6976 3711 6976 3283 6977 3252 6977 3711 6977 3711 6978 3252 6978 3712 6978 3252 6979 3216 6979 3712 6979 3712 6980 3216 6980 3713 6980 3216 6981 3187 6981 3713 6981 3713 6982 3187 6982 3714 6982 3187 6983 3163 6983 3714 6983 3714 6984 3163 6984 3715 6984 3163 6985 3144 6985 3715 6985 3715 6986 3144 6986 3716 6986 3144 6987 2826 6987 3716 6987 3716 6988 2826 6988 2821 6988 2896 6989 3841 6989 2897 6989 3841 6990 2891 6990 2897 6990 2897 6991 2891 6991 3842 6991 2891 6992 2893 6992 3842 6992 3842 6993 2893 6993 3843 6993 2893 6994 2886 6994 3843 6994 3843 6995 2886 6995 3844 6995 2886 6996 2888 6996 3844 6996 3844 6997 2888 6997 3845 6997 2888 6998 3718 6998 3845 6998 3845 6999 3718 6999 3846 6999 3718 7000 3719 7000 3846 7000 3846 7001 3719 7001 3847 7001 3719 7002 3720 7002 3847 7002 3847 7003 3720 7003 3848 7003 3720 7004 3721 7004 3848 7004 3848 7005 3721 7005 3849 7005 3721 7006 3722 7006 3849 7006 3849 7007 3722 7007 3850 7007 3722 7008 3723 7008 3850 7008 3850 7009 3723 7009 3851 7009 3027 7010 3822 7010 3852 7010 3822 7011 3823 7011 3852 7011 3852 7012 3823 7012 3853 7012 3823 7013 3824 7013 3853 7013 3853 7014 3824 7014 3854 7014 3824 7015 3825 7015 3854 7015 3854 7016 3825 7016 3855 7016 3825 7017 3826 7017 3855 7017 3855 7018 3826 7018 3856 7018 3826 7019 3827 7019 3856 7019 3856 7020 3827 7020 3857 7020 3827 7021 3828 7021 3857 7021 3857 7022 3828 7022 3858 7022 3828 7023 3829 7023 3858 7023 3858 7024 3829 7024 3859 7024 3829 7025 3830 7025 3859 7025 3859 7026 3830 7026 3860 7026 3830 7027 3831 7027 3860 7027 3860 7028 3831 7028 3861 7028 3831 7029 3832 7029 3861 7029 3861 7030 3832 7030 3862 7030 3832 7031 3833 7031 3862 7031 3862 7032 3833 7032 3863 7032 3833 7033 3834 7033 3863 7033 3863 7034 3834 7034 3864 7034 3834 7035 3835 7035 3864 7035 3864 7036 3835 7036 3865 7036 3835 7037 3836 7037 3865 7037 3865 7038 3836 7038 3866 7038 3836 7039 3837 7039 3866 7039 3866 7040 3837 7040 3867 7040 3837 7041 3838 7041 3867 7041 3867 7042 3838 7042 3868 7042 3838 7043 3839 7043 3868 7043 3868 7044 3839 7044 2969 7044 3839 7045 3840 7045 2969 7045 2969 7046 3840 7046 2967 7046 2847 7047 2849 7047 2969 7047 2849 7048 3869 7048 2969 7048 2969 7049 3869 7049 3868 7049 3869 7050 3870 7050 3868 7050 3868 7051 3870 7051 3867 7051 3870 7052 3871 7052 3867 7052 3867 7053 3871 7053 3866 7053 3871 7054 3872 7054 3866 7054 3866 7055 3872 7055 3865 7055 3872 7056 3873 7056 3865 7056 3865 7057 3873 7057 3864 7057 3873 7058 3874 7058 3864 7058 3864 7059 3874 7059 3863 7059 3874 7060 3875 7060 3863 7060 3863 7061 3875 7061 3862 7061 3875 7062 3876 7062 3862 7062 3862 7063 3876 7063 3861 7063 3876 7064 3877 7064 3861 7064 3861 7065 3877 7065 3860 7065 3877 7066 3878 7066 3860 7066 3860 7067 3878 7067 3859 7067 3878 7068 3879 7068 3859 7068 3859 7069 3879 7069 3858 7069 3879 7070 3880 7070 3858 7070 3858 7071 3880 7071 3857 7071 3880 7072 3881 7072 3857 7072 3857 7073 3881 7073 3856 7073 3881 7074 3882 7074 3856 7074 3856 7075 3882 7075 3855 7075 3882 7076 3883 7076 3855 7076 3855 7077 3883 7077 3854 7077 3883 7078 3884 7078 3854 7078 3854 7079 3884 7079 3853 7079 3884 7080 3885 7080 3853 7080 3853 7081 3885 7081 3852 7081 3885 7082 3886 7082 3852 7082 3852 7083 3886 7083 3027 7083 3886 7084 3887 7084 3027 7084 3027 7085 3887 7085 3025 7085 2848 7086 2964 7086 2849 7086 2964 7087 3888 7087 2849 7087 2849 7088 3888 7088 3869 7088 3888 7089 3889 7089 3869 7089 3869 7090 3889 7090 3870 7090 3889 7091 3890 7091 3870 7091 3870 7092 3890 7092 3871 7092 3890 7093 3891 7093 3871 7093 3871 7094 3891 7094 3872 7094 3891 7095 3892 7095 3872 7095 3872 7096 3892 7096 3873 7096 3892 7097 3893 7097 3873 7097 3873 7098 3893 7098 3874 7098 3893 7099 3894 7099 3874 7099 3874 7100 3894 7100 3875 7100 3894 7101 3895 7101 3875 7101 3875 7102 3895 7102 3876 7102 3895 7103 3896 7103 3876 7103 3876 7104 3896 7104 3877 7104 3896 7105 3897 7105 3877 7105 3877 7106 3897 7106 3878 7106 3897 7107 3898 7107 3878 7107 3878 7108 3898 7108 3879 7108 3898 7109 3899 7109 3879 7109 3879 7110 3899 7110 3880 7110 3899 7111 3900 7111 3880 7111 3880 7112 3900 7112 3881 7112 3900 7113 3901 7113 3881 7113 3881 7114 3901 7114 3882 7114 3901 7115 3902 7115 3882 7115 3882 7116 3902 7116 3883 7116 3902 7117 3903 7117 3883 7117 3883 7118 3903 7118 3884 7118 3903 7119 3904 7119 3884 7119 3884 7120 3904 7120 3885 7120 3904 7121 3031 7121 3885 7121 3885 7122 3031 7122 3886 7122 3031 7123 3032 7123 3886 7123 3886 7124 3032 7124 3887 7124 3905 7125 3906 7125 3907 7125 3906 7126 3908 7126 3907 7126 3907 7127 3908 7127 3909 7127 3908 7128 3910 7128 3909 7128 3909 7129 3910 7129 3911 7129 3910 7130 3912 7130 3911 7130 3911 7131 3912 7131 3913 7131 3912 7132 3914 7132 3913 7132 3913 7133 3914 7133 3915 7133 3914 7134 3916 7134 3915 7134 3915 7135 3916 7135 3917 7135 3916 7136 3918 7136 3917 7136 3917 7137 3918 7137 3919 7137 3918 7138 3920 7138 3919 7138 3919 7139 3920 7139 3921 7139 3920 7140 3922 7140 3921 7140 3921 7141 3922 7141 3923 7141 3922 7142 3924 7142 3923 7142 3923 7143 3924 7143 3925 7143 3924 7144 3926 7144 3925 7144 3925 7145 3926 7145 3927 7145 3926 7146 3928 7146 3927 7146 3927 7147 3928 7147 3929 7147 3928 7148 3930 7148 3929 7148 3929 7149 3930 7149 3931 7149 3932 7150 3905 7150 3933 7150 3905 7151 3907 7151 3933 7151 3933 7152 3907 7152 3934 7152 3907 7153 3909 7153 3934 7153 3934 7154 3909 7154 3935 7154 3909 7155 3911 7155 3935 7155 3935 7156 3911 7156 3936 7156 3911 7157 3913 7157 3936 7157 3936 7158 3913 7158 3937 7158 3913 7159 3915 7159 3937 7159 3937 7160 3915 7160 3938 7160 3915 7161 3917 7161 3938 7161 3938 7162 3917 7162 3939 7162 3917 7163 3919 7163 3939 7163 3939 7164 3919 7164 3940 7164 3919 7165 3921 7165 3940 7165 3940 7166 3921 7166 3941 7166 3921 7167 3923 7167 3941 7167 3941 7168 3923 7168 3942 7168 3923 7169 3925 7169 3942 7169 3942 7170 3925 7170 3943 7170 3925 7171 3927 7171 3943 7171 3943 7172 3927 7172 3944 7172 3927 7173 3929 7173 3944 7173 3944 7174 3929 7174 3945 7174 3929 7175 3931 7175 3945 7175 3945 7176 3931 7176 3946 7176 3947 7177 3932 7177 3948 7177 3932 7178 3933 7178 3948 7178 3948 7179 3933 7179 3949 7179 3933 7180 3934 7180 3949 7180 3949 7181 3934 7181 3950 7181 3934 7182 3935 7182 3950 7182 3950 7183 3935 7183 3951 7183 3935 7184 3936 7184 3951 7184 3951 7185 3936 7185 3952 7185 3936 7186 3937 7186 3952 7186 3952 7187 3937 7187 3953 7187 3937 7188 3938 7188 3953 7188 3953 7189 3938 7189 3954 7189 3938 7190 3939 7190 3954 7190 3954 7191 3939 7191 3955 7191 3939 7192 3940 7192 3955 7192 3955 7193 3940 7193 3956 7193 3940 7194 3941 7194 3956 7194 3956 7195 3941 7195 3957 7195 3941 7196 3942 7196 3957 7196 3957 7197 3942 7197 3958 7197 3942 7198 3943 7198 3958 7198 3958 7199 3943 7199 3959 7199 3943 7200 3944 7200 3959 7200 3959 7201 3944 7201 3960 7201 3944 7202 3945 7202 3960 7202 3960 7203 3945 7203 3961 7203 3945 7204 3946 7204 3961 7204 3961 7205 3946 7205 3962 7205 3963 7206 3947 7206 3964 7206 3947 7207 3948 7207 3964 7207 3964 7208 3948 7208 3965 7208 3948 7209 3949 7209 3965 7209 3965 7210 3949 7210 3966 7210 3949 7211 3950 7211 3966 7211 3966 7212 3950 7212 3967 7212 3950 7213 3951 7213 3967 7213 3967 7214 3951 7214 3968 7214 3951 7215 3952 7215 3968 7215 3968 7216 3952 7216 3969 7216 3952 7217 3953 7217 3969 7217 3969 7218 3953 7218 3970 7218 3953 7219 3954 7219 3970 7219 3970 7220 3954 7220 3971 7220 3954 7221 3955 7221 3971 7221 3971 7222 3955 7222 3972 7222 3955 7223 3956 7223 3972 7223 3972 7224 3956 7224 3973 7224 3956 7225 3957 7225 3973 7225 3973 7226 3957 7226 3974 7226 3957 7227 3958 7227 3974 7227 3974 7228 3958 7228 3975 7228 3958 7229 3959 7229 3975 7229 3975 7230 3959 7230 3976 7230 3959 7231 3960 7231 3976 7231 3976 7232 3960 7232 3977 7232 3960 7233 3961 7233 3977 7233 3977 7234 3961 7234 3978 7234 3961 7235 3962 7235 3978 7235 3978 7236 3962 7236 3979 7236 3980 7237 3963 7237 3981 7237 3963 7238 3964 7238 3981 7238 3981 7239 3964 7239 3982 7239 3964 7240 3965 7240 3982 7240 3982 7241 3965 7241 3983 7241 3965 7242 3966 7242 3983 7242 3983 7243 3966 7243 3984 7243 3966 7244 3967 7244 3984 7244 3984 7245 3967 7245 3985 7245 3967 7246 3968 7246 3985 7246 3985 7247 3968 7247 3986 7247 3968 7248 3969 7248 3986 7248 3986 7249 3969 7249 3987 7249 3969 7250 3970 7250 3987 7250 3987 7251 3970 7251 3988 7251 3970 7252 3971 7252 3988 7252 3988 7253 3971 7253 3989 7253 3971 7254 3972 7254 3989 7254 3989 7255 3972 7255 3990 7255 3972 7256 3973 7256 3990 7256 3990 7257 3973 7257 3991 7257 3973 7258 3974 7258 3991 7258 3991 7259 3974 7259 3992 7259 3974 7260 3975 7260 3992 7260 3992 7261 3975 7261 3993 7261 3975 7262 3976 7262 3993 7262 3993 7263 3976 7263 3994 7263 3976 7264 3977 7264 3994 7264 3994 7265 3977 7265 3995 7265 3977 7266 3978 7266 3995 7266 3995 7267 3978 7267 3996 7267 3978 7268 3979 7268 3996 7268 3996 7269 3979 7269 3997 7269 3998 7270 3980 7270 3999 7270 3980 7271 3981 7271 3999 7271 3999 7272 3981 7272 4000 7272 3981 7273 3982 7273 4000 7273 4000 7274 3982 7274 4001 7274 3982 7275 3983 7275 4001 7275 4001 7276 3983 7276 4002 7276 3983 7277 3984 7277 4002 7277 4002 7278 3984 7278 4003 7278 3984 7279 3985 7279 4003 7279 4003 7280 3985 7280 4004 7280 3985 7281 3986 7281 4004 7281 4004 7282 3986 7282 4005 7282 3986 7283 3987 7283 4005 7283 4005 7284 3987 7284 4006 7284 3987 7285 3988 7285 4006 7285 4006 7286 3988 7286 4007 7286 3988 7287 3989 7287 4007 7287 4007 7288 3989 7288 4008 7288 3989 7289 3990 7289 4008 7289 4008 7290 3990 7290 4009 7290 3990 7291 3991 7291 4009 7291 4009 7292 3991 7292 4010 7292 3991 7293 3992 7293 4010 7293 4010 7294 3992 7294 4011 7294 3992 7295 3993 7295 4011 7295 4011 7296 3993 7296 4012 7296 3993 7297 3994 7297 4012 7297 4012 7298 3994 7298 4013 7298 3994 7299 3995 7299 4013 7299 4013 7300 3995 7300 4014 7300 3995 7301 3996 7301 4014 7301 4014 7302 3996 7302 4015 7302 3996 7303 3997 7303 4015 7303 4015 7304 3997 7304 4016 7304 4017 7305 3998 7305 4018 7305 3998 7306 3999 7306 4018 7306 4018 7307 3999 7307 4019 7307 3999 7308 4000 7308 4019 7308 4019 7309 4000 7309 4020 7309 4000 7310 4001 7310 4020 7310 4020 7311 4001 7311 4021 7311 4001 7312 4002 7312 4021 7312 4021 7313 4002 7313 4022 7313 4002 7314 4003 7314 4022 7314 4022 7315 4003 7315 4023 7315 4003 7316 4004 7316 4023 7316 4023 7317 4004 7317 4024 7317 4004 7318 4005 7318 4024 7318 4024 7319 4005 7319 4025 7319 4005 7320 4006 7320 4025 7320 4025 7321 4006 7321 4026 7321 4006 7322 4007 7322 4026 7322 4026 7323 4007 7323 4027 7323 4007 7324 4008 7324 4027 7324 4027 7325 4008 7325 4028 7325 4008 7326 4009 7326 4028 7326 4028 7327 4009 7327 4029 7327 4009 7328 4010 7328 4029 7328 4029 7329 4010 7329 4030 7329 4010 7330 4011 7330 4030 7330 4030 7331 4011 7331 4031 7331 4011 7332 4012 7332 4031 7332 4031 7333 4012 7333 4032 7333 4012 7334 4013 7334 4032 7334 4032 7335 4013 7335 4033 7335 4013 7336 4014 7336 4033 7336 4033 7337 4014 7337 4034 7337 4014 7338 4015 7338 4034 7338 4034 7339 4015 7339 4035 7339 4015 7340 4016 7340 4035 7340 4035 7341 4016 7341 4036 7341 4036 7342 4037 7342 4035 7342 4037 7343 4038 7343 4035 7343 4035 7344 4038 7344 4034 7344 4038 7345 4039 7345 4034 7345 4034 7346 4039 7346 4033 7346 4039 7347 4040 7347 4033 7347 4033 7348 4040 7348 4032 7348 4040 7349 4041 7349 4032 7349 4032 7350 4041 7350 4031 7350 4041 7351 4042 7351 4031 7351 4031 7352 4042 7352 4030 7352 4042 7353 4043 7353 4030 7353 4030 7354 4043 7354 4029 7354 4043 7355 4044 7355 4029 7355 4029 7356 4044 7356 4028 7356 4044 7357 4045 7357 4028 7357 4028 7358 4045 7358 4027 7358 4045 7359 4046 7359 4027 7359 4027 7360 4046 7360 4026 7360 4046 7361 4047 7361 4026 7361 4026 7362 4047 7362 4025 7362 4047 7363 4048 7363 4025 7363 4025 7364 4048 7364 4024 7364 4048 7365 4049 7365 4024 7365 4024 7366 4049 7366 4023 7366 4049 7367 4050 7367 4023 7367 4023 7368 4050 7368 4022 7368 4050 7369 4051 7369 4022 7369 4022 7370 4051 7370 4021 7370 4051 7371 4052 7371 4021 7371 4021 7372 4052 7372 4020 7372 4052 7373 4053 7373 4020 7373 4020 7374 4053 7374 4019 7374 4053 7375 4054 7375 4019 7375 4019 7376 4054 7376 4018 7376 4054 7377 4055 7377 4018 7377 4018 7378 4055 7378 4017 7378 4055 7379 4056 7379 4017 7379 3092 7380 4056 7380 2831 7380 4056 7381 4055 7381 2831 7381 2831 7382 4055 7382 3095 7382 4055 7383 4054 7383 3095 7383 3095 7384 4054 7384 3097 7384 4054 7385 4053 7385 3097 7385 3097 7386 4053 7386 3804 7386 4053 7387 4052 7387 3804 7387 3804 7388 4052 7388 3803 7388 4052 7389 4051 7389 3803 7389 3803 7390 4051 7390 3802 7390 4051 7391 4050 7391 3802 7391 3802 7392 4050 7392 3801 7392 4050 7393 4049 7393 3801 7393 3801 7394 4049 7394 3800 7394 4049 7395 4048 7395 3800 7395 3800 7396 4048 7396 3799 7396 4048 7397 4047 7397 3799 7397 3799 7398 4047 7398 3798 7398 4047 7399 4046 7399 3798 7399 3798 7400 4046 7400 3797 7400 4046 7401 4045 7401 3797 7401 3797 7402 4045 7402 3796 7402 4045 7403 4044 7403 3796 7403 3796 7404 4044 7404 3795 7404 4044 7405 4043 7405 3795 7405 3795 7406 4043 7406 3794 7406 4043 7407 4042 7407 3794 7407 3794 7408 4042 7408 3793 7408 4042 7409 4041 7409 3793 7409 3793 7410 4041 7410 3792 7410 4041 7411 4040 7411 3792 7411 3792 7412 4040 7412 3791 7412 4040 7413 4039 7413 3791 7413 3791 7414 4039 7414 3790 7414 4039 7415 4038 7415 3790 7415 3790 7416 4038 7416 3662 7416 4038 7417 4037 7417 3662 7417 3662 7418 4037 7418 2821 7418 4036 7419 2821 7419 4037 7419 3930 7420 3237 7420 3931 7420 3237 7421 3202 7421 3931 7421 3931 7422 3202 7422 3946 7422 3202 7423 3175 7423 3946 7423 3946 7424 3175 7424 3962 7424 3175 7425 3153 7425 3962 7425 3962 7426 3153 7426 3979 7426 3153 7427 3136 7427 3979 7427 3979 7428 3136 7428 3997 7428 3136 7429 2818 7429 3997 7429 3997 7430 2818 7430 4016 7430 2818 7431 2820 7431 4016 7431 4016 7432 2820 7432 4036 7432 2820 7433 2821 7433 4036 7433 3035 7434 3029 7434 3033 7434 3029 7435 3031 7435 3033 7435 3033 7436 3031 7436 4057 7436 3031 7437 3904 7437 4057 7437 4057 7438 3904 7438 4058 7438 3904 7439 3903 7439 4058 7439 4058 7440 3903 7440 4059 7440 3903 7441 3902 7441 4059 7441 4059 7442 3902 7442 4060 7442 3902 7443 3901 7443 4060 7443 4060 7444 3901 7444 4061 7444 3901 7445 3900 7445 4061 7445 4061 7446 3900 7446 4062 7446 3900 7447 3899 7447 4062 7447 4062 7448 3899 7448 4063 7448 3899 7449 3898 7449 4063 7449 4063 7450 3898 7450 4064 7450 3898 7451 3897 7451 4064 7451 4064 7452 3897 7452 4065 7452 3897 7453 3896 7453 4065 7453 4065 7454 3896 7454 4066 7454 3896 7455 3895 7455 4066 7455 4066 7456 3895 7456 4067 7456 3895 7457 3894 7457 4067 7457 4067 7458 3894 7458 4068 7458 3894 7459 3893 7459 4068 7459 4068 7460 3893 7460 4069 7460 3893 7461 3892 7461 4069 7461 4069 7462 3892 7462 4070 7462 3892 7463 3891 7463 4070 7463 4070 7464 3891 7464 4071 7464 3891 7465 3890 7465 4071 7465 4071 7466 3890 7466 4072 7466 3890 7467 3889 7467 4072 7467 4072 7468 3889 7468 4073 7468 3889 7469 3888 7469 4073 7469 4073 7470 3888 7470 4074 7470 3888 7471 2964 7471 4074 7471 4074 7472 2964 7472 4075 7472 2964 7473 2966 7473 4075 7473 4075 7474 2966 7474 4076 7474 2966 7475 4077 7475 4076 7475 4076 7476 4077 7476 2962 7476 3028 7477 3821 7477 3027 7477 3821 7478 3820 7478 3027 7478 3027 7479 3820 7479 3822 7479 3820 7480 3819 7480 3822 7480 3822 7481 3819 7481 3773 7481 3819 7482 3818 7482 3773 7482 3773 7483 3818 7483 3740 7483 3818 7484 3817 7484 3740 7484 3740 7485 3817 7485 3690 7485 3817 7486 3816 7486 3690 7486 3690 7487 3816 7487 3622 7487 3816 7488 3815 7488 3622 7488 3622 7489 3815 7489 3562 7489 3815 7490 3814 7490 3562 7490 3562 7491 3814 7491 3504 7491 3814 7492 3813 7492 3504 7492 3504 7493 3813 7493 3394 7493 3813 7494 3812 7494 3394 7494 3394 7495 3812 7495 3324 7495 3812 7496 3811 7496 3324 7496 3324 7497 3811 7497 3275 7497 3811 7498 3810 7498 3275 7498 3275 7499 3810 7499 3245 7499 3810 7500 3809 7500 3245 7500 3245 7501 3809 7501 3210 7501 3809 7502 3808 7502 3210 7502 3210 7503 3808 7503 3182 7503 3808 7504 3807 7504 3182 7504 3182 7505 3807 7505 3159 7505 3807 7506 3806 7506 3159 7506 3159 7507 3806 7507 3141 7507 3806 7508 3805 7508 3141 7508 3141 7509 3805 7509 2825 7509 3805 7510 2821 7510 2825 7510 2832 7511 2834 7511 3089 7511 2834 7512 4078 7512 3089 7512 3089 7513 4078 7513 3092 7513 4078 7514 4079 7514 3092 7514 3092 7515 4079 7515 4056 7515 4079 7516 4080 7516 4056 7516 4056 7517 4080 7517 4017 7517 4080 7518 4081 7518 4017 7518 4017 7519 4081 7519 3998 7519 4081 7520 4082 7520 3998 7520 3998 7521 4082 7521 3980 7521 4082 7522 4083 7522 3980 7522 3980 7523 4083 7523 3963 7523 4083 7524 4084 7524 3963 7524 3963 7525 4084 7525 3947 7525 4084 7526 4085 7526 3947 7526 3947 7527 4085 7527 3932 7527 4085 7528 4086 7528 3932 7528 3932 7529 4086 7529 3905 7529 4086 7530 4087 7530 3905 7530 3905 7531 4087 7531 3906 7531 2962 7532 2852 7532 4076 7532 2852 7533 4088 7533 4076 7533 4076 7534 4088 7534 4075 7534 4088 7535 4089 7535 4075 7535 4075 7536 4089 7536 4074 7536 4089 7537 4090 7537 4074 7537 4074 7538 4090 7538 4073 7538 4090 7539 4091 7539 4073 7539 4073 7540 4091 7540 4072 7540 4091 7541 4092 7541 4072 7541 4072 7542 4092 7542 4071 7542 4092 7543 4093 7543 4071 7543 4071 7544 4093 7544 4070 7544 4093 7545 4094 7545 4070 7545 4070 7546 4094 7546 4069 7546 4094 7547 4095 7547 4069 7547 4069 7548 4095 7548 4068 7548 4095 7549 4096 7549 4068 7549 4068 7550 4096 7550 4067 7550 4096 7551 4097 7551 4067 7551 4067 7552 4097 7552 4066 7552 4097 7553 4098 7553 4066 7553 4066 7554 4098 7554 4065 7554 4098 7555 4099 7555 4065 7555 4065 7556 4099 7556 4064 7556 4099 7557 4100 7557 4064 7557 4064 7558 4100 7558 4063 7558 4100 7559 4101 7559 4063 7559 4063 7560 4101 7560 4062 7560 4101 7561 4102 7561 4062 7561 4062 7562 4102 7562 4061 7562 4102 7563 4103 7563 4061 7563 4061 7564 4103 7564 4060 7564 4103 7565 4104 7565 4060 7565 4060 7566 4104 7566 4059 7566 4104 7567 4105 7567 4059 7567 4059 7568 4105 7568 4058 7568 4105 7569 4106 7569 4058 7569 4058 7570 4106 7570 4057 7570 4106 7571 3036 7571 4057 7571 4057 7572 3036 7572 3033 7572 3036 7573 3038 7573 3033 7573 3033 7574 3038 7574 3034 7574 2833 7575 3085 7575 2834 7575 3085 7576 4107 7576 2834 7576 2834 7577 4107 7577 4078 7577 4107 7578 4108 7578 4078 7578 4078 7579 4108 7579 4079 7579 4108 7580 4109 7580 4079 7580 4079 7581 4109 7581 4080 7581 4109 7582 4110 7582 4080 7582 4080 7583 4110 7583 4081 7583 4110 7584 4111 7584 4081 7584 4081 7585 4111 7585 4082 7585 4111 7586 4112 7586 4082 7586 4082 7587 4112 7587 4083 7587 4112 7588 4113 7588 4083 7588 4083 7589 4113 7589 4084 7589 4113 7590 4114 7590 4084 7590 4084 7591 4114 7591 4085 7591 4114 7592 4115 7592 4085 7592 4085 7593 4115 7593 4086 7593 4115 7594 4116 7594 4086 7594 4086 7595 4116 7595 4087 7595 2851 7596 2958 7596 2852 7596 2958 7597 4117 7597 2852 7597 2852 7598 4117 7598 4088 7598 4117 7599 4118 7599 4088 7599 4088 7600 4118 7600 4089 7600 4118 7601 4119 7601 4089 7601 4089 7602 4119 7602 4090 7602 4119 7603 4120 7603 4090 7603 4090 7604 4120 7604 4091 7604 4120 7605 4121 7605 4091 7605 4091 7606 4121 7606 4092 7606 4121 7607 4122 7607 4092 7607 4092 7608 4122 7608 4093 7608 4122 7609 4123 7609 4093 7609 4093 7610 4123 7610 4094 7610 4123 7611 4124 7611 4094 7611 4094 7612 4124 7612 4095 7612 4124 7613 4125 7613 4095 7613 4095 7614 4125 7614 4096 7614 4125 7615 4126 7615 4096 7615 4096 7616 4126 7616 4097 7616 4126 7617 4127 7617 4097 7617 4097 7618 4127 7618 4098 7618 4127 7619 4128 7619 4098 7619 4098 7620 4128 7620 4099 7620 4128 7621 4129 7621 4099 7621 4099 7622 4129 7622 4100 7622 4129 7623 4130 7623 4100 7623 4100 7624 4130 7624 4101 7624 4130 7625 4131 7625 4101 7625 4101 7626 4131 7626 4102 7626 4131 7627 4132 7627 4102 7627 4102 7628 4132 7628 4103 7628 4132 7629 4133 7629 4103 7629 4103 7630 4133 7630 4104 7630 4133 7631 4134 7631 4104 7631 4104 7632 4134 7632 4105 7632 4134 7633 4135 7633 4105 7633 4105 7634 4135 7634 4106 7634 4135 7635 3040 7635 4106 7635 4106 7636 3040 7636 3036 7636 3040 7637 3039 7637 3036 7637 3036 7638 3039 7638 3037 7638 2835 7639 2837 7639 3088 7639 2837 7640 4136 7640 3088 7640 3088 7641 4136 7641 3085 7641 4136 7642 4137 7642 3085 7642 3085 7643 4137 7643 4107 7643 4137 7644 4138 7644 4107 7644 4107 7645 4138 7645 4108 7645 4138 7646 4139 7646 4108 7646 4108 7647 4139 7647 4109 7647 4139 7648 4140 7648 4109 7648 4109 7649 4140 7649 4110 7649 4140 7650 4141 7650 4110 7650 4110 7651 4141 7651 4111 7651 4141 7652 4142 7652 4111 7652 4111 7653 4142 7653 4112 7653 4142 7654 4143 7654 4112 7654 4112 7655 4143 7655 4113 7655 4143 7656 4144 7656 4113 7656 4113 7657 4144 7657 4114 7657 4144 7658 4145 7658 4114 7658 4114 7659 4145 7659 4115 7659 4145 7660 4146 7660 4115 7660 4115 7661 4146 7661 4116 7661 2853 7662 2855 7662 2961 7662 2855 7663 4147 7663 2961 7663 2961 7664 4147 7664 2958 7664 4147 7665 4148 7665 2958 7665 2958 7666 4148 7666 4117 7666 4148 7667 4149 7667 4117 7667 4117 7668 4149 7668 4118 7668 4149 7669 4150 7669 4118 7669 4118 7670 4150 7670 4119 7670 4150 7671 4151 7671 4119 7671 4119 7672 4151 7672 4120 7672 4151 7673 4152 7673 4120 7673 4120 7674 4152 7674 4121 7674 4152 7675 4153 7675 4121 7675 4121 7676 4153 7676 4122 7676 4153 7677 4154 7677 4122 7677 4122 7678 4154 7678 4123 7678 4154 7679 4155 7679 4123 7679 4123 7680 4155 7680 4124 7680 4155 7681 4156 7681 4124 7681 4124 7682 4156 7682 4125 7682 4156 7683 4157 7683 4125 7683 4125 7684 4157 7684 4126 7684 4157 7685 4158 7685 4126 7685 4126 7686 4158 7686 4127 7686 4158 7687 4159 7687 4127 7687 4127 7688 4159 7688 4128 7688 4159 7689 4160 7689 4128 7689 4128 7690 4160 7690 4129 7690 4160 7691 4161 7691 4129 7691 4129 7692 4161 7692 4130 7692 4161 7693 4162 7693 4130 7693 4130 7694 4162 7694 4131 7694 4162 7695 4163 7695 4131 7695 4131 7696 4163 7696 4132 7696 4163 7697 4164 7697 4132 7697 4132 7698 4164 7698 4133 7698 4164 7699 4165 7699 4133 7699 4133 7700 4165 7700 4134 7700 4165 7701 4166 7701 4134 7701 4134 7702 4166 7702 4135 7702 4166 7703 3047 7703 4135 7703 4135 7704 3047 7704 3040 7704 3047 7705 3046 7705 3040 7705 3040 7706 3046 7706 3042 7706 2836 7707 3083 7707 2837 7707 3083 7708 4167 7708 2837 7708 2837 7709 4167 7709 4136 7709 4167 7710 4168 7710 4136 7710 4136 7711 4168 7711 4137 7711 4168 7712 4169 7712 4137 7712 4137 7713 4169 7713 4138 7713 4169 7714 4170 7714 4138 7714 4138 7715 4170 7715 4139 7715 4170 7716 4171 7716 4139 7716 4139 7717 4171 7717 4140 7717 4171 7718 4172 7718 4140 7718 4140 7719 4172 7719 4141 7719 4172 7720 4173 7720 4141 7720 4141 7721 4173 7721 4142 7721 4173 7722 4174 7722 4142 7722 4142 7723 4174 7723 4143 7723 4174 7724 4175 7724 4143 7724 4143 7725 4175 7725 4144 7725 4175 7726 4176 7726 4144 7726 4144 7727 4176 7727 4145 7727 4176 7728 4177 7728 4145 7728 4145 7729 4177 7729 4146 7729 2854 7730 2956 7730 2855 7730 2956 7731 4178 7731 2855 7731 2855 7732 4178 7732 4147 7732 4178 7733 4179 7733 4147 7733 4147 7734 4179 7734 4148 7734 4179 7735 4180 7735 4148 7735 4148 7736 4180 7736 4149 7736 4180 7737 4181 7737 4149 7737 4149 7738 4181 7738 4150 7738 4181 7739 4182 7739 4150 7739 4150 7740 4182 7740 4151 7740 4182 7741 4183 7741 4151 7741 4151 7742 4183 7742 4152 7742 4183 7743 4184 7743 4152 7743 4152 7744 4184 7744 4153 7744 4184 7745 4185 7745 4153 7745 4153 7746 4185 7746 4154 7746 4185 7747 4186 7747 4154 7747 4154 7748 4186 7748 4155 7748 4186 7749 4187 7749 4155 7749 4155 7750 4187 7750 4156 7750 4187 7751 4188 7751 4156 7751 4156 7752 4188 7752 4157 7752 4188 7753 4189 7753 4157 7753 4157 7754 4189 7754 4158 7754 4189 7755 4190 7755 4158 7755 4158 7756 4190 7756 4159 7756 4190 7757 4191 7757 4159 7757 4159 7758 4191 7758 4160 7758 4191 7759 4192 7759 4160 7759 4160 7760 4192 7760 4161 7760 4192 7761 4193 7761 4161 7761 4161 7762 4193 7762 4162 7762 4193 7763 4194 7763 4162 7763 4162 7764 4194 7764 4163 7764 4194 7765 4195 7765 4163 7765 4163 7766 4195 7766 4164 7766 4195 7767 4196 7767 4164 7767 4164 7768 4196 7768 4165 7768 4196 7769 4197 7769 4165 7769 4165 7770 4197 7770 4166 7770 4197 7771 4198 7771 4166 7771 4166 7772 4198 7772 3047 7772 4198 7773 3048 7773 3047 7773 3047 7774 3048 7774 3045 7774 3048 7775 2844 7775 3045 7775 3045 7776 2844 7776 3043 7776 3080 7777 3079 7777 3081 7777 3079 7778 4199 7778 3081 7778 3081 7779 4199 7779 3083 7779 4199 7780 4200 7780 3083 7780 3083 7781 4200 7781 4167 7781 4200 7782 4201 7782 4167 7782 4167 7783 4201 7783 4168 7783 4201 7784 4202 7784 4168 7784 4168 7785 4202 7785 4169 7785 4202 7786 4203 7786 4169 7786 4169 7787 4203 7787 4170 7787 4203 7788 4204 7788 4170 7788 4170 7789 4204 7789 4171 7789 4204 7790 4205 7790 4171 7790 4171 7791 4205 7791 4172 7791 4205 7792 4206 7792 4172 7792 4172 7793 4206 7793 4173 7793 4206 7794 4207 7794 4173 7794 4173 7795 4207 7795 4174 7795 4207 7796 4208 7796 4174 7796 4174 7797 4208 7797 4175 7797 4208 7798 4209 7798 4175 7798 4175 7799 4209 7799 4176 7799 4209 7800 4210 7800 4176 7800 4176 7801 4210 7801 4177 7801 2953 7802 2952 7802 2954 7802 2952 7803 4211 7803 2954 7803 2954 7804 4211 7804 2956 7804 4211 7805 4212 7805 2956 7805 2956 7806 4212 7806 4178 7806 4212 7807 4213 7807 4178 7807 4178 7808 4213 7808 4179 7808 4213 7809 4214 7809 4179 7809 4179 7810 4214 7810 4180 7810 4214 7811 4215 7811 4180 7811 4180 7812 4215 7812 4181 7812 4215 7813 4216 7813 4181 7813 4181 7814 4216 7814 4182 7814 4216 7815 4217 7815 4182 7815 4182 7816 4217 7816 4183 7816 4217 7817 4218 7817 4183 7817 4183 7818 4218 7818 4184 7818 4218 7819 4219 7819 4184 7819 4184 7820 4219 7820 4185 7820 4219 7821 4220 7821 4185 7821 4185 7822 4220 7822 4186 7822 4220 7823 4221 7823 4186 7823 4186 7824 4221 7824 4187 7824 4221 7825 4222 7825 4187 7825 4187 7826 4222 7826 4188 7826 4222 7827 4223 7827 4188 7827 4188 7828 4223 7828 4189 7828 4223 7829 4224 7829 4189 7829 4189 7830 4224 7830 4190 7830 4224 7831 4225 7831 4190 7831 4190 7832 4225 7832 4191 7832 4225 7833 4226 7833 4191 7833 4191 7834 4226 7834 4192 7834 4226 7835 4227 7835 4192 7835 4192 7836 4227 7836 4193 7836 4227 7837 4228 7837 4193 7837 4193 7838 4228 7838 4194 7838 4228 7839 4229 7839 4194 7839 4194 7840 4229 7840 4195 7840 4229 7841 4230 7841 4195 7841 4195 7842 4230 7842 4196 7842 4230 7843 4231 7843 4196 7843 4196 7844 4231 7844 4197 7844 4231 7845 4232 7845 4197 7845 4197 7846 4232 7846 4198 7846 4232 7847 4233 7847 4198 7847 4198 7848 4233 7848 3048 7848 4233 7849 3053 7849 3048 7849 3048 7850 3053 7850 2845 7850 3053 7851 3052 7851 2845 7851 2845 7852 3052 7852 2846 7852 3073 7853 3072 7853 3074 7853 3072 7854 4234 7854 3074 7854 3074 7855 4234 7855 3075 7855 4234 7856 4235 7856 3075 7856 3075 7857 4235 7857 3079 7857 4235 7858 4236 7858 3079 7858 3079 7859 4236 7859 4199 7859 4236 7860 4237 7860 4199 7860 4199 7861 4237 7861 4200 7861 4237 7862 4238 7862 4200 7862 4200 7863 4238 7863 4201 7863 4238 7864 4239 7864 4201 7864 4201 7865 4239 7865 4202 7865 4239 7866 4240 7866 4202 7866 4202 7867 4240 7867 4203 7867 4240 7868 4241 7868 4203 7868 4203 7869 4241 7869 4204 7869 4241 7870 4242 7870 4204 7870 4204 7871 4242 7871 4205 7871 4242 7872 4243 7872 4205 7872 4205 7873 4243 7873 4206 7873 4243 7874 4244 7874 4206 7874 4206 7875 4244 7875 4207 7875 4244 7876 4245 7876 4207 7876 4207 7877 4245 7877 4208 7877 4245 7878 4246 7878 4208 7878 4208 7879 4246 7879 4209 7879 4246 7880 4247 7880 4209 7880 4209 7881 4247 7881 4210 7881 2857 7882 2950 7882 2858 7882 2950 7883 4248 7883 2858 7883 2858 7884 4248 7884 2952 7884 4248 7885 4249 7885 2952 7885 2952 7886 4249 7886 4211 7886 4249 7887 4250 7887 4211 7887 4211 7888 4250 7888 4212 7888 4250 7889 4251 7889 4212 7889 4212 7890 4251 7890 4213 7890 4251 7891 4252 7891 4213 7891 4213 7892 4252 7892 4214 7892 4252 7893 4253 7893 4214 7893 4214 7894 4253 7894 4215 7894 4253 7895 4254 7895 4215 7895 4215 7896 4254 7896 4216 7896 4254 7897 4255 7897 4216 7897 4216 7898 4255 7898 4217 7898 4255 7899 4256 7899 4217 7899 4217 7900 4256 7900 4218 7900 4256 7901 4257 7901 4218 7901 4218 7902 4257 7902 4219 7902 4257 7903 4258 7903 4219 7903 4219 7904 4258 7904 4220 7904 4258 7905 4259 7905 4220 7905 4220 7906 4259 7906 4221 7906 4259 7907 4260 7907 4221 7907 4221 7908 4260 7908 4222 7908 4260 7909 4261 7909 4222 7909 4222 7910 4261 7910 4223 7910 4261 7911 4262 7911 4223 7911 4223 7912 4262 7912 4224 7912 4262 7913 4263 7913 4224 7913 4224 7914 4263 7914 4225 7914 4263 7915 4264 7915 4225 7915 4225 7916 4264 7916 4226 7916 4264 7917 4265 7917 4226 7917 4226 7918 4265 7918 4227 7918 4265 7919 4266 7919 4227 7919 4227 7920 4266 7920 4228 7920 4266 7921 4267 7921 4228 7921 4228 7922 4267 7922 4229 7922 4267 7923 4268 7923 4229 7923 4229 7924 4268 7924 4230 7924 4268 7925 4269 7925 4230 7925 4230 7926 4269 7926 4231 7926 4269 7927 4270 7927 4231 7927 4231 7928 4270 7928 4232 7928 4270 7929 4271 7929 4232 7929 4232 7930 4271 7930 4233 7930 4271 7931 4272 7931 4233 7931 4233 7932 4272 7932 3053 7932 4272 7933 3058 7933 3053 7933 3053 7934 3058 7934 3051 7934 3058 7935 3057 7935 3051 7935 3051 7936 3057 7936 3049 7936 2930 7937 2926 7937 2931 7937 2926 7938 2925 7938 2931 7938 2931 7939 2925 7939 2933 7939 2925 7940 4273 7940 2933 7940 2922 7941 2918 7941 2923 7941 2918 7942 2917 7942 2923 7942 2923 7943 2917 7943 2925 7943 2917 7944 4274 7944 2925 7944 2925 7945 4274 7945 4273 7945 4274 7946 4275 7946 4273 7946 2921 7947 2915 7947 2919 7947 2915 7948 2914 7948 2919 7948 2919 7949 2914 7949 2917 7949 2914 7950 4276 7950 2917 7950 2917 7951 4276 7951 4274 7951 4276 7952 4277 7952 4274 7952 4274 7953 4277 7953 4275 7953 4277 7954 4278 7954 4275 7954 3069 7955 4279 7955 3068 7955 4279 7956 4280 7956 3068 7956 3068 7957 4280 7957 3072 7957 4280 7958 4281 7958 3072 7958 3072 7959 4281 7959 4234 7959 4281 7960 4282 7960 4234 7960 4234 7961 4282 7961 4235 7961 4282 7962 4283 7962 4235 7962 4235 7963 4283 7963 4236 7963 4283 7964 4284 7964 4236 7964 4236 7965 4284 7965 4237 7965 4284 7966 4285 7966 4237 7966 4237 7967 4285 7967 4238 7967 4285 7968 4286 7968 4238 7968 4238 7969 4286 7969 4239 7969 4286 7970 4287 7970 4239 7970 4239 7971 4287 7971 4240 7971 4287 7972 4288 7972 4240 7972 4240 7973 4288 7973 4241 7973 4288 7974 4289 7974 4241 7974 4241 7975 4289 7975 4242 7975 4289 7976 4290 7976 4242 7976 4242 7977 4290 7977 4243 7977 4290 7978 4291 7978 4243 7978 4243 7979 4291 7979 4244 7979 4291 7980 4292 7980 4244 7980 4244 7981 4292 7981 4245 7981 4292 7982 4293 7982 4245 7982 4245 7983 4293 7983 4246 7983 4293 7984 4294 7984 4246 7984 4246 7985 4294 7985 4247 7985 3061 7986 4295 7986 3062 7986 4295 7987 2843 7987 3062 7987 3062 7988 2843 7988 4296 7988 2843 7989 2842 7989 4296 7989 4296 7990 2842 7990 4297 7990 2841 7991 3056 7991 2842 7991 3056 7992 3055 7992 2842 7992 2842 7993 3055 7993 4297 7993 3055 7994 3054 7994 4297 7994 4297 7995 3054 7995 4298 7995 3054 7996 3058 7996 4298 7996 4298 7997 3058 7997 4299 7997 3058 7998 4272 7998 4299 7998 4299 7999 4272 7999 4300 7999 4272 8000 4271 8000 4300 8000 4300 8001 4271 8001 4301 8001 4271 8002 4270 8002 4301 8002 4301 8003 4270 8003 4302 8003 4270 8004 4269 8004 4302 8004 4302 8005 4269 8005 4303 8005 4269 8006 4268 8006 4303 8006 4303 8007 4268 8007 4304 8007 4268 8008 4267 8008 4304 8008 4304 8009 4267 8009 4305 8009 4267 8010 4266 8010 4305 8010 4305 8011 4266 8011 4306 8011 4266 8012 4265 8012 4306 8012 4306 8013 4265 8013 4307 8013 4265 8014 4264 8014 4307 8014 4307 8015 4264 8015 4308 8015 4264 8016 4263 8016 4308 8016 4308 8017 4263 8017 4309 8017 4263 8018 4262 8018 4309 8018 4309 8019 4262 8019 4310 8019 4262 8020 4261 8020 4310 8020 4310 8021 4261 8021 4311 8021 4261 8022 4260 8022 4311 8022 4311 8023 4260 8023 4312 8023 4260 8024 4259 8024 4312 8024 4312 8025 4259 8025 4313 8025 4259 8026 4258 8026 4313 8026 4313 8027 4258 8027 4314 8027 4258 8028 4257 8028 4314 8028 4314 8029 4257 8029 4315 8029 4257 8030 4256 8030 4315 8030 4315 8031 4256 8031 4316 8031 4256 8032 4255 8032 4316 8032 4316 8033 4255 8033 4317 8033 4255 8034 4254 8034 4317 8034 4317 8035 4254 8035 4318 8035 4254 8036 4253 8036 4318 8036 4318 8037 4253 8037 4319 8037 4253 8038 4252 8038 4319 8038 4319 8039 4252 8039 4320 8039 4252 8040 4251 8040 4320 8040 4320 8041 4251 8041 4321 8041 4251 8042 4250 8042 4321 8042 4321 8043 4250 8043 4322 8043 4250 8044 4249 8044 4322 8044 4322 8045 4249 8045 4323 8045 4249 8046 4248 8046 4323 8046 4323 8047 4248 8047 4324 8047 4248 8048 2950 8048 4324 8048 4324 8049 2950 8049 4325 8049 2950 8050 2947 8050 4325 8050 4325 8051 2947 8051 4326 8051 2947 8052 2943 8052 4326 8052 4326 8053 2943 8053 4327 8053 2943 8054 2944 8054 4327 8054 2936 8055 4328 8055 2937 8055 4328 8056 2864 8056 2937 8056 2937 8057 2864 8057 4329 8057 2864 8058 2863 8058 4329 8058 4329 8059 2863 8059 4330 8059 2862 8060 2929 8060 2863 8060 2929 8061 2928 8061 2863 8061 2863 8062 2928 8062 4330 8062 2928 8063 2927 8063 4330 8063 4330 8064 2927 8064 4331 8064 2927 8065 2933 8065 4331 8065 4331 8066 2933 8066 4332 8066 2933 8067 4273 8067 4332 8067 4332 8068 4273 8068 4333 8068 4273 8069 4275 8069 4333 8069 4333 8070 4275 8070 4334 8070 4275 8071 4278 8071 4334 8071 4334 8072 4278 8072 4335 8072 2906 8073 2904 8073 2907 8073 2904 8074 2903 8074 2907 8074 2907 8075 2903 8075 2909 8075 2903 8076 4336 8076 2909 8076 2909 8077 4336 8077 2912 8077 4336 8078 4337 8078 2912 8078 2912 8079 4337 8079 2914 8079 4337 8080 4338 8080 2914 8080 2914 8081 4338 8081 4276 8081 4338 8082 4339 8082 4276 8082 4276 8083 4339 8083 4277 8083 4339 8084 4340 8084 4277 8084 4277 8085 4340 8085 4278 8085 4340 8086 4341 8086 4278 8086 4278 8087 4341 8087 4335 8087 4341 8088 4342 8088 4335 8088 4343 8089 4342 8089 4344 8089 4342 8090 4341 8090 4344 8090 4344 8091 4341 8091 4345 8091 4341 8092 4340 8092 4345 8092 4345 8093 4340 8093 4346 8093 4340 8094 4339 8094 4346 8094 4346 8095 4339 8095 4347 8095 4339 8096 4338 8096 4347 8096 4347 8097 4338 8097 4348 8097 4338 8098 4337 8098 4348 8098 4348 8099 4337 8099 4349 8099 4337 8100 4336 8100 4349 8100 4349 8101 4336 8101 4350 8101 4336 8102 2903 8102 4350 8102 4350 8103 2903 8103 4351 8103 2903 8104 2901 8104 4351 8104 4351 8105 2901 8105 4352 8105 2901 8106 2899 8106 4352 8106 4352 8107 2899 8107 4353 8107 2899 8108 2897 8108 4353 8108 4353 8109 2897 8109 4354 8109 2897 8110 3842 8110 4354 8110 4354 8111 3842 8111 4355 8111 3842 8112 3843 8112 4355 8112 4355 8113 3843 8113 4356 8113 3843 8114 3844 8114 4356 8114 4356 8115 3844 8115 4357 8115 3844 8116 3845 8116 4357 8116 4357 8117 3845 8117 4358 8117 3845 8118 3846 8118 4358 8118 4358 8119 3846 8119 4359 8119 3846 8120 3847 8120 4359 8120 4359 8121 3847 8121 4360 8121 3847 8122 3848 8122 4360 8122 4360 8123 3848 8123 4361 8123 3848 8124 3849 8124 4361 8124 4361 8125 3849 8125 4362 8125 3849 8126 3850 8126 4362 8126 4362 8127 3850 8127 4363 8127 3850 8128 3851 8128 4363 8128 4363 8129 3851 8129 4364 8129 4365 8130 4343 8130 4366 8130 4343 8131 4344 8131 4366 8131 4366 8132 4344 8132 4367 8132 4344 8133 4345 8133 4367 8133 4367 8134 4345 8134 4368 8134 4345 8135 4346 8135 4368 8135 4368 8136 4346 8136 4369 8136 4346 8137 4347 8137 4369 8137 4369 8138 4347 8138 4370 8138 4347 8139 4348 8139 4370 8139 4370 8140 4348 8140 4371 8140 4348 8141 4349 8141 4371 8141 4371 8142 4349 8142 4372 8142 4349 8143 4350 8143 4372 8143 4372 8144 4350 8144 4373 8144 4350 8145 4351 8145 4373 8145 4373 8146 4351 8146 4374 8146 4351 8147 4352 8147 4374 8147 4374 8148 4352 8148 4375 8148 4352 8149 4353 8149 4375 8149 4375 8150 4353 8150 4376 8150 4353 8151 4354 8151 4376 8151 4376 8152 4354 8152 4377 8152 4354 8153 4355 8153 4377 8153 4377 8154 4355 8154 4378 8154 4355 8155 4356 8155 4378 8155 4378 8156 4356 8156 4379 8156 4356 8157 4357 8157 4379 8157 4379 8158 4357 8158 4380 8158 4357 8159 4358 8159 4380 8159 4380 8160 4358 8160 4381 8160 4358 8161 4359 8161 4381 8161 4381 8162 4359 8162 4382 8162 4359 8163 4360 8163 4382 8163 4382 8164 4360 8164 4383 8164 4360 8165 4361 8165 4383 8165 4383 8166 4361 8166 4384 8166 4361 8167 4362 8167 4384 8167 4384 8168 4362 8168 4385 8168 4362 8169 4363 8169 4385 8169 4385 8170 4363 8170 4386 8170 4363 8171 4364 8171 4386 8171 4386 8172 4364 8172 4387 8172 4388 8173 4365 8173 4389 8173 4365 8174 4366 8174 4389 8174 4389 8175 4366 8175 4390 8175 4366 8176 4367 8176 4390 8176 4390 8177 4367 8177 4391 8177 4367 8178 4368 8178 4391 8178 4391 8179 4368 8179 4392 8179 4368 8180 4369 8180 4392 8180 4392 8181 4369 8181 4393 8181 4369 8182 4370 8182 4393 8182 4393 8183 4370 8183 4394 8183 4370 8184 4371 8184 4394 8184 4394 8185 4371 8185 4395 8185 4371 8186 4372 8186 4395 8186 4395 8187 4372 8187 4396 8187 4372 8188 4373 8188 4396 8188 4396 8189 4373 8189 4397 8189 4373 8190 4374 8190 4397 8190 4397 8191 4374 8191 4398 8191 4374 8192 4375 8192 4398 8192 4398 8193 4375 8193 4399 8193 4375 8194 4376 8194 4399 8194 4399 8195 4376 8195 4400 8195 4376 8196 4377 8196 4400 8196 4400 8197 4377 8197 4401 8197 4377 8198 4378 8198 4401 8198 4401 8199 4378 8199 4402 8199 4378 8200 4379 8200 4402 8200 4402 8201 4379 8201 4403 8201 4379 8202 4380 8202 4403 8202 4403 8203 4380 8203 4404 8203 4380 8204 4381 8204 4404 8204 4404 8205 4381 8205 4405 8205 4381 8206 4382 8206 4405 8206 4405 8207 4382 8207 4406 8207 4382 8208 4383 8208 4406 8208 4406 8209 4383 8209 4407 8209 4383 8210 4384 8210 4407 8210 4407 8211 4384 8211 4408 8211 4384 8212 4385 8212 4408 8212 4408 8213 4385 8213 4409 8213 4385 8214 4386 8214 4409 8214 4409 8215 4386 8215 4410 8215 4386 8216 4387 8216 4410 8216 4410 8217 4387 8217 4411 8217 4412 8218 4388 8218 4413 8218 4388 8219 4389 8219 4413 8219 4413 8220 4389 8220 4414 8220 4389 8221 4390 8221 4414 8221 4414 8222 4390 8222 4415 8222 4390 8223 4391 8223 4415 8223 4415 8224 4391 8224 4416 8224 4391 8225 4392 8225 4416 8225 4416 8226 4392 8226 4417 8226 4392 8227 4393 8227 4417 8227 4417 8228 4393 8228 4418 8228 4393 8229 4394 8229 4418 8229 4418 8230 4394 8230 4419 8230 4394 8231 4395 8231 4419 8231 4419 8232 4395 8232 4420 8232 4395 8233 4396 8233 4420 8233 4420 8234 4396 8234 4421 8234 4396 8235 4397 8235 4421 8235 4421 8236 4397 8236 4422 8236 4397 8237 4398 8237 4422 8237 4422 8238 4398 8238 4423 8238 4398 8239 4399 8239 4423 8239 4423 8240 4399 8240 4424 8240 4399 8241 4400 8241 4424 8241 4424 8242 4400 8242 4425 8242 4400 8243 4401 8243 4425 8243 4425 8244 4401 8244 4426 8244 4401 8245 4402 8245 4426 8245 4426 8246 4402 8246 4427 8246 4402 8247 4403 8247 4427 8247 4427 8248 4403 8248 4428 8248 4403 8249 4404 8249 4428 8249 4428 8250 4404 8250 4429 8250 4404 8251 4405 8251 4429 8251 4429 8252 4405 8252 4430 8252 4405 8253 4406 8253 4430 8253 4430 8254 4406 8254 4431 8254 4406 8255 4407 8255 4431 8255 4431 8256 4407 8256 4432 8256 4407 8257 4408 8257 4432 8257 4432 8258 4408 8258 4433 8258 4408 8259 4409 8259 4433 8259 4433 8260 4409 8260 4434 8260 4409 8261 4410 8261 4434 8261 4434 8262 4410 8262 4435 8262 4410 8263 4411 8263 4435 8263 4435 8264 4411 8264 4436 8264 4437 8265 4412 8265 4438 8265 4412 8266 4413 8266 4438 8266 4438 8267 4413 8267 4439 8267 4413 8268 4414 8268 4439 8268 4439 8269 4414 8269 4440 8269 4414 8270 4415 8270 4440 8270 4440 8271 4415 8271 4441 8271 4415 8272 4416 8272 4441 8272 4441 8273 4416 8273 4442 8273 4416 8274 4417 8274 4442 8274 4442 8275 4417 8275 4443 8275 4417 8276 4418 8276 4443 8276 4443 8277 4418 8277 4444 8277 4418 8278 4419 8278 4444 8278 4444 8279 4419 8279 4445 8279 4419 8280 4420 8280 4445 8280 4445 8281 4420 8281 4446 8281 4420 8282 4421 8282 4446 8282 4446 8283 4421 8283 4447 8283 4421 8284 4422 8284 4447 8284 4447 8285 4422 8285 4448 8285 4422 8286 4423 8286 4448 8286 4448 8287 4423 8287 4449 8287 4423 8288 4424 8288 4449 8288 4449 8289 4424 8289 4450 8289 4424 8290 4425 8290 4450 8290 4450 8291 4425 8291 4451 8291 4425 8292 4426 8292 4451 8292 4451 8293 4426 8293 4452 8293 4426 8294 4427 8294 4452 8294 4452 8295 4427 8295 4453 8295 4427 8296 4428 8296 4453 8296 4453 8297 4428 8297 4454 8297 4428 8298 4429 8298 4454 8298 4454 8299 4429 8299 4455 8299 4429 8300 4430 8300 4455 8300 4455 8301 4430 8301 4456 8301 4430 8302 4431 8302 4456 8302 4456 8303 4431 8303 4457 8303 4431 8304 4432 8304 4457 8304 4457 8305 4432 8305 4458 8305 4432 8306 4433 8306 4458 8306 4458 8307 4433 8307 4459 8307 4433 8308 4434 8308 4459 8308 4459 8309 4434 8309 4460 8309 4434 8310 4435 8310 4460 8310 4460 8311 4435 8311 4461 8311 4435 8312 4436 8312 4461 8312 4461 8313 4436 8313 4462 8313 4463 8314 4437 8314 4464 8314 4437 8315 4438 8315 4464 8315 4464 8316 4438 8316 4465 8316 4438 8317 4439 8317 4465 8317 4465 8318 4439 8318 4466 8318 4439 8319 4440 8319 4466 8319 4466 8320 4440 8320 4467 8320 4440 8321 4441 8321 4467 8321 4467 8322 4441 8322 4468 8322 4441 8323 4442 8323 4468 8323 4468 8324 4442 8324 4469 8324 4442 8325 4443 8325 4469 8325 4469 8326 4443 8326 4470 8326 4443 8327 4444 8327 4470 8327 4470 8328 4444 8328 4471 8328 4444 8329 4445 8329 4471 8329 4471 8330 4445 8330 4472 8330 4445 8331 4446 8331 4472 8331 4472 8332 4446 8332 4473 8332 4446 8333 4447 8333 4473 8333 4473 8334 4447 8334 4474 8334 4447 8335 4448 8335 4474 8335 4474 8336 4448 8336 4475 8336 4448 8337 4449 8337 4475 8337 4475 8338 4449 8338 4476 8338 4449 8339 4450 8339 4476 8339 4476 8340 4450 8340 4477 8340 4450 8341 4451 8341 4477 8341 4477 8342 4451 8342 4478 8342 4451 8343 4452 8343 4478 8343 4478 8344 4452 8344 4479 8344 4452 8345 4453 8345 4479 8345 4479 8346 4453 8346 4480 8346 4453 8347 4454 8347 4480 8347 4480 8348 4454 8348 4481 8348 4454 8349 4455 8349 4481 8349 4481 8350 4455 8350 4482 8350 4455 8351 4456 8351 4482 8351 4482 8352 4456 8352 4483 8352 4456 8353 4457 8353 4483 8353 4483 8354 4457 8354 4484 8354 4457 8355 4458 8355 4484 8355 4484 8356 4458 8356 4485 8356 4458 8357 4459 8357 4485 8357 4485 8358 4459 8358 4486 8358 4459 8359 4460 8359 4486 8359 4486 8360 4460 8360 4487 8360 4460 8361 4461 8361 4487 8361 4487 8362 4461 8362 4488 8362 4461 8363 4462 8363 4488 8363 4488 8364 4462 8364 4489 8364 4489 8365 4490 8365 4488 8365 4490 8366 4491 8366 4488 8366 4488 8367 4491 8367 4487 8367 4491 8368 4492 8368 4487 8368 4487 8369 4492 8369 4486 8369 4492 8370 4493 8370 4486 8370 4486 8371 4493 8371 4485 8371 4493 8372 4494 8372 4485 8372 4485 8373 4494 8373 4484 8373 4494 8374 4495 8374 4484 8374 4484 8375 4495 8375 4483 8375 4495 8376 4496 8376 4483 8376 4483 8377 4496 8377 4482 8377 4496 8378 4497 8378 4482 8378 4482 8379 4497 8379 4481 8379 4497 8380 4498 8380 4481 8380 4481 8381 4498 8381 4480 8381 4498 8382 4499 8382 4480 8382 4480 8383 4499 8383 4479 8383 4499 8384 4500 8384 4479 8384 4479 8385 4500 8385 4478 8385 4500 8386 4501 8386 4478 8386 4478 8387 4501 8387 4477 8387 4501 8388 4502 8388 4477 8388 4477 8389 4502 8389 4476 8389 4502 8390 4503 8390 4476 8390 4476 8391 4503 8391 4475 8391 4503 8392 4504 8392 4475 8392 4475 8393 4504 8393 4474 8393 4504 8394 4505 8394 4474 8394 4474 8395 4505 8395 4473 8395 4505 8396 4506 8396 4473 8396 4473 8397 4506 8397 4472 8397 4506 8398 4507 8398 4472 8398 4472 8399 4507 8399 4471 8399 4507 8400 4508 8400 4471 8400 4471 8401 4508 8401 4470 8401 4508 8402 4509 8402 4470 8402 4470 8403 4509 8403 4469 8403 4509 8404 4510 8404 4469 8404 4469 8405 4510 8405 4468 8405 4510 8406 4511 8406 4468 8406 4468 8407 4511 8407 4467 8407 4511 8408 4512 8408 4467 8408 4467 8409 4512 8409 4466 8409 4512 8410 4513 8410 4466 8410 4466 8411 4513 8411 4465 8411 4513 8412 4514 8412 4465 8412 4465 8413 4514 8413 4464 8413 4514 8414 4515 8414 4464 8414 4464 8415 4515 8415 4463 8415 4515 8416 4516 8416 4463 8416 4517 8417 4516 8417 4518 8417 4516 8418 4515 8418 4518 8418 4518 8419 4515 8419 4519 8419 4515 8420 4514 8420 4519 8420 4519 8421 4514 8421 4520 8421 4514 8422 4513 8422 4520 8422 4520 8423 4513 8423 4521 8423 4513 8424 4512 8424 4521 8424 4521 8425 4512 8425 4522 8425 4512 8426 4511 8426 4522 8426 4522 8427 4511 8427 4523 8427 4511 8428 4510 8428 4523 8428 4523 8429 4510 8429 4524 8429 4510 8430 4509 8430 4524 8430 4524 8431 4509 8431 4525 8431 4509 8432 4508 8432 4525 8432 4525 8433 4508 8433 4526 8433 4508 8434 4507 8434 4526 8434 4526 8435 4507 8435 4527 8435 4507 8436 4506 8436 4527 8436 4527 8437 4506 8437 4528 8437 4506 8438 4505 8438 4528 8438 4528 8439 4505 8439 4529 8439 4505 8440 4504 8440 4529 8440 4529 8441 4504 8441 4530 8441 4504 8442 4503 8442 4530 8442 4530 8443 4503 8443 4531 8443 4503 8444 4502 8444 4531 8444 4531 8445 4502 8445 4532 8445 4502 8446 4501 8446 4532 8446 4532 8447 4501 8447 4533 8447 4501 8448 4500 8448 4533 8448 4533 8449 4500 8449 4534 8449 4500 8450 4499 8450 4534 8450 4534 8451 4499 8451 4535 8451 4499 8452 4498 8452 4535 8452 4535 8453 4498 8453 4536 8453 4498 8454 4497 8454 4536 8454 4536 8455 4497 8455 4537 8455 4497 8456 4496 8456 4537 8456 4537 8457 4496 8457 4538 8457 4496 8458 4495 8458 4538 8458 4538 8459 4495 8459 4539 8459 4495 8460 4494 8460 4539 8460 4539 8461 4494 8461 4540 8461 4494 8462 4493 8462 4540 8462 4540 8463 4493 8463 4541 8463 4493 8464 4492 8464 4541 8464 4541 8465 4492 8465 4542 8465 4492 8466 4491 8466 4542 8466 4542 8467 4491 8467 4543 8467 4491 8468 4490 8468 4543 8468 4543 8469 4490 8469 2821 8469 4489 8470 2821 8470 4490 8470 2879 8471 3529 8471 2877 8471 3529 8472 3434 8472 2877 8472 2877 8473 3434 8473 3585 8473 3434 8474 3348 8474 3585 8474 3585 8475 3348 8475 3649 8475 3348 8476 3314 8476 3649 8476 3649 8477 3314 8477 3723 8477 3314 8478 3265 8478 3723 8478 3723 8479 3265 8479 3851 8479 3265 8480 3230 8480 3851 8480 3851 8481 3230 8481 4364 8481 3230 8482 3196 8482 4364 8482 4364 8483 3196 8483 4387 8483 3196 8484 3170 8484 4387 8484 4387 8485 3170 8485 4411 8485 3170 8486 3149 8486 4411 8486 4411 8487 3149 8487 4436 8487 3149 8488 2809 8488 4436 8488 4436 8489 2809 8489 4462 8489 2809 8490 2811 8490 4462 8490 4462 8491 2811 8491 4489 8491 2811 8492 2821 8492 4489 8492 4294 8493 4517 8493 4247 8493 4517 8494 4518 8494 4247 8494 4247 8495 4518 8495 4210 8495 4518 8496 4519 8496 4210 8496 4210 8497 4519 8497 4177 8497 4519 8498 4520 8498 4177 8498 4177 8499 4520 8499 4146 8499 4520 8500 4521 8500 4146 8500 4146 8501 4521 8501 4116 8501 4521 8502 4522 8502 4116 8502 4116 8503 4522 8503 4087 8503 4522 8504 4523 8504 4087 8504 4087 8505 4523 8505 3906 8505 4523 8506 4524 8506 3906 8506 3906 8507 4524 8507 3908 8507 4524 8508 4525 8508 3908 8508 3908 8509 4525 8509 3910 8509 4525 8510 4526 8510 3910 8510 3910 8511 4526 8511 3912 8511 4526 8512 4527 8512 3912 8512 3912 8513 4527 8513 3914 8513 4527 8514 4528 8514 3914 8514 3914 8515 4528 8515 3916 8515 4528 8516 4529 8516 3916 8516 3916 8517 4529 8517 3918 8517 4529 8518 4530 8518 3918 8518 3918 8519 4530 8519 3920 8519 4530 8520 4531 8520 3920 8520 3920 8521 4531 8521 3922 8521 4531 8522 4532 8522 3922 8522 3922 8523 4532 8523 3924 8523 4532 8524 4533 8524 3924 8524 3924 8525 4533 8525 3926 8525 4533 8526 4534 8526 3926 8526 3926 8527 4534 8527 3928 8527 4534 8528 4535 8528 3928 8528 3928 8529 4535 8529 3930 8529 4535 8530 4536 8530 3930 8530 3930 8531 4536 8531 3237 8531 4536 8532 4537 8532 3237 8532 3237 8533 4537 8533 3236 8533 4537 8534 4538 8534 3236 8534 3236 8535 4538 8535 3235 8535 4538 8536 4539 8536 3235 8536 3235 8537 4539 8537 3234 8537 4539 8538 4540 8538 3234 8538 3234 8539 4540 8539 3233 8539 4540 8540 4541 8540 3233 8540 3233 8541 4541 8541 3232 8541 4541 8542 4542 8542 3232 8542 3232 8543 4542 8543 3203 8543 4542 8544 4543 8544 3203 8544 3203 8545 4543 8545 2821 8545 4294 8546 4544 8546 4517 8546 4544 8547 4545 8547 4517 8547 4517 8548 4545 8548 4516 8548 4545 8549 4546 8549 4516 8549 4516 8550 4546 8550 4463 8550 4546 8551 4547 8551 4463 8551 4463 8552 4547 8552 4437 8552 4547 8553 4548 8553 4437 8553 4437 8554 4548 8554 4412 8554 4548 8555 4549 8555 4412 8555 4412 8556 4549 8556 4388 8556 4549 8557 4550 8557 4388 8557 4388 8558 4550 8558 4365 8558 4550 8559 4551 8559 4365 8559 4365 8560 4551 8560 4343 8560 4551 8561 4552 8561 4343 8561 4343 8562 4552 8562 4342 8562 4552 8563 4553 8563 4342 8563 4342 8564 4553 8564 4335 8564 4553 8565 4554 8565 4335 8565 4335 8566 4554 8566 4334 8566 4554 8567 4555 8567 4334 8567 4334 8568 4555 8568 4333 8568 4555 8569 4556 8569 4333 8569 4333 8570 4556 8570 4332 8570 4556 8571 4557 8571 4332 8571 4332 8572 4557 8572 4331 8572 4557 8573 4558 8573 4331 8573 4331 8574 4558 8574 4330 8574 4558 8575 4559 8575 4330 8575 4330 8576 4559 8576 4329 8576 4559 8577 4560 8577 4329 8577 4329 8578 4560 8578 2937 8578 4560 8579 4561 8579 2937 8579 2937 8580 4561 8580 2939 8580 4561 8581 4562 8581 2939 8581 2939 8582 4562 8582 2941 8582 4562 8583 4563 8583 2941 8583 2941 8584 4563 8584 2944 8584 4563 8585 4564 8585 2944 8585 2944 8586 4564 8586 4327 8586 4564 8587 4565 8587 4327 8587 4327 8588 4565 8588 4326 8588 4565 8589 4566 8589 4326 8589 4326 8590 4566 8590 4325 8590 4566 8591 4567 8591 4325 8591 4325 8592 4567 8592 4324 8592 4567 8593 4568 8593 4324 8593 4324 8594 4568 8594 4323 8594 4568 8595 4569 8595 4323 8595 4323 8596 4569 8596 4322 8596 4569 8597 4570 8597 4322 8597 4322 8598 4570 8598 4321 8598 4570 8599 4571 8599 4321 8599 4321 8600 4571 8600 4320 8600 4571 8601 4572 8601 4320 8601 4320 8602 4572 8602 4319 8602 4572 8603 4573 8603 4319 8603 4319 8604 4573 8604 4318 8604 4573 8605 4574 8605 4318 8605 4318 8606 4574 8606 4317 8606 4574 8607 4575 8607 4317 8607 4317 8608 4575 8608 4316 8608 4575 8609 4576 8609 4316 8609 4316 8610 4576 8610 4315 8610 4576 8611 4577 8611 4315 8611 4315 8612 4577 8612 4314 8612 4577 8613 4578 8613 4314 8613 4314 8614 4578 8614 4313 8614 4578 8615 4579 8615 4313 8615 4313 8616 4579 8616 4312 8616 4579 8617 4580 8617 4312 8617 4312 8618 4580 8618 4311 8618 4580 8619 4581 8619 4311 8619 4311 8620 4581 8620 4310 8620 4581 8621 4582 8621 4310 8621 4310 8622 4582 8622 4309 8622 4582 8623 4583 8623 4309 8623 4309 8624 4583 8624 4308 8624 4583 8625 4584 8625 4308 8625 4308 8626 4584 8626 4307 8626 4584 8627 4585 8627 4307 8627 4307 8628 4585 8628 4306 8628 4585 8629 4586 8629 4306 8629 4306 8630 4586 8630 4305 8630 4586 8631 4587 8631 4305 8631 4305 8632 4587 8632 4304 8632 4587 8633 4588 8633 4304 8633 4304 8634 4588 8634 4303 8634 4588 8635 4589 8635 4303 8635 4303 8636 4589 8636 4302 8636 4589 8637 4590 8637 4302 8637 4302 8638 4590 8638 4301 8638 4590 8639 4591 8639 4301 8639 4301 8640 4591 8640 4300 8640 4591 8641 4592 8641 4300 8641 4300 8642 4592 8642 4299 8642 4592 8643 4593 8643 4299 8643 4299 8644 4593 8644 4298 8644 4593 8645 4594 8645 4298 8645 4298 8646 4594 8646 4297 8646 4594 8647 4595 8647 4297 8647 4297 8648 4595 8648 4296 8648 4595 8649 4596 8649 4296 8649 4296 8650 4596 8650 3062 8650 4596 8651 4597 8651 3062 8651 3062 8652 4597 8652 3064 8652 4597 8653 4598 8653 3064 8653 3064 8654 4598 8654 3066 8654 4598 8655 4599 8655 3066 8655 3066 8656 4599 8656 3069 8656 4599 8657 4600 8657 3069 8657 3069 8658 4600 8658 4279 8658 4600 8659 4601 8659 4279 8659 4279 8660 4601 8660 4280 8660 4601 8661 4602 8661 4280 8661 4280 8662 4602 8662 4281 8662 4602 8663 4603 8663 4281 8663 4281 8664 4603 8664 4282 8664 4603 8665 4604 8665 4282 8665 4282 8666 4604 8666 4283 8666 4604 8667 4605 8667 4283 8667 4283 8668 4605 8668 4284 8668 4605 8669 4606 8669 4284 8669 4284 8670 4606 8670 4285 8670 4606 8671 4607 8671 4285 8671 4285 8672 4607 8672 4286 8672 4607 8673 4608 8673 4286 8673 4286 8674 4608 8674 4287 8674 4608 8675 4609 8675 4287 8675 4287 8676 4609 8676 4288 8676 4609 8677 4610 8677 4288 8677 4288 8678 4610 8678 4289 8678 4610 8679 4611 8679 4289 8679 4289 8680 4611 8680 4290 8680 4611 8681 4612 8681 4290 8681 4290 8682 4612 8682 4291 8682 4612 8683 4613 8683 4291 8683 4291 8684 4613 8684 4292 8684 4613 8685 4614 8685 4292 8685 4292 8686 4614 8686 4293 8686 4614 8687 4615 8687 4293 8687 4293 8688 4615 8688 4294 8688 4615 8689 4544 8689 4294 8689 4615 8690 4616 8690 4544 8690 4616 8691 4617 8691 4544 8691 4544 8692 4617 8692 4545 8692 4617 8693 4618 8693 4545 8693 4545 8694 4618 8694 4546 8694 4618 8695 4619 8695 4546 8695 4546 8696 4619 8696 4547 8696 4619 8697 4620 8697 4547 8697 4547 8698 4620 8698 4548 8698 4620 8699 4621 8699 4548 8699 4548 8700 4621 8700 4549 8700 4621 8701 4622 8701 4549 8701 4549 8702 4622 8702 4550 8702 4622 8703 4623 8703 4550 8703 4550 8704 4623 8704 4551 8704 4623 8705 4624 8705 4551 8705 4551 8706 4624 8706 4552 8706 4624 8707 4625 8707 4552 8707 4552 8708 4625 8708 4553 8708 4625 8709 4626 8709 4553 8709 4553 8710 4626 8710 4554 8710 4626 8711 4627 8711 4554 8711 4554 8712 4627 8712 4555 8712 4627 8713 4628 8713 4555 8713 4555 8714 4628 8714 4556 8714 4628 8715 4629 8715 4556 8715 4556 8716 4629 8716 4557 8716 4629 8717 4630 8717 4557 8717 4557 8718 4630 8718 4558 8718 4630 8719 4631 8719 4558 8719 4558 8720 4631 8720 4559 8720 4631 8721 4632 8721 4559 8721 4559 8722 4632 8722 4560 8722 4632 8723 4633 8723 4560 8723 4560 8724 4633 8724 4561 8724 4633 8725 4634 8725 4561 8725 4561 8726 4634 8726 4562 8726 4634 8727 4635 8727 4562 8727 4562 8728 4635 8728 4563 8728 4635 8729 4636 8729 4563 8729 4563 8730 4636 8730 4564 8730 4636 8731 4637 8731 4564 8731 4564 8732 4637 8732 4565 8732 4637 8733 4638 8733 4565 8733 4565 8734 4638 8734 4566 8734 4638 8735 4639 8735 4566 8735 4566 8736 4639 8736 4567 8736 4639 8737 4640 8737 4567 8737 4567 8738 4640 8738 4568 8738 4640 8739 4641 8739 4568 8739 4568 8740 4641 8740 4569 8740 4641 8741 4642 8741 4569 8741 4569 8742 4642 8742 4570 8742 4642 8743 4643 8743 4570 8743 4570 8744 4643 8744 4571 8744 4643 8745 4644 8745 4571 8745 4571 8746 4644 8746 4572 8746 4644 8747 4645 8747 4572 8747 4572 8748 4645 8748 4573 8748 4645 8749 4646 8749 4573 8749 4573 8750 4646 8750 4574 8750 4646 8751 4647 8751 4574 8751 4574 8752 4647 8752 4575 8752 4647 8753 4648 8753 4575 8753 4575 8754 4648 8754 4576 8754 4648 8755 4649 8755 4576 8755 4576 8756 4649 8756 4577 8756 4649 8757 4650 8757 4577 8757 4577 8758 4650 8758 4578 8758 4650 8759 4651 8759 4578 8759 4578 8760 4651 8760 4579 8760 4651 8761 4652 8761 4579 8761 4579 8762 4652 8762 4580 8762 4652 8763 4653 8763 4580 8763 4580 8764 4653 8764 4581 8764 4653 8765 4654 8765 4581 8765 4581 8766 4654 8766 4582 8766 4654 8767 4655 8767 4582 8767 4582 8768 4655 8768 4583 8768 4655 8769 4656 8769 4583 8769 4583 8770 4656 8770 4584 8770 4656 8771 4657 8771 4584 8771 4584 8772 4657 8772 4585 8772 4657 8773 4658 8773 4585 8773 4585 8774 4658 8774 4586 8774 4658 8775 4659 8775 4586 8775 4586 8776 4659 8776 4587 8776 4659 8777 4660 8777 4587 8777 4587 8778 4660 8778 4588 8778 4660 8779 4661 8779 4588 8779 4588 8780 4661 8780 4589 8780 4661 8781 4662 8781 4589 8781 4589 8782 4662 8782 4590 8782 4662 8783 4663 8783 4590 8783 4590 8784 4663 8784 4591 8784 4663 8785 4664 8785 4591 8785 4591 8786 4664 8786 4592 8786 4664 8787 4665 8787 4592 8787 4592 8788 4665 8788 4593 8788 4665 8789 4666 8789 4593 8789 4593 8790 4666 8790 4594 8790 4666 8791 4667 8791 4594 8791 4594 8792 4667 8792 4595 8792 4667 8793 4668 8793 4595 8793 4595 8794 4668 8794 4596 8794 4668 8795 4669 8795 4596 8795 4596 8796 4669 8796 4597 8796 4669 8797 4670 8797 4597 8797 4597 8798 4670 8798 4598 8798 4670 8799 4671 8799 4598 8799 4598 8800 4671 8800 4599 8800 4671 8801 4672 8801 4599 8801 4599 8802 4672 8802 4600 8802 4672 8803 4673 8803 4600 8803 4600 8804 4673 8804 4601 8804 4673 8805 4674 8805 4601 8805 4601 8806 4674 8806 4602 8806 4674 8807 4675 8807 4602 8807 4602 8808 4675 8808 4603 8808 4675 8809 4676 8809 4603 8809 4603 8810 4676 8810 4604 8810 4676 8811 4677 8811 4604 8811 4604 8812 4677 8812 4605 8812 4677 8813 4678 8813 4605 8813 4605 8814 4678 8814 4606 8814 4678 8815 4679 8815 4606 8815 4606 8816 4679 8816 4607 8816 4679 8817 4680 8817 4607 8817 4607 8818 4680 8818 4608 8818 4680 8819 4681 8819 4608 8819 4608 8820 4681 8820 4609 8820 4681 8821 4682 8821 4609 8821 4609 8822 4682 8822 4610 8822 4682 8823 4683 8823 4610 8823 4610 8824 4683 8824 4611 8824 4683 8825 4684 8825 4611 8825 4611 8826 4684 8826 4612 8826 4684 8827 4685 8827 4612 8827 4612 8828 4685 8828 4613 8828 4685 8829 4686 8829 4613 8829 4613 8830 4686 8830 4614 8830 4686 8831 4687 8831 4614 8831 4614 8832 4687 8832 4615 8832 4687 8833 4616 8833 4615 8833 4687 8834 4688 8834 4616 8834 4688 8835 4689 8835 4616 8835 4616 8836 4689 8836 4617 8836 4689 8837 4690 8837 4617 8837 4617 8838 4690 8838 4618 8838 4690 8839 4691 8839 4618 8839 4618 8840 4691 8840 4619 8840 4691 8841 4692 8841 4619 8841 4619 8842 4692 8842 4620 8842 4692 8843 4693 8843 4620 8843 4620 8844 4693 8844 4621 8844 4693 8845 4694 8845 4621 8845 4621 8846 4694 8846 4622 8846 4694 8847 4695 8847 4622 8847 4622 8848 4695 8848 4623 8848 4695 8849 4696 8849 4623 8849 4623 8850 4696 8850 4624 8850 4696 8851 4697 8851 4624 8851 4624 8852 4697 8852 4625 8852 4697 8853 4698 8853 4625 8853 4625 8854 4698 8854 4626 8854 4698 8855 4699 8855 4626 8855 4626 8856 4699 8856 4627 8856 4699 8857 4700 8857 4627 8857 4627 8858 4700 8858 4628 8858 4700 8859 4701 8859 4628 8859 4628 8860 4701 8860 4629 8860 4701 8861 4702 8861 4629 8861 4629 8862 4702 8862 4630 8862 4702 8863 4703 8863 4630 8863 4630 8864 4703 8864 4631 8864 4703 8865 4704 8865 4631 8865 4631 8866 4704 8866 4632 8866 4704 8867 4705 8867 4632 8867 4632 8868 4705 8868 4633 8868 4705 8869 4706 8869 4633 8869 4633 8870 4706 8870 4634 8870 4706 8871 4707 8871 4634 8871 4634 8872 4707 8872 4635 8872 4707 8873 4708 8873 4635 8873 4635 8874 4708 8874 4636 8874 4708 8875 4709 8875 4636 8875 4636 8876 4709 8876 4637 8876 4709 8877 4710 8877 4637 8877 4637 8878 4710 8878 4638 8878 4710 8879 4711 8879 4638 8879 4638 8880 4711 8880 4639 8880 4711 8881 4712 8881 4639 8881 4639 8882 4712 8882 4640 8882 4712 8883 4713 8883 4640 8883 4640 8884 4713 8884 4641 8884 4713 8885 4714 8885 4641 8885 4641 8886 4714 8886 4642 8886 4714 8887 4715 8887 4642 8887 4642 8888 4715 8888 4643 8888 4715 8889 4716 8889 4643 8889 4643 8890 4716 8890 4644 8890 4716 8891 4717 8891 4644 8891 4644 8892 4717 8892 4645 8892 4717 8893 4718 8893 4645 8893 4645 8894 4718 8894 4646 8894 4718 8895 4719 8895 4646 8895 4646 8896 4719 8896 4647 8896 4719 8897 4720 8897 4647 8897 4647 8898 4720 8898 4648 8898 4720 8899 4721 8899 4648 8899 4648 8900 4721 8900 4649 8900 4721 8901 4722 8901 4649 8901 4649 8902 4722 8902 4650 8902 4722 8903 4723 8903 4650 8903 4650 8904 4723 8904 4651 8904 4723 8905 4724 8905 4651 8905 4651 8906 4724 8906 4652 8906 4724 8907 4725 8907 4652 8907 4652 8908 4725 8908 4653 8908 4725 8909 4726 8909 4653 8909 4653 8910 4726 8910 4654 8910 4726 8911 4727 8911 4654 8911 4654 8912 4727 8912 4655 8912 4727 8913 4728 8913 4655 8913 4655 8914 4728 8914 4656 8914 4728 8915 4729 8915 4656 8915 4656 8916 4729 8916 4657 8916 4729 8917 4730 8917 4657 8917 4657 8918 4730 8918 4658 8918 4730 8919 4731 8919 4658 8919 4658 8920 4731 8920 4659 8920 4731 8921 4732 8921 4659 8921 4659 8922 4732 8922 4660 8922 4732 8923 4733 8923 4660 8923 4660 8924 4733 8924 4661 8924 4733 8925 4734 8925 4661 8925 4661 8926 4734 8926 4662 8926 4734 8927 4735 8927 4662 8927 4662 8928 4735 8928 4663 8928 4735 8929 4736 8929 4663 8929 4663 8930 4736 8930 4664 8930 4736 8931 4737 8931 4664 8931 4664 8932 4737 8932 4665 8932 4737 8933 4738 8933 4665 8933 4665 8934 4738 8934 4666 8934 4738 8935 4739 8935 4666 8935 4666 8936 4739 8936 4667 8936 4739 8937 4740 8937 4667 8937 4667 8938 4740 8938 4668 8938 4740 8939 4741 8939 4668 8939 4668 8940 4741 8940 4669 8940 4741 8941 4742 8941 4669 8941 4669 8942 4742 8942 4670 8942 4742 8943 4743 8943 4670 8943 4670 8944 4743 8944 4671 8944 4743 8945 4744 8945 4671 8945 4671 8946 4744 8946 4672 8946 4744 8947 4745 8947 4672 8947 4672 8948 4745 8948 4673 8948 4745 8949 4746 8949 4673 8949 4673 8950 4746 8950 4674 8950 4746 8951 4747 8951 4674 8951 4674 8952 4747 8952 4675 8952 4747 8953 4748 8953 4675 8953 4675 8954 4748 8954 4676 8954 4748 8955 4749 8955 4676 8955 4676 8956 4749 8956 4677 8956 4749 8957 4750 8957 4677 8957 4677 8958 4750 8958 4678 8958 4750 8959 4751 8959 4678 8959 4678 8960 4751 8960 4679 8960 4751 8961 4752 8961 4679 8961 4679 8962 4752 8962 4680 8962 4752 8963 4753 8963 4680 8963 4680 8964 4753 8964 4681 8964 4753 8965 4754 8965 4681 8965 4681 8966 4754 8966 4682 8966 4754 8967 4755 8967 4682 8967 4682 8968 4755 8968 4683 8968 4755 8969 4756 8969 4683 8969 4683 8970 4756 8970 4684 8970 4756 8971 4757 8971 4684 8971 4684 8972 4757 8972 4685 8972 4757 8973 4758 8973 4685 8973 4685 8974 4758 8974 4686 8974 4758 8975 4759 8975 4686 8975 4686 8976 4759 8976 4687 8976 4759 8977 4688 8977 4687 8977 4759 8978 4760 8978 4688 8978 4760 8979 4761 8979 4688 8979 4688 8980 4761 8980 4689 8980 4761 8981 4762 8981 4689 8981 4689 8982 4762 8982 4690 8982 4762 8983 4763 8983 4690 8983 4690 8984 4763 8984 4691 8984 4763 8985 4764 8985 4691 8985 4691 8986 4764 8986 4692 8986 4764 8987 4765 8987 4692 8987 4692 8988 4765 8988 4693 8988 4765 8989 4766 8989 4693 8989 4693 8990 4766 8990 4694 8990 4766 8991 4767 8991 4694 8991 4694 8992 4767 8992 4695 8992 4767 8993 4768 8993 4695 8993 4695 8994 4768 8994 4696 8994 4768 8995 4769 8995 4696 8995 4696 8996 4769 8996 4697 8996 4769 8997 4770 8997 4697 8997 4697 8998 4770 8998 4698 8998 4770 8999 4771 8999 4698 8999 4698 9000 4771 9000 4699 9000 4771 9001 4772 9001 4699 9001 4699 9002 4772 9002 4700 9002 4772 9003 4773 9003 4700 9003 4700 9004 4773 9004 4701 9004 4773 9005 4774 9005 4701 9005 4701 9006 4774 9006 4702 9006 4774 9007 4775 9007 4702 9007 4702 9008 4775 9008 4703 9008 4775 9009 4776 9009 4703 9009 4703 9010 4776 9010 4704 9010 4776 9011 4777 9011 4704 9011 4704 9012 4777 9012 4705 9012 4777 9013 4778 9013 4705 9013 4705 9014 4778 9014 4706 9014 4778 9015 4779 9015 4706 9015 4706 9016 4779 9016 4707 9016 4779 9017 4780 9017 4707 9017 4707 9018 4780 9018 4708 9018 4780 9019 4781 9019 4708 9019 4708 9020 4781 9020 4709 9020 4781 9021 4782 9021 4709 9021 4709 9022 4782 9022 4710 9022 4782 9023 4783 9023 4710 9023 4710 9024 4783 9024 4711 9024 4783 9025 4784 9025 4711 9025 4711 9026 4784 9026 4712 9026 4784 9027 4785 9027 4712 9027 4712 9028 4785 9028 4713 9028 4785 9029 4786 9029 4713 9029 4713 9030 4786 9030 4714 9030 4786 9031 4787 9031 4714 9031 4714 9032 4787 9032 4715 9032 4787 9033 4788 9033 4715 9033 4715 9034 4788 9034 4716 9034 4788 9035 4789 9035 4716 9035 4716 9036 4789 9036 4717 9036 4789 9037 4790 9037 4717 9037 4717 9038 4790 9038 4718 9038 4790 9039 4791 9039 4718 9039 4718 9040 4791 9040 4719 9040 4791 9041 4792 9041 4719 9041 4719 9042 4792 9042 4720 9042 4792 9043 4793 9043 4720 9043 4720 9044 4793 9044 4721 9044 4793 9045 4794 9045 4721 9045 4721 9046 4794 9046 4722 9046 4794 9047 4795 9047 4722 9047 4722 9048 4795 9048 4723 9048 4795 9049 4796 9049 4723 9049 4723 9050 4796 9050 4724 9050 4796 9051 4797 9051 4724 9051 4724 9052 4797 9052 4725 9052 4797 9053 4798 9053 4725 9053 4725 9054 4798 9054 4726 9054 4798 9055 4799 9055 4726 9055 4726 9056 4799 9056 4727 9056 4799 9057 4800 9057 4727 9057 4727 9058 4800 9058 4728 9058 4800 9059 4801 9059 4728 9059 4728 9060 4801 9060 4729 9060 4801 9061 4802 9061 4729 9061 4729 9062 4802 9062 4730 9062 4802 9063 4803 9063 4730 9063 4730 9064 4803 9064 4731 9064 4803 9065 4804 9065 4731 9065 4731 9066 4804 9066 4732 9066 4804 9067 4805 9067 4732 9067 4732 9068 4805 9068 4733 9068 4805 9069 4806 9069 4733 9069 4733 9070 4806 9070 4734 9070 4806 9071 4807 9071 4734 9071 4734 9072 4807 9072 4735 9072 4807 9073 4808 9073 4735 9073 4735 9074 4808 9074 4736 9074 4808 9075 4809 9075 4736 9075 4736 9076 4809 9076 4737 9076 4809 9077 4810 9077 4737 9077 4737 9078 4810 9078 4738 9078 4810 9079 4811 9079 4738 9079 4738 9080 4811 9080 4739 9080 4811 9081 4812 9081 4739 9081 4739 9082 4812 9082 4740 9082 4812 9083 4813 9083 4740 9083 4740 9084 4813 9084 4741 9084 4813 9085 4814 9085 4741 9085 4741 9086 4814 9086 4742 9086 4814 9087 4815 9087 4742 9087 4742 9088 4815 9088 4743 9088 4815 9089 4816 9089 4743 9089 4743 9090 4816 9090 4744 9090 4816 9091 4817 9091 4744 9091 4744 9092 4817 9092 4745 9092 4817 9093 4818 9093 4745 9093 4745 9094 4818 9094 4746 9094 4818 9095 4819 9095 4746 9095 4746 9096 4819 9096 4747 9096 4819 9097 4820 9097 4747 9097 4747 9098 4820 9098 4748 9098 4820 9099 4821 9099 4748 9099 4748 9100 4821 9100 4749 9100 4821 9101 4822 9101 4749 9101 4749 9102 4822 9102 4750 9102 4822 9103 4823 9103 4750 9103 4750 9104 4823 9104 4751 9104 4823 9105 4824 9105 4751 9105 4751 9106 4824 9106 4752 9106 4824 9107 4825 9107 4752 9107 4752 9108 4825 9108 4753 9108 4825 9109 4826 9109 4753 9109 4753 9110 4826 9110 4754 9110 4826 9111 4827 9111 4754 9111 4754 9112 4827 9112 4755 9112 4827 9113 4828 9113 4755 9113 4755 9114 4828 9114 4756 9114 4828 9115 4829 9115 4756 9115 4756 9116 4829 9116 4757 9116 4829 9117 4830 9117 4757 9117 4757 9118 4830 9118 4758 9118 4830 9119 4831 9119 4758 9119 4758 9120 4831 9120 4759 9120 4831 9121 4760 9121 4759 9121 4831 9122 4832 9122 4760 9122 4832 9123 4833 9123 4760 9123 4760 9124 4833 9124 4761 9124 4833 9125 4834 9125 4761 9125 4761 9126 4834 9126 4762 9126 4834 9127 4835 9127 4762 9127 4762 9128 4835 9128 4763 9128 4835 9129 4836 9129 4763 9129 4763 9130 4836 9130 4764 9130 4836 9131 4837 9131 4764 9131 4764 9132 4837 9132 4765 9132 4837 9133 4838 9133 4765 9133 4765 9134 4838 9134 4766 9134 4838 9135 4839 9135 4766 9135 4766 9136 4839 9136 4767 9136 4839 9137 4840 9137 4767 9137 4767 9138 4840 9138 4768 9138 4840 9139 4841 9139 4768 9139 4768 9140 4841 9140 4769 9140 4841 9141 4842 9141 4769 9141 4769 9142 4842 9142 4770 9142 4842 9143 4843 9143 4770 9143 4770 9144 4843 9144 4771 9144 4843 9145 4844 9145 4771 9145 4771 9146 4844 9146 4772 9146 4844 9147 4845 9147 4772 9147 4772 9148 4845 9148 4773 9148 4845 9149 4846 9149 4773 9149 4773 9150 4846 9150 4774 9150 4846 9151 4847 9151 4774 9151 4774 9152 4847 9152 4775 9152 4847 9153 4848 9153 4775 9153 4775 9154 4848 9154 4776 9154 4848 9155 4849 9155 4776 9155 4776 9156 4849 9156 4777 9156 4849 9157 4850 9157 4777 9157 4777 9158 4850 9158 4778 9158 4850 9159 4851 9159 4778 9159 4778 9160 4851 9160 4779 9160 4851 9161 4852 9161 4779 9161 4779 9162 4852 9162 4780 9162 4852 9163 4853 9163 4780 9163 4780 9164 4853 9164 4781 9164 4853 9165 4854 9165 4781 9165 4781 9166 4854 9166 4782 9166 4854 9167 4855 9167 4782 9167 4782 9168 4855 9168 4783 9168 4855 9169 4856 9169 4783 9169 4783 9170 4856 9170 4784 9170 4856 9171 4857 9171 4784 9171 4784 9172 4857 9172 4785 9172 4857 9173 4858 9173 4785 9173 4785 9174 4858 9174 4786 9174 4858 9175 4859 9175 4786 9175 4786 9176 4859 9176 4787 9176 4859 9177 4860 9177 4787 9177 4787 9178 4860 9178 4788 9178 4860 9179 4861 9179 4788 9179 4788 9180 4861 9180 4789 9180 4861 9181 4862 9181 4789 9181 4789 9182 4862 9182 4790 9182 4862 9183 4863 9183 4790 9183 4790 9184 4863 9184 4791 9184 4863 9185 4864 9185 4791 9185 4791 9186 4864 9186 4792 9186 4864 9187 4865 9187 4792 9187 4792 9188 4865 9188 4793 9188 4865 9189 4866 9189 4793 9189 4793 9190 4866 9190 4794 9190 4866 9191 4867 9191 4794 9191 4794 9192 4867 9192 4795 9192 4867 9193 4868 9193 4795 9193 4795 9194 4868 9194 4796 9194 4868 9195 4869 9195 4796 9195 4796 9196 4869 9196 4797 9196 4869 9197 4870 9197 4797 9197 4797 9198 4870 9198 4798 9198 4870 9199 4871 9199 4798 9199 4798 9200 4871 9200 4799 9200 4871 9201 4872 9201 4799 9201 4799 9202 4872 9202 4800 9202 4872 9203 4873 9203 4800 9203 4800 9204 4873 9204 4801 9204 4873 9205 4874 9205 4801 9205 4801 9206 4874 9206 4802 9206 4874 9207 4875 9207 4802 9207 4802 9208 4875 9208 4803 9208 4875 9209 4876 9209 4803 9209 4803 9210 4876 9210 4804 9210 4876 9211 4877 9211 4804 9211 4804 9212 4877 9212 4805 9212 4877 9213 4878 9213 4805 9213 4805 9214 4878 9214 4806 9214 4878 9215 4879 9215 4806 9215 4806 9216 4879 9216 4807 9216 4879 9217 4880 9217 4807 9217 4807 9218 4880 9218 4808 9218 4880 9219 4881 9219 4808 9219 4808 9220 4881 9220 4809 9220 4881 9221 4882 9221 4809 9221 4809 9222 4882 9222 4810 9222 4882 9223 4883 9223 4810 9223 4810 9224 4883 9224 4811 9224 4883 9225 4884 9225 4811 9225 4811 9226 4884 9226 4812 9226 4884 9227 4885 9227 4812 9227 4812 9228 4885 9228 4813 9228 4885 9229 4886 9229 4813 9229 4813 9230 4886 9230 4814 9230 4886 9231 4887 9231 4814 9231 4814 9232 4887 9232 4815 9232 4887 9233 4888 9233 4815 9233 4815 9234 4888 9234 4816 9234 4888 9235 4889 9235 4816 9235 4816 9236 4889 9236 4817 9236 4889 9237 4890 9237 4817 9237 4817 9238 4890 9238 4818 9238 4890 9239 4891 9239 4818 9239 4818 9240 4891 9240 4819 9240 4891 9241 4892 9241 4819 9241 4819 9242 4892 9242 4820 9242 4892 9243 4893 9243 4820 9243 4820 9244 4893 9244 4821 9244 4893 9245 4894 9245 4821 9245 4821 9246 4894 9246 4822 9246 4894 9247 4895 9247 4822 9247 4822 9248 4895 9248 4823 9248 4895 9249 4896 9249 4823 9249 4823 9250 4896 9250 4824 9250 4896 9251 4897 9251 4824 9251 4824 9252 4897 9252 4825 9252 4897 9253 4898 9253 4825 9253 4825 9254 4898 9254 4826 9254 4898 9255 4899 9255 4826 9255 4826 9256 4899 9256 4827 9256 4899 9257 4900 9257 4827 9257 4827 9258 4900 9258 4828 9258 4900 9259 4901 9259 4828 9259 4828 9260 4901 9260 4829 9260 4901 9261 4902 9261 4829 9261 4829 9262 4902 9262 4830 9262 4902 9263 4903 9263 4830 9263 4830 9264 4903 9264 4831 9264 4903 9265 4832 9265 4831 9265 4903 9266 4904 9266 4832 9266 4904 9267 4905 9267 4832 9267 4832 9268 4905 9268 4833 9268 4905 9269 4906 9269 4833 9269 4833 9270 4906 9270 4834 9270 4906 9271 4907 9271 4834 9271 4834 9272 4907 9272 4835 9272 4907 9273 4908 9273 4835 9273 4835 9274 4908 9274 4836 9274 4908 9275 4909 9275 4836 9275 4836 9276 4909 9276 4837 9276 4909 9277 4910 9277 4837 9277 4837 9278 4910 9278 4838 9278 4910 9279 4911 9279 4838 9279 4838 9280 4911 9280 4839 9280 4911 9281 4912 9281 4839 9281 4839 9282 4912 9282 4840 9282 4912 9283 4913 9283 4840 9283 4840 9284 4913 9284 4841 9284 4913 9285 4914 9285 4841 9285 4841 9286 4914 9286 4842 9286 4914 9287 4915 9287 4842 9287 4842 9288 4915 9288 4843 9288 4915 9289 4916 9289 4843 9289 4843 9290 4916 9290 4844 9290 4916 9291 4917 9291 4844 9291 4844 9292 4917 9292 4845 9292 4917 9293 4918 9293 4845 9293 4845 9294 4918 9294 4846 9294 4918 9295 4919 9295 4846 9295 4846 9296 4919 9296 4847 9296 4919 9297 4920 9297 4847 9297 4847 9298 4920 9298 4848 9298 4920 9299 4921 9299 4848 9299 4848 9300 4921 9300 4849 9300 4921 9301 4922 9301 4849 9301 4849 9302 4922 9302 4850 9302 4922 9303 4923 9303 4850 9303 4850 9304 4923 9304 4851 9304 4923 9305 4924 9305 4851 9305 4851 9306 4924 9306 4852 9306 4924 9307 4925 9307 4852 9307 4852 9308 4925 9308 4853 9308 4925 9309 4926 9309 4853 9309 4853 9310 4926 9310 4854 9310 4926 9311 4927 9311 4854 9311 4854 9312 4927 9312 4855 9312 4927 9313 4928 9313 4855 9313 4855 9314 4928 9314 4856 9314 4928 9315 4929 9315 4856 9315 4856 9316 4929 9316 4857 9316 4929 9317 4930 9317 4857 9317 4857 9318 4930 9318 4858 9318 4930 9319 4931 9319 4858 9319 4858 9320 4931 9320 4859 9320 4931 9321 4932 9321 4859 9321 4859 9322 4932 9322 4860 9322 4932 9323 4933 9323 4860 9323 4860 9324 4933 9324 4861 9324 4933 9325 4934 9325 4861 9325 4861 9326 4934 9326 4862 9326 4934 9327 4935 9327 4862 9327 4862 9328 4935 9328 4863 9328 4935 9329 4936 9329 4863 9329 4863 9330 4936 9330 4864 9330 4936 9331 4937 9331 4864 9331 4864 9332 4937 9332 4865 9332 4937 9333 4938 9333 4865 9333 4865 9334 4938 9334 4866 9334 4938 9335 4939 9335 4866 9335 4866 9336 4939 9336 4867 9336 4939 9337 4940 9337 4867 9337 4867 9338 4940 9338 4868 9338 4940 9339 4941 9339 4868 9339 4868 9340 4941 9340 4869 9340 4941 9341 4942 9341 4869 9341 4869 9342 4942 9342 4870 9342 4942 9343 4943 9343 4870 9343 4870 9344 4943 9344 4871 9344 4943 9345 4944 9345 4871 9345 4871 9346 4944 9346 4872 9346 4944 9347 4945 9347 4872 9347 4872 9348 4945 9348 4873 9348 4945 9349 4946 9349 4873 9349 4873 9350 4946 9350 4874 9350 4946 9351 4947 9351 4874 9351 4874 9352 4947 9352 4875 9352 4947 9353 4948 9353 4875 9353 4875 9354 4948 9354 4876 9354 4948 9355 4949 9355 4876 9355 4876 9356 4949 9356 4877 9356 4949 9357 4950 9357 4877 9357 4877 9358 4950 9358 4878 9358 4950 9359 4951 9359 4878 9359 4878 9360 4951 9360 4879 9360 4951 9361 4952 9361 4879 9361 4879 9362 4952 9362 4880 9362 4952 9363 4953 9363 4880 9363 4880 9364 4953 9364 4881 9364 4953 9365 4954 9365 4881 9365 4881 9366 4954 9366 4882 9366 4954 9367 4955 9367 4882 9367 4882 9368 4955 9368 4883 9368 4955 9369 4956 9369 4883 9369 4883 9370 4956 9370 4884 9370 4956 9371 4957 9371 4884 9371 4884 9372 4957 9372 4885 9372 4957 9373 4958 9373 4885 9373 4885 9374 4958 9374 4886 9374 4958 9375 4959 9375 4886 9375 4886 9376 4959 9376 4887 9376 4959 9377 4960 9377 4887 9377 4887 9378 4960 9378 4888 9378 4960 9379 4961 9379 4888 9379 4888 9380 4961 9380 4889 9380 4961 9381 4962 9381 4889 9381 4889 9382 4962 9382 4890 9382 4962 9383 4963 9383 4890 9383 4890 9384 4963 9384 4891 9384 4963 9385 4964 9385 4891 9385 4891 9386 4964 9386 4892 9386 4964 9387 4965 9387 4892 9387 4892 9388 4965 9388 4893 9388 4965 9389 4966 9389 4893 9389 4893 9390 4966 9390 4894 9390 4966 9391 4967 9391 4894 9391 4894 9392 4967 9392 4895 9392 4967 9393 4968 9393 4895 9393 4895 9394 4968 9394 4896 9394 4968 9395 4969 9395 4896 9395 4896 9396 4969 9396 4897 9396 4969 9397 4970 9397 4897 9397 4897 9398 4970 9398 4898 9398 4970 9399 4971 9399 4898 9399 4898 9400 4971 9400 4899 9400 4971 9401 4972 9401 4899 9401 4899 9402 4972 9402 4900 9402 4972 9403 4973 9403 4900 9403 4900 9404 4973 9404 4901 9404 4973 9405 4974 9405 4901 9405 4901 9406 4974 9406 4902 9406 4974 9407 4975 9407 4902 9407 4902 9408 4975 9408 4903 9408 4975 9409 4904 9409 4903 9409 4975 9410 4976 9410 4904 9410 4976 9411 4977 9411 4904 9411 4904 9412 4977 9412 4905 9412 4977 9413 4978 9413 4905 9413 4905 9414 4978 9414 4906 9414 4978 9415 4979 9415 4906 9415 4906 9416 4979 9416 4907 9416 4979 9417 4980 9417 4907 9417 4907 9418 4980 9418 4908 9418 4980 9419 4981 9419 4908 9419 4908 9420 4981 9420 4909 9420 4981 9421 4982 9421 4909 9421 4909 9422 4982 9422 4910 9422 4982 9423 4983 9423 4910 9423 4910 9424 4983 9424 4911 9424 4983 9425 4984 9425 4911 9425 4911 9426 4984 9426 4912 9426 4984 9427 4985 9427 4912 9427 4912 9428 4985 9428 4913 9428 4985 9429 4986 9429 4913 9429 4913 9430 4986 9430 4914 9430 4986 9431 4987 9431 4914 9431 4914 9432 4987 9432 4915 9432 4987 9433 4988 9433 4915 9433 4915 9434 4988 9434 4916 9434 4988 9435 4989 9435 4916 9435 4916 9436 4989 9436 4917 9436 4989 9437 4990 9437 4917 9437 4917 9438 4990 9438 4918 9438 4990 9439 4991 9439 4918 9439 4918 9440 4991 9440 4919 9440 4991 9441 4992 9441 4919 9441 4919 9442 4992 9442 4920 9442 4992 9443 4993 9443 4920 9443 4920 9444 4993 9444 4921 9444 4993 9445 4994 9445 4921 9445 4921 9446 4994 9446 4922 9446 4994 9447 4995 9447 4922 9447 4922 9448 4995 9448 4923 9448 4995 9449 4996 9449 4923 9449 4923 9450 4996 9450 4924 9450 4996 9451 4997 9451 4924 9451 4924 9452 4997 9452 4925 9452 4997 9453 4998 9453 4925 9453 4925 9454 4998 9454 4926 9454 4998 9455 4999 9455 4926 9455 4926 9456 4999 9456 4927 9456 4999 9457 5000 9457 4927 9457 4927 9458 5000 9458 4928 9458 5000 9459 5001 9459 4928 9459 4928 9460 5001 9460 4929 9460 5001 9461 5002 9461 4929 9461 4929 9462 5002 9462 4930 9462 5002 9463 5003 9463 4930 9463 4930 9464 5003 9464 4931 9464 5003 9465 5004 9465 4931 9465 4931 9466 5004 9466 4932 9466 5004 9467 5005 9467 4932 9467 4932 9468 5005 9468 4933 9468 5005 9469 5006 9469 4933 9469 4933 9470 5006 9470 4934 9470 5006 9471 5007 9471 4934 9471 4934 9472 5007 9472 4935 9472 5007 9473 5008 9473 4935 9473 4935 9474 5008 9474 4936 9474 5008 9475 5009 9475 4936 9475 4936 9476 5009 9476 4937 9476 5009 9477 5010 9477 4937 9477 4937 9478 5010 9478 4938 9478 5010 9479 5011 9479 4938 9479 4938 9480 5011 9480 4939 9480 5011 9481 5012 9481 4939 9481 4939 9482 5012 9482 4940 9482 5012 9483 5013 9483 4940 9483 4940 9484 5013 9484 4941 9484 5013 9485 5014 9485 4941 9485 4941 9486 5014 9486 4942 9486 5014 9487 5015 9487 4942 9487 4942 9488 5015 9488 4943 9488 5015 9489 5016 9489 4943 9489 4943 9490 5016 9490 4944 9490 5016 9491 5017 9491 4944 9491 4944 9492 5017 9492 4945 9492 5017 9493 5018 9493 4945 9493 4945 9494 5018 9494 4946 9494 5018 9495 5019 9495 4946 9495 4946 9496 5019 9496 4947 9496 5019 9497 5020 9497 4947 9497 4947 9498 5020 9498 4948 9498 5020 9499 5021 9499 4948 9499 4948 9500 5021 9500 4949 9500 5021 9501 5022 9501 4949 9501 4949 9502 5022 9502 4950 9502 5022 9503 5023 9503 4950 9503 4950 9504 5023 9504 4951 9504 5023 9505 5024 9505 4951 9505 4951 9506 5024 9506 4952 9506 5024 9507 5025 9507 4952 9507 4952 9508 5025 9508 4953 9508 5025 9509 5026 9509 4953 9509 4953 9510 5026 9510 4954 9510 5026 9511 5027 9511 4954 9511 4954 9512 5027 9512 4955 9512 5027 9513 5028 9513 4955 9513 4955 9514 5028 9514 4956 9514 5028 9515 5029 9515 4956 9515 4956 9516 5029 9516 4957 9516 5029 9517 5030 9517 4957 9517 4957 9518 5030 9518 4958 9518 5030 9519 5031 9519 4958 9519 4958 9520 5031 9520 4959 9520 5031 9521 5032 9521 4959 9521 4959 9522 5032 9522 4960 9522 5032 9523 5033 9523 4960 9523 4960 9524 5033 9524 4961 9524 5033 9525 5034 9525 4961 9525 4961 9526 5034 9526 4962 9526 5034 9527 5035 9527 4962 9527 4962 9528 5035 9528 4963 9528 5035 9529 5036 9529 4963 9529 4963 9530 5036 9530 4964 9530 5036 9531 5037 9531 4964 9531 4964 9532 5037 9532 4965 9532 5037 9533 5038 9533 4965 9533 4965 9534 5038 9534 4966 9534 5038 9535 5039 9535 4966 9535 4966 9536 5039 9536 4967 9536 5039 9537 5040 9537 4967 9537 4967 9538 5040 9538 4968 9538 5040 9539 5041 9539 4968 9539 4968 9540 5041 9540 4969 9540 5041 9541 5042 9541 4969 9541 4969 9542 5042 9542 4970 9542 5042 9543 5043 9543 4970 9543 4970 9544 5043 9544 4971 9544 5043 9545 5044 9545 4971 9545 4971 9546 5044 9546 4972 9546 5044 9547 5045 9547 4972 9547 4972 9548 5045 9548 4973 9548 5045 9549 5046 9549 4973 9549 4973 9550 5046 9550 4974 9550 5046 9551 5047 9551 4974 9551 4974 9552 5047 9552 4975 9552 5047 9553 4976 9553 4975 9553 5047 9554 2737 9554 4976 9554 2737 9555 2736 9555 4976 9555 4976 9556 2736 9556 4977 9556 2736 9557 2739 9557 4977 9557 4977 9558 2739 9558 4978 9558 2739 9559 2740 9559 4978 9559 4978 9560 2740 9560 4979 9560 2740 9561 2741 9561 4979 9561 4979 9562 2741 9562 4980 9562 2741 9563 2742 9563 4980 9563 4980 9564 2742 9564 4981 9564 2742 9565 2743 9565 4981 9565 4981 9566 2743 9566 4982 9566 2743 9567 2744 9567 4982 9567 4982 9568 2744 9568 4983 9568 2744 9569 2745 9569 4983 9569 4983 9570 2745 9570 4984 9570 2745 9571 2746 9571 4984 9571 4984 9572 2746 9572 4985 9572 2746 9573 2747 9573 4985 9573 4985 9574 2747 9574 4986 9574 2747 9575 2748 9575 4986 9575 4986 9576 2748 9576 4987 9576 2748 9577 2749 9577 4987 9577 4987 9578 2749 9578 4988 9578 2749 9579 2750 9579 4988 9579 4988 9580 2750 9580 4989 9580 2750 9581 2751 9581 4989 9581 4989 9582 2751 9582 4990 9582 2751 9583 2752 9583 4990 9583 4990 9584 2752 9584 4991 9584 2752 9585 2753 9585 4991 9585 4991 9586 2753 9586 4992 9586 2753 9587 2754 9587 4992 9587 4992 9588 2754 9588 4993 9588 2754 9589 2755 9589 4993 9589 4993 9590 2755 9590 4994 9590 2755 9591 2756 9591 4994 9591 4994 9592 2756 9592 4995 9592 2756 9593 2757 9593 4995 9593 4995 9594 2757 9594 4996 9594 2757 9595 2758 9595 4996 9595 4996 9596 2758 9596 4997 9596 2758 9597 2759 9597 4997 9597 4997 9598 2759 9598 4998 9598 2759 9599 2760 9599 4998 9599 4998 9600 2760 9600 4999 9600 2760 9601 2761 9601 4999 9601 4999 9602 2761 9602 5000 9602 2761 9603 2762 9603 5000 9603 5000 9604 2762 9604 5001 9604 2762 9605 2763 9605 5001 9605 5001 9606 2763 9606 5002 9606 2763 9607 2764 9607 5002 9607 5002 9608 2764 9608 5003 9608 2764 9609 2765 9609 5003 9609 5003 9610 2765 9610 5004 9610 2765 9611 2766 9611 5004 9611 5004 9612 2766 9612 5005 9612 2766 9613 2767 9613 5005 9613 5005 9614 2767 9614 5006 9614 2767 9615 2768 9615 5006 9615 5006 9616 2768 9616 5007 9616 2768 9617 2769 9617 5007 9617 5007 9618 2769 9618 5008 9618 2769 9619 2770 9619 5008 9619 5008 9620 2770 9620 5009 9620 2770 9621 2771 9621 5009 9621 5009 9622 2771 9622 5010 9622 2771 9623 2772 9623 5010 9623 5010 9624 2772 9624 5011 9624 2772 9625 2773 9625 5011 9625 5011 9626 2773 9626 5012 9626 2773 9627 2774 9627 5012 9627 5012 9628 2774 9628 5013 9628 2774 9629 2775 9629 5013 9629 5013 9630 2775 9630 5014 9630 2775 9631 2776 9631 5014 9631 5014 9632 2776 9632 5015 9632 2776 9633 2777 9633 5015 9633 5015 9634 2777 9634 5016 9634 2777 9635 2778 9635 5016 9635 5016 9636 2778 9636 5017 9636 2778 9637 2779 9637 5017 9637 5017 9638 2779 9638 5018 9638 2779 9639 2780 9639 5018 9639 5018 9640 2780 9640 5019 9640 2780 9641 2781 9641 5019 9641 5019 9642 2781 9642 5020 9642 2781 9643 2782 9643 5020 9643 5020 9644 2782 9644 5021 9644 2782 9645 2783 9645 5021 9645 5021 9646 2783 9646 5022 9646 2783 9647 2784 9647 5022 9647 5022 9648 2784 9648 5023 9648 2784 9649 2785 9649 5023 9649 5023 9650 2785 9650 5024 9650 2785 9651 2786 9651 5024 9651 5024 9652 2786 9652 5025 9652 2786 9653 2787 9653 5025 9653 5025 9654 2787 9654 5026 9654 2787 9655 2788 9655 5026 9655 5026 9656 2788 9656 5027 9656 2788 9657 2789 9657 5027 9657 5027 9658 2789 9658 5028 9658 2789 9659 2790 9659 5028 9659 5028 9660 2790 9660 5029 9660 2790 9661 2791 9661 5029 9661 5029 9662 2791 9662 5030 9662 2791 9663 2792 9663 5030 9663 5030 9664 2792 9664 5031 9664 2792 9665 2793 9665 5031 9665 5031 9666 2793 9666 5032 9666 2793 9667 2794 9667 5032 9667 5032 9668 2794 9668 5033 9668 2794 9669 2795 9669 5033 9669 5033 9670 2795 9670 5034 9670 2795 9671 2796 9671 5034 9671 5034 9672 2796 9672 5035 9672 2796 9673 2797 9673 5035 9673 5035 9674 2797 9674 5036 9674 2797 9675 2798 9675 5036 9675 5036 9676 2798 9676 5037 9676 2798 9677 2799 9677 5037 9677 5037 9678 2799 9678 5038 9678 2799 9679 2800 9679 5038 9679 5038 9680 2800 9680 5039 9680 2800 9681 2801 9681 5039 9681 5039 9682 2801 9682 5040 9682 2801 9683 2802 9683 5040 9683 5040 9684 2802 9684 5041 9684 2802 9685 2803 9685 5041 9685 5041 9686 2803 9686 5042 9686 2803 9687 2804 9687 5042 9687 5042 9688 2804 9688 5043 9688 2804 9689 2805 9689 5043 9689 5043 9690 2805 9690 5044 9690 2805 9691 2806 9691 5044 9691 5044 9692 2806 9692 5045 9692 2806 9693 2807 9693 5045 9693 5045 9694 2807 9694 5046 9694 2807 9695 2808 9695 5046 9695 5046 9696 2808 9696 5047 9696 2808 9697 2737 9697 5047 9697 1309 9698 2962 9698 1310 9698 2962 9699 4077 9699 1310 9699 1310 9700 4077 9700 1311 9700 1345 9701 2894 9701 1346 9701 2894 9699 2892 9699 1346 9699 1346 9702 2892 9702 1347 9702 1306 9699 2960 9699 1307 9699 2960 9699 2959 9699 1307 9699 1307 9699 2959 9699 1308 9699 1344 9699 2887 9699 1345 9699 2887 9703 2895 9703 1345 9703 1345 9699 2895 9699 2894 9699 1365 9699 4328 9699 1366 9699 4328 9699 2936 9699 1366 9699 1366 9704 2936 9704 1367 9704 2936 9705 2938 9705 1367 9705 1367 9699 2938 9699 1296 9699 1363 9699 2929 9699 1364 9699 2929 9699 2862 9699 1364 9699 1364 9699 2862 9699 1365 9699 2862 9699 2864 9699 1365 9699 1365 9706 2864 9706 4328 9706 1342 9699 3717 9699 1343 9699 3717 9699 2890 9699 1343 9699 1343 9699 2890 9699 1344 9699 2890 9707 2889 9707 1344 9707 1344 9708 2889 9708 2887 9708 1329 9699 2999 9699 1330 9699 2999 9699 2997 9699 1330 9699 1330 9709 2997 9709 1331 9709 2997 9710 2996 9710 1331 9710 1331 9699 2996 9699 1332 9699 2968 9699 1315 9699 1314 9699 2959 9711 2957 9711 1308 9711 2957 9712 2851 9712 1308 9712 1308 9699 2851 9699 1309 9699 2851 9713 2850 9713 1309 9713 1309 9699 2850 9699 2962 9699 1304 9699 2854 9699 1305 9699 2854 9699 2853 9699 1305 9699 1305 9699 2853 9699 1306 9699 2853 9699 2961 9699 1306 9699 1306 9714 2961 9714 2960 9714 1351 9699 2904 9699 1352 9699 2904 9699 2906 9699 1352 9699 1352 9715 2906 9715 1353 9715 1317 9699 2974 9699 1318 9699 2974 9716 2975 9716 1318 9716 1318 9699 2975 9699 1319 9699 4077 9699 2966 9699 1311 9699 2966 9699 2965 9699 1311 9699 1311 9699 2965 9699 1312 9699 2965 9717 2963 9717 1312 9717 1312 9699 2963 9699 1313 9699 2963 9718 2848 9718 1313 9718 1313 9699 2848 9699 1314 9699 2848 9699 2847 9699 1314 9699 1314 9719 2847 9719 2968 9719 1300 9699 2857 9699 1301 9699 2857 9699 2856 9699 1301 9699 1301 9699 2856 9699 1302 9699 2856 9699 2951 9699 1302 9699 1302 9699 2951 9699 1303 9699 2951 9699 2953 9699 1303 9699 1303 9699 2953 9699 1304 9699 2953 9699 2955 9699 1304 9699 1304 9699 2955 9699 2854 9699 1299 9699 2948 9699 1300 9699 2948 9699 2949 9699 1300 9699 1300 9699 2949 9699 2857 9699 1355 9720 2916 9720 1356 9720 2916 9721 2915 9721 1356 9721 1356 9699 2915 9699 1357 9699 1350 9699 2902 9699 1351 9699 2902 9699 2905 9699 1351 9699 1351 9722 2905 9722 2904 9722 1340 9699 2884 9699 1341 9699 2884 9699 2882 9699 1341 9699 1341 9699 2882 9699 1342 9699 2882 9699 2881 9699 1342 9699 1342 9723 2881 9723 3717 9723 1327 9699 3412 9699 1328 9699 3412 9699 3411 9699 1328 9699 1328 9699 3411 9699 1329 9699 3411 9699 3000 9699 1329 9699 1329 9724 3000 9724 2999 9724 1326 9699 2995 9699 1327 9699 2995 9699 3518 9699 1327 9699 1327 9725 3518 9725 3412 9725 2968 9699 2967 9699 1315 9699 2967 9726 3840 9726 1315 9726 1315 9699 3840 9699 1316 9699 3840 9699 2970 9699 1316 9699 1316 9727 2970 9727 1317 9727 2970 9699 2972 9699 1317 9699 1317 9728 2972 9728 2974 9728 1298 9699 2942 9699 1299 9699 2942 9699 2946 9699 1299 9699 1299 9729 2946 9729 2948 9729 2938 9699 2940 9699 1296 9699 2940 9699 2945 9699 1296 9699 1296 9699 2945 9699 1297 9699 2945 9699 2859 9699 1297 9699 1297 9699 2859 9699 1298 9699 2859 9699 2861 9699 1298 9699 1298 9730 2861 9730 2942 9730 1362 9699 2934 9699 1363 9699 2934 9699 2935 9699 1363 9699 1363 9731 2935 9731 2929 9731 2906 9699 2908 9699 1353 9699 2908 9699 2910 9699 1353 9699 1353 9699 2910 9699 1354 9699 2910 9732 2911 9732 1354 9732 1354 9699 2911 9699 1355 9699 2911 9699 2913 9699 1355 9699 1355 9733 2913 9733 2916 9733 2892 9699 2891 9699 1347 9699 2891 9699 3841 9699 1347 9699 1347 9699 3841 9699 1348 9699 3841 9734 2896 9734 1348 9734 1348 9699 2896 9699 1349 9699 2896 9735 2898 9735 1349 9735 1349 9699 2898 9699 1350 9699 2898 9699 2900 9699 1350 9699 1350 9736 2900 9736 2902 9736 1324 9737 2990 9737 1325 9737 2990 9738 2991 9738 1325 9738 1325 9699 2991 9699 1326 9699 2991 9699 2993 9699 1326 9699 1326 9739 2993 9739 2995 9739 1321 9740 2984 9740 1322 9740 2984 9699 2982 9699 1322 9699 1322 9699 2982 9699 1323 9699 2982 9699 2986 9699 1323 9699 1323 9741 2986 9741 1324 9741 2986 9699 2988 9699 1324 9699 1324 9742 2988 9742 2990 9742 2975 9699 2977 9699 1319 9699 2977 9699 2980 9699 1319 9699 1319 9743 2980 9743 1320 9743 2980 9744 2979 9744 1320 9744 1320 9699 2979 9699 1321 9699 2979 9699 2985 9699 1321 9699 1321 9745 2985 9745 2984 9745 1360 9746 2926 9746 1361 9746 2926 9747 2930 9747 1361 9747 1361 9699 2930 9699 1362 9699 2930 9699 2932 9699 1362 9699 1362 9748 2932 9748 2934 9748 1336 9699 3529 9699 1337 9699 3529 9699 2879 9699 1337 9699 1337 9699 2879 9699 1338 9699 2879 9699 2878 9699 1338 9699 1338 9699 2878 9699 1339 9699 2878 9699 2865 9699 1339 9699 1339 9699 2865 9699 1340 9699 2865 9699 2867 9699 1340 9699 1340 9699 2867 9699 2884 9699 2996 9699 3413 9699 1332 9699 3413 9699 3519 9699 1332 9699 1332 9699 3519 9699 1333 9699 3519 9699 2874 9699 1333 9699 1333 9699 2874 9699 1334 9699 2915 9699 2921 9699 1357 9699 2921 9699 2920 9699 1357 9699 1357 9749 2920 9749 1358 9749 2920 9699 2918 9699 1358 9699 1358 9699 2918 9699 1359 9699 2918 9699 2922 9699 1359 9699 1359 9750 2922 9750 1360 9750 2922 9699 2924 9699 1360 9699 1360 9751 2924 9751 2926 9751 1335 9699 2869 9699 1336 9699 2869 9699 2868 9699 1336 9699 1336 9699 2868 9699 3529 9699 2874 9699 2876 9699 1334 9699 2876 9699 2872 9699 1334 9699 1334 9699 2872 9699 1335 9699 2872 9699 2871 9699 1335 9699 1335 9752 2871 9752 2869 9752 2679 9753 2678 9753 3821 9753 2674 9753 3024 9753 2675 9753 3024 9753 3023 9753 2675 9753 2675 9753 3023 9753 2676 9753 2712 9753 2833 9753 2713 9753 2833 9754 2832 9754 2713 9754 2713 9755 2832 9755 2714 9755 2733 9753 3133 9753 2734 9753 3133 9753 3131 9753 2734 9753 2734 9756 3131 9756 2735 9756 3131 9757 3130 9757 2735 9757 2735 9753 3130 9753 2664 9753 2731 9753 3129 9753 2732 9753 3129 9753 3128 9753 2732 9753 2732 9753 3128 9753 2733 9753 3128 9753 3134 9753 2733 9753 2733 9758 3134 9758 3133 9758 2710 9753 3087 9753 2711 9753 3087 9753 3086 9753 2711 9753 2711 9753 3086 9753 2712 9753 3086 9759 3084 9759 2712 9759 2712 9760 3084 9760 2833 9760 2697 9753 4295 9753 2698 9753 4295 9753 3061 9753 2698 9753 2698 9761 3061 9761 2699 9761 3061 9762 3063 9762 2699 9762 2699 9753 3063 9753 2700 9753 2682 9753 3030 9753 2683 9753 3030 9753 3029 9753 2683 9753 2683 9763 3029 9763 2684 9763 3023 9764 3021 9764 2676 9764 3021 9765 3020 9765 2676 9765 2676 9753 3020 9753 2677 9753 3020 9766 3724 9766 2677 9766 2677 9767 3724 9767 2678 9767 3724 9768 3756 9768 2678 9768 2678 9769 3756 9769 3821 9769 2672 9753 3017 9753 2673 9753 3017 9753 3608 9753 2673 9753 2673 9753 3608 9753 2674 9753 3608 9753 3676 9753 2674 9753 2674 9770 3676 9770 3024 9770 2685 9753 3037 9753 2686 9753 3037 9771 3039 9771 2686 9771 2686 9753 3039 9753 2687 9753 3821 9772 3028 9772 2679 9772 3028 9753 3026 9753 2679 9753 2679 9753 3026 9753 2680 9753 3026 9773 3025 9773 2680 9773 2680 9753 3025 9753 2681 9753 3025 9774 3887 9774 2681 9774 2681 9753 3887 9753 2682 9753 3887 9753 3032 9753 2682 9753 2682 9775 3032 9775 3030 9775 2669 9776 3012 9776 2670 9776 3012 9753 3015 9753 2670 9753 2670 9753 3015 9753 2671 9753 3015 9753 3014 9753 2671 9753 2671 9753 3014 9753 2672 9753 3014 9753 3018 9753 2672 9753 2672 9753 3018 9753 3017 9753 2667 9753 3009 9753 2668 9753 3009 9753 3493 9753 2668 9753 2668 9753 3493 9753 2669 9753 3493 9753 3013 9753 2669 9753 2669 9777 3013 9777 3012 9777 2723 9778 3111 9778 2724 9778 3111 9779 3110 9779 2724 9779 2724 9753 3110 9753 2725 9753 2718 9753 3098 9753 2719 9753 3098 9753 3099 9753 2719 9753 2719 9780 3099 9780 2720 9780 2832 9781 3090 9781 2714 9781 3090 9753 3091 9753 2714 9753 2714 9753 3091 9753 2715 9753 2708 9753 2836 9753 2709 9753 2836 9753 2835 9753 2709 9753 2709 9753 2835 9753 2710 9753 2835 9753 3088 9753 2710 9753 2710 9782 3088 9782 3087 9782 2695 9753 3056 9753 2696 9753 3056 9753 2841 9753 2696 9753 2696 9753 2841 9753 2697 9753 2841 9753 2843 9753 2697 9753 2697 9783 2843 9783 4295 9783 2694 9753 3059 9753 2695 9753 3059 9753 3060 9753 2695 9753 2695 9784 3060 9784 3056 9784 2693 9753 3049 9753 2694 9753 3049 9753 3057 9753 2694 9753 2694 9785 3057 9785 3059 9785 2666 9753 3007 9753 2667 9753 3007 9753 3010 9753 2667 9753 2667 9786 3010 9786 3009 9786 3130 9753 3003 9753 2664 9753 3003 9753 3002 9753 2664 9753 2664 9753 3002 9753 2665 9753 3002 9753 3384 9753 2665 9753 2665 9753 3384 9753 2666 9753 3384 9753 3006 9753 2666 9753 2666 9787 3006 9787 3007 9787 2730 9753 3126 9753 2731 9753 3126 9753 3464 9753 2731 9753 2731 9788 3464 9788 3129 9788 2721 9753 3105 9753 2722 9753 3105 9789 3106 9789 2722 9789 2722 9753 3106 9753 2723 9753 3106 9753 3108 9753 2723 9753 2723 9790 3108 9790 3111 9790 3099 9753 3101 9753 2720 9753 3101 9753 3102 9753 2720 9753 2720 9791 3102 9791 2721 9791 3102 9753 3103 9753 2721 9753 2721 9792 3103 9792 3105 9792 3091 9793 3093 9793 2715 9793 3093 9753 2830 9753 2715 9753 2715 9753 2830 9753 2716 9753 2830 9794 2829 9794 2716 9794 2716 9753 2829 9753 2717 9753 2829 9795 3094 9795 2717 9795 2717 9753 3094 9753 2718 9753 3094 9753 3096 9753 2718 9753 2718 9796 3096 9796 3098 9796 2705 9797 3077 9797 2706 9797 3077 9753 3078 9753 2706 9753 2706 9753 3078 9753 2707 9753 3078 9753 3080 9753 2707 9753 2707 9753 3080 9753 2708 9753 3080 9753 3082 9753 2708 9753 2708 9753 3082 9753 2836 9753 2689 9798 3043 9798 2690 9798 3043 9753 2844 9753 2690 9753 2690 9753 2844 9753 2691 9753 2844 9753 2846 9753 2691 9753 2691 9799 2846 9799 2692 9799 2846 9753 3052 9753 2692 9753 2692 9753 3052 9753 2693 9753 3052 9753 3050 9753 2693 9753 2693 9800 3050 9800 3049 9800 3039 9753 3041 9753 2687 9753 3041 9753 3042 9753 2687 9753 2687 9801 3042 9801 2688 9801 3042 9802 3046 9802 2688 9802 2688 9753 3046 9753 2689 9753 3046 9753 3044 9753 2689 9753 2689 9803 3044 9803 3043 9803 3029 9753 3035 9753 2684 9753 3035 9753 3034 9753 2684 9753 2684 9804 3034 9804 2685 9804 3034 9753 3038 9753 2685 9753 2685 9805 3038 9805 3037 9805 2729 9753 3122 9753 2730 9753 3122 9753 3124 9753 2730 9753 2730 9806 3124 9806 3126 9806 3063 9753 3065 9753 2700 9753 3065 9753 3070 9753 2700 9753 2700 9753 3070 9753 2701 9753 3070 9753 2838 9753 2701 9753 2701 9753 2838 9753 2702 9753 3110 9753 3116 9753 2725 9753 3116 9753 3115 9753 2725 9753 2725 9807 3115 9807 2726 9807 3115 9753 3113 9753 2726 9753 2726 9753 3113 9753 2727 9753 3113 9753 3117 9753 2727 9753 2727 9808 3117 9808 2728 9808 3117 9753 3119 9753 2728 9753 2728 9753 3119 9753 2729 9753 3119 9753 3123 9753 2729 9753 2729 9809 3123 9809 3122 9809 2703 9753 3073 9753 2704 9753 3073 9753 3074 9753 2704 9753 2704 9753 3074 9753 2705 9753 3074 9753 3076 9753 2705 9753 2705 9810 3076 9810 3077 9810 2838 9753 2840 9753 2702 9753 2840 9753 3067 9753 2702 9753 2702 9753 3067 9753 2703 9753 3067 9753 3071 9753 2703 9753 2703 9811 3071 9811 3073 9811</p>
        </triangles>
      </mesh>
    </geometry>
  </library_geometries>
  <library_visual_scenes>
    <visual_scene id="Scene" name="Scene">
      <node id="heim_joint_m8_ball" name="heim_joint_m8_ball" type="NODE">
        <matrix sid="transform">1 0 0 0 0 1 0 0 0 0 1 0 0 0 0 1</matrix>
        <instance_geometry url="#heim_joint_m8_ball-mesh" name="heim_joint_m8_ball"/>
      </node>
    </visual_scene>
  </library_visual_scenes>
  <scene>
    <instance_visual_scene url="#Scene"/>
  </scene>
</COLLADA>