<?xml version="1.0" encoding="utf-8"?>
<COLLADA xmlns="http://www.collada.org/2005/11/COLLADASchema" version="1.4.1" xmlns:xsi="http://www.w3.org/2001/XMLSchema-instance">
  <asset>
    <contributor>
      <author>Blender User</author>
      <authoring_tool>Blender 3.0.1</authoring_tool>
    </contributor>
    <created>2026-06-04T16:18:58</created>
    <modified>2026-06-04T16:18:58</modified>
    <unit name="meter" meter="1"/>
    <up_axis>Z_UP</up_axis>
  </asset>
  <library_images/>
  <library_geometries>
    <geometry id="motor_160kg_cm_ig52__3-mesh" name="motor_160kg_cm_ig52__3">
      <mesh>
        <source id="motor_160kg_cm_ig52__3-mesh-positions">
          <float_array id="motor_160kg_cm_ig52__3-mesh-positions-array" count="4803">0.1787235 0.002954423 -5.20945e-4 0.1787235 0.002988576 -2.61467e-4 0.1787235 0 0 0.1787235 0.002999961 0 0.1787235 0.002988576 2.61467e-4 0.1787235 0.002718865 -0.00126785 0.1787235 0.002819061 -0.001026034 0.1787235 0.002897739 -7.76457e-4 0.1787235 0.002298116 -0.001928329 0.1787235 0.002457439 -0.001720726 0.1787235 0.002598047 -0.00149995 0.1787235 0.001720726 -0.002457439 0.1787235 0.001928329 -0.002298116 0.1787235 0.002121269 -0.002121269 0.1787235 0.001026034 -0.002819061 0.1787235 0.00126785 -0.002718865 0.1787235 0.00149995 -0.002598047 0.1787235 2.61467e-4 -0.002988576 0.1787235 5.20945e-4 -0.002954423 0.1787235 7.76457e-4 -0.002897739 0.1787235 -5.20945e-4 -0.002954423 0.1787235 -2.61467e-4 -0.002988576 0.1787235 0 -0.002999961 0.1787235 -0.00126785 -0.002718865 0.1787235 -0.001026034 -0.002819061 0.1787235 -7.76457e-4 -0.002897739 0.1787235 -0.001928329 -0.002298116 0.1787235 -0.001720726 -0.002457439 0.1787235 -0.00149995 -0.002598047 0.1787235 -0.002457439 -0.001720726 0.1787235 -0.002298116 -0.001928329 0.1787235 -0.002121269 -0.002121269 0.1787235 -0.002819061 -0.001026034 0.1787235 -0.002718865 -0.00126785 0.1787235 -0.002598047 -0.00149995 0.1787235 -0.002988576 -2.61467e-4 0.1787235 -0.002954423 -5.20945e-4 0.1787235 -0.002897739 -7.76457e-4 0.1787235 -0.002954423 5.20945e-4 0.1787235 -0.002988576 2.61467e-4 0.1787235 -0.002999961 0 0.1787235 -0.002718865 0.00126785 0.1787235 -0.002819061 0.001026034 0.1787235 -0.002897739 7.76457e-4 0.1787235 -0.002298116 0.001928329 0.1787235 -0.002457439 0.001720726 0.1787235 -0.002598047 0.00149995 0.1787235 -0.001720726 0.002457439 0.1787235 -0.001928329 0.002298116 0.1787235 -0.002121269 0.002121269 0.1787235 -0.001026034 0.002819061 0.1787235 -0.00126785 0.002718865 0.1787235 -0.00149995 0.002598047 0.1787235 -2.61467e-4 0.002988576 0.1787235 -5.20945e-4 0.002954423 0.1787235 -7.76457e-4 0.002897739 0.1787235 5.20945e-4 0.002954423 0.1787235 2.61467e-4 0.002988576 0.1787235 0 0.002999961 0.1787235 0.00126785 0.002718865 0.1787235 0.001026034 0.002819061 0.1787235 7.76457e-4 0.002897739 0.1787235 0.001928329 0.002298116 0.1787235 0.001720726 0.002457439 0.1787235 0.00149995 0.002598047 0.1787235 0.002457439 0.001720726 0.1787235 0.002298116 0.001928329 0.1787235 0.002121269 0.002121269 0.1787235 0.002819061 0.001026034 0.1787235 0.002718865 0.00126785 0.1787235 0.002598047 0.00149995 0.1787235 0.002954423 5.20945e-4 0.1787235 0.002897739 7.76457e-4 -0.01901644 0.01853793 -4.3412e-4 -0.01901644 0.0185095 -2.17889e-4 -0.01901644 0.02099996 0 -0.01901644 0.01849997 0 -0.01901644 0.0185095 2.17889e-4 -0.01901644 0.01873421 -0.001056492 -0.01901644 0.01865077 -8.5505e-4 -0.01901644 0.01858514 -6.47048e-4 -0.01901644 0.01908487 -0.001606941 -0.01901644 0.01895207 -0.001433908 -0.01901644 0.01883488 -0.001249969 -0.01901644 0.01956605 -0.002047836 -0.01901644 0.01939302 -0.001915097 -0.01901644 0.01923221 -0.001767754 -0.01901644 0.02014493 -0.002349197 -0.01901644 0.01994341 -0.002265751 -0.01901644 0.01974999 -0.002165019 -0.01901644 0.02078211 -0.00249046 -0.01901644 0.02056586 -0.002461969 -0.01901644 0.0203529 -0.002414762 -0.01901644 0.02143406 -0.002461969 -0.01901644 0.02121788 -0.00249046 -0.01901644 0.02099996 -0.002499997 -0.01901644 0.02205651 -0.002265751 -0.01901644 0.02185505 -0.002349197 -0.01901644 0.02164703 -0.002414762 -0.01901644 0.02260696 -0.001915097 -0.01901644 0.02243393 -0.002047836 -0.01901644 0.02224999 -0.002165019 -0.01901644 0.02304786 -0.001433908 -0.01901644 0.02291506 -0.001606941 -0.01901644 0.02276772 -0.001767754 -0.01901644 0.02334922 -8.5505e-4 -0.01901644 0.02326571 -0.001056492 -0.01901644 0.02316504 -0.001249969 -0.01901644 0.02349048 -2.17889e-4 -0.01901644 0.02346199 -4.3412e-4 -0.01901644 0.02341479 -6.47048e-4 -0.01901644 0.02346199 4.3412e-4 -0.01901644 0.02349048 2.17889e-4 -0.01901644 0.02349996 0 -0.01901644 0.02326571 0.001056492 -0.01901644 0.02334922 8.5505e-4 -0.01901644 0.02341479 6.47048e-4 -0.01901644 0.02291506 0.001606941 -0.01901644 0.02304786 0.001433908 -0.01901644 0.02316504 0.001249969 -0.01901644 0.02243393 0.002047836 -0.01901644 0.02260696 0.001915097 -0.01901644 0.02276772 0.001767754 -0.01901644 0.02185505 0.002349197 -0.01901644 0.02205651 0.002265751 -0.01901644 0.02224999 0.002165019 -0.01901644 0.02121788 0.00249046 -0.01901644 0.02143406 0.002461969 -0.01901644 0.02164703 0.002414762 -0.01901644 0.02056586 0.002461969 -0.01901644 0.02078211 0.00249046 -0.01901644 0.02099996 0.002499997 -0.01901644 0.01994341 0.002265751 -0.01901644 0.02014493 0.002349197 -0.01901644 0.0203529 0.002414762 -0.01901644 0.01939302 0.001915097 -0.01901644 0.01956605 0.002047836 -0.01901644 0.01974999 0.002165019 -0.01901644 0.01895207 0.001433908 -0.01901644 0.01908487 0.001606941 -0.01901644 0.01923221 0.001767754 -0.01901644 0.01865077 8.5505e-4 -0.01901644 0.01873421 0.001056492 -0.01901644 0.01883488 0.001249969 -0.01901644 0.01853793 4.3412e-4 -0.01901644 0.01858514 6.47048e-4 -0.01901644 -0.002461969 0.02056586 -0.01901644 -0.00249046 0.02078211 -0.01901644 0 0.02099996 -0.01901644 -0.002499997 0.02099996 -0.01901644 -0.00249046 0.02121788 -0.01901644 -0.002265751 0.01994341 -0.01901644 -0.002349197 0.02014493 -0.01901644 -0.002414762 0.0203529 -0.01901644 -0.001915097 0.01939302 -0.01901644 -0.002047836 0.01956605 -0.01901644 -0.002165019 0.01974999 -0.01901644 -0.001433908 0.01895207 -0.01901644 -0.001606941 0.01908487 -0.01901644 -0.001767754 0.01923221 -0.01901644 -8.5505e-4 0.01865077 -0.01901644 -0.001056492 0.01873421 -0.01901644 -0.001249969 0.01883488 -0.01901644 -2.17889e-4 0.0185095 -0.01901644 -4.3412e-4 0.01853793 -0.01901644 -6.47048e-4 0.01858514 -0.01901644 4.3412e-4 0.01853793 -0.01901644 2.17889e-4 0.0185095 -0.01901644 0 0.01849997 -0.01901644 0.001056492 0.01873421 -0.01901644 8.5505e-4 0.01865077 -0.01901644 6.47048e-4 0.01858514 -0.01901644 0.001606941 0.01908487 -0.01901644 0.001433908 0.01895207 -0.01901644 0.001249969 0.01883488 -0.01901644 0.002047836 0.01956605 -0.01901644 0.001915097 0.01939302 -0.01901644 0.001767754 0.01923221 -0.01901644 0.002349197 0.02014493 -0.01901644 0.002265751 0.01994341 -0.01901644 0.002165019 0.01974999 -0.01901644 0.00249046 0.02078211 -0.01901644 0.002461969 0.02056586 -0.01901644 0.002414762 0.0203529 -0.01901644 0.002461969 0.02143406 -0.01901644 0.00249046 0.02121788 -0.01901644 0.002499997 0.02099996 -0.01901644 0.002265751 0.02205651 -0.01901644 0.002349197 0.02185505 -0.01901644 0.002414762 0.02164703 -0.01901644 0.001915097 0.02260696 -0.01901644 0.002047836 0.02243393 -0.01901644 0.002165019 0.02224999 -0.01901644 0.001433908 0.02304786 -0.01901644 0.001606941 0.02291506 -0.01901644 0.001767754 0.02276772 -0.01901644 8.5505e-4 0.02334922 -0.01901644 0.001056492 0.02326571 -0.01901644 0.001249969 0.02316504 -0.01901644 2.17889e-4 0.02349048 -0.01901644 4.3412e-4 0.02346199 -0.01901644 6.47048e-4 0.02341479 -0.01901644 -4.3412e-4 0.02346199 -0.01901644 -2.17889e-4 0.02349048 -0.01901644 0 0.02349996 -0.01901644 -0.001056492 0.02326571 -0.01901644 -8.5505e-4 0.02334922 -0.01901644 -6.47048e-4 0.02341479 -0.01901644 -0.001606941 0.02291506 -0.01901644 -0.001433908 0.02304786 -0.01901644 -0.001249969 0.02316504 -0.01901644 -0.002047836 0.02243393 -0.01901644 -0.001915097 0.02260696 -0.01901644 -0.001767754 0.02276772 -0.01901644 -0.002349197 0.02185505 -0.01901644 -0.002265751 0.02205651 -0.01901644 -0.002165019 0.02224999 -0.01901644 -0.002461969 0.02143406 -0.01901644 -0.002414762 0.02164703 -0.01901644 -0.02346199 -4.3412e-4 -0.01901644 -0.02349048 -2.17889e-4 -0.01901644 -0.02099996 0 -0.01901644 -0.02349996 0 -0.01901644 -0.02349048 2.17889e-4 -0.01901644 -0.02326571 -0.001056492 -0.01901644 -0.02334922 -8.5505e-4 -0.01901644 -0.02341479 -6.47048e-4 -0.01901644 -0.02291506 -0.001606941 -0.01901644 -0.02304786 -0.001433908 -0.01901644 -0.02316504 -0.001249969 -0.01901644 -0.02243393 -0.002047836 -0.01901644 -0.02260696 -0.001915097 -0.01901644 -0.02276772 -0.001767754 -0.01901644 -0.02185505 -0.002349197 -0.01901644 -0.02205651 -0.002265751 -0.01901644 -0.02224999 -0.002165019 -0.01901644 -0.02121788 -0.00249046 -0.01901644 -0.02143406 -0.002461969 -0.01901644 -0.02164703 -0.002414762 -0.01901644 -0.02056586 -0.002461969 -0.01901644 -0.02078211 -0.00249046 -0.01901644 -0.02099996 -0.002499997 -0.01901644 -0.01994341 -0.002265751 -0.01901644 -0.02014493 -0.002349197 -0.01901644 -0.0203529 -0.002414762 -0.01901644 -0.01939302 -0.001915097 -0.01901644 -0.01956605 -0.002047836 -0.01901644 -0.01974999 -0.002165019 -0.01901644 -0.01895207 -0.001433908 -0.01901644 -0.01908487 -0.001606941 -0.01901644 -0.01923221 -0.001767754 -0.01901644 -0.01865077 -8.5505e-4 -0.01901644 -0.01873421 -0.001056492 -0.01901644 -0.01883488 -0.001249969 -0.01901644 -0.0185095 -2.17889e-4 -0.01901644 -0.01853793 -4.3412e-4 -0.01901644 -0.01858514 -6.47048e-4 -0.01901644 -0.01853793 4.3412e-4 -0.01901644 -0.0185095 2.17889e-4 -0.01901644 -0.01849997 0 -0.01901644 -0.01873421 0.001056492 -0.01901644 -0.01865077 8.5505e-4 -0.01901644 -0.01858514 6.47048e-4 -0.01901644 -0.01908487 0.001606941 -0.01901644 -0.01895207 0.001433908 -0.01901644 -0.01883488 0.001249969 -0.01901644 -0.01956605 0.002047836 -0.01901644 -0.01939302 0.001915097 -0.01901644 -0.01923221 0.001767754 -0.01901644 -0.02014493 0.002349197 -0.01901644 -0.01994341 0.002265751 -0.01901644 -0.01974999 0.002165019 -0.01901644 -0.02078211 0.00249046 -0.01901644 -0.02056586 0.002461969 -0.01901644 -0.0203529 0.002414762 -0.01901644 -0.02143406 0.002461969 -0.01901644 -0.02121788 0.00249046 -0.01901644 -0.02099996 0.002499997 -0.01901644 -0.02205651 0.002265751 -0.01901644 -0.02185505 0.002349197 -0.01901644 -0.02164703 0.002414762 -0.01901644 -0.02260696 0.001915097 -0.01901644 -0.02243393 0.002047836 -0.01901644 -0.02224999 0.002165019 -0.01901644 -0.02304786 0.001433908 -0.01901644 -0.02291506 0.001606941 -0.01901644 -0.02276772 0.001767754 -0.01901644 -0.02334922 8.5505e-4 -0.01901644 -0.02326571 0.001056492 -0.01901644 -0.02316504 0.001249969 -0.01901644 -0.02346199 4.3412e-4 -0.01901644 -0.02341479 6.47048e-4 -0.01901644 -0.002461969 -0.02143406 -0.01901644 -0.00249046 -0.02121788 -0.01901644 0 -0.02099996 -0.01901644 -0.002499997 -0.02099996 -0.01901644 -0.00249046 -0.02078211 -0.01901644 -0.002265751 -0.02205651 -0.01901644 -0.002349197 -0.02185505 -0.01901644 -0.002414762 -0.02164703 -0.01901644 -0.001915097 -0.02260696 -0.01901644 -0.002047836 -0.02243393 -0.01901644 -0.002165019 -0.02224999 -0.01901644 -0.001433908 -0.02304786 -0.01901644 -0.001606941 -0.02291506 -0.01901644 -0.001767754 -0.02276772 -0.01901644 -8.5505e-4 -0.02334922 -0.01901644 -0.001056492 -0.02326571 -0.01901644 -0.001249969 -0.02316504 -0.01901644 -2.17889e-4 -0.02349048 -0.01901644 -4.3412e-4 -0.02346199 -0.01901644 -6.47048e-4 -0.02341479 -0.01901644 4.3412e-4 -0.02346199 -0.01901644 2.17889e-4 -0.02349048 -0.01901644 0 -0.02349996 -0.01901644 0.001056492 -0.02326571 -0.01901644 8.5505e-4 -0.02334922 -0.01901644 6.47048e-4 -0.02341479 -0.01901644 0.001606941 -0.02291506 -0.01901644 0.001433908 -0.02304786 -0.01901644 0.001249969 -0.02316504 -0.01901644 0.002047836 -0.02243393 -0.01901644 0.001915097 -0.02260696 -0.01901644 0.001767754 -0.02276772 -0.01901644 0.002349197 -0.02185505 -0.01901644 0.002265751 -0.02205651 -0.01901644 0.002165019 -0.02224999 -0.01901644 0.00249046 -0.02121788 -0.01901644 0.002461969 -0.02143406 -0.01901644 0.002414762 -0.02164703 -0.01901644 0.002461969 -0.02056586 -0.01901644 0.00249046 -0.02078211 -0.01901644 0.002499997 -0.02099996 -0.01901644 0.002265751 -0.01994341 -0.01901644 0.002349197 -0.02014493 -0.01901644 0.002414762 -0.0203529 -0.01901644 0.001915097 -0.01939302 -0.01901644 0.002047836 -0.01956605 -0.01901644 0.002165019 -0.01974999 -0.01901644 0.001433908 -0.01895207 -0.01901644 0.001606941 -0.01908487 -0.01901644 0.001767754 -0.01923221 -0.01901644 8.5505e-4 -0.01865077 -0.01901644 0.001056492 -0.01873421 -0.01901644 0.001249969 -0.01883488 -0.01901644 2.17889e-4 -0.0185095 -0.01901644 4.3412e-4 -0.01853793 -0.01901644 6.47048e-4 -0.01858514 -0.01901644 -4.3412e-4 -0.01853793 -0.01901644 -2.17889e-4 -0.0185095 -0.01901644 0 -0.01849997 -0.01901644 -0.001056492 -0.01873421 -0.01901644 -8.5505e-4 -0.01865077 -0.01901644 -6.47048e-4 -0.01858514 -0.01901644 -0.001606941 -0.01908487 -0.01901644 -0.001433908 -0.01895207 -0.01901644 -0.001249969 -0.01883488 -0.01901644 -0.002047836 -0.01956605 -0.01901644 -0.001915097 -0.01939302 -0.01901644 -0.001767754 -0.01923221 -0.01901644 -0.002349197 -0.02014493 -0.01901644 -0.002265751 -0.01994341 -0.01901644 -0.002165019 -0.01974999 -0.01901644 -0.002461969 -0.02056586 -0.01901644 -0.002414762 -0.0203529 -0.04701644 -0.001552879 -0.005795538 -0.04701644 -0.001999974 -0.005656838 -0.04701644 -0.001999974 -0.003499984 -0.04701644 -0.001041889 -0.005908846 -0.04701644 0.001999974 -0.005656838 -0.04701644 0.001552879 -0.005795538 -0.04701644 0.001999974 -0.003499984 -0.04701644 0.001041889 -0.005908846 -0.04701644 5.22934e-4 -0.005977153 -0.04701644 0 -0.005999982 -0.04701644 -5.22934e-4 -0.005977153 -0.06701648 -0.001999974 -0.003499984 -0.06701648 -0.001999974 -0.005656838 -0.06701648 0.001999974 -0.003499984 -0.06701648 0.001999974 -0.005656838 -0.06701648 0.002052068 -0.005638122 -0.06701648 0.0025357 -0.005437791 -0.06701648 -0.002052068 -0.005638122 -0.06701648 -0.005196094 0.002999961 -0.06701648 -0.004914879 0.003441452 -0.06701648 0.005908846 0.001041889 -0.06701648 0.005977153 5.22934e-4 -0.06701648 0.005999982 0 -0.06701648 0.005977153 -5.22934e-4 -0.06701648 0.005908846 -0.001041889 -0.06701648 0.005795538 -0.001552879 -0.06701648 0.005638122 -0.002052068 -0.06701648 -0.005977153 5.22934e-4 -0.06701648 -0.005908846 0.001041889 -0.06701648 -0.005795538 0.001552879 -0.06701648 -0.005638122 0.002052068 -0.06701648 -0.005437791 0.0025357 -0.06701648 -0.0025357 -0.005437791 -0.06701648 -0.002999961 -0.005196094 -0.06701648 -0.003441452 -0.004914879 -0.06701648 -0.004596233 0.003856718 -0.06701648 -0.004242599 0.004242599 -0.06701648 -0.003856718 0.004596233 -0.06701648 -0.003856718 -0.004596233 -0.06701648 -0.004242599 -0.004242599 -0.06701648 -0.004596233 -0.003856718 -0.06701648 0.005437791 -0.0025357 -0.06701648 0.005196094 -0.002999961 -0.06701648 0.004914879 -0.003441452 -0.06701648 -0.004914879 -0.003441452 -0.06701648 -0.005196094 -0.002999961 -0.06701648 -0.005437791 -0.0025357 -0.06701648 0.004596233 -0.003856718 -0.06701648 0.004242599 -0.004242599 -0.06701648 0.003856718 -0.004596233 -0.06701648 -0.003441452 0.004914879 -0.06701648 -0.002999961 0.005196094 -0.06701648 -0.0025357 0.005437791 -0.06701648 0.003441452 -0.004914879 -0.06701648 0.002999961 -0.005196094 -0.06701648 -0.005638122 -0.002052068 -0.06701648 -0.005795538 -0.001552879 -0.06701648 -0.005908846 -0.001041889 -0.06701648 5.22934e-4 0.005977153 -0.06701648 0.001041889 0.005908846 -0.06701648 0.001552879 0.005795538 -0.06701648 0.002052068 0.005638122 -0.06701648 -0.005977153 -5.22934e-4 -0.06701648 -0.005999982 0 -0.06701648 -0.002052068 0.005638122 -0.06701648 -0.001552879 0.005795538 -0.06701648 -0.001041889 0.005908846 -0.06701648 0.0025357 0.005437791 -0.06701648 0.002999961 0.005196094 -0.06701648 0.003441452 0.004914879 -0.06701648 0.003856718 0.004596233 -0.06701648 0.004242599 0.004242599 -0.06701648 0.004596233 0.003856718 -0.06701648 0.005196094 0.002999961 -0.06701648 0.005437791 0.0025357 -0.06701648 0.005638122 0.002052068 -0.06701648 -5.22934e-4 0.005977153 -0.06701648 0 0.005999982 -0.06701648 0.004914879 0.003441452 -0.06701648 0.005795538 0.001552879 -0.04101645 0.005437791 -0.0025357 -0.04101645 0.01450091 -0.006761848 -0.04101645 0.005196094 -0.002999961 -0.04101645 0.01385641 -0.007999956 -0.04101645 0.004914879 -0.003441452 -0.04101645 0.0131064 -0.009177207 -0.04101645 0.004596233 -0.003856718 -0.04101645 0.01225668 -0.0102846 -0.04101645 0.004242599 -0.004242599 -0.04101645 0.01131367 -0.01131367 -0.04101645 0.003856718 -0.004596233 -0.04101645 0.0102846 -0.01225668 -0.04101645 0.003441452 -0.004914879 -0.04101645 0.009177207 -0.0131064 -0.04101645 0.002999961 -0.005196094 -0.04101645 0.007999956 -0.01385641 -0.04101645 0.0025357 -0.005437791 -0.04101645 0.006761848 -0.01450091 -0.04101645 0.002052068 -0.005638122 -0.04101645 0.005472302 -0.01503503 -0.04101645 0.001552879 -0.005795538 -0.04101645 0.004141092 -0.01545476 -0.04101645 0.001041889 -0.005908846 -0.04101645 0.002778351 -0.0157569 -0.04101645 5.22934e-4 -0.005977153 -0.04101645 0.00139445 -0.01593911 -0.04101645 0 -0.005999982 -0.04101645 0 -0.01599997 -0.04101645 -5.22934e-4 -0.005977153 -0.04101645 -0.00139445 -0.01593911 -0.04101645 -0.001041889 -0.005908846 -0.04101645 -0.002778351 -0.0157569 -0.04101645 -0.001552879 -0.005795538 -0.04101645 -0.004141092 -0.01545476 -0.04101645 -0.002052068 -0.005638122 -0.04101645 -0.005472302 -0.01503503 -0.04101645 -0.0025357 -0.005437791 -0.04101645 -0.006761848 -0.01450091 -0.04101645 -0.002999961 -0.005196094 -0.04101645 -0.007999956 -0.01385641 -0.04101645 -0.003441452 -0.004914879 -0.04101645 -0.009177207 -0.0131064 -0.04101645 -0.003856718 -0.004596233 -0.04101645 -0.0102846 -0.01225668 -0.04101645 -0.004242599 -0.004242599 -0.04101645 -0.01131367 -0.01131367 -0.04101645 -0.004596233 -0.003856718 -0.04101645 -0.01225668 -0.0102846 -0.04101645 -0.004914879 -0.003441452 -0.04101645 -0.0131064 -0.009177207 -0.04101645 -0.005196094 -0.002999961 -0.04101645 -0.01385641 -0.007999956 -0.04101645 -0.005437791 -0.0025357 -0.04101645 -0.01450091 -0.006761848 -0.04101645 -0.005638122 -0.002052068 -0.04101645 -0.01503503 -0.005472302 -0.04101645 -0.005795538 -0.001552879 -0.04101645 -0.01545476 -0.004141092 -0.04101645 -0.005908846 -0.001041889 -0.04101645 -0.0157569 -0.002778351 -0.04101645 -0.005977153 -5.22934e-4 -0.04101645 -0.01593911 -0.00139445 -0.04101645 -0.005999982 0 -0.04101645 -0.01599997 0 -0.04101645 -0.005977153 5.22934e-4 -0.04101645 -0.01593911 0.00139445 -0.04101645 -0.005908846 0.001041889 -0.04101645 -0.0157569 0.002778351 -0.04101645 -0.005795538 0.001552879 -0.04101645 -0.01545476 0.004141092 -0.04101645 -0.005638122 0.002052068 -0.04101645 -0.01503503 0.005472302 -0.04101645 -0.005437791 0.0025357 -0.04101645 -0.01450091 0.006761848 -0.04101645 -0.005196094 0.002999961 -0.04101645 -0.01385641 0.007999956 -0.04101645 -0.004914879 0.003441452 -0.04101645 -0.0131064 0.009177207 -0.04101645 -0.004596233 0.003856718 -0.04101645 -0.01225668 0.0102846 -0.04101645 -0.004242599 0.004242599 -0.04101645 -0.01131367 0.01131367 -0.04101645 -0.003856718 0.004596233 -0.04101645 -0.0102846 0.01225668 -0.04101645 -0.003441452 0.004914879 -0.04101645 -0.009177207 0.0131064 -0.04101645 -0.002999961 0.005196094 -0.04101645 -0.007999956 0.01385641 -0.04101645 -0.0025357 0.005437791 -0.04101645 -0.006761848 0.01450091 -0.04101645 -0.002052068 0.005638122 -0.04101645 -0.005472302 0.01503503 -0.04101645 -0.001552879 0.005795538 -0.04101645 -0.004141092 0.01545476 -0.04101645 -0.001041889 0.005908846 -0.04101645 -0.002778351 0.0157569 -0.04101645 -5.22934e-4 0.005977153 -0.04101645 -0.00139445 0.01593911 -0.04101645 0 0.005999982 -0.04101645 0 0.01599997 -0.04101645 5.22934e-4 0.005977153 -0.04101645 0.00139445 0.01593911 -0.04101645 0.001041889 0.005908846 -0.04101645 0.002778351 0.0157569 -0.04101645 0.001552879 0.005795538 -0.04101645 0.004141092 0.01545476 -0.04101645 0.002052068 0.005638122 -0.04101645 0.005472302 0.01503503 -0.04101645 0.0025357 0.005437791 -0.04101645 0.006761848 0.01450091 -0.04101645 0.002999961 0.005196094 -0.04101645 0.007999956 0.01385641 -0.04101645 0.003441452 0.004914879 -0.04101645 0.009177207 0.0131064 -0.04101645 0.003856718 0.004596233 -0.04101645 0.0102846 0.01225668 -0.04101645 0.004242599 0.004242599 -0.04101645 0.01131367 0.01131367 -0.04101645 0.004596233 0.003856718 -0.04101645 0.01225668 0.0102846 -0.04101645 0.004914879 0.003441452 -0.04101645 0.0131064 0.009177207 -0.04101645 0.005196094 0.002999961 -0.04101645 0.01385641 0.007999956 -0.04101645 0.005437791 0.0025357 -0.04101645 0.01450091 0.006761848 -0.04101645 0.005638122 0.002052068 -0.04101645 0.01503503 0.005472302 -0.04101645 0.005795538 0.001552879 -0.04101645 0.01545476 0.004141092 -0.04101645 0.005908846 0.001041889 -0.04101645 0.0157569 0.002778351 -0.04101645 0.005977153 5.22934e-4 -0.04101645 0.01593911 0.00139445 -0.04101645 0.005999982 0 -0.04101645 0.01599997 0 -0.04101645 0.005977153 -5.22934e-4 -0.04101645 0.01593911 -0.00139445 -0.04101645 0.005908846 -0.001041889 -0.04101645 0.0157569 -0.002778351 -0.04101645 0.005795538 -0.001552879 -0.04101645 0.01545476 -0.004141092 -0.04101645 0.005638122 -0.002052068 -0.04101645 0.01503503 -0.005472302 -0.03901648 -0.002499997 -0.02099996 -0.03901648 -0.00249046 -0.02078211 -0.03901648 -0.002461969 -0.02056586 -0.03901648 -0.002414762 -0.0203529 -0.03901648 -0.002349197 -0.02014493 -0.03901648 -0.002265751 -0.01994341 -0.03901648 -0.002165019 -0.01974999 -0.03901648 -0.002047836 -0.01956605 -0.03901648 -0.001915097 -0.01939302 -0.03901648 -0.001767754 -0.01923221 -0.03901648 -0.001606941 -0.01908487 -0.03901648 -0.001433908 -0.01895207 -0.03901648 -0.001249969 -0.01883488 -0.03901648 -0.001056492 -0.01873421 -0.03901648 -8.5505e-4 -0.01865077 -0.03901648 -6.47048e-4 -0.01858514 -0.03901648 -4.3412e-4 -0.01853793 -0.03901648 -2.17889e-4 -0.0185095 -0.03901648 0 -0.01849997 -0.03901648 2.17889e-4 -0.0185095 -0.03901648 4.3412e-4 -0.01853793 -0.03901648 6.47048e-4 -0.01858514 -0.03901648 8.5505e-4 -0.01865077 -0.03901648 0.001056492 -0.01873421 -0.03901648 0.001249969 -0.01883488 -0.03901648 0.001433908 -0.01895207 -0.03901648 0.001606941 -0.01908487 -0.03901648 0.001767754 -0.01923221 -0.03901648 0.001915097 -0.01939302 -0.03901648 0.002047836 -0.01956605 -0.03901648 0.002165019 -0.01974999 -0.03901648 0.002265751 -0.01994341 -0.03901648 0.002349197 -0.02014493 -0.03901648 0.002414762 -0.0203529 -0.03901648 0.002461969 -0.02056586 -0.03901648 0.00249046 -0.02078211 -0.03901648 0.002499997 -0.02099996 -0.03901648 0.00249046 -0.02121788 -0.03901648 0.002461969 -0.02143406 -0.03901648 0.002414762 -0.02164703 -0.03901648 0.002349197 -0.02185505 -0.03901648 0.002265751 -0.02205651 -0.03901648 0.002165019 -0.02224999 -0.03901648 0.002047836 -0.02243393 -0.03901648 0.001915097 -0.02260696 -0.03901648 0.001767754 -0.02276772 -0.03901648 0.001606941 -0.02291506 -0.03901648 0.001433908 -0.02304786 -0.03901648 0.001249969 -0.02316504 -0.03901648 0.001056492 -0.02326571 -0.03901648 8.5505e-4 -0.02334922 -0.03901648 6.47048e-4 -0.02341479 -0.03901648 4.3412e-4 -0.02346199 -0.03901648 2.17889e-4 -0.02349048 -0.03901648 0 -0.02349996 -0.03901648 -2.17889e-4 -0.02349048 -0.03901648 -4.3412e-4 -0.02346199 -0.03901648 -6.47048e-4 -0.02341479 -0.03901648 -8.5505e-4 -0.02334922 -0.03901648 -0.001056492 -0.02326571 -0.03901648 -0.001249969 -0.02316504 -0.03901648 -0.001433908 -0.02304786 -0.03901648 -0.001606941 -0.02291506 -0.03901648 -0.001767754 -0.02276772 -0.03901648 -0.001915097 -0.02260696 -0.03901648 -0.002047836 -0.02243393 -0.03901648 -0.002165019 -0.02224999 -0.03901648 -0.002265751 -0.02205651 -0.03901648 -0.002349197 -0.02185505 -0.03901648 -0.002414762 -0.02164703 -0.03901648 -0.002461969 -0.02143406 -0.03901648 -0.00249046 -0.02121788 -0.03901648 -0.02349996 0 -0.03901648 -0.02349048 2.17889e-4 -0.03901648 -0.02346199 4.3412e-4 -0.03901648 -0.02341479 6.47048e-4 -0.03901648 -0.02334922 8.5505e-4 -0.03901648 -0.02326571 0.001056492 -0.03901648 -0.02316504 0.001249969 -0.03901648 -0.02304786 0.001433908 -0.03901648 -0.02291506 0.001606941 -0.03901648 -0.02276772 0.001767754 -0.03901648 -0.02260696 0.001915097 -0.03901648 -0.02243393 0.002047836 -0.03901648 -0.02224999 0.002165019 -0.03901648 -0.02205651 0.002265751 -0.03901648 -0.02185505 0.002349197 -0.03901648 -0.02164703 0.002414762 -0.03901648 -0.02143406 0.002461969 -0.03901648 -0.02121788 0.00249046 -0.03901648 -0.02099996 0.002499997 -0.03901648 -0.02078211 0.00249046 -0.03901648 -0.02056586 0.002461969 -0.03901648 -0.0203529 0.002414762 -0.03901648 -0.02014493 0.002349197 -0.03901648 -0.01994341 0.002265751 -0.03901648 -0.01974999 0.002165019 -0.03901648 -0.01956605 0.002047836 -0.03901648 -0.01939302 0.001915097 -0.03901648 -0.01923221 0.001767754 -0.03901648 -0.01908487 0.001606941 -0.03901648 -0.01895207 0.001433908 -0.03901648 -0.01883488 0.001249969 -0.03901648 -0.01873421 0.001056492 -0.03901648 -0.01865077 8.5505e-4 -0.03901648 -0.01858514 6.47048e-4 -0.03901648 -0.01853793 4.3412e-4 -0.03901648 -0.0185095 2.17889e-4 -0.03901648 -0.01849997 0 -0.03901648 -0.0185095 -2.17889e-4 -0.03901648 -0.01853793 -4.3412e-4 -0.03901648 -0.01858514 -6.47048e-4 -0.03901648 -0.01865077 -8.5505e-4 -0.03901648 -0.01873421 -0.001056492 -0.03901648 -0.01883488 -0.001249969 -0.03901648 -0.01895207 -0.001433908 -0.03901648 -0.01908487 -0.001606941 -0.03901648 -0.01923221 -0.001767754 -0.03901648 -0.01939302 -0.001915097 -0.03901648 -0.01956605 -0.002047836 -0.03901648 -0.01974999 -0.002165019 -0.03901648 -0.01994341 -0.002265751 -0.03901648 -0.02014493 -0.002349197 -0.03901648 -0.0203529 -0.002414762 -0.03901648 -0.02056586 -0.002461969 -0.03901648 -0.02078211 -0.00249046 -0.03901648 -0.02099996 -0.002499997 -0.03901648 -0.02121788 -0.00249046 -0.03901648 -0.02143406 -0.002461969 -0.03901648 -0.02164703 -0.002414762 -0.03901648 -0.02185505 -0.002349197 -0.03901648 -0.02205651 -0.002265751 -0.03901648 -0.02224999 -0.002165019 -0.03901648 -0.02243393 -0.002047836 -0.03901648 -0.02260696 -0.001915097 -0.03901648 -0.02276772 -0.001767754 -0.03901648 -0.02291506 -0.001606941 -0.03901648 -0.02304786 -0.001433908 -0.03901648 -0.02316504 -0.001249969 -0.03901648 -0.02326571 -0.001056492 -0.03901648 -0.02334922 -8.5505e-4 -0.03901648 -0.02341479 -6.47048e-4 -0.03901648 -0.02346199 -4.3412e-4 -0.03901648 -0.02349048 -2.17889e-4 -0.03901648 -0.002499997 0.02099996 -0.03901648 -0.00249046 0.02121788 -0.03901648 -0.002461969 0.02143406 -0.03901648 -0.002414762 0.02164703 -0.03901648 -0.002349197 0.02185505 -0.03901648 -0.002265751 0.02205651 -0.03901648 -0.002165019 0.02224999 -0.03901648 -0.002047836 0.02243393 -0.03901648 -0.001915097 0.02260696 -0.03901648 -0.001767754 0.02276772 -0.03901648 -0.001606941 0.02291506 -0.03901648 -0.001433908 0.02304786 -0.03901648 -0.001249969 0.02316504 -0.03901648 -0.001056492 0.02326571 -0.03901648 -8.5505e-4 0.02334922 -0.03901648 -6.47048e-4 0.02341479 -0.03901648 -4.3412e-4 0.02346199 -0.03901648 -2.17889e-4 0.02349048 -0.03901648 0 0.02349996 -0.03901648 2.17889e-4 0.02349048 -0.03901648 4.3412e-4 0.02346199 -0.03901648 6.47048e-4 0.02341479 -0.03901648 8.5505e-4 0.02334922 -0.03901648 0.001056492 0.02326571 -0.03901648 0.001249969 0.02316504 -0.03901648 0.001433908 0.02304786 -0.03901648 0.001606941 0.02291506 -0.03901648 0.001767754 0.02276772 -0.03901648 0.001915097 0.02260696 -0.03901648 0.002047836 0.02243393 -0.03901648 0.002165019 0.02224999 -0.03901648 0.002265751 0.02205651 -0.03901648 0.002349197 0.02185505 -0.03901648 0.002414762 0.02164703 -0.03901648 0.002461969 0.02143406 -0.03901648 0.00249046 0.02121788 -0.03901648 0.002499997 0.02099996 -0.03901648 0.00249046 0.02078211 -0.03901648 0.002461969 0.02056586 -0.03901648 0.002414762 0.0203529 -0.03901648 0.002349197 0.02014493 -0.03901648 0.002265751 0.01994341 -0.03901648 0.002165019 0.01974999 -0.03901648 0.002047836 0.01956605 -0.03901648 0.001915097 0.01939302 -0.03901648 0.001767754 0.01923221 -0.03901648 0.001606941 0.01908487 -0.03901648 0.001433908 0.01895207 -0.03901648 0.001249969 0.01883488 -0.03901648 0.001056492 0.01873421 -0.03901648 8.5505e-4 0.01865077 -0.03901648 6.47048e-4 0.01858514 -0.03901648 4.3412e-4 0.01853793 -0.03901648 2.17889e-4 0.0185095 -0.03901648 0 0.01849997 -0.03901648 -2.17889e-4 0.0185095 -0.03901648 -4.3412e-4 0.01853793 -0.03901648 -6.47048e-4 0.01858514 -0.03901648 -8.5505e-4 0.01865077 -0.03901648 -0.001056492 0.01873421 -0.03901648 -0.001249969 0.01883488 -0.03901648 -0.001433908 0.01895207 -0.03901648 -0.001606941 0.01908487 -0.03901648 -0.001767754 0.01923221 -0.03901648 -0.001915097 0.01939302 -0.03901648 -0.002047836 0.01956605 -0.03901648 -0.002165019 0.01974999 -0.03901648 -0.002265751 0.01994341 -0.03901648 -0.002349197 0.02014493 -0.03901648 -0.002414762 0.0203529 -0.03901648 -0.002461969 0.02056586 -0.03901648 -0.00249046 0.02078211 0.1767235 -0.002999961 0 0.1767235 -0.002988576 2.61467e-4 0.1767235 -0.002954423 5.20945e-4 0.1767235 -0.002897739 7.76457e-4 0.1767235 -0.002819061 0.001026034 0.1767235 -0.002718865 0.00126785 0.1767235 -0.002598047 0.00149995 0.1767235 -0.002457439 0.001720726 0.1767235 -0.002298116 0.001928329 0.1767235 -0.002121269 0.002121269 0.1767235 -0.001928329 0.002298116 0.1767235 -0.001720726 0.002457439 0.1767235 -0.00149995 0.002598047 0.1767235 -0.00126785 0.002718865 0.1767235 -0.001026034 0.002819061 0.1767235 -7.76457e-4 0.002897739 0.1767235 -5.20945e-4 0.002954423 0.1767235 -2.61467e-4 0.002988576 0.1767235 0 0.002999961 0.1767235 2.61467e-4 0.002988576 0.1767235 5.20945e-4 0.002954423 0.1767235 7.76457e-4 0.002897739 0.1767235 0.001026034 0.002819061 0.1767235 0.00126785 0.002718865 0.1767235 0.00149995 0.002598047 0.1767235 0.001720726 0.002457439 0.1767235 0.001928329 0.002298116 0.1767235 0.002121269 0.002121269 0.1767235 0.002298116 0.001928329 0.1767235 0.002457439 0.001720726 0.1767235 0.002598047 0.00149995 0.1767235 0.002718865 0.00126785 0.1767235 0.002819061 0.001026034 0.1767235 0.002897739 7.76457e-4 0.1767235 0.002954423 5.20945e-4 0.1767235 0.002988576 2.61467e-4 0.1767235 0.002999961 0 0.1767235 0.002988576 -2.61467e-4 0.1767235 0.002954423 -5.20945e-4 0.1767235 0.002897739 -7.76457e-4 0.1767235 0.002819061 -0.001026034 0.1767235 0.002718865 -0.00126785 0.1767235 0.002598047 -0.00149995 0.1767235 0.002457439 -0.001720726 0.1767235 0.002298116 -0.001928329 0.1767235 0.002121269 -0.002121269 0.1767235 0.001928329 -0.002298116 0.1767235 0.001720726 -0.002457439 0.1767235 0.00149995 -0.002598047 0.1767235 0.00126785 -0.002718865 0.1767235 0.001026034 -0.002819061 0.1767235 7.76457e-4 -0.002897739 0.1767235 5.20945e-4 -0.002954423 0.1767235 2.61467e-4 -0.002988576 0.1767235 0 -0.002999961 0.1767235 -2.61467e-4 -0.002988576 0.1767235 -5.20945e-4 -0.002954423 0.1767235 -7.76457e-4 -0.002897739 0.1767235 -0.001026034 -0.002819061 0.1767235 -0.00126785 -0.002718865 0.1767235 -0.00149995 -0.002598047 0.1767235 -0.001720726 -0.002457439 0.1767235 -0.001928329 -0.002298116 0.1767235 -0.002121269 -0.002121269 0.1767235 -0.002298116 -0.001928329 0.1767235 -0.002457439 -0.001720726 0.1767235 -0.002598047 -0.00149995 0.1767235 -0.002718865 -0.00126785 0.1767235 -0.002819061 -0.001026034 0.1767235 -0.002897739 -7.76457e-4 0.1767235 -0.002954423 -5.20945e-4 0.1767235 -0.002988576 -2.61467e-4 -0.03901648 0.01849997 0 -0.03901648 0.0185095 2.17889e-4 -0.03901648 0.01853793 4.3412e-4 -0.03901648 0.01858514 6.47048e-4 -0.03901648 0.01865077 8.5505e-4 -0.03901648 0.01873421 0.001056492 -0.03901648 0.01883488 0.001249969 -0.03901648 0.01895207 0.001433908 -0.03901648 0.01908487 0.001606941 -0.03901648 0.01923221 0.001767754 -0.03901648 0.01939302 0.001915097 -0.03901648 0.01956605 0.002047836 -0.03901648 0.01974999 0.002165019 -0.03901648 0.01994341 0.002265751 -0.03901648 0.02014493 0.002349197 -0.03901648 0.0203529 0.002414762 -0.03901648 0.02056586 0.002461969 -0.03901648 0.02078211 0.00249046 -0.03901648 0.02099996 0.002499997 -0.03901648 0.02121788 0.00249046 -0.03901648 0.02143406 0.002461969 -0.03901648 0.02164703 0.002414762 -0.03901648 0.02185505 0.002349197 -0.03901648 0.02205651 0.002265751 -0.03901648 0.02224999 0.002165019 -0.03901648 0.02243393 0.002047836 -0.03901648 0.02260696 0.001915097 -0.03901648 0.02276772 0.001767754 -0.03901648 0.02291506 0.001606941 -0.03901648 0.02304786 0.001433908 -0.03901648 0.02316504 0.001249969 -0.03901648 0.02326571 0.001056492 -0.03901648 0.02334922 8.5505e-4 -0.03901648 0.02341479 6.47048e-4 -0.03901648 0.02346199 4.3412e-4 -0.03901648 0.02349048 2.17889e-4 -0.03901648 0.02349996 0 -0.03901648 0.02349048 -2.17889e-4 -0.03901648 0.02346199 -4.3412e-4 -0.03901648 0.02341479 -6.47048e-4 -0.03901648 0.02334922 -8.5505e-4 -0.03901648 0.02326571 -0.001056492 -0.03901648 0.02316504 -0.001249969 -0.03901648 0.02304786 -0.001433908 -0.03901648 0.02291506 -0.001606941 -0.03901648 0.02276772 -0.001767754 -0.03901648 0.02260696 -0.001915097 -0.03901648 0.02243393 -0.002047836 -0.03901648 0.02224999 -0.002165019 -0.03901648 0.02205651 -0.002265751 -0.03901648 0.02185505 -0.002349197 -0.03901648 0.02164703 -0.002414762 -0.03901648 0.02143406 -0.002461969 -0.03901648 0.02121788 -0.00249046 -0.03901648 0.02099996 -0.002499997 -0.03901648 0.02078211 -0.00249046 -0.03901648 0.02056586 -0.002461969 -0.03901648 0.0203529 -0.002414762 -0.03901648 0.02014493 -0.002349197 -0.03901648 0.01994341 -0.002265751 -0.03901648 0.01974999 -0.002165019 -0.03901648 0.01956605 -0.002047836 -0.03901648 0.01939302 -0.001915097 -0.03901648 0.01923221 -0.001767754 -0.03901648 0.01908487 -0.001606941 -0.03901648 0.01895207 -0.001433908 -0.03901648 0.01883488 -0.001249969 -0.03901648 0.01873421 -0.001056492 -0.03901648 0.01865077 -8.5505e-4 -0.03901648 0.01858514 -6.47048e-4 -0.03901648 0.01853793 -4.3412e-4 -0.03901648 0.0185095 -2.17889e-4 -0.03901648 -0.007999956 0.01385641 -0.03901648 -0.006761848 0.01450091 -0.03901648 -0.005472302 0.01503503 -0.03901648 -0.004141092 0.01545476 -0.03901648 -0.002778351 0.0157569 -0.03901648 -0.00139445 0.01593911 -0.03901648 0 0.01599997 -0.03901648 0.00139445 0.01593911 -0.03901648 0.002778351 0.0157569 -0.03901648 0.004141092 0.01545476 -0.03901648 0.005472302 0.01503503 -0.03901648 0.006761848 0.01450091 -0.03901648 0.007999956 0.01385641 -0.03901648 0.009177207 0.0131064 -0.03901648 0.0102846 0.01225668 -0.03901648 0.01131367 0.01131367 -0.03901648 0.01225668 0.0102846 -0.03901648 0.0131064 0.009177207 -0.03901648 0.01385641 0.007999956 -0.03901648 0.01450091 0.006761848 -0.03901648 0.01503503 0.005472302 -0.03901648 0.01545476 0.004141092 -0.03901648 0.0157569 0.002778351 -0.03901648 0.01593911 0.00139445 -0.03901648 0.01599997 0 -0.03901648 0.01593911 -0.00139445 -0.03901648 0.0157569 -0.002778351 -0.03901648 0.01545476 -0.004141092 -0.03901648 0.01503503 -0.005472302 -0.03901648 0.01450091 -0.006761848 -0.03901648 0.01385641 -0.007999956 -0.03901648 0.0131064 -0.009177207 -0.03901648 0.01305353 -0.00925225 -0.03901648 0.01225668 -0.0102846 -0.03901648 0.01131367 -0.01131367 -0.03901648 0.0102846 -0.01225668 -0.03901648 0.009177207 -0.0131064 -0.03901648 0.007999956 -0.01385641 -0.03901648 0.006761848 -0.01450091 -0.03901648 0.005472302 -0.01503503 -0.03901648 0.004141092 -0.01545476 -0.03901648 0.002778351 -0.0157569 -0.03901648 0.00139445 -0.01593911 -0.03901648 0 -0.01599997 -0.03901648 -0.00139445 -0.01593911 -0.03901648 -0.002778351 -0.0157569 -0.03901648 -0.004141092 -0.01545476 -0.03901648 -0.005472302 -0.01503503 -0.03901648 -0.006761848 -0.01450091 -0.03901648 -0.007999956 -0.01385641 -0.03901648 -0.009177207 -0.0131064 -0.03901648 -0.0102846 -0.01225668 -0.03901648 -0.01131367 -0.01131367 -0.03901648 -0.01225668 -0.0102846 -0.03901648 -0.0131064 -0.009177207 -0.03901648 -0.01385641 -0.007999956 -0.03901648 -0.01450091 -0.006761848 -0.03901648 -0.01503503 -0.005472302 -0.03901648 -0.01545476 -0.004141092 -0.03901648 -0.0157569 -0.002778351 -0.03901648 -0.01593911 -0.00139445 -0.03901648 -0.01599997 0 -0.03901648 -0.01593911 0.00139445 -0.03901648 -0.0157569 0.002778351 -0.03901648 -0.01545476 0.004141092 -0.03901648 -0.01503503 0.005472302 -0.03901648 -0.01450091 0.006761848 -0.03901648 -0.01385641 0.007999956 -0.03901648 -0.0131064 0.009177207 -0.03901648 -0.01225668 0.0102846 -0.03901648 -0.01131367 0.01131367 -0.03901648 -0.0102846 0.01225668 -0.03901648 -0.00925225 0.01305353 -0.03901648 -0.009177207 0.0131064 0.0291835 0.024432 -0.008892476 -0.03901648 0.02511405 -0.006729245 0.0291835 0.02511405 -0.006729245 -0.03901648 0.02560496 -0.004514813 0.0291835 0.02560496 -0.004514813 -0.03901648 0.02590101 -0.002266049 0.0291835 0.02590101 -0.002266049 -0.03901648 0.02599996 0 0.0291835 0.02599996 0 -0.03901648 0.02590101 0.002266049 0.0291835 0.02590101 0.002266049 -0.03901648 0.02560496 0.004514813 0.0291835 0.02560496 0.004514813 -0.03901648 0.02511405 0.006729245 0.0291835 0.02511405 0.006729245 -0.03901648 0.024432 0.008892476 0.0291835 0.024432 0.008892476 -0.03901648 0.02356398 0.01098805 0.0291835 0.02356398 0.01098805 -0.03901648 0.0225166 0.01299995 0.0291835 0.0225166 0.01299995 -0.03901648 0.02129793 0.01491296 0.0291835 0.02129793 0.01491296 -0.03901648 0.01991713 0.01671242 0.0291835 0.01991713 0.01671242 -0.03901648 0.01838475 0.01838475 0.0291835 0.01838475 0.01838475 -0.03901648 0.01671242 0.01991713 0.0291835 0.01671242 0.01991713 -0.03901648 0.01491296 0.02129793 0.0291835 0.01491296 0.02129793 -0.03901648 0.01299995 0.0225166 0.0291835 0.01299995 0.0225166 -0.03901648 0.01098805 0.02356398 0.0291835 0.01098805 0.02356398 -0.03901648 0.008892476 0.024432 0.0291835 0.008892476 0.024432 -0.03901648 0.006729245 0.02511405 0.0291835 0.006729245 0.02511405 -0.03901648 0.004514813 0.02560496 0.0291835 0.004514813 0.02560496 -0.03901648 0.002266049 0.02590101 0.0291835 0.002266049 0.02590101 -0.03901648 0 0.02599996 0.0291835 0 0.02599996 -0.03901648 -0.002266049 0.02590101 0.0291835 -0.002266049 0.02590101 -0.03901648 -0.004514813 0.02560496 0.0291835 -0.004514813 0.02560496 -0.03901648 -0.006729245 0.02511405 0.0291835 -0.006729245 0.02511405 -0.03901648 -0.008892476 0.024432 0.0291835 -0.008892476 0.024432 -0.03901648 -0.009255349 0.02429687 0.0291835 -0.01098805 0.02356398 -0.03901648 -0.01098805 0.02356398 -0.03901648 -0.01299995 0.0225166 0.0291835 -0.01299995 0.0225166 -0.03901648 -0.01491296 0.02129793 0.0291835 -0.01491296 0.02129793 -0.03901648 -0.01671242 0.01991713 0.0291835 -0.01671242 0.01991713 -0.03901648 -0.01838475 0.01838475 0.0291835 -0.01838475 0.01838475 -0.03901648 -0.01991713 0.01671242 0.0291835 -0.01991713 0.01671242 -0.03901648 -0.02129793 0.01491296 0.0291835 -0.02129793 0.01491296 -0.03901648 -0.0225166 0.01299995 0.0291835 -0.0225166 0.01299995 -0.03901648 -0.02356398 0.01098805 0.0291835 -0.02356398 0.01098805 -0.03901648 -0.024432 0.008892476 0.0291835 -0.024432 0.008892476 -0.03901648 -0.02511405 0.006729245 0.0291835 -0.02511405 0.006729245 -0.03901648 -0.02560496 0.004514813 0.0291835 -0.02560496 0.004514813 -0.03901648 -0.02590101 0.002266049 0.0291835 -0.02590101 0.002266049 -0.03901648 -0.02599996 0 0.0291835 -0.02599996 0 -0.03901648 -0.02590101 -0.002266049 0.0291835 -0.02590101 -0.002266049 -0.03901648 -0.02560496 -0.004514813 0.0291835 -0.02560496 -0.004514813 -0.03901648 -0.02511405 -0.006729245 0.0291835 -0.02511405 -0.006729245 -0.03901648 -0.024432 -0.008892476 0.0291835 -0.024432 -0.008892476 -0.03901648 -0.02356398 -0.01098805 0.0291835 -0.02356398 -0.01098805 -0.03901648 -0.0225166 -0.01299995 0.0291835 -0.0225166 -0.01299995 -0.03901648 -0.02129793 -0.01491296 0.0291835 -0.02129793 -0.01491296 -0.03901648 -0.01991713 -0.01671242 0.0291835 -0.01991713 -0.01671242 -0.03901648 -0.01838475 -0.01838475 0.0291835 -0.01838475 -0.01838475 -0.03901648 -0.01671242 -0.01991713 0.0291835 -0.01671242 -0.01991713 -0.03901648 -0.01491296 -0.02129793 0.0291835 -0.01491296 -0.02129793 -0.03901648 -0.01299995 -0.0225166 0.0291835 -0.01299995 -0.0225166 -0.03901648 -0.01098805 -0.02356398 0.0291835 -0.01098805 -0.02356398 -0.03901648 -0.008892476 -0.024432 0.0291835 -0.008892476 -0.024432 -0.03901648 -0.006729245 -0.02511405 0.0291835 -0.006729245 -0.02511405 -0.03901648 -0.004514813 -0.02560496 0.0291835 -0.004514813 -0.02560496 -0.03901648 -0.002266049 -0.02590101 0.0291835 -0.002266049 -0.02590101 -0.03901648 0 -0.02599996 0.0291835 0 -0.02599996 -0.03901648 0.002266049 -0.02590101 0.0291835 0.002266049 -0.02590101 -0.03901648 0.004514813 -0.02560496 0.0291835 0.004514813 -0.02560496 -0.03901648 0.006729245 -0.02511405 0.0291835 0.006729245 -0.02511405 -0.03901648 0.008892476 -0.024432 0.0291835 0.008892476 -0.024432 -0.03901648 0.01098805 -0.02356398 0.0291835 0.01098805 -0.02356398 -0.03901648 0.01299995 -0.0225166 0.0291835 0.01299995 -0.0225166 -0.03901648 0.01491296 -0.02129793 0.0291835 0.01491296 -0.02129793 -0.03901648 0.01671242 -0.01991713 0.0291835 0.01671242 -0.01991713 -0.03901648 0.01838475 -0.01838475 0.0291835 0.01838475 -0.01838475 -0.03901648 0.01991713 -0.01671242 0.0291835 0.01991713 -0.01671242 -0.03901648 0.02129793 -0.01491296 0.0291835 0.02129793 -0.01491296 -0.03901648 0.0225166 -0.01299995 0.0291835 0.0225166 -0.01299995 -0.03901648 0.02356398 -0.01098805 0.0291835 0.02356398 -0.01098805 -0.03901648 0.02429687 -0.009255349 -0.03901648 0.024432 -0.008892476 0.0291835 -0.02699995 0 0.1541835 -0.02689725 0.002353191 0.0291835 -0.02689725 0.002353191 0.1541835 -0.02658981 0.004688501 0.0291835 -0.02658981 0.004688501 0.1541835 -0.02607995 0.006988108 0.0291835 -0.02607995 0.006988108 0.1541835 -0.02537167 0.009234488 0.0291835 -0.02537167 0.009234488 0.1541835 -0.02447026 0.01141065 0.0291835 -0.02447026 0.01141065 0.1541835 -0.02338266 0.01349997 0.0291835 -0.02338266 0.01349997 0.1541835 -0.02211707 0.01548653 0.0291835 -0.02211707 0.01548653 0.1541835 -0.02068316 0.01735526 0.0291835 -0.02068316 0.01735526 0.1541835 -0.01909184 0.01909184 0.0291835 -0.01909184 0.01909184 0.1541835 -0.01735526 0.02068316 0.0291835 -0.01735526 0.02068316 0.1541835 -0.01548653 0.02211707 0.0291835 -0.01548653 0.02211707 0.1541835 -0.01349997 0.02338266 0.0291835 -0.01349997 0.02338266 0.1541835 -0.01141065 0.02447026 0.0291835 -0.01141065 0.02447026 0.1541835 -0.009234488 0.02537167 0.0291835 -0.009234488 0.02537167 0.1541835 -0.006988108 0.02607995 0.0291835 -0.006988108 0.02607995 0.1541835 -0.004688501 0.02658981 0.0291835 -0.004688501 0.02658981 0.1541835 -0.002353191 0.02689725 0.0291835 -0.002353191 0.02689725 0.1541835 0 0.02699995 0.0291835 0 0.02699995 0.1541835 0.002353191 0.02689725 0.0291835 0.002353191 0.02689725 0.1541835 0.004688501 0.02658981 0.0291835 0.004688501 0.02658981 0.1541835 0.006988108 0.02607995 0.0291835 0.006988108 0.02607995 0.1541835 0.009234488 0.02537167 0.0291835 0.009234488 0.02537167 0.1541835 0.01141065 0.02447026 0.0291835 0.01141065 0.02447026 0.1541835 0.01349997 0.02338266 0.0291835 0.01349997 0.02338266 0.1541835 0.01548653 0.02211707 0.0291835 0.01548653 0.02211707 0.1541835 0.01735526 0.02068316 0.0291835 0.01735526 0.02068316 0.1541835 0.01909184 0.01909184 0.0291835 0.01909184 0.01909184 0.1541835 0.02068316 0.01735526 0.0291835 0.02068316 0.01735526 0.1541835 0.02211707 0.01548653 0.0291835 0.02211707 0.01548653 0.1541835 0.02338266 0.01349997 0.0291835 0.02338266 0.01349997 0.1541835 0.02447026 0.01141065 0.0291835 0.02447026 0.01141065 0.1541835 0.02537167 0.009234488 0.0291835 0.02537167 0.009234488 0.1541835 0.02607995 0.006988108 0.0291835 0.02607995 0.006988108 0.1541835 0.02658981 0.004688501 0.0291835 0.02658981 0.004688501 0.1541835 0.02689725 0.002353191 0.0291835 0.02689725 0.002353191 0.1541835 0.02699995 0 0.0291835 0.02699995 0 0.1541835 0.02689725 -0.002353191 0.0291835 0.02689725 -0.002353191 0.1541835 0.02658981 -0.004688501 0.0291835 0.02658981 -0.004688501 0.1541835 0.02607995 -0.006988108 0.0291835 0.02607995 -0.006988108 0.1541835 0.02537167 -0.009234488 0.0291835 0.02537167 -0.009234488 0.1541835 0.02447026 -0.01141065 0.0291835 0.02447026 -0.01141065 0.1541835 0.02338266 -0.01349997 0.0291835 0.02338266 -0.01349997 0.1541835 0.02211707 -0.01548653 0.0291835 0.02211707 -0.01548653 0.1541835 0.02068316 -0.01735526 0.0291835 0.02068316 -0.01735526 0.1541835 0.01909184 -0.01909184 0.0291835 0.01909184 -0.01909184 0.1541835 0.01735526 -0.02068316 0.0291835 0.01735526 -0.02068316 0.1541835 0.01548653 -0.02211707 0.0291835 0.01548653 -0.02211707 0.1541835 0.01349997 -0.02338266 0.0291835 0.01349997 -0.02338266 0.1541835 0.01141065 -0.02447026 0.0291835 0.01141065 -0.02447026 0.1541835 0.009234488 -0.02537167 0.0291835 0.009234488 -0.02537167 0.1541835 0.006988108 -0.02607995 0.0291835 0.006988108 -0.02607995 0.1541835 0.004688501 -0.02658981 0.0291835 0.004688501 -0.02658981 0.1541835 0.002353191 -0.02689725 0.0291835 0.002353191 -0.02689725 0.1541835 0 -0.02699995 0.0291835 0 -0.02699995 0.1541835 -0.002353191 -0.02689725 0.0291835 -0.002353191 -0.02689725 0.1541835 -0.004688501 -0.02658981 0.0291835 -0.004688501 -0.02658981 0.1541835 -0.006988108 -0.02607995 0.0291835 -0.006988108 -0.02607995 0.1541835 -0.009234488 -0.02537167 0.0291835 -0.009234488 -0.02537167 0.1541835 -0.01141065 -0.02447026 0.0291835 -0.01141065 -0.02447026 0.1541835 -0.01349997 -0.02338266 0.0291835 -0.01349997 -0.02338266 0.1541835 -0.01548653 -0.02211707 0.0291835 -0.01548653 -0.02211707 0.1541835 -0.01735526 -0.02068316 0.0291835 -0.01735526 -0.02068316 0.1541835 -0.01909184 -0.01909184 0.0291835 -0.01909184 -0.01909184 0.1541835 -0.02068316 -0.01735526 0.0291835 -0.02068316 -0.01735526 0.1541835 -0.02211707 -0.01548653 0.0291835 -0.02211707 -0.01548653 0.1541835 -0.02338266 -0.01349997 0.0291835 -0.02338266 -0.01349997 0.1541835 -0.02447026 -0.01141065 0.0291835 -0.02447026 -0.01141065 0.1541835 -0.02537167 -0.009234488 0.0291835 -0.02537167 -0.009234488 0.1541835 -0.02607995 -0.006988108 0.0291835 -0.02607995 -0.006988108 0.1541835 -0.02658981 -0.004688501 0.0291835 -0.02658981 -0.004688501 0.1541835 -0.02689725 -0.002353191 0.0291835 -0.02689725 -0.002353191 0.1541835 -0.02699995 0 0.1541835 -0.02599996 0 0.1741835 -0.02590101 0.002266049 0.1541835 -0.02590101 0.002266049 0.1741835 -0.02560496 0.004514813 0.1541835 -0.02560496 0.004514813 0.1741835 -0.02511405 0.006729245 0.1541835 -0.02511405 0.006729245 0.1741835 -0.024432 0.008892476 0.1541835 -0.024432 0.008892476 0.1741835 -0.02356398 0.01098805 0.1541835 -0.02356398 0.01098805 0.1741835 -0.0225166 0.01299995 0.1541835 -0.0225166 0.01299995 0.1741835 -0.02129793 0.01491296 0.1541835 -0.02129793 0.01491296 0.1741835 -0.01991713 0.01671242 0.1541835 -0.01991713 0.01671242 0.1741835 -0.01838475 0.01838475 0.1541835 -0.01838475 0.01838475 0.1741835 -0.01671242 0.01991713 0.1541835 -0.01671242 0.01991713 0.1741835 -0.01491296 0.02129793 0.1541835 -0.01491296 0.02129793 0.1741835 -0.01299995 0.0225166 0.1541835 -0.01299995 0.0225166 0.1741835 -0.01098805 0.02356398 0.1541835 -0.01098805 0.02356398 0.1741835 -0.008892476 0.024432 0.1541835 -0.008892476 0.024432 0.1741835 -0.006729245 0.02511405 0.1541835 -0.006729245 0.02511405 0.1741835 -0.004514813 0.02560496 0.1541835 -0.004514813 0.02560496 0.1741835 -0.002266049 0.02590101 0.1541835 -0.002266049 0.02590101 0.1741835 0 0.02599996 0.1541835 0 0.02599996 0.1741835 0.002266049 0.02590101 0.1541835 0.002266049 0.02590101 0.1741835 0.004514813 0.02560496 0.1541835 0.004514813 0.02560496 0.1741835 0.006729245 0.02511405 0.1541835 0.006729245 0.02511405 0.1741835 0.008892476 0.024432 0.1541835 0.008892476 0.024432 0.1741835 0.01098805 0.02356398 0.1541835 0.01098805 0.02356398 0.1741835 0.01299995 0.0225166 0.1541835 0.01299995 0.0225166 0.1741835 0.01491296 0.02129793 0.1541835 0.01491296 0.02129793 0.1741835 0.01671242 0.01991713 0.1541835 0.01671242 0.01991713 0.1741835 0.01838475 0.01838475 0.1541835 0.01838475 0.01838475 0.1741835 0.01991713 0.01671242 0.1541835 0.01991713 0.01671242 0.1741835 0.02129793 0.01491296 0.1541835 0.02129793 0.01491296 0.1741835 0.0225166 0.01299995 0.1541835 0.0225166 0.01299995 0.1741835 0.02356398 0.01098805 0.1541835 0.02356398 0.01098805 0.1741835 0.024432 0.008892476 0.1541835 0.024432 0.008892476 0.1741835 0.02511405 0.006729245 0.1541835 0.02511405 0.006729245 0.1741835 0.02560496 0.004514813 0.1541835 0.02560496 0.004514813 0.1741835 0.02590101 0.002266049 0.1541835 0.02590101 0.002266049 0.1741835 0.02599996 0 0.1541835 0.02599996 0 0.1741835 0.02590101 -0.002266049 0.1541835 0.02590101 -0.002266049 0.1741835 0.02560496 -0.004514813 0.1541835 0.02560496 -0.004514813 0.1741835 0.02511405 -0.006729245 0.1541835 0.02511405 -0.006729245 0.1741835 0.024432 -0.008892476 0.1541835 0.024432 -0.008892476 0.1741835 0.02356398 -0.01098805 0.1541835 0.02356398 -0.01098805 0.1741835 0.0225166 -0.01299995 0.1541835 0.0225166 -0.01299995 0.1741835 0.02129793 -0.01491296 0.1541835 0.02129793 -0.01491296 0.1741835 0.01991713 -0.01671242 0.1541835 0.01991713 -0.01671242 0.1741835 0.01838475 -0.01838475 0.1541835 0.01838475 -0.01838475 0.1741835 0.01671242 -0.01991713 0.1541835 0.01671242 -0.01991713 0.1741835 0.01491296 -0.02129793 0.1541835 0.01491296 -0.02129793 0.1741835 0.01299995 -0.0225166 0.1541835 0.01299995 -0.0225166 0.1741835 0.01098805 -0.02356398 0.1541835 0.01098805 -0.02356398 0.1741835 0.008892476 -0.024432 0.1541835 0.008892476 -0.024432 0.1741835 0.006729245 -0.02511405 0.1541835 0.006729245 -0.02511405 0.1741835 0.004514813 -0.02560496 0.1541835 0.004514813 -0.02560496 0.1741835 0.002266049 -0.02590101 0.1541835 0.002266049 -0.02590101 0.1741835 0 -0.02599996 0.1541835 0 -0.02599996 0.1741835 -0.002266049 -0.02590101 0.1541835 -0.002266049 -0.02590101 0.1741835 -0.004514813 -0.02560496 0.1541835 -0.004514813 -0.02560496 0.1741835 -0.006729245 -0.02511405 0.1541835 -0.006729245 -0.02511405 0.1741835 -0.008892476 -0.024432 0.1541835 -0.008892476 -0.024432 0.1741835 -0.01098805 -0.02356398 0.1541835 -0.01098805 -0.02356398 0.1741835 -0.01299995 -0.0225166 0.1541835 -0.01299995 -0.0225166 0.1741835 -0.01491296 -0.02129793 0.1541835 -0.01491296 -0.02129793 0.1741835 -0.01671242 -0.01991713 0.1541835 -0.01671242 -0.01991713 0.1741835 -0.01838475 -0.01838475 0.1541835 -0.01838475 -0.01838475 0.1741835 -0.01991713 -0.01671242 0.1541835 -0.01991713 -0.01671242 0.1741835 -0.02129793 -0.01491296 0.1541835 -0.02129793 -0.01491296 0.1741835 -0.0225166 -0.01299995 0.1541835 -0.0225166 -0.01299995 0.1741835 -0.02356398 -0.01098805 0.1541835 -0.02356398 -0.01098805 0.1741835 -0.024432 -0.008892476 0.1541835 -0.024432 -0.008892476 0.1741835 -0.02511405 -0.006729245 0.1541835 -0.02511405 -0.006729245 0.1741835 -0.02560496 -0.004514813 0.1541835 -0.02560496 -0.004514813 0.1741835 -0.02590101 -0.002266049 0.1541835 -0.02590101 -0.002266049 0.1741835 -0.02599996 0 0.1741835 -0.01199996 0 0.1767235 -0.0119543 0.001045823 0.1741835 -0.0119543 0.001045823 0.1767235 -0.01181769 0.002083778 0.1741835 -0.01181769 0.002083778 0.1767235 -0.01159107 0.003105819 0.1741835 -0.01159107 0.003105819 0.1767235 -0.0112763 0.004104197 0.1741835 -0.0112763 0.004104197 0.1767235 -0.01087564 0.005071401 0.1741835 -0.01087564 0.005071401 0.1767235 -0.0103923 0.005999982 0.1741835 -0.0103923 0.005999982 0.1767235 -0.009829819 0.006882905 0.1741835 -0.009829819 0.006882905 0.1767235 -0.009192526 0.007713437 0.1741835 -0.009192526 0.007713437 0.1767235 -0.008485257 0.008485257 0.1741835 -0.008485257 0.008485257 0.1767235 -0.007713437 0.009192526 0.1741835 -0.007713437 0.009192526 0.1767235 -0.006882905 0.009829819 0.1741835 -0.006882905 0.009829819 0.1767235 -0.005999982 0.0103923 0.1741835 -0.005999982 0.0103923 0.1767235 -0.005071401 0.01087564 0.1741835 -0.005071401 0.01087564 0.1767235 -0.004104197 0.0112763 0.1741835 -0.004104197 0.0112763 0.1767235 -0.003105819 0.01159107 0.1741835 -0.003105819 0.01159107 0.1767235 -0.002083778 0.01181769 0.1741835 -0.002083778 0.01181769 0.1767235 -0.001045823 0.0119543 0.1741835 -0.001045823 0.0119543 0.1767235 0 0.01199996 0.1741835 0 0.01199996 0.1767235 0.001045823 0.0119543 0.1741835 0.001045823 0.0119543 0.1767235 0.002083778 0.01181769 0.1741835 0.002083778 0.01181769 0.1767235 0.003105819 0.01159107 0.1741835 0.003105819 0.01159107 0.1767235 0.004104197 0.0112763 0.1741835 0.004104197 0.0112763 0.1767235 0.005071401 0.01087564 0.1741835 0.005071401 0.01087564 0.1767235 0.005999982 0.0103923 0.1741835 0.005999982 0.0103923 0.1767235 0.006882905 0.009829819 0.1741835 0.006882905 0.009829819 0.1767235 0.007713437 0.009192526 0.1741835 0.007713437 0.009192526 0.1767235 0.008485257 0.008485257 0.1741835 0.008485257 0.008485257 0.1767235 0.009192526 0.007713437 0.1741835 0.009192526 0.007713437 0.1767235 0.009829819 0.006882905 0.1741835 0.009829819 0.006882905 0.1767235 0.0103923 0.005999982 0.1741835 0.0103923 0.005999982 0.1767235 0.01087564 0.005071401 0.1741835 0.01087564 0.005071401 0.1767235 0.0112763 0.004104197 0.1741835 0.0112763 0.004104197 0.1767235 0.01159107 0.003105819 0.1741835 0.01159107 0.003105819 0.1767235 0.01181769 0.002083778 0.1741835 0.01181769 0.002083778 0.1767235 0.0119543 0.001045823 0.1741835 0.0119543 0.001045823 0.1767235 0.01199996 0 0.1741835 0.01199996 0 0.1767235 0.0119543 -0.001045823 0.1741835 0.0119543 -0.001045823 0.1767235 0.01181769 -0.002083778 0.1741835 0.01181769 -0.002083778 0.1767235 0.01159107 -0.003105819 0.1741835 0.01159107 -0.003105819 0.1767235 0.0112763 -0.004104197 0.1741835 0.0112763 -0.004104197 0.1767235 0.01087564 -0.005071401 0.1741835 0.01087564 -0.005071401 0.1767235 0.0103923 -0.005999982 0.1741835 0.0103923 -0.005999982 0.1767235 0.009829819 -0.006882905 0.1741835 0.009829819 -0.006882905 0.1767235 0.009192526 -0.007713437 0.1741835 0.009192526 -0.007713437 0.1767235 0.008485257 -0.008485257 0.1741835 0.008485257 -0.008485257 0.1767235 0.007713437 -0.009192526 0.1741835 0.007713437 -0.009192526 0.1767235 0.006882905 -0.009829819 0.1741835 0.006882905 -0.009829819 0.1767235 0.005999982 -0.0103923 0.1741835 0.005999982 -0.0103923 0.1767235 0.005071401 -0.01087564 0.1741835 0.005071401 -0.01087564 0.1767235 0.004104197 -0.0112763 0.1741835 0.004104197 -0.0112763 0.1767235 0.003105819 -0.01159107 0.1741835 0.003105819 -0.01159107 0.1767235 0.002083778 -0.01181769 0.1741835 0.002083778 -0.01181769 0.1767235 0.001045823 -0.0119543 0.1741835 0.001045823 -0.0119543 0.1767235 0 -0.01199996 0.1741835 0 -0.01199996 0.1767235 -0.001045823 -0.0119543 0.1741835 -0.001045823 -0.0119543 0.1767235 -0.002083778 -0.01181769 0.1741835 -0.002083778 -0.01181769 0.1767235 -0.003105819 -0.01159107 0.1741835 -0.003105819 -0.01159107 0.1767235 -0.004104197 -0.0112763 0.1741835 -0.004104197 -0.0112763 0.1767235 -0.005071401 -0.01087564 0.1741835 -0.005071401 -0.01087564 0.1767235 -0.005999982 -0.0103923 0.1741835 -0.005999982 -0.0103923 0.1767235 -0.006882905 -0.009829819 0.1741835 -0.006882905 -0.009829819 0.1767235 -0.007713437 -0.009192526 0.1741835 -0.007713437 -0.009192526 0.1767235 -0.008485257 -0.008485257 0.1741835 -0.008485257 -0.008485257 0.1767235 -0.009192526 -0.007713437 0.1741835 -0.009192526 -0.007713437 0.1767235 -0.009829819 -0.006882905 0.1741835 -0.009829819 -0.006882905 0.1767235 -0.0103923 -0.005999982 0.1741835 -0.0103923 -0.005999982 0.1767235 -0.01087564 -0.005071401 0.1741835 -0.01087564 -0.005071401 0.1767235 -0.0112763 -0.004104197 0.1741835 -0.0112763 -0.004104197 0.1767235 -0.01159107 -0.003105819 0.1741835 -0.01159107 -0.003105819 0.1767235 -0.01181769 -0.002083778 0.1741835 -0.01181769 -0.002083778 0.1767235 -0.0119543 -0.001045823 0.1741835 -0.0119543 -0.001045823 0.1767235 -0.01199996 0</float_array>
          <technique_common>
            <accessor source="#motor_160kg_cm_ig52__3-mesh-positions-array" count="1601" stride="3">
              <param name="X" type="float"/>
              <param name="Y" type="float"/>
              <param name="Z" type="float"/>
            </accessor>
          </technique_common>
        </source>
        <source id="motor_160kg_cm_ig52__3-mesh-normals">
          <float_array id="motor_160kg_cm_ig52__3-mesh-normals-array" count="5691">1 0 0 1 0 0 1 -3.71032e-5 0 1 9.27581e-6 0 1 -7.42064e-5 0 1 9.2758e-6 0 1 3.71032e-5 0 1 1.48413e-4 0 1 -7.18875e-5 0 1 4.6379e-6 0 1 -1.04353e-4 0 1 7.42064e-5 0 1 -7.42065e-5 0 1 -2.78274e-5 0 1 -9.27581e-6 0 1 1.85516e-5 0 1 3.71032e-5 0 1 -9.27581e-6 0 1 7.42064e-5 0 1 -9.2758e-6 0 1 -3.71032e-5 0 1 -1.48413e-4 0 1 7.18875e-5 0 1 -4.6379e-6 0 1 1.04353e-4 0 1 -7.42064e-5 0 1 7.42065e-5 0 1 2.78274e-5 0 1 9.27581e-6 0 1 -1.85516e-5 0 -1 1.66964e-6 0 -1 0 0 -1 -1.66965e-6 0 -1 -6.67857e-6 0 -1 6.67859e-6 0 -1 -1.33571e-5 0 -1 3.33931e-6 0 -1 -1.33572e-5 0 -1 6.67856e-6 0 -1 -1.33571e-5 0 -1 4.59151e-6 0 -1 -4.74807e-6 0 -1 8.76566e-6 0 -1 1.33571e-5 0 -1 -1.33572e-5 0 -1 6.67858e-6 0 -1 -2.50446e-6 0 -1 -5.00892e-6 0 -1 3.33929e-6 0 -1 -1.66965e-6 0 -1 0 0 -1 1.66964e-6 0 -1 6.67861e-6 0 -1 -6.67856e-6 0 -1 1.33571e-5 0 -1 -3.33929e-6 0 -1 1.33572e-5 0 -1 -6.67861e-6 0 -1 1.33572e-5 0 -1 -4.59151e-6 0 -1 4.74803e-6 0 -1 -8.76559e-6 0 -1 -1.33571e-5 0 -1 -6.67858e-6 0 -1 2.50446e-6 0 -1 5.00894e-6 0 -1 -3.3393e-6 0 -1 1.66965e-6 0 -1 3.3393e-6 0 -1 6.67869e-6 0 -1 -9.18303e-6 0 -1 -1.33571e-5 0 -1 -2.50446e-6 0 -1 1.33572e-5 0 -1 0 0 -1 1.33571e-5 0 -1 -1.10614e-5 0 -1 -8.34819e-7 0 -1 1.33572e-5 0 -1 -3.33931e-6 0 -1 -8.34807e-7 0 -1 -3.3393e-6 0 -1 -1.66966e-6 0 -1 -1.66965e-6 0 -1 6.67851e-6 0 -1 -6.67869e-6 0 -1 -6.6786e-6 0 -1 -1.33574e-5 0 -1 9.18293e-6 0 -1 5.84368e-6 0 -1 -1.33572e-5 0 -1 0 0 -1 -1.33572e-5 0 -1 7.51341e-6 0 -1 1.33574e-5 0 -1 4.1741e-6 0 -1 -1.3357e-5 0 -1 4.17411e-6 0 -1 1.66964e-6 0 -1 1.66965e-6 0 -1 -1.66964e-6 0 -1 -6.67861e-6 0 -1 6.67856e-6 0 -1 3.33929e-6 0 -1 6.67861e-6 0 -1 -1.33572e-5 0 -1 -4.74803e-6 0 -1 8.76559e-6 0 -1 6.67858e-6 0 -1 -5.00894e-6 0 -1 3.3393e-6 0 -1 -1.66964e-6 0 -1 1.66965e-6 0 -1 6.67857e-6 0 -1 -6.67859e-6 0 -1 -3.33931e-6 0 -1 -6.67856e-6 0 -1 1.33571e-5 0 -1 4.74807e-6 0 -1 -8.76566e-6 0 -1 1.33572e-5 0 -1 -6.67858e-6 0 -1 5.00892e-6 0 -1 -3.33929e-6 0 -1 -6.67851e-6 0 -1 6.6786e-6 0 -1 -9.18293e-6 0 -1 -5.84368e-6 0 -1 -7.51341e-6 0 -1 -4.1741e-6 0 -1 1.3357e-5 0 -1 -4.17411e-6 0 -1 -1.66964e-6 0 -1 9.18303e-6 0 -1 2.50446e-6 0 -1 1.10614e-5 0 -1 8.34819e-7 0 -1 3.33931e-6 0 -1 8.34807e-7 0 -1 1.66966e-6 0 -1 -1.2284e-5 0 -1 6.52588e-6 0 0 1 0 0 0 -1 0 -1 0 -1 -2.58892e-4 0 -1 1.29446e-4 0 -1 1.16302e-5 0 -1 -1.08498e-5 0 -1 1.56424e-5 0 -1 9.16197e-6 0 -1 -1.31851e-5 0 -1 9.58167e-6 0 -1 1.4139e-5 0 -1 -5.60167e-6 0 -1 -1.39002e-5 0 -1 -5.33782e-6 0 -1 2.86376e-6 0 -1 1.52624e-6 0 -1 5.33782e-6 0 -1 -2.22662e-5 0 -1 2.21947e-5 0 -1 -1.02657e-6 0 -1 -7.06951e-6 0 -1 8.46516e-6 0 -1 -2.15591e-6 0 -1 -1.56424e-5 0 -1 1.44664e-5 0 -1 -3.35043e-6 0 -1 1.9442e-6 0 -1 -1.43248e-5 0 -1 3.54011e-5 0 -1 -8.93021e-5 0 -1 -3.88537e-6 0 -1 8.2713e-5 0 -1 -2.04427e-4 0 -1 -5.56546e-6 0 -1 1.1131e-5 0 -1 1.1131e-5 0 -1 -4.17412e-6 0 -1 -4.17411e-6 0 -1 -4.17411e-6 0 -1 1.1131e-5 0 -1 4.17411e-6 0 -1 -1.1131e-5 0 -1 4.17411e-6 0 -1 -4.17411e-6 0 -1 -1.1131e-5 0 -1 1.11309e-5 0 -1 -1.1131e-5 0 -1 2.08706e-6 0 -1 2.78274e-6 0 -1 -5.21764e-7 0 -1 1.39137e-6 0 -1 0 0 -1 5.21764e-7 0 -1 -6.95686e-7 0 -1 1.04353e-6 0 -1 -1.39137e-6 0 -1 1.04353e-6 0 -1 -2.78274e-6 0 -1 5.56546e-6 0 -1 -1.1131e-5 0 -1 4.17412e-6 0 -1 4.17411e-6 0 -1 -1.1131e-5 0 -1 -4.17411e-6 0 -1 1.1131e-5 0 -1 4.17411e-6 0 -1 -1.11309e-5 0 -1 1.1131e-5 0 -1 -2.08706e-6 0 -1 -2.78274e-6 0 -1 -1.39137e-6 0 -1 0 0 -1 6.95686e-7 0 -1 -1.04353e-6 0 -1 1.39137e-6 0 -1 -1.04353e-6 0 -1 2.78274e-6 0 0 0.3376815 -0.9412605 4.02529e-4 0.2963021 -0.9550943 0 -0.2164389 -0.9762962 0 -0.1305265 -0.9914448 0 -0.1305265 -0.9914449 0 -0.04361939 -0.9990483 0 0.04361939 -0.9990483 0 0.1305265 -0.9914449 0 0.1305265 -0.9914448 0 0.2164391 -0.9762961 0 0.216439 -0.9762961 0 0.300706 -0.9537169 0 -0.3376815 -0.9412605 0 0.3376842 -0.9412595 0 0.382683 -0.9238798 0 0.3826835 -0.9238796 0 0.4617487 -0.8870109 0 0.4617488 -0.8870108 0 0.5372993 -0.8433917 0 0.5372996 -0.8433915 0 0.6087615 -0.7933533 0 0.6087621 -0.793353 0 0.6755906 -0.7372769 0 0.6755902 -0.7372774 0 0.7372769 -0.6755906 0 0.7933536 -0.6087613 0 0.7933526 -0.6087625 0 0.8433922 -0.5372985 0 0.8433913 -0.5372999 0 0.8870104 -0.4617497 0 0.8870112 -0.4617481 0 0.9238802 -0.3826822 0 0.9238793 -0.3826839 0 0.9537165 -0.3007075 0 0.9537171 -0.3007056 0 0.9762963 -0.2164388 0 0.991445 -0.1305254 0 0.9914447 -0.1305274 0 0.9990483 -0.04361748 0 0.9990481 -0.04362177 0 0.9990482 0.04362177 0 0.9990484 0.04361748 0 0.9914448 0.1305275 0 0.991445 0.1305254 0 0.9762963 0.2164388 0 0.9537171 0.3007056 0 0.9537165 0.3007075 0 0.9238794 0.3826841 0 0.9238801 0.3826821 0 0.8870112 0.461748 0 0.8870102 0.4617497 0 0.8433912 0.5373001 0 0.8433923 0.5372984 0 0.7933526 0.6087626 0 0.7933536 0.6087611 0 0.7372769 0.6755906 0 0.6755902 0.7372775 0 0.6755908 0.7372769 0 0.608762 0.7933529 0 0.6087616 0.7933533 0 0.5372997 0.8433914 0 0.5372992 0.8433918 0 0.4617487 0.8870109 0 0.4617488 0.8870108 0 0.3826835 0.9238796 0 0.382683 0.9238798 0 0.3007063 0.9537168 0 0.3007064 0.9537168 0 0.216439 0.9762962 0 0.2164389 0.9762963 0 0.1305264 0.9914449 0 0.1305265 0.9914449 0 0.04361939 0.9990482 0 -0.04361939 0.9990482 0 -0.1305264 0.9914449 0 -0.1305265 0.9914449 0 -0.2164389 0.9762963 0 -0.216439 0.9762962 0 -0.3007063 0.9537168 0 -0.3007064 0.9537168 0 -0.382683 0.9238798 0 -0.3826835 0.9238796 0 -0.4617487 0.8870109 0 -0.4617488 0.8870108 0 -0.5372993 0.8433917 0 -0.5372996 0.8433915 0 -0.6087615 0.7933533 0 -0.6087621 0.793353 0 -0.6755906 0.7372769 0 -0.6755902 0.7372774 0 -0.7372769 0.6755906 0 -0.7933536 0.6087613 0 -0.7933526 0.6087625 0 -0.8433922 0.5372985 0 -0.8433913 0.5372999 0 -0.8870104 0.4617497 0 -0.8870112 0.4617481 0 -0.9238802 0.3826822 0 -0.9238793 0.3826839 0 -0.9537165 0.3007075 0 -0.9537171 0.3007056 0 -0.9762963 0.2164388 0 -0.991445 0.1305254 0 -0.9914447 0.1305274 0 -0.9990483 0.04361748 0 -0.9990481 0.04362177 0 -0.9990482 -0.04362177 0 -0.9990484 -0.04361748 0 -0.9914448 -0.1305275 0 -0.991445 -0.1305254 0 -0.9762963 -0.2164388 0 -0.9537171 -0.3007056 0 -0.9537165 -0.3007075 0 -0.9238794 -0.3826841 0 -0.9238801 -0.3826821 0 -0.8870112 -0.461748 0 -0.8870102 -0.4617497 0 -0.8433912 -0.5373001 0 -0.8433923 -0.5372984 0 -0.7933526 -0.6087626 0 -0.7933536 -0.6087611 0 -0.7372769 -0.6755906 0 -0.6755902 -0.7372775 0 -0.6755908 -0.7372769 0 -0.608762 -0.7933529 0 -0.6087616 -0.7933533 0 -0.5372997 -0.8433914 0 -0.5372992 -0.8433918 0 -0.4617487 -0.8870109 0 -0.4617488 -0.8870108 0 -0.3826835 -0.9238796 0 -0.382683 -0.9238798 0 -0.3376846 -0.9412593 3.59964e-4 -0.300706 -0.9537168 0 -0.296302 -0.9550943 0 -0.2164393 -0.9762961 0 0.9990482 -0.04362148 0 0.9990483 -0.04361814 0 0.991445 -0.1305256 0 0.9762966 -0.2164376 0 0.9762961 -0.2164391 0 0.9537174 -0.3007045 0 0.9537169 -0.3007062 0 0.9238789 -0.3826851 0 0.9238777 -0.3826881 0 0.8870111 -0.4617481 0 0.8870104 -0.4617494 0 0.8433933 -0.5372967 0 0.8433918 -0.537299 0 0.7933542 -0.6087605 0 0.737278 -0.6755896 0 0.7372789 -0.6755886 0 0.6755866 -0.7372807 0 0.6755874 -0.73728 0 0.6087622 -0.7933529 0 0.608762 -0.793353 0 0.5372978 -0.8433927 0 0.5372975 -0.8433929 0 0.4617545 -0.8870078 0 0.4617549 -0.8870076 0 0.3826808 -0.9238807 0 0.3826808 -0.9238806 0 0.3007088 -0.9537161 0 0.3007088 -0.9537161 0 0.2164323 -0.9762976 0 0.2164323 -0.9762977 0 0.1305321 -0.9914441 0 0.130532 -0.9914442 0 0.04361605 -0.9990485 0 0.04361605 -0.9990485 0 -0.04361605 -0.9990485 0 -0.04361605 -0.9990485 0 -0.130532 -0.9914441 0 -0.130532 -0.9914442 0 -0.2164323 -0.9762976 0 -0.2164323 -0.9762977 0 -0.3007089 -0.953716 0 -0.3007087 -0.9537161 0 -0.3826808 -0.9238807 0 -0.3826808 -0.9238806 0 -0.4617548 -0.8870077 0 -0.4617545 -0.8870077 0 -0.5372974 -0.8433929 0 -0.5372979 -0.8433927 0 -0.6087622 -0.7933529 0 -0.608762 -0.793353 0 -0.6755874 -0.73728 0 -0.6755866 -0.7372807 0 -0.7372788 -0.6755886 0 -0.7372781 -0.6755895 0 -0.7933542 -0.6087605 0 -0.8433918 -0.5372991 0 -0.8433935 -0.5372967 0 -0.8870105 -0.4617494 0 -0.8870111 -0.4617481 0 -0.9238777 -0.3826881 0 -0.9238789 -0.3826851 0 -0.9537169 -0.3007061 0 -0.9537174 -0.3007046 0 -0.9762961 -0.2164391 0 -0.9762966 -0.2164376 0 -0.991445 -0.1305256 0 -0.9990483 -0.04361814 0 -0.9990482 -0.04362148 0 -0.9990482 0.04362112 0 -0.9990483 0.04361778 0 -0.991445 0.1305256 0 -0.9762961 0.2164394 0 -0.9762958 0.216441 0 -0.9537174 0.3007045 0 -0.9537169 0.3007062 0 -0.9238801 0.3826822 0 -0.923879 0.382685 0 -0.8870111 0.4617481 0 -0.8870104 0.4617494 0 -0.8433909 0.5373006 0 -0.8433894 0.5373029 0 -0.7933542 0.6087605 0 -0.737278 0.6755896 0 -0.7372789 0.6755886 0 -0.6755912 0.7372764 0 -0.6755919 0.7372758 0 -0.6087567 0.793357 0 -0.6087566 0.7933571 0 -0.5373039 0.8433888 0 -0.5373034 0.8433891 0 -0.4617477 0.8870113 0 -0.4617481 0.8870111 0 -0.3826808 0.9238807 0 -0.3826808 0.9238806 0 -0.3007088 0.9537161 0 -0.3007088 0.9537161 0 -0.2164404 0.9762959 0 -0.1305237 0.9914452 0 -0.1305236 0.9914452 0 -0.04361605 0.9990485 0 -0.04361605 0.9990485 0 0.04361605 0.9990485 0 0.04361605 0.9990485 0 0.1305236 0.9914452 0 0.1305237 0.9914452 0 0.2164404 0.9762959 0 0.3007089 0.953716 0 0.3007087 0.9537161 0 0.3826808 0.9238807 0 0.3826808 0.9238806 0 0.4617481 0.8870112 0 0.4617478 0.8870113 0 0.5373035 0.843389 0 0.5373038 0.8433888 0 0.6087567 0.793357 0 0.6087566 0.7933571 0 0.675592 0.7372757 0 0.6755911 0.7372766 0 0.7372788 0.6755886 0 0.7372781 0.6755895 0 0.7933542 0.6087605 0 0.8433894 0.537303 0 0.8433909 0.5373005 0 0.8870105 0.4617494 0 0.8870111 0.4617481 0 0.923879 0.382685 0 0.9238801 0.3826822 0 0.9537169 0.3007061 0 0.9537174 0.3007046 0 0.9762958 0.216441 0 0.9762961 0.2164394 0 0.991445 0.1305256 0 0.9990483 0.04361778 0 0.9990482 0.04362112 0 0.9990482 -0.04362297 0 0.9990487 -0.04360967 0 0.9914472 -0.130509 0 0.9914438 -0.1305352 0 0.9762945 -0.2164466 0 0.9762973 -0.2164338 0 0.9537137 -0.3007161 0 0.9537177 -0.3007039 0 0.9238813 -0.3826794 0 0.9238813 -0.3826795 0 0.8870126 -0.4617455 0 0.887007 -0.461756 0 0.8433849 -0.5373099 0 0.843397 -0.5372911 0 0.7933539 -0.6087607 0 0.7933604 -0.6087523 0 0.737271 -0.6755972 0 0.7372776 -0.6755899 0 0.6755886 -0.7372789 0 0.6755886 -0.7372788 0 0.6087611 -0.7933537 0 0.5373038 -0.8433888 0 0.5372979 -0.8433926 0 0.4617511 -0.8870096 0 0.3826847 -0.9238791 0 0.38268 -0.923881 0 0.3007067 -0.9537168 0 0.3007029 -0.953718 0 0.2164401 -0.9762959 0 0.21644 -0.976296 0 0.1305265 -0.9914448 0 0.1305265 -0.9914448 0 0.04361879 -0.9990484 0 0.04361933 -0.9990482 0 -0.04361939 -0.9990482 0 -0.04361933 -0.9990482 0 -0.1305248 -0.9914451 0 -0.1305265 -0.9914448 0 -0.2164401 -0.9762959 0 -0.2164372 -0.9762966 0 -0.3007028 -0.953718 0 -0.3007068 -0.9537168 0 -0.3826847 -0.9238791 0 -0.3826894 -0.9238771 0 -0.4617456 -0.8870126 0 -0.4617511 -0.8870096 0 -0.5372917 -0.8433966 0 -0.5373039 -0.8433887 0 -0.6087611 -0.7933537 0 -0.6755886 -0.7372789 0 -0.6755886 -0.7372788 0 -0.7372776 -0.6755899 0 -0.7372843 -0.6755827 0 -0.7933539 -0.6087607 0 -0.7933475 -0.6087691 0 -0.843397 -0.5372909 0 -0.843391 -0.5373005 0 -0.887007 -0.4617559 0 -0.887007 -0.461756 0 -0.9238813 -0.3826794 0 -0.9238813 -0.3826795 0 -0.9537176 -0.300704 0 -0.9537137 -0.300716 0 -0.9762973 -0.2164339 0 -0.9763002 -0.2164211 0 -0.9914438 -0.1305353 0 -0.9914438 -0.1305352 0 -0.9990487 -0.04360961 0 -0.9990482 -0.04362297 0 -0.9990482 0.04362297 0 -0.9990487 0.04360967 0 -0.9914438 0.1305353 0 -0.9914438 0.1305352 0 -0.9763002 0.2164212 0 -0.9762973 0.2164338 0 -0.9537137 0.3007161 0 -0.9537177 0.3007039 0 -0.9238813 0.3826794 0 -0.9238813 0.3826795 0 -0.887007 0.4617559 0 -0.887007 0.461756 0 -0.843391 0.5373004 0 -0.843397 0.5372911 0 -0.7933475 0.6087691 0 -0.7933539 0.6087607 0 -0.7372843 0.6755827 0 -0.7372776 0.6755899 0 -0.6755886 0.7372789 0 -0.6755886 0.7372788 0 -0.6087611 0.7933537 0 -0.5373038 0.8433888 0 -0.5372918 0.8433964 0 -0.4617511 0.8870096 0 -0.4617456 0.8870126 0 -0.3826894 0.9238771 0 -0.3826847 0.9238791 0 -0.3007067 0.9537168 0 -0.3007029 0.953718 0 -0.2164372 0.9762966 0 -0.21644 0.976296 0 -0.1305265 0.9914448 0 -0.1305248 0.9914451 0 -0.04361939 0.9990482 0 -0.04361933 0.9990482 0 0.04361939 0.9990482 0 0.04361879 0.9990484 0 0.1305265 0.9914448 0 0.1305265 0.9914448 0 0.2164401 0.9762959 0 0.21644 0.976296 0 0.3007028 0.953718 0 0.3007068 0.9537168 0 0.38268 0.923881 0 0.3826847 0.9238791 0 0.4617511 0.8870096 0 0.5372977 0.8433927 0 0.5373039 0.8433887 0 0.6087611 0.7933537 0 0.6755886 0.7372789 0 0.6755886 0.7372788 0 0.7372776 0.6755899 0 0.737271 0.6755972 0 0.7933605 0.6087523 0 0.7933539 0.6087607 0 0.843397 0.5372909 0 0.8433848 0.53731 0 0.887007 0.4617559 0 0.8870126 0.4617456 0 0.9238813 0.3826794 0 0.9238813 0.3826795 0 0.9537176 0.300704 0 0.9537137 0.300716 0 0.9762973 0.2164339 0 0.9762945 0.2164465 0 0.9914438 0.1305353 0 0.9914472 0.1305089 0 0.9990487 0.04360961 0 0.9990482 0.04362297 0 0.9990482 -0.04362112 0 0.9990483 -0.04361778 0 0.9762961 -0.2164394 0 0.9762958 -0.216441 0 0.9238801 -0.3826822 0 0.923879 -0.382685 0 0.8433909 -0.5373006 0 0.8433894 -0.5373029 0 0.6755912 -0.7372764 0 0.6755919 -0.7372758 0 0.6087567 -0.793357 0 0.6087566 -0.7933571 0 0.5373039 -0.8433888 0 0.5373034 -0.8433891 0 0.4617477 -0.8870113 0 0.4617481 -0.8870111 0 0.2164404 -0.9762959 0 0.1305237 -0.9914452 0 0.1305236 -0.9914452 0 -0.1305236 -0.9914452 0 -0.1305237 -0.9914452 0 -0.2164404 -0.9762959 0 -0.4617481 -0.8870112 0 -0.4617478 -0.8870113 0 -0.5373035 -0.843389 0 -0.5373038 -0.8433888 0 -0.6087567 -0.793357 0 -0.6087566 -0.7933571 0 -0.675592 -0.7372757 0 -0.6755911 -0.7372766 0 -0.8433894 -0.537303 0 -0.8433909 -0.5373005 0 -0.923879 -0.382685 0 -0.9238801 -0.3826822 0 -0.9762958 -0.216441 0 -0.9762961 -0.2164394 0 -0.9990483 -0.04361778 0 -0.9990482 -0.04362112 0 -0.9990482 0.04362148 0 -0.9990483 0.04361814 0 -0.9762966 0.2164376 0 -0.9762961 0.2164391 0 -0.9238789 0.3826851 0 -0.9238777 0.3826881 0 -0.8433933 0.5372967 0 -0.8433918 0.537299 0 -0.6755866 0.7372807 0 -0.6755874 0.73728 0 -0.6087622 0.7933529 0 -0.608762 0.793353 0 -0.5372978 0.8433927 0 -0.5372975 0.8433929 0 -0.4617545 0.8870078 0 -0.4617549 0.8870076 0 -0.2164323 0.9762976 0 -0.2164323 0.9762977 0 -0.1305321 0.9914441 0 -0.130532 0.9914442 0 0.130532 0.9914441 0 0.130532 0.9914442 0 0.2164323 0.9762976 0 0.2164323 0.9762977 0 0.4617548 0.8870077 0 0.4617545 0.8870077 0 0.5372974 0.8433929 0 0.5372979 0.8433927 0 0.6087622 0.7933529 0 0.608762 0.793353 0 0.6755874 0.73728 0 0.6755866 0.7372807 0 0.8433918 0.5372991 0 0.8433935 0.5372967 0 0.9238777 0.3826881 0 0.9238789 0.3826851 0 0.9762961 0.2164391 0 0.9762966 0.2164376 0 0.9990483 0.04361814 0 0.9990482 0.04362148 0 -0.9990483 0.04361766 0 -0.9914447 0.1305281 0 -0.9914451 0.1305246 0 -0.976296 0.2164396 0 -0.9762967 0.2164366 0 -0.9537166 0.3007071 0 -0.9537179 0.3007031 0 -0.9238783 0.3826864 0 -0.923881 0.38268 0 -0.8870103 0.4617497 0 -0.8870126 0.4617453 0 -0.8433905 0.5373013 0 -0.8433945 0.5372949 0 -0.7933493 0.6087667 0 -0.7933562 0.6087578 0 -0.7372742 0.6755937 0 -0.7372805 0.6755868 0 -0.6755855 0.7372817 0 -0.675593 0.7372748 0 -0.6087607 0.7933539 0 -0.6087647 0.7933509 0 -0.537298 0.8433925 0 -0.5373034 0.8433892 0 -0.4617428 0.8870139 0 -0.4617537 0.8870083 0 -0.3826762 0.9238826 0 -0.3826881 0.9238777 0 -0.3007037 0.9537177 0 -0.30071 0.9537157 0 -0.2164384 0.9762963 0 -0.2164418 0.9762956 0 -0.1305261 0.991445 0 -0.1305277 0.9914447 0 -0.04361897 0.9990482 0 -0.04361987 0.9990482 0 0.04361897 0.9990482 0 0.04361987 0.9990482 0 0.1305261 0.9914449 0 0.1305277 0.9914447 0 0.2164384 0.9762963 0 0.2164418 0.9762956 0 0.3007037 0.9537177 0 0.30071 0.9537157 0 0.3826762 0.9238826 0 0.3826881 0.9238777 0 0.4617428 0.8870139 0 0.4617537 0.8870083 0 0.5372985 0.8433923 0 0.537303 0.8433894 0 0.6087603 0.7933542 0 0.6087651 0.7933506 0 0.6755855 0.7372817 0 0.675593 0.7372748 0 0.7372742 0.6755937 0 0.7372805 0.6755868 0 0.793351 0.6087645 0 0.7933546 0.60876 0 0.8433905 0.5373013 0 0.8433945 0.5372949 0 0.8870096 0.4617511 0 0.8870133 0.461744 0 0.923879 0.3826849 0 0.9238803 0.3826814 0 0.9537166 0.3007071 0 0.9537179 0.3007031 0 0.976296 0.2164396 0 0.9762967 0.2164366 0 0.9914448 0.1305264 0 0.9914448 0.1305263 0 0.9990484 0.04361885 0 0.9990483 0.04361939 0 0.9990482 -0.04362058 0 0.9990483 -0.04361766 0 0.9914447 -0.1305281 0 0.9914451 -0.1305246 0 0.976296 -0.2164396 0 0.9762967 -0.2164366 0 0.9537166 -0.3007071 0 0.9537179 -0.3007031 0 0.9238783 -0.3826864 0 0.923881 -0.38268 0 0.8870103 -0.4617497 0 0.8870126 -0.4617453 0 0.8433905 -0.5373013 0 0.8433945 -0.5372949 0 0.7933493 -0.6087667 0 0.7933562 -0.6087578 0 0.7372742 -0.6755937 0 0.7372805 -0.6755868 0 0.6755855 -0.7372817 0 0.675593 -0.7372748 0 0.6087607 -0.7933539 0 0.6087647 -0.7933509 0 0.537298 -0.8433925 0 0.5373034 -0.8433892 0 0.4617428 -0.8870139 0 0.4617537 -0.8870083 0 0.3826762 -0.9238826 0 0.3826881 -0.9238777 0 0.3007037 -0.9537177 0 0.30071 -0.9537157 0 0.2164384 -0.9762963 0 0.2164418 -0.9762956 0 0.1305261 -0.991445 0 0.1305277 -0.9914447 0 0.04361897 -0.9990482 0 0.04361987 -0.9990482 0 -0.04361897 -0.9990482 0 -0.04361987 -0.9990482 0 -0.1305261 -0.9914449 0 -0.1305277 -0.9914447 0 -0.2164384 -0.9762963 0 -0.2164418 -0.9762956 0 -0.3007037 -0.9537177 0 -0.30071 -0.9537157 0 -0.3826762 -0.9238826 0 -0.3826881 -0.9238777 0 -0.4617428 -0.8870139 0 -0.4617537 -0.8870083 0 -0.5372985 -0.8433923 0 -0.537303 -0.8433894 0 -0.6087603 -0.7933542 0 -0.6087651 -0.7933506 0 -0.6755855 -0.7372817 0 -0.675593 -0.7372748 0 -0.7372742 -0.6755937 0 -0.7372805 -0.6755868 0 -0.793351 -0.6087645 0 -0.7933546 -0.60876 0 -0.8433905 -0.5373013 0 -0.8433945 -0.5372949 0 -0.8870096 -0.4617511 0 -0.8870133 -0.461744 0 -0.923879 -0.3826849 0 -0.9238803 -0.3826814 0 -0.9537166 -0.3007071 0 -0.9537179 -0.3007031 0 -0.976296 -0.2164396 0 -0.9762967 -0.2164366 0 -0.9914448 -0.1305264 0 -0.9914448 -0.1305263 0 -0.9990484 -0.04361885 0 -0.9990483 -0.04361939 0 -0.9990482 0.04362058 0 0.9914438 -0.1305353 0 0.9763002 -0.2164212 0 0.887007 -0.4617559 0 0.843391 -0.5373004 0 0.7933475 -0.6087691 0 0.7933539 -0.6087607 0 0.7372843 -0.6755827 0 0.5372918 -0.8433964 0 0.4617456 -0.8870126 0 0.3826894 -0.9238771 0 0.2164372 -0.9762966 0 0.1305248 -0.9914451 0 0.04361939 -0.9990482 0 -0.04361879 -0.9990484 0 -0.1305265 -0.9914448 0 -0.21644 -0.976296 0 -0.38268 -0.923881 0 -0.5372977 -0.8433927 0 -0.737271 -0.6755972 0 -0.7933605 -0.6087523 0 -0.7933539 -0.6087607 0 -0.8433848 -0.53731 0 -0.8870126 -0.4617456 0 -0.9762945 -0.2164465 0 -0.9914472 -0.1305089 0 -0.9914472 0.130509 0 -0.9762945 0.2164466 0 -0.8870126 0.4617455 0 -0.8433849 0.5373099 0 -0.7933539 0.6087607 0 -0.7933604 0.6087523 0 -0.737271 0.6755972 0 -0.5372979 0.8433926 0 -0.38268 0.923881 0 -0.2164401 0.9762959 0 -0.1305265 0.9914448 0 -0.04361879 0.9990484 0 0.04361933 0.9990482 0 0.1305248 0.9914451 0 0.2164372 0.9762966 0 0.3826894 0.9238771 0 0.4617456 0.8870126 0 0.5372917 0.8433966 0 0.7372843 0.6755827 0 0.7933539 0.6087607 0 0.7933475 0.6087691 0 0.843391 0.5373005 0 0.887007 0.461756 0 0.9763002 0.2164211 0 0.9914438 0.1305352 0 -0.5373012 0.8433905 0 -0.461748 0.8870112 0 -0.4617497 0.8870102 0 -0.3826833 0.9238796 0 -0.3826842 0.9238793 0 -0.3007062 0.9537169 0 -0.300706 0.9537169 0 -0.2164394 0.976296 0 -0.2164399 0.976296 0 -0.1305257 0.991445 0 -0.1305263 0.9914449 0 -0.04362028 0.9990482 0 0.04362028 0.9990482 0 0.1305257 0.991445 0 0.1305263 0.991445 0 0.2164393 0.9762961 0 0.21644 0.976296 0 0.300706 0.9537169 0 0.3007062 0.9537169 0 0.3826831 0.9238797 0 0.3826845 0.9238792 0 0.4617477 0.8870113 0 0.46175 0.8870101 0 0.5372993 0.8433917 0 0.5373012 0.8433905 0 0.6087619 0.7933531 0 0.6755897 0.7372779 0 0.6755905 0.7372772 0 0.7372778 0.6755897 0 0.7933531 0.6087619 0 0.8433913 0.5372999 0 0.843392 0.5372987 0 0.8870104 0.4617496 0 0.887011 0.4617486 0 0.9238796 0.3826834 0 0.9238795 0.3826838 0 0.9537166 0.3007071 0 0.9537174 0.3007049 0 0.9762963 0.2164384 0 0.9762959 0.2164403 0 0.991445 0.1305256 0 0.9914451 0.1305249 0 0.9990481 0.04362237 0 0.9990483 0.04361951 0 0.9990482 -0.04361975 0 0.9990481 -0.04362213 0 0.991445 -0.1305256 0 0.9914451 -0.1305249 0 0.9762958 -0.2164409 0 0.9762965 -0.2164378 0 0.9537166 -0.3007071 0 0.9537174 -0.3007049 0 0.9238787 -0.3826856 0 0.9238803 -0.3826815 0 0.8870104 -0.4617496 0 0.887011 -0.4617486 0 0.843392 -0.5372987 0 0.8175015 -0.5759265 -0.001870036 0.7933517 -0.6087608 0 0.7916023 -0.6110367 0 0.7372778 -0.6755897 0 0.675589 -0.7372785 0 0.6755911 -0.7372766 0 0.6087619 -0.7933531 0 0.5372993 -0.8433917 0 0.5373012 -0.8433905 0 0.461748 -0.8870112 0 0.4617497 -0.8870102 0 0.3826833 -0.9238796 0 0.3826842 -0.9238793 0 0.3007062 -0.9537169 0 0.300706 -0.9537169 0 0.2164394 -0.976296 0 0.2164399 -0.976296 0 0.1305257 -0.991445 0 0.1305263 -0.9914449 0 0.04362028 -0.9990482 0 -0.04362028 -0.9990482 0 -0.1305257 -0.991445 0 -0.1305263 -0.991445 0 -0.2164393 -0.9762961 0 -0.21644 -0.976296 0 -0.300706 -0.9537169 0 -0.3007062 -0.9537169 0 -0.3826831 -0.9238797 0 -0.3826845 -0.9238792 0 -0.4617477 -0.8870113 0 -0.46175 -0.8870101 0 -0.5372993 -0.8433917 0 -0.5373012 -0.8433905 0 -0.6087619 -0.7933531 0 -0.6755897 -0.7372779 0 -0.6755905 -0.7372772 0 -0.7372778 -0.6755897 0 -0.7933531 -0.6087619 0 -0.8433913 -0.5372999 0 -0.843392 -0.5372987 0 -0.8870104 -0.4617496 0 -0.887011 -0.4617486 0 -0.9238796 -0.3826834 0 -0.9238795 -0.3826838 0 -0.9537166 -0.3007071 0 -0.9537174 -0.3007049 0 -0.9762963 -0.2164384 0 -0.9762959 -0.2164403 0 -0.991445 -0.1305256 0 -0.9914451 -0.1305249 0 -0.9990481 -0.04362237 0 -0.9990483 -0.04361951 0 -0.9990482 0.04361975 0 -0.9990481 0.04362213 0 -0.991445 0.1305256 0 -0.9914451 0.1305249 0 -0.9762958 0.2164409 0 -0.9762965 0.2164378 0 -0.9537166 0.3007071 0 -0.9537174 0.3007049 0 -0.9238787 0.3826856 0 -0.9238803 0.3826815 0 -0.8870104 0.4617496 0 -0.887011 0.4617486 0 -0.843392 0.5372987 0 -0.7933531 0.6087619 0 -0.7372778 0.6755897 0 -0.675589 0.7372785 0 -0.6755911 0.7372766 0 -0.6110345 0.791604 -0.001870393 -0.6087616 0.793351 0 -0.5759243 0.817503 0 -0.5372993 0.8433917 0 0.9537169 -0.300706 0 0.976296 -0.2164401 0 0.976296 -0.2164401 0 0.9914449 -0.130526 0 0.9990483 -0.04362004 0 0.9990483 -0.0436185 0 0.9990483 0.0436185 0 0.9990483 0.04362004 0 0.9914449 0.130526 0 0.976296 0.2164401 0 0.976296 0.2164401 0 0.9537169 0.300706 0 0.9238792 0.3826843 0 0.9238798 0.382683 0 0.8870116 0.4617473 0 0.887011 0.4617485 0 0.843392 0.5372989 0 0.7933524 0.6087626 0 0.7933531 0.6087617 0 0.7372772 0.6755903 0 0.7372787 0.6755887 0 0.6755901 0.7372775 0 0.6755893 0.7372782 0 0.5372994 0.8433917 0 0.4617485 0.887011 0 0.4617481 0.8870111 0 0.3826835 0.9238796 0 0.3826838 0.9238795 0 0.3007056 0.9537171 0 0.3007059 0.9537169 0 0.2164403 0.9762959 0 0.2164403 0.9762959 0 0.130526 0.9914449 0 0.04361951 0.9990483 0 -0.04361951 0.9990483 0 -0.130526 0.9914449 0 -0.2164403 0.9762959 0 -0.2164403 0.9762959 0 -0.3007059 0.9537169 0 -0.3007056 0.9537171 0 -0.3490065 0.9371204 2.0545e-4 -0.3826835 0.9238796 0 -0.3895524 0.9210043 0 -0.4617481 0.8870111 0 -0.4617485 0.887011 0 -0.5372994 0.8433917 0 -0.6087619 0.7933531 0 -0.6755893 0.7372782 0 -0.6755901 0.7372775 0 -0.7372787 0.6755887 0 -0.7372772 0.6755903 0 -0.7933531 0.6087617 0 -0.7933524 0.6087626 0 -0.843392 0.5372989 0 -0.887011 0.4617485 0 -0.8870116 0.4617473 0 -0.9238798 0.382683 0 -0.9238792 0.3826843 0 -0.9537169 0.300706 0 -0.976296 0.2164401 0 -0.976296 0.2164401 0 -0.9914449 0.130526 0 -0.9990483 0.04362004 0 -0.9990483 0.0436185 0 -0.9990483 -0.0436185 0 -0.9990483 -0.04362004 0 -0.9914449 -0.130526 0 -0.976296 -0.2164401 0 -0.976296 -0.2164401 0 -0.9537169 -0.300706 0 -0.9238792 -0.3826843 0 -0.9238798 -0.382683 0 -0.8870116 -0.4617473 0 -0.887011 -0.4617485 0 -0.843392 -0.5372989 0 -0.7933524 -0.6087626 0 -0.7933531 -0.6087617 0 -0.7372772 -0.6755903 0 -0.7372787 -0.6755887 0 -0.6755901 -0.7372775 0 -0.6755893 -0.7372782 0 -0.5372994 -0.8433917 0 -0.4617485 -0.887011 0 -0.4617481 -0.8870111 0 -0.3826835 -0.9238796 0 -0.3826838 -0.9238795 0 -0.3007056 -0.9537171 0 -0.3007059 -0.9537169 0 -0.2164403 -0.9762959 0 -0.2164403 -0.9762959 0 -0.130526 -0.9914449 0 -0.04361951 -0.9990483 0 0.04361951 -0.9990483 0 0.130526 -0.9914449 0 0.2164403 -0.9762959 0 0.2164403 -0.9762959 0 0.3007059 -0.9537169 0 0.3007056 -0.9537171 0 0.3826837 -0.9238795 0 0.3826835 -0.9238796 0 0.4617481 -0.8870111 0 0.4617485 -0.887011 0 0.5372994 -0.8433917 0 0.6755893 -0.7372782 0 0.6755901 -0.7372775 0 0.7372787 -0.6755887 0 0.7372772 -0.6755903 0 0.7933531 -0.6087617 0 0.7933524 -0.6087626 0 0.843392 -0.5372989 0 0.887011 -0.4617485 0 0.8870116 -0.4617473 0 0.9210043 -0.3895525 2.05409e-4 0.9238797 -0.382683 0 0.9371193 -0.3490093 0 -0.9990483 0.04361951 0 -0.9914448 0.1305264 0 -0.9762962 0.2164387 0 -0.976296 0.2164402 0 -0.953717 0.300706 0 -0.9537169 0.3007059 0 -0.9238796 0.3826833 0 -0.9238797 0.3826833 0 -0.8870109 0.4617485 0 -0.8870108 0.4617486 0 -0.8433912 0.5373001 0 -0.8433913 0.5373 0 -0.7933533 0.6087615 0 -0.7933534 0.6087614 0 -0.7372775 0.6755901 0 -0.7372782 0.6755893 0 -0.6755897 0.7372778 0 -0.6755897 0.7372778 0 -0.6087613 0.7933535 0 -0.6087617 0.7933532 0 -0.5373001 0.8433912 0 -0.4617484 0.8870111 0 -0.4617488 0.8870108 0 -0.3826833 0.9238797 0 -0.3007059 0.9537169 0 -0.300706 0.9537169 0 -0.2164394 0.9762961 0 -0.1305264 0.9914448 0 -0.1305265 0.9914448 0 -0.04361951 0.9990483 0 -0.04361951 0.9990483 0 0.04361951 0.9990483 0 0.04361951 0.9990483 0 0.1305264 0.9914448 0 0.1305264 0.9914448 0 0.2164394 0.9762961 0 0.300706 0.9537169 0 0.3007059 0.9537169 0 0.3826833 0.9238797 0 0.4617487 0.8870108 0 0.4617484 0.8870109 0 0.5373001 0.8433912 0 0.6087617 0.7933532 0 0.6087613 0.7933535 0 0.6755897 0.7372778 0 0.6755897 0.7372778 0 0.7372783 0.6755892 0 0.7372775 0.6755901 0 0.7933533 0.6087615 0 0.7933534 0.6087614 0 0.8433912 0.5373001 0 0.8433913 0.5373 0 0.8870109 0.4617485 0 0.8870108 0.4617486 0 0.9238796 0.3826833 0 0.9238797 0.3826833 0 0.953717 0.300706 0 0.9537169 0.3007059 0 0.976296 0.2164402 0 0.9762962 0.2164387 0 0.9914448 0.1305264 0 0.9990483 0.04361951 0 0.9990483 -0.04361951 0 0.9914448 -0.1305264 0 0.9762962 -0.2164387 0 0.976296 -0.2164402 0 0.953717 -0.300706 0 0.9537169 -0.3007059 0 0.9238796 -0.3826833 0 0.9238797 -0.3826833 0 0.8870109 -0.4617485 0 0.8870108 -0.4617486 0 0.8433912 -0.5373001 0 0.8433913 -0.5373 0 0.7933533 -0.6087615 0 0.7933534 -0.6087614 0 0.7372775 -0.6755901 0 0.7372782 -0.6755893 0 0.6755897 -0.7372778 0 0.6755897 -0.7372778 0 0.6087613 -0.7933535 0 0.6087617 -0.7933532 0 0.5373001 -0.8433912 0 0.4617484 -0.8870111 0 0.4617488 -0.8870108 0 0.3826833 -0.9238797 0 0.3007059 -0.9537169 0 0.300706 -0.9537169 0 0.2164394 -0.9762961 0 0.1305264 -0.9914448 0 0.1305265 -0.9914448 0 0.04361951 -0.9990483 0 0.04361951 -0.9990483 0 -0.04361951 -0.9990483 0 -0.04361951 -0.9990483 0 -0.1305264 -0.9914448 0 -0.1305264 -0.9914448 0 -0.2164394 -0.9762961 0 -0.300706 -0.9537169 0 -0.3007059 -0.9537169 0 -0.3826833 -0.9238797 0 -0.4617487 -0.8870108 0 -0.4617484 -0.8870109 0 -0.5373001 -0.8433912 0 -0.6087617 -0.7933532 0 -0.6087613 -0.7933535 0 -0.6755897 -0.7372778 0 -0.6755897 -0.7372778 0 -0.7372783 -0.6755892 0 -0.7372775 -0.6755901 0 -0.7933533 -0.6087615 0 -0.7933534 -0.6087614 0 -0.8433912 -0.5373001 0 -0.8433913 -0.5373 0 -0.8870109 -0.4617485 0 -0.8870108 -0.4617486 0 -0.9238796 -0.3826833 0 -0.9238797 -0.3826833 0 -0.953717 -0.300706 0 -0.9537169 -0.3007059 0 -0.976296 -0.2164402 0 -0.9762962 -0.2164387 0 -0.9914448 -0.1305264 0 -0.9990483 -0.04361951 0 -0.9990482 0.04362088 0 -0.9914451 0.1305243 0 -0.9914449 0.1305266 0 -0.9762961 0.2164394 0 -0.9762957 0.2164416 0 -0.9537174 0.3007047 0 -0.9537169 0.3007063 0 -0.9238792 0.3826844 0 -0.9238799 0.3826829 0 -0.8870114 0.4617478 0 -0.8870111 0.4617483 0 -0.8433913 0.5372999 0 -0.843392 0.5372987 0 -0.7933524 0.6087629 0 -0.7933535 0.6087612 0 -0.7372768 0.6755908 0 -0.7372786 0.6755888 0 -0.6755895 0.7372781 0 -0.6755898 0.7372777 0 -0.6087616 0.7933532 0 -0.6087625 0.7933526 0 -0.5372987 0.843392 0 -0.5372998 0.8433914 0 -0.461748 0.8870111 0 -0.4617483 0.8870111 0 -0.3826836 0.9238795 0 -0.3007057 0.9537171 0 -0.300706 0.953717 0 -0.2164402 0.9762959 0 -0.2164405 0.9762959 0 -0.1305258 0.9914449 0 -0.130526 0.9914449 0 -0.04361939 0.9990483 0 -0.04361951 0.9990483 0 0.04361939 0.9990483 0 0.04361951 0.9990483 0 0.1305258 0.9914449 0 0.130526 0.9914449 0 0.2164402 0.9762959 0 0.2164405 0.9762959 0 0.3007057 0.9537171 0 0.300706 0.953717 0 0.3826836 0.9238795 0 0.4617472 0.8870116 0 0.4617491 0.8870107 0 0.5372993 0.8433917 0 0.6087616 0.7933532 0 0.6087625 0.7933526 0 0.6755888 0.7372786 0 0.6755905 0.7372771 0 0.7372781 0.6755895 0 0.7372774 0.6755902 0 0.7933535 0.6087612 0 0.7933524 0.6087629 0 0.8433913 0.5372999 0 0.843392 0.5372987 0 0.8870108 0.4617488 0 0.8870116 0.4617472 0 0.9238794 0.3826839 0 0.9537166 0.300707 0 0.9537175 0.300704 0 0.9762956 0.2164419 0 0.9762962 0.2164391 0 0.9914448 0.1305268 0 0.9914452 0.1305241 0 0.9990482 0.04362094 0 0.9990484 0.04361832 0 0.9990484 -0.04361838 0 0.9990482 -0.04362088 0 0.9914451 -0.1305243 0 0.9914449 -0.1305266 0 0.9762961 -0.2164394 0 0.9762957 -0.2164416 0 0.9537174 -0.3007047 0 0.9537169 -0.3007063 0 0.9238792 -0.3826844 0 0.9238799 -0.3826829 0 0.8870114 -0.4617478 0 0.8870111 -0.4617483 0 0.8433913 -0.5372999 0 0.843392 -0.5372987 0 0.7933524 -0.6087629 0 0.7933535 -0.6087612 0 0.7372768 -0.6755908 0 0.7372786 -0.6755888 0 0.6755895 -0.7372781 0 0.6755898 -0.7372777 0 0.6087616 -0.7933532 0 0.6087625 -0.7933526 0 0.5372987 -0.843392 0 0.5372998 -0.8433914 0 0.461748 -0.8870111 0 0.4617483 -0.8870111 0 0.3826836 -0.9238795 0 0.3007057 -0.9537171 0 0.300706 -0.953717 0 0.2164402 -0.9762959 0 0.2164405 -0.9762959 0 0.1305258 -0.9914449 0 0.130526 -0.9914449 0 0.04361939 -0.9990483 0 0.04361951 -0.9990483 0 -0.04361939 -0.9990483 0 -0.04361951 -0.9990483 0 -0.1305258 -0.9914449 0 -0.130526 -0.9914449 0 -0.2164402 -0.9762959 0 -0.2164405 -0.9762959 0 -0.3007057 -0.9537171 0 -0.300706 -0.953717 0 -0.3826836 -0.9238795 0 -0.4617472 -0.8870116 0 -0.4617491 -0.8870107 0 -0.5372993 -0.8433917 0 -0.6087616 -0.7933532 0 -0.6087625 -0.7933526 0 -0.6755888 -0.7372786 0 -0.6755905 -0.7372771 0 -0.7372781 -0.6755895 0 -0.7372774 -0.6755902 0 -0.7933535 -0.6087612 0 -0.7933524 -0.6087629 0 -0.8433913 -0.5372999 0 -0.843392 -0.5372987 0 -0.8870108 -0.4617488 0 -0.8870116 -0.4617472 0 -0.9238794 -0.3826839 0 -0.9537166 -0.300707 0 -0.9537175 -0.300704 0 -0.9762956 -0.2164419 0 -0.9762962 -0.2164391 0 -0.9914448 -0.1305268 0 -0.9914452 -0.1305241 0 -0.9990482 -0.04362094 0 -0.9990484 -0.04361832 0 -0.9990484 0.04361838 0 -0.9990483 0.04361855 0 -0.9914451 0.1305251 0 -0.9914445 0.1305292 0 -0.9762969 0.2164363 0 -0.9762957 0.2164412 0 -0.9537177 0.3007033 0 -0.953716 0.300709 0 -0.9238806 0.382681 0 -0.923879 0.3826848 0 -0.8870109 0.4617484 0 -0.8870104 0.4617495 0 -0.8433926 0.537298 0 -0.84339 0.537302 0 -0.7933564 0.6087575 0 -0.7933489 0.6087672 0 -0.7372794 0.6755881 0 -0.7372736 0.6755943 0 -0.6755924 0.7372754 0 -0.6755864 0.7372809 0 -0.608762 0.7933531 0 -0.5373002 0.8433911 0 -0.5372966 0.8433934 0 -0.4617508 0.8870097 0 -0.4617465 0.887012 0 -0.3826831 0.9238797 0 -0.3007061 0.9537169 0 -0.216439 0.9762961 0 -0.1305271 0.9914448 0 -0.1305258 0.991445 0 0.1305271 0.9914448 0 0.1305258 0.991445 0 0.216439 0.9762961 0 0.3007061 0.9537169 0 0.3826831 0.9238797 0 0.4617508 0.8870097 0 0.4617465 0.887012 0 0.5373005 0.843391 0 0.5372963 0.8433936 0 0.608762 0.7933531 0 0.6755924 0.7372754 0 0.6755864 0.7372809 0 0.7372786 0.6755889 0 0.7372744 0.6755936 0 0.7933571 0.6087567 0 0.7933483 0.6087681 0 0.8433932 0.537297 0 0.8433893 0.5373029 0 0.8870104 0.4617495 0 0.8870109 0.4617484 0 0.9238806 0.382681 0 0.923879 0.3826848 0 0.9537169 0.3007058 0 0.9537168 0.3007065 0 0.9762963 0.2164389 0 0.9762963 0.2164386 0 0.9914449 0.1305264 0 0.9914447 0.1305279 0 0.9990483 0.0436176 0 0.9990481 0.0436213 0 0.9990482 -0.04362034 0 0.9990483 -0.04361855 0 0.9914451 -0.1305251 0 0.9914445 -0.1305292 0 0.9762969 -0.2164363 0 0.9762957 -0.2164412 0 0.9537177 -0.3007033 0 0.953716 -0.300709 0 0.9238806 -0.382681 0 0.923879 -0.3826848 0 0.8870109 -0.4617484 0 0.8870104 -0.4617495 0 0.8433926 -0.537298 0 0.84339 -0.537302 0 0.7933564 -0.6087575 0 0.7933489 -0.6087672 0 0.7372794 -0.6755881 0 0.7372736 -0.6755943 0 0.6755924 -0.7372754 0 0.6755864 -0.7372809 0 0.608762 -0.7933531 0 0.5373002 -0.8433911 0 0.5372966 -0.8433934 0 0.4617508 -0.8870097 0 0.4617465 -0.887012 0 0.3826831 -0.9238797 0 0.3007061 -0.9537169 0 0.216439 -0.9762961 0 0.1305271 -0.9914448 0 0.1305258 -0.991445 0 -0.1305271 -0.9914448 0 -0.1305258 -0.991445 0 -0.216439 -0.9762961 0 -0.3007061 -0.9537169 0 -0.3826831 -0.9238797 0 -0.4617508 -0.8870097 0 -0.4617465 -0.887012 0 -0.5373005 -0.843391 0 -0.5372963 -0.8433936 0 -0.608762 -0.7933531 0 -0.6755924 -0.7372754 0 -0.6755864 -0.7372809 0 -0.7372786 -0.6755889 0 -0.7372744 -0.6755936 0 -0.7933571 -0.6087567 0 -0.7933483 -0.6087681 0 -0.8433932 -0.537297 0 -0.8433893 -0.5373029 0 -0.8870104 -0.4617495 0 -0.8870109 -0.4617484 0 -0.9238806 -0.382681 0 -0.923879 -0.3826848 0 -0.9537169 -0.3007058 0 -0.9537168 -0.3007065 0 -0.9762963 -0.2164389 0 -0.9762963 -0.2164386 0 -0.9914449 -0.1305264 0 -0.9914447 -0.1305279 0 -0.9990483 -0.0436176 0 -0.9990481 -0.0436213 0 -0.9990482 0.04362034 1 9.89419e-5 0 1 -9.89419e-5 0 1 2.47355e-5 0 1 2.47355e-5 0 1 -2.47355e-5 0 1 9.89421e-5 0 1 -2.47355e-5 0 1 -9.89416e-5 0 1 -1.23677e-5 0 1 4.9471e-5 0 1 -1.23677e-5 0 1 1.23677e-5 0 1 -4.9471e-5 0 1 6.18387e-6 0 1 2.47354e-5 0 1 0 0 1 -6.18387e-6 0 1 -6.18387e-6 0 1 4.94709e-5 0 1 4.94711e-5 0 1 2.47355e-5 0 1 -2.47355e-5 0 1 2.47355e-5 0 1 -9.89421e-5 0 1 9.89416e-5 0 1 1.23677e-5 0 1 -2.47354e-5 0 1 0 0 1 6.18387e-6 0 1 -4.94709e-5 0 1 -4.94711e-5 0 1 -2.47355e-5 0 1 -1.59014e-5 0 1 3.66955e-6 0 1 -7.95068e-6 0 1 3.97535e-6 0 1 0 0 1 9.17387e-7 0 1 4.96918e-7 0 1 3.97534e-6 0 1 -7.95069e-6 0 1 7.95069e-6 0 1 -7.3391e-6 0 1 1.59014e-5 0 1 -1.59013e-5 0 1 -7.3391e-6 0 1 3.18028e-5 0 1 -1.46782e-5 0 1 1.46782e-5 0 1 1.59013e-5 0 1 -1.59014e-5 0 1 -3.66955e-6 0 1 7.95068e-6 0 1 -3.97535e-6 0 1 0 0 1 -9.17387e-7 0 1 -4.96918e-7 0 1 -3.97534e-6 0 1 7.3391e-6 0 1 7.3391e-6 0 1 -3.18028e-5 0 1 1.46782e-5 0 1 -1.46782e-5 0 1 1.59014e-5 0 1 -1.54597e-5 0 1 2.56868e-5 0 1 -1.85516e-5 0 1 1.28434e-5 0 1 6.18388e-6 0 1 -6.18386e-6 0 1 1.28434e-5 0 1 -1.23678e-5 0 1 -6.4217e-6 0 1 1.23678e-5 0 1 1.60543e-6 0 1 8.0271e-6 0 1 -3.21085e-6 0 1 -1.23677e-5 0 1 -1.23678e-5 0 1 -1.23677e-5 0 1 1.23678e-5 0 1 -6.18388e-6 0 1 -2.56869e-5 0 1 1.85516e-5 0 1 -2.56868e-5 0 1 6.18387e-6 0 1 1.23677e-5 0 1 -1.54597e-5 0 1 2.56868e-5 0 1 -3.09193e-6 0 1 -4.63791e-6 0 1 2.56868e-5 0 1 0 0 1 1.54597e-5 0 1 -2.56869e-5 0 1 4.63791e-6 0 1 3.09193e-6 0 1 1.54597e-5 0 1 -2.56868e-5 0 1 1.85516e-5 0 1 -1.28434e-5 0 1 -6.18388e-6 0 1 6.18386e-6 0 1 -1.28434e-5 0 1 1.23678e-5 0 1 6.4217e-6 0 1 -1.23678e-5 0 1 -1.60543e-6 0 1 -8.0271e-6 0 1 3.21085e-6 0 1 1.23677e-5 0 1 6.18388e-6 0 1 2.56869e-5 0 1 -1.85516e-5 0 1 -6.18387e-6 0 1 1.54597e-5 0 1 3.09193e-6 0 1 4.63791e-6 0 1 -2.56868e-5 0 1 0 0 1 -1.54597e-5 0 1 2.56869e-5 0 1 -4.63791e-6 0 1 -3.09193e-6 0 -1 -6.42173e-6 0 -1 2.31895e-6 0 -1 1.54597e-6 0 -1 2.70544e-6 0 -1 1.54597e-6 0 -1 2.89869e-6 0 -1 0 0 -1 -2.89869e-6 0 -1 -6.42171e-6 0 -1 4.63791e-6 0 -1 -3.21086e-6 0 -1 3.86491e-7 0 -1 3.21085e-6 0 -1 -1.54597e-6 0 -1 7.72984e-7 0 -1 -1.54597e-6 0 -1 1.54597e-6 0 -1 1.54597e-6 0 -1 -2.00678e-6 0 -1 -1.54597e-6 0 -1 4.01356e-7 0 -1 -1.54596e-6 0 -1 1.60543e-6 0 -1 -1.54596e-6 0 -1 -1.54597e-6 0 -1 3.09193e-6 0 -1 -3.09194e-6 0 -1 -6.42173e-6 0 -1 3.09193e-6 0 -1 6.42173e-6 0 -1 -2.31895e-6 0 -1 -1.54597e-6 0 -1 -2.70544e-6 0 -1 -1.54597e-6 0 -1 -2.89869e-6 0 -1 0 0 -1 2.89869e-6 0 -1 6.42171e-6 0 -1 -4.63791e-6 0 -1 3.21086e-6 0 -1 -3.86491e-7 0 -1 -3.21085e-6 0 -1 1.54597e-6 0 -1 -7.72984e-7 0 -1 1.54597e-6 0 -1 -1.54597e-6 0 -1 2.00678e-6 0 -1 -4.01356e-7 0 -1 1.54596e-6 0 -1 -1.60543e-6 0 -1 1.54596e-6 0 -1 1.54597e-6 0 -1 -3.09193e-6 0 -1 3.09194e-6 0 -1 6.42173e-6 0 -1 -3.09193e-6 0 -1 1.76746e-6 0 -1 -1.71628e-5 0 -1 1.37517e-5 0 -1 1.43358e-6 0 -1 6.15138e-6 0 -1 1.52043e-5 0 -1 -1.69014e-5 0 -1 3.41795e-5 0 -1 -1.09206e-6 0 -1 1.43996e-6 0 -1 3.80435e-5 0 -1 -3.79569e-5 0 -1 3.01328e-6 0 -1 -2.48454e-5 0 -1 1.70264e-5 0 -1 1.15136e-5 0 -1 1.69252e-5 0 -1 1.02029e-6 0 -1 0 0 -1 -6.07645e-6 0 -1 -1.7503e-5 0 -1 2.56346e-5 0 -1 2.47657e-5 0 -1 -6.25302e-6 0 -1 -8.47593e-6 0 -1 -5.41312e-6 0 -1 -2.71711e-5 0 -1 -9.7094e-6 0 -1 -7.54327e-6 0 -1 4.43682e-6 0 -1 -2.36621e-6 0 -1 2.15439e-5 0 -1 5.49782e-7 0 -1 -5.83639e-6 0 -1 3.82644e-5 0 -1 5.25351e-6 0 -1 1.37661e-5 0 -1 2.82852e-5 0 -1 -2.92147e-5 0 -1 1.7496e-5 0 -1 -1.42578e-5 0 -1 -1.19164e-6 0 -1 4.9087e-5 0 -1 -5.31431e-5 0 -1 3.22288e-6 0 -1 3.10629e-5 0 -1 -1.92794e-5 0 -1 1.64995e-5 0 -1 -1.50865e-5 0 -1 9.76281e-6 0 -1 -1.09231e-5 0 -1 -4.24378e-7 0 -1 -1.23919e-6 0 -1 1.28434e-6 0 -1 2.56869e-6 0 -1 -6.42171e-7 0 -1 -2.30394e-5 0 -1 4.2724e-6 0 -1 1.97251e-5 0 -1 1.56326e-6 0 -1 -9.56608e-6 0 -1 5.93079e-6 0 -1 -3.98211e-6 0 -1 -2.45435e-5 0 -1 2.50313e-5 0 -1 9.96677e-7 0 -1 4.38281e-6 0 -1 -4.64351e-6 0 -1 1.98032e-5 0 -1 -1.10136e-5 0 -1 -8.69354e-6 0 -1 5.17276e-6 0 -1 -2.33831e-5 0 -1 2.15994e-5 0 -1 1.27159e-6 0 -1 4.37729e-6 0 -1 -7.62276e-6 0 -1 0 0 -1 -7.15189e-7 0 -1 4.93394e-7 0 -1 -7.2509e-6 0 -1 9.00228e-6 0 -1 -9.66873e-6 0 -1 3.82288e-6 0 -1 -1.97251e-5 0 -1 3.02996e-5 0 -1 -3.77168e-6 0 -1 9.51077e-6 0 -1 -9.48929e-6 0 -1 1.28917e-5 0 -1 -1.62776e-5 0 -1 1.94001e-5 0 -1 -9.02186e-7 0 -1 -1.89881e-6 0 -1 1.37896e-6 0 -1 -2.39713e-5 0 -1 -1.95256e-5 0 -1 1.21367e-6 0 -0.9999999 6.62581e-4 0 -1 9.11207e-6 0 -1 -1.86151e-5 0 -1 3.98211e-6 0 -1 -2.42771e-5 0 -1 -1.10042e-5 0 -1 9.74604e-7 0 -1 1.7503e-5 0 -1 -2.56346e-5 0 -1 -5.25351e-6 0 -1 -1.16652e-5 0 -1 6.87906e-6 0 -1 2.30394e-5 0 -1 -4.2724e-6 0 -1 1.24396e-5 0 -1 2.39713e-5 0 -1 0 0 -1 6.07645e-6 0 -1 5.31118e-6 0 -1 -4.37729e-6 0 -1 9.58123e-6 0 -1 1.95256e-5 0 -1 -3.82288e-6 0 -1 1.10136e-5 0 -1 3.91205e-6 0 -1 5.83639e-6 0 -1 -4.72642e-6 0 -1 -1.27159e-6 0 -1 -1.56326e-6 0 -1 9.56608e-6 0 -1 -8.28034e-6 0 -1 5.69625e-6 0 -1 6.06178e-6 0 -1 2.42771e-5 0 -1 4.38282e-6 0 -0.9999999 6.62526e-4 0 -1 -1.4892e-5 0 -1 -2.75706e-5 0 -1 -2.78725e-5 0 -1 2.62342e-5 0 -1 -3.32901e-5 0 -1 1.69014e-5 0 -1 -3.41795e-5 0 -1 1.09206e-6 0 -1 -1.43996e-6 0 -1 -1.15136e-5 0 -1 -1.69252e-5 0 -1 -2.47657e-5 0 -1 6.25302e-6 0 -1 -3.82644e-5 0 -1 3.67707e-5 0 -1 2.33831e-5 0 -1 -2.15994e-5 0 -1 1.20999e-6 0 -1 -3.80628e-6 0 -1 2.14986e-5 0 -1 -3.74683e-5 0 -1 5.7215e-6 0 -1 -3.32133e-5 0 -1 1.97358e-6 0 -1 -3.09933e-4 0 -1 1.82106e-5 0 -1 -3.07569e-6 0 -1 -1.02029e-6 0 -1 -1.76746e-6 0 -1 1.71628e-5 0 -1 -1.37517e-5 0 -1 1.50865e-5 0 -1 -9.76281e-6 0 -1 1.09231e-5 0 -1 9.7094e-6 0 -1 2.39749e-5 0 -1 1.49008e-6 0 -1 3.68027e-5 0 -1 -3.64563e-5 0 -1 -3.19962e-5 0 -1 3.79569e-5 0 -1 -3.01328e-6 0 -1 2.48454e-5 0 -1 -1.70264e-5 0 -1 -2.9784e-5 0 -1 7.35991e-5 0 -1 -1.21862e-6 0 -1 2.56732e-5 0 -1 -9.84971e-7 0 -1 -7.43227e-5 0 -1 -4.43682e-6 0 -1 -2.93565e-5 0 -1 3.06206e-5 0 -1 -1.76802e-5 0 -1 1.54898e-7 0 -1 3.71979e-7 0 -1 7.62197e-7 0 -1 3.78757e-5 0</float_array>
          <technique_common>
            <accessor source="#motor_160kg_cm_ig52__3-mesh-normals-array" count="1897" stride="3">
              <param name="X" type="float"/>
              <param name="Y" type="float"/>
              <param name="Z" type="float"/>
            </accessor>
          </technique_common>
        </source>
        <vertices id="motor_160kg_cm_ig52__3-mesh-vertices">
          <input semantic="POSITION" source="#motor_160kg_cm_ig52__3-mesh-positions"/>
        </vertices>
        <triangles count="3198">
          <input semantic="VERTEX" source="#motor_160kg_cm_ig52__3-mesh-vertices" offset="0"/>
          <input semantic="NORMAL" source="#motor_160kg_cm_ig52__3-mesh-normals" offset="1"/>
          <p>0 0 1 0 2 0 1 1 3 1 2 1 2 0 3 0 4 0 5 0 6 0 2 0 6 2 7 2 2 2 2 3 7 3 0 3 8 4 9 4 2 4 9 0 10 0 2 0 2 5 10 5 5 5 11 0 12 0 2 0 12 0 13 0 2 0 2 6 13 6 8 6 14 0 15 0 2 0 15 0 16 0 2 0 2 0 16 0 11 0 17 0 18 0 2 0 18 7 19 7 2 7 2 8 19 8 14 8 20 0 21 0 2 0 21 0 22 0 2 0 2 9 22 9 17 9 23 0 24 0 2 0 24 0 25 0 2 0 2 10 25 10 20 10 26 0 27 0 2 0 27 0 28 0 2 0 2 9 28 9 23 9 29 11 30 11 2 11 30 12 31 12 2 12 2 13 31 13 26 13 32 0 33 0 2 0 33 0 34 0 2 0 2 14 34 14 29 14 35 0 36 0 2 0 36 0 37 0 2 0 2 15 37 15 32 15 38 0 39 0 2 0 39 0 40 0 2 0 2 0 40 0 35 0 41 0 42 0 2 0 42 16 43 16 2 16 2 17 43 17 38 17 44 18 45 18 2 18 45 0 46 0 2 0 2 19 46 19 41 19 47 0 48 0 2 0 48 0 49 0 2 0 2 20 49 20 44 20 50 0 51 0 2 0 51 0 52 0 2 0 2 0 52 0 47 0 53 0 54 0 2 0 54 21 55 21 2 21 2 22 55 22 50 22 56 0 57 0 2 0 57 0 58 0 2 0 2 23 58 23 53 23 59 0 60 0 2 0 60 0 61 0 2 0 2 24 61 24 56 24 62 0 63 0 2 0 63 0 64 0 2 0 2 23 64 23 59 23 65 25 66 25 2 25 66 26 67 26 2 26 2 27 67 27 62 27 68 0 69 0 2 0 69 0 70 0 2 0 2 28 70 28 65 28 4 0 71 0 2 0 71 0 72 0 2 0 2 29 72 29 68 29 73 30 74 30 75 30 74 31 76 31 75 31 75 31 76 31 77 31 78 31 79 31 75 31 79 31 80 31 75 31 75 32 80 32 73 32 81 33 82 33 75 33 82 34 83 34 75 34 75 31 83 31 78 31 84 35 85 35 75 35 85 31 86 31 75 31 75 36 86 36 81 36 87 31 88 31 75 31 88 37 89 37 75 37 75 38 89 38 84 38 90 31 91 31 75 31 91 39 92 39 75 39 75 40 92 40 87 40 93 31 94 31 75 31 94 31 95 31 75 31 75 41 95 41 90 41 96 31 97 31 75 31 97 31 98 31 75 31 75 42 98 42 93 42 99 43 100 43 75 43 100 44 101 44 75 44 75 45 101 45 96 45 102 31 103 31 75 31 103 31 104 31 75 31 75 46 104 46 99 46 105 31 106 31 75 31 106 31 107 31 75 31 75 47 107 47 102 47 108 31 109 31 75 31 109 48 110 48 75 48 75 31 110 31 105 31 111 49 112 49 75 49 112 50 113 50 75 50 75 31 113 31 108 31 114 31 115 31 75 31 115 31 116 31 75 31 75 51 116 51 111 51 117 52 118 52 75 52 118 53 119 53 75 53 75 31 119 31 114 31 120 54 121 54 75 54 121 31 122 31 75 31 75 55 122 55 117 55 123 31 124 31 75 31 124 56 125 56 75 56 75 57 125 57 120 57 126 31 127 31 75 31 127 58 128 58 75 58 75 59 128 59 123 59 129 31 130 31 75 31 130 31 131 31 75 31 75 60 131 60 126 60 132 31 133 31 75 31 133 31 134 31 75 31 75 61 134 61 129 61 135 62 136 62 75 62 136 43 137 43 75 43 75 63 137 63 132 63 138 31 139 31 75 31 139 31 140 31 75 31 75 64 140 64 135 64 141 31 142 31 75 31 142 31 143 31 75 31 75 65 143 65 138 65 77 31 144 31 75 31 144 66 145 66 75 66 75 31 145 31 141 31 146 67 147 67 148 67 147 31 149 31 148 31 148 31 149 31 150 31 151 31 152 31 148 31 152 68 153 68 148 68 148 31 153 31 146 31 154 69 155 69 148 69 155 31 156 31 148 31 148 31 156 31 151 31 157 31 158 31 148 31 158 31 159 31 148 31 148 70 159 70 154 70 160 71 161 71 148 71 161 31 162 31 148 31 148 72 162 72 157 72 163 31 164 31 148 31 164 73 165 73 148 73 148 31 165 31 160 31 166 31 167 31 148 31 167 31 168 31 148 31 148 74 168 74 163 74 169 75 170 75 148 75 170 31 171 31 148 31 148 76 171 76 166 76 172 31 173 31 148 31 173 31 174 31 148 31 148 77 174 77 169 77 175 31 176 31 148 31 176 78 177 78 148 78 148 79 177 79 172 79 178 31 179 31 148 31 179 31 180 31 148 31 148 80 180 80 175 80 181 81 182 81 148 81 182 31 183 31 148 31 148 82 183 82 178 82 184 83 185 83 148 83 185 31 186 31 148 31 148 31 186 31 181 31 187 84 188 84 148 84 188 81 189 81 148 81 148 31 189 31 184 31 190 85 191 85 148 85 191 86 192 86 148 86 148 31 192 31 187 31 193 87 194 87 148 87 194 31 195 31 148 31 148 88 195 88 190 88 196 78 197 78 148 78 197 31 198 31 148 31 148 89 198 89 193 89 199 31 200 31 148 31 200 90 201 90 148 90 148 31 201 31 196 31 202 31 203 31 148 31 203 31 204 31 148 31 148 91 204 91 199 91 205 92 206 92 148 92 206 31 207 31 148 31 148 93 207 93 202 93 208 94 209 94 148 94 209 31 210 31 148 31 148 95 210 95 205 95 211 31 212 31 148 31 212 96 213 96 148 96 148 31 213 31 208 31 214 86 215 86 148 86 215 31 216 31 148 31 148 97 216 97 211 97 150 31 217 31 148 31 217 31 218 31 148 31 148 98 218 98 214 98 219 99 220 99 221 99 220 31 222 31 221 31 221 31 222 31 223 31 224 31 225 31 221 31 225 31 226 31 221 31 221 100 226 100 219 100 227 101 228 101 221 101 228 102 229 102 221 102 221 31 229 31 224 31 230 35 231 35 221 35 231 31 232 31 221 31 221 103 232 103 227 103 233 31 234 31 221 31 234 37 235 37 221 37 221 104 235 104 230 104 236 31 237 31 221 31 237 105 238 105 221 105 221 40 238 40 233 40 239 31 240 31 221 31 240 31 241 31 221 31 221 106 241 106 236 106 242 31 243 31 221 31 243 31 244 31 221 31 221 107 244 107 239 107 245 43 246 43 221 43 246 62 247 62 221 62 221 108 247 108 242 108 248 31 249 31 221 31 249 31 250 31 221 31 221 46 250 46 245 46 251 31 252 31 221 31 252 31 253 31 221 31 221 109 253 109 248 109 254 31 255 31 221 31 255 110 256 110 221 110 221 31 256 31 251 31 257 111 258 111 221 111 258 50 259 50 221 50 221 31 259 31 254 31 260 31 261 31 221 31 261 31 262 31 221 31 221 112 262 112 257 112 263 113 264 113 221 113 264 114 265 114 221 114 221 31 265 31 260 31 266 54 267 54 221 54 267 31 268 31 221 31 221 115 268 115 263 115 269 31 270 31 221 31 270 56 271 56 221 56 221 116 271 116 266 116 272 31 273 31 221 31 273 117 274 117 221 117 221 59 274 59 269 59 275 31 276 31 221 31 276 31 277 31 221 31 221 118 277 118 272 118 278 31 279 31 221 31 279 31 280 31 221 31 221 119 280 119 275 119 281 62 282 62 221 62 282 120 283 120 221 120 221 121 283 121 278 121 284 31 285 31 221 31 285 31 286 31 221 31 221 64 286 64 281 64 287 31 288 31 221 31 288 31 289 31 221 31 221 122 289 122 284 122 223 31 290 31 221 31 290 123 291 123 221 123 221 31 291 31 287 31 292 67 293 67 294 67 293 31 295 31 294 31 294 31 295 31 296 31 297 124 298 124 294 124 298 68 299 68 294 68 294 31 299 31 292 31 300 69 301 69 294 69 301 125 302 125 294 125 294 31 302 31 297 31 303 94 304 94 294 94 304 31 305 31 294 31 294 126 305 126 300 126 306 92 307 92 294 92 307 31 308 31 294 31 294 127 308 127 303 127 309 31 310 31 294 31 310 73 311 73 294 73 294 31 311 31 306 31 312 31 313 31 294 31 313 31 314 31 294 31 294 74 314 74 309 74 315 78 316 78 294 78 316 31 317 31 294 31 294 128 317 128 312 128 318 87 319 87 294 87 319 31 320 31 294 31 294 129 320 129 315 129 321 31 322 31 294 31 322 130 323 130 294 130 294 31 323 31 318 31 324 125 325 125 294 125 325 31 326 31 294 31 294 131 326 131 321 131 327 31 328 31 294 31 328 31 329 31 294 31 294 132 329 132 324 132 330 83 331 83 294 83 331 31 332 31 294 31 294 31 332 31 327 31 333 31 334 31 294 31 334 81 335 81 294 81 294 31 335 31 330 31 336 85 337 85 294 85 337 31 338 31 294 31 294 31 338 31 333 31 339 31 340 31 294 31 340 31 341 31 294 31 294 133 341 133 336 133 342 75 343 75 294 75 343 31 344 31 294 31 294 134 344 134 339 134 345 31 346 31 294 31 346 90 347 90 294 90 294 31 347 31 342 31 348 31 349 31 294 31 349 31 350 31 294 31 294 91 350 91 345 91 351 71 352 71 294 71 352 31 353 31 294 31 294 135 353 135 348 135 354 31 355 31 294 31 355 31 356 31 294 31 294 136 356 136 351 136 357 31 358 31 294 31 358 92 359 92 294 92 294 137 359 137 354 137 360 31 361 31 294 31 361 31 362 31 294 31 294 138 362 138 357 138 296 68 363 68 294 68 363 31 364 31 294 31 294 139 364 139 360 139 365 31 366 31 367 31 365 31 367 31 368 31 369 31 370 31 371 31 370 31 372 31 371 31 372 140 373 140 371 140 373 31 374 31 371 31 371 31 374 31 367 31 374 31 375 31 367 31 367 141 375 141 368 141 367 142 366 142 376 142 366 142 377 142 376 142 371 143 367 143 378 143 367 143 376 143 378 143 369 144 371 144 379 144 371 144 378 144 379 144 380 145 379 145 378 145 380 31 378 31 381 31 376 146 377 146 382 146 383 147 384 147 378 147 385 31 386 31 378 31 386 31 387 31 378 31 378 148 387 148 388 148 388 149 389 149 378 149 389 31 390 31 378 31 378 150 390 150 391 150 376 31 392 31 378 31 392 151 393 151 378 151 378 152 393 152 394 152 394 31 395 31 378 31 395 31 396 31 378 31 378 31 396 31 383 31 382 31 397 31 376 31 397 153 398 153 376 153 376 31 398 31 399 31 384 31 400 31 378 31 400 31 401 31 378 31 378 154 401 154 402 154 399 155 403 155 376 155 403 31 404 31 376 31 376 31 404 31 405 31 391 31 406 31 378 31 406 156 407 156 378 156 378 157 407 157 408 157 405 158 409 158 376 158 409 31 410 31 376 31 376 159 410 159 411 159 408 31 412 31 378 31 412 31 413 31 378 31 378 31 413 31 414 31 402 160 415 160 378 160 415 161 416 161 378 161 378 162 416 162 385 162 416 31 417 31 385 31 414 31 418 31 378 31 418 31 419 31 378 31 378 163 419 163 381 163 411 31 420 31 376 31 420 31 421 31 376 31 376 164 421 164 422 164 423 31 424 31 385 31 424 31 425 31 385 31 385 165 425 165 426 165 422 166 427 166 376 166 427 167 428 167 376 167 376 168 428 168 392 168 417 31 429 31 385 31 429 31 430 31 385 31 385 169 430 169 431 169 426 31 432 31 385 31 432 31 433 31 385 31 385 170 433 170 434 170 434 171 435 171 385 171 435 31 436 31 385 31 385 172 436 172 437 172 438 31 439 31 440 31 431 31 441 31 385 31 441 31 442 31 385 31 385 173 442 173 423 173 437 174 443 174 385 174 443 31 438 31 385 31 385 175 438 175 444 175 438 31 440 31 444 31 445 31 446 31 447 31 446 31 448 31 447 31 447 31 448 31 449 31 448 31 450 31 449 31 449 176 450 176 451 176 450 31 452 31 451 31 451 177 452 177 453 177 452 31 454 31 453 31 453 178 454 178 455 178 454 31 456 31 455 31 455 31 456 31 457 31 456 31 458 31 457 31 457 177 458 177 459 177 458 179 460 179 459 179 459 178 460 178 461 178 460 31 462 31 461 31 461 31 462 31 463 31 462 180 464 180 463 180 463 177 464 177 465 177 464 181 466 181 465 181 465 182 466 182 467 182 466 180 468 180 467 180 467 31 468 31 469 31 468 183 470 183 469 183 469 31 470 31 471 31 470 31 472 31 471 31 471 184 472 184 473 184 472 185 474 185 473 185 473 31 474 31 475 31 474 186 476 186 475 186 475 182 476 182 477 182 476 180 478 180 477 180 477 182 478 182 479 182 478 181 480 181 479 181 479 31 480 31 481 31 480 185 482 185 481 185 481 187 482 187 483 187 482 31 484 31 483 31 483 31 484 31 485 31 484 179 486 179 485 179 485 188 486 188 487 188 486 131 488 131 487 131 487 189 488 189 489 189 488 31 490 31 489 31 489 31 490 31 491 31 490 131 492 131 491 131 491 31 492 31 493 31 492 31 494 31 493 31 493 31 494 31 495 31 494 190 496 190 495 190 495 31 496 31 497 31 496 31 498 31 497 31 497 31 498 31 499 31 498 190 500 190 499 190 499 31 500 31 501 31 500 31 502 31 501 31 501 31 502 31 503 31 502 31 504 31 503 31 503 191 504 191 505 191 504 192 506 192 505 192 505 193 506 193 507 193 506 194 508 194 507 194 507 31 508 31 509 31 508 195 510 195 509 195 509 196 510 196 511 196 510 197 512 197 511 197 511 198 512 198 513 198 512 199 514 199 513 199 513 200 514 200 515 200 514 31 516 31 515 31 515 31 516 31 517 31 516 31 518 31 517 31 517 31 518 31 519 31 518 31 520 31 519 31 519 31 520 31 521 31 520 31 522 31 521 31 521 201 522 201 523 201 522 31 524 31 523 31 523 202 524 202 525 202 524 31 526 31 525 31 525 187 526 187 527 187 526 31 528 31 527 31 527 31 528 31 529 31 528 31 530 31 529 31 529 202 530 202 531 202 530 203 532 203 531 203 531 187 532 187 533 187 532 31 534 31 533 31 533 31 534 31 535 31 534 204 536 204 535 204 535 202 536 202 537 202 536 185 538 185 537 185 537 205 538 205 539 205 538 204 540 204 539 204 539 31 540 31 541 31 540 206 542 206 541 206 541 31 542 31 543 31 542 31 544 31 543 31 543 207 544 207 545 207 544 181 546 181 545 181 545 31 546 31 547 31 546 208 548 208 547 208 547 205 548 205 549 205 548 204 550 204 549 204 549 205 550 205 551 205 550 185 552 185 551 185 551 31 552 31 553 31 552 181 554 181 553 181 553 178 554 178 555 178 554 31 556 31 555 31 555 31 556 31 557 31 556 203 558 203 557 203 557 209 558 209 559 209 558 97 560 97 559 97 559 210 560 210 561 210 560 31 562 31 561 31 561 31 562 31 563 31 562 97 564 97 563 97 563 31 564 31 565 31 564 31 566 31 565 31 565 31 566 31 567 31 566 211 568 211 567 211 567 31 568 31 569 31 568 31 570 31 569 31 569 31 570 31 571 31 570 211 572 211 571 211 571 31 572 31 573 31 572 31 574 31 573 31 573 31 574 31 575 31 574 31 576 31 575 31 575 212 576 212 577 212 576 195 578 195 577 195 577 213 578 213 579 213 578 214 580 214 579 214 579 31 580 31 581 31 580 192 582 192 581 192 581 215 582 215 583 215 582 216 584 216 583 216 583 217 584 217 585 217 584 218 586 218 585 218 585 219 586 219 587 219 586 31 588 31 587 31 587 31 588 31 445 31 588 31 446 31 445 31 369 220 379 220 380 220 370 221 369 221 463 221 477 222 368 222 475 222 368 223 375 223 475 223 475 224 375 224 473 224 375 225 374 225 473 225 473 225 374 225 471 225 374 226 373 226 471 226 471 226 373 226 469 226 373 227 372 227 469 227 469 228 372 228 467 228 372 229 370 229 467 229 467 230 370 230 465 230 370 231 463 231 465 231 382 232 377 232 366 232 369 233 380 233 463 233 380 234 381 234 463 234 463 235 381 235 461 235 381 236 419 236 461 236 461 237 419 237 459 237 419 238 418 238 459 238 459 239 418 239 457 239 418 240 414 240 457 240 457 241 414 241 455 241 414 242 413 242 455 242 455 243 413 243 453 243 413 244 412 244 453 244 453 244 412 244 451 244 412 245 408 245 451 245 451 246 408 246 449 246 408 247 407 247 449 247 449 248 407 248 447 248 407 249 406 249 447 249 447 250 406 250 445 250 406 251 391 251 445 251 445 252 391 252 587 252 391 253 390 253 587 253 587 254 390 254 585 254 390 255 389 255 585 255 585 255 389 255 583 255 389 256 388 256 583 256 583 257 388 257 581 257 388 258 387 258 581 258 581 259 387 259 579 259 387 260 386 260 579 260 579 261 386 261 577 261 386 262 385 262 577 262 577 263 385 263 575 263 385 264 444 264 575 264 575 264 444 264 573 264 444 265 440 265 573 265 573 266 440 266 571 266 440 267 439 267 571 267 571 268 439 268 569 268 439 269 438 269 569 269 569 270 438 270 567 270 438 271 443 271 567 271 567 272 443 272 565 272 443 273 437 273 565 273 565 274 437 274 563 274 437 275 436 275 563 275 563 275 436 275 561 275 436 276 435 276 561 276 561 277 435 277 559 277 435 278 434 278 559 278 559 279 434 279 557 279 434 280 433 280 557 280 557 281 433 281 555 281 433 282 432 282 555 282 555 283 432 283 553 283 432 284 426 284 553 284 553 285 426 285 551 285 426 286 425 286 551 286 551 287 425 287 549 287 425 288 424 288 549 288 549 289 424 289 547 289 424 290 423 290 547 290 547 291 423 291 545 291 423 292 442 292 545 292 545 292 442 292 543 292 442 293 441 293 543 293 543 293 441 293 541 293 441 294 431 294 541 294 541 295 431 295 539 295 431 296 430 296 539 296 539 297 430 297 537 297 430 298 429 298 537 298 537 299 429 299 535 299 429 300 417 300 535 300 535 301 417 301 533 301 417 302 416 302 533 302 533 303 416 303 531 303 416 304 415 304 531 304 531 305 415 305 529 305 415 306 402 306 529 306 529 307 402 307 527 307 402 308 401 308 527 308 527 309 401 309 525 309 401 310 400 310 525 310 525 310 400 310 523 310 400 311 384 311 523 311 523 312 384 312 521 312 384 313 383 313 521 313 521 314 383 314 519 314 383 315 396 315 519 315 519 316 396 316 517 316 396 317 395 317 517 317 517 318 395 318 515 318 395 319 394 319 515 319 515 320 394 320 513 320 394 321 393 321 513 321 513 321 393 321 511 321 393 322 392 322 511 322 511 323 392 323 509 323 392 324 428 324 509 324 509 325 428 325 507 325 428 326 427 326 507 326 507 327 427 327 505 327 427 328 422 328 505 328 505 329 422 329 503 329 422 330 421 330 503 330 503 330 421 330 501 330 421 331 420 331 501 331 501 332 420 332 499 332 420 333 411 333 499 333 499 334 411 334 497 334 411 335 410 335 497 335 497 336 410 336 495 336 410 337 409 337 495 337 495 338 409 338 493 338 409 339 405 339 493 339 493 340 405 340 491 340 405 341 404 341 491 341 491 341 404 341 489 341 404 342 403 342 489 342 489 343 403 343 487 343 403 344 399 344 487 344 487 345 399 345 485 345 399 346 398 346 485 346 485 347 398 347 483 347 398 348 397 348 483 348 483 349 397 349 481 349 397 350 382 350 481 350 481 351 382 351 479 351 382 352 366 352 479 352 479 353 366 353 477 353 366 354 365 354 477 354 477 355 365 355 368 355 295 356 589 356 296 356 589 357 590 357 296 357 296 358 590 358 363 358 590 358 591 358 363 358 363 359 591 359 364 359 591 360 592 360 364 360 364 361 592 361 360 361 592 362 593 362 360 362 360 363 593 363 361 363 593 364 594 364 361 364 361 365 594 365 362 365 594 366 595 366 362 366 362 367 595 367 357 367 595 368 596 368 357 368 357 369 596 369 358 369 596 369 597 369 358 369 358 370 597 370 359 370 597 371 598 371 359 371 359 372 598 372 354 372 598 373 599 373 354 373 354 374 599 374 355 374 599 375 600 375 355 375 355 376 600 376 356 376 600 377 601 377 356 377 356 378 601 378 351 378 601 379 602 379 351 379 351 380 602 380 352 380 602 381 603 381 352 381 352 382 603 382 353 382 603 383 604 383 353 383 353 384 604 384 348 384 604 385 605 385 348 385 348 386 605 386 349 386 605 387 606 387 349 387 349 388 606 388 350 388 606 389 607 389 350 389 350 390 607 390 345 390 607 391 608 391 345 391 345 392 608 392 346 392 608 393 609 393 346 393 346 394 609 394 347 394 609 395 610 395 347 395 347 396 610 396 342 396 610 397 611 397 342 397 342 398 611 398 343 398 611 399 612 399 343 399 343 400 612 400 344 400 612 401 613 401 344 401 344 402 613 402 339 402 613 403 614 403 339 403 339 404 614 404 340 404 614 405 615 405 340 405 340 406 615 406 341 406 615 407 616 407 341 407 341 408 616 408 336 408 616 409 617 409 336 409 336 410 617 410 337 410 617 410 618 410 337 410 337 411 618 411 338 411 618 412 619 412 338 412 338 413 619 413 333 413 619 414 620 414 333 414 333 415 620 415 334 415 620 416 621 416 334 416 334 417 621 417 335 417 621 418 622 418 335 418 335 419 622 419 330 419 622 420 623 420 330 420 330 421 623 421 331 421 623 421 624 421 331 421 331 422 624 422 332 422 624 423 625 423 332 423 332 424 625 424 327 424 625 425 626 425 327 425 327 426 626 426 328 426 626 426 627 426 328 426 328 427 627 427 329 427 627 428 628 428 329 428 329 429 628 429 324 429 628 430 629 430 324 430 324 431 629 431 325 431 629 432 630 432 325 432 325 433 630 433 326 433 630 434 631 434 326 434 326 435 631 435 321 435 631 436 632 436 321 436 321 437 632 437 322 437 632 437 633 437 322 437 322 438 633 438 323 438 633 439 634 439 323 439 323 440 634 440 318 440 634 441 635 441 318 441 318 442 635 442 319 442 635 443 636 443 319 443 319 444 636 444 320 444 636 445 637 445 320 445 320 446 637 446 315 446 637 447 638 447 315 447 315 448 638 448 316 448 638 449 639 449 316 449 316 450 639 450 317 450 639 451 640 451 317 451 317 452 640 452 312 452 640 452 641 452 312 452 312 453 641 453 313 453 641 454 642 454 313 454 313 455 642 455 314 455 642 456 643 456 314 456 314 457 643 457 309 457 643 458 644 458 309 458 309 459 644 459 310 459 644 460 645 460 310 460 310 461 645 461 311 461 645 461 646 461 311 461 311 462 646 462 306 462 646 463 647 463 306 463 306 464 647 464 307 464 647 465 648 465 307 465 307 466 648 466 308 466 648 467 649 467 308 467 308 468 649 468 303 468 649 469 650 469 303 469 303 470 650 470 304 470 650 471 651 471 304 471 304 472 651 472 305 472 651 473 652 473 305 473 305 474 652 474 300 474 652 475 653 475 300 475 300 476 653 476 301 476 653 476 654 476 301 476 301 477 654 477 302 477 654 478 655 478 302 478 302 479 655 479 297 479 655 480 656 480 297 480 297 481 656 481 298 481 656 482 657 482 298 482 298 483 657 483 299 483 657 484 658 484 299 484 299 485 658 485 292 485 658 486 659 486 292 486 292 487 659 487 293 487 659 487 660 487 293 487 293 488 660 488 295 488 660 489 589 489 295 489 222 490 661 490 223 490 661 491 662 491 223 491 223 492 662 492 290 492 662 493 663 493 290 493 290 494 663 494 291 494 663 495 664 495 291 495 291 496 664 496 287 496 664 497 665 497 287 497 287 498 665 498 288 498 665 499 666 499 288 499 288 500 666 500 289 500 666 501 667 501 289 501 289 502 667 502 284 502 667 503 668 503 284 503 284 504 668 504 285 504 668 505 669 505 285 505 285 506 669 506 286 506 669 507 670 507 286 507 286 508 670 508 281 508 670 509 671 509 281 509 281 510 671 510 282 510 671 510 672 510 282 510 282 511 672 511 283 511 672 512 673 512 283 512 283 513 673 513 278 513 673 513 674 513 278 513 278 514 674 514 279 514 674 515 675 515 279 515 279 516 675 516 280 516 675 517 676 517 280 517 280 518 676 518 275 518 676 519 677 519 275 519 275 520 677 520 276 520 677 521 678 521 276 521 276 522 678 522 277 522 678 523 679 523 277 523 277 524 679 524 272 524 679 525 680 525 272 525 272 526 680 526 273 526 680 527 681 527 273 527 273 528 681 528 274 528 681 529 682 529 274 529 274 530 682 530 269 530 682 531 683 531 269 531 269 532 683 532 270 532 683 533 684 533 270 533 270 534 684 534 271 534 684 535 685 535 271 535 271 536 685 536 266 536 685 537 686 537 266 537 266 538 686 538 267 538 686 538 687 538 267 538 267 539 687 539 268 539 687 540 688 540 268 540 268 541 688 541 263 541 688 542 689 542 263 542 263 543 689 543 264 543 689 544 690 544 264 544 264 545 690 545 265 545 690 546 691 546 265 546 265 547 691 547 260 547 691 548 692 548 260 548 260 549 692 549 261 549 692 550 693 550 261 550 261 551 693 551 262 551 693 552 694 552 262 552 262 553 694 553 257 553 694 554 695 554 257 554 257 555 695 555 258 555 695 556 696 556 258 556 258 557 696 557 259 557 696 558 697 558 259 558 259 559 697 559 254 559 697 560 698 560 254 560 254 561 698 561 255 561 698 562 699 562 255 562 255 563 699 563 256 563 699 564 700 564 256 564 256 565 700 565 251 565 700 566 701 566 251 566 251 567 701 567 252 567 701 568 702 568 252 568 252 569 702 569 253 569 702 570 703 570 253 570 253 571 703 571 248 571 703 572 704 572 248 572 248 573 704 573 249 573 704 574 705 574 249 574 249 575 705 575 250 575 705 576 706 576 250 576 250 577 706 577 245 577 706 578 707 578 245 578 245 579 707 579 246 579 707 579 708 579 246 579 246 580 708 580 247 580 708 581 709 581 247 581 247 582 709 582 242 582 709 583 710 583 242 583 242 584 710 584 243 584 710 585 711 585 243 585 243 586 711 586 244 586 711 587 712 587 244 587 244 588 712 588 239 588 712 589 713 589 239 589 239 590 713 590 240 590 713 591 714 591 240 591 240 592 714 592 241 592 714 593 715 593 241 593 241 594 715 594 236 594 715 595 716 595 236 595 236 596 716 596 237 596 716 597 717 597 237 597 237 598 717 598 238 598 717 599 718 599 238 599 238 600 718 600 233 600 718 601 719 601 233 601 233 602 719 602 234 602 719 603 720 603 234 603 234 604 720 604 235 604 720 604 721 604 235 604 235 605 721 605 230 605 721 606 722 606 230 606 230 607 722 607 231 607 722 607 723 607 231 607 231 608 723 608 232 608 723 609 724 609 232 609 232 610 724 610 227 610 724 611 725 611 227 611 227 612 725 612 228 612 725 613 726 613 228 613 228 614 726 614 229 614 726 615 727 615 229 615 229 616 727 616 224 616 727 617 728 617 224 617 224 618 728 618 225 618 728 619 729 619 225 619 225 620 729 620 226 620 729 621 730 621 226 621 226 622 730 622 219 622 730 623 731 623 219 623 219 624 731 624 220 624 731 625 732 625 220 625 220 626 732 626 222 626 732 627 661 627 222 627 149 628 733 628 150 628 733 629 734 629 150 629 150 358 734 358 217 358 734 358 735 358 217 358 217 630 735 630 218 630 735 631 736 631 218 631 218 361 736 361 214 361 736 362 737 362 214 362 214 632 737 632 215 632 737 633 738 633 215 633 215 365 738 365 216 365 738 366 739 366 216 366 216 634 739 634 211 634 739 635 740 635 211 635 211 369 740 369 212 369 740 369 741 369 212 369 212 370 741 370 213 370 741 371 742 371 213 371 213 636 742 636 208 636 742 637 743 637 208 637 208 638 743 638 209 638 743 639 744 639 209 639 209 640 744 640 210 640 744 641 745 641 210 641 210 642 745 642 205 642 745 643 746 643 205 643 205 380 746 380 206 380 746 381 747 381 206 381 206 382 747 382 207 382 747 383 748 383 207 383 207 644 748 644 202 644 748 644 749 644 202 644 202 645 749 645 203 645 749 646 750 646 203 646 203 388 750 388 204 388 750 389 751 389 204 389 204 390 751 390 199 390 751 391 752 391 199 391 199 647 752 647 200 647 752 648 753 648 200 648 200 649 753 649 201 649 753 649 754 649 201 649 201 396 754 396 196 396 754 397 755 397 196 397 196 398 755 398 197 398 755 399 756 399 197 399 197 650 756 650 198 650 756 651 757 651 198 651 198 652 757 652 193 652 757 653 758 653 193 653 193 654 758 654 194 654 758 655 759 655 194 655 194 656 759 656 195 656 759 657 760 657 195 657 195 408 760 408 190 408 760 409 761 409 190 409 190 410 761 410 191 410 761 410 762 410 191 410 191 658 762 658 192 658 762 659 763 659 192 659 192 413 763 413 187 413 763 414 764 414 187 414 187 660 764 660 188 660 764 661 765 661 188 661 188 417 765 417 189 417 765 418 766 418 189 418 189 662 766 662 184 662 766 663 767 663 184 663 184 421 767 421 185 421 767 421 768 421 185 421 185 664 768 664 186 664 768 665 769 665 186 665 186 666 769 666 181 666 769 667 770 667 181 667 181 426 770 426 182 426 770 426 771 426 182 426 182 668 771 668 183 668 771 669 772 669 183 669 183 429 772 429 178 429 772 430 773 430 178 430 178 670 773 670 179 670 773 671 774 671 179 671 179 433 774 433 180 433 774 434 775 434 180 434 180 672 775 672 175 672 775 673 776 673 175 673 175 437 776 437 176 437 776 437 777 437 176 437 176 438 777 438 177 438 777 439 778 439 177 439 177 674 778 674 172 674 778 675 779 675 172 675 172 676 779 676 173 676 779 677 780 677 173 677 173 678 780 678 174 678 780 679 781 679 174 679 174 680 781 680 169 680 781 681 782 681 169 681 169 448 782 448 170 448 782 449 783 449 170 449 170 450 783 450 171 450 783 451 784 451 171 451 171 682 784 682 166 682 784 683 785 683 166 683 166 684 785 684 167 684 785 685 786 685 167 685 167 455 786 455 168 455 786 456 787 456 168 456 168 457 787 457 163 457 787 458 788 458 163 458 163 686 788 686 164 686 788 687 789 687 164 687 164 688 789 688 165 688 789 689 790 689 165 689 165 462 790 462 160 462 790 463 791 463 160 463 160 464 791 464 161 464 791 465 792 465 161 465 161 690 792 690 162 690 792 691 793 691 162 691 162 692 793 692 157 692 793 693 794 693 157 693 157 694 794 694 158 694 794 695 795 695 158 695 158 696 795 696 159 696 795 697 796 697 159 697 159 474 796 474 154 474 796 475 797 475 154 475 154 476 797 476 155 476 797 476 798 476 155 476 155 698 798 698 156 698 798 699 799 699 156 699 156 479 799 479 151 479 799 480 800 480 151 480 151 700 800 700 152 700 800 701 801 701 152 701 152 483 801 483 153 483 801 484 802 484 153 484 153 702 802 702 146 702 802 703 803 703 146 703 146 487 803 487 147 487 803 487 804 487 147 487 147 704 804 704 149 704 804 705 733 705 149 705 805 706 39 706 806 706 39 707 38 707 806 707 806 708 38 708 807 708 38 709 43 709 807 709 807 710 43 710 808 710 43 711 42 711 808 711 808 712 42 712 809 712 42 713 41 713 809 713 809 714 41 714 810 714 41 715 46 715 810 715 810 716 46 716 811 716 46 717 45 717 811 717 811 718 45 718 812 718 45 719 44 719 812 719 812 720 44 720 813 720 44 721 49 721 813 721 813 722 49 722 814 722 49 723 48 723 814 723 814 724 48 724 815 724 48 725 47 725 815 725 815 726 47 726 816 726 47 727 52 727 816 727 816 728 52 728 817 728 52 729 51 729 817 729 817 730 51 730 818 730 51 731 50 731 818 731 818 732 50 732 819 732 50 733 55 733 819 733 819 734 55 734 820 734 55 735 54 735 820 735 820 736 54 736 821 736 54 737 53 737 821 737 821 738 53 738 822 738 53 739 58 739 822 739 822 740 58 740 823 740 58 741 57 741 823 741 823 742 57 742 824 742 57 743 56 743 824 743 824 744 56 744 825 744 56 745 61 745 825 745 825 746 61 746 826 746 61 747 60 747 826 747 826 748 60 748 827 748 60 749 59 749 827 749 827 750 59 750 828 750 59 751 64 751 828 751 828 752 64 752 829 752 64 753 63 753 829 753 829 754 63 754 830 754 63 755 62 755 830 755 830 756 62 756 831 756 62 757 67 757 831 757 831 758 67 758 832 758 67 759 66 759 832 759 832 760 66 760 833 760 66 761 65 761 833 761 833 762 65 762 834 762 65 763 70 763 834 763 834 764 70 764 835 764 70 765 69 765 835 765 835 766 69 766 836 766 69 767 68 767 836 767 836 768 68 768 837 768 68 769 72 769 837 769 837 770 72 770 838 770 72 771 71 771 838 771 838 772 71 772 839 772 71 773 4 773 839 773 839 774 4 774 840 774 4 775 3 775 840 775 840 776 3 776 841 776 3 777 1 777 841 777 841 778 1 778 842 778 1 779 0 779 842 779 842 780 0 780 843 780 0 781 7 781 843 781 843 782 7 782 844 782 7 783 6 783 844 783 844 784 6 784 845 784 6 785 5 785 845 785 845 786 5 786 846 786 5 787 10 787 846 787 846 788 10 788 847 788 10 789 9 789 847 789 847 790 9 790 848 790 9 791 8 791 848 791 848 792 8 792 849 792 8 793 13 793 849 793 849 794 13 794 850 794 13 795 12 795 850 795 850 796 12 796 851 796 12 797 11 797 851 797 851 798 11 798 852 798 11 799 16 799 852 799 852 800 16 800 853 800 16 801 15 801 853 801 853 802 15 802 854 802 15 803 14 803 854 803 854 804 14 804 855 804 14 805 19 805 855 805 855 806 19 806 856 806 19 807 18 807 856 807 856 808 18 808 857 808 18 809 17 809 857 809 857 810 17 810 858 810 17 811 22 811 858 811 858 812 22 812 859 812 22 813 21 813 859 813 859 814 21 814 860 814 21 815 20 815 860 815 860 816 20 816 861 816 20 817 25 817 861 817 861 818 25 818 862 818 25 819 24 819 862 819 862 820 24 820 863 820 24 821 23 821 863 821 863 822 23 822 864 822 23 823 28 823 864 823 864 824 28 824 865 824 28 825 27 825 865 825 865 826 27 826 866 826 27 827 26 827 866 827 866 828 26 828 867 828 26 829 31 829 867 829 867 830 31 830 868 830 31 831 30 831 868 831 868 832 30 832 869 832 30 833 29 833 869 833 869 834 29 834 870 834 29 835 34 835 870 835 870 836 34 836 871 836 34 837 33 837 871 837 871 838 33 838 872 838 33 839 32 839 872 839 872 840 32 840 873 840 32 841 37 841 873 841 873 842 37 842 874 842 37 843 36 843 874 843 874 844 36 844 875 844 36 845 35 845 875 845 875 846 35 846 876 846 35 847 40 847 876 847 876 848 40 848 805 848 40 849 39 849 805 849 76 490 877 490 77 490 877 491 878 491 77 491 77 850 878 850 144 850 878 493 879 493 144 493 144 851 879 851 145 851 879 495 880 495 145 495 145 496 880 496 141 496 880 497 881 497 141 497 141 498 881 498 142 498 881 499 882 499 142 499 142 852 882 852 143 852 882 501 883 501 143 501 143 853 883 853 138 853 883 503 884 503 138 503 138 854 884 854 139 854 884 855 885 855 139 855 139 856 885 856 140 856 885 507 886 507 140 507 140 508 886 508 135 508 886 509 887 509 135 509 135 510 887 510 136 510 887 510 888 510 136 510 136 511 888 511 137 511 888 857 889 857 137 857 137 513 889 513 132 513 889 858 890 858 132 858 132 859 890 859 133 859 890 514 891 514 133 514 133 516 891 516 134 516 891 517 892 517 134 517 134 860 892 860 129 860 892 519 893 519 129 519 129 520 893 520 130 520 893 861 894 861 130 861 130 862 894 862 131 862 894 523 895 523 131 523 131 524 895 524 126 524 895 863 896 863 126 863 126 864 896 864 127 864 896 527 897 527 127 527 127 528 897 528 128 528 897 865 898 865 128 865 128 530 898 530 123 530 898 531 899 531 123 531 123 866 899 866 124 866 899 532 900 532 124 532 124 535 900 535 125 535 900 535 901 535 125 535 125 867 901 867 120 867 901 537 902 537 120 537 120 538 902 538 121 538 902 538 903 538 121 538 121 539 903 539 122 539 903 540 904 540 122 540 122 541 904 541 117 541 904 868 905 868 117 868 117 869 905 869 118 869 905 870 906 870 118 870 118 545 906 545 119 545 906 871 907 871 119 871 119 547 907 547 114 547 907 872 908 872 114 872 114 549 908 549 115 549 908 550 909 550 115 550 115 551 909 551 116 551 909 552 910 552 116 552 116 553 910 553 111 553 910 873 911 873 111 873 111 555 911 555 112 555 911 874 912 874 112 874 112 557 912 557 113 557 912 558 913 558 113 558 113 559 913 559 108 559 913 560 914 560 108 560 108 875 914 875 109 875 914 562 915 562 109 562 109 876 915 876 110 876 915 564 916 564 110 564 110 565 916 565 105 565 916 566 917 566 105 566 105 567 917 567 106 567 917 568 918 568 106 568 106 877 918 877 107 877 918 570 919 570 107 570 107 878 919 878 102 878 919 572 920 572 102 572 102 879 920 879 103 879 920 880 921 880 103 880 103 881 921 881 104 881 921 576 922 576 104 576 104 577 922 577 99 577 922 578 923 578 99 578 99 579 923 579 100 579 923 579 924 579 100 579 100 580 924 580 101 580 924 882 925 882 101 882 101 582 925 582 96 582 925 582 926 582 96 582 96 585 926 585 97 585 926 883 927 883 97 883 97 586 927 586 98 586 927 587 928 587 98 587 98 884 928 884 93 884 928 589 929 589 93 589 93 590 929 590 94 590 929 885 930 885 94 885 94 886 930 886 95 886 930 593 931 593 95 593 95 594 931 594 90 594 931 887 932 887 90 887 90 888 932 888 91 888 932 597 933 597 91 597 91 598 933 598 92 598 933 889 934 889 92 889 92 600 934 600 87 600 934 601 935 601 87 601 87 603 935 603 88 603 935 890 936 890 88 890 88 891 936 891 89 891 936 604 937 604 89 604 89 892 937 892 84 892 937 606 938 606 84 606 84 607 938 607 85 607 938 607 939 607 85 607 85 608 939 608 86 608 939 609 940 609 86 609 86 610 940 610 81 610 940 893 941 893 81 893 81 894 941 894 82 894 941 895 942 895 82 895 82 614 942 614 83 614 942 896 943 896 83 896 83 616 943 616 78 616 943 897 944 897 78 897 78 618 944 618 79 618 944 619 945 619 79 619 79 620 945 620 80 620 945 621 946 621 80 621 80 622 946 622 73 622 946 898 947 898 73 898 73 624 947 624 74 624 947 899 948 899 74 899 74 626 948 626 76 626 948 627 877 627 76 627 530 900 949 900 532 900 949 901 950 901 532 901 532 902 950 902 534 902 950 903 951 903 534 903 534 904 951 904 536 904 951 905 952 905 536 905 536 906 952 906 538 906 952 907 953 907 538 907 538 908 953 908 540 908 953 909 954 909 540 909 540 910 954 910 542 910 954 911 955 911 542 911 542 911 955 911 544 911 955 912 956 912 544 912 544 912 956 912 546 912 956 913 957 913 546 913 546 914 957 914 548 914 957 915 958 915 548 915 548 916 958 916 550 916 958 917 959 917 550 917 550 918 959 918 552 918 959 919 960 919 552 919 552 920 960 920 554 920 960 921 961 921 554 921 554 922 961 922 556 922 961 923 962 923 556 923 556 924 962 924 558 924 962 925 963 925 558 925 558 925 963 925 560 925 963 926 964 926 560 926 560 927 964 927 562 927 964 928 965 928 562 928 562 928 965 928 564 928 965 929 966 929 564 929 564 929 966 929 566 929 966 930 967 930 566 930 566 931 967 931 568 931 967 932 968 932 568 932 568 933 968 933 570 933 968 934 969 934 570 934 570 935 969 935 572 935 969 936 970 936 572 936 572 937 970 937 574 937 970 938 971 938 574 938 574 939 971 939 576 939 971 940 972 940 576 940 576 941 972 941 578 941 972 942 973 942 578 942 578 943 973 943 580 943 973 944 974 944 580 944 580 945 974 945 582 945 974 946 975 946 582 946 582 947 975 947 584 947 975 948 976 948 584 948 584 949 976 949 586 949 976 950 977 950 586 950 586 951 977 951 588 951 977 952 978 952 588 952 588 953 978 953 446 953 978 954 979 954 446 954 446 955 979 955 448 955 979 248 980 248 448 248 448 956 980 956 450 956 980 957 981 957 450 957 450 958 981 958 452 958 981 959 982 959 452 959 982 960 983 960 452 960 452 960 983 960 454 960 983 961 984 961 454 961 454 962 984 962 456 962 984 963 985 963 456 963 456 963 985 963 458 963 985 964 986 964 458 964 458 965 986 965 460 965 986 966 987 966 460 966 460 967 987 967 462 967 987 968 988 968 462 968 462 969 988 969 464 969 988 970 989 970 464 970 464 971 989 971 466 971 989 972 990 972 466 972 466 973 990 973 468 973 990 974 991 974 468 974 468 975 991 975 470 975 991 976 992 976 470 976 470 976 992 976 472 976 992 977 993 977 472 977 472 977 993 977 474 977 993 978 994 978 474 978 474 979 994 979 476 979 994 980 995 980 476 980 476 981 995 981 478 981 995 982 996 982 478 982 478 983 996 983 480 983 996 984 997 984 480 984 480 985 997 985 482 985 997 986 998 986 482 986 482 987 998 987 484 987 998 988 999 988 484 988 484 989 999 989 486 989 999 990 1000 990 486 990 486 990 1000 990 488 990 1000 991 1001 991 488 991 488 992 1001 992 490 992 1001 993 1002 993 490 993 490 993 1002 993 492 993 1002 994 1003 994 492 994 492 994 1003 994 494 994 1003 995 1004 995 494 995 494 996 1004 996 496 996 1004 997 1005 997 496 997 496 998 1005 998 498 998 1005 999 1006 999 498 999 498 1000 1006 1000 500 1000 1006 1001 1007 1001 500 1001 500 1002 1007 1002 502 1002 1007 1003 1008 1003 502 1003 502 1004 1008 1004 504 1004 1008 1005 1009 1005 504 1005 504 1006 1009 1006 506 1006 1009 1007 1010 1007 506 1007 506 1008 1010 1008 508 1008 1010 1009 1011 1009 508 1009 508 1010 1011 1010 510 1010 1011 1011 1012 1011 510 1011 510 1012 1012 1012 512 1012 1012 1013 1013 1013 512 1013 512 1014 1013 1014 514 1014 1013 1015 1014 1015 514 1015 514 1016 1014 1016 516 1016 1014 1017 1015 1017 516 1017 516 1018 1015 1018 518 1018 1015 1019 1016 1019 518 1019 518 1020 1016 1020 520 1020 1016 314 1017 314 520 314 520 1021 1017 1021 522 1021 1017 1022 1018 1022 522 1022 522 1022 1018 1022 524 1022 1018 1023 1019 1023 524 1023 524 1023 1019 1023 526 1023 1019 1024 1020 1024 526 1024 526 1025 1020 1025 528 1025 1020 1026 1021 1026 528 1026 528 1027 1021 1027 530 1027 1021 1028 1022 1028 530 1028 530 1029 1022 1029 949 1029 1023 1030 1024 1030 1025 1030 1024 1031 1026 1031 1025 1031 1025 1032 1026 1032 1027 1032 1026 1033 1028 1033 1027 1033 1027 1033 1028 1033 1029 1033 1028 1034 1030 1034 1029 1034 1029 1035 1030 1035 1031 1035 1030 1036 1032 1036 1031 1036 1031 1037 1032 1037 1033 1037 1032 1038 1034 1038 1033 1038 1033 1038 1034 1038 1035 1038 1034 1039 1036 1039 1035 1039 1035 1040 1036 1040 1037 1040 1036 1041 1038 1041 1037 1041 1037 1041 1038 1041 1039 1041 1038 1042 1040 1042 1039 1042 1039 1043 1040 1043 1041 1043 1040 1044 1042 1044 1041 1044 1041 1045 1042 1045 1043 1045 1042 930 1044 930 1043 930 1043 1046 1044 1046 1045 1046 1044 1047 1046 1047 1045 1047 1045 1048 1046 1048 1047 1048 1046 1049 1048 1049 1047 1049 1047 1050 1048 1050 1049 1050 1048 1051 1050 1051 1049 1051 1049 1052 1050 1052 1051 1052 1050 925 1052 925 1051 925 1051 925 1052 925 1053 925 1052 1053 1054 1053 1053 1053 1053 1053 1054 1053 1055 1053 1054 1054 1056 1054 1055 1054 1055 1055 1056 1055 1057 1055 1056 1056 1058 1056 1057 1056 1057 1057 1058 1057 1059 1057 1058 1058 1060 1058 1059 1058 1059 1059 1060 1059 1061 1059 1060 1060 1062 1060 1061 1060 1061 1061 1062 1061 1063 1061 1062 1062 1064 1062 1063 1062 1063 1062 1064 1062 1065 1062 1064 1063 1066 1063 1065 1063 1065 1063 1066 1063 1067 1063 1066 1064 1068 1064 1067 1064 1067 1064 1068 1064 1069 1064 1068 1065 1070 1065 1069 1065 1069 1065 1070 1065 1071 1065 1070 1066 1072 1066 1071 1066 1071 1067 1072 1067 1073 1067 1072 1068 1074 1068 1073 1068 1073 1069 1074 1069 1075 1069 1074 1070 1076 1070 1075 1070 1075 1071 1076 1071 1077 1071 1076 1072 1078 1072 1077 1072 1078 1073 1079 1073 1077 1073 1077 1074 1079 1074 1080 1074 1079 1075 1081 1075 1080 1075 1080 1075 1081 1075 1082 1075 1081 1076 1083 1076 1082 1076 1082 1076 1083 1076 1084 1076 1083 1077 1085 1077 1084 1077 1084 1078 1085 1078 1086 1078 1085 1079 1087 1079 1086 1079 1086 1080 1087 1080 1088 1080 1087 1081 1089 1081 1088 1081 1088 1082 1089 1082 1090 1082 1089 1083 1091 1083 1090 1083 1090 314 1091 314 1092 314 1091 1084 1093 1084 1092 1084 1092 1085 1093 1085 1094 1085 1093 1086 1095 1086 1094 1086 1094 1087 1095 1087 1096 1087 1095 1088 1097 1088 1096 1088 1096 1088 1097 1088 1098 1088 1097 1089 1099 1089 1098 1089 1098 1090 1099 1090 1100 1090 1099 1091 1101 1091 1100 1091 1100 1091 1101 1091 1102 1091 1101 1092 1103 1092 1102 1092 1102 1093 1103 1093 1104 1093 1103 1094 1105 1094 1104 1094 1104 1095 1105 1095 1106 1095 1105 1096 1107 1096 1106 1096 1106 1096 1107 1096 1108 1096 1107 1097 1109 1097 1108 1097 1108 1098 1109 1098 1110 1098 1109 1099 1111 1099 1110 1099 1110 1099 1111 1099 1112 1099 1111 1100 1113 1100 1112 1100 1112 1101 1113 1101 1114 1101 1113 1102 1115 1102 1114 1102 1114 1103 1115 1103 1116 1103 1115 995 1117 995 1116 995 1116 1104 1117 1104 1118 1104 1117 1105 1119 1105 1118 1105 1118 1106 1119 1106 1120 1106 1119 1107 1121 1107 1120 1107 1120 1108 1121 1108 1122 1108 1121 1109 1123 1109 1122 1109 1122 1110 1123 1110 1124 1110 1123 990 1125 990 1124 990 1124 990 1125 990 1126 990 1125 1111 1127 1111 1126 1111 1126 1111 1127 1111 1128 1111 1127 1112 1129 1112 1128 1112 1128 1113 1129 1113 1130 1113 1129 1114 1131 1114 1130 1114 1130 1115 1131 1115 1132 1115 1131 1116 1133 1116 1132 1116 1132 1117 1133 1117 1134 1117 1133 1118 1135 1118 1134 1118 1134 1119 1135 1119 1136 1119 1135 1120 1137 1120 1136 1120 1136 1120 1137 1120 1138 1120 1137 1121 1139 1121 1138 1121 1138 1121 1139 1121 1140 1121 1139 1122 1141 1122 1140 1122 1140 1122 1141 1122 1142 1122 1141 1123 1143 1123 1142 1123 1142 1123 1143 1123 1144 1123 1143 1124 1145 1124 1144 1124 1144 1125 1145 1125 1146 1125 1145 1126 1147 1126 1146 1126 1146 1127 1147 1127 1148 1127 1147 1128 1149 1128 1148 1128 1148 1129 1149 1129 1150 1129 1149 1130 1151 1130 1150 1130 1150 1131 1151 1131 1152 1131 1151 1132 1153 1132 1152 1132 1152 1132 1153 1132 1154 1132 1153 963 1155 963 1154 963 1154 963 1155 963 1156 963 1155 1133 1157 1133 1156 1133 1156 1134 1157 1134 1158 1134 1157 1135 1159 1135 1158 1135 1158 1136 1159 1136 1160 1136 1159 1137 1161 1137 1160 1137 1160 1138 1161 1138 1162 1138 1161 1139 1163 1139 1162 1139 1162 248 1163 248 1164 248 1163 1140 1165 1140 1164 1140 1164 1141 1165 1141 1166 1141 1165 1142 1167 1142 1166 1142 1166 1143 1167 1143 1023 1143 1167 1144 1168 1144 1023 1144 1023 1030 1168 1030 1024 1030 1169 1145 1170 1145 1171 1145 1170 1146 1172 1146 1171 1146 1171 1146 1172 1146 1173 1146 1172 1147 1174 1147 1173 1147 1173 1148 1174 1148 1175 1148 1174 1149 1176 1149 1175 1149 1175 1150 1176 1150 1177 1150 1176 1151 1178 1151 1177 1151 1177 1152 1178 1152 1179 1152 1178 1153 1180 1153 1179 1153 1179 1154 1180 1154 1181 1154 1180 1155 1182 1155 1181 1155 1181 1156 1182 1156 1183 1156 1182 1157 1184 1157 1183 1157 1183 1158 1184 1158 1185 1158 1184 1159 1186 1159 1185 1159 1185 1160 1186 1160 1187 1160 1186 1161 1188 1161 1187 1161 1187 1162 1188 1162 1189 1162 1188 1163 1190 1163 1189 1163 1189 1164 1190 1164 1191 1164 1190 1165 1192 1165 1191 1165 1191 1165 1192 1165 1193 1165 1192 1166 1194 1166 1193 1166 1193 1167 1194 1167 1195 1167 1194 1168 1196 1168 1195 1168 1195 1168 1196 1168 1197 1168 1196 1169 1198 1169 1197 1169 1197 1170 1198 1170 1199 1170 1198 1171 1200 1171 1199 1171 1199 1171 1200 1171 1201 1171 1200 1172 1202 1172 1201 1172 1201 1173 1202 1173 1203 1173 1202 1174 1204 1174 1203 1174 1203 1175 1204 1175 1205 1175 1204 1176 1206 1176 1205 1176 1205 1177 1206 1177 1207 1177 1206 1178 1208 1178 1207 1178 1207 1179 1208 1179 1209 1179 1208 1180 1210 1180 1209 1180 1209 1180 1210 1180 1211 1180 1210 1181 1212 1181 1211 1181 1211 1182 1212 1182 1213 1182 1212 1183 1214 1183 1213 1183 1213 1183 1214 1183 1215 1183 1214 1184 1216 1184 1215 1184 1215 1185 1216 1185 1217 1185 1216 1186 1218 1186 1217 1186 1217 1186 1218 1186 1219 1186 1218 1187 1220 1187 1219 1187 1219 1188 1220 1188 1221 1188 1220 1189 1222 1189 1221 1189 1221 1190 1222 1190 1223 1190 1222 1191 1224 1191 1223 1191 1223 1192 1224 1192 1225 1192 1224 1193 1226 1193 1225 1193 1225 1194 1226 1194 1227 1194 1226 1195 1228 1195 1227 1195 1227 1196 1228 1196 1229 1196 1228 1197 1230 1197 1229 1197 1229 1198 1230 1198 1231 1198 1230 1199 1232 1199 1231 1199 1231 1200 1232 1200 1233 1200 1232 1201 1234 1201 1233 1201 1233 1202 1234 1202 1235 1202 1234 1203 1236 1203 1235 1203 1235 1204 1236 1204 1237 1204 1236 1205 1238 1205 1237 1205 1237 1205 1238 1205 1239 1205 1238 1206 1240 1206 1239 1206 1239 1206 1240 1206 1241 1206 1240 1207 1242 1207 1241 1207 1241 1207 1242 1207 1243 1207 1242 1208 1244 1208 1243 1208 1243 1208 1244 1208 1245 1208 1244 1209 1246 1209 1245 1209 1245 1210 1246 1210 1247 1210 1246 1211 1248 1211 1247 1211 1247 1212 1248 1212 1249 1212 1248 1213 1250 1213 1249 1213 1249 1214 1250 1214 1251 1214 1250 1215 1252 1215 1251 1215 1251 1216 1252 1216 1253 1216 1252 1217 1254 1217 1253 1217 1253 1218 1254 1218 1255 1218 1254 1219 1256 1219 1255 1219 1255 1220 1256 1220 1257 1220 1256 1221 1258 1221 1257 1221 1257 1222 1258 1222 1259 1222 1258 1223 1260 1223 1259 1223 1259 1224 1260 1224 1261 1224 1260 1225 1262 1225 1261 1225 1261 1226 1262 1226 1263 1226 1262 1227 1264 1227 1263 1227 1263 1227 1264 1227 1265 1227 1264 1228 1266 1228 1265 1228 1265 1229 1266 1229 1267 1229 1266 1230 1268 1230 1267 1230 1267 1230 1268 1230 1269 1230 1268 1231 1270 1231 1269 1231 1269 1232 1270 1232 1271 1232 1270 1233 1272 1233 1271 1233 1271 1233 1272 1233 1273 1233 1272 1234 1274 1234 1273 1234 1273 1235 1274 1235 1275 1235 1274 1236 1276 1236 1275 1236 1275 1237 1276 1237 1277 1237 1276 1238 1278 1238 1277 1238 1277 1239 1278 1239 1279 1239 1278 1240 1280 1240 1279 1240 1279 1241 1280 1241 1281 1241 1280 1242 1282 1242 1281 1242 1281 1242 1282 1242 1283 1242 1282 1243 1284 1243 1283 1243 1283 1244 1284 1244 1285 1244 1284 1245 1286 1245 1285 1245 1285 1245 1286 1245 1287 1245 1286 1246 1288 1246 1287 1246 1287 1247 1288 1247 1289 1247 1288 1248 1290 1248 1289 1248 1289 1248 1290 1248 1291 1248 1290 1249 1292 1249 1291 1249 1291 1250 1292 1250 1293 1250 1292 1251 1294 1251 1293 1251 1293 1252 1294 1252 1295 1252 1294 1253 1296 1253 1295 1253 1295 1254 1296 1254 1297 1254 1296 1255 1298 1255 1297 1255 1297 1256 1298 1256 1299 1256 1298 1257 1300 1257 1299 1257 1299 1258 1300 1258 1301 1258 1300 1259 1302 1259 1301 1259 1301 1260 1302 1260 1303 1260 1302 1261 1304 1261 1303 1261 1303 1262 1304 1262 1305 1262 1304 1263 1306 1263 1305 1263 1305 1264 1306 1264 1307 1264 1306 1265 1308 1265 1307 1265 1307 1266 1308 1266 1309 1266 1308 1267 1310 1267 1309 1267 1309 1267 1310 1267 1311 1267 1310 1268 1312 1268 1311 1268 1311 1268 1312 1268 1169 1268 1312 1145 1170 1145 1169 1145 1313 1269 1314 1269 1315 1269 1314 1270 1316 1270 1315 1270 1315 1271 1316 1271 1317 1271 1316 1272 1318 1272 1317 1272 1317 1273 1318 1273 1319 1273 1318 1274 1320 1274 1319 1274 1319 1275 1320 1275 1321 1275 1320 1276 1322 1276 1321 1276 1321 1277 1322 1277 1323 1277 1322 1278 1324 1278 1323 1278 1323 1279 1324 1279 1325 1279 1324 1280 1326 1280 1325 1280 1325 1281 1326 1281 1327 1281 1326 1282 1328 1282 1327 1282 1327 1283 1328 1283 1329 1283 1328 1284 1330 1284 1329 1284 1329 1285 1330 1285 1331 1285 1330 1286 1332 1286 1331 1286 1331 1287 1332 1287 1333 1287 1332 1288 1334 1288 1333 1288 1333 1289 1334 1289 1335 1289 1334 1290 1336 1290 1335 1290 1335 1291 1336 1291 1337 1291 1336 1292 1338 1292 1337 1292 1337 1293 1338 1293 1339 1293 1338 1294 1340 1294 1339 1294 1339 1294 1340 1294 1341 1294 1340 1295 1342 1295 1341 1295 1341 1296 1342 1296 1343 1296 1342 1297 1344 1297 1343 1297 1343 1298 1344 1298 1345 1298 1344 1299 1346 1299 1345 1299 1345 1300 1346 1300 1347 1300 1346 1301 1348 1301 1347 1301 1347 1302 1348 1302 1349 1302 1348 1303 1350 1303 1349 1303 1349 1304 1350 1304 1351 1304 1350 1305 1352 1305 1351 1305 1351 1306 1352 1306 1353 1306 1352 1307 1354 1307 1353 1307 1353 1308 1354 1308 1355 1308 1354 1309 1356 1309 1355 1309 1355 1310 1356 1310 1357 1310 1356 1311 1358 1311 1357 1311 1357 1311 1358 1311 1359 1311 1358 1312 1360 1312 1359 1312 1359 1313 1360 1313 1361 1313 1360 1314 1362 1314 1361 1314 1361 281 1362 281 1363 281 1362 1315 1364 1315 1363 1315 1363 1316 1364 1316 1365 1316 1364 1317 1366 1317 1365 1317 1365 1318 1366 1318 1367 1318 1366 1319 1368 1319 1367 1319 1367 1320 1368 1320 1369 1320 1368 1321 1370 1321 1369 1321 1369 1322 1370 1322 1371 1322 1370 1323 1372 1323 1371 1323 1371 1324 1372 1324 1373 1324 1372 1325 1374 1325 1373 1325 1373 1326 1374 1326 1375 1326 1374 1199 1376 1199 1375 1199 1375 1327 1376 1327 1377 1327 1376 1328 1378 1328 1377 1328 1377 1329 1378 1329 1379 1329 1378 1330 1380 1330 1379 1330 1379 1331 1380 1331 1381 1331 1380 1332 1382 1332 1381 1332 1381 1333 1382 1333 1383 1333 1382 1334 1384 1334 1383 1334 1383 1335 1384 1335 1385 1335 1384 1336 1386 1336 1385 1336 1385 1337 1386 1337 1387 1337 1386 1338 1388 1338 1387 1338 1387 1339 1388 1339 1389 1339 1388 1340 1390 1340 1389 1340 1389 1341 1390 1341 1391 1341 1390 1342 1392 1342 1391 1342 1391 1343 1392 1343 1393 1343 1392 1344 1394 1344 1393 1344 1393 1345 1394 1345 1395 1345 1394 1346 1396 1346 1395 1346 1395 1347 1396 1347 1397 1347 1396 1348 1398 1348 1397 1348 1397 1349 1398 1349 1399 1349 1398 1350 1400 1350 1399 1350 1399 1351 1400 1351 1401 1351 1400 1352 1402 1352 1401 1352 1401 1353 1402 1353 1403 1353 1402 1354 1404 1354 1403 1354 1403 1355 1404 1355 1405 1355 1404 1356 1406 1356 1405 1356 1405 1357 1406 1357 1407 1357 1406 1358 1408 1358 1407 1358 1407 1359 1408 1359 1409 1359 1408 1360 1410 1360 1409 1360 1409 1361 1410 1361 1411 1361 1410 1362 1412 1362 1411 1362 1411 1362 1412 1362 1413 1362 1412 1363 1414 1363 1413 1363 1413 1364 1414 1364 1415 1364 1414 1365 1416 1365 1415 1365 1415 1366 1416 1366 1417 1366 1416 1367 1418 1367 1417 1367 1417 1368 1418 1368 1419 1368 1418 1369 1420 1369 1419 1369 1419 1370 1420 1370 1421 1370 1420 1371 1422 1371 1421 1371 1421 1372 1422 1372 1423 1372 1422 1373 1424 1373 1423 1373 1423 1374 1424 1374 1425 1374 1424 1375 1426 1375 1425 1375 1425 1376 1426 1376 1427 1376 1426 1377 1428 1377 1427 1377 1427 1378 1428 1378 1429 1378 1428 1379 1430 1379 1429 1379 1429 1379 1430 1379 1431 1379 1430 1380 1432 1380 1431 1380 1431 1381 1432 1381 1433 1381 1432 1382 1434 1382 1433 1382 1433 347 1434 347 1435 347 1434 1383 1436 1383 1435 1383 1435 1384 1436 1384 1437 1384 1436 1385 1438 1385 1437 1385 1437 1386 1438 1386 1439 1386 1438 1387 1440 1387 1439 1387 1439 1388 1440 1388 1441 1388 1440 1389 1442 1389 1441 1389 1441 1390 1442 1390 1443 1390 1442 1391 1444 1391 1443 1391 1443 1392 1444 1392 1445 1392 1444 1393 1446 1393 1445 1393 1445 1394 1446 1394 1447 1394 1446 1261 1448 1261 1447 1261 1447 1395 1448 1395 1449 1395 1448 1396 1450 1396 1449 1396 1449 1397 1450 1397 1451 1397 1450 1398 1452 1398 1451 1398 1451 1399 1452 1399 1453 1399 1452 1400 1454 1400 1453 1400 1453 1401 1454 1401 1455 1401 1454 1402 1456 1402 1455 1402 1455 1403 1456 1403 1313 1403 1456 1404 1314 1404 1313 1404 1457 1405 1458 1405 1459 1405 1458 1406 1460 1406 1459 1406 1459 1407 1460 1407 1461 1407 1460 1408 1462 1408 1461 1408 1461 1409 1462 1409 1463 1409 1462 1410 1464 1410 1463 1410 1463 1411 1464 1411 1465 1411 1464 1412 1466 1412 1465 1412 1465 1413 1466 1413 1467 1413 1466 1414 1468 1414 1467 1414 1467 1415 1468 1415 1469 1415 1468 1416 1470 1416 1469 1416 1469 1417 1470 1417 1471 1417 1470 1418 1472 1418 1471 1418 1471 1419 1472 1419 1473 1419 1472 1420 1474 1420 1473 1420 1473 1421 1474 1421 1475 1421 1474 1422 1476 1422 1475 1422 1475 1423 1476 1423 1477 1423 1476 1424 1478 1424 1477 1424 1477 1424 1478 1424 1479 1424 1478 1425 1480 1425 1479 1425 1479 1426 1480 1426 1481 1426 1480 1427 1482 1427 1481 1427 1481 1428 1482 1428 1483 1428 1482 1429 1484 1429 1483 1429 1483 1429 1484 1429 1485 1429 1484 1430 1486 1430 1485 1430 1485 1430 1486 1430 1487 1430 1486 1431 1488 1431 1487 1431 1487 1431 1488 1431 1489 1431 1488 1432 1490 1432 1489 1432 1489 1433 1490 1433 1491 1433 1490 1301 1492 1301 1491 1301 1491 1301 1492 1301 1493 1301 1492 1303 1494 1303 1493 1303 1493 1303 1494 1303 1495 1303 1494 1434 1496 1434 1495 1434 1495 1435 1496 1435 1497 1435 1496 1436 1498 1436 1497 1436 1497 1436 1498 1436 1499 1436 1498 1437 1500 1437 1499 1437 1499 1437 1500 1437 1501 1437 1500 1438 1502 1438 1501 1438 1501 1438 1502 1438 1503 1438 1502 1439 1504 1439 1503 1439 1503 1440 1504 1440 1505 1440 1504 1441 1506 1441 1505 1441 1505 1442 1506 1442 1507 1442 1506 1443 1508 1443 1507 1443 1507 1443 1508 1443 1509 1443 1508 1444 1510 1444 1509 1444 1509 1445 1510 1445 1511 1445 1510 1446 1512 1446 1511 1446 1511 1447 1512 1447 1513 1447 1512 1448 1514 1448 1513 1448 1513 1449 1514 1449 1515 1449 1514 1450 1516 1450 1515 1450 1515 1451 1516 1451 1517 1451 1516 1452 1518 1452 1517 1452 1517 1453 1518 1453 1519 1453 1518 1454 1520 1454 1519 1454 1519 1455 1520 1455 1521 1455 1520 1456 1522 1456 1521 1456 1521 1457 1522 1457 1523 1457 1522 1458 1524 1458 1523 1458 1523 1459 1524 1459 1525 1459 1524 1460 1526 1460 1525 1460 1525 1461 1526 1461 1527 1461 1526 1462 1528 1462 1527 1462 1527 1463 1528 1463 1529 1463 1528 1464 1530 1464 1529 1464 1529 1465 1530 1465 1531 1465 1530 1466 1532 1466 1531 1466 1531 1467 1532 1467 1533 1467 1532 1468 1534 1468 1533 1468 1533 1469 1534 1469 1535 1469 1534 1470 1536 1470 1535 1470 1535 1471 1536 1471 1537 1471 1536 1472 1538 1472 1537 1472 1537 1473 1538 1473 1539 1473 1538 1474 1540 1474 1539 1474 1539 1475 1540 1475 1541 1475 1540 1476 1542 1476 1541 1476 1541 1477 1542 1477 1543 1477 1542 1478 1544 1478 1543 1478 1543 1479 1544 1479 1545 1479 1544 1480 1546 1480 1545 1480 1545 1481 1546 1481 1547 1481 1546 1482 1548 1482 1547 1482 1547 1483 1548 1483 1549 1483 1548 1484 1550 1484 1549 1484 1549 1484 1550 1484 1551 1484 1550 1485 1552 1485 1551 1485 1551 1486 1552 1486 1553 1486 1552 1487 1554 1487 1553 1487 1553 1488 1554 1488 1555 1488 1554 1489 1556 1489 1555 1489 1555 1489 1556 1489 1557 1489 1556 1490 1558 1490 1557 1490 1557 1490 1558 1490 1559 1490 1558 1491 1560 1491 1559 1491 1559 1491 1560 1491 1561 1491 1560 1492 1562 1492 1561 1492 1561 1493 1562 1493 1563 1493 1562 1369 1564 1369 1563 1369 1563 1369 1564 1369 1565 1369 1564 1371 1566 1371 1565 1371 1565 1371 1566 1371 1567 1371 1566 1494 1568 1494 1567 1494 1567 1495 1568 1495 1569 1495 1568 1496 1570 1496 1569 1496 1569 1496 1570 1496 1571 1496 1570 1497 1572 1497 1571 1497 1571 1497 1572 1497 1573 1497 1572 1498 1574 1498 1573 1498 1573 1498 1574 1498 1575 1498 1574 1499 1576 1499 1575 1499 1575 1500 1576 1500 1577 1500 1576 1501 1578 1501 1577 1501 1577 1502 1578 1502 1579 1502 1578 1503 1580 1503 1579 1503 1579 1503 1580 1503 1581 1503 1580 1504 1582 1504 1581 1504 1581 1505 1582 1505 1583 1505 1582 1506 1584 1506 1583 1506 1583 1507 1584 1507 1585 1507 1584 1508 1586 1508 1585 1508 1585 1509 1586 1509 1587 1509 1586 1510 1588 1510 1587 1510 1587 1511 1588 1511 1589 1511 1588 1512 1590 1512 1589 1512 1589 1513 1590 1513 1591 1513 1590 1514 1592 1514 1591 1514 1591 1515 1592 1515 1593 1515 1592 1516 1594 1516 1593 1516 1593 1517 1594 1517 1595 1517 1594 1518 1596 1518 1595 1518 1595 1519 1596 1519 1597 1519 1596 1520 1598 1520 1597 1520 1597 1521 1598 1521 1599 1521 1598 1522 1600 1522 1599 1522 1599 1523 1600 1523 1457 1523 1600 1524 1458 1524 1457 1524 865 1525 1576 1525 864 1525 1576 0 1574 0 864 0 864 0 1574 0 863 0 1574 0 1572 0 863 0 863 1526 1572 1526 862 1526 1572 1527 1570 1527 862 1527 862 0 1570 0 861 0 1570 0 1568 0 861 0 861 0 1568 0 860 0 1568 0 1566 0 860 0 860 1526 1566 1526 859 1526 1566 1528 1564 1528 859 1528 859 0 1564 0 858 0 1564 0 1562 0 858 0 858 0 1562 0 857 0 1562 0 1560 0 857 0 857 0 1560 0 856 0 1560 0 1558 0 856 0 856 0 1558 0 855 0 1558 0 1556 0 855 0 855 0 1556 0 854 0 1556 0 1554 0 854 0 854 0 1554 0 853 0 1554 1529 1552 1529 853 1529 853 1530 1552 1530 852 1530 1552 1531 1550 1531 852 1531 852 0 1550 0 851 0 1550 0 1548 0 851 0 851 1532 1548 1532 850 1532 1548 0 1546 0 850 0 850 1525 1546 1525 849 1525 1546 0 1544 0 849 0 849 0 1544 0 848 0 1544 1533 1542 1533 848 1533 848 1534 1542 1534 847 1534 1542 0 1540 0 847 0 847 0 1540 0 846 0 1540 1535 1538 1535 846 1535 846 0 1538 0 845 0 1538 1536 1536 1536 845 1536 845 1537 1536 1537 844 1537 1536 1538 1534 1538 844 1538 844 1539 1534 1539 843 1539 1534 0 1532 0 843 0 843 1531 1532 1531 842 1531 1532 0 1530 0 842 0 842 0 1530 0 841 0 1530 1540 1528 1540 841 1540 841 0 1528 0 840 0 1528 0 1526 0 840 0 840 1541 1526 1541 839 1541 1526 1542 1524 1542 839 1542 839 1528 1524 1528 838 1528 1524 0 1522 0 838 0 838 0 1522 0 837 0 1522 0 1520 0 837 0 837 1543 1520 1543 836 1543 1520 0 1518 0 836 0 836 0 1518 0 835 0 1518 1535 1516 1535 835 1535 835 1544 1516 1544 834 1544 1516 0 1514 0 834 0 834 0 1514 0 833 0 1514 0 1512 0 833 0 833 0 1512 0 832 0 1512 1545 1510 1545 832 1545 832 1532 1510 1532 831 1532 1510 0 1508 0 831 0 831 0 1508 0 830 0 1508 0 1506 0 830 0 830 0 1506 0 829 0 1506 0 1504 0 829 0 829 1526 1504 1526 828 1526 1504 0 1502 0 828 0 828 0 1502 0 827 0 1502 0 1500 0 827 0 827 1525 1500 1525 826 1525 1500 1546 1498 1546 826 1546 826 0 1498 0 825 0 1498 0 1496 0 825 0 825 0 1496 0 824 0 1496 0 1494 0 824 0 824 1525 1494 1525 823 1525 1494 1531 1492 1531 823 1531 823 0 1492 0 822 0 1492 0 1490 0 822 0 822 0 1490 0 821 0 1490 0 1488 0 821 0 821 0 1488 0 820 0 1488 0 1486 0 820 0 820 0 1486 0 819 0 1486 0 1484 0 819 0 819 0 1484 0 818 0 1484 0 1482 0 818 0 818 0 1482 0 817 0 1482 1547 1480 1547 817 1547 817 1548 1480 1548 816 1548 1480 1528 1478 1528 816 1528 816 0 1478 0 815 0 1478 0 1476 0 815 0 815 1549 1476 1549 814 1549 1476 0 1474 0 814 0 814 1526 1474 1526 813 1526 1474 0 1472 0 813 0 813 0 1472 0 812 0 1472 1550 1470 1550 812 1550 812 1537 1470 1537 811 1537 1470 0 1468 0 811 0 811 0 1468 0 810 0 1468 1536 1466 1536 810 1536 810 0 1466 0 809 0 1466 1535 1464 1535 809 1535 809 1534 1464 1534 808 1534 1464 1541 1462 1541 808 1541 808 1551 1462 1551 807 1551 1462 0 1460 0 807 0 807 1528 1460 1528 806 1528 1460 0 1458 0 806 0 806 0 1458 0 805 0 1458 1552 1600 1552 805 1552 805 0 1600 0 876 0 1600 0 1598 0 876 0 876 1538 1598 1538 875 1538 1598 1553 1596 1553 875 1553 875 1531 1596 1531 874 1531 1596 0 1594 0 874 0 874 0 1594 0 873 0 1594 0 1592 0 873 0 873 1554 1592 1554 872 1554 1592 0 1590 0 872 0 872 0 1590 0 871 0 1590 1536 1588 1536 871 1536 871 1555 1588 1555 870 1555 1588 0 1586 0 870 0 870 0 1586 0 869 0 1586 0 1584 0 869 0 869 0 1584 0 868 0 1584 1556 1582 1556 868 1556 868 1549 1582 1549 867 1549 1582 0 1580 0 867 0 867 0 1580 0 866 0 1580 0 1578 0 866 0 866 0 1578 0 865 0 1578 0 1576 0 865 0 1539 1557 1394 1557 1537 1557 1394 0 1392 0 1537 0 1537 0 1392 0 1535 0 1392 1558 1390 1558 1535 1558 1535 1559 1390 1559 1533 1559 1390 1558 1388 1558 1533 1558 1533 0 1388 0 1531 0 1388 0 1386 0 1531 0 1531 1560 1386 1560 1529 1560 1386 1561 1384 1561 1529 1561 1529 0 1384 0 1527 0 1384 1562 1382 1562 1527 1562 1527 1563 1382 1563 1525 1563 1382 0 1380 0 1525 0 1525 0 1380 0 1523 0 1380 0 1378 0 1523 0 1523 1564 1378 1564 1521 1564 1378 0 1376 0 1521 0 1521 1565 1376 1565 1519 1565 1376 0 1374 0 1519 0 1519 1566 1374 1566 1517 1566 1374 1567 1372 1567 1517 1567 1517 1568 1372 1568 1515 1568 1372 0 1370 0 1515 0 1515 1569 1370 1569 1513 1569 1370 1570 1368 1570 1513 1570 1513 1568 1368 1568 1511 1568 1368 0 1366 0 1511 0 1511 0 1366 0 1509 0 1366 0 1364 0 1509 0 1509 1569 1364 1569 1507 1569 1364 0 1362 0 1507 0 1507 0 1362 0 1505 0 1362 0 1360 0 1505 0 1505 0 1360 0 1503 0 1360 0 1358 0 1503 0 1503 0 1358 0 1501 0 1358 0 1356 0 1501 0 1501 0 1356 0 1499 0 1356 0 1354 0 1499 0 1499 0 1354 0 1497 0 1354 0 1352 0 1497 0 1497 0 1352 0 1495 0 1352 0 1350 0 1495 0 1495 1571 1350 1571 1493 1571 1350 1572 1348 1572 1493 1572 1493 0 1348 0 1491 0 1348 0 1346 0 1491 0 1491 0 1346 0 1489 0 1346 0 1344 0 1489 0 1489 0 1344 0 1487 0 1344 0 1342 0 1487 0 1487 0 1342 0 1485 0 1342 0 1340 0 1485 0 1485 0 1340 0 1483 0 1340 0 1338 0 1483 0 1483 0 1338 0 1481 0 1338 0 1336 0 1481 0 1481 0 1336 0 1479 0 1336 1573 1334 1573 1479 1573 1479 0 1334 0 1477 0 1334 0 1332 0 1477 0 1477 0 1332 0 1475 0 1332 0 1330 0 1475 0 1475 0 1330 0 1473 0 1330 1567 1328 1567 1473 1567 1473 1574 1328 1574 1471 1574 1328 0 1326 0 1471 0 1471 1575 1326 1575 1469 1575 1326 0 1324 0 1469 0 1469 0 1324 0 1467 0 1324 0 1322 0 1467 0 1467 1568 1322 1568 1465 1568 1322 0 1320 0 1465 0 1465 0 1320 0 1463 0 1320 1576 1318 1576 1463 1576 1463 1577 1318 1577 1461 1577 1318 1576 1316 1576 1461 1576 1461 0 1316 0 1459 0 1316 0 1314 0 1459 0 1459 1578 1314 1578 1457 1578 1314 1579 1456 1579 1457 1579 1457 0 1456 0 1599 0 1456 1580 1454 1580 1599 1580 1599 1581 1454 1581 1597 1581 1454 0 1452 0 1597 0 1597 0 1452 0 1595 0 1452 0 1450 0 1595 0 1595 1582 1450 1582 1593 1582 1450 0 1448 0 1593 0 1593 1566 1448 1566 1591 1566 1448 0 1446 0 1591 0 1591 1565 1446 1565 1589 1565 1446 1583 1444 1583 1589 1583 1589 1557 1444 1557 1587 1557 1444 0 1442 0 1587 0 1587 1574 1442 1574 1585 1574 1442 1584 1440 1584 1585 1584 1585 1557 1440 1557 1583 1557 1440 0 1438 0 1583 0 1583 0 1438 0 1581 0 1438 0 1436 0 1581 0 1581 1574 1436 1574 1579 1574 1436 0 1434 0 1579 0 1579 0 1434 0 1577 0 1434 0 1432 0 1577 0 1577 0 1432 0 1575 0 1432 0 1430 0 1575 0 1575 0 1430 0 1573 0 1430 0 1428 0 1573 0 1573 0 1428 0 1571 0 1428 0 1426 0 1571 0 1571 0 1426 0 1569 0 1426 0 1424 0 1569 0 1569 0 1424 0 1567 0 1424 0 1422 0 1567 0 1567 1585 1422 1585 1565 1585 1422 1586 1420 1586 1565 1586 1565 0 1420 0 1563 0 1420 0 1418 0 1563 0 1563 0 1418 0 1561 0 1418 0 1416 0 1561 0 1561 0 1416 0 1559 0 1416 0 1414 0 1559 0 1559 0 1414 0 1557 0 1414 0 1412 0 1557 0 1557 0 1412 0 1555 0 1412 0 1410 0 1555 0 1555 0 1410 0 1553 0 1410 0 1408 0 1553 0 1553 0 1408 0 1551 0 1408 1587 1406 1587 1551 1587 1551 0 1406 0 1549 0 1406 0 1404 0 1549 0 1549 0 1404 0 1547 0 1404 0 1402 0 1547 0 1547 0 1402 0 1545 0 1402 1583 1400 1583 1545 1583 1545 1569 1400 1569 1543 1569 1400 0 1398 0 1543 0 1543 1588 1398 1588 1541 1588 1398 0 1396 0 1541 0 1541 0 1396 0 1539 0 1396 0 1394 0 1539 0 1379 0 1234 0 1377 0 1234 1589 1232 1589 1377 1589 1377 0 1232 0 1375 0 1232 1550 1230 1550 1375 1550 1375 1590 1230 1590 1373 1590 1230 1591 1228 1591 1373 1591 1373 0 1228 0 1371 0 1228 0 1226 0 1371 0 1371 1592 1226 1592 1369 1592 1226 1593 1224 1593 1369 1593 1369 0 1224 0 1367 0 1224 1594 1222 1594 1367 1594 1367 1595 1222 1595 1365 1595 1222 1596 1220 1596 1365 1596 1365 1597 1220 1597 1363 1597 1220 1598 1218 1598 1363 1598 1363 0 1218 0 1361 0 1218 0 1216 0 1361 0 1361 1599 1216 1599 1359 1599 1216 0 1214 0 1359 0 1359 1600 1214 1600 1357 1600 1214 0 1212 0 1357 0 1357 1601 1212 1601 1355 1601 1212 0 1210 0 1355 0 1355 0 1210 0 1353 0 1210 0 1208 0 1353 0 1353 0 1208 0 1351 0 1208 0 1206 0 1351 0 1351 0 1206 0 1349 0 1206 0 1204 0 1349 0 1349 0 1204 0 1347 0 1204 0 1202 0 1347 0 1347 0 1202 0 1345 0 1202 0 1200 0 1345 0 1345 0 1200 0 1343 0 1200 0 1198 0 1343 0 1343 1590 1198 1590 1341 1590 1198 1602 1196 1602 1341 1602 1341 0 1196 0 1339 0 1196 1603 1194 1603 1339 1603 1339 0 1194 0 1337 0 1194 1604 1192 1604 1337 1604 1337 0 1192 0 1335 0 1192 1605 1190 1605 1335 1605 1335 0 1190 0 1333 0 1190 1533 1188 1533 1333 1533 1333 0 1188 0 1331 0 1188 1606 1186 1606 1331 1606 1331 1607 1186 1607 1329 1607 1186 1608 1184 1608 1329 1608 1329 1609 1184 1609 1327 1609 1184 0 1182 0 1327 0 1327 0 1182 0 1325 0 1182 1610 1180 1610 1325 1610 1325 0 1180 0 1323 0 1180 1611 1178 1611 1323 1611 1323 0 1178 0 1321 0 1178 1612 1176 1612 1321 1612 1321 1613 1176 1613 1319 1613 1176 1614 1174 1614 1319 1614 1319 0 1174 0 1317 0 1174 1615 1172 1615 1317 1615 1317 0 1172 0 1315 0 1172 1589 1170 1589 1315 1589 1315 1616 1170 1616 1313 1616 1170 1617 1312 1617 1313 1617 1313 0 1312 0 1455 0 1312 1618 1310 1618 1455 1618 1455 1619 1310 1619 1453 1619 1310 1620 1308 1620 1453 1620 1453 0 1308 0 1451 0 1308 1621 1306 1621 1451 1621 1451 0 1306 0 1449 0 1306 1622 1304 1622 1449 1622 1449 0 1304 0 1447 0 1304 1533 1302 1533 1447 1533 1447 1623 1302 1623 1445 1623 1302 1624 1300 1624 1445 1624 1445 0 1300 0 1443 0 1300 0 1298 0 1443 0 1443 1625 1298 1625 1441 1625 1298 1626 1296 1626 1441 1626 1441 0 1296 0 1439 0 1296 1627 1294 1627 1439 1627 1439 1628 1294 1628 1437 1628 1294 1629 1292 1629 1437 1629 1437 1630 1292 1630 1435 1630 1292 1631 1290 1631 1435 1631 1435 0 1290 0 1433 0 1290 0 1288 0 1433 0 1433 1632 1288 1632 1431 1632 1288 0 1286 0 1431 0 1431 1633 1286 1633 1429 1633 1286 0 1284 0 1429 0 1429 1634 1284 1634 1427 1634 1284 0 1282 0 1427 0 1427 0 1282 0 1425 0 1282 0 1280 0 1425 0 1425 0 1280 0 1423 0 1280 0 1278 0 1423 0 1423 0 1278 0 1421 0 1278 0 1276 0 1421 0 1421 0 1276 0 1419 0 1276 0 1274 0 1419 0 1419 0 1274 0 1417 0 1274 0 1272 0 1417 0 1417 0 1272 0 1415 0 1272 0 1270 0 1415 0 1415 1623 1270 1623 1413 1623 1270 1635 1268 1635 1413 1635 1413 0 1268 0 1411 0 1268 1605 1266 1605 1411 1605 1411 0 1266 0 1409 0 1266 1611 1264 1611 1409 1611 1409 0 1264 0 1407 0 1264 1603 1262 1603 1407 1603 1407 0 1262 0 1405 0 1262 1550 1260 1550 1405 1550 1405 0 1260 0 1403 0 1260 1636 1258 1636 1403 1636 1403 1637 1258 1637 1401 1637 1258 1638 1256 1638 1401 1638 1401 1613 1256 1613 1399 1613 1256 0 1254 0 1399 0 1399 0 1254 0 1397 0 1254 1639 1252 1639 1397 1639 1397 0 1252 0 1395 0 1252 1604 1250 1604 1395 1604 1395 0 1250 0 1393 0 1250 1640 1248 1640 1393 1640 1393 1609 1248 1609 1391 1609 1248 1641 1246 1641 1391 1641 1391 0 1246 0 1389 0 1246 1642 1244 1642 1389 1642 1389 0 1244 0 1387 0 1244 1622 1242 1622 1387 1622 1387 1643 1242 1643 1385 1643 1242 1644 1240 1644 1385 1644 1385 0 1240 0 1383 0 1240 1645 1238 1645 1383 1645 1383 1646 1238 1646 1381 1646 1238 1647 1236 1647 1381 1647 1381 0 1236 0 1379 0 1236 1648 1234 1648 1379 1648 1045 1649 1227 1649 1043 1649 1227 1650 1229 1650 1043 1650 1043 31 1229 31 1041 31 1229 31 1231 31 1041 31 1041 31 1231 31 1039 31 1231 1651 1233 1651 1039 1651 1039 31 1233 31 1037 31 1233 1652 1235 1652 1037 1652 1037 31 1235 31 1035 31 1235 1653 1237 1653 1035 1653 1035 31 1237 31 1033 31 1237 1654 1239 1654 1033 1654 1033 31 1239 31 1031 31 1239 1655 1241 1655 1031 1655 1031 31 1241 31 1029 31 1241 1656 1243 1656 1029 1656 1029 1657 1243 1657 1027 1657 1243 1658 1245 1658 1027 1658 1027 1659 1245 1659 1025 1659 1245 1660 1247 1660 1025 1660 1025 1661 1247 1661 1023 1661 1247 1662 1249 1662 1023 1662 1023 31 1249 31 1166 31 1249 31 1251 31 1166 31 1166 31 1251 31 1164 31 1251 1663 1253 1663 1164 1663 1164 31 1253 31 1162 31 1253 1664 1255 1664 1162 1664 1162 31 1255 31 1160 31 1255 31 1257 31 1160 31 1160 31 1257 31 1158 31 1257 31 1259 31 1158 31 1158 31 1259 31 1156 31 1259 1665 1261 1665 1156 1665 1156 31 1261 31 1154 31 1261 1666 1263 1666 1154 1666 1154 31 1263 31 1152 31 1263 31 1265 31 1152 31 1152 1667 1265 1667 1150 1667 1265 1668 1267 1668 1150 1668 1150 31 1267 31 1148 31 1267 31 1269 31 1148 31 1148 1669 1269 1669 1146 1669 1269 31 1271 31 1146 31 1146 31 1271 31 1144 31 1271 31 1273 31 1144 31 1144 31 1273 31 1142 31 1273 1670 1275 1670 1142 1670 1142 1671 1275 1671 1140 1671 1275 31 1277 31 1140 31 1140 31 1277 31 1138 31 1277 31 1279 31 1138 31 1138 31 1279 31 1136 31 1279 31 1281 31 1136 31 1136 31 1281 31 1134 31 1281 1672 1283 1672 1134 1672 1134 31 1283 31 1132 31 1283 31 1285 31 1132 31 1132 31 1285 31 1130 31 1285 1673 1287 1673 1130 1673 1130 31 1287 31 1128 31 1287 1674 1289 1674 1128 1674 1128 31 1289 31 1126 31 1289 31 1291 31 1126 31 1126 31 1291 31 1124 31 1291 1662 1293 1662 1124 1662 1124 31 1293 31 1122 31 1293 1675 1295 1675 1122 1675 1122 1676 1295 1676 1120 1676 1295 1677 1297 1677 1120 1677 1120 31 1297 31 1118 31 1297 1664 1299 1664 1118 1664 1118 1678 1299 1678 1116 1678 1299 1679 1301 1679 1116 1679 1116 31 1301 31 1114 31 1301 31 1303 31 1114 31 1114 31 1303 31 1112 31 1303 1680 1305 1680 1112 1680 1112 31 1305 31 1110 31 1305 1681 1307 1681 1110 1681 1110 31 1307 31 1108 31 1307 1682 1309 1682 1108 1682 1108 31 1309 31 1106 31 1309 1683 1311 1683 1106 1683 1106 31 1311 31 1104 31 1311 1684 1169 1684 1104 1684 1104 31 1169 31 1102 31 1169 1685 1171 1685 1102 1685 1102 1686 1171 1686 1100 1686 1171 1687 1173 1687 1100 1687 1100 1688 1173 1688 1098 1688 1173 1689 1175 1689 1098 1689 1098 1690 1175 1690 1096 1690 1175 1691 1177 1691 1096 1691 1096 31 1177 31 1094 31 1177 31 1179 31 1094 31 1094 31 1179 31 1092 31 1179 1692 1181 1692 1092 1692 1092 31 1181 31 1090 31 1181 1693 1183 1693 1090 1693 1090 31 1183 31 1088 31 1183 31 1185 31 1088 31 1088 31 1185 31 1086 31 1185 31 1187 31 1086 31 1086 31 1187 31 1084 31 1187 1694 1189 1694 1084 1694 1084 31 1189 31 1082 31 1189 1668 1191 1668 1082 1668 1082 31 1191 31 1080 31 1191 31 1193 31 1080 31 1080 1695 1193 1695 1077 1695 1193 1666 1195 1666 1077 1666 1077 31 1195 31 1075 31 1195 31 1197 31 1075 31 1075 1696 1197 1696 1073 1696 1197 31 1199 31 1073 31 1073 31 1199 31 1071 31 1199 31 1201 31 1071 31 1071 31 1201 31 1069 31 1201 1697 1203 1697 1069 1697 1069 1698 1203 1698 1067 1698 1203 31 1205 31 1067 31 1067 31 1205 31 1065 31 1205 31 1207 31 1065 31 1065 31 1207 31 1063 31 1207 31 1209 31 1063 31 1063 31 1209 31 1061 31 1209 1699 1211 1699 1061 1699 1061 31 1211 31 1059 31 1211 31 1213 31 1059 31 1059 31 1213 31 1057 31 1213 1700 1215 1700 1057 1700 1057 31 1215 31 1055 31 1215 1701 1217 1701 1055 1701 1055 31 1217 31 1053 31 1217 31 1219 31 1053 31 1053 31 1219 31 1051 31 1219 1691 1221 1691 1051 1691 1051 31 1221 31 1049 31 1221 1702 1223 1702 1049 1702 1049 1703 1223 1703 1047 1703 1223 1704 1225 1704 1047 1704 1047 31 1225 31 1045 31 1225 1693 1227 1693 1045 1693 752 31 751 31 1066 31 677 31 676 31 1093 31 1097 1705 672 1705 1099 1705 672 1706 671 1706 1099 1706 1099 1707 671 1707 670 1707 1008 1708 702 1708 1009 1708 702 1709 701 1709 1009 1709 689 1710 688 1710 1013 1710 1093 31 676 31 1095 31 670 1711 669 1711 1099 1711 669 1712 668 1712 1099 1712 1099 1713 668 1713 1101 1713 668 31 667 31 1101 31 1101 1714 667 1714 666 1714 1103 31 662 31 661 31 676 1715 675 1715 1095 1715 675 1716 674 1716 1095 1716 1095 1717 674 1717 1097 1717 674 1718 673 1718 1097 1718 1097 1719 673 1719 672 1719 666 1720 665 1720 1101 1720 665 31 664 31 1101 31 1101 31 664 31 1103 31 664 31 663 31 1103 31 1103 31 663 31 662 31 725 1711 724 1711 1107 1711 724 1721 723 1721 1107 1721 1107 31 723 31 1109 31 701 31 700 31 1009 31 700 31 699 31 1009 31 1009 1722 699 1722 1010 1722 699 31 698 31 1010 31 695 31 1011 31 696 31 1011 31 1010 31 696 31 696 1723 1010 1723 697 1723 1010 31 698 31 697 31 695 1724 694 1724 1011 1724 694 31 693 31 1011 31 1011 31 693 31 1012 31 729 31 728 31 1105 31 728 31 727 31 1105 31 1105 31 727 31 1107 31 727 1725 726 1725 1107 1725 1107 1726 726 1726 725 1726 723 31 722 31 1109 31 722 1727 721 1727 1109 1727 1109 1728 721 1728 1111 1728 686 31 1016 31 687 31 1016 31 1015 31 687 31 687 31 1015 31 688 31 1015 1729 1014 1729 688 1729 688 1730 1014 1730 1013 1730 682 1731 1081 1731 683 1731 1081 31 1079 31 683 31 683 31 1079 31 684 31 693 31 692 31 1012 31 692 1732 691 1732 1012 1732 1012 31 691 31 1013 31 691 31 690 31 1013 31 1013 1733 690 1733 689 1733 1076 31 1021 31 1078 31 1021 31 1020 31 1078 31 1078 31 1020 31 1079 31 1020 1734 1019 1734 1079 1734 1079 1735 1019 1735 1018 1735 677 31 1093 31 678 31 1093 31 1091 31 678 31 678 31 1091 31 679 31 1091 31 1089 31 679 31 679 1736 1089 1736 680 1736 1089 31 1087 31 680 31 680 31 1087 31 681 31 1087 31 1085 31 681 31 681 31 1085 31 682 31 1085 31 1083 31 682 31 682 1737 1083 1737 1081 1737 661 31 732 31 1103 31 732 31 731 31 1103 31 1103 31 731 31 1105 31 731 31 730 31 1105 31 1105 1738 730 1738 729 1738 721 1739 720 1739 1111 1739 720 1716 719 1716 1111 1716 1111 1740 719 1740 1113 1740 719 31 718 31 1113 31 1113 1741 718 1741 717 1741 713 1742 712 1742 1002 1742 712 31 711 31 1002 31 1002 1743 711 1743 1003 1743 1003 31 711 31 1004 31 711 1744 710 1744 1004 1744 1004 1745 710 1745 709 1745 684 31 1079 31 685 31 1079 1746 1018 1746 685 1746 685 1747 1018 1747 686 1747 1018 1748 1017 1748 686 1748 686 1749 1017 1749 1016 1749 717 31 716 31 1113 31 716 1750 715 1750 1113 1750 1113 1751 715 1751 714 1751 709 1752 708 1752 1004 1752 708 31 707 31 1004 31 1004 31 707 31 1005 31 707 31 706 31 1005 31 1005 1729 706 1729 1006 1729 706 31 705 31 1006 31 1006 31 705 31 1007 31 705 1753 704 1753 1007 1753 1007 31 704 31 1008 31 704 1754 703 1754 1008 1754 1008 1755 703 1755 702 1755 714 31 713 31 1113 31 713 1756 1002 1756 1113 1756 1113 31 1002 31 1115 31 1000 1757 1129 1757 1127 1757 1001 31 1119 31 1002 31 1119 1758 1117 1758 1002 1758 1002 31 1117 31 1115 31 1127 31 1125 31 1000 31 1125 31 1123 31 1000 31 1000 31 1123 31 1001 31 1123 1759 1121 1759 1001 1759 1001 1760 1121 1760 1119 1760 599 31 598 31 995 31 639 31 638 31 1141 31 638 1761 637 1761 1141 1761 1141 31 637 31 1143 31 637 31 636 31 1143 31 1143 1762 636 1762 635 1762 1149 31 1147 31 629 31 993 1763 604 1763 603 1763 1145 1764 631 1764 1147 1764 631 1765 630 1765 1147 1765 1147 1766 630 1766 629 1766 993 1767 603 1767 994 1767 596 1768 595 1768 1000 1768 595 1769 594 1769 1000 1769 1129 1770 590 1770 589 1770 1139 1771 644 1771 643 1771 635 31 634 31 1143 31 634 31 633 31 1143 31 1143 31 633 31 1145 31 633 31 632 31 1145 31 1145 1772 632 1772 631 1772 622 31 621 31 1163 31 621 31 620 31 1163 31 988 1773 618 1773 617 1773 608 31 992 31 609 31 992 31 991 31 609 31 609 31 991 31 610 31 608 31 607 31 992 31 607 31 606 31 992 31 992 31 606 31 993 31 606 31 605 31 993 31 993 1774 605 1774 604 1774 594 31 593 31 1000 31 593 31 592 31 1000 31 1000 31 592 31 1129 31 592 1775 591 1775 1129 1775 1129 1776 591 1776 590 1776 652 31 651 31 1135 31 651 31 650 31 1135 31 1135 31 650 31 1137 31 650 1777 649 1777 1137 1777 1137 1778 649 1778 648 1778 648 31 647 31 1137 31 647 31 646 31 1137 31 1137 31 646 31 1139 31 646 31 645 31 1139 31 1139 1779 645 1779 644 1779 643 31 642 31 1139 31 642 31 641 31 1139 31 1139 31 641 31 1141 31 641 31 640 31 1141 31 1141 1780 640 1780 639 1780 629 1781 628 1781 1149 1781 628 31 627 31 1149 31 1149 31 627 31 1151 31 627 31 626 31 1151 31 1151 1782 626 1782 1153 1782 626 31 625 31 1153 31 1153 31 625 31 1155 31 625 31 624 31 1155 31 1155 1783 624 1783 1157 1783 624 31 623 31 1157 31 1157 31 623 31 1159 31 623 31 622 31 1159 31 1159 31 622 31 1161 31 622 1784 1163 1784 1161 1784 988 1785 987 1785 618 1785 987 1786 986 1786 618 1786 618 1787 986 1787 985 1787 990 1788 612 1788 991 1788 612 31 611 31 991 31 991 1789 611 1789 610 1789 603 31 602 31 994 31 602 31 601 31 994 31 994 31 601 31 995 31 601 1790 600 1790 995 1790 995 1791 600 1791 599 1791 1131 31 1129 31 658 31 658 1792 657 1792 1131 1792 657 1793 656 1793 1131 1793 1131 31 656 31 1133 31 656 31 655 31 1133 31 655 31 654 31 1133 31 1133 31 654 31 1135 31 654 31 653 31 1135 31 1135 31 653 31 652 31 1000 31 999 31 596 31 999 1794 998 1794 596 1794 596 1795 998 1795 597 1795 998 31 997 31 597 31 597 1796 997 1796 598 1796 997 31 996 31 598 31 598 1797 996 1797 995 1797 589 31 660 31 1129 31 660 31 659 31 1129 31 1129 1798 659 1798 658 1798 985 31 984 31 618 31 984 31 1163 31 618 31 618 31 1163 31 619 31 1163 1799 620 1799 619 1799 617 1800 616 1800 988 1800 616 31 615 31 988 31 988 31 615 31 989 31 615 31 614 31 989 31 989 31 614 31 990 31 614 1801 613 1801 990 1801 990 1802 613 1802 612 1802 1022 1803 1021 1803 797 1803 782 31 781 31 957 31 797 31 1021 31 798 31 960 31 781 31 961 31 781 1804 962 1804 961 1804 951 31 950 31 797 31 950 31 949 31 797 31 797 1805 949 1805 1022 1805 787 31 786 31 955 31 782 31 957 31 783 31 957 1806 956 1806 783 1806 783 1807 956 1807 784 1807 960 1808 959 1808 781 1808 959 31 958 31 781 31 781 1809 958 1809 957 1809 909 31 908 31 1032 31 908 31 907 31 1032 31 1032 31 907 31 1034 31 907 1810 906 1810 1034 1810 1034 1811 906 1811 905 1811 1040 1812 1038 1812 899 1812 776 31 775 31 1060 31 775 31 774 31 1060 31 1060 1813 774 1813 773 1813 773 31 772 31 1060 31 772 31 771 31 1060 31 1060 1814 771 1814 770 1814 747 31 746 31 1068 31 746 1815 745 1815 1068 1815 1068 31 745 31 1070 31 745 31 744 31 1070 31 1070 1816 744 1816 743 1816 743 31 742 31 1070 31 742 31 741 31 1070 31 1070 31 741 31 1072 31 733 31 804 31 1076 31 1021 1817 802 1817 801 1817 797 1818 796 1818 951 1818 796 31 795 31 951 31 951 31 795 31 952 31 795 31 794 31 952 31 952 31 794 31 953 31 947 31 974 31 948 31 974 31 973 31 948 31 948 1819 973 1819 877 1819 947 1820 946 1820 974 1820 946 31 945 31 974 31 974 31 945 31 975 31 1030 31 914 31 913 31 770 31 769 31 1060 31 769 31 768 31 1060 31 1060 1821 768 1821 767 1821 751 31 750 31 1066 31 750 31 749 31 1066 31 1066 31 749 31 1068 31 749 31 748 31 1068 31 1068 1822 748 1822 747 1822 801 31 800 31 1021 31 800 31 799 31 1021 31 1021 1823 799 1823 798 1823 794 1824 793 1824 953 1824 793 31 792 31 953 31 953 1825 792 1825 954 1825 792 31 791 31 954 31 955 31 786 31 956 31 786 31 785 31 956 31 956 1826 785 1826 784 1826 892 31 891 31 1054 31 891 31 890 31 1054 31 967 31 887 31 968 31 887 1827 969 1827 968 1827 940 31 939 31 977 31 939 1827 978 1827 977 1827 913 31 912 31 1030 31 912 31 911 31 1030 31 1030 31 911 31 1032 31 911 31 910 31 1032 31 1032 1828 910 1828 909 1828 767 31 766 31 1060 31 766 31 765 31 1060 31 1060 1829 765 1829 764 1829 756 31 755 31 1064 31 755 31 754 31 1064 31 1064 31 754 31 1066 31 754 31 753 31 1066 31 1066 1830 753 1830 752 1830 741 31 740 31 1072 31 740 31 739 31 1072 31 1072 1831 739 1831 1074 1831 739 1832 738 1832 1074 1832 1074 1833 738 1833 1076 1833 738 31 737 31 1076 31 1076 1834 737 1834 736 1834 1076 31 804 31 1021 31 804 31 803 31 1021 31 1021 1835 803 1835 802 1835 791 1836 790 1836 954 1836 790 31 789 31 954 31 954 31 789 31 955 31 789 31 788 31 955 31 955 1837 788 1837 787 1837 981 1838 980 1838 939 1838 980 1839 979 1839 939 1839 939 31 979 31 978 31 939 1840 938 1840 981 1840 938 1841 937 1841 981 1841 981 1842 937 1842 936 1842 932 31 931 31 1167 31 931 31 930 31 1167 31 1167 1843 930 1843 929 1843 922 1844 921 1844 1026 1844 921 1845 920 1845 1026 1845 1026 1846 920 1846 1028 1846 920 31 919 31 1028 31 1028 1847 919 1847 918 1847 918 1848 917 1848 1028 1848 917 31 916 31 1028 31 1028 31 916 31 1030 31 916 31 915 31 1030 31 1030 31 915 31 914 31 905 1844 904 1844 1034 1844 904 1849 903 1849 1034 1849 1034 31 903 31 1036 31 903 31 902 31 1036 31 902 1850 901 1850 1036 1850 1036 1851 901 1851 1038 1851 901 1852 900 1852 1038 1852 1038 1853 900 1853 899 1853 764 31 763 31 1060 31 763 31 762 31 1060 31 1060 31 762 31 1062 31 762 31 761 31 1062 31 1062 31 761 31 760 31 760 31 759 31 1062 31 759 31 758 31 1062 31 1062 31 758 31 1064 31 758 1854 757 1854 1064 1854 1064 1855 757 1855 756 1855 736 31 735 31 1076 31 735 31 734 31 1076 31 1076 1856 734 1856 733 1856 899 31 898 31 1040 31 898 31 897 31 1040 31 1040 31 897 31 1042 31 897 31 896 31 1042 31 1042 1857 896 1857 1044 1857 896 1858 895 1858 1044 1858 1044 31 895 31 1046 31 895 1859 894 1859 1046 1859 1046 1860 894 1860 1048 1860 894 1861 893 1861 1048 1861 1048 31 893 31 1050 31 893 31 892 31 1050 31 1050 31 892 31 1052 31 892 1862 1054 1862 1052 1862 781 31 780 31 962 31 780 31 779 31 962 31 962 1863 779 1863 963 1863 779 31 778 31 963 31 963 1864 778 1864 777 1864 881 1865 972 1865 882 1865 972 31 971 31 882 31 881 31 880 31 972 31 880 31 879 31 972 31 972 1866 879 1866 973 1866 879 31 878 31 973 31 973 31 878 31 877 31 1024 1867 924 1867 1026 1867 924 1868 923 1868 1026 1868 1026 1869 923 1869 922 1869 887 31 886 31 969 31 886 31 885 31 969 31 969 31 885 31 970 31 885 1870 884 1870 970 1870 970 31 884 31 971 31 884 1871 883 1871 971 1871 971 1872 883 1872 882 1872 945 31 944 31 975 31 944 1873 943 1873 975 1873 975 31 943 31 976 31 943 31 942 31 976 31 976 31 942 31 977 31 942 1874 941 1874 977 1874 977 1875 941 1875 940 1875 929 1876 928 1876 1167 1876 928 1877 927 1877 1167 1877 1167 1878 927 1878 1168 1878 927 1879 926 1879 1168 1879 1168 1880 926 1880 1024 1880 926 1881 925 1881 1024 1881 1024 1882 925 1882 924 1882 967 1883 966 1883 887 1883 966 1884 965 1884 887 1884 887 31 965 31 888 31 965 1885 1054 1885 888 1885 888 1886 1054 1886 889 1886 1054 1887 890 1887 889 1887 1058 31 963 31 1060 31 963 31 777 31 1060 31 1060 1888 777 1888 776 1888 965 31 964 31 1054 31 964 1889 963 1889 1054 1889 1054 31 963 31 1056 31 963 31 1058 31 1056 31 936 1890 935 1890 981 1890 935 1891 934 1891 981 1891 981 1892 934 1892 933 1892 984 31 983 31 1163 31 983 31 982 31 1163 31 1163 1893 982 1893 1165 1893 982 31 981 31 1165 31 1165 1894 981 1894 1167 1894 981 1895 933 1895 1167 1895 1167 1896 933 1896 932 1896</p>
        </triangles>
      </mesh>
    </geometry>
  </library_geometries>
  <library_visual_scenes>
    <visual_scene id="Scene" name="Scene">
      <node id="motor_160kg_cm_ig52__3" name="motor_160kg_cm_ig52__3" type="NODE">
        <matrix sid="transform">1 0 0 0 0 1 0 0 0 0 1 0 0 0 0 1</matrix>
        <instance_geometry url="#motor_160kg_cm_ig52__3-mesh" name="motor_160kg_cm_ig52__3"/>
      </node>
    </visual_scene>
  </library_visual_scenes>
  <scene>
    <instance_visual_scene url="#Scene"/>
  </scene>
</COLLADA>