<?xml version="1.0" encoding="utf-8"?>
<COLLADA xmlns="http://www.collada.org/2005/11/COLLADASchema" version="1.4.1" xmlns:xsi="http://www.w3.org/2001/XMLSchema-instance">
  <asset>
    <contributor>
      <author>Blender User</author>
      <authoring_tool>Blender 3.0.1</authoring_tool>
    </contributor>
    <created>2026-06-04T16:19:01</created>
    <modified>2026-06-04T16:19:01</modified>
    <unit name="meter" meter="1"/>
    <up_axis>Z_UP</up_axis>
  </asset>
  <library_images/>
  <library_geometries>
    <geometry id="sheet_metal_motor_tyre-mesh" name="sheet_metal_motor_tyre">
      <mesh>
        <source id="sheet_metal_motor_tyre-mesh-positions">
          <float_array id="sheet_metal_motor_tyre-mesh-positions-array" count="9204">-0.02163565 0 -0.08736068 -0.02163565 0.002999961 -0.08736068 -0.02168256 0.002999961 -0.08761376 -0.02168256 0 -0.08761376 -0.02170759 0.002999961 -0.08786988 -0.02170759 0 -0.08786988 -0.02171057 0.002999961 -0.08812719 -0.02171057 0 -0.08812719 -0.0216915 0.002999961 -0.08838385 -0.0216915 0 -0.08838385 -0.02165049 0.002999961 -0.08863788 -0.02165049 0 -0.08863788 -0.02158784 0.002999961 -0.08888751 -0.02158784 0 -0.08888751 -0.02150404 0.002999961 -0.08913081 -0.02150404 0 -0.08913081 -0.02139967 0.002999961 -0.08936607 -0.02139967 0 -0.08936607 -0.02127557 0.002999961 -0.0895915 -0.02127557 0 -0.0895915 -0.02113258 0.002999961 -0.08980548 -0.02113258 0 -0.08980548 -0.02097183 0.002999961 -0.09000641 -0.02097183 0 -0.09000641 -0.02079439 0.002999961 -0.09019285 -0.02079439 0 -0.09019285 -0.02060163 0.002999961 -0.09036338 -0.02060163 0 -0.09036338 -0.02039498 0.002999961 -0.09051674 -0.02039498 0 -0.09051674 -0.02017593 0.002999961 -0.09065181 -0.02017593 0 -0.09065181 -0.01994615 0.002999961 -0.09076768 -0.01994615 0 -0.09076768 -0.01970726 0.002999961 -0.09086334 -0.01970726 0 -0.09086334 -0.01946103 0.002999961 -0.09093827 -0.01946103 0 -0.09093827 -0.01920932 0.002999961 -0.09099173 -0.01920932 0 -0.09099173 -0.01895391 0.002999961 -0.0910235 -0.01895391 0 -0.0910235 -0.01869678 0.002999961 -0.09103322 -0.01869678 0 -0.09103322 -0.01843971 0.002999961 -0.09102088 -0.01843971 0 -0.09102088 -0.01818466 0.002999961 -0.09098654 -0.01818466 0 -0.09098654 -0.01793348 0.002999961 -0.09093046 -0.01793348 0 -0.09093046 -0.01768809 0.002999961 -0.09085309 -0.01768809 0 -0.09085309 -0.01745015 0.002999961 -0.09075498 -0.01745015 0 -0.09075498 -0.01722157 0.002999961 -0.09063678 -0.01722157 0 -0.09063678 -0.01700389 0.002999961 -0.09049952 -0.01700389 0 -0.09049952 -0.01679885 0.002999961 -0.09034401 -0.01679885 0 -0.09034401 -0.01660782 0.002999961 -0.09017157 -0.01660782 0 -0.09017157 -0.01643228 0.002999961 -0.08998334 -0.01643228 0 -0.08998334 -0.01627355 0.002999961 -0.0897808 -0.01627355 0 -0.0897808 -0.01613277 0.002999961 -0.08956539 -0.01613277 0 -0.08956539 -0.01601094 0.002999961 -0.08933871 -0.01601094 0 -0.08933871 -0.01590901 0.002999961 -0.08910238 -0.01590901 0 -0.08910238 -0.01582771 0.002999961 -0.08885824 -0.01582771 0 -0.08885824 -0.01576757 0.002999961 -0.08860802 -0.01576757 0 -0.08860802 0.01576757 0 -0.08860802 0.01576757 0.002999961 -0.08860802 0.01582771 0.002999961 -0.08885824 0.01582771 0 -0.08885824 0.01590901 0.002999961 -0.08910238 0.01590901 0 -0.08910238 0.01601094 0.002999961 -0.08933871 0.01601094 0 -0.08933871 0.01613277 0.002999961 -0.08956539 0.01613277 0 -0.08956539 0.01627355 0.002999961 -0.0897808 0.01627355 0 -0.0897808 0.01643228 0.002999961 -0.08998334 0.01643228 0 -0.08998334 0.01660782 0.002999961 -0.09017157 0.01660782 0 -0.09017157 0.01679885 0.002999961 -0.09034401 0.01679885 0 -0.09034401 0.01700389 0.002999961 -0.09049952 0.01700389 0 -0.09049952 0.01722157 0.002999961 -0.09063678 0.01722157 0 -0.09063678 0.01745015 0.002999961 -0.09075498 0.01745015 0 -0.09075498 0.01768809 0.002999961 -0.09085309 0.01768809 0 -0.09085309 0.01793348 0.002999961 -0.09093046 0.01793348 0 -0.09093046 0.01818466 0.002999961 -0.09098654 0.01818466 0 -0.09098654 0.01843971 0.002999961 -0.09102088 0.01843971 0 -0.09102088 0.01869678 0.002999961 -0.09103322 0.01869678 0 -0.09103322 0.01895391 0.002999961 -0.0910235 0.01895391 0 -0.0910235 0.01920932 0.002999961 -0.09099173 0.01920932 0 -0.09099173 0.01946103 0.002999961 -0.09093827 0.01946103 0 -0.09093827 0.01970726 0.002999961 -0.09086334 0.01970726 0 -0.09086334 0.01994615 0.002999961 -0.09076768 0.01994615 0 -0.09076768 0.02017593 0.002999961 -0.09065181 0.02017593 0 -0.09065181 0.02039498 0.002999961 -0.09051674 0.02039498 0 -0.09051674 0.02060163 0.002999961 -0.09036338 0.02060163 0 -0.09036338 0.02079439 0.002999961 -0.09019285 0.02079439 0 -0.09019285 0.02097183 0.002999961 -0.09000641 0.02097183 0 -0.09000641 0.02113258 0.002999961 -0.08980548 0.02113258 0 -0.08980548 0.02127557 0.002999961 -0.0895915 0.02127557 0 -0.0895915 0.02139967 0.002999961 -0.08936607 0.02139967 0 -0.08936607 0.02150404 0.002999961 -0.08913081 0.02150404 0 -0.08913081 0.02158784 0.002999961 -0.08888751 0.02158784 0 -0.08888751 0.02165049 0.002999961 -0.08863788 0.02165049 0 -0.08863788 0.0216915 0.002999961 -0.08838385 0.0216915 0 -0.08838385 0.02171057 0.002999961 -0.08812719 0.02171057 0 -0.08812719 0.02170759 0.002999961 -0.08786988 0.02170759 0 -0.08786988 0.02168256 0.002999961 -0.08761376 0.02168256 0 -0.08761376 0.02163565 0.002999961 -0.08736068 0.02163565 0 -0.08736068 0.03384566 0 -0.08339345 0.03384566 0.002999961 -0.08339345 0.03395646 0.002999961 -0.08362573 0.03395646 0 -0.08362573 0.03408676 0.002999961 -0.08384764 0.03408676 0 -0.08384764 0.03423565 0.002999961 -0.08405756 0.03423565 0 -0.08405756 0.03440189 0.002999961 -0.08425396 0.03440189 0 -0.08425396 0.0345844 0.002999961 -0.0844354 0.0345844 0 -0.0844354 0.03478181 0.002999961 -0.0846005 0.03478181 0 -0.0846005 0.03499263 0.002999961 -0.08474814 0.03499263 0 -0.08474814 0.03521531 0.002999961 -0.08487713 0.03521531 0 -0.08487713 0.03544825 0.002999961 -0.08498656 0.03544825 0 -0.08498656 0.03568965 0.002999961 -0.08507561 0.03568965 0 -0.08507561 0.03593784 0.002999961 -0.08514368 0.03593784 0 -0.08514368 0.03619098 0.002999961 -0.08519017 0.03619098 0 -0.08519017 0.03644716 0.002999961 -0.08521485 0.03644716 0 -0.08521485 0.03670448 0.002999961 -0.08521747 0.03670448 0 -0.08521747 0.03696107 0.002999961 -0.08519804 0.03696107 0 -0.08519804 0.03721511 0.002999961 -0.08515661 0.03721511 0 -0.08515661 0.03746461 0.002999961 -0.08509367 0.03746461 0 -0.08509367 0.0377078 0.002999961 -0.08500951 0.0377078 0 -0.08500951 0.03794288 0.002999961 -0.08490484 0.03794288 0 -0.08490484 0.03816819 0.002999961 -0.08478039 0.03816819 0 -0.08478039 0.03838193 0.002999961 -0.0846371 0.03838193 0 -0.0846371 0.03858262 0.002999961 -0.08447605 0.03858262 0 -0.08447605 0.03876882 0.002999961 -0.08429837 0.03876882 0 -0.08429837 0.03893905 0.002999961 -0.08410537 0.03893905 0 -0.08410537 0.03909212 0.002999961 -0.08389848 0.03909212 0 -0.08389848 0.03922688 0.002999961 -0.08367925 0.03922688 0 -0.08367925 0.0393424 0.002999961 -0.0834493 0.0393424 0 -0.0834493 0.03943777 0.002999961 -0.08321028 0.03943777 0 -0.08321028 0.03951233 0.002999961 -0.08296394 0.03951233 0 -0.08296394 0.03956544 0.002999961 -0.08271217 0.03956544 0 -0.08271217 0.03959685 0.002999961 -0.08245676 0.03959685 0 -0.08245676 0.03960621 0.002999961 -0.08219957 0.03960621 0 -0.08219957 0.03959351 0.002999961 -0.08194255 0.03959351 0 -0.08194255 0.03955882 0.002999961 -0.08168751 0.03955882 0 -0.08168751 0.03950238 0.002999961 -0.08143645 0.03950238 0 -0.08143645 0.03942465 0.002999961 -0.08119112 0.03942465 0 -0.08119112 0.03932619 0.002999961 -0.08095335 0.03932619 0 -0.08095335 0.05044454 0 -0.07453417 0.05044454 0.002999961 -0.07453417 0.05060124 0.002999961 -0.07473832 0.05060124 0 -0.07473832 0.05077481 0.002999961 -0.07492828 0.05077481 0 -0.07492828 0.05096405 0.002999961 -0.07510268 0.05096405 0 -0.07510268 0.05116754 0.002999961 -0.07526028 0.05116754 0 -0.07526028 0.05138379 0.002999961 -0.07539975 0.05138379 0 -0.07539975 0.05161118 0.002999961 -0.07552027 0.05161118 0 -0.07552027 0.05184811 0.002999961 -0.07562083 0.05184811 0 -0.07562083 0.05209273 0.002999961 -0.0757007 0.05209273 0 -0.0757007 0.0523433 0.002999961 -0.07575929 0.0523433 0 -0.07575929 0.05259799 0.002999961 -0.07579618 0.05259799 0 -0.07579618 0.05285489 0.002999961 -0.07581114 0.05285489 0 -0.07581114 0.05311214 0.002999961 -0.07580405 0.05311214 0 -0.07580405 0.05336785 0.002999961 -0.0757749 0.05336785 0 -0.0757749 0.0536201 0.002999961 -0.07572394 0.0536201 0 -0.07572394 0.05386704 0.002999961 -0.07565158 0.05386704 0 -0.07565158 0.05410689 0.002999961 -0.0755583 0.05410689 0 -0.0755583 0.05433785 0.002999961 -0.07544481 0.05433785 0 -0.07544481 0.05455827 0.002999961 -0.07531195 0.05455827 0 -0.07531195 0.05476647 0.002999961 -0.07516068 0.05476647 0 -0.07516068 0.05496096 0.002999961 -0.07499212 0.05496096 0 -0.07499212 0.05514025 0.002999961 -0.07480752 0.05514025 0 -0.07480752 0.05530309 0.002999961 -0.07460826 0.05530309 0 -0.07460826 0.05544823 0.002999961 -0.07439577 0.05544823 0 -0.07439577 0.05557465 0.002999961 -0.0741716 0.05557465 0 -0.0741716 0.05568134 0.002999961 -0.07393741 0.05568134 0 -0.07393741 0.05576759 0.002999961 -0.07369494 0.05576759 0 -0.07369494 0.0558328 0.002999961 -0.07344597 0.0558328 0 -0.07344597 0.05587637 0.002999961 -0.07319235 0.05587637 0 -0.07319235 0.05589807 0.002999961 -0.07293593 0.05589807 0 -0.07293593 0.05589771 0.002999961 -0.07267856 0.05589771 0 -0.07267856 0.0558753 0.002999961 -0.0724222 0.0558753 0 -0.0724222 0.05583095 0.002999961 -0.0721687 0.05583095 0 -0.0721687 0.05576509 0.002999961 -0.07191991 0.05576509 0 -0.07191991 0.05567812 0.002999961 -0.07167774 0.05567812 0 -0.07167774 0.05557078 0.002999961 -0.07144385 0.05557078 0 -0.07144385 0.0554437 0.002999961 -0.07122004 0.0554437 0 -0.07122004 0.05529797 0.002999961 -0.07100796 0.05529797 0 -0.07100796 0.06483876 0 -0.06241738 0.06483876 0.002999961 -0.06241738 0.06503444 0.002999961 -0.06258451 0.06503444 0 -0.06258451 0.06524372 0.002999961 -0.06273424 0.06524372 0 -0.06273424 0.06546509 0.002999961 -0.06286549 0.06546509 0 -0.06286549 0.06569689 0.002999961 -0.06297731 0.06569689 0 -0.06297731 0.06593745 0.002999961 -0.0630688 0.06593745 0 -0.0630688 0.06618493 0.002999961 -0.06313937 0.06618493 0 -0.06313937 0.06643754 0.002999961 -0.06318849 0.06643754 0 -0.06318849 0.06669342 0.002999961 -0.06321573 0.06669342 0 -0.06321573 0.06695073 0.002999961 -0.06322097 0.06695073 0 -0.06322097 0.06720751 0.002999961 -0.0632041 0.06720751 0 -0.0632041 0.0674619 0.002999961 -0.06316536 0.0674619 0 -0.06316536 0.06771206 0.002999961 -0.06310492 0.06771206 0 -0.06310492 0.06795614 0.002999961 -0.06302326 0.06795614 0 -0.06302326 0.0681923 0.002999961 -0.06292098 0.0681923 0 -0.06292098 0.0684188 0.002999961 -0.06279879 0.0684188 0 -0.06279879 0.06863403 0.002999961 -0.06265771 0.06863403 0 -0.06265771 0.06883633 0.002999961 -0.06249868 0.06883633 0 -0.06249868 0.06902432 0.002999961 -0.06232291 0.06902432 0 -0.06232291 0.06919652 0.002999961 -0.06213164 0.06919652 0 -0.06213164 0.06935167 0.002999961 -0.06192636 0.06935167 0 -0.06192636 0.0694887 0.002999961 -0.0617085 0.0694887 0 -0.0617085 0.06960654 0.002999961 -0.06147974 0.06960654 0 -0.06147974 0.06970429 0.002999961 -0.06124168 0.06970429 0 -0.06124168 0.06978136 0.002999961 -0.06099611 0.06978136 0 -0.06099611 0.06983703 0.002999961 -0.06074488 0.06983703 0 -0.06074488 0.069871 0.002999961 -0.06048977 0.069871 0 -0.06048977 0.06988298 0.002999961 -0.06023269 0.06988298 0 -0.06023269 0.06987291 0.002999961 -0.05997556 0.06987291 0 -0.05997556 0.06984078 0.002999961 -0.05972021 0.06984078 0 -0.05972021 0.06978696 0.002999961 -0.05946856 0.06978696 0 -0.05946856 0.06971168 0.002999961 -0.05922245 0.06971168 0 -0.05922245 0.06961566 0.002999961 -0.05898374 0.06961566 0 -0.05898374 0.06949949 0.002999961 -0.05875408 0.06949949 0 -0.05875408 0.06936407 0.002999961 -0.05853521 0.06936407 0 -0.05853521 0.06921041 0.002999961 -0.0583288 0.06921041 0 -0.0583288 0.06903964 0.002999961 -0.05813628 0.06903964 0 -0.05813628 0.06885296 0.002999961 -0.05795913 0.06885296 0 -0.05795913 0.07639914 0 -0.04757267 0.07639914 0.002999961 -0.04757267 0.07662534 0.002999961 -0.04769545 0.07662534 0 -0.04769545 0.0768612 0.002999961 -0.04779839 0.0768612 0 -0.04779839 0.07710504 0.002999961 -0.04788076 0.07710504 0 -0.04788076 0.07735496 0.002999961 -0.04794192 0.07735496 0 -0.04794192 0.0776093 0.002999961 -0.04798144 0.0776093 0 -0.04798144 0.07786601 0.002999961 -0.04799902 0.07786601 0 -0.04799902 0.07812333 0.002999961 -0.04799449 0.07812333 0 -0.04799449 0.07837933 0.002999961 -0.04796797 0.07837933 0 -0.04796797 0.07863205 0.002999961 -0.04791957 0.07863205 0 -0.04791957 0.07887977 0.002999961 -0.04784971 0.07887977 0 -0.04784971 0.07912057 0.002999961 -0.04775887 0.07912057 0 -0.04775887 0.07935267 0.002999961 -0.04764777 0.07935267 0 -0.04764777 0.0795744 0.002999961 -0.04751712 0.0795744 0 -0.04751712 0.07978409 0.002999961 -0.04736799 0.07978409 0 -0.04736799 0.07998031 0.002999961 -0.04720145 0.07998031 0 -0.04720145 0.08016145 0.002999961 -0.04701864 0.08016145 0 -0.04701864 0.08032631 0.002999961 -0.04682105 0.08032631 0 -0.04682105 0.0804736 0.002999961 -0.04661005 0.0804736 0 -0.04661005 0.08060228 0.002999961 -0.04638713 0.08060228 0 -0.04638713 0.08071136 0.002999961 -0.04615408 0.08071136 0 -0.04615408 0.08080011 0.002999961 -0.0459125 0.08080011 0 -0.0459125 0.08086782 0.002999961 -0.04566425 0.08086782 0 -0.04566425 0.08091396 0.002999961 -0.04541105 0.08091396 0 -0.04541105 0.08093827 0.002999961 -0.04515486 0.08093827 0 -0.04515486 0.08094054 0.002999961 -0.04489749 0.08094054 0 -0.04489749 0.08092069 0.002999961 -0.04464095 0.08092069 0 -0.04464095 0.08087897 0.002999961 -0.04438698 0.08087897 0 -0.04438698 0.08081561 0.002999961 -0.04413753 0.08081561 0 -0.04413753 0.08073115 0.002999961 -0.04389446 0.08073115 0 -0.04389446 0.08062613 0.002999961 -0.0436595 0.08062613 0 -0.0436595 0.08050137 0.002999961 -0.04343444 0.08050137 0 -0.04343444 0.08035778 0.002999961 -0.04322087 0.08035778 0 -0.04322087 0.08019644 0.002999961 -0.04302042 0.08019644 0 -0.04302042 0.08001846 0.002999961 -0.04283452 0.08001846 0 -0.04283452 0.07982528 0.002999961 -0.04266452 0.07982528 0 -0.04266452 0.07961815 0.002999961 -0.04251176 0.07961815 0 -0.04251176 0.07939875 0.002999961 -0.04237723 0.07939875 0 -0.04237723 0.08462059 0 -0.03064882 0.08462059 0.002999961 -0.03064882 0.08486735 0.002999961 -0.0307219 0.08486735 0 -0.0307219 0.08511948 0.002999961 -0.03077358 0.08511948 0 -0.03077358 0.08537507 0.002999961 -0.03080344 0.08537507 0 -0.03080344 0.08563226 0.002999961 -0.03081125 0.08563226 0 -0.03081125 0.08588922 0.002999961 -0.03079706 0.08588922 0 -0.03079706 0.08614403 0.002999961 -0.03076082 0.08614403 0 -0.03076082 0.08639478 0.002999961 -0.03070294 0.08639478 0 -0.03070294 0.08663964 0.002999961 -0.03062379 0.08663964 0 -0.03062379 0.0868768 0.002999961 -0.03052389 0.0868768 0 -0.03052389 0.08710455 0.002999961 -0.03040409 0.08710455 0 -0.03040409 0.08732122 0.002999961 -0.03026515 0.08732122 0 -0.03026515 0.08752512 0.002999961 -0.03010821 0.08752512 0 -0.03010821 0.08771491 0.002999961 -0.02993434 0.08771491 0 -0.02993434 0.08788901 0.002999961 -0.02974486 0.08788901 0 -0.02974486 0.08804625 0.002999961 -0.02954113 0.08804625 0 -0.02954113 0.08818548 0.002999961 -0.02932471 0.08818548 0 -0.02932471 0.08830565 0.002999961 -0.02909713 0.08830565 0 -0.02909713 0.08840584 0.002999961 -0.02886009 0.08840584 0 -0.02886009 0.08848536 0.002999961 -0.02861535 0.08848536 0 -0.02861535 0.08854365 0.002999961 -0.02836465 0.08854365 0 -0.02836465 0.08858019 0.002999961 -0.0281099 0.08858019 0 -0.0281099 0.08859479 0.002999961 -0.02785301 0.08859479 0 -0.02785301 0.08858728 0.002999961 -0.02759575 0.08858728 0 -0.02759575 0.08855777 0.002999961 -0.02734011 0.08855777 0 -0.02734011 0.08850651 0.002999961 -0.02708792 0.08850651 0 -0.02708792 0.08843374 0.002999961 -0.02684104 0.08843374 0 -0.02684104 0.08834016 0.002999961 -0.02660131 0.08834016 0 -0.02660131 0.08822631 0.002999961 -0.02637052 0.08822631 0 -0.02637052 0.08809316 0.002999961 -0.02615034 0.08809316 0 -0.02615034 0.08794158 0.002999961 -0.02594232 0.08794158 0 -0.02594232 0.08777278 0.002999961 -0.02574813 0.08777278 0 -0.02574813 0.08758789 0.002999961 -0.02556908 0.08758789 0 -0.02556908 0.08738839 0.002999961 -0.02540653 0.08738839 0 -0.02540653 0.08717566 0.002999961 -0.0252617 0.08717566 0 -0.0252617 0.08695131 0.002999961 -0.02513557 0.08695131 0 -0.02513557 0.086717 0.002999961 -0.02502918 0.086717 0 -0.02502918 0.08647441 0.002999961 -0.02494329 0.08647441 0 -0.02494329 0.08914369 0 -0.01238548 0.08914369 0.002999961 -0.01238548 0.08940023 0.002999961 -0.01240563 0.08940023 0 -0.01240563 0.0896576 0.002999961 -0.01240372 0.0896576 0 -0.01240372 0.08991378 0.002999961 -0.01237982 0.08991378 0 -0.01237982 0.09016704 0.002999961 -0.01233398 0.09016704 0 -0.01233398 0.09041541 0.002999961 -0.01226669 0.09041541 0 -0.01226669 0.09065711 0.002999961 -0.0121783 0.09065711 0 -0.0121783 0.09089034 0.002999961 -0.01206952 0.09089034 0 -0.01206952 0.09111338 0.002999961 -0.01194119 0.09111338 0 -0.01194119 0.09132462 0.002999961 -0.01179414 0.09132462 0 -0.01179414 0.09152251 0.002999961 -0.01162958 0.09152251 0 -0.01162958 0.0917055 0.002999961 -0.01144868 0.0917055 0 -0.01144868 0.09187239 0.002999961 -0.01125276 0.09187239 0 -0.01125276 0.09202182 0.002999961 -0.01104325 0.09202182 0 -0.01104325 0.09215271 0.002999961 -0.0108217 0.09215271 0 -0.0108217 0.09226417 0.002999961 -0.01058971 0.09226417 0 -0.01058971 0.09235537 0.002999961 -0.01034909 0.09235537 0 -0.01034909 0.09242558 0.002999961 -0.01010149 0.09242558 0 -0.01010149 0.09247434 0.002999961 -0.009848773 0.09247434 0 -0.009848773 0.09250122 0.002999961 -0.00959289 0.09250122 0 -0.00959289 0.09250611 0.002999961 -0.009335577 0.09250611 0 -0.009335577 0.09248888 0.002999961 -0.0090788 0.09248888 0 -0.0090788 0.09244972 0.002999961 -0.008824408 0.09244972 0 -0.008824408 0.09238892 0.002999961 -0.008574366 0.09238892 0 -0.008574366 0.09230691 0.002999961 -0.008330464 0.09230691 0 -0.008330464 0.09220433 0.002999961 -0.008094429 0.09220433 0 -0.008094429 0.09208184 0.002999961 -0.007868111 0.09208184 0 -0.007868111 0.09194046 0.002999961 -0.007653057 0.09194046 0 -0.007653057 0.09178113 0.002999961 -0.007450997 0.09178113 0 -0.007450997 0.09160506 0.002999961 -0.007263243 0.09160506 0 -0.007263243 0.09141355 0.002999961 -0.007091343 0.09141355 0 -0.007091343 0.09120804 0.002999961 -0.00693643 0.09120804 0 -0.00693643 0.09099 0.002999961 -0.006799757 0.09099 0 -0.006799757 0.09076106 0.002999961 -0.006682276 0.09076106 0 -0.006682276 0.09052288 0.002999961 -0.006584763 0.09052288 0 -0.006584763 0.09027725 0.002999961 -0.006508111 0.09027725 0 -0.006508111 0.0900259 0.002999961 -0.006452739 0.0900259 0 -0.006452739 0.08977079 0.002999961 -0.006419181 0.08977079 0 -0.006419181 -0.08977079 0 -0.006419181 -0.08977079 0.002999961 -0.006419181 -0.0900259 0.002999961 -0.006452739 -0.0900259 0 -0.006452739 -0.09027725 0.002999961 -0.006508111 -0.09027725 0 -0.006508111 -0.09052288 0.002999961 -0.006584763 -0.09052288 0 -0.006584763 -0.09076106 0.002999961 -0.006682276 -0.09076106 0 -0.006682276 -0.09099 0.002999961 -0.006799757 -0.09099 0 -0.006799757 -0.09120804 0.002999961 -0.00693643 -0.09120804 0 -0.00693643 -0.09141355 0.002999961 -0.007091343 -0.09141355 0 -0.007091343 -0.09160506 0.002999961 -0.007263243 -0.09160506 0 -0.007263243 -0.09178113 0.002999961 -0.007450997 -0.09178113 0 -0.007450997 -0.09194046 0.002999961 -0.007653057 -0.09194046 0 -0.007653057 -0.09208184 0.002999961 -0.007868111 -0.09208184 0 -0.007868111 -0.09220433 0.002999961 -0.008094429 -0.09220433 0 -0.008094429 -0.09230691 0.002999961 -0.008330464 -0.09230691 0 -0.008330464 -0.09238892 0.002999961 -0.008574366 -0.09238892 0 -0.008574366 -0.09244972 0.002999961 -0.008824408 -0.09244972 0 -0.008824408 -0.09248888 0.002999961 -0.0090788 -0.09248888 0 -0.0090788 -0.09250611 0.002999961 -0.009335577 -0.09250611 0 -0.009335577 -0.09250122 0.002999961 -0.00959289 -0.09250122 0 -0.00959289 -0.09247434 0.002999961 -0.009848773 -0.09247434 0 -0.009848773 -0.09242558 0.002999961 -0.01010149 -0.09242558 0 -0.01010149 -0.09235537 0.002999961 -0.01034909 -0.09235537 0 -0.01034909 -0.09226417 0.002999961 -0.01058971 -0.09226417 0 -0.01058971 -0.09215271 0.002999961 -0.0108217 -0.09215271 0 -0.0108217 -0.09202182 0.002999961 -0.01104325 -0.09202182 0 -0.01104325 -0.09187239 0.002999961 -0.01125276 -0.09187239 0 -0.01125276 -0.0917055 0.002999961 -0.01144868 -0.0917055 0 -0.01144868 -0.09152251 0.002999961 -0.01162958 -0.09152251 0 -0.01162958 -0.09132462 0.002999961 -0.01179414 -0.09132462 0 -0.01179414 -0.09111338 0.002999961 -0.01194119 -0.09111338 0 -0.01194119 -0.09089034 0.002999961 -0.01206952 -0.09089034 0 -0.01206952 -0.09065711 0.002999961 -0.0121783 -0.09065711 0 -0.0121783 -0.09041541 0.002999961 -0.01226669 -0.09041541 0 -0.01226669 -0.09016704 0.002999961 -0.01233398 -0.09016704 0 -0.01233398 -0.08991378 0.002999961 -0.01237982 -0.08991378 0 -0.01237982 -0.0896576 0.002999961 -0.01240372 -0.0896576 0 -0.01240372 -0.08940023 0.002999961 -0.01240563 -0.08940023 0 -0.01240563 -0.08914369 0.002999961 -0.01238548 -0.08914369 0 -0.01238548 -0.08647441 0 -0.02494329 -0.08647441 0.002999961 -0.02494329 -0.086717 0.002999961 -0.02502918 -0.086717 0 -0.02502918 -0.08695131 0.002999961 -0.02513557 -0.08695131 0 -0.02513557 -0.08717566 0.002999961 -0.0252617 -0.08717566 0 -0.0252617 -0.08738839 0.002999961 -0.02540653 -0.08738839 0 -0.02540653 -0.08758789 0.002999961 -0.02556908 -0.08758789 0 -0.02556908 -0.08777278 0.002999961 -0.02574813 -0.08777278 0 -0.02574813 -0.08794158 0.002999961 -0.02594232 -0.08794158 0 -0.02594232 -0.08809316 0.002999961 -0.02615034 -0.08809316 0 -0.02615034 -0.08822631 0.002999961 -0.02637052 -0.08822631 0 -0.02637052 -0.08834016 0.002999961 -0.02660131 -0.08834016 0 -0.02660131 -0.08843374 0.002999961 -0.02684104 -0.08843374 0 -0.02684104 -0.08850651 0.002999961 -0.02708792 -0.08850651 0 -0.02708792 -0.08855777 0.002999961 -0.02734011 -0.08855777 0 -0.02734011 -0.08858728 0.002999961 -0.02759575 -0.08858728 0 -0.02759575 -0.08859479 0.002999961 -0.02785301 -0.08859479 0 -0.02785301 -0.08858019 0.002999961 -0.0281099 -0.08858019 0 -0.0281099 -0.08854365 0.002999961 -0.02836465 -0.08854365 0 -0.02836465 -0.08848536 0.002999961 -0.02861535 -0.08848536 0 -0.02861535 -0.08840584 0.002999961 -0.02886009 -0.08840584 0 -0.02886009 -0.08830565 0.002999961 -0.02909713 -0.08830565 0 -0.02909713 -0.08818548 0.002999961 -0.02932471 -0.08818548 0 -0.02932471 -0.08804625 0.002999961 -0.02954113 -0.08804625 0 -0.02954113 -0.08788901 0.002999961 -0.02974486 -0.08788901 0 -0.02974486 -0.08771491 0.002999961 -0.02993434 -0.08771491 0 -0.02993434 -0.08752512 0.002999961 -0.03010821 -0.08752512 0 -0.03010821 -0.08732122 0.002999961 -0.03026515 -0.08732122 0 -0.03026515 -0.08710455 0.002999961 -0.03040409 -0.08710455 0 -0.03040409 -0.0868768 0.002999961 -0.03052389 -0.0868768 0 -0.03052389 -0.08663964 0.002999961 -0.03062379 -0.08663964 0 -0.03062379 -0.08639478 0.002999961 -0.03070294 -0.08639478 0 -0.03070294 -0.08614403 0.002999961 -0.03076082 -0.08614403 0 -0.03076082 -0.08588922 0.002999961 -0.03079706 -0.08588922 0 -0.03079706 -0.08563226 0.002999961 -0.03081125 -0.08563226 0 -0.03081125 -0.08537507 0.002999961 -0.03080344 -0.08537507 0 -0.03080344 -0.08511948 0.002999961 -0.03077358 -0.08511948 0 -0.03077358 -0.08486735 0.002999961 -0.0307219 -0.08486735 0 -0.0307219 -0.08462059 0.002999961 -0.03064882 -0.08462059 0 -0.03064882 -0.07939875 0 -0.04237723 -0.07939875 0.002999961 -0.04237723 -0.07961815 0.002999961 -0.04251176 -0.07961815 0 -0.04251176 -0.07982528 0.002999961 -0.04266452 -0.07982528 0 -0.04266452 -0.08001846 0.002999961 -0.04283452 -0.08001846 0 -0.04283452 -0.08019644 0.002999961 -0.04302042 -0.08019644 0 -0.04302042 -0.08035778 0.002999961 -0.04322087 -0.08035778 0 -0.04322087 -0.08050137 0.002999961 -0.04343444 -0.08050137 0 -0.04343444 -0.08062613 0.002999961 -0.0436595 -0.08062613 0 -0.0436595 -0.08073115 0.002999961 -0.04389446 -0.08073115 0 -0.04389446 -0.08081561 0.002999961 -0.04413753 -0.08081561 0 -0.04413753 -0.08087897 0.002999961 -0.04438698 -0.08087897 0 -0.04438698 -0.08092069 0.002999961 -0.04464095 -0.08092069 0 -0.04464095 -0.08094054 0.002999961 -0.04489749 -0.08094054 0 -0.04489749 -0.08093827 0.002999961 -0.04515486 -0.08093827 0 -0.04515486 -0.08091396 0.002999961 -0.04541105 -0.08091396 0 -0.04541105 -0.08086782 0.002999961 -0.04566425 -0.08086782 0 -0.04566425 -0.08080011 0.002999961 -0.0459125 -0.08080011 0 -0.0459125 -0.08071136 0.002999961 -0.04615408 -0.08071136 0 -0.04615408 -0.08060228 0.002999961 -0.04638713 -0.08060228 0 -0.04638713 -0.0804736 0.002999961 -0.04661005 -0.0804736 0 -0.04661005 -0.08032631 0.002999961 -0.04682105 -0.08032631 0 -0.04682105 -0.08016145 0.002999961 -0.04701864 -0.08016145 0 -0.04701864 -0.07998031 0.002999961 -0.04720145 -0.07998031 0 -0.04720145 -0.07978409 0.002999961 -0.04736799 -0.07978409 0 -0.04736799 -0.0795744 0.002999961 -0.04751712 -0.0795744 0 -0.04751712 -0.07935267 0.002999961 -0.04764777 -0.07935267 0 -0.04764777 -0.07912057 0.002999961 -0.04775887 -0.07912057 0 -0.04775887 -0.07887977 0.002999961 -0.04784971 -0.07887977 0 -0.04784971 -0.07863205 0.002999961 -0.04791957 -0.07863205 0 -0.04791957 -0.07837933 0.002999961 -0.04796797 -0.07837933 0 -0.04796797 -0.07812333 0.002999961 -0.04799449 -0.07812333 0 -0.04799449 -0.07786601 0.002999961 -0.04799902 -0.07786601 0 -0.04799902 -0.0776093 0.002999961 -0.04798144 -0.0776093 0 -0.04798144 -0.07735496 0.002999961 -0.04794192 -0.07735496 0 -0.04794192 -0.07710504 0.002999961 -0.04788076 -0.07710504 0 -0.04788076 -0.0768612 0.002999961 -0.04779839 -0.0768612 0 -0.04779839 -0.07662534 0.002999961 -0.04769545 -0.07662534 0 -0.04769545 -0.07639914 0.002999961 -0.04757267 -0.07639914 0 -0.04757267 -0.06885296 0 -0.05795913 -0.06885296 0.002999961 -0.05795913 -0.06903964 0.002999961 -0.05813628 -0.06903964 0 -0.05813628 -0.06921041 0.002999961 -0.0583288 -0.06921041 0 -0.0583288 -0.06936407 0.002999961 -0.05853521 -0.06936407 0 -0.05853521 -0.06949949 0.002999961 -0.05875408 -0.06949949 0 -0.05875408 -0.06961566 0.002999961 -0.05898374 -0.06961566 0 -0.05898374 -0.06971168 0.002999961 -0.05922245 -0.06971168 0 -0.05922245 -0.06978696 0.002999961 -0.05946856 -0.06978696 0 -0.05946856 -0.06984078 0.002999961 -0.05972021 -0.06984078 0 -0.05972021 -0.06987291 0.002999961 -0.05997556 -0.06987291 0 -0.05997556 -0.06988298 0.002999961 -0.06023269 -0.06988298 0 -0.06023269 -0.069871 0.002999961 -0.06048977 -0.069871 0 -0.06048977 -0.06983703 0.002999961 -0.06074488 -0.06983703 0 -0.06074488 -0.06978136 0.002999961 -0.06099611 -0.06978136 0 -0.06099611 -0.06970429 0.002999961 -0.06124168 -0.06970429 0 -0.06124168 -0.06960654 0.002999961 -0.06147974 -0.06960654 0 -0.06147974 -0.0694887 0.002999961 -0.0617085 -0.0694887 0 -0.0617085 -0.06935167 0.002999961 -0.06192636 -0.06935167 0 -0.06192636 -0.06919652 0.002999961 -0.06213164 -0.06919652 0 -0.06213164 -0.06902432 0.002999961 -0.06232291 -0.06902432 0 -0.06232291 -0.06883633 0.002999961 -0.06249868 -0.06883633 0 -0.06249868 -0.06863403 0.002999961 -0.06265771 -0.06863403 0 -0.06265771 -0.0684188 0.002999961 -0.06279879 -0.0684188 0 -0.06279879 -0.0681923 0.002999961 -0.06292098 -0.0681923 0 -0.06292098 -0.06795614 0.002999961 -0.06302326 -0.06795614 0 -0.06302326 -0.06771206 0.002999961 -0.06310492 -0.06771206 0 -0.06310492 -0.0674619 0.002999961 -0.06316536 -0.0674619 0 -0.06316536 -0.06720751 0.002999961 -0.0632041 -0.06720751 0 -0.0632041 -0.06695073 0.002999961 -0.06322097 -0.06695073 0 -0.06322097 -0.06669342 0.002999961 -0.06321573 -0.06669342 0 -0.06321573 -0.06643754 0.002999961 -0.06318849 -0.06643754 0 -0.06318849 -0.06618493 0.002999961 -0.06313937 -0.06618493 0 -0.06313937 -0.06593745 0.002999961 -0.0630688 -0.06593745 0 -0.0630688 -0.06569689 0.002999961 -0.06297731 -0.06569689 0 -0.06297731 -0.06546509 0.002999961 -0.06286549 -0.06546509 0 -0.06286549 -0.06524372 0.002999961 -0.06273424 -0.06524372 0 -0.06273424 -0.06503444 0.002999961 -0.06258451 -0.06503444 0 -0.06258451 -0.06483876 0.002999961 -0.06241738 -0.06483876 0 -0.06241738 -0.05529797 0 -0.07100796 -0.05529797 0.002999961 -0.07100796 -0.0554437 0.002999961 -0.07122004 -0.0554437 0 -0.07122004 -0.05557078 0.002999961 -0.07144385 -0.05557078 0 -0.07144385 -0.05567812 0.002999961 -0.07167774 -0.05567812 0 -0.07167774 -0.05576509 0.002999961 -0.07191991 -0.05576509 0 -0.07191991 -0.05583095 0.002999961 -0.0721687 -0.05583095 0 -0.0721687 -0.0558753 0.002999961 -0.0724222 -0.0558753 0 -0.0724222 -0.05589771 0.002999961 -0.07267856 -0.05589771 0 -0.07267856 -0.05589807 0.002999961 -0.07293593 -0.05589807 0 -0.07293593 -0.05587637 0.002999961 -0.07319235 -0.05587637 0 -0.07319235 -0.0558328 0.002999961 -0.07344597 -0.0558328 0 -0.07344597 -0.05576759 0.002999961 -0.07369494 -0.05576759 0 -0.07369494 -0.05568134 0.002999961 -0.07393741 -0.05568134 0 -0.07393741 -0.05557465 0.002999961 -0.0741716 -0.05557465 0 -0.0741716 -0.05544823 0.002999961 -0.07439577 -0.05544823 0 -0.07439577 -0.05530309 0.002999961 -0.07460826 -0.05530309 0 -0.07460826 -0.05514025 0.002999961 -0.07480752 -0.05514025 0 -0.07480752 -0.05496096 0.002999961 -0.07499212 -0.05496096 0 -0.07499212 -0.05476647 0.002999961 -0.07516068 -0.05476647 0 -0.07516068 -0.05455827 0.002999961 -0.07531195 -0.05455827 0 -0.07531195 -0.05433785 0.002999961 -0.07544481 -0.05433785 0 -0.07544481 -0.05410689 0.002999961 -0.0755583 -0.05410689 0 -0.0755583 -0.05386704 0.002999961 -0.07565158 -0.05386704 0 -0.07565158 -0.0536201 0.002999961 -0.07572394 -0.0536201 0 -0.07572394 -0.05336785 0.002999961 -0.0757749 -0.05336785 0 -0.0757749 -0.05311214 0.002999961 -0.07580405 -0.05311214 0 -0.07580405 -0.05285489 0.002999961 -0.07581114 -0.05285489 0 -0.07581114 -0.05259799 0.002999961 -0.07579618 -0.05259799 0 -0.07579618 -0.0523433 0.002999961 -0.07575929 -0.0523433 0 -0.07575929 -0.05209273 0.002999961 -0.0757007 -0.05209273 0 -0.0757007 -0.05184811 0.002999961 -0.07562083 -0.05184811 0 -0.07562083 -0.05161118 0.002999961 -0.07552027 -0.05161118 0 -0.07552027 -0.05138379 0.002999961 -0.07539975 -0.05138379 0 -0.07539975 -0.05116754 0.002999961 -0.07526028 -0.05116754 0 -0.07526028 -0.05096405 0.002999961 -0.07510268 -0.05096405 0 -0.07510268 -0.05077481 0.002999961 -0.07492828 -0.05077481 0 -0.07492828 -0.05060124 0.002999961 -0.07473832 -0.05060124 0 -0.07473832 -0.05044454 0.002999961 -0.07453417 -0.05044454 0 -0.07453417 -0.03932619 0 -0.08095335 -0.03932619 0.002999961 -0.08095335 -0.03942465 0.002999961 -0.08119112 -0.03942465 0 -0.08119112 -0.03950238 0.002999961 -0.08143645 -0.03950238 0 -0.08143645 -0.03955882 0.002999961 -0.08168751 -0.03955882 0 -0.08168751 -0.03959351 0.002999961 -0.08194255 -0.03959351 0 -0.08194255 -0.03960621 0.002999961 -0.08219957 -0.03960621 0 -0.08219957 -0.03959685 0.002999961 -0.08245676 -0.03959685 0 -0.08245676 -0.03956544 0.002999961 -0.08271217 -0.03956544 0 -0.08271217 -0.03951233 0.002999961 -0.08296394 -0.03951233 0 -0.08296394 -0.03943777 0.002999961 -0.08321028 -0.03943777 0 -0.08321028 -0.0393424 0.002999961 -0.0834493 -0.0393424 0 -0.0834493 -0.03922688 0.002999961 -0.08367925 -0.03922688 0 -0.08367925 -0.03909212 0.002999961 -0.08389848 -0.03909212 0 -0.08389848 -0.03893905 0.002999961 -0.08410537 -0.03893905 0 -0.08410537 -0.03876882 0.002999961 -0.08429837 -0.03876882 0 -0.08429837 -0.03858262 0.002999961 -0.08447605 -0.03858262 0 -0.08447605 -0.03838193 0.002999961 -0.0846371 -0.03838193 0 -0.0846371 -0.03816819 0.002999961 -0.08478039 -0.03816819 0 -0.08478039 -0.03794288 0.002999961 -0.08490484 -0.03794288 0 -0.08490484 -0.0377078 0.002999961 -0.08500951 -0.0377078 0 -0.08500951 -0.03746461 0.002999961 -0.08509367 -0.03746461 0 -0.08509367 -0.03721511 0.002999961 -0.08515661 -0.03721511 0 -0.08515661 -0.03696107 0.002999961 -0.08519804 -0.03696107 0 -0.08519804 -0.03670448 0.002999961 -0.08521747 -0.03670448 0 -0.08521747 -0.03644716 0.002999961 -0.08521485 -0.03644716 0 -0.08521485 -0.03619098 0.002999961 -0.08519017 -0.03619098 0 -0.08519017 -0.03593784 0.002999961 -0.08514368 -0.03593784 0 -0.08514368 -0.03568965 0.002999961 -0.08507561 -0.03568965 0 -0.08507561 -0.03544825 0.002999961 -0.08498656 -0.03544825 0 -0.08498656 -0.03521531 0.002999961 -0.08487713 -0.03521531 0 -0.08487713 -0.03499263 0.002999961 -0.08474814 -0.03499263 0 -0.08474814 -0.03478181 0.002999961 -0.0846005 -0.03478181 0 -0.0846005 -0.0345844 0.002999961 -0.0844354 -0.0345844 0 -0.0844354 -0.03440189 0.002999961 -0.08425396 -0.03440189 0 -0.08425396 -0.03423565 0.002999961 -0.08405756 -0.03423565 0 -0.08405756 -0.03408676 0.002999961 -0.08384764 -0.03408676 0 -0.08384764 -0.03395646 0.002999961 -0.08362573 -0.03395646 0 -0.08362573 -0.03384566 0.002999961 -0.08339345 -0.03384566 0 -0.08339345 -0.002999544 0 -0.08994996 -0.002999544 0.002999961 -0.08994996 -0.002992808 0.002999961 -0.09020721 -0.002992808 0 -0.09020721 -0.002964019 0.002999961 -0.09046298 -0.002964019 0 -0.09046298 -0.002913415 0.002999961 -0.09071528 -0.002913415 0 -0.09071528 -0.002841413 0.002999961 -0.09096235 -0.002841413 0 -0.09096235 -0.002748489 0.002999961 -0.09120231 -0.002748489 0 -0.09120231 -0.0026353 0.002999961 -0.09143346 -0.0026353 0 -0.09143346 -0.002502799 0.002999961 -0.09165406 -0.002502799 0 -0.09165406 -0.00235182 0.002999961 -0.09186249 -0.00235182 0 -0.09186249 -0.002183496 0.002999961 -0.09205716 -0.002183496 0 -0.09205716 -0.001999199 0.002999961 -0.09223675 -0.001999199 0 -0.09223675 -0.001800119 0.002999961 -0.09239983 -0.001800119 0 -0.09239983 -0.001587808 0.002999961 -0.09254533 -0.001587808 0 -0.09254533 -0.001363813 0.002999961 -0.09267204 -0.001363813 0 -0.09267204 -0.001129806 0.002999961 -0.09277909 -0.001129806 0 -0.09277909 -8.87509e-4 0.002999961 -0.0928657 -8.87509e-4 0 -0.0928657 -6.38642e-4 0.002999961 -0.09293121 -6.38642e-4 0 -0.09293121 -3.85075e-4 0.002999961 -0.09297513 -3.85075e-4 0 -0.09297513 -1.28674e-4 0.002999961 -0.09299719 -1.28674e-4 0 -0.09299719 1.28674e-4 0.002999961 -0.09299719 1.28674e-4 0 -0.09299719 3.85075e-4 0.002999961 -0.09297513 3.85075e-4 0 -0.09297513 6.38642e-4 0.002999961 -0.09293121 6.38642e-4 0 -0.09293121 8.87509e-4 0.002999961 -0.0928657 8.87509e-4 0 -0.0928657 0.001129806 0.002999961 -0.09277909 0.001129806 0 -0.09277909 0.001363813 0.002999961 -0.09267204 0.001363813 0 -0.09267204 0.001587808 0.002999961 -0.09254533 0.001587808 0 -0.09254533 0.001800119 0.002999961 -0.09239983 0.001800119 0 -0.09239983 0.001999199 0.002999961 -0.09223675 0.001999199 0 -0.09223675 0.002183496 0.002999961 -0.09205716 0.002183496 0 -0.09205716 0.00235182 0.002999961 -0.09186249 0.00235182 0 -0.09186249 0.002502799 0.002999961 -0.09165406 0.002502799 0 -0.09165406 0.0026353 0.002999961 -0.09143346 0.0026353 0 -0.09143346 0.002748489 0.002999961 -0.09120231 0.002748489 0 -0.09120231 0.002841413 0.002999961 -0.09096235 0.002841413 0 -0.09096235 0.002913415 0.002999961 -0.09071528 0.002913415 0 -0.09071528 0.002964019 0.002999961 -0.09046298 0.002964019 0 -0.09046298 0.002992808 0.002999961 -0.09020721 0.002992808 0 -0.09020721 0.002999544 0.002999961 -0.08994996 0.002999544 0 -0.08994996 0.03728246 0 -0.05324482 0.03249996 0 -0.05629163 -0.08221906 0 -0.03660625 4.35778e-4 0 0.070019 0 0 0.06999999 0 0 0.06499999 0.07998096 0 4.35778e-4 0.07999998 0 0 0.07998096 0 -4.35779e-4 0.07992404 0 -8.68241e-4 0.07982963 0 -0.001294076 0.07933008 0 -0.002499997 0.07909572 0 -0.002867877 0.07883018 0 -0.003213882 0.07853549 0 -0.003535509 0.07821393 0 -0.003830194 0.07786786 0 -0.004095733 0.07749998 0 -0.004330098 0.07982963 0 0.001294076 0.07992404 0 8.68241e-4 0.08914369 0 0.01238548 0.07969844 0 -0.001710057 0.07953149 0 -0.002113044 0.07586824 0 -0.004923999 0.07543575 0 -0.004980921 0.08290845 0 -0.03501683 0.09230691 0 0.008330464 0.09238892 0 0.008574366 0.001710057 0 0.07969844 0.002113044 0 0.07953149 0.03932619 0 0.08095335 -0.001710057 0 0.07030153 -0.002113044 0 0.07046842 -0.005665123 0 0.06475263 0.07711309 0 -0.004531502 0.0767101 0 -0.004698455 0.07629406 0 -0.004829585 0.08803325 0 -0.01871204 0.07030153 0 0.001710057 0.07046842 0 0.002113044 0.07639914 0 0.04757267 0.06483876 0 0.06241738 0.070019 0 -4.35779e-4 0.06999999 0 0 0.05514025 0 0.07480752 0.05496096 0 0.07499212 0.05589771 0 0.07267856 -0.0345844 0 0.0844354 -0.03478181 0 0.0846005 -0.03503316 0 0.05475103 0.06475263 0 -0.005665123 0.07066982 0 -0.002499997 0.07046842 0 -0.002113044 0.0558753 0 0.0724222 0.05386704 0 0.07565158 0.0536201 0 0.07572394 0.05529797 0 0.07100796 0 0 0.07999998 4.35778e-4 0 0.07998096 0.002499997 0 0.07933008 0.002867877 0 0.07909572 0.003213882 0 0.07883018 0.06885296 0 0.05795913 0.070019 0 4.35778e-4 0.07281148 0 0.05290067 0.07007592 0 8.68241e-4 0.07017034 0 0.001294076 0.08462059 0 0.03064882 0.08221906 0 0.03660625 0.07939875 0 0.04237723 0.06278514 0 -0.01682323 0.07213211 0 -0.004095733 0.07178604 0 -0.003830194 0.07030153 0 -0.001710057 0.07017034 0 -0.001294076 0.06499999 0 0 0.07007592 0 -8.68241e-4 0.05209273 0 0.0757007 0.05184811 0 0.07562083 0.05161118 0 0.07552027 0.05138379 0 0.07539975 8.68241e-4 0 0.07992404 0.001294076 0 0.07982963 0.02163565 0 0.08736068 -8.68241e-4 0 0.07992404 0.02781152 0 0.08559507 -4.35779e-4 0 0.07998096 0.03384566 0 0.08339345 -0.01682323 0 0.06278514 -0.01128709 0 0.06401246 -0.003535509 0 0.07146441 0.09099 0 0.006799757 0.09120804 0 0.00693643 0.09141355 0 0.007091343 0.09244972 0 0.008824408 0.09248888 0 0.0090788 0.09250611 0 0.009335577 0.09250122 0 0.00959289 0.09247434 0 0.009848773 0.09242558 0 0.01010149 0.09235537 0 0.01034909 0.09226417 0 0.01058971 0.09215271 0 0.0108217 0.07146441 0 0.003535509 0.07178604 0 0.003830194 0.08647441 0 0.02494329 0.07933008 0 0.002499997 0.07909572 0 0.002867877 0.07883018 0 0.003213882 0.08016145 0 0.04701864 0.08032631 0 0.04682105 0.0804736 0 0.04661005 0.07912057 0 0.04775887 0.07935267 0 0.04764777 0.0795744 0 0.04751712 0.06401246 0 -0.01128709 0.005665123 0 0.06475263 0.01128709 0 0.06401246 0.01682323 0 0.06278514 0.02223128 0 0.06107997 0.03728246 0 0.05324482 0.06022173 0 0.06688302 0.04178118 0 0.04979288 0.04596191 0 0.04596191 0.04979288 0 0.04178118 0.05324482 0 0.03728246 0.06107997 0 0.02223128 0.06278514 0 0.01682323 0.06401246 0 0.01128709 0.06475263 0 0.005665123 0.05557078 0 0.07144385 0.05567812 0 0.07167774 0.05568134 0 0.07393741 0.05557465 0 0.0741716 0.05476647 0 0.07516068 0.05455827 0 0.07531195 0.05336785 0 0.0757749 0.05311214 0 0.07580405 0.05285489 0 0.07581114 0.05259799 0 0.07579618 0.0523433 0 0.07575929 0.05044454 0 0.07453417 0.05060124 0 0.07473832 0.05077481 0 0.07492828 0.03956544 0 0.08271217 0.03951233 0 0.08296394 0.03943777 0 0.08321028 0.0393424 0 0.0834493 0.03838193 0 0.0846371 0.03816819 0 0.08478039 0.03794288 0 0.08490484 0.0377078 0 0.08500951 0.03746461 0 0.08509367 0.03521531 0 0.08487713 0.03499263 0 0.08474814 0.03478181 0 0.0846005 0.0345844 0 0.0844354 0.03440189 0 0.08425396 0.03423565 0 0.08405756 0.03408676 0 0.08384764 -0.002999544 0 0.08994996 0.01576757 0 0.08860802 -4.35779e-4 0 0.070019 -8.68241e-4 0 0.07007592 -0.001294076 0 0.07017034 -0.002499997 0 0.07066982 -0.002867877 0 0.07090419 -0.003213882 0 0.07116973 -0.03249996 0 0.05629163 -0.004330098 0 0.07249999 -0.004531502 0 0.07288688 -0.03408676 0 0.08384764 -0.03395646 0 0.08362573 -0.03384566 0 0.08339345 -0.03423565 0 0.08405756 -0.03440189 0 0.08425396 0.08977079 0 0.006419181 0.0900259 0 0.006452739 0.09027725 0 0.006508111 0.09052288 0 0.006584763 0.09076106 0 0.006682276 0.09160506 0 0.007263243 0.09178113 0 0.007450997 0.09194046 0 0.007653057 0.09208184 0 0.007868111 0.09220433 0 0.008094429 0.0917055 0 0.01144868 0.09152251 0 0.01162958 0.09132462 0 0.01179414 0.09111338 0 0.01194119 0.09089034 0 0.01206952 0.07953149 0 0.002113044 0.07969844 0 0.001710057 0.08087897 0 0.04438698 0.08092069 0 0.04464095 0.08094054 0 0.04489749 0.08093827 0 0.04515486 0.07998031 0 0.04720145 0.07978409 0 0.04736799 0.07887977 0 0.04784971 0.07863205 0 0.04791957 0.07837933 0 0.04796797 0.07812333 0 0.04799449 0.07786601 0 0.04799902 0.0776093 0 0.04798144 0.06903964 0 0.05813628 0.06921041 0 0.0583288 0.06936407 0 0.05853521 0.069871 0 0.06048977 0.06988298 0 0.06023269 0.06987291 0 0.05997556 0.06593745 0 0.0630688 0.06978136 0 0.06099611 0.06618493 0 0.06313937 0.06970429 0 0.06124168 0.06960654 0 0.06147974 0.06569689 0 0.06297731 0.06546509 0 0.06286549 0.06524372 0 0.06273424 0.07146441 0 -0.003535509 0.07116973 0 -0.003213882 0.07090419 0 -0.002867877 0.02747017 0 0.05890995 0.03249996 0 0.05629163 0.05629163 0 0.03249996 0.05890995 0 0.02747017 0.05576509 0 0.07191991 0.05583095 0 0.0721687 0.05544823 0 0.07439577 0.05530309 0 0.07460826 0.05433785 0 0.07544481 0.05410689 0 0.0755583 0.05116754 0 0.07526028 0.05096405 0 0.07510268 0.003535509 0 0.07146441 0.003213882 0 0.07116973 0.03922688 0 0.08367925 0.03909212 0 0.08389848 0.03893905 0 0.08410537 0.03721511 0 0.08515661 0.03696107 0 0.08519804 0.03670448 0 0.08521747 0.03644716 0 0.08521485 0.03619098 0 0.08519017 0.03593784 0 0.08514368 0.03395646 0 0.08362573 0.00940752 0 0.08950692 0.002999544 0 0.08994996 -0.01576757 0 0.08860802 -0.01582771 0 0.08885824 -0.02163565 0 0.08736068 -0.01590901 0 0.08910238 0.09202182 0 0.01104325 0.09187239 0 0.01125276 0.07066982 0 0.002499997 0.07090419 0 0.002867877 0.07116973 0 0.003213882 0.08822631 0 0.02637052 0.08834016 0 0.02660131 0.08858728 0 0.02759575 0.07982528 0 0.04266452 0.08001846 0 0.04283452 0.08081561 0 0.04413753 0.08019644 0 0.04302042 0.08035778 0 0.04322087 0.08050137 0 0.04343444 0.08062613 0 0.0436595 0.08073115 0 0.04389446 0.08091396 0 0.04541105 0.08086782 0 0.04566425 0.08080011 0 0.0459125 0.08071136 0 0.04615408 0.08060228 0 0.04638713 0.06949949 0 0.05875408 0.06961566 0 0.05898374 0.06971168 0 0.05922245 0.06978696 0 0.05946856 0.06984078 0 0.05972021 0.06919652 0 0.06213164 0.06902432 0 0.06232291 0.0684188 0 0.06279879 0.0681923 0 0.06292098 0.06795614 0 0.06302326 0.06669342 0 0.06321573 0.0674619 0 0.06316536 0.06695073 0 0.06322097 0.06720751 0 0.0632041 0.06983703 0 0.06074488 0.06503444 0 0.06258451 0.07249999 0 -0.004330098 0.06107997 0 -0.02223128 0.07288688 0 -0.004531502 0.0554437 0 0.07122004 0.05589807 0 0.07293593 0.05587637 0 0.07319235 0.002867877 0 0.07090419 0.002499997 0 0.07066982 0.002113044 0 0.07046842 0.03960621 0 0.08219957 0.03950238 0 0.08143645 0.03959351 0 0.08194255 0.03955882 0 0.08168751 0.03942465 0 0.08119112 0.03959685 0 0.08245676 0.03876882 0 0.08429837 0.03858262 0 0.08447605 0.03568965 0 0.08507561 0.03544825 0 0.08498656 0.01793348 0 0.09093046 0.01768809 0 0.09085309 0.001587808 0 0.09254533 0.001363813 0 0.09267204 0.001129806 0 0.09277909 8.87509e-4 0 0.0928657 6.38642e-4 0 0.09293121 3.85075e-4 0 0.09297513 1.28674e-4 0 0.09299719 -0.004698455 0 0.0767101 -0.004531502 0 0.07711309 -0.002867877 0 0.07909572 -0.002499997 0 0.07933008 -0.00940752 0 0.08950692 -0.002113044 0 0.07953149 -0.001710057 0 0.07969844 -0.001294076 0 0.07982963 -0.01869678 0 0.09103322 -0.01895391 0 0.0910235 0.0896576 0 0.01240372 0.09041541 0 0.01226669 0.08991378 0 0.01237982 0.09016704 0 0.01233398 0.09065711 0 0.0121783 0.08940023 0 0.01240563 0.07786786 0 0.004095733 0.07821393 0 0.003830194 0.08803325 0 0.01871204 0.08818548 0 0.02932471 0.08830565 0 0.02909713 0.086717 0 0.02502918 0.08695131 0 0.02513557 0.08717566 0 0.0252617 0.08738839 0 0.02540653 0.08758789 0 0.02556908 0.08809316 0 0.02615034 0.08858019 0 0.0281099 0.08854365 0 0.02836465 0.08794158 0 0.02594232 0.08848536 0 0.02861535 0.08804625 0 0.02954113 0.08788901 0 0.02974486 0.08771491 0 0.02993434 0.08752512 0 0.03010821 0.08732122 0 0.03026515 0.08710455 0 0.03040409 0.08563226 0 0.03081125 0.08537507 0 0.03080344 0.08511948 0 0.03077358 0.07961815 0 0.04251176 0.08486735 0 0.0307219 0.07662534 0 0.04769545 0.0768612 0 0.04779839 0.0694887 0 0.0617085 0.06935167 0 0.06192636 0.06883633 0 0.06249868 0.06863403 0 0.06265771 0.06643754 0 0.06318849 0.06771206 0 0.06310492 0.07499998 0 -0.004999995 0.07456421 0 -0.004980921 0.05475103 0 -0.03503316 0.07413172 0 -0.004923999 0.07370591 0 -0.004829585 0.07328987 0 -0.004698455 0.05629163 0 -0.03249996 0.05890995 0 -0.02747017 0.0558328 0 0.07344597 0.05576759 0 0.07369494 0.003535509 0 0.07853549 0.003830194 0 0.07821393 0.004095733 0 0.07786786 0.001710057 0 0.07030153 0.001294076 0 0.07017034 8.68241e-4 0 0.07007592 -0.004330098 0 0.07749998 -0.004095733 0 0.07786786 -0.01920932 0 0.09099173 -0.01946103 0 0.09093827 -0.01970726 0 0.09086334 -0.02747017 0 0.05890995 -0.02223128 0 0.06107997 -0.004095733 0 0.07213211 -0.003830194 0 0.07178604 -0.004999995 0 0.07499998 -0.004980921 0 0.07543575 -0.004923999 0 0.07586824 -0.004829585 0 0.07629406 -0.02781152 0 0.08559507 0.07213211 0 0.004095733 0.07249999 0 0.004330098 0.07288688 0 0.004531502 0.08843374 0 0.02684104 0.08850651 0 0.02708792 0.08855777 0 0.02734011 0.08859479 0 0.02785301 0.08777278 0 0.02574813 0.08840584 0 0.02886009 0.0868768 0 0.03052389 0.08663964 0 0.03062379 0.08639478 0 0.03070294 0.07735496 0 0.04794192 0.07710504 0 0.04788076 0.02139967 0 0.08936607 0.02127557 0 0.0895915 0.02113258 0 0.08980548 0.01920932 0 0.09099173 0.01895391 0 0.0910235 0.01869678 0 0.09103322 0.01601094 0 0.08933871 0.01590901 0 0.08910238 0.01582771 0 0.08885824 0.002964019 0 0.09046298 0.002913415 0 0.09071528 0.002183496 0 0.09205716 0.001999199 0 0.09223675 0.001800119 0 0.09239983 -1.28674e-4 0 0.09299719 -3.85075e-4 0 0.09297513 -6.38642e-4 0 0.09293121 -8.87509e-4 0 0.0928657 -0.001129806 0 0.09277909 -0.001363813 0 0.09267204 -0.002964019 0 0.09046298 -0.002992808 0 0.09020721 -0.00235182 0 0.09186249 -0.003830194 0 0.07821393 -0.003535509 0 0.07853549 -0.003213882 0 0.07883018 -0.01793348 0 0.09093046 -0.01818466 0 0.09098654 -0.01843971 0 0.09102088 -0.01994615 0 0.09076768 -0.02017593 0 0.09065181 -0.02168256 0 0.08761376 -0.02170759 0 0.08786988 -0.004698455 0 0.07328987 -0.004829585 0 0.07370591 -0.004923999 0 0.07413172 -0.004980921 0 0.07456421 0.08999997 0 0 0.0767101 0 0.004698455 0.07711309 0 0.004531502 0.07853549 0 0.003535509 0.08614403 0 0.03076082 0.08588922 0 0.03079706 0.004330098 0 0.07749998 0.004531502 0 0.07711309 0.004698455 0 0.0767101 0.02170759 0 0.08786988 0.02171057 0 0.08812719 0.02150404 0 0.08913081 0.02097183 0 0.09000641 0.02079439 0 0.09019285 0.02060163 0 0.09036338 0.02039498 0 0.09051674 0.02017593 0 0.09065181 0.01994615 0 0.09076768 0.01970726 0 0.09086334 0.01946103 0 0.09093827 0.01843971 0 0.09102088 0.01818466 0 0.09098654 0.002992808 0 0.09020721 0.002841413 0 0.09096235 0.002748489 0 0.09120231 0.0026353 0 0.09143346 0.002502799 0 0.09165406 0.00235182 0 0.09186249 -0.002183496 0 0.09205716 -0.01601094 0 0.08933871 -0.01613277 0 0.08956539 -0.01627355 0 0.0897808 -0.01722157 0 0.09063678 -0.01700389 0 0.09049952 -0.01679885 0 0.09034401 -0.01745015 0 0.09075498 -0.01768809 0 0.09085309 -0.02171057 0 0.08812719 -0.02039498 0 0.09051674 -0.02060163 0 0.09036338 0.07328987 0 0.004698455 0.07370591 0 0.004829585 0.07413172 0 0.004923999 0.01745015 0 0.09075498 0.01722157 0 0.09063678 0.01700389 0 0.09049952 -0.0026353 0 0.09143346 -0.002748489 0 0.09120231 -0.002841413 0 0.09096235 -0.01643228 0 0.08998334 -0.01660782 0 0.09017157 -0.02079439 0 0.09019285 -0.02097183 0 0.09000641 -0.02113258 0 0.08980548 -0.02127557 0 0.0895915 -0.02139967 0 0.08936607 -0.02150404 0 0.08913081 -0.02158784 0 0.08888751 -0.02165049 0 0.08863788 -0.0216915 0 0.08838385 0.07456421 0 0.004980921 0.07499998 0 0.004999995 0.07543575 0 0.004980921 0.07749998 0 0.004330098 0.02168256 0 0.08761376 0.0216915 0 0.08838385 0.02165049 0 0.08863788 0.02158784 0 0.08888751 -0.001587808 0 0.09254533 -0.001800119 0 0.09239983 -0.001999199 0 0.09223675 -0.002502799 0 0.09165406 0.07586824 0 0.004923999 0.07629406 0 0.004829585 0.004829585 0 0.07629406 0.004923999 0 0.07586824 0.04499995 0 0.07794225 0.004980921 0 0.07543575 0.004999995 0 0.07499998 0.004980921 0 0.07456421 0.004923999 0 0.07413172 0.004829585 0 0.07370591 0.004698455 0 0.07328987 0.004531502 0 0.07288688 0.004330098 0 0.07249999 0.004095733 0 0.07213211 0.003830194 0 0.07178604 0.01679885 0 0.09034401 0.01660782 0 0.09017157 0.01643228 0 0.08998334 0.01627355 0 0.0897808 0.01613277 0 0.08956539 -0.002913415 0 0.09071528 -0.05529797 0 0.07100796 -0.06022173 0 0.06688302 -0.070019 0 4.35778e-4 -0.06999999 0 0 -0.06499999 0 0 -0.086717 0 0.02502918 -0.08647441 0 0.02494329 -0.08462059 0 0.03064882 -0.07939875 0 0.04237723 -0.06483876 0 0.06241738 -0.06885296 0 0.05795913 -0.06503444 0 0.06258451 -0.06475263 0 0.005665123 -0.07066982 0 0.002499997 -0.07046842 0 0.002113044 -0.03932619 0 0.08095335 -0.04499995 0 0.07794225 -0.05044454 0 0.07453417 -0.06569689 0 0.06297731 -0.06593745 0 0.0630688 -0.0681923 0 0.06292098 -0.04596191 0 0.04596191 -0.04178118 0 0.04979288 -0.07030153 0 0.001710057 -0.07017034 0 0.001294076 -0.07007592 0 8.68241e-4 -0.05583095 0 0.0721687 -0.05576509 0 0.07191991 -0.05285489 0 0.07581114 -0.06863403 0 0.06265771 -0.06883633 0 0.06249868 -0.06546509 0 0.06286549 -0.06921041 0 0.0583288 -0.06936407 0 0.05853521 -0.06949949 0 0.05875408 -0.06524372 0 0.06273424 -0.06903964 0 0.05813628 -0.08073115 0 0.04389446 -0.07662534 0 0.04769545 -0.08081561 0 0.04413753 -0.08087897 0 0.04438698 -0.03728246 0 0.05324482 -0.070019 0 -4.35779e-4 -0.07007592 0 -8.68241e-4 -0.06475263 0 -0.005665123 -0.07017034 0 -0.001294076 -0.07030153 0 -0.001710057 -0.07046842 0 -0.002113044 -0.0896576 0 0.01240372 -0.08991378 0 0.01237982 -0.08977079 0 0.006419181 -0.09226417 0 0.01058971 -0.09215271 0 0.0108217 -0.09202182 0 0.01104325 -0.08999997 0 0 -0.07933008 0 -0.002499997 -0.07909572 0 -0.002867877 -0.07883018 0 -0.003213882 -0.07953149 0 -0.002113044 -0.07969844 0 -0.001710057 -0.07982963 0 -0.001294076 -0.07992404 0 -8.68241e-4 -0.07998096 0 -4.35779e-4 -0.07999998 0 0 -0.07969844 0 0.001710057 -0.07953149 0 0.002113044 -0.07933008 0 0.002499997 -0.07909572 0 0.002867877 -0.05060124 0 0.07473832 -0.05077481 0 0.07492828 -0.05096405 0 0.07510268 -0.05116754 0 0.07526028 -0.05138379 0 0.07539975 -0.05161118 0 0.07552027 -0.05184811 0 0.07562083 -0.05209273 0 0.0757007 -0.0523433 0 0.07575929 -0.05259799 0 0.07579618 -0.0554437 0 0.07122004 -0.0558753 0 0.0724222 -0.05567812 0 0.07167774 -0.05557078 0 0.07144385 -0.06902432 0 0.06232291 -0.06919652 0 0.06213164 -0.06935167 0 0.06192636 -0.0694887 0 0.0617085 -0.06960654 0 0.06147974 -0.06970429 0 0.06124168 -0.07812333 0 0.04799449 -0.07837933 0 0.04796797 -0.07912057 0 0.04775887 -0.07935267 0 0.04764777 -0.06618493 0 0.06313937 -0.06643754 0 0.06318849 -0.06669342 0 0.06321573 -0.06720751 0 0.0632041 -0.0674619 0 0.06316536 -0.06771206 0 0.06310492 -0.0684188 0 0.06279879 -0.06978136 0 0.06099611 -0.06983703 0 0.06074488 -0.069871 0 0.06048977 -0.06984078 0 0.05972021 -0.06978696 0 0.05946856 -0.0795744 0 0.04751712 -0.07978409 0 0.04736799 -0.07998031 0 0.04720145 -0.0804736 0 0.04661005 -0.08093827 0 0.04515486 -0.08032631 0 0.04682105 -0.08094054 0 0.04489749 -0.08035778 0 0.04322087 -0.08019644 0 0.04302042 -0.08001846 0 0.04283452 -0.07982528 0 0.04266452 -0.07961815 0 0.04251176 -0.07639914 0 0.04757267 -0.07281148 0 0.05290067 -0.07213211 0 0.004095733 -0.07249999 0 0.004330098 -0.08221906 0 0.03660625 -0.07288688 0 0.004531502 -0.07328987 0 0.004698455 -0.06401246 0 0.01128709 -0.06278514 0 0.01682323 -0.06278514 0 -0.01682323 -0.06401246 0 -0.01128709 -0.07146441 0 -0.003535509 -0.08639478 0 0.03070294 -0.08663964 0 0.03062379 -0.08854365 0 0.02836465 -0.08803325 0 0.01871204 -0.08914369 0 0.01238548 -0.08940023 0 0.01240563 -0.09235537 0 0.01034909 -0.09242558 0 0.01010149 -0.09247434 0 0.009848773 -0.09244972 0 0.008824408 -0.09160506 0 0.007263243 -0.09248888 0 0.0090788 -0.09250611 0 0.009335577 -0.07456421 0 -0.004980921 -0.07499998 0 -0.004999995 -0.07543575 0 -0.004980921 -0.07883018 0 0.003213882 -0.07853549 0 0.003535509 -0.07821393 0 0.003830194 -0.03644716 0 0.08521485 -0.03670448 0 0.08521747 -0.03942465 0 0.08119112 -0.03696107 0 0.08519804 -0.03721511 0 0.08515661 -0.05589771 0 0.07267856 -0.05311214 0 0.07580405 -0.05336785 0 0.0757749 -0.0536201 0 0.07572394 -0.05386704 0 0.07565158 -0.05410689 0 0.0755583 -0.05433785 0 0.07544481 -0.05455827 0 0.07531195 -0.05476647 0 0.07516068 -0.05496096 0 0.07499212 -0.05514025 0 0.07480752 -0.05530309 0 0.07460826 -0.06695073 0 0.06322097 -0.06795614 0 0.06302326 -0.06988298 0 0.06023269 -0.06987291 0 0.05997556 -0.06971168 0 0.05922245 -0.06961566 0 0.05898374 -0.07863205 0 0.04791957 -0.07887977 0 0.04784971 -0.08016145 0 0.04701864 -0.08092069 0 0.04464095 -0.08062613 0 0.0436595 -0.08050137 0 0.04343444 -0.06107997 0 0.02223128 -0.05890995 0 0.02747017 -0.05629163 0 0.03249996 -0.07066982 0 -0.002499997 -0.07090419 0 -0.002867877 -0.07116973 0 -0.003213882 -0.05629163 0 -0.03249996 -0.07249999 0 -0.004330098 -0.07288688 0 -0.004531502 -0.07328987 0 -0.004698455 -0.07370591 0 -0.004829585 -0.07413172 0 -0.004923999 -0.08486735 0 0.0307219 -0.08858019 0 0.0281099 -0.08859479 0 0.02785301 -0.08858728 0 0.02759575 -0.08855777 0 0.02734011 -0.08850651 0 0.02708792 -0.08843374 0 0.02684104 -0.08834016 0 0.02660131 -0.08822631 0 0.02637052 -0.08738839 0 0.02540653 -0.08758789 0 0.02556908 -0.08777278 0 0.02574813 -0.09016704 0 0.01233398 -0.09041541 0 0.01226669 -0.09065711 0 0.0121783 -0.09132462 0 0.01179414 -0.09152251 0 0.01162958 -0.09141355 0 0.007091343 -0.09120804 0 0.00693643 -0.09099 0 0.006799757 -0.07711309 0 -0.004531502 -0.08803325 0 -0.01871204 -0.07749998 0 -0.004330098 -0.07786786 0 -0.004095733 -0.07821393 0 -0.003830194 -0.07853549 0 -0.003535509 -0.07998096 0 4.35778e-4 -0.07992404 0 8.68241e-4 -0.07982963 0 0.001294076 -0.03794288 0 0.08490484 -0.03816819 0 0.08478039 -0.03838193 0 0.0846371 -0.03950238 0 0.08143645 -0.05544823 0 0.07439577 -0.05557465 0 0.0741716 -0.05589807 0 0.07293593 -0.05587637 0 0.07319235 -0.08080011 0 0.0459125 -0.08071136 0 0.04615408 -0.08060228 0 0.04638713 -0.07178604 0 0.003830194 -0.07146441 0 0.003535509 -0.07116973 0 0.003213882 -0.07090419 0 0.002867877 -0.05324482 0 0.03728246 -0.04979288 0 0.04178118 -0.05890995 0 -0.02747017 -0.06107997 0 -0.02223128 -0.07213211 0 -0.004095733 -0.07178604 0 -0.003830194 -0.05324482 0 -0.03728246 -0.08511948 0 0.03077358 -0.08537507 0 0.03080344 -0.08563226 0 0.03081125 -0.08588922 0 0.03079706 -0.08614403 0 0.03076082 -0.08809316 0 0.02615034 -0.08794158 0 0.02594232 -0.08717566 0 0.0252617 -0.08695131 0 0.02513557 -0.09238892 0 0.008574366 -0.09194046 0 0.007653057 -0.09178113 0 0.007450997 -0.09230691 0 0.008330464 -0.09220433 0 0.008094429 -0.09208184 0 0.007868111 -0.09076106 0 0.006682276 -0.09052288 0 0.006584763 -0.09027725 0 0.006508111 -0.09250122 0 0.00959289 -0.0900259 0 0.006452739 -0.07786786 0 0.004095733 -0.07749998 0 0.004330098 -0.07711309 0 0.004531502 -0.03499263 0 0.08474814 -0.03499978 0 0.08475267 -0.03521531 0 0.08487713 -0.03544825 0 0.08498656 -0.03568965 0 0.08507561 -0.03593784 0 0.08514368 -0.03619098 0 0.08519017 -0.03746461 0 0.08509367 -0.0377078 0 0.08500951 -0.05568134 0 0.07393741 -0.05576759 0 0.07369494 -0.0558328 0 0.07344597 -0.0768612 0 0.04779839 -0.07710504 0 0.04788076 -0.07735496 0 0.04794192 -0.08086782 0 0.04566425 -0.08091396 0 0.04541105 -0.08818548 0 0.02932471 -0.08830565 0 0.02909713 -0.09089034 0 0.01206952 -0.09111338 0 0.01194119 -0.0917055 0 0.01144868 -0.09187239 0 0.01125276 -0.07586824 0 -0.004923999 -0.07629406 0 -0.004829585 -0.0767101 0 -0.004698455 -0.03858262 0 0.08447605 -0.03876882 0 0.08429837 -0.03893905 0 0.08410537 -0.03909212 0 0.08389848 -0.03922688 0 0.08367925 -0.0393424 0 0.0834493 -0.03943777 0 0.08321028 -0.03959685 0 0.08245676 -0.03960621 0 0.08219957 -0.0776093 0 0.04798144 -0.07786601 0 0.04799902 -0.0868768 0 0.03052389 -0.08710455 0 0.03040409 -0.08840584 0 0.02886009 -0.08848536 0 0.02861535 -0.0767101 0 0.004698455 -0.07629406 0 0.004829585 -0.07586824 0 0.004923999 -0.03951233 0 0.08296394 -0.03956544 0 0.08271217 -0.08732122 0 0.03026515 -0.08752512 0 0.03010821 -0.08771491 0 0.02993434 -0.08788901 0 0.02974486 -0.08804625 0 0.02954113 -0.07543575 0 0.004980921 -0.07499998 0 0.004999995 -0.07456421 0 0.004980921 -0.03959351 0 0.08194255 -0.03955882 0 0.08168751 -0.07413172 0 0.004923999 -0.07370591 0 0.004829585 -0.03728246 0 -0.05324482 -0.04178118 0 -0.04979288 -0.06022173 0 -0.06688302 -0.04596191 0 -0.04596191 -0.04979288 0 -0.04178118 -0.07281148 0 -0.05290067 -0.04499995 0 -0.07794225 0.05324482 0 -0.03728246 0.04979288 0 -0.04178118 0.04596191 0 -0.04596191 0.04178118 0 -0.04979288 0.08221906 0 -0.03660625 0.001294076 0 -0.07982963 8.68241e-4 0 -0.07992404 0.06022173 0 -0.06688302 -4.35779e-4 0 -0.070019 0 0 -0.06999999 4.35778e-4 0 -0.07998096 0 0 -0.07999998 0.02781152 0 -0.08559507 -0.005665123 0 -0.06475263 -0.002499997 0 -0.07066982 -0.002113044 0 -0.07046842 0.002113044 0 -0.07046842 0.002499997 0 -0.07066982 -4.35779e-4 0 -0.07998096 -8.68241e-4 0 -0.07992404 -0.001294076 0 -0.07982963 -0.001710057 0 -0.07969844 -0.00940752 0 -0.08950692 -0.002113044 0 -0.07953155 -0.002499997 0 -0.07933008 -0.002867877 0 -0.07909572 -0.003213882 0 -0.07883018 4.35778e-4 0 -0.070019 8.68241e-4 0 -0.07007592 0.04499995 0 -0.07794225 0.001294076 0 -0.07017034 0.001710057 0 -0.07030153 -0.01128709 0 -0.06401246 -0.01682323 0 -0.06278514 -0.003830194 0 -0.07178604 0.02747017 0 -0.05890995 0.02223128 0 -0.06107997 0.01682323 0 -0.06278514 -8.68241e-4 0 -0.07007592 0.01128709 0 -0.06401246 -0.003535509 0 -0.07853549 -0.003830194 0 -0.07821393 -0.004095733 0 -0.07786786 -0.004330098 0 -0.07749998 0.002867877 0 -0.07090419 0.003213882 0 -0.07116973 0.003535509 0 -0.07146441 0.002867877 0 -0.07909572 0.002499997 0 -0.07933008 0.00940752 0 -0.08950692 0.002113044 0 -0.07953155 0.001710057 0 -0.07969844 -0.02747017 0 -0.05890995 -0.03249996 0 -0.05629163 -0.004923999 0 -0.07413172 -0.004980921 0 -0.07456421 -0.004999995 0 -0.07499998 -0.004980921 0 -0.07543575 -0.003535509 0 -0.07146441 -0.003213882 0 -0.07116973 -0.002867877 0 -0.07090419 0.07281148 0 -0.05290067 0.003830194 0 -0.07178604 0.004095733 0 -0.07213211 0.004330098 0 -0.07249999 -0.004531502 0 -0.07711309 -0.004698455 0 -0.0767101 -0.02781152 0 -0.08559507 -0.004829585 0 -0.07629406 -0.004923999 0 -0.07586824 -0.02223128 0 -0.06107997 -0.004829585 0 -0.07370591 -0.004698455 0 -0.07328987 -0.004531502 0 -0.07288688 -0.004330098 0 -0.07249999 -0.004095733 0 -0.07213211 0.005665123 0 -0.06475263 0 0 -0.06499999 -0.001294076 0 -0.07017034 -0.001710057 0 -0.07030153 0.004531502 0 -0.07288688 0.004698455 0 -0.07328987 0.004829585 0 -0.07370591 0.004923999 0 -0.07413172 0.004980921 0 -0.07456421 0.004999995 0 -0.07499998 0.004980921 0 -0.07543575 0.004923999 0 -0.07586824 0.004829585 0 -0.07629406 0.004095733 0 -0.07786786 0.003830194 0 -0.07821393 0.003535509 0 -0.07853549 0.003213882 0 -0.07883018 0.004698455 0 -0.0767101 0.004531502 0 -0.07711309 0.004330098 0 -0.07749998 0.07543575 0.002999961 0.004980921 0.07499998 0.002999961 0.004999995 0.07639914 0.002999961 0.04757267 0.06903964 0.002999961 0.05813628 0.06885296 0.002999961 0.05795913 0.06483876 0.002999961 0.06241738 0.07883018 0.002999961 -0.003213882 0.07909572 0.002999961 -0.002867877 0.06921041 0.002999961 0.0583288 0.08914369 0.002999961 0.01238548 0.07969844 0.002999961 -0.001710057 0.07982963 0.002999961 -0.001294076 0.07046842 0.002999961 -0.002113044 0.07066982 0.002999961 -0.002499997 0.07213211 0.002999961 0.004095733 0.07178604 0.002999961 0.003830194 0.08221906 0.002999961 0.03660625 0.08462059 0.002999961 0.03064882 0.07939875 0.002999961 0.04237723 0.07933008 0.002999961 -0.002499997 0.07953149 0.002999961 -0.002113044 0.07999998 0.002999961 0 0.07998096 0.002999961 4.35778e-4 0.09238892 0.002999961 0.008574366 0.09230691 0.002999961 0.008330464 0.06546509 0.002999961 0.06286549 0.06569689 0.002999961 0.06297731 0.06978136 0.002999961 0.06099611 0.06983703 0.002999961 0.06074488 0.069871 0.002999961 0.06048977 0.06475263 0.002999961 0.005665123 0.06499999 0.002999961 0 0.07090419 0.002999961 0.002867877 0.07066982 0.002999961 0.002499997 0.07046842 0.002999961 0.002113044 0.07030153 0.002999961 0.001710057 0.07017034 0.002999961 0.001294076 0.07992404 0.002999961 -8.68241e-4 0.07998096 0.002999961 -4.35779e-4 0.07992404 0.002999961 8.68241e-4 0.07982963 0.002999961 0.001294076 0.07969844 0.002999961 0.001710057 0.07953149 0.002999961 0.002113044 0.07933008 0.002999961 0.002499997 0.07909572 0.002999961 0.002867877 0.07090419 0.002999961 -0.002867877 0.07116973 0.002999961 -0.003213882 0.07146441 0.002999961 -0.003535509 0.07178604 0.002999961 -0.003830194 3.85075e-4 0.002999961 0.09297513 0 0.002999961 0.07999998 1.28674e-4 0.002999961 0.09299719 -1.28674e-4 0.002999961 0.09299719 0.06401246 0.002999961 0.01128709 0.06278514 0.002999961 0.01682323 0.06107997 0.002999961 0.02223128 0.06524372 0.002999961 0.06273424 0.06593745 0.002999961 0.0630688 0.06618493 0.002999961 0.06313937 0.06970429 0.002999961 0.06124168 0.07370591 0.002999961 0.004829585 0.07328987 0.002999961 0.004698455 0.07146441 0.002999961 0.003535509 0.07116973 0.002999961 0.003213882 0.07007592 0.002999961 8.68241e-4 0.070019 0.002999961 4.35778e-4 0.06999999 0.002999961 0 0.0795744 0.002999961 0.04751712 0.07935267 0.002999961 0.04764777 0.07912057 0.002999961 0.04775887 0.08094054 0.002999961 0.04489749 0.08092069 0.002999961 0.04464095 0.07821393 0.002999961 0.003830194 0.08803325 0.002999961 0.01871204 0.07853549 0.002999961 0.003535509 0.07883018 0.002999961 0.003213882 0.09242558 0.002999961 0.01010149 0.09235537 0.002999961 0.01034909 0.09226417 0.002999961 0.01058971 0.09247434 0.002999961 0.009848773 0.09250122 0.002999961 0.00959289 0.09250611 0.002999961 0.009335577 0.09248888 0.002999961 0.0090788 0.09244972 0.002999961 0.008824408 0.09141355 0.002999961 0.007091343 0.09120804 0.002999961 0.00693643 0.09099 0.002999961 0.006799757 0.07749998 0.002999961 -0.004330098 0.07786786 0.002999961 -0.004095733 0.08803325 0.002999961 -0.01871204 0.07821393 0.002999961 -0.003830194 0.07853549 0.002999961 -0.003535509 -0.01895391 0.002999961 0.0910235 -0.01869678 0.002999961 0.09103322 -0.02163565 0.002999961 0.08736068 -0.001800119 0.002999961 0.09239983 -0.001587808 0.002999961 0.09254533 -0.001363813 0.002999961 0.09267204 -0.001129806 0.002999961 0.09277909 -8.87509e-4 0.002999961 0.0928657 -6.38642e-4 0.002999961 0.09293121 -3.85075e-4 0.002999961 0.09297513 0.04499995 0.002999961 0.07794225 0.005665123 0.002999961 0.06475263 0.03932619 0.002999961 0.08095335 0 0.002999961 0.06499999 -0.005665123 0.002999961 0.06475263 0.05161118 0.002999961 0.07552027 0.05184811 0.002999961 0.07562083 0.05529797 0.002999961 0.07100796 0.05209273 0.002999961 0.0757007 0.0523433 0.002999961 0.07575929 0.03249996 0.002999961 0.05629163 0.02747017 0.002999961 0.05890995 0.02223128 0.002999961 0.06107997 0.01682323 0.002999961 0.06278514 0.06988298 0.002999961 0.06023269 0.06987291 0.002999961 0.05997556 0.06984078 0.002999961 0.05972021 0.07288688 0.002999961 0.004531502 0.07249999 0.002999961 0.004330098 0.07017034 0.002999961 -0.001294076 0.06475263 0.002999961 -0.005665123 0.07007592 0.002999961 -8.68241e-4 0.070019 0.002999961 -4.35779e-4 0.07837933 0.002999961 0.04796797 0.07812333 0.002999961 0.04799449 0.07786601 0.002999961 0.04799902 0.07863205 0.002999961 0.04791957 0.07887977 0.002999961 0.04784971 0.07978409 0.002999961 0.04736799 0.07998031 0.002999961 0.04720145 0.08016145 0.002999961 0.04701864 0.08032631 0.002999961 0.04682105 0.0804736 0.002999961 0.04661005 0.08060228 0.002999961 0.04638713 0.08663964 0.002999961 0.03062379 0.0868768 0.002999961 0.03052389 0.08647441 0.002999961 0.02494329 0.08777278 0.002999961 0.02574813 0.08758789 0.002999961 0.02556908 0.08830565 0.002999961 0.02909713 0.09132462 0.002999961 0.01179414 0.09111338 0.002999961 0.01194119 0.09089034 0.002999961 0.01206952 0.09152251 0.002999961 0.01162958 0.0917055 0.002999961 0.01144868 0.09187239 0.002999961 0.01125276 0.09220433 0.002999961 0.008094429 0.09208184 0.002999961 0.007868111 0.09194046 0.002999961 0.007653057 0.09178113 0.002999961 0.007450997 0.09160506 0.002999961 0.007263243 0.09076106 0.002999961 0.006682276 0.09052288 0.002999961 0.006584763 0.09027725 0.002999961 0.006508111 0.0900259 0.002999961 0.006452739 0.08977079 0.002999961 0.006419181 6.38642e-4 0.002999961 0.09293121 8.87509e-4 0.002999961 0.0928657 0.001129806 0.002999961 0.09277909 0.001363813 0.002999961 0.09267204 0.001587808 0.002999961 0.09254533 0.001800119 0.002999961 0.09239983 0.002867877 0.002999961 0.07909572 0.002499997 0.002999961 0.07933008 0.00940752 0.002999961 0.08950692 0.002113044 0.002999961 0.07953149 0.002999544 0.002999961 0.08994996 0.02163565 0.002999961 0.08736068 0.01895391 0.002999961 0.0910235 0.01920932 0.002999961 0.09099173 0.02060163 0.002999961 0.09036338 0.02079439 0.002999961 0.09019285 -0.03503316 0.002999961 0.05475103 -0.03478181 0.002999961 0.0846005 -0.0345844 0.002999961 0.0844354 0.05044454 0.002999961 0.07453417 0.05060124 0.002999961 0.07473832 0.05077481 0.002999961 0.07492828 0.05096405 0.002999961 0.07510268 0.05259799 0.002999961 0.07579618 0.05285489 0.002999961 0.07581114 0.05311214 0.002999961 0.07580405 0.05336785 0.002999961 0.0757749 0.0536201 0.002999961 0.07572394 0.05386704 0.002999961 0.07565158 0.05583095 0.002999961 0.0721687 0.05496096 0.002999961 0.07499212 0.0558753 0.002999961 0.0724222 0.05589771 0.002999961 0.07267856 0.05890995 0.002999961 0.02747017 0.05629163 0.002999961 0.03249996 0.05324482 0.002999961 0.03728246 0.04979288 0.002999961 0.04178118 0.04596191 0.002999961 0.04596191 0.06022173 0.002999961 0.06688302 0.04178118 0.002999961 0.04979288 0.03728246 0.002999961 0.05324482 0.01128709 0.002999961 0.06401246 0.06503444 0.002999961 0.06258451 0.06643754 0.002999961 0.06318849 0.06669342 0.002999961 0.06321573 0.0674619 0.002999961 0.06316536 0.06695073 0.002999961 0.06322097 0.06720751 0.002999961 0.0632041 0.06795614 0.002999961 0.06302326 0.0681923 0.002999961 0.06292098 0.0684188 0.002999961 0.06279879 0.06863403 0.002999961 0.06265771 0.06919652 0.002999961 0.06213164 0.06935167 0.002999961 0.06192636 0.06978696 0.002999961 0.05946856 0.06971168 0.002999961 0.05922245 0.06961566 0.002999961 0.05898374 0.06949949 0.002999961 0.05875408 0.06936407 0.002999961 0.05853521 0.06107997 0.002999961 -0.02223128 0.05890995 0.002999961 -0.02747017 0.08290845 0.002999961 -0.03501683 0.08071136 0.002999961 0.04615408 0.08080011 0.002999961 0.0459125 0.08086782 0.002999961 0.04566425 0.08091396 0.002999961 0.04541105 0.08093827 0.002999961 0.04515486 0.08073115 0.002999961 0.04389446 0.08062613 0.002999961 0.0436595 0.08081561 0.002999961 0.04413753 0.08050137 0.002999961 0.04343444 0.08035778 0.002999961 0.04322087 0.08019644 0.002999961 0.04302042 0.08001846 0.002999961 0.04283452 0.07982528 0.002999961 0.04266452 0.08486735 0.002999961 0.0307219 0.08511948 0.002999961 0.03077358 0.08537507 0.002999961 0.03080344 0.08563226 0.002999961 0.03081125 0.08588922 0.002999961 0.03079706 0.08710455 0.002999961 0.03040409 0.08732122 0.002999961 0.03026515 0.08752512 0.002999961 0.03010821 0.08771491 0.002999961 0.02993434 0.08788901 0.002999961 0.02974486 0.08804625 0.002999961 0.02954113 0.08848536 0.002999961 0.02861535 0.08854365 0.002999961 0.02836465 0.08794158 0.002999961 0.02594232 0.08858019 0.002999961 0.0281099 0.08858728 0.002999961 0.02759575 0.08834016 0.002999961 0.02660131 0.08822631 0.002999961 0.02637052 0.08738839 0.002999961 0.02540653 0.08717566 0.002999961 0.0252617 0.08695131 0.002999961 0.02513557 0.08818548 0.002999961 0.02932471 0.086717 0.002999961 0.02502918 0.09202182 0.002999961 0.01104325 0.09215271 0.002999961 0.0108217 0.07213211 0.002999961 -0.004095733 0.07249999 0.002999961 -0.004330098 0.07288688 0.002999961 -0.004531502 0.001710057 0.002999961 0.07969844 0.001294076 0.002999961 0.07982963 8.68241e-4 0.002999961 0.07992404 -0.03440189 0.002999961 0.08425396 -0.03423565 0.002999961 0.08405756 -0.03408676 0.002999961 0.08384764 -0.01582771 0.002999961 0.08885824 -0.01576757 0.002999961 0.08860802 -4.35779e-4 0.002999961 0.07998096 -0.002499997 0.002999961 0.07066982 -0.002113044 0.002999961 0.07046842 -0.001710057 0.002999961 0.07030153 -0.001294076 0.002999961 0.07017034 -0.01970726 0.002999961 0.09086334 -0.01946103 0.002999961 0.09093827 -0.01920932 0.002999961 0.09099173 0.05116754 0.002999961 0.07526028 0.05138379 0.002999961 0.07539975 0.05410689 0.002999961 0.0755583 0.05433785 0.002999961 0.07544481 0.05455827 0.002999961 0.07531195 0.05514025 0.002999961 0.07480752 0.05530309 0.002999961 0.07460826 0.05544823 0.002999961 0.07439577 0.05576509 0.002999961 0.07191991 0.05567812 0.002999961 0.07167774 0.05557078 0.002999961 0.07144385 0.06771206 0.002999961 0.06310492 0.06883633 0.002999961 0.06249868 0.06902432 0.002999961 0.06232291 0.0694887 0.002999961 0.0617085 0.06960654 0.002999961 0.06147974 0.07281148 0.002999961 0.05290067 0.07456421 0.002999961 0.004980921 0.07662534 0.002999961 0.04769545 0.0768612 0.002999961 0.04779839 0.07710504 0.002999961 0.04788076 0.08087897 0.002999961 0.04438698 0.07961815 0.002999961 0.04251176 0.08840584 0.002999961 0.02886009 0.08855777 0.002999961 0.02734011 0.08850651 0.002999961 0.02708792 0.08843374 0.002999961 0.02684104 0.08859479 0.002999961 0.02785301 0.08809316 0.002999961 0.02615034 0.07711309 0.002999961 0.004531502 0.07749998 0.002999961 0.004330098 0.07786786 0.002999961 0.004095733 0.0767101 0.002999961 0.004698455 0.07629406 0.002999961 0.004829585 0.07586824 0.002999961 0.004923999 0.08940023 0.002999961 0.01240563 0.09041541 0.002999961 0.01226669 0.09065711 0.002999961 0.0121783 0.0896576 0.002999961 0.01240372 0.08991378 0.002999961 0.01237982 0.09016704 0.002999961 0.01233398 4.35778e-4 0.002999961 0.07998096 0.002992808 0.002999961 0.09020721 0.001999199 0.002999961 0.09223675 0.01700389 0.002999961 0.09049952 0.01722157 0.002999961 0.09063678 0.01745015 0.002999961 0.09075498 0.01768809 0.002999961 0.09085309 0.01793348 0.002999961 0.09093046 0.01818466 0.002999961 0.09098654 -8.68241e-4 0.002999961 0.07992404 -0.001294076 0.002999961 0.07982963 -0.001710057 0.002999961 0.07969844 -0.01128709 0.002999961 0.06401246 -0.003213882 0.002999961 0.07116973 -0.002867877 0.002999961 0.07090419 -8.68241e-4 0.002999961 0.07007592 -4.35779e-4 0.002999961 0.070019 0 0.002999961 0.06999999 0.03478181 0.002999961 0.0846005 0.0345844 0.002999961 0.0844354 0.03440189 0.002999961 0.08425396 0.0377078 0.002999961 0.08500951 0.03794288 0.002999961 0.08490484 -0.02168256 0.002999961 0.08761376 -0.02017593 0.002999961 0.09065181 -0.01994615 0.002999961 0.09076768 -0.01843971 0.002999961 0.09102088 -0.01818466 0.002999961 0.09098654 -0.01793348 0.002999961 0.09093046 -0.002183496 0.002999961 0.09205716 -0.002992808 0.002999961 0.09020721 -0.00235182 0.002999961 0.09186249 -0.002964019 0.002999961 0.09046298 -0.002841413 0.002999961 0.09096235 -0.002748489 0.002999961 0.09120231 -0.0026353 0.002999961 0.09143346 -0.00940752 0.002999961 0.08950692 -0.002999544 0.002999961 0.08994996 -0.001999199 0.002999961 0.09223675 0.05557465 0.002999961 0.0741716 0.05568134 0.002999961 0.07393741 0.05576759 0.002999961 0.07369494 0.05476647 0.002999961 0.07516068 0.0554437 0.002999961 0.07122004 0.07413172 0.002999961 0.004923999 0.06278514 0.002999961 -0.01682323 0.06401246 0.002999961 -0.01128709 0.07030153 0.002999961 -0.001710057 0.07735496 0.002999961 0.04794192 0.0776093 0.002999961 0.04798144 0.08614403 0.002999961 0.03076082 0.08639478 0.002999961 0.03070294 0.01576757 0.002999961 0.08860802 0.003535509 0.002999961 0.07853549 0.003213882 0.002999961 0.07883018 0.01843971 0.002999961 0.09102088 0.01869678 0.002999961 0.09103322 0.01946103 0.002999961 0.09093827 0.01970726 0.002999961 0.09086334 0.01994615 0.002999961 0.09076768 0.02017593 0.002999961 0.09065181 0.02039498 0.002999961 0.09051674 0.02097183 0.002999961 0.09000641 0.02113258 0.002999961 0.08980548 0.02127557 0.002999961 0.0895915 -0.03395646 0.002999961 0.08362573 -0.03384566 0.002999961 0.08339345 -0.03249996 0.002999961 0.05629163 4.35778e-4 0.002999961 0.070019 8.68241e-4 0.002999961 0.07007592 0.001294076 0.002999961 0.07017034 0.03395646 0.002999961 0.08362573 0.03408676 0.002999961 0.08384764 0.03423565 0.002999961 0.08405756 0.03499263 0.002999961 0.08474814 0.03521531 0.002999961 0.08487713 0.03544825 0.002999961 0.08498656 0.03816819 0.002999961 0.08478039 0.03838193 0.002999961 0.0846371 0.03858262 0.002999961 0.08447605 0.03909212 0.002999961 0.08389848 0.03922688 0.002999961 0.08367925 0.0393424 0.002999961 0.0834493 0.03943777 0.002999961 0.08321028 0.03951233 0.002999961 0.08296394 0.03956544 0.002999961 0.08271217 -0.02170759 0.002999961 0.08786988 -0.02171057 0.002999961 0.08812719 -0.02039498 0.002999961 0.09051674 -0.02060163 0.002999961 0.09036338 -0.01768809 0.002999961 0.09085309 -0.01745015 0.002999961 0.09075498 -0.01722157 0.002999961 0.09063678 -0.01700389 0.002999961 0.09049952 -0.01679885 0.002999961 0.09034401 -0.01660782 0.002999961 0.09017157 -0.01613277 0.002999961 0.08956539 -0.01601094 0.002999961 0.08933871 -0.01590901 0.002999961 0.08910238 -0.002913415 0.002999961 0.09071528 -0.002502799 0.002999961 0.09165406 0.0558328 0.002999961 0.07344597 0.05587637 0.002999961 0.07319235 0.05589807 0.002999961 0.07293593 0.08999997 0.002999961 0 0.07328987 0.002999961 -0.004698455 0.07370591 0.002999961 -0.004829585 0.07413172 0.002999961 -0.004923999 0.07456421 0.002999961 -0.004980921 0.07499998 0.002999961 -0.004999995 0.07543575 0.002999961 -0.004980921 0.07711309 0.002999961 -0.004531502 0.0767101 0.002999961 -0.004698455 0.002183496 0.002999961 0.09205716 0.00235182 0.002999961 0.09186249 0.002502799 0.002999961 0.09165406 0.002748489 0.002999961 0.09120231 0.002841413 0.002999961 0.09096235 0.002913415 0.002999961 0.09071528 0.004095733 0.002999961 0.07786786 0.003830194 0.002999961 0.07821393 0.02150404 0.002999961 0.08913081 0.02171057 0.002999961 0.08812719 0.02170759 0.002999961 0.08786988 0.001710057 0.002999961 0.07030153 0.002113044 0.002999961 0.07046842 0.002499997 0.002999961 0.07066982 0.002867877 0.002999961 0.07090419 0.03619098 0.002999961 0.08519017 0.03644716 0.002999961 0.08521485 0.03670448 0.002999961 0.08521747 0.03696107 0.002999961 0.08519804 0.03721511 0.002999961 0.08515661 0.03746461 0.002999961 0.08509367 -0.0216915 0.002999961 0.08838385 -0.02165049 0.002999961 0.08863788 -0.02158784 0.002999961 0.08888751 -0.02150404 0.002999961 0.08913081 -0.02139967 0.002999961 0.08936607 -0.02127557 0.002999961 0.0895915 -0.02113258 0.002999961 0.08980548 -0.02097183 0.002999961 0.09000641 -0.02079439 0.002999961 0.09019285 -0.01643228 0.002999961 0.08998334 -0.01627355 0.002999961 0.0897808 0.07586824 0.002999961 -0.004923999 0.07629406 0.002999961 -0.004829585 0.0026353 0.002999961 0.09143346 0.002964019 0.002999961 0.09046298 0.03384566 0.002999961 0.08339345 0.02781152 0.002999961 0.08559507 0.003213882 0.002999961 0.07116973 0.003535509 0.002999961 0.07146441 0.003830194 0.002999961 0.07178604 0.01582771 0.002999961 0.08885824 0.01590901 0.002999961 0.08910238 0.01601094 0.002999961 0.08933871 0.02158784 0.002999961 0.08888751 0.02165049 0.002999961 0.08863788 0.0216915 0.002999961 0.08838385 0.02139967 0.002999961 0.08936607 0.02168256 0.002999961 0.08761376 -0.002113044 0.002999961 0.07953149 -0.002499997 0.002999961 0.07933008 -0.002867877 0.002999961 0.07909572 0.03568965 0.002999961 0.08507561 0.03593784 0.002999961 0.08514368 0.03876882 0.002999961 0.08429837 0.03893905 0.002999961 0.08410537 0.03959685 0.002999961 0.08245676 0.03950238 0.002999961 0.08143645 0.03942465 0.002999961 0.08119112 0.03960621 0.002999961 0.08219957 0.03959351 0.002999961 0.08194255 0.03955882 0.002999961 0.08168751 0.004095733 0.002999961 0.07213211 0.004330098 0.002999961 0.07249999 0.004531502 0.002999961 0.07288688 0.01613277 0.002999961 0.08956539 0.01627355 0.002999961 0.0897808 0.01643228 0.002999961 0.08998334 0.01660782 0.002999961 0.09017157 0.01679885 0.002999961 0.09034401 -0.01682323 0.002999961 0.06278514 -0.02223128 0.002999961 0.06107997 -0.02747017 0.002999961 0.05890995 0.004698455 0.002999961 0.07328987 0.004829585 0.002999961 0.07370591 0.004923999 0.002999961 0.07413172 0.004698455 0.002999961 0.0767101 0.004531502 0.002999961 0.07711309 0.004330098 0.002999961 0.07749998 -0.004923999 0.002999961 0.07586824 -0.004980921 0.002999961 0.07543575 0.004980921 0.002999961 0.07456421 0.004999995 0.002999961 0.07499998 0.004980921 0.002999961 0.07543575 0.004923999 0.002999961 0.07586824 0.004829585 0.002999961 0.07629406 -0.003213882 0.002999961 0.07883018 -0.003535509 0.002999961 0.07853549 -0.003830194 0.002999961 0.07821393 -0.004999995 0.002999961 0.07499998 -0.004980921 0.002999961 0.07456421 -0.004923999 0.002999961 0.07413172 -0.004829585 0.002999961 0.07370591 -0.004698455 0.002999961 0.07328987 -0.004531502 0.002999961 0.07288688 -0.004330098 0.002999961 0.07249999 -0.004095733 0.002999961 0.07213211 -0.003830194 0.002999961 0.07178604 -0.003535509 0.002999961 0.07146441 -0.004095733 0.002999961 0.07786786 -0.004330098 0.002999961 0.07749998 -0.02781152 0.002999961 0.08559507 -0.004531502 0.002999961 0.07711309 -0.004698455 0.002999961 0.0767101 -0.004829585 0.002999961 0.07629406 4.35778e-4 0.002999961 -0.070019 0 0.002999961 -0.06999999 0 0.002999961 -0.06499999 4.35778e-4 0.002999961 -0.07998096 8.68241e-4 0.002999961 -0.07992404 0.03728246 0.002999961 -0.05324482 0.04178118 0.002999961 -0.04979288 0.04596191 0.002999961 -0.04596191 0.06022173 0.002999961 -0.06688302 0.04979288 0.002999961 -0.04178118 0.05324482 0.002999961 -0.03728246 0.08221906 0.002999961 -0.03660625 0.05475103 0.002999961 -0.03503316 0.05629163 0.002999961 -0.03249996 0.005665123 0.002999961 -0.06475263 0.002499997 0.002999961 -0.07066982 0.002113044 0.002999961 -0.07046842 0.001710057 0.002999961 -0.07030153 0.001294076 0.002999961 -0.07017034 8.68241e-4 0.002999961 -0.07007592 0.04499995 0.002999961 -0.07794225 0 0.002999961 -0.07999998 0.001294076 0.002999961 -0.07982963 0.001710057 0.002999961 -0.07969844 0.002113044 0.002999961 -0.07953155 0.07281148 0.002999961 -0.05290067 0.002499997 0.002999961 -0.07933008 0.002867877 0.002999961 -0.07909572 0.003213882 0.002999961 -0.07883018 0.01128709 0.002999961 -0.06401246 0.003213882 0.002999961 -0.07116973 0.002867877 0.002999961 -0.07090419 -0.004330098 0.002999961 -0.07749998 -0.004095733 0.002999961 -0.07786786 -0.003830194 0.002999961 -0.07821393 -0.003535509 0.002999961 -0.07853549 -0.003213882 0.002999961 -0.07883018 -0.002867877 0.002999961 -0.07909572 -0.002499997 0.002999961 -0.07933008 -0.002113044 0.002999961 -0.07953155 -0.001710057 0.002999961 -0.07969844 -0.001294076 0.002999961 -0.07982963 -8.68241e-4 0.002999961 -0.07992404 -4.35779e-4 0.002999961 -0.07998096 0.00940752 0.002999961 -0.08950692 -0.004698455 0.002999961 -0.0767101 -0.004531502 0.002999961 -0.07711309 -0.005665123 0.002999961 -0.06475263 -0.001710057 0.002999961 -0.07030153 -0.002113044 0.002999961 -0.07046842 0.03249996 0.002999961 -0.05629163 0.02747017 0.002999961 -0.05890995 0.003535509 0.002999961 -0.07853549 0.003830194 0.002999961 -0.07821393 0.004330098 0.002999961 -0.07249999 0.004095733 0.002999961 -0.07213211 0.01682323 0.002999961 -0.06278514 0.003830194 0.002999961 -0.07178604 0.003535509 0.002999961 -0.07146441 -4.35779e-4 0.002999961 -0.070019 -8.68241e-4 0.002999961 -0.07007592 -0.001294076 0.002999961 -0.07017034 -0.002499997 0.002999961 -0.07066982 -0.002867877 0.002999961 -0.07090419 -0.01128709 0.002999961 -0.06401246 -0.03728246 0.002999961 -0.05324482 0.004095733 0.002999961 -0.07786786 0.004330098 0.002999961 -0.07749998 0.004531502 0.002999961 -0.07711309 0.02781152 0.002999961 -0.08559507 0.004698455 0.002999961 -0.0767101 0.004829585 0.002999961 -0.07629406 0.004923999 0.002999961 -0.07586824 0.02223128 0.002999961 -0.06107997 0.004531502 0.002999961 -0.07288688 0.004698455 0.002999961 -0.07328987 -0.004923999 0.002999961 -0.07413172 -0.03249996 0.002999961 -0.05629163 -0.004980921 0.002999961 -0.07456421 -0.004999995 0.002999961 -0.07499998 -0.004980921 0.002999961 -0.07543575 -0.004923999 0.002999961 -0.07586824 -0.004829585 0.002999961 -0.07629406 0.004980921 0.002999961 -0.07543575 0.004999995 0.002999961 -0.07499998 0.004980921 0.002999961 -0.07456421 0.004923999 0.002999961 -0.07413172 0.004829585 0.002999961 -0.07370591 -0.00940752 0.002999961 -0.08950692 -0.02223128 0.002999961 -0.06107997 -0.004531502 0.002999961 -0.07288688 -0.004698455 0.002999961 -0.07328987 -0.003213882 0.002999961 -0.07116973 -0.003535509 0.002999961 -0.07146441 -0.01682323 0.002999961 -0.06278514 -0.003830194 0.002999961 -0.07178604 -0.004095733 0.002999961 -0.07213211 -0.004330098 0.002999961 -0.07249999 -0.02747017 0.002999961 -0.05890995 -0.004829585 0.002999961 -0.07370591 -0.02781152 0.002999961 -0.08559507 -0.04178118 0.002999961 -0.04979288 -0.05324482 0.002999961 -0.03728246 -0.04979288 0.002999961 -0.04178118 -0.04596191 0.002999961 -0.04596191 -0.07281148 0.002999961 -0.05290067 -0.08221906 0.002999961 -0.03660625 -0.06022173 0.002999961 -0.06688302 -0.04499995 0.002999961 -0.07794225 -0.08221906 0.002999961 0.03660625 -0.07939875 0.002999961 0.04237723 -0.07499998 0.002999961 0.004999995 -0.07639914 0.002999961 0.04757267 -0.06483876 0.002999961 0.06241738 -0.070019 0.002999961 -4.35779e-4 -0.06999999 0.002999961 0 -0.06885296 0.002999961 0.05795913 -0.06503444 0.002999961 0.06258451 -0.06524372 0.002999961 0.06273424 -0.05060124 0.002999961 0.07473832 -0.05044454 0.002999961 0.07453417 -0.05529797 0.002999961 0.07100796 -0.070019 0.002999961 4.35778e-4 -0.07281148 0.002999961 0.05290067 -0.07007592 0.002999961 8.68241e-4 -0.07017034 0.002999961 0.001294076 -0.07030153 0.002999961 0.001710057 -0.07046842 0.002999961 0.002113044 -0.07066982 0.002999961 0.002499997 -0.07090419 0.002999961 0.002867877 -0.07116973 0.002999961 0.003213882 -0.06935167 0.002999961 0.06192636 -0.06919652 0.002999961 0.06213164 -0.06546509 0.002999961 0.06286549 -0.07786786 0.002999961 0.004095733 -0.07821393 0.002999961 0.003830194 -0.08803325 0.002999961 0.01871204 -0.08462059 0.002999961 0.03064882 -0.08647441 0.002999961 0.02494329 -0.086717 0.002999961 0.02502918 -0.06903964 0.002999961 0.05813628 -0.06921041 0.002999961 0.0583288 -0.06695073 0.002999961 0.06322097 -0.06669342 0.002999961 0.06321573 -0.0681923 0.002999961 0.06292098 -0.07662534 0.002999961 0.04769545 -0.07961815 0.002999961 0.04251176 -0.07982528 0.002999961 0.04266452 -0.08001846 0.002999961 0.04283452 -0.08019644 0.002999961 0.04302042 -0.08035778 0.002999961 0.04322087 -0.07998031 0.002999961 0.04720145 -0.07978409 0.002999961 0.04736799 -0.08087897 0.002999961 0.04438698 -0.0795744 0.002999961 0.04751712 -0.07935267 0.002999961 0.04764777 -0.07146441 0.002999961 0.003535509 -0.07178604 0.002999961 0.003830194 -0.07213211 0.002999961 0.004095733 -0.07328987 0.002999961 0.004698455 -0.07370591 0.002999961 0.004829585 -0.06936407 0.002999961 0.05853521 -0.06949949 0.002999961 0.05875408 -0.06961566 0.002999961 0.05898374 -0.06984078 0.002999961 0.05972021 -0.06987291 0.002999961 0.05997556 -0.06970429 0.002999961 0.06124168 -0.06978136 0.002999961 0.06099611 -0.06983703 0.002999961 0.06074488 -0.06960654 0.002999961 0.06147974 -0.0694887 0.002999961 0.0617085 -0.06902432 0.002999961 0.06232291 -0.06883633 0.002999961 0.06249868 -0.06863403 0.002999961 0.06265771 -0.06771206 0.002999961 0.06310492 -0.0674619 0.002999961 0.06316536 -0.06720751 0.002999961 0.0632041 -0.07909572 0.002999961 0.002867877 -0.07933008 0.002999961 0.002499997 -0.07953149 0.002999961 0.002113044 -0.07969844 0.002999961 0.001710057 -0.07982963 0.002999961 0.001294076 -0.07999998 0.002999961 0 -0.07998096 0.002999961 -4.35779e-4 -0.07992404 0.002999961 -8.68241e-4 -0.07982963 0.002999961 -0.001294076 -0.07969844 0.002999961 -0.001710057 -0.03932619 0.002999961 0.08095335 -0.04499995 0.002999961 0.07794225 -0.09250122 0.002999961 0.00959289 -0.09247434 0.002999961 0.009848773 -0.08977079 0.002999961 0.006419181 -0.09226417 0.002999961 0.01058971 -0.09215271 0.002999961 0.0108217 -0.08050137 0.002999961 0.04343444 -0.08062613 0.002999961 0.0436595 -0.08073115 0.002999961 0.04389446 -0.08092069 0.002999961 0.04464095 -0.08032631 0.002999961 0.04682105 -0.08016145 0.002999961 0.04701864 -0.07912057 0.002999961 0.04775887 -0.07887977 0.002999961 0.04784971 -0.07863205 0.002999961 0.04791957 -0.07837933 0.002999961 0.04796797 -0.07812333 0.002999961 0.04799449 -0.07786601 0.002999961 0.04799902 -0.08081561 0.002999961 0.04413753 -0.0768612 0.002999961 0.04779839 -0.07710504 0.002999961 0.04788076 -0.06593745 0.002999961 0.0630688 -0.06569689 0.002999961 0.06297731 -0.0684188 0.002999961 0.06279879 -0.06643754 0.002999961 0.06318849 -0.06618493 0.002999961 0.06313937 -0.08999997 0.002999961 0 -0.08914369 0.002999961 0.01238548 -0.07853549 0.002999961 0.003535509 -0.07883018 0.002999961 0.003213882 -0.08834016 0.002999961 0.02660131 -0.08843374 0.002999961 0.02684104 -0.08086782 0.002999961 0.04566425 -0.08080011 0.002999961 0.0459125 -0.0804736 0.002999961 0.04661005 -0.08071136 0.002999961 0.04615408 -0.08060228 0.002999961 0.04638713 -0.07249999 0.002999961 0.004330098 -0.07288688 0.002999961 0.004531502 -0.07413172 0.002999961 0.004923999 -0.07456421 0.002999961 0.004980921 -0.06971168 0.002999961 0.05922245 -0.06978696 0.002999961 0.05946856 -0.06988298 0.002999961 0.06023269 -0.069871 0.002999961 0.06048977 -0.06795614 0.002999961 0.06302326 -0.07992404 0.002999961 8.68241e-4 -0.07998096 0.002999961 4.35778e-4 -0.07953149 0.002999961 -0.002113044 -0.07933008 0.002999961 -0.002499997 -0.07909572 0.002999961 -0.002867877 -0.06475263 0.002999961 -0.005665123 -0.07066982 0.002999961 -0.002499997 -0.07046842 0.002999961 -0.002113044 -0.05557078 0.002999961 0.07144385 -0.05567812 0.002999961 0.07167774 -0.05285489 0.002999961 0.07581114 -0.05576509 0.002999961 0.07191991 -0.05583095 0.002999961 0.0721687 -0.05544823 0.002999961 0.07439577 -0.05530309 0.002999961 0.07460826 -0.05589771 0.002999961 0.07267856 -0.05259799 0.002999961 0.07579618 -0.0554437 0.002999961 0.07122004 -0.0523433 0.002999961 0.07575929 -0.05209273 0.002999961 0.0757007 -0.05184811 0.002999961 0.07562083 -0.05161118 0.002999961 0.07552027 -0.05138379 0.002999961 0.07539975 -0.05116754 0.002999961 0.07526028 -0.05096405 0.002999961 0.07510268 -0.05077481 0.002999961 0.07492828 -0.09027725 0.002999961 0.006508111 -0.09052288 0.002999961 0.006584763 -0.09250611 0.002999961 0.009335577 -0.09120804 0.002999961 0.00693643 -0.09141355 0.002999961 0.007091343 -0.09160506 0.002999961 0.007263243 -0.09248888 0.002999961 0.0090788 -0.09244972 0.002999961 0.008824408 -0.09242558 0.002999961 0.01010149 -0.09235537 0.002999961 0.01034909 -0.08940023 0.002999961 0.01240563 -0.0896576 0.002999961 0.01240372 -0.07586824 0.002999961 0.004923999 -0.07629406 0.002999961 0.004829585 -0.0767101 0.002999961 0.004698455 -0.07711309 0.002999961 0.004531502 -0.07749998 0.002999961 0.004330098 -0.08858728 0.002999961 0.02759575 -0.08859479 0.002999961 0.02785301 -0.08094054 0.002999961 0.04489749 -0.08093827 0.002999961 0.04515486 -0.08091396 0.002999961 0.04541105 -0.09041541 0.002999961 0.01226669 -0.09016704 0.002999961 0.01233398 -0.08991378 0.002999961 0.01237982 -0.07543575 0.002999961 0.004980921 -0.08695131 0.002999961 0.02513557 -0.08717566 0.002999961 0.0252617 -0.08738839 0.002999961 0.02540653 -0.08758789 0.002999961 0.02556908 -0.08777278 0.002999961 0.02574813 -0.08794158 0.002999961 0.02594232 -0.08850651 0.002999961 0.02708792 -0.08855777 0.002999961 0.02734011 -0.0776093 0.002999961 0.04798144 -0.07735496 0.002999961 0.04794192 -0.07030153 0.002999961 -0.001710057 -0.07017034 0.002999961 -0.001294076 -0.06499999 0.002999961 0 -0.07007592 0.002999961 -8.68241e-4 -0.05514025 0.002999961 0.07480752 -0.05496096 0.002999961 0.07499212 -0.05476647 0.002999961 0.07516068 -0.05455827 0.002999961 0.07531195 -0.05433785 0.002999961 0.07544481 -0.05410689 0.002999961 0.0755583 -0.05386704 0.002999961 0.07565158 -0.0536201 0.002999961 0.07572394 -0.05336785 0.002999961 0.0757749 -0.0558753 0.002999961 0.0724222 -0.05311214 0.002999961 0.07580405 -0.03959685 0.002999961 0.08245676 -0.03956544 0.002999961 0.08271217 -0.03838193 0.002999961 0.0846371 -0.0900259 0.002999961 0.006452739 -0.09076106 0.002999961 0.006682276 -0.09099 0.002999961 0.006799757 -0.09230691 0.002999961 0.008330464 -0.09194046 0.002999961 0.007653057 -0.09220433 0.002999961 0.008094429 -0.09208184 0.002999961 0.007868111 -0.09178113 0.002999961 0.007450997 -0.09238892 0.002999961 0.008574366 -0.09202182 0.002999961 0.01104325 -0.09187239 0.002999961 0.01125276 -0.0917055 0.002999961 0.01144868 -0.09152251 0.002999961 0.01162958 -0.09132462 0.002999961 0.01179414 -0.09111338 0.002999961 0.01194119 -0.08809316 0.002999961 0.02615034 -0.08822631 0.002999961 0.02637052 -0.08840584 0.002999961 0.02886009 -0.08830565 0.002999961 0.02909713 -0.08614403 0.002999961 0.03076082 -0.08818548 0.002999961 0.02932471 -0.08639478 0.002999961 0.03070294 -0.08588922 0.002999961 0.03079706 -0.08563226 0.002999961 0.03081125 -0.08854365 0.002999961 0.02836465 -0.08537507 0.002999961 0.03080344 -0.08511948 0.002999961 0.03077358 -0.08858019 0.002999961 0.0281099 -0.08486735 0.002999961 0.0307219 -0.04979288 0.002999961 0.04178118 -0.05324482 0.002999961 0.03728246 -0.06107997 0.002999961 0.02223128 -0.06278514 0.002999961 0.01682323 -0.06401246 0.002999961 0.01128709 -0.06475263 0.002999961 0.005665123 -0.05557465 0.002999961 0.0741716 -0.05589807 0.002999961 0.07293593 -0.05587637 0.002999961 0.07319235 -0.03816819 0.002999961 0.08478039 -0.03794288 0.002999961 0.08490484 -0.03942465 0.002999961 0.08119112 -0.0377078 0.002999961 0.08500951 -0.03696107 0.002999961 0.08519804 -0.03670448 0.002999961 0.08521747 -0.03644716 0.002999961 0.08521485 -0.09089034 0.002999961 0.01206952 -0.09065711 0.002999961 0.0121783 -0.08848536 0.002999961 0.02861535 -0.08771491 0.002999961 0.02993434 -0.08752512 0.002999961 0.03010821 -0.08663964 0.002999961 0.03062379 -0.06278514 0.002999961 -0.01682323 -0.06107997 0.002999961 -0.02223128 -0.07249999 0.002999961 -0.004330098 -0.06401246 0.002999961 -0.01128709 -0.07116973 0.002999961 -0.003213882 -0.07090419 0.002999961 -0.002867877 -0.03728246 0.002999961 0.05324482 -0.06022173 0.002999961 0.06688302 -0.04178118 0.002999961 0.04979288 -0.04596191 0.002999961 0.04596191 -0.05629163 0.002999961 0.03249996 -0.05890995 0.002999961 0.02747017 -0.0558328 0.002999961 0.07344597 -0.05576759 0.002999961 0.07369494 -0.05568134 0.002999961 0.07393741 -0.03746461 0.002999961 0.08509367 -0.03721511 0.002999961 0.08515661 -0.03619098 0.002999961 0.08519017 -0.03593784 0.002999961 0.08514368 -0.03568965 0.002999961 0.08507561 -0.03544825 0.002999961 0.08498656 -0.03521531 0.002999961 0.08487713 -0.03499978 0.002999961 0.08475267 -0.03499263 0.002999961 0.08474814 -0.08788901 0.002999961 0.02974486 -0.07821393 0.002999961 -0.003830194 -0.08803325 0.002999961 -0.01871204 -0.07853549 0.002999961 -0.003535509 -0.07883018 0.002999961 -0.003213882 -0.07213211 0.002999961 -0.004095733 -0.07178604 0.002999961 -0.003830194 -0.07146441 0.002999961 -0.003535509 -0.0393424 0.002999961 0.0834493 -0.03922688 0.002999961 0.08367925 -0.03909212 0.002999961 0.08389848 -0.03893905 0.002999961 0.08410537 -0.03876882 0.002999961 0.08429837 -0.03858262 0.002999961 0.08447605 -0.08804625 0.002999961 0.02954113 -0.08732122 0.002999961 0.03026515 -0.08710455 0.002999961 0.03040409 -0.0868768 0.002999961 0.03052389 -0.05890995 0.002999961 -0.02747017 -0.05629163 0.002999961 -0.03249996 -0.07288688 0.002999961 -0.004531502 -0.07328987 0.002999961 -0.004698455 -0.03950238 0.002999961 0.08143645 -0.03955882 0.002999961 0.08168751 -0.03951233 0.002999961 0.08296394 -0.03943777 0.002999961 0.08321028 -0.07786786 0.002999961 -0.004095733 -0.07749998 0.002999961 -0.004330098 -0.07711309 0.002999961 -0.004531502 -0.0767101 0.002999961 -0.004698455 -0.07629406 0.002999961 -0.004829585 -0.07586824 0.002999961 -0.004923999 -0.07543575 0.002999961 -0.004980921 -0.07499998 0.002999961 -0.004999995 -0.03959351 0.002999961 0.08194255 -0.03960621 0.002999961 0.08219957 -0.07456421 0.002999961 -0.004980921 -0.07413172 0.002999961 -0.004923999 -0.07370591 0.002999961 -0.004829585</float_array>
          <technique_common>
            <accessor source="#sheet_metal_motor_tyre-mesh-positions-array" count="3068" stride="3">
              <param name="X" type="float"/>
              <param name="Y" type="float"/>
              <param name="Z" type="float"/>
            </accessor>
          </technique_common>
        </source>
        <source id="sheet_metal_motor_tyre-mesh-normals">
          <float_array id="sheet_metal_motor_tyre-mesh-normals-array" count="9063">-0.9832668 0 0.182172 -0.9952611 0 0.09723865 -0.9952604 0 0.09724599 -0.999933 0 0.01158028 -0.999933 0 0.01158118 -0.9972474 0 -0.07414668 -0.997247 0 -0.07415229 -0.9872223 0 -0.15935 -0.9699338 0 -0.2433693 -0.9699292 0 -0.2433871 -0.9455061 0 -0.3256045 -0.9141166 0 -0.4054516 -0.9141289 0 -0.4054236 -0.8760086 0 -0.4822955 -0.8760262 0 -0.4822637 -0.831453 0 -0.5555951 -0.7807511 0 -0.6248422 -0.7807806 0 -0.6248054 -0.7243709 0 -0.6894105 -0.7243351 0 -0.6894482 -0.6626265 0 -0.74895 -0.5959405 0 -0.8030287 -0.5959891 0 -0.8029925 -0.5249671 0 -0.8511226 -0.4501035 0 -0.8929764 -0.4500434 0 -0.8930068 -0.3719161 0 -0.9282664 -0.2909497 0 -0.9567384 -0.2910187 0 -0.9567174 -0.2078647 0 -0.9781576 -0.2079368 0 -0.9781423 -0.1233446 0 -0.9923639 -0.1232703 0 -0.9923731 -0.03784775 0 -0.9992835 -0.03777247 0 -0.9992864 0.04795098 0 -0.9988497 0.1334467 0 -0.991056 0.1332986 0 -0.9910759 0.2178879 0 -0.9759739 0.3006733 0 -0.9537273 0.3813418 0 -0.9244342 0.3812775 0 -0.9244608 0.4591507 0 -0.8883585 0.5335726 0 -0.8457544 0.604125 0 -0.7968896 0.6040772 0 -0.7969259 0.6701837 0 -0.7421953 0.6702253 0 -0.7421578 0.7313595 0 -0.6819922 0.7312893 0 -0.6820675 0.7870998 0 -0.6168257 0.7870711 0 -0.6168623 0.8370512 0 -0.5471248 0.8370737 0 -0.5470902 0.8808764 0 -0.4733464 0.8808595 0 -0.4733778 0.9182005 0 -0.3961161 0.9181886 0 -0.3961436 0.9487668 0 -0.3159773 0.9723569 0 -0.2334995 -0.9723569 0 -0.2334995 -0.9487668 0 -0.3159773 -0.9181886 0 -0.3961436 -0.9182005 0 -0.3961161 -0.8808595 0 -0.4733778 -0.8808764 0 -0.4733464 -0.8370737 0 -0.5470902 -0.8370512 0 -0.5471248 -0.7870711 0 -0.6168623 -0.7870998 0 -0.6168257 -0.7312893 0 -0.6820675 -0.7313595 0 -0.6819922 -0.6702253 0 -0.7421578 -0.6701837 0 -0.7421953 -0.6040772 0 -0.7969259 -0.604125 0 -0.7968896 -0.5335726 0 -0.8457544 -0.4591507 0 -0.8883585 -0.3812775 0 -0.9244608 -0.3813418 0 -0.9244342 -0.3006733 0 -0.9537273 -0.2178879 0 -0.9759739 -0.1332986 0 -0.9910759 -0.1334467 0 -0.991056 -0.04795098 0 -0.9988497 0.03777247 0 -0.9992864 0.03784775 0 -0.9992835 0.1232703 0 -0.9923731 0.1233446 0 -0.9923639 0.2079368 0 -0.9781423 0.2078647 0 -0.9781576 0.2910187 0 -0.9567174 0.2909497 0 -0.9567384 0.3719161 0 -0.9282664 0.4500434 0 -0.8930068 0.4501035 0 -0.8929764 0.5249671 0 -0.8511226 0.5959891 0 -0.8029925 0.5959405 0 -0.8030287 0.6626265 0 -0.74895 0.7243351 0 -0.6894482 0.7243709 0 -0.6894105 0.7807806 0 -0.6248054 0.7807511 0 -0.6248422 0.831453 0 -0.5555951 0.8760262 0 -0.4822637 0.8760086 0 -0.4822955 0.9141289 0 -0.4054236 0.9141166 0 -0.4054516 0.9455061 0 -0.3256045 0.9699292 0 -0.2433871 0.9699338 0 -0.2433693 0.9872223 0 -0.15935 0.997247 0 -0.07415229 0.9972474 0 -0.07414668 0.999933 0 0.01158118 0.999933 0 0.01158028 0.9952604 0 0.09724599 0.9952611 0 0.09723865 0.9832668 0 0.182172 -0.9025568 0 -0.430571 -0.8623445 0 -0.5063221 -0.8157687 0 -0.5783784 -0.7631806 0 -0.6461854 -0.763212 0 -0.6461482 -0.7050129 0 -0.7091946 -0.6416622 0 -0.7669875 -0.5735352 0 -0.819181 -0.5012234 0 -0.865318 -0.4252219 0 -0.9050892 -0.4252836 0 -0.9050602 -0.346064 0 -0.9382109 -0.2644769 0 -0.9643921 -0.2643367 0 -0.9644306 -0.1807951 0 -0.9835208 -0.09582662 0 -0.9953981 -0.01017814 0 -0.9999482 -0.01010274 0 -0.999949 0.07554602 0 -0.9971424 0.160814 0 -0.9869848 0.1607406 0 -0.9869968 0.2447319 0 -0.9695909 0.3269799 0 -0.9450314 0.3269125 0 -0.9450547 0.4066861 0 -0.9135681 0.406749 0 -0.91354 0.4835721 0 -0.8753045 0.5567263 0 -0.830696 0.5567783 0 -0.8306611 0.6259263 0 -0.7798822 0.6904559 0 -0.7233746 0.6904164 0 -0.7234122 0.7499263 0 -0.6615214 0.8038429 0 -0.5948418 0.8038161 0 -0.5948779 0.8518763 0 -0.5237431 0.8936278 0 -0.4488088 0.8936127 0 -0.4488391 0.9288041 0 -0.3705711 0.9287937 0 -0.3705971 0.9571421 0 -0.2896189 0.9784425 0 -0.2065196 0.9784393 0 -0.2065349 0.9925439 0 -0.1218879 0.9925417 0 -0.1219062 0.9993372 0 -0.03640586 0.999337 0 -0.0364086 0.9987797 0 0.04938888 0.9987795 0 0.04939264 0.9908738 0 0.1347932 0.9908724 0 0.1348032 0.9756725 0 0.2192334 0.9532957 0 0.3020388 0.9239021 0 0.3826292 0.9238966 0 0.3826425 -0.7932983 0 -0.6088333 -0.7933263 0 -0.6087968 -0.7382248 0 -0.6745548 -0.738242 0 -0.6745361 -0.6776837 0 -0.7353535 -0.6121689 0 -0.7907271 -0.6121924 0 -0.7907089 -0.5421621 0 -0.8402739 -0.5421887 0 -0.8402568 -0.4681326 0 -0.8836582 -0.4681621 0 -0.8836427 -0.390724 0 -0.920508 -0.39066 0 -0.9205351 -0.3103604 0 -0.9506191 -0.2277321 0 -0.9737239 -0.2278036 0 -0.9737071 -0.1434744 0 -0.9896541 -0.1434375 0 -0.9896594 -0.0580542 0 -0.9983135 -0.05812937 0 -0.9983091 0.0276696 0 -0.9996172 0.02759426 0 -0.9996193 0.1132048 0 -0.9935717 0.1979848 0 -0.9802051 0.1979486 0 -0.9802124 0.2812569 0 -0.9596325 0.2812221 0 -0.9596427 0.3624241 0 -0.9320133 0.3624568 0 -0.9320006 0.4409788 0 -0.8975176 0.4410091 0 -0.8975026 0.5162708 0 -0.8564255 0.5162984 0 -0.8564088 0.5877773 0 -0.8090228 0.5878019 0 -0.8090049 0.6549559 0 -0.7556672 0.7173033 0 -0.6967611 0.7173216 0 -0.6967422 0.774371 0 -0.6327319 0.7744012 0 -0.6326949 0.825773 0 -0.5640027 0.825761 0 -0.5640203 0.8710535 0 -0.4911882 0.8710718 0 -0.491156 0.9099541 0 -0.4147092 0.9421535 0 -0.335182 0.9421449 0 -0.3352057 0.9674063 0 -0.2532293 0.9855509 0 -0.1693796 0.985552 0 -0.1693733 0.9964412 0 -0.08429139 0.9999991 0 0.00141865 0.999999 0 0.00141859 0.9961972 0 0.08712702 0.9850655 0 0.1721808 0.9850665 0 0.1721744 0.9666863 0 0.2559642 0.9666888 0 0.2559549 0.9411896 0 0.3378792 0.9411939 0 0.3378672 0.9087781 0 0.4172798 0.908765 0 0.4173084 0.8696698 0 0.4936341 0.8241377 0 0.5663897 0.8241739 0 0.5663368 -0.6494097 0 -0.7604388 -0.6494315 0 -0.7604202 -0.5818005 0 -0.8133316 -0.5818753 0 -0.813278 -0.5099473 0 -0.8602057 -0.5100031 0 -0.8601726 -0.4343922 0 -0.9007239 -0.4344534 0 -0.9006944 -0.3555646 0 -0.9346518 -0.3556634 0 -0.9346142 -0.2742067 0 -0.9616708 -0.2741718 0 -0.9616807 -0.1907863 0 -0.9816316 -0.1907499 0 -0.9816387 -0.1059671 0 -0.9943696 -0.1058926 0 -0.9943776 -0.02031844 0 -0.9997936 -0.02039378 0 -0.999792 0.06544333 0 -0.9978563 0.1507136 0 -0.9885776 0.2348503 0 -0.9720316 0.2349215 0 -0.9720144 0.3173038 0 -0.948324 0.3974352 0 -0.9176303 0.4746434 0 -0.8801782 0.474585 0 -0.8802098 0.5483259 0 -0.8362647 0.5482732 0 -0.8362994 0.6179683 0 -0.7862032 0.617945 0 -0.7862215 0.6830691 0 -0.7303538 0.7431383 0 -0.669138 0.7431552 0 -0.6691192 0.7977433 0 -0.6029972 0.8465083 0 -0.5323756 0.8890112 0 -0.4578856 0.8890191 0 -0.4578703 0.9249792 0 -0.380018 0.9249846 0 -0.3800047 0.954147 0 -0.2993387 0.9541503 0 -0.2993279 0.9762969 0 -0.2164359 0.9762951 0 -0.2164439 0.9912518 0 -0.1319851 0.9912504 0 -0.131995 0.9989158 0 -0.04655283 0.9989158 0 -0.04655462 0.9992303 0 0.03922879 0.9921916 0 0.124723 0.9778542 0 0.2092876 0.9778526 0 0.2092953 0.9563102 0 0.2923541 0.9277485 0 0.3732061 0.9277432 0 0.3732192 0.8923501 0 0.451344 0.8923425 0 0.4513592 0.8503806 0 0.5261681 0.8021526 0 0.5971192 0.748019 0 0.6636773 0.7480357 0 0.6636586 0.6883993 0 0.725332 -0.4770963 0 -0.8788511 -0.4000462 0 -0.9164951 -0.3200047 0 -0.9474161 -0.3199709 0 -0.9474274 -0.2376437 0 -0.9713524 -0.2376793 0 -0.9713437 -0.1535039 0 -0.988148 -0.06826961 0 -0.997667 0.01749163 0 -0.9998471 0.1031004 0 -0.994671 0.1031377 0 -0.9946672 0.1879581 0 -0.9821771 0.1879944 0 -0.9821701 0.271462 0 -0.9624491 0.3529542 0 -0.9356406 0.3529872 0 -0.9356282 0.4318237 0 -0.9019581 0.4318543 0 -0.9019434 0.5075657 0 -0.861613 0.5795211 0 -0.8149572 0.6472495 0 -0.7622782 0.7101827 0 -0.7040175 0.7679215 0 -0.640544 0.767906 0 -0.6405625 0.8199934 0 -0.5723729 0.8660241 0 -0.5000024 0.8660147 0 -0.5000187 0.9056891 0 -0.4239426 0.9386938 0 -0.3447523 0.9647843 0 -0.2630425 0.9647817 0 -0.2630521 0.9837783 0 -0.179389 0.9837794 0 -0.1793823 0.9955332 0 -0.0944131 0.9955338 0 -0.094406 0.9999618 0 -0.008743345 0.9999618 0 -0.008743703 0.9970329 0 0.07697743 0.9970325 0 0.07698321 0.986766 0 0.1621515 0.9867639 0 0.1621636 0.9692399 0 0.2461181 0.9445711 0 0.3283068 0.9129783 0 0.4080082 0.912972 0 0.4080222 0.8746256 0 0.4847992 0.8746345 0 0.4847832 0.8298826 0 0.557938 0.8298709 0 0.5579555 0.7790018 0 0.6270217 0.7789869 0 0.6270402 0.7223954 0 0.6914803 0.6605167 0 0.7508113 0.6604742 0 0.7508488 0.5936865 0 0.8046966 0.5225511 0 0.852608 0.5225237 0 0.8526248 -0.2839701 0 -0.9588332 -0.2839527 0 -0.9588384 -0.2007529 0 -0.979642 -0.2007348 0 -0.9796456 -0.1160329 0 -0.9932455 -0.03051632 0 -0.9995343 -0.03047865 0 -0.9995355 0.05528253 0 -0.9984708 0.1406492 0 -0.9900595 0.2250133 0 -0.9743558 0.2249776 0 -0.9743641 0.3076587 0 -0.9514968 0.3880959 0 -0.9216191 0.3880798 0 -0.9216258 0.4656459 0 -0.8849712 0.4656163 0 -0.8849867 0.5397773 0 -0.8418079 0.5397907 0 -0.8417993 0.6099349 0 -0.7924515 0.6099231 0 -0.7924606 0.6756004 0 -0.737268 0.7363018 0 -0.6766533 0.7915897 0 -0.6110532 0.8410479 0 -0.5409607 0.8843082 0 -0.4669038 0.8843163 0 -0.4668883 0.9210708 0 -0.3893954 0.9510607 0 -0.3090043 0.9510625 0 -0.3089988 0.9740411 0 -0.2263718 0.9898574 0 -0.1420654 0.9898577 0 -0.1420627 0.9983904 0 -0.05671578 0.9995775 0 0.02906721 0.9934064 0 0.1146467 0.9934062 0 0.1146488 0.979927 0 0.1993573 0.9592382 0 0.2825992 0.9592396 0 0.2825941 0.9314883 0 0.3637713 0.9314858 0 0.3637776 0.896887 0 0.44226 0.8968833 0 0.4422674 0.8556944 0 0.5174817 0.8081658 0 0.5889552 0.8081724 0 0.5889462 0.7547447 0 0.6560187 0.6957197 0 0.7183134 0.6957294 0 0.718304 0.6316118 0 0.7752849 0.5628531 0 0.826557 0.562866 0 0.8265483 0.4899209 0 0.8717669 0.4134152 0 0.9105426 0.4134308 0 0.9105355 0.3338623 0 0.9426219 -0.07839906 0 -0.9969221 0.007322788 0 -0.9999732 0.09300804 0 -0.9956654 0.09299868 0 -0.9956663 0.1779785 0 -0.9840344 0.1779968 0 -0.9840311 0.2616755 0 -0.965156 0.3434203 0 -0.9391819 0.42265 0 -0.9062929 0.4226578 0 -0.9062893 0.4987581 0 -0.8667414 0.4987651 0 -0.8667372 0.5712285 0 -0.8207913 0.5712348 0 -0.8207867 0.6394535 0 -0.7688298 0.7030016 0 -0.7111883 0.7029969 0 -0.711193 0.7613598 0 -0.6483297 0.7613558 0 -0.6483344 0.8141308 0 -0.5806815 0.8609047 0 -0.5087664 0.9013264 0 -0.4331406 0.9351405 0 -0.3542771 0.9351394 0 -0.3542803 0.9620606 0 -0.2728357 0.9620599 0 -0.2728382 0.9819053 0 -0.1893726 0.9819055 0 -0.1893718 0.9945235 0 -0.1045143 0.9945234 0 -0.1045153 0.9998208 0 -0.01893419 0.9977631 0 0.06684905 0.9883593 0 0.1521384 0.9883592 0 0.1521391 0.9716938 0 0.2362442 0.9716935 0 0.2362452 0.9478659 0 0.3186696 0.9478669 0 0.3186667 0.9170612 0 0.3987469 0.9170618 0 0.3987451 0.8795273 0 0.4758484 0.835497 0 0.5494952 0.8354955 0 0.5494974 0.7853366 0 0.619069 0.7293917 0 0.6840963 0.7293939 0 0.684094 0.6680641 0 0.7441039 0.6680693 0 0.7440991 0.6018529 0 0.7986071 0.5311824 0 0.8472576 0.4566264 0 0.8896586 0.3786929 0 0.9255224 0.2979735 0 0.9545742 0.2979778 0 0.9545729 0.2150736 0 0.9765979 0.1305824 0 0.9914375 0.1305778 0 0.9914382 -0.1305778 0 0.9914382 -0.1305824 0 0.9914375 -0.2150736 0 0.9765979 -0.2979778 0 0.9545729 -0.2979735 0 0.9545742 -0.3786929 0 0.9255224 -0.4566264 0 0.8896586 -0.5311824 0 0.8472576 -0.6018529 0 0.7986071 -0.6680693 0 0.7440991 -0.6680641 0 0.7441039 -0.7293939 0 0.684094 -0.7293917 0 0.6840963 -0.7853366 0 0.619069 -0.8354955 0 0.5494974 -0.835497 0 0.5494952 -0.8795273 0 0.4758484 -0.9170618 0 0.3987451 -0.9170612 0 0.3987469 -0.9478669 0 0.3186667 -0.9478659 0 0.3186696 -0.9716935 0 0.2362452 -0.9716938 0 0.2362442 -0.9883592 0 0.1521391 -0.9883593 0 0.1521384 -0.9977631 0 0.06684905 -0.9998208 0 -0.01893419 -0.9945234 0 -0.1045153 -0.9945235 0 -0.1045143 -0.9819055 0 -0.1893718 -0.9819053 0 -0.1893726 -0.9620599 0 -0.2728382 -0.9620606 0 -0.2728357 -0.9351394 0 -0.3542803 -0.9351405 0 -0.3542771 -0.9013264 0 -0.4331406 -0.8609047 0 -0.5087664 -0.8141308 0 -0.5806815 -0.7613558 0 -0.6483344 -0.7613598 0 -0.6483297 -0.7029969 0 -0.711193 -0.7030016 0 -0.7111883 -0.6394535 0 -0.7688298 -0.5712348 0 -0.8207867 -0.5712285 0 -0.8207913 -0.4987651 0 -0.8667372 -0.4987581 0 -0.8667414 -0.4226578 0 -0.9062893 -0.42265 0 -0.9062929 -0.3434203 0 -0.9391819 -0.2616755 0 -0.965156 -0.1779968 0 -0.9840311 -0.1779785 0 -0.9840344 -0.09299868 0 -0.9956663 -0.09300804 0 -0.9956654 -0.007322788 0 -0.9999732 0.07839906 0 -0.9969221 -0.3338623 0 0.9426219 -0.4134308 0 0.9105355 -0.4134152 0 0.9105426 -0.4899209 0 0.8717669 -0.562866 0 0.8265483 -0.5628531 0 0.826557 -0.6316118 0 0.7752849 -0.6957294 0 0.718304 -0.6957197 0 0.7183134 -0.7547447 0 0.6560187 -0.8081724 0 0.5889462 -0.8081658 0 0.5889552 -0.8556944 0 0.5174817 -0.8968833 0 0.4422674 -0.896887 0 0.44226 -0.9314858 0 0.3637776 -0.9314883 0 0.3637713 -0.9592396 0 0.2825941 -0.9592382 0 0.2825992 -0.979927 0 0.1993573 -0.9934062 0 0.1146488 -0.9934064 0 0.1146467 -0.9995775 0 0.02906721 -0.9983904 0 -0.05671578 -0.9898577 0 -0.1420627 -0.9898574 0 -0.1420654 -0.9740411 0 -0.2263718 -0.9510625 0 -0.3089988 -0.9510607 0 -0.3090043 -0.9210708 0 -0.3893954 -0.8843163 0 -0.4668883 -0.8843082 0 -0.4669038 -0.8410479 0 -0.5409607 -0.7915897 0 -0.6110532 -0.7363018 0 -0.6766533 -0.6756004 0 -0.737268 -0.6099231 0 -0.7924606 -0.6099349 0 -0.7924515 -0.5397907 0 -0.8417993 -0.5397773 0 -0.8418079 -0.4656163 0 -0.8849867 -0.4656459 0 -0.8849712 -0.3880798 0 -0.9216258 -0.3880959 0 -0.9216191 -0.3076587 0 -0.9514968 -0.2249776 0 -0.9743641 -0.2250133 0 -0.9743558 -0.1406492 0 -0.9900595 -0.05528253 0 -0.9984708 0.03047865 0 -0.9995355 0.03051632 0 -0.9995343 0.1160329 0 -0.9932455 0.2007348 0 -0.9796456 0.2007529 0 -0.979642 0.2839527 0 -0.9588384 0.2839701 0 -0.9588332 -0.5225237 0 0.8526248 -0.5225511 0 0.852608 -0.5936865 0 0.8046966 -0.6604742 0 0.7508488 -0.6605167 0 0.7508113 -0.7223954 0 0.6914803 -0.7789869 0 0.6270402 -0.7790018 0 0.6270217 -0.8298709 0 0.5579555 -0.8298826 0 0.557938 -0.8746345 0 0.4847832 -0.8746256 0 0.4847992 -0.912972 0 0.4080222 -0.9129783 0 0.4080082 -0.9445711 0 0.3283068 -0.9692399 0 0.2461181 -0.9867639 0 0.1621636 -0.986766 0 0.1621515 -0.9970325 0 0.07698321 -0.9970329 0 0.07697743 -0.9999618 0 -0.008743703 -0.9999618 0 -0.008743345 -0.9955338 0 -0.094406 -0.9955332 0 -0.0944131 -0.9837794 0 -0.1793823 -0.9837783 0 -0.179389 -0.9647817 0 -0.2630521 -0.9647843 0 -0.2630425 -0.9386938 0 -0.3447523 -0.9056891 0 -0.4239426 -0.8660147 0 -0.5000187 -0.8660241 0 -0.5000024 -0.8199934 0 -0.5723729 -0.767906 0 -0.6405625 -0.7679215 0 -0.640544 -0.7101827 0 -0.7040175 -0.6472495 0 -0.7622782 -0.5795211 0 -0.8149572 -0.5075657 0 -0.861613 -0.4318543 0 -0.9019434 -0.4318237 0 -0.9019581 -0.3529872 0 -0.9356282 -0.3529542 0 -0.9356406 -0.271462 0 -0.9624491 -0.1879944 0 -0.9821701 -0.1879581 0 -0.9821771 -0.1031377 0 -0.9946672 -0.1031004 0 -0.994671 -0.01749163 0 -0.9998471 0.06826961 0 -0.997667 0.1535039 0 -0.988148 0.2376793 0 -0.9713437 0.2376437 0 -0.9713524 0.3199709 0 -0.9474274 0.3200047 0 -0.9474161 0.4000462 0 -0.9164951 0.4770963 0 -0.8788511 -0.6883993 0 0.725332 -0.7480357 0 0.6636586 -0.748019 0 0.6636773 -0.8021526 0 0.5971192 -0.8503806 0 0.5261681 -0.8923425 0 0.4513592 -0.8923501 0 0.451344 -0.9277432 0 0.3732192 -0.9277485 0 0.3732061 -0.9563102 0 0.2923541 -0.9778526 0 0.2092953 -0.9778542 0 0.2092876 -0.9921916 0 0.124723 -0.9992303 0 0.03922879 -0.9989158 0 -0.04655462 -0.9989158 0 -0.04655283 -0.9912504 0 -0.131995 -0.9912518 0 -0.1319851 -0.9762951 0 -0.2164439 -0.9762969 0 -0.2164359 -0.9541503 0 -0.2993279 -0.954147 0 -0.2993387 -0.9249846 0 -0.3800047 -0.9249792 0 -0.380018 -0.8890191 0 -0.4578703 -0.8890112 0 -0.4578856 -0.8465083 0 -0.5323756 -0.7977433 0 -0.6029972 -0.7431552 0 -0.6691192 -0.7431383 0 -0.669138 -0.6830691 0 -0.7303538 -0.617945 0 -0.7862215 -0.6179683 0 -0.7862032 -0.5482732 0 -0.8362994 -0.5483259 0 -0.8362647 -0.474585 0 -0.8802098 -0.4746434 0 -0.8801782 -0.3974352 0 -0.9176303 -0.3173038 0 -0.948324 -0.2349215 0 -0.9720144 -0.2348503 0 -0.9720316 -0.1507136 0 -0.9885776 -0.06544333 0 -0.9978563 0.02039378 0 -0.999792 0.02031844 0 -0.9997936 0.1058926 0 -0.9943776 0.1059671 0 -0.9943696 0.1907499 0 -0.9816387 0.1907863 0 -0.9816316 0.2741718 0 -0.9616807 0.2742067 0 -0.9616708 0.3556634 0 -0.9346142 0.3555646 0 -0.9346518 0.4344534 0 -0.9006944 0.4343922 0 -0.9007239 0.5100031 0 -0.8601726 0.5099473 0 -0.8602057 0.5818753 0 -0.813278 0.5818005 0 -0.8133316 0.6494315 0 -0.7604202 0.6494097 0 -0.7604388 -0.8241739 0 0.5663368 -0.8241377 0 0.5663897 -0.8696698 0 0.4936341 -0.908765 0 0.4173084 -0.9087781 0 0.4172798 -0.9411939 0 0.3378672 -0.9411896 0 0.3378792 -0.9666888 0 0.2559549 -0.9666863 0 0.2559642 -0.9850665 0 0.1721744 -0.9850655 0 0.1721808 -0.9961972 0 0.08712702 -0.999999 0 0.00141859 -0.9999991 0 0.00141865 -0.9964412 0 -0.08429139 -0.985552 0 -0.1693733 -0.9855509 0 -0.1693796 -0.9674063 0 -0.2532293 -0.9421449 0 -0.3352057 -0.9421535 0 -0.335182 -0.9099541 0 -0.4147092 -0.8710718 0 -0.491156 -0.8710535 0 -0.4911882 -0.825761 0 -0.5640203 -0.825773 0 -0.5640027 -0.7744012 0 -0.6326949 -0.774371 0 -0.6327319 -0.7173216 0 -0.6967422 -0.7173033 0 -0.6967611 -0.6549559 0 -0.7556672 -0.5878019 0 -0.8090049 -0.5877773 0 -0.8090228 -0.5162984 0 -0.8564088 -0.5162708 0 -0.8564255 -0.4410091 0 -0.8975026 -0.4409788 0 -0.8975176 -0.3624568 0 -0.9320006 -0.3624241 0 -0.9320133 -0.2812221 0 -0.9596427 -0.2812569 0 -0.9596325 -0.1979486 0 -0.9802124 -0.1979848 0 -0.9802051 -0.1132048 0 -0.9935717 -0.02759426 0 -0.9996193 -0.0276696 0 -0.9996172 0.05812937 0 -0.9983091 0.0580542 0 -0.9983135 0.1434375 0 -0.9896594 0.1434744 0 -0.9896541 0.2278036 0 -0.9737071 0.2277321 0 -0.9737239 0.3103604 0 -0.9506191 0.39066 0 -0.9205351 0.390724 0 -0.920508 0.4681621 0 -0.8836427 0.4681326 0 -0.8836582 0.5421887 0 -0.8402568 0.5421621 0 -0.8402739 0.6121924 0 -0.7907089 0.6121689 0 -0.7907271 0.6776837 0 -0.7353535 0.738242 0 -0.6745361 0.7382248 0 -0.6745548 0.7933263 0 -0.6087968 0.7932983 0 -0.6088333 -0.9238966 0 0.3826425 -0.9239021 0 0.3826292 -0.9532957 0 0.3020388 -0.9756725 0 0.2192334 -0.9908724 0 0.1348032 -0.9908738 0 0.1347932 -0.9987795 0 0.04939264 -0.9987797 0 0.04938888 -0.999337 0 -0.0364086 -0.9993372 0 -0.03640586 -0.9925417 0 -0.1219062 -0.9925439 0 -0.1218879 -0.9784393 0 -0.2065349 -0.9784425 0 -0.2065196 -0.9571421 0 -0.2896189 -0.9287937 0 -0.3705971 -0.9288041 0 -0.3705711 -0.8936127 0 -0.4488391 -0.8936278 0 -0.4488088 -0.8518763 0 -0.5237431 -0.8038161 0 -0.5948779 -0.8038429 0 -0.5948418 -0.7499263 0 -0.6615214 -0.6904164 0 -0.7234122 -0.6904559 0 -0.7233746 -0.6259263 0 -0.7798822 -0.5567783 0 -0.8306611 -0.5567263 0 -0.830696 -0.4835721 0 -0.8753045 -0.406749 0 -0.91354 -0.4066861 0 -0.9135681 -0.3269125 0 -0.9450547 -0.3269799 0 -0.9450314 -0.2447319 0 -0.9695909 -0.1607406 0 -0.9869968 -0.160814 0 -0.9869848 -0.07554602 0 -0.9971424 0.01010274 0 -0.999949 0.01017814 0 -0.9999482 0.09582662 0 -0.9953981 0.1807951 0 -0.9835208 0.2643367 0 -0.9644306 0.2644769 0 -0.9643921 0.346064 0 -0.9382109 0.4252836 0 -0.9050602 0.4252219 0 -0.9050892 0.5012234 0 -0.865318 0.5735352 0 -0.819181 0.6416622 0 -0.7669875 0.7050129 0 -0.7091946 0.763212 0 -0.6461482 0.7631806 0 -0.6461854 0.8157687 0 -0.5783784 0.8623445 0 -0.5063221 0.9025568 0 -0.430571 -0.9996559 0 -0.02623367 -0.9996558 0 -0.02623564 -0.99373 0 -0.1118065 -0.9937291 0 -0.1118149 -0.980491 0 -0.1965641 -0.9600335 0 -0.2798852 -0.9600394 0 -0.279865 -0.9325127 0 -0.3611375 -0.9325224 0 -0.3611121 -0.8981442 0 -0.4397012 -0.8981297 0 -0.439731 -0.8571507 0 -0.5150658 -0.8098368 0 -0.5866554 -0.8098627 0 -0.5866196 -0.7565894 0 -0.6538904 -0.7566215 0 -0.6538531 -0.6977725 0 -0.7163195 -0.6977338 0 -0.7163572 -0.6338285 0 -0.7734737 -0.6337834 0 -0.7735106 -0.5652179 0 -0.8249416 -0.5651665 0 -0.8249769 -0.4924021 0 -0.8703678 -0.4160217 0 -0.9093547 -0.3364907 0 -0.9416868 -0.3365575 0 -0.9416629 -0.2546058 0 -0.967045 -0.1707684 0 -0.9853113 -0.08572322 0 -0.9963191 -0.08564835 0 -0.9963255 0 0 -1 0.08564835 0 -0.9963255 0.08572322 0 -0.9963191 0.1707684 0 -0.9853113 0.2546058 0 -0.967045 0.3365575 0 -0.9416629 0.3364907 0 -0.9416868 0.4160217 0 -0.9093547 0.4924021 0 -0.8703678 0.5651665 0 -0.8249769 0.5652179 0 -0.8249416 0.6337834 0 -0.7735106 0.6338285 0 -0.7734737 0.6977338 0 -0.7163572 0.6977725 0 -0.7163195 0.7566215 0 -0.6538531 0.7565894 0 -0.6538904 0.8098627 0 -0.5866196 0.8098368 0 -0.5866554 0.8571507 0 -0.5150658 0.8981297 0 -0.439731 0.8981442 0 -0.4397012 0.9325224 0 -0.3611121 0.9325127 0 -0.3611375 0.9600394 0 -0.279865 0.9600335 0 -0.2798852 0.980491 0 -0.1965641 0.9937291 0 -0.1118149 0.99373 0 -0.1118065 0.9996558 0 -0.02623564 0.9996559 0 -0.02623367 0 -1 0 0 1 0 0 1 0 0 1 6.68762e-6 0 1 1.64474e-7 0 1 1.2362e-6 0 1 8.60369e-7 0 1 -6.34774e-7 0 1 0 0 1 -1.49314e-6 0 1 8.3374e-7 0 1 -1.4059e-6 0 1 -1.12532e-6 0 1 7.14528e-7 0 1 7.83542e-7 0 1 0 0 1 6.28532e-7 0 1 2.10987e-7 0 1 1.1086e-6 0 1 0 0 1 -1.85562e-6 0 1 2.53344e-6 0 1 -1.74161e-7 0 1 0 0 1 8.74661e-7 0 1 -7.46777e-7 0 1 0 0 1 0 0 1 -1.20873e-6 0 1 1.89342e-7 0 1 -1.54869e-6 0 1 6.32978e-7 0 1 2.72448e-7 0 1 -6.47803e-7 0 1 2.17431e-7 0 1 8.33604e-7 0 1 4.68853e-7 0 1 0 0 1 -1.2183e-6 0 1 6.23253e-7 0 1 -2.13924e-6 0 1 0 0 1 0 0 1 0 0 1 1.45367e-7 0 1 -4.16811e-7 0 1 0 0 1 1.43165e-6 0 1 -1.37887e-6 0 1 5.4185e-7 0 1 1.47461e-7 0 1 0 0 1 -1.33756e-6 0 1 7.46774e-7 0 1 -2.36907e-7 0 1 0 0 1 2.31951e-7 0 1 -2.17467e-7 0 1 -8.68441e-7 0 1 2.21867e-6 0 1 3.28906e-7 0 1 -7.60552e-7 0 1 6.66852e-7 0 1 4.85849e-7 0 1 -1.48535e-7 0 1 -2.95324e-7 0 1 2.53334e-6 0 1 -2.61339e-6 0 1 3.47367e-6 0 1 1.64454e-6 0 1 0 0 1 3.02038e-7 0 1 0 0 1 -6.78375e-7 0 1 0 0 1 9.35897e-7 0 1 0 0 1 1.17862e-6 0 1 -1.18127e-6 0 1 -1.48538e-7 0 1 7.15824e-7 0 1 -5.59918e-7 0 1 8.23669e-7 0 1 -6.53848e-7 0 1 -1.94668e-7 0 1 0 0 1 0 0 1 0 0 1 1.56905e-7 0 1 1.56451e-6 0 1 1.34363e-5 0 1 -2.00272e-5 0 1 -2.34964e-6 0 1 2.4613e-7 0 1 -1.26347e-6 0 1 2.70633e-7 0 1 0 0 1 2.16296e-7 0 1 -2.00321e-5 0 1 -2.34205e-7 0 1 5.89311e-7 0 1 -2.21482e-7 0 1 1.52002e-7 0 1 0 0 1 1.01264e-6 0 1 6.97296e-7 0 1 9.93135e-7 0 1 -7.24802e-7 0 1 1.62837e-6 0 1 1.54869e-6 0 1 1.16174e-6 0 1 1.68882e-6 0 1 0 0 1 -5.89311e-7 0 1 3.71352e-7 0 1 1.3789e-6 0 1 5.43431e-6 0 1 -8.099e-6 0 1 6.69452e-6 0 1 0 0 1 0 0 1 0 0 1 -3.14122e-7 0 1 -6.21469e-7 0 1 6.28032e-7 0 1 -4.02127e-7 0 1 -4.63934e-7 0 1 4.63898e-7 0 1 1.33697e-7 0 1 1.87959e-6 0 1 -2.32377e-6 0 1 3.69801e-7 0 1 2.17107e-7 0 1 1.95522e-6 0 1 -2.26005e-6 0 1 3.09751e-6 0 1 -1.65599e-6 0 1 0 0 1 -1.48532e-7 0 1 -3.11472e-6 0 1 2.21899e-6 0 1 -5.64895e-7 0 1 -1.64449e-7 0 1 1.0016e-5 0 1 -1.35864e-6 0 1 0 0 1 -4.68839e-7 0 1 0 0 1 0 0 1 0 0 1 -1.95511e-6 0 1 -2.00256e-5 0 1 1.57947e-7 0 1 7.60552e-7 0 1 -7.0624e-7 0 1 3.11441e-6 0 1 -1.87983e-6 0 1 4.05029e-6 0 1 2.00303e-5 0 1 1.08108e-6 0 1 -5.91632e-6 0 1 -9.7754e-7 0 1 -9.39878e-7 0 1 1.43168e-6 0 1 -9.26644e-7 0 1 -1.41895e-6 0 1 -1.05828e-6 0 1 -6.33447e-7 0 1 4.67425e-7 0 1 -6.68785e-7 0 1 1.41269e-6 0 1 -1.04453e-6 0 1 3.80014e-7 0 1 -1.15981e-6 0 1 1.74317e-7 0 1 1.95512e-6 0 1 0 0 1 0 0 1 -1.87976e-6 0 1 -3.16693e-7 0 1 2.90385e-7 0 1 0 0 1 0 0 1 0 0 1 0 0 1 0 0 1 9.85218e-7 0 1 0 0 1 0 0 1 0 0 1 3.86596e-7 0 1 -7.50192e-7 0 1 7.60312e-7 0 1 5.53593e-7 0 1 -4.96528e-7 0 1 8.68393e-7 0 1 -7.38366e-7 0 1 7.78603e-7 0 1 -7.04945e-7 0 1 0 0 1 0 0 1 -1.88478e-6 0 1 2.89365e-6 0 1 -5.24943e-7 0 1 -1.26352e-6 0 1 -2.50081e-7 0 1 6.3336e-7 0 1 1.6446e-7 0 1 0 0 1 5.54681e-7 0 1 3.89304e-7 0 1 1.07376e-6 0 1 -2.42912e-7 0 1 -5.53717e-7 0 1 -3.34668e-6 0 1 8.39693e-7 0 1 0 0 1 1.47658e-7 0 1 -1.22132e-6 0 1 1.08715e-6 0 1 -6.1788e-7 0 1 9.14679e-7 0 1 -8.58729e-7 0 1 4.84904e-7 0 1 -9.46683e-7 0 1 0 0 1 1.95504e-6 0 1 1.0015e-5 0 1 0 0 1 1.05586e-6 0 1 -1.07064e-6 0 1 8.22715e-7 0 1 -3.09562e-6 0 1 1.19872e-6 0 1 -9.93072e-7 0 1 9.35886e-7 0 1 -5.00641e-6 0 1 3.34654e-6 0 1 -1.67934e-6 0 1 4.88762e-7 0 1 -1.17804e-6 0 1 -7.6376e-7 0 1 1.87469e-7 0 1 -3.35886e-6 0 1 -1.6732e-6 0 1 9.45162e-6 0 1 0 0 1 -3.28213e-5 0 1 6.50216e-6 0 1 1.03977e-6 0 1 -1.67939e-6 0 1 1.67309e-6 0 1 -5.00561e-6 0 1 5.80877e-7 0 1 3.39626e-7 0 1 2.26878e-6 0 1 -9.16943e-7 0 1 -8.39882e-7 0 1 1.41249e-7 0 1 5.0645e-7 0 1 -4.88732e-7 0 1 -7.18226e-6 0 1 5.04663e-6 0 1 -2.24145e-6 0 1 -3.09295e-7 0 1 1.26349e-6 0 1 4.1681e-7 0 1 1.62524e-6 0 1 -3.87497e-7 0 1 -8.45703e-7 0 1 8.38077e-7 0 1 -1.31015e-6 0 1 2.9661e-7 0 1 -1.03728e-6 0 1 8.32567e-7 0 1 0 0 1 -8.90351e-7 0 1 6.8847e-7 0 1 -3.20272e-7 0 1 -9.60608e-7 0 1 1.57731e-6 0 1 0 0 1 0 0 1 2.42879e-7 0 1 -3.83994e-7 0 1 0 0 1 1.50805e-7 0 1 0 0 1 2.26831e-7 0 1 -3.25236e-7 0 1 2.04087e-7 0 1 0 0 1 -1.55367e-7 0 1 6.28033e-7 0 1 0 0 1 1.24134e-7 0 1 2.06734e-7 0 1 0 0 1 -1.2507e-5 0 1 -1.15789e-6 0 1 1.49311e-6 0 1 -1.43165e-6 0 1 -1.72359e-7 0 1 -1.61936e-7 0 1 -1.3789e-6 0 1 6.03995e-7 0 1 -2.37511e-7 0 1 8.71785e-7 0 1 -6.1776e-7 0 1 7.46572e-7 0 1 -5.36879e-7 0 1 -7.07634e-7 0 1 7.89693e-7 0 1 5.24943e-7 0 1 3.31484e-7 0 1 1.85554e-6 0 1 6.85824e-6 0 1 0 0 1 -1.18934e-5 0 1 1.18127e-6 0 1 -1.17862e-6 0 1 0 0 1 -2.97079e-7 0 1 7.08523e-7 0 1 3.938e-6 0 1 9.26651e-7 0 1 1.64432e-7 0 1 2.17855e-7 0 1 -2.26007e-6 0 1 2.63103e-6 0 1 -1.40981e-6 0 1 4.96541e-7 0 1 -1.74362e-6 0 1 -3.9114e-7 0 1 1.64736e-6 0 1 -3.91137e-7 0 1 -1.43168e-6 0 1 5.17081e-7 0 1 0 0 1 3.91004e-6 0 1 3.28912e-6 0 1 2.44284e-5 0 1 6.57272e-6 0 1 -5.16513e-6 0 1 0 0 1 1.55808e-7 0 1 -2.76394e-7 0 1 -6.87874e-7 0 1 0 0 1 -1.06958e-6 0 1 1.15977e-6 0 1 -3.16691e-7 0 1 -1.54875e-6 0 1 1.19401e-6 0 1 1.46624e-6 0 1 -1.00128e-5 0 1 8.11797e-7 0 1 -9.4762e-7 0 1 -1.02691e-5 0 1 -2.88263e-6 0 1 6.51484e-7 0 1 -1.06065e-6 0 1 1.08755e-6 0 1 -2.91174e-7 0 1 0 0 1 -4.71024e-7 0 1 -1.30735e-6 0 1 2.67709e-5 0 1 -2.00304e-5 0 1 0 0 1 0 0 1 -5.34333e-7 0 1 -7.39514e-7 0 1 -3.47357e-6 0 1 3.09743e-6 0 1 -1.91751e-6 0 1 -1.35858e-6 0 1 4.05055e-6 0 1 -6.69452e-6 0 1 2.00256e-5 0 1 -5.32019e-7 0 1 9.845e-7 0 1 3.87194e-7 0 1 -2.99966e-7 0 1 -4.97221e-7 0 1 1.56454e-6 0 1 1.6474e-6 0 1 -1.52567e-6 0 1 -1.98613e-6 0 1 1.60442e-6 0 1 0 0 1 6.68785e-7 0 1 4.02127e-7 0 1 6.21469e-7 0 1 -6.23233e-7 0 1 0 0 1 -1.59328e-6 0 1 2.63091e-6 0 1 5.83974e-7 0 1 -5.43384e-6 0 1 -1.34322e-5 0 1 -3.16687e-7 0 1 2.89946e-7 0 1 4.68409e-7 0 1 -1.58383e-6 0 1 -1.0696e-6 0 1 6.25249e-7 0 1 2.32937e-7 0 1 1.24479e-6 0 1 -4.22255e-7 0 1 -8.49035e-7 0 1 1.37889e-6 0 1 -1.39981e-6 0 1 2.53342e-6 0 1 -1.91751e-6 0 1 1.23063e-6 0 1 4.96528e-7 0 1 -6.51294e-7 0 1 -1.39688e-5 0 1 0 0 1 3.83994e-7 0 1 0 0 1 0 0 1 9.39934e-7 0 1 -3.28896e-7 0 1 -2.39971e-6 0 1 3.87612e-6 0 1 0 0 1 0 0 1 5.53717e-7 0 1 3.09295e-7 0 1 1.86641e-7 0 1 4.69932e-7 0 1 -5.36979e-7 0 1 -1.67291e-6 0 1 1.61947e-7 0 1 -2.26004e-6 0 1 7.7861e-7 0 1 -1.26349e-6 0 1 -4.1681e-7 0 1 1.046e-6 0 1 1.06514e-6 0 1 1.57115e-6 0 1 -1.97154e-7 0 1 8.30173e-7 0 1 -8.45792e-7 0 1 7.92401e-7 0 1 8.61778e-7 0 1 -1.4846e-7 0 1 5.06319e-7 0 1 1.17804e-6 0 1 -2.02511e-6 0 1 -2.3237e-6 0 1 2.95818e-6 0 1 -1.95505e-6 0 1 6.79267e-7 0 1 1.67943e-6 0 1 -1.00176e-5 0 1 2.71713e-6 0 1 0 0 1 0 0 1 4.16811e-7 0 1 -7.15824e-7 0 1 5.59918e-7 0 1 0 0 1 -6.84421e-7 0 1 5.81741e-7 0 1 -1.33376e-6 0 1 -1.57935e-7 0 1 -1.37884e-6 0 1 -1.78956e-7 0 1 0 0 1 -2.24976e-7 0 1 -2.20971e-7 0 1 5.34797e-7 0 1 4.63934e-7 0 1 0 0 1 -3.72398e-7 0 1 1.18835e-6 0 1 -2.42918e-7 0 1 2.17459e-7 0 1 -8.69756e-7 0 1 0 0 1 1.23553e-6 0 1 0 0 1 5.90638e-7 0 1 2.4611e-7 0 1 -1.47922e-6 0 1 2.32377e-6 0 1 -1.40968e-6 0 1 -8.23669e-7 0 1 8.71833e-7 0 1 -1.73957e-7 0 1 9.27768e-7 0 1 -6.20659e-7 0 1 -1.31557e-6 0 1 1.16798e-6 0 1 2.71739e-6 0 1 -2.02501e-6 0 1 -1.67345e-6 0 1 4.40029e-7 0 1 0 0 1 2.63136e-6 0 1 -8.22393e-7 0 1 -4.34203e-7 0 1 -2.67645e-7 0 1 2.00284e-5 0 1 -4.64727e-6 0 1 1.87973e-6 0 1 -1.69499e-6 0 1 -1.33862e-5 0 1 -2.02541e-6 0 1 -9.22642e-7 0 1 2.13917e-6 0 1 -2.31963e-6 0 1 3.16682e-7 0 1 3.35895e-6 0 1 -8.10005e-6 0 1 5.43384e-6 0 1 -2.44377e-6 0 1 2.32342e-6 0 1 0 0 1 0 0 1 1.53548e-6 0 1 -5.15661e-7 0 1 0 0 1 0 0 1 -1.02258e-6 0 1 0 0 1 2.40585e-7 0 1 -5.30236e-7 0 1 0 0 1 -1.18835e-6 0 1 1.1998e-6 0 1 3.04015e-7 0 1 -1.98602e-6 0 1 0 0 1 1.12987e-6 0 1 -1.59706e-7 0 1 1.43133e-7 0 1 0 0 1 -1.26355e-6 0 1 1.0931e-6 0 1 6.06588e-7 0 1 1.98614e-6 0 1 -3.18917e-7 0 1 -2.1392e-6 0 1 2.31958e-6 0 1 -1.58334e-7 0 1 -3.09751e-6 0 1 4.92252e-7 0 1 1.02609e-5 0 1 0 0 1 6.3474e-7 0 1 -7.83561e-7 0 1 0 0 1 0 0 1 0 0 1 2.3198e-6 0 1 0 0 1 -5.83561e-7 0 1 -6.57853e-7 0 1 -3.72406e-7 0 1 -9.77833e-7 0 1 -1.41249e-6 0 1 1.95393e-6 0 1 0 0 1 0 0 1 1.2183e-6 0 1 -6.2325e-7 0 1 1.21316e-7 0 1 0 0 1 0 0 1 0 0 1 0 0 1 -1.34222e-7 0 1 -1.56453e-6 0 1 0 0 1 -1.34344e-5 0 1 1.3389e-5 0 1 0 0 1 1.64734e-6 0 1 -6.53221e-7 0 1 1.1254e-6 0 1 -7.14526e-7 0 1 -6.2852e-7 0 1 -2.10994e-7 0 1 6.21472e-7 0 1 -1.74352e-6 0 1 7.82808e-7 0 1 1.46672e-7 0 1 0 0 1 5.32019e-7 0 1 -5.90638e-7 0 1 9.27785e-7 0 1 4.64753e-6 0 1 1.55736e-6 0 1 -1.87959e-6 0 1 1.57175e-6 0 1 -2.13909e-6 0 1 1.98602e-6 0 1 -9.27785e-7 0 1 0 0 1 -1.47317e-7 0 1 3.07458e-7 0 1 9.46683e-7 0 1 -3.22327e-7 0 1 -1.21236e-6 0 1 -5.0622e-7 0 1 -3.09728e-6 0 1 1.66252e-6 0 1 0 0 1 2.13909e-6 0 1 -2.3198e-6 0 1 1.78374e-6 0 1 -3.09743e-6 0 1 2.93083e-6 0 1 1.52006e-7 0 1 0 0 1 0 0 1 2.99976e-7 0 1 1.21595e-6 0 1 -1.23713e-6 0 1 7.1076e-7 0 1 0 0 1 1.0296e-6 0 1 6.79244e-6 0 1 1.74276e-6 0 1 -2.96015e-6 0 1 1.2868e-6 0 1 -8.74664e-7 0 1 -1.8544e-7 0 1 -1.16798e-6 0 1 -2.4611e-7 0 1 -3.4864e-7 0 1 -1.98621e-6 0 1 1.58338e-7 0 1 -2.44455e-7 0 1 -1.969e-6 0 1 2.34973e-7 0 1 -5.91576e-6 0 1 -2.53344e-6 0 1 1.39447e-6 0 1 -1.16157e-6 0 1 2.26023e-6 0 1 -1.97329e-6 0 1 -1.00096e-5 0 1 -4.05003e-6 0 1 1.67975e-6 0 1 0 0 1 -1.66711e-7 0 1 0 0 1 2.63114e-6 0 1 -2.05847e-6 0 1 1.85559e-6 0 1 7.24841e-7 0 1 0 0 1 -1.44985e-7 0 1 0 0 1 1.26584e-6 0 1 1.74367e-6 0 1 0 0 1 1.47317e-7 0 1 3.23901e-7 0 1 3.15912e-7 0 1 -2.31953e-7 0 1 1.73679e-6 0 1 -1.96888e-6 0 1 -7.06285e-7 0 1 -4.28474e-7 0 1 0 0 1 0 0 1 0 0 1 6.20659e-7 0 1 -1.64738e-6 0 1 -6.53247e-7 0 1 1.37884e-6 0 1 0 0 1 1.66711e-7 0 1 1.34365e-5 0 1 -1.33833e-5 0 1 1.20873e-6 0 1 -1.89335e-7 0 1 5.2932e-7 0 1 -5.283e-7 0 1 7.75877e-7 0 1 0 0 1 8.10215e-6 0 1 2.00321e-5 0 1 2.31953e-7 0 1 -4.64684e-6 0 1 2.93225e-6 0 1 -5.13701e-7 0 1 0 0 1 -8.68393e-7 0 1 0 0 1 -1.46624e-6 0 1 0 0 1 1.39373e-7 0 1 -2.7006e-7 0 1 8.16673e-7 0 1 0 0 1 -4.3801e-7 0 1 1.00482e-6 0 1 -5.41857e-7 0 1 3.95578e-7 -0.06897383 0 -0.9976185 -0.1399503 0 -0.9901586 -0.2748806 0 -0.9614785 -0.2748833 0 -0.9614776 -0.3427579 0 -0.9394238 0.1399503 0 -0.9901586 0.06897383 0 -0.9976185 0.3427579 0 -0.9394238 0.2748833 0 -0.9614776 0.2748806 0 -0.9614785 0.5305868 0 -0.8476306 0.5305847 0 -0.847632 0.468778 0 -0.883316 0.4687768 0 -0.8833166 0.6952234 0 -0.7187938 0.6421846 0 -0.76655 0.6421855 0 -0.7665493 0.8294766 0 -0.5585417 0.829477 0 -0.5585409 0.7875267 0 -0.6162807 0.9310336 0 -0.3649336 0.9310335 0 -0.3649339 0.9174189 0 -0.3979228 0.9174194 0 -0.3979218 0.8984491 0 -0.439078 0.984944 0 -0.1728743 0.9701054 0 -0.242684 0.9993631 0 0.03568536 0.9993631 0 -0.03568536 0.9701054 0 0.242684 0.984944 0 0.1728743 0.8984491 0 0.439078 0.9274783 0 0.3738772 0.7875267 0 0.6162807 0.829477 0 0.5585409 0.8294766 0 0.5585417 0.6421855 0 0.7665493 0.6421846 0 0.76655 0.6952234 0 0.7187938 -0.04361844 0 0.9990483 -0.04362118 0 0.9990482 -0.1305283 0 0.9914447 -0.1305255 0 0.991445 -0.2164393 0 0.9762961 -0.2164407 0 0.9762958 -0.3007063 0 0.9537169 -0.3007088 0 0.953716 -0.3826796 0 0.9238811 -0.3826808 0 0.9238807 -0.4617486 0 0.8870109 -0.4617474 0 0.8870115 -0.5373035 0 0.843389 -0.5373015 0 0.8433904 -0.6087591 0 0.7933553 -0.6087616 0 0.7933532 -0.6755884 0 0.737279 -0.6755892 0 0.7372783 -0.737281 0 0.6755863 -0.7372803 0 0.6755869 -0.7933528 0 0.6087622 -0.8433929 0 0.5372976 -0.8433927 0 0.5372979 -0.8870111 0 0.4617482 -0.8870116 0 0.4617474 -0.9238746 0 0.3826955 -0.953721 0 0.3006932 -0.9537209 0 0.3006934 -0.9762941 0 0.2164486 -0.9762941 0 0.2164485 -0.9914441 0 0.130532 -0.9990488 0 0.04360753 -0.9990488 0 -0.04360753 -0.9990488 0 -0.04360753 -0.9914441 0 -0.130532 -0.9914441 0 -0.130532 -0.9762941 0 -0.2164487 -0.9762941 0 -0.2164485 -0.9537209 0 -0.3006934 -0.953721 0 -0.3006932 -0.9238746 0 -0.3826955 -0.9238747 0 -0.3826953 -0.8870113 0 -0.461748 -0.8433927 0 -0.5372979 -0.8433933 0 -0.537297 -0.7933523 0 -0.6087629 -0.7933528 0 -0.6087622 -0.737281 0 -0.6755863 -0.7372803 0 -0.6755869 -0.6755892 0 -0.7372783 -0.6087599 0 -0.7933546 -0.6087591 0 -0.7933553 -0.5373015 0 -0.8433904 -0.5373035 0 -0.843389 -0.4617474 0 -0.8870115 -0.4617496 0 -0.8870104 -0.3826796 0 -0.9238811 -0.382682 0 -0.9238802 -0.3007063 0 -0.9537169 -0.3007075 0 -0.9537164 -0.2164393 0 -0.9762961 -0.216442 0 -0.9762955 -0.1305255 0 -0.991445 -0.04362118 0 -0.9990482 -0.04361981 0 -0.9990482 0.04361903 0 -0.9990482 0.04362046 0 -0.9990482 0.1305255 0 -0.991445 0.216442 0 -0.9762955 0.2164393 0 -0.9762961 0.3007075 0 -0.9537164 0.3007063 0 -0.9537169 0.382682 0 -0.9238802 0.3826796 0 -0.9238811 0.4617496 0 -0.8870104 0.4617474 0 -0.8870115 0.5373035 0 -0.843389 0.5373015 0 -0.8433904 0.6087591 0 -0.7933553 0.6087599 0 -0.7933546 0.6755892 0 -0.7372783 0.7372803 0 -0.6755869 0.737281 0 -0.6755863 0.7933528 0 -0.6087622 0.7933523 0 -0.6087629 0.8433933 0 -0.537297 0.8433927 0 -0.5372979 0.8870113 0 -0.461748 0.9238808 0 -0.3826807 0.9238806 0 -0.3826809 0.953716 0 -0.3007087 0.953716 0 -0.3007089 0.9762941 0 -0.2164485 0.9762941 0 -0.2164487 0.9914463 0 -0.1305152 0.9914464 0 -0.1305153 0.9990481 0 -0.04362457 0.9990481 0 -0.04362457 0.9990481 0 0.04362457 0.9914464 0 0.1305153 0.9762941 0 0.2164485 0.9762941 0 0.2164486 0.953716 0 0.3007089 0.953716 0 0.3007087 0.9238806 0 0.3826809 0.8870116 0 0.4617474 0.8870111 0 0.4617482 0.8433927 0 0.5372979 0.8433929 0 0.5372976 0.7933528 0 0.6087622 0.7372803 0 0.6755869 0.737281 0 0.6755863 0.6755892 0 0.7372783 0.6755884 0 0.737279 0.6087616 0 0.7933532 0.6087591 0 0.7933553 0.5373015 0 0.8433904 0.5373035 0 0.843389 0.4617474 0 0.8870115 0.4617486 0 0.8870109 0.3826808 0 0.9238807 0.3826796 0 0.9238811 0.3007088 0 0.953716 0.3007063 0 0.9537169 0.2164407 0 0.9762958 0.2164393 0 0.9762961 0.1305255 0 0.991445 0.1305283 0 0.9914447 0.04362046 0 0.9990482 0.04361766 0 0.9990484 0.07839906 0 0.9969221 -0.007322788 0 0.9999732 -0.09300804 0 0.9956654 -0.09299868 0 0.9956663 -0.1779785 0 0.9840344 -0.1779968 0 0.9840311 -0.2616755 0 0.965156 -0.3434203 0 0.9391819 -0.42265 0 0.9062929 -0.4226578 0 0.9062893 -0.4987581 0 0.8667414 -0.4987651 0 0.8667372 -0.5712285 0 0.8207913 -0.5712348 0 0.8207867 -0.6394535 0 0.7688298 -0.7030016 0 0.7111883 -0.7029969 0 0.711193 -0.7613598 0 0.6483297 -0.7613558 0 0.6483344 -0.8141308 0 0.5806815 -0.8609047 0 0.5087664 -0.9013264 0 0.4331406 -0.9351405 0 0.3542771 -0.9351394 0 0.3542803 -0.9620606 0 0.2728357 -0.9620599 0 0.2728382 -0.9819053 0 0.1893726 -0.9819055 0 0.1893718 -0.9945235 0 0.1045143 -0.9945234 0 0.1045153 -0.9998208 0 0.01893419 -0.9977631 0 -0.06684905 -0.9883593 0 -0.1521384 -0.9883592 0 -0.1521391 -0.9716938 0 -0.2362442 -0.9716935 0 -0.2362452 -0.9478659 0 -0.3186696 -0.9478669 0 -0.3186667 -0.9170612 0 -0.3987469 -0.9170618 0 -0.3987451 -0.8795273 0 -0.4758484 -0.835497 0 -0.5494952 -0.8354955 0 -0.5494974 -0.7853366 0 -0.619069 -0.7293917 0 -0.6840963 -0.7293939 0 -0.684094 -0.6680641 0 -0.7441039 -0.6680693 0 -0.7440991 -0.6018529 0 -0.7986071 -0.5311824 0 -0.8472576 -0.4566264 0 -0.8896586 -0.3786929 0 -0.9255224 -0.2979735 0 -0.9545742 -0.2979778 0 -0.9545729 -0.2150736 0 -0.9765979 -0.1305824 0 -0.9914375 -0.1305778 0 -0.9914382 0.2839701 0 0.9588332 0.2839527 0 0.9588384 0.2007529 0 0.979642 0.2007348 0 0.9796456 0.1160329 0 0.9932455 0.03051632 0 0.9995343 0.03047865 0 0.9995355 -0.05528253 0 0.9984708 -0.1406492 0 0.9900595 -0.2250133 0 0.9743558 -0.2249776 0 0.9743641 -0.3076587 0 0.9514968 -0.3880959 0 0.9216191 -0.3880798 0 0.9216258 -0.4656459 0 0.8849712 -0.4656163 0 0.8849867 -0.5397773 0 0.8418079 -0.5397907 0 0.8417993 -0.6099349 0 0.7924515 -0.6099231 0 0.7924606 -0.6756004 0 0.737268 -0.7363018 0 0.6766533 -0.7915897 0 0.6110532 -0.8410479 0 0.5409607 -0.8843082 0 0.4669038 -0.8843163 0 0.4668883 -0.9210708 0 0.3893954 -0.9510607 0 0.3090043 -0.9510625 0 0.3089988 -0.9740411 0 0.2263718 -0.9898574 0 0.1420654 -0.9898577 0 0.1420627 -0.9983904 0 0.05671578 -0.9995775 0 -0.02906721 -0.9934064 0 -0.1146467 -0.9934062 0 -0.1146488 -0.979927 0 -0.1993573 -0.9592382 0 -0.2825992 -0.9592396 0 -0.2825941 -0.9314883 0 -0.3637713 -0.9314858 0 -0.3637776 -0.896887 0 -0.44226 -0.8968833 0 -0.4422674 -0.8556944 0 -0.5174817 -0.8081658 0 -0.5889552 -0.8081724 0 -0.5889462 -0.7547447 0 -0.6560187 -0.6957197 0 -0.7183134 -0.6957294 0 -0.718304 -0.6316118 0 -0.7752849 -0.5628531 0 -0.826557 -0.562866 0 -0.8265483 -0.4899209 0 -0.8717669 -0.4134152 0 -0.9105426 -0.4134308 0 -0.9105355 -0.3338623 0 -0.9426219 0.4770963 0 0.8788511 0.4000462 0 0.9164951 0.3200047 0 0.9474161 0.3199709 0 0.9474274 0.2376437 0 0.9713524 0.2376793 0 0.9713437 0.1535039 0 0.988148 0.06826961 0 0.997667 -0.01749163 0 0.9998471 -0.1031004 0 0.994671 -0.1031377 0 0.9946672 -0.1879581 0 0.9821771 -0.1879944 0 0.9821701 -0.271462 0 0.9624491 -0.3529542 0 0.9356406 -0.3529872 0 0.9356282 -0.4318237 0 0.9019581 -0.4318543 0 0.9019434 -0.5075657 0 0.861613 -0.5795211 0 0.8149572 -0.6472495 0 0.7622782 -0.7101827 0 0.7040175 -0.7679215 0 0.640544 -0.767906 0 0.6405625 -0.8199934 0 0.5723729 -0.8660241 0 0.5000024 -0.8660147 0 0.5000187 -0.9056891 0 0.4239426 -0.9386938 0 0.3447523 -0.9647843 0 0.2630425 -0.9647817 0 0.2630521 -0.9837783 0 0.179389 -0.9837794 0 0.1793823 -0.9955332 0 0.0944131 -0.9955338 0 0.094406 -0.9999618 0 0.008743345 -0.9999618 0 0.008743703 -0.9970329 0 -0.07697743 -0.9970325 0 -0.07698321 -0.986766 0 -0.1621515 -0.9867639 0 -0.1621636 -0.9692399 0 -0.2461181 -0.9445711 0 -0.3283068 -0.9129783 0 -0.4080082 -0.912972 0 -0.4080222 -0.8746256 0 -0.4847992 -0.8746345 0 -0.4847832 -0.8298826 0 -0.557938 -0.8298709 0 -0.5579555 -0.7790018 0 -0.6270217 -0.7789869 0 -0.6270402 -0.7223954 0 -0.6914803 -0.6605167 0 -0.7508113 -0.6604742 0 -0.7508488 -0.5936865 0 -0.8046966 -0.5225511 0 -0.852608 -0.5225237 0 -0.8526248 0.6494097 0 0.7604388 0.6494315 0 0.7604202 0.5818005 0 0.8133316 0.5818753 0 0.813278 0.5099473 0 0.8602057 0.5100031 0 0.8601726 0.4343922 0 0.9007239 0.4344534 0 0.9006944 0.3555646 0 0.9346518 0.3556634 0 0.9346142 0.2742067 0 0.9616708 0.2741718 0 0.9616807 0.1907863 0 0.9816316 0.1907499 0 0.9816387 0.1059671 0 0.9943696 0.1058926 0 0.9943776 0.02031844 0 0.9997936 0.02039378 0 0.999792 -0.06544333 0 0.9978563 -0.1507136 0 0.9885776 -0.2348503 0 0.9720316 -0.2349215 0 0.9720144 -0.3173038 0 0.948324 -0.3974352 0 0.9176303 -0.4746434 0 0.8801782 -0.474585 0 0.8802098 -0.5483259 0 0.8362647 -0.5482732 0 0.8362994 -0.6179683 0 0.7862032 -0.617945 0 0.7862215 -0.6830691 0 0.7303538 -0.7431383 0 0.669138 -0.7431552 0 0.6691192 -0.7977433 0 0.6029972 -0.8465083 0 0.5323756 -0.8890112 0 0.4578856 -0.8890191 0 0.4578703 -0.9249792 0 0.380018 -0.9249846 0 0.3800047 -0.954147 0 0.2993387 -0.9541503 0 0.2993279 -0.9762969 0 0.2164359 -0.9762951 0 0.2164439 -0.9912518 0 0.1319851 -0.9912504 0 0.131995 -0.9989158 0 0.04655283 -0.9989158 0 0.04655462 -0.9992303 0 -0.03922879 -0.9921916 0 -0.124723 -0.9778542 0 -0.2092876 -0.9778526 0 -0.2092953 -0.9563102 0 -0.2923541 -0.9277485 0 -0.3732061 -0.9277432 0 -0.3732192 -0.8923501 0 -0.451344 -0.8923425 0 -0.4513592 -0.8503806 0 -0.5261681 -0.8021526 0 -0.5971192 -0.748019 0 -0.6636773 -0.7480357 0 -0.6636586 -0.6883993 0 -0.725332 0.7932983 0 0.6088333 0.7933263 0 0.6087968 0.7382248 0 0.6745548 0.738242 0 0.6745361 0.6776837 0 0.7353535 0.6121689 0 0.7907271 0.6121924 0 0.7907089 0.5421621 0 0.8402739 0.5421887 0 0.8402568 0.4681326 0 0.8836582 0.4681621 0 0.8836427 0.390724 0 0.920508 0.39066 0 0.9205351 0.3103604 0 0.9506191 0.2277321 0 0.9737239 0.2278036 0 0.9737071 0.1434744 0 0.9896541 0.1434375 0 0.9896594 0.0580542 0 0.9983135 0.05812937 0 0.9983091 -0.0276696 0 0.9996172 -0.02759426 0 0.9996193 -0.1132048 0 0.9935717 -0.1979848 0 0.9802051 -0.1979486 0 0.9802124 -0.2812569 0 0.9596325 -0.2812221 0 0.9596427 -0.3624241 0 0.9320133 -0.3624568 0 0.9320006 -0.4409788 0 0.8975176 -0.4410091 0 0.8975026 -0.5162708 0 0.8564255 -0.5162984 0 0.8564088 -0.5877773 0 0.8090228 -0.5878019 0 0.8090049 -0.6549559 0 0.7556672 -0.7173033 0 0.6967611 -0.7173216 0 0.6967422 -0.774371 0 0.6327319 -0.7744012 0 0.6326949 -0.825773 0 0.5640027 -0.825761 0 0.5640203 -0.8710535 0 0.4911882 -0.8710718 0 0.491156 -0.9099541 0 0.4147092 -0.9421535 0 0.335182 -0.9421449 0 0.3352057 -0.9674063 0 0.2532293 -0.9855509 0 0.1693796 -0.985552 0 0.1693733 -0.9964412 0 0.08429139 -0.9999991 0 -0.00141865 -0.999999 0 -0.00141859 -0.9961972 0 -0.08712702 -0.9850655 0 -0.1721808 -0.9850665 0 -0.1721744 -0.9666863 0 -0.2559642 -0.9666888 0 -0.2559549 -0.9411896 0 -0.3378792 -0.9411939 0 -0.3378672 -0.9087781 0 -0.4172798 -0.908765 0 -0.4173084 -0.8696698 0 -0.4936341 -0.8241377 0 -0.5663897 -0.8241739 0 -0.5663368 0.9025568 0 0.430571 0.8623445 0 0.5063221 0.8157687 0 0.5783784 0.7631806 0 0.6461854 0.763212 0 0.6461482 0.7050129 0 0.7091946 0.6416622 0 0.7669875 0.5735352 0 0.819181 0.536352 0 0.8439944 0.5379748 0 0.8429609 0.4999499 0 0.8660543 0.5000085 0 0.8660206 0.4252219 0 0.9050892 0.4252836 0 0.9050602 0.346064 0 0.9382109 0.2644769 0 0.9643921 0.2643367 0 0.9644306 0.1807951 0 0.9835208 0.09582662 0 0.9953981 0.01017814 0 0.9999482 0.01010274 0 0.999949 -0.07554602 0 0.9971424 -0.160814 0 0.9869848 -0.1607406 0 0.9869968 -0.2447319 0 0.9695909 -0.3269799 0 0.9450314 -0.3269125 0 0.9450547 -0.4066861 0 0.9135681 -0.406749 0 0.91354 -0.4835721 0 0.8753045 -0.5567263 0 0.830696 -0.5567783 0 0.8306611 -0.6259263 0 0.7798822 -0.6904559 0 0.7233746 -0.6904164 0 0.7234122 -0.7499263 0 0.6615214 -0.8038429 0 0.5948418 -0.8038161 0 0.5948779 -0.8518763 0 0.5237431 -0.8936278 0 0.4488088 -0.8936127 0 0.4488391 -0.9288041 0 0.3705711 -0.9287937 0 0.3705971 -0.9571421 0 0.2896189 -0.9784425 0 0.2065196 -0.9784393 0 0.2065349 -0.9925439 0 0.1218879 -0.9925417 0 0.1219062 -0.9993372 0 0.03640586 -0.999337 0 0.0364086 -0.9987797 0 -0.04938888 -0.9987795 0 -0.04939264 -0.9908738 0 -0.1347932 -0.9908724 0 -0.1348032 -0.9756725 0 -0.2192334 -0.9532957 0 -0.3020388 -0.9239021 0 -0.3826292 -0.9238966 0 -0.3826425 0.9723569 0 0.2334995 0.9487668 0 0.3159773 0.9181886 0 0.3961436 0.9182005 0 0.3961161 0.8808595 0 0.4733778 0.8808764 0 0.4733464 0.8370737 0 0.5470902 0.8370512 0 0.5471248 0.7870711 0 0.6168623 0.7870998 0 0.6168257 0.7312893 0 0.6820675 0.7313595 0 0.6819922 0.6702253 0 0.7421578 0.6701837 0 0.7421953 0.6040772 0 0.7969259 0.604125 0 0.7968896 0.5335726 0 0.8457544 0.4591507 0 0.8883585 0.3812775 0 0.9244608 0.3813418 0 0.9244342 0.3006733 0 0.9537273 0.2178879 0 0.9759739 0.1332986 0 0.9910759 0.1334467 0 0.991056 0.04795098 0 0.9988497 -0.03777247 0 0.9992864 -0.03784775 0 0.9992835 -0.1232703 0 0.9923731 -0.1233446 0 0.9923639 -0.2079368 0 0.9781423 -0.2078647 0 0.9781576 -0.2910187 0 0.9567174 -0.2909497 0 0.9567384 -0.3719161 0 0.9282664 -0.4500434 0 0.8930068 -0.4501035 0 0.8929764 -0.5249671 0 0.8511226 -0.5959891 0 0.8029925 -0.5959405 0 0.8030287 -0.6626265 0 0.74895 -0.7243351 0 0.6894482 -0.7243709 0 0.6894105 -0.7807806 0 0.6248054 -0.7807511 0 0.6248422 -0.831453 0 0.5555951 -0.8760262 0 0.4822637 -0.8760086 0 0.4822955 -0.9141289 0 0.4054236 -0.9141166 0 0.4054516 -0.9455061 0 0.3256045 -0.9699292 0 0.2433871 -0.9699338 0 0.2433693 -0.9872223 0 0.15935 -0.997247 0 0.07415229 -0.9972474 0 0.07414668 -0.999933 0 -0.01158118 -0.999933 0 -0.01158028 -0.9952604 0 -0.09724599 -0.9952611 0 -0.09723865 -0.9832668 0 -0.182172 0.9996559 0 0.02623367 0.9996558 0 0.02623564 0.99373 0 0.1118065 0.9937291 0 0.1118149 0.980491 0 0.1965641 0.9600335 0 0.2798852 0.9600394 0 0.279865 0.9325127 0 0.3611375 0.9325224 0 0.3611121 0.8981442 0 0.4397012 0.8981297 0 0.439731 0.8571507 0 0.5150658 0.8098368 0 0.5866554 0.8098627 0 0.5866196 0.7565894 0 0.6538904 0.7566215 0 0.6538531 0.6977725 0 0.7163195 0.6977338 0 0.7163572 0.6338285 0 0.7734737 0.6337834 0 0.7735106 0.5652179 0 0.8249416 0.5651665 0 0.8249769 0.4924021 0 0.8703678 0.4160217 0 0.9093547 0.3364907 0 0.9416868 0.3365575 0 0.9416629 0.2546058 0 0.967045 0.1707684 0 0.9853113 0.08572322 0 0.9963191 0.08564835 0 0.9963255 0 0 1 -0.08564835 0 0.9963255 -0.08572322 0 0.9963191 -0.1707684 0 0.9853113 -0.2546058 0 0.967045 -0.3365575 0 0.9416629 -0.3364907 0 0.9416868 -0.4160217 0 0.9093547 -0.4924021 0 0.8703678 -0.5651665 0 0.8249769 -0.5652179 0 0.8249416 -0.6337834 0 0.7735106 -0.6338285 0 0.7734737 -0.6977338 0 0.7163572 -0.6977725 0 0.7163195 -0.7566215 0 0.6538531 -0.7565894 0 0.6538904 -0.8098627 0 0.5866196 -0.8098368 0 0.5866554 -0.8571507 0 0.5150658 -0.8981297 0 0.439731 -0.8981442 0 0.4397012 -0.9325224 0 0.3611121 -0.9325127 0 0.3611375 -0.9600394 0 0.279865 -0.9600335 0 0.2798852 -0.980491 0 0.1965641 -0.9937291 0 0.1118149 -0.99373 0 0.1118065 -0.9996558 0 0.02623564 -0.9996559 0 0.02623367 0.9832668 0 -0.182172 0.9952611 0 -0.09723865 0.9952604 0 -0.09724599 0.999933 0 -0.01158028 0.999933 0 -0.01158118 0.9972474 0 0.07414668 0.997247 0 0.07415229 0.9872223 0 0.15935 0.9699338 0 0.2433693 0.9699292 0 0.2433871 0.9455061 0 0.3256045 0.9141166 0 0.4054516 0.9141289 0 0.4054236 0.8760086 0 0.4822955 0.8760262 0 0.4822637 0.831453 0 0.5555951 0.7807511 0 0.6248422 0.7807806 0 0.6248054 0.7243709 0 0.6894105 0.7243351 0 0.6894482 0.6626265 0 0.74895 0.5959405 0 0.8030287 0.5959891 0 0.8029925 0.5249671 0 0.8511226 0.4501035 0 0.8929764 0.4500434 0 0.8930068 0.3719161 0 0.9282664 0.2909497 0 0.9567384 0.2910187 0 0.9567174 0.2078647 0 0.9781576 0.2079368 0 0.9781423 0.1233446 0 0.9923639 0.1232703 0 0.9923731 0.03784775 0 0.9992835 0.03777247 0 0.9992864 -0.04795098 0 0.9988497 -0.1334467 0 0.991056 -0.1332986 0 0.9910759 -0.2178879 0 0.9759739 -0.3006733 0 0.9537273 -0.3813418 0 0.9244342 -0.3812775 0 0.9244608 -0.4591507 0 0.8883585 -0.5335726 0 0.8457544 -0.604125 0 0.7968896 -0.6040772 0 0.7969259 -0.6701837 0 0.7421953 -0.6702253 0 0.7421578 -0.7313595 0 0.6819922 -0.7312893 0 0.6820675 -0.7870998 0 0.6168257 -0.7870711 0 0.6168623 -0.8370512 0 0.5471248 -0.8370737 0 0.5470902 -0.8808764 0 0.4733464 -0.8808595 0 0.4733778 -0.9182005 0 0.3961161 -0.9181886 0 0.3961436 -0.9487668 0 0.3159773 -0.9723569 0 0.2334995 0.3338623 0 -0.9426219 0.4134308 0 -0.9105355 0.4134152 0 -0.9105426 0.4899209 0 -0.8717669 0.562866 0 -0.8265483 0.5628531 0 -0.826557 0.6316118 0 -0.7752849 0.6957294 0 -0.718304 0.6957197 0 -0.7183134 0.7547447 0 -0.6560187 0.8081724 0 -0.5889462 0.8081658 0 -0.5889552 0.8556944 0 -0.5174817 0.8968833 0 -0.4422674 0.896887 0 -0.44226 0.9314858 0 -0.3637776 0.9314883 0 -0.3637713 0.9592396 0 -0.2825941 0.9592382 0 -0.2825992 0.979927 0 -0.1993573 0.9934062 0 -0.1146488 0.9934064 0 -0.1146467 0.9995775 0 -0.02906721 0.9983904 0 0.05671578 0.9898577 0 0.1420627 0.9898574 0 0.1420654 0.9740411 0 0.2263718 0.9510625 0 0.3089988 0.9510607 0 0.3090043 0.9210708 0 0.3893954 0.8843163 0 0.4668883 0.8843082 0 0.4669038 0.8410479 0 0.5409607 0.7915897 0 0.6110532 0.7363018 0 0.6766533 0.6756004 0 0.737268 0.6099231 0 0.7924606 0.6099349 0 0.7924515 0.5397907 0 0.8417993 0.5397773 0 0.8418079 0.4656163 0 0.8849867 0.4656459 0 0.8849712 0.3880798 0 0.9216258 0.3880959 0 0.9216191 0.3076587 0 0.9514968 0.2249776 0 0.9743641 0.2250133 0 0.9743558 0.1406492 0 0.9900595 0.05528253 0 0.9984708 -0.03047865 0 0.9995355 -0.03051632 0 0.9995343 -0.1160329 0 0.9932455 -0.2007348 0 0.9796456 -0.2007529 0 0.979642 -0.2839527 0 0.9588384 -0.2839701 0 0.9588332 0.1305778 0 -0.9914382 0.1305824 0 -0.9914375 0.2150736 0 -0.9765979 0.2979778 0 -0.9545729 0.2979735 0 -0.9545742 0.3786929 0 -0.9255224 0.4566264 0 -0.8896586 0.5311824 0 -0.8472576 0.6018529 0 -0.7986071 0.6680693 0 -0.7440991 0.6680641 0 -0.7441039 0.7293939 0 -0.684094 0.7293917 0 -0.6840963 0.7853366 0 -0.619069 0.8354955 0 -0.5494974 0.835497 0 -0.5494952 0.8795273 0 -0.4758484 0.9170618 0 -0.3987451 0.9170612 0 -0.3987469 0.9478669 0 -0.3186667 0.9478659 0 -0.3186696 0.9716935 0 -0.2362452 0.9716938 0 -0.2362442 0.9883592 0 -0.1521391 0.9883593 0 -0.1521384 0.9977631 0 -0.06684905 0.9998208 0 0.01893419 0.9945234 0 0.1045153 0.9945235 0 0.1045143 0.9819055 0 0.1893718 0.9819053 0 0.1893726 0.9620599 0 0.2728382 0.9620606 0 0.2728357 0.9351394 0 0.3542803 0.9351405 0 0.3542771 0.9013264 0 0.4331406 0.8609047 0 0.5087664 0.8141308 0 0.5806815 0.7613558 0 0.6483344 0.7613598 0 0.6483297 0.7029969 0 0.711193 0.7030016 0 0.7111883 0.6394535 0 0.7688298 0.5712348 0 0.8207867 0.5712285 0 0.8207913 0.4987651 0 0.8667372 0.4987581 0 0.8667414 0.4226578 0 0.9062893 0.42265 0 0.9062929 0.3434203 0 0.9391819 0.2616755 0 0.965156 0.1779968 0 0.9840311 0.1779785 0 0.9840344 0.09299868 0 0.9956663 0.09300804 0 0.9956654 0.007322788 0 0.9999732 -0.07839906 0 0.9969221 0.5225237 0 -0.8526248 0.5225511 0 -0.852608 0.5936865 0 -0.8046966 0.6604742 0 -0.7508488 0.6605167 0 -0.7508113 0.7223954 0 -0.6914803 0.7789869 0 -0.6270402 0.7790018 0 -0.6270217 0.8298709 0 -0.5579555 0.8298826 0 -0.557938 0.8746345 0 -0.4847832 0.8746256 0 -0.4847992 0.912972 0 -0.4080222 0.9129783 0 -0.4080082 0.9445711 0 -0.3283068 0.9692399 0 -0.2461181 0.9867639 0 -0.1621636 0.986766 0 -0.1621515 0.9970325 0 -0.07698321 0.9970329 0 -0.07697743 0.9999618 0 0.008743703 0.9999618 0 0.008743345 0.9955338 0 0.094406 0.9955332 0 0.0944131 0.9837794 0 0.1793823 0.9837783 0 0.179389 0.9647817 0 0.2630521 0.9647843 0 0.2630425 0.9386938 0 0.3447523 0.9056891 0 0.4239426 0.8660147 0 0.5000187 0.8660241 0 0.5000024 0.8199934 0 0.5723729 0.767906 0 0.6405625 0.7679215 0 0.640544 0.7101827 0 0.7040175 0.6472495 0 0.7622782 0.5795211 0 0.8149572 0.5075657 0 0.861613 0.4318543 0 0.9019434 0.4318237 0 0.9019581 0.3529872 0 0.9356282 0.3529542 0 0.9356406 0.271462 0 0.9624491 0.1879944 0 0.9821701 0.1879581 0 0.9821771 0.1031377 0 0.9946672 0.1031004 0 0.994671 0.01749163 0 0.9998471 -0.06826961 0 0.997667 -0.1535039 0 0.988148 -0.2376793 0 0.9713437 -0.2376437 0 0.9713524 -0.3199709 0 0.9474274 -0.3200047 0 0.9474161 -0.4000462 0 0.9164951 -0.4770963 0 0.8788511 0.6883993 0 -0.725332 0.7480357 0 -0.6636586 0.748019 0 -0.6636773 0.8021526 0 -0.5971192 0.8503806 0 -0.5261681 0.8923425 0 -0.4513592 0.8923501 0 -0.451344 0.9277432 0 -0.3732192 0.9277485 0 -0.3732061 0.9563102 0 -0.2923541 0.9778526 0 -0.2092953 0.9778542 0 -0.2092876 0.9921916 0 -0.124723 0.9992303 0 -0.03922879 0.9989158 0 0.04655462 0.9989158 0 0.04655283 0.9912504 0 0.131995 0.9912518 0 0.1319851 0.9762951 0 0.2164439 0.9762969 0 0.2164359 0.9541503 0 0.2993279 0.954147 0 0.2993387 0.9249846 0 0.3800047 0.9249792 0 0.380018 0.8890191 0 0.4578703 0.8890112 0 0.4578856 0.8465083 0 0.5323756 0.7977433 0 0.6029972 0.7431552 0 0.6691192 0.7431383 0 0.669138 0.6830691 0 0.7303538 0.617945 0 0.7862215 0.6179683 0 0.7862032 0.5482732 0 0.8362994 0.5483259 0 0.8362647 0.474585 0 0.8802098 0.4746434 0 0.8801782 0.3974352 0 0.9176303 0.3173038 0 0.948324 0.2349215 0 0.9720144 0.2348503 0 0.9720316 0.1507136 0 0.9885776 0.06544333 0 0.9978563 -0.02039378 0 0.999792 -0.02031844 0 0.9997936 -0.1058926 0 0.9943776 -0.1059671 0 0.9943696 -0.1907499 0 0.9816387 -0.1907863 0 0.9816316 -0.2741718 0 0.9616807 -0.2742067 0 0.9616708 -0.3556634 0 0.9346142 -0.3555646 0 0.9346518 -0.4344534 0 0.9006944 -0.4343922 0 0.9007239 -0.5100031 0 0.8601726 -0.5099473 0 0.8602057 -0.5818753 0 0.813278 -0.5818005 0 0.8133316 -0.6494315 0 0.7604202 -0.6494097 0 0.7604388 0.8241739 0 -0.5663368 0.8241377 0 -0.5663897 0.8696698 0 -0.4936341 0.908765 0 -0.4173084 0.9087781 0 -0.4172798 0.9411939 0 -0.3378672 0.9411896 0 -0.3378792 0.9666888 0 -0.2559549 0.9666863 0 -0.2559642 0.9850665 0 -0.1721744 0.9850655 0 -0.1721808 0.9961972 0 -0.08712702 0.999999 0 -0.00141859 0.9999991 0 -0.00141865 0.9964412 0 0.08429139 0.985552 0 0.1693733 0.9855509 0 0.1693796 0.9674063 0 0.2532293 0.9421449 0 0.3352057 0.9421535 0 0.335182 0.9099541 0 0.4147092 0.8710718 0 0.491156 0.8710535 0 0.4911882 0.825761 0 0.5640203 0.825773 0 0.5640027 0.7744012 0 0.6326949 0.774371 0 0.6327319 0.7173216 0 0.6967422 0.7173033 0 0.6967611 0.6549559 0 0.7556672 0.5878019 0 0.8090049 0.5877773 0 0.8090228 0.5162984 0 0.8564088 0.5162708 0 0.8564255 0.4410091 0 0.8975026 0.4409788 0 0.8975176 0.3624568 0 0.9320006 0.3624241 0 0.9320133 0.2812221 0 0.9596427 0.2812569 0 0.9596325 0.1979486 0 0.9802124 0.1979848 0 0.9802051 0.1132048 0 0.9935717 0.02759426 0 0.9996193 0.0276696 0 0.9996172 -0.05812937 0 0.9983091 -0.0580542 0 0.9983135 -0.1434375 0 0.9896594 -0.1434744 0 0.9896541 -0.2278036 0 0.9737071 -0.2277321 0 0.9737239 -0.3103604 0 0.9506191 -0.39066 0 0.9205351 -0.390724 0 0.920508 -0.4681621 0 0.8836427 -0.4681326 0 0.8836582 -0.5421887 0 0.8402568 -0.5421621 0 0.8402739 -0.6121924 0 0.7907089 -0.6121689 0 0.7907271 -0.6776837 0 0.7353535 -0.738242 0 0.6745361 -0.7382248 0 0.6745548 -0.7933263 0 0.6087968 -0.7932983 0 0.6088333 0.9238966 0 -0.3826425 0.9239021 0 -0.3826292 0.9532957 0 -0.3020388 0.9756725 0 -0.2192334 0.9908724 0 -0.1348032 0.9908738 0 -0.1347932 0.9987795 0 -0.04939264 0.9987797 0 -0.04938888 0.999337 0 0.0364086 0.9993372 0 0.03640586 0.9925417 0 0.1219062 0.9925439 0 0.1218879 0.9784393 0 0.2065349 0.9784425 0 0.2065196 0.9571421 0 0.2896189 0.9287937 0 0.3705971 0.9288041 0 0.3705711 0.8936127 0 0.4488391 0.8936278 0 0.4488088 0.8518763 0 0.5237431 0.8038161 0 0.5948779 0.8038429 0 0.5948418 0.7499263 0 0.6615214 0.6904164 0 0.7234122 0.6904559 0 0.7233746 0.6259263 0 0.7798822 0.5567783 0 0.8306611 0.5567263 0 0.830696 0.4835721 0 0.8753045 0.406749 0 0.91354 0.4066861 0 0.9135681 0.3269125 0 0.9450547 0.3269799 0 0.9450314 0.2447319 0 0.9695909 0.1607406 0 0.9869968 0.160814 0 0.9869848 0.07554602 0 0.9971424 -0.01010274 0 0.999949 -0.01017814 0 0.9999482 -0.09582662 0 0.9953981 -0.1807951 0 0.9835208 -0.2643367 0 0.9644306 -0.2644769 0 0.9643921 -0.346064 0 0.9382109 -0.4252836 0 0.9050602 -0.4252219 0 0.9050892 -0.5012234 0 0.865318 -0.5735352 0 0.819181 -0.6416622 0 0.7669875 -0.7050129 0 0.7091946 -0.763212 0 0.6461482 -0.7631806 0 0.6461854 -0.8157687 0 0.5783784 -0.8623445 0 0.5063221 -0.9025568 0 0.430571 -0.04359185 0 0.9990495 -0.04361408 0 0.9990485 -0.1305308 0 0.9914444 -0.2164466 0 0.9762945 -0.2164677 0 0.9762898 -0.3006756 0 0.9537265 -0.3006958 0 0.9537201 -0.3826946 0 0.9238749 -0.3826756 0 0.9238828 -0.4617595 0 0.8870052 -0.5372942 0 0.843395 -0.6087691 0 0.7933475 -0.6087551 0 0.7933583 -0.6755875 0 0.7372798 -0.7372788 0 0.6755886 -0.7933518 0 0.6087636 -0.79336 0 0.6087529 -0.8433919 0 0.5372991 -0.8433854 0 0.5373091 -0.8870144 0 0.4617419 -0.8870096 0 0.4617511 -0.9238764 0 0.382691 -0.9238862 0 0.3826674 -0.9537139 0 0.3007156 -0.9537179 0 0.3007028 -0.9762954 0 0.2164429 -0.9762963 0 0.2164382 -0.9914449 0 0.1305264 -0.9990482 0 0.04361897 -0.9990482 0 0.04361993 -0.9990482 0 -0.04361897 -0.9990484 0 -0.04361802 -0.9914445 0 -0.1305293 -0.9914449 0 -0.1305264 -0.9762954 0 -0.2164429 -0.9762963 0 -0.2164382 -0.9537159 0 -0.3007092 -0.9537179 0 -0.3007028 -0.9238798 0 -0.3826832 -0.923883 0 -0.3826753 -0.8870096 0 -0.4617511 -0.8433919 0 -0.5372991 -0.7933436 0 -0.6087743 -0.79336 0 -0.6087529 -0.7372788 0 -0.6755886 -0.6755875 0 -0.7372798 -0.6087691 0 -0.7933475 -0.6087551 0 -0.7933583 -0.5372942 0 -0.843395 -0.4617419 0 -0.8870143 -0.4617595 0 -0.8870052 -0.3826756 0 -0.9238828 -0.3826946 0 -0.9238749 -0.3007161 0 -0.9537138 -0.3006958 0 -0.9537201 -0.2164466 0 -0.9762945 -0.130509 0 -0.9914472 -0.1305308 0 -0.9914444 -0.04361408 0 -0.9990485 -0.04363626 0 -0.9990476 0.04363626 0 -0.9990476 0.04361408 0 -0.9990485 0.1305308 0 -0.9914444 0.130509 0 -0.9914472 0.2164465 0 -0.9762945 0.3006958 0 -0.9537201 0.3007161 0 -0.9537138 0.3826947 0 -0.9238749 0.3826757 0 -0.9238827 0.4617595 0 -0.8870052 0.4617419 0 -0.8870143 0.5372942 0 -0.843395 0.6087551 0 -0.7933583 0.6087691 0 -0.7933475 0.6755872 0 -0.7372801 0.7372791 0 -0.6755884 0.79336 0 -0.6087529 0.7933436 0 -0.6087743 0.8433914 0 -0.5372998 0.8870101 0 -0.4617502 0.923883 0 -0.3826753 0.9238798 0 -0.3826832 0.9537179 0 -0.3007028 0.9537159 0 -0.3007092 0.9762963 0 -0.2164382 0.9762954 0 -0.2164429 0.9914449 0 -0.1305264 0.9914445 0 -0.1305293 0.9990484 0 -0.04361802 0.9990482 0 -0.04361897 0.9990482 0 0.04361993 0.9990482 0 0.04361897 0.9914449 0 0.1305264 0.9762963 0 0.2164382 0.9762954 0 0.2164429 0.9537179 0 0.3007028 0.9537139 0 0.3007156 0.9238862 0 0.3826674 0.9238764 0 0.382691 0.8870101 0 0.4617502 0.8870149 0 0.4617411 0.8433849 0 0.5373098 0.8433914 0 0.5372998 0.79336 0 0.6087529 0.7933518 0 0.6087636 0.7372791 0 0.6755884 0.6755872 0 0.7372801 0.6087551 0 0.7933583 0.6087691 0 0.7933475 0.5372942 0 0.843395 0.4617595 0 0.8870052 0.3826757 0 0.9238827 0.3826947 0 0.9238749 0.3006958 0 0.9537201 0.3006756 0 0.9537265 0.2164677 0 0.9762898 0.2164465 0 0.9762945 0.1305308 0 0.9914444 0.04361408 0 0.9990485 0.04359185 0 0.9990495 -0.04361921 0 0.9990482 -0.04362094 0 0.9990482 -0.1305241 0 0.9914451 -0.1305258 0 0.991445 -0.2164417 0 0.9762957 -0.2164384 0 0.9762963 -0.3007053 0 0.9537172 -0.3007068 0 0.9537167 -0.3826844 0 0.9238792 -0.3826829 0 0.9238798 -0.4617487 0 0.8870108 -0.4617474 0 0.8870115 -0.5373015 0 0.8433904 -0.537299 0 0.8433918 -0.6087604 0 0.7933542 -0.6087616 0 0.7933534 -0.67559 0 0.7372776 -0.7372782 0 0.6755893 -0.7372766 0 0.675591 -0.793354 0 0.6087605 -0.7933534 0 0.6087614 -0.8309179 0 0.5563951 -0.8309173 0 0.556396 -0.8543977 0 0.5196198 -0.8543964 0 0.519622 -0.8870111 0 0.4617483 -0.8870109 0 0.4617486 -0.9238795 0 0.3826838 -0.9238796 0 0.3826835 -0.953717 0 0.3007057 -0.9537169 0 0.3007058 -0.976296 0 0.2164399 -0.9762961 0 0.2164398 -0.991445 0 0.1305256 -0.991445 0 0.1305257 -0.9990482 0 0.04361933 -0.9990482 0 -0.04361933 -0.991445 0 -0.1305257 -0.991445 0 -0.1305256 -0.9762961 0 -0.2164398 -0.976296 0 -0.2164399 -0.9537169 0 -0.3007058 -0.953717 0 -0.3007057 -0.9238796 0 -0.3826835 -0.9238795 0 -0.3826838 -0.8870109 0 -0.4617486 -0.8870111 0 -0.4617483 -0.8433913 0 -0.5372998 -0.7933534 0 -0.6087614 -0.793354 0 -0.6087605 -0.7372766 0 -0.675591 -0.7372782 0 -0.6755893 -0.67559 0 -0.7372776 -0.6087616 0 -0.7933534 -0.6087604 0 -0.7933542 -0.537299 0 -0.8433918 -0.5373015 0 -0.8433904 -0.4617474 0 -0.8870115 -0.4617487 0 -0.8870108 -0.3826829 0 -0.9238798 -0.3826844 0 -0.9238792 -0.3007068 0 -0.9537167 -0.3007053 0 -0.9537172 -0.2164384 0 -0.9762963 -0.2164417 0 -0.9762957 -0.1305258 0 -0.991445 -0.1305241 0 -0.9914451 -0.04362094 0 -0.9990482 -0.04361921 0 -0.9990482 0.04361921 0 -0.9990482 0.04362094 0 -0.9990482 0.1305241 0 -0.9914451 0.1305258 0 -0.991445 0.2164417 0 -0.9762957 0.2164384 0 -0.9762963 0.3007053 0 -0.9537172 0.3007068 0 -0.9537167 0.3826844 0 -0.9238792 0.3826829 0 -0.9238798 0.4617487 0 -0.8870108 0.4617474 0 -0.8870115 0.5196223 0 -0.8543961 0.5196199 0 -0.8543975 0.5563949 0 -0.8309181 0.5563974 0 -0.8309164 0.6087604 0 -0.7933542 0.6087616 0 -0.7933534 0.67559 0 -0.7372776 0.7372782 0 -0.6755893 0.7372766 0 -0.675591 0.793354 0 -0.6087605 0.7933534 0 -0.6087614 0.8433913 0 -0.5372998 0.8870111 0 -0.4617483 0.8870109 0 -0.4617486 0.9238795 0 -0.3826838 0.9238796 0 -0.3826835 0.953717 0 -0.3007057 0.9537169 0 -0.3007058 0.976296 0 -0.2164399 0.9762961 0 -0.2164398 0.991445 0 -0.1305256 0.991445 0 -0.1305257 0.9990482 0 -0.04361933 0.9990482 0 0.04361933 0.991445 0 0.1305257 0.991445 0 0.1305256 0.9762961 0 0.2164398 0.976296 0 0.2164399 0.9537169 0 0.3007058 0.953717 0 0.3007057 0.9238796 0 0.3826835 0.9238795 0 0.3826838 0.8870109 0 0.4617486 0.8870111 0 0.4617483 0.8433913 0 0.5372998 0.7933534 0 0.6087614 0.793354 0 0.6087605 0.7372766 0 0.675591 0.7372782 0 0.6755893 0.67559 0 0.7372776 0.6087616 0 0.7933534 0.6087604 0 0.7933542 0.537299 0 0.8433918 0.5373015 0 0.8433904 0.4617474 0 0.8870115 0.4617487 0 0.8870108 0.3826829 0 0.9238798 0.3826844 0 0.9238792 0.3007068 0 0.9537167 0.3007053 0 0.9537172 0.2164384 0 0.9762963 0.2164417 0 0.9762957 0.1305258 0 0.991445 0.1305241 0 0.9914451 0.04362094 0 0.9990482 0.04361921 0 0.9990482 -0.04361766 0 0.9990484 -0.04362046 0 0.9990482 -0.9238806 0 0.3826809 -0.953716 0 0.3007087 -0.953716 0 0.3007089 -0.9914464 0 0.1305153 -0.9990481 0 0.04362457 -0.9990481 0 -0.04362457 -0.9990481 0 -0.04362457 -0.9914464 0 -0.1305153 -0.9914463 0 -0.1305152 -0.953716 0 -0.3007089 -0.953716 0 -0.3007087 -0.9238806 0 -0.3826809 -0.9238808 0 -0.3826807 -0.04362046 0 -0.9990482 -0.04361903 0 -0.9990482 0.04361981 0 -0.9990482 0.04362118 0 -0.9990482 0.9238747 0 -0.3826953 0.9238746 0 -0.3826955 0.953721 0 -0.3006932 0.9537209 0 -0.3006934 0.9914441 0 -0.130532 0.9914441 0 -0.130532 0.9990488 0 -0.04360753 0.9990488 0 -0.04360753 0.9990488 0 0.04360753 0.9914441 0 0.130532 0.9537209 0 0.3006934 0.953721 0 0.3006932 0.9238746 0 0.3826955 0.04362118 0 0.9990482 0.04361844 0 0.9990483 -0.04363626 0 0.9990476 -0.130509 0 0.9914472 -0.3007161 0 0.9537138 -0.4617419 0 0.8870143 -0.7933436 0 0.6087743 -0.923883 0 0.3826753 -0.9238798 0 0.3826832 -0.9537159 0 0.3007092 -0.9914445 0 0.1305293 -0.9990484 0 0.04361802 -0.9990482 0 -0.04361993 -0.9537139 0 -0.3007156 -0.9238862 0 -0.3826674 -0.9238764 0 -0.382691 -0.8870144 0 -0.4617419 -0.8433854 0 -0.5373091 -0.7933518 0 -0.6087636 -0.3827136 0 -0.9238671 -0.3006756 0 -0.9537265 -0.2164677 0 -0.9762898 -0.04359185 0 -0.9990495 0.04359185 0 -0.9990495 0.2164677 0 -0.9762898 0.3006756 0 -0.9537265 0.3827136 0 -0.9238671 0.7933518 0 -0.6087636 0.8433849 0 -0.5373098 0.8870149 0 -0.4617411 0.9238764 0 -0.382691 0.9238862 0 -0.3826674 0.9537139 0 -0.3007156 0.9990482 0 -0.04361993 0.9990484 0 0.04361802 0.9914445 0 0.1305293 0.9537159 0 0.3007092 0.9238798 0 0.3826832 0.923883 0 0.3826753 0.7933436 0 0.6087743 0.4617419 0 0.8870143 0.3007161 0 0.9537138 0.130509 0 0.9914472 0.04363626 0 0.9990476 -0.4687768 0 -0.8833166 -0.468778 0 -0.883316 -0.5305847 0 -0.847632 -0.5305868 0 -0.8476306 -0.6421855 0 -0.7665493 -0.6421846 0 -0.76655 -0.6952234 0 -0.7187938 -0.7875267 0 -0.6162807 -0.829477 0 -0.5585409 -0.8294766 0 -0.5585417 -0.8984491 0 -0.439078 -0.9274783 0 -0.3738772 -0.9701054 0 -0.242684 -0.984944 0 -0.1728743 -0.9993631 0 -0.03568536 -0.9993631 0 0.03568536 -0.984944 0 0.1728743 -0.9701054 0 0.242684 -0.9274783 0 0.3738772 -0.8984491 0 0.439078 -0.8294766 0 0.5585417 -0.829477 0 0.5585409 -0.7875267 0 0.6162807 -0.6952234 0 0.7187938 -0.6421846 0 0.76655 -0.6421855 0 0.7665493 -0.5305868 0 0.8476306 -0.5305847 0 0.847632 -0.468778 0 0.883316 -0.4687768 0 0.8833166 -0.3427579 0 0.9394238 -0.2748833 0 0.9614776 -0.2748806 0 0.9614785 -0.1399503 0 0.9901586 -0.06897383 0 0.9976185 0.06897383 0 0.9976185 0.1399503 0 0.9901586 0.2748806 0 0.9614785 0.2748833 0 0.9614776 0.3427579 0 0.9394238 0.4687768 0 0.8833166 0.468778 0 0.883316 0.5305847 0 0.847632 0.5305868 0 0.8476306</float_array>
          <technique_common>
            <accessor source="#sheet_metal_motor_tyre-mesh-normals-array" count="3021" stride="3">
              <param name="X" type="float"/>
              <param name="Y" type="float"/>
              <param name="Z" type="float"/>
            </accessor>
          </technique_common>
        </source>
        <vertices id="sheet_metal_motor_tyre-mesh-vertices">
          <input semantic="POSITION" source="#sheet_metal_motor_tyre-mesh-positions"/>
        </vertices>
        <triangles count="6152">
          <input semantic="VERTEX" source="#sheet_metal_motor_tyre-mesh-vertices" offset="0"/>
          <input semantic="NORMAL" source="#sheet_metal_motor_tyre-mesh-normals" offset="1"/>
          <p>0 0 1 0 2 0 0 0 2 0 3 0 2 1 4 1 3 1 3 2 4 2 5 2 4 3 6 3 5 3 5 4 6 4 7 4 6 5 8 5 7 5 7 6 8 6 9 6 8 7 10 7 9 7 9 7 10 7 11 7 10 8 12 8 11 8 11 9 12 9 13 9 12 10 14 10 13 10 13 10 14 10 15 10 14 11 16 11 15 11 15 12 16 12 17 12 16 13 18 13 17 13 17 14 18 14 19 14 18 15 20 15 19 15 19 15 20 15 21 15 20 16 22 16 21 16 21 17 22 17 23 17 22 18 24 18 23 18 23 19 24 19 25 19 24 20 26 20 25 20 25 20 26 20 27 20 26 21 28 21 27 21 27 22 28 22 29 22 28 23 30 23 29 23 29 23 30 23 31 23 30 24 32 24 31 24 31 25 32 25 33 25 32 26 34 26 33 26 33 26 34 26 35 26 34 27 36 27 35 27 35 28 36 28 37 28 36 29 38 29 37 29 37 30 38 30 39 30 38 31 40 31 39 31 39 32 40 32 41 32 40 33 42 33 41 33 41 34 42 34 43 34 42 35 44 35 43 35 43 35 44 35 45 35 44 36 46 36 45 36 45 37 46 37 47 37 46 38 48 38 47 38 47 38 48 38 49 38 48 39 50 39 49 39 49 39 50 39 51 39 50 40 52 40 51 40 51 41 52 41 53 41 52 42 54 42 53 42 53 42 54 42 55 42 54 43 56 43 55 43 55 43 56 43 57 43 56 44 58 44 57 44 57 45 58 45 59 45 58 46 60 46 59 46 59 47 60 47 61 47 60 48 62 48 61 48 61 49 62 49 63 49 62 50 64 50 63 50 63 51 64 51 65 51 64 52 66 52 65 52 65 53 66 53 67 53 66 54 68 54 67 54 67 55 68 55 69 55 68 56 70 56 69 56 69 57 70 57 71 57 70 58 72 58 71 58 71 58 72 58 73 58 72 59 74 59 73 59 73 59 74 59 75 59 76 60 77 60 78 60 76 60 78 60 79 60 78 61 80 61 79 61 79 61 80 61 81 61 80 62 82 62 81 62 81 63 82 63 83 63 82 64 84 64 83 64 83 65 84 65 85 65 84 66 86 66 85 66 85 67 86 67 87 67 86 68 88 68 87 68 87 69 88 69 89 69 88 70 90 70 89 70 89 71 90 71 91 71 90 72 92 72 91 72 91 73 92 73 93 73 92 74 94 74 93 74 93 75 94 75 95 75 94 76 96 76 95 76 95 76 96 76 97 76 96 77 98 77 97 77 97 77 98 77 99 77 98 78 100 78 99 78 99 79 100 79 101 79 100 80 102 80 101 80 101 80 102 80 103 80 102 81 104 81 103 81 103 81 104 81 105 81 104 82 106 82 105 82 105 83 106 83 107 83 106 84 108 84 107 84 107 84 108 84 109 84 108 85 110 85 109 85 109 86 110 86 111 86 110 87 112 87 111 87 111 88 112 88 113 88 112 89 114 89 113 89 113 90 114 90 115 90 114 91 116 91 115 91 115 92 116 92 117 92 116 93 118 93 117 93 117 93 118 93 119 93 118 94 120 94 119 94 119 95 120 95 121 95 120 96 122 96 121 96 121 96 122 96 123 96 122 97 124 97 123 97 123 98 124 98 125 98 124 99 126 99 125 99 125 99 126 99 127 99 126 100 128 100 127 100 127 101 128 101 129 101 128 102 130 102 129 102 129 103 130 103 131 103 130 104 132 104 131 104 131 104 132 104 133 104 132 105 134 105 133 105 133 106 134 106 135 106 134 107 136 107 135 107 135 108 136 108 137 108 136 109 138 109 137 109 137 109 138 109 139 109 138 110 140 110 139 110 139 111 140 111 141 111 140 112 142 112 141 112 141 112 142 112 143 112 142 113 144 113 143 113 143 114 144 114 145 114 144 115 146 115 145 115 145 116 146 116 147 116 146 117 148 117 147 117 147 118 148 118 149 118 148 119 150 119 149 119 149 119 150 119 151 119 152 120 153 120 154 120 152 120 154 120 155 120 154 121 156 121 155 121 155 121 156 121 157 121 156 122 158 122 157 122 157 122 158 122 159 122 158 123 160 123 159 123 159 124 160 124 161 124 160 125 162 125 161 125 161 125 162 125 163 125 162 126 164 126 163 126 163 126 164 126 165 126 164 127 166 127 165 127 165 127 166 127 167 127 166 128 168 128 167 128 167 128 168 128 169 128 168 129 170 129 169 129 169 130 170 130 171 130 170 131 172 131 171 131 171 131 172 131 173 131 172 132 174 132 173 132 173 133 174 133 175 133 174 134 176 134 175 134 175 134 176 134 177 134 176 135 178 135 177 135 177 135 178 135 179 135 178 136 180 136 179 136 179 137 180 137 181 137 180 138 182 138 181 138 181 138 182 138 183 138 182 139 184 139 183 139 183 140 184 140 185 140 184 141 186 141 185 141 185 141 186 141 187 141 186 142 188 142 187 142 187 143 188 143 189 143 188 144 190 144 189 144 189 145 190 145 191 145 190 146 192 146 191 146 191 146 192 146 193 146 192 147 194 147 193 147 193 148 194 148 195 148 194 149 196 149 195 149 195 149 196 149 197 149 196 150 198 150 197 150 197 151 198 151 199 151 198 152 200 152 199 152 199 152 200 152 201 152 200 153 202 153 201 153 201 154 202 154 203 154 202 155 204 155 203 155 203 155 204 155 205 155 204 156 206 156 205 156 205 157 206 157 207 157 206 158 208 158 207 158 207 159 208 159 209 159 208 160 210 160 209 160 209 160 210 160 211 160 210 161 212 161 211 161 211 162 212 162 213 162 212 163 214 163 213 163 213 164 214 164 215 164 214 165 216 165 215 165 215 166 216 166 217 166 216 167 218 167 217 167 217 168 218 168 219 168 218 169 220 169 219 169 219 170 220 170 221 170 220 171 222 171 221 171 221 171 222 171 223 171 222 172 224 172 223 172 223 172 224 172 225 172 224 173 226 173 225 173 225 174 226 174 227 174 228 175 229 175 230 175 228 176 230 176 231 176 230 177 232 177 231 177 231 178 232 178 233 178 232 179 234 179 233 179 233 179 234 179 235 179 234 180 236 180 235 180 235 181 236 181 237 181 236 182 238 182 237 182 237 183 238 183 239 183 238 184 240 184 239 184 239 185 240 185 241 185 240 186 242 186 241 186 241 187 242 187 243 187 242 188 244 188 243 188 243 188 244 188 245 188 244 189 246 189 245 189 245 190 246 190 247 190 246 191 248 191 247 191 247 192 248 192 249 192 248 193 250 193 249 193 249 194 250 194 251 194 250 195 252 195 251 195 251 196 252 196 253 196 252 197 254 197 253 197 253 197 254 197 255 197 254 198 256 198 255 198 255 199 256 199 257 199 256 200 258 200 257 200 257 201 258 201 259 201 258 202 260 202 259 202 259 203 260 203 261 203 260 204 262 204 261 204 261 205 262 205 263 205 262 206 264 206 263 206 263 207 264 207 265 207 264 208 266 208 265 208 265 209 266 209 267 209 266 210 268 210 267 210 267 210 268 210 269 210 268 211 270 211 269 211 269 212 270 212 271 212 270 213 272 213 271 213 271 214 272 214 273 214 272 215 274 215 273 215 273 216 274 216 275 216 274 217 276 217 275 217 275 218 276 218 277 218 276 219 278 219 277 219 277 219 278 219 279 219 278 220 280 220 279 220 279 221 280 221 281 221 280 222 282 222 281 222 281 222 282 222 283 222 282 223 284 223 283 223 283 224 284 224 285 224 284 225 286 225 285 225 285 225 286 225 287 225 286 226 288 226 287 226 287 227 288 227 289 227 288 228 290 228 289 228 289 228 290 228 291 228 290 229 292 229 291 229 291 230 292 230 293 230 292 231 294 231 293 231 293 232 294 232 295 232 294 233 296 233 295 233 295 234 296 234 297 234 296 235 298 235 297 235 297 236 298 236 299 236 298 237 300 237 299 237 299 237 300 237 301 237 300 238 302 238 301 238 301 239 302 239 303 239 304 240 305 240 306 240 304 241 306 241 307 241 306 242 308 242 307 242 307 243 308 243 309 243 308 244 310 244 309 244 309 245 310 245 311 245 310 246 312 246 311 246 311 247 312 247 313 247 312 248 314 248 313 248 313 249 314 249 315 249 314 250 316 250 315 250 315 251 316 251 317 251 316 252 318 252 317 252 317 253 318 253 319 253 318 254 320 254 319 254 319 255 320 255 321 255 320 256 322 256 321 256 321 257 322 257 323 257 322 258 324 258 323 258 323 258 324 258 325 258 324 259 326 259 325 259 325 259 326 259 327 259 326 260 328 260 327 260 327 261 328 261 329 261 328 262 330 262 329 262 329 262 330 262 331 262 330 263 332 263 331 263 331 263 332 263 333 263 332 264 334 264 333 264 333 265 334 265 335 265 334 266 336 266 335 266 335 267 336 267 337 267 336 268 338 268 337 268 337 269 338 269 339 269 338 270 340 270 339 270 339 270 340 270 341 270 340 271 342 271 341 271 341 272 342 272 343 272 342 273 344 273 343 273 343 273 344 273 345 273 344 274 346 274 345 274 345 274 346 274 347 274 346 275 348 275 347 275 347 276 348 276 349 276 348 277 350 277 349 277 349 278 350 278 351 278 350 279 352 279 351 279 351 280 352 280 353 280 352 281 354 281 353 281 353 282 354 282 355 282 354 283 356 283 355 283 355 284 356 284 357 284 356 285 358 285 357 285 357 286 358 286 359 286 358 287 360 287 359 287 359 287 360 287 361 287 360 288 362 288 361 288 361 288 362 288 363 288 362 289 364 289 363 289 363 290 364 290 365 290 364 291 366 291 365 291 365 291 366 291 367 291 366 292 368 292 367 292 367 293 368 293 369 293 368 294 370 294 369 294 369 295 370 295 371 295 370 296 372 296 371 296 371 296 372 296 373 296 372 297 374 297 373 297 373 297 374 297 375 297 374 298 376 298 375 298 375 299 376 299 377 299 376 300 378 300 377 300 377 300 378 300 379 300 380 301 381 301 382 301 380 301 382 301 383 301 382 302 384 302 383 302 383 302 384 302 385 302 384 303 386 303 385 303 385 304 386 304 387 304 386 305 388 305 387 305 387 306 388 306 389 306 388 307 390 307 389 307 389 307 390 307 391 307 390 308 392 308 391 308 391 308 392 308 393 308 392 309 394 309 393 309 393 309 394 309 395 309 394 310 396 310 395 310 395 311 396 311 397 311 396 312 398 312 397 312 397 313 398 313 399 313 398 314 400 314 399 314 399 314 400 314 401 314 400 315 402 315 401 315 401 316 402 316 403 316 402 317 404 317 403 317 403 318 404 318 405 318 404 319 406 319 405 319 405 319 406 319 407 319 406 320 408 320 407 320 407 320 408 320 409 320 408 321 410 321 409 321 409 321 410 321 411 321 410 322 412 322 411 322 411 322 412 322 413 322 412 323 414 323 413 323 413 324 414 324 415 324 414 325 416 325 415 325 415 325 416 325 417 325 416 326 418 326 417 326 417 327 418 327 419 327 418 328 420 328 419 328 419 328 420 328 421 328 420 329 422 329 421 329 421 329 422 329 423 329 422 330 424 330 423 330 423 331 424 331 425 331 424 332 426 332 425 332 425 333 426 333 427 333 426 334 428 334 427 334 427 335 428 335 429 335 428 336 430 336 429 336 429 337 430 337 431 337 430 338 432 338 431 338 431 339 432 339 433 339 432 340 434 340 433 340 433 341 434 341 435 341 434 342 436 342 435 342 435 342 436 342 437 342 436 343 438 343 437 343 437 343 438 343 439 343 438 344 440 344 439 344 439 345 440 345 441 345 440 346 442 346 441 346 441 347 442 347 443 347 442 348 444 348 443 348 443 349 444 349 445 349 444 350 446 350 445 350 445 351 446 351 447 351 446 352 448 352 447 352 447 352 448 352 449 352 448 353 450 353 449 353 449 354 450 354 451 354 450 355 452 355 451 355 451 355 452 355 453 355 452 356 454 356 453 356 453 357 454 357 455 357 456 358 457 358 458 358 456 359 458 359 459 359 458 360 460 360 459 360 459 361 460 361 461 361 460 362 462 362 461 362 461 362 462 362 463 362 462 363 464 363 463 363 463 364 464 364 465 364 464 365 466 365 465 365 465 365 466 365 467 365 466 366 468 366 467 366 467 366 468 366 469 366 468 367 470 367 469 367 469 368 470 368 471 368 470 369 472 369 471 369 471 369 472 369 473 369 472 370 474 370 473 370 473 371 474 371 475 371 474 372 476 372 475 372 475 373 476 373 477 373 476 374 478 374 477 374 477 375 478 375 479 375 478 376 480 376 479 376 479 377 480 377 481 377 480 378 482 378 481 378 481 378 482 378 483 378 482 379 484 379 483 379 483 379 484 379 485 379 484 380 486 380 485 380 485 380 486 380 487 380 486 381 488 381 487 381 487 381 488 381 489 381 488 382 490 382 489 382 489 383 490 383 491 383 490 384 492 384 491 384 491 384 492 384 493 384 492 385 494 385 493 385 493 386 494 386 495 386 494 387 496 387 495 387 495 387 496 387 497 387 496 388 498 388 497 388 497 389 498 389 499 389 498 390 500 390 499 390 499 390 500 390 501 390 500 391 502 391 501 391 501 391 502 391 503 391 502 392 504 392 503 392 503 393 504 393 505 393 504 394 506 394 505 394 505 394 506 394 507 394 506 395 508 395 507 395 507 396 508 396 509 396 508 397 510 397 509 397 509 398 510 398 511 398 510 399 512 399 511 399 511 400 512 400 513 400 512 401 514 401 513 401 513 401 514 401 515 401 514 402 516 402 515 402 515 403 516 403 517 403 516 404 518 404 517 404 517 404 518 404 519 404 518 405 520 405 519 405 519 406 520 406 521 406 520 407 522 407 521 407 521 407 522 407 523 407 522 408 524 408 523 408 523 409 524 409 525 409 524 410 526 410 525 410 525 410 526 410 527 410 526 411 528 411 527 411 527 412 528 412 529 412 528 413 530 413 529 413 529 413 530 413 531 413 532 414 533 414 534 414 532 414 534 414 535 414 534 415 536 415 535 415 535 415 536 415 537 415 536 416 538 416 537 416 537 417 538 417 539 417 538 418 540 418 539 418 539 419 540 419 541 419 540 420 542 420 541 420 541 420 542 420 543 420 542 421 544 421 543 421 543 421 544 421 545 421 544 422 546 422 545 422 545 423 546 423 547 423 546 424 548 424 547 424 547 425 548 425 549 425 548 426 550 426 549 426 549 427 550 427 551 427 550 428 552 428 551 428 551 428 552 428 553 428 552 429 554 429 553 429 553 430 554 430 555 430 554 431 556 431 555 431 555 432 556 432 557 432 556 433 558 433 557 433 557 433 558 433 559 433 558 434 560 434 559 434 559 434 560 434 561 434 560 435 562 435 561 435 561 435 562 435 563 435 562 436 564 436 563 436 563 437 564 437 565 437 564 438 566 438 565 438 565 439 566 439 567 439 566 440 568 440 567 440 567 441 568 441 569 441 568 442 570 442 569 442 569 443 570 443 571 443 570 444 572 444 571 444 571 444 572 444 573 444 572 445 574 445 573 445 573 445 574 445 575 445 574 446 576 446 575 446 575 447 576 447 577 447 576 448 578 448 577 448 577 449 578 449 579 449 578 450 580 450 579 450 579 451 580 451 581 451 580 452 582 452 581 452 581 453 582 453 583 453 582 454 584 454 583 454 583 454 584 454 585 454 584 455 586 455 585 455 585 456 586 456 587 456 586 457 588 457 587 457 587 457 588 457 589 457 588 458 590 458 589 458 589 459 590 459 591 459 590 460 592 460 591 460 591 461 592 461 593 461 592 462 594 462 593 462 593 462 594 462 595 462 594 463 596 463 595 463 595 463 596 463 597 463 596 464 598 464 597 464 597 464 598 464 599 464 598 465 600 465 599 465 599 465 600 465 601 465 600 466 602 466 601 466 601 467 602 467 603 467 602 468 604 468 603 468 603 468 604 468 605 468 604 469 606 469 605 469 605 470 606 470 607 470 608 471 609 471 610 471 608 472 610 472 611 472 610 473 612 473 611 473 611 473 612 473 613 473 612 474 614 474 613 474 613 475 614 475 615 475 614 476 616 476 615 476 615 476 616 476 617 476 616 477 618 477 617 477 617 477 618 477 619 477 618 478 620 478 619 478 619 478 620 478 621 478 620 479 622 479 621 479 621 479 622 479 623 479 622 480 624 480 623 480 623 481 624 481 625 481 624 482 626 482 625 482 625 483 626 483 627 483 626 484 628 484 627 484 627 484 628 484 629 484 628 485 630 485 629 485 629 486 630 486 631 486 630 487 632 487 631 487 631 487 632 487 633 487 632 488 634 488 633 488 633 489 634 489 635 489 634 490 636 490 635 490 635 491 636 491 637 491 636 492 638 492 637 492 637 493 638 493 639 493 638 494 640 494 639 494 639 495 640 495 641 495 640 496 642 496 641 496 641 496 642 496 643 496 642 497 644 497 643 497 643 497 644 497 645 497 644 498 646 498 645 498 645 499 646 499 647 499 646 500 648 500 647 500 647 501 648 501 649 501 648 502 650 502 649 502 649 503 650 503 651 503 650 504 652 504 651 504 651 505 652 505 653 505 652 506 654 506 653 506 653 506 654 506 655 506 654 507 656 507 655 507 655 507 656 507 657 507 656 508 658 508 657 508 657 508 658 508 659 508 658 509 660 509 659 509 659 510 660 510 661 510 660 511 662 511 661 511 661 512 662 512 663 512 662 513 664 513 663 513 663 513 664 513 665 513 664 514 666 514 665 514 665 515 666 515 667 515 666 516 668 516 667 516 667 517 668 517 669 517 668 518 670 518 669 518 669 519 670 519 671 519 670 520 672 520 671 520 671 520 672 520 673 520 672 521 674 521 673 521 673 521 674 521 675 521 674 522 676 522 675 522 675 523 676 523 677 523 676 524 678 524 677 524 677 525 678 525 679 525 678 526 680 526 679 526 679 526 680 526 681 526 680 527 682 527 681 527 681 527 682 527 683 527 684 528 685 528 686 528 684 528 686 528 687 528 686 529 688 529 687 529 687 530 688 530 689 530 688 531 690 531 689 531 689 531 690 531 691 531 690 532 692 532 691 532 691 533 692 533 693 533 692 534 694 534 693 534 693 534 694 534 695 534 694 535 696 535 695 535 695 536 696 536 697 536 696 537 698 537 697 537 697 537 698 537 699 537 698 538 700 538 699 538 699 539 700 539 701 539 700 540 702 540 701 540 701 540 702 540 703 540 702 541 704 541 703 541 703 542 704 542 705 542 704 543 706 543 705 543 705 544 706 544 707 544 706 545 708 545 707 545 707 546 708 546 709 546 708 547 710 547 709 547 709 547 710 547 711 547 710 548 712 548 711 548 711 549 712 549 713 549 712 550 714 550 713 550 713 550 714 550 715 550 714 551 716 551 715 551 715 551 716 551 717 551 716 552 718 552 717 552 717 553 718 553 719 553 718 554 720 554 719 554 719 554 720 554 721 554 720 555 722 555 721 555 721 556 722 556 723 556 722 557 724 557 723 557 723 557 724 557 725 557 724 558 726 558 725 558 725 559 726 559 727 559 726 560 728 560 727 560 727 560 728 560 729 560 728 561 730 561 729 561 729 561 730 561 731 561 730 562 732 562 731 562 731 562 732 562 733 562 732 563 734 563 733 563 733 563 734 563 735 563 734 564 736 564 735 564 735 565 736 565 737 565 736 566 738 566 737 566 737 567 738 567 739 567 738 568 740 568 739 568 739 569 740 569 741 569 740 570 742 570 741 570 741 571 742 571 743 571 742 572 744 572 743 572 743 572 744 572 745 572 744 573 746 573 745 573 745 574 746 574 747 574 746 575 748 575 747 575 747 575 748 575 749 575 748 576 750 576 749 576 749 576 750 576 751 576 750 577 752 577 751 577 751 578 752 578 753 578 752 579 754 579 753 579 753 579 754 579 755 579 754 580 756 580 755 580 755 581 756 581 757 581 756 582 758 582 757 582 757 583 758 583 759 583 760 584 761 584 762 584 760 585 762 585 763 585 762 586 764 586 763 586 763 586 764 586 765 586 764 587 766 587 765 587 765 588 766 588 767 588 766 589 768 589 767 589 767 589 768 589 769 589 768 590 770 590 769 590 769 591 770 591 771 591 770 592 772 592 771 592 771 593 772 593 773 593 772 594 774 594 773 594 773 595 774 595 775 595 774 596 776 596 775 596 775 597 776 597 777 597 776 598 778 598 777 598 777 598 778 598 779 598 778 599 780 599 779 599 779 599 780 599 781 599 780 600 782 600 781 600 781 601 782 601 783 601 782 602 784 602 783 602 783 603 784 603 785 603 784 604 786 604 785 604 785 605 786 605 787 605 786 606 788 606 787 606 787 607 788 607 789 607 788 608 790 608 789 608 789 609 790 609 791 609 790 610 792 610 791 610 791 611 792 611 793 611 792 612 794 612 793 612 793 612 794 612 795 612 794 613 796 613 795 613 795 613 796 613 797 613 796 614 798 614 797 614 797 615 798 615 799 615 798 616 800 616 799 616 799 616 800 616 801 616 800 617 802 617 801 617 801 618 802 618 803 618 802 619 804 619 803 619 803 619 804 619 805 619 804 620 806 620 805 620 805 620 806 620 807 620 806 621 808 621 807 621 807 621 808 621 809 621 808 622 810 622 809 622 809 622 810 622 811 622 810 623 812 623 811 623 811 624 812 624 813 624 812 625 814 625 813 625 813 626 814 626 815 626 814 627 816 627 815 627 815 627 816 627 817 627 816 628 818 628 817 628 817 629 818 629 819 629 818 630 820 630 819 630 819 631 820 631 821 631 820 632 822 632 821 632 821 632 822 632 823 632 822 633 824 633 823 633 823 633 824 633 825 633 824 634 826 634 825 634 825 634 826 634 827 634 826 635 828 635 827 635 827 636 828 636 829 636 828 637 830 637 829 637 829 638 830 638 831 638 830 639 832 639 831 639 831 639 832 639 833 639 832 640 834 640 833 640 833 640 834 640 835 640 836 641 837 641 838 641 836 641 838 641 839 641 838 642 840 642 839 642 839 643 840 643 841 643 840 644 842 644 841 644 841 644 842 644 843 644 842 645 844 645 843 645 843 645 844 645 845 645 844 646 846 646 845 646 845 647 846 647 847 647 846 648 848 648 847 648 847 649 848 649 849 649 848 650 850 650 849 650 849 650 850 650 851 650 850 651 852 651 851 651 851 652 852 652 853 652 852 653 854 653 853 653 853 653 854 653 855 653 854 654 856 654 855 654 855 654 856 654 857 654 856 655 858 655 857 655 857 656 858 656 859 656 858 657 860 657 859 657 859 658 860 658 861 658 860 659 862 659 861 659 861 660 862 660 863 660 862 661 864 661 863 661 863 662 864 662 865 662 864 663 866 663 865 663 865 664 866 664 867 664 866 665 868 665 867 665 867 666 868 666 869 666 868 667 870 667 869 667 869 667 870 667 871 667 870 668 872 668 871 668 871 668 872 668 873 668 872 669 874 669 873 669 873 670 874 670 875 670 874 671 876 671 875 671 875 671 876 671 877 671 876 672 878 672 877 672 877 673 878 673 879 673 878 674 880 674 879 674 879 675 880 675 881 675 880 676 882 676 881 676 881 677 882 677 883 677 882 678 884 678 883 678 883 678 884 678 885 678 884 679 886 679 885 679 885 679 886 679 887 679 886 680 888 680 887 680 887 681 888 681 889 681 888 682 890 682 889 682 889 682 890 682 891 682 890 683 892 683 891 683 891 683 892 683 893 683 892 684 894 684 893 684 893 685 894 685 895 685 894 686 896 686 895 686 895 687 896 687 897 687 896 688 898 688 897 688 897 689 898 689 899 689 898 690 900 690 899 690 899 691 900 691 901 691 900 692 902 692 901 692 901 693 902 693 903 693 902 694 904 694 903 694 903 695 904 695 905 695 904 696 906 696 905 696 905 697 906 697 907 697 906 698 908 698 907 698 907 699 908 699 909 699 908 700 910 700 909 700 909 701 910 701 911 701 912 702 913 702 914 702 912 703 914 703 915 703 914 704 916 704 915 704 915 704 916 704 917 704 916 705 918 705 917 705 917 706 918 706 919 706 918 707 920 707 919 707 919 708 920 708 921 708 920 709 922 709 921 709 921 710 922 710 923 710 922 711 924 711 923 711 923 712 924 712 925 712 924 713 926 713 925 713 925 713 926 713 927 713 926 714 928 714 927 714 927 715 928 715 929 715 928 716 930 716 929 716 929 716 930 716 931 716 930 717 932 717 931 717 931 718 932 718 933 718 932 719 934 719 933 719 933 719 934 719 935 719 934 720 936 720 935 720 935 721 936 721 937 721 936 722 938 722 937 722 937 722 938 722 939 722 938 723 940 723 939 723 939 724 940 724 941 724 940 725 942 725 941 725 941 726 942 726 943 726 942 727 944 727 943 727 943 728 944 728 945 728 944 729 946 729 945 729 945 730 946 730 947 730 946 731 948 731 947 731 947 731 948 731 949 731 948 732 950 732 949 732 949 733 950 733 951 733 950 734 952 734 951 734 951 735 952 735 953 735 952 736 954 736 953 736 953 737 954 737 955 737 954 738 956 738 955 738 955 739 956 739 957 739 956 740 958 740 957 740 957 741 958 741 959 741 958 742 960 742 959 742 959 743 960 743 961 743 960 744 962 744 961 744 961 744 962 744 963 744 962 745 964 745 963 745 963 746 964 746 965 746 964 747 966 747 965 747 965 748 966 748 967 748 966 749 968 749 967 749 967 750 968 750 969 750 968 751 970 751 969 751 969 752 970 752 971 752 970 753 972 753 971 753 971 753 972 753 973 753 972 754 974 754 973 754 973 755 974 755 975 755 974 756 976 756 975 756 975 757 976 757 977 757 976 758 978 758 977 758 977 759 978 759 979 759 978 760 980 760 979 760 979 761 980 761 981 761 980 762 982 762 981 762 981 762 982 762 983 762 982 763 984 763 983 763 983 764 984 764 985 764 984 765 986 765 985 765 985 766 986 766 987 766 988 767 989 767 990 767 988 768 990 768 991 768 990 769 992 769 991 769 991 769 992 769 993 769 992 770 994 770 993 770 993 770 994 770 995 770 994 771 996 771 995 771 995 772 996 772 997 772 996 773 998 773 997 773 997 774 998 774 999 774 998 775 1000 775 999 775 999 776 1000 776 1001 776 1000 777 1002 777 1001 777 1001 778 1002 778 1003 778 1002 779 1004 779 1003 779 1003 780 1004 780 1005 780 1004 781 1006 781 1005 781 1005 781 1006 781 1007 781 1006 782 1008 782 1007 782 1007 783 1008 783 1009 783 1008 784 1010 784 1009 784 1009 785 1010 785 1011 785 1010 786 1012 786 1011 786 1011 786 1012 786 1013 786 1012 787 1014 787 1013 787 1013 788 1014 788 1015 788 1014 789 1016 789 1015 789 1015 789 1016 789 1017 789 1016 790 1018 790 1017 790 1017 791 1018 791 1019 791 1018 792 1020 792 1019 792 1019 792 1020 792 1021 792 1020 793 1022 793 1021 793 1021 794 1022 794 1023 794 1022 795 1024 795 1023 795 1023 795 1024 795 1025 795 1024 796 1026 796 1025 796 1025 797 1026 797 1027 797 1026 798 1028 798 1027 798 1027 799 1028 799 1029 799 1028 800 1030 800 1029 800 1029 800 1030 800 1031 800 1030 801 1032 801 1031 801 1031 802 1032 802 1033 802 1032 803 1034 803 1033 803 1033 803 1034 803 1035 803 1034 804 1036 804 1035 804 1035 805 1036 805 1037 805 1036 806 1038 806 1037 806 1037 806 1038 806 1039 806 1038 807 1040 807 1039 807 1039 807 1040 807 1041 807 1040 808 1042 808 1041 808 1041 809 1042 809 1043 809 1042 810 1044 810 1043 810 1043 810 1044 810 1045 810 1044 811 1046 811 1045 811 1045 812 1046 812 1047 812 1046 813 1048 813 1047 813 1047 813 1048 813 1049 813 1048 814 1050 814 1049 814 1049 814 1050 814 1051 814 1050 815 1052 815 1051 815 1051 815 1052 815 1053 815 1052 816 1054 816 1053 816 1053 816 1054 816 1055 816 1054 817 1056 817 1055 817 1055 818 1056 818 1057 818 1056 819 1058 819 1057 819 1057 819 1058 819 1059 819 1058 820 1060 820 1059 820 1059 820 1060 820 1061 820 1060 821 1062 821 1061 821 1061 821 1062 821 1063 821 1064 822 1065 822 1066 822 1064 823 1066 823 1067 823 1066 824 1068 824 1067 824 1067 825 1068 825 1069 825 1068 826 1070 826 1069 826 1069 826 1070 826 1071 826 1070 827 1072 827 1071 827 1071 828 1072 828 1073 828 1072 829 1074 829 1073 829 1073 830 1074 830 1075 830 1074 831 1076 831 1075 831 1075 832 1076 832 1077 832 1076 833 1078 833 1077 833 1077 833 1078 833 1079 833 1078 834 1080 834 1079 834 1079 835 1080 835 1081 835 1080 836 1082 836 1081 836 1081 837 1082 837 1083 837 1082 838 1084 838 1083 838 1083 839 1084 839 1085 839 1084 840 1086 840 1085 840 1085 841 1086 841 1087 841 1086 842 1088 842 1087 842 1087 843 1088 843 1089 843 1088 844 1090 844 1089 844 1089 844 1090 844 1091 844 1090 845 1092 845 1091 845 1091 845 1092 845 1093 845 1092 846 1094 846 1093 846 1093 847 1094 847 1095 847 1094 848 1096 848 1095 848 1095 848 1096 848 1097 848 1096 849 1098 849 1097 849 1097 849 1098 849 1099 849 1098 850 1100 850 1099 850 1099 851 1100 851 1101 851 1100 852 1102 852 1101 852 1101 852 1102 852 1103 852 1102 853 1104 853 1103 853 1103 854 1104 854 1105 854 1104 855 1106 855 1105 855 1105 855 1106 855 1107 855 1106 856 1108 856 1107 856 1107 856 1108 856 1109 856 1108 857 1110 857 1109 857 1109 858 1110 858 1111 858 1110 859 1112 859 1111 859 1111 859 1112 859 1113 859 1112 860 1114 860 1113 860 1113 860 1114 860 1115 860 1114 861 1116 861 1115 861 1115 862 1116 862 1117 862 1116 863 1118 863 1117 863 1117 864 1118 864 1119 864 1118 865 1120 865 1119 865 1119 866 1120 866 1121 866 1120 867 1122 867 1121 867 1121 868 1122 868 1123 868 1122 869 1124 869 1123 869 1123 870 1124 870 1125 870 1124 871 1126 871 1125 871 1125 871 1126 871 1127 871 1126 872 1128 872 1127 872 1127 873 1128 873 1129 873 1128 874 1130 874 1129 874 1129 875 1130 875 1131 875 1130 876 1132 876 1131 876 1131 877 1132 877 1133 877 1132 878 1134 878 1133 878 1133 878 1134 878 1135 878 1134 879 1136 879 1135 879 1135 880 1136 880 1137 880 1136 881 1138 881 1137 881 1137 882 1138 882 1139 882 1140 883 1141 883 455 883 759 883 1142 883 684 883 1143 883 1144 883 1145 883 1146 883 1147 883 456 883 1147 883 1148 883 456 883 1148 883 1149 883 456 883 456 883 1149 883 1150 883 1151 883 1152 883 456 883 1152 883 1153 883 456 883 456 883 1153 883 1154 883 1154 883 1155 883 456 883 1155 883 1156 883 456 883 456 883 1156 883 1157 883 1158 883 1159 883 1160 883 1150 883 1161 883 456 883 1161 883 1162 883 456 883 456 883 1162 883 1151 883 1163 883 1164 883 1165 883 1166 883 1167 883 1160 883 1168 883 1169 883 1170 883 1171 883 1172 883 1173 883 1157 883 1174 883 456 883 1174 883 1175 883 456 883 456 883 1175 883 1165 883 1175 883 1176 883 1165 883 1165 883 1176 883 1163 883 532 883 1159 883 1177 883 1159 883 531 883 1177 883 1178 883 1179 883 1180 883 1181 883 1182 883 1183 883 1184 883 1185 883 1186 883 1187 883 1188 883 1189 883 527 883 529 883 459 883 529 883 531 883 459 883 459 883 531 883 456 883 531 883 1159 883 456 883 456 883 1159 883 1146 883 1190 883 1191 883 1192 883 1186 883 1185 883 1193 883 1194 883 1195 883 1196 883 1170 883 1197 883 1198 883 1169 883 1199 883 1170 883 1199 883 1200 883 1170 883 1170 883 1200 883 1201 883 1181 883 1183 883 1202 883 1183 883 1203 883 1202 883 1202 883 1203 883 1204 883 1203 883 1205 883 1204 883 1204 883 1205 883 1180 883 1205 883 1206 883 1180 883 1180 883 1206 883 1178 883 1207 883 1208 883 1209 883 1210 883 1211 883 1212 883 1192 883 1213 883 1190 883 1213 883 1214 883 1190 883 1190 883 1214 883 1215 883 1214 883 1216 883 1215 883 1215 883 1216 883 1182 883 1217 883 1218 883 1196 883 1218 883 1219 883 1196 883 1196 883 1219 883 1220 883 1198 883 1221 883 1170 883 1221 883 1222 883 1170 883 1170 883 1222 883 1168 883 1223 883 1224 883 1225 883 1224 883 1226 883 1225 883 1225 883 1226 883 1227 883 1228 883 1229 883 1230 883 473 883 475 883 477 883 495 883 497 883 459 883 497 883 499 883 459 883 459 883 499 883 501 883 507 883 509 883 459 883 532 883 571 883 573 883 573 883 575 883 532 883 575 883 577 883 532 883 532 883 577 883 579 883 1231 883 1232 883 1160 883 1232 883 1233 883 1160 883 1167 883 1234 883 1160 883 1234 883 1235 883 1160 883 1160 883 1235 883 1236 883 1236 883 1237 883 1160 883 1237 883 1238 883 1160 883 1160 883 1238 883 1239 883 1239 883 1240 883 1160 883 1240 883 1241 883 1160 883 1160 883 1241 883 1242 883 1243 883 1244 883 1245 883 1246 883 1160 883 1247 883 1160 883 1248 883 1247 883 1249 883 1209 883 1250 883 1209 883 1251 883 1250 883 1252 883 1209 883 1253 883 1209 883 1254 883 1253 883 1210 883 1212 883 1255 883 1256 883 1257 883 1196 883 1257 883 1258 883 1196 883 1196 883 1258 883 1259 883 1196 883 1260 883 1261 883 1260 883 1262 883 1261 883 1261 883 1262 883 1181 883 1262 883 1263 883 1181 883 1263 883 1264 883 1181 883 1181 883 1264 883 1265 883 1266 883 1267 883 1181 883 1267 883 1268 883 1181 883 1181 883 1268 883 1182 883 1268 883 1269 883 1182 883 1182 883 1269 883 1215 883 1270 883 1271 883 1185 883 1272 883 1273 883 1186 883 1274 883 1275 883 1196 883 1195 883 1276 883 1196 883 1276 883 1277 883 1196 883 1196 883 1277 883 1278 883 1278 883 1279 883 1196 883 1279 883 1280 883 1196 883 1196 883 1280 883 1217 883 1281 883 1196 883 1282 883 1196 883 1283 883 1282 883 1284 883 1285 883 1170 883 1285 883 1286 883 1170 883 1170 883 1286 883 1287 883 1170 883 1288 883 1289 883 1289 883 1290 883 1170 883 1290 883 1291 883 1170 883 1170 883 1291 883 1292 883 1293 883 1294 883 1170 883 1294 883 1295 883 1170 883 1170 883 1295 883 1296 883 1296 883 1297 883 1170 883 1297 883 1298 883 1170 883 1170 883 1298 883 1299 883 1300 883 1223 883 1301 883 1144 883 1302 883 1145 883 1302 883 1303 883 1145 883 1145 883 1303 883 1173 883 1303 883 1304 883 1173 883 1173 883 1304 883 1171 883 1172 883 1305 883 1173 883 1305 883 1306 883 1173 883 1173 883 1306 883 1229 883 1306 883 1307 883 1229 883 1229 883 1307 883 1230 883 1308 883 1309 883 1310 883 1311 883 1189 883 1312 883 1189 883 1313 883 1312 883 1311 883 1314 883 1189 883 1314 883 1315 883 1189 883 1189 883 1315 883 1187 883 461 883 463 883 485 883 463 883 465 883 485 883 473 883 477 883 471 883 461 883 485 883 459 883 485 883 487 883 459 883 459 883 487 883 489 883 489 883 491 883 459 883 491 883 493 883 459 883 459 883 493 883 495 883 579 883 581 883 532 883 581 883 583 883 532 883 532 883 583 883 585 883 1159 883 1316 883 1160 883 1316 883 1317 883 1160 883 1160 883 1317 883 1318 883 1318 883 1319 883 1160 883 1319 883 1320 883 1160 883 1160 883 1320 883 1231 883 1233 883 1321 883 1160 883 1321 883 1322 883 1160 883 1160 883 1322 883 1323 883 1323 883 1324 883 1160 883 1324 883 1325 883 1160 883 1160 883 1325 883 1166 883 1160 883 1326 883 1327 883 1327 883 1328 883 1160 883 1328 883 1329 883 1160 883 1160 883 1329 883 1330 883 1246 883 1331 883 1160 883 1331 883 1332 883 1160 883 1160 883 1332 883 1158 883 1333 883 1334 883 1209 883 1334 883 1335 883 1209 883 1209 883 1335 883 1336 883 1249 883 1337 883 1209 883 1337 883 1338 883 1209 883 1209 883 1338 883 1254 883 1252 883 1339 883 1209 883 1339 883 1340 883 1209 883 1209 883 1340 883 1341 883 1341 883 1342 883 1209 883 1342 883 1343 883 1209 883 1209 883 1343 883 1344 883 1202 883 1345 883 1181 883 1345 883 1346 883 1181 883 1181 883 1346 883 1347 883 1348 883 1181 883 1349 883 1181 883 1350 883 1349 883 1351 883 1352 883 1353 883 1352 883 1354 883 1353 883 1353 883 1354 883 1355 883 1351 883 1356 883 1352 883 1356 883 1357 883 1352 883 1352 883 1357 883 1358 883 1212 883 1359 883 1255 883 1359 883 1360 883 1255 883 1255 883 1360 883 1190 883 1360 883 1361 883 1190 883 1190 883 1361 883 1191 883 1259 883 1362 883 1196 883 1362 883 1363 883 1196 883 1196 883 1363 883 1260 883 1265 883 1364 883 1181 883 1364 883 1365 883 1181 883 1181 883 1365 883 1266 883 1271 883 1366 883 1185 883 1366 883 1367 883 1185 883 1185 883 1367 883 1193 883 1273 883 1368 883 1186 883 1368 883 1369 883 1186 883 1186 883 1369 883 1184 883 1275 883 1370 883 1196 883 1370 883 1371 883 1196 883 1196 883 1371 883 1194 883 1220 883 1372 883 1196 883 1372 883 1373 883 1196 883 1196 883 1373 883 1283 883 1374 883 1375 883 1256 883 1287 883 1376 883 1170 883 1376 883 1377 883 1170 883 1170 883 1377 883 1378 883 1292 883 1379 883 1170 883 1379 883 1380 883 1170 883 1170 883 1380 883 1381 883 1381 883 1382 883 1170 883 1382 883 1383 883 1170 883 1170 883 1383 883 1384 883 1226 883 1197 883 1227 883 1197 883 1170 883 1227 883 1227 883 1170 883 1385 883 1170 883 1299 883 1385 883 1301 883 1386 883 1387 883 1388 883 1389 883 1390 883 1389 883 1391 883 1390 883 471 883 477 883 469 883 477 883 479 883 469 883 469 883 479 883 481 883 532 883 535 883 537 883 549 883 551 883 532 883 551 883 553 883 532 883 565 883 567 883 532 883 567 883 569 883 532 883 532 883 569 883 571 883 1242 883 1392 883 1160 883 1392 883 1393 883 1160 883 1160 883 1393 883 1326 883 1179 883 1394 883 1180 883 1394 883 1395 883 1180 883 1180 883 1395 883 1245 883 1395 883 1396 883 1245 883 1245 883 1396 883 1243 883 1397 883 1398 883 1399 883 1400 883 1401 883 1402 883 1401 883 1403 883 1402 883 1402 883 1403 883 1404 883 1404 883 1405 883 1402 883 1405 883 1406 883 1402 883 1402 883 1406 883 1407 883 1336 883 1408 883 1209 883 1408 883 1409 883 1209 883 1209 883 1409 883 1410 883 1410 883 1411 883 1209 883 1411 883 1412 883 1209 883 1209 883 1412 883 1251 883 1347 883 1413 883 1181 883 1413 883 1414 883 1181 883 1181 883 1414 883 1415 883 1415 883 1416 883 1181 883 1416 883 1417 883 1181 883 1181 883 1417 883 1350 883 1353 883 1418 883 1419 883 1420 883 1421 883 1353 883 1421 883 1422 883 1353 883 1423 883 1424 883 1425 883 1424 883 1426 883 1425 883 1348 883 1427 883 1181 883 1427 883 1352 883 1181 883 1181 883 1352 883 1428 883 1352 883 1358 883 1428 883 1211 883 1210 883 1429 883 1210 883 1430 883 1429 883 1429 883 1430 883 1431 883 1274 883 1196 883 1185 883 1196 883 1432 883 1185 883 1185 883 1432 883 1270 883 1186 883 1433 883 1434 883 1375 883 1435 883 1256 883 1435 883 1436 883 1256 883 1256 883 1436 883 1437 883 1438 883 1439 883 1440 883 1439 883 1441 883 1440 883 1170 883 1442 883 1284 883 1442 883 1439 883 1284 883 1284 883 1439 883 1443 883 1439 883 1438 883 1443 883 1378 883 1444 883 1170 883 1444 883 1445 883 1170 883 1170 883 1445 883 1288 883 1384 883 1446 883 1170 883 1446 883 1447 883 1170 883 1170 883 1447 883 1293 883 1448 883 1449 883 1223 883 1450 883 1451 883 1300 883 1451 883 1452 883 1300 883 1300 883 1452 883 1453 883 1453 883 1454 883 1300 883 1454 883 1455 883 1300 883 1300 883 1455 883 1456 883 1390 883 1457 883 1458 883 1459 883 1460 883 1461 883 1460 883 1462 883 1461 883 1461 883 1462 883 1300 883 1462 883 1463 883 1300 883 1300 883 1463 883 1223 883 1463 883 1464 883 1223 883 1223 883 1464 883 1224 883 1390 883 1465 883 1466 883 465 883 467 883 485 883 467 883 469 883 485 883 485 883 469 883 483 883 469 883 481 883 483 883 501 883 503 883 459 883 503 883 505 883 459 883 459 883 505 883 507 883 537 883 539 883 532 883 539 883 541 883 532 883 532 883 541 883 543 883 543 883 545 883 532 883 545 883 547 883 532 883 532 883 547 883 549 883 553 883 555 883 532 883 555 883 557 883 532 883 532 883 557 883 559 883 559 883 561 883 532 883 561 883 563 883 532 883 532 883 563 883 565 883 585 883 587 883 532 883 587 883 589 883 532 883 532 883 589 883 591 883 591 883 593 883 532 883 593 883 595 883 532 883 532 883 595 883 597 883 1467 883 1468 883 1469 883 1468 883 1470 883 1469 883 1330 883 1471 883 1160 883 1471 883 1468 883 1160 883 1160 883 1468 883 1472 883 1468 883 1467 883 1472 883 1473 883 1474 883 1475 883 1476 883 1245 883 1477 883 1245 883 1478 883 1477 883 1477 883 1478 883 1479 883 1479 883 1480 883 1477 883 1480 883 1481 883 1477 883 1477 883 1481 883 1482 883 1397 883 1399 883 1483 883 1484 883 1485 883 1486 883 1485 883 1487 883 1486 883 1476 883 1488 883 1245 883 1488 883 1489 883 1245 883 1245 883 1489 883 1490 883 1490 883 1491 883 1245 883 1491 883 1492 883 1245 883 1245 883 1492 883 1493 883 1494 883 1495 883 1245 883 1495 883 1496 883 1245 883 1333 883 1209 883 1402 883 1209 883 1497 883 1402 883 1402 883 1497 883 1400 883 1496 883 1498 883 1245 883 1498 883 1207 883 1245 883 1245 883 1207 883 1180 883 1207 883 1209 883 1180 883 1180 883 1209 883 1499 883 1209 883 1500 883 1499 883 1355 883 1501 883 1353 883 1501 883 1502 883 1353 883 1353 883 1502 883 1418 883 1419 883 1503 883 1353 883 1503 883 1504 883 1353 883 1353 883 1504 883 1420 883 1423 883 1505 883 1424 883 1505 883 1353 883 1424 883 1424 883 1353 883 1506 883 1353 883 1422 883 1506 883 1164 883 1507 883 1165 883 1507 883 1508 883 1165 883 1165 883 1508 883 1509 883 1508 883 1510 883 1509 883 1510 883 1511 883 1509 883 1511 883 1512 883 1509 883 1509 883 1512 883 1513 883 1512 883 1431 883 1513 883 1513 883 1431 883 1514 883 1431 883 1430 883 1514 883 1434 883 1515 883 1186 883 1515 883 1516 883 1186 883 1186 883 1516 883 1272 883 1201 883 1517 883 1170 883 1517 883 1518 883 1170 883 1170 883 1518 883 1519 883 1437 883 1520 883 1256 883 1520 883 1521 883 1256 883 1256 883 1521 883 1145 883 1521 883 1522 883 1145 883 1145 883 1522 883 1143 883 1458 883 1523 883 1390 883 1523 883 1524 883 1390 883 1390 883 1524 883 1388 883 1466 883 1525 883 1390 883 1525 883 1526 883 1390 883 1390 883 1526 883 1527 883 1308 883 1528 883 1309 883 1528 883 1529 883 1309 883 1309 883 1529 883 1530 883 1529 883 1228 883 1530 883 1530 883 1228 883 1531 883 1228 883 1230 883 1531 883 1532 883 1533 883 1313 883 1533 883 1534 883 1313 883 1313 883 1534 883 1535 883 1457 883 1390 883 1535 883 1390 883 1536 883 1535 883 1535 883 1536 883 1313 883 509 883 511 883 459 883 511 883 513 883 459 883 459 883 513 883 515 883 597 883 599 883 532 883 599 883 601 883 532 883 532 883 601 883 603 883 1244 883 1537 883 1245 883 1537 883 1538 883 1245 883 1245 883 1538 883 1539 883 1540 883 1541 883 1398 883 1541 883 1542 883 1398 883 1398 883 1542 883 1399 883 1483 883 1399 883 1486 883 1399 883 1543 883 1486 883 1486 883 1543 883 1484 883 1482 883 1544 883 1477 883 1544 883 1486 883 1477 883 1477 883 1486 883 1545 883 1486 883 1487 883 1545 883 1493 883 1546 883 1245 883 1546 883 1547 883 1245 883 1245 883 1547 883 1548 883 1344 883 1549 883 1209 883 1549 883 1550 883 1209 883 1209 883 1550 883 1500 883 1551 883 1552 883 1223 883 1552 883 1553 883 1223 883 1554 883 1555 883 1223 883 1555 883 1556 883 1223 883 1557 883 1558 883 1223 883 1558 883 1559 883 1223 883 1223 883 1559 883 1301 883 1560 883 1561 883 1300 883 1562 883 1563 883 1300 883 1563 883 1564 883 1300 883 1300 883 1564 883 1450 883 1456 883 1565 883 1300 883 1565 883 1566 883 1300 883 1300 883 1566 883 1567 883 1567 883 1568 883 1300 883 1568 883 1569 883 1300 883 1300 883 1569 883 1570 883 1571 883 1572 883 1573 883 1524 883 1574 883 1388 883 1574 883 1575 883 1388 883 1388 883 1575 883 1461 883 1575 883 1576 883 1461 883 1461 883 1576 883 1459 883 1577 883 1578 883 1390 883 1578 883 1579 883 1390 883 1390 883 1579 883 1465 883 1527 883 1580 883 1390 883 1580 883 1581 883 1390 883 1390 883 1581 883 1582 883 1581 883 1583 883 1582 883 1310 883 1584 883 1308 883 1584 883 1585 883 1308 883 1308 883 1585 883 1189 883 1585 883 1586 883 1189 883 1189 883 1586 883 1313 883 1586 883 1587 883 1313 883 1313 883 1587 883 1532 883 515 883 517 883 459 883 517 883 519 883 459 883 459 883 519 883 521 883 521 883 523 883 459 883 523 883 525 883 459 883 459 883 525 883 527 883 603 883 605 883 532 883 605 883 607 883 532 883 532 883 607 883 1159 883 607 883 1588 883 1159 883 1159 883 1588 883 1316 883 1245 883 1589 883 1590 883 1475 883 1474 883 1160 883 1474 883 1591 883 1160 883 1160 883 1591 883 1248 883 1548 883 1592 883 1245 883 1592 883 1593 883 1245 883 1245 883 1593 883 1494 883 1519 883 1594 883 1170 883 1594 883 1595 883 1170 883 1170 883 1595 883 1596 883 1597 883 1598 883 1599 883 1553 883 1600 883 1223 883 1600 883 1601 883 1223 883 1223 883 1601 883 1602 883 1602 883 1603 883 1223 883 1603 883 1604 883 1223 883 1223 883 1604 883 1605 883 1605 883 1606 883 1223 883 1606 883 1607 883 1223 883 1223 883 1607 883 1554 883 1556 883 1608 883 1223 883 1608 883 1609 883 1223 883 1223 883 1609 883 1448 883 1301 883 1387 883 1300 883 1387 883 1610 883 1300 883 1300 883 1610 883 1560 883 1561 883 1611 883 1300 883 1611 883 1612 883 1300 883 1300 883 1612 883 1613 883 1613 883 1614 883 1300 883 1614 883 1615 883 1300 883 1300 883 1615 883 1562 883 1573 883 1572 883 1616 883 1391 883 1617 883 1390 883 1617 883 1618 883 1390 883 1390 883 1618 883 1619 883 1620 883 1390 883 1621 883 1390 883 1622 883 1621 883 1620 883 1623 883 1390 883 1623 883 1624 883 1390 883 1390 883 1624 883 1577 883 1583 883 1581 883 1625 883 1581 883 1626 883 1625 883 1625 883 1626 883 1627 883 1539 883 1628 883 1245 883 1628 883 1629 883 1245 883 1245 883 1629 883 1630 883 1449 883 1631 883 1223 883 1631 883 1632 883 1223 883 1223 883 1632 883 1633 883 1634 883 1635 883 1636 883 1619 883 1637 883 1390 883 1637 883 1638 883 1390 883 1390 883 1638 883 1622 883 1627 883 1639 883 1625 883 1639 883 1640 883 1625 883 1625 883 1640 883 1641 883 1641 883 1642 883 1625 883 1642 883 1643 883 1625 883 1625 883 1643 883 1644 883 1644 883 1645 883 1625 883 1645 883 1646 883 1625 883 1625 883 1646 883 1647 883 1630 883 1648 883 1245 883 1648 883 1649 883 1245 883 1245 883 1649 883 1650 883 1245 883 1590 883 1475 883 1590 883 1651 883 1475 883 1475 883 1651 883 1473 883 1551 883 1223 883 1599 883 1223 883 1652 883 1599 883 1599 883 1652 883 1597 883 1653 883 1654 883 1598 883 1654 883 1655 883 1598 883 1598 883 1655 883 1599 883 1570 883 1656 883 1300 883 1656 883 1657 883 1300 883 1300 883 1657 883 1572 883 1657 883 1658 883 1572 883 1572 883 1658 883 1616 883 1634 883 1636 883 1659 883 1650 883 1660 883 1245 883 1660 883 1661 883 1245 883 1245 883 1661 883 1589 883 1596 883 1662 883 1170 883 1662 883 1663 883 1170 883 1170 883 1663 883 1664 883 1663 883 1665 883 1664 883 1664 883 1665 883 1281 883 1665 883 1666 883 1281 883 1281 883 1666 883 1196 883 1666 883 1667 883 1196 883 1196 883 1667 883 1668 883 1668 883 1669 883 1196 883 1669 883 1670 883 1196 883 1196 883 1670 883 1671 883 1671 883 1672 883 1196 883 1672 883 1673 883 1196 883 1196 883 1673 883 1256 883 1673 883 1674 883 1256 883 1256 883 1674 883 1374 883 1633 883 1675 883 1223 883 1675 883 1676 883 1223 883 1223 883 1676 883 1677 883 1677 883 1678 883 1223 883 1678 883 1679 883 1223 883 1223 883 1679 883 1557 883 1659 883 1636 883 1573 883 1636 883 1680 883 1573 883 1573 883 1680 883 1571 883 1189 883 1681 883 1682 883 1683 883 1684 883 1685 883 1686 883 1687 883 1688 883 1689 883 1690 883 1691 883 1690 883 1692 883 1691 883 1693 883 1694 883 1695 883 1688 883 1687 883 683 883 1696 883 1697 883 1189 883 1697 883 1698 883 1189 883 1189 883 1698 883 1681 883 1699 883 1700 883 1701 883 1702 883 1703 883 1689 883 1695 883 1704 883 1693 883 1704 883 1705 883 1693 883 1693 883 1705 883 1685 883 1705 883 1706 883 1685 883 1685 883 1706 883 1683 883 1707 883 1708 883 1709 883 1710 883 1711 883 1712 883 1713 883 1712 883 1714 883 1712 883 1715 883 1714 883 1692 883 1716 883 1691 883 1716 883 1712 883 1691 883 1691 883 1712 883 1717 883 1712 883 1713 883 1717 883 1718 883 1719 883 1720 883 1719 883 1721 883 1720 883 1682 883 1690 883 1189 883 1690 883 1689 883 1189 883 1189 883 1689 883 1722 883 1689 883 1703 883 1722 883 1684 883 1723 883 1685 883 1723 883 1724 883 1685 883 1685 883 1724 883 1725 883 1724 883 1726 883 1725 883 1726 883 1727 883 1725 883 1725 883 1727 883 1728 883 1729 883 1730 883 1731 883 1732 883 1731 883 1733 883 1731 883 1734 883 1733 883 683 883 1731 883 608 883 1731 883 1735 883 608 883 1736 883 683 883 1737 883 683 883 1738 883 1737 883 1736 883 1739 883 683 883 1739 883 1740 883 683 883 683 883 1740 883 1741 883 1741 883 1742 883 683 883 1742 883 1743 883 683 883 683 883 1743 883 1744 883 1745 883 1746 883 1688 883 1746 883 1747 883 1688 883 1688 883 1747 883 1748 883 1698 883 1749 883 1681 883 1749 883 1750 883 1681 883 1681 883 1750 883 1751 883 1751 883 1752 883 1681 883 1752 883 1753 883 1681 883 1681 883 1753 883 1754 883 1754 883 1755 883 1681 883 1755 883 1756 883 1681 883 1681 883 1756 883 1757 883 1757 883 1758 883 1681 883 1758 883 1709 883 1681 883 1681 883 1709 883 1759 883 1707 883 1709 883 1760 883 1708 883 1761 883 1709 883 1761 883 1762 883 1709 883 1709 883 1762 883 1759 883 1711 883 1763 883 1712 883 1763 883 1764 883 1712 883 1712 883 1764 883 1765 883 1765 883 1766 883 1712 883 1766 883 1767 883 1712 883 1712 883 1767 883 1768 883 1769 883 1770 883 1721 883 1721 883 1771 883 1772 883 729 883 731 883 757 883 1700 883 1773 883 1701 883 1773 883 1774 883 1701 883 1701 883 1774 883 1775 883 1776 883 1777 883 1778 883 1699 883 1701 883 1712 883 1701 883 1779 883 1712 883 1712 883 1779 883 1710 883 1768 883 1780 883 1712 883 1780 883 1781 883 1712 883 1712 883 1781 883 1782 883 1712 883 1783 883 1784 883 1772 883 1785 883 1721 883 1785 883 1786 883 1721 883 1721 883 1786 883 1787 883 1788 883 1789 883 1790 883 1789 883 1791 883 1790 883 1792 883 1793 883 1719 883 1793 883 1794 883 1719 883 1719 883 1794 883 1795 883 1795 883 1796 883 1719 883 1796 883 1689 883 1719 883 1719 883 1689 883 1797 883 1689 883 1691 883 1797 883 1797 883 1691 883 1798 883 1799 883 1689 883 1800 883 1689 883 1801 883 1800 883 1800 883 1801 883 1802 883 1801 883 1688 883 1802 883 1802 883 1688 883 1803 883 1804 883 1805 883 1689 883 1806 883 1807 883 1808 883 1809 883 1810 883 1811 883 1687 883 1812 883 683 883 1812 883 1813 883 683 883 683 883 1813 883 1731 883 1813 883 1814 883 1731 883 1731 883 1814 883 1729 883 1732 883 1815 883 1731 883 1815 883 1816 883 1731 883 1731 883 1816 883 1817 883 1818 883 1819 883 1820 883 1819 883 1821 883 1820 883 621 883 623 883 683 883 623 883 625 883 683 883 683 883 625 883 627 883 627 883 629 883 683 883 629 883 631 883 683 883 683 883 631 883 633 883 653 883 683 883 651 883 683 883 649 883 651 883 1822 883 1823 883 1142 883 1823 883 1824 883 1142 883 1748 883 1825 883 1688 883 1825 883 1826 883 1688 883 1688 883 1826 883 1827 883 705 883 757 883 703 883 757 883 701 883 703 883 1828 883 1829 883 1830 883 1829 883 1831 883 1830 883 1830 883 1831 883 1832 883 1760 883 1709 883 1833 883 1709 883 1834 883 1833 883 1833 883 1834 883 1835 883 1835 883 1836 883 1833 883 1836 883 1837 883 1833 883 1833 883 1837 883 1838 883 1838 883 1839 883 1833 883 1839 883 1840 883 1833 883 1833 883 1840 883 1841 883 1841 883 1842 883 1833 883 1842 883 1843 883 1833 883 1833 883 1843 883 1844 883 1775 883 1845 883 1701 883 1845 883 1776 883 1701 883 1701 883 1776 883 1846 883 1776 883 1778 883 1846 883 1782 883 1847 883 1712 883 1847 883 1848 883 1712 883 1712 883 1848 883 1783 883 1784 883 1849 883 1712 883 1849 883 1850 883 1712 883 1712 883 1850 883 1715 883 1770 883 1851 883 1721 883 1851 883 1852 883 1721 883 1721 883 1852 883 1771 883 1787 883 1853 883 1721 883 1853 883 1790 883 1721 883 1721 883 1790 883 1854 883 1790 883 1791 883 1854 883 1718 883 1855 883 1719 883 1855 883 1856 883 1719 883 1719 883 1856 883 1792 883 1805 883 1857 883 1689 883 1857 883 1858 883 1689 883 1689 883 1858 883 1859 883 1728 883 1860 883 1725 883 1860 883 1861 883 1725 883 1725 883 1861 883 1807 883 1861 883 1862 883 1807 883 1807 883 1862 883 1808 883 1863 883 1864 883 1865 883 1865 883 1866 883 1863 883 1866 883 1867 883 1863 883 1863 883 1867 883 1868 883 1869 883 1811 883 1688 883 1811 883 1870 883 1688 883 1688 883 1870 883 1871 883 1871 883 1872 883 1688 883 1872 883 1873 883 1688 883 1688 883 1873 883 1874 883 1874 883 1875 883 1688 883 1875 883 1876 883 1688 883 1688 883 1876 883 1877 883 1878 883 1688 883 1879 883 1688 883 1880 883 1879 883 1730 883 1881 883 1731 883 1881 883 1882 883 1731 883 1731 883 1882 883 1883 883 1731 883 1884 883 1885 883 1819 883 1886 883 1821 883 1886 883 1887 883 1821 883 1821 883 1887 883 1888 883 643 883 683 883 641 883 683 883 639 883 641 883 643 883 645 883 683 883 645 883 647 883 683 883 683 883 647 883 649 883 684 883 1889 883 1890 883 1889 883 1891 883 1890 883 1891 883 1892 883 1890 883 1892 883 1893 883 1890 883 1890 883 1893 883 683 883 1893 883 1894 883 683 883 683 883 1894 883 1738 883 1744 883 1895 883 683 883 1895 883 1896 883 683 883 683 883 1896 883 1688 883 1896 883 1897 883 1688 883 1688 883 1897 883 1745 883 759 883 684 883 757 883 684 883 687 883 757 883 757 883 687 883 689 883 705 883 707 883 757 883 707 883 709 883 757 883 757 883 709 883 711 883 711 883 713 883 757 883 713 883 715 883 757 883 757 883 715 883 717 883 717 883 719 883 757 883 719 883 721 883 757 883 757 883 721 883 723 883 1898 883 1899 883 1830 883 1899 883 1900 883 1830 883 1830 883 1900 883 1901 883 1844 883 1902 883 1833 883 1902 883 1903 883 1833 883 1833 883 1903 883 1904 883 1903 883 1905 883 1904 883 1906 883 1788 883 1907 883 1788 883 1908 883 1907 883 1799 883 1909 883 1689 883 1909 883 1910 883 1689 883 1689 883 1910 883 1804 883 1910 883 1911 883 1804 883 1804 883 1911 883 1693 883 1911 883 1912 883 1693 883 1693 883 1912 883 1694 883 1859 883 1913 883 1689 883 1913 883 1914 883 1689 883 1689 883 1914 883 1702 883 1863 883 1915 883 1864 883 1915 883 1916 883 1864 883 1864 883 1916 883 1917 883 1916 883 1806 883 1917 883 1917 883 1806 883 1918 883 1806 883 1808 883 1918 883 1822 883 1142 883 1868 883 1142 883 1919 883 1868 883 1868 883 1919 883 1863 883 1869 883 1920 883 1811 883 1920 883 1921 883 1811 883 1811 883 1921 883 1922 883 1922 883 1923 883 1811 883 1923 883 1924 883 1811 883 1811 883 1924 883 1809 883 1877 883 1925 883 1688 883 1925 883 1926 883 1688 883 1688 883 1926 883 1880 883 1878 883 1927 883 1688 883 1927 883 1928 883 1688 883 1688 883 1928 883 1686 883 1929 883 1930 883 1818 883 1930 883 1931 883 1818 883 1818 883 1931 883 1819 883 1929 883 1932 883 1930 883 1932 883 1933 883 1930 883 1930 883 1933 883 1934 883 1888 883 1935 883 1821 883 1935 883 1936 883 1821 883 1821 883 1936 883 1937 883 1817 883 1938 883 1731 883 1938 883 1821 883 1731 883 1731 883 1821 883 1939 883 1821 883 1937 883 1939 883 608 883 611 883 683 883 611 883 613 883 683 883 683 883 613 883 615 883 633 883 635 883 683 883 635 883 637 883 683 883 683 883 637 883 639 883 653 883 655 883 683 883 655 883 657 883 683 883 683 883 657 883 659 883 1827 883 1940 883 1688 883 1940 883 1941 883 1688 883 1688 883 1941 883 1942 883 689 883 691 883 757 883 691 883 693 883 757 883 757 883 693 883 695 883 723 883 725 883 757 883 725 883 727 883 757 883 757 883 727 883 729 883 1188 883 1943 883 1189 883 1943 883 1944 883 1189 883 1189 883 1944 883 1696 883 1944 883 1945 883 1696 883 1696 883 1945 883 1830 883 1945 883 1946 883 1830 883 1830 883 1946 883 1947 883 1947 883 1948 883 1830 883 1948 883 1949 883 1830 883 1830 883 1949 883 1828 883 1832 883 1950 883 1830 883 1950 883 1951 883 1830 883 1830 883 1951 883 1898 883 1952 883 1953 883 1903 883 1953 883 1954 883 1903 883 1903 883 1954 883 1905 883 1719 883 1955 883 1721 883 1955 883 1956 883 1721 883 1721 883 1956 883 1957 883 1906 883 1958 883 1788 883 1958 883 1959 883 1788 883 1788 883 1959 883 1789 883 1810 883 1960 883 1961 883 1883 883 1962 883 1731 883 1962 883 1963 883 1731 883 1731 883 1963 883 1884 883 1885 883 1964 883 1731 883 1964 883 1965 883 1731 883 1731 883 1965 883 1734 883 615 883 617 883 683 883 617 883 619 883 683 883 683 883 619 883 621 883 663 883 677 883 679 883 1824 883 1966 883 1142 883 1966 883 1967 883 1142 883 1142 883 1967 883 684 883 1967 883 1968 883 684 883 684 883 1968 883 1889 883 731 883 733 883 757 883 733 883 735 883 757 883 757 883 735 883 737 883 737 883 739 883 757 883 739 883 741 883 757 883 757 883 741 883 743 883 743 883 745 883 757 883 745 883 747 883 757 883 757 883 747 883 749 883 749 883 751 883 757 883 751 883 753 883 757 883 757 883 753 883 755 883 1969 883 1970 883 1900 883 1970 883 1971 883 1900 883 1900 883 1971 883 1972 883 1972 883 1973 883 1900 883 1973 883 1974 883 1900 883 1900 883 1974 883 1975 883 1900 883 1976 883 1977 883 1957 883 1978 883 1721 883 1978 883 1979 883 1721 883 1721 883 1979 883 1769 883 1810 883 1980 883 1981 883 1961 883 1982 883 1810 883 1982 883 1983 883 1810 883 1810 883 1983 883 1811 883 659 883 661 883 683 883 661 883 663 883 683 883 683 883 663 883 681 883 663 883 679 883 681 883 1942 883 1984 883 1688 883 1984 883 1985 883 1688 883 1688 883 1985 883 1986 883 695 883 697 883 757 883 697 883 699 883 757 883 757 883 699 883 701 883 1975 883 1987 883 1900 883 1987 883 1988 883 1900 883 1900 883 1988 883 1976 883 1981 883 1989 883 1810 883 1989 883 1990 883 1810 883 1810 883 1990 883 1991 883 1991 883 1992 883 1810 883 1992 883 1993 883 1810 883 1810 883 1993 883 1960 883 663 883 665 883 677 883 665 883 667 883 677 883 677 883 667 883 669 883 669 883 671 883 677 883 671 883 673 883 677 883 677 883 673 883 675 883 1986 883 1994 883 1688 883 1994 883 1995 883 1688 883 1688 883 1995 883 1996 883 1977 883 1997 883 1900 883 1997 883 1998 883 1900 883 1900 883 1998 883 1901 883 1996 883 1999 883 1688 883 1999 883 2000 883 1688 883 1688 883 2000 883 1803 883 835 883 760 883 763 883 836 883 2001 883 2002 883 1045 883 1047 883 991 883 1047 883 988 883 991 883 779 883 835 883 777 883 835 883 775 883 777 883 907 883 909 883 836 883 909 883 911 883 836 883 836 883 911 883 2001 883 911 883 2003 883 2001 883 2001 883 2003 883 912 883 779 883 781 883 835 883 781 883 783 883 835 883 835 883 783 883 785 883 2002 883 2004 883 836 883 2004 883 2005 883 836 883 836 883 2005 883 2006 883 2005 883 1919 883 2006 883 2006 883 1919 883 835 883 1919 883 1142 883 835 883 835 883 1142 883 760 883 941 883 943 883 931 883 965 883 912 883 963 883 912 883 961 883 963 883 965 883 967 883 912 883 967 883 969 883 912 883 912 883 969 883 971 883 1025 883 1027 883 991 883 763 883 765 883 835 883 765 883 767 883 835 883 835 883 767 883 769 883 769 883 771 883 835 883 771 883 773 883 835 883 835 883 773 883 775 883 917 883 919 883 959 883 919 883 921 883 959 883 959 883 921 883 923 883 931 883 943 883 929 883 947 883 949 883 927 883 971 883 973 883 912 883 973 883 975 883 912 883 912 883 975 883 977 883 785 883 787 883 835 883 787 883 789 883 835 883 835 883 789 883 791 883 791 883 793 883 835 883 793 883 795 883 835 883 835 883 795 883 797 883 797 883 799 883 835 883 799 883 801 883 835 883 835 883 801 883 833 883 895 883 836 883 893 883 836 883 839 883 893 883 895 883 897 883 836 883 897 883 899 883 836 883 836 883 899 883 901 883 901 883 903 883 836 883 903 883 905 883 836 883 836 883 905 883 907 883 935 883 937 883 939 883 977 883 979 883 912 883 979 883 981 883 912 883 912 883 981 883 983 883 1027 883 1029 883 991 883 1029 883 1031 883 991 883 991 883 1031 883 1033 883 1039 883 1041 883 991 883 1041 883 1043 883 991 883 991 883 1043 883 1045 883 803 883 829 883 801 883 829 883 831 883 801 883 801 883 831 883 833 883 961 883 912 883 959 883 912 883 915 883 959 883 959 883 915 883 917 883 929 883 943 883 927 883 943 883 945 883 927 883 927 883 945 883 947 883 923 883 925 883 959 883 925 883 927 883 959 883 959 883 927 883 957 883 927 883 955 883 957 883 983 883 985 883 912 883 985 883 987 883 912 883 912 883 987 883 2001 883 987 883 2007 883 2001 883 2001 883 2007 883 988 883 839 883 841 883 893 883 841 883 843 883 893 883 893 883 843 883 845 883 845 883 847 883 893 883 847 883 849 883 893 883 893 883 849 883 851 883 859 883 861 883 879 883 881 883 883 883 855 883 941 883 931 883 939 883 931 883 933 883 939 883 939 883 933 883 935 883 949 883 951 883 927 883 951 883 953 883 927 883 927 883 953 883 955 883 1017 883 1019 883 1007 883 1033 883 1035 883 991 883 1035 883 1037 883 991 883 991 883 1037 883 1039 883 825 883 813 883 815 883 1023 883 1001 883 1003 883 1009 883 1011 883 1013 883 803 883 805 883 829 883 805 883 807 883 829 883 829 883 807 883 809 883 825 883 827 883 813 883 827 883 829 883 813 883 813 883 829 883 811 883 829 883 809 883 811 883 815 883 817 883 825 883 817 883 819 883 825 883 825 883 819 883 823 883 819 883 821 883 823 883 881 883 855 883 879 883 855 883 857 883 879 883 879 883 857 883 859 883 883 883 885 883 855 883 885 883 887 883 855 883 855 883 887 883 889 883 1025 883 991 883 1023 883 991 883 993 883 1023 883 1023 883 993 883 995 883 1019 883 1021 883 1007 883 1021 883 1023 883 1007 883 1007 883 1023 883 1005 883 1023 883 1003 883 1005 883 867 883 869 883 879 883 869 883 871 883 879 883 871 883 873 883 879 883 873 883 875 883 879 883 879 883 875 883 877 883 851 883 853 883 893 883 853 883 855 883 893 883 893 883 855 883 891 883 855 883 889 883 891 883 995 883 997 883 1023 883 997 883 999 883 1023 883 1023 883 999 883 1001 883 1009 883 1013 883 1007 883 1013 883 1015 883 1007 883 1007 883 1015 883 1017 883 861 883 863 883 879 883 863 883 865 883 879 883 879 883 865 883 867 883 2008 883 2009 883 455 883 2009 883 2010 883 455 883 2010 883 2011 883 455 883 455 883 2011 883 1140 883 1061 883 1063 883 2001 883 73 883 75 883 0 883 2008 883 455 883 1509 883 455 883 2012 883 1509 883 1509 883 2012 883 1165 883 2013 883 2014 883 1139 883 2015 883 2016 883 2017 883 2014 883 2018 883 1139 883 2018 883 2019 883 1139 883 1139 883 2019 883 1137 883 151 883 2020 883 152 883 169 883 171 883 227 883 171 883 173 883 227 883 173 883 175 883 227 883 175 883 177 883 227 883 227 883 177 883 179 883 215 883 217 883 189 883 359 883 361 883 307 883 2021 883 2022 883 2023 883 1089 883 1091 883 2019 883 1091 883 1093 883 2019 883 2019 883 1093 883 1095 883 1095 883 1097 883 2019 883 1097 883 1099 883 2019 883 2019 883 1099 883 1101 883 2024 883 2025 883 227 883 157 883 227 883 155 883 227 883 152 883 155 883 157 883 159 883 227 883 159 883 161 883 227 883 227 883 161 883 163 883 163 883 165 883 227 883 165 883 167 883 227 883 227 883 167 883 169 883 191 883 193 883 211 883 193 883 195 883 211 883 211 883 195 883 209 883 1053 883 1055 883 2001 883 423 883 425 883 383 883 425 883 427 883 383 883 427 883 429 883 383 883 429 883 431 883 383 883 383 883 431 883 433 883 37 883 39 883 0 883 39 883 41 883 0 883 0 883 41 883 43 883 2019 883 2026 883 1064 883 2026 883 2027 883 1064 883 2027 883 2028 883 1064 883 2028 883 2029 883 1064 883 1064 883 2029 883 2030 883 2029 883 2031 883 2030 883 2030 883 2031 883 2032 883 1101 883 1103 883 2019 883 1103 883 1105 883 2019 883 2019 883 1105 883 1107 883 1107 883 1109 883 2019 883 1109 883 1111 883 2019 883 2019 883 1111 883 1113 883 1135 883 1137 883 1123 883 91 883 93 883 151 883 93 883 95 883 151 883 151 883 95 883 97 883 97 883 99 883 151 883 99 883 101 883 151 883 151 883 101 883 103 883 103 883 105 883 151 883 105 883 107 883 151 883 151 883 107 883 109 883 179 883 181 883 227 883 181 883 183 883 227 883 227 883 183 883 185 883 191 883 211 883 189 883 211 883 213 883 189 883 189 883 213 883 215 883 228 883 231 883 303 883 231 883 233 883 303 883 303 883 259 883 261 883 359 883 307 883 357 883 307 883 309 883 357 883 357 883 309 883 311 883 327 883 329 883 353 883 1053 883 2001 883 1051 883 1055 883 1057 883 2001 883 1057 883 1059 883 2001 883 2001 883 1059 883 1061 883 433 883 435 883 383 883 435 883 437 883 383 883 383 883 437 883 439 883 439 883 441 883 383 883 441 883 443 883 383 883 383 883 443 883 445 883 5 883 7 883 29 883 31 883 33 883 0 883 33 883 35 883 0 883 0 883 35 883 37 883 43 883 45 883 0 883 45 883 47 883 0 883 0 883 47 883 49 883 2032 883 2033 883 2030 883 2033 883 2034 883 2030 883 2030 883 2034 883 75 883 1083 883 1085 883 2019 883 1085 883 1087 883 2019 883 2019 883 1087 883 1089 883 1123 883 1137 883 1121 883 2015 883 2017 883 303 883 2017 883 2035 883 303 883 303 883 2035 883 228 883 2035 883 2036 883 228 883 228 883 2036 883 2037 883 2036 883 2038 883 2037 883 2037 883 2038 883 227 883 2038 883 2039 883 227 883 227 883 2039 883 2024 883 79 883 81 883 151 883 81 883 83 883 151 883 151 883 83 883 85 883 197 883 199 883 201 883 217 883 219 883 189 883 219 883 221 883 189 883 189 883 221 883 223 883 185 883 187 883 227 883 187 883 189 883 227 883 227 883 189 883 225 883 189 883 223 883 225 883 245 883 247 883 303 883 295 883 297 883 265 883 297 883 299 883 265 883 311 883 313 883 357 883 313 883 315 883 357 883 357 883 315 883 355 883 307 883 367 883 369 883 375 883 377 883 307 883 377 883 379 883 307 883 307 883 379 883 304 883 988 883 1047 883 2001 883 1047 883 1049 883 2001 883 2001 883 1049 883 1051 883 2040 883 2041 883 2042 883 1141 883 2043 883 379 883 2043 883 2044 883 379 883 379 883 2044 883 2045 883 2015 883 304 883 2016 883 304 883 379 883 2016 883 2016 883 379 883 2046 883 379 883 2045 883 2046 883 2046 883 2045 883 2047 883 383 883 409 883 411 883 445 883 447 883 383 883 447 883 449 883 383 883 383 883 449 883 451 883 15 883 17 883 27 883 49 883 51 883 0 883 51 883 53 883 0 883 0 883 53 883 55 883 2034 883 2048 883 75 883 2048 883 2049 883 75 883 75 883 2049 883 0 883 2049 883 2050 883 0 883 0 883 2050 883 2051 883 2025 883 2052 883 227 883 2052 883 2053 883 227 883 227 883 2053 883 2054 883 2055 883 2056 883 2057 883 2056 883 2058 883 2057 883 2057 883 2058 883 1139 883 2058 883 2059 883 1139 883 1139 883 2059 883 2013 883 152 883 227 883 151 883 227 883 76 883 151 883 151 883 76 883 79 883 85 883 87 883 151 883 87 883 89 883 151 883 151 883 89 883 91 883 109 883 111 883 151 883 111 883 113 883 151 883 151 883 113 883 115 883 201 883 203 883 197 883 203 883 205 883 197 883 197 883 205 883 195 883 205 883 207 883 195 883 195 883 207 883 209 883 247 883 249 883 303 883 249 883 251 883 303 883 303 883 251 883 253 883 253 883 255 883 303 883 255 883 257 883 303 883 303 883 257 883 259 883 287 883 289 883 269 883 289 883 291 883 269 883 261 883 263 883 303 883 263 883 265 883 303 883 303 883 265 883 301 883 265 883 299 883 301 883 319 883 321 883 353 883 345 883 347 883 329 883 361 883 363 883 307 883 363 883 365 883 307 883 307 883 365 883 367 883 369 883 371 883 307 883 371 883 373 883 307 883 307 883 373 883 375 883 2060 883 2061 883 2062 883 2061 883 2001 883 2062 883 2062 883 2001 883 2063 883 2001 883 1063 883 2063 883 2063 883 1063 883 2064 883 1063 883 2065 883 2064 883 2042 883 2066 883 2040 883 2066 883 2067 883 2040 883 2040 883 2067 883 2021 883 2067 883 2068 883 2021 883 2021 883 2068 883 2022 883 383 883 385 883 409 883 385 883 387 883 409 883 409 883 387 883 389 883 389 883 391 883 409 883 391 883 393 883 409 883 409 883 393 883 407 883 393 883 405 883 407 883 411 883 413 883 383 883 413 883 415 883 383 883 383 883 415 883 417 883 379 883 2069 883 1141 883 2069 883 380 883 1141 883 1141 883 380 883 455 883 380 883 383 883 455 883 455 883 383 883 453 883 383 883 451 883 453 883 31 883 0 883 29 883 0 883 3 883 29 883 29 883 3 883 5 883 55 883 57 883 0 883 57 883 59 883 0 883 0 883 59 883 61 883 61 883 63 883 0 883 63 883 65 883 0 883 0 883 65 883 67 883 1064 883 1067 883 2019 883 1067 883 1069 883 2019 883 2019 883 1069 883 1071 883 1077 883 1079 883 2019 883 1079 883 1081 883 2019 883 2019 883 1081 883 1083 883 1113 883 1115 883 2019 883 1115 883 1117 883 2019 883 2019 883 1117 883 1137 883 1117 883 1119 883 1137 883 1137 883 1119 883 1121 883 2054 883 2070 883 227 883 2070 883 2071 883 227 883 227 883 2071 883 2072 883 115 883 117 883 151 883 117 883 119 883 151 883 151 883 119 883 121 883 121 883 123 883 151 883 123 883 125 883 151 883 151 883 125 883 127 883 233 883 235 883 303 883 235 883 237 883 303 883 303 883 237 883 239 883 265 883 267 883 295 883 267 883 269 883 295 883 295 883 269 883 293 883 269 883 291 883 293 883 321 883 323 883 353 883 323 883 325 883 353 883 353 883 325 883 327 883 329 883 331 883 333 883 2051 883 2073 883 0 883 2073 883 2074 883 0 883 0 883 2074 883 2075 883 2074 883 2076 883 2075 883 2075 883 2076 883 1063 883 2076 883 2077 883 1063 883 1063 883 2077 883 2065 883 2060 883 2062 883 2078 883 2062 883 2079 883 2078 883 2078 883 2079 883 2080 883 2080 883 2081 883 2078 883 2081 883 2082 883 2078 883 2078 883 2082 883 2041 883 2082 883 2083 883 2041 883 2041 883 2083 883 2042 883 2047 883 2084 883 2046 883 2084 883 2085 883 2046 883 2046 883 2085 883 2086 883 2085 883 2021 883 2086 883 2086 883 2021 883 2087 883 2021 883 2023 883 2087 883 397 883 399 883 395 883 399 883 401 883 395 883 395 883 401 883 393 883 401 883 403 883 393 883 393 883 403 883 405 883 417 883 419 883 383 883 419 883 421 883 383 883 383 883 421 883 423 883 7 883 9 883 29 883 9 883 11 883 29 883 29 883 11 883 27 883 11 883 13 883 27 883 27 883 13 883 15 883 17 883 19 883 21 883 67 883 69 883 0 883 69 883 71 883 0 883 0 883 71 883 73 883 1071 883 1073 883 2019 883 1073 883 1075 883 2019 883 2019 883 1075 883 1077 883 1127 883 1129 883 1125 883 1129 883 1131 883 1125 883 1125 883 1131 883 1123 883 1131 883 1133 883 1123 883 1123 883 1133 883 1135 883 271 883 273 883 275 883 269 883 279 883 281 883 355 883 315 883 353 883 315 883 317 883 353 883 353 883 317 883 319 883 333 883 335 883 329 883 335 883 337 883 329 883 329 883 337 883 339 883 339 883 341 883 329 883 341 883 343 883 329 883 329 883 343 883 345 883 347 883 349 883 329 883 349 883 351 883 329 883 329 883 351 883 353 883 21 883 23 883 17 883 23 883 25 883 17 883 17 883 25 883 27 883 2072 883 2088 883 227 883 2088 883 2089 883 227 883 227 883 2089 883 2090 883 127 883 129 883 151 883 129 883 131 883 151 883 151 883 131 883 133 883 239 883 241 883 303 883 241 883 243 883 303 883 303 883 243 883 245 883 271 883 275 883 269 883 275 883 277 883 269 883 269 883 277 883 279 883 281 883 283 883 269 883 283 883 285 883 269 883 269 883 285 883 287 883 133 883 135 883 151 883 135 883 137 883 151 883 151 883 137 883 139 883 149 883 151 883 147 883 151 883 145 883 147 883 2090 883 2091 883 227 883 2091 883 2092 883 227 883 227 883 2092 883 2093 883 2093 883 2094 883 227 883 2094 883 2095 883 227 883 227 883 2095 883 2096 883 2097 883 2098 883 76 883 2098 883 2099 883 76 883 76 883 2099 883 2057 883 2099 883 2100 883 2057 883 2057 883 2100 883 2055 883 139 883 141 883 151 883 141 883 143 883 151 883 151 883 143 883 145 883 2096 883 2101 883 227 883 2101 883 2102 883 227 883 227 883 2102 883 76 883 2102 883 2103 883 76 883 76 883 2103 883 2097 883 2104 884 2105 884 2106 884 2107 884 2108 884 2109 884 2110 884 2111 884 533 884 2107 884 2109 884 2112 884 2113 885 2114 885 2115 885 457 886 2116 886 2117 886 2118 887 2119 887 2109 887 2120 888 2121 888 2122 888 2121 884 2106 884 2122 884 2111 884 2123 884 2113 884 2123 884 2124 884 2113 884 2113 889 2124 889 2114 889 2113 890 2125 890 2126 890 2113 891 2127 891 2128 891 582 884 580 884 533 884 2129 884 2130 884 2131 884 2132 892 2133 892 2109 892 2134 884 2109 884 2135 884 2109 884 2136 884 2135 884 2135 893 2136 893 2137 893 2137 884 2138 884 2135 884 2138 884 2139 884 2135 884 2135 894 2139 894 2140 894 2115 884 2141 884 2113 884 2141 895 2142 895 2113 895 2113 896 2142 896 2125 896 2126 897 2143 897 2113 897 2143 884 2144 884 2113 884 2113 898 2144 898 2145 898 2145 884 2146 884 2113 884 2146 899 2147 899 2113 899 2113 900 2147 900 2148 900 582 884 533 884 584 884 2149 884 2150 884 530 884 2150 884 2151 884 530 884 530 901 2151 901 2152 901 2153 884 2154 884 2155 884 2154 884 2156 884 2155 884 2134 902 2157 902 2109 902 2157 884 2158 884 2109 884 2109 884 2158 884 2159 884 2129 903 2131 903 2160 903 2130 884 2161 884 2131 884 2161 884 2162 884 2131 884 2131 904 2162 904 2163 904 2164 884 2165 884 2109 884 2119 905 2166 905 2109 905 2166 884 2167 884 2109 884 2109 906 2167 906 2136 906 2140 907 2168 907 2135 907 2168 884 2169 884 2135 884 2135 908 2169 908 2170 908 2171 909 2122 909 2172 909 2122 910 2173 910 2172 910 2174 884 2175 884 2122 884 2176 884 2177 884 2178 884 2177 884 2113 884 2178 884 2178 911 2113 911 2179 911 2113 912 2148 912 2179 912 2180 884 2113 884 2181 884 2113 913 2182 913 2181 913 2180 884 2183 884 2113 884 2183 884 2184 884 2113 884 2113 914 2184 914 2185 914 2185 884 2186 884 2113 884 2186 884 2187 884 2113 884 2113 915 2187 915 2127 915 2188 884 2189 884 2113 884 2189 884 2190 884 2113 884 592 916 590 916 533 916 580 884 578 884 533 884 578 884 576 884 533 884 533 917 576 917 574 917 574 884 572 884 533 884 572 884 570 884 533 884 533 918 570 918 568 918 2191 919 2192 919 2193 919 2192 884 2194 884 2193 884 2193 920 2194 920 533 920 2194 921 2195 921 533 921 533 922 2195 922 2110 922 498 923 496 923 458 923 496 884 494 884 458 884 464 884 462 884 484 884 2196 884 2197 884 2198 884 2154 924 2199 924 2200 924 2200 884 2201 884 2154 884 2201 884 2202 884 2154 884 2154 925 2202 925 2203 925 2203 884 2204 884 2154 884 2204 926 2205 926 2154 926 2154 884 2205 884 2156 884 2206 884 2207 884 2208 884 2207 927 2209 927 2208 927 2208 884 2209 884 2210 884 2211 884 2212 884 2213 884 2212 884 2214 884 2213 884 2213 928 2214 928 2215 928 2216 884 2217 884 2213 884 2217 884 2218 884 2213 884 2213 929 2218 929 2219 929 2133 930 2220 930 2109 930 2220 931 2221 931 2109 931 2109 932 2221 932 2222 932 2165 933 2223 933 2109 933 2223 884 2224 884 2109 884 2109 934 2224 934 2118 934 2225 935 2226 935 2227 935 2226 884 2135 884 2227 884 2227 884 2135 884 2228 884 2135 936 2170 936 2228 936 2229 884 2122 884 2230 884 2122 937 2231 937 2230 937 2229 884 2232 884 2122 884 2232 884 2233 884 2122 884 2122 938 2233 938 2173 938 2171 884 2234 884 2122 884 2234 884 2235 884 2122 884 2122 939 2235 939 2236 939 2236 884 2237 884 2122 884 2237 884 2238 884 2122 884 2122 940 2238 940 2239 940 2240 884 2241 884 2242 884 2243 941 2244 941 2245 941 2246 884 2113 884 2247 884 2113 942 2248 942 2247 942 2246 884 2249 884 2113 884 2249 884 2250 884 2113 884 2113 943 2250 943 2251 943 2128 884 2252 884 2113 884 2252 884 2253 884 2113 884 2113 944 2253 944 2254 944 2254 884 2255 884 2113 884 2255 945 2256 945 2113 945 2113 946 2256 946 2188 946 2190 884 2257 884 2113 884 2257 884 2258 884 2113 884 2113 947 2258 947 2259 947 2259 948 2260 948 2113 948 2260 884 2261 884 2113 884 2113 884 2261 884 2111 884 494 949 492 949 458 949 492 884 490 884 458 884 458 950 490 950 488 950 476 884 474 884 472 884 464 884 484 884 466 884 488 951 486 951 458 951 486 884 484 884 458 884 458 884 484 884 460 884 484 952 462 952 460 952 2153 884 2262 884 2154 884 2262 884 2263 884 2154 884 2154 953 2263 953 2264 953 2264 884 2265 884 2154 884 2265 954 2266 954 2154 954 2154 955 2266 955 2267 955 2268 956 2269 956 2270 956 2269 884 2271 884 2270 884 2270 957 2271 957 2272 957 2273 958 2274 958 2275 958 2276 884 2277 884 2273 884 2278 959 2279 959 2280 959 2281 960 2282 960 2213 960 2282 961 2283 961 2213 961 2213 962 2283 962 2284 962 2215 884 2285 884 2213 884 2285 963 2286 963 2213 963 2213 964 2286 964 2287 964 2287 884 2288 884 2213 884 2288 965 2289 965 2213 965 2213 966 2289 966 2290 966 2291 884 2292 884 2293 884 2292 967 2294 967 2293 967 2159 884 2295 884 2109 884 2295 884 2296 884 2109 884 2109 884 2296 884 2297 884 2297 884 2298 884 2109 884 2298 884 2299 884 2109 884 2109 968 2299 968 2300 968 2299 969 2301 969 2300 969 2300 884 2301 884 2213 884 2301 884 2302 884 2213 884 2213 970 2302 970 2216 970 2206 884 2281 884 2207 884 2281 884 2213 884 2207 884 2207 884 2213 884 2303 884 2213 971 2219 971 2303 971 2132 972 2109 972 2131 972 2109 884 2304 884 2131 884 2131 884 2304 884 2160 884 2305 973 2306 973 2307 973 2306 884 2308 884 2307 884 2307 974 2308 974 2309 974 2310 884 2311 884 2162 884 2311 884 2312 884 2162 884 2162 975 2312 975 2313 975 2162 976 2314 976 2315 976 2222 884 2316 884 2109 884 2316 977 2317 977 2109 977 2109 978 2317 978 2318 978 2318 884 2319 884 2109 884 2319 884 2320 884 2109 884 2109 884 2320 884 2112 884 2321 884 457 884 2322 884 457 884 2323 884 2322 884 2239 884 2324 884 2122 884 2324 884 2325 884 2122 884 2122 979 2325 979 2326 979 2326 884 2327 884 2122 884 2327 884 2328 884 2122 884 2122 980 2328 980 2174 980 2329 981 2330 981 2331 981 2330 884 2332 884 2331 884 2331 884 2332 884 2333 884 2333 884 2334 884 2331 884 2334 884 2335 884 2331 884 2331 884 2335 884 2336 884 2106 982 2121 982 2242 982 2121 983 2337 983 2242 983 2242 984 2337 984 2338 984 2338 884 2339 884 2242 884 2339 884 2340 884 2242 884 2242 985 2340 985 2341 985 2241 884 2342 884 2242 884 2342 884 2343 884 2242 884 2242 884 2343 884 2344 884 2344 884 2345 884 2242 884 2345 884 2346 884 2242 884 2242 986 2346 986 2347 986 2348 884 2349 884 2350 884 2349 884 2351 884 2350 884 2352 987 2353 987 2354 987 2244 884 2355 884 2245 884 2355 988 2356 988 2245 988 2245 884 2356 884 2357 884 2347 884 2358 884 2242 884 2358 989 2245 989 2242 989 2242 884 2245 884 2359 884 2245 990 2357 990 2359 990 2251 884 2360 884 2113 884 2360 884 2361 884 2113 884 2113 991 2361 991 2182 991 600 884 598 884 533 884 568 884 566 884 533 884 566 884 564 884 533 884 533 992 564 992 562 992 546 884 533 884 548 884 533 993 550 993 548 993 2152 884 2362 884 530 884 2362 994 2363 994 530 994 530 995 2363 995 2364 995 2117 884 2149 884 457 884 2149 884 530 884 457 884 457 996 530 996 458 996 530 884 528 884 458 884 458 997 528 997 526 997 514 998 512 998 458 998 512 884 510 884 458 884 480 999 478 999 468 999 478 1000 476 1000 468 1000 468 884 476 884 470 884 476 1001 472 1001 470 1001 2271 884 2365 884 2272 884 2365 884 2366 884 2272 884 2272 1002 2366 1002 2367 1002 2280 1003 2368 1003 2278 1003 2368 884 2369 884 2278 884 2278 1004 2369 1004 2370 1004 2371 884 2372 884 2198 884 2372 884 2154 884 2198 884 2198 1005 2154 1005 2373 1005 2374 1006 2375 1006 2210 1006 2375 1007 2376 1007 2210 1007 2210 1008 2376 1008 2377 1008 2378 884 2379 884 2198 884 2379 884 2380 884 2198 884 2198 958 2380 958 2196 958 2284 884 2381 884 2213 884 2381 884 2382 884 2213 884 2213 1009 2382 1009 2211 1009 2290 1010 2383 1010 2213 1010 2383 884 2384 884 2213 884 2213 1011 2384 1011 2385 1011 2292 1012 2386 1012 2294 1012 2386 1013 2387 1013 2294 1013 2294 1014 2387 1014 2388 1014 2291 884 2389 884 2292 884 2389 884 2390 884 2292 884 2292 1015 2390 1015 2391 1015 2305 884 2307 884 2162 884 2307 884 2392 884 2162 884 2162 1016 2392 1016 2310 1016 2313 884 2393 884 2162 884 2393 884 2394 884 2162 884 2162 1017 2394 1017 2314 1017 2315 884 2395 884 2162 884 2395 1018 2396 1018 2162 1018 2162 1019 2396 1019 2163 1019 2106 884 2105 884 2397 884 2105 1020 2398 1020 2397 1020 2397 884 2398 884 2108 884 2106 884 2399 884 2122 884 2399 884 2400 884 2122 884 2122 1021 2400 1021 2401 1021 2175 1022 2402 1022 2122 1022 2402 884 2331 884 2122 884 2122 884 2331 884 2403 884 2331 1023 2336 1023 2403 1023 2243 884 2245 884 2350 884 2245 1024 2404 1024 2350 1024 2350 1025 2404 1025 2348 1025 2352 884 2405 884 2353 884 2405 884 2406 884 2353 884 2353 1026 2406 1026 2407 1026 2351 1013 2408 1013 2350 1013 2408 884 2352 884 2350 884 2350 884 2352 884 2409 884 2352 1027 2354 1027 2409 1027 2410 884 2242 884 2411 884 2242 1028 2177 1028 2411 1028 2411 1029 2177 1029 2412 1029 2177 1030 2176 1030 2412 1030 2410 884 2413 884 2242 884 2413 884 2414 884 2242 884 2242 1031 2414 1031 2106 1031 2414 884 2415 884 2106 884 2106 1032 2415 1032 2104 1032 2416 884 2417 884 2113 884 2417 884 2418 884 2113 884 2113 1033 2418 1033 2248 1033 2416 884 2419 884 2417 884 2419 884 2420 884 2417 884 2417 1034 2420 1034 2421 1034 600 884 533 884 602 884 598 884 596 884 533 884 596 884 594 884 533 884 533 1035 594 1035 592 1035 590 884 588 884 533 884 588 884 586 884 533 884 533 1036 586 1036 584 1036 562 884 560 884 533 884 560 884 558 884 533 884 533 1037 558 1037 556 1037 556 884 554 884 533 884 554 1038 552 1038 533 1038 533 1039 552 1039 550 1039 546 884 544 884 533 884 544 884 542 884 533 884 533 1040 542 1040 540 1040 540 884 538 884 533 884 538 884 536 884 533 884 533 1041 536 1041 534 1041 510 884 508 884 458 884 508 884 506 884 458 884 458 1042 506 1042 504 1042 466 884 484 884 468 884 484 1043 482 1043 468 1043 468 1044 482 1044 480 1044 2367 884 2422 884 2272 884 2422 884 2154 884 2272 884 2272 884 2154 884 2423 884 2154 884 2267 884 2423 884 2423 1045 2267 1045 2424 1045 2425 884 2426 884 2273 884 2426 1046 2427 1046 2273 1046 2427 884 2428 884 2273 884 2428 884 2429 884 2273 884 2273 1047 2429 1047 2430 1047 2373 884 2431 884 2198 884 2431 1048 2432 1048 2198 1048 2198 1049 2432 1049 2433 1049 2434 884 2435 884 2210 884 2435 1050 2436 1050 2210 1050 2210 1051 2436 1051 2374 1051 2377 1052 2437 1052 2210 1052 2437 1053 2438 1053 2210 1053 2210 1054 2438 1054 2439 1054 2440 884 2208 884 2441 884 2208 1055 2442 1055 2441 1055 2443 1056 2444 1056 2208 1056 2445 884 2446 884 2198 884 2446 884 2447 884 2198 884 2198 1057 2447 1057 2378 1057 2197 884 2448 884 2198 884 2448 884 2449 884 2198 884 2198 1047 2449 1047 2450 1047 2451 884 2452 884 2453 884 2452 1058 2454 1058 2453 1058 2455 884 2456 884 2457 884 2372 884 2458 884 2154 884 2458 1059 2459 1059 2154 1059 2154 1060 2459 1060 2199 1060 2459 884 2452 884 2199 884 2199 1061 2452 1061 2460 1061 2452 884 2451 884 2460 884 2388 884 2461 884 2294 884 2461 884 2462 884 2294 884 2294 884 2462 884 2463 884 2385 884 2464 884 2213 884 2464 1062 2292 1062 2213 1062 2213 884 2292 884 2465 884 2292 1063 2391 1063 2465 1063 2108 1064 2398 1064 2109 1064 2398 884 2466 884 2109 884 2109 1065 2466 1065 2164 1065 2321 1066 2467 1066 457 1066 2467 1067 2468 1067 457 1067 457 1068 2468 1068 2116 1068 2468 884 2226 884 2116 884 2116 884 2226 884 2469 884 2226 1069 2225 1069 2469 1069 2401 884 2470 884 2122 884 2470 884 2471 884 2122 884 2122 1070 2471 1070 2231 1070 2341 884 2472 884 2242 884 2472 1071 2473 1071 2242 1071 2242 1072 2473 1072 2240 1072 526 884 524 884 458 884 524 884 522 884 458 884 458 1073 522 1073 520 1073 520 884 518 884 458 884 518 884 516 884 458 884 458 1074 516 1074 514 1074 504 884 502 884 458 884 502 884 500 884 458 884 458 1075 500 1075 498 1075 2474 884 2475 884 2270 884 2475 884 2476 884 2270 884 2270 1076 2476 1076 2268 1076 2430 884 2477 884 2273 884 2477 884 2478 884 2273 884 2273 1077 2478 1077 2274 1077 2275 884 2479 884 2273 884 2479 884 2480 884 2273 884 2273 1057 2480 1057 2481 1057 2481 884 2482 884 2273 884 2482 1078 2483 1078 2273 1078 2273 1079 2483 1079 2276 1079 2277 884 2484 884 2273 884 2484 1080 2485 1080 2273 1080 2273 1081 2485 1081 2486 1081 2370 1082 2487 1082 2278 1082 2487 884 2488 884 2278 884 2278 1083 2488 1083 2489 1083 2439 884 2490 884 2210 884 2490 1084 2491 1084 2210 1084 2210 1085 2491 1085 2492 1085 2493 884 2494 884 2208 884 2494 884 2495 884 2208 884 2208 1086 2495 1086 2442 1086 2440 1087 2496 1087 2208 1087 2496 884 2497 884 2208 884 2208 1088 2497 1088 2498 1088 2444 1089 2499 1089 2208 1089 2499 884 2500 884 2208 884 2208 884 2500 884 2501 884 2502 1090 2503 1090 2208 1090 2503 1091 2504 1091 2208 1091 2504 884 2505 884 2208 884 2505 884 2506 884 2208 884 2208 1092 2506 1092 2507 1092 2445 884 2508 884 2446 884 2508 884 2509 884 2446 884 2446 884 2509 884 2510 884 2509 1093 2511 1093 2510 1093 2450 884 2512 884 2198 884 2512 884 2513 884 2198 884 2198 1094 2513 1094 2514 1094 2514 884 2515 884 2198 884 2515 884 2516 884 2198 884 2198 1095 2516 1095 2517 1095 2518 884 2519 884 2198 884 2519 884 2520 884 2198 884 2198 1096 2520 1096 2371 1096 2454 884 2521 884 2453 884 2521 884 2455 884 2453 884 2453 884 2455 884 2522 884 2455 1097 2457 1097 2522 1097 2463 1098 2523 1098 2294 1098 2523 884 2524 884 2294 884 2294 884 2524 884 2525 884 2261 884 2526 884 2111 884 2526 884 606 884 2111 884 2111 1099 606 1099 533 1099 606 884 604 884 533 884 533 1100 604 1100 602 1100 2364 1101 2527 1101 530 1101 2527 1102 2528 1102 530 1102 530 1103 2528 1103 2529 1103 2529 1104 2530 1104 530 1104 2530 1105 2531 1105 530 1105 530 1106 2531 1106 2532 1106 2191 1107 2193 1107 2533 1107 2193 1108 530 1108 2533 1108 2533 884 530 884 2534 884 2424 884 2535 884 2423 884 2535 884 2536 884 2423 884 2423 1109 2536 1109 2537 1109 2538 1110 2539 1110 2540 1110 2273 1111 2541 1111 2474 1111 2541 1112 2542 1112 2474 1112 2474 1113 2542 1113 2475 1113 2543 1114 2544 1114 2545 1114 2492 884 2546 884 2210 884 2546 884 2547 884 2210 884 2210 884 2547 884 2208 884 2547 884 2548 884 2208 884 2208 1115 2548 1115 2549 1115 2550 884 2551 884 2208 884 2551 884 2552 884 2208 884 2208 1116 2552 1116 2553 1116 2553 884 2554 884 2208 884 2554 1117 2555 1117 2208 1117 2208 1118 2555 1118 2443 1118 2556 1119 2557 1119 2509 1119 2557 1120 2558 1120 2509 1120 2509 1121 2558 1121 2559 1121 2559 884 2560 884 2509 884 2560 884 2561 884 2509 884 2509 1122 2561 1122 2562 1122 2562 884 2563 884 2509 884 2563 884 2564 884 2509 884 2509 884 2564 884 2511 884 2517 884 2565 884 2198 884 2565 884 2566 884 2198 884 2198 1123 2566 1123 2518 1123 2532 884 2567 884 530 884 2567 1124 2568 1124 530 1124 530 1125 2568 1125 2534 1125 2537 884 2569 884 2423 884 2569 884 2538 884 2423 884 2423 1126 2538 1126 2570 1126 2538 1127 2540 1127 2570 1127 2493 884 2208 884 2571 884 2208 884 2549 884 2571 884 2571 884 2549 884 2572 884 2549 1128 2573 1128 2572 1128 2572 1129 2573 1129 2273 1129 2573 1130 2574 1130 2273 1130 2273 1131 2574 1131 2575 1131 2474 884 2576 884 2273 884 2576 884 2577 884 2273 884 2273 1132 2577 1132 2578 1132 2543 1133 2579 1133 2544 1133 2579 1134 2580 1134 2544 1134 2544 1135 2580 1135 2581 1135 2486 1136 2582 1136 2273 1136 2582 884 2543 884 2273 884 2273 884 2543 884 2583 884 2543 1137 2545 1137 2583 1137 2433 1138 2584 1138 2198 1138 2584 884 2585 884 2198 884 2198 1139 2585 1139 2586 1139 2498 884 2587 884 2208 884 2587 930 2588 930 2208 930 2208 1140 2588 1140 2550 1140 2501 884 2589 884 2208 884 2589 884 2590 884 2208 884 2208 1141 2590 1141 2502 1141 2591 1142 2592 1142 2507 1142 2592 884 2593 884 2507 884 2507 1143 2593 1143 2208 1143 2591 884 2594 884 2592 884 2594 884 2595 884 2592 884 2592 884 2595 884 2596 884 2575 1144 2597 1144 2273 1144 2597 1145 2598 1145 2273 1145 2273 1146 2598 1146 2599 1146 2578 884 2600 884 2273 884 2600 884 2601 884 2273 884 2273 1147 2601 1147 2602 1147 2602 1148 2603 1148 2273 1148 2603 884 2604 884 2273 884 2273 1149 2604 1149 2425 1149 2605 884 2606 884 2488 884 2606 884 2607 884 2488 884 2488 884 2607 884 2489 884 2599 1150 2608 1150 2273 1150 2608 884 2609 884 2273 884 2273 1151 2609 1151 2610 1151 2611 1152 2612 1152 2273 1152 2612 1153 2613 1153 2273 1153 2273 1154 2613 1154 2541 1154 2488 1155 2614 1155 2615 1155 2610 884 2616 884 2273 884 2616 1156 2617 1156 2273 1156 2273 1157 2617 1157 2618 1157 2618 884 2619 884 2273 884 2619 884 2620 884 2273 884 2273 1158 2620 1158 2611 1158 2586 884 2621 884 2198 884 2621 1159 2622 1159 2198 1159 2198 1160 2622 1160 2623 1160 2615 884 2624 884 2488 884 2624 884 2625 884 2488 884 2488 1161 2625 1161 2626 1161 2626 884 2627 884 2488 884 2627 884 2628 884 2488 884 2488 1162 2628 1162 2629 1162 2629 1163 2630 1163 2488 1163 2630 884 2631 884 2488 884 2488 1164 2631 1164 2605 1164 2631 884 2632 884 2605 884 2605 1165 2632 1165 2434 1165 2632 884 2633 884 2434 884 2434 1166 2633 1166 2435 1166 2623 884 2634 884 2198 884 2634 884 2635 884 2198 884 2198 884 2635 884 2636 884 2635 884 2637 884 2636 884 2637 884 2638 884 2636 884 2636 884 2638 884 2488 884 2638 884 2639 884 2488 884 2488 1167 2639 1167 2614 1167 2640 1168 2641 1168 2642 1168 2643 884 2644 884 229 884 2645 1169 2646 1169 454 1169 2646 884 2647 884 454 884 434 884 432 884 382 884 308 884 306 884 356 884 356 884 306 884 358 884 305 884 2648 884 302 884 2647 884 2649 884 454 884 2649 1170 2650 1170 454 1170 454 884 2650 884 2651 884 2650 1171 2652 1171 2651 1171 2651 1172 2652 1172 2323 1172 2652 1173 2653 1173 2323 1173 2323 1174 2653 1174 2322 1174 2654 1175 2655 1175 2656 1175 2656 1176 2657 1176 2654 1176 2657 884 2658 884 2654 884 2654 1177 2658 1177 2642 1177 2658 884 2659 884 2642 884 2642 884 2659 884 2640 884 298 884 296 884 264 884 296 884 294 884 264 884 264 884 294 884 266 884 302 1178 262 1178 260 1178 236 884 234 884 302 884 234 884 232 884 302 884 229 1179 2660 1179 2643 1179 2660 1180 226 1180 2643 1180 2643 1181 226 1181 2661 1181 448 884 446 884 382 884 432 884 430 884 382 884 430 884 428 884 382 884 382 1182 428 1182 426 1182 374 884 372 884 306 884 176 1183 174 1183 226 1183 174 1184 172 1184 226 1184 226 1185 172 1185 170 1185 448 884 382 884 450 884 446 884 444 884 382 884 444 884 442 884 382 884 382 1186 442 1186 440 1186 440 884 438 884 382 884 438 1187 436 1187 382 1187 382 1188 436 1188 434 1188 382 884 414 884 412 884 404 884 402 884 392 884 262 884 302 884 264 884 302 884 300 884 264 884 264 1189 300 1189 298 1189 260 884 258 884 302 884 258 1190 256 1190 302 1190 302 1191 256 1191 254 1191 254 884 252 884 302 884 252 1192 250 1192 302 1192 302 1193 250 1193 248 1193 188 1194 216 1194 214 1194 206 884 204 884 194 884 170 884 168 884 226 884 168 884 166 884 226 884 226 1195 166 1195 164 1195 164 884 162 884 226 884 162 884 160 884 226 884 226 1196 160 1196 158 1196 158 884 156 884 226 884 156 884 154 884 226 884 226 1197 154 1197 153 1197 426 1198 424 1198 382 1198 424 884 422 884 382 884 382 884 422 884 420 884 390 884 388 884 408 884 388 884 386 884 408 884 2644 884 2662 884 229 884 2662 1199 2663 1199 229 1199 229 1200 2663 1200 378 1200 2663 1201 2664 1201 378 1201 378 884 2664 884 2665 884 232 1202 230 1202 302 1202 230 1203 229 1203 302 1203 302 884 229 884 305 884 229 1204 378 1204 305 1204 305 884 378 884 306 884 378 884 376 884 306 884 306 1205 376 1205 374 1205 306 1206 366 1206 364 1206 326 1207 324 1207 352 1207 314 884 312 884 356 884 312 884 310 884 356 884 356 1208 310 1208 308 1208 266 884 294 884 268 884 294 884 292 884 268 884 268 1209 292 1209 290 1209 290 884 288 884 268 884 288 884 286 884 268 884 268 1210 286 1210 284 1210 214 1211 212 1211 188 1211 212 1212 210 1212 188 1212 188 884 210 884 190 884 210 1213 192 1213 190 1213 182 884 226 884 184 884 226 1214 186 1214 184 1214 182 1215 180 1215 226 1215 180 884 178 884 226 884 226 1216 178 1216 176 1216 106 884 104 884 150 884 104 1217 102 1217 150 1217 150 1218 102 1218 100 1218 100 884 98 884 150 884 98 1219 96 1219 150 1219 150 1220 96 1220 94 1220 2665 884 2664 884 381 884 2664 884 454 884 381 884 381 884 454 884 382 884 454 884 452 884 382 884 382 1221 452 1221 450 1221 390 884 408 884 392 884 408 884 406 884 392 884 392 1222 406 1222 404 1222 412 884 410 884 382 884 410 884 408 884 382 884 382 884 408 884 384 884 408 1223 386 1223 384 1223 2664 1224 2666 1224 454 1224 2666 1225 2667 1225 454 1225 454 1226 2667 1226 2668 1226 2669 1227 2670 1227 2654 1227 2670 884 2671 884 2654 884 2654 1228 2671 1228 2655 1228 372 884 370 884 306 884 370 884 368 884 306 884 306 1229 368 1229 366 1229 364 884 362 884 306 884 362 884 360 884 306 884 306 1230 360 1230 358 1230 248 884 246 884 302 884 246 884 244 884 302 884 302 1231 244 1231 242 1231 186 1232 226 1232 188 1232 226 1233 224 1233 188 1233 188 1234 224 1234 222 1234 222 884 220 884 188 884 220 1235 218 1235 188 1235 188 1236 218 1236 216 1236 192 884 210 884 194 884 210 884 208 884 194 884 194 1237 208 1237 206 1237 204 1238 202 1238 200 1238 126 884 124 884 150 884 112 884 110 884 150 884 110 884 108 884 150 884 150 1239 108 1239 106 1239 94 884 92 884 150 884 92 884 90 884 150 884 150 1240 90 1240 88 1240 1138 1241 2672 1241 2673 1241 2673 884 2674 884 1138 884 2674 1242 2675 1242 1138 1242 1138 1243 2675 1243 2676 1243 2676 884 2677 884 1138 884 2677 884 2678 884 1138 884 1138 1244 2678 1244 2679 1244 2679 1245 2680 1245 1138 1245 2680 884 2681 884 1138 884 1138 1246 2681 1246 2682 1246 2682 884 2683 884 1138 884 2683 884 2661 884 1138 884 1138 1247 2661 1247 2684 1247 2685 1152 2686 1152 1 1152 2686 884 2672 884 1 884 2687 1248 2688 1248 2689 1248 420 884 418 884 382 884 418 884 416 884 382 884 382 1249 416 1249 414 1249 402 884 400 884 392 884 400 884 398 884 392 884 392 1250 398 1250 394 1250 398 1251 396 1251 394 1251 2645 884 454 884 2690 884 454 1252 2668 1252 2690 1252 2690 884 2668 884 2691 884 2668 884 2692 884 2691 884 2691 1253 2692 1253 2693 1253 2694 884 2695 884 2696 884 2695 884 2697 884 2696 884 2696 884 2697 884 2669 884 2697 884 2698 884 2669 884 2669 1254 2698 1254 2670 1254 348 884 346 884 328 884 346 884 344 884 328 884 328 1255 344 1255 342 1255 324 1256 322 1256 352 1256 322 1257 320 1257 352 1257 352 1258 320 1258 318 1258 284 884 282 884 268 884 282 884 280 884 268 884 268 1259 280 1259 278 1259 278 1260 276 1260 268 1260 276 884 274 884 268 884 268 1261 274 1261 270 1261 274 1262 272 1262 270 1262 242 884 240 884 302 884 240 884 238 884 302 884 302 1263 238 1263 236 1263 200 884 198 884 204 884 198 884 196 884 204 884 204 884 196 884 194 884 124 1264 122 1264 150 1264 122 884 120 884 150 884 150 1265 120 1265 118 1265 88 884 86 884 150 884 86 884 84 884 150 884 150 1266 84 1266 82 1266 82 884 80 884 150 884 80 884 78 884 150 884 150 1267 78 1267 77 1267 1114 1268 1112 1268 1065 1268 1112 1269 1110 1269 1065 1269 1065 1270 1110 1270 1108 1270 1108 884 1106 884 1065 884 1106 1271 1104 1271 1065 1271 1065 1272 1104 1272 1102 1272 48 1217 46 1217 1 1217 2641 884 2699 884 2642 884 2699 884 2700 884 2642 884 2642 1273 2700 1273 2687 1273 2700 1274 2701 1274 2687 1274 2687 1275 2701 1275 2688 1275 2689 1276 2702 1276 2687 1276 2702 1277 2703 1277 2687 1277 2687 884 2703 884 2704 884 1062 884 1060 884 2705 884 1060 884 1058 884 2705 884 2705 1278 1058 1278 1056 1278 2693 884 2706 884 2691 884 2706 884 2707 884 2691 884 2691 1279 2707 1279 2708 1279 326 1211 352 1211 328 1211 352 1280 350 1280 328 1280 328 1281 350 1281 348 1281 342 884 340 884 328 884 340 1282 338 1282 328 1282 328 1260 338 1260 336 1260 336 1283 334 1283 328 1283 334 884 332 884 328 884 328 884 332 884 330 884 356 884 354 884 314 884 354 884 352 884 314 884 314 884 352 884 316 884 352 1284 318 1284 316 1284 118 884 116 884 150 884 116 884 114 884 150 884 150 1285 114 1285 112 1285 2684 884 2661 884 77 884 2661 884 226 884 77 884 77 1286 226 1286 150 1286 226 884 153 884 150 884 150 884 153 884 2709 884 1065 1287 1122 1287 1120 1287 48 884 1 884 50 884 40 1288 38 1288 1 1288 38 884 36 884 1 884 1 884 36 884 34 884 1056 884 1054 884 2705 884 1054 884 1052 884 2705 884 2705 884 1052 884 1050 884 2708 884 2710 884 2691 884 2710 884 2711 884 2691 884 2691 1289 2711 1289 2712 1289 2696 1290 2713 1290 2694 1290 2713 884 2691 884 2694 884 2694 1291 2691 1291 2714 1291 2691 1292 2715 1292 2714 1292 136 884 134 884 150 884 134 884 132 884 150 884 2672 884 1138 884 1065 884 1138 884 1136 884 1065 884 1065 1293 1136 1293 1134 1293 1120 1294 1118 1294 1065 1294 1118 884 1116 884 1065 884 1065 1295 1116 1295 1114 1295 1102 884 1100 884 1065 884 1100 1296 1098 1296 1065 1296 1065 1297 1098 1297 1096 1297 1096 884 1094 884 1065 884 1094 884 1092 884 1065 884 1065 1298 1092 1298 1090 1298 46 884 44 884 1 884 44 884 42 884 1 884 1 1299 42 1299 40 1299 34 884 32 884 1 884 32 884 30 884 1 884 1 1300 30 1300 28 1300 2716 1301 2705 1301 2717 1301 2705 884 2716 884 1062 884 2716 884 2718 884 1062 884 1062 1302 2718 1302 2719 1302 2719 884 2720 884 1062 884 2720 884 2721 884 1062 884 1062 1303 2721 1303 2722 1303 2712 884 2723 884 2691 884 2723 884 2724 884 2691 884 2691 1304 2724 1304 2725 1304 2725 884 2726 884 2691 884 2726 884 2727 884 2691 884 2691 1305 2727 1305 2715 1305 132 1306 130 1306 150 1306 130 884 128 884 150 884 150 1307 128 1307 126 1307 1134 884 1132 884 1065 884 1132 1308 1130 1308 1065 1308 1065 1309 1130 1309 1128 1309 1065 1310 2728 1310 2672 1310 2728 884 74 884 2672 884 2672 1311 74 1311 1 1311 74 884 72 884 1 884 1 1312 72 1312 70 1312 1 1313 64 1313 62 1313 56 884 54 884 1 884 54 1219 52 1219 1 1219 1 1314 52 1314 50 1314 6 884 28 884 8 884 28 1315 10 1315 8 1315 2729 1316 2730 1316 2731 1316 148 884 146 884 150 884 146 1317 144 1317 150 1317 150 884 144 884 142 884 1128 884 1126 884 1065 884 1126 884 1124 884 1065 884 1065 1318 1124 1318 1122 1318 1090 1319 1088 1319 1065 1319 1088 884 1086 884 1065 884 1065 1320 1086 1320 1084 1320 1076 884 1074 884 1066 884 62 1321 60 1321 1 1321 60 884 58 884 1 884 1 1322 58 1322 56 1322 6 884 4 884 28 884 4 884 2 884 28 884 28 1323 2 1323 1 1323 2703 884 2732 884 2704 884 2732 884 2733 884 2704 884 2704 884 2733 884 2734 884 2733 1324 2735 1324 2734 1324 2735 884 2736 884 2734 884 2734 884 2736 884 2729 884 2736 1325 2737 1325 2729 1325 2729 1326 2737 1326 2730 1326 2717 1327 2738 1327 2716 1327 2738 884 2729 884 2716 884 2716 1328 2729 1328 2739 1328 2729 1329 2731 1329 2739 1329 2685 1330 1 1330 2722 1330 1 1331 2740 1331 2722 1331 2722 884 2740 884 1062 884 142 1332 140 1332 150 1332 140 884 138 884 150 884 150 884 138 884 136 884 70 884 68 884 1 884 68 884 66 884 1 884 1 1333 66 1333 64 1333 24 1334 16 1334 14 1334 1084 884 1082 884 1065 884 1082 1335 1080 1335 1065 1335 1065 1336 1080 1336 1066 1336 1080 1337 1078 1337 1066 1337 1066 1338 1078 1338 1076 1338 1072 1251 1070 1251 1074 1251 1070 884 1068 884 1074 884 1074 1339 1068 1339 1066 1339 24 884 22 884 16 884 22 884 20 884 16 884 16 1340 20 1340 18 1340 28 884 26 884 10 884 26 884 24 884 10 884 10 884 24 884 12 884 24 1341 14 1341 12 1341 2741 884 2705 884 837 884 1050 884 1048 884 2705 884 1048 884 1046 884 2705 884 2705 884 1046 884 989 884 2742 1342 2743 1342 837 1342 2743 884 2744 884 837 884 837 1343 2744 1343 2741 1343 982 884 980 884 913 884 974 884 972 884 913 884 972 884 970 884 913 884 913 1344 970 1344 968 1344 968 884 966 884 913 884 966 1345 964 1345 913 1345 913 1346 964 1346 962 1346 894 884 892 884 837 884 837 884 2745 884 2742 884 2745 884 834 884 2742 884 2742 1347 834 1347 2746 1347 834 1348 761 1348 2746 1348 784 884 782 884 834 884 782 884 780 884 834 884 834 1349 780 1349 778 1349 778 1350 776 1350 834 1350 776 884 774 884 834 884 834 1351 774 1351 772 1351 989 884 1046 884 990 884 1046 1352 1044 1352 990 1352 990 1353 1044 1353 1042 1353 913 884 2747 884 2705 884 2747 884 910 884 2705 884 2705 1354 910 1354 837 1354 910 884 908 884 837 884 837 884 908 884 906 884 832 884 830 884 800 884 830 951 828 951 800 951 800 884 828 884 802 884 772 884 770 884 834 884 770 884 768 884 834 884 834 1355 768 1355 766 1355 766 884 764 884 834 884 764 884 762 884 834 884 834 1356 762 1356 761 1356 1026 884 990 884 1028 884 990 1357 1030 1357 1028 1357 1026 884 1024 884 990 884 1024 884 1022 884 990 884 990 884 1022 884 992 884 980 884 978 884 913 884 978 884 976 884 913 884 913 1358 976 1358 974 1358 922 884 958 884 924 884 958 1359 926 1359 924 1359 922 884 920 884 958 884 920 884 918 884 958 884 958 1360 918 1360 916 1360 906 1361 904 1361 837 1361 904 884 902 884 837 884 837 884 902 884 900 884 900 884 898 884 837 884 898 884 896 884 837 884 837 1362 896 1362 894 1362 832 884 800 884 834 884 800 884 798 884 834 884 834 1363 798 1363 796 1363 796 884 794 884 834 884 794 884 792 884 834 884 834 1364 792 1364 790 1364 790 884 788 884 834 884 788 884 786 884 834 884 834 1365 786 1365 784 1365 1042 884 1040 884 990 884 1040 884 1038 884 990 884 990 1366 1038 1366 1036 1366 1008 884 1006 884 1018 884 989 1367 2748 1367 2705 1367 2748 884 986 884 2705 884 2705 884 986 884 913 884 986 1203 984 1203 913 1203 913 1368 984 1368 982 1368 958 884 956 884 926 884 956 884 954 884 926 884 926 1369 954 1369 952 1369 930 884 928 884 942 884 928 1370 926 1370 942 1370 942 1371 926 1371 944 1371 926 1372 946 1372 944 1372 938 884 936 884 934 884 962 884 960 884 913 884 960 1373 958 1373 913 1373 913 1374 958 1374 914 1374 958 1375 916 1375 914 1375 1036 884 1034 884 990 884 1034 1376 1032 1376 990 1376 990 1377 1032 1377 1030 1377 1018 884 1006 884 1020 884 952 884 950 884 926 884 950 1378 948 1378 926 1378 926 1379 948 1379 946 1379 942 1380 940 1380 930 1380 940 1381 938 1381 930 1381 930 884 938 884 932 884 938 1382 934 1382 932 1382 852 884 850 884 892 884 850 884 848 884 892 884 848 884 846 884 892 884 846 884 844 884 892 884 892 1383 844 1383 842 1383 842 884 840 884 892 884 840 1345 838 1345 892 1345 892 1384 838 1384 837 1384 1016 1026 1014 1026 1012 1026 1002 884 1000 884 1022 884 1000 1385 998 1385 1022 1385 816 884 814 884 824 884 814 884 812 884 824 884 824 884 812 884 826 884 1020 884 1006 884 1022 884 1006 884 1004 884 1022 884 1022 1386 1004 1386 1002 1386 888 884 886 884 854 884 886 884 884 884 854 884 854 1387 884 1387 882 1387 882 884 880 884 854 884 880 884 878 884 854 884 854 884 878 884 856 884 878 1388 858 1388 856 1388 816 884 824 884 818 884 824 884 822 884 818 884 818 1389 822 1389 820 1389 826 884 812 884 828 884 812 1390 810 1390 828 1390 828 1391 810 1391 808 1391 808 884 806 884 828 884 806 884 804 884 828 884 828 1392 804 1392 802 1392 1016 1393 1012 1393 1018 1393 1012 884 1010 884 1018 884 1018 1394 1010 1394 1008 1394 998 884 996 884 1022 884 996 884 994 884 1022 884 1022 1395 994 1395 992 1395 852 1396 892 1396 854 1396 892 1397 890 1397 854 1397 854 1398 890 1398 888 1398 876 884 874 884 878 884 874 884 872 884 878 884 878 1399 872 1399 870 1399 870 1400 868 1400 878 1400 868 1401 866 1401 878 1401 878 1402 866 1402 864 1402 864 884 862 884 878 884 862 1403 860 1403 878 1403 878 1404 860 1404 858 1404 2749 1405 2750 1405 2751 1405 2751 884 2750 884 2752 884 2753 1406 2754 1406 2755 1406 2753 884 2756 884 2757 884 2756 884 2758 884 2757 884 686 884 685 884 756 884 685 1407 758 1407 756 1407 2759 960 2760 960 2761 960 2753 1408 2755 1408 2756 1408 2755 884 2762 884 2756 884 2756 1409 2762 1409 2763 1409 2762 1410 2764 1410 2763 1410 2763 1411 2764 1411 2752 1411 2764 884 2765 884 2752 884 2765 884 2766 884 2752 884 2752 1412 2766 1412 2767 1412 2767 1413 2768 1413 2752 1413 2768 884 2769 884 2752 884 2752 1414 2769 1414 2770 1414 2771 884 2772 884 2773 884 2774 884 2775 884 2776 884 2777 884 2778 884 2779 884 2758 1415 2756 1415 2773 1415 2756 1416 2780 1416 2773 1416 2773 1417 2780 1417 2781 1417 2782 884 2783 884 2784 884 650 1418 648 1418 609 1418 2752 884 2750 884 2785 884 2750 884 2786 884 2785 884 2785 1419 2786 1419 2787 1419 2787 884 2788 884 2785 884 2788 884 2789 884 2785 884 2785 884 2789 884 2790 884 2791 1420 2792 1420 2793 1420 2792 884 2794 884 2793 884 2793 1078 2794 1078 2795 1078 2770 1421 2796 1421 2752 1421 2796 1422 2797 1422 2752 1422 2752 1423 2797 1423 2798 1423 2752 884 2799 884 2800 884 2781 884 2801 884 2773 884 2801 1424 2802 1424 2773 1424 2773 1425 2802 1425 2803 1425 2773 1426 2804 1426 2805 1426 2806 1427 2773 1427 2807 1427 2773 1428 2808 1428 2807 1428 2806 1429 2809 1429 2773 1429 2809 1430 2810 1430 2773 1430 2773 1431 2810 1431 2771 1431 2772 1432 2811 1432 2773 1432 2811 884 2812 884 2773 884 2773 1433 2812 1433 2813 1433 2814 974 2815 974 2816 974 682 1434 2817 1434 2818 1434 2818 884 2819 884 682 884 2819 884 2820 884 682 884 682 1435 2820 1435 2821 1435 682 1436 2822 1436 2823 1436 2823 1437 2824 1437 682 1437 2824 884 2825 884 682 884 682 1438 2825 1438 2826 1438 2827 1439 2278 1439 2828 1439 2278 1440 2760 1440 2828 1440 2829 1441 2830 1441 2831 1441 2831 1442 2832 1442 2833 1442 2790 884 2834 884 2785 884 2834 884 2835 884 2785 884 2785 1443 2835 1443 2836 1443 2837 884 2838 884 2793 884 2838 884 2839 884 2793 884 2793 1444 2839 1444 2791 1444 2795 884 2840 884 2793 884 2840 884 2841 884 2793 884 2793 884 2841 884 2842 884 2842 884 2843 884 2793 884 2843 884 2844 884 2793 884 2793 1445 2844 1445 2845 1445 2836 998 2846 998 2785 998 2846 884 2793 884 2785 884 2785 884 2793 884 2847 884 2793 1446 2848 1446 2847 1446 2849 884 2850 884 2784 884 2850 884 2773 884 2784 884 2784 884 2773 884 2851 884 2773 1447 2813 1447 2851 1447 2783 884 2852 884 2784 884 2852 884 2853 884 2784 884 2784 884 2853 884 2849 884 732 884 730 884 756 884 730 884 728 884 756 884 756 1448 728 1448 726 1448 720 884 718 884 756 884 718 923 716 923 756 923 2831 884 2817 884 2854 884 2817 1449 609 1449 2854 1449 2776 1450 2775 1450 2855 1450 2775 1451 2856 1451 2855 1451 2855 1452 2856 1452 2857 1452 2858 1184 2859 1184 2777 1184 2860 884 2861 884 2862 884 2861 884 2863 884 2862 884 2862 1026 2863 1026 2864 1026 2798 1453 2865 1453 2752 1453 2865 884 2866 884 2752 884 2752 1454 2866 1454 2799 1454 2800 1455 2867 1455 2752 1455 2867 1456 2868 1456 2752 1456 2752 1457 2868 1457 2751 1457 2803 1350 2869 1350 2773 1350 2869 884 2870 884 2773 884 2773 1458 2870 1458 2804 1458 2805 1459 2871 1459 2773 1459 2871 884 2872 884 2773 884 2773 1460 2872 1460 2808 1460 2782 884 2784 884 2816 884 2784 1461 2873 1461 2816 1461 2816 1462 2873 1462 2814 1462 716 884 714 884 756 884 714 884 712 884 756 884 756 1463 712 1463 710 1463 710 1464 708 1464 756 1464 708 884 706 884 756 884 756 1465 706 1465 704 1465 2821 884 2874 884 682 884 2874 1466 2875 1466 682 1466 682 1467 2875 1467 2822 1467 2826 884 2876 884 682 884 2876 1468 2877 1468 682 1468 682 1469 2877 1469 2878 1469 2879 1470 2880 1470 2881 1470 2882 884 2883 884 2884 884 2883 1471 2885 1471 2884 1471 2884 1472 2885 1472 2886 1472 2887 884 2888 884 2889 884 2890 963 2761 963 2884 963 2761 884 2891 884 2884 884 2884 1473 2891 1473 2882 1473 2890 884 2892 884 2761 884 2892 884 2893 884 2761 884 2761 1474 2893 1474 2894 1474 2894 884 2895 884 2761 884 2895 884 2896 884 2761 884 2761 1475 2896 1475 2897 1475 2897 884 2898 884 2761 884 2898 884 2899 884 2761 884 2761 1476 2899 1476 2759 1476 664 884 662 884 609 884 656 884 654 884 609 884 654 884 652 884 609 884 609 1477 652 1477 650 1477 628 1478 626 1478 610 1478 2900 884 2901 884 2902 884 2903 1479 2904 1479 2902 1479 2904 1480 2905 1480 2902 1480 2902 884 2905 884 2906 884 2905 1481 2907 1481 2906 1481 2830 1482 2908 1482 2831 1482 2908 1483 2909 1483 2831 1483 2831 1484 2909 1484 2832 1484 2857 884 2817 884 2855 884 2817 1485 2831 1485 2855 1485 2855 1486 2831 1486 2910 1486 2831 884 2911 884 2910 884 2912 884 2913 884 2777 884 2913 1487 2914 1487 2777 1487 2777 884 2914 884 2778 884 2914 884 2915 884 2778 884 2778 884 2915 884 2776 884 2915 1488 2916 1488 2776 1488 2776 1489 2916 1489 2774 1489 2777 1490 2917 1490 2918 1490 2837 884 2919 884 2838 884 2919 884 2920 884 2838 884 2838 884 2920 884 2862 884 2920 884 2921 884 2862 884 2862 1491 2921 1491 2860 1491 726 1492 724 1492 756 1492 724 884 722 884 756 884 756 1493 722 1493 720 1493 704 884 702 884 756 884 702 998 700 998 756 998 756 1074 700 1074 698 1074 678 1494 676 1494 609 1494 648 1495 646 1495 609 1495 646 1496 644 1496 609 1496 609 1497 644 1497 642 1497 642 884 640 884 609 884 640 1498 638 1498 609 1498 609 1499 638 1499 636 1499 2922 1500 2923 1500 2831 1500 2923 1501 2924 1501 2831 1501 2831 884 2924 884 2911 884 2749 884 2751 884 2777 884 2751 884 2925 884 2777 884 2777 1502 2925 1502 2912 1502 2779 884 2926 884 2777 884 2926 884 2927 884 2777 884 2777 1503 2927 1503 2928 1503 2928 1504 2929 1504 2777 1504 2929 1505 2930 1505 2777 1505 2777 1506 2930 1506 2931 1506 2859 884 2932 884 2777 884 2932 884 2933 884 2777 884 2777 1507 2933 1507 2917 1507 2845 884 2934 884 2793 884 2934 884 2935 884 2793 884 2793 1508 2935 1508 2848 1508 750 884 756 884 752 884 756 884 754 884 752 884 750 884 748 884 756 884 748 884 746 884 756 884 756 1509 746 1509 744 1509 744 884 742 884 756 884 742 884 740 884 756 884 756 1510 740 1510 738 1510 738 884 736 884 756 884 736 884 734 884 756 884 756 1511 734 1511 732 1511 698 884 696 884 756 884 696 884 694 884 756 884 756 1073 694 1073 692 1073 692 884 690 884 756 884 690 884 688 884 756 884 756 997 688 997 686 997 2881 884 2936 884 2879 884 2936 1512 2937 1512 2879 1512 2879 884 2937 884 2938 884 2937 1513 2939 1513 2938 1513 2938 1514 2939 1514 2754 1514 2888 1013 2940 1013 2889 1013 2940 1012 2941 1012 2889 1012 2889 1515 2941 1515 2942 1515 2942 884 2943 884 2889 884 2943 884 2944 884 2889 884 2889 1516 2944 1516 2945 1516 2945 884 2946 884 2889 884 2946 884 2947 884 2889 884 2889 1517 2947 1517 2948 1517 2886 1518 2949 1518 2884 1518 2949 884 2889 884 2884 884 2884 884 2889 884 2950 884 2889 1519 2948 1519 2950 1519 2951 884 2952 884 2953 884 662 884 660 884 609 884 660 884 658 884 609 884 609 1520 658 1520 656 1520 636 1521 634 1521 609 1521 634 884 632 884 609 884 609 884 632 884 610 884 632 884 630 884 610 884 610 1522 630 1522 628 1522 626 1523 624 1523 610 1523 624 884 622 884 610 884 610 884 622 884 612 884 2829 1524 2831 1524 2902 1524 2831 1525 2954 1525 2902 1525 2902 1526 2954 1526 2900 1526 2901 884 2955 884 2902 884 2955 1527 2956 1527 2902 1527 2902 1528 2956 1528 2903 1528 2957 884 2958 884 2959 884 2958 1529 2960 1529 2959 1529 2905 884 2961 884 2907 884 2961 884 2958 884 2907 884 2907 1530 2958 1530 2962 1530 2958 1531 2957 1531 2962 1531 2833 884 2963 884 2831 884 2963 884 2964 884 2831 884 2831 1532 2964 1532 2965 1532 2965 884 2966 884 2831 884 2966 884 2967 884 2831 884 2831 1533 2967 1533 2968 1533 2931 884 2969 884 2777 884 2969 884 2970 884 2777 884 2777 1534 2970 1534 2858 1534 2971 1535 2972 1535 2973 1535 2972 884 2974 884 2973 884 2973 884 2974 884 2975 884 2976 884 2977 884 2978 884 2977 884 2979 884 2978 884 2978 1536 2979 1536 2980 1536 2918 1537 2981 1537 2777 1537 2981 884 2978 884 2777 884 2777 884 2978 884 2982 884 2978 1538 2980 1538 2982 1538 2753 884 2983 884 2984 884 2985 884 2986 884 2753 884 2986 1539 2987 1539 2753 1539 2753 884 2987 884 2754 884 2987 1540 2988 1540 2754 1540 2754 1541 2988 1541 2938 1541 2887 884 2889 884 2989 884 2889 884 2990 884 2989 884 2989 1542 2990 1542 2991 1542 2992 884 2993 884 2994 884 2993 884 2995 884 2994 884 2996 884 2997 884 2994 884 2997 1543 2998 1543 2994 1543 2817 1544 682 1544 609 1544 682 1545 680 1545 609 1545 609 884 680 884 678 884 2968 1546 2999 1546 2831 1546 2999 1547 3000 1547 2831 1547 2831 1548 3000 1548 2922 1548 2976 1549 2978 1549 2973 1549 2978 1550 3001 1550 2973 1550 2973 1551 3001 1551 2971 1551 3002 884 3003 884 3004 884 3005 884 3006 884 3007 884 3008 884 3009 884 2879 884 3009 884 3010 884 2879 884 2879 1552 3010 1552 2880 1552 2760 884 2278 884 2761 884 2278 884 3011 884 2761 884 2761 884 3011 884 3012 884 3011 1553 3013 1553 3012 1553 3012 884 3013 884 2753 884 3013 884 3014 884 2753 884 2753 884 3014 884 2983 884 2984 884 3015 884 2753 884 3015 1554 3016 1554 2753 1554 2753 1555 3016 1555 2985 1555 2991 884 3017 884 2989 884 3017 884 3018 884 2989 884 2989 884 3018 884 3019 884 2995 884 3020 884 2994 884 3020 884 3021 884 2994 884 2994 1556 3021 1556 2996 1556 2998 1557 3022 1557 2994 1557 3022 884 3023 884 2994 884 2994 1558 3023 1558 3024 1558 3024 884 3025 884 2994 884 3025 1559 3026 1559 2994 1559 2994 884 3026 884 2827 884 3026 884 3027 884 2827 884 2827 1560 3027 1560 2278 1560 3027 884 3028 884 2278 884 2278 884 3028 884 2279 884 670 884 668 884 609 884 668 884 666 884 609 884 609 1561 666 1561 664 1561 622 884 620 884 612 884 620 1562 618 1562 612 1562 612 1563 618 1563 614 1563 618 884 616 884 614 884 3002 884 3004 884 3029 884 3030 884 3031 884 3032 884 3031 884 682 884 3032 884 3032 1564 682 1564 3033 1564 682 1565 2878 1565 3033 1565 3007 1566 3034 1566 3005 1566 3034 1567 3035 1567 3005 1567 3005 884 3035 884 3008 884 3035 1568 3036 1568 3008 1568 3008 1569 3036 1569 3009 1569 3037 884 3038 884 2953 884 3038 1570 3039 1570 2953 1570 3039 884 3040 884 2953 884 3040 1393 3041 1393 2953 1393 2953 1571 3041 1571 3042 1571 676 884 674 884 609 884 674 884 672 884 609 884 609 1572 672 1572 670 1572 2975 1573 2974 1573 3004 1573 2974 884 3043 884 3004 884 3004 1574 3043 1574 3029 1574 3003 884 3044 884 3004 884 3044 884 3045 884 3004 884 3004 884 3045 884 3046 884 3006 884 3047 884 3007 884 3047 884 3048 884 3007 884 3007 1575 3048 1575 3049 1575 3048 1576 3050 1576 3049 1576 2992 884 2994 884 2953 884 2994 1577 3051 1577 2953 1577 2953 1578 3051 1578 3052 1578 2952 884 3053 884 2953 884 3053 884 3054 884 2953 884 2953 1579 3054 1579 3037 1579 3030 884 3055 884 3031 884 3055 884 3056 884 3031 884 3031 1580 3056 1580 685 1580 3056 884 3057 884 685 884 685 1581 3057 1581 3058 1581 3058 884 3059 884 685 884 3059 1124 3060 1124 685 1124 685 1582 3060 1582 3061 1582 3061 1583 3062 1583 685 1583 3062 884 2742 884 685 884 685 884 2742 884 758 884 2742 1584 2746 1584 758 1584 3052 884 3063 884 2953 884 3063 884 3064 884 2953 884 2953 1585 3064 1585 2951 1585 3062 1586 3065 1586 2742 1586 3065 884 3066 884 2742 884 2742 884 3066 884 3048 884 3066 1587 3067 1587 3048 1587 3048 1588 3067 1588 3050 1588 1065 1589 1064 1589 2030 1589 1065 1589 2030 1589 2728 1589 2030 1590 75 1590 2728 1590 2728 1590 75 1590 74 1590 1 1591 0 1591 2075 1591 1 1592 2075 1592 2740 1592 2075 1593 1063 1593 2740 1593 2740 1593 1063 1593 1062 1593 77 1594 76 1594 2057 1594 77 1594 2057 1594 2684 1594 2057 1595 1139 1595 2684 1595 2684 1595 1139 1595 1138 1595 153 1596 152 1596 2020 1596 153 1596 2020 1596 2709 1596 2020 1597 151 1597 2709 1597 2709 1598 151 1598 150 1598 229 1599 228 1599 2037 1599 229 1600 2037 1600 2660 1600 2037 1601 227 1601 2660 1601 2660 1602 227 1602 226 1602 305 1603 304 1603 2015 1603 305 1603 2015 1603 2648 1603 2015 1604 303 1604 2648 1604 2648 1605 303 1605 302 1605 381 1606 380 1606 2069 1606 381 1607 2069 1607 2665 1607 2069 1608 379 1608 2665 1608 2665 1608 379 1608 378 1608 457 1609 456 1609 2323 1609 456 1610 1165 1610 2323 1610 2323 1611 1165 1611 2651 1611 1165 1612 2012 1612 2651 1612 2012 1613 455 1613 2651 1613 2651 1613 455 1613 454 1613 533 1614 532 1614 1177 1614 533 1614 1177 1614 2193 1614 1177 1615 531 1615 2193 1615 2193 1615 531 1615 530 1615 2261 1616 1316 1616 1588 1616 2261 1616 1588 1616 2526 1616 1588 1617 607 1617 2526 1617 2526 1617 607 1617 606 1617 2242 1618 1245 1618 1475 1618 2242 1618 1475 1618 2177 1618 1475 1619 1160 1619 2177 1619 2177 1619 1160 1619 2113 1619 2122 1620 1209 1620 1208 1620 2122 1620 1208 1620 2120 1620 1208 1621 1207 1621 2120 1621 2120 1621 1207 1621 2121 1621 2108 1622 1202 1622 1204 1622 2108 1622 1204 1622 2397 1622 1204 1623 1180 1623 2397 1623 2397 1624 1180 1624 2106 1624 2213 1625 1196 1625 1261 1625 2213 1626 1261 1626 2300 1626 1261 1627 1181 1627 2300 1627 2300 1627 1181 1627 2109 1627 2531 1628 1507 1628 2532 1628 1507 1629 1164 1629 2532 1629 2532 1630 1164 1630 2567 1630 1164 1631 1163 1631 2567 1631 2567 1632 1163 1632 2568 1632 1163 1633 1176 1633 2568 1633 2568 1634 1176 1634 2534 1634 1176 1635 1175 1635 2534 1635 2534 1636 1175 1636 2533 1636 1175 1637 1174 1637 2533 1637 2533 1638 1174 1638 2191 1638 1174 1639 1157 1639 2191 1639 2191 1640 1157 1640 2192 1640 1157 1641 1156 1641 2192 1641 2192 1642 1156 1642 2194 1642 1156 1643 1155 1643 2194 1643 2194 1644 1155 1644 2195 1644 1155 1645 1154 1645 2195 1645 2195 1646 1154 1646 2110 1646 1154 1647 1153 1647 2110 1647 2110 1648 1153 1648 2111 1648 1153 1648 1152 1648 2111 1648 2111 1649 1152 1649 2123 1649 1152 1650 1151 1650 2123 1650 2123 1651 1151 1651 2124 1651 1151 1652 1162 1652 2124 1652 2124 1653 1162 1653 2114 1653 1162 1653 1161 1653 2114 1653 2114 1654 1161 1654 2115 1654 1161 1655 1150 1655 2115 1655 2115 1656 1150 1656 2141 1656 1150 1657 1149 1657 2141 1657 2141 1658 1149 1658 2142 1658 1149 1658 1148 1658 2142 1658 2142 1659 1148 1659 2125 1659 1148 1659 1147 1659 2125 1659 2125 1660 1147 1660 2126 1660 1147 1661 1146 1661 2126 1661 2126 1662 1146 1662 2143 1662 1146 1663 1159 1663 2143 1663 2143 1664 1159 1664 2144 1664 1159 1665 1158 1665 2144 1665 2144 1666 1158 1666 2145 1666 1158 1667 1332 1667 2145 1667 2145 1668 1332 1668 2146 1668 1332 1669 1331 1669 2146 1669 2146 1670 1331 1670 2147 1670 1331 1670 1246 1670 2147 1670 2147 1671 1246 1671 2148 1671 1246 1672 1247 1672 2148 1672 2148 1673 1247 1673 2179 1673 1247 1674 1248 1674 2179 1674 2179 1675 1248 1675 2178 1675 1248 1676 1591 1676 2178 1676 2178 1677 1591 1677 2176 1677 1591 1677 1474 1677 2176 1677 2176 1678 1474 1678 2412 1678 1474 1679 1473 1679 2412 1679 2412 1680 1473 1680 2411 1680 1473 1681 1651 1681 2411 1681 2411 1682 1651 1682 2410 1682 1651 1683 1590 1683 2410 1683 2410 1684 1590 1684 2413 1684 1590 1685 1589 1685 2413 1685 2413 1686 1589 1686 2414 1686 1589 1687 1661 1687 2414 1687 2414 1688 1661 1688 2415 1688 1661 1689 1660 1689 2415 1689 2415 1690 1660 1690 2104 1690 1660 1690 1650 1690 2104 1690 2104 1691 1650 1691 2105 1691 1650 1692 1649 1692 2105 1692 2105 1693 1649 1693 2398 1693 1649 1694 1648 1694 2398 1694 2398 1695 1648 1695 2466 1695 1648 1695 1630 1695 2466 1695 2466 1696 1630 1696 2164 1696 1630 1697 1629 1697 2164 1697 2164 1698 1629 1698 2165 1698 1629 1699 1628 1699 2165 1699 2165 1700 1628 1700 2223 1700 1628 1701 1539 1701 2223 1701 2223 1702 1539 1702 2224 1702 1539 1703 1538 1703 2224 1703 2224 1704 1538 1704 2118 1704 1538 1705 1537 1705 2118 1705 2118 1706 1537 1706 2119 1706 1537 1707 1244 1707 2119 1707 2119 1708 1244 1708 2166 1708 1244 1708 1243 1708 2166 1708 2166 1709 1243 1709 2167 1709 1243 1710 1396 1710 2167 1710 2167 1711 1396 1711 2136 1711 1396 1712 1395 1712 2136 1712 2136 1713 1395 1713 2137 1713 1395 1714 1394 1714 2137 1714 2137 1715 1394 1715 2138 1715 1394 1715 1179 1715 2138 1715 2138 1716 1179 1716 2139 1716 1179 1717 1178 1717 2139 1717 2139 1718 1178 1718 2140 1718 1178 1719 1206 1719 2140 1719 2140 1720 1206 1720 2168 1720 1206 1721 1205 1721 2168 1721 2168 1722 1205 1722 2169 1722 1205 1723 1203 1723 2169 1723 2169 1724 1203 1724 2170 1724 1203 1725 1183 1725 2170 1725 2170 1726 1183 1726 2228 1726 1183 1726 1182 1726 2228 1726 2228 1727 1182 1727 2227 1727 1182 1727 1216 1727 2227 1727 2227 1728 1216 1728 2225 1728 1216 1729 1214 1729 2225 1729 2225 1730 1214 1730 2469 1730 1214 1731 1213 1731 2469 1731 2469 1732 1213 1732 2116 1732 1213 1732 1192 1732 2116 1732 2116 1733 1192 1733 2117 1733 1192 1734 1191 1734 2117 1734 2117 1735 1191 1735 2149 1735 1191 1736 1361 1736 2149 1736 2149 1737 1361 1737 2150 1737 1361 1737 1360 1737 2150 1737 2150 1738 1360 1738 2151 1738 1360 1739 1359 1739 2151 1739 2151 1740 1359 1740 2152 1740 1359 1741 1212 1741 2152 1741 2152 1742 1212 1742 2362 1742 1212 1743 1211 1743 2362 1743 2362 1744 1211 1744 2363 1744 1211 1745 1429 1745 2363 1745 2363 1746 1429 1746 2364 1746 1429 1747 1431 1747 2364 1747 2364 1748 1431 1748 2527 1748 1431 1749 1512 1749 2527 1749 2527 1750 1512 1750 2528 1750 1512 1751 1511 1751 2528 1751 2528 1752 1511 1752 2529 1752 1511 1753 1510 1753 2529 1753 2529 1754 1510 1754 2530 1754 1510 1755 1508 1755 2530 1755 2530 1756 1508 1756 2531 1756 1508 1757 1507 1757 2531 1757 1813 1758 2855 1758 2910 1758 1813 1758 2910 1758 1814 1758 2910 1759 2911 1759 1814 1759 1814 1759 2911 1759 1729 1759 2911 1760 2924 1760 1729 1760 1729 1761 2924 1761 1730 1761 2924 1762 2923 1762 1730 1762 1730 1763 2923 1763 1881 1763 2923 1764 2922 1764 1881 1764 1881 1764 2922 1764 1882 1764 2922 1765 3000 1765 1882 1765 1882 1765 3000 1765 1883 1765 3000 1766 2999 1766 1883 1766 1883 1767 2999 1767 1962 1767 2999 1768 2968 1768 1962 1768 1962 1769 2968 1769 1963 1769 2968 1770 2967 1770 1963 1770 1963 1771 2967 1771 1884 1771 2967 1772 2966 1772 1884 1772 1884 1772 2966 1772 1885 1772 2966 1773 2965 1773 1885 1773 1885 1774 2965 1774 1964 1774 2965 1775 2964 1775 1964 1775 1964 1776 2964 1776 1965 1776 2964 1777 2963 1777 1965 1777 1965 1777 2963 1777 1734 1777 2963 1778 2833 1778 1734 1778 1734 1778 2833 1778 1733 1778 2833 1779 2832 1779 1733 1779 1733 1779 2832 1779 1732 1779 2832 1780 2909 1780 1732 1780 1732 1781 2909 1781 1815 1781 2909 1782 2908 1782 1815 1782 1815 1783 2908 1783 1816 1783 2908 1784 2830 1784 1816 1784 1816 1785 2830 1785 1817 1785 2830 1786 2829 1786 1817 1786 1817 1787 2829 1787 1938 1787 2829 1788 2902 1788 1938 1788 1938 1788 2902 1788 1821 1788 2902 1789 2906 1789 1821 1789 1821 1789 2906 1789 1820 1789 2906 1790 2907 1790 1820 1790 1820 1791 2907 1791 1818 1791 2907 1792 2962 1792 1818 1792 1818 1793 2962 1793 1929 1793 2962 1794 2957 1794 1929 1794 1929 1795 2957 1795 1932 1795 2957 1796 2959 1796 1932 1796 1932 1797 2959 1797 1933 1797 2959 1798 2960 1798 1933 1798 1933 1798 2960 1798 1934 1798 2960 1799 2958 1799 1934 1799 1934 1800 2958 1800 1930 1800 2958 1801 2961 1801 1930 1801 1930 1801 2961 1801 1931 1801 2961 1802 2905 1802 1931 1802 1931 1803 2905 1803 1819 1803 2905 1804 2904 1804 1819 1804 1819 1805 2904 1805 1886 1805 2904 1806 2903 1806 1886 1806 1886 1806 2903 1806 1887 1806 2903 1807 2956 1807 1887 1807 1887 1807 2956 1807 1888 1807 2956 1808 2955 1808 1888 1808 1888 1808 2955 1808 1935 1808 2955 1809 2901 1809 1935 1809 1935 1809 2901 1809 1936 1809 2901 1810 2900 1810 1936 1810 1936 1811 2900 1811 1937 1811 2900 1812 2954 1812 1937 1812 1937 1812 2954 1812 1939 1812 2954 1813 2831 1813 1939 1813 1939 1814 2831 1814 1731 1814 1688 1815 2777 1815 2982 1815 1688 1816 2982 1816 1869 1816 2982 1817 2980 1817 1869 1817 1869 1818 2980 1818 1920 1818 2980 1819 2979 1819 1920 1819 1920 1819 2979 1819 1921 1819 2979 1820 2977 1820 1921 1820 1921 1821 2977 1821 1922 1821 2977 1822 2976 1822 1922 1822 1922 1822 2976 1822 1923 1822 2976 1823 2973 1823 1923 1823 1923 1823 2973 1823 1924 1823 2973 1824 2975 1824 1924 1824 1924 1825 2975 1825 1809 1825 2975 1826 3004 1826 1809 1826 1809 1826 3004 1826 1810 1826 3004 1827 3046 1827 1810 1827 1810 1828 3046 1828 1980 1828 3046 1829 3045 1829 1980 1829 1980 1830 3045 1830 1981 1830 3045 1831 3044 1831 1981 1831 1981 1832 3044 1832 1989 1832 3044 1833 3003 1833 1989 1833 1989 1834 3003 1834 1990 1834 3003 1835 3002 1835 1990 1835 1990 1835 3002 1835 1991 1835 3002 1836 3029 1836 1991 1836 1991 1836 3029 1836 1992 1836 3029 1837 3043 1837 1992 1837 1992 1837 3043 1837 1993 1837 3043 1838 2974 1838 1993 1838 1993 1838 2974 1838 1960 1838 2974 1839 2972 1839 1960 1839 1960 1840 2972 1840 1961 1840 2972 1841 2971 1841 1961 1841 1961 1841 2971 1841 1982 1841 2971 1842 3001 1842 1982 1842 1982 1843 3001 1843 1983 1843 3001 1844 2978 1844 1983 1844 1983 1844 2978 1844 1811 1844 2978 1845 2981 1845 1811 1845 1811 1846 2981 1846 1870 1846 2981 1847 2918 1847 1870 1847 1870 1847 2918 1847 1871 1847 2918 1848 2917 1848 1871 1848 1871 1848 2917 1848 1872 1848 2917 1849 2933 1849 1872 1849 1872 1850 2933 1850 1873 1850 2933 1851 2932 1851 1873 1851 1873 1851 2932 1851 1874 1851 2932 1852 2859 1852 1874 1852 1874 1853 2859 1853 1875 1853 2859 1854 2858 1854 1875 1854 1875 1855 2858 1855 1876 1855 2858 1856 2970 1856 1876 1856 1876 1857 2970 1857 1877 1857 2970 1858 2969 1858 1877 1858 1877 1858 2969 1858 1925 1858 2969 1859 2931 1859 1925 1859 1925 1860 2931 1860 1926 1860 2931 1861 2930 1861 1926 1861 1926 1861 2930 1861 1880 1861 2930 1862 2929 1862 1880 1862 1880 1863 2929 1863 1879 1863 2929 1864 2928 1864 1879 1864 1879 1864 2928 1864 1878 1864 2928 1865 2927 1865 1878 1865 1878 1866 2927 1866 1927 1866 2927 1867 2926 1867 1927 1867 1927 1867 2926 1867 1928 1867 2926 1868 2779 1868 1928 1868 1928 1869 2779 1869 1686 1869 2779 1870 2778 1870 1686 1870 1686 1870 2778 1870 1687 1870 1797 1871 2752 1871 2785 1871 1797 1871 2785 1871 1719 1871 2785 1872 2847 1872 1719 1872 1719 1872 2847 1872 1955 1872 2847 1873 2848 1873 1955 1873 1955 1874 2848 1874 1956 1874 2848 1875 2935 1875 1956 1875 1956 1876 2935 1876 1957 1876 2935 1877 2934 1877 1957 1877 1957 1877 2934 1877 1978 1877 2934 1878 2845 1878 1978 1878 1978 1878 2845 1878 1979 1878 2845 1879 2844 1879 1979 1879 1979 1879 2844 1879 1769 1879 2844 1880 2843 1880 1769 1880 1769 1881 2843 1881 1770 1881 2843 1882 2842 1882 1770 1882 1770 1883 2842 1883 1851 1883 2842 1884 2841 1884 1851 1884 1851 1884 2841 1884 1852 1884 2841 1885 2840 1885 1852 1885 1852 1886 2840 1886 1771 1886 2840 1887 2795 1887 1771 1887 1771 1888 2795 1888 1772 1888 2795 1889 2794 1889 1772 1889 1772 1889 2794 1889 1785 1889 2794 1890 2792 1890 1785 1890 1785 1890 2792 1890 1786 1890 2792 1891 2791 1891 1786 1891 1786 1891 2791 1891 1787 1891 2791 1892 2839 1892 1787 1892 1787 1892 2839 1892 1853 1892 2839 1893 2838 1893 1853 1893 1853 1894 2838 1894 1790 1894 2838 1895 2862 1895 1790 1895 1790 1895 2862 1895 1788 1895 2862 1896 2864 1896 1788 1896 1788 1897 2864 1897 1908 1897 2864 1898 2863 1898 1908 1898 1908 1898 2863 1898 1907 1898 2863 1899 2861 1899 1907 1899 1907 1899 2861 1899 1906 1899 2861 1900 2860 1900 1906 1900 1906 1901 2860 1901 1958 1901 2860 1902 2921 1902 1958 1902 1958 1903 2921 1903 1959 1903 2921 1904 2920 1904 1959 1904 1959 1905 2920 1905 1789 1905 2920 1906 2919 1906 1789 1906 1789 1907 2919 1907 1791 1907 2919 1908 2837 1908 1791 1908 1791 1909 2837 1909 1854 1909 2837 1910 2793 1910 1854 1910 1854 1911 2793 1911 1721 1911 2793 1912 2846 1912 1721 1912 1721 1912 2846 1912 1720 1912 2846 1913 2836 1913 1720 1913 1720 1913 2836 1913 1718 1913 2836 1914 2835 1914 1718 1914 1718 1915 2835 1915 1855 1915 2835 1916 2834 1916 1855 1916 1855 1917 2834 1917 1856 1917 2834 1918 2790 1918 1856 1918 1856 1919 2790 1919 1792 1919 2790 1920 2789 1920 1792 1920 1792 1921 2789 1921 1793 1921 2789 1922 2788 1922 1793 1922 1793 1922 2788 1922 1794 1922 2788 1923 2787 1923 1794 1923 1794 1924 2787 1924 1795 1924 2787 1925 2786 1925 1795 1925 1795 1925 2786 1925 1796 1925 2786 1926 2750 1926 1796 1926 1796 1927 2750 1927 1689 1927 1690 1928 2753 1928 2757 1928 1690 1929 2757 1929 1692 1929 2757 1930 2758 1930 1692 1930 1692 1931 2758 1931 1716 1931 2758 1932 2773 1932 1716 1932 1716 1933 2773 1933 1712 1933 2773 1934 2850 1934 1712 1934 1712 1935 2850 1935 1699 1935 2850 1936 2849 1936 1699 1936 1699 1937 2849 1937 1700 1937 2849 1938 2853 1938 1700 1938 1700 1939 2853 1939 1773 1939 2853 1940 2852 1940 1773 1940 1773 1941 2852 1941 1774 1941 2852 1942 2783 1942 1774 1942 1774 1943 2783 1943 1775 1943 2783 1944 2782 1944 1775 1944 1775 1945 2782 1945 1845 1945 2782 1946 2816 1946 1845 1946 1845 1946 2816 1946 1776 1946 2816 1947 2815 1947 1776 1947 1776 1947 2815 1947 1777 1947 2815 1948 2814 1948 1777 1948 1777 1949 2814 1949 1778 1949 2814 1950 2873 1950 1778 1950 1778 1950 2873 1950 1846 1950 2873 1951 2784 1951 1846 1951 1846 1951 2784 1951 1701 1951 2784 1952 2851 1952 1701 1952 1701 1953 2851 1953 1779 1953 2851 1954 2813 1954 1779 1954 1779 1955 2813 1955 1710 1955 2813 1956 2812 1956 1710 1956 1710 1957 2812 1957 1711 1957 2812 1958 2811 1958 1711 1958 1711 1958 2811 1958 1763 1958 2811 1959 2772 1959 1763 1959 1763 1960 2772 1960 1764 1960 2772 1961 2771 1961 1764 1961 1764 1961 2771 1961 1765 1961 2771 1962 2810 1962 1765 1962 1765 1962 2810 1962 1766 1962 2810 1963 2809 1963 1766 1963 1766 1964 2809 1964 1767 1964 2809 1965 2806 1965 1767 1965 1767 1966 2806 1966 1768 1966 2806 1967 2807 1967 1768 1967 1768 1968 2807 1968 1780 1968 2807 1969 2808 1969 1780 1969 1780 1970 2808 1970 1781 1970 2808 1971 2872 1971 1781 1971 1781 1972 2872 1972 1782 1972 2872 1973 2871 1973 1782 1973 1782 1974 2871 1974 1847 1974 2871 1975 2805 1975 1847 1975 1847 1975 2805 1975 1848 1975 2805 1976 2804 1976 1848 1976 1848 1976 2804 1976 1783 1976 2804 1977 2870 1977 1783 1977 1783 1978 2870 1978 1784 1978 2870 1979 2869 1979 1784 1979 1784 1979 2869 1979 1849 1979 2869 1980 2803 1980 1849 1980 1849 1981 2803 1981 1850 1981 2803 1982 2802 1982 1850 1982 1850 1983 2802 1983 1715 1983 2802 1984 2801 1984 1715 1984 1715 1984 2801 1984 1714 1984 2801 1985 2781 1985 1714 1985 1714 1985 2781 1985 1713 1985 2781 1986 2780 1986 1713 1986 1713 1987 2780 1987 1717 1987 2780 1988 2756 1988 1717 1988 1717 1988 2756 1988 1691 1988 1698 1989 2760 1989 2759 1989 1698 1990 2759 1990 1749 1990 2759 1991 2899 1991 1749 1991 1749 1992 2899 1992 1750 1992 2899 1993 2898 1993 1750 1993 1750 1993 2898 1993 1751 1993 2898 1994 2897 1994 1751 1994 1751 1995 2897 1995 1752 1995 2897 1996 2896 1996 1752 1996 1752 1997 2896 1997 1753 1997 2896 1998 2895 1998 1753 1998 1753 1999 2895 1999 1754 1999 2895 2000 2894 2000 1754 2000 1754 2001 2894 2001 1755 2001 2894 2002 2893 2002 1755 2002 1755 2002 2893 2002 1756 2002 2893 2003 2892 2003 1756 2003 1756 2004 2892 2004 1757 2004 2892 2005 2890 2005 1757 2005 1757 2006 2890 2006 1758 2006 2890 2007 2884 2007 1758 2007 1758 2008 2884 2008 1709 2008 2884 2009 2950 2009 1709 2009 1709 2010 2950 2010 1834 2010 2950 2011 2948 2011 1834 2011 1834 2011 2948 2011 1835 2011 2948 2012 2947 2012 1835 2012 1835 2013 2947 2013 1836 2013 2947 2014 2946 2014 1836 2014 1836 2015 2946 2015 1837 2015 2946 2016 2945 2016 1837 2016 1837 2017 2945 2017 1838 2017 2945 2018 2944 2018 1838 2018 1838 2019 2944 2019 1839 2019 2944 2020 2943 2020 1839 2020 1839 2021 2943 2021 1840 2021 2943 2022 2942 2022 1840 2022 1840 2023 2942 2023 1841 2023 2942 2024 2941 2024 1841 2024 1841 2024 2941 2024 1842 2024 2941 2025 2940 2025 1842 2025 1842 2026 2940 2026 1843 2026 2940 2027 2888 2027 1843 2027 1843 2028 2888 2028 1844 2028 2888 2029 2887 2029 1844 2029 1844 2030 2887 2030 1902 2030 2887 2031 2989 2031 1902 2031 1902 2032 2989 2032 1903 2032 2989 2033 3019 2033 1903 2033 1903 2033 3019 2033 1952 2033 3019 2034 3018 2034 1952 2034 1952 2035 3018 2035 1953 2035 3018 2036 3017 2036 1953 2036 1953 2036 3017 2036 1954 2036 3017 2037 2991 2037 1954 2037 1954 2038 2991 2038 1905 2038 2991 2039 2990 2039 1905 2039 1905 2039 2990 2039 1904 2039 2990 2040 2889 2040 1904 2040 1904 2041 2889 2041 1833 2041 2889 2042 2949 2042 1833 2042 1833 2042 2949 2042 1760 2042 2949 2043 2886 2043 1760 2043 1760 2044 2886 2044 1707 2044 2886 2045 2885 2045 1707 2045 1707 2046 2885 2046 1708 2046 2885 2047 2883 2047 1708 2047 1708 2048 2883 2048 1761 2048 2883 2049 2882 2049 1761 2049 1761 2050 2882 2050 1762 2050 2882 2051 2891 2051 1762 2051 1762 2051 2891 2051 1759 2051 2891 2052 2761 2052 1759 2052 1759 2053 2761 2053 1681 2053 1313 2054 2488 2054 2487 2054 1313 2054 2487 2054 1312 2054 2487 2055 2370 2055 1312 2055 1312 2055 2370 2055 1311 2055 2370 2056 2369 2056 1311 2056 1311 2056 2369 2056 1314 2056 2369 2057 2368 2057 1314 2057 1314 2058 2368 2058 1315 2058 2368 2059 2280 2059 1315 2059 1315 2059 2280 2059 1187 2059 2280 2060 2279 2060 1187 2060 1187 2060 2279 2060 1188 2060 2279 2061 3028 2061 1188 2061 1188 2061 3028 2061 1943 2061 1943 2062 3028 2062 1944 2062 3028 2063 3027 2063 1944 2063 1944 2064 3027 2064 1945 2064 3027 2065 3026 2065 1945 2065 3026 2066 3025 2066 1945 2066 1945 2067 3025 2067 1946 2067 3025 2068 3024 2068 1946 2068 1946 2068 3024 2068 1947 2068 3024 2069 3023 2069 1947 2069 1947 2070 3023 2070 1948 2070 3023 2071 3022 2071 1948 2071 1948 2071 3022 2071 1949 2071 3022 2072 2998 2072 1949 2072 1949 2072 2998 2072 1828 2072 2998 2073 2997 2073 1828 2073 1828 2074 2997 2074 1829 2074 2997 2075 2996 2075 1829 2075 1829 2075 2996 2075 1831 2075 2996 2076 3021 2076 1831 2076 1831 2077 3021 2077 1832 2077 3021 2078 3020 2078 1832 2078 1832 2078 3020 2078 1950 2078 3020 2079 2995 2079 1950 2079 1950 2080 2995 2080 1951 2080 2995 2081 2993 2081 1951 2081 1951 2082 2993 2082 1898 2082 2993 2083 2992 2083 1898 2083 1898 2083 2992 2083 1899 2083 2992 2084 2953 2084 1899 2084 1899 2085 2953 2085 1900 2085 2953 2086 3042 2086 1900 2086 1900 2086 3042 2086 1969 2086 3042 2087 3041 2087 1969 2087 1969 2088 3041 2088 1970 2088 3041 2089 3040 2089 1970 2089 1970 2089 3040 2089 1971 2089 3040 2090 3039 2090 1971 2090 1971 2091 3039 2091 1972 2091 3039 2092 3038 2092 1972 2092 1972 2092 3038 2092 1973 2092 3038 2093 3037 2093 1973 2093 1973 2094 3037 2094 1974 2094 3037 2095 3054 2095 1974 2095 1974 2096 3054 2096 1975 2096 3054 2097 3053 2097 1975 2097 1975 2097 3053 2097 1987 2097 3053 2098 2952 2098 1987 2098 1987 2099 2952 2099 1988 2099 2952 2100 2951 2100 1988 2100 1988 2101 2951 2101 1976 2101 2951 2102 3064 2102 1976 2102 1976 2103 3064 2103 1977 2103 3064 2104 3063 2104 1977 2104 1977 2105 3063 2105 1997 2105 3063 2106 3052 2106 1997 2106 1997 2107 3052 2107 1998 2107 3052 2108 3051 2108 1998 2108 1998 2108 3051 2108 1901 2108 3051 2109 2994 2109 1901 2109 1901 2109 2994 2109 1830 2109 2994 2110 2827 2110 1830 2110 1830 2111 2827 2111 1696 2111 1388 2112 2372 2112 2371 2112 1388 2112 2371 2112 1389 2112 2371 2113 2520 2113 1389 2113 1389 2113 2520 2113 1391 2113 2520 2114 2519 2114 1391 2114 1391 2115 2519 2115 1617 2115 2519 2116 2518 2116 1617 2116 1617 2117 2518 2117 1618 2117 2518 2118 2566 2118 1618 2118 1618 2119 2566 2119 1619 2119 2566 2120 2565 2120 1619 2120 1619 2121 2565 2121 1637 2121 2565 2122 2517 2122 1637 2122 1637 2123 2517 2123 1638 2123 2517 2124 2516 2124 1638 2124 1638 2125 2516 2125 1622 2125 2516 2126 2515 2126 1622 2126 1622 2127 2515 2127 1621 2127 2515 2128 2514 2128 1621 2128 1621 2128 2514 2128 1620 2128 2514 2129 2513 2129 1620 2129 1620 2129 2513 2129 1623 2129 2513 2130 2512 2130 1623 2130 1623 2131 2512 2131 1624 2131 2512 2132 2450 2132 1624 2132 1624 2132 2450 2132 1577 2132 2450 2133 2449 2133 1577 2133 1577 2133 2449 2133 1578 2133 2449 2134 2448 2134 1578 2134 1578 2135 2448 2135 1579 2135 2448 2136 2197 2136 1579 2136 1579 2136 2197 2136 1465 2136 2197 2137 2196 2137 1465 2137 1465 2138 2196 2138 1466 2138 2196 2139 2380 2139 1466 2139 1466 2140 2380 2140 1525 2140 2380 2141 2379 2141 1525 2141 1525 2142 2379 2142 1526 2142 2379 2143 2378 2143 1526 2143 1526 2144 2378 2144 1527 2144 2378 2145 2447 2145 1527 2145 1527 2145 2447 2145 1580 2145 2447 2146 2446 2146 1580 2146 1580 2147 2446 2147 1581 2147 2446 2148 2510 2148 1581 2148 1581 2148 2510 2148 1626 2148 2510 2149 2511 2149 1626 2149 1626 2150 2511 2150 1627 2150 2511 2151 2564 2151 1627 2151 1627 2151 2564 2151 1639 2151 2564 2152 2563 2152 1639 2152 1639 2153 2563 2153 1640 2153 2563 2154 2562 2154 1640 2154 1640 2155 2562 2155 1641 2155 2562 2156 2561 2156 1641 2156 1641 2156 2561 2156 1642 2156 2561 2157 2560 2157 1642 2157 1642 2158 2560 2158 1643 2158 2560 2159 2559 2159 1643 2159 1643 2160 2559 2160 1644 2160 2559 2161 2558 2161 1644 2161 1644 2161 2558 2161 1645 2161 2558 2162 2557 2162 1645 2162 1645 2163 2557 2163 1646 2163 2557 2164 2556 2164 1646 2164 1646 2164 2556 2164 1647 2164 2556 2165 2509 2165 1647 2165 1647 2166 2509 2166 1625 2166 2509 2167 2508 2167 1625 2167 1625 2168 2508 2168 1583 2168 2508 2169 2445 2169 1583 2169 1583 2170 2445 2170 1582 2170 2445 2171 2198 2171 1582 2171 1582 2171 2198 2171 1390 2171 1387 2172 2272 2172 2423 2172 1387 2173 2423 2173 1610 2173 2423 2174 2570 2174 1610 2174 1610 2175 2570 2175 1560 2175 2570 2176 2540 2176 1560 2176 1560 2176 2540 2176 1561 2176 2540 2177 2539 2177 1561 2177 1561 2178 2539 2178 1611 2178 2539 2179 2538 2179 1611 2179 1611 2180 2538 2180 1612 2180 2538 2181 2569 2181 1612 2181 1612 2182 2569 2182 1613 2182 2569 2183 2537 2183 1613 2183 1613 2183 2537 2183 1614 2183 2537 2184 2536 2184 1614 2184 1614 2185 2536 2185 1615 2185 2536 2186 2535 2186 1615 2186 1615 2187 2535 2187 1562 2187 2535 2188 2424 2188 1562 2188 1562 2189 2424 2189 1563 2189 2424 2190 2267 2190 1563 2190 1563 2191 2267 2191 1564 2191 2267 2192 2266 2192 1564 2192 1564 2193 2266 2193 1450 2193 2266 2194 2265 2194 1450 2194 1450 2194 2265 2194 1451 2194 2265 2195 2264 2195 1451 2195 1451 2195 2264 2195 1452 2195 2264 2196 2263 2196 1452 2196 1452 2197 2263 2197 1453 2197 2263 2198 2262 2198 1453 2198 1453 2198 2262 2198 1454 2198 2262 2199 2153 2199 1454 2199 1454 2199 2153 2199 1455 2199 2153 2200 2155 2200 1455 2200 1455 2201 2155 2201 1456 2201 2155 2202 2156 2202 1456 2202 1456 2202 2156 2202 1565 2202 2156 2203 2205 2203 1565 2203 1565 2204 2205 2204 1566 2204 2205 2205 2204 2205 1566 2205 1566 2205 2204 2205 1567 2205 2204 2206 2203 2206 1567 2206 1567 2206 2203 2206 1568 2206 2203 2207 2202 2207 1568 2207 1568 2208 2202 2208 1569 2208 2202 2209 2201 2209 1569 2209 1569 2209 2201 2209 1570 2209 2201 2210 2200 2210 1570 2210 1570 2210 2200 2210 1656 2210 2200 2211 2199 2211 1656 2211 1656 2212 2199 2212 1657 2212 2199 2213 2460 2213 1657 2213 1657 2214 2460 2214 1658 2214 2460 2215 2451 2215 1658 2215 1658 2216 2451 2216 1616 2216 2451 2217 2453 2217 1616 2217 1616 2218 2453 2218 1573 2218 2453 2219 2522 2219 1573 2219 1573 2220 2522 2220 1659 2220 2522 2221 2457 2221 1659 2221 1659 2221 2457 2221 1634 2221 2457 2222 2456 2222 1634 2222 1634 2223 2456 2223 1635 2223 2456 2224 2455 2224 1635 2224 1635 2225 2455 2225 1636 2225 2455 2226 2521 2226 1636 2226 1636 2227 2521 2227 1680 2227 2521 2228 2454 2228 1680 2228 1680 2228 2454 2228 1571 2228 2454 2229 2452 2229 1571 2229 1571 2230 2452 2230 1572 2230 2452 2231 2459 2231 1572 2231 1572 2232 2459 2232 1300 2232 1223 2233 2273 2233 2583 2233 1223 2233 2583 2233 1652 2233 2583 2234 2545 2234 1652 2234 1652 2235 2545 2235 1597 2235 2545 2236 2544 2236 1597 2236 1597 2237 2544 2237 1598 2237 2544 2238 2581 2238 1598 2238 1598 2239 2581 2239 1653 2239 2581 2240 2580 2240 1653 2240 1653 2240 2580 2240 1654 2240 2580 2241 2579 2241 1654 2241 1654 2242 2579 2242 1655 2242 2579 2243 2543 2243 1655 2243 1655 2243 2543 2243 1599 2243 2543 2244 2582 2244 1599 2244 1599 2245 2582 2245 1551 2245 2582 2246 2486 2246 1551 2246 1551 2247 2486 2247 1552 2247 2486 2248 2485 2248 1552 2248 1552 2248 2485 2248 1553 2248 2485 2249 2484 2249 1553 2249 1553 2250 2484 2250 1600 2250 2484 2251 2277 2251 1600 2251 1600 2252 2277 2252 1601 2252 2277 2253 2276 2253 1601 2253 1601 2253 2276 2253 1602 2253 2276 2254 2483 2254 1602 2254 1602 2255 2483 2255 1603 2255 2483 2256 2482 2256 1603 2256 1603 2256 2482 2256 1604 2256 2482 2257 2481 2257 1604 2257 1604 2258 2481 2258 1605 2258 2481 2259 2480 2259 1605 2259 1605 2259 2480 2259 1606 2259 2480 2260 2479 2260 1606 2260 1606 2261 2479 2261 1607 2261 2479 2262 2275 2262 1607 2262 1607 2263 2275 2263 1554 2263 2275 2264 2274 2264 1554 2264 1554 2265 2274 2265 1555 2265 2274 2266 2478 2266 1555 2266 1555 2267 2478 2267 1556 2267 2478 2268 2477 2268 1556 2268 1556 2268 2477 2268 1608 2268 2477 2269 2430 2269 1608 2269 1608 2270 2430 2270 1609 2270 2430 2271 2429 2271 1609 2271 1609 2271 2429 2271 1448 2271 2429 2272 2428 2272 1448 2272 1448 2272 2428 2272 1449 2272 2428 2273 2427 2273 1449 2273 1449 2274 2427 2274 1631 2274 2427 2275 2426 2275 1631 2275 1631 2275 2426 2275 1632 2275 2426 2276 2425 2276 1632 2276 1632 2276 2425 2276 1633 2276 2425 2277 2604 2277 1633 2277 1633 2278 2604 2278 1675 2278 2604 2279 2603 2279 1675 2279 1675 2280 2603 2280 1676 2280 2603 2281 2602 2281 1676 2281 1676 2282 2602 2282 1677 2282 2602 2283 2601 2283 1677 2283 1677 2284 2601 2284 1678 2284 2601 2285 2600 2285 1678 2285 1678 2286 2600 2286 1679 2286 2600 2287 2578 2287 1679 2287 1679 2288 2578 2288 1557 2288 2578 2289 2577 2289 1557 2289 1557 2290 2577 2290 1558 2290 2577 2291 2576 2291 1558 2291 1558 2291 2576 2291 1559 2291 2576 2292 2474 2292 1559 2292 1559 2292 2474 2292 1301 2292 1245 2293 2242 2293 2359 2293 1245 2293 2359 2293 1478 2293 2359 2294 2357 2294 1478 2294 1478 2295 2357 2295 1479 2295 2357 2296 2356 2296 1479 2296 1479 2296 2356 2296 1480 2296 2356 2297 2355 2297 1480 2297 1480 2298 2355 2298 1481 2298 2355 2299 2244 2299 1481 2299 1481 2299 2244 2299 1482 2299 2244 2300 2243 2300 1482 2300 1482 2301 2243 2301 1544 2301 2243 2302 2350 2302 1544 2302 1544 2302 2350 2302 1486 2302 2350 2303 2409 2303 1486 2303 1486 2304 2409 2304 1483 2304 2409 2305 2354 2305 1483 2305 1483 2305 2354 2305 1397 2305 2354 2306 2353 2306 1397 2306 1397 2307 2353 2307 1398 2307 2353 2308 2407 2308 1398 2308 1398 2309 2407 2309 1540 2309 2407 2310 2406 2310 1540 2310 1540 2311 2406 2311 1541 2311 2406 2312 2405 2312 1541 2312 1541 2312 2405 2312 1542 2312 2405 2313 2352 2313 1542 2313 1542 2314 2352 2314 1399 2314 2352 2315 2408 2315 1399 2315 1399 2315 2408 2315 1543 2315 2408 2316 2351 2316 1543 2316 1543 2316 2351 2316 1484 2316 2351 2317 2349 2317 1484 2317 1484 2318 2349 2318 1485 2318 2349 2319 2348 2319 1485 2319 1485 2319 2348 2319 1487 2319 2348 2320 2404 2320 1487 2320 1487 2321 2404 2321 1545 2321 2404 2322 2245 2322 1545 2322 1545 2322 2245 2322 1477 2322 2245 2323 2358 2323 1477 2323 1477 2324 2358 2324 1476 2324 2358 2325 2347 2325 1476 2325 1476 2325 2347 2325 1488 2325 2347 2326 2346 2326 1488 2326 1488 2326 2346 2326 1489 2326 2346 2327 2345 2327 1489 2327 1489 2327 2345 2327 1490 2327 2345 2328 2344 2328 1490 2328 1490 2328 2344 2328 1491 2328 2344 2329 2343 2329 1491 2329 1491 2330 2343 2330 1492 2330 2343 2331 2342 2331 1492 2331 1492 2332 2342 2332 1493 2332 2342 2333 2241 2333 1493 2333 1493 2334 2241 2334 1546 2334 2241 2335 2240 2335 1546 2335 1546 2336 2240 2336 1547 2336 2240 2337 2473 2337 1547 2337 1547 2337 2473 2337 1548 2337 2473 2338 2472 2338 1548 2338 1548 2339 2472 2339 1592 2339 2472 2340 2341 2340 1592 2340 1592 2340 2341 2340 1593 2340 2341 2341 2340 2341 1593 2341 1593 2341 2340 2341 1494 2341 2340 2342 2339 2342 1494 2342 1494 2343 2339 2343 1495 2343 2339 2344 2338 2344 1495 2344 1495 2344 2338 2344 1496 2344 2338 2345 2337 2345 1496 2345 1496 2346 2337 2346 1498 2346 2337 2347 2121 2347 1498 2347 1498 2348 2121 2348 1207 2348 1316 2349 2261 2349 2260 2349 1316 2350 2260 2350 1317 2350 2260 2351 2259 2351 1317 2351 1317 2351 2259 2351 1318 2351 2259 2352 2258 2352 1318 2352 1318 2353 2258 2353 1319 2353 2258 2354 2257 2354 1319 2354 1319 2354 2257 2354 1320 2354 2257 2355 2190 2355 1320 2355 1320 2355 2190 2355 1231 2355 2190 2356 2189 2356 1231 2356 1231 2356 2189 2356 1232 2356 2189 2357 2188 2357 1232 2357 1232 2357 2188 2357 1233 2357 2188 2358 2256 2358 1233 2358 1233 2359 2256 2359 1321 2359 2256 2360 2255 2360 1321 2360 1321 2361 2255 2361 1322 2361 2255 2362 2254 2362 1322 2362 1322 2362 2254 2362 1323 2362 2254 2363 2253 2363 1323 2363 1323 2364 2253 2364 1324 2364 2253 2365 2252 2365 1324 2365 1324 2365 2252 2365 1325 2365 2252 2366 2128 2366 1325 2366 1325 2367 2128 2367 1166 2367 2128 2368 2127 2368 1166 2368 1166 2369 2127 2369 1167 2369 2127 2370 2187 2370 1167 2370 1167 2371 2187 2371 1234 2371 2187 2372 2186 2372 1234 2372 1234 2373 2186 2373 1235 2373 2186 2374 2185 2374 1235 2374 1235 2374 2185 2374 1236 2374 2185 2375 2184 2375 1236 2375 1236 2375 2184 2375 1237 2375 2184 2376 2183 2376 1237 2376 1237 2377 2183 2377 1238 2377 2183 2378 2180 2378 1238 2378 1238 2379 2180 2379 1239 2379 2180 2380 2181 2380 1239 2380 1239 2381 2181 2381 1240 2381 2181 2382 2182 2382 1240 2382 1240 2383 2182 2383 1241 2383 2182 2384 2361 2384 1241 2384 1241 2384 2361 2384 1242 2384 2361 2385 2360 2385 1242 2385 1242 2385 2360 2385 1392 2385 2360 2386 2251 2386 1392 2386 1392 2386 2251 2386 1393 2386 2251 2387 2250 2387 1393 2387 1393 2388 2250 2388 1326 2388 2250 2389 2249 2389 1326 2389 1326 2390 2249 2390 1327 2390 2249 2391 2246 2391 1327 2391 1327 2391 2246 2391 1328 2391 2246 2392 2247 2392 1328 2392 1328 2393 2247 2393 1329 2393 2247 2394 2248 2394 1329 2394 1329 2395 2248 2395 1330 2395 2248 2396 2418 2396 1330 2396 1330 2397 2418 2397 1471 2397 2418 2398 2417 2398 1471 2398 1471 2398 2417 2398 1468 2398 2417 2399 2421 2399 1468 2399 1468 2399 2421 2399 1470 2399 2421 2400 2420 2400 1470 2400 1470 2401 2420 2401 1469 2401 2420 2402 2419 2402 1469 2402 1469 2403 2419 2403 1467 2403 2419 2404 2416 2404 1467 2404 1467 2404 2416 2404 1472 2404 2416 2405 2113 2405 1472 2405 1472 2405 2113 2405 1160 2405 1209 2406 2122 2406 2403 2406 1209 2407 2403 2407 1497 2407 2403 2408 2336 2408 1497 2408 1497 2408 2336 2408 1400 2408 2336 2409 2335 2409 1400 2409 1400 2410 2335 2410 1401 2410 2335 2411 2334 2411 1401 2411 1401 2411 2334 2411 1403 2411 2334 2412 2333 2412 1403 2412 1403 2413 2333 2413 1404 2413 2333 2414 2332 2414 1404 2414 1404 2415 2332 2415 1405 2415 2332 2416 2330 2416 1405 2416 1405 2417 2330 2417 1406 2417 2330 2418 2329 2418 1406 2418 1406 2419 2329 2419 1407 2419 2329 2420 2331 2420 1407 2420 1407 2420 2331 2420 1402 2420 2331 2421 2402 2421 1402 2421 1402 2421 2402 2421 1333 2421 2402 2422 2175 2422 1333 2422 1333 2423 2175 2423 1334 2423 2175 2424 2174 2424 1334 2424 1334 2425 2174 2425 1335 2425 2174 2426 2328 2426 1335 2426 1335 2427 2328 2427 1336 2427 2328 2428 2327 2428 1336 2428 1336 2429 2327 2429 1408 2429 2327 2430 2326 2430 1408 2430 1408 2431 2326 2431 1409 2431 2326 2432 2325 2432 1409 2432 1409 2433 2325 2433 1410 2433 2325 2434 2324 2434 1410 2434 1410 2434 2324 2434 1411 2434 2324 2435 2239 2435 1411 2435 1411 2435 2239 2435 1412 2435 2239 2436 2238 2436 1412 2436 1412 2437 2238 2437 1251 2437 2238 2438 2237 2438 1251 2438 1251 2438 2237 2438 1250 2438 2237 2439 2236 2439 1250 2439 1250 2440 2236 2440 1249 2440 2236 2441 2235 2441 1249 2441 1249 2441 2235 2441 1337 2441 2235 2442 2234 2442 1337 2442 1337 2442 2234 2442 1338 2442 2234 2443 2171 2443 1338 2443 1338 2443 2171 2443 1254 2443 2171 2444 2172 2444 1254 2444 1254 2444 2172 2444 1253 2444 2172 2445 2173 2445 1253 2445 1253 2446 2173 2446 1252 2446 2173 2447 2233 2447 1252 2447 1252 2448 2233 2448 1339 2448 2233 2449 2232 2449 1339 2449 1339 2449 2232 2449 1340 2449 2232 2450 2229 2450 1340 2450 1340 2451 2229 2451 1341 2451 2229 2452 2230 2452 1341 2452 1341 2453 2230 2453 1342 2453 2230 2454 2231 2454 1342 2454 1342 2454 2231 2454 1343 2454 2231 2455 2471 2455 1343 2455 1343 2455 2471 2455 1344 2455 2471 2456 2470 2456 1344 2456 1344 2456 2470 2456 1549 2456 2470 2457 2401 2457 1549 2457 1549 2458 2401 2458 1550 2458 2401 2459 2400 2459 1550 2459 1550 2460 2400 2460 1500 2460 2400 2461 2399 2461 1500 2461 1500 2461 2399 2461 1499 2461 2399 2462 2106 2462 1499 2462 1499 2462 2106 2462 1180 2462 1202 2463 2108 2463 2107 2463 1202 2463 2107 2463 1345 2463 2107 2464 2112 2464 1345 2464 1345 2465 2112 2465 1346 2465 2112 2466 2320 2466 1346 2466 1346 2466 2320 2466 1347 2466 2320 2467 2319 2467 1347 2467 1347 2467 2319 2467 1413 2467 2319 2468 2318 2468 1413 2468 1413 2469 2318 2469 1414 2469 2318 2470 2317 2470 1414 2470 1414 2471 2317 2471 1415 2471 2317 2472 2316 2472 1415 2472 1415 2472 2316 2472 1416 2472 2316 2473 2222 2473 1416 2473 1416 2474 2222 2474 1417 2474 2222 2475 2221 2475 1417 2475 1417 2475 2221 2475 1350 2475 2221 2476 2220 2476 1350 2476 1350 2476 2220 2476 1349 2476 2220 2477 2133 2477 1349 2477 1349 2478 2133 2478 1348 2478 2133 2479 2132 2479 1348 2479 1348 2480 2132 2480 1427 2480 2132 2481 2131 2481 1427 2481 1427 2482 2131 2482 1352 2482 2131 2483 2163 2483 1352 2483 1352 2484 2163 2484 1354 2484 2163 2485 2396 2485 1354 2485 1354 2486 2396 2486 1355 2486 2396 2487 2395 2487 1355 2487 1355 2488 2395 2488 1501 2488 2395 2489 2315 2489 1501 2489 1501 2489 2315 2489 1502 2489 2315 2490 2314 2490 1502 2490 1502 2490 2314 2490 1418 2490 2314 2491 2394 2491 1418 2491 1418 2492 2394 2492 1419 2492 2394 2493 2393 2493 1419 2493 1419 2493 2393 2493 1503 2493 2393 2494 2313 2494 1503 2494 1503 2495 2313 2495 1504 2495 2313 2496 2312 2496 1504 2496 1504 2497 2312 2497 1420 2497 2312 2498 2311 2498 1420 2498 1420 2499 2311 2499 1421 2499 2311 2500 2310 2500 1421 2500 1421 2500 2310 2500 1422 2500 2310 2501 2392 2501 1422 2501 1422 2501 2392 2501 1506 2501 2392 2502 2307 2502 1506 2502 1506 2503 2307 2503 1424 2503 2307 2504 2309 2504 1424 2504 1424 2504 2309 2504 1426 2504 2309 2505 2308 2505 1426 2505 1426 2505 2308 2505 1425 2505 2308 2506 2306 2506 1425 2506 1425 2507 2306 2507 1423 2507 2306 2508 2305 2508 1423 2508 1423 2509 2305 2509 1505 2509 2305 2510 2162 2510 1505 2510 1505 2511 2162 2511 1353 2511 2162 2512 2161 2512 1353 2512 1353 2513 2161 2513 1351 2513 2161 2514 2130 2514 1351 2514 1351 2515 2130 2515 1356 2515 2130 2516 2129 2516 1356 2516 1356 2517 2129 2517 1357 2517 2129 2518 2160 2518 1357 2518 1357 2519 2160 2519 1358 2519 2160 2520 2304 2520 1358 2520 1358 2521 2304 2521 1428 2521 2304 2522 2109 2522 1428 2522 1428 2523 2109 2523 1181 2523 1196 2524 2213 2524 2465 2524 1196 2525 2465 2525 1432 2525 2465 2526 2391 2526 1432 2526 1432 2526 2391 2526 1270 2526 2391 2527 2390 2527 1270 2527 1270 2528 2390 2528 1271 2528 2390 2529 2389 2529 1271 2529 1271 2530 2389 2530 1366 2530 2389 2531 2291 2531 1366 2531 1366 2532 2291 2532 1367 2532 2291 2533 2293 2533 1367 2533 1367 2534 2293 2534 1193 2534 2293 2535 2294 2535 1193 2535 1193 2535 2294 2535 1186 2535 2294 2536 2525 2536 1186 2536 1186 2537 2525 2537 1433 2537 2525 2538 2524 2538 1433 2538 1433 2538 2524 2538 1434 2538 2524 2539 2523 2539 1434 2539 1434 2540 2523 2540 1515 2540 2523 2541 2463 2541 1515 2541 1515 2541 2463 2541 1516 2541 2463 2542 2462 2542 1516 2542 1516 2543 2462 2543 1272 2543 2462 2544 2461 2544 1272 2544 1272 2544 2461 2544 1273 2544 2461 2545 2388 2545 1273 2545 1273 2546 2388 2546 1368 2546 2388 2547 2387 2547 1368 2547 1368 2548 2387 2548 1369 2548 2387 2549 2386 2549 1369 2549 1369 2550 2386 2550 1184 2550 2386 2551 2292 2551 1184 2551 1184 2552 2292 2552 1185 2552 2292 2553 2464 2553 1185 2553 1185 2553 2464 2553 1274 2553 2464 2554 2385 2554 1274 2554 1274 2555 2385 2555 1275 2555 2385 2556 2384 2556 1275 2556 1275 2557 2384 2557 1370 2557 2384 2558 2383 2558 1370 2558 1370 2559 2383 2559 1371 2559 2383 2560 2290 2560 1371 2560 1371 2561 2290 2561 1194 2561 2290 2562 2289 2562 1194 2562 1194 2563 2289 2563 1195 2563 2289 2564 2288 2564 1195 2564 1195 2565 2288 2565 1276 2565 2288 2566 2287 2566 1276 2566 1276 2566 2287 2566 1277 2566 2287 2567 2286 2567 1277 2567 1277 2568 2286 2568 1278 2568 2286 2569 2285 2569 1278 2569 1278 2570 2285 2570 1279 2570 2285 2571 2215 2571 1279 2571 1279 2572 2215 2572 1280 2572 2215 2573 2214 2573 1280 2573 1280 2574 2214 2574 1217 2574 2214 2575 2212 2575 1217 2575 1217 2575 2212 2575 1218 2575 2212 2576 2211 2576 1218 2576 1218 2577 2211 2577 1219 2577 2211 2578 2382 2578 1219 2578 1219 2579 2382 2579 1220 2579 2382 2580 2381 2580 1220 2580 1220 2581 2381 2581 1372 2581 2381 2582 2284 2582 1372 2582 1372 2583 2284 2583 1373 2583 2284 2584 2283 2584 1373 2584 1373 2584 2283 2584 1283 2584 2283 2585 2282 2585 1283 2585 1283 2586 2282 2586 1282 2586 2282 2587 2281 2587 1282 2587 1282 2588 2281 2588 1281 2588 1170 2589 2208 2589 2593 2589 1170 2590 2593 2590 1442 2590 2593 2591 2592 2591 1442 2591 1442 2591 2592 2591 1439 2591 2592 2592 2596 2592 1439 2592 1439 2592 2596 2592 1441 2592 2596 2593 2595 2593 1441 2593 1441 2594 2595 2594 1440 2594 2595 2595 2594 2595 1440 2595 1440 2596 2594 2596 1438 2596 2594 2597 2591 2597 1438 2597 1438 2598 2591 2598 1443 2598 2591 2599 2507 2599 1443 2599 1443 2600 2507 2600 1284 2600 2507 2601 2506 2601 1284 2601 1284 2602 2506 2602 1285 2602 2506 2603 2505 2603 1285 2603 1285 2603 2505 2603 1286 2603 2505 2604 2504 2604 1286 2604 1286 2605 2504 2605 1287 2605 2504 2606 2503 2606 1287 2606 1287 2607 2503 2607 1376 2607 2503 2608 2502 2608 1376 2608 1376 2608 2502 2608 1377 2608 2502 2609 2590 2609 1377 2609 1377 2610 2590 2610 1378 2610 2590 2611 2589 2611 1378 2611 1378 2611 2589 2611 1444 2611 2589 2612 2501 2612 1444 2612 1444 2613 2501 2613 1445 2613 2501 2614 2500 2614 1445 2614 1445 2614 2500 2614 1288 2614 2500 2615 2499 2615 1288 2615 1288 2616 2499 2616 1289 2616 2499 2617 2444 2617 1289 2617 1289 2617 2444 2617 1290 2617 2444 2618 2443 2618 1290 2618 1290 2619 2443 2619 1291 2619 2443 2620 2555 2620 1291 2620 1291 2621 2555 2621 1292 2621 2555 2622 2554 2622 1292 2622 1292 2622 2554 2622 1379 2622 2554 2623 2553 2623 1379 2623 1379 2624 2553 2624 1380 2624 2553 2625 2552 2625 1380 2625 1380 2625 2552 2625 1381 2625 2552 2626 2551 2626 1381 2626 1381 2627 2551 2627 1382 2627 2551 2628 2550 2628 1382 2628 1382 2628 2550 2628 1383 2628 2550 2629 2588 2629 1383 2629 1383 2629 2588 2629 1384 2629 2588 2630 2587 2630 1384 2630 1384 2631 2587 2631 1446 2631 2587 2632 2498 2632 1446 2632 1446 2632 2498 2632 1447 2632 2498 2633 2497 2633 1447 2633 1447 2634 2497 2634 1293 2634 2497 2635 2496 2635 1293 2635 1293 2635 2496 2635 1294 2635 2496 2636 2440 2636 1294 2636 1294 2636 2440 2636 1295 2636 2440 2637 2441 2637 1295 2637 1295 2637 2441 2637 1296 2637 2441 2638 2442 2638 1296 2638 1296 2638 2442 2638 1297 2638 2442 2639 2495 2639 1297 2639 1297 2640 2495 2640 1298 2640 2495 2641 2494 2641 1298 2641 1298 2641 2494 2641 1299 2641 2494 2642 2493 2642 1299 2642 1299 2642 2493 2642 1385 2642 2493 2643 2571 2643 1385 2643 1385 2643 2571 2643 1227 2643 2661 2644 2019 2644 2643 2644 2019 2645 2018 2645 2643 2645 2643 2646 2018 2646 2644 2646 2018 2646 2014 2646 2644 2646 2644 2647 2014 2647 2662 2647 2014 2648 2013 2648 2662 2648 2662 2649 2013 2649 2663 2649 2013 2650 2059 2650 2663 2650 2663 2651 2059 2651 2664 2651 2059 2652 2058 2652 2664 2652 2664 2653 2058 2653 2666 2653 2058 2653 2056 2653 2666 2653 2666 2654 2056 2654 2667 2654 2056 2654 2055 2654 2667 2654 2667 2655 2055 2655 2668 2655 2055 2656 2100 2656 2668 2656 2668 2657 2100 2657 2692 2657 2100 2657 2099 2657 2692 2657 2692 2658 2099 2658 2693 2658 2099 2658 2098 2658 2693 2658 2693 2659 2098 2659 2706 2659 2098 2660 2097 2660 2706 2660 2706 2661 2097 2661 2707 2661 2097 2662 2103 2662 2707 2662 2707 2663 2103 2663 2708 2663 2103 2664 2102 2664 2708 2664 2708 2665 2102 2665 2710 2665 2102 2666 2101 2666 2710 2666 2710 2667 2101 2667 2711 2667 2101 2668 2096 2668 2711 2668 2711 2669 2096 2669 2712 2669 2096 2670 2095 2670 2712 2670 2712 2671 2095 2671 2723 2671 2095 2671 2094 2671 2723 2671 2723 2672 2094 2672 2724 2672 2094 2673 2093 2673 2724 2673 2724 2674 2093 2674 2725 2674 2093 2675 2092 2675 2725 2675 2725 2676 2092 2676 2726 2676 2092 2677 2091 2677 2726 2677 2726 2678 2091 2678 2727 2678 2091 2679 2090 2679 2727 2679 2727 2680 2090 2680 2715 2680 2090 2681 2089 2681 2715 2681 2715 2682 2089 2682 2714 2682 2089 2683 2088 2683 2714 2683 2714 2684 2088 2684 2694 2684 2088 2684 2072 2684 2694 2684 2694 2685 2072 2685 2695 2685 2072 2685 2071 2685 2695 2685 2695 2686 2071 2686 2697 2686 2071 2687 2070 2687 2697 2687 2697 2688 2070 2688 2698 2688 2070 2688 2054 2688 2698 2688 2698 2689 2054 2689 2670 2689 2054 2689 2053 2689 2670 2689 2670 2690 2053 2690 2671 2690 2053 2691 2052 2691 2671 2691 2671 2692 2052 2692 2655 2692 2052 2692 2025 2692 2655 2692 2655 2693 2025 2693 2656 2693 2025 2694 2024 2694 2656 2694 2656 2695 2024 2695 2657 2695 2024 2696 2039 2696 2657 2696 2657 2697 2039 2697 2658 2697 2039 2698 2038 2698 2658 2698 2658 2699 2038 2699 2659 2699 2038 2699 2036 2699 2659 2699 2659 2700 2036 2700 2640 2700 2036 2701 2035 2701 2640 2701 2640 2702 2035 2702 2641 2702 2035 2703 2017 2703 2641 2703 2641 2704 2017 2704 2699 2704 2017 2705 2016 2705 2699 2705 2699 2706 2016 2706 2700 2706 2016 2707 2046 2707 2700 2707 2700 2708 2046 2708 2701 2708 2046 2708 2086 2708 2701 2708 2701 2709 2086 2709 2688 2709 2086 2710 2087 2710 2688 2710 2688 2711 2087 2711 2689 2711 2087 2712 2023 2712 2689 2712 2689 2713 2023 2713 2702 2713 2023 2714 2022 2714 2702 2714 2702 2715 2022 2715 2703 2715 2022 2715 2068 2715 2703 2715 2703 2716 2068 2716 2732 2716 2068 2717 2067 2717 2732 2717 2732 2718 2067 2718 2733 2718 2067 2718 2066 2718 2733 2718 2733 2719 2066 2719 2735 2719 2066 2719 2042 2719 2735 2719 2735 2720 2042 2720 2736 2720 2042 2721 2083 2721 2736 2721 2736 2722 2083 2722 2737 2722 2083 2722 2082 2722 2737 2722 2737 2723 2082 2723 2730 2723 2082 2723 2081 2723 2730 2723 2730 2724 2081 2724 2731 2724 2081 2725 2080 2725 2731 2725 2731 2726 2080 2726 2739 2726 2080 2727 2079 2727 2739 2727 2739 2728 2079 2728 2716 2728 2079 2729 2062 2729 2716 2729 2716 2730 2062 2730 2718 2730 2062 2731 2063 2731 2718 2731 2718 2732 2063 2732 2719 2732 2063 2733 2064 2733 2719 2733 2719 2734 2064 2734 2720 2734 2064 2735 2065 2735 2720 2735 2720 2736 2065 2736 2721 2736 2065 2736 2077 2736 2721 2736 2721 2737 2077 2737 2722 2737 2077 2738 2076 2738 2722 2738 2722 2739 2076 2739 2685 2739 2076 2740 2074 2740 2685 2740 2685 2741 2074 2741 2686 2741 2074 2742 2073 2742 2686 2742 2686 2743 2073 2743 2672 2743 2073 2744 2051 2744 2672 2744 2672 2745 2051 2745 2673 2745 2051 2746 2050 2746 2673 2746 2673 2747 2050 2747 2674 2747 2050 2748 2049 2748 2674 2748 2674 2749 2049 2749 2675 2749 2049 2749 2048 2749 2675 2749 2675 2750 2048 2750 2676 2750 2048 2750 2034 2750 2676 2750 2676 2751 2034 2751 2677 2751 2034 2752 2033 2752 2677 2752 2677 2753 2033 2753 2678 2753 2033 2753 2032 2753 2678 2753 2678 2754 2032 2754 2679 2754 2032 2754 2031 2754 2679 2754 2679 2755 2031 2755 2680 2755 2031 2756 2029 2756 2680 2756 2680 2757 2029 2757 2681 2757 2029 2758 2028 2758 2681 2758 2681 2759 2028 2759 2682 2759 2028 2760 2027 2760 2682 2760 2682 2761 2027 2761 2683 2761 2027 2761 2026 2761 2683 2761 2683 2762 2026 2762 2661 2762 2026 2763 2019 2763 2661 2763 2642 2764 2085 2764 2654 2764 2085 2765 2084 2765 2654 2765 2654 2766 2084 2766 2669 2766 2084 2767 2047 2767 2669 2767 2669 2768 2047 2768 2696 2768 2047 2769 2045 2769 2696 2769 2696 2770 2045 2770 2713 2770 2045 2771 2044 2771 2713 2771 2713 2772 2044 2772 2691 2772 2044 2773 2043 2773 2691 2773 2691 2774 2043 2774 2690 2774 2043 2775 1141 2775 2690 2775 2690 2776 1141 2776 2645 2776 1141 2777 1140 2777 2645 2777 2645 2778 1140 2778 2646 2778 1140 2779 2011 2779 2646 2779 2646 2780 2011 2780 2647 2780 2011 2780 2010 2780 2647 2780 2647 2781 2010 2781 2649 2781 2010 2782 2009 2782 2649 2782 2649 2783 2009 2783 2650 2783 2009 2784 2008 2784 2650 2784 2650 2785 2008 2785 2652 2785 2008 2786 1509 2786 2652 2786 2652 2787 1509 2787 2653 2787 1509 2788 1513 2788 2653 2788 2653 2789 1513 2789 2322 2789 1513 2790 1514 2790 2322 2790 2322 2791 1514 2791 2321 2791 1514 2792 1430 2792 2321 2792 2321 2793 1430 2793 2467 2793 1430 2794 1210 2794 2467 2794 2467 2795 1210 2795 2468 2795 1210 2796 1255 2796 2468 2796 2468 2797 1255 2797 2226 2797 1255 2798 1190 2798 2226 2798 2226 2799 1190 2799 2135 2799 1190 2799 1215 2799 2135 2799 2135 2800 1215 2800 2134 2800 1215 2800 1269 2800 2134 2800 2134 2801 1269 2801 2157 2801 1269 2802 1268 2802 2157 2802 2157 2803 1268 2803 2158 2803 1268 2804 1267 2804 2158 2804 2158 2805 1267 2805 2159 2805 1267 2806 1266 2806 2159 2806 2159 2807 1266 2807 2295 2807 1266 2808 1365 2808 2295 2808 2295 2809 1365 2809 2296 2809 1365 2810 1364 2810 2296 2810 2296 2811 1364 2811 2297 2811 1364 2811 1265 2811 2297 2811 2297 2812 1265 2812 2298 2812 1265 2813 1264 2813 2298 2813 2298 2814 1264 2814 2299 2814 1264 2815 1263 2815 2299 2815 2299 2816 1263 2816 2301 2816 1263 2816 1262 2816 2301 2816 2301 2817 1262 2817 2302 2817 1262 2818 1260 2818 2302 2818 2302 2819 1260 2819 2216 2819 1260 2820 1363 2820 2216 2820 2216 2821 1363 2821 2217 2821 1363 2822 1362 2822 2217 2822 2217 2823 1362 2823 2218 2823 1362 2824 1259 2824 2218 2824 2218 2825 1259 2825 2219 2825 1259 2826 1258 2826 2219 2826 2219 2827 1258 2827 2303 2827 1258 2828 1257 2828 2303 2828 2303 2829 1257 2829 2207 2829 1257 2830 1256 2830 2207 2830 2207 2831 1256 2831 2209 2831 1256 2832 1145 2832 2209 2832 2209 2833 1145 2833 2210 2833 1145 2834 1173 2834 2210 2834 2210 2835 1173 2835 2434 2835 1173 2836 1229 2836 2434 2836 2434 2837 1229 2837 2605 2837 1229 2838 1228 2838 2605 2838 2605 2839 1228 2839 2606 2839 1228 2840 1529 2840 2606 2840 2606 2841 1529 2841 2607 2841 1529 2842 1528 2842 2607 2842 2607 2843 1528 2843 2489 2843 1528 2844 1308 2844 2489 2844 2489 2845 1308 2845 2278 2845 1308 2846 1189 2846 2278 2846 2278 2847 1189 2847 3011 2847 1189 2848 1722 2848 3011 2848 3011 2849 1722 2849 3013 2849 1722 2850 1703 2850 3013 2850 3013 2851 1703 2851 3014 2851 1703 2851 1702 2851 3014 2851 3014 2852 1702 2852 2983 2852 1702 2853 1914 2853 2983 2853 2983 2854 1914 2854 2984 2854 1914 2855 1913 2855 2984 2855 2984 2856 1913 2856 3015 2856 1913 2856 1859 2856 3015 2856 3015 2857 1859 2857 3016 2857 1859 2858 1858 2858 3016 2858 3016 2859 1858 2859 2985 2859 1858 2860 1857 2860 2985 2860 2985 2861 1857 2861 2986 2861 1857 2862 1805 2862 2986 2862 2986 2863 1805 2863 2987 2863 1805 2864 1804 2864 2987 2864 2987 2865 1804 2865 2988 2865 1804 2866 1693 2866 2988 2866 2988 2867 1693 2867 2938 2867 1693 2867 1685 2867 2938 2867 2938 2868 1685 2868 2879 2868 1685 2868 1725 2868 2879 2868 2879 2869 1725 2869 3008 2869 1725 2870 1807 2870 3008 2870 3008 2871 1807 2871 3005 2871 1807 2872 1806 2872 3005 2872 3005 2873 1806 2873 3006 2873 1806 2874 1916 2874 3006 2874 3006 2875 1916 2875 3047 2875 1916 2876 1915 2876 3047 2876 3047 2877 1915 2877 3048 2877 1915 2878 1863 2878 3048 2878 3048 2879 1863 2879 2742 2879 1863 2879 1919 2879 2742 2879 2742 2880 1919 2880 2743 2880 1919 2881 2005 2881 2743 2881 2743 2882 2005 2882 2744 2882 2005 2883 2004 2883 2744 2883 2744 2884 2004 2884 2741 2884 2004 2884 2002 2884 2741 2884 2741 2885 2002 2885 2705 2885 2002 2886 2001 2886 2705 2886 2705 2887 2001 2887 2717 2887 2001 2888 2061 2888 2717 2888 2717 2889 2061 2889 2738 2889 2061 2890 2060 2890 2738 2890 2738 2891 2060 2891 2729 2891 2060 2892 2078 2892 2729 2892 2729 2893 2078 2893 2734 2893 2078 2894 2041 2894 2734 2894 2734 2895 2041 2895 2704 2895 2041 2896 2040 2896 2704 2896 2704 2897 2040 2897 2687 2897 2040 2898 2021 2898 2687 2898 2687 2899 2021 2899 2642 2899 2021 2900 2085 2900 2642 2900 3062 2901 1823 2901 3065 2901 1823 2902 1822 2902 3065 2902 3065 1630 1822 1630 3066 1630 1822 1631 1868 1631 3066 1631 3066 1632 1868 1632 3067 1632 1868 1633 1867 1633 3067 1633 3067 1634 1867 1634 3050 1634 1867 1635 1866 1635 3050 1635 3050 1636 1866 1636 3049 1636 1866 1637 1865 1637 3049 1637 3049 1638 1865 1638 3007 1638 1865 1639 1864 1639 3007 1639 3007 1640 1864 1640 3034 1640 1864 1641 1917 1641 3034 1641 3034 1642 1917 1642 3035 1642 1917 1643 1918 1643 3035 1643 3035 1644 1918 1644 3036 1644 1918 1645 1808 1645 3036 1645 3036 1646 1808 1646 3009 1646 1808 1647 1862 1647 3009 1647 3009 1648 1862 1648 3010 1648 1862 1648 1861 1648 3010 1648 3010 1649 1861 1649 2880 1649 1861 1650 1860 1650 2880 1650 2880 1651 1860 1651 2881 1651 1860 1652 1728 1652 2881 1652 2881 2903 1728 2903 2936 2903 1728 2903 1727 2903 2936 2903 2936 2904 1727 2904 2937 2904 1727 2905 1726 2905 2937 2905 2937 1656 1726 1656 2939 1656 1726 1657 1724 1657 2939 1657 2939 2906 1724 2906 2754 2906 1724 2906 1723 2906 2754 2906 2754 2907 1723 2907 2755 2907 1723 2907 1684 2907 2755 2907 2755 2908 1684 2908 2762 2908 1684 2909 1683 2909 2762 2909 2762 2910 1683 2910 2764 2910 1683 2911 1706 2911 2764 2911 2764 1664 1706 1664 2765 1664 1706 1665 1705 1665 2765 1665 2765 2912 1705 2912 2766 2912 1705 2913 1704 2913 2766 2913 2766 2914 1704 2914 2767 2914 1704 2915 1695 2915 2767 2915 2767 1670 1695 1670 2768 1670 1695 1670 1694 1670 2768 1670 2768 1671 1694 1671 2769 1671 1694 1672 1912 1672 2769 1672 2769 1673 1912 1673 2770 1673 1912 1674 1911 1674 2770 1674 2770 1675 1911 1675 2796 1675 1911 1676 1910 1676 2796 1676 2796 1677 1910 1677 2797 1677 1910 1677 1909 1677 2797 1677 2797 1678 1909 1678 2798 1678 1909 1679 1799 1679 2798 1679 2798 1680 1799 1680 2865 1680 1799 1681 1800 1681 2865 1681 2865 1682 1800 1682 2866 1682 1800 1683 1802 1683 2866 1683 2866 1684 1802 1684 2799 1684 1802 1685 1803 1685 2799 1685 2799 1686 1803 1686 2800 1686 1803 1687 2000 1687 2800 1687 2800 1688 2000 1688 2867 1688 2000 1689 1999 1689 2867 1689 2867 1690 1999 1690 2868 1690 1999 1690 1996 1690 2868 1690 2868 2916 1996 2916 2751 2916 1996 2917 1995 2917 2751 2917 2751 2918 1995 2918 2925 2918 1995 2919 1994 2919 2925 2919 2925 1695 1994 1695 2912 1695 1994 1695 1986 1695 2912 1695 2912 1696 1986 1696 2913 1696 1986 1697 1985 1697 2913 1697 2913 1698 1985 1698 2914 1698 1985 1699 1984 1699 2914 1699 2914 1700 1984 1700 2915 1700 1984 1701 1942 1701 2915 1701 2915 1702 1942 1702 2916 1702 1942 1703 1941 1703 2916 1703 2916 1704 1941 1704 2774 1704 1941 1705 1940 1705 2774 1705 2774 1706 1940 1706 2775 1706 1940 1707 1827 1707 2775 1707 2775 1708 1827 1708 2856 1708 1827 1708 1826 1708 2856 1708 2856 1709 1826 1709 2857 1709 1826 1710 1825 1710 2857 1710 2857 1711 1825 1711 2817 1711 1825 1712 1748 1712 2817 1712 2817 1713 1748 1713 2818 1713 1748 1714 1747 1714 2818 1714 2818 1715 1747 1715 2819 1715 1747 1715 1746 1715 2819 1715 2819 2920 1746 2920 2820 2920 1746 2921 1745 2921 2820 2921 2820 2922 1745 2922 2821 2922 1745 2923 1897 2923 2821 2923 2821 1720 1897 1720 2874 1720 1897 1721 1896 1721 2874 1721 2874 2924 1896 2924 2875 2924 1896 2925 1895 2925 2875 2925 2875 2926 1895 2926 2822 2926 1895 2927 1744 2927 2822 2927 2822 2928 1744 2928 2823 2928 1744 2928 1743 2928 2823 2928 2823 2929 1743 2929 2824 2929 1743 2929 1742 2929 2824 2929 2824 1728 1742 1728 2825 1728 1742 1729 1741 1729 2825 1729 2825 2930 1741 2930 2826 2930 1741 2931 1740 2931 2826 2931 2826 2932 1740 2932 2876 2932 1740 2932 1739 2932 2876 2932 2876 1733 1739 1733 2877 1733 1739 1734 1736 1734 2877 1734 2877 1735 1736 1735 2878 1735 1736 1736 1737 1736 2878 1736 2878 1737 1737 1737 3033 1737 1737 1737 1738 1737 3033 1737 3033 1738 1738 1738 3032 1738 1738 1739 1894 1739 3032 1739 3032 1740 1894 1740 3030 1740 1894 1741 1893 1741 3030 1741 3030 1742 1893 1742 3055 1742 1893 1743 1892 1743 3055 1743 3055 1744 1892 1744 3056 1744 1892 1745 1891 1745 3056 1745 3056 1746 1891 1746 3057 1746 1891 1747 1889 1747 3057 1747 3057 1748 1889 1748 3058 1748 1889 1749 1968 1749 3058 1749 3058 1750 1968 1750 3059 1750 1968 1751 1967 1751 3059 1751 3059 1752 1967 1752 3060 1752 1967 1753 1966 1753 3060 1753 3060 1754 1966 1754 3061 1754 1966 1755 1824 1755 3061 1755 3061 2933 1824 2933 3062 2933 1824 2934 1823 2934 3062 2934 2439 2935 1144 2935 2490 2935 1144 2645 1143 2645 2490 2645 2490 2646 1143 2646 2491 2646 1143 2936 1522 2936 2491 2936 2491 2647 1522 2647 2492 2647 1522 2647 1521 2647 2492 2647 2492 2650 1521 2650 2546 2650 1521 2937 1520 2937 2546 2937 2546 2651 1520 2651 2547 2651 1520 2652 1437 2652 2547 2652 2547 2653 1437 2653 2548 2653 1437 2938 1436 2938 2548 2938 2548 2654 1436 2654 2549 2654 1436 2654 1435 2654 2549 2654 2549 2656 1435 2656 2573 2656 1435 2655 1375 2655 2573 2655 2573 2657 1375 2657 2574 2657 1375 2657 1374 2657 2574 2657 2574 2658 1374 2658 2575 2658 1374 2658 1674 2658 2575 2658 2575 2660 1674 2660 2597 2660 1674 2939 1673 2939 2597 2939 2597 2661 1673 2661 2598 2661 1673 2661 1672 2661 2598 2661 2598 2664 1672 2664 2599 2664 1672 2664 1671 2664 2599 2664 2599 2940 1671 2940 2608 2940 1671 2941 1670 2941 2608 2941 2608 2668 1670 2668 2609 2668 1670 2942 1669 2942 2609 2942 2609 2670 1669 2670 2610 2670 1669 2669 1668 2669 2610 2669 2610 2671 1668 2671 2616 2671 1668 2943 1667 2943 2616 2943 2616 2944 1667 2944 2617 2944 1667 2672 1666 2672 2617 2672 2617 2945 1666 2945 2618 2945 1666 2674 1665 2674 2618 2674 2618 2677 1665 2677 2619 2677 1665 2677 1663 2677 2619 2677 2619 2679 1663 2679 2620 2679 1663 2678 1662 2678 2620 2678 2620 2681 1662 2681 2611 2681 1662 2946 1596 2946 2611 2946 2611 2947 1596 2947 2612 2947 1596 2948 1595 2948 2612 2948 2612 2684 1595 2684 2613 2684 1595 2949 1594 2949 2613 2949 2613 2950 1594 2950 2541 2950 1594 2685 1519 2685 2541 2685 2541 2687 1519 2687 2542 2687 1519 2951 1518 2951 2542 2951 2542 2688 1518 2688 2475 2688 1518 2688 1517 2688 2475 2688 2475 2689 1517 2689 2476 2689 1517 2689 1201 2689 2476 2689 2476 2691 1201 2691 2268 2691 1201 2690 1200 2690 2268 2690 2268 2692 1200 2692 2269 2692 1200 2692 1199 2692 2269 2692 2269 2694 1199 2694 2271 2694 1199 2693 1169 2693 2271 2693 2271 2695 1169 2695 2365 2695 1169 2952 1168 2952 2365 2952 2365 2698 1168 2698 2366 2698 1168 2953 1222 2953 2366 2953 2366 2954 1222 2954 2367 2954 1222 2699 1221 2699 2367 2699 2367 2701 1221 2701 2422 2701 1221 2701 1198 2701 2422 2701 2422 2702 1198 2702 2154 2702 1198 2955 1197 2955 2154 2955 2154 2956 1197 2956 2373 2956 1197 2705 1226 2705 2373 2705 2373 2706 1226 2706 2431 2706 1226 2706 1224 2706 2431 2706 2431 2708 1224 2708 2432 2708 1224 2957 1464 2957 2432 2957 2432 2958 1464 2958 2433 2958 1464 2709 1463 2709 2433 2709 2433 2959 1463 2959 2584 2959 1463 2712 1462 2712 2584 2712 2584 2714 1462 2714 2585 2714 1462 2713 1460 2713 2585 2713 2585 2715 1460 2715 2586 2715 1460 2715 1459 2715 2586 2715 2586 2717 1459 2717 2621 2717 1459 2716 1576 2716 2621 2716 2621 2718 1576 2718 2622 2718 1576 2718 1575 2718 2622 2718 2622 2719 1575 2719 2623 2719 1575 2719 1574 2719 2623 2719 2623 2960 1574 2960 2634 2960 1574 2720 1524 2720 2634 2720 2634 2722 1524 2722 2635 2722 1524 2961 1523 2961 2635 2961 2635 2962 1523 2962 2637 2962 1523 2723 1458 2723 2637 2723 2637 2963 1458 2963 2638 2963 1458 2964 1457 2964 2638 2964 2638 2965 1457 2965 2639 2965 1457 2726 1535 2726 2639 2726 2639 2729 1535 2729 2614 2729 1535 2728 1534 2728 2614 2728 2614 2730 1534 2730 2615 2730 1534 2730 1533 2730 2615 2730 2615 2733 1533 2733 2624 2733 1533 2966 1532 2966 2624 2966 2624 2735 1532 2735 2625 2735 1532 2967 1587 2967 2625 2967 2625 2968 1587 2968 2626 2968 1587 2736 1586 2736 2626 2736 2626 2738 1586 2738 2627 2738 1586 2737 1585 2737 2627 2737 2627 2969 1585 2969 2628 2969 1585 2739 1584 2739 2628 2739 2628 2970 1584 2970 2629 2970 1584 2971 1310 2971 2629 2971 2629 2743 1310 2743 2630 2743 1310 2743 1309 2743 2630 2743 2630 2746 1309 2746 2631 2746 1309 2746 1530 2746 2631 2746 2631 2972 1530 2972 2632 2972 1530 2747 1531 2747 2632 2747 2632 2749 1531 2749 2633 2749 1531 2749 1230 2749 2633 2749 2633 2750 1230 2750 2435 2750 1230 2750 1307 2750 2435 2750 2435 2752 1307 2752 2436 2752 1307 2751 1306 2751 2436 2751 2436 2753 1306 2753 2374 2753 1306 2753 1305 2753 2374 2753 2374 2973 1305 2973 2375 2973 1305 2754 1172 2754 2375 2754 2375 2755 1172 2755 2376 2755 1172 2756 1171 2756 2376 2756 2376 2974 1171 2974 2377 2974 1171 2757 1304 2757 2377 2757 2377 2760 1304 2760 2437 2760 1304 2760 1303 2760 2437 2760 2437 2975 1303 2975 2438 2975 1303 2761 1302 2761 2438 2761 2438 2762 1302 2762 2439 2762 1302 2976 1144 2976 2439 2976 989 2977 988 2977 2007 2977 989 2978 2007 2978 2748 2978 2007 2979 987 2979 2748 2979 2748 2980 987 2980 986 2980 913 2981 912 2981 2003 2981 913 2982 2003 2982 2747 2982 2003 2983 911 2983 2747 2983 2747 2983 911 2983 910 2983 837 2984 836 2984 2006 2984 837 2984 2006 2984 2745 2984 2006 2985 835 2985 2745 2985 2745 2986 835 2986 834 2986 761 2987 760 2987 1142 2987 761 2987 1142 2987 2746 2987 1142 2988 759 2988 2746 2988 2746 2988 759 2988 758 2988 685 2989 684 2989 1890 2989 685 2989 1890 2989 3031 2989 1890 2990 683 2990 3031 2990 3031 2990 683 2990 682 2990 609 2991 608 2991 1735 2991 609 2991 1735 2991 2854 2991 1735 2992 1731 2992 2854 2992 2854 2992 1731 2992 2831 2992 2855 2993 1813 2993 1812 2993 2855 2993 1812 2993 2776 2993 1812 2994 1687 2994 2776 2994 2776 2994 1687 2994 2778 2994 2777 2995 1688 2995 1801 2995 2777 2995 1801 2995 2749 2995 1801 2996 1689 2996 2749 2996 2749 2996 1689 2996 2750 2996 2752 2997 1797 2997 1798 2997 2752 2998 1798 2998 2763 2998 1798 2999 1691 2999 2763 2999 2763 2999 1691 2999 2756 2999 2753 3000 1690 3000 1682 3000 2753 3000 1682 3000 3012 3000 1682 3001 1681 3001 3012 3001 3012 3002 1681 3002 2761 3002 2760 3003 1698 3003 1697 3003 2760 3004 1697 3004 2828 3004 1697 3005 1696 3005 2828 3005 2828 3006 1696 3006 2827 3006 2488 3007 1313 3007 1536 3007 2488 3007 1536 3007 2636 3007 1536 3008 1390 3008 2636 3008 2636 3009 1390 3009 2198 3009 2372 3010 1388 3010 1461 3010 2372 3010 1461 3010 2458 3010 1461 3011 1300 3011 2458 3011 2458 3011 1300 3011 2459 3011 2272 3012 1387 3012 1386 3012 2272 3012 1386 3012 2270 3012 1386 3013 1301 3013 2270 3013 2270 3013 1301 3013 2474 3013 2273 3014 1223 3014 1225 3014 2273 3015 1225 3015 2572 3015 1225 3016 1227 3016 2572 3016 2572 3016 1227 3016 2571 3016 2208 3017 1170 3017 1664 3017 2208 3018 1664 3018 2206 3018 1664 3019 1281 3019 2206 3019 2206 3020 1281 3020 2281 3020</p>
        </triangles>
      </mesh>
    </geometry>
  </library_geometries>
  <library_visual_scenes>
    <visual_scene id="Scene" name="Scene">
      <node id="sheet_metal_motor_tyre" name="sheet_metal_motor_tyre" type="NODE">
        <matrix sid="transform">1 0 0 0 0 1 0 0 0 0 1 0 0 0 0 1</matrix>
        <instance_geometry url="#sheet_metal_motor_tyre-mesh" name="sheet_metal_motor_tyre"/>
      </node>
    </visual_scene>
  </library_visual_scenes>
  <scene>
    <instance_visual_scene url="#Scene"/>
  </scene>
</COLLADA>