<?xml version="1.0" encoding="utf-8"?>
<COLLADA xmlns="http://www.collada.org/2005/11/COLLADASchema" version="1.4.1" xmlns:xsi="http://www.w3.org/2001/XMLSchema-instance">
  <asset>
    <contributor>
      <author>Blender User</author>
      <authoring_tool>Blender 3.0.1</authoring_tool>
    </contributor>
    <created>2026-06-04T16:19:01</created>
    <modified>2026-06-04T16:19:01</modified>
    <unit name="meter" meter="1"/>
    <up_axis>Z_UP</up_axis>
  </asset>
  <library_images/>
  <library_geometries>
    <geometry id="sheet_metal_2_shaft_attachment_tyre__2-mesh" name="sheet_metal_2_shaft_attachment_tyre__2">
      <mesh>
        <source id="sheet_metal_2_shaft_attachment_tyre__2-mesh-positions">
          <float_array id="sheet_metal_2_shaft_attachment_tyre__2-mesh-positions-array" count="4653">-0.01175916 0.007999956 -0.02318876 -0.01175916 0.01999998 -0.02318876 -0.01160162 0.01999998 -0.02326029 -0.01160162 0.007999956 -0.02326029 -0.01143848 0.01999998 -0.02331793 -0.01143848 0.007999956 -0.02331793 -0.01127094 0.01999998 -0.0233612 -0.01127094 0.007999956 -0.0233612 -0.01110029 0.01999998 -0.02338987 -0.01110029 0.007999956 -0.02338987 -0.01092785 0.01999998 -0.0234037 -0.01092785 0.007999956 -0.0234037 -0.01075482 0.01999998 -0.02340251 -0.01075482 0.007999956 -0.02340251 -0.01058256 0.01999998 -0.02338641 -0.01058256 0.007999956 -0.02338641 -0.01041227 0.01999998 -0.02335548 -0.01041227 0.007999956 -0.02335548 -0.01024538 0.01999998 -0.02330994 -0.01024538 0.007999956 -0.02330994 -0.01008301 0.01999998 -0.02325016 -0.01008301 0.007999956 -0.02325016 -0.009926378 0.01999998 -0.02317661 -0.009926378 0.007999956 -0.02317661 -0.009776771 0.01999998 -0.0230897 -0.009776771 0.007999956 -0.0230897 -0.00963515 0.01999998 -0.02299022 -0.00963515 0.007999956 -0.02299022 -0.009502708 0.01999998 -0.02287894 -0.009502708 0.007999956 -0.02287894 -0.0093804 0.01999998 -0.02275657 -0.0093804 0.007999956 -0.02275657 -0.009269118 0.01999998 -0.02262407 -0.009269118 0.007999956 -0.02262407 -0.009169638 0.01999998 -0.02248245 -0.009169638 0.007999956 -0.02248245 -0.009082853 0.01999998 -0.02233278 -0.009082853 0.007999956 -0.02233278 -0.009009301 0.01999998 -0.0221762 -0.009009301 0.007999956 -0.0221762 -0.008949518 0.01999998 -0.02201378 -0.008949518 0.007999956 -0.02201378 -0.008904039 0.01999998 -0.02184683 -0.008904039 0.007999956 -0.02184683 -0.008873164 0.01999998 -0.02167659 -0.008873164 0.007999956 -0.02167659 -0.008857071 0.01999998 -0.02150434 -0.008857071 0.007999956 -0.02150434 -0.008855998 0.01999998 -0.02133131 -0.008855998 0.007999956 -0.02133131 -0.02303236 0.01999998 -0.0120626 -0.02303236 0.007999956 -0.0120626 -0.02310597 0.007999956 -0.01190602 -0.02310597 0.01999998 -0.01190602 -0.0231657 0.007999956 -0.01174366 -0.0231657 0.01999998 -0.01174366 -0.02321124 0.007999956 -0.01157671 -0.02321124 0.01999998 -0.01157671 -0.02324211 0.007999956 -0.01140648 -0.02324211 0.01999998 -0.01140648 -0.0232582 0.007999956 -0.01123416 -0.0232582 0.01999998 -0.01123416 -0.02325934 0.007999956 -0.01106113 -0.02325934 0.01999998 -0.01106113 -0.02324545 0.007999956 -0.01088869 -0.02324545 0.01999998 -0.01088869 -0.02321678 0.007999956 -0.01071804 -0.02321678 0.01999998 -0.01071804 -0.02317345 0.007999956 -0.01055055 -0.02317345 0.01999998 -0.01055055 -0.02311581 0.007999956 -0.01038742 -0.02311581 0.01999998 -0.01038742 -0.02304422 0.007999956 -0.01022982 -0.02304422 0.01999998 -0.01022982 -0.02295935 0.007999956 -0.01007908 -0.02295935 0.01999998 -0.01007908 -0.02286177 0.007999956 -0.009936213 -0.02286177 0.01999998 -0.009936213 -0.02275216 0.007999956 -0.009802281 -0.02275216 0.01999998 -0.009802281 -0.0226314 0.007999956 -0.009678363 -0.0226314 0.01999998 -0.009678363 -0.02250039 0.007999956 -0.009565353 -0.02250039 0.01999998 -0.009565353 -0.02236014 0.007999956 -0.009464025 -0.02236014 0.01999998 -0.009464025 -0.02221161 0.007999956 -0.009375274 -0.02221161 0.01999998 -0.009375274 -0.02205598 0.007999956 -0.009299695 -0.02205598 0.01999998 -0.009299695 -0.02189439 0.007999956 -0.009237766 -0.02189439 0.01999998 -0.009237766 -0.02172803 0.007999956 -0.009190142 -0.02172803 0.01999998 -0.009190142 -0.02155822 0.007999956 -0.009157001 -0.02155822 0.01999998 -0.009157001 -0.0213862 0.007999956 -0.009138703 -0.0213862 0.01999998 -0.009138703 -0.02121317 0.007999956 -0.009135305 -0.02121317 0.01999998 -0.009135305 -0.02318876 0.007999956 0.01175916 -0.02318876 0.01999998 0.01175916 -0.02326029 0.01999998 0.01160162 -0.02326029 0.007999956 0.01160162 -0.02331793 0.01999998 0.01143848 -0.02331793 0.007999956 0.01143848 -0.0233612 0.01999998 0.01127094 -0.0233612 0.007999956 0.01127094 -0.02338987 0.01999998 0.01110029 -0.02338987 0.007999956 0.01110029 -0.0234037 0.01999998 0.01092785 -0.0234037 0.007999956 0.01092785 -0.02340251 0.01999998 0.01075482 -0.02340251 0.007999956 0.01075482 -0.02338641 0.01999998 0.01058256 -0.02338641 0.007999956 0.01058256 -0.02335548 0.01999998 0.01041227 -0.02335548 0.007999956 0.01041227 -0.02330994 0.01999998 0.01024538 -0.02330994 0.007999956 0.01024538 -0.02325016 0.01999998 0.01008301 -0.02325016 0.007999956 0.01008301 -0.02317661 0.01999998 0.009926378 -0.02317661 0.007999956 0.009926378 -0.0230897 0.01999998 0.009776771 -0.0230897 0.007999956 0.009776771 -0.02299022 0.01999998 0.00963515 -0.02299022 0.007999956 0.00963515 -0.02287894 0.01999998 0.009502708 -0.02287894 0.007999956 0.009502708 -0.02275657 0.01999998 0.0093804 -0.02275657 0.007999956 0.0093804 -0.02262407 0.01999998 0.009269118 -0.02262407 0.007999956 0.009269118 -0.02248245 0.01999998 0.009169638 -0.02248245 0.007999956 0.009169638 -0.02233278 0.01999998 0.009082853 -0.02233278 0.007999956 0.009082853 -0.0221762 0.01999998 0.009009301 -0.0221762 0.007999956 0.009009301 -0.02201378 0.01999998 0.008949518 -0.02201378 0.007999956 0.008949518 -0.02184683 0.01999998 0.008904039 -0.02184683 0.007999956 0.008904039 -0.02167659 0.01999998 0.008873164 -0.02167659 0.007999956 0.008873164 -0.02150434 0.01999998 0.008857071 -0.02150434 0.007999956 0.008857071 -0.02133131 0.01999998 0.008855998 -0.02133131 0.007999956 0.008855998 -0.0120626 0.01999998 0.02303236 -0.0120626 0.007999956 0.02303236 -0.01190602 0.007999956 0.02310597 -0.01190602 0.01999998 0.02310597 -0.01174366 0.007999956 0.0231657 -0.01174366 0.01999998 0.0231657 -0.01157671 0.007999956 0.02321124 -0.01157671 0.01999998 0.02321124 -0.01140648 0.007999956 0.02324211 -0.01140648 0.01999998 0.02324211 -0.01123416 0.007999956 0.0232582 -0.01123416 0.01999998 0.0232582 -0.01106113 0.007999956 0.02325934 -0.01106113 0.01999998 0.02325934 -0.01088869 0.007999956 0.02324545 -0.01088869 0.01999998 0.02324545 -0.01071804 0.007999956 0.02321678 -0.01071804 0.01999998 0.02321678 -0.01055055 0.007999956 0.02317345 -0.01055055 0.01999998 0.02317345 -0.01038742 0.007999956 0.02311581 -0.01038742 0.01999998 0.02311581 -0.01022982 0.007999956 0.02304422 -0.01022982 0.01999998 0.02304422 -0.01007908 0.007999956 0.02295935 -0.01007908 0.01999998 0.02295935 -0.009936213 0.007999956 0.02286177 -0.009936213 0.01999998 0.02286177 -0.009802281 0.007999956 0.02275216 -0.009802281 0.01999998 0.02275216 -0.009678363 0.007999956 0.0226314 -0.009678363 0.01999998 0.0226314 -0.009565353 0.007999956 0.02250039 -0.009565353 0.01999998 0.02250039 -0.009464025 0.007999956 0.02236014 -0.009464025 0.01999998 0.02236014 -0.009375274 0.007999956 0.02221161 -0.009375274 0.01999998 0.02221161 -0.009299695 0.007999956 0.02205598 -0.009299695 0.01999998 0.02205598 -0.009237766 0.007999956 0.02189439 -0.009237766 0.01999998 0.02189439 -0.009190142 0.007999956 0.02172803 -0.009190142 0.01999998 0.02172803 -0.009157001 0.007999956 0.02155822 -0.009157001 0.01999998 0.02155822 -0.009138703 0.007999956 0.0213862 -0.009138703 0.01999998 0.0213862 -0.009135305 0.007999956 0.02121317 -0.009135305 0.01999998 0.02121317 -0.02316457 0.007999956 0.001112103 -0.0232653 0.007999956 9.18683e-4 -0.02590101 0.007999956 0.002266049 -0.02349001 0.007999956 8.00266e-5 -0.02349954 0.007999956 -1.37863e-4 -0.02599996 0.007999956 0 -0.024432 0.007999956 0.008892476 -0.02356398 0.007999956 0.01098805 -0.02164655 0.007999956 0.002276897 -0.02334874 0.007999956 7.17188e-4 -0.02341431 0.007999956 5.09185e-4 -0.02346152 0.007999956 2.96258e-4 -0.02143365 0.007999956 0.002324104 -0.02511405 0.007999956 0.006729245 -0.02243345 0.007999956 0.001909971 -0.02560496 0.007999956 0.004514813 -0.02260649 0.007999956 0.001777231 -0.0212174 0.007999956 0.002352595 -0.02185457 0.007999956 0.002211332 -0.02205604 0.007999956 0.002127885 -0.02224951 0.007999956 0.002027153 -0.02349001 0.007999956 -3.55752e-4 -0.02346152 0.007999956 -5.71983e-4 -0.02590101 0.007999956 -0.002266049 -0.02341431 0.007999956 -7.8491e-4 -0.02334874 0.007999956 -9.92913e-4 -0.0227673 0.007999956 0.001629889 -0.02291464 0.007999956 0.001469075 -0.02304738 0.007999956 0.001296043 -0.0232653 0.007999956 -0.001194357 -0.02316457 0.007999956 -0.001387834 -0.02560496 0.007999956 -0.004514813 -0.02304738 0.007999956 -0.001571774 -0.02291464 0.007999956 -0.001744806 -0.0227673 0.007999956 -0.00190562 -0.02260649 0.007999956 -0.002052962 -0.02511405 0.007999956 -0.006729245 -0.02099955 0.007999956 0.002362132 -0.02078163 0.007999956 0.002352595 -0.02055263 0.007999956 0.008850991 -0.02056539 0.007999956 0.002324104 -0.01977735 0.007999956 0.00877875 -0.02035248 0.007999956 0.002276897 -0.01901119 0.007999956 0.008639693 -0.02014446 0.007999956 0.002211332 -0.01825988 0.007999956 0.00843501 -0.01994299 0.007999956 0.002127885 -0.01752912 0.007999956 0.008166074 -0.01974952 0.007999956 0.002027153 -0.0168243 0.007999956 0.00783503 -0.01956558 0.007999956 0.001909971 -0.01615077 0.007999956 0.007444322 -0.01939254 0.007999956 0.001777231 -0.02356398 0.007999956 -0.01098805 -0.024432 0.007999956 -0.008892476 -0.02185457 0.007999956 -0.002487063 -0.02164655 0.007999956 -0.002552628 -0.02143365 0.007999956 -0.002599835 -0.02243345 0.007999956 -0.002185702 -0.02224951 0.007999956 -0.002302885 -0.02205604 0.007999956 -0.002403616 -0.01551353 0.007999956 0.00699681 -0.01491737 0.007999956 0.006495893 -0.01923173 0.007999956 0.001629889 -0.01436674 0.007999956 0.005945384 -0.01908439 0.007999956 0.001469075 -0.0138657 0.007999956 0.005349278 -0.01895165 0.007999956 0.001296043 -0.01341813 0.007999956 0.004712104 -0.01883447 0.007999956 0.001112103 -0.01302725 0.007999956 0.004038631 -0.01873373 0.007999956 9.18683e-4 -0.01269608 0.007999956 0.003333866 -0.01865029 0.007999956 7.17188e-4 -0.01242709 0.007999956 0.002603173 -0.01858472 0.007999956 5.09185e-4 -0.01222223 0.007999956 0.001851916 -0.01853752 0.007999956 2.96258e-4 -0.01208311 0.007999956 0.001085758 -0.01850903 0.007999956 8.00266e-5 -0.01201069 0.007999956 3.10494e-4 -0.01849955 0.007999956 -1.37863e-4 -0.01200556 0.007999956 -4.68162e-4 -0.01850903 0.007999956 -3.55752e-4 -0.01206779 0.007999956 -0.001244306 -0.01853752 0.007999956 -5.71983e-4 -0.01219689 0.007999956 -0.002012193 -0.01858472 0.007999956 -7.8491e-4 -0.0123918 0.007999956 -0.002766072 -0.01865029 0.007999956 -9.92913e-4 -0.0126512 0.007999956 -0.003500282 -0.01873373 0.007999956 -0.001194357 -0.01297312 0.007999956 -0.00420928 -0.01883447 0.007999956 -0.001387834 -0.01335507 0.007999956 -0.004887878 -0.01895165 0.007999956 -0.001571774 -0.0137943 0.007999956 -0.005530834 -0.01908439 0.007999956 -0.001744806 -0.01428741 0.007999956 -0.006133496 -0.01923173 0.007999956 -0.00190562 -0.01483076 0.007999956 -0.006691217 -0.01939254 0.007999956 -0.002052962 -0.01542031 0.007999956 -0.007199883 -0.01956558 0.007999956 -0.002185702 -0.01605165 0.007999956 -0.007655739 -0.01974952 0.007999956 -0.002302885 -0.01671999 0.007999956 -0.008055269 -0.01994299 0.007999956 -0.002403616 -0.01742041 0.007999956 -0.008395552 -0.02014446 0.007999956 -0.002487063 -0.01814758 0.007999956 -0.008674025 -0.02035248 0.007999956 -0.002552628 -0.0188961 0.007999956 -0.008888602 -0.02056539 0.007999956 -0.002599835 -0.01966035 0.007999956 -0.009037673 -0.02078163 0.007999956 -0.002628326 -0.02043467 0.007999956 -0.009120106 -0.02099955 0.007999956 -0.002637863 -0.0212174 0.007999956 -0.002628326 8.00268e-5 0.007999956 0.02349001 -1.37863e-4 0.007999956 0.02349954 0 0.007999956 0.02599996 0.002266049 0.007999956 0.02590101 0.001112103 0.007999956 0.02316457 9.18683e-4 0.007999956 0.0232653 -3.55752e-4 0.007999956 0.02349001 -5.71983e-4 0.007999956 0.02346152 -0.002266049 0.007999956 0.02590101 -7.8491e-4 0.007999956 0.02341431 -9.92913e-4 0.007999956 0.02334874 -0.002628326 0.007999956 0.0212174 -0.008892476 0.007999956 0.024432 -0.002487063 0.007999956 0.02185457 -0.01098805 0.007999956 0.02356398 -0.002552628 0.007999956 0.02164655 -0.002599835 0.007999956 0.02143365 0.006729245 0.007999956 0.02511405 0.008892476 0.007999956 0.024432 0.002127885 0.007999956 0.02205604 -0.001194357 0.007999956 0.0232653 -0.001387834 0.007999956 0.02316457 -0.004514813 0.007999956 0.02560496 -0.001571774 0.007999956 0.02304738 -0.001744806 0.007999956 0.02291464 0.001777231 0.007999956 0.02260649 0.004514813 0.007999956 0.02560496 0.001909971 0.007999956 0.02243345 0.002027153 0.007999956 0.02224951 0.001629889 0.007999956 0.0227673 0.001469075 0.007999956 0.02291464 0.001296043 0.007999956 0.02304738 7.17188e-4 0.007999956 0.02334874 5.09185e-4 0.007999956 0.02341431 2.96258e-4 0.007999956 0.02346152 -0.006729245 0.007999956 0.02511405 -0.002302885 0.007999956 0.02224951 -0.002403616 0.007999956 0.02205604 0.001777231 0.007999956 0.01939254 0.00699681 0.007999956 0.01551353 0.006495893 0.007999956 0.01491737 -0.00190562 0.007999956 0.0227673 -0.002052962 0.007999956 0.02260649 -0.002185702 0.007999956 0.02243345 0.01143848 0.007999956 0.02331793 0.01098805 0.007999956 0.02356398 0.01160162 0.007999956 0.02326029 0.01175916 0.007999956 0.02318876 0.01127094 0.007999956 0.0233612 0.01110029 0.007999956 0.02338987 0.01092785 0.007999956 0.0234037 0.01075482 0.007999956 0.02340251 0.01058256 0.007999956 0.02338641 0.01041227 0.007999956 0.02335548 0.01024538 0.007999956 0.02330994 0.01008301 0.007999956 0.02325016 0.002276897 0.007999956 0.02164655 0.001629889 0.007999956 0.01923173 0.005945384 0.007999956 0.01436674 0.001469075 0.007999956 0.01908439 0.005349278 0.007999956 0.0138657 0.001296043 0.007999956 0.01895165 0.004712104 0.007999956 0.01341813 0.001112103 0.007999956 0.01883447 0.004038631 0.007999956 0.01302725 9.18683e-4 0.007999956 0.01873373 0.003333866 0.007999956 0.01269608 7.17188e-4 0.007999956 0.01865029 0.002603173 0.007999956 0.01242709 5.09185e-4 0.007999956 0.01858472 0.001851916 0.007999956 0.01222223 2.96258e-4 0.007999956 0.01853752 0.001085758 0.007999956 0.01208311 8.00268e-5 0.007999956 0.01850903 3.10494e-4 0.007999956 0.01201069 -1.37863e-4 0.007999956 0.01849955 -4.68162e-4 0.007999956 0.01200556 -3.55752e-4 0.007999956 0.01850903 -0.001244306 0.007999956 0.01206779 -5.71983e-4 0.007999956 0.01853752 -0.002012193 0.007999956 0.01219689 -7.8491e-4 0.007999956 0.01858472 -0.002766072 0.007999956 0.0123918 -9.92913e-4 0.007999956 0.01865029 -0.003500282 0.007999956 0.0126512 -0.001194357 0.007999956 0.01873373 -0.00420928 0.007999956 0.01297312 -0.001387834 0.007999956 0.01883447 -0.004887878 0.007999956 0.01335507 -0.001571774 0.007999956 0.01895165 -0.005530834 0.007999956 0.0137943 -0.001744806 0.007999956 0.01908439 -0.006133496 0.007999956 0.01428741 -0.00190562 0.007999956 0.01923173 -0.006691217 0.007999956 0.01483076 -0.002052962 0.007999956 0.01939254 -0.007199883 0.007999956 0.01542031 -0.002185702 0.007999956 0.01956558 -0.007655739 0.007999956 0.01605165 -0.002302885 0.007999956 0.01974952 -0.008055269 0.007999956 0.01671999 -0.002403616 0.007999956 0.01994299 -0.008395552 0.007999956 0.01742041 -0.002487063 0.007999956 0.02014446 -0.008674025 0.007999956 0.01814758 -0.002552628 0.007999956 0.02035248 -0.008888602 0.007999956 0.0188961 -0.002599835 0.007999956 0.02056539 -0.009037673 0.007999956 0.01966035 -0.002628326 0.007999956 0.02078163 -0.009120106 0.007999956 0.02043467 -0.002637863 0.007999956 0.02099955 0.009169638 0.007999956 0.02248245 0.009082853 0.007999956 0.02233278 0.002324104 0.007999956 0.02143365 0.009926378 0.007999956 0.02317661 0.009776771 0.007999956 0.0230897 0.00963515 0.007999956 0.02299022 0.007444322 0.007999956 0.01615077 0.001909971 0.007999956 0.01956558 0.00783503 0.007999956 0.0168243 0.002027153 0.007999956 0.01974952 0.008166074 0.007999956 0.01752912 0.002127885 0.007999956 0.01994299 0.00843501 0.007999956 0.01825988 0.002211332 0.007999956 0.02014446 0.008639693 0.007999956 0.01901119 0.002276897 0.007999956 0.02035248 0.00877875 0.007999956 0.01977735 0.002324104 0.007999956 0.02056539 0.008850991 0.007999956 0.02055263 0.002352595 0.007999956 0.02078163 0.008855998 0.007999956 0.02133131 0.002362132 0.007999956 0.02099955 0.008857071 0.007999956 0.02150434 0.002352595 0.007999956 0.0212174 0.008873164 0.007999956 0.02167659 0.009502708 0.007999956 0.02287894 0.0093804 0.007999956 0.02275657 0.009269118 0.007999956 0.02262407 0.009009301 0.007999956 0.0221762 0.008949518 0.007999956 0.02201378 0.008904039 0.007999956 0.02184683 0.002211332 0.007999956 0.02185457 0.008855998 0.01999998 0.02133131 0.008850991 0.01999998 0.02055263 0.00877875 0.01999998 0.01977735 0.008639693 0.01999998 0.01901119 0.00843501 0.01999998 0.01825988 0.008166074 0.01999998 0.01752912 0.00783503 0.01999998 0.0168243 0.007444322 0.01999998 0.01615077 0.00699681 0.01999998 0.01551353 0.006495893 0.01999998 0.01491737 0.005945384 0.01999998 0.01436674 0.005349278 0.01999998 0.0138657 0.004712104 0.01999998 0.01341813 0.004038631 0.01999998 0.01302725 0.003333866 0.01999998 0.01269608 0.002603173 0.01999998 0.01242709 0.001851916 0.01999998 0.01222223 0.001085758 0.01999998 0.01208311 3.10494e-4 0.01999998 0.01201069 -4.68162e-4 0.01999998 0.01200556 -0.001244306 0.01999998 0.01206779 -0.002012193 0.01999998 0.01219689 -0.002766072 0.01999998 0.0123918 -0.003500282 0.01999998 0.0126512 -0.00420928 0.01999998 0.01297312 -0.004887878 0.01999998 0.01335507 -0.005530834 0.01999998 0.0137943 -0.006133496 0.01999998 0.01428741 -0.006691217 0.01999998 0.01483076 -0.007199883 0.01999998 0.01542031 -0.007655739 0.01999998 0.01605165 -0.008055269 0.01999998 0.01671999 -0.008395552 0.01999998 0.01742041 -0.008674025 0.01999998 0.01814758 -0.008888602 0.01999998 0.0188961 -0.009037673 0.01999998 0.01966035 -0.009120106 0.01999998 0.02043467 0.02349001 0.007999956 -8.00267e-5 0.02349954 0.007999956 1.37863e-4 0.02599996 0.007999956 0 0.02291464 0.007999956 0.001744806 0.0227673 0.007999956 0.00190562 0.02560496 0.007999956 0.004514813 0.02260649 0.007999956 0.002052962 0.02511405 0.007999956 0.006729245 0.02590101 0.007999956 -0.002266049 0.02316457 0.007999956 -0.001112103 0.0232653 0.007999956 -9.18683e-4 0.02334874 0.007999956 9.92913e-4 0.0232653 0.007999956 0.001194357 0.02590101 0.007999956 0.002266049 0.02316457 0.007999956 0.001387834 0.02304738 0.007999956 0.001571774 0.02260649 0.007999956 -0.001777231 0.02560496 0.007999956 -0.004514813 0.02243345 0.007999956 -0.001909971 0.02511405 0.007999956 -0.006729245 0.0227673 0.007999956 -0.001629889 0.02291464 0.007999956 -0.001469075 0.02304738 0.007999956 -0.001296043 0.02334874 0.007999956 -7.17188e-4 0.02341431 0.007999956 -5.09185e-4 0.02346152 0.007999956 -2.96258e-4 0.02243345 0.007999956 0.002185702 0.02224951 0.007999956 0.002302885 0.024432 0.007999956 0.008892476 0.02324545 0.007999956 0.01088869 0.02325934 0.007999956 0.01106113 0.02356398 0.007999956 0.01098805 0.02349001 0.007999956 3.55752e-4 0.02346152 0.007999956 5.71983e-4 0.02341431 0.007999956 7.8491e-4 0.02205604 0.007999956 0.002403616 0.02185457 0.007999956 0.002487063 0.02164655 0.007999956 0.002552628 0.02143365 0.007999956 0.002599835 0.0213862 0.007999956 0.009138703 0.0212174 0.007999956 0.002628326 0.02121317 0.007999956 0.009135305 0.02099955 0.007999956 0.002637863 0.02043467 0.007999956 0.009120106 0.02078163 0.007999956 0.002628326 0.01966035 0.007999956 0.009037673 0.02056539 0.007999956 0.002599835 0.0188961 0.007999956 0.008888602 0.02035248 0.007999956 0.002552628 0.01814758 0.007999956 0.008674025 0.02014446 0.007999956 0.002487063 0.01742041 0.007999956 0.008395552 0.01994299 0.007999956 0.002403616 0.01671999 0.007999956 0.008055269 0.01974952 0.007999956 0.002302885 0.01605165 0.007999956 0.007655739 0.01956558 0.007999956 0.002185702 0.01542031 0.007999956 0.007199883 0.01939254 0.007999956 0.002052962 0.01483076 0.007999956 0.006691217 0.01923173 0.007999956 0.00190562 0.01428741 0.007999956 0.006133496 0.01908439 0.007999956 0.001744806 0.0137943 0.007999956 0.005530834 0.01895165 0.007999956 0.001571774 0.01335507 0.007999956 0.004887878 0.01883447 0.007999956 0.001387834 0.01297312 0.007999956 0.00420928 0.01873373 0.007999956 0.001194357 0.0126512 0.007999956 0.003500282 0.01865029 0.007999956 9.92913e-4 0.0123918 0.007999956 0.002766072 0.01858472 0.007999956 7.8491e-4 0.01219689 0.007999956 0.002012193 0.01853752 0.007999956 5.71983e-4 0.01206779 0.007999956 0.001244306 0.01850903 0.007999956 3.55752e-4 0.01200556 0.007999956 4.68162e-4 0.01849955 0.007999956 1.37863e-4 0.01201069 0.007999956 -3.10494e-4 0.01850903 0.007999956 -8.00267e-5 0.01208311 0.007999956 -0.001085758 0.01853752 0.007999956 -2.96258e-4 0.01222223 0.007999956 -0.001851916 0.01858472 0.007999956 -5.09185e-4 0.01242709 0.007999956 -0.002603173 0.01865029 0.007999956 -7.17188e-4 0.01269608 0.007999956 -0.003333866 0.01873373 0.007999956 -9.18683e-4 0.01302725 0.007999956 -0.004038631 0.01883447 0.007999956 -0.001112103 0.01341813 0.007999956 -0.004712104 0.01895165 0.007999956 -0.001296043 0.0138657 0.007999956 -0.005349278 0.01908439 0.007999956 -0.001469075 0.01436674 0.007999956 -0.005945384 0.01923173 0.007999956 -0.001629889 0.01491737 0.007999956 -0.006495893 0.01939254 0.007999956 -0.001777231 0.01551353 0.007999956 -0.00699681 0.02321678 0.007999956 0.01071804 0.024432 0.007999956 -0.008892476 0.02356398 0.007999956 -0.01098805 0.02164655 0.007999956 -0.002276897 0.02185457 0.007999956 -0.002211332 0.02205604 0.007999956 -0.002127885 0.02224951 0.007999956 -0.002027153 0.0232582 0.007999956 0.01123416 0.02324211 0.007999956 0.01140648 0.02321124 0.007999956 0.01157671 0.0231657 0.007999956 0.01174366 0.02310597 0.007999956 0.01190602 0.02303236 0.007999956 0.0120626 0.02318876 0.007999956 -0.01175916 0.02326029 0.007999956 -0.01160162 0.02155822 0.007999956 0.009157001 0.02172803 0.007999956 0.009190142 0.02189439 0.007999956 0.009237766 0.02205598 0.007999956 0.009299695 0.02250039 0.007999956 0.009565353 0.0226314 0.007999956 0.009678363 0.02331793 0.007999956 -0.01143848 0.0233612 0.007999956 -0.01127094 0.02338987 0.007999956 -0.01110029 0.0230897 0.007999956 -0.009776771 0.02299022 0.007999956 -0.00963515 0.02221161 0.007999956 0.009375274 0.02236014 0.007999956 0.009464025 0.02275216 0.007999956 0.009802281 0.02286177 0.007999956 0.009936213 0.02295935 0.007999956 0.01007908 0.02304422 0.007999956 0.01022982 0.02311581 0.007999956 0.01038742 0.02317345 0.007999956 0.01055055 0.0234037 0.007999956 -0.01092785 0.02340251 0.007999956 -0.01075482 0.02338641 0.007999956 -0.01058256 0.02317661 0.007999956 -0.009926378 0.01615077 0.007999956 -0.007444322 0.01956558 0.007999956 -0.001909971 0.0168243 0.007999956 -0.00783503 0.01974952 0.007999956 -0.002027153 0.01752912 0.007999956 -0.008166074 0.01994299 0.007999956 -0.002127885 0.01825988 0.007999956 -0.00843501 0.02014446 0.007999956 -0.002211332 0.01901119 0.007999956 -0.008639693 0.02035248 0.007999956 -0.002276897 0.01977735 0.007999956 -0.00877875 0.02056539 0.007999956 -0.002324104 0.02055263 0.007999956 -0.008850991 0.02078163 0.007999956 -0.002352595 0.02133131 0.007999956 -0.008855998 0.02099955 0.007999956 -0.002362132 0.02150434 0.007999956 -0.008857071 0.0212174 0.007999956 -0.002352595 0.02167659 0.007999956 -0.008873164 0.02143365 0.007999956 -0.002324104 0.02201378 0.007999956 -0.008949518 0.02184683 0.007999956 -0.008904039 0.02335548 0.007999956 -0.01041227 0.02330994 0.007999956 -0.01024538 0.02325016 0.007999956 -0.01008301 0.02248245 0.007999956 -0.009169638 0.02233278 0.007999956 -0.009082853 0.0221762 0.007999956 -0.009009301 0.02287894 0.007999956 -0.009502708 0.02275657 0.007999956 -0.0093804 0.02262407 0.007999956 -0.009269118 -0.001112103 0.007999956 -0.02316457 -9.18683e-4 0.007999956 -0.0232653 -0.002266049 0.007999956 -0.02590101 -8.00265e-5 0.007999956 -0.02349001 1.37863e-4 0.007999956 -0.02349954 0 0.007999956 -0.02599996 -0.001777231 0.007999956 -0.01939254 -0.001909971 0.007999956 -0.01956558 -0.007444322 0.007999956 -0.01615077 -0.01098805 0.007999956 -0.02356398 -0.00783503 0.007999956 -0.0168243 -0.002027153 0.007999956 -0.01974952 -0.008166074 0.007999956 -0.01752912 -0.002127885 0.007999956 -0.01994299 -0.00843501 0.007999956 -0.01825988 -0.002211332 0.007999956 -0.02014446 -0.008639693 0.007999956 -0.01901119 -0.002276897 0.007999956 -0.02035248 -0.00877875 0.007999956 -0.01977735 -0.002324104 0.007999956 -0.02056539 -0.008850991 0.007999956 -0.02055263 -0.002352595 0.007999956 -0.02078163 -0.002362132 0.007999956 -0.02099955 -0.002352595 0.007999956 -0.0212174 -0.002324104 0.007999956 -0.02143365 -0.006729245 0.007999956 -0.02511405 -0.008892476 0.007999956 -0.024432 -0.002127885 0.007999956 -0.02205604 -7.17188e-4 0.007999956 -0.02334874 -5.09185e-4 0.007999956 -0.02341431 -2.96258e-4 0.007999956 -0.02346152 3.55752e-4 0.007999956 -0.02349001 5.71983e-4 0.007999956 -0.02346152 0.002266049 0.007999956 -0.02590101 7.8491e-4 0.007999956 -0.02341431 9.92913e-4 0.007999956 -0.02334874 0.001744806 0.007999956 -0.02291464 0.00190562 0.007999956 -0.0227673 0.004514813 0.007999956 -0.02560496 0.002052962 0.007999956 -0.02260649 0.006729245 0.007999956 -0.02511405 0.008892476 0.007999956 -0.024432 0.002487063 0.007999956 -0.02185457 0.01098805 0.007999956 -0.02356398 0.002552628 0.007999956 -0.02164655 0.002599835 0.007999956 -0.02143365 -0.002276897 0.007999956 -0.02164655 -0.002027153 0.007999956 -0.02224951 -0.001909971 0.007999956 -0.02243345 -0.004514813 0.007999956 -0.02560496 -0.001777231 0.007999956 -0.02260649 -0.001629889 0.007999956 -0.0227673 -0.001469075 0.007999956 -0.02291464 -0.001296043 0.007999956 -0.02304738 0.002185702 0.007999956 -0.02243345 0.002302885 0.007999956 -0.02224951 0.002403616 0.007999956 -0.02205604 0.009565353 0.007999956 -0.02250039 0.009678363 0.007999956 -0.0226314 0.009157001 0.007999956 -0.02155822 0.009190142 0.007999956 -0.02172803 0.002628326 0.007999956 -0.0212174 0.001194357 0.007999956 -0.0232653 0.001387834 0.007999956 -0.02316457 0.001571774 0.007999956 -0.02304738 -0.002211332 0.007999956 -0.02185457 0.009237766 0.007999956 -0.02189439 0.009299695 0.007999956 -0.02205598 0.009802281 0.007999956 -0.02275216 0.009936213 0.007999956 -0.02286177 0.01007908 0.007999956 -0.02295935 -0.00699681 0.007999956 -0.01551353 -0.006495893 0.007999956 -0.01491737 -0.001629889 0.007999956 -0.01923173 -0.005945384 0.007999956 -0.01436674 -0.001469075 0.007999956 -0.01908439 -0.005349278 0.007999956 -0.0138657 -0.001296043 0.007999956 -0.01895165 -0.004712104 0.007999956 -0.01341813 -0.001112103 0.007999956 -0.01883447 -0.004038631 0.007999956 -0.01302725 -9.18683e-4 0.007999956 -0.01873373 -0.003333866 0.007999956 -0.01269608 -7.17188e-4 0.007999956 -0.01865029 -0.002603173 0.007999956 -0.01242709 -5.09185e-4 0.007999956 -0.01858472 -0.001851916 0.007999956 -0.01222223 -2.96258e-4 0.007999956 -0.01853752 -0.001085758 0.007999956 -0.01208311 -8.00265e-5 0.007999956 -0.01850903 -3.10494e-4 0.007999956 -0.01201069 1.37863e-4 0.007999956 -0.01849955 4.68162e-4 0.007999956 -0.01200556 3.55752e-4 0.007999956 -0.01850903 0.001244306 0.007999956 -0.01206779 5.71983e-4 0.007999956 -0.01853752 0.002012193 0.007999956 -0.01219689 7.8491e-4 0.007999956 -0.01858472 0.002766072 0.007999956 -0.0123918 9.92913e-4 0.007999956 -0.01865029 0.003500282 0.007999956 -0.0126512 0.001194357 0.007999956 -0.01873373 0.00420928 0.007999956 -0.01297312 0.001387834 0.007999956 -0.01883447 0.004887878 0.007999956 -0.01335507 0.001571774 0.007999956 -0.01895165 0.005530834 0.007999956 -0.0137943 0.001744806 0.007999956 -0.01908439 0.006133496 0.007999956 -0.01428741 0.00190562 0.007999956 -0.01923173 0.006691217 0.007999956 -0.01483076 0.002052962 0.007999956 -0.01939254 0.007199883 0.007999956 -0.01542031 0.002185702 0.007999956 -0.01956558 0.007655739 0.007999956 -0.01605165 0.002302885 0.007999956 -0.01974952 0.008055269 0.007999956 -0.01671999 0.002403616 0.007999956 -0.01994299 0.008395552 0.007999956 -0.01742041 0.002487063 0.007999956 -0.02014446 0.008674025 0.007999956 -0.01814758 0.002552628 0.007999956 -0.02035248 0.008888602 0.007999956 -0.0188961 0.002599835 0.007999956 -0.02056539 0.009037673 0.007999956 -0.01966035 0.002628326 0.007999956 -0.02078163 0.009120106 0.007999956 -0.02043467 0.002637863 0.007999956 -0.02099955 0.009135305 0.007999956 -0.02121317 0.009138703 0.007999956 -0.0213862 0.009375274 0.007999956 -0.02221161 0.009464025 0.007999956 -0.02236014 0.01123416 0.007999956 -0.0232582 0.01140648 0.007999956 -0.02324211 0.01157671 0.007999956 -0.02321124 0.01174366 0.007999956 -0.0231657 0.01190602 0.007999956 -0.02310597 0.0120626 0.007999956 -0.02303236 0.01022982 0.007999956 -0.02304422 0.01038742 0.007999956 -0.02311581 0.01055055 0.007999956 -0.02317345 0.01071804 0.007999956 -0.02321678 0.01088869 0.007999956 -0.02324545 0.01106113 0.007999956 -0.02325934 0.001779854 0 -0.003616869 0.001779854 0.01999998 -0.003616869 0.002818584 0 -0.004318892 0.003566861 0.01999998 -0.004824638 0.003566861 0 -0.004824638 0.004019737 0.01999998 -3.02837e-4 0.004019737 0 -3.02837e-4 0.02133131 0.01999998 -0.008855998 0.02055263 0.01999998 -0.008850991 0.01977735 0.01999998 -0.00877875 0.01901119 0.01999998 -0.008639693 0.01825988 0.01999998 -0.00843501 0.01752912 0.01999998 -0.008166074 0.0168243 0.01999998 -0.00783503 0.01615077 0.01999998 -0.007444322 0.01551353 0.01999998 -0.00699681 0.01491737 0.01999998 -0.006495893 0.01436674 0.01999998 -0.005945384 0.0138657 0.01999998 -0.005349278 0.01341813 0.01999998 -0.004712104 0.01302725 0.01999998 -0.004038631 0.01269608 0.01999998 -0.003333866 0.01242709 0.01999998 -0.002603173 0.01222223 0.01999998 -0.001851916 0.01208311 0.01999998 -0.001085758 0.01201069 0.01999998 -3.10494e-4 0.01200556 0.01999998 4.68162e-4 0.01206779 0.01999998 0.001244306 0.01219689 0.01999998 0.002012193 0.0123918 0.01999998 0.002766072 0.0126512 0.01999998 0.003500282 0.01297312 0.01999998 0.00420928 0.01335507 0.01999998 0.004887878 0.0137943 0.01999998 0.005530834 0.01428741 0.01999998 0.006133496 0.01483076 0.01999998 0.006691217 0.01542031 0.01999998 0.007199883 0.01605165 0.01999998 0.007655739 0.01671999 0.01999998 0.008055269 0.01742041 0.01999998 0.008395552 0.01814758 0.01999998 0.008674025 0.0188961 0.01999998 0.008888602 0.01966035 0.01999998 0.009037673 0.02043467 0.01999998 0.009120106 0.02121317 0.01999998 0.009135305 -0.02055263 0.01999998 0.008850991 -0.01977735 0.01999998 0.00877875 -0.01901119 0.01999998 0.008639693 -0.01825988 0.01999998 0.00843501 -0.01752912 0.01999998 0.008166074 -0.0168243 0.01999998 0.00783503 -0.01615077 0.01999998 0.007444322 -0.01551353 0.01999998 0.00699681 -0.01491737 0.01999998 0.006495893 -0.01436674 0.01999998 0.005945384 -0.0138657 0.01999998 0.005349278 -0.01341813 0.01999998 0.004712104 -0.01302725 0.01999998 0.004038631 -0.01269608 0.01999998 0.003333866 -0.01242709 0.01999998 0.002603173 -0.01222223 0.01999998 0.001851916 -0.01208311 0.01999998 0.001085758 -0.01201069 0.01999998 3.10494e-4 -0.01200556 0.01999998 -4.68162e-4 -0.01206779 0.01999998 -0.001244306 -0.01219689 0.01999998 -0.002012193 -0.0123918 0.01999998 -0.002766072 -0.0126512 0.01999998 -0.003500282 -0.01297312 0.01999998 -0.00420928 -0.01335507 0.01999998 -0.004887878 -0.0137943 0.01999998 -0.005530834 -0.01428741 0.01999998 -0.006133496 -0.01483076 0.01999998 -0.006691217 -0.01542031 0.01999998 -0.007199883 -0.01605165 0.01999998 -0.007655739 -0.01671999 0.01999998 -0.008055269 -0.01742041 0.01999998 -0.008395552 -0.01814758 0.01999998 -0.008674025 -0.0188961 0.01999998 -0.008888602 -0.01966035 0.01999998 -0.009037673 -0.02043467 0.01999998 -0.009120106 0.0120626 0.01999998 -0.02303236 0.01190602 0.01999998 -0.02310597 0.01174366 0.01999998 -0.0231657 0.01157671 0.01999998 -0.02321124 0.01140648 0.01999998 -0.02324211 0.01123416 0.01999998 -0.0232582 0.01106113 0.01999998 -0.02325934 0.01088869 0.01999998 -0.02324545 0.01071804 0.01999998 -0.02321678 0.01055055 0.01999998 -0.02317345 0.01038742 0.01999998 -0.02311581 0.01022982 0.01999998 -0.02304422 0.01007908 0.01999998 -0.02295935 0.009936213 0.01999998 -0.02286177 0.009802281 0.01999998 -0.02275216 0.009678363 0.01999998 -0.0226314 0.009565353 0.01999998 -0.02250039 0.009464025 0.01999998 -0.02236014 0.009375274 0.01999998 -0.02221161 0.009299695 0.01999998 -0.02205598 0.009237766 0.01999998 -0.02189439 0.009190142 0.01999998 -0.02172803 0.009157001 0.01999998 -0.02155822 0.009138703 0.01999998 -0.0213862 0.009135305 0.01999998 -0.02121317 0.02318876 0.01999998 -0.01175916 0.02326029 0.01999998 -0.01160162 0.02331793 0.01999998 -0.01143848 0.0233612 0.01999998 -0.01127094 0.02338987 0.01999998 -0.01110029 0.0234037 0.01999998 -0.01092785 0.02340251 0.01999998 -0.01075482 0.02338641 0.01999998 -0.01058256 0.02335548 0.01999998 -0.01041227 0.02330994 0.01999998 -0.01024538 0.02325016 0.01999998 -0.01008301 0.02317661 0.01999998 -0.009926378 0.0230897 0.01999998 -0.009776771 0.02299022 0.01999998 -0.00963515 0.02287894 0.01999998 -0.009502708 0.02275657 0.01999998 -0.0093804 0.02262407 0.01999998 -0.009269118 0.02248245 0.01999998 -0.009169638 0.02233278 0.01999998 -0.009082853 0.0221762 0.01999998 -0.009009301 0.02201378 0.01999998 -0.008949518 0.02184683 0.01999998 -0.008904039 0.02167659 0.01999998 -0.008873164 0.02150434 0.01999998 -0.008857071 0.01175916 0.01999998 0.02318876 0.01160162 0.01999998 0.02326029 0.01143848 0.01999998 0.02331793 0.01127094 0.01999998 0.0233612 0.01110029 0.01999998 0.02338987 0.01092785 0.01999998 0.0234037 0.01075482 0.01999998 0.02340251 0.01058256 0.01999998 0.02338641 0.01041227 0.01999998 0.02335548 0.01024538 0.01999998 0.02330994 0.01008301 0.01999998 0.02325016 0.009926378 0.01999998 0.02317661 0.009776771 0.01999998 0.0230897 0.00963515 0.01999998 0.02299022 0.009502708 0.01999998 0.02287894 0.0093804 0.01999998 0.02275657 0.009269118 0.01999998 0.02262407 0.009169638 0.01999998 0.02248245 0.009082853 0.01999998 0.02233278 0.009009301 0.01999998 0.0221762 0.008949518 0.01999998 0.02201378 0.008904039 0.01999998 0.02184683 0.008873164 0.01999998 0.02167659 0.008857071 0.01999998 0.02150434 0.02303236 0.01999998 0.0120626 0.02310597 0.01999998 0.01190602 0.0231657 0.01999998 0.01174366 0.02321124 0.01999998 0.01157671 0.02324211 0.01999998 0.01140648 0.0232582 0.01999998 0.01123416 0.02325934 0.01999998 0.01106113 0.02324545 0.01999998 0.01088869 0.02321678 0.01999998 0.01071804 0.02317345 0.01999998 0.01055055 0.02311581 0.01999998 0.01038742 0.02304422 0.01999998 0.01022982 0.02295935 0.01999998 0.01007908 0.02286177 0.01999998 0.009936213 0.02275216 0.01999998 0.009802281 0.0226314 0.01999998 0.009678363 0.02250039 0.01999998 0.009565353 0.02236014 0.01999998 0.009464025 0.02221161 0.01999998 0.009375274 0.02205598 0.01999998 0.009299695 0.02189439 0.01999998 0.009237766 0.02172803 0.01999998 0.009190142 0.02155822 0.01999998 0.009157001 0.0213862 0.01999998 0.009138703 -0.008850991 0.01999998 -0.02055263 -0.00877875 0.01999998 -0.01977735 -0.008639693 0.01999998 -0.01901119 -0.00843501 0.01999998 -0.01825988 -0.008166074 0.01999998 -0.01752912 -0.00783503 0.01999998 -0.0168243 -0.007444322 0.01999998 -0.01615077 -0.00699681 0.01999998 -0.01551353 -0.006495893 0.01999998 -0.01491737 -0.005945384 0.01999998 -0.01436674 -0.005349278 0.01999998 -0.0138657 -0.004712104 0.01999998 -0.01341813 -0.004038631 0.01999998 -0.01302725 -0.003333866 0.01999998 -0.01269608 -0.002603173 0.01999998 -0.01242709 -0.001851916 0.01999998 -0.01222223 -0.001085758 0.01999998 -0.01208311 -3.10494e-4 0.01999998 -0.01201069 4.68162e-4 0.01999998 -0.01200556 0.001244306 0.01999998 -0.01206779 0.002012193 0.01999998 -0.01219689 0.002766072 0.01999998 -0.0123918 0.003500282 0.01999998 -0.0126512 0.00420928 0.01999998 -0.01297312 0.004887878 0.01999998 -0.01335507 0.005530834 0.01999998 -0.0137943 0.006133496 0.01999998 -0.01428741 0.006691217 0.01999998 -0.01483076 0.007199883 0.01999998 -0.01542031 0.007655739 0.01999998 -0.01605165 0.008055269 0.01999998 -0.01671999 0.008395552 0.01999998 -0.01742041 0.008674025 0.01999998 -0.01814758 0.008888602 0.01999998 -0.0188961 0.009037673 0.01999998 -0.01966035 0.009120106 0.01999998 -0.02043467 0.005806684 0.01999998 -0.00151056 0.005806684 0 -0.00151056 0.005915224 0.01999998 -0.001004993 0.005915224 0 -0.001004993 0.005979776 0.01999998 -4.91981e-4 0.005979776 0 -4.91981e-4 0.005999922 0.01999998 2.47133e-5 0.005999922 0 2.47133e-5 0.005975484 0.01999998 5.41224e-4 0.005975484 0 5.41224e-4 0.005906701 0.01999998 0.00105369 0.005906701 0 0.00105369 0.005794048 0.01999998 0.001558363 0.005794048 0 0.001558363 0.00563836 0.01999998 0.002051413 0.00563836 0 0.002051413 0.005440771 0.01999998 0.002529323 0.005440771 0 0.002529323 0.005202829 0.01999998 0.002988338 0.005202829 0 0.002988338 0.004926204 0.01999998 0.00342524 0.004926204 0 0.00342524 0.004612982 0.01999998 0.003836691 0.004612982 0 0.003836691 0.004265487 0.01999998 0.004219591 0.004265487 0 0.004219591 0.003886342 0.01999998 0.004571199 0.003886342 0 0.004571199 0.003478348 0.01999998 0.004888832 0.003478348 0 0.004888832 0.003044486 0.01999998 0.005170166 0.003044486 0 0.005170166 0.002587974 0.01999998 0.005413115 0.002587974 0 0.005413115 0.002112329 0.01999998 0.00561583 0.002112329 0 0.00561583 0.001620948 0.01999998 0.005776882 0.001620948 0 0.005776882 0.001117527 0.01999998 0.005894958 0.001117527 0 0.005894958 6.05828e-4 0.01999998 0.005969285 6.05828e-4 0 0.005969285 8.96114e-5 0.01999998 0.005999326 8.96114e-5 0 0.005999326 -4.2727e-4 0.01999998 0.005984723 -4.2727e-4 0 0.005984723 -9.40979e-4 0.01999998 0.005925714 -9.40979e-4 0 0.005925714 -0.001447677 0.01999998 0.005822718 -0.001447677 0 0.005822718 -0.001943647 0.01999998 0.005676448 -0.001943647 0 0.005676448 -0.002425193 0.01999998 0.005487978 -0.002425193 0 0.005487978 -0.002888679 0.01999998 0.005258798 -0.002888679 0 0.005258798 -0.003330767 0.01999998 0.004990577 -0.003330767 0 0.004990577 -0.003748059 0.01999998 0.004685223 -0.003748059 0 0.004685223 -0.004137575 0.01999998 0.004345118 -0.004137575 0 0.004345118 -0.004322886 0 0.004160761 -0.004496335 0.01999998 0.003972709 -0.004496335 0 0.003972709 -0.004821658 0.01999998 0.003570854 -0.004821658 0 0.003570854 -0.005111217 0.01999998 0.003142416 -0.005111217 0 0.003142416 -0.005362808 0.01999998 0.002690672 -0.005362808 0 0.002690672 -0.005574584 0.01999998 0.002218902 -0.005574584 0 0.002218902 -0.005744934 0.01999998 0.00173068 -0.005744934 0 0.00173068 -0.005872607 0.01999998 0.001229643 -0.005872607 0 0.001229643 -0.005956709 0.01999998 7.19455e-4 -0.005956709 0 7.19455e-4 -0.005996525 0.01999998 2.03904e-4 -0.005996525 0 2.03904e-4 -0.005991816 0.01999998 -3.13162e-4 -0.005991816 0 -3.13162e-4 -0.005942583 0.01999998 -8.27902e-4 -0.005942583 0 -8.27902e-4 -0.005849242 0.01999998 -0.001336455 -0.005849242 0 -0.001336455 -0.005712449 0.01999998 -0.001835107 -0.005712449 0 -0.001835107 -0.005533218 0.01999998 -0.00232017 -0.005533218 0 -0.00232017 -0.00531286 0.01999998 -0.002787947 -0.00531286 0 -0.002787947 -0.005053102 0.01999998 -0.003235042 -0.005053102 0 -0.003235042 -0.004755795 0.01999998 -0.003658115 -0.004755795 0 -0.003658115 -0.004423141 0.01999998 -0.004054009 -0.004423141 0 -0.004054009 -0.004322111 0 -0.004161596 -0.004161655 0 -0.004322052 -0.004057705 0.01999998 -0.004419803 -0.004057705 0 -0.004419803 -0.003662049 0.01999998 -0.004752755 -0.003662049 0 -0.004752755 -0.003239214 0.01999998 -0.00505042 -0.003239214 0 -0.00505042 -0.002792358 0.01999998 -0.005310595 -0.002792358 0 -0.005310595 -0.002324759 0.01999998 -0.005531311 -0.002324759 0 -0.005531311 -0.001839876 0.01999998 -0.005710899 -0.001839876 0 -0.005710899 -0.001341283 0.01999998 -0.005848109 -0.001341283 0 -0.005848109 -8.3282e-4 0.01999998 -0.005941867 -8.3282e-4 0 -0.005941867 -3.18122e-4 0.01999998 -0.005991518 -3.18122e-4 0 -0.005991518 1.9894e-4 0.01999998 -0.005996644 1.9894e-4 0 -0.005996644 7.14524e-4 0.01999998 -0.005957245 7.14524e-4 0 -0.005957245 0.001224756 0.01999998 -0.00587362 0.001224756 0 -0.00587362 0.001725971 0.01999998 -0.005746364 0.001725971 0 -0.005746364 0.002214312 0.01999998 -0.005576431 0.002214312 0 -0.005576431 0.002686202 0.01999998 -0.005365073 0.002686202 0 -0.005365073 0.003138184 0.01999998 -0.00511384 0.003138184 0 -0.00511384 -0.01299995 0.01999998 0.0225166 -0.0225166 0.01999998 -0.01299995 0.01299995 0.01999998 -0.0225166 0.0225166 0.01999998 0.01299995 0.01299995 0.01999998 0.0225166 0.0225166 0 0.01299995 0.02356398 0 0.01098805 0.024432 0 0.008892476 0.02511405 0 0.006729245 0.02560496 0 0.004514813 0.02590101 0 0.002266049 0.02599996 0 0 0.02590101 0 -0.002266049 0.02563858 0 -0.004319906 0.02356398 0 -0.01098805 0.024432 0 -0.008892476 0.02511405 0 -0.006729245 0.02560496 0 -0.004514813 0.0225166 0.01999998 -0.01299995 0.01299995 0 -0.0225166 -0.01098805 0 -0.02356398 -0.008892476 0 -0.024432 -0.006729245 0 -0.02511405 -0.004514813 0 -0.02560496 -0.002266049 0 -0.02590101 0 0 -0.02599996 0.002266049 0 -0.02590101 0.004514813 0 -0.02560496 0.006729245 0 -0.02511405 0.008892476 0 -0.024432 0.01098805 0 -0.02356398 -0.01299995 0.01999998 -0.0225166 -0.0225166 0 -0.01299995 -0.02356398 0 0.01098805 -0.024432 0 0.008892476 -0.02511405 0 0.006729245 -0.02560496 0 0.004514813 -0.02590101 0 0.002266049 -0.02599996 0 0 -0.02590101 0 -0.002266049 -0.02560496 0 -0.004514813 -0.02511405 0 -0.006729245 -0.024432 0 -0.008892476 -0.02356398 0 -0.01098805 -0.0225166 0.01999998 0.01299995 -0.01299995 0 0.0225166 -0.01098805 0 0.02356398 -0.008892476 0 0.024432 -0.006729245 0 0.02511405 -0.004514813 0 0.02560496 -0.004319906 0 0.02563858 0.01098805 0 0.02356398 0.008892476 0 0.024432 0.006729245 0 0.02511405 0.004514813 0 0.02560496 0.002266049 0 0.02590101 0 0 0.02599996 -0.002266049 0 0.02590101 -0.02129793 0.01999998 -0.01491296 -0.02129793 0 -0.01491296 -0.01991713 0.01999998 -0.01671242 -0.01991713 0 -0.01671242 -0.01838475 0.01999998 -0.01838475 -0.01838475 0 -0.01838475 -0.01671242 0.01999998 -0.01991713 -0.01671242 0 -0.01991713 -0.01491296 0.01999998 -0.02129793 -0.01491296 0 -0.02129793 -0.01299995 0 -0.0225166 -0.01491296 0.01999998 0.02129793 -0.01491296 0 0.02129793 -0.01671242 0.01999998 0.01991713 -0.01671242 0 0.01991713 -0.01838475 0.01999998 0.01838475 -0.01838475 0 0.01838475 -0.01991713 0.01999998 0.01671242 -0.01991713 0 0.01671242 -0.02129793 0.01999998 0.01491296 -0.02129793 0 0.01491296 -0.0225166 0 0.01299995 0.02129793 0.01999998 0.01491296 0.02129793 0 0.01491296 0.01991713 0.01999998 0.01671242 0.01991713 0 0.01671242 0.01838475 0.01999998 0.01838475 0.01838475 0 0.01838475 0.01671242 0.01999998 0.01991713 0.01671242 0 0.01991713 0.01491296 0.01999998 0.02129793 0.01491296 0 0.02129793 0.01299995 0 0.0225166 0.01491296 0.01999998 -0.02129793 0.01491296 0 -0.02129793 0.01671242 0.01999998 -0.01991713 0.01671242 0 -0.01991713 0.01838475 0.01999998 -0.01838475 0.01838475 0 -0.01838475 0.01991713 0.01999998 -0.01671242 0.01991713 0 -0.01671242 0.02129793 0.01999998 -0.01491296 0.02129793 0 -0.01491296 0.0225166 0 -0.01299995 1.37863e-4 0 -0.02349954 3.55752e-4 0 -0.02349001 5.71983e-4 0 -0.02346152 7.8491e-4 0 -0.02341431 9.92913e-4 0 -0.02334874 0.001194357 0 -0.0232653 0.001387834 0 -0.02316457 0.001571774 0 -0.02304738 0.001744806 0 -0.02291464 0.00190562 0 -0.0227673 0.002052962 0 -0.02260649 0.002185702 0 -0.02243345 0.002302885 0 -0.02224951 0.002403616 0 -0.02205604 0.002487063 0 -0.02185457 0.002552628 0 -0.02164655 0.002599835 0 -0.02143365 0.002628326 0 -0.0212174 0.002637863 0 -0.02099955 0.002628326 0 -0.02078163 0.002599835 0 -0.02056539 0.002552628 0 -0.02035248 0.002487063 0 -0.02014446 0.002403616 0 -0.01994299 0.002302885 0 -0.01974952 0.002185702 0 -0.01956558 0.002052962 0 -0.01939254 0.00190562 0 -0.01923173 0.001744806 0 -0.01908439 0.001571774 0 -0.01895165 0.001387834 0 -0.01883447 0.001194357 0 -0.01873373 9.92913e-4 0 -0.01865029 7.8491e-4 0 -0.01858472 5.71983e-4 0 -0.01853752 3.55752e-4 0 -0.01850903 1.37863e-4 0 -0.01849955 -8.00265e-5 0 -0.01850903 -2.96258e-4 0 -0.01853752 -5.09185e-4 0 -0.01858472 -7.17188e-4 0 -0.01865029 -9.18683e-4 0 -0.01873373 -0.001112103 0 -0.01883447 -0.001296043 0 -0.01895165 -0.001469075 0 -0.01908439 -0.001629889 0 -0.01923173 -0.001777231 0 -0.01939254 -0.001909971 0 -0.01956558 -0.002027153 0 -0.01974952 -0.002127885 0 -0.01994299 -0.002211332 0 -0.02014446 -0.002276897 0 -0.02035248 -0.002324104 0 -0.02056539 -0.002352595 0 -0.02078163 -0.002362132 0 -0.02099955 -0.002352595 0 -0.0212174 -0.002324104 0 -0.02143365 -0.002276897 0 -0.02164655 -0.002211332 0 -0.02185457 -0.002127885 0 -0.02205604 -0.002027153 0 -0.02224951 -0.001909971 0 -0.02243345 -0.001777231 0 -0.02260649 -0.001629889 0 -0.0227673 -0.001469075 0 -0.02291464 -0.001296043 0 -0.02304738 -0.001112103 0 -0.02316457 -9.18683e-4 0 -0.0232653 -7.17188e-4 0 -0.02334874 -5.09185e-4 0 -0.02341431 -2.96258e-4 0 -0.02346152 -8.00265e-5 0 -0.02349001 0.02099955 0 -0.002362132 0.0212174 0 -0.002352595 0.02143365 0 -0.002324104 0.02164655 0 -0.002276897 0.02185457 0 -0.002211332 0.02205604 0 -0.002127885 0.02224951 0 -0.002027153 0.02243345 0 -0.001909971 0.02260649 0 -0.001777231 0.0227673 0 -0.001629889 0.02291464 0 -0.001469075 0.02304738 0 -0.001296043 0.02316457 0 -0.001112103 0.0232653 0 -9.18683e-4 0.02334874 0 -7.17188e-4 0.02341431 0 -5.09185e-4 0.02346152 0 -2.96258e-4 0.02349001 0 -8.00267e-5 0.02349954 0 1.37863e-4 0.02349001 0 3.55752e-4 0.02346152 0 5.71983e-4 0.02341431 0 7.8491e-4 0.02334874 0 9.92913e-4 0.0232653 0 0.001194357 0.02316457 0 0.001387834 0.02304738 0 0.001571774 0.02291464 0 0.001744806 0.0227673 0 0.00190562 0.02260649 0 0.002052962 0.02243345 0 0.002185702 0.02224951 0 0.002302885 0.02205604 0 0.002403616 0.02185457 0 0.002487063 0.02164655 0 0.002552628 0.02143365 0 0.002599835 0.0212174 0 0.002628326 0.02099955 0 0.002637863 0.02078163 0 0.002628326 0.02056539 0 0.002599835 0.02035248 0 0.002552628 0.02014446 0 0.002487063 0.01994299 0 0.002403616 0.01974952 0 0.002302885 0.01956558 0 0.002185702 0.01939254 0 0.002052962 0.01923173 0 0.00190562 0.01908439 0 0.001744806 0.01895165 0 0.001571774 0.01883447 0 0.001387834 0.01873373 0 0.001194357 0.01865029 0 9.92913e-4 0.01858472 0 7.8491e-4 0.01853752 0 5.71983e-4 0.01850903 0 3.55752e-4 0.01849955 0 1.37863e-4 0.01850903 0 -8.00267e-5 0.01853752 0 -2.96258e-4 0.01858472 0 -5.09185e-4 0.01865029 0 -7.17188e-4 0.01873373 0 -9.18683e-4 0.01883447 0 -0.001112103 0.01895165 0 -0.001296043 0.01908439 0 -0.001469075 0.01923173 0 -0.001629889 0.01939254 0 -0.001777231 0.01956558 0 -0.001909971 0.01974952 0 -0.002027153 0.01994299 0 -0.002127885 0.02014446 0 -0.002211332 0.02035248 0 -0.002276897 0.02056539 0 -0.002324104 0.02078163 0 -0.002352595 -1.37863e-4 0 0.01849955 8.00268e-5 0 0.01850903 2.96258e-4 0 0.01853752 5.09185e-4 0 0.01858472 7.17188e-4 0 0.01865029 9.18683e-4 0 0.01873373 0.001112103 0 0.01883447 0.001296043 0 0.01895165 0.001469075 0 0.01908439 0.001629889 0 0.01923173 0.001777231 0 0.01939254 0.001909971 0 0.01956558 0.002027153 0 0.01974952 0.002127885 0 0.01994299 0.002211332 0 0.02014446 0.002276897 0 0.02035248 0.002324104 0 0.02056539 0.002352595 0 0.02078163 0.002362132 0 0.02099955 0.002352595 0 0.0212174 0.002324104 0 0.02143365 0.002276897 0 0.02164655 0.002211332 0 0.02185457 0.002127885 0 0.02205604 0.002027153 0 0.02224951 0.001909971 0 0.02243345 0.001777231 0 0.02260649 0.001629889 0 0.0227673 0.001469075 0 0.02291464 0.001296043 0 0.02304738 0.001112103 0 0.02316457 9.18683e-4 0 0.0232653 7.17188e-4 0 0.02334874 5.09185e-4 0 0.02341431 2.96258e-4 0 0.02346152 8.00268e-5 0 0.02349001 -1.37863e-4 0 0.02349954 -3.55752e-4 0 0.02349001 -5.71983e-4 0 0.02346152 -7.8491e-4 0 0.02341431 -9.92913e-4 0 0.02334874 -0.001194357 0 0.0232653 -0.001387834 0 0.02316457 -0.001571774 0 0.02304738 -0.001744806 0 0.02291464 -0.00190562 0 0.0227673 -0.002052962 0 0.02260649 -0.002185702 0 0.02243345 -0.002302885 0 0.02224951 -0.002403616 0 0.02205604 -0.002487063 0 0.02185457 -0.002552628 0 0.02164655 -0.002599835 0 0.02143365 -0.002628326 0 0.0212174 -0.002637863 0 0.02099955 -0.002628326 0 0.02078163 -0.002599835 0 0.02056539 -0.002552628 0 0.02035248 -0.002487063 0 0.02014446 -0.002403616 0 0.01994299 -0.002302885 0 0.01974952 -0.002185702 0 0.01956558 -0.002052962 0 0.01939254 -0.00190562 0 0.01923173 -0.001744806 0 0.01908439 -0.001571774 0 0.01895165 -0.001387834 0 0.01883447 -0.001194357 0 0.01873373 -9.92913e-4 0 0.01865029 -7.8491e-4 0 0.01858472 -5.71983e-4 0 0.01853752 -3.55752e-4 0 0.01850903 -0.02099955 0 -0.002637863 -0.02078163 0 -0.002628326 -0.02056539 0 -0.002599835 -0.02035248 0 -0.002552628 -0.02014446 0 -0.002487063 -0.01994299 0 -0.002403616 -0.01974952 0 -0.002302885 -0.01956558 0 -0.002185702 -0.01939254 0 -0.002052962 -0.01923173 0 -0.00190562 -0.01908439 0 -0.001744806 -0.01895165 0 -0.001571774 -0.01883447 0 -0.001387834 -0.01873373 0 -0.001194357 -0.01865029 0 -9.92913e-4 -0.01858472 0 -7.8491e-4 -0.01853752 0 -5.71983e-4 -0.01850903 0 -3.55752e-4 -0.01849955 0 -1.37863e-4 -0.01850903 0 8.00266e-5 -0.01853752 0 2.96258e-4 -0.01858472 0 5.09185e-4 -0.01865029 0 7.17188e-4 -0.01873373 0 9.18683e-4 -0.01883447 0 0.001112103 -0.01895165 0 0.001296043 -0.01908439 0 0.001469075 -0.01923173 0 0.001629889 -0.01939254 0 0.001777231 -0.01956558 0 0.001909971 -0.01974952 0 0.002027153 -0.01994299 0 0.002127885 -0.02014446 0 0.002211332 -0.02035248 0 0.002276897 -0.02056539 0 0.002324104 -0.02078163 0 0.002352595 -0.02099955 0 0.002362132 -0.0212174 0 0.002352595 -0.02143365 0 0.002324104 -0.02164655 0 0.002276897 -0.02185457 0 0.002211332 -0.02205604 0 0.002127885 -0.02224951 0 0.002027153 -0.02243345 0 0.001909971 -0.02260649 0 0.001777231 -0.0227673 0 0.001629889 -0.02291464 0 0.001469075 -0.02304738 0 0.001296043 -0.02316457 0 0.001112103 -0.0232653 0 9.18683e-4 -0.02334874 0 7.17188e-4 -0.02341431 0 5.09185e-4 -0.02346152 0 2.96258e-4 -0.02349001 0 8.00266e-5 -0.02349954 0 -1.37863e-4 -0.02349001 0 -3.55752e-4 -0.02346152 0 -5.71983e-4 -0.02341431 0 -7.8491e-4 -0.02334874 0 -9.92913e-4 -0.0232653 0 -0.001194357 -0.02316457 0 -0.001387834 -0.02304738 0 -0.001571774 -0.02291464 0 -0.001744806 -0.0227673 0 -0.00190562 -0.02260649 0 -0.002052962 -0.02243345 0 -0.002185702 -0.02224951 0 -0.002302885 -0.02205604 0 -0.002403616 -0.02185457 0 -0.002487063 -0.02164655 0 -0.002552628 -0.02143365 0 -0.002599835 -0.0212174 0 -0.002628326 -0.004318892 0 -0.004318892</float_array>
          <technique_common>
            <accessor source="#sheet_metal_2_shaft_attachment_tyre__2-mesh-positions-array" count="1551" stride="3">
              <param name="X" type="float"/>
              <param name="Y" type="float"/>
              <param name="Z" type="float"/>
            </accessor>
          </technique_common>
        </source>
        <source id="sheet_metal_2_shaft_attachment_tyre__2-mesh-normals">
          <float_array id="sheet_metal_2_shaft_attachment_tyre__2-mesh-normals-array" count="5268">-0.4132753 0 -0.9106062 -0.4132984 0 -0.9105957 -0.333014 0 -0.9429219 -0.250285 0 -0.9681723 -0.2502588 0 -0.9681791 -0.1656525 0 -0.9861842 -0.1656797 0 -0.9861796 -0.07978433 0 -0.9968122 0.00664395 0 -0.999978 0.006672024 0 -0.9999778 0.09307229 0 -0.9956594 0.09304451 0 -0.995662 0.1787713 0 -0.9838907 0.1787712 0 -0.9838907 0.2631525 0 -0.9647544 0.2631524 0 -0.9647543 0.3455456 0 -0.9384019 0.3455456 0 -0.938402 0.4253581 0 -0.9050251 0.4253811 0 -0.9050144 0.5019794 0 -0.8648796 0.5020003 0 -0.8648675 0.5748661 0 -0.8182476 0.5748848 0 -0.8182345 0.6434347 0 -0.765501 0.643451 0 -0.7654873 0.7071915 0 -0.7070221 0.7072054 0 -0.7070083 0.7656599 0 -0.6432457 0.7656598 0 -0.6432458 0.8184028 0 -0.5746449 0.8183936 0 -0.5746581 0.8650029 0 -0.501767 0.8649957 0 -0.5017793 0.9051333 0 -0.4251278 0.9051333 0 -0.4251281 0.9384909 0 -0.345304 0.9384909 0 -0.3453041 0.9648251 0 -0.262893 0.9648231 0 -0.2629001 0.9839369 0 -0.1785171 0.9839359 0 -0.1785221 0.9956846 0 -0.092803 0.9956843 0 -0.09280556 0.9999796 0 -0.006394445 0.9999796 0 -0.006394267 -0.9051012 0 -0.4251961 -0.9051013 0 -0.4251959 -0.9384648 0 -0.3453748 -0.9384666 0 -0.3453702 -0.9648044 0 -0.2629688 -0.9648054 0 -0.2629653 -0.9839237 0 -0.1785898 -0.9839233 0 -0.1785922 -0.9956783 0 -0.09286963 -0.9956783 0 -0.09286957 -0.9999791 0 -0.006469726 -0.9999791 0 -0.006469726 -0.9967962 0 0.07998365 -0.9967962 0 0.07998359 -0.9861538 0 0.1658336 -0.9861534 0 0.1658359 -0.968127 0 0.25046 -0.9681279 0 0.2504566 -0.9428575 0 0.3331964 -0.9428575 0 0.3331964 -0.9105286 0 0.4134463 -0.9105261 0 0.4134515 -0.8713858 0 0.4905987 -0.8713892 0 0.4905925 -0.8257212 0 0.5640786 -0.8257256 0 0.5640721 -0.7738782 0 0.6333345 -0.7738754 0 0.6333379 -0.7162343 0 0.69786 -0.7162377 0 0.6978564 -0.6532415 0 0.7571497 -0.6532455 0 0.7571461 -0.5853494 0 0.8107812 -0.5853447 0 0.8107845 -0.5130941 0 0.8583323 -0.5130787 0 0.8583416 -0.4369746 0 0.899474 -0.4369803 0 0.8994712 -0.3575878 0 0.9338796 -0.3575939 0 0.9338772 -0.2755435 0 0.9612887 -0.2755371 0 0.9612905 -0.1914218 0 0.981508 -0.1914218 0 0.9815079 -0.1058774 0 0.9943793 -0.1058636 0 0.9943807 -0.01952534 0 0.9998094 -0.01953232 0 0.9998093 -0.9106054 0 0.4132772 -0.9106054 0 0.4132772 -0.9429227 0 0.3330117 -0.9429196 0 0.3330206 -0.9681748 0 0.2502748 -0.9681748 0 0.2502749 -0.9861827 0 0.1656615 -0.9861824 0 0.1656638 -0.9968118 0 0.07978886 -0.9968117 0 0.07979112 -0.9999779 0 -0.006652712 -0.9999779 0 -0.006652712 -0.9956603 0 -0.09306299 -0.9956603 0 -0.09306299 -0.9838902 0 -0.1787743 -0.9838902 0 -0.1787743 -0.964755 0 -0.2631498 -0.964755 0 -0.2631499 -0.9384024 0 -0.3455446 -0.9384024 0 -0.3455446 -0.9050211 0 -0.4253668 -0.9050211 0 -0.4253669 -0.8648718 0 -0.501993 -0.86487 0 -0.5019961 -0.8182461 0 -0.5748681 -0.8182414 0 -0.5748748 -0.7654951 0 -0.6434417 -0.7654921 0 -0.6434454 -0.7070104 0 -0.7072032 -0.7070103 0 -0.7072033 -0.6432443 0 -0.7656611 -0.6432483 0 -0.7656577 -0.5746566 0 -0.8183947 -0.5746517 0 -0.8183981 -0.5017765 0 -0.8649974 -0.5017712 0 -0.8650005 -0.4251214 0 -0.9051364 -0.4251329 0 -0.9051311 -0.3452999 0 -0.9384924 -0.3453061 0 -0.9384902 -0.2628881 0 -0.9648264 -0.2629077 0 -0.9648211 -0.1785117 0 -0.9839378 -0.1785185 0 -0.9839366 -0.09281277 0 -0.9956837 -0.0928058 0 -0.9956843 -0.006391644 0 -0.9999796 -0.006398677 0 -0.9999796 -0.4252122 0 0.9050937 -0.4251892 0 0.9051045 -0.3453518 0 0.9384733 -0.3454012 0 0.9384551 -0.2629575 0 0.9648075 -0.2629575 0 0.9648075 -0.1786027 0 0.9839214 -0.1785756 0 0.9839262 -0.09290355 0 0.9956752 -0.092848 0 0.9956803 -0.006475806 0 0.9999791 -0.006475806 0 0.9999791 0.07998019 0 0.9967965 0.08000802 0 0.9967943 0.1658204 0 0.986156 0.1658477 0 0.9861514 0.2504544 0 0.9681285 0.2504544 0 0.9681285 0.3332087 0 0.9428532 0.3331838 0 0.9428619 0.413443 0 0.9105301 0.4134663 0 0.9105194 0.4905713 0 0.8714011 0.4906138 0 0.8713772 0.5640733 0 0.8257248 0.5640735 0 0.8257246 0.6333376 0 0.7738757 0.6978511 0 0.7162429 0.6978655 0 0.7162289 0.7571448 0 0.6532472 0.7571567 0 0.6532334 0.8107724 0 0.5853615 0.8107821 0 0.5853482 0.8583402 0 0.5130812 0.8994709 0 0.4369806 0.8994764 0 0.4369695 0.9338744 0 0.3576012 0.933878 0 0.3575918 0.9612888 0 0.2755432 0.9612888 0 0.2755431 0.9815091 0 0.1914154 0.9943794 0 0.1058757 0.9943794 0 0.1058757 0.9998095 0 0.01952141 0.9998094 0 0.01952248 0 1 0 0 1 3.1418e-7 0 1 2.3139e-6 0 1 -2.43571e-7 0 1 6.87369e-7 0 1 -3.03649e-6 0 1 1.32569e-6 0 1 -2.03549e-6 0 1 1.78035e-6 0 1 8.21909e-6 0 1 1.16232e-6 0 1 -5.25675e-7 0 1 -2.49513e-6 0 1 -2.30627e-6 0 1 3.16367e-6 0 1 1.63721e-6 0 1 0 0 1 0 0 1 -1.79697e-7 0 1 -7.18717e-7 0 1 2.57814e-6 0 1 1.32574e-6 0 1 3.94761e-7 0 1 1.43941e-6 0 1 5.13063e-6 0 1 -5.1306e-6 0 1 1.43941e-6 0 1 1.4394e-6 0 1 -1.43939e-6 0 1 -5.13097e-6 0 1 5.13102e-6 0 1 -5.13105e-6 0 1 1.43938e-6 0 1 -5.1311e-6 0 1 1.43937e-6 0 1 -1.43936e-6 0 1 -5.13126e-6 0 1 7.19677e-7 0 1 7.19669e-7 0 1 -2.56576e-6 0 1 3.5983e-7 0 1 1.79915e-7 0 1 0 0 1 0 0 1 2.01983e-7 0 1 -1.18124e-6 0 1 9.33289e-6 0 1 -7.08275e-6 0 1 -3.17246e-7 0 1 -4.35546e-7 0 1 5.74183e-7 0 1 -6.2282e-6 0 1 -3.66749e-7 0 1 -3.67064e-6 0 1 5.23229e-7 0 1 8.88199e-7 0 1 2.46539e-6 0 1 -3.03466e-6 0 1 3.70087e-7 0 1 1.627e-6 0 1 1.47211e-6 0 1 5.45736e-7 0 1 -3.9853e-6 0 1 2.61658e-7 0 1 -5.65304e-6 0 1 2.87604e-6 0 1 8.6369e-7 0 1 4.86825e-6 0 1 -4.30351e-6 0 1 2.2077e-6 0 1 1.08501e-4 0 1 5.3978e-7 0 1 -6.37088e-6 0 1 6.92091e-6 0 1 -5.77325e-6 0 1 9.15634e-7 0 1 -1.10025e-6 0 1 -1.18153e-5 0 1 4.89403e-6 0 1 5.72246e-5 0 1 -4.29185e-6 0 1 8.21902e-6 0 1 -2.57201e-5 0 1 -7.05243e-5 0 1 0 0 1 -1.03017e-5 0 1 3.71087e-6 0 1 1.43941e-6 0 1 7.19705e-7 0 1 -3.59852e-7 0 1 1.28267e-6 0 1 -1.79926e-7 0 1 0 0 1 -1.60337e-7 0 1 -1.79925e-7 0 1 1.28271e-6 0 1 7.19696e-7 0 1 -1.28272e-6 0 1 -7.19694e-7 0 1 2.56556e-6 0 1 -1.43936e-6 0 1 5.13136e-6 0 1 1.43935e-6 0 1 -5.13145e-6 0 1 5.13158e-6 0 1 -1.43934e-6 0 1 5.13169e-6 0 1 1.43931e-6 0 1 -5.13198e-6 0 1 1.04319e-6 0 1 -4.49944e-5 0 1 1.67086e-5 0 1 -8.39508e-7 0 1 -1.4374e-6 0 1 5.15625e-6 0 1 5.15583e-6 0 1 -5.15544e-6 0 1 5.15413e-6 0 1 1.13465e-5 0 1 -9.23839e-6 0 1 5.78238e-6 0 1 -6.98801e-6 0 1 -2.07469e-7 0 1 3.69025e-5 0 1 -1.25672e-6 0 1 5.16978e-6 -0.9999796 0 0.006399989 -0.9999796 0 0.006399929 -0.9956835 0 0.09281408 -0.9956836 0 0.09281378 -0.9839345 0 0.1785302 -0.9839344 0 0.1785307 -0.9648202 0 0.2629109 -0.9648202 0 0.2629108 -0.9384828 0 0.3453264 -0.9384831 0 0.3453253 -0.9051213 0 0.4251536 -0.9051219 0 0.4251524 -0.8649844 0 0.5017988 -0.8649837 0 0.5018001 -0.818373 0 0.5746876 -0.818372 0 0.5746889 -0.7656337 0 0.6432768 -0.7656351 0 0.6432753 -0.707163 0 0.7070506 -0.7071663 0 0.7070474 -0.6434012 0 0.7655293 -0.6434031 0 0.7655276 -0.5748242 0 0.818277 -0.5748222 0 0.8182784 -0.5019409 0 0.864902 -0.5019433 0 0.8649005 -0.4253011 0 0.9050519 -0.345478 0 0.9384269 -0.3454807 0 0.9384259 -0.2630724 0 0.9647761 -0.2630695 0 0.9647769 -0.1786925 0 0.983905 -0.1786926 0 0.983905 -0.09297645 0 0.9956683 -0.006565749 0 0.9999784 -0.006565749 0 0.9999785 0.07989788 0 0.9968032 0.07989478 0 0.9968034 0.1657573 0 0.9861666 0.1657604 0 0.9861661 0.2503802 0 0.9681476 0.2503831 0 0.9681468 0.3331282 0 0.9428817 0.4133837 0 0.910557 0.4133812 0 0.9105581 0.4905415 0 0.8714179 0.4905438 0 0.8714166 0.5640293 0 0.8257548 0.5640315 0 0.8257533 0.6332944 0 0.7739111 0.6332964 0 0.7739095 0.6978221 0 0.7162712 0.6978189 0 0.7162743 0.7571231 0 0.6532723 0.7571232 0 0.6532722 0.810756 0 0.5853843 0.810756 0 0.5853842 0.8583209 0 0.5131133 0.8583217 0 0.5131119 0.8994615 0 0.4370002 0.8994615 0 0.4370001 0.9338682 0 0.3576174 0.9338682 0 0.3576174 0.9612849 0 0.2755566 0.9612849 0 0.2755565 0.9815056 0 0.1914337 0.9815053 0 0.1914349 0.9943793 0 0.1058767 0.9943793 0 0.1058773 0.9998093 0 0.01953011 0.9998093 0 0.01953011 0 1 1.76099e-6 0 1 -8.18609e-7 0 1 -7.1214e-7 0 1 -2.3139e-6 0 1 -3.1854e-6 0 1 3.1638e-6 0 1 -3.94759e-7 0 1 2.0355e-6 0 1 -1.3257e-6 0 1 -1.26239e-7 0 1 -1.79913e-7 0 1 2.56584e-6 0 1 5.13126e-6 0 1 -5.1312e-6 0 1 1.43936e-6 0 1 -1.43937e-6 0 1 5.1311e-6 0 1 -1.43938e-6 0 1 -5.13099e-6 0 1 5.13094e-6 0 1 1.4394e-6 0 1 -5.13081e-6 0 1 1.4394e-6 0 1 -1.4394e-6 0 1 -1.43941e-6 0 1 5.13068e-6 0 1 -3.14178e-7 0 1 3.03645e-6 0 1 -1.89383e-6 0 1 8.64021e-6 0 1 -9.33289e-6 0 1 2.71544e-6 0 1 -1.08413e-4 0 1 -2.85976e-5 0 1 3.17246e-7 0 1 4.35551e-7 0 1 -5.74183e-7 0 1 -1.07289e-6 0 1 -5.23229e-7 0 1 -8.88199e-7 0 1 6.2282e-6 0 1 3.66749e-7 0 1 3.67057e-6 0 1 -8.21909e-6 0 1 4.72608e-6 0 1 -2.57817e-6 0 1 7.18717e-7 0 1 -3.59369e-7 0 1 1.28871e-6 0 1 -1.79694e-7 0 1 1.46004e-7 0 1 1.797e-7 0 1 2.30653e-6 0 1 -3.16381e-6 0 1 -9.16503e-7 0 1 4.36752e-7 0 1 -1.16234e-6 0 1 5.25675e-7 0 1 5.7241e-5 0 1 1.43741e-6 0 1 1.43744e-6 0 1 -5.15583e-6 0 1 -5.15539e-6 0 1 1.4375e-6 0 1 5.15499e-6 0 1 -5.15452e-6 0 1 -1.43757e-6 0 1 5.15373e-6 0 1 -5.12392e-6 0 1 2.19213e-6 0 1 6.98801e-6 0 1 0 0 1 -7.45981e-7 0 1 -2.87604e-6 0 1 1.11026e-6 0 1 -4.34294e-6 0 1 7.73897e-6 0 1 -9.34018e-6 0 1 7.05243e-5 0 1 6.07284e-6 0 1 -2.61658e-7 0 1 -3.5607e-7 0 1 -7.89519e-7 0 1 -5.28502e-7 0 1 -1.47211e-6 0 1 -8.92409e-6 0 1 6.00306e-6 0 1 -2.09415e-5 0 1 -8.21902e-6 0 1 -1.84512e-5 0 1 6.28358e-7 0 1 -4.66785e-6 0 1 -5.09696e-7 0 1 5.07602e-6 0 1 4.35543e-7 0 1 1.03017e-5 0 1 4.88505e-6 0 1 -5.13061e-6 0 1 -5.13059e-6 0 1 3.59852e-7 0 1 -1.28268e-6 0 1 0 0 1 3.20671e-7 0 1 0 0 1 3.20673e-7 0 1 1.79925e-7 0 1 7.19694e-7 0 1 -7.19692e-7 0 1 5.13106e-6 0 1 -5.13111e-6 0 1 1.43937e-6 0 1 -5.13118e-6 0 1 5.13131e-6 0 1 -5.13136e-6 0 1 1.43935e-6 0 1 1.43934e-6 0 1 -5.13165e-6 0 1 -5.13182e-6 0 1 -1.43931e-6 0 1 5.13198e-6 0 1 -7.37867e-7 0 1 8.39511e-7 0 1 -1.13465e-5 0 1 4.64943e-6 0 1 9.23839e-6 0 1 -5.78238e-6 0 1 -5.23219e-7 0 1 -1.08501e-4 0 1 1.467e-6 0 1 -1.18156e-5 0 1 4.89401e-6 0 1 -4.41536e-6 0 1 2.12267e-6 0 1 -4.32004e-6 -0.559964 0 -0.828517 -0.559963 0 -0.8285177 -0.5599632 0 -0.8285175 -0.8285173 0 0.5599634 0.006397545 0 0.9999796 0.006402194 0 0.9999796 0.09281295 0 0.9956836 0.0928145 0 0.9956834 0.1785308 0 0.9839344 0.1785308 0 0.9839344 0.2629104 0 0.9648203 0.2629134 0 0.9648195 0.3453257 0 0.9384829 0.3453229 0 0.938484 0.4251528 0 0.9051216 0.4251543 0 0.9051209 0.5017988 0 0.8649844 0.5746891 0 0.8183718 0.5746881 0 0.8183726 0.6432766 0 0.7656339 0.6432758 0 0.7656346 0.7070485 0 0.7071651 0.7070494 0 0.7071642 0.7655286 0 0.6434019 0.7655287 0 0.6434018 0.8182774 0 0.5748235 0.8182775 0 0.5748234 0.8649014 0 0.5019418 0.8649016 0 0.5019417 0.9050515 0 0.425302 0.9050516 0 0.425302 0.9384263 0 0.3454796 0.9384264 0 0.3454794 0.9647768 0 0.26307 0.9647768 0 0.2630698 0.983905 0 0.1786931 0.983905 0 0.1786929 0.9956683 0 0.09297645 0.9956683 0 0.09297645 0.9999785 0 0.006565034 0.9968032 0 -0.07989656 0.9968032 0 -0.07989656 0.9861665 0 -0.165758 0.9861665 0 -0.1657578 0.9681474 0 -0.2503811 0.9681474 0 -0.2503811 0.9428812 0 -0.3331294 0.9428812 0 -0.3331291 0.9105577 0 -0.4133821 0.9105576 0 -0.4133824 0.8714174 0 -0.4905424 0.8714174 0 -0.4905424 0.8257544 0 -0.56403 0.8257542 0 -0.5640302 0.7739097 0 -0.6332961 0.716273 0 -0.6978203 0.7162722 0 -0.697821 0.6532735 0 -0.757122 0.6532727 0 -0.7571228 0.5853833 0 -0.8107567 0.5853844 0 -0.810756 0.5131134 0 -0.858321 0.5131123 0 -0.8583216 0.4369995 0 -0.8994618 0.4370008 0 -0.8994611 0.3576189 0 -0.9338676 0.3576162 0 -0.9338687 0.2755575 0 -0.9612846 0.2755547 0 -0.9612854 0.1914362 0 -0.981505 0.1914333 0 -0.9815057 0.1058774 0 -0.9943793 0.1058759 0 -0.9943794 0.01953065 0 -0.9998093 0.0195291 0 -0.9998093 -0.006400644 0 -0.9999796 -0.006400644 0 -0.9999796 -0.09281295 0 -0.9956836 -0.09281295 0 -0.9956836 -0.1785308 0 -0.9839344 -0.1785308 0 -0.9839344 -0.2629104 0 -0.9648203 -0.2629134 0 -0.9648195 -0.3453257 0 -0.9384829 -0.3453257 0 -0.9384829 -0.4251528 0 -0.9051216 -0.4251517 0 -0.9051221 -0.5017988 0 -0.8649844 -0.5746891 0 -0.8183718 -0.5746881 0 -0.8183726 -0.6432766 0 -0.7656339 -0.6432758 0 -0.7656346 -0.7070485 0 -0.7071651 -0.7070494 0 -0.7071642 -0.765528 0 -0.6434026 -0.7655282 0 -0.6434025 -0.8182781 0 -0.5748227 -0.8182781 0 -0.5748226 -0.8649014 0 -0.5019418 -0.8649016 0 -0.5019417 -0.9050515 0 -0.425302 -0.9050516 0 -0.4253017 -0.9384264 0 -0.3454794 -0.9384263 0 -0.3454796 -0.9647765 0 -0.2630711 -0.9647765 0 -0.2630712 -0.9839051 0 -0.1786919 -0.9839052 0 -0.1786918 -0.9956683 0 -0.09297645 -0.9956684 0 -0.09297651 -0.9999785 0 -0.006565034 -0.9968033 0 0.07989537 -0.9968033 0 0.07989543 -0.9861663 0 0.165759 -0.9861663 0 0.165759 -0.9681474 0 0.2503812 -0.9681474 0 0.2503812 -0.9428817 0 0.3331281 -0.9105572 0 0.4133834 -0.9105572 0 0.4133833 -0.8714174 0 0.4905424 -0.8714174 0 0.4905424 -0.8257544 0 0.56403 -0.8257542 0 0.5640302 -0.7739097 0 0.6332961 -0.716273 0 0.6978203 -0.7162722 0 0.697821 -0.6532735 0 0.757122 -0.6532736 0 0.757122 -0.5853844 0 0.810756 -0.5853834 0 0.8107567 -0.5131122 0 0.8583216 -0.5131123 0 0.8583216 -0.4369995 0 0.8994618 -0.4370008 0 0.8994611 -0.3576189 0 0.9338676 -0.3576176 0 0.9338681 -0.2755561 0 0.9612851 -0.2755576 0 0.9612846 -0.1914333 0 0.9815057 -0.1914333 0 0.9815057 -0.1058774 0 0.9943793 -0.105879 0 0.9943791 -0.01952755 0 0.9998093 -0.0195291 0 0.9998093 0.4252122 0 -0.9050937 0.4251892 0 -0.9051045 0.3453518 0 -0.9384733 0.3454012 0 -0.9384551 0.2629575 0 -0.9648075 0.2629575 0 -0.9648075 0.1786027 0 -0.9839214 0.1785756 0 -0.9839262 0.09290403 0 -0.9956751 0.09284847 0 -0.9956803 0.006475746 0 -0.9999791 0.006475746 0 -0.9999791 -0.08000844 0 -0.9967943 -0.07998061 0 -0.9967965 -0.1658204 0 -0.986156 -0.1658477 0 -0.9861514 -0.2504544 0 -0.9681285 -0.2504544 0 -0.9681285 -0.3332087 0 -0.9428532 -0.3331838 0 -0.9428619 -0.413443 0 -0.9105301 -0.4134663 0 -0.9105194 -0.4905713 0 -0.8714011 -0.4906138 0 -0.8713772 -0.5640709 0 -0.8257264 -0.5640709 0 -0.8257264 -0.6333376 0 -0.7738757 -0.6978511 0 -0.7162429 -0.6978655 0 -0.7162289 -0.7571448 0 -0.6532472 -0.7571567 0 -0.6532334 -0.8107751 0 -0.585358 -0.8107846 0 -0.5853446 -0.8583378 0 -0.5130851 -0.8583378 0 -0.5130851 -0.8994709 0 -0.4369806 -0.8994764 0 -0.4369695 -0.9338763 0 -0.3575965 -0.9338799 0 -0.3575872 -0.9612888 0 -0.2755432 -0.9612888 0 -0.2755431 -0.9815081 0 -0.1914206 -0.9815082 0 -0.1914206 -0.9943799 0 -0.1058704 -0.9943799 0 -0.1058704 -0.9998093 0 -0.01952677 -0.9998093 0 -0.01952785 0.9106095 0 -0.4132682 0.9106094 0 -0.4132682 0.9429193 0 -0.3330212 0.9429163 0 -0.3330301 0.9681748 0 -0.2502748 0.9681748 0 -0.2502749 0.9861827 0 -0.1656615 0.9861824 0 -0.1656638 0.9968118 0 -0.07978886 0.9968117 0 -0.07979112 0.9999779 0 0.006652712 0.9999779 0 0.006652712 0.9956603 0 0.09306299 0.9956603 0 0.09306299 0.9838882 0 0.1787847 0.9647578 0 0.2631398 0.9647578 0 0.2631399 0.9384024 0 0.3455446 0.9384024 0 0.3455446 0.9050186 0 0.4253722 0.9050211 0 0.4253669 0.8648718 0 0.501993 0.8648735 0 0.50199 0.8182461 0 0.5748681 0.8182414 0 0.5748748 0.7654893 0 0.6434487 0.765495 0 0.6434419 0.7070139 0 0.7071997 0.7070103 0 0.7072033 0.6432443 0 0.7656611 0.6432483 0 0.7656577 0.5746566 0 0.8183947 0.5746517 0 0.8183981 0.5017765 0 0.8649974 0.5017712 0 0.8650005 0.4251214 0 0.9051364 0.4251329 0 0.9051311 0.3452999 0 0.9384924 0.3453061 0 0.9384902 0.2628881 0 0.9648264 0.2629077 0 0.9648211 0.1785117 0 0.9839378 0.1785185 0 0.9839366 0.0928058 0 0.9956843 0.09279882 0 0.995685 0.006398677 0 0.9999796 0.006405711 0 0.9999796 0.4132732 0 0.9106071 0.4132732 0 0.9106072 0.333014 0 0.9429219 0.3330389 0 0.9429132 0.2502863 0 0.968172 0.25026 0 0.9681787 0.1656516 0 0.9861844 0.1656789 0 0.9861798 0.07978433 0 0.9968122 -0.00664395 0 0.999978 -0.006672024 0 0.9999778 -0.09307229 0 0.9956594 -0.09304451 0 0.995662 -0.1787713 0 0.9838907 -0.1787984 0 0.9838857 -0.2631278 0 0.9647611 -0.2631537 0 0.9647539 -0.3455439 0 0.9384027 -0.3455438 0 0.9384027 -0.4253602 0 0.9050241 -0.4253831 0 0.9050135 -0.501977 0 0.864881 -0.501998 0 0.8648689 -0.5748661 0 0.8182476 -0.5748848 0 0.8182345 -0.6434374 0 0.7654988 -0.6434537 0 0.7654851 -0.7071887 0 0.7070248 -0.7072027 0 0.7070109 -0.7656599 0 0.6432457 -0.7656598 0 0.6432458 -0.8184028 0 0.5746449 -0.8183936 0 0.5746581 -0.8650029 0 0.501767 -0.8649957 0 0.5017793 -0.9051333 0 0.4251278 -0.9051333 0 0.4251281 -0.9384909 0 0.345304 -0.9384909 0 0.3453041 -0.9648251 0 0.262893 -0.9648231 0 0.2629001 -0.9839379 0 0.1785119 -0.9839369 0 0.1785168 -0.9956846 0 0.092803 -0.9956843 0 0.09280556 -0.9999796 0 0.00639981 -0.9999796 0 0.006399631 0.9051012 0 0.4251961 0.9051013 0 0.4251959 0.9384648 0 0.3453748 0.9384666 0 0.3453702 0.9648044 0 0.2629688 0.9648054 0 0.2629653 0.9839237 0 0.1785898 0.9839233 0 0.1785922 0.9956783 0 0.09286963 0.9956785 0 0.09286832 0.9999791 0 0.006480574 0.999979 0 0.006480455 0.9967954 0 -0.07999432 0.9967954 0 -0.07999318 0.9861534 0 -0.1658359 0.9861534 0 -0.1658359 0.968127 0 -0.25046 0.9681288 0 -0.2504532 0.9428575 0 -0.3331964 0.942856 0 -0.3332008 0.9105286 0 -0.4134463 0.9105261 0 -0.4134515 0.8713858 0 -0.4905987 0.8713892 0 -0.4905925 0.8257212 0 -0.5640786 0.8257256 0 -0.5640721 0.7738782 0 -0.6333345 0.7738754 0 -0.6333379 0.7162343 0 -0.69786 0.7162377 0 -0.6978564 0.6532415 0 -0.7571497 0.6532455 0 -0.7571461 0.5853494 0 -0.8107812 0.5853447 0 -0.8107845 0.5130941 0 -0.8583323 0.5130787 0 -0.8583416 0.4369746 0 -0.899474 0.4369803 0 -0.8994712 0.3576 0 -0.9338749 0.3575939 0 -0.9338772 0.2755371 0 -0.9612905 0.2755435 0 -0.9612887 0.1914218 0 -0.981508 0.1914083 0 -0.9815106 0.1058774 0 -0.9943793 0.1058775 0 -0.9943793 0.01951134 0 -0.9998097 0.01953232 0 -0.9998093 0.9999796 0 -0.006401181 0.9999796 0 -0.006401181 0.9956836 0 -0.09281289 0.9956836 0 -0.09281259 0.9839345 0 -0.1785302 0.9839344 0 -0.1785307 0.9648199 0 -0.2629119 0.9648199 0 -0.2629119 0.9384828 0 -0.3453264 0.9384831 0 -0.3453253 0.9051217 0 -0.4251526 0.9051223 0 -0.4251514 0.8649844 0 -0.5017988 0.8649837 0 -0.5018001 0.8183727 0 -0.574688 0.8183716 0 -0.5746894 0.765634 0 -0.6432765 0.7656353 0 -0.6432749 0.707163 0 -0.7070506 0.7071663 0 -0.7070474 0.6434012 0 -0.7655293 0.6434031 0 -0.7655276 0.5748219 0 -0.8182786 0.574824 0 -0.8182771 0.5019412 0 -0.8649019 0.5019435 0 -0.8649004 0.425301 0 -0.905052 0.4253011 0 -0.905052 0.345478 0 -0.9384269 0.3454807 0 -0.9384259 0.2630695 0 -0.9647769 0.2630724 0 -0.9647761 0.1786926 0 -0.983905 0.1786926 0 -0.983905 0.09297645 0 -0.9956683 0.006565749 0 -0.9999784 0.006565749 0 -0.9999785 -0.07989788 0 -0.9968032 -0.07989788 0 -0.9968032 -0.1657573 0 -0.9861666 -0.1657573 0 -0.9861666 -0.2503803 0 -0.9681476 -0.2503832 0 -0.9681468 -0.333128 0 -0.9428816 -0.3331281 0 -0.9428817 -0.4133839 0 -0.9105569 -0.4133813 0 -0.9105581 -0.4905415 0 -0.8714179 -0.4905438 0 -0.8714166 -0.5640293 0 -0.8257548 -0.5640315 0 -0.8257533 -0.6332944 0 -0.7739111 -0.6332964 0 -0.7739095 -0.6978221 0 -0.7162712 -0.6978189 0 -0.7162743 -0.7571228 0 -0.6532726 -0.810756 0 -0.5853843 -0.810756 0 -0.5853842 -0.8583213 0 -0.5131129 -0.858322 0 -0.5131113 -0.8994615 0 -0.4370002 -0.8994615 0 -0.4370001 -0.9338678 0 -0.3576185 -0.9338678 0 -0.3576185 -0.9612849 0 -0.2755566 -0.9612849 0 -0.2755565 -0.9815059 0 -0.1914326 -0.9815056 0 -0.1914337 -0.9943792 0 -0.1058779 -0.9943792 0 -0.1058785 -0.9998093 0 -0.01952892 -0.9998093 0 -0.01952892 -0.977738 0 0.2098293 -0.977738 0 0.2098292 -0.9921736 0 0.1248663 -0.9921736 0 0.1248663 -0.9992402 0 0.03897565 -0.9992402 0 0.03897565 -0.9988853 0 -0.04720574 -0.9988852 0 -0.04720574 -0.9911113 0 -0.1330351 -0.9759764 0 -0.2178766 -0.9759764 0 -0.2178765 -0.9535925 0 -0.3011005 -0.9535924 0 -0.3011009 -0.9241262 0 -0.3820875 -0.9241262 0 -0.3820878 -0.887796 0 -0.4602372 -0.8877962 0 -0.460237 -0.8448728 0 -0.5349673 -0.8448722 0 -0.5349682 -0.7956731 0 -0.6057263 -0.7956737 0 -0.6057256 -0.7405646 0 -0.6719853 -0.6799558 0 -0.7332531 -0.6799566 0 -0.7332524 -0.6142963 0 -0.7890756 -0.6142971 0 -0.7890748 -0.5440765 0 -0.8390356 -0.5440745 0 -0.839037 -0.4698139 0 -0.8827656 -0.3920616 0 -0.9199391 -0.3920604 0 -0.9199395 -0.3113966 0 -0.9502801 -0.3113992 0 -0.9502793 -0.228421 0 -0.9735625 -0.143747 0 -0.9896145 -0.1437484 0 -0.9896143 -0.05800646 0 -0.9983162 -0.05800789 0 -0.9983162 0.02816456 0 -0.9996033 0.1141288 0 -0.993466 0.114126 0 -0.9934663 0.1992418 0 -0.9799504 0.1992405 0 -0.9799507 0.2828773 0 -0.9591561 0.282876 0 -0.9591565 0.3644095 0 -0.9312388 0.3644107 0 -0.9312384 0.4432379 0 -0.896404 0.4432368 0 -0.8964046 0.5187751 0 -0.8549109 0.518773 0 -0.8549121 0.5904554 0 -0.8070704 0.6577525 0 -0.7532342 0.7052127 0 -0.7089959 0.7201636 -2.78629e-4 -0.6938043 0.7351079 0 -0.6779502 0.7772275 0 -0.6292198 0.8285173 0 -0.5599637 0.873654 0 -0.4865477 0.912302 0 -0.4095184 0.944174 0 -0.3294472 0.9441741 0 -0.329447 0.9690336 0 -0.2469292 0.9866958 0 -0.1625775 0.9866958 0 -0.1625776 0.9970298 0 -0.07701748 0.9970298 0 -0.07701748 0.9999585 0 0.009112596 0.9999585 0 0.009112596 0.9954603 0 0.09517699 0.9954605 0 0.09517699 0.9835687 0 0.1805344 0.9643722 0 0.2645493 0.9643722 0 0.2645493 0.9380127 0 0.3466008 0.9046862 0 0.4260786 0.9046863 0 0.4260783 0.8646416 0 0.5023893 0.8646414 0 0.5023896 0.8181736 0 0.5749713 0.7656297 0 0.6432816 0.7656303 0 0.6432809 0.7288327 0 0.684692 0.7071121 -2.30252e-4 0.7071014 0.7073998 -2.22658e-4 0.7068136 0.6850019 0 0.7285413 0.6439142 0 0.7650977 0.643915 0 0.7650971 0.575648 0 0.8176977 0.5031061 0 0.8642248 0.5031049 0 0.8642253 0.4268258 0 0.9043339 0.4268269 0 0.9043334 0.3473763 0 0.9377259 0.3473775 0 0.9377254 0.2653476 0 0.9641528 0.265349 0 0.9641525 0.1813477 0 0.9834191 0.09599971 0 0.9953814 0.09600114 0 0.9953813 0.009942591 0 0.9999506 0.009939789 0 0.9999506 -0.07619053 0 0.9970933 -0.0761947 0 0.997093 -0.1617594 0 0.9868303 -0.1617621 0 0.9868298 -0.2461266 0 0.9692377 -0.3286647 0 0.9444468 -0.3286659 0 0.9444463 -0.4087638 0 0.9126403 -0.4087626 0 0.9126408 -0.485823 0 0.8740572 -0.4858251 0 0.8740561 -0.5592777 0 0.8289805 -0.4820741 0 0.8761305 -0.876129 0 -0.4820768 0.4820741 0 -0.8761305 0.876129 0 0.4820768 0.4763143 0 0.8792752 0.8963083 -0.00583291 0.4433931 0.8870113 0 0.461748 0.9238795 0 0.3826836 0.953717 0 0.3007057 0.953717 0 0.3007059 0.9762959 0 0.2164403 0.9762959 0 0.2164403 0.9914449 0 0.130526 0.991445 0 0.1305259 0.9990483 0 0.04361951 0.9990483 0 -0.04361951 0.9919341 0 -0.1267547 0.9914445 9.84393e-4 -0.1305258 0.9238795 0 -0.3826836 0.953717 0 -0.3007057 0.953717 0 -0.3007059 0.9762959 0 -0.2164403 0.9762959 0 -0.2164403 0.9854618 0 -0.1698973 0.8792753 0 -0.4763138 0.4433935 -0.005833268 -0.8963081 -0.3826841 0 -0.9238793 -0.3007056 0 -0.9537171 -0.2164414 0 -0.9762957 -0.2164399 0 -0.976296 -0.1305254 0 -0.9914451 -0.04362124 0 -0.9990482 -0.04361802 0 -0.9990483 0.04361802 0 -0.9990483 0.04362124 0 -0.9990482 0.1305254 0 -0.9914451 0.2164399 0 -0.976296 0.2164414 0 -0.9762957 0.3007056 0 -0.9537171 0.3826841 0 -0.9238793 0.4617471 0 -0.8870118 -0.476314 0 -0.8792754 -0.8963083 -0.00583291 -0.4433931 -0.9238795 0 0.3826836 -0.953717 0 0.3007057 -0.953717 0 0.3007059 -0.9762959 0 0.2164403 -0.9762959 0 0.2164403 -0.9914449 0 0.130526 -0.991445 0 0.1305259 -0.9990483 0 0.04361951 -0.9990483 0 -0.04361951 -0.991445 0 -0.1305259 -0.9914449 0 -0.130526 -0.9762959 0 -0.2164403 -0.9762959 0 -0.2164403 -0.953717 0 -0.3007059 -0.953717 0 -0.3007057 -0.9238795 0 -0.3826836 -0.8870113 0 -0.461748 -0.879275 0 0.4763146 -0.4433935 -0.005833268 0.8963081 -0.4617471 0 0.8870118 -0.3826841 0 0.9238793 -0.3007056 0 0.9537171 -0.2164414 0 0.9762957 -0.2164399 0 0.976296 -0.1698797 0 0.9854649 -0.1305269 9.84268e-4 0.9914443 0.3826841 0 0.9238793 0.3007056 0 0.9537171 0.2164414 0 0.9762957 0.2164399 0 0.976296 0.1305254 0 0.9914451 0.04362124 0 0.9990482 0.04361802 0 0.9990483 -0.04361802 0 0.9990483 -0.04362124 0 0.9990482 -0.126754 0 0.9919342 -0.8761293 0 -0.4820762 -0.8433915 0 -0.5372995 -0.7933534 0 -0.6087615 -0.7933529 0 -0.608762 -0.7372781 0 -0.6755895 -0.7372775 0 -0.6755901 -0.6755896 0 -0.7372779 -0.608762 0 -0.793353 -0.5373001 0 -0.8433912 -0.5372992 0 -0.8433918 -0.4763134 0 -0.8792757 -0.4617463 -0.002909004 -0.8870074 -0.4375058 0 -0.8992156 -0.4820768 0 0.876129 -0.5372992 0 0.8433918 -0.5373001 0 0.8433912 -0.608762 0 0.793353 -0.6755896 0 0.7372779 -0.7372775 0 0.6755901 -0.7372781 0 0.6755895 -0.7933529 0 0.608762 -0.7933534 0 0.6087615 -0.8433915 0 0.5372995 -0.8792753 0 0.476314 -0.8870074 -0.002908647 0.4617463 -0.8992154 0 0.4375064 0.8761293 0 0.4820762 0.8433915 0 0.5372995 0.7933534 0 0.6087615 0.7933529 0 0.608762 0.7372781 0 0.6755895 0.7372775 0 0.6755901 0.6755896 0 0.7372779 0.608762 0 0.793353 0.5373001 0 0.8433912 0.5372992 0 0.8433918 0.4763137 0 0.8792756 0.4617463 -0.002909004 0.8870074 0.4375054 0 0.8992158 0.4820768 0 -0.876129 0.5372992 0 -0.8433918 0.5373001 0 -0.8433912 0.608762 0 -0.793353 0.6755896 0 -0.7372779 0.7372775 0 -0.6755901 0.7372781 0 -0.6755895 0.7933529 0 -0.608762 0.7933534 0 -0.6087615 0.8433915 0 -0.5372995 0.879275 0 -0.4763146 0.8870075 -0.002908647 -0.461746 0.8992154 0 -0.4375064 -0.04361963 0 0.9990483 -0.04363626 0 0.9990475 -0.1305254 0 0.9914451 -0.130509 0 0.9914472 -0.2164307 0 0.976298 -0.2164625 0 0.976291 -0.3007009 0 0.9537186 -0.3007161 0 0.9537138 -0.3826708 0 0.9238849 -0.382685 0 0.923879 -0.4617507 0 0.8870099 -0.5372981 0 0.8433924 -0.6087588 0 0.7933555 -0.6755933 0 0.7372745 -0.7372788 0 0.6755887 -0.7933502 0 0.6087656 -0.8433898 0 0.5373023 -0.8433946 0 0.5372948 -0.8870132 0 0.4617442 -0.8870096 0 0.4617511 -0.9238805 0 0.3826812 -0.9238781 0 0.3826871 -0.953718 0 0.3007028 -0.9537165 0 0.3007076 -0.9762961 0 0.2164394 -0.991445 0 0.1305261 -0.9990482 0 0.04362028 -0.9990482 0 -0.04362028 -0.991445 0 -0.1305261 -0.9762969 0 -0.2164359 -0.9762961 0 -0.2164394 -0.9537165 0 -0.3007076 -0.9238805 0 -0.3826812 -0.9238781 0 -0.3826871 -0.8870096 0 -0.4617511 -0.8433946 0 -0.5372948 -0.7933502 0 -0.6087656 -0.7933564 0 -0.6087576 -0.7372711 0 -0.675597 -0.7372788 0 -0.6755887 -0.6755842 0 -0.7372829 -0.6755933 0 -0.7372745 -0.6087693 0 -0.7933473 -0.6087588 0 -0.7933555 -0.5372981 0 -0.8433924 -0.4617507 0 -0.8870099 -0.382685 0 -0.923879 -0.3007009 0 -0.9537186 -0.2164307 0 -0.976298 -0.2164466 0 -0.9762945 -0.1305418 0 -0.9914428 -0.1305254 0 -0.9914451 -0.04361963 0 -0.9990483 0.04361963 0 -0.9990483 0.1305254 0 -0.9914451 0.1305418 0 -0.9914428 0.2164466 0 -0.9762945 0.2164307 0 -0.9762981 0.3007009 0 -0.9537186 0.3826851 0 -0.9238789 0.4617506 0 -0.8870098 0.5372981 0 -0.8433924 0.6087588 0 -0.7933555 0.6087693 0 -0.7933473 0.6755933 0 -0.7372745 0.6755842 0 -0.7372829 0.7372788 0 -0.6755887 0.7372711 0 -0.675597 0.7933561 0 -0.6087579 0.7933499 0 -0.6087659 0.8433946 0 -0.5372948 0.88701 0 -0.4617502 0.9238781 0 -0.3826871 0.9238805 0 -0.3826812 0.9537165 0 -0.3007076 0.9762961 0 -0.2164394 0.9762969 0 -0.2164359 0.9914448 0 -0.1305271 0.9990482 0 -0.04361921 0.9990482 0 0.04361921 0.9914448 0 0.1305271 0.9762961 0 0.2164394 0.9537165 0 0.3007076 0.953718 0 0.3007028 0.9238781 0 0.3826871 0.9238805 0 0.3826812 0.88701 0 0.4617502 0.8870137 0 0.4617434 0.8433946 0 0.5372948 0.8433898 0 0.5373023 0.7933499 0 0.6087659 0.7372788 0 0.6755887 0.6755933 0 0.7372745 0.6087588 0 0.7933555 0.5372981 0 0.8433924 0.4617506 0 0.8870098 0.3826851 0 0.9238789 0.3826709 0 0.9238848 0.3007161 0 0.9537138 0.3007009 0 0.9537186 0.2164624 0 0.976291 0.2164307 0 0.9762981 0.130509 0 0.9914472 0.1305254 0 0.9914451 0.04363626 0 0.9990475 0.04361963 0 0.9990483 -0.04361945 0 0.9990483 -0.1305276 0 0.9914447 -0.1305255 0 0.991445 -0.2164393 0 0.9762961 -0.2164413 0 0.9762957 -0.3007038 0 0.9537176 -0.3007057 0 0.9537171 -0.3826832 0 0.9238796 -0.4617474 0 0.8870115 -0.5372996 0 0.8433915 -0.6087647 0 0.7933509 -0.608764 0 0.7933514 -0.6755889 0 0.7372786 -0.7372766 0 0.6755911 -0.7933527 0 0.6087625 -0.843393 0 0.5372972 -0.8433927 0 0.5372977 -0.8870112 0 0.4617481 -0.8870112 0 0.4617478 -0.9238806 0 0.3826808 -0.953716 0 0.3007089 -0.953716 0 0.3007088 -0.9762958 0 0.2164404 -0.9762959 0 0.2164405 -0.9914452 0 0.1305236 -0.999048 0 0.04362457 -0.9990481 0 -0.04362457 -0.999048 0 -0.04362457 -0.9914453 0 -0.1305237 -0.9914452 0 -0.1305236 -0.9762959 0 -0.2164405 -0.953716 0 -0.3007089 -0.953716 0 -0.3007088 -0.9238808 0 -0.3826807 -0.8870112 0 -0.4617481 -0.843393 0 -0.5372972 -0.8433927 0 -0.5372977 -0.7933527 0 -0.6087625 -0.7372766 0 -0.6755911 -0.7372761 0 -0.6755916 -0.6755894 0 -0.7372781 -0.6755889 0 -0.7372786 -0.608764 0 -0.7933514 -0.6087653 0 -0.7933504 -0.5372967 0 -0.8433935 -0.4617491 0 -0.8870107 -0.3826832 0 -0.9238796 -0.3007038 0 -0.9537176 -0.3007057 0 -0.9537171 -0.2164393 0 -0.9762961 -0.2164413 0 -0.9762957 -0.1305297 0 -0.9914444 -0.1305255 0 -0.991445 -0.04361736 0 -0.9990483 -0.04361945 0 -0.9990483 0.04361981 0 -0.9990482 0.04361772 0 -0.9990484 0.1305255 0 -0.991445 0.1305297 0 -0.9914444 0.2164395 0 -0.976296 0.2164375 0 -0.9762966 0.3007081 0 -0.9537162 0.3007062 0 -0.9537169 0.3826832 0 -0.9238796 0.4617491 0 -0.8870107 0.5372967 0 -0.8433935 0.6087612 0 -0.7933536 0.6087599 0 -0.7933546 0.6755931 0 -0.7372748 0.6755936 0 -0.7372742 0.7372761 0 -0.6755916 0.7372766 0 -0.6755911 0.7933527 0 -0.6087625 0.8433927 0 -0.5372977 0.843393 0 -0.5372972 0.8870112 0 -0.4617481 0.9238777 0 -0.382688 0.9537186 0 -0.300701 0.9537184 0 -0.3007012 0.9762959 0 -0.2164405 0.9914441 0 -0.130532 0.9914442 0 -0.1305321 0.9990484 0 -0.04361605 0.9990484 0 -0.04361605 0.9990484 0 0.04361605 0.9914441 0 0.130532 0.9762959 0 0.2164405 0.9762958 0 0.2164404 0.9537186 0 0.300701 0.9537184 0 0.3007012 0.9238776 0 0.3826881 0.8870112 0 0.4617478 0.8870112 0 0.4617481 0.8433927 0 0.5372977 0.843393 0 0.5372972 0.7933527 0 0.6087625 0.7372766 0 0.6755911 0.6755931 0 0.7372748 0.6087599 0 0.7933546 0.6087605 0 0.793354 0.5372996 0 0.8433915 0.4617474 0 0.8870115 0.382685 0 0.923879 0.3826832 0 0.9238796 0.3007081 0 0.9537162 0.3007062 0 0.9537169 0.2164395 0 0.976296 0.2164375 0 0.9762966 0.1305255 0 0.991445 0.1305276 0 0.9914447 0.04361981 0 0.9990482 -0.1305254 0 0.991445 -0.1305418 0 0.9914429 -0.2164307 0 0.9762981 -0.3826851 0 0.9238789 -0.3826709 0 0.9238848 -0.4617637 0 0.887003 -0.4617506 0 0.8870098 -0.5372983 0 0.8433923 -0.6087586 0 0.7933557 -0.6087691 0 0.7933476 -0.6755842 0 0.7372829 -0.7372791 0 0.6755884 -0.7933561 0 0.6087579 -0.7933499 0 0.6087659 -0.8433943 0 0.5372952 -0.88701 0 0.4617502 -0.9762969 0 0.2164359 -0.9914448 0 0.1305271 -0.9990482 0 0.04361921 -0.9990482 0 -0.04361921 -0.9914448 0 -0.1305271 -0.953718 0 -0.3007028 -0.88701 0 -0.4617502 -0.8870137 0 -0.4617434 -0.8433895 0 -0.5373027 -0.7933561 0 -0.6087579 -0.7933499 0 -0.6087659 -0.7372791 0 -0.6755884 -0.6087586 0 -0.7933557 -0.608748 0 -0.7933636 -0.5373102 0 -0.8433847 -0.5372983 0 -0.8433923 -0.4617506 0 -0.8870098 -0.3826851 0 -0.9238789 -0.3826709 0 -0.9238848 -0.3007161 0 -0.9537138 -0.2164624 0 -0.976291 -0.2164307 0 -0.9762981 -0.130509 0 -0.9914472 -0.1305254 0 -0.991445 -0.04363626 0 -0.9990475 -0.043603 0 -0.999049 0.043603 0 -0.999049 0.04363626 0 -0.9990476 0.130509 0 -0.9914472 0.2164307 0 -0.9762981 0.2164624 0 -0.976291 0.300701 0 -0.9537185 0.3007162 0 -0.9537137 0.3826708 0 -0.9238849 0.382685 0 -0.923879 0.4617507 0 -0.8870099 0.53731 0 -0.8433849 0.608748 0 -0.7933636 0.6087586 0 -0.7933557 0.6755936 0 -0.7372743 0.7933502 0 -0.6087656 0.7933564 0 -0.6087576 0.8433898 0 -0.5373023 0.8870132 0 -0.4617442 0.8870096 0 -0.4617511 0.953718 0 -0.3007028 0.991445 0 -0.1305261 0.9990482 0 -0.04362028 0.9990482 0 0.04362028 0.991445 0 0.1305261 0.9762969 0 0.2164359 0.8870096 0 0.4617511 0.7933502 0 0.6087656 0.7933564 0 0.6087576 0.6755845 0 0.7372826 0.6087691 0 0.7933476 0.6087586 0 0.7933557 0.4617507 0 0.8870099 0.4617638 0 0.887003 0.3826708 0 0.9238849 0.3007162 0 0.9537137 0.300701 0 0.9537185 0.2164307 0 0.9762981 0.1305418 0 0.9914428 0.04361963 0 0.9990482 -0.04361981 0 0.9990482 -0.04361772 0 0.9990484 -0.2164375 0 0.9762966 -0.3826845 0 0.9238792 -0.382688 0 0.9238777 -0.5372967 0 0.8433935 -0.6087599 0 0.7933546 -0.6755894 0 0.7372781 -0.7372808 0 0.6755864 -0.7372803 0 0.6755869 -0.8870076 0 0.4617547 -0.9238808 0 0.3826807 -0.9762976 0 0.2164325 -0.9762977 0 0.2164322 -0.9914441 0 0.130532 -0.9914442 0 0.1305321 -0.9990484 0 0.04361605 -0.9990485 0 0.04361605 -0.9990485 0 -0.04361605 -0.9990484 0 -0.04361605 -0.9914441 0 -0.1305321 -0.9914441 0 -0.130532 -0.9762976 0 -0.2164323 -0.9238806 0 -0.3826808 -0.8870078 0 -0.4617543 -0.8870076 0 -0.4617547 -0.7933522 0 -0.6087629 -0.7372808 0 -0.6755864 -0.6087605 0 -0.793354 -0.6087592 0 -0.7933551 -0.5372996 0 -0.8433915 -0.4617474 0 -0.8870115 -0.3826862 0 -0.9238784 -0.2164395 0 -0.976296 -0.04361772 0 -0.9990484 -0.04362189 0 -0.9990481 0.04362154 0 -0.9990482 0.04361736 0 -0.9990483 0.2164413 0 -0.9762957 0.3007057 0 -0.9537171 0.3007038 0 -0.9537176 0.4617474 0 -0.8870115 0.537302 0 -0.8433899 0.5373035 0 -0.843389 0.6087592 0 -0.7933551 0.6087605 0 -0.793354 0.6755894 0 -0.7372781 0.6755889 0 -0.7372786 0.7933567 0 -0.608757 0.8433892 0 -0.5373033 0.8433888 0 -0.5373038 0.8870114 0 -0.4617476 0.9238806 0 -0.3826808 0.9238808 0 -0.3826807 0.953716 0 -0.3007089 0.953716 0 -0.3007088 0.9914452 0 -0.1305236 0.9914452 0 -0.1305237 0.9990484 0 -0.04361605 0.9990485 0 -0.04361605 0.9990485 0 0.04361605 0.9990484 0 0.04361605 0.9914453 0 0.1305237 0.9914452 0 0.1305236 0.9762959 0 0.2164404 0.9762958 0 0.2164406 0.953716 0 0.3007088 0.9238808 0 0.3826807 0.8433892 0 0.5373033 0.8433888 0 0.5373038 0.7933567 0 0.608757 0.7372761 0 0.6755916 0.6755894 0 0.7372781 0.6755889 0 0.7372786 0.5373035 0 0.843389 0.5373005 0 0.8433909 0.3826814 0 0.9238805 0.3007057 0 0.9537171 0.2164393 0 0.9762961 0.04361736 0 0.9990483 0.04361945 0 0.9990483 0 1 -1.70891e-7 0 1 2.59123e-5 0 1 -2.04863e-5 0 1 2.78841e-6 0 1 0 0 1 -2.40819e-7 0 1 -3.86586e-7 0 1 -2.87433e-7 0 1 -1.24192e-6 0 1 3.41103e-6 0 1 2.05081e-7 0 1 9.83454e-6 0 1 -4.555e-6 0 1 8.32409e-6 0 1 1.45442e-5 0 1 -1.53415e-6 0 1 1.7507e-5 0 1 9.7352e-6 0 1 -2.2301e-5 0 1 2.17117e-5 0 1 -3.05455e-5 0 1 3.46177e-5 0 1 1.36549e-5 0 1 -2.66004e-7 0 1 9.90923e-7 0 1 -1.68912e-7 0 1 6.14661e-7 0 1 0 0 1 3.68723e-6 0 1 -3.46188e-5 0 1 3.05446e-5 0 1 -5.53459e-6 0 1 4.87997e-7 0 1 4.11434e-6 0 1 2.03238e-5 0 1 8.92625e-6 0 1 1.06334e-6 0 1 -4.01025e-6 0 1 4.15526e-6 0 1 -1.30917e-6 0 1 7.08329e-7 0 1 6.53306e-6 0 1 -2.77733e-5 0 1 9.31938e-6 0 1 -9.61236e-6 0 1 -2.04015e-5 0 1 -1.17897e-4 0 1 1.75685e-4 0 1 2.73568e-5 0 1 -2.31178e-5 0 1 -7.55561e-6 0 1 2.35969e-6 0 1 -1.06096e-6 0 1 6.91521e-6 0 1 3.1682e-6 0 1 -1.23159e-6 0 1 3.41102e-6 0 1 -4.80151e-6 0 1 6.49418e-6 0 1 2.36567e-6 0 1 2.31176e-5 0 1 -3.41958e-6 0 1 4.09102e-6 0 1 -1.18029e-6 0 1 2.93913e-6 0 1 6.6775e-7 0 1 2.32488e-5 0 1 -1.18332e-5 0 1 -6.63651e-6 0 1 -3.28129e-6 0 1 3.2974e-6 0 1 -9.72441e-7 0 1 3.10853e-6 0 1 -3.04268e-6 0 1 3.78637e-6 0 1 5.22311e-7 0 1 3.20189e-6 0 1 -3.19172e-6 0 1 1.80154e-6 0 1 1.38868e-5 0 1 -1.50627e-5 0 1 5.95401e-6 0 1 -2.11609e-5 0 1 -5.60211e-7 0 1 -3.18792e-7 0 1 -6.49218e-6 0 1 8.54767e-7 0 1 -1.5616e-6 0 1 -6.62596e-6 0 1 -3.18896e-6 0 1 -3.20275e-6 0 1 6.32735e-6 0 1 -3.48952e-6 0 1 1.0259e-5 0 1 -1.03234e-5 0 1 1.02013e-5 0 1 1.40787e-5 0 1 -2.27829e-6 0 1 -3.20274e-6 0 1 3.18896e-6 0 1 -2.40142e-6 0 1 3.4641e-6 0 1 -2.02015e-6 0 1 2.54998e-6 0 1 -6.03139e-6 0 1 5.86022e-7 0 1 -1.23136e-6 0 1 8.71633e-7 0 1 1.75716e-4 0 1 1.24195e-6 0 1 -4.26185e-5 0 1 5.44674e-7 0 1 6.12407e-5 0 1 3.46409e-6 0 1 3.78639e-6 0 1 -3.00328e-6 0 1 5.58065e-6 0 1 -2.6405e-6 0 1 1.65079e-5 0 1 -1.36788e-5 0 1 4.32733e-6 0 1 -1.52723e-5 0 1 1.53393e-5 0 1 -1.22149e-5 0 1 -9.08152e-7 0 1 6.2453e-6 0 1 1.92061e-6 0 1 -2.31539e-5 0 1 6.48143e-7 0 1 6.93716e-7 0 1 -7.33935e-6 0 1 7.82405e-6 0 1 3.45706e-6 0 1 -9.42368e-6 0 1 5.8718e-6 0 1 -1.19301e-6 0 1 3.42911e-6 0 1 -5.87324e-5 0 1 1.03234e-5 0 1 -1.05185e-5 0 1 -3.37277e-7 0 1 -1.22151e-5 0 1 2.6317e-6 0 1 1.75072e-5 0 1 3.9637e-6 0 1 1.56384e-6 0 1 -2.86647e-6 0 1 4.76421e-6 0 1 1.68525e-6 0 1 -1.00784e-5 0 1 3.38097e-6 0 1 2.38459e-5 0 1 -6.49233e-6 0 1 -2.23018e-5 0 1 1.17797e-5 0 1 3.87878e-6 0 0.9999998 -7.38211e-4 0 1 2.19228e-5 0 1 4.52624e-6 0 1 -1.53847e-5 0 1 4.60237e-6 0 1 3.04693e-5 0 1 -2.10179e-5 0 1 -5.10683e-6 0 1 1.35941e-5 0 1 6.12501e-6 0 1 -1.7507e-5 0 1 9.61558e-7 0 1 -1.82585e-5 0 1 1.68102e-5 0 1 -1.51484e-6 0 1 4.17472e-6 0 1 -2.84423e-4 0 1 6.04125e-6 0 1 -3.89254e-6 0 1 -5.20963e-6 0 1 -6.86454e-5 0 1 9.93089e-6 0 1 3.40581e-6 0 1 -6.95004e-6 0 1 -1.65505e-5 0 1 -1.20355e-5 0 1 1.17888e-4 0 1 -1.1745e-4 0 1 1.7572e-4 0 1 -1.65079e-5 0 1 5.62096e-7 0 1 6.64068e-6 0 1 -4.26637e-6 0 1 -1.70954e-6 0 1 2.88464e-6 0 1 8.7535e-6 0 1 1.27667e-6 0 1 -8.65441e-6 0 1 4.34487e-6 0 1 7.63615e-6 0 1 -4.18166e-6 0 1 3.13346e-5 0 1 -3.36574e-5 0 1 1.99293e-4 0 1 -2.59933e-5 0 1 6.37586e-6 0 1 -5.77958e-6 0 1 -1.75716e-4 0 1 -1.78842e-5 0 -1 0 0.5599635 0 0.8285173 0.5599634 0 0.8285173</float_array>
          <technique_common>
            <accessor source="#sheet_metal_2_shaft_attachment_tyre__2-mesh-normals-array" count="1756" stride="3">
              <param name="X" type="float"/>
              <param name="Y" type="float"/>
              <param name="Z" type="float"/>
            </accessor>
          </technique_common>
        </source>
        <vertices id="sheet_metal_2_shaft_attachment_tyre__2-mesh-vertices">
          <input semantic="POSITION" source="#sheet_metal_2_shaft_attachment_tyre__2-mesh-positions"/>
        </vertices>
        <triangles count="3118">
          <input semantic="VERTEX" source="#sheet_metal_2_shaft_attachment_tyre__2-mesh-vertices" offset="0"/>
          <input semantic="NORMAL" source="#sheet_metal_2_shaft_attachment_tyre__2-mesh-normals" offset="1"/>
          <p>0 0 1 0 2 0 0 1 2 1 3 1 2 2 4 2 3 2 3 2 4 2 5 2 4 3 6 3 5 3 5 4 6 4 7 4 6 5 8 5 7 5 7 6 8 6 9 6 8 7 10 7 9 7 9 7 10 7 11 7 10 8 12 8 11 8 11 9 12 9 13 9 12 10 14 10 13 10 13 11 14 11 15 11 14 12 16 12 15 12 15 13 16 13 17 13 16 14 18 14 17 14 17 15 18 15 19 15 18 16 20 16 19 16 19 17 20 17 21 17 20 18 22 18 21 18 21 19 22 19 23 19 22 20 24 20 23 20 23 21 24 21 25 21 24 22 26 22 25 22 25 23 26 23 27 23 26 24 28 24 27 24 27 25 28 25 29 25 28 26 30 26 29 26 29 27 30 27 31 27 30 28 32 28 31 28 31 29 32 29 33 29 32 30 34 30 33 30 33 31 34 31 35 31 34 32 36 32 35 32 35 33 36 33 37 33 36 34 38 34 37 34 37 35 38 35 39 35 38 36 40 36 39 36 39 37 40 37 41 37 40 38 42 38 41 38 41 39 42 39 43 39 42 40 44 40 43 40 43 41 44 41 45 41 44 42 46 42 45 42 45 43 46 43 47 43 46 44 48 44 47 44 47 45 48 45 49 45 50 46 51 46 52 46 50 47 52 47 53 47 52 48 54 48 53 48 53 49 54 49 55 49 54 50 56 50 55 50 55 51 56 51 57 51 56 52 58 52 57 52 57 53 58 53 59 53 58 54 60 54 59 54 59 55 60 55 61 55 60 56 62 56 61 56 61 57 62 57 63 57 62 58 64 58 63 58 63 59 64 59 65 59 64 60 66 60 65 60 65 61 66 61 67 61 66 62 68 62 67 62 67 63 68 63 69 63 68 64 70 64 69 64 69 65 70 65 71 65 70 66 72 66 71 66 71 67 72 67 73 67 72 68 74 68 73 68 73 69 74 69 75 69 74 70 76 70 75 70 75 71 76 71 77 71 76 72 78 72 77 72 77 73 78 73 79 73 78 74 80 74 79 74 79 75 80 75 81 75 80 76 82 76 81 76 81 77 82 77 83 77 82 78 84 78 83 78 83 79 84 79 85 79 84 80 86 80 85 80 85 81 86 81 87 81 86 82 88 82 87 82 87 83 88 83 89 83 88 84 90 84 89 84 89 85 90 85 91 85 90 86 92 86 91 86 91 87 92 87 93 87 92 88 94 88 93 88 93 89 94 89 95 89 94 90 96 90 95 90 95 91 96 91 97 91 96 92 98 92 97 92 97 93 98 93 99 93 100 94 101 94 102 94 100 95 102 95 103 95 102 96 104 96 103 96 103 97 104 97 105 97 104 98 106 98 105 98 105 99 106 99 107 99 106 100 108 100 107 100 107 101 108 101 109 101 108 102 110 102 109 102 109 103 110 103 111 103 110 104 112 104 111 104 111 105 112 105 113 105 112 106 114 106 113 106 113 107 114 107 115 107 114 108 116 108 115 108 115 109 116 109 117 109 116 110 118 110 117 110 117 111 118 111 119 111 118 112 120 112 119 112 119 113 120 113 121 113 120 114 122 114 121 114 121 115 122 115 123 115 122 116 124 116 123 116 123 117 124 117 125 117 124 118 126 118 125 118 125 119 126 119 127 119 126 120 128 120 127 120 127 121 128 121 129 121 128 122 130 122 129 122 129 123 130 123 131 123 130 124 132 124 131 124 131 125 132 125 133 125 132 126 134 126 133 126 133 127 134 127 135 127 134 128 136 128 135 128 135 129 136 129 137 129 136 130 138 130 137 130 137 131 138 131 139 131 138 132 140 132 139 132 139 133 140 133 141 133 140 134 142 134 141 134 141 135 142 135 143 135 142 136 144 136 143 136 143 137 144 137 145 137 144 138 146 138 145 138 145 139 146 139 147 139 146 140 148 140 147 140 147 141 148 141 149 141 150 142 151 142 152 142 150 143 152 143 153 143 152 144 154 144 153 144 153 145 154 145 155 145 154 146 156 146 155 146 155 147 156 147 157 147 156 148 158 148 157 148 157 149 158 149 159 149 158 150 160 150 159 150 159 151 160 151 161 151 160 152 162 152 161 152 161 153 162 153 163 153 162 154 164 154 163 154 163 155 164 155 165 155 164 156 166 156 165 156 165 157 166 157 167 157 166 158 168 158 167 158 167 159 168 159 169 159 168 160 170 160 169 160 169 161 170 161 171 161 170 162 172 162 171 162 171 163 172 163 173 163 172 164 174 164 173 164 173 165 174 165 175 165 174 166 176 166 175 166 175 167 176 167 177 167 176 168 178 168 177 168 177 168 178 168 179 168 178 169 180 169 179 169 179 170 180 170 181 170 180 171 182 171 181 171 181 172 182 172 183 172 182 173 184 173 183 173 183 174 184 174 185 174 184 175 186 175 185 175 185 175 186 175 187 175 186 176 188 176 187 176 187 177 188 177 189 177 188 178 190 178 189 178 189 179 190 179 191 179 190 180 192 180 191 180 191 181 192 181 193 181 192 182 194 182 193 182 193 182 194 182 195 182 194 183 196 183 195 183 195 184 196 184 197 184 196 185 198 185 197 185 197 186 198 186 199 186 200 187 201 187 202 187 203 187 204 187 205 187 206 188 207 188 208 188 201 187 209 187 202 187 209 187 210 187 202 187 202 187 210 187 205 187 210 187 211 187 205 187 205 189 211 189 203 189 212 190 135 190 137 190 213 187 214 187 215 187 214 187 216 187 215 187 143 187 217 187 141 187 217 187 212 187 141 187 141 187 212 187 139 187 212 191 137 191 139 191 208 187 218 187 206 187 218 187 219 187 206 187 206 187 219 187 213 187 219 192 220 192 213 192 213 193 220 193 214 193 204 187 221 187 205 187 221 187 222 187 205 187 205 187 222 187 223 187 222 187 224 187 223 187 223 194 224 194 225 194 125 187 127 187 208 187 216 187 226 187 215 187 226 187 227 187 215 187 215 187 227 187 202 187 227 187 228 187 202 187 202 195 228 195 200 195 100 187 103 187 207 187 103 187 105 187 207 187 111 196 113 196 207 196 113 187 115 187 207 187 125 187 208 187 123 187 127 187 129 187 208 187 129 187 131 187 208 187 208 197 131 197 212 197 131 187 133 187 212 187 212 198 133 198 135 198 105 187 107 187 207 187 107 187 109 187 207 187 207 199 109 199 111 199 115 187 117 187 207 187 117 187 119 187 207 187 207 200 119 200 208 200 119 187 121 187 208 187 208 201 121 201 123 201 225 187 229 187 223 187 229 187 230 187 223 187 223 187 230 187 231 187 230 187 232 187 231 187 231 202 232 202 233 202 233 187 234 187 231 187 234 187 235 187 231 187 231 187 235 187 236 187 143 187 145 187 217 187 145 187 147 187 217 187 217 187 147 187 237 187 147 187 149 187 237 187 237 187 149 187 238 187 149 203 239 203 238 203 238 204 239 204 240 204 239 205 241 205 240 205 240 187 241 187 242 187 241 187 243 187 242 187 242 187 243 187 244 187 243 187 245 187 244 187 244 187 245 187 246 187 245 187 247 187 246 187 246 187 247 187 248 187 247 206 249 206 248 206 248 207 249 207 250 207 249 187 251 187 250 187 250 187 251 187 252 187 52 187 51 187 253 187 52 187 253 187 54 187 254 187 255 187 253 187 255 187 256 187 253 187 253 208 256 208 257 208 235 187 258 187 236 187 258 187 259 187 236 187 236 209 259 209 254 209 259 187 260 187 254 187 254 187 260 187 255 187 251 187 261 187 252 187 261 187 262 187 252 187 252 187 262 187 263 187 262 210 264 210 263 210 263 187 264 187 265 187 264 187 266 187 265 187 265 187 266 187 267 187 266 187 268 187 267 187 267 211 268 211 269 211 268 187 270 187 269 187 269 212 270 212 271 212 270 213 272 213 271 213 271 187 272 187 273 187 272 187 274 187 273 187 273 187 274 187 275 187 274 187 276 187 275 187 275 187 276 187 277 187 276 187 278 187 277 187 277 187 278 187 279 187 278 187 280 187 279 187 279 187 280 187 281 187 280 214 282 214 281 214 281 187 282 187 283 187 282 187 284 187 283 187 283 187 284 187 285 187 284 215 286 215 285 215 285 187 286 187 287 187 286 187 288 187 287 187 287 187 288 187 289 187 288 187 290 187 289 187 289 216 290 216 291 216 290 187 292 187 291 187 291 217 292 217 293 217 292 187 294 187 293 187 293 218 294 218 295 218 294 219 296 219 295 219 295 220 296 220 297 220 296 221 298 221 297 221 297 187 298 187 299 187 298 222 300 222 299 222 299 187 300 187 301 187 300 187 302 187 301 187 301 223 302 223 303 223 302 224 304 224 303 224 303 187 304 187 305 187 304 187 306 187 305 187 305 187 306 187 307 187 306 225 308 225 307 225 307 226 308 226 309 226 308 187 310 187 309 187 309 187 310 187 311 187 310 227 312 227 311 227 311 187 312 187 313 187 312 228 314 228 313 228 313 187 314 187 315 187 314 187 316 187 315 187 315 187 316 187 317 187 316 229 98 229 317 229 317 230 98 230 318 230 98 231 96 231 318 231 66 187 64 187 253 187 64 187 62 187 253 187 253 232 62 232 60 232 60 233 58 233 253 233 58 187 56 187 253 187 253 234 56 234 54 234 96 187 94 187 318 187 94 187 92 187 318 187 318 235 92 235 257 235 92 187 90 187 257 187 257 236 90 236 88 236 257 237 82 237 80 237 74 187 72 187 257 187 72 238 70 238 257 238 257 239 70 239 253 239 70 187 68 187 253 187 253 240 68 240 66 240 88 187 86 187 257 187 86 187 84 187 257 187 257 241 84 241 82 241 80 187 78 187 257 187 78 187 76 187 257 187 257 242 76 242 74 242 319 187 320 187 321 187 322 243 323 243 324 243 320 187 325 187 321 187 325 187 326 187 321 187 321 187 326 187 327 187 326 244 328 244 327 244 327 245 328 245 329 245 194 187 192 187 330 187 331 187 332 187 333 187 332 187 334 187 333 187 333 246 334 246 335 246 336 187 337 187 338 187 329 187 339 187 327 187 339 247 340 247 327 247 327 187 340 187 341 187 340 187 342 187 341 187 341 248 342 248 343 248 158 187 156 187 333 187 344 187 345 187 346 187 345 187 336 187 346 187 346 187 336 187 347 187 336 249 338 249 347 249 344 187 348 187 345 187 348 187 349 187 345 187 345 250 349 250 322 250 349 187 350 187 322 187 322 187 350 187 323 187 324 251 351 251 322 251 351 252 352 252 322 252 322 187 352 187 321 187 352 253 353 253 321 253 321 187 353 187 319 187 354 187 355 187 331 187 355 254 356 254 331 254 331 255 356 255 332 255 166 256 164 256 333 256 156 187 154 187 333 187 154 187 152 187 333 187 333 257 152 257 151 257 357 258 358 258 359 258 343 187 360 187 341 187 360 187 361 187 341 187 341 187 361 187 354 187 361 259 362 259 354 259 354 260 362 260 355 260 335 261 176 261 174 261 164 187 162 187 333 187 162 187 160 187 333 187 333 187 160 187 158 187 188 187 186 187 335 187 186 187 184 187 335 187 335 262 184 262 182 262 174 187 172 187 335 187 172 187 170 187 335 187 335 263 170 263 333 263 170 264 168 264 333 264 333 265 168 265 166 265 363 187 364 187 365 187 364 266 366 266 365 266 363 187 367 187 364 187 367 267 368 267 364 267 364 187 368 187 369 187 369 268 370 268 364 268 370 187 371 187 364 187 364 269 371 269 372 269 373 270 374 270 375 270 330 187 192 187 335 187 192 187 190 187 335 187 335 271 190 271 188 271 182 187 180 187 335 187 180 272 178 272 335 272 335 273 178 273 176 273 357 187 359 187 376 187 359 274 377 274 376 274 376 187 377 187 378 187 377 187 379 187 378 187 378 187 379 187 380 187 379 187 381 187 380 187 380 187 381 187 382 187 381 275 383 275 382 275 382 187 383 187 384 187 383 187 385 187 384 187 384 187 385 187 386 187 385 187 387 187 386 187 386 187 387 187 388 187 387 276 389 276 388 276 388 277 389 277 390 277 389 278 391 278 390 278 390 187 391 187 392 187 391 279 393 279 392 279 392 187 393 187 394 187 393 187 395 187 394 187 394 280 395 280 396 280 395 281 397 281 396 281 396 187 397 187 398 187 397 187 399 187 398 187 398 282 399 282 400 282 399 283 401 283 400 283 400 284 401 284 402 284 401 285 403 285 402 285 402 187 403 187 404 187 403 187 405 187 404 187 404 187 405 187 406 187 405 187 407 187 406 187 406 187 407 187 408 187 407 187 409 187 408 187 408 286 409 286 410 286 409 187 411 187 410 187 410 187 411 187 412 187 411 187 413 187 412 187 412 187 413 187 414 187 413 187 415 187 414 187 414 187 415 187 416 187 415 287 417 287 416 287 416 288 417 288 418 288 417 289 419 289 418 289 418 290 419 290 420 290 419 187 421 187 420 187 420 291 421 291 422 291 421 292 423 292 422 292 422 187 423 187 424 187 423 187 425 187 424 187 424 293 425 293 426 293 425 187 427 187 426 187 426 187 427 187 428 187 427 187 429 187 428 187 428 187 429 187 430 187 429 294 198 294 430 294 430 295 198 295 330 295 198 187 196 187 330 187 330 296 196 296 194 296 431 187 432 187 433 187 374 297 434 297 375 297 434 298 435 298 375 298 375 299 435 299 436 299 358 187 357 187 437 187 357 187 438 187 437 187 437 300 438 300 439 300 438 301 440 301 439 301 439 187 440 187 441 187 440 302 442 302 441 302 441 187 442 187 443 187 442 303 444 303 443 303 443 187 444 187 445 187 444 187 446 187 445 187 445 187 446 187 447 187 446 187 448 187 447 187 447 187 448 187 449 187 448 304 450 304 449 304 449 187 450 187 451 187 450 187 452 187 451 187 451 187 452 187 453 187 452 187 454 187 453 187 453 187 454 187 455 187 436 305 456 305 375 305 456 187 457 187 375 187 375 187 457 187 433 187 457 306 458 306 433 306 433 307 458 307 431 307 432 187 459 187 433 187 459 308 460 308 433 308 433 187 460 187 454 187 460 187 461 187 454 187 454 309 461 309 455 309 372 187 373 187 364 187 373 310 375 310 364 310 364 311 375 311 337 311 375 187 462 187 337 187 337 312 462 312 338 312 451 313 463 313 449 313 463 314 464 314 449 314 449 315 464 315 447 315 464 316 465 316 447 316 447 317 465 317 445 317 465 318 466 318 445 318 445 319 466 319 443 319 466 320 467 320 443 320 443 321 467 321 441 321 467 322 468 322 441 322 441 323 468 323 439 323 468 324 469 324 439 324 439 325 469 325 437 325 469 326 470 326 437 326 437 327 470 327 358 327 470 328 471 328 358 328 358 329 471 329 359 329 471 330 472 330 359 330 359 331 472 331 377 331 472 332 473 332 377 332 377 333 473 333 379 333 473 334 474 334 379 334 379 335 474 335 381 335 474 336 475 336 381 336 381 337 475 337 383 337 475 338 476 338 383 338 383 339 476 339 385 339 476 339 477 339 385 339 385 340 477 340 387 340 477 341 478 341 387 341 387 342 478 342 389 342 478 343 479 343 389 343 389 344 479 344 391 344 479 345 480 345 391 345 391 346 480 346 393 346 480 346 481 346 393 346 393 347 481 347 395 347 481 348 482 348 395 348 395 349 482 349 397 349 482 350 483 350 397 350 397 351 483 351 399 351 483 352 484 352 399 352 399 353 484 353 401 353 484 354 485 354 401 354 401 355 485 355 403 355 485 355 486 355 403 355 403 356 486 356 405 356 486 357 487 357 405 357 405 358 487 358 407 358 487 359 488 359 407 359 407 360 488 360 409 360 488 361 489 361 409 361 409 362 489 362 411 362 489 363 490 363 411 363 411 364 490 364 413 364 490 365 491 365 413 365 413 366 491 366 415 366 491 367 492 367 415 367 415 368 492 368 417 368 492 369 493 369 417 369 417 370 493 370 419 370 493 371 494 371 419 371 419 372 494 372 421 372 494 373 495 373 421 373 421 374 495 374 423 374 495 375 496 375 423 375 423 376 496 376 425 376 496 377 497 377 425 377 425 378 497 378 427 378 497 379 498 379 427 379 427 380 498 380 429 380 498 381 499 381 429 381 429 382 499 382 198 382 499 383 199 383 198 383 500 187 501 187 502 187 503 187 504 187 505 187 504 187 506 187 505 187 505 187 506 187 507 187 508 384 509 384 510 384 511 187 512 187 513 187 512 187 514 187 513 187 513 187 514 187 505 187 514 187 515 187 505 187 505 385 515 385 503 385 516 187 517 187 518 187 517 187 519 187 518 187 516 187 520 187 517 187 520 187 521 187 517 187 517 187 521 187 508 187 521 187 522 187 508 187 508 386 522 386 509 386 510 187 523 187 508 187 523 187 524 187 508 187 508 187 524 187 502 187 524 187 525 187 502 187 502 387 525 387 500 387 506 388 526 388 507 388 526 389 527 389 507 389 507 390 527 390 528 390 529 187 530 187 531 187 501 187 532 187 502 187 532 187 533 187 502 187 502 187 533 187 513 187 533 187 534 187 513 187 513 391 534 391 511 391 527 187 535 187 528 187 535 187 536 187 528 187 528 187 536 187 531 187 536 187 537 187 531 187 531 392 537 392 538 392 539 393 540 393 541 393 540 187 542 187 541 187 541 394 542 394 543 394 542 187 544 187 543 187 543 187 544 187 545 187 544 187 546 187 545 187 545 187 546 187 547 187 546 187 548 187 547 187 547 187 548 187 549 187 548 395 550 395 549 395 549 187 550 187 551 187 550 187 552 187 551 187 551 187 552 187 553 187 552 187 554 187 553 187 553 187 554 187 555 187 554 187 556 187 555 187 555 187 556 187 557 187 556 396 558 396 557 396 557 187 558 187 559 187 558 397 560 397 559 397 559 398 560 398 561 398 560 187 562 187 561 187 561 399 562 399 563 399 562 400 564 400 563 400 563 401 564 401 565 401 564 400 566 400 565 400 565 187 566 187 567 187 566 402 568 402 567 402 567 187 568 187 569 187 568 403 570 403 569 403 569 187 570 187 571 187 570 187 572 187 571 187 571 187 572 187 573 187 572 187 574 187 573 187 573 404 574 404 575 404 574 405 576 405 575 405 575 406 576 406 577 406 576 187 578 187 577 187 577 407 578 407 579 407 578 187 580 187 579 187 579 187 580 187 581 187 580 187 582 187 581 187 581 187 582 187 583 187 582 187 584 187 583 187 583 187 584 187 585 187 584 187 586 187 585 187 585 187 586 187 587 187 586 187 588 187 587 187 587 187 588 187 589 187 588 187 590 187 589 187 589 187 590 187 591 187 590 212 592 212 591 212 591 187 592 187 593 187 592 187 594 187 593 187 593 187 594 187 595 187 594 187 596 187 595 187 595 408 596 408 597 408 596 409 598 409 597 409 597 187 598 187 599 187 529 187 531 187 600 187 601 410 602 410 603 410 603 187 604 187 601 187 604 187 605 187 601 187 601 187 605 187 519 187 605 411 606 411 519 411 519 412 606 412 518 412 530 413 607 413 531 413 607 414 608 414 531 414 531 415 608 415 609 415 609 187 610 187 531 187 610 187 611 187 531 187 531 416 611 416 612 416 602 417 613 417 614 417 539 187 615 187 540 187 615 187 616 187 540 187 540 418 616 418 538 418 616 187 617 187 538 187 538 419 617 419 618 419 538 420 619 420 620 420 614 187 621 187 602 187 621 187 622 187 602 187 602 421 622 421 623 421 624 187 625 187 603 187 618 187 626 187 538 187 626 187 627 187 538 187 538 422 627 422 619 422 620 187 628 187 538 187 628 187 629 187 538 187 538 423 629 423 630 423 630 187 631 187 538 187 631 424 632 424 538 424 538 425 632 425 531 425 632 187 633 187 531 187 531 426 633 426 600 426 623 187 634 187 602 187 634 427 635 427 602 427 602 428 635 428 636 428 624 187 603 187 637 187 599 187 598 187 638 187 598 187 639 187 638 187 638 187 639 187 640 187 639 429 641 429 640 429 640 430 641 430 642 430 641 187 643 187 642 187 642 431 643 431 644 431 643 187 645 187 644 187 644 187 645 187 646 187 645 432 647 432 646 432 646 433 647 433 648 433 647 187 649 187 648 187 648 434 649 434 650 434 649 187 651 187 650 187 650 435 651 435 652 435 651 187 653 187 652 187 652 187 653 187 654 187 653 187 655 187 654 187 654 187 655 187 656 187 657 187 658 187 655 187 658 187 659 187 655 187 655 187 659 187 656 187 636 187 660 187 602 187 660 187 661 187 602 187 602 436 661 436 603 436 661 187 662 187 603 187 603 437 662 437 637 437 663 187 664 187 657 187 664 438 665 438 657 438 657 439 665 439 658 439 625 187 666 187 603 187 666 187 667 187 603 187 603 440 667 440 657 440 667 187 668 187 657 187 657 441 668 441 663 441 669 187 670 187 671 187 672 187 673 187 674 187 675 187 676 187 677 187 678 442 0 442 3 442 677 443 676 443 679 443 676 187 680 187 679 187 679 444 680 444 681 444 680 445 682 445 681 445 681 187 682 187 683 187 682 446 684 446 683 446 683 447 684 447 685 447 684 448 686 448 685 448 685 187 686 187 687 187 686 449 688 449 687 449 687 450 688 450 689 450 688 187 690 187 689 187 689 187 690 187 49 187 690 451 691 451 49 451 49 187 691 187 47 187 691 452 692 452 47 452 47 187 692 187 45 187 693 453 35 453 37 453 37 187 39 187 693 187 39 454 41 454 693 454 693 187 41 187 692 187 41 187 43 187 692 187 692 455 43 455 45 455 15 187 17 187 678 187 694 456 695 456 696 456 670 187 697 187 671 187 697 457 698 457 671 457 671 187 698 187 674 187 698 187 699 187 674 187 674 187 699 187 672 187 673 187 700 187 674 187 700 187 701 187 674 187 674 187 701 187 702 187 701 187 703 187 702 187 702 458 703 458 704 458 705 187 706 187 707 187 706 459 708 459 707 459 707 187 708 187 709 187 710 187 711 187 712 187 711 460 713 460 712 460 712 461 713 461 714 461 19 462 21 462 715 462 696 463 716 463 694 463 716 187 717 187 694 187 694 187 717 187 718 187 717 187 719 187 718 187 719 187 720 187 718 187 720 187 721 187 718 187 718 464 721 464 671 464 721 187 722 187 671 187 671 465 722 465 669 465 708 187 723 187 709 187 723 187 724 187 709 187 709 466 724 466 710 466 724 187 725 187 710 187 710 467 725 467 711 467 726 187 727 187 714 187 728 187 729 187 730 187 704 187 731 187 702 187 731 468 732 468 702 468 702 187 732 187 707 187 732 469 733 469 707 469 707 470 733 470 705 470 3 187 5 187 678 187 5 471 7 471 678 471 678 187 7 187 9 187 9 187 11 187 678 187 11 472 13 472 678 472 678 187 13 187 15 187 17 187 19 187 678 187 19 473 715 473 678 473 678 474 715 474 695 474 715 475 734 475 695 475 695 476 734 476 696 476 730 477 729 477 714 477 729 187 735 187 714 187 714 478 735 478 736 478 727 479 737 479 714 479 737 187 738 187 714 187 714 480 738 480 739 480 677 187 740 187 675 187 740 187 741 187 675 187 675 481 741 481 742 481 741 187 743 187 742 187 742 482 743 482 744 482 743 187 745 187 744 187 744 187 745 187 746 187 745 187 747 187 746 187 746 187 747 187 748 187 747 187 749 187 748 187 748 187 749 187 750 187 749 187 751 187 750 187 750 187 751 187 752 187 751 187 753 187 752 187 752 187 753 187 754 187 753 483 755 483 754 483 754 187 755 187 756 187 755 187 757 187 756 187 756 484 757 484 758 484 757 485 759 485 758 485 758 486 759 486 760 486 759 487 761 487 760 487 760 488 761 488 762 488 761 489 763 489 762 489 762 187 763 187 764 187 763 187 765 187 764 187 764 187 765 187 766 187 765 187 767 187 766 187 766 187 767 187 768 187 767 490 769 490 768 490 768 187 769 187 770 187 769 491 771 491 770 491 770 187 771 187 772 187 771 187 773 187 772 187 772 492 773 492 774 492 773 187 775 187 774 187 774 493 775 493 776 493 775 494 777 494 776 494 776 495 777 495 778 495 777 187 779 187 778 187 778 187 779 187 780 187 779 187 781 187 780 187 780 496 781 496 782 496 781 187 783 187 782 187 782 497 783 497 784 497 783 498 785 498 784 498 784 187 785 187 786 187 785 187 787 187 786 187 786 187 787 187 788 187 787 499 789 499 788 499 788 500 789 500 790 500 789 187 791 187 790 187 790 187 791 187 792 187 791 187 793 187 792 187 792 501 793 501 794 501 793 187 795 187 794 187 794 187 795 187 796 187 795 502 797 502 796 502 796 503 797 503 730 503 797 187 798 187 730 187 730 504 798 504 728 504 21 187 23 187 715 187 23 187 25 187 715 187 715 505 25 505 27 505 27 506 29 506 715 506 29 187 31 187 715 187 715 507 31 507 693 507 31 508 33 508 693 508 693 509 33 509 35 509 736 187 799 187 714 187 799 187 800 187 714 187 714 510 800 510 726 510 801 187 802 187 712 187 802 187 803 187 712 187 803 187 804 187 712 187 804 187 805 187 712 187 712 511 805 511 806 511 739 187 807 187 714 187 807 187 808 187 714 187 714 512 808 512 712 512 808 513 809 513 712 513 712 514 809 514 810 514 810 515 811 515 712 515 811 516 812 516 712 516 712 517 812 517 801 517 813 518 814 518 815 518 814 519 816 519 815 519 815 520 816 520 817 520 818 521 814 521 819 521 814 521 813 521 819 521 652 522 820 522 650 522 820 523 821 523 650 523 650 524 821 524 648 524 821 525 822 525 648 525 648 526 822 526 646 526 822 527 823 527 646 527 646 528 823 528 644 528 823 529 824 529 644 529 644 530 824 530 642 530 824 531 825 531 642 531 642 532 825 532 640 532 825 533 826 533 640 533 640 534 826 534 638 534 826 534 827 534 638 534 638 535 827 535 599 535 827 536 828 536 599 536 599 537 828 537 597 537 828 538 829 538 597 538 597 539 829 539 595 539 829 540 830 540 595 540 595 541 830 541 593 541 830 542 831 542 593 542 593 543 831 543 591 543 831 544 832 544 591 544 591 545 832 545 589 545 832 546 833 546 589 546 589 547 833 547 587 547 833 548 834 548 587 548 587 549 834 549 585 549 834 550 835 550 585 550 585 551 835 551 583 551 835 552 836 552 583 552 583 553 836 553 581 553 836 554 837 554 581 554 581 555 837 555 579 555 837 556 838 556 579 556 579 557 838 557 577 557 838 557 839 557 577 557 577 558 839 558 575 558 839 559 840 559 575 559 575 560 840 560 573 560 840 561 841 561 573 561 573 562 841 562 571 562 841 563 842 563 571 563 571 564 842 564 569 564 842 565 843 565 569 565 569 566 843 566 567 566 843 567 844 567 567 567 567 568 844 568 565 568 844 569 845 569 565 569 565 570 845 570 563 570 845 571 846 571 563 571 563 572 846 572 561 572 846 572 847 572 561 572 561 573 847 573 559 573 847 574 848 574 559 574 559 575 848 575 557 575 848 576 849 576 557 576 557 577 849 577 555 577 849 578 850 578 555 578 555 579 850 579 553 579 850 580 851 580 553 580 553 581 851 581 551 581 851 582 852 582 551 582 551 583 852 583 549 583 852 584 853 584 549 584 549 585 853 585 547 585 853 586 854 586 547 586 547 587 854 587 545 587 854 588 855 588 545 588 545 589 855 589 543 589 855 590 856 590 543 590 543 591 856 591 541 591 856 592 857 592 541 592 149 593 148 593 239 593 148 594 858 594 239 594 239 595 858 595 241 595 858 596 859 596 241 596 241 597 859 597 243 597 859 598 860 598 243 598 243 599 860 599 245 599 860 600 861 600 245 600 245 601 861 601 247 601 861 602 862 602 247 602 247 603 862 603 249 603 862 604 863 604 249 604 249 605 863 605 251 605 863 605 864 605 251 605 251 606 864 606 261 606 864 607 865 607 261 607 261 608 865 608 262 608 865 609 866 609 262 609 262 610 866 610 264 610 866 611 867 611 264 611 264 612 867 612 266 612 867 613 868 613 266 613 266 614 868 614 268 614 868 615 869 615 268 615 268 616 869 616 270 616 869 617 870 617 270 617 270 618 870 618 272 618 870 619 871 619 272 619 272 620 871 620 274 620 871 621 872 621 274 621 274 622 872 622 276 622 872 623 873 623 276 623 276 624 873 624 278 624 873 625 874 625 278 625 278 626 874 626 280 626 874 627 875 627 280 627 280 628 875 628 282 628 875 628 876 628 282 628 282 629 876 629 284 629 876 630 877 630 284 630 284 631 877 631 286 631 877 632 878 632 286 632 286 633 878 633 288 633 878 634 879 634 288 634 288 635 879 635 290 635 879 635 880 635 290 635 290 636 880 636 292 636 880 637 881 637 292 637 292 638 881 638 294 638 881 639 882 639 294 639 294 640 882 640 296 640 882 641 883 641 296 641 296 642 883 642 298 642 883 642 884 642 298 642 298 643 884 643 300 643 884 644 885 644 300 644 300 645 885 645 302 645 885 646 886 646 302 646 302 647 886 647 304 647 886 648 887 648 304 648 304 649 887 649 306 649 887 650 888 650 306 650 306 651 888 651 308 651 888 652 889 652 308 652 308 653 889 653 310 653 889 654 890 654 310 654 310 655 890 655 312 655 890 656 891 656 312 656 312 657 891 657 314 657 891 658 892 658 314 658 314 659 892 659 316 659 892 660 893 660 316 660 316 661 893 661 98 661 893 662 99 662 98 662 894 663 806 663 805 663 894 664 805 664 895 664 805 665 804 665 895 665 895 666 804 666 896 666 804 667 803 667 896 667 896 668 803 668 897 668 803 669 802 669 897 669 897 670 802 670 898 670 802 671 801 671 898 671 898 672 801 672 899 672 801 673 812 673 899 673 899 674 812 674 900 674 812 675 811 675 900 675 900 676 811 676 901 676 811 677 810 677 901 677 901 678 810 678 902 678 810 679 809 679 902 679 902 680 809 680 903 680 809 681 808 681 903 681 903 682 808 682 904 682 808 683 807 683 904 683 904 684 807 684 905 684 807 685 739 685 905 685 905 686 739 686 906 686 739 687 738 687 906 687 906 688 738 688 907 688 738 689 737 689 907 689 907 689 737 689 908 689 737 690 727 690 908 690 908 691 727 691 909 691 727 692 726 692 909 692 909 693 726 693 910 693 726 694 800 694 910 694 910 695 800 695 911 695 800 696 799 696 911 696 911 697 799 697 912 697 799 698 736 698 912 698 912 699 736 699 913 699 736 700 735 700 913 700 913 701 735 701 914 701 735 702 729 702 914 702 914 703 729 703 915 703 729 704 728 704 915 704 915 705 728 705 916 705 728 706 798 706 916 706 916 707 798 707 917 707 798 708 797 708 917 708 917 709 797 709 918 709 613 710 919 710 920 710 613 711 920 711 614 711 920 712 921 712 614 712 614 713 921 713 621 713 921 714 922 714 621 714 621 715 922 715 622 715 922 716 923 716 622 716 622 717 923 717 623 717 923 718 924 718 623 718 623 719 924 719 634 719 924 720 925 720 634 720 634 721 925 721 635 721 925 722 926 722 635 722 635 723 926 723 636 723 926 724 927 724 636 724 636 724 927 724 660 724 927 725 928 725 660 725 660 726 928 726 661 726 928 727 929 727 661 727 661 728 929 728 662 728 929 729 930 729 662 729 662 730 930 730 637 730 930 731 931 731 637 731 637 732 931 732 624 732 931 733 932 733 624 733 624 734 932 734 625 734 932 735 933 735 625 735 625 736 933 736 666 736 933 737 934 737 666 737 666 738 934 738 667 738 934 739 935 739 667 739 667 740 935 740 668 740 935 741 936 741 668 741 668 742 936 742 663 742 936 743 937 743 663 743 663 744 937 744 664 744 937 745 938 745 664 745 664 746 938 746 665 746 938 747 939 747 665 747 665 748 939 748 658 748 939 749 940 749 658 749 658 750 940 750 659 750 940 751 941 751 659 751 659 752 941 752 656 752 941 753 942 753 656 753 656 754 942 754 654 754 942 755 820 755 654 755 654 756 820 756 652 756 366 757 943 757 944 757 366 758 944 758 365 758 944 759 945 759 365 759 365 760 945 760 363 760 945 761 946 761 363 761 363 762 946 762 367 762 946 763 947 763 367 763 367 764 947 764 368 764 947 765 948 765 368 765 368 765 948 765 369 765 948 766 949 766 369 766 369 767 949 767 370 767 949 768 950 768 370 768 370 769 950 769 371 769 950 770 951 770 371 770 371 771 951 771 372 771 951 772 952 772 372 772 372 773 952 773 373 773 952 774 953 774 373 774 373 775 953 775 374 775 953 776 954 776 374 776 374 777 954 777 434 777 954 778 955 778 434 778 434 779 955 779 435 779 955 780 956 780 435 780 435 781 956 781 436 781 956 782 957 782 436 782 436 783 957 783 456 783 957 784 958 784 456 784 456 785 958 785 457 785 958 786 959 786 457 786 457 787 959 787 458 787 959 788 960 788 458 788 458 789 960 789 431 789 960 790 961 790 431 790 431 791 961 791 432 791 961 792 962 792 432 792 432 793 962 793 459 793 962 794 963 794 459 794 459 795 963 795 460 795 963 796 964 796 460 796 460 797 964 797 461 797 964 798 965 798 461 798 461 799 965 799 455 799 965 800 966 800 455 800 455 801 966 801 453 801 966 802 463 802 453 802 453 803 463 803 451 803 967 804 612 804 611 804 967 805 611 805 968 805 611 806 610 806 968 806 968 807 610 807 969 807 610 808 609 808 969 808 969 809 609 809 970 809 609 810 608 810 970 810 970 811 608 811 971 811 608 812 607 812 971 812 971 813 607 813 972 813 607 814 530 814 972 814 972 815 530 815 973 815 530 816 529 816 973 816 973 817 529 817 974 817 529 818 600 818 974 818 974 819 600 819 975 819 600 820 633 820 975 820 975 821 633 821 976 821 633 822 632 822 976 822 976 823 632 823 977 823 632 824 631 824 977 824 977 825 631 825 978 825 631 826 630 826 978 826 978 827 630 827 979 827 630 828 629 828 979 828 979 829 629 829 980 829 629 830 628 830 980 830 980 831 628 831 981 831 628 832 620 832 981 832 981 833 620 833 982 833 620 834 619 834 982 834 982 835 619 835 983 835 619 836 627 836 983 836 983 837 627 837 984 837 627 838 626 838 984 838 984 839 626 839 985 839 626 840 618 840 985 840 985 841 618 841 986 841 618 842 617 842 986 842 986 843 617 843 987 843 617 844 616 844 987 844 987 845 616 845 988 845 616 846 615 846 988 846 988 847 615 847 989 847 615 848 539 848 989 848 989 849 539 849 990 849 539 850 541 850 990 850 990 851 541 851 857 851 49 852 48 852 689 852 48 853 991 853 689 853 689 854 991 854 687 854 991 855 992 855 687 855 687 856 992 856 685 856 992 857 993 857 685 857 685 858 993 858 683 858 993 859 994 859 683 859 683 860 994 860 681 860 994 861 995 861 681 861 681 862 995 862 679 862 995 863 996 863 679 863 679 864 996 864 677 864 996 865 997 865 677 865 677 866 997 866 740 866 997 867 998 867 740 867 740 868 998 868 741 868 998 869 999 869 741 869 741 870 999 870 743 870 999 871 1000 871 743 871 743 872 1000 872 745 872 1000 873 1001 873 745 873 745 874 1001 874 747 874 1001 875 1002 875 747 875 747 876 1002 876 749 876 1002 877 1003 877 749 877 749 878 1003 878 751 878 1003 879 1004 879 751 879 751 880 1004 880 753 880 1004 881 1005 881 753 881 753 882 1005 882 755 882 1005 883 1006 883 755 883 755 884 1006 884 757 884 1006 885 1007 885 757 885 757 886 1007 886 759 886 1007 886 1008 886 759 886 759 887 1008 887 761 887 1008 888 1009 888 761 888 761 889 1009 889 763 889 1009 890 1010 890 763 890 763 891 1010 891 765 891 1010 892 1011 892 765 892 765 893 1011 893 767 893 1011 894 1012 894 767 894 767 895 1012 895 769 895 1012 896 1013 896 769 896 769 897 1013 897 771 897 1013 898 1014 898 771 898 771 899 1014 899 773 899 1014 900 1015 900 773 900 773 901 1015 901 775 901 1015 902 1016 902 775 902 775 903 1016 903 777 903 1016 904 1017 904 777 904 777 905 1017 905 779 905 1017 906 1018 906 779 906 779 907 1018 907 781 907 1018 907 1019 907 781 907 781 908 1019 908 783 908 1019 909 1020 909 783 909 783 910 1020 910 785 910 1020 911 1021 911 785 911 785 912 1021 912 787 912 1021 913 1022 913 787 913 787 914 1022 914 789 914 1022 915 1023 915 789 915 789 916 1023 916 791 916 1023 917 1024 917 791 917 791 918 1024 918 793 918 1024 919 1025 919 793 919 793 920 1025 920 795 920 1025 921 1026 921 795 921 795 922 1026 922 797 922 1026 923 918 923 797 923 1027 924 1028 924 1029 924 1028 925 1030 925 1029 925 1029 926 1030 926 1031 926 1030 927 1032 927 1031 927 1031 928 1032 928 1033 928 1032 929 1034 929 1033 929 1033 930 1034 930 1035 930 1034 931 1036 931 1035 931 1035 932 1036 932 1037 932 1036 932 1038 932 1037 932 1037 933 1038 933 1039 933 1038 934 1040 934 1039 934 1039 935 1040 935 1041 935 1040 936 1042 936 1041 936 1041 937 1042 937 1043 937 1042 938 1044 938 1043 938 1043 939 1044 939 1045 939 1044 940 1046 940 1045 940 1045 941 1046 941 1047 941 1046 942 1048 942 1047 942 1047 943 1048 943 1049 943 1048 944 1050 944 1049 944 1049 945 1050 945 1051 945 1050 945 1052 945 1051 945 1051 946 1052 946 1053 946 1052 947 1054 947 1053 947 1053 948 1054 948 1055 948 1054 949 1056 949 1055 949 1055 950 1056 950 1057 950 1056 951 1058 951 1057 951 1057 952 1058 952 1059 952 1058 952 1060 952 1059 952 1059 953 1060 953 1061 953 1060 954 1062 954 1061 954 1061 955 1062 955 1063 955 1062 956 1064 956 1063 956 1063 957 1064 957 1065 957 1064 957 1066 957 1065 957 1065 958 1066 958 1067 958 1066 959 1068 959 1067 959 1067 960 1068 960 1069 960 1068 961 1070 961 1069 961 1069 962 1070 962 1071 962 1070 962 1072 962 1071 962 1071 963 1072 963 1073 963 1072 964 1074 964 1073 964 1073 965 1074 965 1075 965 1074 966 1076 966 1075 966 1075 967 1076 967 1077 967 1076 968 1078 968 1077 968 1077 969 1078 969 1079 969 1078 970 1080 970 1079 970 1079 971 1080 971 1081 971 1080 972 1082 972 1081 972 1081 973 1082 973 1083 973 1082 974 1084 974 1083 974 1083 975 1084 975 1085 975 1084 975 1086 975 1085 975 1085 976 1086 976 1087 976 1086 976 1088 976 1087 976 1088 977 1089 977 1087 977 1087 978 1089 978 1090 978 1089 979 1091 979 1090 979 1090 980 1091 980 1092 980 1091 980 1093 980 1092 980 1092 981 1093 981 1094 981 1093 981 1095 981 1094 981 1094 982 1095 982 1096 982 1095 982 1097 982 1096 982 1096 983 1097 983 1098 983 1097 983 1099 983 1098 983 1098 984 1099 984 1100 984 1099 985 1101 985 1100 985 1100 986 1101 986 1102 986 1101 986 1103 986 1102 986 1102 987 1103 987 1104 987 1103 988 1105 988 1104 988 1104 989 1105 989 1106 989 1105 990 1107 990 1106 990 1106 991 1107 991 1108 991 1107 992 1109 992 1108 992 1108 993 1109 993 1110 993 1109 994 1111 994 1110 994 1110 995 1111 995 1112 995 1111 995 1113 995 1112 995 1112 996 1113 996 1114 996 1113 997 1115 997 1114 997 1114 998 1115 998 1116 998 1115 998 1117 998 1116 998 1116 999 1117 999 1118 999 1117 1000 1119 1000 1118 1000 1118 1001 1119 1001 1120 1001 1119 1002 1121 1002 1120 1002 1120 1003 1121 1003 1122 1003 1121 1003 1123 1003 1122 1003 1122 1004 1123 1004 1124 1004 1123 1005 1125 1005 1124 1005 1125 1006 1126 1006 1124 1006 1126 1007 1127 1007 1124 1007 1124 1008 1127 1008 1128 1008 1127 1009 1129 1009 1128 1009 1128 1010 1129 1010 1130 1010 1129 1011 1131 1011 1130 1011 1130 1012 1131 1012 1132 1012 1131 1012 1133 1012 1132 1012 1132 1013 1133 1013 1134 1013 1133 1014 1135 1014 1134 1014 1134 1015 1135 1015 1136 1015 1135 1016 1137 1016 1136 1016 1136 1017 1137 1017 1138 1017 1137 1018 1139 1018 1138 1018 1138 1019 1139 1019 1140 1019 1139 1020 1141 1020 1140 1020 1140 1021 1141 1021 1142 1021 1141 1021 1143 1021 1142 1021 1142 1022 1143 1022 1144 1022 1143 1023 1145 1023 1144 1023 1144 1024 1145 1024 1146 1024 1145 1025 1147 1025 1146 1025 1146 1026 1147 1026 1148 1026 1147 1027 1149 1027 1148 1027 1148 1028 1149 1028 1150 1028 1149 1029 1151 1029 1150 1029 1150 1030 1151 1030 1152 1030 1151 1030 1153 1030 1152 1030 1152 1031 1153 1031 1154 1031 1153 1032 1155 1032 1154 1032 1154 1033 1155 1033 1156 1033 1155 1034 1157 1034 1156 1034 1156 1035 1157 1035 1158 1035 1157 1036 1159 1036 1158 1036 1158 1037 1159 1037 816 1037 1159 1037 817 1037 816 1037 151 1038 150 1038 1160 1038 51 1039 50 1039 1161 1039 806 1040 894 1040 1162 1040 612 1041 967 1041 1163 1041 1164 1042 943 1042 366 1042 531 1043 612 1043 1165 1043 1165 1044 1166 1044 531 1044 1166 1045 1167 1045 531 1045 531 1045 1167 1045 528 1045 1167 1046 1168 1046 528 1046 528 1047 1168 1047 507 1047 1168 1048 1169 1048 507 1048 507 1049 1169 1049 505 1049 1169 1050 1170 1050 505 1050 505 1051 1170 1051 513 1051 1170 1052 1171 1052 513 1052 513 1052 1171 1052 502 1052 1171 1053 1172 1053 502 1053 502 1053 1172 1053 508 1053 1172 1054 1173 1054 508 1054 508 1055 1173 1055 517 1055 1174 1056 601 1056 1175 1056 601 1057 519 1057 1175 1057 1175 1058 519 1058 1176 1058 519 1059 517 1059 1176 1059 1176 1060 517 1060 1177 1060 517 1061 1173 1061 1177 1061 1178 1062 919 1062 613 1062 712 1063 806 1063 1179 1063 1180 1064 695 1064 1181 1064 695 1065 694 1065 1181 1065 1181 1065 694 1065 1182 1065 694 1066 718 1066 1182 1066 1182 1067 718 1067 1183 1067 718 1068 671 1068 1183 1068 1183 1068 671 1068 1184 1068 671 1069 674 1069 1184 1069 1184 1070 674 1070 1185 1070 674 1071 702 1071 1185 1071 1185 1072 702 1072 1186 1072 702 1073 707 1073 1186 1073 1186 1073 707 1073 1187 1073 707 1074 709 1074 1187 1074 1187 1075 709 1075 1188 1075 709 1076 710 1076 1188 1076 1188 1076 710 1076 1189 1076 710 1077 712 1077 1189 1077 1189 1077 712 1077 1190 1077 712 1078 1179 1078 1190 1078 1191 1079 1 1079 0 1079 253 1080 51 1080 1192 1080 1193 1081 206 1081 1194 1081 206 1082 213 1082 1194 1082 1194 1083 213 1083 1195 1083 213 1084 215 1084 1195 1084 1195 1085 215 1085 1196 1085 215 1086 202 1086 1196 1086 1196 1087 202 1087 1197 1087 202 1088 205 1088 1197 1088 1197 1088 205 1088 1198 1088 205 1089 223 1089 1198 1089 1198 1089 223 1089 1199 1089 223 1090 231 1090 1199 1090 1199 1091 231 1091 1200 1091 231 1092 236 1092 1200 1092 1200 1093 236 1093 1201 1093 236 1094 254 1094 1201 1094 1201 1095 254 1095 1202 1095 254 1096 253 1096 1202 1096 1202 1096 253 1096 1203 1096 253 1097 1192 1097 1203 1097 1204 1098 101 1098 100 1098 333 1099 151 1099 1205 1099 1205 1100 1206 1100 333 1100 1206 1101 1207 1101 333 1101 333 1101 1207 1101 331 1101 1207 1102 1208 1102 331 1102 331 1102 1208 1102 354 1102 1208 1103 1209 1103 354 1103 354 1104 1209 1104 341 1104 1209 1105 1210 1105 341 1105 341 1106 1210 1106 327 1106 1211 1107 337 1107 1212 1107 337 1108 336 1108 1212 1108 1212 1108 336 1108 1213 1108 336 1109 345 1109 1213 1109 1213 1110 345 1110 1214 1110 345 1111 322 1111 1214 1111 1214 1111 322 1111 1215 1111 322 1112 321 1112 1215 1112 1215 1113 321 1113 1216 1113 321 1114 327 1114 1216 1114 1216 1115 327 1115 1217 1115 327 1116 1210 1116 1217 1116 51 1117 1161 1117 1192 1117 1161 1118 1218 1118 1192 1118 1192 1118 1218 1118 1219 1118 1218 1119 1220 1119 1219 1119 1219 1120 1220 1120 1221 1120 1220 1121 1222 1121 1221 1121 1221 1122 1222 1122 1223 1122 1222 1123 1224 1123 1223 1123 1223 1123 1224 1123 1225 1123 1224 1124 1226 1124 1225 1124 1225 1124 1226 1124 1227 1124 1226 1125 1191 1125 1227 1125 1227 1126 1191 1126 1228 1126 1191 1127 0 1127 1228 1127 1228 1128 0 1128 1180 1128 0 1129 678 1129 1180 1129 1180 1064 678 1064 695 1064 151 1130 1160 1130 1205 1130 1160 1131 1229 1131 1205 1131 1205 1132 1229 1132 1230 1132 1229 1133 1231 1133 1230 1133 1230 1133 1231 1133 1232 1133 1231 1134 1233 1134 1232 1134 1232 1134 1233 1134 1234 1134 1233 1135 1235 1135 1234 1135 1234 1136 1235 1136 1236 1136 1235 1137 1237 1137 1236 1137 1236 1138 1237 1138 1238 1138 1237 1139 1204 1139 1238 1139 1238 1139 1204 1139 1239 1139 1204 1140 100 1140 1239 1140 1239 1141 100 1141 1193 1141 100 1142 207 1142 1193 1142 1193 1081 207 1081 206 1081 612 1143 1163 1143 1165 1143 1163 1144 1240 1144 1165 1144 1165 1144 1240 1144 1241 1144 1240 1145 1242 1145 1241 1145 1241 1146 1242 1146 1243 1146 1242 1147 1244 1147 1243 1147 1243 1148 1244 1148 1245 1148 1244 1149 1246 1149 1245 1149 1245 1149 1246 1149 1247 1149 1246 1150 1248 1150 1247 1150 1247 1150 1248 1150 1249 1150 1248 1151 1164 1151 1249 1151 1249 1152 1164 1152 1250 1152 1164 1153 366 1153 1250 1153 1250 1154 366 1154 1211 1154 366 1155 364 1155 1211 1155 1211 1107 364 1107 337 1107 806 1156 1162 1156 1179 1156 1162 1157 1251 1157 1179 1157 1179 1158 1251 1158 1252 1158 1251 1159 1253 1159 1252 1159 1252 1159 1253 1159 1254 1159 1253 1160 1255 1160 1254 1160 1254 1160 1255 1160 1256 1160 1255 1161 1257 1161 1256 1161 1256 1162 1257 1162 1258 1162 1257 1163 1259 1163 1258 1163 1258 1164 1259 1164 1260 1164 1259 1165 1178 1165 1260 1165 1260 1165 1178 1165 1261 1165 1178 1166 613 1166 1261 1166 1261 1167 613 1167 1174 1167 613 1168 602 1168 1174 1168 1174 1056 602 1056 601 1056 673 1169 1262 1169 700 1169 1262 1170 1263 1170 700 1170 700 1171 1263 1171 701 1171 1263 1172 1264 1172 701 1172 701 1173 1264 1173 703 1173 1264 1174 1265 1174 703 1174 703 1175 1265 1175 704 1175 1265 1176 1266 1176 704 1176 704 1177 1266 1177 731 1177 1266 1178 1267 1178 731 1178 731 1179 1267 1179 732 1179 1267 1179 1268 1179 732 1179 732 1180 1268 1180 733 1180 1268 1180 1269 1180 733 1180 733 1181 1269 1181 705 1181 1269 1181 1270 1181 705 1181 705 1182 1270 1182 706 1182 1270 1182 1271 1182 706 1182 706 1183 1271 1183 708 1183 1271 1183 1272 1183 708 1183 708 1184 1272 1184 723 1184 1272 1184 1273 1184 723 1184 723 1185 1273 1185 724 1185 1273 1186 1274 1186 724 1186 724 1187 1274 1187 725 1187 1274 1188 1275 1188 725 1188 725 1189 1275 1189 711 1189 1275 1190 1276 1190 711 1190 711 1191 1276 1191 713 1191 1276 1192 1277 1192 713 1192 713 1193 1277 1193 714 1193 1277 1193 1278 1193 714 1193 714 1194 1278 1194 730 1194 1278 1194 1279 1194 730 1194 730 1195 1279 1195 796 1195 1279 1195 1280 1195 796 1195 796 1196 1280 1196 794 1196 1280 1196 1281 1196 794 1196 794 1197 1281 1197 792 1197 1281 1197 1282 1197 792 1197 792 1198 1282 1198 790 1198 1282 1199 1283 1199 790 1199 790 1200 1283 1200 788 1200 1283 1200 1284 1200 788 1200 788 1201 1284 1201 786 1201 1284 1202 1285 1202 786 1202 786 1203 1285 1203 784 1203 1285 1203 1286 1203 784 1203 784 1204 1286 1204 782 1204 1286 1204 1287 1204 782 1204 782 1205 1287 1205 780 1205 1287 1206 1288 1206 780 1206 780 1207 1288 1207 778 1207 1288 1208 1289 1208 778 1208 778 1209 1289 1209 776 1209 1289 1210 1290 1210 776 1210 776 1211 1290 1211 774 1211 1290 1212 1291 1212 774 1212 774 1213 1291 1213 772 1213 1291 1213 1292 1213 772 1213 772 1214 1292 1214 770 1214 1292 1214 1293 1214 770 1214 770 1215 1293 1215 768 1215 1293 1215 1294 1215 768 1215 768 1216 1294 1216 766 1216 1294 1216 1295 1216 766 1216 766 1217 1295 1217 764 1217 1295 1218 1296 1218 764 1218 764 1219 1296 1219 762 1219 1296 1220 1297 1220 762 1220 762 1221 1297 1221 760 1221 1297 1221 1298 1221 760 1221 760 1222 1298 1222 758 1222 1298 1222 1299 1222 758 1222 758 1223 1299 1223 756 1223 1299 1224 1300 1224 756 1224 756 1225 1300 1225 754 1225 1300 1226 1301 1226 754 1226 754 1227 1301 1227 752 1227 1301 1227 1302 1227 752 1227 752 1228 1302 1228 750 1228 1302 1228 1303 1228 750 1228 750 1229 1303 1229 748 1229 1303 1229 1304 1229 748 1229 748 1230 1304 1230 746 1230 1304 1230 1305 1230 746 1230 746 1231 1305 1231 744 1231 1305 1232 1306 1232 744 1232 744 1233 1306 1233 742 1233 1306 1234 1307 1234 742 1234 742 1235 1307 1235 675 1235 1307 1236 1308 1236 675 1236 675 1237 1308 1237 676 1237 1308 1238 1309 1238 676 1238 676 1239 1309 1239 680 1239 1309 1239 1310 1239 680 1239 680 1240 1310 1240 682 1240 1310 1240 1311 1240 682 1240 682 1241 1311 1241 684 1241 1311 1242 1312 1242 684 1242 684 1243 1312 1243 686 1243 1312 1243 1313 1243 686 1243 686 1244 1313 1244 688 1244 1313 1245 1314 1245 688 1245 688 1246 1314 1246 690 1246 1314 1246 1315 1246 690 1246 690 1247 1315 1247 691 1247 1315 1247 1316 1247 691 1247 691 1248 1316 1248 692 1248 1316 1248 1317 1248 692 1248 692 1249 1317 1249 693 1249 1317 1249 1318 1249 693 1249 693 1250 1318 1250 715 1250 1318 1250 1319 1250 715 1250 715 1251 1319 1251 734 1251 1319 1252 1320 1252 734 1252 734 1253 1320 1253 696 1253 1320 1254 1321 1254 696 1254 696 1255 1321 1255 716 1255 1321 1256 1322 1256 716 1256 716 1257 1322 1257 717 1257 1322 1258 1323 1258 717 1258 717 1259 1323 1259 719 1259 1323 1259 1324 1259 719 1259 719 1260 1324 1260 720 1260 1324 1260 1325 1260 720 1260 720 1261 1325 1261 721 1261 1325 1261 1326 1261 721 1261 721 1262 1326 1262 722 1262 1326 1262 1327 1262 722 1262 722 1263 1327 1263 669 1263 1327 1263 1328 1263 669 1263 669 1264 1328 1264 670 1264 1328 1264 1329 1264 670 1264 670 1265 1329 1265 697 1265 1329 1266 1330 1266 697 1266 697 1267 1330 1267 698 1267 1330 1268 1331 1268 698 1268 698 1269 1331 1269 699 1269 1331 1270 1332 1270 699 1270 699 1271 1332 1271 672 1271 1332 1272 1333 1272 672 1272 672 1273 1333 1273 673 1273 1333 1274 1262 1274 673 1274 653 1275 1334 1275 655 1275 1334 1275 1335 1275 655 1275 655 1276 1335 1276 657 1276 1335 1277 1336 1277 657 1277 657 1278 1336 1278 603 1278 1336 1279 1337 1279 603 1279 603 1280 1337 1280 604 1280 1337 1281 1338 1281 604 1281 604 1282 1338 1282 605 1282 1338 1178 1339 1178 605 1178 605 1283 1339 1283 606 1283 1339 1283 1340 1283 606 1283 606 1284 1340 1284 518 1284 1340 1180 1341 1180 518 1180 518 1285 1341 1285 516 1285 1341 1286 1342 1286 516 1286 516 1287 1342 1287 520 1287 1342 1287 1343 1287 520 1287 520 1288 1343 1288 521 1288 1343 1288 1344 1288 521 1288 521 1289 1344 1289 522 1289 1344 1289 1345 1289 522 1289 522 1290 1345 1290 509 1290 1345 1291 1346 1291 509 1291 509 1292 1346 1292 510 1292 1346 1293 1347 1293 510 1293 510 1294 1347 1294 523 1294 1347 1294 1348 1294 523 1294 523 1295 1348 1295 524 1295 1348 1296 1349 1296 524 1296 524 1297 1349 1297 525 1297 1349 1298 1350 1298 525 1298 525 1299 1350 1299 500 1299 1350 1299 1351 1299 500 1299 500 1300 1351 1300 501 1300 1351 1300 1352 1300 501 1300 501 1301 1352 1301 532 1301 1352 1302 1353 1302 532 1302 532 1303 1353 1303 533 1303 1353 1304 1354 1304 533 1304 533 1305 1354 1305 534 1305 1354 1305 1355 1305 534 1305 534 1306 1355 1306 511 1306 1355 1307 1356 1307 511 1307 511 1308 1356 1308 512 1308 1356 1308 1357 1308 512 1308 512 1309 1357 1309 514 1309 1357 1309 1358 1309 514 1309 514 1310 1358 1310 515 1310 1358 1311 1359 1311 515 1311 515 1312 1359 1312 503 1312 1359 1312 1360 1312 503 1312 503 1313 1360 1313 504 1313 1360 1314 1361 1314 504 1314 504 1315 1361 1315 506 1315 1361 1316 1362 1316 506 1316 506 1317 1362 1317 526 1317 1362 1318 1363 1318 526 1318 526 1213 1363 1213 527 1213 1363 1319 1364 1319 527 1319 527 1320 1364 1320 535 1320 1364 1320 1365 1320 535 1320 535 1321 1365 1321 536 1321 1365 1321 1366 1321 536 1321 536 1322 1366 1322 537 1322 1366 1323 1367 1323 537 1323 537 1324 1367 1324 538 1324 1367 1325 1368 1325 538 1325 538 1326 1368 1326 540 1326 1368 1327 1369 1327 540 1327 540 1328 1369 1328 542 1328 1369 1329 1370 1329 542 1329 542 1330 1370 1330 544 1330 1370 1331 1371 1331 544 1331 544 1332 1371 1332 546 1332 1371 1333 1372 1333 546 1333 546 1334 1372 1334 548 1334 1372 1335 1373 1335 548 1335 548 1336 1373 1336 550 1336 1373 1337 1374 1337 550 1337 550 1338 1374 1338 552 1338 1374 1338 1375 1338 552 1338 552 1339 1375 1339 554 1339 1375 1339 1376 1339 554 1339 554 1340 1376 1340 556 1340 1376 1230 1377 1230 556 1230 556 1341 1377 1341 558 1341 1377 1342 1378 1342 558 1342 558 1343 1378 1343 560 1343 1378 1344 1379 1344 560 1344 560 1345 1379 1345 562 1345 1379 1346 1380 1346 562 1346 562 1347 1380 1347 564 1347 1380 1347 1381 1347 564 1347 564 1348 1381 1348 566 1348 1381 1349 1382 1349 566 1349 566 1350 1382 1350 568 1350 1382 1350 1383 1350 568 1350 568 1351 1383 1351 570 1351 1383 1351 1384 1351 570 1351 570 1352 1384 1352 572 1352 1384 1353 1385 1353 572 1353 572 1354 1385 1354 574 1354 1385 1354 1386 1354 574 1354 574 1355 1386 1355 576 1355 1386 1356 1387 1356 576 1356 576 1357 1387 1357 578 1357 1387 1358 1388 1358 578 1358 578 1359 1388 1359 580 1359 1388 1359 1389 1359 580 1359 580 1360 1389 1360 582 1360 1389 1360 1390 1360 582 1360 582 1361 1390 1361 584 1361 1390 1362 1391 1362 584 1362 584 1363 1391 1363 586 1363 1391 1364 1392 1364 586 1364 586 1365 1392 1365 588 1365 1392 1365 1393 1365 588 1365 588 1366 1393 1366 590 1366 1393 1367 1394 1367 590 1367 590 1368 1394 1368 592 1368 1394 1369 1395 1369 592 1369 592 1370 1395 1370 594 1370 1395 1370 1396 1370 594 1370 594 1371 1396 1371 596 1371 1396 1371 1397 1371 596 1371 596 1372 1397 1372 598 1372 1397 1372 1398 1372 598 1372 598 1373 1398 1373 639 1373 1398 1374 1399 1374 639 1374 639 1263 1399 1263 641 1263 1399 1375 1400 1375 641 1375 641 1376 1400 1376 643 1376 1400 1376 1401 1376 643 1376 643 1377 1401 1377 645 1377 1401 1378 1402 1378 645 1378 645 1379 1402 1379 647 1379 1402 1380 1403 1380 647 1380 647 1381 1403 1381 649 1381 1403 1382 1404 1382 649 1382 649 1383 1404 1383 651 1383 1404 1384 1405 1384 651 1384 651 1385 1405 1385 653 1385 1405 1385 1334 1385 653 1385 394 1169 1406 1169 392 1169 1406 1169 1407 1169 392 1169 392 1386 1407 1386 390 1386 1407 1387 1408 1387 390 1387 390 1388 1408 1388 388 1388 1408 1388 1409 1388 388 1388 388 1175 1409 1175 386 1175 1409 1176 1410 1176 386 1176 386 1389 1410 1389 384 1389 1410 1390 1411 1390 384 1390 384 1391 1411 1391 382 1391 1411 1392 1412 1392 382 1392 382 1393 1412 1393 380 1393 1412 1393 1413 1393 380 1393 380 1394 1413 1394 378 1394 1413 1395 1414 1395 378 1395 378 1396 1414 1396 376 1396 1414 1396 1415 1396 376 1396 376 1397 1415 1397 357 1397 1415 1397 1416 1397 357 1397 357 1398 1416 1398 438 1398 1416 1399 1417 1399 438 1399 438 1400 1417 1400 440 1400 1417 1400 1418 1400 440 1400 440 1401 1418 1401 442 1401 1418 1401 1419 1401 442 1401 442 1190 1419 1190 444 1190 1419 1190 1420 1190 444 1190 444 1191 1420 1191 446 1191 1420 1192 1421 1192 446 1192 446 1193 1421 1193 448 1193 1421 1402 1422 1402 448 1402 448 1403 1422 1403 450 1403 1422 1403 1423 1403 450 1403 450 1404 1423 1404 452 1404 1423 1404 1424 1404 452 1404 452 1405 1424 1405 454 1405 1424 1405 1425 1405 454 1405 454 1406 1425 1406 433 1406 1425 1406 1426 1406 433 1406 433 1199 1426 1199 375 1199 1426 1199 1427 1199 375 1199 375 1200 1427 1200 462 1200 1427 1407 1428 1407 462 1407 462 1202 1428 1202 338 1202 1428 1201 1429 1201 338 1201 338 1408 1429 1408 347 1408 1429 1409 1430 1409 347 1409 347 1410 1430 1410 346 1410 1430 1410 1431 1410 346 1410 346 1411 1431 1411 344 1411 1431 1412 1432 1412 344 1412 344 1413 1432 1413 348 1413 1432 1413 1433 1413 348 1413 348 1210 1433 1210 349 1210 1433 1210 1434 1210 349 1210 349 1414 1434 1414 350 1414 1434 1415 1435 1415 350 1415 350 1416 1435 1416 323 1416 1435 1417 1436 1417 323 1417 323 1418 1436 1418 324 1418 1436 1418 1437 1418 324 1418 324 1419 1437 1419 351 1419 1437 1420 1438 1420 351 1420 351 1421 1438 1421 352 1421 1438 1216 1439 1216 352 1216 352 1422 1439 1422 353 1422 1439 1423 1440 1423 353 1423 353 1424 1440 1424 319 1424 1440 1425 1441 1425 319 1425 319 1426 1441 1426 320 1426 1441 1427 1442 1427 320 1427 320 1428 1442 1428 325 1428 1442 1429 1443 1429 325 1429 325 1223 1443 1223 326 1223 1443 1430 1444 1430 326 1430 326 1431 1444 1431 328 1431 1444 1432 1445 1432 328 1432 328 1433 1445 1433 329 1433 1445 1434 1446 1434 329 1434 329 1435 1446 1435 339 1435 1446 1436 1447 1436 339 1436 339 1437 1447 1437 340 1437 1447 1437 1448 1437 340 1437 340 1230 1448 1230 342 1230 1448 1438 1449 1438 342 1438 342 1439 1449 1439 343 1439 1449 1440 1450 1440 343 1440 343 1441 1450 1441 360 1441 1450 1441 1451 1441 360 1441 360 1235 1451 1235 361 1235 1451 1235 1452 1235 361 1235 361 1442 1452 1442 362 1442 1452 1443 1453 1443 362 1443 362 1444 1453 1444 355 1444 1453 1444 1454 1444 355 1444 355 1445 1454 1445 356 1445 1454 1446 1455 1446 356 1446 356 1242 1455 1242 332 1242 1455 1241 1456 1241 332 1241 332 1447 1456 1447 334 1447 1456 1243 1457 1243 334 1243 334 1244 1457 1244 335 1244 1457 1244 1458 1244 335 1244 335 1448 1458 1448 330 1448 1458 1448 1459 1448 330 1448 330 1449 1459 1449 430 1449 1459 1449 1460 1449 430 1449 430 1450 1460 1450 428 1450 1460 1450 1461 1450 428 1450 428 1451 1461 1451 426 1451 1461 1451 1462 1451 426 1451 426 1452 1462 1452 424 1452 1462 1250 1463 1250 424 1250 424 1251 1463 1251 422 1251 1463 1252 1464 1252 422 1252 422 1253 1464 1253 420 1253 1464 1253 1465 1253 420 1253 420 1453 1465 1453 418 1453 1465 1453 1466 1453 418 1453 418 1257 1466 1257 416 1257 1466 1257 1467 1257 416 1257 416 1454 1467 1454 414 1454 1467 1455 1468 1455 414 1455 414 1260 1468 1260 412 1260 1468 1260 1469 1260 412 1260 412 1456 1469 1456 410 1456 1469 1456 1470 1456 410 1456 410 1457 1470 1457 408 1457 1470 1458 1471 1458 408 1458 408 1263 1471 1263 406 1263 1471 1263 1472 1263 406 1263 406 1459 1472 1459 404 1459 1472 1460 1473 1460 404 1460 404 1461 1473 1461 402 1461 1473 1377 1474 1377 402 1377 402 1462 1474 1462 400 1462 1474 1463 1475 1463 400 1463 400 1464 1475 1464 398 1464 1475 1464 1476 1464 398 1464 398 1465 1476 1465 396 1465 1476 1272 1477 1272 396 1272 396 1466 1477 1466 394 1466 1477 1466 1406 1466 394 1466 317 1467 1478 1467 315 1467 1478 1468 1479 1468 315 1468 315 1277 1479 1277 313 1277 1479 1276 1480 1276 313 1276 313 1469 1480 1469 311 1469 1480 1469 1481 1469 311 1469 311 1281 1481 1281 309 1281 1481 1281 1482 1281 309 1281 309 1470 1482 1470 307 1470 1482 1471 1483 1471 307 1471 307 1283 1483 1283 305 1283 1483 1179 1484 1179 305 1179 305 1472 1484 1472 303 1472 1484 1284 1485 1284 303 1284 303 1473 1485 1473 301 1473 1485 1473 1486 1473 301 1473 301 1287 1486 1287 299 1287 1486 1474 1487 1474 299 1474 299 1475 1487 1475 297 1475 1487 1476 1488 1476 297 1476 297 1289 1488 1289 295 1289 1488 1289 1489 1289 295 1289 295 1291 1489 1291 293 1291 1489 1290 1490 1290 293 1290 293 1477 1490 1477 291 1477 1490 1477 1491 1477 291 1477 291 1478 1491 1478 289 1478 1491 1478 1492 1478 289 1478 289 1296 1492 1296 287 1296 1492 1296 1493 1296 287 1296 287 1479 1493 1479 285 1479 1493 1480 1494 1480 285 1480 285 1481 1494 1481 283 1481 1494 1482 1495 1482 283 1482 283 1483 1495 1483 281 1483 1495 1484 1496 1484 281 1484 281 1485 1496 1485 279 1485 1496 1486 1497 1486 279 1486 279 1487 1497 1487 277 1487 1497 1488 1498 1488 277 1488 277 1489 1498 1489 275 1489 1498 1489 1499 1489 275 1489 275 1307 1499 1307 273 1307 1499 1306 1500 1306 273 1306 273 1308 1500 1308 271 1308 1500 1490 1501 1490 271 1490 271 1491 1501 1491 269 1491 1501 1492 1502 1492 269 1492 269 1311 1502 1311 267 1311 1502 1310 1503 1310 267 1310 267 1312 1503 1312 265 1312 1503 1493 1504 1493 265 1493 265 1494 1504 1494 263 1494 1504 1494 1505 1494 263 1494 263 1316 1505 1316 252 1316 1505 1315 1506 1315 252 1315 252 1495 1506 1495 250 1495 1506 1496 1507 1496 250 1496 250 1497 1507 1497 248 1497 1507 1213 1508 1213 248 1213 248 1320 1508 1320 246 1320 1508 1498 1509 1498 246 1498 246 1499 1509 1499 244 1499 1509 1499 1510 1499 244 1499 244 1322 1510 1322 242 1322 1510 1323 1511 1323 242 1323 242 1500 1511 1500 240 1500 1511 1500 1512 1500 240 1500 240 1327 1512 1327 238 1327 1512 1327 1513 1327 238 1327 238 1501 1513 1501 237 1501 1513 1502 1514 1502 237 1502 237 1503 1514 1503 217 1503 1514 1504 1515 1504 217 1504 217 1332 1515 1332 212 1332 1515 1332 1516 1332 212 1332 212 1505 1516 1505 208 1505 1516 1505 1517 1505 208 1505 208 1506 1517 1506 218 1506 1517 1507 1518 1507 218 1507 218 1338 1518 1338 219 1338 1518 1338 1519 1338 219 1338 219 1508 1519 1508 220 1508 1519 1339 1520 1339 220 1339 220 1509 1520 1509 214 1509 1520 1510 1521 1510 214 1510 214 1511 1521 1511 216 1511 1521 1512 1522 1512 216 1512 216 1513 1522 1513 226 1513 1522 1514 1523 1514 226 1514 226 1346 1523 1346 227 1346 1523 1346 1524 1346 227 1346 227 1443 1524 1443 228 1443 1524 1515 1525 1515 228 1515 228 1516 1525 1516 200 1516 1525 1517 1526 1517 200 1517 200 1350 1526 1350 201 1350 1526 1518 1527 1518 201 1518 201 1519 1527 1519 209 1519 1527 1520 1528 1520 209 1520 209 1521 1528 1521 210 1521 1528 1522 1529 1522 210 1522 210 1354 1529 1354 211 1354 1529 1354 1530 1354 211 1354 211 1523 1530 1523 203 1523 1530 1524 1531 1524 203 1524 203 1525 1531 1525 204 1525 1531 1526 1532 1526 204 1526 204 1527 1532 1527 221 1527 1532 1528 1533 1528 221 1528 221 1529 1533 1529 222 1529 1533 1530 1534 1530 222 1530 222 1531 1534 1531 224 1531 1534 1532 1535 1532 224 1532 224 1533 1535 1533 225 1533 1535 1533 1536 1533 225 1533 225 1534 1536 1534 229 1534 1536 1534 1537 1534 229 1534 229 1367 1537 1367 230 1367 1537 1367 1538 1367 230 1367 230 1535 1538 1535 232 1535 1538 1536 1539 1536 232 1536 232 1537 1539 1537 233 1537 1539 1537 1540 1537 233 1537 233 1538 1540 1538 234 1538 1540 1371 1541 1371 234 1371 234 1539 1541 1539 235 1539 1541 1540 1542 1540 235 1540 235 1373 1542 1373 258 1373 1542 1373 1543 1373 258 1373 258 1541 1543 1541 259 1541 1543 1542 1544 1542 259 1542 259 1459 1544 1459 260 1459 1544 1376 1545 1376 260 1376 260 1377 1545 1377 255 1377 1545 1543 1546 1543 255 1543 255 1544 1546 1544 256 1544 1546 1544 1547 1544 256 1544 256 1545 1547 1545 257 1545 1547 1545 1548 1545 257 1545 257 1384 1548 1384 318 1384 1548 1383 1549 1383 318 1383 318 1546 1549 1546 317 1546 1549 1547 1478 1547 317 1547 1204 1548 1237 1548 148 1548 816 187 814 187 818 187 1161 187 50 187 99 187 985 1549 986 1549 469 1549 480 187 1061 187 1063 187 975 1550 976 1550 469 1550 994 187 993 187 887 187 1014 1551 881 1551 880 1551 148 187 1237 187 858 187 1237 187 1235 187 858 187 858 1552 1235 1552 859 1552 1235 187 1233 187 859 187 859 1553 1233 1553 860 1553 1233 187 1231 187 860 187 860 187 1231 187 861 187 124 187 122 187 136 187 1069 187 481 187 1067 187 481 1554 480 1554 1067 1554 1067 1555 480 1555 1065 1555 480 187 1063 187 1065 187 1061 187 480 187 1059 187 480 187 479 187 1059 187 1059 1556 479 1556 1057 1556 472 187 471 187 850 187 854 187 853 187 470 187 853 187 852 187 470 187 470 187 852 187 471 187 852 1557 851 1557 471 1557 471 1558 851 1558 850 1558 854 187 470 187 855 187 470 187 469 187 855 187 855 187 469 187 856 187 468 1559 972 1559 973 1559 468 1560 973 1560 469 1560 973 187 974 187 469 187 469 1561 974 1561 975 1561 468 187 467 187 1163 187 944 187 943 187 463 187 99 1562 50 1562 97 1562 50 187 53 187 97 187 97 1563 53 1563 55 1563 55 1564 57 1564 97 1564 57 187 59 187 97 187 97 1565 59 1565 61 1565 61 1566 63 1566 97 1566 63 187 65 187 97 187 97 1567 65 1567 67 1567 67 1568 69 1568 97 1568 69 1569 71 1569 97 1569 97 1570 71 1570 73 1570 890 187 1226 187 891 187 1226 187 1224 187 891 187 891 187 1224 187 892 187 1224 1571 1222 1571 892 1571 892 1572 1222 1572 893 1572 1222 1573 1220 1573 893 1573 893 1574 1220 1574 99 1574 1220 1575 1218 1575 99 1575 99 187 1218 187 1161 187 497 1576 496 1576 864 1576 496 187 495 187 864 187 864 187 495 187 865 187 862 187 161 187 863 187 161 187 163 187 863 187 153 187 155 187 862 187 122 1577 120 1577 148 1577 120 1578 118 1578 148 1578 148 1579 118 1579 116 1579 1043 187 1045 187 478 187 1045 187 1047 187 478 187 478 1580 1047 1580 1049 1580 850 187 849 187 472 187 849 187 848 187 472 187 472 187 848 187 473 187 989 187 990 187 469 187 990 187 857 187 469 187 469 1581 857 1581 856 1581 976 1582 977 1582 469 1582 977 187 978 187 469 187 469 1583 978 1583 979 1583 943 187 1164 187 463 187 1164 187 1248 187 463 187 463 187 1248 187 464 187 1248 187 1246 187 464 187 464 187 1246 187 465 187 1246 187 1244 187 465 187 465 187 1244 187 466 187 1244 187 1242 187 466 187 466 187 1242 187 467 187 1242 187 1240 187 467 187 467 1584 1240 1584 1163 1584 8 187 6 187 889 187 6 187 4 187 889 187 868 187 867 187 489 187 497 1585 864 1585 498 1585 864 187 863 187 498 187 498 1586 863 1586 499 1586 1231 187 1229 187 861 187 1229 187 1160 187 861 187 861 187 1160 187 862 187 1160 1587 150 1587 862 1587 862 1588 150 1588 153 1588 116 187 114 187 148 187 114 187 112 187 148 187 148 1589 112 1589 110 1589 986 1590 987 1590 469 1590 987 187 988 187 469 187 469 1591 988 1591 989 1591 979 187 980 187 469 187 980 187 981 187 469 187 469 1592 981 1592 982 1592 75 187 87 187 73 187 87 187 89 187 73 187 73 1593 89 1593 91 1593 75 187 77 187 87 187 77 187 79 187 87 187 87 1594 79 1594 85 1594 79 187 81 187 85 187 85 1595 81 1595 83 1595 91 187 93 187 73 187 93 1596 95 1596 73 1596 73 1597 95 1597 97 1597 4 187 2 187 889 187 2 1598 1 1598 889 1598 889 1599 1 1599 890 1599 1 1600 1191 1600 890 1600 890 187 1191 187 1226 187 16 187 14 187 888 187 14 187 12 187 888 187 888 187 12 187 889 187 12 187 10 187 889 187 889 1601 10 1601 8 1601 887 187 993 187 888 187 993 187 992 187 888 187 888 187 992 187 991 187 886 1602 885 1602 998 1602 883 1603 1003 1603 1002 1603 495 1604 494 1604 865 1604 494 187 493 187 865 187 865 187 493 187 866 187 163 187 165 187 863 187 165 187 167 187 863 187 863 1605 167 1605 169 1605 155 1606 157 1606 862 1606 157 187 159 187 862 187 862 1607 159 1607 161 1607 148 187 146 187 122 187 146 1608 144 1608 122 1608 122 1609 144 1609 142 1609 110 187 108 187 148 187 108 187 106 187 148 187 148 1610 106 1610 104 1610 1049 187 1051 187 478 187 1051 187 1053 187 478 187 478 1611 1053 1611 479 1611 1053 1612 1055 1612 479 1612 479 1613 1055 1613 1057 1613 982 187 983 187 469 187 983 1614 984 1614 469 1614 469 1615 984 1615 985 1615 1163 187 967 187 468 187 967 187 968 187 468 187 468 1616 968 1616 969 1616 998 187 997 187 886 187 997 1617 996 1617 886 1617 886 187 996 187 887 187 996 1618 995 1618 887 1618 887 1619 995 1619 994 1619 883 1620 1002 1620 884 1620 489 187 488 187 868 187 488 187 487 187 868 187 868 1621 487 1621 869 1621 487 187 486 187 869 187 486 187 485 187 869 187 485 187 484 187 869 187 869 187 484 187 870 187 484 1622 483 1622 870 1622 870 1623 483 1623 482 1623 493 187 492 187 866 187 492 1624 491 1624 866 1624 866 1625 491 1625 867 1625 491 187 490 187 867 187 867 1626 490 1626 489 1626 189 1627 191 1627 863 1627 191 1628 193 1628 863 1628 863 1629 193 1629 195 1629 195 187 197 187 863 187 197 1630 199 1630 863 1630 863 1631 199 1631 499 1631 169 187 171 187 863 187 171 187 173 187 863 187 863 1632 173 1632 175 1632 142 187 140 187 122 187 140 187 138 187 122 187 122 1633 138 1633 136 1633 104 187 102 187 148 187 102 187 101 187 148 187 148 1634 101 1634 1204 1634 833 1635 1031 1635 1033 1635 1033 187 1035 187 833 187 1035 187 1037 187 833 187 833 1636 1037 1636 1039 1636 839 187 838 187 476 187 474 1621 844 1621 475 1621 844 187 843 187 475 187 848 1637 847 1637 473 1637 847 1638 846 1638 473 1638 473 1639 846 1639 474 1639 846 187 845 187 474 187 474 1640 845 1640 844 1640 969 187 970 187 468 187 970 187 971 187 468 187 468 1641 971 1641 972 1641 26 1642 24 1642 888 1642 24 1643 22 1643 888 1643 991 187 48 187 888 187 48 187 46 187 888 187 888 1644 46 1644 44 1644 44 187 42 187 888 187 42 187 40 187 888 187 888 1645 40 1645 38 1645 1002 187 1001 187 884 187 1001 1646 1000 1646 884 1646 884 1647 1000 1647 885 1647 1000 187 999 187 885 187 885 1648 999 1648 998 1648 1003 187 883 187 1004 187 883 187 882 187 1004 187 1004 1649 882 1649 1005 1649 918 1650 1251 1650 1162 1650 1022 187 1021 187 1257 187 1178 1651 823 1651 822 1651 877 187 876 187 1110 187 875 1652 874 1652 1102 1652 1069 1653 1071 1653 481 1653 1071 187 1073 187 481 187 481 1654 1073 1654 1075 1654 863 1655 181 1655 183 1655 132 1656 130 1656 128 1656 832 187 1027 187 833 187 1027 187 1029 187 833 187 833 1657 1029 1657 1031 1657 835 187 834 187 476 187 834 1658 833 1658 476 1658 476 187 833 187 477 187 833 1659 1039 1659 477 1659 477 187 1039 187 478 187 1039 1660 1041 1660 478 1660 478 187 1041 187 1043 187 843 1661 842 1661 475 1661 842 187 841 187 475 187 475 187 841 187 476 187 841 1662 840 1662 476 1662 476 1663 840 1663 839 1663 838 1664 837 1664 476 1664 837 187 836 187 476 187 476 1665 836 1665 835 1665 959 187 958 187 463 187 958 1666 957 1666 463 1666 463 1667 957 1667 956 1667 956 1608 955 1608 463 1608 955 187 954 187 463 187 463 1668 954 1668 953 1668 953 1669 952 1669 463 1669 952 187 951 187 463 187 463 1670 951 1670 950 1670 38 187 36 187 888 187 36 1671 34 1671 888 1671 888 1672 34 1672 32 1672 32 187 30 187 888 187 30 187 28 187 888 187 888 1673 28 1673 26 1673 22 187 20 187 888 187 20 187 18 187 888 187 888 1674 18 1674 16 1674 1012 1675 1011 1675 882 1675 1011 187 1010 187 882 187 1010 187 1009 187 882 187 882 1676 1009 1676 1008 1676 1008 187 1007 187 882 187 1007 187 1006 187 882 187 882 1677 1006 1677 1005 1677 1022 187 1257 187 1023 187 1021 1678 1020 1678 1257 1678 1020 1679 1019 1679 1257 1679 1257 1680 1019 1680 1018 1680 1110 187 1112 187 877 187 1112 1681 1114 1681 877 1681 877 1682 1114 1682 878 1682 1114 187 1116 187 878 187 878 1683 1116 1683 1118 1683 482 187 481 187 870 187 481 187 1075 187 870 187 870 187 1075 187 871 187 1075 187 1077 187 871 187 871 1684 1077 1684 872 1684 1077 1685 1079 1685 872 1685 175 1686 177 1686 863 1686 177 1687 179 1687 863 1687 863 1688 179 1688 181 1688 183 187 185 187 863 187 185 1689 187 1689 863 1689 863 1690 187 1690 189 1690 136 187 134 187 124 187 134 187 132 187 124 187 124 187 132 187 126 187 132 187 128 187 126 187 463 187 966 187 965 187 915 1691 916 1691 895 1691 1251 187 918 187 1253 187 918 187 1026 187 1253 187 1253 187 1026 187 1255 187 1026 1692 1025 1692 1255 1692 1255 187 1025 187 1257 187 1025 187 1024 187 1257 187 1257 1693 1024 1693 1023 1693 1018 187 1017 187 1257 187 1017 187 1016 187 1257 187 1257 1694 1016 1694 1015 1694 1102 1695 1104 1695 875 1695 1104 187 1106 187 875 187 875 187 1106 187 876 187 1106 187 1108 187 876 187 876 1696 1108 1696 1110 1696 1094 1697 1096 1697 873 1697 1096 187 1098 187 873 187 873 187 1098 187 874 187 1098 187 1100 187 874 187 874 1698 1100 1698 1102 1698 965 187 964 187 463 187 964 187 963 187 463 187 463 187 963 187 962 187 962 1699 961 1699 463 1699 961 187 960 187 463 187 463 1700 960 1700 959 1700 950 1701 949 1701 463 1701 949 187 948 187 463 187 463 1702 948 1702 947 1702 881 1703 1014 1703 882 1703 1014 1704 1013 1704 882 1704 882 1705 1013 1705 1012 1705 911 187 912 187 895 187 1162 1706 894 1706 918 1706 894 187 895 187 918 187 918 1707 895 1707 917 1707 895 1708 916 1708 917 1708 1079 1709 1081 1709 872 1709 1081 1710 1083 1710 872 1710 872 1711 1083 1711 1085 1711 1085 1712 1087 1712 872 1712 1087 187 1090 187 872 187 872 187 1090 187 873 187 1090 187 1092 187 873 187 873 1713 1092 1713 1094 1713 947 1714 946 1714 463 1714 946 187 945 187 463 187 463 1715 945 1715 944 1715 912 187 913 187 895 187 913 187 914 187 895 187 895 1716 914 1716 915 1716 1015 1717 1014 1717 1257 1717 1014 187 880 187 1257 187 1257 1718 880 1718 1259 1718 880 1719 879 1719 1259 1719 1259 187 879 187 1178 187 828 187 1144 187 829 187 1144 187 1146 187 829 187 1148 1720 831 1720 1146 1720 831 187 830 187 1146 187 1146 1721 830 1721 829 1721 1148 187 1150 187 831 187 1150 187 1152 187 831 187 831 1722 1152 1722 1154 1722 1118 187 1120 187 878 187 1120 187 1122 187 878 187 878 187 1122 187 879 187 1122 187 1124 187 879 187 879 1723 1124 1723 1128 1723 941 187 940 187 919 187 900 187 901 187 895 187 901 1724 902 1724 895 1724 905 187 906 187 895 187 906 187 907 187 895 187 895 1725 907 1725 908 1725 908 187 909 187 895 187 909 187 910 187 895 187 895 1726 910 1726 911 1726 818 187 1027 187 816 187 1027 187 832 187 816 187 816 187 832 187 1158 187 832 187 831 187 1158 187 1158 187 831 187 1156 187 831 1727 1154 1727 1156 1727 1128 187 1130 187 879 187 1130 1728 1132 1728 879 1728 879 1729 1132 1729 1134 1729 895 187 896 187 900 187 896 1730 897 1730 900 1730 900 1731 897 1731 899 1731 897 1732 898 1732 899 1732 902 187 903 187 895 187 903 187 904 187 895 187 895 1733 904 1733 905 1733 828 187 827 187 1144 187 827 187 826 187 1144 187 1144 187 826 187 1142 187 826 187 825 187 1142 187 1142 1734 825 1734 1178 1734 825 1735 824 1735 1178 1735 1178 1736 824 1736 823 1736 822 187 821 187 1178 187 821 187 820 187 1178 187 1178 1737 820 1737 919 1737 820 187 942 187 919 187 919 1738 942 1738 941 1738 940 1739 939 1739 919 1739 939 187 938 187 919 187 919 1740 938 1740 937 1740 921 1741 935 1741 922 1741 935 1742 923 1742 922 1742 921 1743 920 1743 935 1743 920 187 919 187 935 187 935 187 919 187 936 187 919 1744 937 1744 936 1744 1134 1745 1136 1745 879 1745 1136 187 1138 187 879 187 879 1746 1138 1746 1178 1746 1138 1747 1140 1747 1178 1747 1178 1748 1140 1748 1142 1748 929 187 928 187 935 187 928 187 927 187 935 187 935 1749 927 1749 926 1749 926 187 925 187 935 187 925 187 924 187 935 187 935 1750 924 1750 923 1750 932 187 935 187 933 187 935 1751 934 1751 933 1751 932 187 931 187 935 187 931 187 930 187 935 187 935 1752 930 1752 929 1752 1263 1753 1262 1753 1185 1753 819 1753 813 1753 1028 1753 813 1753 815 1753 1028 1753 1398 1753 1028 1753 1399 1753 1028 1753 1400 1753 1399 1753 1398 1753 1397 1753 1028 1753 1397 1753 1396 1753 1028 1753 1028 1753 1396 1753 1395 1753 1395 1753 1394 1753 1028 1753 1394 1753 1393 1753 1028 1753 1028 1753 1393 1753 1392 1753 1171 1753 1353 1753 1352 1753 1089 1753 1472 1753 1471 1753 1173 1753 1405 1753 1404 1753 1392 1753 1391 1753 1028 1753 1391 1753 1390 1753 1028 1753 1028 1753 1390 1753 1030 1753 1390 1753 1389 1753 1030 1753 1475 1753 1089 1753 1088 1753 1475 1753 1474 1753 1089 1753 1474 1753 1473 1753 1089 1753 1089 1753 1473 1753 1472 1753 1054 1753 1052 1753 1385 1753 1403 1753 1402 1753 1028 1753 1402 1753 1401 1753 1028 1753 1028 1753 1401 1753 1400 1753 1076 1753 1477 1753 1078 1753 1477 1753 1476 1753 1078 1753 1078 1753 1476 1753 1080 1753 1088 1753 1086 1753 1475 1753 1086 1753 1084 1753 1475 1753 1475 1753 1084 1753 1476 1753 1084 1753 1082 1753 1476 1753 1476 1753 1082 1753 1080 1753 1040 1753 1387 1753 1042 1753 1387 1753 1386 1753 1042 1753 1042 1753 1386 1753 1044 1753 1060 1753 1058 1753 1385 1753 1058 1753 1056 1753 1385 1753 1385 1753 1056 1753 1054 1753 1471 1753 1470 1753 1089 1753 1470 1753 1469 1753 1089 1753 1089 1753 1469 1753 1468 1753 1452 1753 1451 1753 1210 1753 1438 1753 1437 1753 1215 1753 1352 1753 1351 1753 1171 1753 1351 1753 1350 1753 1171 1753 1171 1753 1350 1753 1172 1753 1350 1753 1349 1753 1172 1753 1172 1753 1349 1753 1348 1753 1040 1753 1038 1753 1387 1753 1038 1753 1036 1753 1387 1753 1387 1753 1036 1753 1388 1753 1036 1753 1034 1753 1388 1753 1388 1753 1034 1753 1389 1753 1034 1753 1032 1753 1389 1753 1389 1753 1032 1753 1030 1753 1410 1753 1409 1753 1064 1753 1409 1753 1408 1753 1064 1753 1064 1753 1408 1753 1066 1753 1408 1753 1407 1753 1066 1753 1342 1753 1173 1753 1343 1753 1173 1753 1344 1753 1343 1753 1052 1753 1050 1753 1385 1753 1050 1753 1048 1753 1385 1753 1385 1753 1048 1753 1386 1753 1048 1753 1046 1753 1386 1753 1386 1753 1046 1753 1044 1753 1384 1753 1431 1753 1430 1753 1060 1753 1385 1753 1062 1753 1385 1753 1384 1753 1062 1753 1062 1753 1384 1753 1064 1753 1384 1753 1411 1753 1064 1753 1064 1753 1411 1753 1410 1753 1076 1753 1074 1753 1477 1753 1074 1753 1072 1753 1477 1753 1477 1753 1072 1753 1406 1753 1072 1753 1070 1753 1406 1753 1406 1753 1070 1753 1407 1753 1070 1753 1068 1753 1407 1753 1407 1753 1068 1753 1066 1753 1468 1753 1467 1753 1089 1753 1467 1753 1466 1753 1089 1753 1089 1753 1466 1753 1465 1753 1348 1753 1347 1753 1172 1753 1347 1753 1346 1753 1172 1753 1172 1753 1346 1753 1173 1753 1346 1753 1345 1753 1173 1753 1173 1753 1345 1753 1344 1753 1342 1753 1341 1753 1173 1753 1341 1753 1340 1753 1173 1753 1173 1753 1340 1753 1339 1753 1430 1753 1429 1753 1384 1753 1429 1753 1428 1753 1384 1753 1384 1753 1428 1753 1427 1753 1451 1753 1450 1753 1210 1753 1450 1753 1449 1753 1210 1753 1210 1753 1449 1753 1217 1753 1449 1753 1448 1753 1217 1753 1217 1753 1448 1753 1447 1753 1216 1753 1440 1753 1215 1753 1440 1753 1439 1753 1215 1753 1215 1753 1439 1753 1438 1753 1357 1753 1356 1753 1170 1753 1356 1753 1355 1753 1170 1753 1170 1753 1355 1753 1171 1753 1355 1753 1354 1753 1171 1753 1171 1753 1354 1753 1353 1753 1339 1753 1338 1753 1173 1753 1338 1753 1337 1753 1173 1753 1173 1753 1337 1753 1336 1753 1336 1753 1335 1753 1173 1753 1335 1753 1334 1753 1173 1753 1173 1753 1334 1753 1405 1753 1384 1753 1424 1753 1423 1753 1423 1753 1422 1753 1384 1753 1422 1753 1421 1753 1384 1753 1384 1753 1421 1753 1420 1753 1420 1753 1419 1753 1384 1753 1419 1753 1418 1753 1384 1753 1384 1753 1418 1753 1417 1753 1427 1753 1426 1753 1384 1753 1426 1753 1425 1753 1384 1753 1384 1753 1425 1753 1424 1753 1417 1753 1416 1753 1384 1753 1416 1753 1415 1753 1384 1753 1384 1753 1415 1753 1414 1753 1465 1753 1464 1753 1089 1753 1464 1753 1463 1753 1089 1753 1089 1753 1463 1753 1462 1753 1461 1753 1460 1753 1210 1753 1455 1753 1210 1753 1456 1753 1210 1753 1457 1753 1456 1753 1455 1753 1454 1753 1210 1753 1454 1753 1453 1753 1210 1753 1210 1753 1453 1753 1452 1753 1447 1753 1446 1753 1217 1753 1446 1753 1445 1753 1217 1753 1217 1753 1445 1753 1216 1753 1445 1753 1444 1753 1216 1753 1216 1753 1444 1753 1443 1753 1361 1753 1360 1753 1169 1753 1360 1753 1359 1753 1169 1753 1169 1753 1359 1753 1170 1753 1359 1753 1358 1753 1170 1753 1170 1753 1358 1753 1357 1753 1414 1753 1413 1753 1384 1753 1413 1753 1412 1753 1384 1753 1384 1753 1412 1753 1411 1753 1443 1753 1442 1753 1216 1753 1442 1753 1441 1753 1216 1753 1216 1753 1441 1753 1440 1753 1384 1753 1383 1753 1431 1753 1383 1753 1382 1753 1431 1753 1431 1753 1382 1753 1432 1753 1382 1753 1381 1753 1432 1753 1432 1753 1381 1753 1380 1753 1380 1753 1379 1753 1432 1753 1379 1753 1378 1753 1432 1753 1432 1753 1378 1753 1377 1753 1165 1753 1241 1753 1370 1753 1460 1753 1459 1753 1210 1753 1459 1753 1458 1753 1210 1753 1210 1753 1458 1753 1457 1753 1370 1753 1241 1753 1371 1753 1241 1753 1243 1753 1371 1753 1371 1753 1243 1753 1372 1753 1243 1753 1245 1753 1372 1753 1372 1753 1245 1753 1373 1753 1370 1753 1369 1753 1165 1753 1369 1753 1368 1753 1165 1753 1165 1753 1368 1753 1166 1753 1368 1753 1367 1753 1166 1753 1166 1753 1367 1753 1167 1753 1168 1753 1363 1753 1169 1753 1363 1753 1362 1753 1169 1753 1169 1753 1362 1753 1361 1753 1437 1753 1436 1753 1215 1753 1436 1753 1435 1753 1215 1753 1215 1753 1435 1753 1214 1753 1435 1753 1434 1753 1214 1753 1214 1753 1434 1753 1433 1753 1245 1753 1247 1753 1373 1753 1247 1753 1249 1753 1373 1753 1373 1753 1249 1753 1374 1753 1249 1753 1250 1753 1374 1753 1374 1753 1250 1753 1375 1753 1367 1753 1366 1753 1167 1753 1366 1753 1365 1753 1167 1753 1167 1753 1365 1753 1168 1753 1365 1753 1364 1753 1168 1753 1168 1753 1364 1753 1363 1753 1433 1753 1432 1753 1214 1753 1432 1753 1377 1753 1214 1753 1214 1753 1377 1753 1213 1753 1377 1753 1376 1753 1213 1753 1213 1753 1376 1753 1212 1753 1376 1753 1375 1753 1212 1753 1212 1753 1375 1753 1211 1753 1375 1753 1250 1753 1211 1753 1528 1753 1527 1753 1197 1753 1533 1753 1532 1753 1198 1753 1117 1753 1115 1753 1494 1753 1537 1753 1536 1753 1199 1753 1536 1753 1535 1753 1199 1753 1199 1753 1535 1753 1198 1753 1535 1753 1534 1753 1198 1753 1198 1753 1534 1753 1533 1753 1532 1753 1531 1753 1198 1753 1531 1753 1530 1753 1198 1753 1198 1753 1530 1753 1197 1753 1530 1753 1529 1753 1197 1753 1197 1753 1529 1753 1528 1753 1494 1753 1115 1753 1495 1753 1550 1753 1492 1753 1491 1753 1101 1753 1498 1753 1103 1753 1498 1753 1497 1753 1103 1753 1103 1753 1497 1753 1105 1753 1115 1753 1113 1753 1495 1753 1113 1753 1111 1753 1495 1753 1495 1753 1111 1753 1496 1753 1111 1753 1109 1753 1496 1753 1496 1753 1109 1753 1497 1753 1109 1753 1107 1753 1497 1753 1497 1753 1107 1753 1105 1753 1200 1753 1478 1753 1549 1753 1541 1753 1200 1753 1542 1753 1200 1753 1543 1753 1542 1753 1541 1753 1540 1753 1200 1753 1540 1753 1539 1753 1200 1753 1200 1753 1539 1753 1199 1753 1539 1753 1538 1753 1199 1753 1199 1753 1538 1753 1537 1753 1101 1753 1099 1753 1498 1753 1099 1753 1097 1753 1498 1753 1498 1753 1097 1753 1499 1753 1097 1753 1095 1753 1499 1753 1499 1753 1095 1753 1093 1753 1492 1753 1550 1753 1493 1753 1550 1753 1126 1753 1493 1753 1493 1753 1126 1753 1125 1753 1125 1753 1123 1753 1493 1753 1123 1753 1121 1753 1493 1753 1493 1753 1121 1753 1494 1753 1121 1753 1119 1753 1494 1753 1494 1753 1119 1753 1117 1753 1491 1753 1490 1753 1550 1753 1490 1753 1489 1753 1550 1753 1550 1753 1489 1753 1488 1753 1488 1753 1487 1753 1550 1753 1487 1753 1486 1753 1550 1753 1550 1753 1486 1753 1485 1753 1485 1753 1484 1753 1550 1753 1484 1753 1483 1753 1550 1753 1550 1753 1483 1753 1482 1753 1549 1753 1548 1753 1200 1753 1548 1753 1547 1753 1200 1753 1200 1753 1547 1753 1546 1753 1193 1753 1194 1753 1518 1753 1505 1753 1504 1753 1210 1753 1504 1753 1089 1753 1210 1753 1210 1753 1089 1753 1461 1753 1089 1753 1462 1753 1461 1753 1504 1753 1503 1753 1089 1753 1503 1753 1502 1753 1089 1753 1089 1753 1502 1753 1501 1753 1501 1753 1500 1753 1089 1753 1500 1753 1499 1753 1089 1753 1089 1753 1499 1753 1091 1753 1499 1753 1093 1753 1091 1753 1546 1753 1545 1753 1200 1753 1545 1753 1544 1753 1200 1753 1200 1753 1544 1753 1543 1753 1523 1753 1522 1753 1196 1753 1482 1753 1481 1753 1550 1753 1481 1753 1480 1753 1550 1753 1550 1753 1480 1753 1200 1753 1480 1753 1479 1753 1200 1753 1200 1753 1479 1753 1478 1753 1196 1753 1522 1753 1195 1753 1522 1753 1521 1753 1195 1753 1521 1753 1520 1753 1195 1753 1195 1753 1520 1753 1194 1753 1520 1753 1519 1753 1194 1753 1194 1753 1519 1753 1518 1753 1509 1753 1508 1753 1208 1753 1527 1753 1526 1753 1197 1753 1526 1753 1525 1753 1197 1753 1197 1753 1525 1753 1196 1753 1525 1753 1524 1753 1196 1753 1196 1753 1524 1753 1523 1753 1518 1753 1517 1753 1193 1753 1517 1753 1516 1753 1193 1753 1193 1753 1516 1753 1239 1753 1516 1753 1515 1753 1239 1753 1239 1753 1515 1753 1238 1753 1515 1753 1514 1753 1238 1753 1238 1753 1514 1753 1236 1753 1514 1753 1513 1753 1236 1753 1236 1753 1513 1753 1234 1753 1513 1753 1512 1753 1234 1753 1234 1753 1512 1753 1232 1753 1512 1753 1511 1753 1232 1753 1208 1753 1508 1753 1209 1753 1508 1753 1507 1753 1209 1753 1209 1753 1507 1753 1210 1753 1507 1753 1506 1753 1210 1753 1210 1753 1506 1753 1505 1753 1208 1753 1207 1753 1509 1753 1207 1753 1206 1753 1509 1753 1509 1753 1206 1753 1510 1753 1206 1753 1205 1753 1510 1753 1510 1753 1205 1753 1511 1753 1205 1753 1230 1753 1511 1753 1511 1753 1230 1753 1232 1753 1330 1753 1329 1753 1184 1753 1262 1753 1333 1753 1185 1753 1333 1753 1332 1753 1185 1753 1185 1753 1332 1753 1184 1753 1332 1753 1331 1753 1184 1753 1184 1753 1331 1753 1330 1753 1139 1753 1300 1753 1141 1753 1300 1753 1299 1753 1141 1753 1141 1753 1299 1753 1143 1753 1293 1753 817 1753 1294 1753 817 1753 1295 1753 1294 1753 1329 1753 1328 1753 1184 1753 1328 1753 1327 1753 1184 1753 1184 1753 1327 1753 1183 1753 1314 1753 1313 1753 1550 1753 1139 1753 1137 1753 1300 1753 1137 1753 1135 1753 1300 1753 1300 1753 1135 1753 1301 1753 1135 1753 1133 1753 1301 1753 1297 1753 1149 1753 1298 1753 1149 1753 1147 1753 1298 1753 1298 1753 1147 1753 1299 1753 1147 1753 1145 1753 1299 1753 1299 1753 1145 1753 1143 1753 1295 1753 817 1753 1296 1753 817 1753 1159 1753 1296 1753 1296 1753 1159 1753 1157 1753 1327 1753 1326 1753 1183 1753 1326 1753 1325 1753 1183 1753 1183 1753 1325 1753 1324 1753 1157 1753 1155 1753 1296 1753 1155 1753 1153 1753 1296 1753 1296 1753 1153 1753 1297 1753 1153 1753 1151 1753 1297 1753 1297 1753 1151 1753 1149 1753 1292 1753 1291 1753 1177 1753 1291 1753 1290 1753 1177 1753 1177 1753 1290 1753 1289 1753 1267 1753 1266 1753 1186 1753 1266 1753 1265 1753 1186 1753 1186 1753 1265 1753 1185 1753 1265 1753 1264 1753 1185 1753 1185 1753 1264 1753 1263 1753 1324 1753 1323 1753 1183 1753 1323 1753 1322 1753 1183 1753 1183 1753 1322 1753 1321 1753 1321 1753 1320 1753 1183 1753 1320 1753 1319 1753 1183 1753 1183 1753 1319 1753 1318 1753 1304 1753 1303 1753 1550 1753 1303 1753 1302 1753 1550 1753 1550 1753 1302 1753 1301 1753 1133 1753 1131 1753 1301 1753 1131 1753 1129 1753 1301 1753 1301 1753 1129 1753 1550 1753 1129 1753 1127 1753 1550 1753 1550 1753 1127 1753 1126 1753 1293 1753 1292 1753 817 1753 1292 1753 1177 1753 817 1753 817 1753 1177 1753 815 1753 1177 1753 1173 1753 815 1753 815 1753 1173 1753 1028 1753 1173 1753 1404 1753 1028 1753 1028 1753 1404 1753 1403 1753 1318 1753 1317 1753 1183 1753 1317 1753 1316 1753 1183 1753 1183 1753 1316 1753 1315 1753 1188 1753 1189 1753 1275 1753 1313 1753 1312 1753 1550 1753 1312 1753 1311 1753 1550 1753 1550 1753 1311 1753 1310 1753 1310 1753 1309 1753 1550 1753 1309 1753 1308 1753 1550 1753 1550 1753 1308 1753 1307 1753 1307 1753 1306 1753 1550 1753 1306 1753 1305 1753 1550 1753 1550 1753 1305 1753 1304 1753 1285 1753 1284 1753 1261 1753 1261 1753 1284 1753 1260 1753 1284 1753 1283 1753 1260 1753 1260 1753 1283 1753 1258 1753 1179 1753 1278 1753 1190 1753 1278 1753 1277 1753 1190 1753 1190 1753 1277 1753 1189 1753 1277 1753 1276 1753 1189 1753 1189 1753 1276 1753 1275 1753 1275 1753 1274 1753 1188 1753 1274 1753 1273 1753 1188 1753 1188 1753 1273 1753 1187 1753 1273 1753 1272 1753 1187 1753 1187 1753 1272 1753 1271 1753 1289 1753 1288 1753 1177 1753 1288 1753 1287 1753 1177 1753 1177 1753 1287 1753 1176 1753 1287 1753 1286 1753 1176 1753 1176 1753 1286 1753 1175 1753 1286 1753 1285 1753 1175 1753 1175 1753 1285 1753 1174 1753 1285 1753 1261 1753 1174 1753 1271 1753 1270 1753 1187 1753 1270 1753 1269 1753 1187 1753 1187 1753 1269 1753 1186 1753 1269 1753 1268 1753 1186 1753 1186 1753 1268 1753 1267 1753 1258 1753 1283 1753 1256 1753 1283 1753 1282 1753 1256 1753 1256 1753 1282 1753 1254 1753 1282 1753 1281 1753 1254 1753 1254 1753 1281 1753 1252 1753 1281 1753 1280 1753 1252 1753 1252 1753 1280 1753 1179 1753 1280 1753 1279 1753 1179 1753 1179 1753 1279 1753 1278 1753 1200 1753 1201 1753 1550 1753 1201 1753 1202 1753 1550 1753 1550 1753 1202 1753 1203 1753 1203 1753 1192 1753 1550 1753 1192 1753 1219 1753 1550 1753 1550 1753 1219 1753 1221 1753 1221 1753 1223 1753 1550 1753 1223 1753 1225 1753 1550 1753 1550 1753 1225 1753 1227 1753 1227 1753 1228 1753 1550 1753 1228 1753 1180 1753 1550 1753 1550 1753 1180 1753 1181 1753 1315 1753 1314 1753 1183 1753 1314 1753 1550 1753 1183 1753 1183 1753 1550 1753 1182 1753 1550 1753 1181 1753 1182 1753 1027 1754 818 1754 1028 1754 818 1755 819 1755 1028 1755</p>
        </triangles>
      </mesh>
    </geometry>
  </library_geometries>
  <library_visual_scenes>
    <visual_scene id="Scene" name="Scene">
      <node id="sheet_metal_2_shaft_attachment_tyre__2" name="sheet_metal_2_shaft_attachment_tyre__2" type="NODE">
        <matrix sid="transform">1 0 0 0 0 1 0 0 0 0 1 0 0 0 0 1</matrix>
        <instance_geometry url="#sheet_metal_2_shaft_attachment_tyre__2-mesh" name="sheet_metal_2_shaft_attachment_tyre__2"/>
      </node>
    </visual_scene>
  </library_visual_scenes>
  <scene>
    <instance_visual_scene url="#Scene"/>
  </scene>
</COLLADA>