<?xml version="1.0" encoding="utf-8"?>
<COLLADA xmlns="http://www.collada.org/2005/11/COLLADASchema" version="1.4.1" xmlns:xsi="http://www.w3.org/2001/XMLSchema-instance">
  <asset>
    <contributor>
      <author>Blender User</author>
      <authoring_tool>Blender 3.0.1</authoring_tool>
    </contributor>
    <created>2026-06-04T16:19:05</created>
    <modified>2026-06-04T16:19:05</modified>
    <unit name="meter" meter="1"/>
    <up_axis>Z_UP</up_axis>
  </asset>
  <library_images/>
  <library_geometries>
    <geometry id="socket_head_cap_screw_am_b18_3_1m___5_x_0_8_x_20_hex_shcs____20-mesh" name="socket_head_cap_screw_am_b18_3_1m___5_x_0_8_x_20_hex_shcs____20">
      <mesh>
        <source id="socket_head_cap_screw_am_b18_3_1m___5_x_0_8_x_20_hex_shcs____20-mesh-positions">
          <float_array id="socket_head_cap_screw_am_b18_3_1m___5_x_0_8_x_20_hex_shcs____20-mesh-positions-array" count="5442">0.002499997 5.28508e-4 0.001972377 0.002499997 3.5459e-4 0.002010941 0.002499997 0.00117892 0.002041995 0.002499997 1.77972e-4 0.002034187 0.002499997 0 0.002041995 0.002499997 0.00176841 0.001020967 0.002499997 0.001672685 0.001171231 0.002499997 0.001564204 0.001312553 0.002499997 0.001443862 0.001443862 0.002499997 0.001312553 0.001564204 0.002499997 0.001171231 0.001672685 0.002499997 0.001020967 0.00176841 0.002499997 8.62986e-4 0.001850664 0.002499997 6.98405e-4 0.001918852 0.002499997 0.00235784 0 0.002499997 0.00176841 -0.001020967 0.002499997 0.001850664 -8.62986e-4 0.002499997 0.002034187 1.77972e-4 0.002499997 0.002010941 3.5459e-4 0.002499997 0.001972377 5.28508e-4 0.002499997 0.001918852 -6.98405e-4 0.002499997 0.001972377 -5.28508e-4 0.002499997 0.002010941 -3.5459e-4 0.002499997 0.002034187 -1.77972e-4 0.002499997 0.002041995 0 0.002499997 0.001918852 6.98405e-4 0.002499997 0.001850664 8.62986e-4 0.002499997 0.001672685 -0.001171231 0.002499997 0.00117892 -0.002041995 0.002499997 0 -0.002041995 0.002499997 1.77972e-4 -0.002034187 0.002499997 3.5459e-4 -0.002010941 0.002499997 5.28508e-4 -0.001972377 0.002499997 6.98405e-4 -0.001918852 0.002499997 8.62986e-4 -0.001850664 0.002499997 0.001312553 -0.001564204 0.002499997 0.001443862 -0.001443862 0.002499997 0.001564204 -0.001312553 0.002499997 0.001020967 -0.00176841 0.002499997 0.001171231 -0.001672685 0.002499997 -0.00176841 -0.001020967 0.002499997 -0.001672685 -0.001171231 0.002499997 -0.00117892 -0.002041995 0.002499997 -0.001564204 -0.001312553 0.002499997 -0.001443862 -0.001443862 0.002499997 -0.001020967 -0.00176841 0.002499997 -8.62986e-4 -0.001850664 0.002499997 -6.98405e-4 -0.001918852 0.002499997 -5.28508e-4 -0.001972377 0.002499997 -0.001312553 -0.001564204 0.002499997 -0.001171231 -0.001672685 0.002499997 -3.5459e-4 -0.002010941 0.002499997 -1.77972e-4 -0.002034187 0.002499997 -0.001850664 -8.62986e-4 0.002499997 -0.00235784 0 0.002499997 -0.00176841 0.001020967 0.002499997 -0.001850664 8.62986e-4 0.002499997 -0.001918852 6.98405e-4 0.002499997 -0.001972377 5.28508e-4 0.002499997 -0.002010941 3.5459e-4 0.002499997 -0.002034187 1.77972e-4 0.002499997 -0.002041995 0 0.002499997 -0.002034187 -1.77972e-4 0.002499997 -0.002010941 -3.5459e-4 0.002499997 -0.001972377 -5.28508e-4 0.002499997 -0.001918852 -6.98405e-4 5e-4 0 -0.004249989 0 3.26834e-4 -0.003735721 5e-4 3.70412e-4 -0.004233777 0 6.51181e-4 -0.003692984 5e-4 7.38005e-4 -0.004185378 0 9.70571e-4 -0.003622174 5e-4 0.001099944 -0.00410515 0 0.001282572 -0.003523826 5e-4 0.001453578 -0.00399369 0 0.001584768 -0.003398597 5e-4 0.001796126 -0.003851771 0 0.001874983 -0.003247559 5e-4 0.002124965 -0.003680586 0 0.002150893 -0.003071784 5e-4 0.002437651 -0.003481388 0 0.002410411 -0.002872645 5e-4 0.0027318 -0.003255665 0 0.002651631 -0.002651631 5e-4 0.003005146 -0.003005146 0 0.002872645 -0.002410411 5e-4 0.003255665 -0.0027318 0 0.003071784 -0.002150893 5e-4 0.003481388 -0.002437651 0 0.003247559 -0.001874983 5e-4 0.003680586 -0.002124965 0 0.003398597 -0.001584768 5e-4 0.003851771 -0.001796126 0 0.003523826 -0.001282572 5e-4 0.00399369 -0.001453578 0 0.003622174 -9.70571e-4 5e-4 0.00410515 -0.001099944 0 0.003692984 -6.51181e-4 5e-4 0.004185378 -7.38005e-4 0 0.003735721 -3.26834e-4 5e-4 0.004233777 -3.70412e-4 0 0.003749966 0 5e-4 0.004249989 0 0 0.003735721 3.26834e-4 5e-4 0.004233777 3.70412e-4 0 0.003692984 6.51181e-4 5e-4 0.004185378 7.38005e-4 0 0.003622174 9.70571e-4 5e-4 0.00410515 0.001099944 0 0.003523826 0.001282572 5e-4 0.00399369 0.001453578 0 0.003398597 0.001584768 5e-4 0.003851771 0.001796126 0 0.003247559 0.001874983 5e-4 0.003680586 0.002124965 0 0.003071784 0.002150893 5e-4 0.003481388 0.002437651 0 0.002872645 0.002410411 5e-4 0.003255665 0.0027318 0 0.002651631 0.002651631 5e-4 0.003005146 0.003005146 0 0.002410411 0.002872645 5e-4 0.0027318 0.003255665 0 0.002150893 0.003071784 5e-4 0.002437651 0.003481388 0 0.001874983 0.003247559 5e-4 0.002124965 0.003680586 0 0.001584768 0.003398597 5e-4 0.001796126 0.003851771 0 0.001282572 0.003523826 5e-4 0.001453578 0.00399369 0 9.70571e-4 0.003622174 5e-4 0.001099944 0.00410515 0 6.51181e-4 0.003692984 5e-4 7.38005e-4 0.004185378 0 3.26834e-4 0.003735721 5e-4 3.70412e-4 0.004233777 0 0 0.003749966 5e-4 0 0.004249989 0 -3.26834e-4 0.003735721 5e-4 -3.70412e-4 0.004233777 0 -6.51181e-4 0.003692984 5e-4 -7.38005e-4 0.004185378 0 -9.70571e-4 0.003622174 5e-4 -0.001099944 0.00410515 0 -0.001282572 0.003523826 5e-4 -0.001453578 0.00399369 0 -0.001584768 0.003398597 5e-4 -0.001796126 0.003851771 0 -0.001874983 0.003247559 5e-4 -0.002124965 0.003680586 0 -0.002150893 0.003071784 5e-4 -0.002437651 0.003481388 0 -0.002410411 0.002872645 5e-4 -0.0027318 0.003255665 0 -0.002651631 0.002651631 5e-4 -0.003005146 0.003005146 0 -0.002872645 0.002410411 5e-4 -0.003255665 0.0027318 0 -0.003071784 0.002150893 5e-4 -0.003481388 0.002437651 0 -0.003247559 0.001874983 5e-4 -0.003680586 0.002124965 0 -0.003398597 0.001584768 5e-4 -0.003851771 0.001796126 0 -0.003523826 0.001282572 5e-4 -0.00399369 0.001453578 0 -0.003622174 9.70571e-4 5e-4 -0.00410515 0.001099944 0 -0.003692984 6.51181e-4 5e-4 -0.004185378 7.38005e-4 0 -0.003735721 3.26834e-4 5e-4 -0.004233777 3.70412e-4 0 -0.003749966 0 5e-4 -0.004249989 0 0 -0.003735721 -3.26834e-4 5e-4 -0.004233777 -3.70412e-4 0 -0.003692984 -6.51181e-4 5e-4 -0.004185378 -7.38005e-4 0 -0.003622174 -9.70571e-4 5e-4 -0.00410515 -0.001099944 0 -0.003523826 -0.001282572 5e-4 -0.00399369 -0.001453578 0 -0.003398597 -0.001584768 5e-4 -0.003851771 -0.001796126 0 -0.003247559 -0.001874983 5e-4 -0.003680586 -0.002124965 0 -0.003071784 -0.002150893 5e-4 -0.003481388 -0.002437651 0 -0.002872645 -0.002410411 5e-4 -0.003255665 -0.0027318 0 -0.002651631 -0.002651631 5e-4 -0.003005146 -0.003005146 0 -0.002410411 -0.002872645 5e-4 -0.0027318 -0.003255665 0 -0.002150893 -0.003071784 5e-4 -0.002437651 -0.003481388 0 -0.001874983 -0.003247559 5e-4 -0.002124965 -0.003680586 0 -0.001584768 -0.003398597 5e-4 -0.001796126 -0.003851771 0 -0.001282572 -0.003523826 5e-4 -0.001453578 -0.00399369 0 -9.70571e-4 -0.003622174 5e-4 -0.001099944 -0.00410515 0 -6.51181e-4 -0.003692984 5e-4 -7.38005e-4 -0.004185378 0 -3.26834e-4 -0.003735721 5e-4 -3.70412e-4 -0.004233777 0 0 -0.003749966 0.004999995 3.70412e-4 0.004233777 0.004999995 7.38005e-4 0.004185378 0.004999995 0.001099944 0.00410515 0.004999995 0.001453578 0.00399369 0.004999995 0.001796126 0.003851771 0.004999995 0.002124965 0.003680586 0.004999995 0.002437651 0.003481388 0.004999995 0.0027318 0.003255665 0.004999995 0.003005146 0.003005146 0.004999995 0.003255665 0.0027318 0.004999995 0.003481388 0.002437651 0.004999995 0.003680586 0.002124965 0.004999995 0.003851771 0.001796126 0.004999995 0.00399369 0.001453578 0.004999995 0.00410515 0.001099944 0.004999995 0.004185378 7.38005e-4 0.004999995 0.004233777 3.70412e-4 0.004999995 0.004249989 0 0.004999995 0.004233777 -3.70412e-4 0.004999995 0.004185378 -7.38005e-4 0.004999995 0.00410515 -0.001099944 0.004999995 0.00399369 -0.001453578 0.004999995 0.003851771 -0.001796126 0.004999995 0.003680586 -0.002124965 0.004999995 0.003481388 -0.002437651 0.004999995 0.003255665 -0.0027318 0.004999995 0.003005146 -0.003005146 0.004999995 0.0027318 -0.003255665 0.004999995 0.002437651 -0.003481388 0.004999995 0.002124965 -0.003680586 0.004999995 0.001796126 -0.003851771 0.004999995 0.001453578 -0.00399369 0.004999995 0.001099944 -0.00410515 0.004999995 7.38005e-4 -0.004185378 0.004999995 3.70412e-4 -0.004233777 0.004999995 0 -0.004249989 0.004999995 -3.70412e-4 -0.004233777 0.004999995 -7.38005e-4 -0.004185378 0.004999995 -0.001099944 -0.00410515 0.004999995 -0.001453578 -0.00399369 0.004999995 -0.001796126 -0.003851771 0.004999995 -0.002124965 -0.003680586 0.004999995 -0.002437651 -0.003481388 0.004999995 -0.0027318 -0.003255665 0.004999995 -0.003005146 -0.003005146 0.004999995 -0.003255665 -0.0027318 0.004999995 -0.003481388 -0.002437651 0.004999995 -0.003680586 -0.002124965 0.004999995 -0.003851771 -0.001796126 0.004999995 -0.00399369 -0.001453578 0.004999995 -0.00410515 -0.001099944 0.004999995 -0.004185378 -7.38005e-4 0.004999995 -0.004233777 -3.70412e-4 0.004999995 -0.004249989 0 0.004999995 -0.004233777 3.70412e-4 0.004999995 -0.004185378 7.38005e-4 0.004999995 -0.00410515 0.001099944 0.004999995 -0.00399369 0.001453578 0.004999995 -0.003851771 0.001796126 0.004999995 -0.003680586 0.002124965 0.004999995 -0.003481388 0.002437651 0.004999995 -0.003255665 0.0027318 0.004999995 -0.003005146 0.003005146 0.004999995 -0.0027318 0.003255665 0.004999995 -0.002437651 0.003481388 0.004999995 -0.002124965 0.003680586 0.004999995 -0.001796126 0.003851771 0.004999995 -0.001453578 0.00399369 0.004999995 -0.001099944 0.00410515 0.004999995 -7.38005e-4 0.004185378 0.004999995 -3.70412e-4 0.004233777 0.004999995 0 0.004249989 0.005199968 0 0.002499997 0.02455496 2.17889e-4 0.00249046 0.005199968 2.17889e-4 0.00249046 0.02455496 4.3412e-4 0.002461969 0.005199968 4.3412e-4 0.002461969 0.02455496 6.47048e-4 0.002414762 0.005199968 6.47048e-4 0.002414762 0.02455496 8.5505e-4 0.002349197 0.005199968 8.5505e-4 0.002349197 0.02455496 0.001056492 0.002265751 0.005199968 0.001056492 0.002265751 0.02455496 0.001249969 0.002165019 0.005199968 0.001249969 0.002165019 0.02455496 0.001433908 0.002047836 0.005199968 0.001433908 0.002047836 0.02455496 0.001606941 0.001915097 0.005199968 0.001606941 0.001915097 0.02455496 0.001767754 0.001767754 0.005199968 0.001767754 0.001767754 0.02455496 0.001915097 0.001606941 0.005199968 0.001915097 0.001606941 0.02455496 0.002047836 0.001433908 0.005199968 0.002047836 0.001433908 0.02455496 0.002165019 0.001249969 0.005199968 0.002165019 0.001249969 0.02455496 0.002265751 0.001056492 0.005199968 0.002265751 0.001056492 0.02455496 0.002349197 8.5505e-4 0.005199968 0.002349197 8.5505e-4 0.02455496 0.002414762 6.47048e-4 0.005199968 0.002414762 6.47048e-4 0.02455496 0.002461969 4.3412e-4 0.005199968 0.002461969 4.3412e-4 0.02455496 0.00249046 2.17889e-4 0.005199968 0.00249046 2.17889e-4 0.02455496 0.002499997 0 0.005199968 0.002499997 0 0.02455496 0.00249046 -2.17889e-4 0.005199968 0.00249046 -2.17889e-4 0.02455496 0.002461969 -4.3412e-4 0.005199968 0.002461969 -4.3412e-4 0.02455496 0.002414762 -6.47048e-4 0.005199968 0.002414762 -6.47048e-4 0.02455496 0.002349197 -8.5505e-4 0.005199968 0.002349197 -8.5505e-4 0.02455496 0.002265751 -0.001056492 0.005199968 0.002265751 -0.001056492 0.02455496 0.002165019 -0.001249969 0.005199968 0.002165019 -0.001249969 0.02455496 0.002047836 -0.001433908 0.005199968 0.002047836 -0.001433908 0.02455496 0.001915097 -0.001606941 0.005199968 0.001915097 -0.001606941 0.02455496 0.001767754 -0.001767754 0.005199968 0.001767754 -0.001767754 0.02455496 0.001606941 -0.001915097 0.005199968 0.001606941 -0.001915097 0.02455496 0.001433908 -0.002047836 0.005199968 0.001433908 -0.002047836 0.02455496 0.001249969 -0.002165019 0.005199968 0.001249969 -0.002165019 0.02455496 0.001056492 -0.002265751 0.005199968 0.001056492 -0.002265751 0.02455496 8.5505e-4 -0.002349197 0.005199968 8.5505e-4 -0.002349197 0.02455496 6.47048e-4 -0.002414762 0.005199968 6.47048e-4 -0.002414762 0.02455496 4.3412e-4 -0.002461969 0.005199968 4.3412e-4 -0.002461969 0.02455496 2.17889e-4 -0.00249046 0.005199968 2.17889e-4 -0.00249046 0.02455496 0 -0.002499997 0.005199968 0 -0.002499997 0.02455496 -2.17889e-4 -0.00249046 0.005199968 -2.17889e-4 -0.00249046 0.02455496 -4.3412e-4 -0.002461969 0.005199968 -4.3412e-4 -0.002461969 0.02455496 -6.47048e-4 -0.002414762 0.005199968 -6.47048e-4 -0.002414762 0.02455496 -8.5505e-4 -0.002349197 0.005199968 -8.5505e-4 -0.002349197 0.02455496 -0.001056492 -0.002265751 0.005199968 -0.001056492 -0.002265751 0.02455496 -0.001249969 -0.002165019 0.005199968 -0.001249969 -0.002165019 0.02455496 -0.001433908 -0.002047836 0.005199968 -0.001433908 -0.002047836 0.02455496 -0.001606941 -0.001915097 0.005199968 -0.001606941 -0.001915097 0.02455496 -0.001767754 -0.001767754 0.005199968 -0.001767754 -0.001767754 0.02455496 -0.001915097 -0.001606941 0.005199968 -0.001915097 -0.001606941 0.02455496 -0.002047836 -0.001433908 0.005199968 -0.002047836 -0.001433908 0.02455496 -0.002165019 -0.001249969 0.005199968 -0.002165019 -0.001249969 0.02455496 -0.002265751 -0.001056492 0.005199968 -0.002265751 -0.001056492 0.02455496 -0.002349197 -8.5505e-4 0.005199968 -0.002349197 -8.5505e-4 0.02455496 -0.002414762 -6.47048e-4 0.005199968 -0.002414762 -6.47048e-4 0.02455496 -0.002461969 -4.3412e-4 0.005199968 -0.002461969 -4.3412e-4 0.02455496 -0.00249046 -2.17889e-4 0.005199968 -0.00249046 -2.17889e-4 0.02455496 -0.002499997 0 0.005199968 -0.002499997 0 0.02455496 -0.00249046 2.17889e-4 0.005199968 -0.00249046 2.17889e-4 0.02455496 -0.002461969 4.3412e-4 0.005199968 -0.002461969 4.3412e-4 0.02455496 -0.002414762 6.47048e-4 0.005199968 -0.002414762 6.47048e-4 0.02455496 -0.002349197 8.5505e-4 0.005199968 -0.002349197 8.5505e-4 0.02455496 -0.002265751 0.001056492 0.005199968 -0.002265751 0.001056492 0.02455496 -0.002165019 0.001249969 0.005199968 -0.002165019 0.001249969 0.02455496 -0.002047836 0.001433908 0.005199968 -0.002047836 0.001433908 0.02455496 -0.001915097 0.001606941 0.005199968 -0.001915097 0.001606941 0.02455496 -0.001767754 0.001767754 0.005199968 -0.001767754 0.001767754 0.02455496 -0.001606941 0.001915097 0.005199968 -0.001606941 0.001915097 0.02455496 -0.001433908 0.002047836 0.005199968 -0.001433908 0.002047836 0.02455496 -0.001249969 0.002165019 0.005199968 -0.001249969 0.002165019 0.02455496 -0.001056492 0.002265751 0.005199968 -0.001056492 0.002265751 0.02455496 -8.5505e-4 0.002349197 0.005199968 -8.5505e-4 0.002349197 0.02455496 -6.47048e-4 0.002414762 0.005199968 -6.47048e-4 0.002414762 0.02455496 -4.3412e-4 0.002461969 0.005199968 -4.3412e-4 0.002461969 0.02455496 -2.17889e-4 0.00249046 0.005199968 -2.17889e-4 0.00249046 0.02455496 0 0.002499997 0.02499997 1.79105e-4 0.002047121 0.02499997 3.56847e-4 0.002023756 0.02499997 5.31873e-4 0.001984953 0.02499997 7.02851e-4 0.001931011 0.02499997 8.6848e-4 0.001862406 0.02499997 0.001027464 0.001779675 0.02499997 0.001178681 0.001683354 0.02499997 0.001320898 0.001574218 0.02499997 0.001453101 0.001453101 0.02499997 0.001574218 0.001320898 0.02499997 0.001683354 0.001178681 0.02499997 0.001779675 0.001027464 0.02499997 0.001862406 8.6848e-4 0.02499997 0.001931011 7.02851e-4 0.02499997 0.001984953 5.31873e-4 0.02499997 0.002023756 3.56847e-4 0.02499997 0.002047121 1.79105e-4 0.02499997 0.002054989 0 0.02499997 0.002047121 -1.79105e-4 0.02499997 0.002023756 -3.56847e-4 0.02499997 0.001984953 -5.31873e-4 0.02499997 0.001931011 -7.02851e-4 0.02499997 0.001862406 -8.6848e-4 0.02499997 0.001779675 -0.001027464 0.02499997 0.001683354 -0.001178681 0.02499997 0.001574218 -0.001320898 0.02499997 0.001453101 -0.001453101 0.02499997 0.001320898 -0.001574218 0.02499997 0.001178681 -0.001683354 0.02499997 0.001027464 -0.001779675 0.02499997 8.6848e-4 -0.001862406 0.02499997 7.02851e-4 -0.001931011 0.02499997 5.31873e-4 -0.001984953 0.02499997 3.56847e-4 -0.002023756 0.02499997 1.79105e-4 -0.002047121 0.02499997 0 -0.002054989 0.02499997 -1.79105e-4 -0.002047121 0.02499997 -3.56847e-4 -0.002023756 0.02499997 -5.31873e-4 -0.001984953 0.02499997 -7.02851e-4 -0.001931011 0.02499997 -8.6848e-4 -0.001862406 0.02499997 -0.001027464 -0.001779675 0.02499997 -0.001178681 -0.001683354 0.02499997 -0.001320898 -0.001574218 0.02499997 -0.001453101 -0.001453101 0.02499997 -0.001574218 -0.001320898 0.02499997 -0.001683354 -0.001178681 0.02499997 -0.001779675 -0.001027464 0.02499997 -0.001862406 -8.6848e-4 0.02499997 -0.001931011 -7.02851e-4 0.02499997 -0.001984953 -5.31873e-4 0.02499997 -0.002023756 -3.56847e-4 0.02499997 -0.002047121 -1.79105e-4 0.02499997 -0.002054989 0 0.02499997 -0.002047121 1.79105e-4 0.02499997 -0.002023756 3.56847e-4 0.02499997 -0.001984953 5.31873e-4 0.02499997 -0.001931011 7.02851e-4 0.02499997 -0.001862406 8.6848e-4 0.02499997 -0.001779675 0.001027464 0.02499997 -0.001683354 0.001178681 0.02499997 -0.001574218 0.001320898 0.02499997 -0.001453101 0.001453101 0.02499997 -0.001320898 0.001574218 0.02499997 -0.001178681 0.001683354 0.02499997 -0.001027464 0.001779675 0.02499997 -8.6848e-4 0.001862406 0.02499997 -7.02851e-4 0.001931011 0.02499997 -5.31873e-4 0.001984953 0.02499997 -3.56847e-4 0.002023756 0.02499997 -1.79105e-4 0.002047121 0.02499997 0 0.002054989 0.003678917 0 0 0.002499997 -0.001672685 0.001171231 0.002499997 -0.001564204 0.001312553 0.002499997 -0.001312553 0.001564204 0.002499997 -0.001171231 0.001672685 0.002499997 -0.001443862 0.001443862 0.002499997 -8.62986e-4 0.001850664 0.002499997 -6.98405e-4 0.001918852 0.002499997 -0.001020967 0.00176841 0.002499997 -3.5459e-4 0.002010941 0.002499997 -1.77972e-4 0.002034187 0.002499997 -5.28508e-4 0.001972377 0.005182564 2.17956e-4 -0.002491235 0.005182564 4.34253e-4 -0.002462744 0.005182564 6.47245e-4 -0.002415537 0.005182564 8.55311e-4 -0.002349913 0.005182564 0.001056849 -0.002266407 0.005182564 0.001250326 -0.002165675 0.005182564 0.001434326 -0.002048492 0.005182564 0.001607418 -0.001915693 0.005182564 0.00176829 -0.00176829 0.005182564 0.001915693 -0.001607418 0.005182564 0.002048492 -0.001434326 0.005182564 0.002165675 -0.001250326 0.005182564 0.002266407 -0.001056849 0.005182564 0.002349913 -8.55311e-4 0.005182564 0.002415537 -6.47245e-4 0.005182564 0.002462744 -4.34253e-4 0.005182564 0.002491235 -2.17956e-4 0.005182564 0.002500712 0 0.005182564 0.002491235 2.17956e-4 0.005182564 0.002462744 4.34253e-4 0.005182564 0.002415537 6.47245e-4 0.005182564 0.002349913 8.55311e-4 0.005182564 0.002266407 0.001056849 0.005182564 0.002165675 0.001250326 0.005182564 0.002048492 0.001434326 0.005182564 0.001915693 0.001607418 0.005182564 0.00176829 0.00176829 0.005182564 0.001607418 0.001915693 0.005182564 0.001434326 0.002048492 0.005182564 0.001250326 0.002165675 0.005182564 0.001056849 0.002266407 0.005182564 8.55311e-4 0.002349913 0.005182564 6.47245e-4 0.002415537 0.005182564 4.34253e-4 0.002462744 0.005182564 2.17956e-4 0.002491235 0.005182564 0 0.002500712 0.005182564 -2.17956e-4 0.002491235 0.005182564 -4.34253e-4 0.002462744 0.005182564 -6.47245e-4 0.002415537 0.005182564 -8.55311e-4 0.002349913 0.005182564 -0.001056849 0.002266407 0.005182564 -0.001250326 0.002165675 0.005182564 -0.001434326 0.002048492 0.005182564 -0.001607418 0.001915693 0.005182564 -0.00176829 0.00176829 0.005182564 -0.001915693 0.001607418 0.005182564 -0.002048492 0.001434326 0.005182564 -0.002165675 0.001250326 0.005182564 -0.002266407 0.001056849 0.005182564 -0.002349913 8.55311e-4 0.005182564 -0.002415537 6.47245e-4 0.005182564 -0.002462744 4.34253e-4 0.005182564 -0.002491235 2.17956e-4 0.005182564 -0.002500712 0 0.005182564 -0.002491235 -2.17956e-4 0.005182564 -0.002462744 -4.34253e-4 0.005182564 -0.002415537 -6.47245e-4 0.005182564 -0.002349913 -8.55311e-4 0.005182564 -0.002266407 -0.001056849 0.005182564 -0.002165675 -0.001250326 0.005182564 -0.002048492 -0.001434326 0.005182564 -0.001915693 -0.001607418 0.005182564 -0.00176829 -0.00176829 0.005182564 -0.001607418 -0.001915693 0.005182564 -0.001434326 -0.002048492 0.005182564 -0.001250326 -0.002165675 0.005182564 -0.001056849 -0.002266407 0.005182564 -8.55311e-4 -0.002349913 0.005182564 -6.47245e-4 -0.002415537 0.005182564 -4.34253e-4 -0.002462744 0.005182564 -2.17956e-4 -0.002491235 0.005182564 0 -0.002500712 0.005165219 2.18154e-4 -0.0024935 0.005165219 4.34648e-4 -0.002465009 0.005165219 6.47834e-4 -0.002417743 0.005165219 8.5609e-4 -0.002352058 0.005165219 0.001057803 -0.002268493 0.005165219 0.001251518 -0.002167642 0.005165219 0.001435637 -0.00205034 0.005165219 0.001608908 -0.001917421 0.005165219 0.0017699 -0.0017699 0.005165219 0.001917421 -0.001608908 0.005165219 0.00205034 -0.001435637 0.005165219 0.002167642 -0.001251518 0.005165219 0.002268493 -0.001057803 0.005165219 0.002352058 -8.5609e-4 0.005165219 0.002417743 -6.47834e-4 0.005165219 0.002465009 -4.34648e-4 0.005165219 0.0024935 -2.18154e-4 0.005165219 0.002503037 0 0.005165219 0.0024935 2.18154e-4 0.005165219 0.002465009 4.34648e-4 0.005165219 0.002417743 6.47834e-4 0.005165219 0.002352058 8.5609e-4 0.005165219 0.002268493 0.001057803 0.005165219 0.002167642 0.001251518 0.005165219 0.00205034 0.001435637 0.005165219 0.001917421 0.001608908 0.005165219 0.0017699 0.0017699 0.005165219 0.001608908 0.001917421 0.005165219 0.001435637 0.00205034 0.005165219 0.001251518 0.002167642 0.005165219 0.001057803 0.002268493 0.005165219 8.5609e-4 0.002352058 0.005165219 6.47834e-4 0.002417743 0.005165219 4.34648e-4 0.002465009 0.005165219 2.18154e-4 0.0024935 0.005165219 0 0.002503037 0.005165219 -2.18154e-4 0.0024935 0.005165219 -4.34648e-4 0.002465009 0.005165219 -6.47834e-4 0.002417743 0.005165219 -8.5609e-4 0.002352058 0.005165219 -0.001057803 0.002268493 0.005165219 -0.001251518 0.002167642 0.005165219 -0.001435637 0.00205034 0.005165219 -0.001608908 0.001917421 0.005165219 -0.0017699 0.0017699 0.005165219 -0.001917421 0.001608908 0.005165219 -0.00205034 0.001435637 0.005165219 -0.002167642 0.001251518 0.005165219 -0.002268493 0.001057803 0.005165219 -0.002352058 8.5609e-4 0.005165219 -0.002417743 6.47834e-4 0.005165219 -0.002465009 4.34648e-4 0.005165219 -0.0024935 2.18154e-4 0.005165219 -0.002503037 0 0.005165219 -0.0024935 -2.18154e-4 0.005165219 -0.002465009 -4.34648e-4 0.005165219 -0.002417743 -6.47834e-4 0.005165219 -0.002352058 -8.5609e-4 0.005165219 -0.002268493 -0.001057803 0.005165219 -0.002167642 -0.001251518 0.005165219 -0.00205034 -0.001435637 0.005165219 -0.001917421 -0.001608908 0.005165219 -0.0017699 -0.0017699 0.005165219 -0.001608908 -0.001917421 0.005165219 -0.001435637 -0.00205034 0.005165219 -0.001251518 -0.002167642 0.005165219 -0.001057803 -0.002268493 0.005165219 -8.5609e-4 -0.002352058 0.005165219 -6.47834e-4 -0.002417743 0.005165219 -4.34648e-4 -0.002465009 0.005165219 -2.18154e-4 -0.0024935 0.005165219 0 -0.002503037 0.005148231 2.18483e-4 -0.002497255 0.005148231 4.35304e-4 -0.002468705 0.005148231 6.48811e-4 -0.002421379 0.005148231 8.57381e-4 -0.002355635 0.005148231 0.001059412 -0.00227189 0.005148231 0.001253366 -0.00217092 0.005148231 0.001437842 -0.002053439 0.005148231 0.001611292 -0.001920282 0.005148231 0.001772582 -0.001772582 0.005148231 0.001920282 -0.001611292 0.005148231 0.002053439 -0.001437842 0.005148231 0.00217092 -0.001253366 0.005148231 0.00227189 -0.001059412 0.005148231 0.002355635 -8.57381e-4 0.005148231 0.002421379 -6.48811e-4 0.005148231 0.002468705 -4.35304e-4 0.005148231 0.002497255 -2.18483e-4 0.005148231 0.002506792 0 0.005148231 0.002497255 2.18483e-4 0.005148231 0.002468705 4.35304e-4 0.005148231 0.002421379 6.48811e-4 0.005148231 0.002355635 8.57381e-4 0.005148231 0.00227189 0.001059412 0.005148231 0.00217092 0.001253366 0.005148231 0.002053439 0.001437842 0.005148231 0.001920282 0.001611292 0.005148231 0.001772582 0.001772582 0.005148231 0.001611292 0.001920282 0.005148231 0.001437842 0.002053439 0.005148231 0.001253366 0.00217092 0.005148231 0.001059412 0.00227189 0.005148231 8.57381e-4 0.002355635 0.005148231 6.48811e-4 0.002421379 0.005148231 4.35304e-4 0.002468705 0.005148231 2.18483e-4 0.002497255 0.005148231 0 0.002506792 0.005148231 -2.18483e-4 0.002497255 0.005148231 -4.35304e-4 0.002468705 0.005148231 -6.48811e-4 0.002421379 0.005148231 -8.57381e-4 0.002355635 0.005148231 -0.001059412 0.00227189 0.005148231 -0.001253366 0.00217092 0.005148231 -0.001437842 0.002053439 0.005148231 -0.001611292 0.001920282 0.005148231 -0.001772582 0.001772582 0.005148231 -0.001920282 0.001611292 0.005148231 -0.002053439 0.001437842 0.005148231 -0.00217092 0.001253366 0.005148231 -0.00227189 0.001059412 0.005148231 -0.002355635 8.57381e-4 0.005148231 -0.002421379 6.48811e-4 0.005148231 -0.002468705 4.35304e-4 0.005148231 -0.002497255 2.18483e-4 0.005148231 -0.002506792 0 0.005148231 -0.002497255 -2.18483e-4 0.005148231 -0.002468705 -4.35304e-4 0.005148231 -0.002421379 -6.48811e-4 0.005148231 -0.002355635 -8.57381e-4 0.005148231 -0.00227189 -0.001059412 0.005148231 -0.00217092 -0.001253366 0.005148231 -0.002053439 -0.001437842 0.005148231 -0.001920282 -0.001611292 0.005148231 -0.001772582 -0.001772582 0.005148231 -0.001611292 -0.001920282 0.005148231 -0.001437842 -0.002053439 0.005148231 -0.001253366 -0.00217092 0.005148231 -0.001059412 -0.00227189 0.005148231 -8.57381e-4 -0.002355635 0.005148231 -6.48811e-4 -0.002421379 0.005148231 -4.35304e-4 -0.002468705 0.005148231 -2.18483e-4 -0.002497255 0.005148231 0 -0.002506792 0.005131542 2.18941e-4 -0.002502501 0.005131542 4.36215e-4 -0.00247389 0.005131542 6.50169e-4 -0.002426445 0.005131542 8.59176e-4 -0.002360522 0.005131542 0.001061618 -0.002276659 0.005131542 0.001255989 -0.00217545 0.005131542 0.001440823 -0.002057731 0.005131542 0.001614689 -0.001924335 0.005131542 0.001776278 -0.001776278 0.005131542 0.001924335 -0.001614689 0.005131542 0.002057731 -0.001440823 0.005131542 0.00217545 -0.001255989 0.005131542 0.002276659 -0.001061618 0.005131542 0.002360522 -8.59176e-4 0.005131542 0.002426445 -6.50169e-4 0.005131542 0.00247389 -4.36215e-4 0.005131542 0.002502501 -2.18941e-4 0.005131542 0.002512037 0 0.005131542 0.002502501 2.18941e-4 0.005131542 0.00247389 4.36215e-4 0.005131542 0.002426445 6.50169e-4 0.005131542 0.002360522 8.59176e-4 0.005131542 0.002276659 0.001061618 0.005131542 0.00217545 0.001255989 0.005131542 0.002057731 0.001440823 0.005131542 0.001924335 0.001614689 0.005131542 0.001776278 0.001776278 0.005131542 0.001614689 0.001924335 0.005131542 0.001440823 0.002057731 0.005131542 0.001255989 0.00217545 0.005131542 0.001061618 0.002276659 0.005131542 8.59176e-4 0.002360522 0.005131542 6.50169e-4 0.002426445 0.005131542 4.36215e-4 0.00247389 0.005131542 2.18941e-4 0.002502501 0.005131542 0 0.002512037 0.005131542 -2.18941e-4 0.002502501 0.005131542 -4.36215e-4 0.00247389 0.005131542 -6.50169e-4 0.002426445 0.005131542 -8.59176e-4 0.002360522 0.005131542 -0.001061618 0.002276659 0.005131542 -0.001255989 0.00217545 0.005131542 -0.001440823 0.002057731 0.005131542 -0.001614689 0.001924335 0.005131542 -0.001776278 0.001776278 0.005131542 -0.001924335 0.001614689 0.005131542 -0.002057731 0.001440823 0.005131542 -0.00217545 0.001255989 0.005131542 -0.002276659 0.001061618 0.005131542 -0.002360522 8.59176e-4 0.005131542 -0.002426445 6.50169e-4 0.005131542 -0.00247389 4.36215e-4 0.005131542 -0.002502501 2.18941e-4 0.005131542 -0.002512037 0 0.005131542 -0.002502501 -2.18941e-4 0.005131542 -0.00247389 -4.36215e-4 0.005131542 -0.002426445 -6.50169e-4 0.005131542 -0.002360522 -8.59176e-4 0.005131542 -0.002276659 -0.001061618 0.005131542 -0.00217545 -0.001255989 0.005131542 -0.002057731 -0.001440823 0.005131542 -0.001924335 -0.001614689 0.005131542 -0.001776278 -0.001776278 0.005131542 -0.001614689 -0.001924335 0.005131542 -0.001440823 -0.002057731 0.005131542 -0.001255989 -0.00217545 0.005131542 -0.001061618 -0.002276659 0.005131542 -8.59176e-4 -0.002360522 0.005131542 -6.50169e-4 -0.002426445 0.005131542 -4.36215e-4 -0.00247389 0.005131542 -2.18941e-4 -0.002502501 0.005131542 0 -0.002512037 0.005115449 2.19523e-4 -0.002509117 0.005115449 4.37374e-4 -0.002480447 0.005115449 6.51897e-4 -0.002432882 0.005115449 8.61459e-4 -0.002366781 0.005115449 0.001064419 -0.002282738 0.005115449 0.001259326 -0.002181291 0.005115449 0.001444637 -0.002063214 0.005115449 0.001618981 -0.001929461 0.005115449 0.001780986 -0.001780986 0.005115449 0.001929461 -0.001618981 0.005115449 0.002063214 -0.001444637 0.005115449 0.002181291 -0.001259326 0.005115449 0.002282738 -0.001064419 0.005115449 0.002366781 -8.61459e-4 0.005115449 0.002432882 -6.51897e-4 0.005115449 0.002480447 -4.37374e-4 0.005115449 0.002509117 -2.19523e-4 0.005115449 0.002518713 0 0.005115449 0.002509117 2.19523e-4 0.005115449 0.002480447 4.37374e-4 0.005115449 0.002432882 6.51897e-4 0.005115449 0.002366781 8.61459e-4 0.005115449 0.002282738 0.001064419 0.005115449 0.002181291 0.001259326 0.005115449 0.002063214 0.001444637 0.005115449 0.001929461 0.001618981 0.005115449 0.001780986 0.001780986 0.005115449 0.001618981 0.001929461 0.005115449 0.001444637 0.002063214 0.005115449 0.001259326 0.002181291 0.005115449 0.001064419 0.002282738 0.005115449 8.61459e-4 0.002366781 0.005115449 6.51897e-4 0.002432882 0.005115449 4.37374e-4 0.002480447 0.005115449 2.19523e-4 0.002509117 0.005115449 0 0.002518713 0.005115449 -2.19523e-4 0.002509117 0.005115449 -4.37374e-4 0.002480447 0.005115449 -6.51897e-4 0.002432882 0.005115449 -8.61459e-4 0.002366781 0.005115449 -0.001064419 0.002282738 0.005115449 -0.001259326 0.002181291 0.005115449 -0.001444637 0.002063214 0.005115449 -0.001618981 0.001929461 0.005115449 -0.001780986 0.001780986 0.005115449 -0.001929461 0.001618981 0.005115449 -0.002063214 0.001444637 0.005115449 -0.002181291 0.001259326 0.005115449 -0.002282738 0.001064419 0.005115449 -0.002366781 8.61459e-4 0.005115449 -0.002432882 6.51897e-4 0.005115449 -0.002480447 4.37374e-4 0.005115449 -0.002509117 2.19523e-4 0.005115449 -0.002518713 0 0.005115449 -0.002509117 -2.19523e-4 0.005115449 -0.002480447 -4.37374e-4 0.005115449 -0.002432882 -6.51897e-4 0.005115449 -0.002366781 -8.61459e-4 0.005115449 -0.002282738 -0.001064419 0.005115449 -0.002181291 -0.001259326 0.005115449 -0.002063214 -0.001444637 0.005115449 -0.001929461 -0.001618981 0.005115449 -0.001780986 -0.001780986 0.005115449 -0.001618981 -0.001929461 0.005115449 -0.001444637 -0.002063214 0.005115449 -0.001259326 -0.002181291 0.005115449 -0.001064419 -0.002282738 0.005115449 -8.61459e-4 -0.002366781 0.005115449 -6.51897e-4 -0.002432882 0.005115449 -4.37374e-4 -0.002480447 0.005115449 -2.19523e-4 -0.002509117 0.005115449 0 -0.002518713 0.005099952 2.20225e-4 -0.002517163 0.005099952 4.38773e-4 -0.002488374 0.005099952 6.53983e-4 -0.00244069 0.005099952 8.64215e-4 -0.00237441 0.005099952 0.001067817 -0.00229001 0.005099952 0.00126338 -0.002188265 0.005099952 0.001449286 -0.002069771 0.005099952 0.001624166 -0.001935601 0.005099952 0.001786708 -0.001786708 0.005099952 0.001935601 -0.001624166 0.005099952 0.002069771 -0.001449286 0.005099952 0.002188265 -0.00126338 0.005099952 0.00229001 -0.001067817 0.005099952 0.00237441 -8.64215e-4 0.005099952 0.00244069 -6.53983e-4 0.005099952 0.002488374 -4.38773e-4 0.005099952 0.002517163 -2.20225e-4 0.005099952 0.00252676 0 0.005099952 0.002517163 2.20225e-4 0.005099952 0.002488374 4.38773e-4 0.005099952 0.00244069 6.53983e-4 0.005099952 0.00237441 8.64215e-4 0.005099952 0.00229001 0.001067817 0.005099952 0.002188265 0.00126338 0.005099952 0.002069771 0.001449286 0.005099952 0.001935601 0.001624166 0.005099952 0.001786708 0.001786708 0.005099952 0.001624166 0.001935601 0.005099952 0.001449286 0.002069771 0.005099952 0.00126338 0.002188265 0.005099952 0.001067817 0.00229001 0.005099952 8.64215e-4 0.00237441 0.005099952 6.53983e-4 0.00244069 0.005099952 4.38773e-4 0.002488374 0.005099952 2.20225e-4 0.002517163 0.005099952 0 0.00252676 0.005099952 -2.20225e-4 0.002517163 0.005099952 -4.38773e-4 0.002488374 0.005099952 -6.53983e-4 0.00244069 0.005099952 -8.64215e-4 0.00237441 0.005099952 -0.001067817 0.00229001 0.005099952 -0.00126338 0.002188265 0.005099952 -0.001449286 0.002069771 0.005099952 -0.001624166 0.001935601 0.005099952 -0.001786708 0.001786708 0.005099952 -0.001935601 0.001624166 0.005099952 -0.002069771 0.001449286 0.005099952 -0.002188265 0.00126338 0.005099952 -0.00229001 0.001067817 0.005099952 -0.00237441 8.64215e-4 0.005099952 -0.00244069 6.53983e-4 0.005099952 -0.002488374 4.38773e-4 0.005099952 -0.002517163 2.20225e-4 0.005099952 -0.00252676 0 0.005099952 -0.002517163 -2.20225e-4 0.005099952 -0.002488374 -4.38773e-4 0.005099952 -0.00244069 -6.53983e-4 0.005099952 -0.00237441 -8.64215e-4 0.005099952 -0.00229001 -0.001067817 0.005099952 -0.002188265 -0.00126338 0.005099952 -0.002069771 -0.001449286 0.005099952 -0.001935601 -0.001624166 0.005099952 -0.001786708 -0.001786708 0.005099952 -0.001624166 -0.001935601 0.005099952 -0.001449286 -0.002069771 0.005099952 -0.00126338 -0.002188265 0.005099952 -0.001067817 -0.00229001 0.005099952 -8.64215e-4 -0.00237441 0.005099952 -6.53983e-4 -0.00244069 0.005099952 -4.38773e-4 -0.002488374 0.005099952 -2.20225e-4 -0.002517163 0.005099952 0 -0.00252676 0.005085229 2.21042e-4 -0.002526462 0.005085229 4.40401e-4 -0.002497613 0.005085229 6.56409e-4 -0.00244975 0.005085229 8.67421e-4 -0.002383172 0.005085229 0.00107181 -0.002298533 0.005085229 0.001268029 -0.002196371 0.005085229 0.001454651 -0.00207746 0.005085229 0.001630187 -0.001942813 0.005085229 0.001793324 -0.001793324 0.005085229 0.001942813 -0.001630187 0.005085229 0.00207746 -0.001454651 0.005085229 0.002196371 -0.001268029 0.005085229 0.002298533 -0.00107181 0.005085229 0.002383172 -8.67421e-4 0.005085229 0.00244975 -6.56409e-4 0.005085229 0.002497613 -4.40401e-4 0.005085229 0.002526462 -2.21042e-4 0.005085229 0.002536118 0 0.005085229 0.002526462 2.21042e-4 0.005085229 0.002497613 4.40401e-4 0.005085229 0.00244975 6.56409e-4 0.005085229 0.002383172 8.67421e-4 0.005085229 0.002298533 0.00107181 0.005085229 0.002196371 0.001268029 0.005085229 0.00207746 0.001454651 0.005085229 0.001942813 0.001630187 0.005085229 0.001793324 0.001793324 0.005085229 0.001630187 0.001942813 0.005085229 0.001454651 0.00207746 0.005085229 0.001268029 0.002196371 0.005085229 0.00107181 0.002298533 0.005085229 8.67421e-4 0.002383172 0.005085229 6.56409e-4 0.00244975 0.005085229 4.40401e-4 0.002497613 0.005085229 2.21042e-4 0.002526462 0.005085229 0 0.002536118 0.005085229 -2.21042e-4 0.002526462 0.005085229 -4.40401e-4 0.002497613 0.005085229 -6.56409e-4 0.00244975 0.005085229 -8.67421e-4 0.002383172 0.005085229 -0.00107181 0.002298533 0.005085229 -0.001268029 0.002196371 0.005085229 -0.001454651 0.00207746 0.005085229 -0.001630187 0.001942813 0.005085229 -0.001793324 0.001793324 0.005085229 -0.001942813 0.001630187 0.005085229 -0.00207746 0.001454651 0.005085229 -0.002196371 0.001268029 0.005085229 -0.002298533 0.00107181 0.005085229 -0.002383172 8.67421e-4 0.005085229 -0.00244975 6.56409e-4 0.005085229 -0.002497613 4.40401e-4 0.005085229 -0.002526462 2.21042e-4 0.005085229 -0.002536118 0 0.005085229 -0.002526462 -2.21042e-4 0.005085229 -0.002497613 -4.40401e-4 0.005085229 -0.00244975 -6.56409e-4 0.005085229 -0.002383172 -8.67421e-4 0.005085229 -0.002298533 -0.00107181 0.005085229 -0.002196371 -0.001268029 0.005085229 -0.00207746 -0.001454651 0.005085229 -0.001942813 -0.001630187 0.005085229 -0.001793324 -0.001793324 0.005085229 -0.001630187 -0.001942813 0.005085229 -0.001454651 -0.00207746 0.005085229 -0.001268029 -0.002196371 0.005085229 -0.00107181 -0.002298533 0.005085229 -8.67421e-4 -0.002383172 0.005085229 -6.56409e-4 -0.00244975 0.005085229 -4.40401e-4 -0.002497613 0.005085229 -2.21042e-4 -0.002526462 0.005085229 0 -0.002536118 0.005071401 2.21967e-4 -0.002537071 0.005071401 4.42246e-4 -0.002508044 0.005071401 6.59158e-4 -0.002460002 0.005071401 8.71054e-4 -0.002393186 0.005071401 0.001076281 -0.00230813 0.005071401 0.001273393 -0.00220555 0.005071401 0.001460731 -0.002086162 0.005071401 0.001637041 -0.001950919 0.005071401 0.001800835 -0.001800835 0.005071401 0.001950919 -0.001637041 0.005071401 0.002086162 -0.001460731 0.005071401 0.00220555 -0.001273393 0.005071401 0.00230813 -0.001076281 0.005071401 0.002393186 -8.71054e-4 0.005071401 0.002460002 -6.59158e-4 0.005071401 0.002508044 -4.42246e-4 0.005071401 0.002537071 -2.21967e-4 0.005071401 0.002546787 0 0.005071401 0.002537071 2.21967e-4 0.005071401 0.002508044 4.42246e-4 0.005071401 0.002460002 6.59158e-4 0.005071401 0.002393186 8.71054e-4 0.005071401 0.00230813 0.001076281 0.005071401 0.00220555 0.001273393 0.005071401 0.002086162 0.001460731 0.005071401 0.001950919 0.001637041 0.005071401 0.001800835 0.001800835 0.005071401 0.001637041 0.001950919 0.005071401 0.001460731 0.002086162 0.005071401 0.001273393 0.00220555 0.005071401 0.001076281 0.00230813 0.005071401 8.71054e-4 0.002393186 0.005071401 6.59158e-4 0.002460002 0.005071401 4.42246e-4 0.002508044 0.005071401 2.21967e-4 0.002537071 0.005071401 0 0.002546787 0.005071401 -2.21967e-4 0.002537071 0.005071401 -4.42246e-4 0.002508044 0.005071401 -6.59158e-4 0.002460002 0.005071401 -8.71054e-4 0.002393186 0.005071401 -0.001076281 0.00230813 0.005071401 -0.001273393 0.00220555 0.005071401 -0.001460731 0.002086162 0.005071401 -0.001637041 0.001950919 0.005071401 -0.001800835 0.001800835 0.005071401 -0.001950919 0.001637041 0.005071401 -0.002086162 0.001460731 0.005071401 -0.00220555 0.001273393 0.005071401 -0.00230813 0.001076281 0.005071401 -0.002393186 8.71054e-4 0.005071401 -0.002460002 6.59158e-4 0.005071401 -0.002508044 4.42246e-4 0.005071401 -0.002537071 2.21967e-4 0.005071401 -0.002546787 0 0.005071401 -0.002537071 -2.21967e-4 0.005071401 -0.002508044 -4.42246e-4 0.005071401 -0.002460002 -6.59158e-4 0.005071401 -0.002393186 -8.71054e-4 0.005071401 -0.00230813 -0.001076281 0.005071401 -0.00220555 -0.001273393 0.005071401 -0.002086162 -0.001460731 0.005071401 -0.001950919 -0.001637041 0.005071401 -0.001800835 -0.001800835 0.005071401 -0.001637041 -0.001950919 0.005071401 -0.001460731 -0.002086162 0.005071401 -0.001273393 -0.00220555 0.005071401 -0.001076281 -0.00230813 0.005071401 -8.71054e-4 -0.002393186 0.005071401 -6.59158e-4 -0.002460002 0.005071401 -4.42246e-4 -0.002508044 0.005071401 -2.21967e-4 -0.002537071 0.005071401 0 -0.002546787 0.005058526 2.22995e-4 -0.002548813 0.005058526 4.44293e-4 -0.002519667 0.005058526 6.62209e-4 -0.002471387 0.005058526 8.75085e-4 -0.002404272 0.005058526 0.001081287 -0.002318859 0.005058526 0.001279234 -0.002215743 0.005058526 0.001467525 -0.002095818 0.005058526 0.001644611 -0.001959979 0.005058526 0.001809179 -0.001809179 0.005058526 0.001959979 -0.001644611 0.005058526 0.002095818 -0.001467525 0.005058526 0.002215743 -0.001279234 0.005058526 0.002318859 -0.001081287 0.005058526 0.002404272 -8.75085e-4 0.005058526 0.002471387 -6.62209e-4 0.005058526 0.002519667 -4.44293e-4 0.005058526 0.002548813 -2.22995e-4 0.005058526 0.002558529 0 0.005058526 0.002548813 2.22995e-4 0.005058526 0.002519667 4.44293e-4 0.005058526 0.002471387 6.62209e-4 0.005058526 0.002404272 8.75085e-4 0.005058526 0.002318859 0.001081287 0.005058526 0.002215743 0.001279234 0.005058526 0.002095818 0.001467525 0.005058526 0.001959979 0.001644611 0.005058526 0.001809179 0.001809179 0.005058526 0.001644611 0.001959979 0.005058526 0.001467525 0.002095818 0.005058526 0.001279234 0.002215743 0.005058526 0.001081287 0.002318859 0.005058526 8.75085e-4 0.002404272 0.005058526 6.62209e-4 0.002471387 0.005058526 4.44293e-4 0.002519667 0.005058526 2.22995e-4 0.002548813 0.005058526 0 0.002558529 0.005058526 -2.22995e-4 0.002548813 0.005058526 -4.44293e-4 0.002519667 0.005058526 -6.62209e-4 0.002471387 0.005058526 -8.75085e-4 0.002404272 0.005058526 -0.001081287 0.002318859 0.005058526 -0.001279234 0.002215743 0.005058526 -0.001467525 0.002095818 0.005058526 -0.001644611 0.001959979 0.005058526 -0.001809179 0.001809179 0.005058526 -0.001959979 0.001644611 0.005058526 -0.002095818 0.001467525 0.005058526 -0.002215743 0.001279234 0.005058526 -0.002318859 0.001081287 0.005058526 -0.002404272 8.75085e-4 0.005058526 -0.002471387 6.62209e-4 0.005058526 -0.002519667 4.44293e-4 0.005058526 -0.002548813 2.22995e-4 0.005058526 -0.002558529 0 0.005058526 -0.002548813 -2.22995e-4 0.005058526 -0.002519667 -4.44293e-4 0.005058526 -0.002471387 -6.62209e-4 0.005058526 -0.002404272 -8.75085e-4 0.005058526 -0.002318859 -0.001081287 0.005058526 -0.002215743 -0.001279234 0.005058526 -0.002095818 -0.001467525 0.005058526 -0.001959979 -0.001644611 0.005058526 -0.001809179 -0.001809179 0.005058526 -0.001644611 -0.001959979 0.005058526 -0.001467525 -0.002095818 0.005058526 -0.001279234 -0.002215743 0.005058526 -0.001081287 -0.002318859 0.005058526 -8.75085e-4 -0.002404272 0.005058526 -6.62209e-4 -0.002471387 0.005058526 -4.44293e-4 -0.002519667 0.005058526 -2.22995e-4 -0.002548813 0.005058526 0 -0.002558529 0.005046784 2.24116e-4 -0.002561628 0.005046784 4.46526e-4 -0.002532362 0.005046784 6.65538e-4 -0.002483785 0.005046784 8.79485e-4 -0.002416312 0.005046784 0.001086711 -0.002330482 0.005046784 0.001285672 -0.002226889 0.005046784 0.001474916 -0.002106368 0.005046784 0.001652836 -0.001969814 0.005046784 0.001818239 -0.001818239 0.005046784 0.001969814 -0.001652836 0.005046784 0.002106368 -0.001474916 0.005046784 0.002226889 -0.001285672 0.005046784 0.002330482 -0.001086711 0.005046784 0.002416312 -8.79485e-4 0.005046784 0.002483785 -6.65538e-4 0.005046784 0.002532362 -4.46526e-4 0.005046784 0.002561628 -2.24116e-4 0.005046784 0.002571403 0 0.005046784 0.002561628 2.24116e-4 0.005046784 0.002532362 4.46526e-4 0.005046784 0.002483785 6.65538e-4 0.005046784 0.002416312 8.79485e-4 0.005046784 0.002330482 0.001086711 0.005046784 0.002226889 0.001285672 0.005046784 0.002106368 0.001474916 0.005046784 0.001969814 0.001652836 0.005046784 0.001818239 0.001818239 0.005046784 0.001652836 0.001969814 0.005046784 0.001474916 0.002106368 0.005046784 0.001285672 0.002226889 0.005046784 0.001086711 0.002330482 0.005046784 8.79485e-4 0.002416312 0.005046784 6.65538e-4 0.002483785 0.005046784 4.46526e-4 0.002532362 0.005046784 2.24116e-4 0.002561628 0.005046784 0 0.002571403 0.005046784 -2.24116e-4 0.002561628 0.005046784 -4.46526e-4 0.002532362 0.005046784 -6.65538e-4 0.002483785 0.005046784 -8.79485e-4 0.002416312 0.005046784 -0.001086711 0.002330482 0.005046784 -0.001285672 0.002226889 0.005046784 -0.001474916 0.002106368 0.005046784 -0.001652836 0.001969814 0.005046784 -0.001818239 0.001818239 0.005046784 -0.001969814 0.001652836 0.005046784 -0.002106368 0.001474916 0.005046784 -0.002226889 0.001285672 0.005046784 -0.002330482 0.001086711 0.005046784 -0.002416312 8.79485e-4 0.005046784 -0.002483785 6.65538e-4 0.005046784 -0.002532362 4.46526e-4 0.005046784 -0.002561628 2.24116e-4 0.005046784 -0.002571403 0 0.005046784 -0.002561628 -2.24116e-4 0.005046784 -0.002532362 -4.46526e-4 0.005046784 -0.002483785 -6.65538e-4 0.005046784 -0.002416312 -8.79485e-4 0.005046784 -0.002330482 -0.001086711 0.005046784 -0.002226889 -0.001285672 0.005046784 -0.002106368 -0.001474916 0.005046784 -0.001969814 -0.001652836 0.005046784 -0.001818239 -0.001818239 0.005046784 -0.001652836 -0.001969814 0.005046784 -0.001474916 -0.002106368 0.005046784 -0.001285672 -0.002226889 0.005046784 -0.001086711 -0.002330482 0.005046784 -8.79485e-4 -0.002416312 0.005046784 -6.65538e-4 -0.002483785 0.005046784 -4.46526e-4 -0.002532362 0.005046784 -2.24116e-4 -0.002561628 0.005046784 0 -0.002571403 0.005036115 2.25322e-4 -0.002575397 0.005036115 4.4893e-4 -0.002545952 0.005036115 6.69121e-4 -0.002497136 0.005036115 8.84219e-4 -0.002429366 0.005036115 0.001092553 -0.002343058 0.005036115 0.001292586 -0.002238869 0.005036115 0.001482844 -0.002117693 0.005036115 0.001661777 -0.001980423 0.005036115 0.001828014 -0.001828014 0.005036115 0.001980423 -0.001661777 0.005036115 0.002117693 -0.001482844 0.005036115 0.002238869 -0.001292586 0.005036115 0.002343058 -0.001092553 0.005036115 0.002429366 -8.84219e-4 0.005036115 0.002497136 -6.69121e-4 0.005036115 0.002545952 -4.4893e-4 0.005036115 0.002575397 -2.25322e-4 0.005036115 0.002585232 0 0.005036115 0.002575397 2.25322e-4 0.005036115 0.002545952 4.4893e-4 0.005036115 0.002497136 6.69121e-4 0.005036115 0.002429366 8.84219e-4 0.005036115 0.002343058 0.001092553 0.005036115 0.002238869 0.001292586 0.005036115 0.002117693 0.001482844 0.005036115 0.001980423 0.001661777 0.005036115 0.001828014 0.001828014 0.005036115 0.001661777 0.001980423 0.005036115 0.001482844 0.002117693 0.005036115 0.001292586 0.002238869 0.005036115 0.001092553 0.002343058 0.005036115 8.84219e-4 0.002429366 0.005036115 6.69121e-4 0.002497136 0.005036115 4.4893e-4 0.002545952 0.005036115 2.25322e-4 0.002575397 0.005036115 0 0.002585232 0.005036115 -2.25322e-4 0.002575397 0.005036115 -4.4893e-4 0.002545952 0.005036115 -6.69121e-4 0.002497136 0.005036115 -8.84219e-4 0.002429366 0.005036115 -0.001092553 0.002343058 0.005036115 -0.001292586 0.002238869 0.005036115 -0.001482844 0.002117693 0.005036115 -0.001661777 0.001980423 0.005036115 -0.001828014 0.001828014 0.005036115 -0.001980423 0.001661777 0.005036115 -0.002117693 0.001482844 0.005036115 -0.002238869 0.001292586 0.005036115 -0.002343058 0.001092553 0.005036115 -0.002429366 8.84219e-4 0.005036115 -0.002497136 6.69121e-4 0.005036115 -0.002545952 4.4893e-4 0.005036115 -0.002575397 2.25322e-4 0.005036115 -0.002585232 0 0.005036115 -0.002575397 -2.25322e-4 0.005036115 -0.002545952 -4.4893e-4 0.005036115 -0.002497136 -6.69121e-4 0.005036115 -0.002429366 -8.84219e-4 0.005036115 -0.002343058 -0.001092553 0.005036115 -0.002238869 -0.001292586 0.005036115 -0.002117693 -0.001482844 0.005036115 -0.001980423 -0.001661777 0.005036115 -0.001828014 -0.001828014 0.005036115 -0.001661777 -0.001980423 0.005036115 -0.001482844 -0.002117693 0.005036115 -0.001292586 -0.002238869 0.005036115 -0.001092553 -0.002343058 0.005036115 -8.84219e-4 -0.002429366 0.005036115 -6.69121e-4 -0.002497136 0.005036115 -4.4893e-4 -0.002545952 0.005036115 -2.25322e-4 -0.002575397 0.005036115 0 -0.002585232 0.005026757 2.26605e-4 -0.00259006 0.005026757 4.51485e-4 -0.002560496 0.005026757 6.7293e-4 -0.002511382 0.005026757 8.89252e-4 -0.002443194 0.005026757 0.001098752 -0.00235635 0.005026757 0.001299977 -0.002251625 0.005026757 0.001491248 -0.002129793 0.005026757 0.001671195 -0.001991689 0.005026757 0.001838445 -0.001838445 0.005026757 0.001991689 -0.001671195 0.005026757 0.002129793 -0.001491248 0.005026757 0.002251625 -0.001299977 0.005026757 0.00235635 -0.001098752 0.005026757 0.002443194 -8.89252e-4 0.005026757 0.002511382 -6.7293e-4 0.005026757 0.002560496 -4.51485e-4 0.005026757 0.00259006 -2.26605e-4 0.005026757 0.002599954 0 0.005026757 0.00259006 2.26605e-4 0.005026757 0.002560496 4.51485e-4 0.005026757 0.002511382 6.7293e-4 0.005026757 0.002443194 8.89252e-4 0.005026757 0.00235635 0.001098752 0.005026757 0.002251625 0.001299977 0.005026757 0.002129793 0.001491248 0.005026757 0.001991689 0.001671195 0.005026757 0.001838445 0.001838445 0.005026757 0.001671195 0.001991689 0.005026757 0.001491248 0.002129793 0.005026757 0.001299977 0.002251625 0.005026757 0.001098752 0.00235635 0.005026757 8.89252e-4 0.002443194 0.005026757 6.7293e-4 0.002511382 0.005026757 4.51485e-4 0.002560496 0.005026757 2.26605e-4 0.00259006 0.005026757 0 0.002599954 0.005026757 -2.26605e-4 0.00259006 0.005026757 -4.51485e-4 0.002560496 0.005026757 -6.7293e-4 0.002511382 0.005026757 -8.89252e-4 0.002443194 0.005026757 -0.001098752 0.00235635 0.005026757 -0.001299977 0.002251625 0.005026757 -0.001491248 0.002129793 0.005026757 -0.001671195 0.001991689 0.005026757 -0.001838445 0.001838445 0.005026757 -0.001991689 0.001671195 0.005026757 -0.002129793 0.001491248 0.005026757 -0.002251625 0.001299977 0.005026757 -0.00235635 0.001098752 0.005026757 -0.002443194 8.89252e-4 0.005026757 -0.002511382 6.7293e-4 0.005026757 -0.002560496 4.51485e-4 0.005026757 -0.00259006 2.26605e-4 0.005026757 -0.002599954 0 0.005026757 -0.00259006 -2.26605e-4 0.005026757 -0.002560496 -4.51485e-4 0.005026757 -0.002511382 -6.7293e-4 0.005026757 -0.002443194 -8.89252e-4 0.005026757 -0.00235635 -0.001098752 0.005026757 -0.002251625 -0.001299977 0.005026757 -0.002129793 -0.001491248 0.005026757 -0.001991689 -0.001671195 0.005026757 -0.001838445 -0.001838445 0.005026757 -0.001671195 -0.001991689 0.005026757 -0.001491248 -0.002129793 0.005026757 -0.001299977 -0.002251625 0.005026757 -0.001098752 -0.00235635 0.005026757 -8.89252e-4 -0.002443194 0.005026757 -6.7293e-4 -0.002511382 0.005026757 -4.51485e-4 -0.002560496 0.005026757 -2.26605e-4 -0.00259006 0.005026757 0 -0.002599954 0.005018711 2.27954e-4 -0.002605497 0.005018711 4.54173e-4 -0.002575695 0.005018711 6.76935e-4 -0.002526342 0.005018711 8.94546e-4 -0.002457737 0.005018711 0.001105308 -0.002370417 0.005018711 0.001307725 -0.002265036 0.005018711 0.001500129 -0.002142429 0.005018711 0.001681149 -0.00200355 0.005018711 0.001849412 -0.001849412 0.005018711 0.00200355 -0.001681149 0.005018711 0.002142429 -0.001500129 0.005018711 0.002265036 -0.001307725 0.005018711 0.002370417 -0.001105308 0.005018711 0.002457737 -8.94546e-4 0.005018711 0.002526342 -6.76935e-4 0.005018711 0.002575695 -4.54173e-4 0.005018711 0.002605497 -2.27954e-4 0.005018711 0.002615451 0 0.005018711 0.002605497 2.27954e-4 0.005018711 0.002575695 4.54173e-4 0.005018711 0.002526342 6.76935e-4 0.005018711 0.002457737 8.94546e-4 0.005018711 0.002370417 0.001105308 0.005018711 0.002265036 0.001307725 0.005018711 0.002142429 0.001500129 0.005018711 0.00200355 0.001681149 0.005018711 0.001849412 0.001849412 0.005018711 0.001681149 0.00200355 0.005018711 0.001500129 0.002142429 0.005018711 0.001307725 0.002265036 0.005018711 0.001105308 0.002370417 0.005018711 8.94546e-4 0.002457737 0.005018711 6.76935e-4 0.002526342 0.005018711 4.54173e-4 0.002575695 0.005018711 2.27954e-4 0.002605497 0.005018711 0 0.002615451 0.005018711 -2.27954e-4 0.002605497 0.005018711 -4.54173e-4 0.002575695 0.005018711 -6.76935e-4 0.002526342 0.005018711 -8.94546e-4 0.002457737 0.005018711 -0.001105308 0.002370417 0.005018711 -0.001307725 0.002265036 0.005018711 -0.001500129 0.002142429 0.005018711 -0.001681149 0.00200355 0.005018711 -0.001849412 0.001849412 0.005018711 -0.00200355 0.001681149 0.005018711 -0.002142429 0.001500129 0.005018711 -0.002265036 0.001307725 0.005018711 -0.002370417 0.001105308 0.005018711 -0.002457737 8.94546e-4 0.005018711 -0.002526342 6.76935e-4 0.005018711 -0.002575695 4.54173e-4 0.005018711 -0.002605497 2.27954e-4 0.005018711 -0.002615451 0 0.005018711 -0.002605497 -2.27954e-4 0.005018711 -0.002575695 -4.54173e-4 0.005018711 -0.002526342 -6.76935e-4 0.005018711 -0.002457737 -8.94546e-4 0.005018711 -0.002370417 -0.001105308 0.005018711 -0.002265036 -0.001307725 0.005018711 -0.002142429 -0.001500129 0.005018711 -0.00200355 -0.001681149 0.005018711 -0.001849412 -0.001849412 0.005018711 -0.001681149 -0.00200355 0.005018711 -0.001500129 -0.002142429 0.005018711 -0.001307725 -0.002265036 0.005018711 -0.001105308 -0.002370417 0.005018711 -8.94546e-4 -0.002457737 0.005018711 -6.76935e-4 -0.002526342 0.005018711 -4.54173e-4 -0.002575695 0.005018711 -2.27954e-4 -0.002605497 0.005018711 0 -0.002615451 0.005012035 2.29359e-4 -0.002621531 0.005012035 4.56972e-4 -0.002591609 0.005012035 6.81107e-4 -0.002541899 0.005012035 9.00059e-4 -0.002472877 0.005012035 0.001112103 -0.00238502 0.005012035 0.001315772 -0.002278983 0.005012035 0.001509368 -0.002155661 0.005012035 0.00169152 -0.002015888 0.005012035 0.001860797 -0.001860797 0.005012035 0.002015888 -0.00169152 0.005012035 0.002155661 -0.001509368 0.005012035 0.002278983 -0.001315772 0.005012035 0.00238502 -0.001112103 0.005012035 0.002472877 -9.00059e-4 0.005012035 0.002541899 -6.81107e-4 0.005012035 0.002591609 -4.56972e-4 0.005012035 0.002621531 -2.29359e-4 0.005012035 0.002631545 0 0.005012035 0.002621531 2.29359e-4 0.005012035 0.002591609 4.56972e-4 0.005012035 0.002541899 6.81107e-4 0.005012035 0.002472877 9.00059e-4 0.005012035 0.00238502 0.001112103 0.005012035 0.002278983 0.001315772 0.005012035 0.002155661 0.001509368 0.005012035 0.002015888 0.00169152 0.005012035 0.001860797 0.001860797 0.005012035 0.00169152 0.002015888 0.005012035 0.001509368 0.002155661 0.005012035 0.001315772 0.002278983 0.005012035 0.001112103 0.00238502 0.005012035 9.00059e-4 0.002472877 0.005012035 6.81107e-4 0.002541899 0.005012035 4.56972e-4 0.002591609 0.005012035 2.29359e-4 0.002621531 0.005012035 0 0.002631545 0.005012035 -2.29359e-4 0.002621531 0.005012035 -4.56972e-4 0.002591609 0.005012035 -6.81107e-4 0.002541899 0.005012035 -9.00059e-4 0.002472877 0.005012035 -0.001112103 0.00238502 0.005012035 -0.001315772 0.002278983 0.005012035 -0.001509368 0.002155661 0.005012035 -0.00169152 0.002015888 0.005012035 -0.001860797 0.001860797 0.005012035 -0.002015888 0.00169152 0.005012035 -0.002155661 0.001509368 0.005012035 -0.002278983 0.001315772 0.005012035 -0.00238502 0.001112103 0.005012035 -0.002472877 9.00059e-4 0.005012035 -0.002541899 6.81107e-4 0.005012035 -0.002591609 4.56972e-4 0.005012035 -0.002621531 2.29359e-4 0.005012035 -0.002631545 0 0.005012035 -0.002621531 -2.29359e-4 0.005012035 -0.002591609 -4.56972e-4 0.005012035 -0.002541899 -6.81107e-4 0.005012035 -0.002472877 -9.00059e-4 0.005012035 -0.00238502 -0.001112103 0.005012035 -0.002278983 -0.001315772 0.005012035 -0.002155661 -0.001509368 0.005012035 -0.002015888 -0.00169152 0.005012035 -0.001860797 -0.001860797 0.005012035 -0.00169152 -0.002015888 0.005012035 -0.001509368 -0.002155661 0.005012035 -0.001315772 -0.002278983 0.005012035 -0.001112103 -0.00238502 0.005012035 -9.00059e-4 -0.002472877 0.005012035 -6.81107e-4 -0.002541899 0.005012035 -4.56972e-4 -0.002591609 0.005012035 -2.29359e-4 -0.002621531 0.005012035 0 -0.002631545 0.00500679 2.30809e-4 -0.002638101 0.00500679 4.59861e-4 -0.002608001 0.00500679 6.85414e-4 -0.002557992 0.00500679 9.0575e-4 -0.002488493 0.00500679 0.001119136 -0.0024001 0.00500679 0.001324117 -0.002293407 0.00500679 0.001518964 -0.002169251 0.00500679 0.001702249 -0.002028644 0.00500679 0.001872539 -0.001872539 0.00500679 0.002028644 -0.001702249 0.00500679 0.002169251 -0.001518964 0.00500679 0.002293407 -0.001324117 0.00500679 0.0024001 -0.001119136 0.00500679 0.002488493 -9.0575e-4 0.00500679 0.002557992 -6.85414e-4 0.00500679 0.002608001 -4.59861e-4 0.00500679 0.002638101 -2.30809e-4 0.00500679 0.002648234 0 0.00500679 0.002638101 2.30809e-4 0.00500679 0.002608001 4.59861e-4 0.00500679 0.002557992 6.85414e-4 0.00500679 0.002488493 9.0575e-4 0.00500679 0.0024001 0.001119136 0.00500679 0.002293407 0.001324117 0.00500679 0.002169251 0.001518964 0.00500679 0.002028644 0.001702249 0.00500679 0.001872539 0.001872539 0.00500679 0.001702249 0.002028644 0.00500679 0.001518964 0.002169251 0.00500679 0.001324117 0.002293407 0.00500679 0.001119136 0.0024001 0.00500679 9.0575e-4 0.002488493 0.00500679 6.85414e-4 0.002557992 0.00500679 4.59861e-4 0.002608001 0.00500679 2.30809e-4 0.002638101 0.00500679 0 0.002648234 0.00500679 -2.30809e-4 0.002638101 0.00500679 -4.59861e-4 0.002608001 0.00500679 -6.85414e-4 0.002557992 0.00500679 -9.0575e-4 0.002488493 0.00500679 -0.001119136 0.0024001 0.00500679 -0.001324117 0.002293407 0.00500679 -0.001518964 0.002169251 0.00500679 -0.001702249 0.002028644 0.00500679 -0.001872539 0.001872539 0.00500679 -0.002028644 0.001702249 0.00500679 -0.002169251 0.001518964 0.00500679 -0.002293407 0.001324117 0.00500679 -0.0024001 0.001119136 0.00500679 -0.002488493 9.0575e-4 0.00500679 -0.002557992 6.85414e-4 0.00500679 -0.002608001 4.59861e-4 0.00500679 -0.002638101 2.30809e-4 0.00500679 -0.002648234 0 0.00500679 -0.002638101 -2.30809e-4 0.00500679 -0.002608001 -4.59861e-4 0.00500679 -0.002557992 -6.85414e-4 0.00500679 -0.002488493 -9.0575e-4 0.00500679 -0.0024001 -0.001119136 0.00500679 -0.002293407 -0.001324117 0.00500679 -0.002169251 -0.001518964 0.00500679 -0.002028644 -0.001702249 0.00500679 -0.001872539 -0.001872539 0.00500679 -0.001702249 -0.002028644 0.00500679 -0.001518964 -0.002169251 0.00500679 -0.001324117 -0.002293407 0.00500679 -0.001119136 -0.0024001 0.00500679 -9.0575e-4 -0.002488493 0.00500679 -6.85414e-4 -0.002557992 0.00500679 -4.59861e-4 -0.002608001 0.00500679 -2.30809e-4 -0.002638101 0.00500679 0 -0.002648234 0.005003035 2.32294e-4 -0.002655088 0.005003035 4.62819e-4 -0.00262475 0.005003035 6.89823e-4 -0.002574443 0.005003035 9.11576e-4 -0.002504527 0.005003035 0.001126348 -0.002415537 0.005003035 0.001332581 -0.002308189 0.005003035 0.00152868 -0.002183258 0.005003035 0.001713156 -0.002041697 0.005003035 0.001884579 -0.001884579 0.005003035 0.002041697 -0.001713156 0.005003035 0.002183258 -0.00152868 0.005003035 0.002308189 -0.001332581 0.005003035 0.002415537 -0.001126348 0.005003035 0.002504527 -9.11576e-4 0.005003035 0.002574443 -6.89823e-4 0.005003035 0.00262475 -4.62819e-4 0.005003035 0.002655088 -2.32294e-4 0.005003035 0.002665221 0 0.005003035 0.002655088 2.32294e-4 0.005003035 0.00262475 4.62819e-4 0.005003035 0.002574443 6.89823e-4 0.005003035 0.002504527 9.11576e-4 0.005003035 0.002415537 0.001126348 0.005003035 0.002308189 0.001332581 0.005003035 0.002183258 0.00152868 0.005003035 0.002041697 0.001713156 0.005003035 0.001884579 0.001884579 0.005003035 0.001713156 0.002041697 0.005003035 0.00152868 0.002183258 0.005003035 0.001332581 0.002308189 0.005003035 0.001126348 0.002415537 0.005003035 9.11576e-4 0.002504527 0.005003035 6.89823e-4 0.002574443 0.005003035 4.62819e-4 0.00262475 0.005003035 2.32294e-4 0.002655088 0.005003035 0 0.002665221 0.005003035 -2.32294e-4 0.002655088 0.005003035 -4.62819e-4 0.00262475 0.005003035 -6.89823e-4 0.002574443 0.005003035 -9.11576e-4 0.002504527 0.005003035 -0.001126348 0.002415537 0.005003035 -0.001332581 0.002308189 0.005003035 -0.00152868 0.002183258 0.005003035 -0.001713156 0.002041697 0.005003035 -0.001884579 0.001884579 0.005003035 -0.002041697 0.001713156 0.005003035 -0.002183258 0.00152868 0.005003035 -0.002308189 0.001332581 0.005003035 -0.002415537 0.001126348 0.005003035 -0.002504527 9.11576e-4 0.005003035 -0.002574443 6.89823e-4 0.005003035 -0.00262475 4.62819e-4 0.005003035 -0.002655088 2.32294e-4 0.005003035 -0.002665221 0 0.005003035 -0.002655088 -2.32294e-4 0.005003035 -0.00262475 -4.62819e-4 0.005003035 -0.002574443 -6.89823e-4 0.005003035 -0.002504527 -9.11576e-4 0.005003035 -0.002415537 -0.001126348 0.005003035 -0.002308189 -0.001332581 0.005003035 -0.002183258 -0.00152868 0.005003035 -0.002041697 -0.001713156 0.005003035 -0.001884579 -0.001884579 0.005003035 -0.001713156 -0.002041697 0.005003035 -0.00152868 -0.002183258 0.005003035 -0.001332581 -0.002308189 0.005003035 -0.001126348 -0.002415537 0.005003035 -9.11576e-4 -0.002504527 0.005003035 -6.89823e-4 -0.002574443 0.005003035 -4.62819e-4 -0.00262475 0.005003035 -2.32294e-4 -0.002655088 0.005003035 0 -0.002665221 0.00500071 2.33801e-4 -0.002672314 0.00500071 4.65823e-4 -0.002641797 0.00500071 6.943e-4 -0.002591133 0.00500071 9.17493e-4 -0.00252074 0.00500071 0.00113368 -0.002431213 0.00500071 0.001341283 -0.00232315 0.00500071 0.001538634 -0.002197384 0.00500071 0.001724302 -0.002054929 0.00500071 0.001896858 -0.001896858 0.00500071 0.002054929 -0.001724302 0.00500071 0.002197384 -0.001538634 0.00500071 0.00232315 -0.001341283 0.00500071 0.002431213 -0.00113368 0.00500071 0.00252074 -9.17493e-4 0.00500071 0.002591133 -6.943e-4 0.00500071 0.002641797 -4.65823e-4 0.00500071 0.002672314 -2.33801e-4 0.00500071 0.002682566 0 0.00500071 0.002672314 2.33801e-4 0.00500071 0.002641797 4.65823e-4 0.00500071 0.002591133 6.943e-4 0.00500071 0.00252074 9.17493e-4 0.00500071 0.002431213 0.00113368 0.00500071 0.00232315 0.001341283 0.00500071 0.002197384 0.001538634 0.00500071 0.002054929 0.001724302 0.00500071 0.001896858 0.001896858 0.00500071 0.001724302 0.002054929 0.00500071 0.001538634 0.002197384 0.00500071 0.001341283 0.00232315 0.00500071 0.00113368 0.002431213 0.00500071 9.17493e-4 0.00252074 0.00500071 6.943e-4 0.002591133 0.00500071 4.65823e-4 0.002641797 0.00500071 2.33801e-4 0.002672314 0.00500071 0 0.002682566 0.00500071 -2.33801e-4 0.002672314 0.00500071 -4.65823e-4 0.002641797 0.00500071 -6.943e-4 0.002591133 0.00500071 -9.17493e-4 0.00252074 0.00500071 -0.00113368 0.002431213 0.00500071 -0.001341283 0.00232315 0.00500071 -0.001538634 0.002197384 0.00500071 -0.001724302 0.002054929 0.00500071 -0.001896858 0.001896858 0.00500071 -0.002054929 0.001724302 0.00500071 -0.002197384 0.001538634 0.00500071 -0.00232315 0.001341283 0.00500071 -0.002431213 0.00113368 0.00500071 -0.00252074 9.17493e-4 0.00500071 -0.002591133 6.943e-4 0.00500071 -0.002641797 4.65823e-4 0.00500071 -0.002672314 2.33801e-4 0.00500071 -0.002682566 0 0.00500071 -0.002672314 -2.33801e-4 0.00500071 -0.002641797 -4.65823e-4 0.00500071 -0.002591133 -6.943e-4 0.00500071 -0.00252074 -9.17493e-4 0.00500071 -0.002431213 -0.00113368 0.00500071 -0.00232315 -0.001341283 0.00500071 -0.002197384 -0.001538634 0.00500071 -0.002054929 -0.001724302 0.00500071 -0.001896858 -0.001896858 0.00500071 -0.001724302 -0.002054929 0.00500071 -0.001538634 -0.002197384 0.00500071 -0.001341283 -0.00232315 0.00500071 -0.00113368 -0.002431213 0.00500071 -9.17493e-4 -0.00252074 0.00500071 -6.943e-4 -0.002591133 0.00500071 -4.65823e-4 -0.002641797 0.00500071 -2.33801e-4 -0.002672314 0.00500071 0 -0.002682566 0.004999995 2.3532e-4 -0.002689719 0.004999995 4.6885e-4 -0.002658963 0.004999995 6.98811e-4 -0.002607941 0.004999995 9.23454e-4 -0.002537131 0.004999995 0.001141011 -0.002447009 0.004999995 0.001349985 -0.00233823 0.004999995 0.001548647 -0.002211689 0.004999995 0.001735508 -0.002068281 0.004999995 0.001909136 -0.001909136 0.004999995 0.002068281 -0.001735508 0.004999995 0.002211689 -0.001548647 0.004999995 0.00233823 -0.001349985 0.004999995 0.002447009 -0.001141011 0.004999995 0.002537131 -9.23454e-4 0.004999995 0.002607941 -6.98811e-4 0.004999995 0.002658963 -4.6885e-4 0.004999995 0.002689719 -2.3532e-4 0.004999995 0.002699971 0 0.004999995 0.002689719 2.3532e-4 0.004999995 0.002658963 4.6885e-4 0.004999995 0.002607941 6.98811e-4 0.004999995 0.002537131 9.23454e-4 0.004999995 0.002447009 0.001141011 0.004999995 0.00233823 0.001349985 0.004999995 0.002211689 0.001548647 0.004999995 0.002068281 0.001735508 0.004999995 0.001909136 0.001909136 0.004999995 0.001735508 0.002068281 0.004999995 0.001548647 0.002211689 0.004999995 0.001349985 0.00233823 0.004999995 0.001141011 0.002447009 0.004999995 9.23454e-4 0.002537131 0.004999995 6.98811e-4 0.002607941 0.004999995 4.6885e-4 0.002658963 0.004999995 2.3532e-4 0.002689719 0.004999995 0 0.002699971 0.004999995 -2.3532e-4 0.002689719 0.004999995 -4.6885e-4 0.002658963 0.004999995 -6.98811e-4 0.002607941 0.004999995 -9.23454e-4 0.002537131 0.004999995 -0.001141011 0.002447009 0.004999995 -0.001349985 0.00233823 0.004999995 -0.001548647 0.002211689 0.004999995 -0.001735508 0.002068281 0.004999995 -0.001909136 0.001909136 0.004999995 -0.002068281 0.001735508 0.004999995 -0.002211689 0.001548647 0.004999995 -0.00233823 0.001349985 0.004999995 -0.002447009 0.001141011 0.004999995 -0.002537131 9.23454e-4 0.004999995 -0.002607941 6.98811e-4 0.004999995 -0.002658963 4.6885e-4 0.004999995 -0.002689719 2.3532e-4 0.004999995 -0.002699971 0 0.004999995 -0.002689719 -2.3532e-4 0.004999995 -0.002658963 -4.6885e-4 0.004999995 -0.002607941 -6.98811e-4 0.004999995 -0.002537131 -9.23454e-4 0.004999995 -0.002447009 -0.001141011 0.004999995 -0.00233823 -0.001349985 0.004999995 -0.002211689 -0.001548647 0.004999995 -0.002068281 -0.001735508 0.004999995 -0.001909136 -0.001909136 0.004999995 -0.001735508 -0.002068281 0.004999995 -0.001548647 -0.002211689 0.004999995 -0.001349985 -0.00233823 0.004999995 -0.001141011 -0.002447009 0.004999995 -9.23454e-4 -0.002537131 0.004999995 -6.98811e-4 -0.002607941 0.004999995 -4.6885e-4 -0.002658963 0.004999995 -2.3532e-4 -0.002689719 0.004999995 0 -0.002699971 0 -0.00117892 0.002041995 0 -0.00235784 0 0 -0.00117892 -0.002041995 0 0.00117892 0.002041995 0 0.00117892 -0.002041995 0 0.00235784 0 0.02499997 0 0 0.002499997 -0.00117892 0.002041995</float_array>
          <technique_common>
            <accessor source="#socket_head_cap_screw_am_b18_3_1m___5_x_0_8_x_20_hex_shcs____20-mesh-positions-array" count="1814" stride="3">
              <param name="X" type="float"/>
              <param name="Y" type="float"/>
              <param name="Z" type="float"/>
            </accessor>
          </technique_common>
        </source>
        <source id="socket_head_cap_screw_am_b18_3_1m___5_x_0_8_x_20_hex_shcs____20-mesh-normals">
          <float_array id="socket_head_cap_screw_am_b18_3_1m___5_x_0_8_x_20_hex_shcs____20-mesh-normals-array" count="9996">-1 0 0 -1 -2.88284e-7 0 -1 -9.22509e-6 0 -1 -1.01107e-6 0 -1 -1.07196e-6 0 -1 -3.10249e-5 0 -1 9.22511e-6 0 -1 -6.11547e-6 0 -1 1.21813e-6 0 -1 0 0 -1 1.84502e-5 0 -1 -9.22511e-6 0 -1 2.02214e-6 0 -1 9.22509e-6 0 -1 1.07196e-6 0 -1 1.01107e-6 0 -1 2.88284e-7 0 -1 4.96398e-5 0 -1 6.11547e-6 0 -1 0 0 -1 -9.22512e-6 0 -0.7067693 0.03085887 -0.7067707 -0.7067697 0.09234017 -0.7013914 -0.7067703 0.09233939 -0.7013909 -0.7067697 0.1531189 -0.6906745 -0.7067705 0.153119 -0.6906736 -0.7067702 0.212732 -0.6747007 -0.7067699 0.2127321 -0.674701 -0.70677 0.2707266 -0.6535927 -0.7067704 0.2707268 -0.6535921 -0.7067701 0.3266613 -0.6275098 -0.70677 0.3266609 -0.6275102 -0.7067706 0.3801091 -0.596651 -0.7067698 0.3801088 -0.5966521 -0.7067704 0.4306644 -0.561252 -0.70677 0.4306641 -0.5612528 -0.70677 0.4779415 -0.5215823 -0.7067695 0.4779422 -0.5215823 -0.7067702 0.5215823 -0.4779412 -0.7067702 0.5215817 -0.4779421 -0.7067702 0.5612526 -0.4306641 -0.70677 0.5612525 -0.4306644 -0.7067704 0.5966517 -0.3801085 -0.7067698 0.5966516 -0.3801097 -0.7067705 0.6275095 -0.3266607 -0.7067698 0.6275099 -0.3266617 -0.7067698 0.6535929 -0.2707264 -0.7067706 0.6535922 -0.2707262 -0.70677 0.6747008 -0.2127324 -0.70677 0.6747007 -0.2127326 -0.7067699 0.6906744 -0.1531181 -0.7067703 0.6906739 -0.153119 -0.7067701 0.7013912 -0.09233927 -0.7067701 0.7013912 -0.09233927 -0.7067699 0.7067703 -0.03085839 -0.7067702 0.7067698 -0.03086012 -0.7067703 0.7067698 0.03085839 -0.7067699 0.7067702 0.03086018 -0.70677 0.7013912 0.09233927 -0.7067701 0.7013912 0.09233927 -0.7067702 0.6906742 0.153118 -0.70677 0.6906741 0.1531191 -0.7067702 0.6747006 0.2127324 -0.7067698 0.6747009 0.2127327 -0.7067702 0.6535922 0.2707272 -0.7067703 0.6535927 0.2707255 -0.7067698 0.6275094 0.3266626 -0.7067704 0.6275101 0.32666 -0.7067695 0.5966519 0.3801096 -0.7067707 0.5966511 0.3801086 -0.7067703 0.5612525 0.430664 -0.70677 0.5612525 0.4306644 -0.7067706 0.5215816 0.4779415 -0.7067701 0.5215822 0.4779416 -0.7067692 0.4779421 0.5215829 -0.7067704 0.4779416 0.5215817 -0.7067701 0.4306642 0.5612526 -0.7067701 0.4306645 0.5612524 -0.7067699 0.3801087 0.5966522 -0.7067706 0.3801093 0.596651 -0.7067701 0.3266613 0.6275098 -0.7067701 0.3266608 0.62751 -0.7067704 0.2707267 0.6535922 -0.70677 0.2707267 0.6535925 -0.7067709 0.212732 0.6747 -0.7067692 0.2127321 0.6747016 -0.70677 0.153119 0.6906743 -0.7067703 0.1531189 0.6906738 -0.7067698 0.09234011 0.7013914 -0.7067704 0.09233945 0.7013908 -0.7067697 0.0308578 0.7067704 -0.7067698 0.03085899 0.7067703 -0.7067702 -0.03085792 0.7067699 -0.7067693 -0.03085887 0.7067707 -0.7067697 -0.09234017 0.7013914 -0.7067703 -0.09233939 0.7013909 -0.7067697 -0.1531189 0.6906745 -0.7067705 -0.153119 0.6906736 -0.7067702 -0.212732 0.6747007 -0.7067699 -0.2127321 0.674701 -0.70677 -0.2707266 0.6535927 -0.7067704 -0.2707268 0.6535921 -0.7067701 -0.3266613 0.6275098 -0.70677 -0.3266609 0.6275102 -0.7067706 -0.3801091 0.596651 -0.7067698 -0.3801088 0.5966521 -0.7067704 -0.4306644 0.561252 -0.70677 -0.4306641 0.5612528 -0.70677 -0.4779415 0.5215823 -0.7067695 -0.4779422 0.5215823 -0.7067702 -0.5215823 0.4779412 -0.7067702 -0.5215817 0.4779421 -0.7067702 -0.5612526 0.4306641 -0.70677 -0.5612525 0.4306644 -0.7067704 -0.5966517 0.3801085 -0.7067698 -0.5966516 0.3801097 -0.7067705 -0.6275095 0.3266607 -0.7067698 -0.6275099 0.3266617 -0.7067698 -0.6535929 0.2707264 -0.7067706 -0.6535922 0.2707262 -0.70677 -0.6747008 0.2127324 -0.70677 -0.6747007 0.2127326 -0.7067699 -0.6906744 0.1531181 -0.7067703 -0.6906739 0.153119 -0.7067701 -0.7013912 0.09233927 -0.7067701 -0.7013912 0.09233927 -0.7067699 -0.7067703 0.03085839 -0.7067702 -0.7067698 0.03086012 -0.7067703 -0.7067698 -0.03085839 -0.7067699 -0.7067702 -0.03086018 -0.70677 -0.7013912 -0.09233927 -0.7067701 -0.7013912 -0.09233927 -0.7067702 -0.6906742 -0.153118 -0.70677 -0.6906741 -0.1531191 -0.7067702 -0.6747006 -0.2127324 -0.7067698 -0.6747009 -0.2127327 -0.7067702 -0.6535922 -0.2707272 -0.7067703 -0.6535927 -0.2707255 -0.7067698 -0.6275094 -0.3266626 -0.7067704 -0.6275101 -0.32666 -0.7067695 -0.5966519 -0.3801096 -0.7067707 -0.5966511 -0.3801086 -0.7067703 -0.5612525 -0.430664 -0.70677 -0.5612525 -0.4306644 -0.7067706 -0.5215816 -0.4779415 -0.7067701 -0.5215822 -0.4779416 -0.7067692 -0.4779421 -0.5215829 -0.7067704 -0.4779416 -0.5215817 -0.7067701 -0.4306642 -0.5612526 -0.7067701 -0.4306645 -0.5612524 -0.7067699 -0.3801087 -0.5966522 -0.7067706 -0.3801093 -0.596651 -0.7067701 -0.3266613 -0.6275098 -0.7067701 -0.3266608 -0.62751 -0.7067704 -0.2707267 -0.6535922 -0.70677 -0.2707267 -0.6535925 -0.7067709 -0.212732 -0.6747 -0.7067692 -0.2127321 -0.6747016 -0.70677 -0.153119 -0.6906743 -0.7067703 -0.1531189 -0.6906738 -0.7067698 -0.09234011 -0.7013914 -0.7067704 -0.09233945 -0.7013908 -0.7067697 -0.0308578 -0.7067704 -0.7067698 -0.03085899 -0.7067703 -0.7067702 0.03085792 -0.7067699 0 0.04362028 0.9990482 0 0.1305257 0.991445 0 0.1305256 0.991445 0 0.21644 0.976296 0 0.21644 0.976296 0 0.3007056 0.9537171 0 0.3007052 0.9537172 0 0.3826836 0.9238795 0 0.4617486 0.8870109 0 0.4617485 0.8870109 0 0.5372994 0.8433917 0 0.5373004 0.8433911 0 0.6087616 0.7933534 0 0.6755902 0.7372775 0 0.737278 0.6755896 0 0.7372769 0.6755907 0 0.7933532 0.6087617 0 0.7933531 0.6087617 0 0.8433915 0.5372996 0 0.8870111 0.4617484 0 0.8870111 0.4617484 0 0.9238791 0.3826845 0 0.9238799 0.3826826 0 0.9537177 0.3007038 0 0.9537163 0.3007078 0 0.9762961 0.2164396 0 0.976296 0.2164395 0 0.9914448 0.130527 0 0.9914451 0.1305248 0 0.9990483 0.04361802 0 0.9990481 0.04362237 0 0.9990481 -0.04362237 0 0.9990483 -0.04361802 0 0.9914451 -0.1305248 0 0.9914448 -0.130527 0 0.9762961 -0.2164396 0 0.976296 -0.2164395 0 0.9537163 -0.3007078 0 0.9537177 -0.3007038 0 0.9238799 -0.3826826 0 0.9238792 -0.3826845 0 0.8870111 -0.4617484 0 0.8870111 -0.4617484 0 0.8433915 -0.5372996 0 0.7933532 -0.6087617 0 0.7933531 -0.6087617 0 0.7372769 -0.6755908 0 0.737278 -0.6755895 0 0.6755902 -0.7372775 0 0.6087616 -0.7933534 0 0.5373004 -0.843391 0 0.5372993 -0.8433917 0 0.4617486 -0.8870109 0 0.4617485 -0.8870109 0 0.3826836 -0.9238795 0 0.3007052 -0.9537172 0 0.3007056 -0.9537171 0 0.2164399 -0.976296 0 0.21644 -0.976296 0 0.1305256 -0.991445 0 0.1305257 -0.991445 0 0.04362028 -0.9990482 0 0.04362028 -0.9990482 0 -0.04362028 -0.9990482 0 -0.04362028 -0.9990482 0 -0.1305257 -0.991445 0 -0.1305256 -0.991445 0 -0.21644 -0.976296 0 -0.21644 -0.976296 0 -0.3007056 -0.9537171 0 -0.3007052 -0.9537172 0 -0.3826836 -0.9238795 0 -0.4617486 -0.8870109 0 -0.4617485 -0.8870109 0 -0.5372994 -0.8433917 0 -0.5373004 -0.8433911 0 -0.6087616 -0.7933534 0 -0.6755902 -0.7372775 0 -0.737278 -0.6755896 0 -0.7372769 -0.6755907 0 -0.7933532 -0.6087617 0 -0.7933531 -0.6087617 0 -0.8433915 -0.5372996 0 -0.8870111 -0.4617484 0 -0.8870111 -0.4617484 0 -0.9238791 -0.3826845 0 -0.9238799 -0.3826826 0 -0.9537177 -0.3007038 0 -0.9537163 -0.3007078 0 -0.9762961 -0.2164396 0 -0.976296 -0.2164395 0 -0.9914448 -0.130527 0 -0.9914451 -0.1305248 0 -0.9990483 -0.04361802 0 -0.9990481 -0.04362237 0 -0.9990481 0.04362237 0 -0.9990483 0.04361802 0 -0.9914451 0.1305248 0 -0.9914448 0.130527 0 -0.9762961 0.2164396 0 -0.976296 0.2164395 0 -0.9537163 0.3007078 0 -0.9537177 0.3007038 0 -0.9238799 0.3826826 0 -0.9238792 0.3826845 0 -0.8870111 0.4617484 0 -0.8870111 0.4617484 0 -0.8433915 0.5372996 0 -0.7933532 0.6087617 0 -0.7933531 0.6087617 0 -0.7372769 0.6755908 0 -0.737278 0.6755895 0 -0.6755902 0.7372775 0 -0.6087616 0.7933534 0 -0.5373004 0.843391 0 -0.5372993 0.8433917 0 -0.4617486 0.8870109 0 -0.4617485 0.8870109 0 -0.3826836 0.9238795 0 -0.3007052 0.9537172 0 -0.3007056 0.9537171 0 -0.2164399 0.976296 0 -0.21644 0.976296 0 -0.1305256 0.991445 0 -0.1305257 0.991445 0 -0.04362028 0.9990482 0 -0.04362028 0.9990482 0 0.04362028 0.9990482 0 0.04361921 0.9990482 0 0.1305257 0.991445 0 0.1305258 0.991445 0 0.2164394 0.9762961 0 0.2164395 0.976296 0 0.3007059 0.9537169 0 0.3007059 0.953717 0 0.3826838 0.9238795 0 0.3826831 0.9238797 0 0.461749 0.8870107 0 0.4617487 0.8870108 0 0.5372996 0.8433915 0 0.5373001 0.8433912 0 0.6087609 0.7933537 0 0.6087614 0.7933534 0 0.6755908 0.7372769 0 0.6755908 0.7372768 0 0.7372769 0.6755906 0 0.737277 0.6755906 0 0.7933534 0.6087615 0 0.7933534 0.6087614 0 0.8433908 0.5373007 0 0.8433924 0.5372982 0 0.8870101 0.4617499 0 0.8870109 0.4617487 0 0.9238796 0.3826833 0 0.9537168 0.3007068 0 0.9537172 0.3007052 0 0.976296 0.2164397 0 0.9762961 0.2164396 0 0.9914451 0.1305246 0 0.9914448 0.1305263 0 0.9990484 0.0436185 0 0.9990482 0.04362022 0 0.9990482 -0.04362022 0 0.9990484 -0.0436185 0 0.9914448 -0.1305263 0 0.9914451 -0.1305246 0 0.976296 -0.2164397 0 0.9762961 -0.2164396 0 0.9537172 -0.3007052 0 0.9537168 -0.3007068 0 0.9238796 -0.3826833 0 0.8870109 -0.4617487 0 0.8870101 -0.4617499 0 0.8433924 -0.5372982 0 0.8433908 -0.5373007 0 0.7933534 -0.6087615 0 0.7933534 -0.6087614 0 0.7372769 -0.6755906 0 0.737277 -0.6755906 0 0.6755908 -0.7372769 0 0.6755908 -0.7372768 0 0.6087614 -0.7933535 0 0.608761 -0.7933537 0 0.5373001 -0.8433913 0 0.5372996 -0.8433914 0 0.4617487 -0.8870108 0 0.4617491 -0.8870107 0 0.3826831 -0.9238797 0 0.3826838 -0.9238795 0 0.3007059 -0.9537169 0 0.3007059 -0.953717 0 0.2164395 -0.976296 0 0.2164394 -0.9762961 0 0.1305258 -0.991445 0 0.04361921 -0.9990482 0 0.04361921 -0.9990482 0 -0.04361921 -0.9990482 0 -0.1305257 -0.991445 0 -0.1305258 -0.991445 0 -0.2164394 -0.9762961 0 -0.2164395 -0.976296 0 -0.3007059 -0.9537169 0 -0.3007059 -0.953717 0 -0.3826838 -0.9238795 0 -0.3826831 -0.9238797 0 -0.461749 -0.8870107 0 -0.4617487 -0.8870108 0 -0.5372996 -0.8433915 0 -0.5373001 -0.8433912 0 -0.6087609 -0.7933537 0 -0.6087614 -0.7933534 0 -0.6755908 -0.7372769 0 -0.6755908 -0.7372768 0 -0.7372769 -0.6755906 0 -0.737277 -0.6755906 0 -0.7933534 -0.6087615 0 -0.7933534 -0.6087614 0 -0.8433908 -0.5373007 0 -0.8433924 -0.5372982 0 -0.8870101 -0.4617499 0 -0.8870109 -0.4617487 0 -0.9238796 -0.3826833 0 -0.9537168 -0.3007068 0 -0.9537172 -0.3007052 0 -0.976296 -0.2164397 0 -0.9762961 -0.2164396 0 -0.9914451 -0.1305246 0 -0.9914448 -0.1305263 0 -0.9990484 -0.0436185 0 -0.9990482 -0.04362022 0 -0.9990482 0.04362022 0 -0.9990484 0.0436185 0 -0.9914448 0.1305263 0 -0.9914451 0.1305246 0 -0.976296 0.2164397 0 -0.9762961 0.2164396 0 -0.9537172 0.3007052 0 -0.9537168 0.3007068 0 -0.9238796 0.3826833 0 -0.8870109 0.4617487 0 -0.8870101 0.4617499 0 -0.8433924 0.5372982 0 -0.8433908 0.5373007 0 -0.7933534 0.6087615 0 -0.7933534 0.6087614 0 -0.7372769 0.6755906 0 -0.737277 0.6755906 0 -0.6755908 0.7372769 0 -0.6755908 0.7372768 0 -0.6087614 0.7933535 0 -0.608761 0.7933537 0 -0.5373001 0.8433913 0 -0.5372996 0.8433914 0 -0.4617487 0.8870108 0 -0.4617491 0.8870107 0 -0.3826831 0.9238797 0 -0.3826838 0.9238795 0 -0.3007059 0.9537169 0 -0.3007059 0.953717 0 -0.2164395 0.976296 0 -0.2164394 0.9762961 0 -0.1305258 0.991445 0 -0.04361921 0.9990482 0 -0.04361921 0.9990482 0.7067692 0.03085374 0.7067711 0.7067689 0.09234535 0.7013915 0.7067697 0.09233593 0.7013921 0.7067689 0.153124 0.6906743 0.7067701 0.1531153 0.6906749 0.7067703 0.2127255 0.6747027 0.7067704 0.212728 0.6747018 0.706769 0.2707293 0.6535927 0.7067703 0.2707233 0.6535937 0.7067716 0.3266537 0.627512 0.706769 0.3266626 0.6275103 0.70677 0.3801087 0.596652 0.7067695 0.3801098 0.596652 0.7067705 0.4306611 0.5612545 0.7067691 0.4306665 0.5612521 0.7067701 0.477939 0.5215844 0.7067716 0.4779371 0.5215843 0.7067617 0.5215973 0.4779373 0.7067716 0.5215788 0.4779432 0.7067704 0.5612515 0.4306651 0.7067688 0.561254 0.4306644 0.7067676 0.596655 0.3801085 0.7067701 0.5966508 0.3801106 0.7067686 0.6275125 0.3266593 0.7067692 0.62751 0.3266627 0.7067605 0.653604 0.270724 0.7067724 0.6535898 0.2707272 0.7067726 0.6746975 0.2127342 0.7067688 0.6747019 0.2127327 0.7067709 0.6906729 0.1531203 0.7067704 0.6906741 0.1531172 0.7067664 0.701395 0.09233897 0.7067704 0.7013907 0.092341 0.70677 0.7067703 0.03085708 0.7067683 0.7067718 0.03085869 0.70677 0.7067701 -0.03085911 0.7067683 0.7067719 -0.03085702 0.7067701 0.7013908 -0.09234154 0.7067688 0.7013925 -0.09233915 0.7067711 0.6906731 -0.1531184 0.7067686 0.6906757 -0.1531184 0.7067687 0.6747019 -0.212733 0.7067704 0.6747001 -0.2127332 0.7067689 0.6535937 -0.2707269 0.7067673 0.6535959 -0.2707256 0.7067699 0.62751 -0.3266612 0.7067667 0.6275141 -0.3266605 0.7067716 0.5966483 -0.3801116 0.7067675 0.5966552 -0.3801083 0.7067688 0.5612543 -0.4306642 0.7067686 0.5612542 -0.4306644 0.7067698 0.5215827 -0.4779414 0.7067686 0.5215836 -0.4779423 0.7067735 0.4779329 -0.5215855 0.7067712 0.4779368 -0.5215849 0.7067663 0.4306748 -0.5612493 0.7067688 0.4306657 -0.5612529 0.70677 0.3801087 -0.596652 0.7067695 0.3801098 -0.596652 0.7067688 0.3266611 -0.6275114 0.7067698 0.3266624 -0.6275095 0.7067722 0.2707144 -0.6535953 0.7067676 0.2707355 -0.6535915 0.7067709 0.2127254 -0.674702 0.70677 0.2127282 -0.6747021 0.7067689 0.153124 -0.6906743 0.70677 0.1531153 -0.690675 0.7067685 0.09234547 -0.7013919 0.7067701 0.09233582 -0.7013915 0.7067693 0.03084099 -0.7067716 0.7067693 0.03086698 -0.7067705 0.7067692 -0.03085708 -0.706771 0.7067692 -0.03085374 -0.7067711 0.7067689 -0.09234535 -0.7013915 0.7067697 -0.09233593 -0.7013921 0.7067689 -0.153124 -0.6906743 0.7067701 -0.1531153 -0.6906749 0.7067703 -0.2127255 -0.6747027 0.7067704 -0.212728 -0.6747018 0.706769 -0.2707293 -0.6535927 0.7067703 -0.2707233 -0.6535937 0.7067716 -0.3266537 -0.627512 0.706769 -0.3266626 -0.6275103 0.70677 -0.3801087 -0.596652 0.7067695 -0.3801098 -0.596652 0.7067705 -0.4306611 -0.5612545 0.7067691 -0.4306665 -0.5612521 0.7067701 -0.477939 -0.5215844 0.7067716 -0.4779371 -0.5215843 0.7067617 -0.5215973 -0.4779373 0.7067716 -0.5215788 -0.4779432 0.7067704 -0.5612515 -0.4306651 0.7067688 -0.561254 -0.4306644 0.7067676 -0.596655 -0.3801085 0.7067701 -0.5966508 -0.3801106 0.7067686 -0.6275125 -0.3266593 0.7067692 -0.62751 -0.3266627 0.7067605 -0.653604 -0.270724 0.7067724 -0.6535898 -0.2707272 0.7067726 -0.6746975 -0.2127342 0.7067688 -0.6747019 -0.2127327 0.7067709 -0.6906729 -0.1531203 0.7067704 -0.6906741 -0.1531172 0.7067664 -0.701395 -0.09233897 0.7067704 -0.7013907 -0.092341 0.70677 -0.7067703 -0.03085708 0.7067683 -0.7067718 -0.03085869 0.70677 -0.7067701 0.03085911 0.7067683 -0.7067719 0.03085702 0.7067701 -0.7013908 0.09234154 0.7067688 -0.7013925 0.09233915 0.7067711 -0.6906731 0.1531184 0.7067686 -0.6906757 0.1531184 0.7067687 -0.6747019 0.212733 0.7067704 -0.6747001 0.2127332 0.7067689 -0.6535937 0.2707269 0.7067673 -0.6535959 0.2707256 0.7067699 -0.62751 0.3266612 0.7067667 -0.6275141 0.3266605 0.7067716 -0.5966483 0.3801116 0.7067675 -0.5966552 0.3801083 0.7067688 -0.5612543 0.4306642 0.7067686 -0.5612542 0.4306644 0.7067698 -0.5215827 0.4779414 0.7067686 -0.5215836 0.4779423 0.7067735 -0.4779329 0.5215855 0.7067712 -0.4779368 0.5215849 0.7067663 -0.4306748 0.5612493 0.7067688 -0.4306657 0.5612529 0.70677 -0.3801087 0.596652 0.7067695 -0.3801098 0.596652 0.7067688 -0.3266611 0.6275114 0.7067698 -0.3266624 0.6275095 0.7067722 -0.2707144 0.6535953 0.7067676 -0.2707355 0.6535915 0.7067709 -0.2127254 0.674702 0.70677 -0.2127282 0.6747021 0.7067689 -0.153124 0.6906743 0.70677 -0.1531153 0.690675 0.7067685 -0.09234547 0.7013919 0.7067701 -0.09233582 0.7013915 0.7067693 -0.03084099 0.7067716 0.7067693 -0.03086698 0.7067705 0.7067692 0.03085708 0.706771 -0.8658192 -0.06531018 -0.4960765 -0.8658192 -0.02182406 -0.499881 -0.8658194 -0.1914766 -0.4622699 -0.8658192 -0.1504607 -0.4771991 -0.865819 -0.1082969 -0.4884969 -0.8658192 -0.3045982 -0.3969601 -0.8658195 -0.26884 -0.4219972 -0.865819 -0.2310399 -0.4438221 -0.8658191 -0.3969603 -0.3045978 -0.865819 -0.3689026 -0.3380362 -0.865819 -0.3380367 -0.368902 -0.8658187 -0.4622703 -0.1914788 -0.8658195 -0.4438215 -0.2310389 -0.8658193 -0.4219965 -0.2688422 -0.8658192 -0.4960765 -0.0653097 -0.8658193 -0.4884965 -0.1082969 -0.8658192 -0.4771988 -0.1504603 -0.8658192 -0.4960765 0.0653097 -0.8658192 -0.499881 0.02182513 -0.8658192 -0.499881 -0.02182513 -0.8658187 -0.4622703 0.1914788 -0.8658192 -0.4771988 0.1504603 -0.8658193 -0.4884966 0.1082969 -0.8658191 -0.3969603 0.3045978 -0.8658193 -0.4219964 0.2688422 -0.8658195 -0.4438215 0.2310389 -0.8658192 -0.3045982 0.3969601 -0.865819 -0.3380367 0.368902 -0.8658189 -0.3689027 0.3380363 -0.8658194 -0.1914766 0.4622699 -0.865819 -0.2310399 0.4438221 -0.8658195 -0.26884 0.4219972 -0.8658192 -0.06531018 0.4960765 -0.8658191 -0.1082969 0.4884968 -0.8658192 -0.1504607 0.4771991 -0.8658192 0.06531018 0.4960765 -0.8658192 0.02182406 0.499881 -0.8658192 -0.02182406 0.499881 -0.8658194 0.1914766 0.4622699 -0.8658192 0.1504607 0.4771991 -0.865819 0.1082969 0.4884969 -0.8658192 0.3045982 0.3969601 -0.8658195 0.26884 0.4219972 -0.865819 0.2310399 0.4438221 -0.8658191 0.3969603 0.3045978 -0.865819 0.3689026 0.3380362 -0.865819 0.3380367 0.368902 -0.8658187 0.4622703 0.1914788 -0.8658195 0.4438215 0.2310389 -0.8658193 0.4219965 0.2688422 -0.8658192 0.4960765 0.0653097 -0.8658193 0.4884965 0.1082969 -0.8658192 0.4771988 0.1504603 -0.8658192 0.4960765 -0.0653097 -0.8658192 0.499881 -0.02182513 -0.8658192 0.499881 0.02182513 -0.8658187 0.4622703 -0.1914788 -0.8658192 0.4771988 -0.1504603 -0.8658193 0.4884966 -0.1082969 -0.8658191 0.3969603 -0.3045978 -0.8658193 0.4219964 -0.2688422 -0.8658195 0.4438215 -0.2310389 -0.8658192 0.3045982 -0.3969601 -0.865819 0.3380367 -0.368902 -0.8658189 0.3689027 -0.3380363 -0.8658194 0.1914766 -0.4622699 -0.865819 0.2310399 -0.4438221 -0.8658195 0.26884 -0.4219972 -0.8658192 0.06531018 -0.4960765 -0.8658191 0.1082969 -0.4884968 -0.8658192 0.1504607 -0.4771991 -0.8658192 0.02182406 -0.499881 0.04355925 0.1304089 -0.990503 0.04360431 0.1303928 -0.9905031 0.04355937 0.2162284 -0.9753707 0.04357212 0.2162262 -0.9753705 0.04355913 0.3004325 -0.9528079 0.04358971 0.3004112 -0.9528133 0.04355925 0.3823235 -0.9230012 0.04357331 0.3823132 -0.9230049 0.04354423 0.4613153 -0.8861671 0.04360252 0.4612988 -0.8861729 0.04355871 0.536806 -0.8425807 0.04358834 0.5367609 -0.8426078 0.04358822 0.6082041 -0.7925832 0.04356545 0.6081668 -0.792613 0.04358786 0.6749704 -0.7365562 0.04357397 0.6749309 -0.7365932 0.04357367 0.7365849 -0.6749401 0.0435853 0.7365693 -0.6749564 0.04357278 0.7926154 -0.608163 0.04359388 0.7925903 -0.6081943 0.04358565 0.8426173 -0.5367462 0.04357993 0.8425768 -0.5368103 0.04357123 0.8861835 -0.4612813 0.04357707 0.886168 -0.4613107 0.04357224 0.9230098 -0.3823014 0.04357159 0.9230008 -0.3823236 0.04357063 0.9528103 -0.3004234 0.04357558 0.9528095 -0.3004254 0.04357379 0.9753668 -0.2162427 0.04357844 0.9753676 -0.2162382 0.04357713 0.9905031 -0.1304023 0.04357576 0.9905027 -0.130406 0.04357153 0.9980996 -0.04357349 0.0435819 0.998099 -0.04357981 0.04357904 0.9980993 0.04357534 0.04357516 0.9980992 0.04357868 0.04357385 0.9905034 0.1304005 0.04357987 0.9905018 0.1304111 0.04357594 0.9753699 0.2162283 0.04357618 0.9753655 0.2162487 0.04357004 0.9528168 0.3004029 0.04357278 0.9528071 0.3004329 0.04356855 0.92301 0.3823015 0.04357504 0.9230011 0.3823223 0.04357355 0.8861706 0.4613057 0.04357659 0.8861725 0.4613019 0.04358154 0.8425924 0.5367856 0.04358136 0.8425866 0.5367946 0.04357278 0.7926154 0.608163 0.04359036 0.7925868 0.6081991 0.04358953 0.7365707 0.6749545 0.04357904 0.7365721 0.6749536 0.04358875 0.6749541 0.7365711 0.04357272 0.6749373 0.7365875 0.04357409 0.6081852 0.7925983 0.04357957 0.6081755 0.7926055 0.04355943 0.5367851 0.8425939 0.04359465 0.5367735 0.8425994 0.04357409 0.4613147 0.8861659 0.04357856 0.46131 0.8861682 0.04355895 0.3823363 0.9229961 0.04357725 0.3823055 0.923008 0.04355895 0.3004463 0.9528037 0.04357993 0.3003997 0.9528174 0.04355937 0.2162284 0.9753707 0.04357731 0.2162284 0.9753699 0.04358911 0.1304014 0.9905027 0.04358965 0.1303977 0.9905031 0.04358911 0.04357975 0.9980987 0.04360568 0.04357606 0.9980981 0.04358911 -0.0435779 0.9980987 0.04359191 -0.04357725 0.9980986 0.04355925 -0.1304089 0.990503 0.04360431 -0.1303928 0.9905031 0.04355937 -0.2162284 0.9753707 0.04357212 -0.2162262 0.9753705 0.04355913 -0.3004325 0.9528079 0.04358971 -0.3004112 0.9528133 0.04355925 -0.3823235 0.9230012 0.04357331 -0.3823132 0.9230049 0.04354423 -0.4613153 0.8861671 0.04360252 -0.4612988 0.8861729 0.04355871 -0.536806 0.8425807 0.04358834 -0.5367609 0.8426078 0.04358822 -0.6082041 0.7925832 0.04356545 -0.6081668 0.792613 0.04358786 -0.6749704 0.7365562 0.04357397 -0.6749309 0.7365932 0.04357367 -0.7365849 0.6749401 0.0435853 -0.7365693 0.6749564 0.04357278 -0.7926154 0.608163 0.04359388 -0.7925903 0.6081943 0.04358565 -0.8426173 0.5367462 0.04357993 -0.8425768 0.5368103 0.04357123 -0.8861835 0.4612813 0.04357707 -0.886168 0.4613107 0.04357224 -0.9230098 0.3823014 0.04357159 -0.9230008 0.3823236 0.04357063 -0.9528103 0.3004234 0.04357558 -0.9528095 0.3004254 0.04357379 -0.9753668 0.2162427 0.04357844 -0.9753676 0.2162382 0.04357713 -0.9905031 0.1304023 0.04357576 -0.9905027 0.130406 0.04357153 -0.9980996 0.04357349 0.0435819 -0.998099 0.04357981 0.04357904 -0.9980993 -0.04357534 0.04357516 -0.9980992 -0.04357868 0.04357385 -0.9905034 -0.1304005 0.04357987 -0.9905018 -0.1304111 0.04357594 -0.9753699 -0.2162283 0.04357618 -0.9753655 -0.2162487 0.04357004 -0.9528168 -0.3004029 0.04357278 -0.9528071 -0.3004329 0.04356855 -0.92301 -0.3823015 0.04357504 -0.9230011 -0.3823223 0.04357355 -0.8861706 -0.4613057 0.04357659 -0.8861725 -0.4613019 0.04358154 -0.8425924 -0.5367856 0.04358136 -0.8425866 -0.5367946 0.04357278 -0.7926154 -0.608163 0.04359036 -0.7925868 -0.6081991 0.04358953 -0.7365707 -0.6749545 0.04357904 -0.7365721 -0.6749536 0.04358875 -0.6749541 -0.7365711 0.04357272 -0.6749373 -0.7365875 0.04357409 -0.6081852 -0.7925983 0.04357957 -0.6081755 -0.7926055 0.04355943 -0.5367851 -0.8425939 0.04359465 -0.5367735 -0.8425994 0.04357409 -0.4613147 -0.8861659 0.04357856 -0.46131 -0.8861682 0.04355895 -0.3823363 -0.9229961 0.04357725 -0.3823055 -0.923008 0.04355895 -0.3004463 -0.9528037 0.04357993 -0.3003997 -0.9528174 0.04355937 -0.2162284 -0.9753707 0.04357731 -0.2162284 -0.9753699 0.04358911 -0.1304014 -0.9905027 0.04358965 -0.1303977 -0.9905031 0.04358911 -0.04357975 -0.9980987 0.04360568 -0.04357606 -0.9980981 0.04358911 0.0435779 -0.9980987 0.04359191 0.04357725 -0.9980986 0.1304013 0.1294157 -0.9829787 0.1303897 0.1294129 -0.9829807 0.1304017 0.2145834 -0.9679616 0.1303794 0.2145952 -0.9679619 0.1304014 0.2981372 -0.9455738 0.1304203 0.2981391 -0.9455705 0.1304158 0.37942 -0.9159871 0.1304026 0.3794215 -0.9159883 0.1303865 0.4578087 -0.8794377 0.1304205 0.4577937 -0.8794405 0.1304137 0.5327356 -0.8361728 0.130409 0.5327029 -0.8361945 0.1304161 0.6035611 -0.7865785 0.1303878 0.6035665 -0.7865791 0.1304173 0.6698132 -0.7309868 0.1304057 0.6698217 -0.7309811 0.1304166 0.7309783 -0.6698226 0.130401 0.7309885 -0.6698146 0.1304033 0.7865716 -0.6035727 0.1304042 0.7865852 -0.6035549 0.1304036 0.8361845 -0.53272 0.1304113 0.8361835 -0.5327197 0.1304073 0.8794326 -0.4578126 0.130405 0.8794372 -0.4578046 0.1304032 0.9159884 -0.3794211 0.1304119 0.915991 -0.3794118 0.1304085 0.9455751 -0.2981298 0.1304042 0.9455747 -0.2981329 0.1303993 0.9679616 -0.2145845 0.1304122 0.9679571 -0.2145968 0.1304058 0.9829789 -0.1294094 0.1304162 0.9829774 -0.1294109 0.1304234 0.9905146 -0.04325026 0.1304005 0.9905178 -0.04324597 0.1303997 0.9905178 0.04324775 0.1304224 0.9905149 0.04324781 0.1304141 0.9829779 0.1294093 0.130409 0.9829782 0.1294119 0.1304106 0.9679581 0.2145932 0.1304047 0.9679588 0.2145939 0.1303995 0.9455769 0.2981285 0.1304169 0.9455697 0.2981436 0.1304105 0.9159874 0.3794207 0.1304062 0.9159907 0.3794144 0.1304109 0.8794322 0.4578123 0.1304022 0.8794375 0.4578048 0.1304076 0.8361918 0.5327075 0.1304067 0.836186 0.5327169 0.1304033 0.7865716 0.6035727 0.1304079 0.7865836 0.6035563 0.1304019 0.7309797 0.6698239 0.1304112 0.7309892 0.6698118 0.1304 0.6698309 0.7309737 0.1304172 0.669813 0.730987 0.1303992 0.6035817 0.7865654 0.1303963 0.6035612 0.7865817 0.1303843 0.5327377 0.8361762 0.1304296 0.5326997 0.8361932 0.1304158 0.4578069 0.8794342 0.1303875 0.4577961 0.8794441 0.1304011 0.3794207 0.9159888 0.1304134 0.3794139 0.91599 0.1304308 0.2981361 0.9455701 0.1303955 0.2981367 0.9455747 0.1304013 0.2145977 0.9679583 0.1303853 0.214587 0.9679629 0.1304014 0.1294084 0.9829797 0.1304017 0.1294159 0.9829786 0.1304308 0.04324793 0.9905138 0.1303728 0.0432462 0.9905215 0.1304014 -0.04324811 0.9905176 0.1304024 -0.04324555 0.9905176 0.1304013 -0.1294157 0.9829787 0.1303897 -0.1294129 0.9829807 0.1304017 -0.2145834 0.9679616 0.1303794 -0.2145952 0.9679619 0.1304014 -0.2981372 0.9455738 0.1304203 -0.2981391 0.9455705 0.1304158 -0.37942 0.9159871 0.1304026 -0.3794215 0.9159883 0.1303865 -0.4578087 0.8794377 0.1304205 -0.4577937 0.8794405 0.1304137 -0.5327356 0.8361728 0.130409 -0.5327029 0.8361945 0.1304161 -0.6035611 0.7865785 0.1303878 -0.6035665 0.7865791 0.1304173 -0.6698132 0.7309868 0.1304057 -0.6698217 0.7309811 0.1304166 -0.7309783 0.6698226 0.130401 -0.7309885 0.6698146 0.1304033 -0.7865716 0.6035727 0.1304042 -0.7865852 0.6035549 0.1304036 -0.8361845 0.53272 0.1304113 -0.8361835 0.5327197 0.1304073 -0.8794326 0.4578126 0.130405 -0.8794372 0.4578046 0.1304032 -0.9159884 0.3794211 0.1304119 -0.915991 0.3794118 0.1304085 -0.9455751 0.2981298 0.1304042 -0.9455747 0.2981329 0.1303993 -0.9679616 0.2145845 0.1304122 -0.9679571 0.2145968 0.1304058 -0.9829789 0.1294094 0.1304162 -0.9829774 0.1294109 0.1304234 -0.9905146 0.04325026 0.1304005 -0.9905178 0.04324597 0.1303997 -0.9905178 -0.04324775 0.1304224 -0.9905149 -0.04324781 0.1304141 -0.9829779 -0.1294093 0.130409 -0.9829782 -0.1294119 0.1304106 -0.9679581 -0.2145932 0.1304047 -0.9679588 -0.2145939 0.1303995 -0.9455769 -0.2981285 0.1304169 -0.9455697 -0.2981436 0.1304105 -0.9159874 -0.3794207 0.1304062 -0.9159907 -0.3794144 0.1304109 -0.8794322 -0.4578123 0.1304022 -0.8794375 -0.4578048 0.1304076 -0.8361918 -0.5327075 0.1304067 -0.836186 -0.5327169 0.1304033 -0.7865716 -0.6035727 0.1304079 -0.7865836 -0.6035563 0.1304019 -0.7309797 -0.6698239 0.1304112 -0.7309892 -0.6698118 0.1304 -0.6698309 -0.7309737 0.1304172 -0.669813 -0.730987 0.1303992 -0.6035817 -0.7865654 0.1303963 -0.6035612 -0.7865817 0.1303843 -0.5327377 -0.8361762 0.1304296 -0.5326997 -0.8361932 0.1304158 -0.4578069 -0.8794342 0.1303875 -0.4577961 -0.8794441 0.1304011 -0.3794207 -0.9159888 0.1304134 -0.3794139 -0.91599 0.1304308 -0.2981361 -0.9455701 0.1303955 -0.2981367 -0.9455747 0.1304013 -0.2145977 -0.9679583 0.1303853 -0.214587 -0.9679629 0.1304014 -0.1294084 -0.9829797 0.1304017 -0.1294159 -0.9829786 0.1304308 -0.04324793 -0.9905138 0.1303728 -0.0432462 -0.9905215 0.1304014 0.04324811 -0.9905176 0.1304024 0.04324555 -0.9905176 0.2162547 0.1274342 -0.9679848 0.2162343 0.1274447 -0.967988 0.2162547 0.2113161 -0.9531944 0.2162536 0.2113153 -0.9531947 0.2162265 0.2935889 -0.9311561 0.2162456 0.2936093 -0.9311452 0.2162413 0.3736216 -0.9020236 0.2162458 0.373641 -0.9020146 0.2162567 0.450806 -0.8660296 0.2162274 0.4508252 -0.8660268 0.2162104 0.5245985 -0.8234377 0.2162581 0.5245887 -0.8234314 0.2162433 0.5943447 -0.7745923 0.2162581 0.5943668 -0.7745712 0.2162417 0.659602 -0.7198367 0.2162519 0.6596109 -0.7198255 0.2162477 0.7198112 -0.6596279 0.2162428 0.7198461 -0.6595913 0.2162396 0.7745684 -0.5943773 0.2162353 0.774596 -0.5943428 0.2162285 0.823435 -0.5245952 0.2162302 0.8234475 -0.5245749 0.2162382 0.8660272 -0.450819 0.2162375 0.8660303 -0.4508137 0.2162585 0.9020087 -0.3736479 0.2162276 0.9020284 -0.3736181 0.2162376 0.9311525 -0.2935925 0.2162342 0.9311583 -0.2935766 0.2162369 0.9531986 -0.2113152 0.2162363 0.9531988 -0.2113148 0.2162438 0.9679867 -0.1274384 0.2162333 0.9679892 -0.1274371 0.2162399 0.9754109 -0.04258805 0.2162393 0.9754112 -0.04258745 0.2162436 0.9754103 0.04258537 0.2162314 0.9754129 0.04258924 0.2162353 0.9679886 0.1274386 0.2162357 0.9679891 0.1274333 0.2162474 0.9531935 0.2113273 0.2162296 0.9532022 0.2113062 0.2162551 0.9311438 0.2936067 0.216225 0.931161 0.2935746 0.2162479 0.9020108 0.3736488 0.2162444 0.902021 0.3736262 0.2162454 0.8660259 0.4508183 0.216232 0.8660292 0.4508185 0.2162356 0.8234337 0.5245943 0.2162279 0.8234434 0.5245825 0.2162398 0.7745692 0.5943762 0.2162413 0.7745897 0.5943488 0.2162332 0.7198125 0.6596311 0.2162546 0.7198451 0.6595885 0.2162415 0.6596016 0.7198371 0.2162523 0.6596042 0.7198314 0.2162574 0.5943424 0.7745901 0.2162405 0.5943573 0.7745834 0.2162137 0.5245769 0.8234506 0.216256 0.5245935 0.8234288 0.2162423 0.450807 0.8660325 0.216238 0.4508202 0.8660268 0.2162425 0.3736088 0.9020287 0.2162359 0.3736457 0.9020149 0.2162263 0.2935886 0.9311562 0.2162589 0.2936003 0.931145 0.216283 0.2113146 0.9531883 0.2162215 0.2113258 0.9531998 0.2162547 0.1274342 0.9679848 0.2162238 0.1274413 0.9679907 0.2162262 0.04258555 0.9754142 0.2162281 0.04258841 0.9754136 0.2162547 -0.04258245 0.975408 0.2162038 -0.04259049 0.9754189 0.2162547 -0.1274342 0.9679848 0.2162343 -0.1274447 0.967988 0.2162547 -0.2113161 0.9531944 0.2162536 -0.2113153 0.9531947 0.2162265 -0.2935889 0.9311561 0.2162456 -0.2936093 0.9311452 0.2162413 -0.3736216 0.9020236 0.2162458 -0.373641 0.9020146 0.2162567 -0.450806 0.8660296 0.2162274 -0.4508252 0.8660268 0.2162104 -0.5245985 0.8234377 0.2162581 -0.5245887 0.8234314 0.2162433 -0.5943447 0.7745923 0.2162581 -0.5943668 0.7745712 0.2162417 -0.659602 0.7198367 0.2162519 -0.6596109 0.7198255 0.2162477 -0.7198112 0.6596279 0.2162428 -0.7198461 0.6595913 0.2162396 -0.7745684 0.5943773 0.2162353 -0.774596 0.5943428 0.2162285 -0.823435 0.5245952 0.2162302 -0.8234475 0.5245749 0.2162382 -0.8660272 0.450819 0.2162375 -0.8660303 0.4508137 0.2162585 -0.9020087 0.3736479 0.2162276 -0.9020284 0.3736181 0.2162376 -0.9311525 0.2935925 0.2162342 -0.9311583 0.2935766 0.2162369 -0.9531986 0.2113152 0.2162363 -0.9531988 0.2113148 0.2162438 -0.9679867 0.1274384 0.2162333 -0.9679892 0.1274371 0.2162399 -0.9754109 0.04258805 0.2162393 -0.9754112 0.04258745 0.2162436 -0.9754103 -0.04258537 0.2162314 -0.9754129 -0.04258924 0.2162353 -0.9679886 -0.1274386 0.2162357 -0.9679891 -0.1274333 0.2162474 -0.9531935 -0.2113273 0.2162296 -0.9532022 -0.2113062 0.2162551 -0.9311438 -0.2936067 0.216225 -0.931161 -0.2935746 0.2162479 -0.9020108 -0.3736488 0.2162444 -0.902021 -0.3736262 0.2162454 -0.8660259 -0.4508183 0.216232 -0.8660292 -0.4508185 0.2162356 -0.8234337 -0.5245943 0.2162279 -0.8234434 -0.5245825 0.2162398 -0.7745692 -0.5943762 0.2162413 -0.7745897 -0.5943488 0.2162332 -0.7198125 -0.6596311 0.2162546 -0.7198451 -0.6595885 0.2162415 -0.6596016 -0.7198371 0.2162523 -0.6596042 -0.7198314 0.2162574 -0.5943424 -0.7745901 0.2162405 -0.5943573 -0.7745834 0.2162137 -0.5245769 -0.8234506 0.216256 -0.5245935 -0.8234288 0.2162423 -0.450807 -0.8660325 0.216238 -0.4508202 -0.8660268 0.2162425 -0.3736088 -0.9020287 0.2162359 -0.3736457 -0.9020149 0.2162263 -0.2935886 -0.9311562 0.2162589 -0.2936003 -0.931145 0.216283 -0.2113146 -0.9531883 0.2162215 -0.2113258 -0.9531998 0.2162547 -0.1274342 -0.9679848 0.2162238 -0.1274413 -0.9679907 0.2162262 -0.04258555 -0.9754142 0.2162281 -0.04258841 -0.9754136 0.2162547 0.04258245 -0.975408 0.2162038 0.04259049 -0.9754189 0.3004427 0.1244916 -0.9456406 0.3004571 0.1244977 -0.9456351 0.3004422 0.2064478 -0.9311895 0.3004115 0.2064436 -0.9312003 0.3004171 0.2867997 -0.9096679 0.30045 0.2868111 -0.9096534 0.3004297 0.3650001 -0.8812021 0.3004598 0.3650079 -0.8811886 0.3004314 0.4404044 -0.8460409 0.3004496 0.4404217 -0.8460253 0.3004333 0.5124574 -0.8044422 0.3004298 0.5124983 -0.8044176 0.3004314 0.5806306 -0.7567094 0.3004348 0.5806416 -0.7566996 0.3004271 0.6443874 -0.703213 0.3004378 0.6443797 -0.7032154 0.3004304 0.7032144 -0.6443844 0.3004368 0.7032272 -0.6443673 0.3004375 0.7566992 -0.5806407 0.3004493 0.7567021 -0.5806308 0.3004563 0.8044151 -0.5124865 0.3004233 0.8044433 -0.5124617 0.3004518 0.8460208 -0.4404291 0.3004351 0.8460376 -0.4404079 0.3004534 0.8811872 -0.3650165 0.3004298 0.8812056 -0.3649914 0.3004429 0.9096536 -0.2868181 0.3004326 0.9096601 -0.2868084 0.3004669 0.9311789 -0.2064593 0.3004106 0.9312044 -0.2064265 0.3004337 0.9456431 -0.1244944 0.3004457 0.9456391 -0.1244954 0.3004626 0.9528858 -0.04160565 0.3004274 0.952897 -0.04160261 0.3004536 0.9528886 0.04160577 0.3004283 0.9528967 0.04160135 0.3004506 0.9456376 0.1244956 0.3004139 0.9456502 0.1244882 0.3004435 0.931189 0.2064483 0.3004196 0.9312012 0.2064278 0.3004413 0.909654 0.2868183 0.3004308 0.9096615 0.2868051 0.3004501 0.8811882 0.3650169 0.3004316 0.8812056 0.3649899 0.3004518 0.8460208 0.4404291 0.3004357 0.8460367 0.4404094 0.3004491 0.8044256 0.5124742 0.3004289 0.8044376 0.5124672 0.3004439 0.7566968 0.5806407 0.3004437 0.756703 0.5806325 0.3004369 0.7031997 0.6443973 0.3004325 0.7032362 0.6443595 0.3004464 0.6443671 0.7032233 0.3004261 0.6443918 0.7032094 0.3004448 0.5806276 0.7567065 0.3004328 0.5806366 0.7567043 0.3004425 0.5124775 0.8044261 0.3004274 0.5124837 0.8044278 0.3004409 0.4404261 0.8460263 0.3004464 0.4404131 0.846031 0.3004449 0.3649855 0.8812029 0.300455 0.365014 0.8811876 0.300417 0.2867996 0.9096679 0.300441 0.2868129 0.9096558 0.3004431 0.2064335 0.9311923 0.3004217 0.20645 0.9311956 0.3004428 0.1244917 0.9456406 0.3004621 0.1244974 0.9456337 0.3004697 0.04160356 0.9528836 0.3004398 0.04160445 0.952893 0.3004697 -0.04160356 0.9528836 0.3004445 -0.04160344 0.9528916 0.3004427 -0.1244916 0.9456406 0.3004571 -0.1244977 0.9456351 0.3004422 -0.2064478 0.9311895 0.3004115 -0.2064436 0.9312003 0.3004171 -0.2867997 0.9096679 0.30045 -0.2868111 0.9096534 0.3004297 -0.3650001 0.8812021 0.3004598 -0.3650079 0.8811886 0.3004314 -0.4404044 0.8460409 0.3004496 -0.4404217 0.8460253 0.3004333 -0.5124574 0.8044422 0.3004298 -0.5124983 0.8044176 0.3004314 -0.5806306 0.7567094 0.3004348 -0.5806416 0.7566996 0.3004271 -0.6443874 0.703213 0.3004378 -0.6443797 0.7032154 0.3004304 -0.7032144 0.6443844 0.3004368 -0.7032272 0.6443673 0.3004375 -0.7566992 0.5806407 0.3004493 -0.7567021 0.5806308 0.3004563 -0.8044151 0.5124865 0.3004233 -0.8044433 0.5124617 0.3004518 -0.8460208 0.4404291 0.3004351 -0.8460376 0.4404079 0.3004534 -0.8811872 0.3650165 0.3004298 -0.8812056 0.3649914 0.3004429 -0.9096536 0.2868181 0.3004326 -0.9096601 0.2868084 0.3004669 -0.9311789 0.2064593 0.3004106 -0.9312044 0.2064265 0.3004337 -0.9456431 0.1244944 0.3004457 -0.9456391 0.1244954 0.3004626 -0.9528858 0.04160565 0.3004274 -0.952897 0.04160261 0.3004536 -0.9528886 -0.04160577 0.3004283 -0.9528967 -0.04160135 0.3004506 -0.9456376 -0.1244956 0.3004139 -0.9456502 -0.1244882 0.3004435 -0.931189 -0.2064483 0.3004196 -0.9312012 -0.2064278 0.3004413 -0.909654 -0.2868183 0.3004308 -0.9096615 -0.2868051 0.3004501 -0.8811882 -0.3650169 0.3004316 -0.8812056 -0.3649899 0.3004518 -0.8460208 -0.4404291 0.3004357 -0.8460367 -0.4404094 0.3004491 -0.8044256 -0.5124742 0.3004289 -0.8044376 -0.5124672 0.3004439 -0.7566968 -0.5806407 0.3004437 -0.756703 -0.5806325 0.3004369 -0.7031997 -0.6443973 0.3004325 -0.7032362 -0.6443595 0.3004464 -0.6443671 -0.7032233 0.3004261 -0.6443918 -0.7032094 0.3004448 -0.5806276 -0.7567065 0.3004328 -0.5806366 -0.7567043 0.3004425 -0.5124775 -0.8044261 0.3004274 -0.5124837 -0.8044278 0.3004409 -0.4404261 -0.8460263 0.3004464 -0.4404131 -0.846031 0.3004449 -0.3649855 -0.8812029 0.300455 -0.365014 -0.8811876 0.300417 -0.2867996 -0.9096679 0.300441 -0.2868129 -0.9096558 0.3004431 -0.2064335 -0.9311923 0.3004217 -0.20645 -0.9311956 0.3004428 -0.1244917 -0.9456406 0.3004621 -0.1244974 -0.9456337 0.3004697 -0.04160356 -0.9528836 0.3004398 -0.04160445 -0.952893 0.3004697 0.04160356 -0.9528836 0.3004445 0.04160344 -0.9528916 0.382362 0.120607 -0.9161077 0.3823752 0.1206127 -0.9161015 0.382387 0.1999956 -0.9020987 0.3823755 0.1999914 -0.9021045 0.3823863 0.2778612 -0.8812343 0.3823619 0.2778601 -0.8812452 0.3823747 0.353604 -0.8536708 0.3823782 0.3536067 -0.8536682 0.3823731 0.4266663 -0.8196016 0.3823834 0.4266521 -0.8196042 0.3823761 0.496463 -0.779303 0.382386 0.4964689 -0.7792943 0.3823861 0.5625022 -0.7330569 0.3823856 0.5624865 -0.733069 0.3823825 0.6242597 -0.6812368 0.3823757 0.6242455 -0.6812536 0.3823956 0.6812286 -0.6242607 0.3823718 0.6812583 -0.6242427 0.3823788 0.7330576 -0.562506 0.3823714 0.7330737 -0.5624902 0.3823834 0.7792935 -0.4964721 0.3823843 0.7792987 -0.4964635 0.382384 0.8196026 -0.4266545 0.382368 0.8196117 -0.4266512 0.3823903 0.8536601 -0.3536131 0.3823754 0.8536731 -0.3535978 0.382385 0.8812364 -0.2778564 0.3823826 0.8812372 -0.2778573 0.3823754 0.9021046 -0.1999912 0.3823795 0.9021034 -0.1999889 0.3823681 0.9161057 -0.1206035 0.3823738 0.9161028 -0.1206065 0.3823859 0.9231233 -0.04030597 0.3823689 0.9231305 -0.04030317 0.3823844 0.9231238 0.04030597 0.3823786 0.9231263 0.040304 0.3823828 0.9160988 0.1206085 0.3823772 0.9161013 0.1206071 0.3824024 0.9020913 0.1999996 0.3823689 0.9021078 0.1999889 0.3823803 0.8812382 0.277857 0.3823931 0.8812313 0.2778616 0.382374 0.853675 0.3535947 0.3823871 0.8536614 0.3536135 0.3823714 0.8196072 0.426657 0.3823777 0.8196093 0.4266473 0.3823965 0.7792898 0.4964679 0.382373 0.7793026 0.4964661 0.382371 0.7330722 0.5624925 0.3823732 0.7330698 0.5624941 0.3823833 0.6812332 0.6242631 0.3823773 0.6812515 0.6242468 0.3823822 0.6242593 0.6812373 0.3823751 0.6242415 0.6812575 0.382373 0.5625049 0.7330614 0.3823965 0.5624796 0.7330687 0.3823758 0.4964626 0.7793034 0.3823792 0.496484 0.779288 0.382386 0.4266642 0.8195966 0.3823719 0.4266693 0.8196006 0.3823764 0.3535907 0.8536756 0.3823768 0.3536089 0.8536679 0.3823879 0.2778475 0.8812379 0.3823639 0.2778633 0.8812434 0.3823876 0.1999885 0.9021 0.3823902 0.1999918 0.9020981 0.382362 0.120607 0.9161078 0.3823803 0.1206106 0.9160996 0.382362 0.04030424 0.9231333 0.3823828 0.04030543 0.9231246 0.382362 -0.04030513 0.9231332 0.3823851 -0.04030352 0.9231236 0.382362 -0.120607 0.9161077 0.3823752 -0.1206127 0.9161015 0.382387 -0.1999956 0.9020987 0.3823755 -0.1999914 0.9021045 0.3823863 -0.2778612 0.8812343 0.3823619 -0.2778601 0.8812452 0.3823747 -0.353604 0.8536708 0.3823782 -0.3536067 0.8536682 0.3823731 -0.4266663 0.8196016 0.3823834 -0.4266521 0.8196042 0.3823761 -0.496463 0.779303 0.382386 -0.4964689 0.7792943 0.3823861 -0.5625022 0.7330569 0.3823856 -0.5624865 0.733069 0.3823825 -0.6242597 0.6812368 0.3823757 -0.6242455 0.6812536 0.3823956 -0.6812286 0.6242607 0.3823718 -0.6812583 0.6242427 0.3823788 -0.7330576 0.562506 0.3823714 -0.7330737 0.5624902 0.3823834 -0.7792935 0.4964721 0.3823843 -0.7792987 0.4964635 0.382384 -0.8196026 0.4266545 0.382368 -0.8196117 0.4266512 0.3823903 -0.8536601 0.3536131 0.3823754 -0.8536731 0.3535978 0.382385 -0.8812364 0.2778564 0.3823826 -0.8812372 0.2778573 0.3823754 -0.9021046 0.1999912 0.3823795 -0.9021034 0.1999889 0.3823681 -0.9161057 0.1206035 0.3823738 -0.9161028 0.1206065 0.3823859 -0.9231233 0.04030597 0.3823689 -0.9231305 0.04030317 0.3823844 -0.9231238 -0.04030597 0.3823786 -0.9231263 -0.040304 0.3823828 -0.9160988 -0.1206085 0.3823772 -0.9161013 -0.1206071 0.3824024 -0.9020913 -0.1999996 0.3823689 -0.9021078 -0.1999889 0.3823803 -0.8812382 -0.277857 0.3823931 -0.8812313 -0.2778616 0.382374 -0.853675 -0.3535947 0.3823871 -0.8536614 -0.3536135 0.3823714 -0.8196072 -0.426657 0.3823777 -0.8196093 -0.4266473 0.3823965 -0.7792898 -0.4964679 0.382373 -0.7793026 -0.4964661 0.382371 -0.7330722 -0.5624925 0.3823732 -0.7330698 -0.5624941 0.3823833 -0.6812332 -0.6242631 0.3823773 -0.6812515 -0.6242468 0.3823822 -0.6242593 -0.6812373 0.3823751 -0.6242415 -0.6812575 0.382373 -0.5625049 -0.7330614 0.3823965 -0.5624796 -0.7330687 0.3823758 -0.4964626 -0.7793034 0.3823792 -0.496484 -0.779288 0.382386 -0.4266642 -0.8195966 0.3823719 -0.4266693 -0.8196006 0.3823764 -0.3535907 -0.8536756 0.3823768 -0.3536089 -0.8536679 0.3823879 -0.2778475 -0.8812379 0.3823639 -0.2778633 -0.8812434 0.3823876 -0.1999885 -0.9021 0.3823902 -0.1999918 -0.9020981 0.382362 -0.120607 -0.9161078 0.3823803 -0.1206106 -0.9160996 0.382362 -0.04030424 -0.9231333 0.3823828 -0.04030543 -0.9231246 0.382362 0.04030513 -0.9231332 0.3823851 0.04030352 -0.9231236 0.4614151 0.1157987 -0.8795948 0.4613885 0.1158007 -0.8796084 0.4613907 0.1920335 -0.8661651 0.4614042 0.1920157 -0.8661618 0.4614138 0.2667878 -0.8461216 0.4614126 0.2667723 -0.8461272 0.4614144 0.3395134 -0.8196509 0.461418 0.3395032 -0.819653 0.4614147 0.4096587 -0.7869411 0.4613792 0.4096746 -0.7869538 0.4614081 0.4766683 -0.7482579 0.4614227 0.476675 -0.7482447 0.4613869 0.5401039 -0.7038536 0.4614189 0.5400748 -0.7038549 0.4613863 0.599393 -0.6541031 0.4614071 0.599379 -0.6541011 0.4613995 0.6541127 -0.5993722 0.4614071 0.6540963 -0.5993843 0.4614086 0.7038543 -0.5400846 0.4614043 0.7038467 -0.5400981 0.4614 0.7482531 -0.4766839 0.4614281 0.7482191 -0.4767099 0.4613837 0.786967 -0.4096438 0.4614283 0.7869247 -0.409675 0.4614003 0.8196608 -0.3395085 0.4614107 0.8196547 -0.3395093 0.4614061 0.8461276 -0.2667821 0.4614223 0.8461172 -0.2667869 0.4614017 0.8661621 -0.1920199 0.4614177 0.8661523 -0.192026 0.4614125 0.8795956 -0.1158017 0.4614049 0.8795995 -0.1158035 0.4613707 0.8863632 -0.0386964 0.4614282 0.8863333 -0.03869831 0.4614089 0.8863434 0.03869628 0.4613973 0.8863492 0.03869909 0.4614016 0.8796014 0.1158025 0.4614203 0.8795913 0.115804 0.4613975 0.8661648 0.1920186 0.4614202 0.8661507 0.1920267 0.4614093 0.8461266 0.2667799 0.4614164 0.84612 0.266788 0.4614009 0.8196618 0.3395052 0.4614021 0.8196612 0.3395051 0.4613928 0.7869637 0.4096403 0.4614129 0.7869331 0.4096758 0.4613996 0.7482524 0.4766854 0.4614241 0.7482279 0.4767001 0.4614027 0.7038567 0.5400865 0.4614077 0.7038494 0.5400916 0.4613903 0.6541293 0.5993612 0.4614093 0.6540855 0.5993945 0.461398 0.5993888 0.6540986 0.4614033 0.5993728 0.6541095 0.4613987 0.5401003 0.7038487 0.4614126 0.5400745 0.7038594 0.4614019 0.4766916 0.748247 0.4614295 0.4766648 0.748247 0.4613975 0.4096862 0.786937 0.4614026 0.4096515 0.786952 0.4614115 0.3395261 0.8196471 0.4614211 0.339492 0.8196559 0.4614138 0.2667878 0.8461216 0.4614164 0.2667632 0.8461278 0.4614148 0.1920238 0.8661543 0.4613829 0.1920214 0.8661717 0.4614149 0.1158023 0.8795943 0.4613955 0.1157984 0.8796051 0.4614148 0.03869789 0.8863402 0.4613972 0.03869736 0.8863493 0.4614148 -0.03869837 0.8863401 0.4613989 -0.03869915 0.8863484 0.4614151 -0.1157987 0.8795948 0.4613885 -0.1158007 0.8796084 0.4613907 -0.1920335 0.8661651 0.4614042 -0.1920157 0.8661618 0.4614138 -0.2667878 0.8461216 0.4614126 -0.2667723 0.8461272 0.4614144 -0.3395134 0.8196509 0.461418 -0.3395032 0.819653 0.4614147 -0.4096587 0.7869411 0.4613792 -0.4096746 0.7869538 0.4614081 -0.4766683 0.7482579 0.4614227 -0.476675 0.7482447 0.4613869 -0.5401039 0.7038536 0.4614189 -0.5400748 0.7038549 0.4613863 -0.599393 0.6541031 0.4614071 -0.599379 0.6541011 0.4613995 -0.6541127 0.5993722 0.4614071 -0.6540963 0.5993843 0.4614086 -0.7038543 0.5400846 0.4614043 -0.7038467 0.5400981 0.4614 -0.7482531 0.4766839 0.4614281 -0.7482191 0.4767099 0.4613837 -0.786967 0.4096438 0.4614283 -0.7869247 0.409675 0.4614003 -0.8196608 0.3395085 0.4614107 -0.8196547 0.3395093 0.4614061 -0.8461276 0.2667821 0.4614223 -0.8461172 0.2667869 0.4614017 -0.8661621 0.1920199 0.4614177 -0.8661523 0.192026 0.4614125 -0.8795956 0.1158017 0.4614049 -0.8795995 0.1158035 0.4613707 -0.8863632 0.0386964 0.4614282 -0.8863333 0.03869831 0.4614089 -0.8863434 -0.03869628 0.4613973 -0.8863492 -0.03869909 0.4614016 -0.8796014 -0.1158025 0.4614203 -0.8795913 -0.115804 0.4613975 -0.8661648 -0.1920186 0.4614202 -0.8661507 -0.1920267 0.4614093 -0.8461266 -0.2667799 0.4614164 -0.84612 -0.266788 0.4614009 -0.8196618 -0.3395052 0.4614021 -0.8196612 -0.3395051 0.4613928 -0.7869637 -0.4096403 0.4614129 -0.7869331 -0.4096758 0.4613996 -0.7482524 -0.4766854 0.4614241 -0.7482279 -0.4767001 0.4614027 -0.7038567 -0.5400865 0.4614077 -0.7038494 -0.5400916 0.4613903 -0.6541293 -0.5993612 0.4614093 -0.6540855 -0.5993945 0.461398 -0.5993888 -0.6540986 0.4614033 -0.5993728 -0.6541095 0.4613987 -0.5401003 -0.7038487 0.4614126 -0.5400745 -0.7038594 0.4614019 -0.4766916 -0.748247 0.4614295 -0.4766648 -0.748247 0.4613975 -0.4096862 -0.786937 0.4614026 -0.4096515 -0.786952 0.4614115 -0.3395261 -0.8196471 0.4614211 -0.339492 -0.8196559 0.4614138 -0.2667878 -0.8461216 0.4614164 -0.2667632 -0.8461278 0.4614148 -0.1920238 -0.8661543 0.4613829 -0.1920214 -0.8661717 0.4614149 -0.1158023 -0.8795943 0.4613955 -0.1157984 -0.8796051 0.4614148 -0.03869789 -0.8863402 0.4613972 -0.03869736 -0.8863493 0.4614148 0.03869837 -0.8863401 0.4613989 0.03869915 -0.8863484 0.5369582 0.1101132 -0.8363916 0.5369352 0.1101151 -0.8364063 0.5369359 0.1826055 -0.8236231 0.5369418 0.1825827 -0.8236245 0.5369346 0.2536986 -0.8045735 0.536919 0.2536862 -0.8045877 0.5369156 0.3228471 -0.7794173 0.536926 0.3228416 -0.7794125 0.5369365 0.3895451 -0.7483007 0.5369334 0.3895381 -0.7483065 0.5369127 0.4532964 -0.7115105 0.5369551 0.4532678 -0.7114967 0.5369333 0.5135755 -0.6692854 0.5369352 0.5135617 -0.6692945 0.5369398 0.5699368 -0.621987 0.5369427 0.5699315 -0.6219893 0.5369215 0.6220129 -0.5699257 0.5369457 0.6219637 -0.5699567 0.5369357 0.6692977 -0.5135569 0.5369287 0.6692929 -0.5135707 0.5369332 0.7115054 -0.4532801 0.5369433 0.7114944 -0.4532854 0.5369209 0.7483187 -0.3895319 0.5369438 0.7482922 -0.3895512 0.5369367 0.7794022 -0.3228487 0.5369294 0.7794096 -0.322843 0.5369021 0.8046038 -0.2536709 0.5369338 0.8045771 -0.2536882 0.5369287 0.8236301 -0.1825954 0.5369278 0.8236312 -0.1825932 0.5369377 0.8364047 -0.1101148 0.5369428 0.8364012 -0.1101161 0.5369017 0.8428421 -0.03679561 0.5369402 0.8428172 -0.03680139 0.5369168 0.8428323 0.03680145 0.5369375 0.8428192 0.03679645 0.5369425 0.8364017 0.1101144 0.5369483 0.8363974 0.1101186 0.5369346 0.8236264 0.1825946 0.5369235 0.8236337 0.1825948 0.5369021 0.8046038 0.2536709 0.5369424 0.8045702 0.2536923 0.536937 0.7794027 0.3228471 0.5369269 0.7794116 0.3228422 0.5369111 0.7483257 0.3895319 0.5369415 0.7482978 0.3895438 0.5369158 0.7115318 0.4532592 0.5369443 0.7114866 0.4532963 0.5369309 0.669301 0.5135576 0.5369364 0.6692839 0.5135741 0.5369209 0.6219998 0.5699407 0.536949 0.6219689 0.5699479 0.5369398 0.5699368 0.621987 0.5369407 0.5699324 0.6219902 0.5369333 0.5135755 0.6692854 0.5369274 0.5135658 0.6692975 0.5369023 0.4533 0.7115162 0.5369576 0.4532722 0.711492 0.5369572 0.3895386 0.7482892 0.536913 0.3895459 0.7483171 0.5369135 0.3228607 0.7794133 0.5369197 0.3228396 0.7794176 0.5369368 0.2536849 0.8045763 0.5369176 0.2536897 0.8045876 0.5369581 0.1825956 0.8236109 0.5369243 0.1825866 0.823635 0.5369373 0.110115 0.8364049 0.5369458 0.1101105 0.8364 0.5369162 0.03680062 0.8428326 0.5369504 0.03679782 0.842811 0.5369162 -0.03680044 0.8428327 0.5369551 -0.03679585 0.842808 0.5369582 -0.1101132 0.8363916 0.5369352 -0.1101151 0.8364063 0.5369359 -0.1826055 0.8236231 0.5369418 -0.1825827 0.8236245 0.5369346 -0.2536986 0.8045735 0.536919 -0.2536862 0.8045877 0.5369156 -0.3228471 0.7794173 0.536926 -0.3228416 0.7794125 0.5369365 -0.3895451 0.7483007 0.5369334 -0.3895381 0.7483065 0.5369127 -0.4532964 0.7115105 0.5369551 -0.4532678 0.7114967 0.5369333 -0.5135755 0.6692854 0.5369352 -0.5135617 0.6692945 0.5369398 -0.5699368 0.621987 0.5369427 -0.5699315 0.6219893 0.5369215 -0.6220129 0.5699257 0.5369457 -0.6219637 0.5699567 0.5369357 -0.6692977 0.5135569 0.5369287 -0.6692929 0.5135707 0.5369332 -0.7115054 0.4532801 0.5369433 -0.7114944 0.4532854 0.5369209 -0.7483187 0.3895319 0.5369438 -0.7482922 0.3895512 0.5369367 -0.7794022 0.3228487 0.5369294 -0.7794096 0.322843 0.5369021 -0.8046038 0.2536709 0.5369338 -0.8045771 0.2536882 0.5369287 -0.8236301 0.1825954 0.5369278 -0.8236312 0.1825932 0.5369377 -0.8364047 0.1101148 0.5369428 -0.8364012 0.1101161 0.5369017 -0.8428421 0.03679561 0.5369402 -0.8428172 0.03680139 0.5369168 -0.8428323 -0.03680145 0.5369375 -0.8428192 -0.03679645 0.5369425 -0.8364017 -0.1101144 0.5369483 -0.8363974 -0.1101186 0.5369346 -0.8236264 -0.1825946 0.5369235 -0.8236337 -0.1825948 0.5369021 -0.8046038 -0.2536709 0.5369424 -0.8045702 -0.2536923 0.536937 -0.7794027 -0.3228471 0.5369269 -0.7794116 -0.3228422 0.5369111 -0.7483257 -0.3895319 0.5369415 -0.7482978 -0.3895438 0.5369158 -0.7115318 -0.4532592 0.5369443 -0.7114866 -0.4532963 0.5369309 -0.669301 -0.5135576 0.5369364 -0.6692839 -0.5135741 0.5369209 -0.6219998 -0.5699407 0.536949 -0.6219689 -0.5699479 0.5369398 -0.5699368 -0.621987 0.5369407 -0.5699324 -0.6219902 0.5369333 -0.5135755 -0.6692854 0.5369274 -0.5135658 -0.6692975 0.5369023 -0.4533 -0.7115162 0.5369576 -0.4532722 -0.711492 0.5369572 -0.3895386 -0.7482892 0.536913 -0.3895459 -0.7483171 0.5369135 -0.3228607 -0.7794133 0.5369197 -0.3228396 -0.7794176 0.5369368 -0.2536849 -0.8045763 0.5369176 -0.2536897 -0.8045876 0.5369581 -0.1825956 -0.8236109 0.5369243 -0.1825866 -0.823635 0.5369373 -0.110115 -0.8364049 0.5369458 -0.1101105 -0.8364 0.5369162 -0.03680062 -0.8428326 0.5369504 -0.03679782 -0.842811 0.5369162 0.03680044 -0.8428327 0.5369551 0.03679585 -0.842808 0.6083875 0.1035903 -0.7868505 0.6084055 0.1035892 -0.7868368 0.6083881 0.1717692 -0.7748285 0.608402 0.1717815 -0.7748149 0.6084074 0.2386405 -0.7568957 0.6083906 0.2386514 -0.7569057 0.608398 0.3037055 -0.7332223 0.6084007 0.3037021 -0.7332215 0.6084068 0.3664522 -0.703956 0.6083974 0.3664479 -0.7039663 0.6083906 0.4264125 -0.6693529 0.6084017 0.4264216 -0.6693371 0.6083837 0.4831481 -0.6296328 0.6083939 0.4831319 -0.6296352 0.6084045 0.536169 -0.5851212 0.6083812 0.5361844 -0.5851313 0.6083842 0.5851401 -0.5361716 0.6083869 0.5851419 -0.5361664 0.6083935 0.6296412 -0.4831246 0.6083964 0.6296298 -0.4831359 0.6083762 0.6693714 -0.4264041 0.6084053 0.6693316 -0.426425 0.608412 0.7039432 -0.3664683 0.6083962 0.7039621 -0.366458 0.6083995 0.7332169 -0.3037155 0.6083987 0.7332203 -0.3037091 0.6084002 0.7568974 -0.2386534 0.608387 0.7569109 -0.2386445 0.6083794 0.7748359 -0.1717674 0.6084007 0.7748174 -0.1717749 0.6083775 0.7868588 -0.1035863 0.6083999 0.7868411 -0.1035895 0.6083939 0.7928799 -0.034617 0.6084074 0.7928696 -0.03461796 0.6084257 0.7928554 0.03461855 0.6083843 0.7928873 0.03461694 0.6084104 0.7868329 0.1035907 0.6083822 0.7868551 0.1035878 0.6084052 0.7748134 0.1717773 0.6083933 0.7748243 0.1717701 0.608404 0.7568952 0.2386509 0.6084054 0.7568926 0.2386555 0.6084257 0.7331897 0.3037286 0.6083769 0.7332429 0.303698 0.6083937 0.7039682 0.3664506 0.6084067 0.7039471 0.3664693 0.608388 0.6693549 0.4264132 0.6083959 0.6693438 0.4264191 0.6083998 0.629626 0.4831364 0.6083877 0.6296451 0.483127 0.6084037 0.5851151 0.5361766 0.6083831 0.5851453 0.536167 0.6083953 0.5361738 0.5851264 0.6083936 0.5361701 0.5851317 0.608384 0.4831483 0.6296322 0.6083948 0.4831253 0.6296394 0.608391 0.4264128 0.6693524 0.6084074 0.4264188 0.6693336 0.6083948 0.3664686 0.7039577 0.608406 0.3664487 0.7039585 0.6084074 0.3037029 0.7332155 0.6083855 0.3037126 0.7332296 0.6084074 0.2386405 0.7568957 0.6083921 0.2386478 0.7569059 0.6083865 0.1717835 0.7748267 0.6083886 0.1717786 0.7748262 0.6083691 0.1035921 0.7868646 0.6084087 0.1035888 0.7868344 0.6083878 0.03461647 0.7928848 0.6083971 0.0346198 0.7928773 0.6083876 -0.03461968 0.7928847 0.608404 -0.03461778 0.7928721 0.6083875 -0.1035903 0.7868505 0.6084055 -0.1035892 0.7868368 0.6083881 -0.1717692 0.7748285 0.608402 -0.1717815 0.7748149 0.6084074 -0.2386405 0.7568957 0.6083906 -0.2386514 0.7569057 0.608398 -0.3037055 0.7332223 0.6084007 -0.3037021 0.7332215 0.6084068 -0.3664522 0.703956 0.6083974 -0.3664479 0.7039663 0.6083906 -0.4264125 0.6693529 0.6084017 -0.4264216 0.6693371 0.6083837 -0.4831481 0.6296328 0.6083939 -0.4831319 0.6296352 0.6084045 -0.536169 0.5851212 0.6083812 -0.5361844 0.5851313 0.6083842 -0.5851401 0.5361716 0.6083869 -0.5851419 0.5361664 0.6083935 -0.6296412 0.4831246 0.6083964 -0.6296298 0.4831359 0.6083762 -0.6693714 0.4264041 0.6084053 -0.6693316 0.426425 0.608412 -0.7039432 0.3664683 0.6083962 -0.7039621 0.366458 0.6083995 -0.7332169 0.3037155 0.6083987 -0.7332203 0.3037091 0.6084002 -0.7568974 0.2386534 0.608387 -0.7569109 0.2386445 0.6083794 -0.7748359 0.1717674 0.6084007 -0.7748174 0.1717749 0.6083775 -0.7868588 0.1035863 0.6083999 -0.7868411 0.1035895 0.6083939 -0.7928799 0.034617 0.6084074 -0.7928696 0.03461796 0.6084257 -0.7928554 -0.03461855 0.6083843 -0.7928873 -0.03461694 0.6084104 -0.7868329 -0.1035907 0.6083822 -0.7868551 -0.1035878 0.6084052 -0.7748134 -0.1717773 0.6083933 -0.7748243 -0.1717701 0.608404 -0.7568952 -0.2386509 0.6084054 -0.7568926 -0.2386555 0.6084257 -0.7331897 -0.3037286 0.6083769 -0.7332429 -0.303698 0.6083937 -0.7039682 -0.3664506 0.6084067 -0.7039471 -0.3664693 0.608388 -0.6693549 -0.4264132 0.6083959 -0.6693438 -0.4264191 0.6083998 -0.629626 -0.4831364 0.6083877 -0.6296451 -0.483127 0.6084037 -0.5851151 -0.5361766 0.6083831 -0.5851453 -0.536167 0.6083953 -0.5361738 -0.5851264 0.6083936 -0.5361701 -0.5851317 0.608384 -0.4831483 -0.6296322 0.6083948 -0.4831253 -0.6296394 0.608391 -0.4264128 -0.6693524 0.6084074 -0.4264188 -0.6693336 0.6083948 -0.3664686 -0.7039577 0.608406 -0.3664487 -0.7039585 0.6084074 -0.3037029 -0.7332155 0.6083855 -0.3037126 -0.7332296 0.6084074 -0.2386405 -0.7568957 0.6083921 -0.2386478 -0.7569059 0.6083865 -0.1717835 -0.7748267 0.6083886 -0.1717786 -0.7748262 0.6083691 -0.1035921 -0.7868646 0.6084087 -0.1035888 -0.7868344 0.6083878 -0.03461647 -0.7928848 0.6083971 -0.0346198 -0.7928773 0.6083876 0.03461968 -0.7928847 0.608404 0.03461778 -0.7928721 0.6752303 0.09627914 -0.7312965 0.675248 0.09627872 -0.7312801 0.675249 0.1596216 -0.720111 0.6752278 0.1596537 -0.7201237 0.6752476 0.2217916 -0.7034552 0.6752378 0.2218143 -0.7034574 0.6752502 0.2822467 -0.68145 0.675234 0.2822765 -0.6814537 0.6752339 0.3406022 -0.6542548 0.6752333 0.340583 -0.6542655 0.6752437 0.3962943 -0.6220907 0.6752258 0.3963306 -0.622087 0.6752489 0.4490119 -0.5851729 0.6752353 0.4490267 -0.5851773 0.6752499 0.498303 -0.5438123 0.6752303 0.498323 -0.5438184 0.6752506 0.5437917 -0.4983245 0.6752319 0.5438349 -0.4983026 0.6752445 0.5851625 -0.4490319 0.6752274 0.5851936 -0.4490172 0.6752451 0.6220731 -0.3963196 0.6752267 0.6221023 -0.396305 0.6752293 0.6542699 -0.3405825 0.6752164 0.6542876 -0.3405737 0.6752469 0.6814449 -0.2822667 0.6752405 0.681451 -0.2822675 0.6752454 0.7034539 -0.2218024 0.6752275 0.7034728 -0.2217969 0.6752685 0.720086 -0.1596515 0.6752116 0.7201421 -0.1596397 0.6752526 0.7312759 -0.09627813 0.6752351 0.7312923 -0.09627658 0.6752368 0.7368991 -0.03217291 0.6752428 0.7368935 -0.03217446 0.6752684 0.73687 0.03217607 0.6752158 0.7369183 0.03217154 0.6752488 0.7312792 0.09628039 0.6752382 0.7312898 0.09627425 0.6752403 0.7201136 0.1596465 0.6752378 0.7201164 0.1596444 0.6752442 0.7034545 0.2218044 0.6752281 0.7034729 0.2217949 0.6752699 0.6814169 0.2822794 0.675219 0.6814768 0.2822567 0.675261 0.6542313 0.3405938 0.6752027 0.6543027 0.3405721 0.675249 0.62207 0.3963177 0.6752232 0.6221055 0.3963059 0.6752486 0.5851597 0.4490297 0.6752277 0.5851928 0.449018 0.6752509 0.543792 0.4983237 0.6752337 0.5438308 0.4983047 0.6752514 0.4982856 0.5438263 0.6752316 0.4983325 0.5438079 0.6752565 0.4490072 0.5851677 0.6752295 0.4490292 0.585182 0.6752357 0.3962983 0.6220969 0.6752296 0.3963353 0.62208 0.6752329 0.3405798 0.6542676 0.6752372 0.3405954 0.6542549 0.6752474 0.2822601 0.6814472 0.6752355 0.2822697 0.6814551 0.6752336 0.221782 0.7034716 0.675245 0.2218141 0.7034506 0.6752312 0.159639 0.7201237 0.6752437 0.1596454 0.7201107 0.6752307 0.09627187 0.7312969 0.6752532 0.0962817 0.7312749 0.6752464 0.03217107 0.7368904 0.6752381 0.03217244 0.7368979 0.6752305 -0.03217124 0.7369049 0.675254 -0.03217363 0.7368832 0.6752303 -0.09627914 0.7312965 0.675248 -0.09627872 0.7312801 0.675249 -0.1596216 0.720111 0.6752278 -0.1596537 0.7201237 0.6752476 -0.2217916 0.7034552 0.6752378 -0.2218143 0.7034574 0.6752502 -0.2822467 0.68145 0.675234 -0.2822765 0.6814537 0.6752339 -0.3406022 0.6542548 0.6752333 -0.340583 0.6542655 0.6752437 -0.3962943 0.6220907 0.6752258 -0.3963306 0.622087 0.6752489 -0.4490119 0.5851729 0.6752353 -0.4490267 0.5851773 0.6752499 -0.498303 0.5438123 0.6752303 -0.498323 0.5438184 0.6752506 -0.5437917 0.4983245 0.6752319 -0.5438349 0.4983026 0.6752445 -0.5851625 0.4490319 0.6752274 -0.5851936 0.4490172 0.6752451 -0.6220731 0.3963196 0.6752267 -0.6221023 0.396305 0.6752293 -0.6542699 0.3405825 0.6752164 -0.6542876 0.3405737 0.6752469 -0.6814449 0.2822667 0.6752405 -0.681451 0.2822675 0.6752454 -0.7034539 0.2218024 0.6752275 -0.7034728 0.2217969 0.6752685 -0.720086 0.1596515 0.6752116 -0.7201421 0.1596397 0.6752526 -0.7312759 0.09627813 0.6752351 -0.7312923 0.09627658 0.6752368 -0.7368991 0.03217291 0.6752428 -0.7368935 0.03217446 0.6752684 -0.73687 -0.03217607 0.6752158 -0.7369183 -0.03217154 0.6752488 -0.7312792 -0.09628039 0.6752382 -0.7312898 -0.09627425 0.6752403 -0.7201136 -0.1596465 0.6752378 -0.7201164 -0.1596444 0.6752442 -0.7034545 -0.2218044 0.6752281 -0.7034729 -0.2217949 0.6752699 -0.6814169 -0.2822794 0.675219 -0.6814768 -0.2822567 0.675261 -0.6542313 -0.3405938 0.6752027 -0.6543027 -0.3405721 0.675249 -0.62207 -0.3963177 0.6752232 -0.6221055 -0.3963059 0.6752486 -0.5851597 -0.4490297 0.6752277 -0.5851928 -0.449018 0.6752509 -0.543792 -0.4983237 0.6752337 -0.5438308 -0.4983047 0.6752514 -0.4982856 -0.5438263 0.6752316 -0.4983325 -0.5438079 0.6752565 -0.4490072 -0.5851677 0.6752295 -0.4490292 -0.585182 0.6752357 -0.3962983 -0.6220969 0.6752296 -0.3963353 -0.62208 0.6752329 -0.3405798 -0.6542676 0.6752372 -0.3405954 -0.6542549 0.6752474 -0.2822601 -0.6814472 0.6752355 -0.2822697 -0.6814551 0.6752336 -0.221782 -0.7034716 0.675245 -0.2218141 -0.7034506 0.6752312 -0.159639 -0.7201237 0.6752437 -0.1596454 -0.7201107 0.6752307 -0.09627187 -0.7312969 0.6752532 -0.0962817 -0.7312749 0.6752464 -0.03217107 -0.7368904 0.6752381 -0.03217244 -0.7368979 0.6752305 0.03217124 -0.7369049 0.675254 0.03217363 -0.7368832 0.736962 0.08821755 -0.6701529 0.7369239 0.08823549 -0.6701924 0.7369471 0.1463117 -0.6599259 0.7369629 0.1462993 -0.6599108 0.7369498 0.2032511 -0.6446658 0.7369483 0.2032684 -0.6446621 0.7369648 0.2586518 -0.6244856 0.7369456 0.2586809 -0.6244962 0.7369515 0.3121292 -0.5995648 0.7369446 0.3121273 -0.5995743 0.7369624 0.3631583 -0.5700899 0.7369508 0.3631877 -0.5700861 0.736947 0.4114952 -0.5362659 0.7369607 0.4114714 -0.5362651 0.7369502 0.4566711 -0.4983532 0.7369526 0.4566583 -0.4983614 0.7369499 0.4983583 -0.4566662 0.7369552 0.4983495 -0.4566671 0.7369511 0.5362644 -0.4114897 0.736954 0.5362607 -0.411489 0.736964 0.5700666 -0.3631918 0.7369517 0.5700845 -0.3631886 0.7369583 0.5995613 -0.3121197 0.7369495 0.5995711 -0.3121219 0.7369475 0.624498 -0.2586711 0.7369694 0.6244681 -0.2586811 0.7369563 0.6446551 -0.2032619 0.7369501 0.6446619 -0.2032624 0.7369623 0.6599106 -0.1463032 0.7369483 0.6599264 -0.1463026 0.7369412 0.6701743 -0.08822852 0.7369379 0.6701782 -0.08822578 0.736946 0.6753084 -0.02948558 0.7369421 0.6753127 -0.02948206 0.7369384 0.6753166 0.02948409 0.7369493 0.6753048 0.02948349 0.7369468 0.6701684 0.088225 0.7369395 0.6701759 0.08823013 0.7369618 0.659911 0.1463042 0.7369464 0.659929 0.146301 0.7369545 0.6446567 0.2032633 0.7369409 0.644674 0.2032576 0.7369488 0.624496 0.2586721 0.7369592 0.6244815 0.2586773 0.7369548 0.5995644 0.3121222 0.7369594 0.5995591 0.3121213 0.7369517 0.5700863 0.3631858 0.7369545 0.5700809 0.3631886 0.7369511 0.5362644 0.4114897 0.7369621 0.536247 0.4114925 0.7369609 0.4983365 0.4566721 0.7369478 0.4983633 0.456664 0.7369433 0.4566758 0.4983592 0.73696 0.4566534 0.498355 0.7369533 0.4114905 0.5362607 0.7369508 0.4114842 0.536269 0.736948 0.3631875 0.57009 0.7369532 0.3631837 0.5700855 0.7369484 0.3121195 0.5995737 0.7369502 0.3121271 0.5995674 0.7369459 0.2586846 0.6244943 0.7369651 0.2586603 0.6244816 0.7369496 0.2032511 0.6446661 0.7369492 0.2032682 0.6446612 0.7369471 0.1463117 0.6599259 0.7369624 0.1462994 0.6599113 0.736935 0.08822494 0.6701815 0.7369521 0.0882315 0.6701619 0.7369613 0.02948641 0.6752915 0.7369366 0.02948629 0.6753185 0.7369347 -0.02948498 0.6753206 0.7369607 -0.02948516 0.6752922 0.736962 -0.08821755 0.6701529 0.7369239 -0.08823549 0.6701924 0.7369471 -0.1463117 0.6599259 0.7369629 -0.1462993 0.6599108 0.7369498 -0.2032511 0.6446658 0.7369483 -0.2032684 0.6446621 0.7369648 -0.2586518 0.6244856 0.7369456 -0.2586809 0.6244962 0.7369515 -0.3121292 0.5995648 0.7369446 -0.3121273 0.5995743 0.7369624 -0.3631583 0.5700899 0.7369508 -0.3631877 0.5700861 0.736947 -0.4114952 0.5362659 0.7369607 -0.4114714 0.5362651 0.7369502 -0.4566711 0.4983532 0.7369526 -0.4566583 0.4983614 0.7369499 -0.4983583 0.4566662 0.7369552 -0.4983495 0.4566671 0.7369511 -0.5362644 0.4114897 0.736954 -0.5362607 0.411489 0.736964 -0.5700666 0.3631918 0.7369517 -0.5700845 0.3631886 0.7369583 -0.5995613 0.3121197 0.7369495 -0.5995711 0.3121219 0.7369475 -0.624498 0.2586711 0.7369694 -0.6244681 0.2586811 0.7369563 -0.6446551 0.2032619 0.7369501 -0.6446619 0.2032624 0.7369623 -0.6599106 0.1463032 0.7369483 -0.6599264 0.1463026 0.7369412 -0.6701743 0.08822852 0.7369379 -0.6701782 0.08822578 0.736946 -0.6753084 0.02948558 0.7369421 -0.6753127 0.02948206 0.7369384 -0.6753166 -0.02948409 0.7369493 -0.6753048 -0.02948349 0.7369468 -0.6701684 -0.088225 0.7369395 -0.6701759 -0.08823013 0.7369618 -0.659911 -0.1463042 0.7369464 -0.659929 -0.146301 0.7369545 -0.6446567 -0.2032633 0.7369409 -0.644674 -0.2032576 0.7369488 -0.624496 -0.2586721 0.7369592 -0.6244815 -0.2586773 0.7369548 -0.5995644 -0.3121222 0.7369594 -0.5995591 -0.3121213 0.7369517 -0.5700863 -0.3631858 0.7369545 -0.5700809 -0.3631886 0.7369511 -0.5362644 -0.4114897 0.7369621 -0.536247 -0.4114925 0.7369609 -0.4983365 -0.4566721 0.7369478 -0.4983633 -0.456664 0.7369433 -0.4566758 -0.4983592 0.73696 -0.4566534 -0.498355 0.7369533 -0.4114905 -0.5362607 0.7369508 -0.4114842 -0.536269 0.736948 -0.3631875 -0.57009 0.7369532 -0.3631837 -0.5700855 0.7369484 -0.3121195 -0.5995737 0.7369502 -0.3121271 -0.5995674 0.7369459 -0.2586846 -0.6244943 0.7369651 -0.2586603 -0.6244816 0.7369496 -0.2032511 -0.6446661 0.7369492 -0.2032682 -0.6446612 0.7369471 -0.1463117 -0.6599259 0.7369624 -0.1462994 -0.6599113 0.736935 -0.08822494 -0.6701815 0.7369521 -0.0882315 -0.6701619 0.7369613 -0.02948641 -0.6752915 0.7369366 -0.02948629 -0.6753185 0.7369347 0.02948498 -0.6753206 0.7369607 0.02948516 -0.6752922 0.7930819 0.07951015 -0.6039034 0.7930891 0.07949894 -0.6038954 0.7930719 0.1318347 -0.5946904 0.7930809 0.1318414 -0.594677 0.7930833 0.1831578 -0.5809235 0.7930775 0.183162 -0.5809301 0.7930731 0.2330943 -0.562763 0.7930983 0.2330901 -0.5627291 0.7930675 0.2812807 -0.5403012 0.7930926 0.2812291 -0.540291 0.7930734 0.3273084 -0.5137159 0.7930829 0.3272629 -0.51373 0.7930778 0.3708179 -0.4832409 0.7930878 0.3707886 -0.4832471 0.7930778 0.411514 -0.4490925 0.7930863 0.4114995 -0.4490908 0.7930769 0.4491056 -0.4115012 0.7930888 0.4490653 -0.4115222 0.7930731 0.4832608 -0.3708021 0.7930878 0.4832302 -0.3708106 0.7930811 0.513724 -0.3272771 0.7930814 0.5137225 -0.3272782 0.7930818 0.5402909 -0.2812595 0.7930709 0.5403089 -0.2812559 0.7930406 0.5628124 -0.2330853 0.7930905 0.5627342 -0.2331044 0.7930792 0.5809265 -0.1831662 0.7930917 0.5809087 -0.1831684 0.7930433 0.5947297 -0.1318299 0.7931073 0.5946416 -0.1318421 0.7930932 0.6038889 -0.07950782 0.7930967 0.6038842 -0.07950836 0.7930793 0.6085387 -0.02656793 0.7930931 0.6085208 -0.02657037 0.7930832 0.6085337 0.02656954 0.7930787 0.6085396 0.02656841 0.7930605 0.6039321 0.07950586 0.7931129 0.603863 0.07950872 0.7930725 0.5946895 0.1318348 0.7930832 0.5946747 0.131838 0.7930812 0.580924 0.1831654 0.7931014 0.5808944 0.1831715 0.7930623 0.5627774 0.2330967 0.7930806 0.5627515 0.233097 0.7930805 0.5402925 0.2812603 0.7930704 0.5403103 0.2812547 0.7930694 0.5137455 0.3272714 0.793094 0.5137 0.3272832 0.7930734 0.4832609 0.3708013 0.7930895 0.483228 0.3708097 0.7930769 0.4491056 0.4115012 0.7930846 0.4490728 0.4115223 0.7930686 0.4115383 0.4490864 0.7930869 0.4114944 0.4490941 0.7930835 0.3708138 0.4832346 0.7930854 0.3707854 0.4832532 0.7930756 0.3272863 0.5137267 0.793085 0.3272768 0.5137179 0.7930815 0.2812609 0.5402909 0.7930823 0.2812467 0.540297 0.7930682 0.2331219 0.5627586 0.7930925 0.2330805 0.5627415 0.7930705 0.1831761 0.5809352 0.793087 0.1831517 0.5809204 0.7930712 0.1318418 0.5946899 0.7930886 0.1318358 0.594668 0.7930929 0.07950472 0.6038897 0.7930849 0.07950323 0.6039004 0.7930714 0.02656906 0.608549 0.7930833 0.02656978 0.6085335 0.7930822 -0.02657121 0.6085349 0.7930713 -0.02656686 0.6085494 0.7930819 -0.07951015 0.6039034 0.7930891 -0.07949894 0.6038954 0.7930719 -0.1318347 0.5946904 0.7930809 -0.1318414 0.594677 0.7930833 -0.1831578 0.5809235 0.7930775 -0.183162 0.5809301 0.7930731 -0.2330943 0.562763 0.7930983 -0.2330901 0.5627291 0.7930675 -0.2812807 0.5403012 0.7930926 -0.2812291 0.540291 0.7930734 -0.3273084 0.5137159 0.7930829 -0.3272629 0.51373 0.7930778 -0.3708179 0.4832409 0.7930878 -0.3707886 0.4832471 0.7930778 -0.411514 0.4490925 0.7930863 -0.4114995 0.4490908 0.7930769 -0.4491056 0.4115012 0.7930888 -0.4490653 0.4115222 0.7930731 -0.4832608 0.3708021 0.7930878 -0.4832302 0.3708106 0.7930811 -0.513724 0.3272771 0.7930814 -0.5137225 0.3272782 0.7930818 -0.5402909 0.2812595 0.7930709 -0.5403089 0.2812559 0.7930406 -0.5628124 0.2330853 0.7930905 -0.5627342 0.2331044 0.7930792 -0.5809265 0.1831662 0.7930917 -0.5809087 0.1831684 0.7930433 -0.5947297 0.1318299 0.7931073 -0.5946416 0.1318421 0.7930932 -0.6038889 0.07950782 0.7930967 -0.6038842 0.07950836 0.7930793 -0.6085387 0.02656793 0.7930931 -0.6085208 0.02657037 0.7930832 -0.6085337 -0.02656954 0.7930787 -0.6085396 -0.02656841 0.7930605 -0.6039321 -0.07950586 0.7931129 -0.603863 -0.07950872 0.7930725 -0.5946895 -0.1318348 0.7930832 -0.5946747 -0.131838 0.7930812 -0.580924 -0.1831654 0.7931014 -0.5808944 -0.1831715 0.7930623 -0.5627774 -0.2330967 0.7930806 -0.5627515 -0.233097 0.7930805 -0.5402925 -0.2812603 0.7930704 -0.5403103 -0.2812547 0.7930694 -0.5137455 -0.3272714 0.793094 -0.5137 -0.3272832 0.7930734 -0.4832609 -0.3708013 0.7930895 -0.483228 -0.3708097 0.7930769 -0.4491056 -0.4115012 0.7930846 -0.4490728 -0.4115223 0.7930686 -0.4115383 -0.4490864 0.7930869 -0.4114944 -0.4490941 0.7930835 -0.3708138 -0.4832346 0.7930854 -0.3707854 -0.4832532 0.7930756 -0.3272863 -0.5137267 0.793085 -0.3272768 -0.5137179 0.7930815 -0.2812609 -0.5402909 0.7930823 -0.2812467 -0.540297 0.7930682 -0.2331219 -0.5627586 0.7930925 -0.2330805 -0.5627415 0.7930705 -0.1831761 -0.5809352 0.793087 -0.1831517 -0.5809204 0.7930712 -0.1318418 -0.5946899 0.7930886 -0.1318358 -0.594668 0.7930929 -0.07950472 -0.6038897 0.7930849 -0.07950323 -0.6039004 0.7930714 -0.02656906 -0.608549 0.7930833 -0.02656978 -0.6085335 0.7930822 0.02657121 -0.6085349 0.7930713 0.02656686 -0.6085494 0.84315 0.07018059 -0.5330786 0.8431552 0.0701847 -0.5330699 0.843158 0.1163769 -0.5249202 0.8431546 0.1163701 -0.524927 0.84315 0.1616827 -0.5127931 0.8431653 0.1616735 -0.5127708 0.8431506 0.2057572 -0.4967507 0.8431599 0.2057698 -0.4967294 0.8431559 0.2482778 -0.4769132 0.8431595 0.2482692 -0.4769114 0.8431547 0.2888768 -0.4534759 0.8431611 0.2888817 -0.453461 0.8431603 0.3273134 -0.4265521 0.8431493 0.327327 -0.4265635 0.8431635 0.3632267 -0.396411 0.8431527 0.3632563 -0.3964071 0.8431607 0.3964074 -0.3632373 0.8431627 0.3963962 -0.363245 0.8431537 0.4265674 -0.3273103 0.8431581 0.4265606 -0.3273082 0.843151 0.4534773 -0.2888855 0.8431611 0.4534579 -0.2888864 0.8431683 0.4768978 -0.2482656 0.8431521 0.4769261 -0.2482664 0.8431615 0.4967324 -0.2057564 0.8431422 0.496769 -0.2057471 0.843151 0.5127934 -0.1616771 0.8431647 0.512771 -0.161677 0.8431509 0.524933 -0.1163694 0.8431636 0.5249119 -0.1163738 0.8431419 0.533092 -0.07017701 0.8431534 0.5330737 -0.07017838 0.8431614 0.537149 -0.02345323 0.84316 0.5371509 -0.02345323 0.8431634 0.5371459 0.02345222 0.8431603 0.5371506 0.02345436 0.8431434 0.5330898 0.07017672 0.8431528 0.5330745 0.07017874 0.8431453 0.5249419 0.1163713 0.843167 0.5249069 0.1163716 0.8431512 0.5127935 0.1616762 0.8431606 0.5127775 0.1616771 0.8431659 0.4967265 0.205753 0.8431451 0.496762 0.2057526 0.8431882 0.4768574 0.2482756 0.8431473 0.4769368 0.2482617 0.8431618 0.4534543 0.2888901 0.843167 0.4534474 0.2888857 0.8431558 0.4265649 0.3273083 0.8431579 0.4265588 0.327311 0.8431609 0.3964075 0.3632365 0.8431646 0.3963942 0.3632425 0.8431591 0.3632475 0.3964012 0.8431529 0.3632516 0.3964107 0.8431518 0.3273214 0.4265629 0.8431572 0.3273196 0.4265535 0.8431631 0.2888697 0.4534649 0.8431531 0.2888884 0.4534717 0.8431631 0.2482612 0.4769091 0.8431561 0.2482745 0.4769149 0.8431566 0.205766 0.4967367 0.8431596 0.2057577 0.4967352 0.8431687 0.1616608 0.5127693 0.8431541 0.1616821 0.5127867 0.8431676 0.1163598 0.5249083 0.8431529 0.1163741 0.5249288 0.8431585 0.07017886 0.5330654 0.843153 0.07018512 0.5330734 0.8431668 0.02344989 0.5371404 0.8431584 0.02345335 0.5371536 0.8431668 -0.02345257 0.5371404 0.8431552 -0.02345001 0.5371587 0.84315 -0.07018059 0.5330786 0.8431552 -0.0701847 0.5330699 0.843158 -0.1163769 0.5249202 0.8431546 -0.1163701 0.524927 0.84315 -0.1616827 0.5127931 0.8431653 -0.1616735 0.5127708 0.8431506 -0.2057572 0.4967507 0.8431599 -0.2057698 0.4967294 0.8431559 -0.2482778 0.4769132 0.8431595 -0.2482692 0.4769114 0.8431547 -0.2888768 0.4534759 0.8431611 -0.2888817 0.453461 0.8431603 -0.3273134 0.4265521 0.8431493 -0.327327 0.4265635 0.8431635 -0.3632267 0.396411 0.8431527 -0.3632563 0.3964071 0.8431607 -0.3964074 0.3632373 0.8431627 -0.3963962 0.363245 0.8431537 -0.4265674 0.3273103 0.8431581 -0.4265606 0.3273082 0.843151 -0.4534773 0.2888855 0.8431611 -0.4534579 0.2888864 0.8431683 -0.4768978 0.2482656 0.8431521 -0.4769261 0.2482664 0.8431615 -0.4967324 0.2057564 0.8431422 -0.496769 0.2057471 0.843151 -0.5127934 0.1616771 0.8431647 -0.512771 0.161677 0.8431509 -0.524933 0.1163694 0.8431636 -0.5249119 0.1163738 0.8431419 -0.533092 0.07017701 0.8431534 -0.5330737 0.07017838 0.8431614 -0.537149 0.02345323 0.84316 -0.5371509 0.02345323 0.8431634 -0.5371459 -0.02345222 0.8431603 -0.5371506 -0.02345436 0.8431434 -0.5330898 -0.07017672 0.8431528 -0.5330745 -0.07017874 0.8431453 -0.5249419 -0.1163713 0.843167 -0.5249069 -0.1163716 0.8431512 -0.5127935 -0.1616762 0.8431606 -0.5127775 -0.1616771 0.8431659 -0.4967265 -0.205753 0.8431451 -0.496762 -0.2057526 0.8431882 -0.4768574 -0.2482756 0.8431473 -0.4769368 -0.2482617 0.8431618 -0.4534543 -0.2888901 0.843167 -0.4534474 -0.2888857 0.8431558 -0.4265649 -0.3273083 0.8431579 -0.4265588 -0.327311 0.8431609 -0.3964075 -0.3632365 0.8431646 -0.3963942 -0.3632425 0.8431591 -0.3632475 -0.3964012 0.8431529 -0.3632516 -0.3964107 0.8431518 -0.3273214 -0.4265629 0.8431572 -0.3273196 -0.4265535 0.8431631 -0.2888697 -0.4534649 0.8431531 -0.2888884 -0.4534717 0.8431631 -0.2482612 -0.4769091 0.8431561 -0.2482745 -0.4769149 0.8431566 -0.205766 -0.4967367 0.8431596 -0.2057577 -0.4967352 0.8431687 -0.1616608 -0.5127693 0.8431541 -0.1616821 -0.5127867 0.8431676 -0.1163598 -0.5249083 0.8431529 -0.1163741 -0.5249288 0.8431585 -0.07017886 -0.5330654 0.843153 -0.07018512 -0.5330734 0.8431668 -0.02344989 -0.5371404 0.8431584 -0.02345335 -0.5371536 0.8431668 0.02345257 -0.5371404 0.8431552 0.02345001 -0.5371587 0.8868448 0.06030398 -0.4581156 0.8868291 0.06032234 -0.4581435 0.8868333 0.1000016 -0.4511391 0.8868347 0.1000158 -0.4511332 0.8868336 0.1389414 -0.4407059 0.886829 0.1389632 -0.4407082 0.8868327 0.1768318 -0.4269174 0.8868367 0.176826 -0.4269114 0.8868373 0.2133435 -0.4098834 0.8868301 0.2133827 -0.4098785 0.8868375 0.248269 -0.3897203 0.8868301 0.2482962 -0.3897197 0.8868392 0.2812771 -0.3666054 0.8868252 0.2813341 -0.3665955 0.8868368 0.3121759 -0.3406856 0.8868269 0.3121981 -0.3406913 0.8868265 0.3407012 -0.3121883 0.8868268 0.3407056 -0.3121828 0.8868328 0.3666005 -0.2813038 0.8868295 0.3666106 -0.2813009 0.8868356 0.3897155 -0.2482833 0.8868237 0.3897458 -0.2482782 0.8868467 0.4098463 -0.2133753 0.8868148 0.4099208 -0.2133648 0.8868559 0.4268667 -0.1768375 0.8868086 0.4269673 -0.1768317 0.8868492 0.4406692 -0.1389579 0.8868098 0.4407505 -0.1389511 0.8868381 0.4511265 -0.1000162 0.88682 0.4511629 -0.1000123 0.8868583 0.4580876 -0.06031733 0.8868371 0.4581291 -0.06031429 0.8868378 0.4616411 -0.02015703 0.8868069 0.4617006 -0.02015525 0.8868351 0.4616463 0.02015638 0.8868179 0.4616795 0.02015614 0.8868587 0.458087 0.06031543 0.8868359 0.4581311 0.06031608 0.8868409 0.4511215 0.1000142 0.8868185 0.4511653 0.1000142 0.8868504 0.440667 0.1389572 0.8868239 0.4407213 0.1389542 0.8868536 0.4268707 0.1768392 0.8868191 0.4269461 0.176831 0.8868504 0.4098396 0.2133728 0.8868129 0.4099238 0.2133674 0.8868358 0.3897156 0.2482824 0.8868283 0.3897348 0.2482788 0.8868437 0.3665733 0.281305 0.8868215 0.3666302 0.2813009 0.8868353 0.3406758 0.312191 0.8868196 0.3407268 0.3121798 0.8868448 0.31215 0.3406887 0.8868262 0.3122029 0.3406887 0.8868288 0.2813071 0.3666074 0.8868352 0.2813069 0.3665921 0.8868404 0.2482659 0.3897157 0.8868265 0.2483001 0.3897255 0.8868434 0.213338 0.4098729 0.8868225 0.2133979 0.409887 0.8868287 0.1768224 0.4269294 0.8868375 0.1768375 0.426905 0.8868256 0.1389591 0.4407162 0.8868338 0.1389539 0.4407015 0.8868265 0.1000112 0.4511502 0.8868392 0.100014 0.4511249 0.8868325 0.06030708 0.458139 0.8868378 0.06032013 0.458127 0.8868321 0.02015441 0.4616522 0.8868283 0.02015519 0.4616594 0.8868321 -0.02015262 0.4616522 0.8868307 -0.02015495 0.4616549 0.8868448 -0.06030398 0.4581156 0.8868291 -0.06032234 0.4581435 0.8868333 -0.1000016 0.4511391 0.8868347 -0.1000158 0.4511332 0.8868336 -0.1389414 0.4407059 0.886829 -0.1389632 0.4407082 0.8868327 -0.1768318 0.4269174 0.8868367 -0.176826 0.4269114 0.8868373 -0.2133435 0.4098834 0.8868301 -0.2133827 0.4098785 0.8868375 -0.248269 0.3897203 0.8868301 -0.2482962 0.3897197 0.8868392 -0.2812771 0.3666054 0.8868252 -0.2813341 0.3665955 0.8868368 -0.3121759 0.3406856 0.8868269 -0.3121981 0.3406913 0.8868265 -0.3407012 0.3121883 0.8868268 -0.3407056 0.3121828 0.8868328 -0.3666005 0.2813038 0.8868295 -0.3666106 0.2813009 0.8868356 -0.3897155 0.2482833 0.8868237 -0.3897458 0.2482782 0.8868467 -0.4098463 0.2133753 0.8868148 -0.4099208 0.2133648 0.8868559 -0.4268667 0.1768375 0.8868086 -0.4269673 0.1768317 0.8868492 -0.4406692 0.1389579 0.8868098 -0.4407505 0.1389511 0.8868381 -0.4511265 0.1000162 0.88682 -0.4511629 0.1000123 0.8868583 -0.4580876 0.06031733 0.8868371 -0.4581291 0.06031429 0.8868378 -0.4616411 0.02015703 0.8868069 -0.4617006 0.02015525 0.8868351 -0.4616463 -0.02015638 0.8868179 -0.4616795 -0.02015614 0.8868587 -0.458087 -0.06031543 0.8868359 -0.4581311 -0.06031608 0.8868409 -0.4511215 -0.1000142 0.8868185 -0.4511653 -0.1000142 0.8868504 -0.440667 -0.1389572 0.8868239 -0.4407213 -0.1389542 0.8868536 -0.4268707 -0.1768392 0.8868191 -0.4269461 -0.176831 0.8868504 -0.4098396 -0.2133728 0.8868129 -0.4099238 -0.2133674 0.8868358 -0.3897156 -0.2482824 0.8868283 -0.3897348 -0.2482788 0.8868437 -0.3665733 -0.281305 0.8868215 -0.3666302 -0.2813009 0.8868353 -0.3406758 -0.312191 0.8868196 -0.3407268 -0.3121798 0.8868448 -0.31215 -0.3406887 0.8868262 -0.3122029 -0.3406887 0.8868288 -0.2813071 -0.3666074 0.8868352 -0.2813069 -0.3665921 0.8868404 -0.2482659 -0.3897157 0.8868265 -0.2483001 -0.3897255 0.8868434 -0.213338 -0.4098729 0.8868225 -0.2133979 -0.409887 0.8868287 -0.1768224 -0.4269294 0.8868375 -0.1768375 -0.426905 0.8868256 -0.1389591 -0.4407162 0.8868338 -0.1389539 -0.4407015 0.8868265 -0.1000112 -0.4511502 0.8868392 -0.100014 -0.4511249 0.8868325 -0.06030708 -0.458139 0.8868378 -0.06032013 -0.458127 0.8868321 -0.02015441 -0.4616522 0.8868283 -0.02015519 -0.4616594 0.8868321 0.02015262 -0.4616522 0.8868307 0.02015495 -0.4616549 0.9237461 0.04997986 -0.3797305 0.9237467 0.04999989 -0.3797266 0.9237444 0.08291149 -0.3739277 0.9237424 0.08290565 -0.373934 0.9237464 0.1151646 -0.3652806 0.9237495 0.1151763 -0.3652689 0.923743 0.1465882 -0.3538514 0.9237492 0.1465677 -0.3538437 0.9237519 0.1768251 -0.3397285 0.923744 0.1768757 -0.3397236 0.9237498 0.2057763 -0.323021 0.9237457 0.2057914 -0.3230229 0.923754 0.2331284 -0.3038581 0.9237422 0.2331812 -0.3038535 0.9237519 0.2587357 -0.2823799 0.9237412 0.2587751 -0.2823786 0.9237596 0.2823408 -0.2587508 0.9237425 0.2823963 -0.2587512 0.9237617 0.3038098 -0.2331607 0.9237322 0.3039042 -0.233155 0.9237494 0.323014 -0.2057889 0.9237468 0.3230242 -0.2057846 0.9237571 0.3397011 -0.1768499 0.9237457 0.3397305 -0.1768538 0.9237555 0.3538258 -0.1465712 0.9237475 0.3538478 -0.1465683 0.9237552 0.3652558 -0.1151722 0.9237572 0.365251 -0.1151718 0.9237612 0.3738894 -0.08289843 0.9237277 0.3739725 -0.08289581 0.9237509 0.3797174 -0.0499913 0.9237332 0.3797602 -0.04999166 0.9237712 0.3825802 -0.01670622 0.9237372 0.3826625 -0.0167061 0.9237724 0.3825777 0.0167061 0.9237338 0.3826705 0.01670622 0.9237522 0.3797143 0.04999178 0.9237295 0.3797696 0.04999107 0.9237604 0.3738912 0.08289885 0.9237337 0.3739579 0.08289593 0.9237555 0.3652552 0.115172 0.9237558 0.3652545 0.1151715 0.9237565 0.3538235 0.1465702 0.9237403 0.3538666 0.1465684 0.9237555 0.3397045 0.1768526 0.9237502 0.339719 0.1768516 0.9237504 0.3230118 0.2057875 0.9237479 0.3230194 0.2057873 0.9237517 0.3038398 0.2331614 0.9237414 0.3038765 0.2331547 0.9237573 0.2823445 0.2587551 0.9237445 0.2823915 0.2587491 0.9237519 0.2587357 0.2823799 0.9237433 0.258764 0.282382 0.9237542 0.2331285 0.3038577 0.9237422 0.2331789 0.3038554 0.9237498 0.2057763 0.323021 0.9237459 0.2057936 0.3230208 0.9237542 0.1768228 0.3397237 0.9237397 0.1768803 0.3397329 0.923745 0.1465742 0.3538522 0.9237468 0.146573 0.3538479 0.9237505 0.1151615 0.365271 0.9237456 0.1151791 0.3652779 0.9237498 0.0828951 0.3739182 0.9237416 0.08290946 0.3739354 0.9237458 0.04998701 0.3797304 0.92375 0.04999536 0.3797191 0.9237496 0.01670652 0.3826324 0.9237487 0.01670902 0.3826344 0.9237496 -0.01670473 0.3826323 0.9237474 -0.01670914 0.3826376 0.9237461 -0.04997986 0.3797305 0.9237467 -0.04999989 0.3797266 0.9237444 -0.08291149 0.3739277 0.9237424 -0.08290565 0.373934 0.9237464 -0.1151646 0.3652806 0.9237495 -0.1151763 0.3652689 0.923743 -0.1465882 0.3538514 0.9237492 -0.1465677 0.3538437 0.9237519 -0.1768251 0.3397285 0.923744 -0.1768757 0.3397236 0.9237498 -0.2057763 0.323021 0.9237457 -0.2057914 0.3230229 0.923754 -0.2331284 0.3038581 0.9237422 -0.2331812 0.3038535 0.9237519 -0.2587357 0.2823799 0.9237412 -0.2587751 0.2823786 0.9237596 -0.2823408 0.2587508 0.9237425 -0.2823963 0.2587512 0.9237617 -0.3038098 0.2331607 0.9237322 -0.3039042 0.233155 0.9237494 -0.323014 0.2057889 0.9237468 -0.3230242 0.2057846 0.9237571 -0.3397011 0.1768499 0.9237457 -0.3397305 0.1768538 0.9237555 -0.3538258 0.1465712 0.9237475 -0.3538478 0.1465683 0.9237552 -0.3652558 0.1151722 0.9237572 -0.365251 0.1151718 0.9237612 -0.3738894 0.08289843 0.9237277 -0.3739725 0.08289581 0.9237509 -0.3797174 0.0499913 0.9237332 -0.3797602 0.04999166 0.9237712 -0.3825802 0.01670622 0.9237372 -0.3826625 0.0167061 0.9237724 -0.3825777 -0.0167061 0.9237338 -0.3826705 -0.01670622 0.9237522 -0.3797143 -0.04999178 0.9237295 -0.3797696 -0.04999107 0.9237604 -0.3738912 -0.08289885 0.9237337 -0.3739579 -0.08289593 0.9237555 -0.3652552 -0.115172 0.9237558 -0.3652545 -0.1151715 0.9237565 -0.3538235 -0.1465702 0.9237403 -0.3538666 -0.1465684 0.9237555 -0.3397045 -0.1768526 0.9237502 -0.339719 -0.1768516 0.9237504 -0.3230118 -0.2057875 0.9237479 -0.3230194 -0.2057873 0.9237517 -0.3038398 -0.2331614 0.9237414 -0.3038765 -0.2331547 0.9237573 -0.2823445 -0.2587551 0.9237445 -0.2823915 -0.2587491 0.9237519 -0.2587357 -0.2823799 0.9237433 -0.258764 -0.282382 0.9237542 -0.2331285 -0.3038577 0.9237422 -0.2331789 -0.3038554 0.9237498 -0.2057763 -0.323021 0.9237459 -0.2057936 -0.3230208 0.9237542 -0.1768228 -0.3397237 0.9237397 -0.1768803 -0.3397329 0.923745 -0.1465742 -0.3538522 0.9237468 -0.146573 -0.3538479 0.9237505 -0.1151615 -0.365271 0.9237456 -0.1151791 -0.3652779 0.9237498 -0.0828951 -0.3739182 0.9237416 -0.08290946 -0.3739354 0.9237458 -0.04998701 -0.3797304 0.92375 -0.04999536 -0.3797191 0.9237496 -0.01670652 -0.3826324 0.9237487 -0.01670902 -0.3826344 0.9237496 0.01670473 -0.3826323 0.9237474 0.01670914 -0.3826376 0.9536356 0.0392791 -0.2983897 0.953637 0.03927874 -0.2983853 0.9536348 0.06515032 -0.2938301 0.9536378 0.0651347 -0.2938238 0.9536341 0.09051722 -0.2870344 0.9536371 0.09049767 -0.2870305 0.9536313 0.1151914 -0.2780616 0.9536377 0.1151682 -0.2780497 0.9536374 0.1389629 -0.2669551 0.9536311 0.1389791 -0.2669697 0.9536295 0.1617457 -0.2538291 0.9536393 0.161684 -0.2538319 0.9536342 0.1832218 -0.2387712 0.9536382 0.1832004 -0.2387714 0.9536357 0.2033309 -0.2218912 0.9536346 0.2033311 -0.2218956 0.9536246 0.2219409 -0.2033288 0.9536392 0.2218769 -0.2033297 0.9536328 0.2387828 -0.1832135 0.953638 0.2387617 -0.1832141 0.9536193 0.2538932 -0.1617054 0.9536496 0.2537751 -0.1617115 0.9536198 0.2670159 -0.1389672 0.9536406 0.2669395 -0.1389712 0.9536231 0.2780973 -0.1151732 0.9536381 0.2780456 -0.1151739 0.953624 0.2870734 -0.09050089 0.9536379 0.2870265 -0.09050226 0.9536335 0.2938368 -0.06514048 0.9536358 0.2938291 -0.06514006 0.9536382 0.2983807 -0.03928381 0.9536361 0.2983875 -0.03928387 0.9536255 0.3007094 -0.01312726 0.9536331 0.3006852 -0.01312863 0.9536255 0.3007093 0.01312857 0.9536377 0.3006709 0.01312738 0.9536372 0.2983838 0.03928416 0.9536352 0.2983906 0.03928339 0.9536182 0.2938864 0.06513935 0.9536457 0.2937968 0.06514078 0.9536244 0.287072 0.09050047 0.953638 0.2870262 0.09050267 0.9536234 0.2780964 0.1151728 0.9536408 0.2780363 0.1151745 0.953634 0.2669641 0.1389694 0.9536295 0.26698 0.1389697 0.9536255 0.2538684 0.1617076 0.9536456 0.2537913 0.1617105 0.9536324 0.2387844 0.1832144 0.9536415 0.2387473 0.1832144 0.9536318 0.2219109 0.2033273 0.953634 0.2218989 0.2033304 0.9536344 0.2033337 0.2218942 0.953637 0.2033241 0.2218918 0.9536343 0.1832218 0.2387707 0.953637 0.1832072 0.2387716 0.9536295 0.1617457 0.2538291 0.9536393 0.161684 0.2538319 0.953636 0.1389648 0.2669591 0.9536327 0.1389714 0.266968 0.9536339 0.1151883 0.2780544 0.9536371 0.1151569 0.2780563 0.953634 0.09051722 0.2870346 0.9536373 0.09049755 0.2870301 0.9536378 0.06514143 0.2938223 0.9536355 0.06513631 0.2938311 0.953638 0.0392816 0.2983815 0.9536343 0.03927975 0.2983934 0.9536328 0.01312768 0.3006861 0.9536373 0.01312929 0.3006721 0.9536355 -0.01312381 0.3006779 0.9536352 -0.01312959 0.3006786 0.9536356 -0.0392791 0.2983897 0.953637 -0.03927874 0.2983853 0.9536348 -0.06515032 0.2938301 0.9536378 -0.0651347 0.2938238 0.9536341 -0.09051722 0.2870344 0.9536371 -0.09049767 0.2870305 0.9536313 -0.1151914 0.2780616 0.9536377 -0.1151682 0.2780497 0.9536374 -0.1389629 0.2669551 0.9536311 -0.1389791 0.2669697 0.9536295 -0.1617457 0.2538291 0.9536393 -0.161684 0.2538319 0.9536342 -0.1832218 0.2387712 0.9536382 -0.1832004 0.2387714 0.9536357 -0.2033309 0.2218912 0.9536346 -0.2033311 0.2218956 0.9536246 -0.2219409 0.2033288 0.9536392 -0.2218769 0.2033297 0.9536328 -0.2387828 0.1832135 0.953638 -0.2387617 0.1832141 0.9536193 -0.2538932 0.1617054 0.9536496 -0.2537751 0.1617115 0.9536198 -0.2670159 0.1389672 0.9536406 -0.2669395 0.1389712 0.9536231 -0.2780973 0.1151732 0.9536381 -0.2780456 0.1151739 0.953624 -0.2870734 0.09050089 0.9536379 -0.2870265 0.09050226 0.9536335 -0.2938368 0.06514048 0.9536358 -0.2938291 0.06514006 0.9536382 -0.2983807 0.03928381 0.9536361 -0.2983875 0.03928387 0.9536255 -0.3007094 0.01312726 0.9536331 -0.3006852 0.01312863 0.9536255 -0.3007093 -0.01312857 0.9536377 -0.3006709 -0.01312738 0.9536372 -0.2983838 -0.03928416 0.9536352 -0.2983906 -0.03928339 0.9536182 -0.2938864 -0.06513935 0.9536457 -0.2937968 -0.06514078 0.9536244 -0.287072 -0.09050047 0.953638 -0.2870262 -0.09050267 0.9536234 -0.2780964 -0.1151728 0.9536408 -0.2780363 -0.1151745 0.953634 -0.2669641 -0.1389694 0.9536295 -0.26698 -0.1389697 0.9536255 -0.2538684 -0.1617076 0.9536456 -0.2537913 -0.1617105 0.9536324 -0.2387844 -0.1832144 0.9536415 -0.2387473 -0.1832144 0.9536318 -0.2219109 -0.2033273 0.953634 -0.2218989 -0.2033304 0.9536344 -0.2033337 -0.2218942 0.953637 -0.2033241 -0.2218918 0.9536343 -0.1832218 -0.2387707 0.953637 -0.1832072 -0.2387716 0.9536295 -0.1617457 -0.2538291 0.9536393 -0.161684 -0.2538319 0.953636 -0.1389648 -0.2669591 0.9536327 -0.1389714 -0.266968 0.9536339 -0.1151883 -0.2780544 0.9536371 -0.1151569 -0.2780563 0.953634 -0.09051722 -0.2870346 0.9536373 -0.09049755 -0.2870301 0.9536378 -0.06514143 -0.2938223 0.9536355 -0.06513631 -0.2938311 0.953638 -0.0392816 -0.2983815 0.9536343 -0.03927975 -0.2983934 0.9536328 -0.01312768 -0.3006861 0.9536373 -0.01312929 -0.3006721 0.9536355 0.01312381 -0.3006779 0.9536352 0.01312959 -0.3006786 0.9762521 0.02827781 -0.2147842 0.9762488 0.02827787 -0.2147994 0.9762509 0.0468887 -0.2115082 0.97625 0.04689466 -0.211511 0.9762513 0.06513893 -0.2066166 0.9762504 0.06514739 -0.2066185 0.9762506 0.08290916 -0.2001525 0.9762501 0.08291554 -0.2001522 0.976254 0.1000135 -0.1921601 0.9762521 0.1000248 -0.1921639 0.9762498 0.1164155 -0.1827127 0.9762516 0.1163855 -0.1827217 0.9762505 0.1318868 -0.1718748 0.9762532 0.1318696 -0.1718723 0.976254 0.1463407 -0.1597269 0.976251 0.1463634 -0.1597241 0.9762523 0.1597188 -0.1463603 0.9762504 0.1597304 -0.1463608 0.9762535 0.1718599 -0.1318841 0.9762504 0.1718769 -0.1318848 0.9762435 0.1827545 -0.1164018 0.976246 0.1827419 -0.1164013 0.9762578 0.1921293 -0.1000357 0.9762533 0.1921528 -0.1000348 0.9762527 0.2001433 -0.08290493 0.9762488 0.2001629 -0.08290553 0.9762465 0.2066369 -0.06514608 0.9762592 0.206577 -0.06514656 0.9762422 0.2115482 -0.04689013 0.9762519 0.2115036 -0.0468899 0.9762557 0.2147676 -0.02827769 0.9762501 0.2147933 -0.02827781 0.9762579 0.2164056 -0.009449303 0.9762535 0.2164252 -0.009449839 0.9762576 0.2164068 0.009449779 0.9762532 0.216427 0.009449303 0.9762557 0.2147679 0.02827769 0.976253 0.21478 0.02827787 0.9762541 0.2114928 0.04689037 0.9762482 0.2115202 0.04689007 0.9762578 0.2065836 0.06514662 0.9762542 0.2066007 0.06514644 0.9762526 0.2001447 0.08290505 0.9762541 0.2001367 0.082906 0.9762581 0.192128 0.1000351 0.9762524 0.192157 0.1000351 0.976249 0.182726 0.1164007 0.9762453 0.1827449 0.1164029 0.9762533 0.1718599 0.1318845 0.9762488 0.1718872 0.1318828 0.9762523 0.1597188 0.1463608 0.9762508 0.1597282 0.1463599 0.976254 0.1463407 0.1597269 0.9762501 0.1463702 0.1597238 0.9762535 0.1318609 0.1718776 0.9762526 0.1318756 0.1718712 0.9762516 0.1163908 0.1827183 0.9762504 0.1164011 0.1827187 0.976254 0.1000135 0.1921601 0.9762511 0.1000324 0.1921648 0.9762492 0.08291143 0.200158 0.9762511 0.08290773 0.2001503 0.97625 0.06514072 0.2066224 0.9762516 0.06514579 0.2066133 0.9762505 0.04689574 0.2115083 0.9762506 0.04688745 0.2115101 0.9762507 0.0282821 0.2147901 0.9762499 0.02827721 0.2147943 0.9762495 0.00944817 0.2164433 0.9762516 0.009448766 0.2164341 0.9762509 -0.009442627 0.2164373 0.9762506 -0.009452462 0.2164385 0.9762521 -0.02827781 0.2147842 0.9762488 -0.02827787 0.2147994 0.9762509 -0.0468887 0.2115082 0.97625 -0.04689466 0.211511 0.9762513 -0.06513893 0.2066166 0.9762504 -0.06514739 0.2066185 0.9762506 -0.08290916 0.2001525 0.9762501 -0.08291554 0.2001522 0.976254 -0.1000135 0.1921601 0.9762521 -0.1000248 0.1921639 0.9762498 -0.1164155 0.1827127 0.9762516 -0.1163855 0.1827217 0.9762505 -0.1318868 0.1718748 0.9762532 -0.1318696 0.1718723 0.976254 -0.1463407 0.1597269 0.976251 -0.1463634 0.1597241 0.9762523 -0.1597188 0.1463603 0.9762504 -0.1597304 0.1463608 0.9762535 -0.1718599 0.1318841 0.9762504 -0.1718769 0.1318848 0.9762435 -0.1827545 0.1164018 0.976246 -0.1827419 0.1164013 0.9762578 -0.1921293 0.1000357 0.9762533 -0.1921528 0.1000348 0.9762527 -0.2001433 0.08290493 0.9762488 -0.2001629 0.08290553 0.9762465 -0.2066369 0.06514608 0.9762592 -0.206577 0.06514656 0.9762422 -0.2115482 0.04689013 0.9762519 -0.2115036 0.0468899 0.9762557 -0.2147676 0.02827769 0.9762501 -0.2147933 0.02827781 0.9762579 -0.2164056 0.009449303 0.9762535 -0.2164252 0.009449839 0.9762576 -0.2164068 -0.009449779 0.9762532 -0.216427 -0.009449303 0.9762557 -0.2147679 -0.02827769 0.976253 -0.21478 -0.02827787 0.9762541 -0.2114928 -0.04689037 0.9762482 -0.2115202 -0.04689007 0.9762578 -0.2065836 -0.06514662 0.9762542 -0.2066007 -0.06514644 0.9762526 -0.2001447 -0.08290505 0.9762541 -0.2001367 -0.082906 0.9762581 -0.192128 -0.1000351 0.9762524 -0.192157 -0.1000351 0.976249 -0.182726 -0.1164007 0.9762453 -0.1827449 -0.1164029 0.9762533 -0.1718599 -0.1318845 0.9762488 -0.1718872 -0.1318828 0.9762523 -0.1597188 -0.1463608 0.9762508 -0.1597282 -0.1463599 0.976254 -0.1463407 -0.1597269 0.9762501 -0.1463702 -0.1597238 0.9762535 -0.1318609 -0.1718776 0.9762526 -0.1318756 -0.1718712 0.9762516 -0.1163908 -0.1827183 0.9762504 -0.1164011 -0.1827187 0.976254 -0.1000135 -0.1921601 0.9762511 -0.1000324 -0.1921648 0.9762492 -0.08291143 -0.200158 0.9762511 -0.08290773 -0.2001503 0.97625 -0.06514072 -0.2066224 0.9762516 -0.06514579 -0.2066133 0.9762505 -0.04689574 -0.2115083 0.9762506 -0.04688745 -0.2115101 0.9762507 -0.0282821 -0.2147901 0.9762499 -0.02827721 -0.2147943 0.9762495 -0.00944817 -0.2164433 0.9762516 -0.009448766 -0.2164341 0.9762509 0.009442627 -0.2164373 0.9762506 0.009452462 -0.2164385 0.9914317 0.01705348 -0.1295085 0.9914309 0.01704889 -0.1295149 0.9914307 0.02827447 -0.1275368 0.9914311 0.02826964 -0.127536 0.9914312 0.03927016 -0.1245872 0.9914308 0.0392816 -0.1245872 0.9914302 0.05001187 -0.120686 0.9914316 0.04997628 -0.1206889 0.9914299 0.06033569 -0.115873 0.9914305 0.06032627 -0.115873 0.9914321 0.07017844 -0.1101706 0.9914298 0.07020545 -0.1101742 0.9914292 0.0795477 -0.1036352 0.9914312 0.0795207 -0.1036375 0.9914294 0.08827227 -0.09631156 0.9914329 0.08823508 -0.09631043 0.9914298 0.0963239 -0.08825451 0.9914328 0.0962935 -0.08825314 0.9914333 0.1036158 -0.07952326 0.9914293 0.1036545 -0.07952249 0.9914368 0.1101222 -0.07018744 0.9914293 0.1101888 -0.07018762 0.9914277 0.1159006 -0.06031847 0.9914363 0.1158269 -0.06031912 0.9914332 0.1206705 -0.04999053 0.9914298 0.1206983 -0.04999047 0.9914228 0.124651 -0.03928101 0.9914318 0.1245794 -0.0392816 0.9914338 0.1275137 -0.02827358 0.9914288 0.1275526 -0.02827411 0.9914284 0.1295341 -0.0170508 0.9914287 0.1295314 -0.01705074 0.9914264 0.1305419 -0.005697965 0.9914342 0.1304827 -0.005697906 0.9914264 0.1305431 0.005698025 0.9914342 0.1304832 0.005697846 0.9914286 0.1295324 0.01705056 0.9914315 0.1295109 0.01705104 0.9914336 0.1275152 0.02827435 0.9914328 0.1275212 0.02827346 0.9914298 0.1245962 0.03928166 0.9914291 0.1246014 0.03928124 0.9914333 0.1206693 0.04999023 0.9914332 0.1206694 0.04999095 0.9914277 0.115901 0.0603187 0.9914363 0.1158264 0.06031882 0.9914336 0.1101507 0.07018792 0.9914305 0.1101791 0.07018679 0.9914335 0.1036144 0.0795226 0.9914309 0.1036378 0.07952392 0.9914324 0.09629613 0.08825474 0.9914312 0.09631067 0.0882529 0.9914316 0.08824568 0.09631311 0.9914317 0.08824795 0.09630924 0.9914307 0.07952314 0.1036397 0.9914306 0.07953202 0.1036341 0.9914321 0.07017844 0.1101706 0.9914293 0.07021254 0.1101745 0.9914312 0.06032001 0.1158698 0.9914297 0.06033146 0.1158762 0.9914311 0.04998528 0.1206895 0.9914311 0.04999572 0.1206853 0.9914312 0.03927016 0.1245872 0.9914306 0.03928512 0.1245873 0.9914311 0.02828067 0.1275332 0.9914309 0.02826637 0.1275369 0.9914318 0.01704996 0.1295085 0.991431 0.01704877 0.1295141 0.9914313 0.005697488 0.1305054 0.9914311 0.005699157 0.1305068 0.9914313 -0.005693972 0.1305053 0.9914312 -0.005699098 0.1305063 0.9914317 -0.01705348 0.1295085 0.9914309 -0.01704889 0.1295149 0.9914307 -0.02827447 0.1275368 0.9914311 -0.02826964 0.127536 0.9914312 -0.03927016 0.1245872 0.9914308 -0.0392816 0.1245872 0.9914302 -0.05001187 0.120686 0.9914316 -0.04997628 0.1206889 0.9914299 -0.06033569 0.115873 0.9914305 -0.06032627 0.115873 0.9914321 -0.07017844 0.1101706 0.9914298 -0.07020545 0.1101742 0.9914292 -0.0795477 0.1036352 0.9914312 -0.0795207 0.1036375 0.9914294 -0.08827227 0.09631156 0.9914329 -0.08823508 0.09631043 0.9914298 -0.0963239 0.08825451 0.9914328 -0.0962935 0.08825314 0.9914333 -0.1036158 0.07952326 0.9914293 -0.1036545 0.07952249 0.9914368 -0.1101222 0.07018744 0.9914293 -0.1101888 0.07018762 0.9914277 -0.1159006 0.06031847 0.9914363 -0.1158269 0.06031912 0.9914332 -0.1206705 0.04999053 0.9914298 -0.1206983 0.04999047 0.9914228 -0.124651 0.03928101 0.9914318 -0.1245794 0.0392816 0.9914338 -0.1275137 0.02827358 0.9914288 -0.1275526 0.02827411 0.9914284 -0.1295341 0.0170508 0.9914287 -0.1295314 0.01705074 0.9914264 -0.1305419 0.005697965 0.9914342 -0.1304827 0.005697906 0.9914264 -0.1305431 -0.005698025 0.9914342 -0.1304832 -0.005697846 0.9914286 -0.1295324 -0.01705056 0.9914315 -0.1295109 -0.01705104 0.9914336 -0.1275152 -0.02827435 0.9914328 -0.1275212 -0.02827346 0.9914298 -0.1245962 -0.03928166 0.9914291 -0.1246014 -0.03928124 0.9914333 -0.1206693 -0.04999023 0.9914332 -0.1206694 -0.04999095 0.9914277 -0.115901 -0.0603187 0.9914363 -0.1158264 -0.06031882 0.9914336 -0.1101507 -0.07018792 0.9914305 -0.1101791 -0.07018679 0.9914335 -0.1036144 -0.0795226 0.9914309 -0.1036378 -0.07952392 0.9914324 -0.09629613 -0.08825474 0.9914312 -0.09631067 -0.0882529 0.9914316 -0.08824568 -0.09631311 0.9914317 -0.08824795 -0.09630924 0.9914307 -0.07952314 -0.1036397 0.9914306 -0.07953202 -0.1036341 0.9914321 -0.07017844 -0.1101706 0.9914293 -0.07021254 -0.1101745 0.9914312 -0.06032001 -0.1158698 0.9914297 -0.06033146 -0.1158762 0.9914311 -0.04998528 -0.1206895 0.9914311 -0.04999572 -0.1206853 0.9914312 -0.03927016 -0.1245872 0.9914306 -0.03928512 -0.1245873 0.9914311 -0.02828067 -0.1275332 0.9914309 -0.02826637 -0.1275369 0.9914318 -0.01704996 -0.1295085 0.991431 -0.01704877 -0.1295141 0.9914313 -0.005697488 -0.1305054 0.9914311 -0.005699157 -0.1305068 0.9914313 0.005693972 -0.1305053 0.9914312 0.005699098 -0.1305063 0.9990457 0.005699157 -0.0433039 0.9990457 0.005707442 -0.04330432 0.9990459 0.009447515 -0.04264223 0.9990456 0.009469449 -0.04264146 0.9990459 0.01312625 -0.04165601 0.9990456 0.01314544 -0.04165631 0.9990457 0.01672136 -0.04035282 0.9990457 0.01671731 -0.040353 0.9990462 0.02014923 -0.03874242 0.9990456 0.02017474 -0.03874224 0.9990465 0.02343779 -0.03683727 0.9990456 0.02347642 -0.03683668 0.9990465 0.02655947 -0.03465223 0.9990451 0.02661216 -0.03465116 0.9990463 0.02948576 -0.03220295 0.9990447 0.02954453 -0.03220289 0.9990462 0.03218907 -0.02950859 0.9990452 0.03222078 -0.02950763 0.999047 0.03461349 -0.02658933 0.9990441 0.03469818 -0.02658957 0.9990476 0.0367878 -0.02346849 0.9990445 0.03686988 -0.02346801 0.9990459 0.03873783 -0.020168 0.9990455 0.03874915 -0.02016818 0.9990479 0.04029852 -0.01671463 0.9990447 0.04037898 -0.01671463 0.9990466 0.04163599 -0.013134 0.999044 0.04169756 -0.013134 0.9990482 0.04258364 -0.009453535 0.9990434 0.04269731 -0.009453475 0.999048 0.04325282 -0.005701184 0.9990435 0.04335653 -0.005701124 0.9990454 0.04364311 -0.001904964 0.9990456 0.04363763 -0.001905202 0.9990454 0.04364246 0.001905083 0.9990454 0.04364299 0.001905143 0.9990455 0.04330867 0.005701184 0.9990456 0.04330486 0.005701124 0.9990482 0.04258394 0.009453594 0.9990434 0.04269778 0.009453415 0.9990466 0.04163593 0.013134 0.9990443 0.04169076 0.013134 0.9990457 0.04035389 0.01671457 0.9990466 0.04033088 0.01671469 0.9990459 0.03873783 0.02016812 0.9990444 0.03877675 0.020168 0.9990466 0.0368151 0.02346813 0.9990442 0.03687888 0.02346825 0.9990461 0.03464156 0.02658963 0.999045 0.03467547 0.02658927 0.9990462 0.03218859 0.02950817 0.9990449 0.03222984 0.02950799 0.9990463 0.02948576 0.03220295 0.9990447 0.02954101 0.03220278 0.9990465 0.02655947 0.03465217 0.9990451 0.02661216 0.03465121 0.9990465 0.02343744 0.0368368 0.9990452 0.02349066 0.03683739 0.9990462 0.02014923 0.03874242 0.9990458 0.02016431 0.03874212 0.9990462 0.01669347 0.04035282 0.9990455 0.01673084 0.04035234 0.9990461 0.01311194 0.04165488 0.9990455 0.01315248 0.04165661 0.9990457 0.00945425 0.04264104 0.9990457 0.009459078 0.04264163 0.9990457 0.005702495 0.04330265 0.9990457 0.005704104 0.04330545 0.9990456 0.001903891 0.0436384 0.9990457 0.001903533 0.04363471 0.9990457 -0.001902043 0.04363596 0.9990457 -0.001903593 0.04363667 0.9990457 -0.005699157 0.0433039 0.9990457 -0.005707442 0.04330432 0.9990459 -0.009447515 0.04264223 0.9990456 -0.009469449 0.04264146 0.9990459 -0.01312625 0.04165601 0.9990456 -0.01314544 0.04165631 0.9990457 -0.01672136 0.04035282 0.9990457 -0.01671731 0.040353 0.9990462 -0.02014923 0.03874242 0.9990456 -0.02017474 0.03874224 0.9990465 -0.02343779 0.03683727 0.9990456 -0.02347642 0.03683668 0.9990465 -0.02655947 0.03465223 0.9990451 -0.02661216 0.03465116 0.9990463 -0.02948576 0.03220295 0.9990447 -0.02954453 0.03220289 0.9990462 -0.03218907 0.02950859 0.9990452 -0.03222078 0.02950763 0.999047 -0.03461349 0.02658933 0.9990441 -0.03469818 0.02658957 0.9990476 -0.0367878 0.02346849 0.9990445 -0.03686988 0.02346801 0.9990459 -0.03873783 0.020168 0.9990455 -0.03874915 0.02016818 0.9990479 -0.04029852 0.01671463 0.9990447 -0.04037898 0.01671463 0.9990466 -0.04163599 0.013134 0.999044 -0.04169756 0.013134 0.9990482 -0.04258364 0.009453535 0.9990434 -0.04269731 0.009453475 0.999048 -0.04325282 0.005701184 0.9990435 -0.04335653 0.005701124 0.9990454 -0.04364311 0.001904964 0.9990456 -0.04363763 0.001905202 0.9990454 -0.04364246 -0.001905083 0.9990454 -0.04364299 -0.001905143 0.9990455 -0.04330867 -0.005701184 0.9990456 -0.04330486 -0.005701124 0.9990482 -0.04258394 -0.009453594 0.9990434 -0.04269778 -0.009453415 0.9990466 -0.04163593 -0.013134 0.9990443 -0.04169076 -0.013134 0.9990457 -0.04035389 -0.01671457 0.9990466 -0.04033088 -0.01671469 0.9990459 -0.03873783 -0.02016812 0.9990444 -0.03877675 -0.020168 0.9990466 -0.0368151 -0.02346813 0.9990442 -0.03687888 -0.02346825 0.9990461 -0.03464156 -0.02658963 0.999045 -0.03467547 -0.02658927 0.9990462 -0.03218859 -0.02950817 0.9990449 -0.03222984 -0.02950799 0.9990463 -0.02948576 -0.03220295 0.9990447 -0.02954101 -0.03220278 0.9990465 -0.02655947 -0.03465217 0.9990451 -0.02661216 -0.03465121 0.9990465 -0.02343744 -0.0368368 0.9990452 -0.02349066 -0.03683739 0.9990462 -0.02014923 -0.03874242 0.9990458 -0.02016431 -0.03874212 0.9990462 -0.01669347 -0.04035282 0.9990455 -0.01673084 -0.04035234 0.9990461 -0.01311194 -0.04165488 0.9990455 -0.01315248 -0.04165661 0.9990457 -0.00945425 -0.04264104 0.9990457 -0.009459078 -0.04264163 0.9990457 -0.005702495 -0.04330265 0.9990457 -0.005704104 -0.04330545 0.9990456 -0.001903891 -0.0436384 0.9990457 -0.001903533 -0.04363471 0.9990457 0.001902043 -0.04363596 0.9990457 0.001903593 -0.04363667 1 0 0 1 1.5841e-6 0 1 -2.4935e-6 0 1 -1.5841e-6 0 1 2.4935e-6 0 1 3.16821e-6 0 1 -3.16821e-6 0 1 4.98699e-6 0 1 4.98699e-6 0 1 -1.5841e-6 0 1 -1.58411e-6 0 1 1.5841e-6 0 1 -1.5841e-6 0 1 -2.4935e-6 0 1 -2.49349e-6 0 1 7.92051e-7 0 1 1.24675e-6 0 1 -1.24675e-6 0 1 1.24675e-6 0 1 -5.94039e-7 0 1 -6.23374e-7 0 1 0 0 1 -1.98013e-7 0 1 3.96026e-7 0 1 0 0 1 6.23374e-7 0 1 7.92052e-7 0 1 -6.23374e-7 0 1 -3.16821e-6 0 1 3.16821e-6 0 1 -4.98699e-6 0 1 -4.98699e-6 0 1 1.5841e-6 0 1 1.58411e-6 0 1 -1.5841e-6 0 1 1.5841e-6 0 1 2.4935e-6 0 1 2.49349e-6 0 1 -7.92051e-7 0 1 -1.24675e-6 0 1 1.24675e-6 0 1 -1.24675e-6 0 1 5.94039e-7 0 1 6.23374e-7 0 1 0 0 1 1.98013e-7 0 1 -3.96026e-7 0 1 0 0 1 -6.23374e-7 0 1 -7.92052e-7 0 1 6.23374e-7 0 1 -1.97684e-5 0 1 -7.87645e-6 0 1 -1.97684e-5 0 1 7.41313e-6 0 1 3.70657e-6 0 1 -3.70657e-6 0 1 -2.47104e-6 0 1 0 0 1 2.47104e-6 0 1 -2.47104e-6 0 1 7.41313e-6 0 1 -3.70657e-6 0 1 8.03089e-6 0 1 1.97684e-5 0 1 7.87645e-6 0 1 1.97684e-5 0 1 -7.41313e-6 0 1 -3.70657e-6 0 1 3.70657e-6 0 1 2.47104e-6 0 1 0 0 1 -2.47104e-6 0 1 2.47104e-6 0 1 -7.41313e-6 0 1 3.70657e-6 0 1 -8.03089e-6 0 0 -0.8660254 -0.5 0 -0.8660254 -0.5000001 0 -0.8660255 -0.4999999 0 0 -1 0 0.8660255 -0.4999999 0 0.8660254 -0.5000001 0 0.8660254 -0.5 0 0.8660254 0.5 0 0.8660254 0.5000001 0 0.8660255 0.4999999 0 0 1 0 -0.8660255 0.4999999 0 -0.8660254 0.5000001 0 -0.8660254 0.5 -1 -2.02214e-6 0 -1 1.84502e-5 0 -1 -1.24101e-5 0 -1 -1.21814e-6 0</float_array>
          <technique_common>
            <accessor source="#socket_head_cap_screw_am_b18_3_1m___5_x_0_8_x_20_hex_shcs____20-mesh-normals-array" count="3332" stride="3">
              <param name="X" type="float"/>
              <param name="Y" type="float"/>
              <param name="Z" type="float"/>
            </accessor>
          </technique_common>
        </source>
        <vertices id="socket_head_cap_screw_am_b18_3_1m___5_x_0_8_x_20_hex_shcs____20-mesh-vertices">
          <input semantic="POSITION" source="#socket_head_cap_screw_am_b18_3_1m___5_x_0_8_x_20_hex_shcs____20-mesh-positions"/>
        </vertices>
        <triangles count="3624">
          <input semantic="VERTEX" source="#socket_head_cap_screw_am_b18_3_1m___5_x_0_8_x_20_hex_shcs____20-mesh-vertices" offset="0"/>
          <input semantic="NORMAL" source="#socket_head_cap_screw_am_b18_3_1m___5_x_0_8_x_20_hex_shcs____20-mesh-normals" offset="1"/>
          <p>0 0 1 0 2 0 1 1 3 1 2 1 2 0 3 0 4 0 5 0 6 0 2 0 6 2 7 2 2 2 2 0 7 0 8 0 8 0 9 0 2 0 9 0 10 0 2 0 2 3 10 3 11 3 11 0 12 0 2 0 12 4 13 4 2 4 2 0 13 0 0 0 14 5 15 5 16 5 17 0 18 0 14 0 18 0 19 0 14 0 16 6 20 6 14 6 20 7 21 7 14 7 14 8 21 8 22 8 22 0 23 0 14 0 23 9 24 9 14 9 14 0 24 0 17 0 19 7 25 7 14 7 25 10 26 10 14 10 14 5 26 5 5 5 27 0 15 0 28 0 29 0 30 0 28 0 30 0 31 0 28 0 31 0 32 0 28 0 32 0 33 0 28 0 28 4 33 4 34 4 35 0 36 0 28 0 36 0 37 0 28 0 28 11 37 11 27 11 34 12 38 12 28 12 38 0 39 0 28 0 28 0 39 0 35 0 40 0 41 0 42 0 41 13 43 13 42 13 42 0 43 0 44 0 45 0 46 0 42 0 46 14 47 14 42 14 42 0 47 0 48 0 44 0 49 0 42 0 49 0 50 0 42 0 42 15 50 15 45 15 48 0 51 0 42 0 51 16 52 16 42 16 42 0 52 0 29 0 53 17 40 17 54 17 55 17 56 17 54 17 56 11 57 11 54 11 57 18 58 18 54 18 58 0 59 0 54 0 54 0 59 0 60 0 60 19 61 19 54 19 61 0 62 0 54 0 54 0 62 0 63 0 63 0 64 0 54 0 64 18 65 18 54 18 54 20 65 20 53 20 66 21 67 21 68 21 67 22 69 22 68 22 68 23 69 23 70 23 69 24 71 24 70 24 70 25 71 25 72 25 71 26 73 26 72 26 72 27 73 27 74 27 73 28 75 28 74 28 74 29 75 29 76 29 75 30 77 30 76 30 76 31 77 31 78 31 77 32 79 32 78 32 78 33 79 33 80 33 79 34 81 34 80 34 80 35 81 35 82 35 81 36 83 36 82 36 82 37 83 37 84 37 83 38 85 38 84 38 84 39 85 39 86 39 85 40 87 40 86 40 86 41 87 41 88 41 87 42 89 42 88 42 88 43 89 43 90 43 89 44 91 44 90 44 90 45 91 45 92 45 91 46 93 46 92 46 92 47 93 47 94 47 93 48 95 48 94 48 94 49 95 49 96 49 95 50 97 50 96 50 96 51 97 51 98 51 97 52 99 52 98 52 98 53 99 53 100 53 99 54 101 54 100 54 100 55 101 55 102 55 101 56 103 56 102 56 102 57 103 57 104 57 103 58 105 58 104 58 104 59 105 59 106 59 105 60 107 60 106 60 106 61 107 61 108 61 107 62 109 62 108 62 108 63 109 63 110 63 109 64 111 64 110 64 110 65 111 65 112 65 111 66 113 66 112 66 112 67 113 67 114 67 113 68 115 68 114 68 114 69 115 69 116 69 115 70 117 70 116 70 116 71 117 71 118 71 117 72 119 72 118 72 118 73 119 73 120 73 119 74 121 74 120 74 120 75 121 75 122 75 121 76 123 76 122 76 122 77 123 77 124 77 123 78 125 78 124 78 124 79 125 79 126 79 125 80 127 80 126 80 126 81 127 81 128 81 127 82 129 82 128 82 128 83 129 83 130 83 129 84 131 84 130 84 130 85 131 85 132 85 131 86 133 86 132 86 132 87 133 87 134 87 133 88 135 88 134 88 134 89 135 89 136 89 135 90 137 90 136 90 136 91 137 91 138 91 137 92 139 92 138 92 138 93 139 93 140 93 139 94 141 94 140 94 140 95 141 95 142 95 141 96 143 96 142 96 142 97 143 97 144 97 143 98 145 98 144 98 144 99 145 99 146 99 145 100 147 100 146 100 146 101 147 101 148 101 147 102 149 102 148 102 148 103 149 103 150 103 149 104 151 104 150 104 150 105 151 105 152 105 151 106 153 106 152 106 152 107 153 107 154 107 153 108 155 108 154 108 154 109 155 109 156 109 155 110 157 110 156 110 156 111 157 111 158 111 157 112 159 112 158 112 158 113 159 113 160 113 159 114 161 114 160 114 160 115 161 115 162 115 161 116 163 116 162 116 162 117 163 117 164 117 163 118 165 118 164 118 164 119 165 119 166 119 165 120 167 120 166 120 166 121 167 121 168 121 167 122 169 122 168 122 168 123 169 123 170 123 169 124 171 124 170 124 170 125 171 125 172 125 171 126 173 126 172 126 172 127 173 127 174 127 173 128 175 128 174 128 174 129 175 129 176 129 175 130 177 130 176 130 176 131 177 131 178 131 177 132 179 132 178 132 178 133 179 133 180 133 179 134 181 134 180 134 180 135 181 135 182 135 181 136 183 136 182 136 182 137 183 137 184 137 183 138 185 138 184 138 184 139 185 139 186 139 185 140 187 140 186 140 186 141 187 141 188 141 187 142 189 142 188 142 188 143 189 143 190 143 189 144 191 144 190 144 190 145 191 145 192 145 191 146 193 146 192 146 192 147 193 147 194 147 193 148 195 148 194 148 194 149 195 149 196 149 195 150 197 150 196 150 196 151 197 151 198 151 197 152 199 152 198 152 198 153 199 153 200 153 199 154 201 154 200 154 200 155 201 155 202 155 201 156 203 156 202 156 202 157 203 157 204 157 203 158 205 158 204 158 204 159 205 159 206 159 205 160 207 160 206 160 206 161 207 161 208 161 207 162 209 162 208 162 208 163 209 163 66 163 209 164 67 164 66 164 138 165 210 165 136 165 210 166 211 166 136 166 136 167 211 167 134 167 211 168 212 168 134 168 134 169 212 169 132 169 212 170 213 170 132 170 132 171 213 171 130 171 213 172 214 172 130 172 130 172 214 172 128 172 214 173 215 173 128 173 128 174 215 174 126 174 215 175 216 175 126 175 126 176 216 176 124 176 216 177 217 177 124 177 124 177 217 177 122 177 217 178 218 178 122 178 122 178 218 178 120 178 218 179 219 179 120 179 120 180 219 180 118 180 219 181 220 181 118 181 118 182 220 182 116 182 220 183 221 183 116 183 116 183 221 183 114 183 221 184 222 184 114 184 114 185 222 185 112 185 222 186 223 186 112 186 112 187 223 187 110 187 223 188 224 188 110 188 110 189 224 189 108 189 224 190 225 190 108 190 108 191 225 191 106 191 225 192 226 192 106 192 106 193 226 193 104 193 226 194 227 194 104 194 104 195 227 195 102 195 227 196 228 196 102 196 102 197 228 197 100 197 228 198 229 198 100 198 100 199 229 199 98 199 229 200 230 200 98 200 98 201 230 201 96 201 230 202 231 202 96 202 96 203 231 203 94 203 231 204 232 204 94 204 94 205 232 205 92 205 232 206 233 206 92 206 92 207 233 207 90 207 233 208 234 208 90 208 90 208 234 208 88 208 234 209 235 209 88 209 88 210 235 210 86 210 235 211 236 211 86 211 86 212 236 212 84 212 236 213 237 213 84 213 84 213 237 213 82 213 237 214 238 214 82 214 82 214 238 214 80 214 238 215 239 215 80 215 80 216 239 216 78 216 239 217 240 217 78 217 78 218 240 218 76 218 240 219 241 219 76 219 76 219 241 219 74 219 241 220 242 220 74 220 74 221 242 221 72 221 242 222 243 222 72 222 72 223 243 223 70 223 243 224 244 224 70 224 70 225 244 225 68 225 244 226 245 226 68 226 68 227 245 227 66 227 245 228 246 228 66 228 66 229 246 229 208 229 246 230 247 230 208 230 208 231 247 231 206 231 247 232 248 232 206 232 206 233 248 233 204 233 248 234 249 234 204 234 204 235 249 235 202 235 249 236 250 236 202 236 202 236 250 236 200 236 250 237 251 237 200 237 200 238 251 238 198 238 251 239 252 239 198 239 198 240 252 240 196 240 252 241 253 241 196 241 196 241 253 241 194 241 253 242 254 242 194 242 194 242 254 242 192 242 254 243 255 243 192 243 192 244 255 244 190 244 255 245 256 245 190 245 190 246 256 246 188 246 256 247 257 247 188 247 188 247 257 247 186 247 257 248 258 248 186 248 186 249 258 249 184 249 258 250 259 250 184 250 184 251 259 251 182 251 259 252 260 252 182 252 182 253 260 253 180 253 260 254 261 254 180 254 180 255 261 255 178 255 261 256 262 256 178 256 178 257 262 257 176 257 262 258 263 258 176 258 176 259 263 259 174 259 263 260 264 260 174 260 174 261 264 261 172 261 264 262 265 262 172 262 172 263 265 263 170 263 265 264 266 264 170 264 170 265 266 265 168 265 266 266 267 266 168 266 168 267 267 267 166 267 267 268 268 268 166 268 166 269 268 269 164 269 268 270 269 270 164 270 164 271 269 271 162 271 269 272 270 272 162 272 162 272 270 272 160 272 270 273 271 273 160 273 160 274 271 274 158 274 271 275 272 275 158 275 158 276 272 276 156 276 272 277 273 277 156 277 156 277 273 277 154 277 273 278 274 278 154 278 154 278 274 278 152 278 274 279 275 279 152 279 152 280 275 280 150 280 275 281 276 281 150 281 150 282 276 282 148 282 276 283 277 283 148 283 148 283 277 283 146 283 277 284 278 284 146 284 146 285 278 285 144 285 278 286 279 286 144 286 144 287 279 287 142 287 279 288 280 288 142 288 142 289 280 289 140 289 280 290 281 290 140 290 140 291 281 291 138 291 281 292 210 292 138 292 282 293 283 293 284 293 283 294 285 294 284 294 284 295 285 295 286 295 285 296 287 296 286 296 286 297 287 297 288 297 287 298 289 298 288 298 288 299 289 299 290 299 289 300 291 300 290 300 290 301 291 301 292 301 291 302 293 302 292 302 292 303 293 303 294 303 293 304 295 304 294 304 294 305 295 305 296 305 295 306 297 306 296 306 296 307 297 307 298 307 297 308 299 308 298 308 298 309 299 309 300 309 299 310 301 310 300 310 300 311 301 311 302 311 301 312 303 312 302 312 302 313 303 313 304 313 303 314 305 314 304 314 304 315 305 315 306 315 305 316 307 316 306 316 306 317 307 317 308 317 307 318 309 318 308 318 308 318 309 318 310 318 309 319 311 319 310 319 310 320 311 320 312 320 311 321 313 321 312 321 312 322 313 322 314 322 313 323 315 323 314 323 314 324 315 324 316 324 315 325 317 325 316 325 316 326 317 326 318 326 317 327 319 327 318 327 318 328 319 328 320 328 319 329 321 329 320 329 320 330 321 330 322 330 321 331 323 331 322 331 322 332 323 332 324 332 323 333 325 333 324 333 324 334 325 334 326 334 325 335 327 335 326 335 326 335 327 335 328 335 327 336 329 336 328 336 328 337 329 337 330 337 329 338 331 338 330 338 330 339 331 339 332 339 331 340 333 340 332 340 332 341 333 341 334 341 333 342 335 342 334 342 334 343 335 343 336 343 335 344 337 344 336 344 336 345 337 345 338 345 337 346 339 346 338 346 338 347 339 347 340 347 339 348 341 348 340 348 340 349 341 349 342 349 341 350 343 350 342 350 342 351 343 351 344 351 343 352 345 352 344 352 344 353 345 353 346 353 345 354 347 354 346 354 346 355 347 355 348 355 347 356 349 356 348 356 348 357 349 357 350 357 349 358 351 358 350 358 350 358 351 358 352 358 351 359 353 359 352 359 352 360 353 360 354 360 353 361 355 361 354 361 354 361 355 361 356 361 355 362 357 362 356 362 356 363 357 363 358 363 357 364 359 364 358 364 358 365 359 365 360 365 359 366 361 366 360 366 360 367 361 367 362 367 361 368 363 368 362 368 362 369 363 369 364 369 363 370 365 370 364 370 364 371 365 371 366 371 365 372 367 372 366 372 366 373 367 373 368 373 367 374 369 374 368 374 368 375 369 375 370 375 369 376 371 376 370 376 370 377 371 377 372 377 371 378 373 378 372 378 372 379 373 379 374 379 373 380 375 380 374 380 374 381 375 381 376 381 375 382 377 382 376 382 376 383 377 383 378 383 377 384 379 384 378 384 378 385 379 385 380 385 379 386 381 386 380 386 380 386 381 386 382 386 381 387 383 387 382 387 382 388 383 388 384 388 383 389 385 389 384 389 384 390 385 390 386 390 385 391 387 391 386 391 386 392 387 392 388 392 387 393 389 393 388 393 388 394 389 394 390 394 389 395 391 395 390 395 390 396 391 396 392 396 391 397 393 397 392 397 392 398 393 398 394 398 393 399 395 399 394 399 394 400 395 400 396 400 395 401 397 401 396 401 396 402 397 402 398 402 397 403 399 403 398 403 398 403 399 403 400 403 399 404 401 404 400 404 400 405 401 405 402 405 401 406 403 406 402 406 402 407 403 407 404 407 403 408 405 408 404 408 404 409 405 409 406 409 405 410 407 410 406 410 406 411 407 411 408 411 407 412 409 412 408 412 408 413 409 413 410 413 409 414 411 414 410 414 410 415 411 415 412 415 411 416 413 416 412 416 412 417 413 417 414 417 413 418 415 418 414 418 414 419 415 419 416 419 415 420 417 420 416 420 416 421 417 421 418 421 417 422 419 422 418 422 418 423 419 423 420 423 419 424 421 424 420 424 420 425 421 425 422 425 421 426 423 426 422 426 422 426 423 426 424 426 423 427 425 427 424 427 424 428 425 428 282 428 425 293 283 293 282 293 425 429 426 429 283 429 426 430 427 430 283 430 283 431 427 431 285 431 427 432 428 432 285 432 285 433 428 433 287 433 428 434 429 434 287 434 287 435 429 435 289 435 429 436 430 436 289 436 289 437 430 437 291 437 430 438 431 438 291 438 291 439 431 439 293 439 431 440 432 440 293 440 293 441 432 441 295 441 432 442 433 442 295 442 295 443 433 443 297 443 433 444 434 444 297 444 297 445 434 445 299 445 434 446 435 446 299 446 299 447 435 447 301 447 435 448 436 448 301 448 301 449 436 449 303 449 436 450 437 450 303 450 303 451 437 451 305 451 437 452 438 452 305 452 305 453 438 453 307 453 438 454 439 454 307 454 307 455 439 455 309 455 439 456 440 456 309 456 309 457 440 457 311 457 440 458 441 458 311 458 311 459 441 459 313 459 441 460 442 460 313 460 313 461 442 461 315 461 442 462 443 462 315 462 315 463 443 463 317 463 443 464 444 464 317 464 317 465 444 465 319 465 444 466 445 466 319 466 319 467 445 467 321 467 445 468 446 468 321 468 321 469 446 469 323 469 446 470 447 470 323 470 323 471 447 471 325 471 447 472 448 472 325 472 325 473 448 473 327 473 448 474 449 474 327 474 327 475 449 475 329 475 449 476 450 476 329 476 329 477 450 477 331 477 450 478 451 478 331 478 331 479 451 479 333 479 451 480 452 480 333 480 333 481 452 481 335 481 452 482 453 482 335 482 335 483 453 483 337 483 453 484 454 484 337 484 337 485 454 485 339 485 454 486 455 486 339 486 339 487 455 487 341 487 455 488 456 488 341 488 341 489 456 489 343 489 456 490 457 490 343 490 343 491 457 491 345 491 457 492 458 492 345 492 345 493 458 493 347 493 458 494 459 494 347 494 347 495 459 495 349 495 459 496 460 496 349 496 349 497 460 497 351 497 460 498 461 498 351 498 351 499 461 499 353 499 461 500 462 500 353 500 353 501 462 501 355 501 462 502 463 502 355 502 355 503 463 503 357 503 463 504 464 504 357 504 357 505 464 505 359 505 464 506 465 506 359 506 359 507 465 507 361 507 465 508 466 508 361 508 361 509 466 509 363 509 466 510 467 510 363 510 363 511 467 511 365 511 467 512 468 512 365 512 365 513 468 513 367 513 468 514 469 514 367 514 367 515 469 515 369 515 469 516 470 516 369 516 369 517 470 517 371 517 470 518 471 518 371 518 371 519 471 519 373 519 471 520 472 520 373 520 373 521 472 521 375 521 472 522 473 522 375 522 375 523 473 523 377 523 473 524 474 524 377 524 377 525 474 525 379 525 474 526 475 526 379 526 379 527 475 527 381 527 475 528 476 528 381 528 381 529 476 529 383 529 476 530 477 530 383 530 383 531 477 531 385 531 477 532 478 532 385 532 385 533 478 533 387 533 478 534 479 534 387 534 387 535 479 535 389 535 479 536 480 536 389 536 389 537 480 537 391 537 480 538 481 538 391 538 391 539 481 539 393 539 481 540 482 540 393 540 393 541 482 541 395 541 482 542 483 542 395 542 395 543 483 543 397 543 483 544 484 544 397 544 397 545 484 545 399 545 484 546 485 546 399 546 399 547 485 547 401 547 485 548 486 548 401 548 401 549 486 549 403 549 486 550 487 550 403 550 403 551 487 551 405 551 487 552 488 552 405 552 405 553 488 553 407 553 488 554 489 554 407 554 407 555 489 555 409 555 489 556 490 556 409 556 409 557 490 557 411 557 490 558 491 558 411 558 411 559 491 559 413 559 491 560 492 560 413 560 413 561 492 561 415 561 492 562 493 562 415 562 415 563 493 563 417 563 493 564 494 564 417 564 417 565 494 565 419 565 494 566 495 566 419 566 419 567 495 567 421 567 495 568 496 568 421 568 421 569 496 569 423 569 496 570 497 570 423 570 423 571 497 571 425 571 497 572 426 572 425 572 498 573 3 573 1 573 4 574 3 574 498 574 498 575 13 575 12 575 0 576 13 576 498 576 1 577 0 577 498 577 498 578 10 578 9 578 11 579 10 579 498 579 12 580 11 580 498 580 498 581 7 581 6 581 8 582 7 582 498 582 9 583 8 583 498 583 498 584 26 584 25 584 5 585 26 585 498 585 6 586 5 586 498 586 498 587 18 587 17 587 19 588 18 588 498 588 25 589 19 589 498 589 498 590 23 590 22 590 24 591 23 591 498 591 17 592 24 592 498 592 498 593 20 593 16 593 21 594 20 594 498 594 22 595 21 595 498 595 498 596 27 596 37 596 15 597 27 597 498 597 16 598 15 598 498 598 498 599 35 599 39 599 36 600 35 600 498 600 37 601 36 601 498 601 498 602 34 602 33 602 38 603 34 603 498 603 39 604 38 604 498 604 498 605 31 605 30 605 32 606 31 606 498 606 33 607 32 607 498 607 498 608 52 608 51 608 29 609 52 609 498 609 30 610 29 610 498 610 498 611 47 611 46 611 48 612 47 612 498 612 51 613 48 613 498 613 498 614 50 614 49 614 45 615 50 615 498 615 46 616 45 616 498 616 498 617 43 617 41 617 44 618 43 618 498 618 49 619 44 619 498 619 498 620 53 620 65 620 40 621 53 621 498 621 41 622 40 622 498 622 498 623 63 623 62 623 64 624 63 624 498 624 65 625 64 625 498 625 498 626 60 626 59 626 61 627 60 627 498 627 62 628 61 628 498 628 498 629 57 629 56 629 58 630 57 630 498 630 59 631 58 631 498 631 498 632 499 632 500 632 55 633 499 633 498 633 56 634 55 634 498 634 498 635 501 635 502 635 503 636 501 636 498 636 500 637 503 637 498 637 498 638 504 638 505 638 506 639 504 639 498 639 502 640 506 640 498 640 498 641 507 641 508 641 509 642 507 642 498 642 505 643 509 643 498 643 508 644 4 644 498 644 352 645 510 645 350 645 510 646 511 646 350 646 350 647 511 647 348 647 511 648 512 648 348 648 348 649 512 649 346 649 512 650 513 650 346 650 346 651 513 651 344 651 513 652 514 652 344 652 344 653 514 653 342 653 514 654 515 654 342 654 342 655 515 655 340 655 515 656 516 656 340 656 340 657 516 657 338 657 516 658 517 658 338 658 338 659 517 659 336 659 517 660 518 660 336 660 336 661 518 661 334 661 518 662 519 662 334 662 334 663 519 663 332 663 519 664 520 664 332 664 332 665 520 665 330 665 520 666 521 666 330 666 330 667 521 667 328 667 521 668 522 668 328 668 328 669 522 669 326 669 522 670 523 670 326 670 326 671 523 671 324 671 523 672 524 672 324 672 324 673 524 673 322 673 524 674 525 674 322 674 322 675 525 675 320 675 525 676 526 676 320 676 320 677 526 677 318 677 526 678 527 678 318 678 318 679 527 679 316 679 527 680 528 680 316 680 316 681 528 681 314 681 528 682 529 682 314 682 314 683 529 683 312 683 529 684 530 684 312 684 312 685 530 685 310 685 530 686 531 686 310 686 310 687 531 687 308 687 531 688 532 688 308 688 308 689 532 689 306 689 532 690 533 690 306 690 306 691 533 691 304 691 533 692 534 692 304 692 304 693 534 693 302 693 534 694 535 694 302 694 302 695 535 695 300 695 535 696 536 696 300 696 300 697 536 697 298 697 536 698 537 698 298 698 298 699 537 699 296 699 537 700 538 700 296 700 296 701 538 701 294 701 538 702 539 702 294 702 294 703 539 703 292 703 539 704 540 704 292 704 292 705 540 705 290 705 540 706 541 706 290 706 290 707 541 707 288 707 541 708 542 708 288 708 288 709 542 709 286 709 542 710 543 710 286 710 286 711 543 711 284 711 543 712 544 712 284 712 284 713 544 713 282 713 544 714 545 714 282 714 282 715 545 715 424 715 545 716 546 716 424 716 424 717 546 717 422 717 546 718 547 718 422 718 422 719 547 719 420 719 547 720 548 720 420 720 420 721 548 721 418 721 548 722 549 722 418 722 418 723 549 723 416 723 549 724 550 724 416 724 416 725 550 725 414 725 550 726 551 726 414 726 414 727 551 727 412 727 551 728 552 728 412 728 412 729 552 729 410 729 552 730 553 730 410 730 410 731 553 731 408 731 553 732 554 732 408 732 408 733 554 733 406 733 554 734 555 734 406 734 406 735 555 735 404 735 555 736 556 736 404 736 404 737 556 737 402 737 556 738 557 738 402 738 402 739 557 739 400 739 557 740 558 740 400 740 400 741 558 741 398 741 558 742 559 742 398 742 398 743 559 743 396 743 559 744 560 744 396 744 396 745 560 745 394 745 560 746 561 746 394 746 394 747 561 747 392 747 561 748 562 748 392 748 392 749 562 749 390 749 562 750 563 750 390 750 390 751 563 751 388 751 563 752 564 752 388 752 388 753 564 753 386 753 564 754 565 754 386 754 386 755 565 755 384 755 565 756 566 756 384 756 384 757 566 757 382 757 566 758 567 758 382 758 382 759 567 759 380 759 567 760 568 760 380 760 380 761 568 761 378 761 568 762 569 762 378 762 378 763 569 763 376 763 569 764 570 764 376 764 376 765 570 765 374 765 570 766 571 766 374 766 374 767 571 767 372 767 571 768 572 768 372 768 372 769 572 769 370 769 572 770 573 770 370 770 370 771 573 771 368 771 573 772 574 772 368 772 368 773 574 773 366 773 574 774 575 774 366 774 366 775 575 775 364 775 575 776 576 776 364 776 364 777 576 777 362 777 576 778 577 778 362 778 362 779 577 779 360 779 577 780 578 780 360 780 360 781 578 781 358 781 578 782 579 782 358 782 358 783 579 783 356 783 579 784 580 784 356 784 356 785 580 785 354 785 580 786 581 786 354 786 354 787 581 787 352 787 581 788 510 788 352 788 510 789 582 789 511 789 582 790 583 790 511 790 511 791 583 791 512 791 583 792 584 792 512 792 512 793 584 793 513 793 584 794 585 794 513 794 513 795 585 795 514 795 585 796 586 796 514 796 514 797 586 797 515 797 586 798 587 798 515 798 515 799 587 799 516 799 587 800 588 800 516 800 516 801 588 801 517 801 588 802 589 802 517 802 517 803 589 803 518 803 589 804 590 804 518 804 518 805 590 805 519 805 590 806 591 806 519 806 519 807 591 807 520 807 591 808 592 808 520 808 520 809 592 809 521 809 592 810 593 810 521 810 521 811 593 811 522 811 593 812 594 812 522 812 522 813 594 813 523 813 594 814 595 814 523 814 523 815 595 815 524 815 595 816 596 816 524 816 524 817 596 817 525 817 596 818 597 818 525 818 525 819 597 819 526 819 597 820 598 820 526 820 526 821 598 821 527 821 598 822 599 822 527 822 527 823 599 823 528 823 599 824 600 824 528 824 528 825 600 825 529 825 600 826 601 826 529 826 529 827 601 827 530 827 601 828 602 828 530 828 530 829 602 829 531 829 602 830 603 830 531 830 531 831 603 831 532 831 603 832 604 832 532 832 532 833 604 833 533 833 604 834 605 834 533 834 533 835 605 835 534 835 605 836 606 836 534 836 534 837 606 837 535 837 606 838 607 838 535 838 535 839 607 839 536 839 607 840 608 840 536 840 536 841 608 841 537 841 608 842 609 842 537 842 537 843 609 843 538 843 609 844 610 844 538 844 538 845 610 845 539 845 610 846 611 846 539 846 539 847 611 847 540 847 611 848 612 848 540 848 540 849 612 849 541 849 612 850 613 850 541 850 541 851 613 851 542 851 613 852 614 852 542 852 542 853 614 853 543 853 614 854 615 854 543 854 543 855 615 855 544 855 615 856 616 856 544 856 544 857 616 857 545 857 616 858 617 858 545 858 545 859 617 859 546 859 617 860 618 860 546 860 546 861 618 861 547 861 618 862 619 862 547 862 547 863 619 863 548 863 619 864 620 864 548 864 548 865 620 865 549 865 620 866 621 866 549 866 549 867 621 867 550 867 621 868 622 868 550 868 550 869 622 869 551 869 622 870 623 870 551 870 551 871 623 871 552 871 623 872 624 872 552 872 552 873 624 873 553 873 624 874 625 874 553 874 553 875 625 875 554 875 625 876 626 876 554 876 554 877 626 877 555 877 626 878 627 878 555 878 555 879 627 879 556 879 627 880 628 880 556 880 556 881 628 881 557 881 628 882 629 882 557 882 557 883 629 883 558 883 629 884 630 884 558 884 558 885 630 885 559 885 630 886 631 886 559 886 559 887 631 887 560 887 631 888 632 888 560 888 560 889 632 889 561 889 632 890 633 890 561 890 561 891 633 891 562 891 633 892 634 892 562 892 562 893 634 893 563 893 634 894 635 894 563 894 563 895 635 895 564 895 635 896 636 896 564 896 564 897 636 897 565 897 636 898 637 898 565 898 565 899 637 899 566 899 637 900 638 900 566 900 566 901 638 901 567 901 638 902 639 902 567 902 567 903 639 903 568 903 639 904 640 904 568 904 568 905 640 905 569 905 640 906 641 906 569 906 569 907 641 907 570 907 641 908 642 908 570 908 570 909 642 909 571 909 642 910 643 910 571 910 571 911 643 911 572 911 643 912 644 912 572 912 572 913 644 913 573 913 644 914 645 914 573 914 573 915 645 915 574 915 645 916 646 916 574 916 574 917 646 917 575 917 646 918 647 918 575 918 575 919 647 919 576 919 647 920 648 920 576 920 576 921 648 921 577 921 648 922 649 922 577 922 577 923 649 923 578 923 649 924 650 924 578 924 578 925 650 925 579 925 650 926 651 926 579 926 579 927 651 927 580 927 651 928 652 928 580 928 580 929 652 929 581 929 652 930 653 930 581 930 581 931 653 931 510 931 653 932 582 932 510 932 582 933 654 933 583 933 654 934 655 934 583 934 583 935 655 935 584 935 655 936 656 936 584 936 584 937 656 937 585 937 656 938 657 938 585 938 585 939 657 939 586 939 657 940 658 940 586 940 586 941 658 941 587 941 658 942 659 942 587 942 587 943 659 943 588 943 659 944 660 944 588 944 588 945 660 945 589 945 660 946 661 946 589 946 589 947 661 947 590 947 661 948 662 948 590 948 590 949 662 949 591 949 662 950 663 950 591 950 591 951 663 951 592 951 663 952 664 952 592 952 592 953 664 953 593 953 664 954 665 954 593 954 593 955 665 955 594 955 665 956 666 956 594 956 594 957 666 957 595 957 666 958 667 958 595 958 595 959 667 959 596 959 667 960 668 960 596 960 596 961 668 961 597 961 668 962 669 962 597 962 597 963 669 963 598 963 669 964 670 964 598 964 598 965 670 965 599 965 670 966 671 966 599 966 599 967 671 967 600 967 671 968 672 968 600 968 600 969 672 969 601 969 672 970 673 970 601 970 601 971 673 971 602 971 673 972 674 972 602 972 602 973 674 973 603 973 674 974 675 974 603 974 603 975 675 975 604 975 675 976 676 976 604 976 604 977 676 977 605 977 676 978 677 978 605 978 605 979 677 979 606 979 677 980 678 980 606 980 606 981 678 981 607 981 678 982 679 982 607 982 607 983 679 983 608 983 679 984 680 984 608 984 608 985 680 985 609 985 680 986 681 986 609 986 609 987 681 987 610 987 681 988 682 988 610 988 610 989 682 989 611 989 682 990 683 990 611 990 611 991 683 991 612 991 683 992 684 992 612 992 612 993 684 993 613 993 684 994 685 994 613 994 613 995 685 995 614 995 685 996 686 996 614 996 614 997 686 997 615 997 686 998 687 998 615 998 615 999 687 999 616 999 687 1000 688 1000 616 1000 616 1001 688 1001 617 1001 688 1002 689 1002 617 1002 617 1003 689 1003 618 1003 689 1004 690 1004 618 1004 618 1005 690 1005 619 1005 690 1006 691 1006 619 1006 619 1007 691 1007 620 1007 691 1008 692 1008 620 1008 620 1009 692 1009 621 1009 692 1010 693 1010 621 1010 621 1011 693 1011 622 1011 693 1012 694 1012 622 1012 622 1013 694 1013 623 1013 694 1014 695 1014 623 1014 623 1015 695 1015 624 1015 695 1016 696 1016 624 1016 624 1017 696 1017 625 1017 696 1018 697 1018 625 1018 625 1019 697 1019 626 1019 697 1020 698 1020 626 1020 626 1021 698 1021 627 1021 698 1022 699 1022 627 1022 627 1023 699 1023 628 1023 699 1024 700 1024 628 1024 628 1025 700 1025 629 1025 700 1026 701 1026 629 1026 629 1027 701 1027 630 1027 701 1028 702 1028 630 1028 630 1029 702 1029 631 1029 702 1030 703 1030 631 1030 631 1031 703 1031 632 1031 703 1032 704 1032 632 1032 632 1033 704 1033 633 1033 704 1034 705 1034 633 1034 633 1035 705 1035 634 1035 705 1036 706 1036 634 1036 634 1037 706 1037 635 1037 706 1038 707 1038 635 1038 635 1039 707 1039 636 1039 707 1040 708 1040 636 1040 636 1041 708 1041 637 1041 708 1042 709 1042 637 1042 637 1043 709 1043 638 1043 709 1044 710 1044 638 1044 638 1045 710 1045 639 1045 710 1046 711 1046 639 1046 639 1047 711 1047 640 1047 711 1048 712 1048 640 1048 640 1049 712 1049 641 1049 712 1050 713 1050 641 1050 641 1051 713 1051 642 1051 713 1052 714 1052 642 1052 642 1053 714 1053 643 1053 714 1054 715 1054 643 1054 643 1055 715 1055 644 1055 715 1056 716 1056 644 1056 644 1057 716 1057 645 1057 716 1058 717 1058 645 1058 645 1059 717 1059 646 1059 717 1060 718 1060 646 1060 646 1061 718 1061 647 1061 718 1062 719 1062 647 1062 647 1063 719 1063 648 1063 719 1064 720 1064 648 1064 648 1065 720 1065 649 1065 720 1066 721 1066 649 1066 649 1067 721 1067 650 1067 721 1068 722 1068 650 1068 650 1069 722 1069 651 1069 722 1070 723 1070 651 1070 651 1071 723 1071 652 1071 723 1072 724 1072 652 1072 652 1073 724 1073 653 1073 724 1074 725 1074 653 1074 653 1075 725 1075 582 1075 725 1076 654 1076 582 1076 654 1077 726 1077 655 1077 726 1078 727 1078 655 1078 655 1079 727 1079 656 1079 727 1080 728 1080 656 1080 656 1081 728 1081 657 1081 728 1082 729 1082 657 1082 657 1083 729 1083 658 1083 729 1084 730 1084 658 1084 658 1085 730 1085 659 1085 730 1086 731 1086 659 1086 659 1087 731 1087 660 1087 731 1088 732 1088 660 1088 660 1089 732 1089 661 1089 732 1090 733 1090 661 1090 661 1091 733 1091 662 1091 733 1092 734 1092 662 1092 662 1093 734 1093 663 1093 734 1094 735 1094 663 1094 663 1095 735 1095 664 1095 735 1096 736 1096 664 1096 664 1097 736 1097 665 1097 736 1098 737 1098 665 1098 665 1099 737 1099 666 1099 737 1100 738 1100 666 1100 666 1101 738 1101 667 1101 738 1102 739 1102 667 1102 667 1103 739 1103 668 1103 739 1104 740 1104 668 1104 668 1105 740 1105 669 1105 740 1106 741 1106 669 1106 669 1107 741 1107 670 1107 741 1108 742 1108 670 1108 670 1109 742 1109 671 1109 742 1110 743 1110 671 1110 671 1111 743 1111 672 1111 743 1112 744 1112 672 1112 672 1113 744 1113 673 1113 744 1114 745 1114 673 1114 673 1115 745 1115 674 1115 745 1116 746 1116 674 1116 674 1117 746 1117 675 1117 746 1118 747 1118 675 1118 675 1119 747 1119 676 1119 747 1120 748 1120 676 1120 676 1121 748 1121 677 1121 748 1122 749 1122 677 1122 677 1123 749 1123 678 1123 749 1124 750 1124 678 1124 678 1125 750 1125 679 1125 750 1126 751 1126 679 1126 679 1127 751 1127 680 1127 751 1128 752 1128 680 1128 680 1129 752 1129 681 1129 752 1130 753 1130 681 1130 681 1131 753 1131 682 1131 753 1132 754 1132 682 1132 682 1133 754 1133 683 1133 754 1134 755 1134 683 1134 683 1135 755 1135 684 1135 755 1136 756 1136 684 1136 684 1137 756 1137 685 1137 756 1138 757 1138 685 1138 685 1139 757 1139 686 1139 757 1140 758 1140 686 1140 686 1141 758 1141 687 1141 758 1142 759 1142 687 1142 687 1143 759 1143 688 1143 759 1144 760 1144 688 1144 688 1145 760 1145 689 1145 760 1146 761 1146 689 1146 689 1147 761 1147 690 1147 761 1148 762 1148 690 1148 690 1149 762 1149 691 1149 762 1150 763 1150 691 1150 691 1151 763 1151 692 1151 763 1152 764 1152 692 1152 692 1153 764 1153 693 1153 764 1154 765 1154 693 1154 693 1155 765 1155 694 1155 765 1156 766 1156 694 1156 694 1157 766 1157 695 1157 766 1158 767 1158 695 1158 695 1159 767 1159 696 1159 767 1160 768 1160 696 1160 696 1161 768 1161 697 1161 768 1162 769 1162 697 1162 697 1163 769 1163 698 1163 769 1164 770 1164 698 1164 698 1165 770 1165 699 1165 770 1166 771 1166 699 1166 699 1167 771 1167 700 1167 771 1168 772 1168 700 1168 700 1169 772 1169 701 1169 772 1170 773 1170 701 1170 701 1171 773 1171 702 1171 773 1172 774 1172 702 1172 702 1173 774 1173 703 1173 774 1174 775 1174 703 1174 703 1175 775 1175 704 1175 775 1176 776 1176 704 1176 704 1177 776 1177 705 1177 776 1178 777 1178 705 1178 705 1179 777 1179 706 1179 777 1180 778 1180 706 1180 706 1181 778 1181 707 1181 778 1182 779 1182 707 1182 707 1183 779 1183 708 1183 779 1184 780 1184 708 1184 708 1185 780 1185 709 1185 780 1186 781 1186 709 1186 709 1187 781 1187 710 1187 781 1188 782 1188 710 1188 710 1189 782 1189 711 1189 782 1190 783 1190 711 1190 711 1191 783 1191 712 1191 783 1192 784 1192 712 1192 712 1193 784 1193 713 1193 784 1194 785 1194 713 1194 713 1195 785 1195 714 1195 785 1196 786 1196 714 1196 714 1197 786 1197 715 1197 786 1198 787 1198 715 1198 715 1199 787 1199 716 1199 787 1200 788 1200 716 1200 716 1201 788 1201 717 1201 788 1202 789 1202 717 1202 717 1203 789 1203 718 1203 789 1204 790 1204 718 1204 718 1205 790 1205 719 1205 790 1206 791 1206 719 1206 719 1207 791 1207 720 1207 791 1208 792 1208 720 1208 720 1209 792 1209 721 1209 792 1210 793 1210 721 1210 721 1211 793 1211 722 1211 793 1212 794 1212 722 1212 722 1213 794 1213 723 1213 794 1214 795 1214 723 1214 723 1215 795 1215 724 1215 795 1216 796 1216 724 1216 724 1217 796 1217 725 1217 796 1218 797 1218 725 1218 725 1219 797 1219 654 1219 797 1220 726 1220 654 1220 726 1221 798 1221 727 1221 798 1222 799 1222 727 1222 727 1223 799 1223 728 1223 799 1224 800 1224 728 1224 728 1225 800 1225 729 1225 800 1226 801 1226 729 1226 729 1227 801 1227 730 1227 801 1228 802 1228 730 1228 730 1229 802 1229 731 1229 802 1230 803 1230 731 1230 731 1231 803 1231 732 1231 803 1232 804 1232 732 1232 732 1233 804 1233 733 1233 804 1234 805 1234 733 1234 733 1235 805 1235 734 1235 805 1236 806 1236 734 1236 734 1237 806 1237 735 1237 806 1238 807 1238 735 1238 735 1239 807 1239 736 1239 807 1240 808 1240 736 1240 736 1241 808 1241 737 1241 808 1242 809 1242 737 1242 737 1243 809 1243 738 1243 809 1244 810 1244 738 1244 738 1245 810 1245 739 1245 810 1246 811 1246 739 1246 739 1247 811 1247 740 1247 811 1248 812 1248 740 1248 740 1249 812 1249 741 1249 812 1250 813 1250 741 1250 741 1251 813 1251 742 1251 813 1252 814 1252 742 1252 742 1253 814 1253 743 1253 814 1254 815 1254 743 1254 743 1255 815 1255 744 1255 815 1256 816 1256 744 1256 744 1257 816 1257 745 1257 816 1258 817 1258 745 1258 745 1259 817 1259 746 1259 817 1260 818 1260 746 1260 746 1261 818 1261 747 1261 818 1262 819 1262 747 1262 747 1263 819 1263 748 1263 819 1264 820 1264 748 1264 748 1265 820 1265 749 1265 820 1266 821 1266 749 1266 749 1267 821 1267 750 1267 821 1268 822 1268 750 1268 750 1269 822 1269 751 1269 822 1270 823 1270 751 1270 751 1271 823 1271 752 1271 823 1272 824 1272 752 1272 752 1273 824 1273 753 1273 824 1274 825 1274 753 1274 753 1275 825 1275 754 1275 825 1276 826 1276 754 1276 754 1277 826 1277 755 1277 826 1278 827 1278 755 1278 755 1279 827 1279 756 1279 827 1280 828 1280 756 1280 756 1281 828 1281 757 1281 828 1282 829 1282 757 1282 757 1283 829 1283 758 1283 829 1284 830 1284 758 1284 758 1285 830 1285 759 1285 830 1286 831 1286 759 1286 759 1287 831 1287 760 1287 831 1288 832 1288 760 1288 760 1289 832 1289 761 1289 832 1290 833 1290 761 1290 761 1291 833 1291 762 1291 833 1292 834 1292 762 1292 762 1293 834 1293 763 1293 834 1294 835 1294 763 1294 763 1295 835 1295 764 1295 835 1296 836 1296 764 1296 764 1297 836 1297 765 1297 836 1298 837 1298 765 1298 765 1299 837 1299 766 1299 837 1300 838 1300 766 1300 766 1301 838 1301 767 1301 838 1302 839 1302 767 1302 767 1303 839 1303 768 1303 839 1304 840 1304 768 1304 768 1305 840 1305 769 1305 840 1306 841 1306 769 1306 769 1307 841 1307 770 1307 841 1308 842 1308 770 1308 770 1309 842 1309 771 1309 842 1310 843 1310 771 1310 771 1311 843 1311 772 1311 843 1312 844 1312 772 1312 772 1313 844 1313 773 1313 844 1314 845 1314 773 1314 773 1315 845 1315 774 1315 845 1316 846 1316 774 1316 774 1317 846 1317 775 1317 846 1318 847 1318 775 1318 775 1319 847 1319 776 1319 847 1320 848 1320 776 1320 776 1321 848 1321 777 1321 848 1322 849 1322 777 1322 777 1323 849 1323 778 1323 849 1324 850 1324 778 1324 778 1325 850 1325 779 1325 850 1326 851 1326 779 1326 779 1327 851 1327 780 1327 851 1328 852 1328 780 1328 780 1329 852 1329 781 1329 852 1330 853 1330 781 1330 781 1331 853 1331 782 1331 853 1332 854 1332 782 1332 782 1333 854 1333 783 1333 854 1334 855 1334 783 1334 783 1335 855 1335 784 1335 855 1336 856 1336 784 1336 784 1337 856 1337 785 1337 856 1338 857 1338 785 1338 785 1339 857 1339 786 1339 857 1340 858 1340 786 1340 786 1341 858 1341 787 1341 858 1342 859 1342 787 1342 787 1343 859 1343 788 1343 859 1344 860 1344 788 1344 788 1345 860 1345 789 1345 860 1346 861 1346 789 1346 789 1347 861 1347 790 1347 861 1348 862 1348 790 1348 790 1349 862 1349 791 1349 862 1350 863 1350 791 1350 791 1351 863 1351 792 1351 863 1352 864 1352 792 1352 792 1353 864 1353 793 1353 864 1354 865 1354 793 1354 793 1355 865 1355 794 1355 865 1356 866 1356 794 1356 794 1357 866 1357 795 1357 866 1358 867 1358 795 1358 795 1359 867 1359 796 1359 867 1360 868 1360 796 1360 796 1361 868 1361 797 1361 868 1362 869 1362 797 1362 797 1363 869 1363 726 1363 869 1364 798 1364 726 1364 798 1365 870 1365 799 1365 870 1366 871 1366 799 1366 799 1367 871 1367 800 1367 871 1368 872 1368 800 1368 800 1369 872 1369 801 1369 872 1370 873 1370 801 1370 801 1371 873 1371 802 1371 873 1372 874 1372 802 1372 802 1373 874 1373 803 1373 874 1374 875 1374 803 1374 803 1375 875 1375 804 1375 875 1376 876 1376 804 1376 804 1377 876 1377 805 1377 876 1378 877 1378 805 1378 805 1379 877 1379 806 1379 877 1380 878 1380 806 1380 806 1381 878 1381 807 1381 878 1382 879 1382 807 1382 807 1383 879 1383 808 1383 879 1384 880 1384 808 1384 808 1385 880 1385 809 1385 880 1386 881 1386 809 1386 809 1387 881 1387 810 1387 881 1388 882 1388 810 1388 810 1389 882 1389 811 1389 882 1390 883 1390 811 1390 811 1391 883 1391 812 1391 883 1392 884 1392 812 1392 812 1393 884 1393 813 1393 884 1394 885 1394 813 1394 813 1395 885 1395 814 1395 885 1396 886 1396 814 1396 814 1397 886 1397 815 1397 886 1398 887 1398 815 1398 815 1399 887 1399 816 1399 887 1400 888 1400 816 1400 816 1401 888 1401 817 1401 888 1402 889 1402 817 1402 817 1403 889 1403 818 1403 889 1404 890 1404 818 1404 818 1405 890 1405 819 1405 890 1406 891 1406 819 1406 819 1407 891 1407 820 1407 891 1408 892 1408 820 1408 820 1409 892 1409 821 1409 892 1410 893 1410 821 1410 821 1411 893 1411 822 1411 893 1412 894 1412 822 1412 822 1413 894 1413 823 1413 894 1414 895 1414 823 1414 823 1415 895 1415 824 1415 895 1416 896 1416 824 1416 824 1417 896 1417 825 1417 896 1418 897 1418 825 1418 825 1419 897 1419 826 1419 897 1420 898 1420 826 1420 826 1421 898 1421 827 1421 898 1422 899 1422 827 1422 827 1423 899 1423 828 1423 899 1424 900 1424 828 1424 828 1425 900 1425 829 1425 900 1426 901 1426 829 1426 829 1427 901 1427 830 1427 901 1428 902 1428 830 1428 830 1429 902 1429 831 1429 902 1430 903 1430 831 1430 831 1431 903 1431 832 1431 903 1432 904 1432 832 1432 832 1433 904 1433 833 1433 904 1434 905 1434 833 1434 833 1435 905 1435 834 1435 905 1436 906 1436 834 1436 834 1437 906 1437 835 1437 906 1438 907 1438 835 1438 835 1439 907 1439 836 1439 907 1440 908 1440 836 1440 836 1441 908 1441 837 1441 908 1442 909 1442 837 1442 837 1443 909 1443 838 1443 909 1444 910 1444 838 1444 838 1445 910 1445 839 1445 910 1446 911 1446 839 1446 839 1447 911 1447 840 1447 911 1448 912 1448 840 1448 840 1449 912 1449 841 1449 912 1450 913 1450 841 1450 841 1451 913 1451 842 1451 913 1452 914 1452 842 1452 842 1453 914 1453 843 1453 914 1454 915 1454 843 1454 843 1455 915 1455 844 1455 915 1456 916 1456 844 1456 844 1457 916 1457 845 1457 916 1458 917 1458 845 1458 845 1459 917 1459 846 1459 917 1460 918 1460 846 1460 846 1461 918 1461 847 1461 918 1462 919 1462 847 1462 847 1463 919 1463 848 1463 919 1464 920 1464 848 1464 848 1465 920 1465 849 1465 920 1466 921 1466 849 1466 849 1467 921 1467 850 1467 921 1468 922 1468 850 1468 850 1469 922 1469 851 1469 922 1470 923 1470 851 1470 851 1471 923 1471 852 1471 923 1472 924 1472 852 1472 852 1473 924 1473 853 1473 924 1474 925 1474 853 1474 853 1475 925 1475 854 1475 925 1476 926 1476 854 1476 854 1477 926 1477 855 1477 926 1478 927 1478 855 1478 855 1479 927 1479 856 1479 927 1480 928 1480 856 1480 856 1481 928 1481 857 1481 928 1482 929 1482 857 1482 857 1483 929 1483 858 1483 929 1484 930 1484 858 1484 858 1485 930 1485 859 1485 930 1486 931 1486 859 1486 859 1487 931 1487 860 1487 931 1488 932 1488 860 1488 860 1489 932 1489 861 1489 932 1490 933 1490 861 1490 861 1491 933 1491 862 1491 933 1492 934 1492 862 1492 862 1493 934 1493 863 1493 934 1494 935 1494 863 1494 863 1495 935 1495 864 1495 935 1496 936 1496 864 1496 864 1497 936 1497 865 1497 936 1498 937 1498 865 1498 865 1499 937 1499 866 1499 937 1500 938 1500 866 1500 866 1501 938 1501 867 1501 938 1502 939 1502 867 1502 867 1503 939 1503 868 1503 939 1504 940 1504 868 1504 868 1505 940 1505 869 1505 940 1506 941 1506 869 1506 869 1507 941 1507 798 1507 941 1508 870 1508 798 1508 870 1509 942 1509 871 1509 942 1510 943 1510 871 1510 871 1511 943 1511 872 1511 943 1512 944 1512 872 1512 872 1513 944 1513 873 1513 944 1514 945 1514 873 1514 873 1515 945 1515 874 1515 945 1516 946 1516 874 1516 874 1517 946 1517 875 1517 946 1518 947 1518 875 1518 875 1519 947 1519 876 1519 947 1520 948 1520 876 1520 876 1521 948 1521 877 1521 948 1522 949 1522 877 1522 877 1523 949 1523 878 1523 949 1524 950 1524 878 1524 878 1525 950 1525 879 1525 950 1526 951 1526 879 1526 879 1527 951 1527 880 1527 951 1528 952 1528 880 1528 880 1529 952 1529 881 1529 952 1530 953 1530 881 1530 881 1531 953 1531 882 1531 953 1532 954 1532 882 1532 882 1533 954 1533 883 1533 954 1534 955 1534 883 1534 883 1535 955 1535 884 1535 955 1536 956 1536 884 1536 884 1537 956 1537 885 1537 956 1538 957 1538 885 1538 885 1539 957 1539 886 1539 957 1540 958 1540 886 1540 886 1541 958 1541 887 1541 958 1542 959 1542 887 1542 887 1543 959 1543 888 1543 959 1544 960 1544 888 1544 888 1545 960 1545 889 1545 960 1546 961 1546 889 1546 889 1547 961 1547 890 1547 961 1548 962 1548 890 1548 890 1549 962 1549 891 1549 962 1550 963 1550 891 1550 891 1551 963 1551 892 1551 963 1552 964 1552 892 1552 892 1553 964 1553 893 1553 964 1554 965 1554 893 1554 893 1555 965 1555 894 1555 965 1556 966 1556 894 1556 894 1557 966 1557 895 1557 966 1558 967 1558 895 1558 895 1559 967 1559 896 1559 967 1560 968 1560 896 1560 896 1561 968 1561 897 1561 968 1562 969 1562 897 1562 897 1563 969 1563 898 1563 969 1564 970 1564 898 1564 898 1565 970 1565 899 1565 970 1566 971 1566 899 1566 899 1567 971 1567 900 1567 971 1568 972 1568 900 1568 900 1569 972 1569 901 1569 972 1570 973 1570 901 1570 901 1571 973 1571 902 1571 973 1572 974 1572 902 1572 902 1573 974 1573 903 1573 974 1574 975 1574 903 1574 903 1575 975 1575 904 1575 975 1576 976 1576 904 1576 904 1577 976 1577 905 1577 976 1578 977 1578 905 1578 905 1579 977 1579 906 1579 977 1580 978 1580 906 1580 906 1581 978 1581 907 1581 978 1582 979 1582 907 1582 907 1583 979 1583 908 1583 979 1584 980 1584 908 1584 908 1585 980 1585 909 1585 980 1586 981 1586 909 1586 909 1587 981 1587 910 1587 981 1588 982 1588 910 1588 910 1589 982 1589 911 1589 982 1590 983 1590 911 1590 911 1591 983 1591 912 1591 983 1592 984 1592 912 1592 912 1593 984 1593 913 1593 984 1594 985 1594 913 1594 913 1595 985 1595 914 1595 985 1596 986 1596 914 1596 914 1597 986 1597 915 1597 986 1598 987 1598 915 1598 915 1599 987 1599 916 1599 987 1600 988 1600 916 1600 916 1601 988 1601 917 1601 988 1602 989 1602 917 1602 917 1603 989 1603 918 1603 989 1604 990 1604 918 1604 918 1605 990 1605 919 1605 990 1606 991 1606 919 1606 919 1607 991 1607 920 1607 991 1608 992 1608 920 1608 920 1609 992 1609 921 1609 992 1610 993 1610 921 1610 921 1611 993 1611 922 1611 993 1612 994 1612 922 1612 922 1613 994 1613 923 1613 994 1614 995 1614 923 1614 923 1615 995 1615 924 1615 995 1616 996 1616 924 1616 924 1617 996 1617 925 1617 996 1618 997 1618 925 1618 925 1619 997 1619 926 1619 997 1620 998 1620 926 1620 926 1621 998 1621 927 1621 998 1622 999 1622 927 1622 927 1623 999 1623 928 1623 999 1624 1000 1624 928 1624 928 1625 1000 1625 929 1625 1000 1626 1001 1626 929 1626 929 1627 1001 1627 930 1627 1001 1628 1002 1628 930 1628 930 1629 1002 1629 931 1629 1002 1630 1003 1630 931 1630 931 1631 1003 1631 932 1631 1003 1632 1004 1632 932 1632 932 1633 1004 1633 933 1633 1004 1634 1005 1634 933 1634 933 1635 1005 1635 934 1635 1005 1636 1006 1636 934 1636 934 1637 1006 1637 935 1637 1006 1638 1007 1638 935 1638 935 1639 1007 1639 936 1639 1007 1640 1008 1640 936 1640 936 1641 1008 1641 937 1641 1008 1642 1009 1642 937 1642 937 1643 1009 1643 938 1643 1009 1644 1010 1644 938 1644 938 1645 1010 1645 939 1645 1010 1646 1011 1646 939 1646 939 1647 1011 1647 940 1647 1011 1648 1012 1648 940 1648 940 1649 1012 1649 941 1649 1012 1650 1013 1650 941 1650 941 1651 1013 1651 870 1651 1013 1652 942 1652 870 1652 942 1653 1014 1653 943 1653 1014 1654 1015 1654 943 1654 943 1655 1015 1655 944 1655 1015 1656 1016 1656 944 1656 944 1657 1016 1657 945 1657 1016 1658 1017 1658 945 1658 945 1659 1017 1659 946 1659 1017 1660 1018 1660 946 1660 946 1661 1018 1661 947 1661 1018 1662 1019 1662 947 1662 947 1663 1019 1663 948 1663 1019 1664 1020 1664 948 1664 948 1665 1020 1665 949 1665 1020 1666 1021 1666 949 1666 949 1667 1021 1667 950 1667 1021 1668 1022 1668 950 1668 950 1669 1022 1669 951 1669 1022 1670 1023 1670 951 1670 951 1671 1023 1671 952 1671 1023 1672 1024 1672 952 1672 952 1673 1024 1673 953 1673 1024 1674 1025 1674 953 1674 953 1675 1025 1675 954 1675 1025 1676 1026 1676 954 1676 954 1677 1026 1677 955 1677 1026 1678 1027 1678 955 1678 955 1679 1027 1679 956 1679 1027 1680 1028 1680 956 1680 956 1681 1028 1681 957 1681 1028 1682 1029 1682 957 1682 957 1683 1029 1683 958 1683 1029 1684 1030 1684 958 1684 958 1685 1030 1685 959 1685 1030 1686 1031 1686 959 1686 959 1687 1031 1687 960 1687 1031 1688 1032 1688 960 1688 960 1689 1032 1689 961 1689 1032 1690 1033 1690 961 1690 961 1691 1033 1691 962 1691 1033 1692 1034 1692 962 1692 962 1693 1034 1693 963 1693 1034 1694 1035 1694 963 1694 963 1695 1035 1695 964 1695 1035 1696 1036 1696 964 1696 964 1697 1036 1697 965 1697 1036 1698 1037 1698 965 1698 965 1699 1037 1699 966 1699 1037 1700 1038 1700 966 1700 966 1701 1038 1701 967 1701 1038 1702 1039 1702 967 1702 967 1703 1039 1703 968 1703 1039 1704 1040 1704 968 1704 968 1705 1040 1705 969 1705 1040 1706 1041 1706 969 1706 969 1707 1041 1707 970 1707 1041 1708 1042 1708 970 1708 970 1709 1042 1709 971 1709 1042 1710 1043 1710 971 1710 971 1711 1043 1711 972 1711 1043 1712 1044 1712 972 1712 972 1713 1044 1713 973 1713 1044 1714 1045 1714 973 1714 973 1715 1045 1715 974 1715 1045 1716 1046 1716 974 1716 974 1717 1046 1717 975 1717 1046 1718 1047 1718 975 1718 975 1719 1047 1719 976 1719 1047 1720 1048 1720 976 1720 976 1721 1048 1721 977 1721 1048 1722 1049 1722 977 1722 977 1723 1049 1723 978 1723 1049 1724 1050 1724 978 1724 978 1725 1050 1725 979 1725 1050 1726 1051 1726 979 1726 979 1727 1051 1727 980 1727 1051 1728 1052 1728 980 1728 980 1729 1052 1729 981 1729 1052 1730 1053 1730 981 1730 981 1731 1053 1731 982 1731 1053 1732 1054 1732 982 1732 982 1733 1054 1733 983 1733 1054 1734 1055 1734 983 1734 983 1735 1055 1735 984 1735 1055 1736 1056 1736 984 1736 984 1737 1056 1737 985 1737 1056 1738 1057 1738 985 1738 985 1739 1057 1739 986 1739 1057 1740 1058 1740 986 1740 986 1741 1058 1741 987 1741 1058 1742 1059 1742 987 1742 987 1743 1059 1743 988 1743 1059 1744 1060 1744 988 1744 988 1745 1060 1745 989 1745 1060 1746 1061 1746 989 1746 989 1747 1061 1747 990 1747 1061 1748 1062 1748 990 1748 990 1749 1062 1749 991 1749 1062 1750 1063 1750 991 1750 991 1751 1063 1751 992 1751 1063 1752 1064 1752 992 1752 992 1753 1064 1753 993 1753 1064 1754 1065 1754 993 1754 993 1755 1065 1755 994 1755 1065 1756 1066 1756 994 1756 994 1757 1066 1757 995 1757 1066 1758 1067 1758 995 1758 995 1759 1067 1759 996 1759 1067 1760 1068 1760 996 1760 996 1761 1068 1761 997 1761 1068 1762 1069 1762 997 1762 997 1763 1069 1763 998 1763 1069 1764 1070 1764 998 1764 998 1765 1070 1765 999 1765 1070 1766 1071 1766 999 1766 999 1767 1071 1767 1000 1767 1071 1768 1072 1768 1000 1768 1000 1769 1072 1769 1001 1769 1072 1770 1073 1770 1001 1770 1001 1771 1073 1771 1002 1771 1073 1772 1074 1772 1002 1772 1002 1773 1074 1773 1003 1773 1074 1774 1075 1774 1003 1774 1003 1775 1075 1775 1004 1775 1075 1776 1076 1776 1004 1776 1004 1777 1076 1777 1005 1777 1076 1778 1077 1778 1005 1778 1005 1779 1077 1779 1006 1779 1077 1780 1078 1780 1006 1780 1006 1781 1078 1781 1007 1781 1078 1782 1079 1782 1007 1782 1007 1783 1079 1783 1008 1783 1079 1784 1080 1784 1008 1784 1008 1785 1080 1785 1009 1785 1080 1786 1081 1786 1009 1786 1009 1787 1081 1787 1010 1787 1081 1788 1082 1788 1010 1788 1010 1789 1082 1789 1011 1789 1082 1790 1083 1790 1011 1790 1011 1791 1083 1791 1012 1791 1083 1792 1084 1792 1012 1792 1012 1793 1084 1793 1013 1793 1084 1794 1085 1794 1013 1794 1013 1795 1085 1795 942 1795 1085 1796 1014 1796 942 1796 1014 1797 1086 1797 1015 1797 1086 1798 1087 1798 1015 1798 1015 1799 1087 1799 1016 1799 1087 1800 1088 1800 1016 1800 1016 1801 1088 1801 1017 1801 1088 1802 1089 1802 1017 1802 1017 1803 1089 1803 1018 1803 1089 1804 1090 1804 1018 1804 1018 1805 1090 1805 1019 1805 1090 1806 1091 1806 1019 1806 1019 1807 1091 1807 1020 1807 1091 1808 1092 1808 1020 1808 1020 1809 1092 1809 1021 1809 1092 1810 1093 1810 1021 1810 1021 1811 1093 1811 1022 1811 1093 1812 1094 1812 1022 1812 1022 1813 1094 1813 1023 1813 1094 1814 1095 1814 1023 1814 1023 1815 1095 1815 1024 1815 1095 1816 1096 1816 1024 1816 1024 1817 1096 1817 1025 1817 1096 1818 1097 1818 1025 1818 1025 1819 1097 1819 1026 1819 1097 1820 1098 1820 1026 1820 1026 1821 1098 1821 1027 1821 1098 1822 1099 1822 1027 1822 1027 1823 1099 1823 1028 1823 1099 1824 1100 1824 1028 1824 1028 1825 1100 1825 1029 1825 1100 1826 1101 1826 1029 1826 1029 1827 1101 1827 1030 1827 1101 1828 1102 1828 1030 1828 1030 1829 1102 1829 1031 1829 1102 1830 1103 1830 1031 1830 1031 1831 1103 1831 1032 1831 1103 1832 1104 1832 1032 1832 1032 1833 1104 1833 1033 1833 1104 1834 1105 1834 1033 1834 1033 1835 1105 1835 1034 1835 1105 1836 1106 1836 1034 1836 1034 1837 1106 1837 1035 1837 1106 1838 1107 1838 1035 1838 1035 1839 1107 1839 1036 1839 1107 1840 1108 1840 1036 1840 1036 1841 1108 1841 1037 1841 1108 1842 1109 1842 1037 1842 1037 1843 1109 1843 1038 1843 1109 1844 1110 1844 1038 1844 1038 1845 1110 1845 1039 1845 1110 1846 1111 1846 1039 1846 1039 1847 1111 1847 1040 1847 1111 1848 1112 1848 1040 1848 1040 1849 1112 1849 1041 1849 1112 1850 1113 1850 1041 1850 1041 1851 1113 1851 1042 1851 1113 1852 1114 1852 1042 1852 1042 1853 1114 1853 1043 1853 1114 1854 1115 1854 1043 1854 1043 1855 1115 1855 1044 1855 1115 1856 1116 1856 1044 1856 1044 1857 1116 1857 1045 1857 1116 1858 1117 1858 1045 1858 1045 1859 1117 1859 1046 1859 1117 1860 1118 1860 1046 1860 1046 1861 1118 1861 1047 1861 1118 1862 1119 1862 1047 1862 1047 1863 1119 1863 1048 1863 1119 1864 1120 1864 1048 1864 1048 1865 1120 1865 1049 1865 1120 1866 1121 1866 1049 1866 1049 1867 1121 1867 1050 1867 1121 1868 1122 1868 1050 1868 1050 1869 1122 1869 1051 1869 1122 1870 1123 1870 1051 1870 1051 1871 1123 1871 1052 1871 1123 1872 1124 1872 1052 1872 1052 1873 1124 1873 1053 1873 1124 1874 1125 1874 1053 1874 1053 1875 1125 1875 1054 1875 1125 1876 1126 1876 1054 1876 1054 1877 1126 1877 1055 1877 1126 1878 1127 1878 1055 1878 1055 1879 1127 1879 1056 1879 1127 1880 1128 1880 1056 1880 1056 1881 1128 1881 1057 1881 1128 1882 1129 1882 1057 1882 1057 1883 1129 1883 1058 1883 1129 1884 1130 1884 1058 1884 1058 1885 1130 1885 1059 1885 1130 1886 1131 1886 1059 1886 1059 1887 1131 1887 1060 1887 1131 1888 1132 1888 1060 1888 1060 1889 1132 1889 1061 1889 1132 1890 1133 1890 1061 1890 1061 1891 1133 1891 1062 1891 1133 1892 1134 1892 1062 1892 1062 1893 1134 1893 1063 1893 1134 1894 1135 1894 1063 1894 1063 1895 1135 1895 1064 1895 1135 1896 1136 1896 1064 1896 1064 1897 1136 1897 1065 1897 1136 1898 1137 1898 1065 1898 1065 1899 1137 1899 1066 1899 1137 1900 1138 1900 1066 1900 1066 1901 1138 1901 1067 1901 1138 1902 1139 1902 1067 1902 1067 1903 1139 1903 1068 1903 1139 1904 1140 1904 1068 1904 1068 1905 1140 1905 1069 1905 1140 1906 1141 1906 1069 1906 1069 1907 1141 1907 1070 1907 1141 1908 1142 1908 1070 1908 1070 1909 1142 1909 1071 1909 1142 1910 1143 1910 1071 1910 1071 1911 1143 1911 1072 1911 1143 1912 1144 1912 1072 1912 1072 1913 1144 1913 1073 1913 1144 1914 1145 1914 1073 1914 1073 1915 1145 1915 1074 1915 1145 1916 1146 1916 1074 1916 1074 1917 1146 1917 1075 1917 1146 1918 1147 1918 1075 1918 1075 1919 1147 1919 1076 1919 1147 1920 1148 1920 1076 1920 1076 1921 1148 1921 1077 1921 1148 1922 1149 1922 1077 1922 1077 1923 1149 1923 1078 1923 1149 1924 1150 1924 1078 1924 1078 1925 1150 1925 1079 1925 1150 1926 1151 1926 1079 1926 1079 1927 1151 1927 1080 1927 1151 1928 1152 1928 1080 1928 1080 1929 1152 1929 1081 1929 1152 1930 1153 1930 1081 1930 1081 1931 1153 1931 1082 1931 1153 1932 1154 1932 1082 1932 1082 1933 1154 1933 1083 1933 1154 1934 1155 1934 1083 1934 1083 1935 1155 1935 1084 1935 1155 1936 1156 1936 1084 1936 1084 1937 1156 1937 1085 1937 1156 1938 1157 1938 1085 1938 1085 1939 1157 1939 1014 1939 1157 1940 1086 1940 1014 1940 1086 1941 1158 1941 1087 1941 1158 1942 1159 1942 1087 1942 1087 1943 1159 1943 1088 1943 1159 1944 1160 1944 1088 1944 1088 1945 1160 1945 1089 1945 1160 1946 1161 1946 1089 1946 1089 1947 1161 1947 1090 1947 1161 1948 1162 1948 1090 1948 1090 1949 1162 1949 1091 1949 1162 1950 1163 1950 1091 1950 1091 1951 1163 1951 1092 1951 1163 1952 1164 1952 1092 1952 1092 1953 1164 1953 1093 1953 1164 1954 1165 1954 1093 1954 1093 1955 1165 1955 1094 1955 1165 1956 1166 1956 1094 1956 1094 1957 1166 1957 1095 1957 1166 1958 1167 1958 1095 1958 1095 1959 1167 1959 1096 1959 1167 1960 1168 1960 1096 1960 1096 1961 1168 1961 1097 1961 1168 1962 1169 1962 1097 1962 1097 1963 1169 1963 1098 1963 1169 1964 1170 1964 1098 1964 1098 1965 1170 1965 1099 1965 1170 1966 1171 1966 1099 1966 1099 1967 1171 1967 1100 1967 1171 1968 1172 1968 1100 1968 1100 1969 1172 1969 1101 1969 1172 1970 1173 1970 1101 1970 1101 1971 1173 1971 1102 1971 1173 1972 1174 1972 1102 1972 1102 1973 1174 1973 1103 1973 1174 1974 1175 1974 1103 1974 1103 1975 1175 1975 1104 1975 1175 1976 1176 1976 1104 1976 1104 1977 1176 1977 1105 1977 1176 1978 1177 1978 1105 1978 1105 1979 1177 1979 1106 1979 1177 1980 1178 1980 1106 1980 1106 1981 1178 1981 1107 1981 1178 1982 1179 1982 1107 1982 1107 1983 1179 1983 1108 1983 1179 1984 1180 1984 1108 1984 1108 1985 1180 1985 1109 1985 1180 1986 1181 1986 1109 1986 1109 1987 1181 1987 1110 1987 1181 1988 1182 1988 1110 1988 1110 1989 1182 1989 1111 1989 1182 1990 1183 1990 1111 1990 1111 1991 1183 1991 1112 1991 1183 1992 1184 1992 1112 1992 1112 1993 1184 1993 1113 1993 1184 1994 1185 1994 1113 1994 1113 1995 1185 1995 1114 1995 1185 1996 1186 1996 1114 1996 1114 1997 1186 1997 1115 1997 1186 1998 1187 1998 1115 1998 1115 1999 1187 1999 1116 1999 1187 2000 1188 2000 1116 2000 1116 2001 1188 2001 1117 2001 1188 2002 1189 2002 1117 2002 1117 2003 1189 2003 1118 2003 1189 2004 1190 2004 1118 2004 1118 2005 1190 2005 1119 2005 1190 2006 1191 2006 1119 2006 1119 2007 1191 2007 1120 2007 1191 2008 1192 2008 1120 2008 1120 2009 1192 2009 1121 2009 1192 2010 1193 2010 1121 2010 1121 2011 1193 2011 1122 2011 1193 2012 1194 2012 1122 2012 1122 2013 1194 2013 1123 2013 1194 2014 1195 2014 1123 2014 1123 2015 1195 2015 1124 2015 1195 2016 1196 2016 1124 2016 1124 2017 1196 2017 1125 2017 1196 2018 1197 2018 1125 2018 1125 2019 1197 2019 1126 2019 1197 2020 1198 2020 1126 2020 1126 2021 1198 2021 1127 2021 1198 2022 1199 2022 1127 2022 1127 2023 1199 2023 1128 2023 1199 2024 1200 2024 1128 2024 1128 2025 1200 2025 1129 2025 1200 2026 1201 2026 1129 2026 1129 2027 1201 2027 1130 2027 1201 2028 1202 2028 1130 2028 1130 2029 1202 2029 1131 2029 1202 2030 1203 2030 1131 2030 1131 2031 1203 2031 1132 2031 1203 2032 1204 2032 1132 2032 1132 2033 1204 2033 1133 2033 1204 2034 1205 2034 1133 2034 1133 2035 1205 2035 1134 2035 1205 2036 1206 2036 1134 2036 1134 2037 1206 2037 1135 2037 1206 2038 1207 2038 1135 2038 1135 2039 1207 2039 1136 2039 1207 2040 1208 2040 1136 2040 1136 2041 1208 2041 1137 2041 1208 2042 1209 2042 1137 2042 1137 2043 1209 2043 1138 2043 1209 2044 1210 2044 1138 2044 1138 2045 1210 2045 1139 2045 1210 2046 1211 2046 1139 2046 1139 2047 1211 2047 1140 2047 1211 2048 1212 2048 1140 2048 1140 2049 1212 2049 1141 2049 1212 2050 1213 2050 1141 2050 1141 2051 1213 2051 1142 2051 1213 2052 1214 2052 1142 2052 1142 2053 1214 2053 1143 2053 1214 2054 1215 2054 1143 2054 1143 2055 1215 2055 1144 2055 1215 2056 1216 2056 1144 2056 1144 2057 1216 2057 1145 2057 1216 2058 1217 2058 1145 2058 1145 2059 1217 2059 1146 2059 1217 2060 1218 2060 1146 2060 1146 2061 1218 2061 1147 2061 1218 2062 1219 2062 1147 2062 1147 2063 1219 2063 1148 2063 1219 2064 1220 2064 1148 2064 1148 2065 1220 2065 1149 2065 1220 2066 1221 2066 1149 2066 1149 2067 1221 2067 1150 2067 1221 2068 1222 2068 1150 2068 1150 2069 1222 2069 1151 2069 1222 2070 1223 2070 1151 2070 1151 2071 1223 2071 1152 2071 1223 2072 1224 2072 1152 2072 1152 2073 1224 2073 1153 2073 1224 2074 1225 2074 1153 2074 1153 2075 1225 2075 1154 2075 1225 2076 1226 2076 1154 2076 1154 2077 1226 2077 1155 2077 1226 2078 1227 2078 1155 2078 1155 2079 1227 2079 1156 2079 1227 2080 1228 2080 1156 2080 1156 2081 1228 2081 1157 2081 1228 2082 1229 2082 1157 2082 1157 2083 1229 2083 1086 2083 1229 2084 1158 2084 1086 2084 1158 2085 1230 2085 1159 2085 1230 2086 1231 2086 1159 2086 1159 2087 1231 2087 1160 2087 1231 2088 1232 2088 1160 2088 1160 2089 1232 2089 1161 2089 1232 2090 1233 2090 1161 2090 1161 2091 1233 2091 1162 2091 1233 2092 1234 2092 1162 2092 1162 2093 1234 2093 1163 2093 1234 2094 1235 2094 1163 2094 1163 2095 1235 2095 1164 2095 1235 2096 1236 2096 1164 2096 1164 2097 1236 2097 1165 2097 1236 2098 1237 2098 1165 2098 1165 2099 1237 2099 1166 2099 1237 2100 1238 2100 1166 2100 1166 2101 1238 2101 1167 2101 1238 2102 1239 2102 1167 2102 1167 2103 1239 2103 1168 2103 1239 2104 1240 2104 1168 2104 1168 2105 1240 2105 1169 2105 1240 2106 1241 2106 1169 2106 1169 2107 1241 2107 1170 2107 1241 2108 1242 2108 1170 2108 1170 2109 1242 2109 1171 2109 1242 2110 1243 2110 1171 2110 1171 2111 1243 2111 1172 2111 1243 2112 1244 2112 1172 2112 1172 2113 1244 2113 1173 2113 1244 2114 1245 2114 1173 2114 1173 2115 1245 2115 1174 2115 1245 2116 1246 2116 1174 2116 1174 2117 1246 2117 1175 2117 1246 2118 1247 2118 1175 2118 1175 2119 1247 2119 1176 2119 1247 2120 1248 2120 1176 2120 1176 2121 1248 2121 1177 2121 1248 2122 1249 2122 1177 2122 1177 2123 1249 2123 1178 2123 1249 2124 1250 2124 1178 2124 1178 2125 1250 2125 1179 2125 1250 2126 1251 2126 1179 2126 1179 2127 1251 2127 1180 2127 1251 2128 1252 2128 1180 2128 1180 2129 1252 2129 1181 2129 1252 2130 1253 2130 1181 2130 1181 2131 1253 2131 1182 2131 1253 2132 1254 2132 1182 2132 1182 2133 1254 2133 1183 2133 1254 2134 1255 2134 1183 2134 1183 2135 1255 2135 1184 2135 1255 2136 1256 2136 1184 2136 1184 2137 1256 2137 1185 2137 1256 2138 1257 2138 1185 2138 1185 2139 1257 2139 1186 2139 1257 2140 1258 2140 1186 2140 1186 2141 1258 2141 1187 2141 1258 2142 1259 2142 1187 2142 1187 2143 1259 2143 1188 2143 1259 2144 1260 2144 1188 2144 1188 2145 1260 2145 1189 2145 1260 2146 1261 2146 1189 2146 1189 2147 1261 2147 1190 2147 1261 2148 1262 2148 1190 2148 1190 2149 1262 2149 1191 2149 1262 2150 1263 2150 1191 2150 1191 2151 1263 2151 1192 2151 1263 2152 1264 2152 1192 2152 1192 2153 1264 2153 1193 2153 1264 2154 1265 2154 1193 2154 1193 2155 1265 2155 1194 2155 1265 2156 1266 2156 1194 2156 1194 2157 1266 2157 1195 2157 1266 2158 1267 2158 1195 2158 1195 2159 1267 2159 1196 2159 1267 2160 1268 2160 1196 2160 1196 2161 1268 2161 1197 2161 1268 2162 1269 2162 1197 2162 1197 2163 1269 2163 1198 2163 1269 2164 1270 2164 1198 2164 1198 2165 1270 2165 1199 2165 1270 2166 1271 2166 1199 2166 1199 2167 1271 2167 1200 2167 1271 2168 1272 2168 1200 2168 1200 2169 1272 2169 1201 2169 1272 2170 1273 2170 1201 2170 1201 2171 1273 2171 1202 2171 1273 2172 1274 2172 1202 2172 1202 2173 1274 2173 1203 2173 1274 2174 1275 2174 1203 2174 1203 2175 1275 2175 1204 2175 1275 2176 1276 2176 1204 2176 1204 2177 1276 2177 1205 2177 1276 2178 1277 2178 1205 2178 1205 2179 1277 2179 1206 2179 1277 2180 1278 2180 1206 2180 1206 2181 1278 2181 1207 2181 1278 2182 1279 2182 1207 2182 1207 2183 1279 2183 1208 2183 1279 2184 1280 2184 1208 2184 1208 2185 1280 2185 1209 2185 1280 2186 1281 2186 1209 2186 1209 2187 1281 2187 1210 2187 1281 2188 1282 2188 1210 2188 1210 2189 1282 2189 1211 2189 1282 2190 1283 2190 1211 2190 1211 2191 1283 2191 1212 2191 1283 2192 1284 2192 1212 2192 1212 2193 1284 2193 1213 2193 1284 2194 1285 2194 1213 2194 1213 2195 1285 2195 1214 2195 1285 2196 1286 2196 1214 2196 1214 2197 1286 2197 1215 2197 1286 2198 1287 2198 1215 2198 1215 2199 1287 2199 1216 2199 1287 2200 1288 2200 1216 2200 1216 2201 1288 2201 1217 2201 1288 2202 1289 2202 1217 2202 1217 2203 1289 2203 1218 2203 1289 2204 1290 2204 1218 2204 1218 2205 1290 2205 1219 2205 1290 2206 1291 2206 1219 2206 1219 2207 1291 2207 1220 2207 1291 2208 1292 2208 1220 2208 1220 2209 1292 2209 1221 2209 1292 2210 1293 2210 1221 2210 1221 2211 1293 2211 1222 2211 1293 2212 1294 2212 1222 2212 1222 2213 1294 2213 1223 2213 1294 2214 1295 2214 1223 2214 1223 2215 1295 2215 1224 2215 1295 2216 1296 2216 1224 2216 1224 2217 1296 2217 1225 2217 1296 2218 1297 2218 1225 2218 1225 2219 1297 2219 1226 2219 1297 2220 1298 2220 1226 2220 1226 2221 1298 2221 1227 2221 1298 2222 1299 2222 1227 2222 1227 2223 1299 2223 1228 2223 1299 2224 1300 2224 1228 2224 1228 2225 1300 2225 1229 2225 1300 2226 1301 2226 1229 2226 1229 2227 1301 2227 1158 2227 1301 2228 1230 2228 1158 2228 1230 2229 1302 2229 1231 2229 1302 2230 1303 2230 1231 2230 1231 2231 1303 2231 1232 2231 1303 2232 1304 2232 1232 2232 1232 2233 1304 2233 1233 2233 1304 2234 1305 2234 1233 2234 1233 2235 1305 2235 1234 2235 1305 2236 1306 2236 1234 2236 1234 2237 1306 2237 1235 2237 1306 2238 1307 2238 1235 2238 1235 2239 1307 2239 1236 2239 1307 2240 1308 2240 1236 2240 1236 2241 1308 2241 1237 2241 1308 2242 1309 2242 1237 2242 1237 2243 1309 2243 1238 2243 1309 2244 1310 2244 1238 2244 1238 2245 1310 2245 1239 2245 1310 2246 1311 2246 1239 2246 1239 2247 1311 2247 1240 2247 1311 2248 1312 2248 1240 2248 1240 2249 1312 2249 1241 2249 1312 2250 1313 2250 1241 2250 1241 2251 1313 2251 1242 2251 1313 2252 1314 2252 1242 2252 1242 2253 1314 2253 1243 2253 1314 2254 1315 2254 1243 2254 1243 2255 1315 2255 1244 2255 1315 2256 1316 2256 1244 2256 1244 2257 1316 2257 1245 2257 1316 2258 1317 2258 1245 2258 1245 2259 1317 2259 1246 2259 1317 2260 1318 2260 1246 2260 1246 2261 1318 2261 1247 2261 1318 2262 1319 2262 1247 2262 1247 2263 1319 2263 1248 2263 1319 2264 1320 2264 1248 2264 1248 2265 1320 2265 1249 2265 1320 2266 1321 2266 1249 2266 1249 2267 1321 2267 1250 2267 1321 2268 1322 2268 1250 2268 1250 2269 1322 2269 1251 2269 1322 2270 1323 2270 1251 2270 1251 2271 1323 2271 1252 2271 1323 2272 1324 2272 1252 2272 1252 2273 1324 2273 1253 2273 1324 2274 1325 2274 1253 2274 1253 2275 1325 2275 1254 2275 1325 2276 1326 2276 1254 2276 1254 2277 1326 2277 1255 2277 1326 2278 1327 2278 1255 2278 1255 2279 1327 2279 1256 2279 1327 2280 1328 2280 1256 2280 1256 2281 1328 2281 1257 2281 1328 2282 1329 2282 1257 2282 1257 2283 1329 2283 1258 2283 1329 2284 1330 2284 1258 2284 1258 2285 1330 2285 1259 2285 1330 2286 1331 2286 1259 2286 1259 2287 1331 2287 1260 2287 1331 2288 1332 2288 1260 2288 1260 2289 1332 2289 1261 2289 1332 2290 1333 2290 1261 2290 1261 2291 1333 2291 1262 2291 1333 2292 1334 2292 1262 2292 1262 2293 1334 2293 1263 2293 1334 2294 1335 2294 1263 2294 1263 2295 1335 2295 1264 2295 1335 2296 1336 2296 1264 2296 1264 2297 1336 2297 1265 2297 1336 2298 1337 2298 1265 2298 1265 2299 1337 2299 1266 2299 1337 2300 1338 2300 1266 2300 1266 2301 1338 2301 1267 2301 1338 2302 1339 2302 1267 2302 1267 2303 1339 2303 1268 2303 1339 2304 1340 2304 1268 2304 1268 2305 1340 2305 1269 2305 1340 2306 1341 2306 1269 2306 1269 2307 1341 2307 1270 2307 1341 2308 1342 2308 1270 2308 1270 2309 1342 2309 1271 2309 1342 2310 1343 2310 1271 2310 1271 2311 1343 2311 1272 2311 1343 2312 1344 2312 1272 2312 1272 2313 1344 2313 1273 2313 1344 2314 1345 2314 1273 2314 1273 2315 1345 2315 1274 2315 1345 2316 1346 2316 1274 2316 1274 2317 1346 2317 1275 2317 1346 2318 1347 2318 1275 2318 1275 2319 1347 2319 1276 2319 1347 2320 1348 2320 1276 2320 1276 2321 1348 2321 1277 2321 1348 2322 1349 2322 1277 2322 1277 2323 1349 2323 1278 2323 1349 2324 1350 2324 1278 2324 1278 2325 1350 2325 1279 2325 1350 2326 1351 2326 1279 2326 1279 2327 1351 2327 1280 2327 1351 2328 1352 2328 1280 2328 1280 2329 1352 2329 1281 2329 1352 2330 1353 2330 1281 2330 1281 2331 1353 2331 1282 2331 1353 2332 1354 2332 1282 2332 1282 2333 1354 2333 1283 2333 1354 2334 1355 2334 1283 2334 1283 2335 1355 2335 1284 2335 1355 2336 1356 2336 1284 2336 1284 2337 1356 2337 1285 2337 1356 2338 1357 2338 1285 2338 1285 2339 1357 2339 1286 2339 1357 2340 1358 2340 1286 2340 1286 2341 1358 2341 1287 2341 1358 2342 1359 2342 1287 2342 1287 2343 1359 2343 1288 2343 1359 2344 1360 2344 1288 2344 1288 2345 1360 2345 1289 2345 1360 2346 1361 2346 1289 2346 1289 2347 1361 2347 1290 2347 1361 2348 1362 2348 1290 2348 1290 2349 1362 2349 1291 2349 1362 2350 1363 2350 1291 2350 1291 2351 1363 2351 1292 2351 1363 2352 1364 2352 1292 2352 1292 2353 1364 2353 1293 2353 1364 2354 1365 2354 1293 2354 1293 2355 1365 2355 1294 2355 1365 2356 1366 2356 1294 2356 1294 2357 1366 2357 1295 2357 1366 2358 1367 2358 1295 2358 1295 2359 1367 2359 1296 2359 1367 2360 1368 2360 1296 2360 1296 2361 1368 2361 1297 2361 1368 2362 1369 2362 1297 2362 1297 2363 1369 2363 1298 2363 1369 2364 1370 2364 1298 2364 1298 2365 1370 2365 1299 2365 1370 2366 1371 2366 1299 2366 1299 2367 1371 2367 1300 2367 1371 2368 1372 2368 1300 2368 1300 2369 1372 2369 1301 2369 1372 2370 1373 2370 1301 2370 1301 2371 1373 2371 1230 2371 1373 2372 1302 2372 1230 2372 1302 2373 1374 2373 1303 2373 1374 2374 1375 2374 1303 2374 1303 2375 1375 2375 1304 2375 1375 2376 1376 2376 1304 2376 1304 2377 1376 2377 1305 2377 1376 2378 1377 2378 1305 2378 1305 2379 1377 2379 1306 2379 1377 2380 1378 2380 1306 2380 1306 2381 1378 2381 1307 2381 1378 2382 1379 2382 1307 2382 1307 2383 1379 2383 1308 2383 1379 2384 1380 2384 1308 2384 1308 2385 1380 2385 1309 2385 1380 2386 1381 2386 1309 2386 1309 2387 1381 2387 1310 2387 1381 2388 1382 2388 1310 2388 1310 2389 1382 2389 1311 2389 1382 2390 1383 2390 1311 2390 1311 2391 1383 2391 1312 2391 1383 2392 1384 2392 1312 2392 1312 2393 1384 2393 1313 2393 1384 2394 1385 2394 1313 2394 1313 2395 1385 2395 1314 2395 1385 2396 1386 2396 1314 2396 1314 2397 1386 2397 1315 2397 1386 2398 1387 2398 1315 2398 1315 2399 1387 2399 1316 2399 1387 2400 1388 2400 1316 2400 1316 2401 1388 2401 1317 2401 1388 2402 1389 2402 1317 2402 1317 2403 1389 2403 1318 2403 1389 2404 1390 2404 1318 2404 1318 2405 1390 2405 1319 2405 1390 2406 1391 2406 1319 2406 1319 2407 1391 2407 1320 2407 1391 2408 1392 2408 1320 2408 1320 2409 1392 2409 1321 2409 1392 2410 1393 2410 1321 2410 1321 2411 1393 2411 1322 2411 1393 2412 1394 2412 1322 2412 1322 2413 1394 2413 1323 2413 1394 2414 1395 2414 1323 2414 1323 2415 1395 2415 1324 2415 1395 2416 1396 2416 1324 2416 1324 2417 1396 2417 1325 2417 1396 2418 1397 2418 1325 2418 1325 2419 1397 2419 1326 2419 1397 2420 1398 2420 1326 2420 1326 2421 1398 2421 1327 2421 1398 2422 1399 2422 1327 2422 1327 2423 1399 2423 1328 2423 1399 2424 1400 2424 1328 2424 1328 2425 1400 2425 1329 2425 1400 2426 1401 2426 1329 2426 1329 2427 1401 2427 1330 2427 1401 2428 1402 2428 1330 2428 1330 2429 1402 2429 1331 2429 1402 2430 1403 2430 1331 2430 1331 2431 1403 2431 1332 2431 1403 2432 1404 2432 1332 2432 1332 2433 1404 2433 1333 2433 1404 2434 1405 2434 1333 2434 1333 2435 1405 2435 1334 2435 1405 2436 1406 2436 1334 2436 1334 2437 1406 2437 1335 2437 1406 2438 1407 2438 1335 2438 1335 2439 1407 2439 1336 2439 1407 2440 1408 2440 1336 2440 1336 2441 1408 2441 1337 2441 1408 2442 1409 2442 1337 2442 1337 2443 1409 2443 1338 2443 1409 2444 1410 2444 1338 2444 1338 2445 1410 2445 1339 2445 1410 2446 1411 2446 1339 2446 1339 2447 1411 2447 1340 2447 1411 2448 1412 2448 1340 2448 1340 2449 1412 2449 1341 2449 1412 2450 1413 2450 1341 2450 1341 2451 1413 2451 1342 2451 1413 2452 1414 2452 1342 2452 1342 2453 1414 2453 1343 2453 1414 2454 1415 2454 1343 2454 1343 2455 1415 2455 1344 2455 1415 2456 1416 2456 1344 2456 1344 2457 1416 2457 1345 2457 1416 2458 1417 2458 1345 2458 1345 2459 1417 2459 1346 2459 1417 2460 1418 2460 1346 2460 1346 2461 1418 2461 1347 2461 1418 2462 1419 2462 1347 2462 1347 2463 1419 2463 1348 2463 1419 2464 1420 2464 1348 2464 1348 2465 1420 2465 1349 2465 1420 2466 1421 2466 1349 2466 1349 2467 1421 2467 1350 2467 1421 2468 1422 2468 1350 2468 1350 2469 1422 2469 1351 2469 1422 2470 1423 2470 1351 2470 1351 2471 1423 2471 1352 2471 1423 2472 1424 2472 1352 2472 1352 2473 1424 2473 1353 2473 1424 2474 1425 2474 1353 2474 1353 2475 1425 2475 1354 2475 1425 2476 1426 2476 1354 2476 1354 2477 1426 2477 1355 2477 1426 2478 1427 2478 1355 2478 1355 2479 1427 2479 1356 2479 1427 2480 1428 2480 1356 2480 1356 2481 1428 2481 1357 2481 1428 2482 1429 2482 1357 2482 1357 2483 1429 2483 1358 2483 1429 2484 1430 2484 1358 2484 1358 2485 1430 2485 1359 2485 1430 2486 1431 2486 1359 2486 1359 2487 1431 2487 1360 2487 1431 2488 1432 2488 1360 2488 1360 2489 1432 2489 1361 2489 1432 2490 1433 2490 1361 2490 1361 2491 1433 2491 1362 2491 1433 2492 1434 2492 1362 2492 1362 2493 1434 2493 1363 2493 1434 2494 1435 2494 1363 2494 1363 2495 1435 2495 1364 2495 1435 2496 1436 2496 1364 2496 1364 2497 1436 2497 1365 2497 1436 2498 1437 2498 1365 2498 1365 2499 1437 2499 1366 2499 1437 2500 1438 2500 1366 2500 1366 2501 1438 2501 1367 2501 1438 2502 1439 2502 1367 2502 1367 2503 1439 2503 1368 2503 1439 2504 1440 2504 1368 2504 1368 2505 1440 2505 1369 2505 1440 2506 1441 2506 1369 2506 1369 2507 1441 2507 1370 2507 1441 2508 1442 2508 1370 2508 1370 2509 1442 2509 1371 2509 1442 2510 1443 2510 1371 2510 1371 2511 1443 2511 1372 2511 1443 2512 1444 2512 1372 2512 1372 2513 1444 2513 1373 2513 1444 2514 1445 2514 1373 2514 1373 2515 1445 2515 1302 2515 1445 2516 1374 2516 1302 2516 1374 2517 1446 2517 1375 2517 1446 2518 1447 2518 1375 2518 1375 2519 1447 2519 1376 2519 1447 2520 1448 2520 1376 2520 1376 2521 1448 2521 1377 2521 1448 2522 1449 2522 1377 2522 1377 2523 1449 2523 1378 2523 1449 2524 1450 2524 1378 2524 1378 2525 1450 2525 1379 2525 1450 2526 1451 2526 1379 2526 1379 2527 1451 2527 1380 2527 1451 2528 1452 2528 1380 2528 1380 2529 1452 2529 1381 2529 1452 2530 1453 2530 1381 2530 1381 2531 1453 2531 1382 2531 1453 2532 1454 2532 1382 2532 1382 2533 1454 2533 1383 2533 1454 2534 1455 2534 1383 2534 1383 2535 1455 2535 1384 2535 1455 2536 1456 2536 1384 2536 1384 2537 1456 2537 1385 2537 1456 2538 1457 2538 1385 2538 1385 2539 1457 2539 1386 2539 1457 2540 1458 2540 1386 2540 1386 2541 1458 2541 1387 2541 1458 2542 1459 2542 1387 2542 1387 2543 1459 2543 1388 2543 1459 2544 1460 2544 1388 2544 1388 2545 1460 2545 1389 2545 1460 2546 1461 2546 1389 2546 1389 2547 1461 2547 1390 2547 1461 2548 1462 2548 1390 2548 1390 2549 1462 2549 1391 2549 1462 2550 1463 2550 1391 2550 1391 2551 1463 2551 1392 2551 1463 2552 1464 2552 1392 2552 1392 2553 1464 2553 1393 2553 1464 2554 1465 2554 1393 2554 1393 2555 1465 2555 1394 2555 1465 2556 1466 2556 1394 2556 1394 2557 1466 2557 1395 2557 1466 2558 1467 2558 1395 2558 1395 2559 1467 2559 1396 2559 1467 2560 1468 2560 1396 2560 1396 2561 1468 2561 1397 2561 1468 2562 1469 2562 1397 2562 1397 2563 1469 2563 1398 2563 1469 2564 1470 2564 1398 2564 1398 2565 1470 2565 1399 2565 1470 2566 1471 2566 1399 2566 1399 2567 1471 2567 1400 2567 1471 2568 1472 2568 1400 2568 1400 2569 1472 2569 1401 2569 1472 2570 1473 2570 1401 2570 1401 2571 1473 2571 1402 2571 1473 2572 1474 2572 1402 2572 1402 2573 1474 2573 1403 2573 1474 2574 1475 2574 1403 2574 1403 2575 1475 2575 1404 2575 1475 2576 1476 2576 1404 2576 1404 2577 1476 2577 1405 2577 1476 2578 1477 2578 1405 2578 1405 2579 1477 2579 1406 2579 1477 2580 1478 2580 1406 2580 1406 2581 1478 2581 1407 2581 1478 2582 1479 2582 1407 2582 1407 2583 1479 2583 1408 2583 1479 2584 1480 2584 1408 2584 1408 2585 1480 2585 1409 2585 1480 2586 1481 2586 1409 2586 1409 2587 1481 2587 1410 2587 1481 2588 1482 2588 1410 2588 1410 2589 1482 2589 1411 2589 1482 2590 1483 2590 1411 2590 1411 2591 1483 2591 1412 2591 1483 2592 1484 2592 1412 2592 1412 2593 1484 2593 1413 2593 1484 2594 1485 2594 1413 2594 1413 2595 1485 2595 1414 2595 1485 2596 1486 2596 1414 2596 1414 2597 1486 2597 1415 2597 1486 2598 1487 2598 1415 2598 1415 2599 1487 2599 1416 2599 1487 2600 1488 2600 1416 2600 1416 2601 1488 2601 1417 2601 1488 2602 1489 2602 1417 2602 1417 2603 1489 2603 1418 2603 1489 2604 1490 2604 1418 2604 1418 2605 1490 2605 1419 2605 1490 2606 1491 2606 1419 2606 1419 2607 1491 2607 1420 2607 1491 2608 1492 2608 1420 2608 1420 2609 1492 2609 1421 2609 1492 2610 1493 2610 1421 2610 1421 2611 1493 2611 1422 2611 1493 2612 1494 2612 1422 2612 1422 2613 1494 2613 1423 2613 1494 2614 1495 2614 1423 2614 1423 2615 1495 2615 1424 2615 1495 2616 1496 2616 1424 2616 1424 2617 1496 2617 1425 2617 1496 2618 1497 2618 1425 2618 1425 2619 1497 2619 1426 2619 1497 2620 1498 2620 1426 2620 1426 2621 1498 2621 1427 2621 1498 2622 1499 2622 1427 2622 1427 2623 1499 2623 1428 2623 1499 2624 1500 2624 1428 2624 1428 2625 1500 2625 1429 2625 1500 2626 1501 2626 1429 2626 1429 2627 1501 2627 1430 2627 1501 2628 1502 2628 1430 2628 1430 2629 1502 2629 1431 2629 1502 2630 1503 2630 1431 2630 1431 2631 1503 2631 1432 2631 1503 2632 1504 2632 1432 2632 1432 2633 1504 2633 1433 2633 1504 2634 1505 2634 1433 2634 1433 2635 1505 2635 1434 2635 1505 2636 1506 2636 1434 2636 1434 2637 1506 2637 1435 2637 1506 2638 1507 2638 1435 2638 1435 2639 1507 2639 1436 2639 1507 2640 1508 2640 1436 2640 1436 2641 1508 2641 1437 2641 1508 2642 1509 2642 1437 2642 1437 2643 1509 2643 1438 2643 1509 2644 1510 2644 1438 2644 1438 2645 1510 2645 1439 2645 1510 2646 1511 2646 1439 2646 1439 2647 1511 2647 1440 2647 1511 2648 1512 2648 1440 2648 1440 2649 1512 2649 1441 2649 1512 2650 1513 2650 1441 2650 1441 2651 1513 2651 1442 2651 1513 2652 1514 2652 1442 2652 1442 2653 1514 2653 1443 2653 1514 2654 1515 2654 1443 2654 1443 2655 1515 2655 1444 2655 1515 2656 1516 2656 1444 2656 1444 2657 1516 2657 1445 2657 1516 2658 1517 2658 1445 2658 1445 2659 1517 2659 1374 2659 1517 2660 1446 2660 1374 2660 1446 2661 1518 2661 1447 2661 1518 2662 1519 2662 1447 2662 1447 2663 1519 2663 1448 2663 1519 2664 1520 2664 1448 2664 1448 2665 1520 2665 1449 2665 1520 2666 1521 2666 1449 2666 1449 2667 1521 2667 1450 2667 1521 2668 1522 2668 1450 2668 1450 2669 1522 2669 1451 2669 1522 2670 1523 2670 1451 2670 1451 2671 1523 2671 1452 2671 1523 2672 1524 2672 1452 2672 1452 2673 1524 2673 1453 2673 1524 2674 1525 2674 1453 2674 1453 2675 1525 2675 1454 2675 1525 2676 1526 2676 1454 2676 1454 2677 1526 2677 1455 2677 1526 2678 1527 2678 1455 2678 1455 2679 1527 2679 1456 2679 1527 2680 1528 2680 1456 2680 1456 2681 1528 2681 1457 2681 1528 2682 1529 2682 1457 2682 1457 2683 1529 2683 1458 2683 1529 2684 1530 2684 1458 2684 1458 2685 1530 2685 1459 2685 1530 2686 1531 2686 1459 2686 1459 2687 1531 2687 1460 2687 1531 2688 1532 2688 1460 2688 1460 2689 1532 2689 1461 2689 1532 2690 1533 2690 1461 2690 1461 2691 1533 2691 1462 2691 1533 2692 1534 2692 1462 2692 1462 2693 1534 2693 1463 2693 1534 2694 1535 2694 1463 2694 1463 2695 1535 2695 1464 2695 1535 2696 1536 2696 1464 2696 1464 2697 1536 2697 1465 2697 1536 2698 1537 2698 1465 2698 1465 2699 1537 2699 1466 2699 1537 2700 1538 2700 1466 2700 1466 2701 1538 2701 1467 2701 1538 2702 1539 2702 1467 2702 1467 2703 1539 2703 1468 2703 1539 2704 1540 2704 1468 2704 1468 2705 1540 2705 1469 2705 1540 2706 1541 2706 1469 2706 1469 2707 1541 2707 1470 2707 1541 2708 1542 2708 1470 2708 1470 2709 1542 2709 1471 2709 1542 2710 1543 2710 1471 2710 1471 2711 1543 2711 1472 2711 1543 2712 1544 2712 1472 2712 1472 2713 1544 2713 1473 2713 1544 2714 1545 2714 1473 2714 1473 2715 1545 2715 1474 2715 1545 2716 1546 2716 1474 2716 1474 2717 1546 2717 1475 2717 1546 2718 1547 2718 1475 2718 1475 2719 1547 2719 1476 2719 1547 2720 1548 2720 1476 2720 1476 2721 1548 2721 1477 2721 1548 2722 1549 2722 1477 2722 1477 2723 1549 2723 1478 2723 1549 2724 1550 2724 1478 2724 1478 2725 1550 2725 1479 2725 1550 2726 1551 2726 1479 2726 1479 2727 1551 2727 1480 2727 1551 2728 1552 2728 1480 2728 1480 2729 1552 2729 1481 2729 1552 2730 1553 2730 1481 2730 1481 2731 1553 2731 1482 2731 1553 2732 1554 2732 1482 2732 1482 2733 1554 2733 1483 2733 1554 2734 1555 2734 1483 2734 1483 2735 1555 2735 1484 2735 1555 2736 1556 2736 1484 2736 1484 2737 1556 2737 1485 2737 1556 2738 1557 2738 1485 2738 1485 2739 1557 2739 1486 2739 1557 2740 1558 2740 1486 2740 1486 2741 1558 2741 1487 2741 1558 2742 1559 2742 1487 2742 1487 2743 1559 2743 1488 2743 1559 2744 1560 2744 1488 2744 1488 2745 1560 2745 1489 2745 1560 2746 1561 2746 1489 2746 1489 2747 1561 2747 1490 2747 1561 2748 1562 2748 1490 2748 1490 2749 1562 2749 1491 2749 1562 2750 1563 2750 1491 2750 1491 2751 1563 2751 1492 2751 1563 2752 1564 2752 1492 2752 1492 2753 1564 2753 1493 2753 1564 2754 1565 2754 1493 2754 1493 2755 1565 2755 1494 2755 1565 2756 1566 2756 1494 2756 1494 2757 1566 2757 1495 2757 1566 2758 1567 2758 1495 2758 1495 2759 1567 2759 1496 2759 1567 2760 1568 2760 1496 2760 1496 2761 1568 2761 1497 2761 1568 2762 1569 2762 1497 2762 1497 2763 1569 2763 1498 2763 1569 2764 1570 2764 1498 2764 1498 2765 1570 2765 1499 2765 1570 2766 1571 2766 1499 2766 1499 2767 1571 2767 1500 2767 1571 2768 1572 2768 1500 2768 1500 2769 1572 2769 1501 2769 1572 2770 1573 2770 1501 2770 1501 2771 1573 2771 1502 2771 1573 2772 1574 2772 1502 2772 1502 2773 1574 2773 1503 2773 1574 2774 1575 2774 1503 2774 1503 2775 1575 2775 1504 2775 1575 2776 1576 2776 1504 2776 1504 2777 1576 2777 1505 2777 1576 2778 1577 2778 1505 2778 1505 2779 1577 2779 1506 2779 1577 2780 1578 2780 1506 2780 1506 2781 1578 2781 1507 2781 1578 2782 1579 2782 1507 2782 1507 2783 1579 2783 1508 2783 1579 2784 1580 2784 1508 2784 1508 2785 1580 2785 1509 2785 1580 2786 1581 2786 1509 2786 1509 2787 1581 2787 1510 2787 1581 2788 1582 2788 1510 2788 1510 2789 1582 2789 1511 2789 1582 2790 1583 2790 1511 2790 1511 2791 1583 2791 1512 2791 1583 2792 1584 2792 1512 2792 1512 2793 1584 2793 1513 2793 1584 2794 1585 2794 1513 2794 1513 2795 1585 2795 1514 2795 1585 2796 1586 2796 1514 2796 1514 2797 1586 2797 1515 2797 1586 2798 1587 2798 1515 2798 1515 2799 1587 2799 1516 2799 1587 2800 1588 2800 1516 2800 1516 2801 1588 2801 1517 2801 1588 2802 1589 2802 1517 2802 1517 2803 1589 2803 1446 2803 1589 2804 1518 2804 1446 2804 1518 2805 1590 2805 1519 2805 1590 2806 1591 2806 1519 2806 1519 2807 1591 2807 1520 2807 1591 2808 1592 2808 1520 2808 1520 2809 1592 2809 1521 2809 1592 2810 1593 2810 1521 2810 1521 2811 1593 2811 1522 2811 1593 2812 1594 2812 1522 2812 1522 2813 1594 2813 1523 2813 1594 2814 1595 2814 1523 2814 1523 2815 1595 2815 1524 2815 1595 2816 1596 2816 1524 2816 1524 2817 1596 2817 1525 2817 1596 2818 1597 2818 1525 2818 1525 2819 1597 2819 1526 2819 1597 2820 1598 2820 1526 2820 1526 2821 1598 2821 1527 2821 1598 2822 1599 2822 1527 2822 1527 2823 1599 2823 1528 2823 1599 2824 1600 2824 1528 2824 1528 2825 1600 2825 1529 2825 1600 2826 1601 2826 1529 2826 1529 2827 1601 2827 1530 2827 1601 2828 1602 2828 1530 2828 1530 2829 1602 2829 1531 2829 1602 2830 1603 2830 1531 2830 1531 2831 1603 2831 1532 2831 1603 2832 1604 2832 1532 2832 1532 2833 1604 2833 1533 2833 1604 2834 1605 2834 1533 2834 1533 2835 1605 2835 1534 2835 1605 2836 1606 2836 1534 2836 1534 2837 1606 2837 1535 2837 1606 2838 1607 2838 1535 2838 1535 2839 1607 2839 1536 2839 1607 2840 1608 2840 1536 2840 1536 2841 1608 2841 1537 2841 1608 2842 1609 2842 1537 2842 1537 2843 1609 2843 1538 2843 1609 2844 1610 2844 1538 2844 1538 2845 1610 2845 1539 2845 1610 2846 1611 2846 1539 2846 1539 2847 1611 2847 1540 2847 1611 2848 1612 2848 1540 2848 1540 2849 1612 2849 1541 2849 1612 2850 1613 2850 1541 2850 1541 2851 1613 2851 1542 2851 1613 2852 1614 2852 1542 2852 1542 2853 1614 2853 1543 2853 1614 2854 1615 2854 1543 2854 1543 2855 1615 2855 1544 2855 1615 2856 1616 2856 1544 2856 1544 2857 1616 2857 1545 2857 1616 2858 1617 2858 1545 2858 1545 2859 1617 2859 1546 2859 1617 2860 1618 2860 1546 2860 1546 2861 1618 2861 1547 2861 1618 2862 1619 2862 1547 2862 1547 2863 1619 2863 1548 2863 1619 2864 1620 2864 1548 2864 1548 2865 1620 2865 1549 2865 1620 2866 1621 2866 1549 2866 1549 2867 1621 2867 1550 2867 1621 2868 1622 2868 1550 2868 1550 2869 1622 2869 1551 2869 1622 2870 1623 2870 1551 2870 1551 2871 1623 2871 1552 2871 1623 2872 1624 2872 1552 2872 1552 2873 1624 2873 1553 2873 1624 2874 1625 2874 1553 2874 1553 2875 1625 2875 1554 2875 1625 2876 1626 2876 1554 2876 1554 2877 1626 2877 1555 2877 1626 2878 1627 2878 1555 2878 1555 2879 1627 2879 1556 2879 1627 2880 1628 2880 1556 2880 1556 2881 1628 2881 1557 2881 1628 2882 1629 2882 1557 2882 1557 2883 1629 2883 1558 2883 1629 2884 1630 2884 1558 2884 1558 2885 1630 2885 1559 2885 1630 2886 1631 2886 1559 2886 1559 2887 1631 2887 1560 2887 1631 2888 1632 2888 1560 2888 1560 2889 1632 2889 1561 2889 1632 2890 1633 2890 1561 2890 1561 2891 1633 2891 1562 2891 1633 2892 1634 2892 1562 2892 1562 2893 1634 2893 1563 2893 1634 2894 1635 2894 1563 2894 1563 2895 1635 2895 1564 2895 1635 2896 1636 2896 1564 2896 1564 2897 1636 2897 1565 2897 1636 2898 1637 2898 1565 2898 1565 2899 1637 2899 1566 2899 1637 2900 1638 2900 1566 2900 1566 2901 1638 2901 1567 2901 1638 2902 1639 2902 1567 2902 1567 2903 1639 2903 1568 2903 1639 2904 1640 2904 1568 2904 1568 2905 1640 2905 1569 2905 1640 2906 1641 2906 1569 2906 1569 2907 1641 2907 1570 2907 1641 2908 1642 2908 1570 2908 1570 2909 1642 2909 1571 2909 1642 2910 1643 2910 1571 2910 1571 2911 1643 2911 1572 2911 1643 2912 1644 2912 1572 2912 1572 2913 1644 2913 1573 2913 1644 2914 1645 2914 1573 2914 1573 2915 1645 2915 1574 2915 1645 2916 1646 2916 1574 2916 1574 2917 1646 2917 1575 2917 1646 2918 1647 2918 1575 2918 1575 2919 1647 2919 1576 2919 1647 2920 1648 2920 1576 2920 1576 2921 1648 2921 1577 2921 1648 2922 1649 2922 1577 2922 1577 2923 1649 2923 1578 2923 1649 2924 1650 2924 1578 2924 1578 2925 1650 2925 1579 2925 1650 2926 1651 2926 1579 2926 1579 2927 1651 2927 1580 2927 1651 2928 1652 2928 1580 2928 1580 2929 1652 2929 1581 2929 1652 2930 1653 2930 1581 2930 1581 2931 1653 2931 1582 2931 1653 2932 1654 2932 1582 2932 1582 2933 1654 2933 1583 2933 1654 2934 1655 2934 1583 2934 1583 2935 1655 2935 1584 2935 1655 2936 1656 2936 1584 2936 1584 2937 1656 2937 1585 2937 1656 2938 1657 2938 1585 2938 1585 2939 1657 2939 1586 2939 1657 2940 1658 2940 1586 2940 1586 2941 1658 2941 1587 2941 1658 2942 1659 2942 1587 2942 1587 2943 1659 2943 1588 2943 1659 2944 1660 2944 1588 2944 1588 2945 1660 2945 1589 2945 1660 2946 1661 2946 1589 2946 1589 2947 1661 2947 1518 2947 1661 2948 1590 2948 1518 2948 1590 2949 1662 2949 1591 2949 1662 2950 1663 2950 1591 2950 1591 2951 1663 2951 1592 2951 1663 2952 1664 2952 1592 2952 1592 2953 1664 2953 1593 2953 1664 2954 1665 2954 1593 2954 1593 2955 1665 2955 1594 2955 1665 2956 1666 2956 1594 2956 1594 2957 1666 2957 1595 2957 1666 2958 1667 2958 1595 2958 1595 2959 1667 2959 1596 2959 1667 2960 1668 2960 1596 2960 1596 2961 1668 2961 1597 2961 1668 2962 1669 2962 1597 2962 1597 2963 1669 2963 1598 2963 1669 2964 1670 2964 1598 2964 1598 2965 1670 2965 1599 2965 1670 2966 1671 2966 1599 2966 1599 2967 1671 2967 1600 2967 1671 2968 1672 2968 1600 2968 1600 2969 1672 2969 1601 2969 1672 2970 1673 2970 1601 2970 1601 2971 1673 2971 1602 2971 1673 2972 1674 2972 1602 2972 1602 2973 1674 2973 1603 2973 1674 2974 1675 2974 1603 2974 1603 2975 1675 2975 1604 2975 1675 2976 1676 2976 1604 2976 1604 2977 1676 2977 1605 2977 1676 2978 1677 2978 1605 2978 1605 2979 1677 2979 1606 2979 1677 2980 1678 2980 1606 2980 1606 2981 1678 2981 1607 2981 1678 2982 1679 2982 1607 2982 1607 2983 1679 2983 1608 2983 1679 2984 1680 2984 1608 2984 1608 2985 1680 2985 1609 2985 1680 2986 1681 2986 1609 2986 1609 2987 1681 2987 1610 2987 1681 2988 1682 2988 1610 2988 1610 2989 1682 2989 1611 2989 1682 2990 1683 2990 1611 2990 1611 2991 1683 2991 1612 2991 1683 2992 1684 2992 1612 2992 1612 2993 1684 2993 1613 2993 1684 2994 1685 2994 1613 2994 1613 2995 1685 2995 1614 2995 1685 2996 1686 2996 1614 2996 1614 2997 1686 2997 1615 2997 1686 2998 1687 2998 1615 2998 1615 2999 1687 2999 1616 2999 1687 3000 1688 3000 1616 3000 1616 3001 1688 3001 1617 3001 1688 3002 1689 3002 1617 3002 1617 3003 1689 3003 1618 3003 1689 3004 1690 3004 1618 3004 1618 3005 1690 3005 1619 3005 1690 3006 1691 3006 1619 3006 1619 3007 1691 3007 1620 3007 1691 3008 1692 3008 1620 3008 1620 3009 1692 3009 1621 3009 1692 3010 1693 3010 1621 3010 1621 3011 1693 3011 1622 3011 1693 3012 1694 3012 1622 3012 1622 3013 1694 3013 1623 3013 1694 3014 1695 3014 1623 3014 1623 3015 1695 3015 1624 3015 1695 3016 1696 3016 1624 3016 1624 3017 1696 3017 1625 3017 1696 3018 1697 3018 1625 3018 1625 3019 1697 3019 1626 3019 1697 3020 1698 3020 1626 3020 1626 3021 1698 3021 1627 3021 1698 3022 1699 3022 1627 3022 1627 3023 1699 3023 1628 3023 1699 3024 1700 3024 1628 3024 1628 3025 1700 3025 1629 3025 1700 3026 1701 3026 1629 3026 1629 3027 1701 3027 1630 3027 1701 3028 1702 3028 1630 3028 1630 3029 1702 3029 1631 3029 1702 3030 1703 3030 1631 3030 1631 3031 1703 3031 1632 3031 1703 3032 1704 3032 1632 3032 1632 3033 1704 3033 1633 3033 1704 3034 1705 3034 1633 3034 1633 3035 1705 3035 1634 3035 1705 3036 1706 3036 1634 3036 1634 3037 1706 3037 1635 3037 1706 3038 1707 3038 1635 3038 1635 3039 1707 3039 1636 3039 1707 3040 1708 3040 1636 3040 1636 3041 1708 3041 1637 3041 1708 3042 1709 3042 1637 3042 1637 3043 1709 3043 1638 3043 1709 3044 1710 3044 1638 3044 1638 3045 1710 3045 1639 3045 1710 3046 1711 3046 1639 3046 1639 3047 1711 3047 1640 3047 1711 3048 1712 3048 1640 3048 1640 3049 1712 3049 1641 3049 1712 3050 1713 3050 1641 3050 1641 3051 1713 3051 1642 3051 1713 3052 1714 3052 1642 3052 1642 3053 1714 3053 1643 3053 1714 3054 1715 3054 1643 3054 1643 3055 1715 3055 1644 3055 1715 3056 1716 3056 1644 3056 1644 3057 1716 3057 1645 3057 1716 3058 1717 3058 1645 3058 1645 3059 1717 3059 1646 3059 1717 3060 1718 3060 1646 3060 1646 3061 1718 3061 1647 3061 1718 3062 1719 3062 1647 3062 1647 3063 1719 3063 1648 3063 1719 3064 1720 3064 1648 3064 1648 3065 1720 3065 1649 3065 1720 3066 1721 3066 1649 3066 1649 3067 1721 3067 1650 3067 1721 3068 1722 3068 1650 3068 1650 3069 1722 3069 1651 3069 1722 3070 1723 3070 1651 3070 1651 3071 1723 3071 1652 3071 1723 3072 1724 3072 1652 3072 1652 3073 1724 3073 1653 3073 1724 3074 1725 3074 1653 3074 1653 3075 1725 3075 1654 3075 1725 3076 1726 3076 1654 3076 1654 3077 1726 3077 1655 3077 1726 3078 1727 3078 1655 3078 1655 3079 1727 3079 1656 3079 1727 3080 1728 3080 1656 3080 1656 3081 1728 3081 1657 3081 1728 3082 1729 3082 1657 3082 1657 3083 1729 3083 1658 3083 1729 3084 1730 3084 1658 3084 1658 3085 1730 3085 1659 3085 1730 3086 1731 3086 1659 3086 1659 3087 1731 3087 1660 3087 1731 3088 1732 3088 1660 3088 1660 3089 1732 3089 1661 3089 1732 3090 1733 3090 1661 3090 1661 3091 1733 3091 1590 3091 1733 3092 1662 3092 1590 3092 1662 3093 1734 3093 1663 3093 1734 3094 1735 3094 1663 3094 1663 3095 1735 3095 1664 3095 1735 3096 1736 3096 1664 3096 1664 3097 1736 3097 1665 3097 1736 3098 1737 3098 1665 3098 1665 3099 1737 3099 1666 3099 1737 3100 1738 3100 1666 3100 1666 3101 1738 3101 1667 3101 1738 3102 1739 3102 1667 3102 1667 3103 1739 3103 1668 3103 1739 3104 1740 3104 1668 3104 1668 3105 1740 3105 1669 3105 1740 3106 1741 3106 1669 3106 1669 3107 1741 3107 1670 3107 1741 3108 1742 3108 1670 3108 1670 3109 1742 3109 1671 3109 1742 3110 1743 3110 1671 3110 1671 3111 1743 3111 1672 3111 1743 3112 1744 3112 1672 3112 1672 3113 1744 3113 1673 3113 1744 3114 1745 3114 1673 3114 1673 3115 1745 3115 1674 3115 1745 3116 1746 3116 1674 3116 1674 3117 1746 3117 1675 3117 1746 3118 1747 3118 1675 3118 1675 3119 1747 3119 1676 3119 1747 3120 1748 3120 1676 3120 1676 3121 1748 3121 1677 3121 1748 3122 1749 3122 1677 3122 1677 3123 1749 3123 1678 3123 1749 3124 1750 3124 1678 3124 1678 3125 1750 3125 1679 3125 1750 3126 1751 3126 1679 3126 1679 3127 1751 3127 1680 3127 1751 3128 1752 3128 1680 3128 1680 3129 1752 3129 1681 3129 1752 3130 1753 3130 1681 3130 1681 3131 1753 3131 1682 3131 1753 3132 1754 3132 1682 3132 1682 3133 1754 3133 1683 3133 1754 3134 1755 3134 1683 3134 1683 3135 1755 3135 1684 3135 1755 3136 1756 3136 1684 3136 1684 3137 1756 3137 1685 3137 1756 3138 1757 3138 1685 3138 1685 3139 1757 3139 1686 3139 1757 3140 1758 3140 1686 3140 1686 3141 1758 3141 1687 3141 1758 3142 1759 3142 1687 3142 1687 3143 1759 3143 1688 3143 1759 3144 1760 3144 1688 3144 1688 3145 1760 3145 1689 3145 1760 3146 1761 3146 1689 3146 1689 3147 1761 3147 1690 3147 1761 3148 1762 3148 1690 3148 1690 3149 1762 3149 1691 3149 1762 3150 1763 3150 1691 3150 1691 3151 1763 3151 1692 3151 1763 3152 1764 3152 1692 3152 1692 3153 1764 3153 1693 3153 1764 3154 1765 3154 1693 3154 1693 3155 1765 3155 1694 3155 1765 3156 1766 3156 1694 3156 1694 3157 1766 3157 1695 3157 1766 3158 1767 3158 1695 3158 1695 3159 1767 3159 1696 3159 1767 3160 1768 3160 1696 3160 1696 3161 1768 3161 1697 3161 1768 3162 1769 3162 1697 3162 1697 3163 1769 3163 1698 3163 1769 3164 1770 3164 1698 3164 1698 3165 1770 3165 1699 3165 1770 3166 1771 3166 1699 3166 1699 3167 1771 3167 1700 3167 1771 3168 1772 3168 1700 3168 1700 3169 1772 3169 1701 3169 1772 3170 1773 3170 1701 3170 1701 3171 1773 3171 1702 3171 1773 3172 1774 3172 1702 3172 1702 3173 1774 3173 1703 3173 1774 3174 1775 3174 1703 3174 1703 3175 1775 3175 1704 3175 1775 3176 1776 3176 1704 3176 1704 3177 1776 3177 1705 3177 1776 3178 1777 3178 1705 3178 1705 3179 1777 3179 1706 3179 1777 3180 1778 3180 1706 3180 1706 3181 1778 3181 1707 3181 1778 3182 1779 3182 1707 3182 1707 3183 1779 3183 1708 3183 1779 3184 1780 3184 1708 3184 1708 3185 1780 3185 1709 3185 1780 3186 1781 3186 1709 3186 1709 3187 1781 3187 1710 3187 1781 3188 1782 3188 1710 3188 1710 3189 1782 3189 1711 3189 1782 3190 1783 3190 1711 3190 1711 3191 1783 3191 1712 3191 1783 3192 1784 3192 1712 3192 1712 3193 1784 3193 1713 3193 1784 3194 1785 3194 1713 3194 1713 3195 1785 3195 1714 3195 1785 3196 1786 3196 1714 3196 1714 3197 1786 3197 1715 3197 1786 3198 1787 3198 1715 3198 1715 3199 1787 3199 1716 3199 1787 3200 1788 3200 1716 3200 1716 3201 1788 3201 1717 3201 1788 3202 1789 3202 1717 3202 1717 3203 1789 3203 1718 3203 1789 3204 1790 3204 1718 3204 1718 3205 1790 3205 1719 3205 1790 3206 1791 3206 1719 3206 1719 3207 1791 3207 1720 3207 1791 3208 1792 3208 1720 3208 1720 3209 1792 3209 1721 3209 1792 3210 1793 3210 1721 3210 1721 3211 1793 3211 1722 3211 1793 3212 1794 3212 1722 3212 1722 3213 1794 3213 1723 3213 1794 3214 1795 3214 1723 3214 1723 3215 1795 3215 1724 3215 1795 3216 1796 3216 1724 3216 1724 3217 1796 3217 1725 3217 1796 3218 1797 3218 1725 3218 1725 3219 1797 3219 1726 3219 1797 3220 1798 3220 1726 3220 1726 3221 1798 3221 1727 3221 1798 3222 1799 3222 1727 3222 1727 3223 1799 3223 1728 3223 1799 3224 1800 3224 1728 3224 1728 3225 1800 3225 1729 3225 1800 3226 1801 3226 1729 3226 1729 3227 1801 3227 1730 3227 1801 3228 1802 3228 1730 3228 1730 3229 1802 3229 1731 3229 1802 3230 1803 3230 1731 3230 1731 3231 1803 3231 1732 3231 1803 3232 1804 3232 1732 3232 1732 3233 1804 3233 1733 3233 1804 3234 1805 3234 1733 3234 1733 3235 1805 3235 1662 3235 1805 3236 1734 3236 1662 3236 151 0 149 0 1806 0 149 0 147 0 1806 0 181 0 179 0 1807 0 205 0 203 0 1808 0 197 0 195 0 1808 0 195 0 193 0 1808 0 1808 0 193 0 191 0 125 0 123 0 1809 0 123 0 121 0 1809 0 1809 0 121 0 119 0 173 0 171 0 1807 0 171 0 169 0 1807 0 1807 0 169 0 167 0 181 0 1807 0 183 0 179 0 177 0 1807 0 177 0 175 0 1807 0 1807 0 175 0 173 0 79 0 77 0 1810 0 77 0 75 0 1810 0 203 0 201 0 1808 0 201 0 199 0 1808 0 1808 0 199 0 197 0 103 0 101 0 1811 0 101 0 99 0 1811 0 147 0 145 0 1806 0 145 0 143 0 1806 0 1806 0 143 0 141 0 159 0 157 0 1806 0 191 0 189 0 1808 0 189 0 187 0 1808 0 1808 0 187 0 1807 0 187 0 185 0 1807 0 1807 0 185 0 183 0 85 0 83 0 1810 0 83 0 81 0 1810 0 1810 0 81 0 79 0 111 0 109 0 1811 0 167 0 165 0 1807 0 165 0 163 0 1807 0 1807 0 163 0 1806 0 163 0 161 0 1806 0 1806 0 161 0 159 0 75 0 73 0 1810 0 73 0 71 0 1810 0 1810 0 71 0 69 0 119 0 117 0 1809 0 117 0 115 0 1809 0 1809 0 115 0 1811 0 115 0 113 0 1811 0 1811 0 113 0 111 0 109 0 107 0 1811 0 107 0 105 0 1811 0 1811 0 105 0 103 0 1809 0 133 0 131 0 157 0 155 0 1806 0 155 0 153 0 1806 0 1806 0 153 0 151 0 99 0 97 0 1811 0 97 0 95 0 1811 0 1811 0 95 0 93 0 93 0 91 0 1811 0 91 0 89 0 1811 0 1811 0 89 0 1810 0 89 0 87 0 1810 0 1810 0 87 0 85 0 141 0 139 0 1806 0 139 0 137 0 1806 0 1806 0 137 0 1809 0 137 0 135 0 1809 0 1809 0 135 0 133 0 131 0 129 0 1809 0 129 0 127 0 1809 0 1809 0 127 0 125 0 69 0 67 0 1810 0 67 0 209 0 1810 0 1810 0 209 0 1808 0 209 0 207 0 1808 0 1808 0 207 0 205 0 1757 3237 221 3237 1758 3237 221 3237 220 3237 1758 3237 1758 3237 220 3237 1759 3237 220 3237 219 3237 1759 3237 1759 3237 219 3237 1760 3237 219 3237 218 3237 1760 3237 1760 3237 218 3237 1761 3237 218 3237 217 3237 1761 3237 1761 3237 217 3237 1762 3237 217 3238 216 3238 1762 3238 1762 3239 216 3239 1763 3239 216 3237 215 3237 1763 3237 1763 3237 215 3237 1764 3237 215 3237 214 3237 1764 3237 1764 3237 214 3237 1765 3237 214 3240 213 3240 1765 3240 1765 3237 213 3237 1766 3237 213 3237 212 3237 1766 3237 1766 3241 212 3241 1767 3241 212 3237 211 3237 1767 3237 1767 3237 211 3237 1768 3237 211 3237 210 3237 1768 3237 1768 3237 210 3237 1769 3237 210 3242 281 3242 1769 3242 1769 3237 281 3237 1770 3237 281 3243 280 3243 1770 3243 1770 3244 280 3244 1771 3244 280 3237 279 3237 1771 3237 1771 3245 279 3245 1772 3245 279 3246 278 3246 1772 3246 1772 3237 278 3237 1773 3237 278 3247 277 3247 1773 3247 1773 3237 277 3237 1774 3237 277 3238 276 3238 1774 3238 1774 3237 276 3237 1775 3237 276 3237 275 3237 1775 3237 1775 3237 275 3237 1776 3237 275 3248 274 3248 1776 3248 1776 3237 274 3237 1777 3237 274 3249 273 3249 1777 3249 1777 3237 273 3237 1778 3237 273 3237 272 3237 1778 3237 1778 3237 272 3237 1779 3237 272 3237 271 3237 1779 3237 1779 3237 271 3237 1780 3237 271 3237 270 3237 1780 3237 1780 3250 270 3250 1781 3250 270 3237 269 3237 1781 3237 1781 3237 269 3237 1782 3237 269 3237 268 3237 1782 3237 1782 3251 268 3251 1783 3251 268 3252 267 3252 1783 3252 1783 3253 267 3253 1784 3253 267 3237 266 3237 1784 3237 1784 3254 266 3254 1785 3254 266 3237 265 3237 1785 3237 1785 3255 265 3255 1786 3255 265 3256 264 3256 1786 3256 1786 3257 264 3257 1787 3257 264 3258 263 3258 1787 3258 1787 3237 263 3237 1788 3237 263 3259 262 3259 1788 3259 1788 3237 262 3237 1789 3237 262 3260 261 3260 1789 3260 1789 3261 261 3261 1790 3261 261 3237 260 3237 1790 3237 1790 3262 260 3262 1791 3262 260 3263 259 3263 1791 3263 1791 3264 259 3264 1792 3264 259 3237 258 3237 1792 3237 1792 3237 258 3237 1793 3237 258 3237 257 3237 1793 3237 1793 3237 257 3237 1794 3237 257 3237 256 3237 1794 3237 1794 3237 256 3237 1795 3237 256 3237 255 3237 1795 3237 1795 3237 255 3237 1796 3237 255 3237 254 3237 1796 3237 1796 3237 254 3237 1797 3237 254 3237 253 3237 1797 3237 1797 3237 253 3237 1798 3237 253 3240 252 3240 1798 3240 1798 3241 252 3241 1799 3241 252 3237 251 3237 1799 3237 1799 3237 251 3237 1800 3237 251 3237 250 3237 1800 3237 1800 3237 250 3237 1801 3237 250 3238 249 3238 1801 3238 1801 3237 249 3237 1802 3237 249 3237 248 3237 1802 3237 1802 3239 248 3239 1803 3239 248 3237 247 3237 1803 3237 1803 3237 247 3237 1804 3237 247 3237 246 3237 1804 3237 1804 3237 246 3237 1805 3237 246 3265 245 3265 1805 3265 1805 3237 245 3237 1734 3237 245 3266 244 3266 1734 3266 1734 3267 244 3267 1735 3267 244 3237 243 3237 1735 3237 1735 3268 243 3268 1736 3268 243 3269 242 3269 1736 3269 1736 3237 242 3237 1737 3237 242 3270 241 3270 1737 3270 1737 3237 241 3237 1738 3237 241 3240 240 3240 1738 3240 1738 3237 240 3237 1739 3237 240 3237 239 3237 1739 3237 1739 3237 239 3237 1740 3237 239 3271 238 3271 1740 3271 1740 3237 238 3237 1741 3237 238 3272 237 3272 1741 3272 1741 3237 237 3237 1742 3237 237 3237 236 3237 1742 3237 1742 3237 236 3237 1743 3237 236 3237 235 3237 1743 3237 1743 3237 235 3237 1744 3237 235 3237 234 3237 1744 3237 1744 3273 234 3273 1745 3273 234 3237 233 3237 1745 3237 1745 3237 233 3237 1746 3237 233 3237 232 3237 1746 3237 1746 3274 232 3274 1747 3274 232 3275 231 3275 1747 3275 1747 3276 231 3276 1748 3276 231 3237 230 3237 1748 3237 1748 3277 230 3277 1749 3277 230 3237 229 3237 1749 3237 1749 3278 229 3278 1750 3278 229 3279 228 3279 1750 3279 1750 3280 228 3280 1751 3280 228 3281 227 3281 1751 3281 1751 3237 227 3237 1752 3237 227 3282 226 3282 1752 3282 1752 3237 226 3237 1753 3237 226 3283 225 3283 1753 3283 1753 3284 225 3284 1754 3284 225 3237 224 3237 1754 3237 1754 3285 224 3285 1755 3285 224 3286 223 3286 1755 3286 1755 3287 223 3287 1756 3287 223 3237 222 3237 1756 3237 1756 3237 222 3237 1757 3237 222 3237 221 3237 1757 3237 427 3288 426 3288 1812 3288 426 3237 497 3237 1812 3237 1812 3289 497 3289 496 3289 430 3237 429 3237 1812 3237 429 3237 428 3237 1812 3237 1812 3237 428 3237 427 3237 433 3290 432 3290 1812 3290 432 3237 431 3237 1812 3237 1812 3291 431 3291 430 3291 436 3237 435 3237 1812 3237 435 3237 434 3237 1812 3237 1812 3292 434 3292 433 3292 439 3237 438 3237 1812 3237 438 3237 437 3237 1812 3237 1812 3293 437 3293 436 3293 442 3237 441 3237 1812 3237 441 3237 440 3237 1812 3237 1812 3294 440 3294 439 3294 445 3237 444 3237 1812 3237 444 3295 443 3295 1812 3295 1812 3237 443 3237 442 3237 448 3237 447 3237 1812 3237 447 3237 446 3237 1812 3237 1812 3296 446 3296 445 3296 451 3237 450 3237 1812 3237 450 3237 449 3237 1812 3237 1812 3297 449 3297 448 3297 454 3290 453 3290 1812 3290 453 3237 452 3237 1812 3237 1812 3298 452 3298 451 3298 457 3237 456 3237 1812 3237 456 3237 455 3237 1812 3237 1812 3299 455 3299 454 3299 460 3290 459 3290 1812 3290 459 3237 458 3237 1812 3237 1812 3300 458 3300 457 3300 463 3301 462 3301 1812 3301 462 3237 461 3237 1812 3237 1812 3302 461 3302 460 3302 466 3237 465 3237 1812 3237 465 3237 464 3237 1812 3237 1812 3237 464 3237 463 3237 469 3303 468 3303 1812 3303 468 3237 467 3237 1812 3237 1812 3304 467 3304 466 3304 472 3237 471 3237 1812 3237 471 3237 470 3237 1812 3237 1812 3305 470 3305 469 3305 475 3237 474 3237 1812 3237 474 3237 473 3237 1812 3237 1812 3306 473 3306 472 3306 478 3237 477 3237 1812 3237 477 3237 476 3237 1812 3237 1812 3307 476 3307 475 3307 481 3237 480 3237 1812 3237 480 3308 479 3308 1812 3308 1812 3237 479 3237 478 3237 484 3237 483 3237 1812 3237 483 3237 482 3237 1812 3237 1812 3309 482 3309 481 3309 487 3237 486 3237 1812 3237 486 3237 485 3237 1812 3237 1812 3310 485 3310 484 3310 490 3303 489 3303 1812 3303 489 3237 488 3237 1812 3237 1812 3311 488 3311 487 3311 493 3237 492 3237 1812 3237 492 3237 491 3237 1812 3237 1812 3312 491 3312 490 3312 496 3303 495 3303 1812 3303 495 3237 494 3237 1812 3237 1812 3313 494 3313 493 3313 2 3314 1809 3314 5 3314 1809 3315 1811 3315 5 3315 5 3316 1811 3316 14 3316 1813 3317 1806 3317 4 3317 1806 3317 1809 3317 4 3317 4 3317 1809 3317 2 3317 54 3318 1807 3318 55 3318 1807 3319 1806 3319 55 3319 55 3320 1806 3320 1813 3320 42 3321 1808 3321 40 3321 1808 3322 1807 3322 40 3322 40 3323 1807 3323 54 3323 28 3324 1810 3324 29 3324 1810 3324 1808 3324 29 3324 29 3324 1808 3324 42 3324 14 3325 1811 3325 15 3325 1811 3326 1810 3326 15 3326 15 3327 1810 3327 28 3327 504 3328 506 3328 1813 3328 4 0 508 0 1813 0 508 0 507 0 1813 0 503 0 500 0 1813 0 500 3329 499 3329 1813 3329 1813 3330 499 3330 55 3330 507 0 509 0 1813 0 509 0 505 0 1813 0 1813 14 505 14 504 14 506 0 502 0 1813 0 502 0 501 0 1813 0 1813 3331 501 3331 503 3331</p>
        </triangles>
      </mesh>
    </geometry>
  </library_geometries>
  <library_visual_scenes>
    <visual_scene id="Scene" name="Scene">
      <node id="socket_head_cap_screw_am_b18_3_1m___5_x_0_8_x_20_hex_shcs____20" name="socket_head_cap_screw_am_b18_3_1m___5_x_0_8_x_20_hex_shcs____20" type="NODE">
        <matrix sid="transform">1 0 0 0 0 1 0 0 0 0 1 0 0 0 0 1</matrix>
        <instance_geometry url="#socket_head_cap_screw_am_b18_3_1m___5_x_0_8_x_20_hex_shcs____20-mesh" name="socket_head_cap_screw_am_b18_3_1m___5_x_0_8_x_20_hex_shcs____20"/>
      </node>
    </visual_scene>
  </library_visual_scenes>
  <scene>
    <instance_visual_scene url="#Scene"/>
  </scene>
</COLLADA>