<?xml version="1.0" encoding="utf-8"?>
<COLLADA xmlns="http://www.collada.org/2005/11/COLLADASchema" version="1.4.1" xmlns:xsi="http://www.w3.org/2001/XMLSchema-instance">
  <asset>
    <contributor>
      <author>Blender User</author>
      <authoring_tool>Blender 3.0.1</authoring_tool>
    </contributor>
    <created>2026-06-04T16:19:08</created>
    <modified>2026-06-04T16:19:08</modified>
    <unit name="meter" meter="1"/>
    <up_axis>Z_UP</up_axis>
  </asset>
  <library_images/>
  <library_geometries>
    <geometry id="trapezoid__12-mesh" name="trapezoid__12">
      <mesh>
        <source id="trapezoid__12-mesh-positions">
          <float_array id="trapezoid__12-mesh-positions-array" count="3750">0.2300044 -1.19447e-7 0.1648858 0.2300042 -1.31278e-4 0.1648887 0.2350222 -1.31219e-4 0.1648887 0.2350214 -2.61467e-4 0.1648972 0.2300035 -2.61467e-4 0.1648972 0.2350201 -3.91688e-4 0.1649115 0.2300024 -3.91688e-4 0.1649115 0.2350183 -5.20945e-4 0.1649314 0.2300008 -5.20945e-4 0.1649314 0.2350161 -6.49183e-4 0.1649569 0.2299988 -6.49183e-4 0.1649569 0.2350133 -7.7646e-4 0.164988 0.2299965 -7.76457e-4 0.164988 0.2350113 -8.53125e-4 0.1650096 0.2299937 -9.01781e-4 0.1650245 0.2350064 -0.001026034 0.1650667 0.2299905 -0.001026034 0.1650667 0.2350024 -0.001148343 0.1651143 0.229987 -0.001148343 0.1651143 0.234998 -0.00126785 0.1651669 0.2299832 -0.00126785 0.1651669 0.2349932 -0.001385271 0.1652248 0.2299791 -0.001385271 0.1652248 0.2349882 -0.00149995 0.1652877 0.2299747 -0.00149995 0.1652877 0.2299653 -0.001720726 0.1654284 0.2349774 -0.001720726 0.1654284 0.2299553 -0.001928329 0.1655877 0.2349659 -0.001928329 0.1655877 0.2299451 -0.002121269 0.1657645 0.2349541 -0.002121269 0.1657645 0.2299348 -0.002298116 0.1659575 0.2349422 -0.002298116 0.1659575 0.2299247 -0.002457439 0.1661651 0.2349307 -0.002457439 0.1661651 0.2299154 -0.002598047 0.1663858 0.2349199 -0.002598047 0.1663858 0.2349148 -0.002661108 0.1665008 0.229911 -0.002661108 0.1665008 0.2349101 -0.002718865 0.1666179 0.2299069 -0.002718865 0.1666179 0.2349058 -0.002771615 0.1667377 0.2299031 -0.002771615 0.1667377 0.2349017 -0.002819061 0.1668598 0.2298997 -0.002819061 0.1668598 0.2348982 -0.002861022 0.1669834 0.2298965 -0.002861022 0.1669834 0.2348949 -0.002897739 0.1671093 0.2298938 -0.002897739 0.1671093 0.2348922 -0.002928853 0.1672366 0.2298914 -0.002928853 0.1672366 0.2348899 -0.002954423 0.1673648 0.2298893 -0.002954423 0.1673648 0.2348881 -0.002974331 0.1674944 0.2298878 -0.002974331 0.1674944 0.2348868 -0.002988576 0.1676243 0.2298867 -0.002988576 0.1676243 0.2348861 -0.0029971 0.1677549 0.229886 -0.0029971 0.1677549 0.2348858 -0.002999961 0.1678858 0.2298858 -0.002999961 0.1678858 0.2348861 -0.0029971 0.1680164 0.229886 -0.0029971 0.1680164 0.2348868 -0.002988576 0.1681473 0.2298867 -0.002988576 0.1681473 0.2348881 -0.002974271 0.1682776 0.2298878 -0.002974271 0.1682776 0.2348899 -0.002954423 0.1684067 0.2298893 -0.002954423 0.1684067 0.2298914 -0.002928793 0.1685353 0.2348922 -0.002928793 0.1685353 0.2298938 -0.002897739 0.1686623 0.2348949 -0.002897739 0.1686623 0.2298965 -0.002861142 0.1687878 0.2348981 -0.002861142 0.1687878 0.2298997 -0.002819061 0.1689119 0.2349017 -0.002819061 0.1689119 0.2299031 -0.002771735 0.1690335 0.2349058 -0.002771735 0.1690335 0.2299069 -0.002718865 0.1691536 0.2349101 -0.002718865 0.1691536 0.229911 -0.00266087 0.1692714 0.2349149 -0.00266081 0.1692714 0.2299154 -0.002598047 0.1693858 0.2349199 -0.002598047 0.1693858 0.2299247 -0.002457439 0.1696065 0.2349307 -0.002457439 0.1696065 0.2299348 -0.002298116 0.1698142 0.2349422 -0.002298116 0.1698142 0.2299451 -0.002121269 0.1700071 0.2349541 -0.002121269 0.1700071 0.2299553 -0.001928329 0.1701839 0.2349659 -0.001928329 0.1701839 0.2299653 -0.001720726 0.1703432 0.2349774 -0.001720726 0.1703432 0.2299747 -0.00149995 0.1704839 0.2349882 -0.00149995 0.1704839 0.229979 -0.001385569 0.1705467 0.2349932 -0.001385569 0.1705467 0.2299832 -0.00126785 0.1706047 0.234998 -0.00126785 0.1706047 0.229987 -0.001147747 0.1706576 0.2350024 -0.001147747 0.1706576 0.2299905 -0.001026034 0.1707049 0.2350064 -0.001026034 0.1707049 0.2299937 -9.02044e-4 0.170747 0.2350113 -8.53125e-4 0.170762 0.2299965 -7.76457e-4 0.1707836 0.2350133 -7.76457e-4 0.1707836 0.2299988 -6.49487e-4 0.1708146 0.235016 -6.49492e-4 0.1708146 0.2300008 -5.20945e-4 0.1708402 0.2350183 -5.20945e-4 0.1708402 0.2350201 -3.91923e-4 0.1708601 0.2300024 -3.91926e-4 0.1708601 0.2350214 -2.61467e-4 0.1708744 0.2300035 -2.61467e-4 0.1708744 0.2350222 -1.30891e-4 0.1708829 0.2300042 -1.30889e-4 0.1708829 0.2350224 0 0.1708858 0.2300044 0 0.1708858 0.2350222 1.31219e-4 0.1708829 0.2300042 1.31219e-4 0.1708829 0.2350214 2.61467e-4 0.1708744 0.2300035 2.61467e-4 0.1708744 0.2350201 3.91688e-4 0.1708601 0.2300024 3.91688e-4 0.1708601 0.2350183 5.20945e-4 0.1708402 0.2300008 5.20945e-4 0.1708402 0.2350161 6.49183e-4 0.1708147 0.2299988 6.49183e-4 0.1708147 0.2350133 7.7646e-4 0.1707836 0.2299965 7.76457e-4 0.1707836 0.2350113 8.53125e-4 0.170762 0.2299937 9.01781e-4 0.1707471 0.2350064 0.001026034 0.1707049 0.2299905 0.001026034 0.1707049 0.2350024 0.001148343 0.1706573 0.229987 0.001148343 0.1706573 0.234998 0.00126785 0.1706047 0.2299832 0.00126785 0.1706047 0.2349932 0.001385271 0.1705468 0.2299791 0.001385271 0.1705468 0.2349882 0.00149995 0.1704839 0.2299747 0.00149995 0.1704839 0.2299653 0.001720726 0.1703432 0.2349774 0.001720726 0.1703432 0.2299553 0.001928329 0.1701839 0.2349659 0.001928329 0.1701839 0.2299451 0.002121269 0.1700071 0.2349541 0.002121269 0.1700071 0.2299348 0.002298116 0.1698142 0.2349422 0.002298116 0.1698142 0.2299247 0.002457439 0.1696065 0.2349307 0.002457439 0.1696065 0.2299154 0.002598047 0.1693858 0.2349199 0.002598047 0.1693858 0.2349148 0.002661108 0.1692708 0.229911 0.002661108 0.1692708 0.2349101 0.002718865 0.1691536 0.2299069 0.002718865 0.1691536 0.2349058 0.002771615 0.1690338 0.2299031 0.002771615 0.1690338 0.2349017 0.002819061 0.1689119 0.2298997 0.002819061 0.1689119 0.2348982 0.002861022 0.1687881 0.2298965 0.002861022 0.1687881 0.2348949 0.002897739 0.1686623 0.2298938 0.002897739 0.1686623 0.2348922 0.002928853 0.168535 0.2298914 0.002928853 0.1685351 0.2348899 0.002954423 0.1684067 0.2298893 0.002954423 0.1684067 0.2348881 0.002974331 0.1682772 0.2298878 0.002974331 0.1682772 0.2348868 0.002988576 0.1681473 0.2298867 0.002988576 0.1681473 0.2348861 0.0029971 0.1680167 0.229886 0.0029971 0.1680167 0.2348858 0.002999961 0.1678858 0.2298858 0.002999961 0.1678858 0.2348861 0.0029971 0.1677552 0.229886 0.0029971 0.1677552 0.2348868 0.002988576 0.1676243 0.2298867 0.002988576 0.1676243 0.2348881 0.002974271 0.1674939 0.2298878 0.002974271 0.1674939 0.2348899 0.002954423 0.1673648 0.2298893 0.002954423 0.1673648 0.2298914 0.002928793 0.1672363 0.2348922 0.002928793 0.1672363 0.2298938 0.002897739 0.1671093 0.2348949 0.002897739 0.1671093 0.2298965 0.002861142 0.1669837 0.2348981 0.002861142 0.1669837 0.2298997 0.002819061 0.1668598 0.2349017 0.002819061 0.1668598 0.2299031 0.002771735 0.166738 0.2349058 0.002771735 0.166738 0.2299069 0.002718865 0.1666179 0.2349101 0.002718865 0.1666179 0.229911 0.00266087 0.1665002 0.2349149 0.00266081 0.1665002 0.2299154 0.002598047 0.1663858 0.2349199 0.002598047 0.1663858 0.2299247 0.002457439 0.1661651 0.2349307 0.002457439 0.1661651 0.2299348 0.002298116 0.1659575 0.2349422 0.002298116 0.1659575 0.2299451 0.002121269 0.1657645 0.2349541 0.002121269 0.1657645 0.2299553 0.001928329 0.1655877 0.2349659 0.001928329 0.1655877 0.2299653 0.001720726 0.1654284 0.2349774 0.001720726 0.1654284 0.2299747 0.00149995 0.1652877 0.2349882 0.00149995 0.1652877 0.229979 0.001385569 0.1652249 0.2349932 0.001385569 0.1652249 0.2299832 0.00126785 0.1651669 0.234998 0.00126785 0.1651669 0.229987 0.001147747 0.1651141 0.2350024 0.001147747 0.1651141 0.2299905 0.001026034 0.1650667 0.2350064 0.001026034 0.1650667 0.2299937 9.02044e-4 0.1650246 0.2350113 8.53125e-4 0.1650096 0.2299965 7.76457e-4 0.164988 0.2350133 7.76457e-4 0.164988 0.2299988 6.49487e-4 0.1649569 0.235016 6.49492e-4 0.1649569 0.2300008 5.20945e-4 0.1649314 0.2350224 0 0.1648858 0.2350224 0 0.1648858 0.2300042 1.30889e-4 0.1648886 0.2350222 1.30946e-4 0.1648886 0.2300035 2.61467e-4 0.1648972 0.2350214 2.61467e-4 0.1648972 0.2300024 3.91926e-4 0.1649115 0.2350201 3.91923e-4 0.1649115 0.2350183 5.20945e-4 0.1649314 0.3057672 -1.19447e-7 0.1708858 0.3057674 -1.31278e-4 0.1708829 0.3007494 -1.31219e-4 0.1708829 0.3007502 -2.61467e-4 0.1708744 0.3057681 -2.61467e-4 0.1708744 0.3007515 -3.91688e-4 0.1708601 0.3057692 -3.91688e-4 0.1708601 0.3007533 -5.20945e-4 0.1708402 0.3057708 -5.20945e-4 0.1708402 0.3007556 -6.49183e-4 0.1708147 0.3057728 -6.49183e-4 0.1708147 0.3007584 -7.7646e-4 0.1707836 0.3057752 -7.76457e-4 0.1707836 0.3007602 -8.53125e-4 0.170762 0.3057779 -9.01781e-4 0.1707471 0.3007652 -0.001026034 0.1707049 0.3057811 -0.001026034 0.1707049 0.3007692 -0.001148343 0.1706573 0.3057846 -0.001148343 0.1706573 0.3007736 -0.00126785 0.1706047 0.3057884 -0.00126785 0.1706047 0.3007783 -0.001385271 0.1705468 0.3057925 -0.001385271 0.1705468 0.3007834 -0.00149995 0.1704839 0.3057969 -0.00149995 0.1704839 0.3058063 -0.001720726 0.1703432 0.3007942 -0.001720726 0.1703432 0.3058162 -0.001928329 0.1701839 0.3008057 -0.001928329 0.1701839 0.3058266 -0.002121269 0.1700071 0.3008176 -0.002121269 0.1700071 0.3058369 -0.002298116 0.1698142 0.3008294 -0.002298116 0.1698142 0.3058468 -0.002457439 0.1696065 0.3008409 -0.002457439 0.1696065 0.3058562 -0.002598047 0.1693858 0.3008517 -0.002598047 0.1693858 0.3008567 -0.002661108 0.1692708 0.3058606 -0.002661108 0.1692708 0.3008614 -0.002718865 0.1691536 0.3058646 -0.002718865 0.1691536 0.3008658 -0.002771615 0.1690338 0.3058685 -0.002771615 0.1690338 0.3008698 -0.002819061 0.1689119 0.305872 -0.002819061 0.1689119 0.3008735 -0.002861022 0.1687881 0.3058751 -0.002861022 0.1687881 0.3008767 -0.002897739 0.1686623 0.3058779 -0.002897739 0.1686623 0.3008794 -0.002928853 0.168535 0.3058803 -0.002928853 0.1685351 0.3008817 -0.002954423 0.1684067 0.3058822 -0.002954423 0.1684067 0.3008835 -0.002974331 0.1682772 0.3058838 -0.002974331 0.1682772 0.3008848 -0.002988576 0.1681473 0.3058849 -0.002988576 0.1681473 0.3008856 -0.0029971 0.1680167 0.3058856 -0.0029971 0.1680167 0.3008858 -0.002999961 0.1678858 0.3058858 -0.002999961 0.1678858 0.3008856 -0.0029971 0.1677552 0.3058856 -0.0029971 0.1677552 0.3008848 -0.002988576 0.1676243 0.3058849 -0.002988576 0.1676243 0.3008835 -0.002974271 0.1674939 0.3058838 -0.002974271 0.1674939 0.3008817 -0.002954423 0.1673648 0.3058822 -0.002954423 0.1673648 0.3058803 -0.002928793 0.1672363 0.3008794 -0.002928793 0.1672363 0.3058779 -0.002897739 0.1671093 0.3008767 -0.002897739 0.1671093 0.3058751 -0.002861142 0.1669837 0.3008735 -0.002861142 0.1669837 0.305872 -0.002819061 0.1668598 0.3008698 -0.002819061 0.1668598 0.3058685 -0.002771735 0.166738 0.3008658 -0.002771735 0.166738 0.3058646 -0.002718865 0.1666179 0.3008614 -0.002718865 0.1666179 0.3058605 -0.00266087 0.1665002 0.3008567 -0.00266081 0.1665002 0.3058562 -0.002598047 0.1663858 0.3008517 -0.002598047 0.1663858 0.3058468 -0.002457439 0.1661651 0.3008409 -0.002457439 0.1661651 0.3058369 -0.002298116 0.1659575 0.3008294 -0.002298116 0.1659575 0.3058266 -0.002121269 0.1657645 0.3008176 -0.002121269 0.1657645 0.3058162 -0.001928329 0.1655877 0.3008057 -0.001928329 0.1655877 0.3058063 -0.001720726 0.1654284 0.3007942 -0.001720726 0.1654284 0.3057969 -0.00149995 0.1652877 0.3007834 -0.00149995 0.1652877 0.3057925 -0.001385569 0.1652249 0.3007783 -0.001385569 0.1652249 0.3057884 -0.00126785 0.1651669 0.3007736 -0.00126785 0.1651669 0.3057846 -0.001147747 0.1651141 0.3007692 -0.001147747 0.1651141 0.3057811 -0.001026034 0.1650667 0.3007652 -0.001026034 0.1650667 0.305778 -9.02044e-4 0.1650246 0.3007602 -8.53125e-4 0.1650096 0.3057752 -7.76457e-4 0.164988 0.3007584 -7.76457e-4 0.164988 0.3057728 -6.49487e-4 0.1649569 0.3007556 -6.49492e-4 0.1649569 0.3057708 -5.20945e-4 0.1649314 0.3007533 -5.20945e-4 0.1649314 0.3007515 -3.91923e-4 0.1649115 0.3057692 -3.91926e-4 0.1649115 0.3007502 -2.61467e-4 0.1648972 0.3057681 -2.61467e-4 0.1648972 0.3007494 -1.30891e-4 0.1648886 0.3057674 -1.30889e-4 0.1648886 0.3007492 0 0.1648858 0.3057672 0 0.1648858 0.3007494 1.31219e-4 0.1648887 0.3057674 1.31219e-4 0.1648887 0.3007502 2.61467e-4 0.1648972 0.3057681 2.61467e-4 0.1648972 0.3007515 3.91688e-4 0.1649115 0.3057692 3.91688e-4 0.1649115 0.3007533 5.20945e-4 0.1649314 0.3057708 5.20945e-4 0.1649314 0.3007556 6.49183e-4 0.1649569 0.3057728 6.49183e-4 0.1649569 0.3007584 7.7646e-4 0.164988 0.3057752 7.76457e-4 0.164988 0.3007602 8.53125e-4 0.1650096 0.3057779 9.01781e-4 0.1650245 0.3007652 0.001026034 0.1650667 0.3057811 0.001026034 0.1650667 0.3007692 0.001148343 0.1651143 0.3057846 0.001148343 0.1651143 0.3007736 0.00126785 0.1651669 0.3057884 0.00126785 0.1651669 0.3007783 0.001385271 0.1652248 0.3057925 0.001385271 0.1652248 0.3007834 0.00149995 0.1652877 0.3057969 0.00149995 0.1652877 0.3058063 0.001720726 0.1654284 0.3007942 0.001720726 0.1654284 0.3058162 0.001928329 0.1655877 0.3008057 0.001928329 0.1655877 0.3058266 0.002121269 0.1657645 0.3008176 0.002121269 0.1657645 0.3058369 0.002298116 0.1659575 0.3008294 0.002298116 0.1659575 0.3058468 0.002457439 0.1661651 0.3008409 0.002457439 0.1661651 0.3058562 0.002598047 0.1663858 0.3008517 0.002598047 0.1663858 0.3008567 0.002661108 0.1665008 0.3058606 0.002661108 0.1665008 0.3008614 0.002718865 0.1666179 0.3058646 0.002718865 0.1666179 0.3008658 0.002771615 0.1667377 0.3058685 0.002771615 0.1667377 0.3008698 0.002819061 0.1668598 0.305872 0.002819061 0.1668598 0.3008735 0.002861022 0.1669834 0.3058751 0.002861022 0.1669834 0.3008767 0.002897739 0.1671093 0.3058779 0.002897739 0.1671093 0.3008794 0.002928853 0.1672366 0.3058803 0.002928853 0.1672366 0.3008817 0.002954423 0.1673648 0.3058822 0.002954423 0.1673648 0.3008835 0.002974331 0.1674944 0.3058838 0.002974331 0.1674944 0.3008848 0.002988576 0.1676243 0.3058849 0.002988576 0.1676243 0.3008856 0.0029971 0.1677549 0.3058856 0.0029971 0.1677549 0.3008858 0.002999961 0.1678858 0.3058858 0.002999961 0.1678858 0.3008856 0.0029971 0.1680164 0.3058856 0.0029971 0.1680164 0.3008848 0.002988576 0.1681473 0.3058849 0.002988576 0.1681473 0.3008835 0.002974271 0.1682776 0.3058838 0.002974271 0.1682776 0.3008817 0.002954423 0.1684067 0.3058822 0.002954423 0.1684067 0.3058803 0.002928793 0.1685353 0.3008794 0.002928793 0.1685353 0.3058779 0.002897739 0.1686623 0.3008767 0.002897739 0.1686623 0.3058751 0.002861142 0.1687878 0.3008735 0.002861142 0.1687878 0.305872 0.002819061 0.1689119 0.3008698 0.002819061 0.1689119 0.3058685 0.002771735 0.1690335 0.3008658 0.002771735 0.1690335 0.3058646 0.002718865 0.1691536 0.3008614 0.002718865 0.1691536 0.3058605 0.00266087 0.1692714 0.3008567 0.00266081 0.1692714 0.3058562 0.002598047 0.1693858 0.3008517 0.002598047 0.1693858 0.3058468 0.002457439 0.1696065 0.3008409 0.002457439 0.1696065 0.3058369 0.002298116 0.1698142 0.3008294 0.002298116 0.1698142 0.3058266 0.002121269 0.1700071 0.3008176 0.002121269 0.1700071 0.3058162 0.001928329 0.1701839 0.3008057 0.001928329 0.1701839 0.3058063 0.001720726 0.1703432 0.3007942 0.001720726 0.1703432 0.3057969 0.00149995 0.1704839 0.3007834 0.00149995 0.1704839 0.3057925 0.001385569 0.1705467 0.3007783 0.001385569 0.1705467 0.3057884 0.00126785 0.1706047 0.3007736 0.00126785 0.1706047 0.3057846 0.001147747 0.1706576 0.3007692 0.001147747 0.1706576 0.3057811 0.001026034 0.1707049 0.3007652 0.001026034 0.1707049 0.305778 9.02044e-4 0.170747 0.3007602 8.53125e-4 0.170762 0.3057752 7.76457e-4 0.1707836 0.3007584 7.76457e-4 0.1707836 0.3057728 6.49487e-4 0.1708146 0.3007556 6.49492e-4 0.1708146 0.3057708 5.20945e-4 0.1708402 0.3007492 0 0.1708858 0.3007492 0 0.1708858 0.3057674 1.30889e-4 0.1708829 0.3007494 1.30946e-4 0.1708829 0.3057681 2.61467e-4 0.1708744 0.3007502 2.61467e-4 0.1708744 0.3057692 3.91926e-4 0.1708601 0.3007515 3.91923e-4 0.1708601 0.3007533 5.20945e-4 0.1708402 0.2565991 0.01499998 0.1368759 0.2548891 0.01499998 0.1321775 0.2539394 0.01499998 0.1379776 0.2518263 0.01499998 0.1334461 0.2513858 0.01499998 0.139307 0.2488858 0.01499998 0.1349768 0.2489578 0.01499998 0.1408538 0.2460899 0.01499998 0.136758 0.2466738 0.01499998 0.1426063 0.2434599 0.01499998 0.1387761 0.2445513 0.01499998 0.1445513 0.2410157 0.01499998 0.1410157 0.2426064 0.01499998 0.1466738 0.2387761 0.01499998 0.1434599 0.2408538 0.01499998 0.1489578 0.236758 0.01499998 0.1460899 0.2393069 0.01499998 0.1513858 0.2349768 0.01499998 0.1488858 0.2379776 0.01499998 0.1539394 0.2334461 0.01499998 0.1518263 0.236876 0.01499998 0.1565991 0.2321774 0.01499998 0.1548891 0.2360103 0.01499998 0.1593447 0.2311806 0.01499998 0.1580507 0.2353872 0.01499998 0.1621554 0.2304631 0.01499998 0.1612871 0.2350113 0.01499998 0.1650096 0.2300304 0.01499998 0.1645739 0.2348858 0.01499998 0.1678858 0.2298858 0.01499998 0.1678858 0.2350113 0.01499998 0.170762 0.2300304 0.01499998 0.1711977 0.2353872 0.01499998 0.1736162 0.2304631 0.01499998 0.1744844 0.2360103 0.01499998 0.1764268 0.2311806 0.01499998 0.1777209 0.236876 0.01499998 0.1791725 0.2321774 0.01499998 0.1808826 0.2379776 0.01499998 0.1818322 0.2334461 0.01499998 0.1839453 0.2393069 0.01499998 0.1843858 0.2349768 0.01499998 0.1868858 0.2408538 0.01499998 0.1868138 0.236758 0.01499998 0.1896817 0.2426064 0.01499998 0.1890978 0.2387761 0.01499998 0.1923117 0.2445513 0.01499998 0.1912203 0.2410157 0.01499998 0.1947559 0.2466738 0.01499998 0.1931653 0.2434599 0.01499998 0.1969955 0.2489578 0.01499998 0.1949178 0.2460899 0.01499998 0.1990136 0.2513858 0.01499998 0.1964646 0.2488858 0.01499998 0.2007948 0.2539394 0.01499998 0.197794 0.2518263 0.01499998 0.2023255 0.2565991 0.01499998 0.1988956 0.2548891 0.01499998 0.2035941 0.2593448 0.01499998 0.1997613 0.2580507 0.01499998 0.204591 0.2621554 0.01499998 0.2003844 0.2612872 0.01499998 0.2053085 0.2650097 0.01499998 0.2007602 0.2645739 0.01499998 0.2057412 0.2678858 0.01499998 0.2008858 0.2678858 0.01499998 0.2058858 0.270762 0.01499998 0.2007602 0.2711977 0.01499998 0.2057412 0.2736162 0.01499998 0.2003844 0.2744845 0.01499998 0.2053085 0.2764269 0.01499998 0.1997613 0.2777209 0.01499998 0.204591 0.2791725 0.01499998 0.1988956 0.2808826 0.01499998 0.2035941 0.2818322 0.01499998 0.197794 0.2839453 0.01499998 0.2023255 0.2843858 0.01499998 0.1964646 0.2868858 0.01499998 0.2007948 0.2868139 0.01499998 0.1949178 0.2896817 0.01499998 0.1990136 0.2890978 0.01499998 0.1931653 0.2923117 0.01499998 0.1969955 0.2912203 0.01499998 0.1912203 0.2947559 0.01499998 0.1947559 0.2931653 0.01499998 0.1890978 0.2969955 0.01499998 0.1923117 0.2949178 0.01499998 0.1868138 0.2990136 0.01499998 0.1896817 0.2964646 0.01499998 0.1843858 0.3007948 0.01499998 0.1868858 0.297794 0.01499998 0.1818322 0.3023255 0.01499998 0.1839453 0.2988957 0.01499998 0.1791725 0.3035941 0.01499998 0.1808826 0.2997614 0.01499998 0.1764268 0.304591 0.01499998 0.1777209 0.3003845 0.01499998 0.1736162 0.3053085 0.01499998 0.1744844 0.3007602 0.01499998 0.170762 0.3057412 0.01499998 0.1711977 0.3008858 0.01499998 0.1678858 0.3058858 0.01499998 0.1678858 0.3007602 0.01499998 0.1650096 0.3057412 0.01499998 0.1645739 0.3003845 0.01499998 0.1621554 0.3053085 0.01499998 0.1612871 0.2997614 0.01499998 0.1593447 0.304591 0.01499998 0.1580507 0.2988957 0.01499998 0.1565991 0.3035941 0.01499998 0.1548891 0.297794 0.01499998 0.1539394 0.3023255 0.01499998 0.1518263 0.2964646 0.01499998 0.1513858 0.3007948 0.01499998 0.1488858 0.2949178 0.01499998 0.1489578 0.2990136 0.01499998 0.1460899 0.2931653 0.01499998 0.1466738 0.2969955 0.01499998 0.1434599 0.2912203 0.01499998 0.1445513 0.2947559 0.01499998 0.1410157 0.2890978 0.01499998 0.1426063 0.2923117 0.01499998 0.1387761 0.2868139 0.01499998 0.1408538 0.2896817 0.01499998 0.136758 0.2843858 0.01499998 0.139307 0.2868858 0.01499998 0.1349768 0.2818322 0.01499998 0.1379776 0.2839453 0.01499998 0.1334461 0.2791725 0.01499998 0.1368759 0.2808826 0.01499998 0.1321775 0.2764269 0.01499998 0.1360102 0.2777209 0.01499998 0.1311806 0.2736162 0.01499998 0.1353871 0.2744845 0.01499998 0.1304631 0.270762 0.01499998 0.1350114 0.2711977 0.01499998 0.1300304 0.2678858 0.01499998 0.1348858 0.2678858 0.01499998 0.1298858 0.2650097 0.01499998 0.1350114 0.2645739 0.01499998 0.1300304 0.2621554 0.01499998 0.1353871 0.2612872 0.01499998 0.1304631 0.2593448 0.01499998 0.1360102 0.2580507 0.01499998 0.1311806 0.2360103 -0.01499998 0.1764268 0.2311806 -0.01499998 0.1777209 0.2353872 -0.01499998 0.1736162 0.2304631 -0.01499998 0.1744844 0.2350113 -0.01499998 0.170762 0.2300304 -0.01499998 0.1711977 0.2348858 -0.01499998 0.1678858 0.2298858 -0.01499998 0.1678858 0.2350113 -0.01499998 0.1650096 0.2300304 -0.01499998 0.1645739 0.2353872 -0.01499998 0.1621554 0.2304631 -0.01499998 0.1612871 0.2360103 -0.01499998 0.1593447 0.2311806 -0.01499998 0.1580507 0.236876 -0.01499998 0.1565991 0.2321774 -0.01499998 0.1548891 0.2379776 -0.01499998 0.1539394 0.2334461 -0.01499998 0.1518263 0.2393069 -0.01499998 0.1513858 0.2349768 -0.01499998 0.1488858 0.2408538 -0.01499998 0.1489578 0.236758 -0.01499998 0.1460899 0.2426064 -0.01499998 0.1466738 0.2387761 -0.01499998 0.1434599 0.2445513 -0.01499998 0.1445513 0.2410157 -0.01499998 0.1410157 0.2466738 -0.01499998 0.1426063 0.2434599 -0.01499998 0.1387761 0.2489578 -0.01499998 0.1408538 0.2460899 -0.01499998 0.136758 0.2513858 -0.01499998 0.139307 0.2488858 -0.01499998 0.1349768 0.2539394 -0.01499998 0.1379776 0.2518263 -0.01499998 0.1334461 0.2565991 -0.01499998 0.1368759 0.2548891 -0.01499998 0.1321775 0.2593448 -0.01499998 0.1360102 0.2580507 -0.01499998 0.1311806 0.2621554 -0.01499998 0.1353871 0.2612872 -0.01499998 0.1304631 0.2650097 -0.01499998 0.1350114 0.2645739 -0.01499998 0.1300304 0.2678858 -0.01499998 0.1348858 0.2678858 -0.01499998 0.1298858 0.270762 -0.01499998 0.1350114 0.2711977 -0.01499998 0.1300304 0.2736162 -0.01499998 0.1353871 0.2744845 -0.01499998 0.1304631 0.2764269 -0.01499998 0.1360102 0.2777209 -0.01499998 0.1311806 0.2791725 -0.01499998 0.1368759 0.2808826 -0.01499998 0.1321775 0.2818322 -0.01499998 0.1379776 0.2839453 -0.01499998 0.1334461 0.2843858 -0.01499998 0.139307 0.2868858 -0.01499998 0.1349768 0.2868139 -0.01499998 0.1408538 0.2896817 -0.01499998 0.136758 0.2890978 -0.01499998 0.1426063 0.2923117 -0.01499998 0.1387761 0.2912203 -0.01499998 0.1445513 0.2947559 -0.01499998 0.1410157 0.2931653 -0.01499998 0.1466738 0.2969955 -0.01499998 0.1434599 0.2949178 -0.01499998 0.1489578 0.2990136 -0.01499998 0.1460899 0.2964646 -0.01499998 0.1513858 0.3007948 -0.01499998 0.1488858 0.297794 -0.01499998 0.1539394 0.3023255 -0.01499998 0.1518263 0.2988957 -0.01499998 0.1565991 0.3035941 -0.01499998 0.1548891 0.2997614 -0.01499998 0.1593447 0.304591 -0.01499998 0.1580507 0.3003845 -0.01499998 0.1621554 0.3053085 -0.01499998 0.1612871 0.3007602 -0.01499998 0.1650096 0.3057412 -0.01499998 0.1645739 0.3008858 -0.01499998 0.1678858 0.3058858 -0.01499998 0.1678858 0.3007602 -0.01499998 0.170762 0.3057412 -0.01499998 0.1711977 0.3003845 -0.01499998 0.1736162 0.3053085 -0.01499998 0.1744844 0.2997614 -0.01499998 0.1764268 0.304591 -0.01499998 0.1777209 0.2988957 -0.01499998 0.1791725 0.3035941 -0.01499998 0.1808826 0.297794 -0.01499998 0.1818322 0.3023255 -0.01499998 0.1839453 0.2964646 -0.01499998 0.1843858 0.3007948 -0.01499998 0.1868858 0.2949178 -0.01499998 0.1868138 0.2990136 -0.01499998 0.1896817 0.2931653 -0.01499998 0.1890978 0.2969955 -0.01499998 0.1923117 0.2912203 -0.01499998 0.1912203 0.2947559 -0.01499998 0.1947559 0.2890978 -0.01499998 0.1931653 0.2923117 -0.01499998 0.1969955 0.2868139 -0.01499998 0.1949178 0.2896817 -0.01499998 0.1990136 0.2843858 -0.01499998 0.1964646 0.2868858 -0.01499998 0.2007948 0.2818322 -0.01499998 0.197794 0.2839453 -0.01499998 0.2023255 0.2791725 -0.01499998 0.1988956 0.2808826 -0.01499998 0.2035941 0.2764269 -0.01499998 0.1997613 0.2777209 -0.01499998 0.204591 0.2736162 -0.01499998 0.2003844 0.2744845 -0.01499998 0.2053085 0.270762 -0.01499998 0.2007602 0.2711977 -0.01499998 0.2057412 0.2678858 -0.01499998 0.2008858 0.2678858 -0.01499998 0.2058858 0.2650097 -0.01499998 0.2007602 0.2645739 -0.01499998 0.2057412 0.2621554 -0.01499998 0.2003844 0.2612872 -0.01499998 0.2053085 0.2593448 -0.01499998 0.1997613 0.2580507 -0.01499998 0.204591 0.2565991 -0.01499998 0.1988956 0.2548891 -0.01499998 0.2035941 0.2539394 -0.01499998 0.197794 0.2518263 -0.01499998 0.2023255 0.2513858 -0.01499998 0.1964646 0.2488858 -0.01499998 0.2007948 0.2489578 -0.01499998 0.1949178 0.2460899 -0.01499998 0.1990136 0.2466738 -0.01499998 0.1931653 0.2434599 -0.01499998 0.1969955 0.2445513 -0.01499998 0.1912203 0.2410157 -0.01499998 0.1947559 0.2426064 -0.01499998 0.1890978 0.2387761 -0.01499998 0.1923117 0.2408538 -0.01499998 0.1868138 0.236758 -0.01499998 0.1896817 0.2393069 -0.01499998 0.1843858 0.2349768 -0.01499998 0.1868858 0.2379776 -0.01499998 0.1818322 0.2334461 -0.01499998 0.1839453 0.236876 -0.01499998 0.1791725 0.2321774 -0.01499998 0.1808826 0.2677546 -0.0029971 0.129886 0.2678858 -0.002999961 0.1298858 0.2680172 0.0029971 0.129886 0.2678862 0.002999961 0.1298858 0.2680171 -0.0029971 0.2058855 0.2678858 -0.002999961 0.2058858 0.2677546 0.0029971 0.2058855 0.2678858 0.002999961 0.2058858 0.2663858 -0.002598047 0.2058562 0.2661651 -0.002457439 0.2058468 0.2659574 -0.002298116 0.2058368 0.2657645 -0.002121269 0.2058265 0.2674943 -0.002974331 0.2058838 0.2676243 -0.002988576 0.2058849 0.2677547 -0.0029971 0.2058855 0.2673649 -0.002954423 0.2058822 0.2672365 -0.002928853 0.2058802 0.2671093 -0.002897739 0.2058779 0.2669835 -0.002861022 0.2058751 0.2668598 -0.002819061 0.2058719 0.2667378 -0.002771615 0.2058684 0.266618 -0.002718865 0.2058646 0.2665008 -0.002661108 0.2058606 0.2655877 -0.001928329 0.2058162 0.2654284 -0.001720726 0.2058063 0.2652878 -0.00149995 0.2057968 0.2652248 -0.001385271 0.2057925 0.2651669 -0.00126785 0.2057884 0.2651143 -0.001148343 0.2057846 0.2650668 -0.001026034 0.2057811 0.2650246 -9.01781e-4 0.2057779 0.264988 -7.76457e-4 0.2057752 0.2649569 -6.49182e-4 0.2057728 0.2649314 -5.20945e-4 0.2057707 0.2649115 -3.91687e-4 0.2057692 0.2648972 -2.61467e-4 0.2057681 0.2648887 -1.31219e-4 0.2057674 0.2648858 0 0.2057672 0.2648887 1.31053e-4 0.2057674 0.2648972 2.61467e-4 0.2057681 0.2649115 3.91525e-4 0.2057692 0.2649314 5.20945e-4 0.2057707 0.264957 6.49341e-4 0.2057728 0.264988 7.76457e-4 0.2057752 0.2650247 9.02357e-4 0.205778 0.2650668 0.001026034 0.2057811 0.2651142 0.001148045 0.2057846 0.2651669 0.00126785 0.2057884 0.2652246 0.001384973 0.2057925 0.2652878 0.00149995 0.2057968 0.2654284 0.001720726 0.2058063 0.2655877 0.001928329 0.2058162 0.2657645 0.002121269 0.2058265 0.2659574 0.002298116 0.2058368 0.2661651 0.002457439 0.2058468 0.2663858 0.002598047 0.2058562 0.2665005 0.002660989 0.2058606 0.266618 0.002718865 0.2058646 0.2667375 0.002771496 0.2058684 0.2668598 0.002819061 0.2058719 0.2669841 0.002861201 0.2058751 0.2671093 0.002897739 0.2058779 0.2672367 0.002928912 0.2058802 0.2673649 0.002954423 0.2058822 0.2674942 0.002974271 0.2058838 0.2676243 0.002988576 0.2058849 0.2693858 0.002598047 0.2058562 0.2696065 0.002457439 0.2058468 0.2698142 0.002298116 0.2058368 0.2700071 0.002121269 0.2058265 0.2682774 0.002974331 0.2058838 0.2681473 0.002988576 0.2058849 0.2680169 0.0029971 0.2058855 0.2684068 0.002954423 0.2058822 0.2685351 0.002928853 0.2058802 0.2686623 0.002897739 0.2058779 0.2687882 0.002861022 0.2058751 0.2689118 0.002819061 0.2058719 0.2690339 0.002771615 0.2058684 0.2691537 0.002718865 0.2058646 0.2692708 0.002661108 0.2058606 0.2701839 0.001928329 0.2058162 0.2703433 0.001720726 0.2058063 0.2704839 0.00149995 0.2057968 0.2705468 0.001385271 0.2057925 0.2706047 0.00126785 0.2057884 0.2706573 0.001148343 0.2057846 0.2707049 0.001026034 0.2057811 0.2707471 9.01781e-4 0.2057779 0.2707836 7.76457e-4 0.2057752 0.2708147 6.49182e-4 0.2057728 0.2708402 5.20945e-4 0.2057707 0.2708601 3.91687e-4 0.2057692 0.2708744 2.61467e-4 0.2057681 0.2708829 1.31385e-4 0.2057674 0.2708858 3.34323e-7 0.2057672 0.270883 -1.30887e-4 0.2057674 0.2708744 -2.61467e-4 0.2057681 0.2708601 -3.91525e-4 0.2057692 0.2708402 -5.20945e-4 0.2057707 0.2708147 -6.49341e-4 0.2057728 0.2707836 -7.76457e-4 0.2057752 0.2707469 -9.02357e-4 0.205778 0.2707049 -0.001026034 0.2057811 0.2706574 -0.001148045 0.2057846 0.2706047 -0.00126785 0.2057884 0.270547 -0.001384973 0.2057925 0.2704839 -0.00149995 0.2057968 0.2703433 -0.001720726 0.2058063 0.2701839 -0.001928329 0.2058162 0.2700071 -0.002121269 0.2058265 0.2698142 -0.002298116 0.2058368 0.2696065 -0.002457439 0.2058468 0.2693858 -0.002598047 0.2058562 0.2692711 -0.002660989 0.2058606 0.2691537 -0.002718865 0.2058646 0.2690342 -0.002771496 0.2058684 0.2689118 -0.002819061 0.2058719 0.2687876 -0.002861201 0.2058751 0.2686623 -0.002897739 0.2058779 0.268535 -0.002928912 0.2058802 0.2684068 -0.002954423 0.2058822 0.2682775 -0.002974271 0.2058838 0.2681473 -0.002988576 0.2058849 0.2693858 -0.002598047 0.1299154 0.2696065 -0.002457439 0.1299248 0.2698142 -0.002298116 0.1299347 0.2700071 -0.002121269 0.129945 0.2682774 -0.002974331 0.1298878 0.2681473 -0.002988576 0.1298867 0.2680169 -0.0029971 0.129886 0.2684068 -0.002954423 0.1298894 0.2685351 -0.002928853 0.1298913 0.2686623 -0.002897739 0.1298937 0.2687882 -0.002861022 0.1298965 0.2689118 -0.002819061 0.1298996 0.2690339 -0.002771615 0.1299031 0.2691537 -0.002718865 0.129907 0.2692708 -0.002661108 0.129911 0.2701839 -0.001928329 0.1299554 0.2703433 -0.001720726 0.1299653 0.2704839 -0.00149995 0.1299747 0.2705468 -0.001385271 0.1299791 0.2706047 -0.00126785 0.1299832 0.2706573 -0.001148343 0.129987 0.2707049 -0.001026034 0.1299905 0.2707471 -9.01781e-4 0.1299937 0.2707836 -7.76457e-4 0.1299964 0.2708147 -6.49182e-4 0.1299988 0.2708402 -5.20945e-4 0.1300008 0.2708601 -3.91687e-4 0.1300024 0.2708744 -2.61467e-4 0.1300035 0.270883 -1.31219e-4 0.1300042 0.2708858 0 0.1300044 0.270883 1.31053e-4 0.1300042 0.2708744 2.61467e-4 0.1300035 0.2708601 3.91525e-4 0.1300024 0.2708402 5.20945e-4 0.1300008 0.2708147 6.49341e-4 0.1299988 0.2707836 7.76457e-4 0.1299964 0.2707469 9.02357e-4 0.1299936 0.2707049 0.001026034 0.1299905 0.2706574 0.001148045 0.129987 0.2706047 0.00126785 0.1299832 0.270547 0.001384973 0.1299791 0.2704839 0.00149995 0.1299747 0.2703433 0.001720726 0.1299653 0.2701839 0.001928329 0.1299554 0.2700071 0.002121269 0.129945 0.2698142 0.002298116 0.1299347 0.2696065 0.002457439 0.1299248 0.2693858 0.002598047 0.1299154 0.2692711 0.002660989 0.1299111 0.2691537 0.002718865 0.129907 0.2690342 0.002771496 0.1299031 0.2689118 0.002819061 0.1298996 0.2687876 0.002861201 0.1298965 0.2686623 0.002897739 0.1298937 0.268535 0.002928912 0.1298913 0.2684068 0.002954423 0.1298894 0.2682775 0.002974271 0.1298878 0.2681473 0.002988576 0.1298867 0.2663858 0.002598047 0.1299154 0.2661651 0.002457439 0.1299248 0.2659574 0.002298116 0.1299347 0.2657645 0.002121269 0.129945 0.2674943 0.002974331 0.1298878 0.2676243 0.002988576 0.1298867 0.2677549 0.0029971 0.129886 0.2673649 0.002954423 0.1298894 0.2672365 0.002928853 0.1298913 0.2671093 0.002897739 0.1298937 0.2669835 0.002861022 0.1298965 0.2668598 0.002819061 0.1298996 0.2667378 0.002771615 0.1299031 0.266618 0.002718865 0.129907 0.2665008 0.002661108 0.129911 0.2655877 0.001928329 0.1299554 0.2654284 0.001720726 0.1299653 0.2652878 0.00149995 0.1299747 0.2652248 0.001385271 0.1299791 0.2651669 0.00126785 0.1299832 0.2651143 0.001148343 0.129987 0.2650668 0.001026034 0.1299905 0.2650246 9.01781e-4 0.1299937 0.264988 7.76457e-4 0.1299964 0.2649569 6.49182e-4 0.1299988 0.2649314 5.20945e-4 0.1300008 0.2649115 3.91687e-4 0.1300024 0.2648972 2.61467e-4 0.1300035 0.2648887 1.31219e-4 0.1300042 0.2648858 0 0.1300044 0.2648887 -1.31053e-4 0.1300042 0.2648972 -2.61467e-4 0.1300035 0.2649115 -3.91525e-4 0.1300024 0.2649314 -5.20945e-4 0.1300008 0.264957 -6.49341e-4 0.1299988 0.264988 -7.76457e-4 0.1299964 0.2650247 -9.02357e-4 0.1299936 0.2650668 -0.001026034 0.1299905 0.2651142 -0.001148045 0.129987 0.2651669 -0.00126785 0.1299832 0.2652246 -0.001384973 0.1299791 0.2652878 -0.00149995 0.1299747 0.2654284 -0.001720726 0.1299653 0.2655877 -0.001928329 0.1299554 0.2657645 -0.002121269 0.129945 0.2659574 -0.002298116 0.1299347 0.2661651 -0.002457439 0.1299248 0.2663858 -0.002598047 0.1299154 0.2665005 -0.002660989 0.1299111 0.266618 -0.002718865 0.129907 0.2667375 -0.002771496 0.1299031 0.2668598 -0.002819061 0.1298996 0.2669841 -0.002861201 0.1298965 0.2671093 -0.002897739 0.1298937 0.2672367 -0.002928912 0.1298913 0.2673649 -0.002954423 0.1298894 0.2674942 -0.002974271 0.1298878 0.2676243 -0.002988576 0.1298867 0.2677547 -0.0029971 0.2008855 0.2678858 -0.002999961 0.2008858 0.2680169 0.0029971 0.2008855 0.2678858 0.002999961 0.2008858 0.2680169 -0.0029971 0.134886 0.2678858 -0.002999961 0.1348858 0.2677547 0.0029971 0.134886 0.2678858 0.002999961 0.1348858 0.2652878 0.00149995 0.1349882 0.2654284 0.001720726 0.1349774 0.264988 7.7646e-4 0.1350133 0.2650097 8.53125e-4 0.1350114 0.2650668 0.001026034 0.1350064 0.2651143 0.001148343 0.1350024 0.2651669 0.00126785 0.134998 0.2652248 0.001385271 0.1349933 0.2655877 0.001928329 0.1349659 0.2657645 0.002121269 0.134954 0.2659574 0.002298116 0.1349422 0.2661651 0.002457439 0.1349307 0.2663858 0.002598047 0.1349199 0.2665008 0.002661108 0.1349149 0.266618 0.002718865 0.1349102 0.2667378 0.002771615 0.1349058 0.2668598 0.002819061 0.1349018 0.2669835 0.002861022 0.1348981 0.2671093 0.002897739 0.1348949 0.2672365 0.002928853 0.1348922 0.2673649 0.002954423 0.1348899 0.2674943 0.002974331 0.1348881 0.2676243 0.002988576 0.1348868 0.264957 -6.49336e-4 0.135016 0.2649314 -5.20945e-4 0.1350183 0.2649115 -3.91526e-4 0.1350201 0.2648972 -2.61467e-4 0.1350214 0.2648887 -1.31055e-4 0.1350222 0.2648858 0 0.1350225 0.2648887 1.31219e-4 0.1350222 0.2648972 2.61467e-4 0.1350214 0.2649115 3.91688e-4 0.1350201 0.2649314 5.20945e-4 0.1350183 0.2649569 6.49183e-4 0.135016 0.2663858 -0.002598047 0.1349199 0.2661651 -0.002457439 0.1349307 0.2659574 -0.002298116 0.1349422 0.2657645 -0.002121269 0.134954 0.2674942 -0.002974271 0.1348881 0.2676243 -0.002988576 0.1348868 0.2677546 -0.0029971 0.134886 0.2673649 -0.002954423 0.1348899 0.2672367 -0.002928912 0.1348922 0.2671093 -0.002897739 0.1348949 0.2669841 -0.002861201 0.1348981 0.2668598 -0.002819061 0.1349018 0.2667375 -0.002771496 0.1349058 0.266618 -0.002718865 0.1349102 0.2665005 -0.002660989 0.1349149 0.2655877 -0.001928329 0.1349659 0.2654284 -0.001720726 0.1349774 0.2652878 -0.00149995 0.1349882 0.2651142 -0.001148045 0.1350024 0.2650668 -0.001026034 0.1350064 0.2650097 -8.53125e-4 0.1350114 0.264988 -7.76457e-4 0.1350133 0.2652246 -0.001384973 0.1349933 0.2651669 -0.00126785 0.134998 0.2704839 -0.00149995 0.1349882 0.2703433 -0.001720726 0.1349774 0.2707836 -7.7646e-4 0.1350133 0.270762 -8.53125e-4 0.1350114 0.2707049 -0.001026034 0.1350064 0.2706573 -0.001148343 0.1350024 0.2706047 -0.00126785 0.134998 0.2705468 -0.001385271 0.1349933 0.2701839 -0.001928329 0.1349659 0.2700071 -0.002121269 0.134954 0.2698142 -0.002298116 0.1349422 0.2696065 -0.002457439 0.1349307 0.2693858 -0.002598047 0.1349199 0.2692708 -0.002661108 0.1349149 0.2691537 -0.002718865 0.1349102 0.2690339 -0.002771615 0.1349058 0.2689118 -0.002819061 0.1349018 0.2687882 -0.002861022 0.1348981 0.2686623 -0.002897739 0.1348949 0.2685351 -0.002928853 0.1348922 0.2684068 -0.002954423 0.1348899 0.2682774 -0.002974331 0.1348881 0.2681473 -0.002988576 0.1348868 0.2708147 6.49336e-4 0.135016 0.2708402 5.20945e-4 0.1350183 0.2708601 3.91526e-4 0.1350201 0.2708744 2.61467e-4 0.1350214 0.270883 1.31055e-4 0.1350222 0.2708858 0 0.1350225 0.270883 -1.31219e-4 0.1350222 0.2708744 -2.61467e-4 0.1350214 0.2708601 -3.91688e-4 0.1350201 0.2708402 -5.20945e-4 0.1350183 0.2708147 -6.49183e-4 0.135016 0.2693858 0.002598047 0.1349199 0.2696065 0.002457439 0.1349307 0.2698142 0.002298116 0.1349422 0.2700071 0.002121269 0.134954 0.2682775 0.002974271 0.1348881 0.2681473 0.002988576 0.1348868 0.2680171 0.0029971 0.134886 0.2684068 0.002954423 0.1348899 0.268535 0.002928912 0.1348922 0.2686623 0.002897739 0.1348949 0.2687876 0.002861201 0.1348981 0.2689118 0.002819061 0.1349018 0.2690342 0.002771496 0.1349058 0.2691537 0.002718865 0.1349102 0.2692711 0.002660989 0.1349149 0.2701839 0.001928329 0.1349659 0.2703433 0.001720726 0.1349774 0.2704839 0.00149995 0.1349882 0.2706574 0.001148045 0.1350024 0.2707049 0.001026034 0.1350064 0.270762 8.53125e-4 0.1350114 0.2707836 7.76457e-4 0.1350133 0.270547 0.001384973 0.1349933 0.2706047 0.00126785 0.134998 0.2704839 0.00149995 0.2007834 0.2703433 0.001720726 0.2007942 0.2707836 7.7646e-4 0.2007583 0.270762 8.53125e-4 0.2007602 0.2707049 0.001026034 0.2007651 0.2706573 0.001148343 0.2007692 0.2706047 0.00126785 0.2007736 0.2705468 0.001385271 0.2007783 0.2701839 0.001928329 0.2008057 0.2700071 0.002121269 0.2008175 0.2698142 0.002298116 0.2008294 0.2696065 0.002457439 0.2008409 0.2693858 0.002598047 0.2008517 0.2692708 0.002661108 0.2008567 0.2691537 0.002718865 0.2008614 0.2690339 0.002771615 0.2008658 0.2689118 0.002819061 0.2008699 0.2687882 0.002861022 0.2008734 0.2686623 0.002897739 0.2008767 0.2685351 0.002928853 0.2008794 0.2684068 0.002954423 0.2008817 0.2682774 0.002974331 0.2008835 0.2681473 0.002988576 0.2008848 0.2708147 -6.49336e-4 0.2007555 0.2708402 -5.20945e-4 0.2007533 0.2708601 -3.91526e-4 0.2007515 0.2708744 -2.61467e-4 0.2007502 0.270883 -1.31055e-4 0.2007494 0.2708858 0 0.2007492 0.270883 1.31219e-4 0.2007494 0.2708744 2.61467e-4 0.2007502 0.2708601 3.91688e-4 0.2007515 0.2708402 5.20945e-4 0.2007533 0.2708147 6.49183e-4 0.2007555 0.2693858 -0.002598047 0.2008517 0.2696065 -0.002457439 0.2008409 0.2698142 -0.002298116 0.2008294 0.2700071 -0.002121269 0.2008175 0.2682775 -0.002974271 0.2008835 0.2681473 -0.002988576 0.2008848 0.2680171 -0.0029971 0.2008855 0.2684068 -0.002954423 0.2008817 0.268535 -0.002928912 0.2008794 0.2686623 -0.002897739 0.2008767 0.2687876 -0.002861201 0.2008734 0.2689118 -0.002819061 0.2008699 0.2690342 -0.002771496 0.2008658 0.2691537 -0.002718865 0.2008614 0.2692711 -0.002660989 0.2008567 0.2701839 -0.001928329 0.2008057 0.2703433 -0.001720726 0.2007942 0.2704839 -0.00149995 0.2007834 0.2706574 -0.001148045 0.2007692 0.2707049 -0.001026034 0.2007651 0.270762 -8.53125e-4 0.2007602 0.2707836 -7.76457e-4 0.2007583 0.270547 -0.001384973 0.2007783 0.2706047 -0.00126785 0.2007736 0.2652878 -0.00149995 0.2007834 0.2654284 -0.001720726 0.2007942 0.264988 -7.7646e-4 0.2007583 0.2650097 -8.53125e-4 0.2007602 0.2650668 -0.001026034 0.2007651 0.2651143 -0.001148343 0.2007692 0.2651669 -0.00126785 0.2007736 0.2652248 -0.001385271 0.2007783 0.2655877 -0.001928329 0.2008057 0.2657645 -0.002121269 0.2008175 0.2659574 -0.002298116 0.2008294 0.2661651 -0.002457439 0.2008409 0.2663858 -0.002598047 0.2008517 0.2665008 -0.002661108 0.2008567 0.266618 -0.002718865 0.2008614 0.2667378 -0.002771615 0.2008658 0.2668598 -0.002819061 0.2008699 0.2669835 -0.002861022 0.2008734 0.2671093 -0.002897739 0.2008767 0.2672365 -0.002928853 0.2008794 0.2673649 -0.002954423 0.2008817 0.2674943 -0.002974331 0.2008835 0.2676243 -0.002988576 0.2008848 0.264957 6.49336e-4 0.2007555 0.2649314 5.20945e-4 0.2007533 0.2649115 3.91526e-4 0.2007515 0.2648972 2.61467e-4 0.2007502 0.2648887 1.31055e-4 0.2007494 0.2648858 0 0.2007492 0.2648887 -1.31219e-4 0.2007494 0.2648972 -2.61467e-4 0.2007502 0.2649115 -3.91688e-4 0.2007515 0.2649314 -5.20945e-4 0.2007533 0.2649569 -6.49183e-4 0.2007555 0.2663858 0.002598047 0.2008517 0.2661651 0.002457439 0.2008409 0.2659574 0.002298116 0.2008294 0.2657645 0.002121269 0.2008175 0.2674942 0.002974271 0.2008835 0.2676243 0.002988576 0.2008848 0.2677546 0.0029971 0.2008855 0.2673649 0.002954423 0.2008817 0.2672367 0.002928912 0.2008794 0.2671093 0.002897739 0.2008767 0.2669841 0.002861201 0.2008734 0.2668598 0.002819061 0.2008699 0.2667375 0.002771496 0.2008658 0.266618 0.002718865 0.2008614 0.2665005 0.002660989 0.2008567 0.2655877 0.001928329 0.2008057 0.2654284 0.001720726 0.2007942 0.2652878 0.00149995 0.2007834 0.2651142 0.001148045 0.2007692 0.2650668 0.001026034 0.2007651 0.2650097 8.53125e-4 0.2007602 0.264988 7.76457e-4 0.2007583 0.2652246 0.001384973 0.2007783 0.2651669 0.00126785 0.2007736</float_array>
          <technique_common>
            <accessor source="#trapezoid__12-mesh-positions-array" count="1250" stride="3">
              <param name="X" type="float"/>
              <param name="Y" type="float"/>
              <param name="Z" type="float"/>
            </accessor>
          </technique_common>
        </source>
        <source id="trapezoid__12-mesh-normals">
          <float_array id="trapezoid__12-mesh-normals-array" count="6747">-8.85059e-7 0.02192181 0.9997597 0 0.06541413 0.9978582 0 0.06544339 0.9978564 0 0.1089719 0.9940448 -3.31087e-7 0.1089705 0.994045 0 0.1521127 0.9883632 0 0.1521112 0.9883634 0 0.1950005 0.9808032 -1.82055e-6 0.1949988 0.9808035 -5.53379e-6 0.2376775 0.9713442 1.44167e-6 0.2376829 0.9713428 0 0.2716156 0.9624058 1.38885e-4 0.279785 0.9600627 -2.19031e-4 0.3133949 0.9496229 0 0.3214263 0.9469347 0 0.3624894 0.931988 -1.64763e-6 0.362487 0.9319889 0 0.402774 0.9152995 0 0.4027724 0.9153003 0 0.442269 0.8968825 8.2423e-7 0.4422696 0.8968823 0 0.4810369 0.8767005 0 0.4810385 0.8766996 0 0.5373056 0.8433877 0 0.5373042 0.8433886 0 0.6087629 0.7933523 0 0.6087614 0.7933534 0 0.6755679 0.7372978 0 0.6755703 0.7372956 0 0.7373004 0.675565 0 0.7372959 0.67557 0 0.7933506 0.6087651 0 0.793354 0.6087607 0 0.8433935 0.5372965 0 0.8433957 0.537293 0 0.8767275 0.4809874 -2.06592e-6 0.8767204 0.4810006 0 0.8969074 0.4422184 0 0.896911 0.4422111 0 0.9152983 0.4027768 -1.17895e-6 0.9152937 0.4027872 0 0.9320091 0.362435 0 0.9320143 0.3624216 0 0.946911 0.321496 -1.36697e-6 0.9469217 0.3214645 1.38644e-6 0.9600459 0.2798426 0 0.9600378 0.2798707 0 0.9713422 0.2376853 5.22033e-7 0.9713433 0.237681 1.39031e-6 0.9807907 0.1950631 0 0.9807875 0.1950791 0 0.9883663 0.1520924 -3.56775e-7 0.9883669 0.1520891 6.95988e-7 0.99406 0.108833 0 0.9940605 0.1088299 0 0.9978587 0.06540817 -1.95334e-7 0.997859 0.06540334 0 0.9997618 0.02182382 0 0.999762 0.02181851 0 0.9997631 -0.02177041 0 0.9997632 -0.02176481 0 0.9978621 -0.06535542 0 0.9978621 -0.0653547 0 0.9940505 -0.1089209 -1.8396e-7 0.9940514 -0.1089118 -6.9614e-7 0.9883569 -0.1521539 0 0.9883553 -0.1521643 0 0.9807775 -0.1951303 0 0.9807779 -0.1951277 0 0.9713364 -0.2377094 0 0.9713357 -0.2377123 0 0.9600526 -0.2798196 5.8292e-7 0.9600521 -0.2798213 0 0.9469394 -0.3214126 0 0.9469386 -0.3214147 0 0.9320229 -0.3623995 1.5182e-6 0.9320232 -0.362399 0 0.9153282 -0.402709 0 0.9153258 -0.4027142 0 0.8968517 -0.4423314 -2.77328e-6 0.8968437 -0.4423477 0 0.876695 -0.4810469 0 0.8767008 -0.481036 0 0.8433947 -0.5372946 0 0.8433945 -0.537295 0 0.793352 -0.6087633 0 0.7933527 -0.6087625 0 0.737273 -0.6755949 0 0.7372726 -0.6755954 0 0.6755974 -0.7372707 0 0.6756011 -0.7372674 0 0.6087614 -0.7933534 0 0.6087629 -0.7933523 0 0.5373048 -0.8433883 0 0.5373053 -0.8433879 0 0.4809968 -0.8767223 -1.30571e-6 0.4809938 -0.876724 0 0.4423999 -0.8968179 0 0.4424005 -0.8968176 0 0.4026902 -0.9153363 1.50923e-6 0.4026988 -0.9153326 0 0.36237 -0.9320344 0 0.3623601 -0.9320382 0 0.3214269 -0.9469345 -2.2501e-4 0.3133209 -0.9496473 1.35823e-4 0.2797699 -0.9600672 0 0.2716055 -0.9624087 0 0.237791 -0.9713165 2.33701e-6 0.2378001 -0.9713141 0 0.1951023 -0.9807829 0 0.1950966 -0.9807841 0 0.1521594 -0.988356 -2.12499e-6 0.1521644 -0.9883552 0 0.1088904 -0.9940538 0 0.1088861 -0.9940543 0 0.06547701 -0.9978542 1.03346e-6 0.06547623 -0.9978542 0 0.021739 -0.9997637 0 0.02173948 -0.9997637 0 -0.02179831 -0.9997624 0 -0.02179825 -0.9997624 0 -0.06552821 -0.9978507 0 -0.06552773 -0.9978508 0 -0.1088591 -0.9940572 4.02547e-6 -0.1088584 -0.9940572 -5.54392e-6 -0.1521127 -0.9883632 0 -0.1521112 -0.9883634 0 -0.1951099 -0.9807814 1.12894e-6 -0.1951095 -0.9807814 0 -0.2376775 -0.9713442 -3.97812e-6 -0.2376829 -0.9713428 0 -0.2716156 -0.9624058 1.33334e-4 -0.2796794 -0.9600934 -2.30983e-4 -0.313323 -0.9496466 0 -0.3214263 -0.9469347 0 -0.3624894 -0.931988 1.2924e-6 -0.362487 -0.9319889 0 -0.402774 -0.9152995 0 -0.4027724 -0.9153003 0 -0.4423604 -0.8968374 9.41802e-7 -0.4423609 -0.8968372 0 -0.4809495 -0.8767483 0 -0.4809511 -0.8767475 0 -0.5373056 -0.8433877 0 -0.5373042 -0.8433886 0 -0.6087629 -0.7933523 0 -0.6087614 -0.7933534 0 -0.6756011 -0.7372674 0 -0.6755974 -0.7372707 0 -0.7372751 -0.6755927 0 -0.7372705 -0.6755977 0 -0.7933506 -0.6087651 0 -0.793354 -0.6087607 0 -0.8433935 -0.5372965 0 -0.8433957 -0.537293 0 -0.8767545 -0.4809384 0 -0.8767473 -0.4809514 0 -0.8968846 -0.4422648 0 -0.8968881 -0.4422575 0 -0.9153164 -0.4027358 1.0094e-6 -0.9153126 -0.4027442 0 -0.9319944 -0.3624725 0 -0.931999 -0.362461 0 -0.9469231 -0.3214604 -4.47914e-7 -0.9469212 -0.3214658 0 -0.9600372 -0.2798724 0 -0.9600378 -0.2798707 0 -0.9713485 -0.2376596 0 -0.9713433 -0.2376806 0 -0.9807866 -0.1950844 0 -0.9807875 -0.1950791 0 -0.9883663 -0.1520924 2.19091e-7 -0.9883669 -0.1520891 6.95988e-7 -0.99406 -0.108833 0 -0.9940605 -0.1088299 0 -0.9978587 -0.06540817 0 -0.997859 -0.06540334 0 -0.9997618 -0.02182382 0 -0.999762 -0.02181851 0 -0.9997631 0.02177041 0 -0.9997632 0.02176481 0 -0.9978621 0.06535542 0 -0.9978621 0.0653547 0 -0.9940518 0.1089088 0 -0.9940515 0.1089116 6.96216e-7 -0.9883543 0.1521706 0 -0.9883553 0.1521643 0 -0.9807816 0.195109 0 -0.9807823 0.1951053 0 -0.9713301 0.237735 0 -0.9713291 0.2377393 0 -0.9600526 0.2798196 -6.88961e-7 -0.9600521 0.2798213 -1.38855e-6 -0.9469394 0.3214126 0 -0.9469386 0.3214147 0 -0.9320229 0.3623995 -1.03002e-6 -0.9320232 0.362399 -2.77145e-6 -0.9153282 0.402709 0 -0.9153258 0.4027142 0 -0.8968517 0.4423314 1.7078e-6 -0.8968655 0.4423035 0 -0.876695 0.4810469 0 -0.8766738 0.4810854 0 -0.8433947 0.5372946 0 -0.8433945 0.537295 0 -0.793352 0.6087633 0 -0.7933527 0.6087625 0 -0.7372984 0.6755672 0 -0.7372979 0.6755678 0 -0.6755673 0.7372984 0 -0.6755709 0.737295 0 -0.6087614 0.7933534 0 -0.6087629 0.7933523 0 -0.5373048 0.8433883 0 -0.5373053 0.8433879 0 -0.4810844 0.8766743 9.42574e-7 -0.4810814 0.876676 5.52772e-6 -0.4423088 0.8968629 0 -0.4423093 0.8968626 0 -0.4026902 0.9153363 7.98818e-7 -0.4026988 0.9153326 0 -0.36237 0.9320344 0 -0.3623601 0.9320382 0 -0.3214269 0.9469345 -2.1903e-4 -0.3133937 0.9496233 1.33047e-4 -0.2798759 0.9600363 0 -0.2716055 0.9624087 0 -0.2376824 0.971343 -9.7275e-7 -0.2376928 0.9713404 0 -0.1951023 0.9807829 2.88588e-6 0.02191168 0.9997599 -1.27345e-5 0 1 -5.53252e-6 -0.02183336 0.9997617 1.14152e-6 -0.02186214 0.999761 0 -0.06536316 0.9978616 0 -0.0653916 0.9978597 0 -0.108998 0.994042 -2.41546e-6 -0.1090024 0.9940415 0 -0.1521644 0.9883552 0 -0.1521594 0.988356 0 -0.1950966 0.9807841 -2.10472e-7 0.0218082 -0.9997622 0 0.06552821 -0.9978508 0 0.06555676 -0.9978489 0 0.1088584 -0.9940573 -4.02547e-6 0.1088585 -0.9940572 5.54392e-6 0.152114 -0.988363 0 0.1521112 -0.9883634 0 0.1951097 -0.9807814 -1.12894e-6 0.1951082 -0.9807818 0 0.2376788 -0.9713438 3.97812e-6 0.2376821 -0.9713431 0 0.2716147 -0.9624062 -1.33334e-4 0.2796788 -0.9600937 2.30984e-4 0.3133195 -0.9496478 0 0.3214263 -0.9469347 0 0.3624874 -0.9319887 -1.2924e-6 0.3624898 -0.9319878 0 0.4027727 -0.9153001 0 0.4027724 -0.9153003 0 0.4423604 -0.8968374 -9.41799e-7 0.4423598 -0.8968377 0 0.4809468 -0.8767499 0 0.4809501 -0.876748 0 0.5373029 -0.8433894 0 0.5373069 -0.8433869 0 0.6087699 -0.793347 0 0.6087558 -0.7933577 0 0.6755995 -0.7372689 0 0.6756005 -0.7372679 0 0.7372776 -0.6755899 0 0.7372719 -0.6755962 0 0.7933533 -0.6087616 0 0.7933546 -0.6087598 0 0.8433941 -0.5372955 0 0.8433909 -0.5373006 0 0.8767545 -0.4809384 0 0.8767485 -0.4809493 0 0.8968846 -0.4422649 0 0.8968871 -0.4422597 0 0.9153155 -0.4027379 -1.00939e-6 0.9153135 -0.4027422 0 0.9319947 -0.362472 0 0.9320005 -0.3624573 0 0.9469243 -0.321457 4.47926e-7 0.9469192 -0.3214718 0 0.9600368 -0.2798739 0 0.9600375 -0.2798718 0 0.9713489 -0.2376584 0 0.9713437 -0.2376793 0 0.980786 -0.1950865 0 0.9807881 -0.1950764 0 0.9883664 -0.1520916 -2.19091e-7 0.9883669 -0.1520891 -6.95973e-7 0.9940603 -0.1088306 0 0.99406 -0.1088339 0 0.9978587 -0.06540745 0 0.997859 -0.06540411 0 0.9997618 -0.02182382 0 0.999762 -0.02181851 0 0.999763 0.02177053 0 0.9997631 0.02176469 0 0.9978621 0.06535542 0 0.9978621 0.0653547 0 0.9940519 0.1089076 0 0.9940514 0.1089122 -6.96227e-7 0.9883534 0.1521758 0 0.9883553 0.1521643 0 0.980782 0.1951074 0 0.9807828 0.1951032 0 0.9713304 0.2377338 0 0.9713291 0.2377393 0 0.9600514 0.2798236 6.88958e-7 0.9600526 0.2798198 1.38855e-6 0.9469388 0.3214143 0 0.9469389 0.3214137 0 0.9320237 0.3623976 1.03002e-6 0.932024 0.3623965 2.77144e-6 0.915329 0.4027069 0 0.9153258 0.4027142 0 0.8968517 0.4423314 -1.70781e-6 0.8968644 0.4423056 0 0.8766911 0.4810539 0 0.8766751 0.481083 0 0.8433947 0.5372946 0 0.8433902 0.5373015 0 0.7933546 0.6087598 0 0.7933533 0.6087616 0 0.7373023 0.675563 0 0.7372979 0.6755678 0 0.6755673 0.7372984 0 0.6755693 0.7372966 0 0.6087697 0.793347 0 0.6087559 0.7933577 0 0.537299 0.8433919 0 0.5373108 0.8433843 0 0.4810813 0.876676 -9.42574e-7 0.4810787 0.8766775 -5.52771e-6 0.442311 0.8968618 0 0.4423049 0.8968648 0 0.4026879 0.9153373 -7.98815e-7 0.4027001 0.9153321 0 0.3623666 0.9320357 0 0.362365 0.9320363 0 0.3214219 0.9469361 2.19029e-4 0.3133982 0.9496219 -1.33046e-4 0.2798752 0.9600365 0 0.2716046 0.962409 0 0.2376841 0.9713425 9.72751e-7 0.2376902 0.9713411 0 0.1950997 0.9807835 0 0.1950979 0.9807838 0 0.1521608 0.9883558 -2.4284e-6 0.152163 0.9883554 0 0.1090017 0.9940416 0 0.1089993 0.9940418 0 0.06536394 0.9978615 -1.32597e-6 0.06536251 0.9978616 0 0.02185279 0.9997613 0 0.02185338 0.9997612 0 -0.02191174 0.9997599 2.35702e-6 -0.02191174 0.99976 0 -0.06541484 0.9978582 0 -0.06541371 0.9978583 0 -0.1089719 0.9940448 3.31087e-7 -0.1089706 0.994045 0 -0.152114 0.988363 0 -0.1521112 0.9883634 0 -0.1950004 0.9808032 1.82055e-6 -0.1949988 0.9808035 5.53378e-6 -0.2376788 0.9713438 -1.44168e-6 -0.2376821 0.9713431 0 -0.2716147 0.9624062 -1.38885e-4 -0.2797837 0.960063 2.1903e-4 -0.3133967 0.9496223 0 -0.3214263 0.9469347 0 -0.3624874 0.9319887 1.64763e-6 -0.3624898 0.9319878 0 -0.4027727 0.9153001 0 -0.4027724 0.9153003 0 -0.4422668 0.8968836 -8.24227e-7 -0.4422706 0.8968816 0 -0.4810363 0.8767008 0 -0.4810354 0.8767012 0 -0.5373029 0.8433894 0 -0.5373069 0.8433869 0 -0.6087699 0.793347 0 -0.6087558 0.7933577 0 -0.6755663 0.7372993 0 -0.6755703 0.7372956 0 -0.7373055 0.6755595 0 -0.7372947 0.6755713 0 -0.7933533 0.6087616 0 -0.7933546 0.6087598 0 -0.8433941 0.5372955 0 -0.8433909 0.5373006 0 -0.8767313 0.4809803 2.06593e-6 -0.8767202 0.4810007 0 -0.8969063 0.4422207 0 -0.896911 0.4422111 0 -0.9152992 0.4027748 1.17895e-6 -0.9152937 0.4027872 0 -0.9320107 0.3624307 0 -0.9320151 0.3624197 0 -0.9469127 0.3214909 1.36701e-6 -0.9469196 0.3214706 -1.38644e-6 -0.9600464 0.2798411 0 -0.9600375 0.2798718 0 -0.9713419 0.2376866 -5.22027e-7 -0.971344 0.2376784 -1.39031e-6 -0.9807907 0.1950631 0 -0.9807881 0.1950764 0 -0.9883664 0.1520916 3.56775e-7 -0.9883669 0.1520891 -6.95973e-7 -0.9940603 0.1088306 0 -0.99406 0.1088339 0 -0.9978587 0.06540745 1.95336e-7 -0.997859 0.06540411 0 -0.9997618 0.02182382 0 -0.999762 0.02181851 0 -0.999763 -0.02177053 0 -0.9997631 -0.02176469 0 -0.9978621 -0.06535542 0 -0.9978621 -0.0653547 0 -0.9940506 -0.1089197 1.8396e-7 -0.9940514 -0.1089118 6.96143e-7 -0.9883563 -0.1521574 0 -0.9883553 -0.1521643 0 -0.9807778 -0.1951287 0 -0.9807782 -0.1951266 0 -0.9713367 -0.2377081 0 -0.971336 -0.237711 0 -0.9600514 -0.2798236 -5.82917e-7 -0.9600526 -0.2798198 0 -0.9469388 -0.3214143 0 -0.9469389 -0.3214137 0 -0.9320237 -0.3623976 -1.5182e-6 -0.932024 -0.3623965 0 -0.915329 -0.4027069 0 -0.9153258 -0.4027142 0 -0.8968517 -0.4423314 2.77331e-6 -0.8968416 -0.4423521 0 -0.8766936 -0.4810492 0 -0.8767008 -0.481036 0 -0.8433947 -0.5372946 0 -0.8433902 -0.5373015 0 -0.7933546 -0.6087598 0 -0.7933533 -0.6087616 0 -0.7372744 -0.6755934 0 -0.6756024 -0.7372661 0 -0.6087697 -0.793347 0 -0.6087559 -0.7933577 0 -0.537299 -0.8433919 0 -0.5373108 -0.8433843 0 -0.4809916 -0.8767253 1.3057e-6 -0.4809932 -0.8767243 0 -0.4423999 -0.8968179 0 -0.4423983 -0.8968188 0 -0.4026879 -0.9153373 -1.50923e-6 -0.4027001 -0.9153321 0 -0.3623666 -0.9320357 0 -0.362365 -0.9320363 0 -0.3214219 -0.9469361 2.25009e-4 -0.3133219 -0.949647 -1.35822e-4 -0.2797691 -0.9600673 0 -0.2716046 -0.962409 0 -0.2377888 -0.9713169 -2.33701e-6 -0.2377975 -0.9713148 0 -0.1950997 -0.9807835 2.86432e-6 0.02179837 -0.9997624 0 0 -1 -5.53255e-6 -0.02171957 -0.9997642 2.40207e-6 -0.02174842 -0.9997636 0 -0.06547623 -0.9978542 0 -0.06550472 -0.9978523 0 -0.1088861 -0.9940543 -2.1137e-6 -0.1088898 -0.9940539 0 -0.152163 -0.9883554 0 -0.1521608 -0.9883558 0 -0.1950979 -0.9807839 0 1 0 0 1 -3.79462e-7 0 1 0 0 1 1.2649e-7 0 1 -5.05958e-7 0 1 5.0595e-7 0 1 1.0119e-6 0 1 -1.01191e-6 0 1 -8.78756e-7 0 1 -1.0119e-6 0 1 1.0119e-6 0 1 -8.78759e-7 0 1 -1.0119e-6 0 1 4.3938e-7 0 1 4.39373e-7 0 1 -4.39392e-7 0 1 1.01189e-6 0 1 4.39386e-7 0 1 0 0 1 -1.64767e-7 0 1 1.64767e-7 0 1 2.52979e-7 0 1 -2.19687e-7 0 1 -2.52975e-7 0 1 2.19693e-7 0 1 -1.26487e-7 0 1 -4.3938e-7 0 1 3.79469e-7 0 1 -4.39373e-7 0 1 0 0 1 -1.26485e-7 0 1 8.78772e-7 0 1 -5.0595e-7 0 1 8.78759e-7 0 1 -1.01192e-6 0 1 8.7875e-7 0 1 8.78739e-7 0 1 -8.78772e-7 0 1 1.01191e-6 0 1 8.78747e-7 0 1 -1.01191e-6 0 1 1.01191e-6 0 1 1.6477e-7 0 1 0 0 -1 0 0 -1 -1.0119e-6 0 -1 1.0119e-6 0 -1 8.78759e-7 0 -1 1.01189e-6 0 -1 1.01191e-6 0 -1 -4.3938e-7 0 -1 -4.39373e-7 0 -1 4.39392e-7 0 -1 -1.01189e-6 0 -1 -4.39386e-7 0 -1 0 0 -1 1.64767e-7 0 -1 -1.64767e-7 0 -1 -2.52983e-7 0 -1 2.19687e-7 0 -1 2.52975e-7 0 -1 -2.19693e-7 0 -1 1.2649e-7 0 -1 4.3938e-7 0 -1 -3.79469e-7 0 -1 4.39373e-7 0 -1 0 0 -1 1.26485e-7 0 -1 2.52979e-7 0 -1 -5.0595e-7 0 -1 -8.78772e-7 0 -1 5.0595e-7 0 -1 -8.78765e-7 0 -1 1.01192e-6 0 -1 -8.78753e-7 0 -1 1.01193e-6 0 -1 -8.78736e-7 0 -1 8.78772e-7 0 -1 -1.01192e-6 0 -1 1.01191e-6 0 -1 -1.01191e-6 0 -1 3.79456e-7 0 -1 0 0 -1 -1.2649e-7 0 -1 5.05958e-7 -0.001774311 0 -0.9999985 0.001628696 0 -0.9999987 0.002070069 0 0.9999979 -0.002070069 0 0.9999979 0.9999983 0 -0.001825809 0.9999983 0 0.001826345 -0.9999986 0 0.001712203 -0.9999986 0 -0.001711726 -0.999021 -0.002818226 -0.04415124 -0.9987655 -0.002114951 -0.04962903 -0.9985006 -0.001558005 -0.05471849 -0.9999083 -0.009511172 -0.009646296 -0.9990479 -8.75807e-4 -0.04361897 -0.9999869 -3.25226e-5 -0.005138099 -0.9999983 0 -0.001820981 -0.9998751 -0.008567452 -0.01328372 -0.9998249 -0.00784707 -0.01698839 -0.9997664 -0.006991803 -0.02045297 -0.999696 -0.006264269 -0.02384847 -0.9996112 -0.005661427 -0.02730202 -0.9995219 -0.004967927 -0.03051912 -0.9994194 -0.004459023 -0.03378009 -0.9993128 -0.003883719 -0.03686225 -0.9992002 -0.003443956 -0.03983902 -0.9982357 -0.001124203 -0.05936664 -0.9979717 -7.85206e-4 -0.06365424 -0.9977285 -5.64891e-4 -0.06736135 -0.9975466 -4.36645e-4 -0.07000637 -0.9974573 -3.35528e-4 -0.07126629 -0.9973329 -2.81422e-4 -0.07298612 -0.9972325 -2.20308e-4 -0.07434588 -0.9971638 -1.78447e-4 -0.07526308 -0.9970937 -1.68164e-4 -0.07618558 -0.9970089 -1.1702e-4 -0.07728701 -0.9969487 -1.04898e-4 -0.07805997 -0.9969286 -9.22228e-5 -0.07831621 -0.9968945 -1.14744e-4 -0.07874912 -0.9967414 -8.6283e-5 -0.0806638 -0.996751 -1.00221e-4 -0.08054584 -0.9967662 1.7305e-4 -0.0803579 -0.9967364 0 -0.08072543 -0.9969039 1.14534e-4 -0.07863038 -0.996923 9.77642e-5 -0.07838857 -0.9969272 1.04544e-4 -0.07833462 -0.9970266 1.46691e-4 -0.07705861 -0.9970755 1.64674e-4 -0.07642364 -0.9971808 2.01045e-4 -0.07503646 -0.9972279 2.01314e-4 -0.07440829 -0.9973377 2.95982e-4 -0.07292079 -0.9974532 3.34626e-4 -0.07132405 -0.9975529 4.06272e-4 -0.06991571 -0.9977285 5.64891e-4 -0.06736135 -0.9979717 7.85206e-4 -0.06365424 -0.9982356 0.001135826 -0.05936664 -0.9985006 0.001558005 -0.05471849 -0.9987655 0.002114951 -0.04962903 -0.999021 0.002818226 -0.0441513 -0.9991985 0.003424406 -0.03988307 -0.9993138 0.003903567 -0.03683644 -0.9994223 0.004410505 -0.03370004 -0.9995197 0.004987239 -0.03058552 -0.9996129 0.005648314 -0.02724641 -0.9996948 0.006278753 -0.02389562 -0.9997655 0.007029235 -0.02048528 -0.9998255 0.007831335 -0.0169593 -0.9998743 0.008599638 -0.01332813 -0.9990475 0.001253426 -0.04361879 -0.9999632 1.11803e-4 -0.008586287 -0.9999863 3.24422e-5 -0.005239367 -0.999021 0.002818226 0.04415124 -0.9987647 0.002115666 0.04964518 -0.9985006 0.001574218 0.05471849 -0.9999084 0.009508371 0.009643495 -0.9990479 8.75807e-4 0.04361897 -0.9999869 3.25226e-5 0.005138099 -0.9999983 0 0.001821815 -0.9998751 0.008569896 0.01328754 -0.9998249 0.00784707 0.01698839 -0.9997664 0.006992399 0.02045482 -0.9996961 0.006262481 0.02384155 -0.999611 0.005663096 0.02730995 -0.999522 0.004956305 0.03051745 -0.9994197 0.004457712 0.03377014 -0.9993126 0.003847479 0.03687328 -0.9992009 0.003454208 0.0398212 -0.9982363 0.001100838 0.05935567 -0.9979709 7.85365e-4 0.06366711 -0.9977287 5.64881e-4 0.06736016 -0.9975441 4.05658e-4 0.07004123 -0.9974573 3.35528e-4 0.07126629 -0.9973377 2.81173e-4 0.07292157 -0.9972325 2.20308e-4 0.07434588 -0.9971638 1.78447e-4 0.07526308 -0.9970892 1.68294e-4 0.07624441 -0.9969977 1.17239e-4 0.07743155 -0.9969555 1.04781e-4 0.077973 -0.9969366 9.21033e-5 0.0782147 -0.9968717 1.15165e-4 0.07903844 -0.9967586 8.60461e-5 0.08045178 -0.996755 1.08254e-4 0.08049494 -0.9967544 0 0.08050388 -0.9968811 -1.14954e-4 0.07891869 -0.9969292 -9.76658e-5 0.07830971 -0.9969204 -1.0466e-4 0.07842177 -0.9970266 -1.46691e-4 0.07705861 -0.9970702 -1.64822e-4 0.07649224 -0.9971808 -2.01045e-4 0.07503646 -0.9972279 -2.01314e-4 0.07440829 -0.9973419 -2.95751e-4 0.07286393 -0.9974477 -3.68482e-4 0.07140034 -0.9975529 -4.06272e-4 0.06991571 -0.9977287 -5.64881e-4 0.06736016 -0.9979709 -7.85365e-4 0.06366711 -0.9982363 -0.001112401 0.05935567 -0.9985006 -0.001574218 0.05471849 -0.9987647 -0.002115666 0.04964518 -0.999021 -0.002818226 0.0441513 -0.9991992 -0.003422975 0.03986632 -0.9993134 -0.0039047 0.03684735 -0.9994219 -0.004411756 0.03370994 -0.9995201 -0.004985153 0.03057265 -0.9996129 -0.005648314 0.02724641 -0.9996948 -0.006278753 0.02389562 -0.9997658 -0.006969213 0.02048754 -0.9998255 -0.007831335 0.0169593 -0.9998742 -0.008602142 0.013332 -0.9990475 -0.001253426 0.04361879 -0.9999632 -1.11769e-4 0.008583724 -0.9999863 -3.24432e-5 0.005239546 0.999021 -0.002818226 0.04415124 0.9987647 -0.002115666 0.04964518 0.9985045 -0.001555323 0.05464857 0.9999073 -0.009508371 0.009755074 0.9990479 -8.76721e-4 0.04361897 0.9999875 -3.25226e-5 0.005023896 0.9999983 0 0.001821815 0.9998751 -0.008569896 0.01328754 0.9998273 -0.007775127 0.01687747 0.9997659 -0.007062077 0.02045506 0.9996908 -0.006262421 0.02406501 0.9996145 -0.005590498 0.02719688 0.9995217 -0.005004167 0.03051745 0.9994195 -0.004494547 0.03377014 0.9993168 -0.003884851 0.03675597 0.9991964 -0.003383457 0.03994095 0.9982317 -0.001135587 0.05943292 0.9979764 -7.85369e-4 0.06358271 0.9977221 -5.47225e-4 0.06745731 0.9975591 -4.36869e-4 0.06982666 0.9974405 -3.35522e-4 0.07150101 0.9973377 -2.74315e-4 0.07292157 0.9972325 -2.0028e-4 0.07434588 0.9971638 -2.23059e-4 0.07526308 0.9970892 -1.61943e-4 0.07624441 0.9970306 -8.79319e-5 0.07700705 0.9969151 -1.39702e-4 0.07848787 0.9969366 -1.16484e-4 0.0782147 0.9969391 -5.75866e-5 0.07818233 0.9967584 -8.60461e-5 0.08045363 0.9965459 -1.05429e-4 0.08304369 0.9965497 0 0.08299779 0.9967534 8.60457e-5 0.0805152 0.9969484 5.74809e-5 0.0780642 0.9969292 9.76658e-5 0.07830971 0.9969204 1.39547e-4 0.07842177 0.9970266 1.17352e-4 0.07705861 0.997042 9.82563e-5 0.07685935 0.9972047 2.68066e-4 0.07471859 0.9972065 2.01309e-4 0.07469475 0.9973605 2.77556e-4 0.07260936 0.9974477 3.34984e-4 0.07140034 0.9975529 4.37523e-4 0.06991571 0.9977221 5.47225e-4 0.06745731 0.9979764 7.85369e-4 0.06358271 0.9982317 0.001135587 0.05943292 0.9985045 0.001555323 0.05464857 0.9987646 0.002135992 0.04964512 0.9990209 0.002837657 0.0441513 0.9991992 0.003413498 0.03986632 0.9993134 0.003867506 0.03684735 0.9994216 0.004485309 0.03370994 0.99952 0.005033135 0.03057265 0.9996106 0.005503475 0.02735924 0.9996943 0.006350874 0.02389603 0.9997652 0.007061541 0.02048778 0.999828 0.007759511 0.01684844 0.9998742 0.008602142 0.013332 0.9990476 0.001254916 0.04361879 0.9999623 1.11769e-4 0.008698403 0.9999876 3.24433e-5 0.005011618 0.999021 0.002818226 -0.04415124 0.9987655 0.002114951 -0.04962903 0.9985045 0.001568794 -0.05464857 0.9999073 0.009511113 -0.009757876 0.9990479 8.76721e-4 -0.04361897 0.9999875 3.25226e-5 -0.005023896 0.9999983 0 -0.001820981 0.9998751 0.008567452 -0.01328372 0.9998273 0.007775127 -0.01687747 0.9997659 0.007061421 -0.02045327 0.9996906 0.006264209 -0.02407193 0.9996147 0.005588889 -0.02718901 0.9995216 0.005027234 -0.03051912 0.9994193 0.004495859 -0.03378009 0.9993168 0.003958404 -0.03674501 0.9991957 0.003361344 -0.03995883 0.9982311 0.001112639 -0.05944395 0.9979771 7.8521e-4 -0.06356984 0.997722 5.47235e-4 -0.06745851 0.9975615 4.36651e-4 -0.06979191 0.9974405 3.35522e-4 -0.07150101 0.9973329 2.74558e-4 -0.07298612 0.9972325 2.0028e-4 -0.07434588 0.9971638 2.23059e-4 -0.07526308 0.9970937 1.17398e-4 -0.07618558 0.9970417 1.4628e-4 -0.07686328 0.9969082 1.04894e-4 -0.07857543 0.9969286 1.16635e-4 -0.07831621 0.9969615 5.73758e-5 -0.07789611 0.9967398 8.62829e-5 -0.08068442 0.9965554 1.41697e-4 -0.08293008 0.9967355 -8.62825e-5 -0.08073681 0.9969707 -1.14542e-4 -0.07777893 0.996923 -9.77642e-5 -0.07838857 0.9969272 -1.39391e-4 -0.07833462 0.9970266 -1.76029e-4 -0.07705861 0.9970473 -5.38342e-5 -0.07679045 0.9972047 -2.68066e-4 -0.07471859 0.9972065 -2.01309e-4 -0.07469475 0.9973564 -2.77773e-4 -0.07266604 0.9974532 -3.34626e-4 -0.07132405 0.9975529 -4.37523e-4 -0.06991571 0.997722 -5.47235e-4 -0.06745851 0.9979771 -7.8521e-4 -0.06356984 0.9982311 -0.001112639 -0.05944395 0.9985045 -0.001568794 -0.05464857 0.9987655 -0.002135276 -0.04962903 0.9990209 -0.002837657 -0.0441513 0.9991985 -0.003414928 -0.03988307 0.9993138 -0.003866374 -0.03683644 0.999422 -0.004483997 -0.03370004 0.9995195 -0.005035221 -0.03058552 0.9996106 -0.005503475 -0.02735924 0.9996943 -0.006350874 -0.02389603 0.9997654 -0.007038235 -0.02048557 0.9998274 -0.007831335 -0.01684844 0.9998743 -0.008599638 -0.01332813 0.9990476 -0.001254916 -0.04361879 0.9999622 -1.11803e-4 -0.008701026 0.9999875 -3.24422e-5 -0.005011439 -0.04415571 -0.002811908 0.9990207 -0.04979306 -0.002112805 0.9987574 -0.05448329 -0.001558303 0.9985135 -0.009569764 -0.009515404 0.999909 -0.04362034 -8.73939e-4 0.9990478 -0.004763007 -3.63209e-5 0.9999887 -0.002189159 0 0.9999976 -0.01326739 -0.008625566 0.9998748 -0.01726335 -0.007768511 0.9998208 -0.02016162 -0.007001698 0.9997723 -0.02390164 -0.006294846 0.9996945 -0.02729755 -0.00559926 0.9996117 -0.03043276 -0.005007445 0.9995243 -0.03389269 -0.004425346 0.9994157 -0.03706294 -0.003904283 0.9993053 -0.03962993 -0.003445327 0.9992086 -0.05970507 -0.001126945 0.9982154 -0.06363469 -7.93217e-4 0.997973 -0.06735861 -5.49992e-4 0.9977288 -0.0698089 -4.1488e-4 0.9975603 -0.07143032 -3.52452e-4 0.9974457 -0.07300531 -2.76171e-4 0.9973316 -0.07366955 -2.35222e-4 0.9972828 -0.07565861 -1.84017e-4 0.9971339 -0.07611554 -1.63215e-4 0.9970991 -0.07680672 -1.2806e-4 0.9970461 -0.0783441 -1.04925e-4 0.9969265 -0.07801204 -1.04543e-4 0.9969524 -0.08087897 -8.61637e-5 0.996724 -0.07749843 -5.40586e-5 0.9969925 -0.08488982 -4.95554e-5 0.9963904 -0.08307141 5.4083e-5 0.9965437 -0.07727313 5.39015e-5 0.99701 -0.07920569 7.91481e-5 0.9968584 -0.07879191 1.10136e-4 0.9968911 -0.07817184 1.00332e-4 0.9969399 -0.07694762 1.31961e-4 0.9970352 -0.07654643 1.62024e-4 0.9970661 -0.07526898 1.84812e-4 0.9971632 -0.07385337 2.38318e-4 0.9972691 -0.07306641 2.71546e-4 0.9973271 -0.07161295 3.42837e-4 0.9974325 -0.06964391 4.23615e-4 0.9975718 -0.06735861 5.49992e-4 0.9977288 -0.06363469 7.93217e-4 0.997973 -0.05970507 0.001126945 0.9982154 -0.05448329 0.001558303 0.9985135 -0.04979306 0.002112805 0.9987574 -0.04415571 0.002810716 0.9990207 -0.03973674 0.003431379 0.9992043 -0.03696894 0.003917694 0.9993088 -0.03368175 0.004436373 0.9994228 -0.03051733 0.004992127 0.9995218 -0.02717363 0.005618989 0.999615 -0.02429932 0.006278216 0.9996851 -0.02038681 0.007005214 0.9997677 -0.0169993 0.007765829 0.9998254 -0.01328265 0.00861746 0.9998747 -0.04361534 0.001252472 0.9990477 -0.008654892 1.11516e-4 0.9999626 -0.005063295 3.64534e-5 0.9999872 0.04415023 0.002812802 0.9990209 0.04979968 0.002113103 0.9987571 0.05448329 0.001557588 0.9985135 0.009569764 0.009515404 0.999909 0.04362076 8.73904e-4 0.9990478 0.004763007 3.63028e-5 0.9999887 0.002189636 0 0.9999976 0.01326441 0.008623659 0.9998749 0.01726716 0.00777024 0.9998207 0.02016162 0.006998658 0.9997723 0.02389633 0.006293475 0.9996947 0.02730363 0.005605041 0.9996116 0.03043276 0.004997491 0.9995244 0.03389269 0.004425346 0.9994157 0.03706294 0.003908932 0.9993053 0.03962993 0.003443241 0.9992086 0.05970507 0.001128435 0.9982154 0.06363469 7.9005e-4 0.997973 0.06734567 5.53197e-4 0.9977296 0.06983906 4.13111e-4 0.9975582 0.07139694 3.52288e-4 0.997448 0.0730431 2.76601e-4 0.9973288 0.07366955 2.35222e-4 0.9972828 0.07565861 1.7844e-4 0.9971337 0.07611554 1.61033e-4 0.9970991 0.07680672 1.20742e-4 0.9970461 0.07826381 1.13552e-4 0.9969327 0.07811319 1.02473e-4 0.9969445 0.08087897 9.3344e-5 0.996724 0.07752311 3.24455e-5 0.9969906 0.08588331 7.6307e-5 0.9963052 0.07724845 -4.31074e-5 0.997012 0.07920569 -9.35387e-5 0.9968584 0.07889395 -1.02656e-4 0.996883 0.07817244 -9.59706e-5 0.9969398 0.07688218 -1.39173e-4 0.9970403 0.07654643 -1.60248e-4 0.9970661 0.07526898 -1.82012e-4 0.9971632 0.07385337 -2.40826e-4 0.9972691 0.07310414 -2.71972e-4 0.9973244 0.07157945 -3.46881e-4 0.9974349 0.06967395 -4.21854e-4 0.9975697 0.06734567 -5.53197e-4 0.9977296 0.06363469 -7.9005e-4 0.997973 0.05970507 -0.001128435 0.9982154 0.05448329 -0.001557588 0.9985135 0.04979968 -0.002113103 0.9987571 0.04415029 -0.002812802 0.9990209 0.03973674 -0.003429353 0.9992043 0.03696894 -0.003922343 0.9993087 0.03368175 -0.004427194 0.9994228 0.03051733 -0.004993736 0.9995218 0.02717363 -0.005628049 0.9996149 0.02429932 -0.006273686 0.9996851 0.02039128 -0.007008135 0.9997676 0.0169993 -0.007761299 0.9998254 0.01327967 -0.008624553 0.9998747 0.04361575 -0.001252114 0.9990476 0.008654892 -1.11407e-4 0.9999626 0.005064427 -3.64435e-5 0.9999872 0.04415023 -0.002812802 -0.9990209 0.04955613 -0.002113103 -0.9987691 0.05474126 -0.001557588 -0.9984995 0.009714782 -0.009519934 -0.9999075 0.04362076 -8.75038e-4 -0.9990478 0.005060672 -3.75473e-5 -0.9999873 0.001599967 0 -0.9999988 0.01326447 -0.008601129 -0.9998751 0.01683562 -0.007797241 -0.999828 0.0204724 -0.007003128 -0.9997659 0.02418404 -0.006270945 -0.9996879 0.02701342 -0.005605101 -0.9996194 0.03048801 -0.004997491 -0.9995227 0.03389269 -0.004425346 -0.9994157 0.03676444 -0.003927648 -0.9993163 0.03992688 -0.003425061 -0.9991968 0.05942797 -0.001128435 -0.9982321 0.06353372 -7.96389e-4 -0.9979794 0.06748098 -5.54074e-4 -0.9977205 0.06959086 -4.15067e-4 -0.9975755 0.07166397 -3.41796e-4 -0.9974288 0.07295203 -2.76602e-4 -0.9973354 0.0743066 -2.35211e-4 -0.9972354 0.07530379 -1.89598e-4 -0.9971607 0.07602089 -1.52308e-4 -0.9971063 0.07727229 -1.39032e-4 -0.9970101 0.07826381 -1.09185e-4 -0.9969327 0.07849091 -8.95767e-5 -0.9969149 0.07996582 -9.33509e-5 -0.9967977 0.07729744 -7.00939e-5 -0.9970082 0.08370769 -4.7291e-6 -0.9964904 0.08582043 0 -0.9963107 0.07727313 7.00719e-5 -0.99701 0.0801208 9.35319e-5 -0.9967852 0.07802116 8.96184e-5 -0.9969517 0.07817244 1.09058e-4 -0.9969398 0.07734817 1.39168e-4 -0.9970042 0.0764271 1.51369e-4 -0.9970752 0.0749126 1.90418e-4 -0.9971901 0.07481133 2.28267e-4 -0.9971977 0.07263177 2.83397e-4 -0.9973588 0.07184714 3.46875e-4 -0.9974157 0.06942635 4.12141e-4 -0.997587 0.06748098 5.54074e-4 -0.9977205 0.06353372 7.96389e-4 -0.9979794 0.05942797 0.001128435 -0.9982321 0.05474126 0.001557588 -0.9984995 0.04955613 0.002113103 -0.9987691 0.04415029 0.002812802 -0.9990209 0.03970366 0.003429353 -0.9992056 0.03696894 0.003922343 -0.9993087 0.03382933 0.004427134 -0.9994179 0.03048324 0.004993736 -0.9995229 0.02731806 0.005605399 -0.9996111 0.02401018 0.006273746 -0.9996921 0.02045357 0.007008135 -0.9997662 0.01685529 0.00779283 -0.9998277 0.01327967 0.008602023 -0.9998748 0.04362159 0.001253366 -0.9990473 0.008654892 1.12645e-4 -0.9999626 0.005021452 3.78332e-5 -0.9999875 -0.04415571 0.002811908 -0.9990207 -0.04954957 0.002112865 -0.9987695 -0.05474126 0.001558244 -0.9984993 -0.009714782 0.009519934 -0.9999075 -0.04362034 8.75168e-4 -0.9990478 -0.004905104 3.74052e-5 -0.999988 -0.001753449 0 -0.9999985 -0.01326739 0.008598566 -0.9998751 -0.01683187 0.007795512 -0.999828 -0.0204724 0.007001638 -0.999766 -0.02418947 0.006272315 -0.9996878 -0.02700734 0.00559926 -0.9996197 -0.03048801 0.005007445 -0.9995227 -0.03389269 0.004425346 -0.9994157 -0.03676444 0.003922998 -0.9993163 -0.03992688 0.003424763 -0.9991968 -0.05942797 0.001127004 -0.9982321 -0.06353372 7.99555e-4 -0.9979794 -0.06749391 5.5087e-4 -0.9977196 -0.06956076 4.16835e-4 -0.9975777 -0.07169747 3.41956e-4 -0.9974265 -0.0729143 2.76173e-4 -0.9973382 -0.0743066 2.35211e-4 -0.9972354 -0.07530379 1.95174e-4 -0.9971607 -0.07602089 1.5092e-4 -0.9971063 -0.07727229 1.4269e-4 -0.9970101 -0.0783441 1.09297e-4 -0.9969265 -0.07838928 8.57332e-5 -0.9969229 -0.07996582 8.61701e-5 -0.9967977 -0.07749843 8.10879e-5 -0.9969925 -0.08326709 -2.3521e-6 -0.9965274 -0.07727313 -8.08522e-5 -0.99701 -0.0801208 -7.91423e-5 -0.9967852 -0.07792025 -9.13636e-5 -0.9969596 -0.07817184 -1.13419e-4 -0.9969399 -0.07741403 -1.31956e-4 -0.996999 -0.0764271 -1.4979e-4 -0.9970752 -0.0749126 -1.96018e-4 -0.9971901 -0.07481133 -2.28267e-4 -0.9971977 -0.07259428 -2.82965e-4 -0.9973616 -0.07188075 -3.4283e-4 -0.9974132 -0.06939637 -4.13907e-4 -0.9975891 -0.06749391 -5.5087e-4 -0.9977196 -0.06353372 -7.99555e-4 -0.9979794 -0.05942797 -0.001127004 -0.9982321 -0.05474126 -0.001558244 -0.9984993 -0.04954957 -0.002112865 -0.9987695 -0.04415571 -0.002810716 -0.9990207 -0.03970366 -0.003431379 -0.9992056 -0.03696894 -0.003917694 -0.9993088 -0.03382933 -0.004436373 -0.9994178 -0.03048324 -0.004992187 -0.9995229 -0.02731806 -0.005600929 -0.9996111 -0.02401018 -0.006278216 -0.999692 -0.0204491 -0.007005214 -0.9997664 -0.01685523 -0.00779283 -0.9998276 -0.01328265 -0.00859493 -0.999875 -0.04362118 -0.001253664 -0.9990475 -0.008654892 -1.12718e-4 -0.9999626 -0.004967987 -3.76903e-5 -0.9999877 -0.9965469 0 -0.08303266 -0.9914446 0 -0.1305287 -0.9914445 0 -0.1305299 -0.9762962 0 -0.2164389 -0.9762967 0 -0.2164369 -0.9537177 0 -0.3007037 -0.9537169 0 -0.3007064 -0.9238817 0 -0.3826785 -0.9238789 0 -0.3826851 -0.8870095 0 -0.4617514 -0.8870115 0 -0.4617475 -0.8433914 0 -0.5372998 -0.7933525 0 -0.6087625 -0.7372781 0 -0.6755895 -0.6755917 0 -0.737276 -0.6755867 0 -0.7372806 -0.6087602 0 -0.7933543 -0.5373058 0 -0.8433876 -0.5372924 0 -0.843396 -0.4617484 0 -0.8870109 -0.4617558 0 -0.8870071 -0.3826788 0 -0.9238815 -0.3007131 0 -0.9537147 -0.3007046 0 -0.9537174 -0.2164434 0 -0.9762952 -0.2164345 0 -0.9762971 -0.1305317 0 -0.9914442 -0.1305225 0 -0.9914454 -0.08301788 0 -0.9965481 -0.08556252 2.19665e-6 -0.9963329 -0.08301788 0 0.9965481 -0.1305317 0 0.9914442 -0.1305225 0 0.9914454 -0.2164345 0 0.9762971 -0.2164434 0 0.9762952 -0.3007046 0 0.9537174 -0.3826788 0 0.9238815 -0.3826868 0 0.9238782 -0.4617484 0 0.8870109 -0.4617558 0 0.8870071 -0.5372924 0 0.843396 -0.5372992 0 0.8433918 -0.6087661 0 0.7933498 -0.6087602 0 0.7933543 -0.6755867 0 0.7372806 -0.6755917 0 0.737276 -0.7372823 0 0.6755847 -0.7372738 0 0.6755941 -0.7933525 0 0.6087625 -0.8433941 0 0.5372955 -0.8433914 0 0.5372998 -0.8870095 0 0.4617514 -0.8870115 0 0.4617475 -0.9238789 0 0.3826851 -0.9537177 0 0.3007037 -0.9537169 0 0.3007064 -0.9762967 0 0.2164369 -0.9914445 0 0.1305299 -0.9914446 0 0.1305287 -0.9965469 0 0.08303266 -0.9967666 -1.16313e-4 0.080352 0.9965469 0 0.08303266 0.9914451 0 0.1305243 0.991445 0 0.1305255 0.9762957 0 0.2164412 0.9537169 0 0.3007064 0.9537177 0 0.3007037 0.9238789 0 0.3826851 0.8870115 0 0.4617475 0.8870095 0 0.4617514 0.8433934 0 0.5372965 0.8433962 0 0.5372923 0.7933525 0 0.6087625 0.7372716 0 0.6755966 0.7372801 0 0.6755872 0.675594 0 0.7372739 0.6755889 0 0.7372786 0.6087602 0 0.7933543 0.6087661 0 0.7933498 0.5372992 0 0.8433918 0.5372924 0 0.843396 0.461754 0 0.8870081 0.4617466 0 0.887012 0.38269 0 0.9238769 0.382682 0 0.9238802 0.3007046 0 0.9537174 0.2164415 0 0.9762956 0.2164326 0 0.9762976 0.1305225 0 0.9914454 0.1305317 0 0.9914442 0.08306711 0 0.9965441 0.08155894 -5.50691e-5 0.9966686 0.08301788 0 -0.9965481 0.1305225 0 -0.9914454 0.1305317 0 -0.9914442 0.2164326 0 -0.9762976 0.2164415 0 -0.9762956 0.3007046 0 -0.9537174 0.3007131 0 -0.9537147 0.382682 0 -0.9238802 0.461754 0 -0.8870081 0.4617466 0 -0.887012 0.5372924 0 -0.843396 0.5373058 0 -0.8433876 0.6087602 0 -0.7933543 0.6755889 0 -0.7372786 0.675594 0 -0.7372739 0.7372758 0 -0.6755919 0.7933525 0 -0.6087625 0.8433934 0 -0.5372965 0.8870115 0 -0.4617475 0.8870095 0 -0.4617514 0.9238789 0 -0.3826851 0.9238817 0 -0.3826785 0.9537169 0 -0.3007064 0.9537177 0 -0.3007037 0.9762957 0 -0.2164412 0.9762952 0 -0.2164432 0.991445 0 -0.1305255 0.9914451 0 -0.1305243 0.9965469 0 -0.08303266 0.9965789 -1.05031e-4 -0.08264738 0.002072393 0 -0.9999979 -0.00207287 0 -0.9999979 -0.00207287 0 0.9999979 0.002072393 0 0.9999979 0.9999982 0 0.001934766 0.9999982 0 -0.001935899 -0.999998 0 -0.002049803 -0.999998 0 0.002048552 -0.9914459 0 -0.1305183 -0.9944653 -0.005514979 -0.1049212 -0.9941649 -0.004483163 -0.1077789 -0.9939026 -0.004135906 -0.1101838 -0.9935853 -0.003581762 -0.1130295 -0.993191 -0.003163099 -0.1164547 -0.9904877 -0.001260221 -0.1375963 -0.9960591 4.11731e-6 -0.08869177 -0.995979 1.00791e-5 -0.08958709 -0.991751 8.62892e-4 -0.1281766 -0.9926169 0.001912534 -0.1212773 -0.9914457 3.23068e-4 -0.1305191 -0.9959829 -1.85265e-5 -0.08954399 -0.9959843 1.95475e-5 -0.0895279 -0.9973653 -2.50396e-4 -0.07254332 -0.9984145 -0.001250684 -0.05627661 -0.9980716 -7.87368e-4 -0.06206983 -0.9977201 -4.9456e-4 -0.0674867 -0.9999979 0 -0.002054691 -0.9999825 -3.70803e-5 -0.005923271 -0.9990477 -8.61852e-4 -0.04362356 -0.9999103 -0.008056759 -0.01070618 -0.9998629 -0.007109642 -0.01495605 -0.9997978 -0.006292104 -0.01910281 -0.9997203 -0.005666971 -0.02296644 -0.9996278 -0.004987478 -0.02682709 -0.9995171 -0.004322111 -0.03077274 -0.9994055 -0.003780007 -0.03427278 -0.9992676 -0.00324428 -0.03812885 -0.9991312 -0.002833247 -0.0415821 -0.9989842 -0.00239396 -0.04500019 -0.9987547 -0.001820027 -0.04985564 -0.997055 -1.48054e-4 -0.07669061 -0.9967907 -4.94702e-5 -0.08005267 -0.9966803 -5.77752e-5 -0.0814163 -0.9965275 -9.74389e-6 -0.08326566 -0.9963989 -5.42843e-6 -0.08478957 -0.996265 0 -0.08634889 -0.9970564 -1.48019e-4 0.07667255 -0.9962638 0 0.08636331 -0.9962604 0 0.08640182 -0.9963889 -5.39615e-6 0.08490753 -0.9965436 -9.78692e-6 0.083072 -0.9966614 -3.56562e-5 0.08164614 -0.9968009 -6.58492e-5 0.0799247 -0.9973653 -2.50396e-4 0.07254332 -0.9977218 -4.91382e-4 0.0674619 -0.99807 -7.93219e-4 0.06209379 -0.9984161 -0.001250088 0.05624854 -0.9987546 -0.001825094 0.04985904 -0.9989811 -0.002388417 0.04506713 -0.9991334 -0.002809107 0.04152733 -0.9992647 -0.00321424 0.03820747 -0.9994078 -0.003807723 0.03419756 -0.9995154 -0.004258871 0.03083842 -0.9996293 -0.005015552 0.0267654 -0.9997164 -0.005553603 0.0231586 -0.9998003 -0.006451725 0.01891905 -0.9998635 -0.007164597 0.01489543 -0.9990473 -0.001225233 0.04362404 -0.9999513 -1.30864e-4 0.00987792 -0.9999824 -3.25279e-5 0.005938351 -0.9914457 0 0.1305198 -0.9944751 0.005510151 0.1048292 -0.9941669 0.004482388 0.1077596 -0.9938949 0.004138529 0.1102536 -0.9935853 0.003581762 0.1130295 -0.993207 0.003157854 0.1163187 -0.9904679 0.00110048 0.1377398 -0.991751 -8.62892e-4 0.1281766 -0.9914457 -3.43017e-4 0.1305196 -0.9959284 0 0.09014832 -0.9959833 9.26272e-6 0.08953899 -0.9959964 0 0.08939331 -0.9959582 -1.01051e-5 0.08981794 -0.9960622 -4.11572e-6 0.08865755 -0.9973653 2.50396e-4 0.07254332 -0.9984161 0.001250088 0.05624854 -0.9980702 7.87647e-4 0.06209182 -0.9977221 4.94349e-4 0.06745791 -0.999998 0 0.002054035 -0.9999825 3.70803e-5 0.005923271 -0.9990478 8.58474e-4 0.04362297 -0.9999102 0.008061408 0.01071238 -0.9998632 0.007105171 0.01494663 -0.9997977 0.006293892 0.01910835 -0.99972 0.00566864 0.02297312 -0.9996277 0.004987895 0.02682936 -0.9995174 0.004320859 0.03076374 -0.9994058 0.003778874 0.03426259 -0.9992675 0.003244578 0.03813284 -0.9991306 0.002834141 0.04159468 -0.9989836 0.002394676 0.04501408 -0.9987547 0.001820027 0.04985588 -0.9970564 1.48019e-4 0.07667249 -0.9967839 4.95223e-5 0.08013695 -0.99668 5.77773e-5 0.08141916 -0.9965318 9.73784e-6 0.08321392 -0.9964039 0 0.08473086 -0.9962595 0 0.08641225 -0.997055 1.48054e-4 -0.07669061 -0.9962524 0 -0.08649379 -0.9962647 0 -0.08635234 -0.9963862 1.07963e-5 -0.08493906 -0.9965436 9.78692e-6 -0.083072 -0.9966691 3.56157e-5 -0.08155339 -0.9968013 6.58454e-5 -0.07992011 -0.9973653 2.50396e-4 -0.07254332 -0.99772 4.9157e-4 -0.06748771 -0.9980715 7.90165e-4 -0.0620718 -0.9984145 0.001250684 -0.05627661 -0.9987546 0.001825094 -0.04985904 -0.9989814 0.002392888 -0.04506027 -0.999134 0.002808213 -0.04151469 -0.9992642 0.003215193 -0.03821891 -0.9994078 0.003808259 -0.03420251 -0.9995154 0.004258871 -0.03083842 -0.999629 0.005017042 -0.02677321 -0.9997168 0.005549848 -0.02314287 -0.9998003 0.006451725 -0.01891905 -0.9998633 0.007168769 -0.01490408 -0.9990474 0.001225233 -0.04362344 -0.9999513 1.30864e-4 -0.00987792 -0.9999825 3.25211e-5 -0.005937099 0.9914451 0 0.1305249 0.9944355 -0.005069136 0.1052253 0.9941934 -0.004845738 0.1074995 0.9938946 -0.004138529 0.1102561 0.9935849 -0.003581762 0.113033 0.9931634 -0.002905905 0.1166969 0.9962443 0 0.0865876 0.990466 -8.00775e-4 0.1377558 0.9960595 -2.05865e-6 0.08868747 0.9960117 1.01056e-5 0.08922344 0.9917512 5.75262e-4 0.1281766 0.9926022 0.002153635 0.1213925 0.9914453 3.20836e-4 0.1305227 0.9958834 1.85246e-5 0.09064346 0.9959906 6.51076e-6 0.08945828 0.9973717 -2.56987e-4 0.07245421 0.9984161 -0.001239657 0.05624765 0.9980702 -8.09834e-4 0.06209081 0.9977221 -4.82365e-4 0.06745672 0.9999982 0 0.001939952 0.9999825 -4.63504e-5 0.00592333 0.999048 -8.6184e-4 0.04361778 0.9999089 -0.008061408 0.01082402 0.9998626 -0.007180035 0.01494646 0.9997997 -0.006293952 0.01899647 0.99972 -0.00566864 0.02297312 0.9996279 -0.004924118 0.02682936 0.9995208 -0.004320859 0.03065013 0.9993978 -0.003778815 0.03449386 0.9992718 -0.003274917 0.03801572 0.9991307 -0.002796351 0.04159468 0.9989836 -0.002356052 0.04501408 0.9987516 -0.001827478 0.04991871 0.9970487 -1.25815e-4 0.07677257 0.9968023 -7.42847e-5 0.07990831 0.99668 -4.22218e-5 0.08141916 0.9965318 -1.94757e-5 0.08321392 0.9964039 -5.42467e-6 0.08473086 0.9962595 0 0.08641225 0.9970473 -1.18442e-4 -0.07679069 0.9961931 0 -0.08717507 0.9962647 0 -0.08635234 0.9964123 -2.69915e-6 -0.08463233 0.9965208 -9.7867e-6 -0.08334535 0.9966691 -4.45196e-5 -0.08155339 0.9968196 -7.61352e-5 -0.07969206 0.9973717 -2.76755e-4 -0.07245421 0.9977201 -4.79581e-4 -0.06748658 0.9980715 -8.01255e-4 -0.06207084 0.9984146 -0.001250684 -0.05627578 0.9987515 -0.001825094 -0.04992187 0.9989815 -0.002349615 -0.04506027 0.999134 -0.002808213 -0.04151469 0.9992687 -0.003252625 -0.03810155 0.9993998 -0.003799021 -0.0344333 0.9995222 -0.004295587 -0.03061002 0.9996264 -0.004944324 -0.02688562 0.9997191 -0.005617797 -0.02303063 0.9998007 -0.006379187 -0.01891881 0.9998611 -0.007241129 -0.01501566 0.9990476 -0.001226484 -0.04361826 0.9999513 -1.21517e-4 -0.009878039 0.9999825 -4.64588e-5 -0.005937218 0.9914453 0 -0.1305234 0.9944257 0.005073547 -0.1053177 0.9941914 0.004822909 -0.1075188 0.9939023 0.004135906 -0.1101863 0.9935849 0.003581762 -0.113033 0.9931472 0.00294274 -0.1168333 0.9904683 7.3368e-4 -0.1377398 0.9917512 -5.75262e-4 -0.1281766 0.9914453 -3.42418e-4 -0.1305233 0.9958961 0 -0.09050518 0.9958828 -4.63158e-6 -0.09065186 0.9959831 -1.30337e-5 -0.08954185 0.9960322 -1.00797e-5 -0.08899408 0.9960634 2.05764e-6 -0.08864384 0.9973717 2.70165e-4 -0.07245421 0.9984146 0.001250684 -0.05627578 0.9980716 7.98457e-4 -0.06206887 0.9977201 4.76576e-4 -0.06748557 0.9999982 0 -0.001940488 0.9999825 4.63504e-5 -0.00592333 0.999048 8.61852e-4 -0.04361838 0.9999091 0.008056759 -0.01081776 0.9998624 0.007175505 -0.01495587 0.9997999 0.006292104 -0.01899099 0.9997203 0.005666971 -0.02296644 0.9996279 0.004960119 -0.02682709 0.9995208 0.004285514 -0.03065907 0.9993973 0.003817021 -0.03450411 0.9992721 0.003237307 -0.03801172 0.9991313 0.002795457 -0.0415821 0.9989843 0.002355337 -0.04500019 0.9987516 0.001827478 -0.04991847 0.9970473 1.18442e-4 -0.07679069 0.996809 7.42066e-5 -0.0798242 0.9966803 4.66646e-5 -0.0814163 0.9965275 1.46158e-5 -0.08326566 0.9963989 5.42843e-6 -0.08478957 0.996265 0 -0.08634889 0.9970487 1.25815e-4 0.07677257 0.9962045 0 0.08704358 0.9962604 0 0.08640182 0.9964149 2.69815e-6 0.08460092 0.9965208 1.95734e-5 0.08334535 0.9966614 3.56562e-5 0.08164614 0.9968192 7.20239e-5 0.07969665 0.9973717 2.50397e-4 0.07245421 0.9977219 4.79397e-4 0.06746071 0.9980701 8.07086e-4 0.06209278 0.9984162 0.001229226 0.05624771 0.9987515 0.001825094 0.04992187 0.9989812 0.002362012 0.04506713 0.9991334 0.002809107 0.04152733 0.999269 0.003251612 0.03809016 0.9994001 0.003789246 0.03442829 0.9995222 0.004295587 0.03061002 0.9996265 0.004942834 0.02687776 0.9997186 0.005630671 0.02304625 0.9998007 0.006379187 0.01891881 0.9998613 0.007236957 0.01500695 0.9990475 0.001226484 0.04361885 0.9999513 1.21517e-4 0.009878039 0.9999824 4.64684e-5 0.00593841 0.07664817 -1.27722e-4 0.9970582 0.08789551 0 0.9961298 0.08590596 0 0.9963033 0.08487844 -4.72237e-6 0.9963914 0.08358776 -2.01779e-5 0.9965004 0.08128535 -3.56515e-5 0.9966909 0.0805096 -6.34958e-5 0.9967538 0.07242912 -2.67689e-4 0.9973736 0.06740385 -4.86143e-4 0.9977257 0.06213831 -8.01899e-4 0.9980673 0.0561006 -0.001239955 0.9984244 0.05006504 -0.001819908 0.9987443 0.04486614 -0.00238049 0.9989902 0.04176598 -0.002781212 0.9991236 0.03812581 -0.003261208 0.9992677 0.03445869 -0.003762423 0.9993991 0.0304079 -0.004331171 0.9995282 0.02704083 -0.004952013 0.9996222 0.02291369 -0.005638718 0.9997217 0.01898014 -0.006365954 0.9997996 0.01493382 -0.007163345 0.9998629 0.04362618 -0.001227021 0.9990472 0.009710431 -1.27982e-4 0.9999529 0.005989313 -4.2571e-5 0.9999821 0.1102535 0.004202187 0.9938947 0.1135308 0.003592431 0.9935281 0.1167305 0.002908051 0.9931594 0.1212604 0.002059638 0.9926186 0.1284185 -8.33438e-4 0.9917197 0.130522 -3.40234e-4 0.9914454 0.08777558 -2.04091e-5 0.9961404 0.09386235 -1.09858e-5 0.9955853 0.09004181 -9.77017e-6 0.9959381 0.08788532 -3.78642e-6 0.9961307 0.08866995 -1.28618e-6 0.9960612 0.05006504 0.001819908 0.9987443 0.0561006 0.001239955 0.9984244 0.06213831 8.01899e-4 0.9980673 0.01104974 0.008032858 0.9999067 0.04361063 8.6274e-4 0.9990483 0.006109535 4.27288e-5 0.9999814 0.00194776 0 0.9999982 0.01495105 0.007162511 0.9998627 0.0188573 0.006359755 0.999802 0.0229758 0.005645453 0.9997201 0.02673184 0.004950582 0.9996304 0.03070104 0.004335582 0.9995193 0.03455054 0.003759562 0.9993959 0.03792119 0.003262341 0.9992755 0.04166007 0.002776503 0.9991281 0.04497468 0.002382159 0.9989853 0.06740385 4.86143e-4 0.9977257 0.07242912 2.66865e-4 0.9973736 0.07662057 1.27491e-4 0.9970604 0.08483767 5.41057e-6 0.9963949 0.1305335 0 0.9914439 0.1049826 0.005072653 0.9944612 0.1075797 0.004746973 0.9941852 0.08036106 6.15511e-5 0.9967659 0.08120942 3.57436e-5 0.9966971 0.08353042 1.8302e-5 0.9965053 -0.07663273 1.26771e-4 0.9970594 -0.08789551 0 0.9961298 -0.08590596 0 0.9963033 -0.08487844 4.72237e-6 0.9963914 -0.08363401 1.89655e-5 0.9964966 -0.08124512 3.67474e-5 0.9966942 -0.08054649 6.14674e-5 0.996751 -0.07242912 2.68512e-4 0.9973736 -0.06740385 4.85394e-4 0.9977257 -0.06213831 8.01726e-4 0.9980673 -0.05610817 0.001237511 0.9984239 -0.05005878 0.001822113 0.9987447 -0.04486614 0.002380371 0.9989902 -0.04176598 0.002776443 0.9991236 -0.03812581 0.003261208 0.9992677 -0.03445869 0.003769695 0.999399 -0.0304079 0.004319727 0.9995282 -0.02704083 0.004956543 0.9996221 -0.02291882 0.005639195 0.9997215 -0.0189802 0.006365954 0.9997997 -0.01493048 0.007161736 0.9998629 -0.04362666 0.00122708 0.9990472 -0.009710431 1.27873e-4 0.9999529 -0.005989313 4.25528e-5 0.9999821 -0.1102535 -0.004202187 0.9938947 -0.113605 -0.003594756 0.9935195 -0.1167297 -0.002907991 0.9931595 -0.1212595 -0.002015888 0.9926188 -0.1285581 7.87133e-4 0.9917017 -0.1305207 3.40581e-4 0.9914456 -0.08743214 8.13171e-6 0.9961705 -0.09386235 1.30095e-5 0.9955853 -0.09018182 1.30471e-5 0.9959253 -0.08778148 3.15162e-6 0.9961398 -0.08866995 0 0.9960612 -0.05005878 -0.001822113 0.9987447 -0.05610817 -0.001237511 0.9984239 -0.06213831 -8.01726e-4 0.9980673 -0.01104974 -0.008032858 0.9999067 -0.0436111 -8.62845e-4 0.9990483 -0.006110966 -4.27204e-5 0.9999814 -0.00194776 0 0.9999982 -0.01494765 -0.007160902 0.9998627 -0.0188573 -0.006359755 0.999802 -0.02298098 -0.005641281 0.9997201 -0.02673184 -0.004952847 0.9996304 -0.03070104 -0.004328727 0.9995192 -0.03455054 -0.00375986 0.9993959 -0.03792113 -0.003269374 0.9992754 -0.04166007 -0.002771794 0.9991281 -0.04497468 -0.002381861 0.9989853 -0.06740385 -4.86143e-4 0.9977257 -0.07242912 -2.68512e-4 0.9973736 -0.07660514 -1.27003e-4 0.9970616 -0.08483767 -5.41057e-6 0.9963949 -0.1305322 0 0.9914442 -0.1049819 -0.00510019 0.9944611 -0.1075231 -0.00474745 0.9941913 -0.08039778 -6.15792e-5 0.9967629 -0.08116912 -3.62841e-5 0.9967004 -0.0835765 -1.80069e-5 0.9965014 -0.07698601 -1.26768e-4 -0.9970322 -0.08789551 0 -0.9961298 -0.08619117 0 -0.9962787 -0.08468019 -7.08367e-6 -0.9964082 -0.08332294 -1.65187e-5 -0.9965226 -0.0815283 -3.78601e-5 -0.9966711 -0.07934844 -6.63604e-5 -0.996847 -0.07253396 -2.66039e-4 -0.997366 -0.06749927 -4.86889e-4 -0.9977192 -0.06205266 -8.03117e-4 -0.9980726 -0.0563575 -0.001238763 -0.9984099 -0.04982137 -0.001828372 -0.9987565 -0.04532647 -0.002366662 -0.9989695 -0.04131114 -0.002790749 -0.9991425 -0.03797656 -0.003247201 -0.9992734 -0.03430753 -0.00377202 -0.9994043 -0.0308482 -0.004338026 -0.9995147 -0.02675032 -0.004956603 -0.9996299 -0.02342998 -0.005621731 -0.9997097 -0.01854568 -0.006384134 -0.9998076 -0.01478558 -0.007161736 -0.9998651 -0.04361993 -0.00122708 -0.9990475 -0.009561061 -1.3163e-4 -0.9999543 -0.006106376 -4.38065e-5 -0.9999814 -0.110883 0.004162073 -0.9938248 -0.1128997 0.003639757 -0.9935998 -0.1167297 0.002907991 -0.9931595 -0.1209578 0.002015948 -0.9926556 -0.1288234 -7.87106e-4 -0.9916673 -0.1305207 -3.41718e-4 -0.9914456 -0.09156149 -1.2193e-5 -0.9957994 -0.08962345 -1.53283e-5 -0.9959758 -0.08852499 -7.34011e-6 -0.996074 -0.09034252 -3.1509e-6 -0.9959108 -0.08735489 -2.05812e-6 -0.9961773 -0.04982137 0.001828372 -0.9987565 -0.0563575 0.001238763 -0.9984099 -0.06205266 8.03117e-4 -0.9980726 -0.01075899 0.008010149 -0.9999101 -0.04360437 8.6415e-4 -0.9990485 -0.005961894 4.39667e-5 -0.9999822 -0.002165377 0 -0.9999977 -0.01509273 0.007160902 -0.9998605 -0.0188573 0.006382465 -0.9998018 -0.02320796 0.005623996 -0.9997149 -0.02687782 0.004952847 -0.9996265 -0.03070104 0.004344701 -0.9995192 -0.03424215 0.003762185 -0.9994065 -0.03807085 0.003255307 -0.9992697 -0.04150885 0.002788364 -0.9991343 -0.04521149 0.002368092 -0.9989746 -0.06749927 4.86889e-4 -0.9977192 -0.07253396 2.66039e-4 -0.997366 -0.07693815 1.27e-4 -0.9970359 -0.08449387 7.43975e-6 -0.996424 -0.1305153 0 -0.9914463 -0.1067263 0.005209505 -0.9942748 -0.1065386 0.004747927 -0.9942972 -0.07883125 6.67192e-5 -0.9968881 -0.08173692 3.73988e-5 -0.996654 -0.08333891 1.55656e-5 -0.9965214 0.07700145 1.27719e-4 -0.997031 0.08789551 0 -0.9961298 0.08619117 0 -0.9962787 0.08468019 6.74635e-6 -0.9964082 0.08327686 1.77325e-5 -0.9965265 0.08156871 3.56507e-5 -0.9966678 0.07931214 6.86438e-5 -0.9968498 0.07253396 2.64392e-4 -0.997366 0.06749927 4.88387e-4 -0.9977192 0.06205266 8.02597e-4 -0.9980726 0.05634987 0.001241207 -0.9984104 0.04982763 0.001826107 -0.9987562 0.04532647 0.002366781 -0.9989695 0.04131114 0.002795517 -0.9991425 0.03797656 0.003247201 -0.9992734 0.03430753 0.003764808 -0.9994043 0.0308482 0.00434947 -0.9995147 0.02675032 0.004952073 -0.99963 0.02342474 0.005618929 -0.9997099 0.01854562 0.006388604 -0.9998077 0.01478886 0.007163345 -0.999865 0.04361951 0.001227021 -0.9990475 0.009561061 1.31739e-4 -0.9999543 0.006106376 4.38065e-5 -0.9999814 0.110883 -0.004162073 -0.9938248 0.1128258 -0.003659665 -0.9936081 0.1167305 -0.002908051 -0.9931594 0.1209587 -0.002059698 -0.9926555 0.1286835 8.33409e-4 -0.9916854 0.130522 3.41126e-4 -0.9914454 0.09192085 2.04015e-5 -0.9957664 0.08962345 1.09901e-5 -0.9959758 0.08838754 6.51441e-6 -0.9960862 0.09044933 3.78555e-6 -0.9959011 0.08735489 3.08718e-6 -0.9961773 0.04982763 -0.001826107 -0.9987562 0.05634987 -0.001241207 -0.9984104 0.06205266 -8.02597e-4 -0.9980726 0.01075899 -0.008010149 -0.9999101 0.04360395 -8.63945e-4 -0.9990485 0.005960524 -4.39658e-5 -0.9999822 0.002165377 0 -0.9999977 0.01509612 -0.007162511 -0.9998605 0.0188573 -0.006382465 -0.9998018 0.02320277 -0.005625844 -0.999715 0.02687782 -0.004950523 -0.9996265 0.03070104 -0.004351556 -0.9995192 0.03424215 -0.003761887 -0.9994065 0.03807085 -0.003248274 -0.9992699 0.04150885 -0.002793133 -0.9991343 0.04521149 -0.00236845 -0.9989746 0.06749927 -4.88387e-4 -0.9977192 0.07253396 -2.63568e-4 -0.997366 0.07695358 -1.27488e-4 -0.9970347 0.08449387 -7.43975e-6 -0.996424 0.1305167 0 -0.9914461 0.1067271 -0.00515443 -0.994275 0.1065946 -0.00474745 -0.9942913 0.07879525 -6.56627e-5 -0.9968909 0.08177751 -3.74173e-5 -0.9966507 0.0832929 -1.64721e-5 -0.9965252 -0.127921 -7.92304e-4 0.9917842 -0.1323965 0 0.9911969 -0.2164345 0 0.9762971 -0.2164449 0 0.9762949 -0.3007065 0 0.9537168 -0.3826814 0 0.9238805 -0.4617436 0 0.8870136 -0.5373024 0 0.8433898 -0.6087655 0 0.7933503 -0.6755864 0 0.7372809 -0.6755923 0 0.7372756 -0.7372767 0 0.6755909 -0.7372717 0 0.6755963 -0.7933576 0 0.6087561 -0.7933496 0 0.6087665 -0.8433946 0 0.5372949 -0.8433977 0 0.53729 -0.8870086 0 0.461753 -0.923879 0 0.382685 -0.9537167 0 0.3007069 -0.9762958 0 0.2164407 -0.991203 0 0.1323506 -0.9925927 0.002003252 0.1214738 -0.9926063 -0.001910686 -0.1213636 -0.9912029 0 -0.1323513 -0.9762958 0 -0.2164407 -0.9762963 0 -0.2164385 -0.9537156 0 -0.30071 -0.9537167 0 -0.3007069 -0.923879 0 -0.382685 -0.9238805 0 -0.3826811 -0.8870063 0 -0.4617574 -0.8870109 0 -0.4617486 -0.8433946 0 -0.5372949 -0.7933536 0 -0.6087613 -0.7933496 0 -0.6087665 -0.7372767 0 -0.6755909 -0.6755923 0 -0.7372756 -0.6087586 0 -0.7933555 -0.6087655 0 -0.7933503 -0.5373024 0 -0.8433898 -0.5372947 0 -0.8433946 -0.4617436 0 -0.8870136 -0.4617521 0 -0.8870092 -0.3826814 0 -0.9238805 -0.3007065 0 -0.9537168 -0.2164449 0 -0.9762949 -0.1323854 0 -0.9911984 -0.1288862 7.87984e-4 -0.9916592 0.1290555 -7.56185e-4 -0.9916371 0.1323868 0 -0.9911981 0.2164427 0 -0.9762954 0.3007065 0 -0.9537168 0.3826814 0 -0.9238805 0.4617521 0 -0.8870092 0.4617436 0 -0.8870136 0.5372971 0 -0.8433932 0.5373047 0 -0.8433882 0.6087655 0 -0.7933503 0.6087586 0 -0.7933555 0.6755896 0 -0.7372779 0.7372793 0 -0.6755881 0.7933496 0 -0.6087665 0.7933536 0 -0.6087613 0.8433922 0 -0.5372986 0.8870131 0 -0.4617446 0.8870084 0 -0.4617534 0.9238805 0 -0.3826811 0.923879 0 -0.382685 0.9537167 0 -0.3007069 0.9537156 0 -0.30071 0.9762963 0 -0.2164385 0.9762958 0 -0.2164407 0.9912029 0 -0.1323513 0.9926105 0.002097785 -0.1213263 0.9925917 -0.002151548 0.1214788 0.9912029 0 0.1323513 0.9762958 0 0.2164407 0.9537167 0 0.3007069 0.923879 0 0.382685 0.8870107 0 0.4617489 0.8433952 0 0.5372937 0.8433922 0 0.5372986 0.7933496 0 0.6087665 0.7933576 0 0.6087561 0.7372744 0 0.6755935 0.7372793 0 0.6755881 0.6755896 0 0.7372779 0.6755838 0 0.7372833 0.6087655 0 0.7933503 0.5373047 0 0.8433882 0.4617436 0 0.8870136 0.3826814 0 0.9238805 0.3007065 0 0.9537168 0.2164427 0 0.9762954 0.2164323 0 0.9762976 0.1323979 0 0.9911967 0.1281967 7.63339e-4 0.9917485 0.9808086 -0.1949734 1.83913e-7 0.9712852 -0.2379182 2.27235e-7 0.9714424 -0.2372758 0 0.9624406 -0.2714926 0 0.9600186 -0.2799361 -1.3821e-4 0.9495937 -0.3134834 2.20992e-4 0.9468907 -0.3215557 0 0.9320113 -0.3624294 0 0.9319947 -0.3624721 -1.84002e-7 0.9152464 -0.4028946 -2.16468e-7 0.9152338 -0.4029232 0 0.8969507 -0.4421307 0 0.8969259 -0.4421809 -1.95255e-7 0.8766368 -0.4811528 -2.16094e-7 0.8767644 -0.4809203 0 0.8433879 -0.5373053 0 0.8434783 -0.5371633 0 0.7934144 -0.6086819 0 0.7933239 -0.6087998 0 0.737369 -0.6754902 0 0.7372652 -0.6756035 0 0.675605 -0.7372638 0 0.6755788 -0.7372878 0 0.6087187 -0.7933862 0 0.6086927 -0.7934061 0 0.5373579 -0.8433544 0 0.5373299 -0.8433723 0 0.4810161 -0.8767118 0 0.4811148 -0.8766577 0 0.4422048 -0.8969142 0 0.4424443 -0.8967961 0 0.4026545 -0.9153521 0 0.4027507 -0.9153097 0 0.3624414 -0.9320066 0 0.3624029 -0.9320216 0 0.3213801 -0.9469503 0 0.3214653 -0.9469215 1.73235e-7 0.279795 -0.9600598 0 0.2797681 -0.9600677 0 0.2376526 -0.9713503 0 0.2376329 -0.971355 0 0.1949541 -0.9808124 0 0.1951491 -0.9807736 0 0.1521459 -0.9883581 0 0.1521391 -0.9883591 0 0.1089483 -0.9940475 0 0.1088294 -0.9940605 0 0.06549066 -0.9978532 0 0.06541711 -0.9978581 0 0.02186608 -0.999761 0 0.0218833 -0.9997606 0 -0.021842 -0.9997615 0 -0.02185183 -0.9997612 0 -0.06545084 -0.9978558 0 -0.06542688 -0.9978575 0 -0.1088213 -0.9940614 0 -0.108904 -0.9940523 0 -0.1520319 -0.9883757 0 -0.1521429 -0.9883586 0 -0.1951334 -0.9807767 0 -0.1951367 -0.9807761 -1.73701e-7 -0.2376289 -0.971356 -1.73671e-7 -0.2377359 -0.9713298 0 -0.2799007 -0.960029 0 -0.2797401 -0.9600758 1.7324e-7 -0.3215218 -0.9469023 1.74014e-7 -0.3215417 -0.9468955 0 -0.3624184 -0.9320155 0 -0.3624578 -0.9320002 2.60442e-7 -0.4026316 -0.9153622 2.60362e-7 -0.4027952 -0.9152901 0 -0.4423657 -0.8968349 0 -0.4422744 -0.8968799 1.7392e-7 -0.4809493 -0.8767485 3.46499e-7 -0.4808402 -0.8768083 0 -0.5371707 -0.8434736 0 -0.537356 -0.8433557 0 -0.6088644 -0.7932745 0 -0.6087187 -0.7933862 0 -0.6756674 -0.7372067 0 -0.675605 -0.7372638 0 -0.7372626 -0.6756063 0 -0.7372831 -0.675584 0 -0.793326 -0.6087971 0 -0.7934124 -0.6086846 0 -0.8433979 -0.5372896 0 -0.8432271 -0.5375577 0 -0.8768512 -0.4807619 0 -0.8767298 -0.4809835 0 -0.8969349 -0.4421626 0 -0.8969566 -0.4421186 0 -0.915252 -0.402882 0 -0.9153992 -0.4025472 0 -0.9319381 -0.3626175 0 -0.9319512 -0.3625839 0 -0.9471288 -0.3208537 0 -0.949518 -0.3137127 2.18857e-4 -0.9600552 -0.2798108 -1.36946e-4 -0.9624374 -0.2715039 -1.68913e-7 -0.9714289 -0.2373307 -1.35126e-7 -0.9712702 -0.23798 0 -0.9807622 -0.1952063 0 -0.9807654 -0.1951904 0 -0.9884003 -0.1518713 0 -0.9882946 -0.1525581 0 -0.9940312 -0.1090962 0 -0.9940703 -0.1087403 0 -0.9978532 -0.06549131 0 -0.9978355 -0.06576097 -3.76792e-6 -0.9997669 -0.02159237 -5.21137e-6 -0.9997599 -0.02191746 1.45224e-6 -0.9997599 0.02191734 -1.45219e-6 -0.999767 0.0215916 -7.28884e-7 -0.9978464 0.06559491 -2.1827e-6 -0.997864 0.06532603 0 -0.9940553 0.1088762 0 -0.9940552 0.1088778 0 -0.9883234 0.1523709 0 -0.9883756 0.1520322 0 -0.9808095 0.1949688 0 -0.9808086 0.1949734 1.83913e-7 -0.9713671 0.2375836 2.27254e-7 -0.9713606 0.2376105 0 -0.9624406 0.2714926 0 -0.9600186 0.2799361 -1.3821e-4 -0.9496695 0.3132537 2.2101e-4 -0.9468907 0.3215557 0 -0.9320113 0.3624294 0 -0.9319947 0.3624721 -1.84002e-7 -0.9155079 0.4023002 -1.94877e-7 -0.9152338 0.4029232 0 -0.8970916 0.4418447 0 -0.896785 0.4424668 -2.16916e-7 -0.8767862 0.4808807 -2.16131e-7 -0.8769137 0.480648 0 -0.8432271 0.5375577 0 -0.8433979 0.5372896 0 -0.7933287 0.6087937 0 -0.7934097 0.6086881 0 -0.7371922 0.6756832 0 -0.7373536 0.675507 0 -0.675605 0.7372638 0 -0.6756674 0.7372067 0 -0.6087187 0.7933862 0 -0.6088644 0.7932745 0 -0.5372774 0.8434057 0 -0.5372493 0.8434236 0 -0.4810161 0.8767118 0 -0.4811148 0.8766577 0 -0.4423457 0.8968446 0 -0.4423033 0.8968657 0 -0.4029173 0.9152365 0 -0.4027507 0.9153097 0 -0.3624414 0.9320066 0 -0.3624029 0.9320216 0 -0.3213801 0.9469503 0 -0.3213573 0.9469581 1.73177e-7 -0.279795 0.9600598 0 -0.2797681 0.9600677 0 -0.2376526 0.9713503 0 -0.237715 0.9713349 0 -0.1950222 0.9807989 0 -0.1951491 0.9807736 0 -0.1520923 0.9883663 0 -0.1521391 0.9883591 0 -0.1088713 0.9940559 0 -0.1089063 0.9940521 0 -0.06549066 0.9978532 0 -0.06544035 0.9978565 0 -0.02187383 0.9997608 0 -0.02187556 0.9997607 0 0.021842 0.9997615 0 0.02184408 0.9997614 0 0.06545084 0.9978558 0 0.06542688 0.9978575 0 0.1088598 0.9940572 0 0.108827 0.9940608 0 0.1521388 0.9883592 0 0.1521429 0.9883586 0 0.1950653 0.9807903 0 0.1950687 0.9807896 9.41374e-7 0.2377932 0.9713159 1.21654e-6 0.2375717 0.9713701 0 0.2799007 0.960029 0 0.2798354 0.960048 -1.46832e-6 0.3215218 0.9469023 -1.74014e-6 0.3215417 0.9468955 0 0.3624184 0.9320155 0 0.3623377 0.9320469 2.60355e-7 0.4026316 0.9153622 2.60362e-7 0.4026642 0.9153479 0 0.4422243 0.8969045 0 0.4424157 0.8968101 1.73975e-7 0.4809493 0.8767485 3.46499e-7 0.4809898 0.8767263 0 0.5374124 0.8433196 0 0.5372754 0.843407 0 0.6086927 0.7934061 0 0.6087187 0.7933862 0 0.6755788 0.7372878 0 0.675605 0.7372638 0 0.7372626 0.6756063 0 0.7373716 0.6754874 0 0.7934117 0.6086853 0 0.7933266 0.6087963 0 0.8434783 0.5371633 0 0.8433879 0.5373053 0 0.8767015 0.4810348 0 0.8765801 0.4812563 0 0.8969349 0.4421626 0 0.8969566 0.4421186 0 0.9151209 0.4031798 0 0.9152681 0.4028452 0 0.9320576 0.3623102 0 0.9320707 0.3622766 0 0.9468059 0.3218052 0 0.9496697 0.313253 2.18892e-4 0.9600552 0.2798108 -1.36946e-4 0.9624374 0.2715039 -1.68913e-7 0.9712654 0.2379991 -1.35103e-7 0.9714336 0.2373117 0 0.9807622 0.1952063 0 0.9808333 0.194849 0 0.9884003 0.1518713 0 0.988348 0.1522116 0 0.9940696 0.1087462 0 0.9939935 0.1094402 0 0.9978818 0.06505423 0 0.9978818 0.06505322 0 0.9997598 0.02191793 0 0.9997599 0.02191758 0 0.999767 -0.02159166 0 0.999767 -0.02159154 0 0.9978641 -0.06532454 0 0.997864 -0.06532603 0 0.9940169 -0.1092267 0 0.9940552 -0.1088778 0 0.9884299 -0.1516785 0 0.9883223 -0.1523784 0 0.9807022 -0.1955075 0 -0.195091 -0.9807852 0 -0.2376343 -0.9713547 0 -0.2377333 -0.9713305 0 -0.2797693 -0.9600673 0 -0.2797946 -0.96006 0 -0.3213553 -0.9469588 -1.73177e-7 -0.3213814 -0.94695 0 -0.3624054 -0.9320207 0 -0.3624393 -0.9320074 0 -0.4027497 -0.9153102 0 -0.4027847 -0.9152948 0 -0.442301 -0.8968667 0 -0.4423482 -0.8968435 0 -0.4811149 -0.8766576 0 -0.4808641 -0.8767952 0 -0.5372473 -0.8434248 0 -0.5373599 -0.8433532 0 -0.6088626 -0.7932758 0 -0.6087204 -0.7933849 0 -0.675608 -0.7372611 0 -0.7373536 -0.675507 0 -0.7371934 -0.6756818 0 -0.7933249 -0.6087985 0 -0.7933266 -0.6087963 0 -0.8433995 -0.5372871 0 -0.8769137 -0.480648 0 -0.8766375 -0.4811514 2.16094e-7 -0.8967847 -0.4424672 2.16916e-7 -0.8970916 -0.4418447 0 -0.9153637 -0.4026281 0 -0.9153777 -0.4025964 1.94848e-7 -0.9319938 -0.3624743 1.84003e-7 -0.9318907 -0.3627393 0 -0.9468913 -0.3215541 0 -0.9495942 -0.313482 -2.20995e-4 -0.9600183 -0.2799376 1.38211e-4 -0.9622883 -0.2720322 0 -0.9713602 -0.2376118 0 -0.9713672 -0.2375833 -2.27253e-7 -0.980809 -0.1949709 -1.8391e-7 -0.9807412 -0.1953119 0 -0.9883756 -0.1520322 0 -0.9883767 -0.1520248 0 -0.9940552 -0.108878 0 -0.9940553 -0.1088762 0 -0.997864 -0.06532639 0 -0.9978641 -0.06532418 0 -0.9997592 -0.02194547 0 -0.9997593 -0.02194535 0 -0.9997599 0.02191758 0 -0.9997598 0.02191805 0 -0.9978354 0.06576102 0 -0.9978818 0.06505423 0 -0.9940703 0.1087403 0 -0.9940313 0.1090959 0 -0.9883481 0.1522104 0 -0.9884002 0.1518722 0 -0.9807651 0.1951925 0 -0.9807628 0.1952036 0 -0.9713523 0.2376446 0 -0.9714286 0.2373324 1.35127e-7 -0.9622852 0.2720429 1.68886e-7 -0.9600546 0.2798126 1.36945e-4 -0.9495177 0.3137133 -2.18859e-4 -0.9471294 0.3208521 0 -0.9319519 0.362582 0 -0.9320574 0.362311 0 -0.9152673 0.4028471 0 -0.915251 0.402884 0 -0.8969566 0.4421186 0 -0.8967939 0.4424487 0 -0.8768782 0.4807128 0 -0.8768506 0.4807631 0 -0.8432278 0.5375564 0 -0.8433986 0.5372884 0 -0.7933266 0.6087963 0 -0.7933249 0.6087985 0 -0.7372831 0.675584 0 -0.7372639 0.6756049 0 -0.6756065 0.7372624 0 -0.6756688 0.7372053 0 -0.5373579 0.8433544 0 -0.4808381 0.8768095 0 -0.4810998 0.876666 -3.46607e-7 -0.4422826 0.8968758 -1.73919e-7 -0.4423635 0.8968359 0 -0.4027952 0.9152901 0 -0.4026304 0.9153627 -2.60362e-7 -0.3624582 0.9320001 -2.60442e-7 -0.3624172 0.9320161 0 -0.3215417 0.9468955 0 -0.3215207 0.9469026 -1.74014e-7 -0.2797381 0.9600763 -1.7324e-7 -0.2799007 0.960029 0 -0.2378168 0.97131 0 -0.2376287 0.9713562 1.73671e-7 -0.1951361 0.9807763 1.73701e-7 -0.195064 0.9807906 0 -0.1521429 0.9883586 0 -0.152031 0.9883757 0 -0.108865 0.9940565 0 -0.1088595 0.9940572 0 -0.06542724 0.9978573 0 -0.06542766 0.9978573 0 -0.02185159 0.9997612 0 -0.02184975 0.9997613 0 0.02188324 0.9997606 0 0.02186614 0.999761 0 0.06544089 0.9978565 0 0.06546664 0.9978548 0 0.1088679 0.9940562 0 0.1089479 0.9940475 0 0.1521378 0.9883593 0 0.1521452 0.9883581 0 0.1950796 0.9807874 0 0.1950228 0.9807987 0 0.2375522 0.9713748 0 0.2377333 0.9713305 0 0.2797693 0.9600673 0 0.2797946 0.96006 0 0.3214632 0.9469221 -1.73235e-7 0.3212735 0.9469865 0 0.3624054 0.9320207 0 0.3624393 0.9320074 0 0.4027497 0.9153102 0 0.4027847 0.9152948 0 0.442442 0.8967971 0 0.4422072 0.896913 0 0.4811149 0.8766576 0 0.481014 0.8767129 0 0.5373278 0.8433735 0 0.5373599 0.8433532 0 0.6086909 0.7934076 0 0.6087204 0.7933849 0 0.675608 0.7372611 0 0.7372652 0.6756035 0 0.7373703 0.6754888 0 0.7933249 0.6087985 0 0.7934124 0.6086846 0 0.8434799 0.5371608 0 0.8767644 0.4809203 0 0.8766375 0.4811514 2.16094e-7 0.8969258 0.4421814 1.95255e-7 0.8969507 0.4421307 0 0.915233 0.4029253 0 0.9152469 0.4028935 2.16467e-7 0.9319938 0.3624743 1.84003e-7 0.9321303 0.3621232 0 0.9468913 0.3215541 0 0.9495942 0.313482 -2.20995e-4 0.9600183 0.2799376 1.38211e-4 0.9624406 0.2714926 0 0.971442 0.2372771 0 0.9712853 0.2379179 -2.27234e-7 0.980809 0.1949709 -1.8391e-7 0.9806733 0.1956528 0 0.9883223 0.1523784 0 0.98843 0.1516786 0 0.9940552 0.108878 0 0.9940169 0.1092267 0 0.997864 0.06532639 0 0.9978641 0.06532418 0 0.999767 0.02159166 0 0.9997593 0.02194535 0 0.9997599 -0.02191758 0 0.9997598 -0.02191805 0 0.9978587 -0.06540709 0 0.9978818 -0.06505423 0 0.9939935 -0.1094402 0 0.9940696 -0.1087459 0 0.9883481 -0.1522104 0 0.9884002 -0.1518722 0 0.9808328 -0.1948511 0 0.9807628 -0.1952036 0 0.9713523 -0.2376446 0 0.971265 -0.2380007 1.35104e-7 0.9624375 -0.2715033 1.68913e-7 0.9600546 -0.2798126 1.36945e-4 0.9496695 -0.3132537 -2.18894e-4 0.9468066 -0.3218036 0 0.9320715 -0.3622747 0 0.9320574 -0.362311 0 0.9152673 -0.4028471 0 0.91512 -0.4031819 0 0.8969566 -0.4421186 0 0.8969345 -0.4421635 0 0.8765788 -0.4812585 0 0.8767009 -0.481036 0 0.8433887 -0.5373041 0 0.843479 -0.5371621 0 0.7933266 -0.6087963 0 0.7934107 -0.6086867 0 0.7373716 -0.6754874 0 0.7372639 -0.6756049 0 0.6756065 -0.7372624 0 0.6755803 -0.7372865 0 0.5372774 -0.8434057 0 0.5374104 -0.8433209 0 0.4809876 -0.8767274 0 0.4809501 -0.876748 -3.46499e-7 0.4424239 -0.8968061 -1.73974e-7 0.4422221 -0.8969056 0 0.4026642 -0.9153479 0 0.4027615 -0.915305 -2.60447e-7 0.3623381 -0.9320468 -2.60355e-7 0.3624172 -0.9320161 0 0.3215417 -0.9468955 0 0.3215207 -0.9469026 1.74488e-6 0.2798334 -0.9600486 1.47304e-6 0.2799007 -0.960029 0 0.2376524 -0.9713503 0 0.237793 -0.9713159 -1.2302e-6 0.195068 -0.9807898 -9.55024e-7 0.194996 -0.980804 0 0.1521429 -0.9883586 0 0.1521378 -0.9883594 0 0.108865 -0.9940565 0 0.1088595 -0.9940572 0 0.06542724 -0.9978573 0 0.06541293 -0.9978584 9.01233e-7 0.02184391 -0.9997614 -6.93662e-7 0.02177143 -0.999763 1.38702e-6 -0.02186769 -0.9997609 -1.47194e-6 -0.02196955 -0.9997587 8.30069e-7 -0.06541764 -0.9978581 -6.09262e-7 -0.065503 -0.9978524 0 -0.1089063 -0.9940521 0 -0.1088709 -0.9940559 0 -0.1521378 -0.9883593 0 -0.1520917 -0.9883664 0 -0.1950739 -0.9807887 0</float_array>
          <technique_common>
            <accessor source="#trapezoid__12-mesh-normals-array" count="2249" stride="3">
              <param name="X" type="float"/>
              <param name="Y" type="float"/>
              <param name="Z" type="float"/>
            </accessor>
          </technique_common>
        </source>
        <vertices id="trapezoid__12-mesh-vertices">
          <input semantic="POSITION" source="#trapezoid__12-mesh-positions"/>
        </vertices>
        <triangles count="2516">
          <input semantic="VERTEX" source="#trapezoid__12-mesh-vertices" offset="0"/>
          <input semantic="NORMAL" source="#trapezoid__12-mesh-normals" offset="1"/>
          <p>0 0 1 0 2 0 2 1 1 1 3 1 1 2 4 2 3 2 3 3 4 3 5 3 4 4 6 4 5 4 5 5 6 5 7 5 6 6 8 6 7 6 7 7 8 7 9 7 8 8 10 8 9 8 9 9 10 9 11 9 10 10 12 10 11 10 11 11 12 11 13 11 12 12 14 12 13 12 13 13 14 13 15 13 14 14 16 14 15 14 15 15 16 15 17 15 16 16 18 16 17 16 17 17 18 17 19 17 18 18 20 18 19 18 19 19 20 19 21 19 20 20 22 20 21 20 21 21 22 21 23 21 22 22 24 22 23 22 24 23 25 23 23 23 23 24 25 24 26 24 25 25 27 25 26 25 26 26 27 26 28 26 27 27 29 27 28 27 28 28 29 28 30 28 29 29 31 29 30 29 30 30 31 30 32 30 31 31 33 31 32 31 32 32 33 32 34 32 33 33 35 33 34 33 34 34 35 34 36 34 36 35 35 35 37 35 35 36 38 36 37 36 37 37 38 37 39 37 38 38 40 38 39 38 39 39 40 39 41 39 40 40 42 40 41 40 41 41 42 41 43 41 42 42 44 42 43 42 43 43 44 43 45 43 44 44 46 44 45 44 45 45 46 45 47 45 46 46 48 46 47 46 47 47 48 47 49 47 48 48 50 48 49 48 49 49 50 49 51 49 50 50 52 50 51 50 51 51 52 51 53 51 52 52 54 52 53 52 53 53 54 53 55 53 54 54 56 54 55 54 55 55 56 55 57 55 56 56 58 56 57 56 57 57 58 57 59 57 58 58 60 58 59 58 59 59 60 59 61 59 60 60 62 60 61 60 61 61 62 61 63 61 62 62 64 62 63 62 63 63 64 63 65 63 64 64 66 64 65 64 65 65 66 65 67 65 66 66 68 66 67 66 68 67 69 67 67 67 67 68 69 68 70 68 69 69 71 69 70 69 70 70 71 70 72 70 71 71 73 71 72 71 72 72 73 72 74 72 73 73 75 73 74 73 74 74 75 74 76 74 75 75 77 75 76 75 76 76 77 76 78 76 77 77 79 77 78 77 78 78 79 78 80 78 79 79 81 79 80 79 80 80 81 80 82 80 81 81 83 81 82 81 82 82 83 82 84 82 83 83 85 83 84 83 84 84 85 84 86 84 85 85 87 85 86 85 86 86 87 86 88 86 87 87 89 87 88 87 88 88 89 88 90 88 89 89 91 89 90 89 90 90 91 90 92 90 91 91 93 91 92 91 92 92 93 92 94 92 93 93 95 93 94 93 94 94 95 94 96 94 95 95 97 95 96 95 96 96 97 96 98 96 97 97 99 97 98 97 98 98 99 98 100 98 99 99 101 99 100 99 100 100 101 100 102 100 101 101 103 101 102 101 102 102 103 102 104 102 103 103 105 103 104 103 104 104 105 104 106 104 105 105 107 105 106 105 106 106 107 106 108 106 107 107 109 107 108 107 108 108 109 108 110 108 109 109 111 109 110 109 110 110 111 110 112 110 112 111 111 111 113 111 111 112 114 112 113 112 113 113 114 113 115 113 114 114 116 114 115 114 115 115 116 115 117 115 116 116 118 116 117 116 117 117 118 117 119 117 118 118 120 118 119 118 119 119 120 119 121 119 120 120 122 120 121 120 121 121 122 121 123 121 122 122 124 122 123 122 123 123 124 123 125 123 124 124 126 124 125 124 125 125 126 125 127 125 126 126 128 126 127 126 127 127 128 127 129 127 128 128 130 128 129 128 129 129 130 129 131 129 130 130 132 130 131 130 131 131 132 131 133 131 132 132 134 132 133 132 133 133 134 133 135 133 134 134 136 134 135 134 135 135 136 135 137 135 136 136 138 136 137 136 137 137 138 137 139 137 138 138 140 138 139 138 139 139 140 139 141 139 140 140 142 140 141 140 141 141 142 141 143 141 142 142 144 142 143 142 144 143 145 143 143 143 143 144 145 144 146 144 145 145 147 145 146 145 146 146 147 146 148 146 147 147 149 147 148 147 148 148 149 148 150 148 149 149 151 149 150 149 150 150 151 150 152 150 151 151 153 151 152 151 152 152 153 152 154 152 153 153 155 153 154 153 154 154 155 154 156 154 156 155 155 155 157 155 155 156 158 156 157 156 157 157 158 157 159 157 158 158 160 158 159 158 159 159 160 159 161 159 160 160 162 160 161 160 161 161 162 161 163 161 162 162 164 162 163 162 163 163 164 163 165 163 164 164 166 164 165 164 165 165 166 165 167 165 166 166 168 166 167 166 167 167 168 167 169 167 168 168 170 168 169 168 169 169 170 169 171 169 170 170 172 170 171 170 171 171 172 171 173 171 172 172 174 172 173 172 173 173 174 173 175 173 174 174 176 174 175 174 175 175 176 175 177 175 176 176 178 176 177 176 177 177 178 177 179 177 178 178 180 178 179 178 179 179 180 179 181 179 180 180 182 180 181 180 181 181 182 181 183 181 182 182 184 182 183 182 183 183 184 183 185 183 184 184 186 184 185 184 185 185 186 185 187 185 186 186 188 186 187 186 188 187 189 187 187 187 187 188 189 188 190 188 189 189 191 189 190 189 190 190 191 190 192 190 191 191 193 191 192 191 192 192 193 192 194 192 193 193 195 193 194 193 194 194 195 194 196 194 195 195 197 195 196 195 196 196 197 196 198 196 197 197 199 197 198 197 198 198 199 198 200 198 199 199 201 199 200 199 200 200 201 200 202 200 201 201 203 201 202 201 202 202 203 202 204 202 203 203 205 203 204 203 204 204 205 204 206 204 205 205 207 205 206 205 206 206 207 206 208 206 207 207 209 207 208 207 208 208 209 208 210 208 209 209 211 209 210 209 210 210 211 210 212 210 211 211 213 211 212 211 212 212 213 212 214 212 213 213 215 213 214 213 214 214 215 214 216 214 215 215 217 215 216 215 216 216 217 216 218 216 217 217 219 217 218 217 218 218 219 218 220 218 219 219 221 219 220 219 220 220 221 220 222 220 221 221 223 221 222 221 222 222 223 222 224 222 223 223 225 223 224 223 224 224 225 224 226 224 225 225 227 225 226 225 226 226 227 226 228 226 227 227 229 227 228 227 228 228 229 228 230 228 229 229 231 229 230 229 2 230 232 230 0 230 232 231 233 231 0 231 0 232 233 232 234 232 233 233 235 233 234 233 234 234 235 234 236 234 235 235 237 235 236 235 236 236 237 236 238 236 237 237 239 237 238 237 238 238 239 238 231 238 239 239 240 239 231 239 231 240 240 240 230 240 241 241 242 241 243 241 243 242 242 242 244 242 242 243 245 243 244 243 244 244 245 244 246 244 245 245 247 245 246 245 246 246 247 246 248 246 247 247 249 247 248 247 248 248 249 248 250 248 249 249 251 249 250 249 250 250 251 250 252 250 251 251 253 251 252 251 252 252 253 252 254 252 253 253 255 253 254 253 254 254 255 254 256 254 255 255 257 255 256 255 256 256 257 256 258 256 257 257 259 257 258 257 258 258 259 258 260 258 259 259 261 259 260 259 260 260 261 260 262 260 261 261 263 261 262 261 262 262 263 262 264 262 263 263 265 263 264 263 265 264 266 264 264 264 264 265 266 265 267 265 266 266 268 266 267 266 267 267 268 267 269 267 268 268 270 268 269 268 269 269 270 269 271 269 270 270 272 270 271 270 271 271 272 271 273 271 272 272 274 272 273 272 273 273 274 273 275 273 274 274 276 274 275 274 275 275 276 275 277 275 277 276 276 276 278 276 276 277 279 277 278 277 278 278 279 278 280 278 279 279 281 279 280 279 280 280 281 280 282 280 281 281 283 281 282 281 282 282 283 282 284 282 283 283 285 283 284 283 284 284 285 284 286 284 285 285 287 285 286 285 286 286 287 286 288 286 287 287 289 287 288 287 288 288 289 288 290 288 289 289 291 289 290 289 290 290 291 290 292 290 291 291 293 291 292 291 292 292 293 292 294 292 293 293 295 293 294 293 294 294 295 294 296 294 295 295 297 295 296 295 296 296 297 296 298 296 297 297 299 297 298 297 298 298 299 298 300 298 299 299 301 299 300 299 300 300 301 300 302 300 301 301 303 301 302 301 302 302 303 302 304 302 303 303 305 303 304 303 304 304 305 304 306 304 305 305 307 305 306 305 306 306 307 306 308 306 307 307 309 307 308 307 309 308 310 308 308 308 308 309 310 309 311 309 310 310 312 310 311 310 311 311 312 311 313 311 312 312 314 312 313 312 313 313 314 313 315 313 314 314 316 314 315 314 315 315 316 315 317 315 316 316 318 316 317 316 317 317 318 317 319 317 318 318 320 318 319 318 319 319 320 319 321 319 320 320 322 320 321 320 321 321 322 321 323 321 322 322 324 322 323 322 323 323 324 323 325 323 324 324 326 324 325 324 325 325 326 325 327 325 326 326 328 326 327 326 327 327 328 327 329 327 328 328 330 328 329 328 329 329 330 329 331 329 330 330 332 330 331 330 331 331 332 331 333 331 332 332 334 332 333 332 333 333 334 333 335 333 334 334 336 334 335 334 335 335 336 335 337 335 336 336 338 336 337 336 337 337 338 337 339 337 338 338 340 338 339 338 339 339 340 339 341 339 340 340 342 340 341 340 341 341 342 341 343 341 342 342 344 342 343 342 343 343 344 343 345 343 344 344 346 344 345 344 345 345 346 345 347 345 346 346 348 346 347 346 347 347 348 347 349 347 348 348 350 348 349 348 349 349 350 349 351 349 350 350 352 350 351 350 351 351 352 351 353 351 353 352 352 352 354 352 352 353 355 353 354 353 354 354 355 354 356 354 355 355 357 355 356 355 356 356 357 356 358 356 357 357 359 357 358 357 358 358 359 358 360 358 359 359 361 359 360 359 360 360 361 360 362 360 361 361 363 361 362 361 362 362 363 362 364 362 363 363 365 363 364 363 364 364 365 364 366 364 365 365 367 365 366 365 366 366 367 366 368 366 367 367 369 367 368 367 368 368 369 368 370 368 369 369 371 369 370 369 370 370 371 370 372 370 371 371 373 371 372 371 372 372 373 372 374 372 373 373 375 373 374 373 374 374 375 374 376 374 375 375 377 375 376 375 376 376 377 376 378 376 377 377 379 377 378 377 378 378 379 378 380 378 379 379 381 379 380 379 380 380 381 380 382 380 381 381 383 381 382 381 382 382 383 382 384 382 383 383 385 383 384 383 385 384 386 384 384 384 384 385 386 385 387 385 386 386 388 386 387 386 387 387 388 387 389 387 388 388 390 388 389 388 389 389 390 389 391 389 390 390 392 390 391 390 391 391 392 391 393 391 392 392 394 392 393 392 393 393 394 393 395 393 394 394 396 394 395 394 395 395 396 395 397 395 397 396 396 396 398 396 396 397 399 397 398 397 398 398 399 398 400 398 399 399 401 399 400 399 400 400 401 400 402 400 401 401 403 401 402 401 402 402 403 402 404 402 403 403 405 403 404 403 404 404 405 404 406 404 405 405 407 405 406 405 406 406 407 406 408 406 407 407 409 407 408 407 408 408 409 408 410 408 409 409 411 409 410 409 410 410 411 410 412 410 411 411 413 411 412 411 412 412 413 412 414 412 413 413 415 413 414 413 414 414 415 414 416 414 415 415 417 415 416 415 416 416 417 416 418 416 417 417 419 417 418 417 418 418 419 418 420 418 419 419 421 419 420 419 420 420 421 420 422 420 421 421 423 421 422 421 422 422 423 422 424 422 423 423 425 423 424 423 424 424 425 424 426 424 425 425 427 425 426 425 426 426 427 426 428 426 427 427 429 427 428 427 429 428 430 428 428 428 428 429 430 429 431 429 430 430 432 430 431 430 431 431 432 431 433 431 432 432 434 432 433 432 433 433 434 433 435 433 434 434 436 434 435 434 435 435 436 435 437 435 436 436 438 436 437 436 437 437 438 437 439 437 438 438 440 438 439 438 439 439 440 439 441 439 440 440 442 440 441 440 441 441 442 441 443 441 442 442 444 442 443 442 443 443 444 443 445 443 444 444 446 444 445 444 445 445 446 445 447 445 446 446 448 446 447 446 447 447 448 447 449 447 448 448 450 448 449 448 449 149 450 149 451 149 450 148 452 148 451 148 451 449 452 449 453 449 452 450 454 450 453 450 453 451 454 451 455 451 454 452 456 452 455 452 455 453 456 453 457 453 456 454 458 454 457 454 457 455 458 455 459 455 458 456 460 456 459 456 459 457 460 457 461 457 460 458 462 458 461 458 461 459 462 459 463 459 462 460 464 460 463 460 463 461 464 461 465 461 464 462 466 462 465 462 465 463 466 463 467 463 466 464 468 464 467 464 467 465 468 465 469 465 468 466 470 466 469 466 469 467 470 467 471 467 470 468 472 468 471 468 243 469 473 469 241 469 473 470 474 470 241 470 241 471 474 471 475 471 474 472 476 472 475 472 475 473 476 473 477 473 476 474 478 474 477 474 477 475 478 475 479 475 478 476 480 476 479 476 479 477 480 477 472 477 480 478 481 478 472 478 472 479 481 479 471 479 482 480 483 480 484 480 483 480 485 480 484 480 484 481 485 481 486 481 485 480 487 480 486 480 486 482 487 482 488 482 487 480 489 480 488 480 488 483 489 483 490 483 489 480 491 480 490 480 490 480 491 480 492 480 491 480 493 480 492 480 492 480 493 480 494 480 493 480 495 480 494 480 494 480 495 480 496 480 495 480 497 480 496 480 496 484 497 484 498 484 497 480 499 480 498 480 498 485 499 485 500 485 499 480 501 480 500 480 500 480 501 480 502 480 501 480 503 480 502 480 502 480 503 480 504 480 503 480 505 480 504 480 504 480 505 480 506 480 505 480 507 480 506 480 506 480 507 480 508 480 507 480 509 480 508 480 508 486 509 486 510 486 509 480 511 480 510 480 510 487 511 487 512 487 511 480 513 480 512 480 512 480 513 480 514 480 513 480 515 480 514 480 514 480 515 480 516 480 515 488 517 488 516 488 516 480 517 480 518 480 517 480 519 480 518 480 518 489 519 489 520 489 519 480 521 480 520 480 520 490 521 490 522 490 521 491 523 491 522 491 522 480 523 480 524 480 523 480 525 480 524 480 524 492 525 492 526 492 525 480 527 480 526 480 526 487 527 487 528 487 527 493 529 493 528 493 528 480 529 480 530 480 529 480 531 480 530 480 530 480 531 480 532 480 531 494 533 494 532 494 532 480 533 480 534 480 533 495 535 495 534 495 534 496 535 496 536 496 535 480 537 480 536 480 536 480 537 480 538 480 537 497 539 497 538 497 538 489 539 489 540 489 539 493 541 493 540 493 540 480 541 480 542 480 541 498 543 498 542 498 542 480 543 480 544 480 543 499 545 499 544 499 544 480 545 480 546 480 545 480 547 480 546 480 546 480 547 480 548 480 547 500 549 500 548 500 548 480 549 480 550 480 549 480 551 480 550 480 550 501 551 501 552 501 551 502 553 502 552 502 552 503 553 503 554 503 553 504 555 504 554 504 554 505 555 505 556 505 555 506 557 506 556 506 556 507 557 507 558 507 557 508 559 508 558 508 558 509 559 509 560 509 559 480 561 480 560 480 560 510 561 510 562 510 561 480 563 480 562 480 562 503 563 503 564 503 563 493 565 493 564 493 564 480 565 480 566 480 565 480 567 480 566 480 566 480 567 480 568 480 567 480 569 480 568 480 568 485 569 485 570 485 569 511 571 511 570 511 570 512 571 512 572 512 571 480 573 480 572 480 572 480 573 480 574 480 573 513 575 513 574 513 574 512 575 512 576 512 575 480 577 480 576 480 576 514 577 514 578 514 577 515 579 515 578 515 578 514 579 514 580 514 579 516 581 516 580 516 580 480 581 480 582 480 581 517 583 517 582 517 582 518 583 518 584 518 583 480 585 480 584 480 584 480 585 480 586 480 585 480 587 480 586 480 586 480 587 480 588 480 587 480 589 480 588 480 588 480 589 480 590 480 589 480 591 480 590 480 590 480 591 480 592 480 591 480 593 480 592 480 592 480 593 480 594 480 593 519 595 519 594 519 594 520 595 520 596 520 595 480 597 480 596 480 596 521 597 521 598 521 597 480 599 480 598 480 598 480 599 480 600 480 599 497 601 497 600 497 600 480 601 480 602 480 601 480 603 480 602 480 602 480 603 480 604 480 603 506 605 506 604 506 604 480 605 480 606 480 605 480 607 480 606 480 606 480 607 480 608 480 607 480 609 480 608 480 608 480 609 480 610 480 609 480 611 480 610 480 610 480 611 480 612 480 611 480 613 480 612 480 612 480 613 480 614 480 613 480 615 480 614 480 614 480 615 480 616 480 615 522 617 522 616 522 616 480 617 480 618 480 617 480 619 480 618 480 618 480 619 480 620 480 619 499 621 499 620 499 620 480 621 480 622 480 621 523 623 523 622 523 622 503 623 503 624 503 623 504 625 504 624 504 624 480 625 480 482 480 625 480 483 480 482 480 626 524 627 524 628 524 627 524 629 524 628 524 628 524 629 524 630 524 629 524 631 524 630 524 630 525 631 525 632 525 631 524 633 524 632 524 632 526 633 526 634 526 633 524 635 524 634 524 634 524 635 524 636 524 635 524 637 524 636 524 636 524 637 524 638 524 637 527 639 527 638 527 638 524 639 524 640 524 639 524 641 524 640 524 640 526 641 526 642 526 641 524 643 524 642 524 642 525 643 525 644 525 643 527 645 527 644 527 644 524 645 524 646 524 645 524 647 524 646 524 646 528 647 528 648 528 647 524 649 524 648 524 648 529 649 529 650 529 649 530 651 530 650 530 650 524 651 524 652 524 651 524 653 524 652 524 652 524 653 524 654 524 653 531 655 531 654 531 654 524 655 524 656 524 655 532 657 532 656 532 656 533 657 533 658 533 657 524 659 524 658 524 658 524 659 524 660 524 659 534 661 534 660 534 660 526 661 526 662 526 661 530 663 530 662 530 662 524 663 524 664 524 663 535 665 535 664 535 664 524 665 524 666 524 665 536 667 536 666 536 666 524 667 524 668 524 667 524 669 524 668 524 668 524 669 524 670 524 669 537 671 537 670 537 670 524 671 524 672 524 671 524 673 524 672 524 672 538 673 538 674 538 673 539 675 539 674 539 674 540 675 540 676 540 675 541 677 541 676 541 676 542 677 542 678 542 677 543 679 543 678 543 678 544 679 544 680 544 679 545 681 545 680 545 680 546 681 546 682 546 681 524 683 524 682 524 682 547 683 547 684 547 683 524 685 524 684 524 684 548 685 548 686 548 685 530 687 530 686 530 686 524 687 524 688 524 687 524 689 524 688 524 688 524 689 524 690 524 689 524 691 524 690 524 690 549 691 549 692 549 691 550 693 550 692 550 692 551 693 551 694 551 693 524 695 524 694 524 694 524 695 524 696 524 695 552 697 552 696 552 696 551 697 551 698 551 697 524 699 524 698 524 698 553 699 553 700 553 699 554 701 554 700 554 700 555 701 555 702 555 701 556 703 556 702 556 702 524 703 524 704 524 703 557 705 557 704 557 704 558 705 558 706 558 705 524 707 524 706 524 706 524 707 524 708 524 707 524 709 524 708 524 708 524 709 524 710 524 709 524 711 524 710 524 710 524 711 524 712 524 711 524 713 524 712 524 712 524 713 524 714 524 713 524 715 524 714 524 714 524 715 524 716 524 715 554 717 554 716 554 716 559 717 559 718 559 717 524 719 524 718 524 718 560 719 560 720 560 719 524 721 524 720 524 720 524 721 524 722 524 721 530 723 530 722 530 722 524 723 524 724 524 723 524 725 524 724 524 724 524 725 524 726 524 725 543 727 543 726 543 726 524 727 524 728 524 727 524 729 524 728 524 728 524 729 524 730 524 729 524 731 524 730 524 730 524 731 524 732 524 731 524 733 524 732 524 732 524 733 524 734 524 733 524 735 524 734 524 734 524 735 524 736 524 735 524 737 524 736 524 736 524 737 524 738 524 737 537 739 537 738 537 738 524 739 524 740 524 739 524 741 524 740 524 740 524 741 524 742 524 741 536 743 536 742 536 742 524 743 524 744 524 743 535 745 535 744 535 744 548 745 548 746 548 745 541 747 541 746 541 746 524 747 524 748 524 747 524 749 524 748 524 748 524 749 524 750 524 749 524 751 524 750 524 750 561 751 561 752 561 751 524 753 524 752 524 752 562 753 562 754 562 753 524 755 524 754 524 754 563 755 563 756 563 755 524 757 524 756 524 756 524 757 524 758 524 757 524 759 524 758 524 758 524 759 524 760 524 759 524 761 524 760 524 760 524 761 524 762 524 761 524 763 524 762 524 762 564 763 564 764 564 763 524 765 524 764 524 764 549 765 549 766 549 765 524 767 524 766 524 766 524 767 524 768 524 767 524 769 524 768 524 768 524 769 524 626 524 769 524 627 524 626 524 770 565 771 565 669 565 772 566 773 566 619 566 774 567 775 567 741 567 776 568 777 568 547 568 303 569 301 569 705 569 423 570 421 570 583 570 62 571 60 571 633 571 182 572 180 572 511 572 35 573 33 573 635 573 33 574 31 574 635 574 635 575 31 575 29 575 54 576 635 576 56 576 635 577 633 577 56 577 56 578 633 578 58 578 633 579 60 579 58 579 54 580 52 580 635 580 52 581 50 581 635 581 635 582 50 582 48 582 48 583 46 583 635 583 46 584 44 584 635 584 635 585 44 585 42 585 42 586 40 586 635 586 40 587 38 587 635 587 635 588 38 588 35 588 29 589 27 589 635 589 27 590 25 590 635 590 635 591 25 591 24 591 24 592 22 592 635 592 22 593 20 593 635 593 635 594 20 594 18 594 18 595 16 595 635 595 16 596 14 596 635 596 635 597 14 597 12 597 12 598 10 598 635 598 10 599 8 599 635 599 635 600 8 600 6 600 6 601 4 601 635 601 4 602 1 602 635 602 635 603 1 603 0 603 0 604 234 604 509 604 234 605 236 605 509 605 236 606 238 606 509 606 509 607 238 607 231 607 231 608 229 608 509 608 229 609 227 609 509 609 509 610 227 610 225 610 225 611 223 611 509 611 223 612 221 612 509 612 509 613 221 613 219 613 219 614 217 614 509 614 217 615 215 615 509 615 509 616 215 616 213 616 213 617 211 617 509 617 211 618 209 618 509 618 509 619 209 619 207 619 207 620 205 620 509 620 205 621 203 621 509 621 509 622 203 622 201 622 201 623 199 623 509 623 199 624 197 624 509 624 509 625 197 625 195 625 195 626 193 626 509 626 193 627 191 627 509 627 509 628 191 628 189 628 189 629 188 629 509 629 188 630 186 630 509 630 509 631 186 631 511 631 186 632 184 632 511 632 511 633 184 633 182 633 155 634 153 634 513 634 153 635 151 635 513 635 513 636 151 636 149 636 174 637 513 637 176 637 513 638 511 638 176 638 176 639 511 639 178 639 511 640 180 640 178 640 174 641 172 641 513 641 172 642 170 642 513 642 513 643 170 643 168 643 168 644 166 644 513 644 166 645 164 645 513 645 513 646 164 646 162 646 162 647 160 647 513 647 160 648 158 648 513 648 513 649 158 649 155 649 149 650 147 650 513 650 147 651 145 651 513 651 513 652 145 652 144 652 144 653 142 653 513 653 142 654 140 654 513 654 513 655 140 655 138 655 138 656 136 656 513 656 136 657 134 657 513 657 513 658 134 658 132 658 132 659 130 659 513 659 130 660 128 660 513 660 513 661 128 661 126 661 126 662 124 662 513 662 124 663 122 663 513 663 513 664 122 664 120 664 118 665 116 665 631 665 116 666 114 666 631 666 631 667 114 667 111 667 111 668 109 668 631 668 109 669 107 669 631 669 631 670 107 670 105 670 105 671 103 671 631 671 103 672 101 672 631 672 631 673 101 673 99 673 99 674 97 674 631 674 97 675 95 675 631 675 631 676 95 676 93 676 93 677 91 677 631 677 91 678 89 678 631 678 631 679 89 679 87 679 87 680 85 680 631 680 85 681 83 681 631 681 631 682 83 682 81 682 81 683 79 683 631 683 79 684 77 684 631 684 631 685 77 685 75 685 75 686 73 686 631 686 73 687 71 687 631 687 631 688 71 688 69 688 69 689 68 689 631 689 68 690 66 690 631 690 631 691 66 691 633 691 66 692 64 692 633 692 633 693 64 693 62 693 276 694 274 694 707 694 274 695 272 695 707 695 707 696 272 696 270 696 295 697 707 697 297 697 707 698 705 698 297 698 297 699 705 699 299 699 705 700 301 700 299 700 295 701 293 701 707 701 293 702 291 702 707 702 707 703 291 703 289 703 289 704 287 704 707 704 287 705 285 705 707 705 707 706 285 706 283 706 283 707 281 707 707 707 281 708 279 708 707 708 707 709 279 709 276 709 270 710 268 710 707 710 268 711 266 711 707 711 707 712 266 712 265 712 265 713 263 713 707 713 263 714 261 714 707 714 707 715 261 715 259 715 259 716 257 716 707 716 257 717 255 717 707 717 707 718 255 718 253 718 253 719 251 719 707 719 251 720 249 720 707 720 707 721 249 721 247 721 247 722 245 722 707 722 245 723 242 723 707 723 707 724 242 724 241 724 241 725 475 725 581 725 475 726 477 726 581 726 477 727 479 727 581 727 581 728 479 728 472 728 472 729 470 729 581 729 470 730 468 730 581 730 581 731 468 731 466 731 466 732 464 732 581 732 464 733 462 733 581 733 581 734 462 734 460 734 460 735 458 735 581 735 458 736 456 736 581 736 581 737 456 737 454 737 454 738 452 738 581 738 452 739 450 739 581 739 581 740 450 740 448 740 448 741 446 741 581 741 446 742 444 742 581 742 581 743 444 743 442 743 442 744 440 744 581 744 440 745 438 745 581 745 581 746 438 746 436 746 436 747 434 747 581 747 434 748 432 748 581 748 581 749 432 749 430 749 430 750 429 750 581 750 429 751 427 751 581 751 581 752 427 752 583 752 427 753 425 753 583 753 583 754 425 754 423 754 396 755 394 755 585 755 394 756 392 756 585 756 585 757 392 757 390 757 415 758 585 758 417 758 585 759 583 759 417 759 417 760 583 760 419 760 583 761 421 761 419 761 415 762 413 762 585 762 413 763 411 763 585 763 585 764 411 764 409 764 409 765 407 765 585 765 407 766 405 766 585 766 585 767 405 767 403 767 403 768 401 768 585 768 401 769 399 769 585 769 585 770 399 770 396 770 390 771 388 771 585 771 388 772 386 772 585 772 585 773 386 773 385 773 385 774 383 774 585 774 383 775 381 775 585 775 585 776 381 776 379 776 379 777 377 777 585 777 377 778 375 778 585 778 585 779 375 779 373 779 373 780 371 780 585 780 371 781 369 781 585 781 585 782 369 782 367 782 367 783 365 783 585 783 365 784 363 784 585 784 585 785 363 785 361 785 359 786 357 786 703 786 357 787 355 787 703 787 703 788 355 788 352 788 352 789 350 789 703 789 350 790 348 790 703 790 703 791 348 791 346 791 346 792 344 792 703 792 344 793 342 793 703 793 703 794 342 794 340 794 340 795 338 795 703 795 338 796 336 796 703 796 703 797 336 797 334 797 334 798 332 798 703 798 332 799 330 799 703 799 703 800 330 800 328 800 328 801 326 801 703 801 326 802 324 802 703 802 703 803 324 803 322 803 322 804 320 804 703 804 320 805 318 805 703 805 703 806 318 806 316 806 316 807 314 807 703 807 314 808 312 808 703 808 703 809 312 809 310 809 310 810 309 810 703 810 309 811 307 811 703 811 703 812 307 812 705 812 307 813 305 813 705 813 705 814 305 814 303 814 778 815 779 815 743 815 779 816 780 816 743 816 743 817 780 817 781 817 782 818 743 818 783 818 743 819 741 819 783 819 783 820 741 820 784 820 741 821 775 821 784 821 782 822 785 822 743 822 785 823 786 823 743 823 743 824 786 824 787 824 787 825 788 825 743 825 788 826 789 826 743 826 743 827 789 827 790 827 790 828 791 828 743 828 791 829 792 829 743 829 743 830 792 830 778 830 781 831 793 831 743 831 793 832 794 832 743 832 743 833 794 833 795 833 795 834 796 834 743 834 796 835 797 835 743 835 743 836 797 836 798 836 798 837 799 837 743 837 799 838 800 838 743 838 743 839 800 839 801 839 801 840 802 840 743 840 802 841 803 841 743 841 743 842 803 842 804 842 804 843 805 843 743 843 805 844 806 844 743 844 743 845 806 845 807 845 807 846 808 846 545 846 808 847 809 847 545 847 809 848 810 848 545 848 545 849 810 849 811 849 811 850 812 850 545 850 812 851 813 851 545 851 545 852 813 852 814 852 814 853 815 853 545 853 815 854 816 854 545 854 545 855 816 855 817 855 817 856 818 856 545 856 818 857 819 857 545 857 545 858 819 858 820 858 820 859 821 859 545 859 821 860 822 860 545 860 545 861 822 861 823 861 823 862 824 862 545 862 824 863 825 863 545 863 545 864 825 864 826 864 826 865 827 865 545 865 827 866 828 866 545 866 545 867 828 867 829 867 829 868 830 868 545 868 830 869 831 869 545 869 545 870 831 870 832 870 832 871 833 871 545 871 833 872 834 872 545 872 545 873 834 873 547 873 834 874 835 874 547 874 547 875 835 875 776 875 836 876 837 876 549 876 837 877 838 877 549 877 549 878 838 878 839 878 840 879 549 879 841 879 549 880 547 880 841 880 841 881 547 881 842 881 547 882 777 882 842 882 840 883 843 883 549 883 843 884 844 884 549 884 549 885 844 885 845 885 845 886 846 886 549 886 846 887 847 887 549 887 549 888 847 888 848 888 848 889 849 889 549 889 849 890 850 890 549 890 549 891 850 891 836 891 839 892 851 892 549 892 851 893 852 893 549 893 549 894 852 894 853 894 853 895 854 895 549 895 854 896 855 896 549 896 549 897 855 897 856 897 856 898 857 898 549 898 857 899 858 899 549 899 549 900 858 900 859 900 859 901 860 901 549 901 860 902 861 902 549 902 549 903 861 903 862 903 862 904 863 904 549 904 863 905 864 905 549 905 549 906 864 906 865 906 866 907 867 907 739 907 867 908 868 908 739 908 739 909 868 909 869 909 869 910 870 910 739 910 870 911 871 911 739 911 739 912 871 912 872 912 872 913 873 913 739 913 873 914 874 914 739 914 739 915 874 915 875 915 875 916 876 916 739 916 876 917 877 917 739 917 739 918 877 918 878 918 878 919 879 919 739 919 879 920 880 920 739 920 739 921 880 921 881 921 881 922 882 922 739 922 882 923 883 923 739 923 739 924 883 924 884 924 884 925 885 925 739 925 885 926 886 926 739 926 739 927 886 927 887 927 887 928 888 928 739 928 888 929 889 929 739 929 739 930 889 930 890 930 890 931 891 931 739 931 891 932 892 932 739 932 739 933 892 933 741 933 892 934 893 934 741 934 741 935 893 935 774 935 894 936 895 936 671 936 895 937 896 937 671 937 671 938 896 938 897 938 898 939 671 939 899 939 671 940 669 940 899 940 899 941 669 941 900 941 669 942 771 942 900 942 898 943 901 943 671 943 901 944 902 944 671 944 671 945 902 945 903 945 903 946 904 946 671 946 904 947 905 947 671 947 671 948 905 948 906 948 906 949 907 949 671 949 907 950 908 950 671 950 671 951 908 951 894 951 897 952 909 952 671 952 909 953 910 953 671 953 671 954 910 954 911 954 911 955 912 955 671 955 912 956 913 956 671 956 671 957 913 957 914 957 914 958 915 958 671 958 915 959 916 959 671 959 671 960 916 960 917 960 917 961 918 961 671 961 918 962 919 962 671 962 671 963 919 963 920 963 920 964 921 964 671 964 921 965 922 965 671 965 671 966 922 966 923 966 923 967 924 967 617 967 924 968 925 968 617 968 925 969 926 969 617 969 617 970 926 970 927 970 927 971 928 971 617 971 928 972 929 972 617 972 617 973 929 973 930 973 930 974 931 974 617 974 931 975 932 975 617 975 617 976 932 976 933 976 933 977 934 977 617 977 934 978 935 978 617 978 617 979 935 979 936 979 936 980 937 980 617 980 937 981 938 981 617 981 617 982 938 982 939 982 939 983 940 983 617 983 940 984 941 984 617 984 617 985 941 985 942 985 942 986 943 986 617 986 943 987 944 987 617 987 617 988 944 988 945 988 945 989 946 989 617 989 946 990 947 990 617 990 617 991 947 991 948 991 948 992 949 992 617 992 949 993 950 993 617 993 617 994 950 994 619 994 950 995 951 995 619 995 619 996 951 996 772 996 952 997 953 997 621 997 953 998 954 998 621 998 621 999 954 999 955 999 956 1000 621 1000 957 1000 621 1001 619 1001 957 1001 957 1002 619 1002 958 1002 619 1003 773 1003 958 1003 956 1004 959 1004 621 1004 959 1005 960 1005 621 1005 621 1006 960 1006 961 1006 961 1007 962 1007 621 1007 962 1008 963 1008 621 1008 621 1009 963 1009 964 1009 964 1010 965 1010 621 1010 965 1011 966 1011 621 1011 621 1012 966 1012 952 1012 955 1013 967 1013 621 1013 967 1014 968 1014 621 1014 621 1015 968 1015 969 1015 969 1016 970 1016 621 1016 970 1017 971 1017 621 1017 621 1018 971 1018 972 1018 972 1019 973 1019 621 1019 973 1020 974 1020 621 1020 621 1021 974 1021 975 1021 975 1022 976 1022 621 1022 976 1023 977 1023 621 1023 621 1024 977 1024 978 1024 978 1025 979 1025 621 1025 979 1026 980 1026 621 1026 621 1027 980 1027 981 1027 982 1028 983 1028 667 1028 983 1029 984 1029 667 1029 667 1030 984 1030 985 1030 985 1031 986 1031 667 1031 986 1032 987 1032 667 1032 667 1033 987 1033 988 1033 988 1034 989 1034 667 1034 989 1035 990 1035 667 1035 667 1036 990 1036 991 1036 991 1037 992 1037 667 1037 992 1038 993 1038 667 1038 667 1039 993 1039 994 1039 994 1040 995 1040 667 1040 995 1041 996 1041 667 1041 667 1042 996 1042 997 1042 997 1043 998 1043 667 1043 998 1044 999 1044 667 1044 667 1045 999 1045 1000 1045 1000 1046 1001 1046 667 1046 1001 1047 1002 1047 667 1047 667 1048 1002 1048 1003 1048 1003 1049 1004 1049 667 1049 1004 1050 1005 1050 667 1050 667 1051 1005 1051 1006 1051 1006 1052 1007 1052 667 1052 1007 1053 1008 1053 667 1053 667 1054 1008 1054 669 1054 1008 1055 1009 1055 669 1055 669 1056 1009 1056 770 1056 0 1057 509 1057 635 1057 509 1058 507 1058 635 1058 635 1059 507 1059 637 1059 507 1060 505 1060 637 1060 637 1061 505 1061 639 1061 505 1062 503 1062 639 1062 639 1063 503 1063 641 1063 503 1064 501 1064 641 1064 641 1065 501 1065 643 1065 501 1066 499 1066 643 1066 643 1067 499 1067 645 1067 499 1068 497 1068 645 1068 645 1068 497 1068 647 1068 497 1069 495 1069 647 1069 647 1069 495 1069 649 1069 495 1070 493 1070 649 1070 649 1070 493 1070 651 1070 493 1071 491 1071 651 1071 651 1072 491 1072 653 1072 491 1073 489 1073 653 1073 653 1073 489 1073 655 1073 489 1074 487 1074 655 1074 655 1075 487 1075 657 1075 487 1076 485 1076 657 1076 657 1077 485 1077 659 1077 485 1078 483 1078 659 1078 659 1078 483 1078 661 1078 483 1079 625 1079 661 1079 661 1080 625 1080 663 1080 625 1081 623 1081 663 1081 663 1082 623 1082 665 1082 623 1083 621 1083 665 1083 665 1084 621 1084 667 1084 621 1085 981 1085 667 1085 667 1086 981 1086 982 1086 807 1087 545 1087 743 1087 545 1088 543 1088 743 1088 743 1089 543 1089 745 1089 543 1090 541 1090 745 1090 745 1091 541 1091 747 1091 541 1092 539 1092 747 1092 747 1092 539 1092 749 1092 539 1093 537 1093 749 1093 749 1094 537 1094 751 1094 537 1095 535 1095 751 1095 751 1096 535 1096 753 1096 535 1097 533 1097 753 1097 753 1098 533 1098 755 1098 533 1099 531 1099 755 1099 755 1100 531 1100 757 1100 531 1101 529 1101 757 1101 757 1102 529 1102 759 1102 529 1103 527 1103 759 1103 759 1104 527 1104 761 1104 527 1105 525 1105 761 1105 761 1105 525 1105 763 1105 525 1106 523 1106 763 1106 763 1107 523 1107 765 1107 523 1108 521 1108 765 1108 765 1109 521 1109 767 1109 521 1110 519 1110 767 1110 767 1110 519 1110 769 1110 519 1111 517 1111 769 1111 769 1112 517 1112 627 1112 517 1113 515 1113 627 1113 627 1113 515 1113 629 1113 515 1114 513 1114 629 1114 629 1115 513 1115 631 1115 513 1116 120 1116 631 1116 631 1117 120 1117 118 1117 241 1118 581 1118 707 1118 581 1119 579 1119 707 1119 707 1120 579 1120 709 1120 579 1121 577 1121 709 1121 709 1121 577 1121 711 1121 577 1122 575 1122 711 1122 711 1123 575 1123 713 1123 575 1124 573 1124 713 1124 713 1124 573 1124 715 1124 573 1125 571 1125 715 1125 715 1126 571 1126 717 1126 571 1127 569 1127 717 1127 717 1128 569 1128 719 1128 569 1129 567 1129 719 1129 719 1129 567 1129 721 1129 567 1130 565 1130 721 1130 721 1131 565 1131 723 1131 565 1132 563 1132 723 1132 723 1133 563 1133 725 1133 563 1134 561 1134 725 1134 725 1135 561 1135 727 1135 561 1136 559 1136 727 1136 727 1137 559 1137 729 1137 559 1138 557 1138 729 1138 729 1139 557 1139 731 1139 557 1140 555 1140 731 1140 731 1141 555 1141 733 1141 555 1142 553 1142 733 1142 733 1142 553 1142 735 1142 553 1143 551 1143 735 1143 735 1144 551 1144 737 1144 551 1145 549 1145 737 1145 737 1146 549 1146 739 1146 549 1147 865 1147 739 1147 739 1148 865 1148 866 1148 923 1149 617 1149 671 1149 617 1150 615 1150 671 1150 671 1151 615 1151 673 1151 615 1152 613 1152 673 1152 673 1153 613 1153 675 1153 613 1154 611 1154 675 1154 675 1155 611 1155 677 1155 611 1156 609 1156 677 1156 677 1156 609 1156 679 1156 609 1157 607 1157 679 1157 679 1158 607 1158 681 1158 607 1159 605 1159 681 1159 681 1160 605 1160 683 1160 605 1161 603 1161 683 1161 683 1161 603 1161 685 1161 603 1162 601 1162 685 1162 685 1163 601 1163 687 1163 601 1164 599 1164 687 1164 687 1164 599 1164 689 1164 599 1165 597 1165 689 1165 689 1165 597 1165 691 1165 597 1166 595 1166 691 1166 691 1166 595 1166 693 1166 595 1167 593 1167 693 1167 693 1168 593 1168 695 1168 593 1169 591 1169 695 1169 695 1170 591 1170 697 1170 591 1171 589 1171 697 1171 697 1172 589 1172 699 1172 589 1173 587 1173 699 1173 699 1174 587 1174 701 1174 587 1175 585 1175 701 1175 701 1176 585 1176 703 1176 585 1177 361 1177 703 1177 703 1178 361 1178 359 1178 1010 1179 1011 1179 740 1179 1012 1180 1013 1180 546 1180 1014 1181 1015 1181 668 1181 1016 1182 1017 1182 618 1182 57 1183 59 1183 632 1183 177 1184 179 1184 510 1184 298 1185 300 1185 704 1185 418 1186 420 1186 582 1186 580 1187 467 1187 578 1187 467 1188 469 1188 578 1188 578 1189 469 1189 471 1189 471 1190 481 1190 578 1190 481 1191 480 1191 578 1191 578 1192 480 1192 478 1192 473 470 708 470 474 470 708 1193 476 1193 474 1193 250 1194 252 1194 706 1194 250 1195 706 1195 248 1195 473 1196 243 1196 708 1196 243 1197 244 1197 708 1197 708 1198 244 1198 706 1198 244 1199 246 1199 706 1199 706 1200 246 1200 248 1200 453 1201 455 1201 580 1201 447 1202 449 1202 580 1202 449 1203 451 1203 580 1203 580 1204 451 1204 453 1204 420 1205 422 1205 582 1205 422 1206 424 1206 582 1206 582 1207 424 1207 580 1207 424 1208 426 1208 580 1208 580 1209 426 1209 428 1209 428 1210 431 1210 580 1210 431 1211 433 1211 580 1211 580 1212 433 1212 435 1212 435 1213 437 1213 580 1213 437 1214 439 1214 580 1214 580 1215 439 1215 441 1215 441 1216 443 1216 580 1216 443 1217 445 1217 580 1217 580 1218 445 1218 447 1218 455 1219 457 1219 580 1219 457 1220 459 1220 580 1220 580 1221 459 1221 461 1221 461 1222 463 1222 580 1222 463 1223 465 1223 580 1223 580 1224 465 1224 467 1224 384 1225 387 1225 584 1225 372 1226 374 1226 584 1226 374 1227 376 1227 584 1227 584 1228 376 1228 378 1228 378 1229 380 1229 584 1229 380 1230 382 1230 584 1230 584 1231 382 1231 384 1231 387 1232 389 1232 584 1232 389 1233 391 1233 584 1233 584 1234 391 1234 393 1234 393 1235 395 1235 584 1235 395 1236 397 1236 584 1236 584 1237 397 1237 398 1237 398 1238 400 1238 584 1238 400 1239 402 1239 584 1239 584 1240 402 1240 404 1240 404 1241 406 1241 584 1241 406 1242 408 1242 584 1242 584 1243 408 1243 410 1243 410 1244 412 1244 584 1244 412 1245 414 1245 584 1245 584 1246 414 1246 582 1246 414 1247 416 1247 582 1247 582 1248 416 1248 418 1248 702 1249 347 1249 700 1249 347 1250 349 1250 700 1250 700 1251 349 1251 351 1251 351 1252 353 1252 700 1252 353 1253 354 1253 700 1253 700 1254 354 1254 356 1254 358 1255 360 1255 586 1255 360 1256 362 1256 586 1256 586 1257 362 1257 584 1257 362 1258 364 1258 584 1258 584 1259 364 1259 366 1259 366 1260 368 1260 584 1260 368 1261 370 1261 584 1261 584 1262 370 1262 372 1262 333 1263 335 1263 702 1263 327 1264 329 1264 702 1264 329 1265 331 1265 702 1265 702 1266 331 1266 333 1266 300 1267 302 1267 704 1267 302 1268 304 1268 704 1268 704 1269 304 1269 702 1269 304 1270 306 1270 702 1270 702 1271 306 1271 308 1271 308 1272 311 1272 702 1272 311 1273 313 1273 702 1273 702 1274 313 1274 315 1274 315 1275 317 1275 702 1275 317 1276 319 1276 702 1276 702 1277 319 1277 321 1277 321 1278 323 1278 702 1278 323 1279 325 1279 702 1279 702 1280 325 1280 327 1280 335 1281 337 1281 702 1281 337 1282 339 1282 702 1282 702 1283 339 1283 341 1283 341 1284 343 1284 702 1284 343 1285 345 1285 702 1285 702 1286 345 1286 347 1286 264 1287 267 1287 706 1287 252 1288 254 1288 706 1288 254 1289 256 1289 706 1289 706 1290 256 1290 258 1290 258 1291 260 1291 706 1291 260 1292 262 1292 706 1292 706 1293 262 1293 264 1293 267 1294 269 1294 706 1294 269 1295 271 1295 706 1295 706 1296 271 1296 273 1296 273 1297 275 1297 706 1297 275 1298 277 1298 706 1298 706 1299 277 1299 278 1299 278 1300 280 1300 706 1300 280 1301 282 1301 706 1301 706 1302 282 1302 284 1302 284 1303 286 1303 706 1303 286 1304 288 1304 706 1304 706 1305 288 1305 290 1305 290 1306 292 1306 706 1306 292 1307 294 1307 706 1307 706 1308 294 1308 704 1308 294 1309 296 1309 704 1309 704 1310 296 1310 298 1310 508 1311 226 1311 506 1311 226 1312 228 1312 506 1312 506 1313 228 1313 230 1313 230 1314 240 1314 506 1314 240 1315 239 1315 506 1315 506 1316 239 1316 237 1316 232 1317 636 1317 233 1317 636 1318 235 1318 233 1318 9 1319 11 1319 634 1319 9 1320 634 1320 7 1320 232 1321 2 1321 636 1321 2 1322 3 1322 636 1322 636 1323 3 1323 634 1323 3 1324 5 1324 634 1324 634 1325 5 1325 7 1325 212 1326 214 1326 508 1326 206 1327 208 1327 508 1327 208 1328 210 1328 508 1328 508 1329 210 1329 212 1329 179 1330 181 1330 510 1330 181 1331 183 1331 510 1331 510 1332 183 1332 508 1332 183 1333 185 1333 508 1333 508 1334 185 1334 187 1334 187 1335 190 1335 508 1335 190 1336 192 1336 508 1336 508 1337 192 1337 194 1337 194 1338 196 1338 508 1338 196 1339 198 1339 508 1339 508 1340 198 1340 200 1340 200 1341 202 1341 508 1341 202 1342 204 1342 508 1342 508 1343 204 1343 206 1343 214 1344 216 1344 508 1344 216 1345 218 1345 508 1345 508 1346 218 1346 220 1346 220 1347 222 1347 508 1347 222 1348 224 1348 508 1348 508 1349 224 1349 226 1349 143 1350 146 1350 512 1350 131 1351 133 1351 512 1351 133 1352 135 1352 512 1352 512 1353 135 1353 137 1353 137 1354 139 1354 512 1354 139 1355 141 1355 512 1355 512 1356 141 1356 143 1356 146 1357 148 1357 512 1357 148 1358 150 1358 512 1358 512 1359 150 1359 152 1359 152 1360 154 1360 512 1360 154 1361 156 1361 512 1361 512 1362 156 1362 157 1362 157 1363 159 1363 512 1363 159 1364 161 1364 512 1364 512 1365 161 1365 163 1365 163 1366 165 1366 512 1366 165 1367 167 1367 512 1367 512 1368 167 1368 169 1368 169 1369 171 1369 512 1369 171 1370 173 1370 512 1370 512 1371 173 1371 510 1371 173 1372 175 1372 510 1372 510 1373 175 1373 177 1373 630 1374 106 1374 628 1374 106 1375 108 1375 628 1375 628 1376 108 1376 110 1376 110 1377 112 1377 628 1377 112 1378 113 1378 628 1378 628 1379 113 1379 115 1379 117 1380 119 1380 514 1380 119 1381 121 1381 514 1381 514 1382 121 1382 512 1382 121 1383 123 1383 512 1383 512 1384 123 1384 125 1384 125 1385 127 1385 512 1385 127 1386 129 1386 512 1386 512 1387 129 1387 131 1387 92 1388 94 1388 630 1388 86 1389 88 1389 630 1389 88 1390 90 1390 630 1390 630 1391 90 1391 92 1391 59 1392 61 1392 632 1392 61 1393 63 1393 632 1393 632 1394 63 1394 630 1394 63 1395 65 1395 630 1395 630 1396 65 1396 67 1396 67 1397 70 1397 630 1397 70 1398 72 1398 630 1398 630 1399 72 1399 74 1399 74 1400 76 1400 630 1400 76 1401 78 1401 630 1401 630 1402 78 1402 80 1402 80 1403 82 1403 630 1403 82 1404 84 1404 630 1404 630 1405 84 1405 86 1405 94 1406 96 1406 630 1406 96 1407 98 1407 630 1407 630 1408 98 1408 100 1408 100 1409 102 1409 630 1409 102 1410 104 1410 630 1410 630 1411 104 1411 106 1411 23 1412 26 1412 634 1412 11 1413 13 1413 634 1413 13 1414 15 1414 634 1414 634 1415 15 1415 17 1415 17 1416 19 1416 634 1416 19 1417 21 1417 634 1417 634 1418 21 1418 23 1418 26 1419 28 1419 634 1419 28 1420 30 1420 634 1420 634 1421 30 1421 32 1421 32 1422 34 1422 634 1422 34 1423 36 1423 634 1423 634 1424 36 1424 37 1424 37 1425 39 1425 634 1425 39 1426 41 1426 634 1426 634 1427 41 1427 43 1427 43 1428 45 1428 634 1428 45 1429 47 1429 634 1429 634 1430 47 1430 49 1430 49 1431 51 1431 634 1431 51 1432 53 1432 634 1432 634 1433 53 1433 632 1433 53 1434 55 1434 632 1434 632 1435 55 1435 57 1435 1018 1436 1019 1436 620 1436 1020 1437 1021 1437 620 1437 1021 1438 1022 1438 620 1438 620 1439 1022 1439 1023 1439 1023 1440 1024 1440 620 1440 1024 1441 1025 1441 620 1441 620 1442 1025 1442 1018 1442 1019 1443 1026 1443 620 1443 1026 1444 1027 1444 620 1444 620 1445 1027 1445 1028 1445 1028 1446 1029 1446 620 1446 1029 1447 1030 1447 620 1447 620 1448 1030 1448 1031 1448 1031 1449 1032 1449 620 1449 1032 1450 1033 1450 620 1450 620 1451 1033 1451 1034 1451 1034 1452 1035 1452 620 1452 1035 1453 1036 1453 620 1453 620 1454 1036 1454 1037 1454 1037 1455 1038 1455 620 1455 1038 1456 1039 1456 620 1456 620 1457 1039 1457 618 1457 1039 1458 1040 1458 618 1458 618 1459 1040 1459 1016 1459 1041 1460 1042 1460 664 1460 1042 1461 1043 1461 664 1461 1043 1462 1044 1462 664 1462 664 1463 1044 1463 1045 1463 622 1464 1046 1464 1047 1464 622 1465 1047 1465 620 1465 1047 1466 1048 1466 620 1466 620 1467 1048 1467 1049 1467 1049 1468 1050 1468 620 1468 1050 1469 1051 1469 620 1469 620 1470 1051 1470 1020 1470 1052 1471 1053 1471 666 1471 1053 1472 1054 1472 666 1472 666 1473 1054 1473 1055 1473 1056 1474 666 1474 1057 1474 666 1475 668 1475 1057 1475 1057 1476 668 1476 1058 1476 668 1477 1015 1477 1058 1477 1056 1478 1059 1478 666 1478 1059 1479 1060 1479 666 1479 666 1480 1060 1480 1061 1480 1061 1481 1062 1481 666 1481 1062 1482 1063 1482 666 1482 666 1483 1063 1483 1064 1483 1064 1484 1065 1484 666 1484 1065 1485 1066 1485 666 1485 666 1486 1066 1486 1052 1486 1055 1487 1067 1487 666 1487 1067 1488 1068 1488 666 1488 666 1489 1068 1489 1069 1489 1070 1490 1071 1490 666 1490 1071 1438 1072 1438 666 1438 666 1491 1072 1491 664 1491 1072 1492 1073 1492 664 1492 664 1493 1073 1493 1041 1493 1069 1494 1074 1494 666 1494 1074 1495 1075 1495 666 1495 666 1496 1075 1496 1070 1496 1076 1497 1077 1497 670 1497 1078 1498 1079 1498 670 1498 1079 1499 1080 1499 670 1499 670 1500 1080 1500 1081 1500 1081 1501 1082 1501 670 1501 1082 1502 1083 1502 670 1502 670 1503 1083 1503 1076 1503 1077 1504 1084 1504 670 1504 1084 1505 1085 1505 670 1505 670 1506 1085 1506 1086 1506 1086 1507 1087 1507 670 1507 1087 1508 1088 1508 670 1508 670 1509 1088 1509 1089 1509 1089 1510 1090 1510 670 1510 1090 1511 1091 1511 670 1511 670 1512 1091 1512 1092 1512 1092 1513 1093 1513 670 1513 1093 1514 1094 1514 670 1514 670 1515 1094 1515 1095 1515 1095 1516 1096 1516 670 1516 1096 1517 1097 1517 670 1517 670 1518 1097 1518 668 1518 1097 1519 1098 1519 668 1519 668 1520 1098 1520 1014 1520 1099 1521 1100 1521 614 1521 1100 1522 1101 1522 614 1522 1101 1523 1102 1523 614 1523 614 1524 1102 1524 1103 1524 672 1525 1104 1525 1105 1525 672 1526 1105 1526 670 1526 1105 1527 1106 1527 670 1527 670 1528 1106 1528 1107 1528 1107 1529 1108 1529 670 1529 1108 1530 1109 1530 670 1530 670 1531 1109 1531 1078 1531 1110 1532 1111 1532 616 1532 1111 1533 1112 1533 616 1533 616 1534 1112 1534 1113 1534 1114 1535 616 1535 1115 1535 616 1536 618 1536 1115 1536 1115 1537 618 1537 1116 1537 618 1538 1017 1538 1116 1538 1114 1539 1117 1539 616 1539 1117 1540 1118 1540 616 1540 616 1541 1118 1541 1119 1541 1119 1542 1120 1542 616 1542 1120 1543 1121 1543 616 1543 616 1544 1121 1544 1122 1544 1122 1545 1123 1545 616 1545 1123 1546 1124 1546 616 1546 616 1547 1124 1547 1110 1547 1113 1548 1125 1548 616 1548 1125 1549 1126 1549 616 1549 616 1550 1126 1550 1127 1550 1128 1551 1129 1551 616 1551 1129 1499 1130 1499 616 1499 616 1552 1130 1552 614 1552 1130 1553 1131 1553 614 1553 614 1554 1131 1554 1099 1554 1127 1555 1132 1555 616 1555 1132 1556 1133 1556 616 1556 616 1557 1133 1557 1128 1557 1134 1558 1135 1558 548 1558 1136 1559 1137 1559 548 1559 1137 1560 1138 1560 548 1560 548 1561 1138 1561 1139 1561 1139 1562 1140 1562 548 1562 1140 1563 1141 1563 548 1563 548 1564 1141 1564 1134 1564 1135 1565 1142 1565 548 1565 1142 1566 1143 1566 548 1566 548 1567 1143 1567 1144 1567 1144 1568 1145 1568 548 1568 1145 1569 1146 1569 548 1569 548 1570 1146 1570 1147 1570 1147 1571 1148 1571 548 1571 1148 1572 1149 1572 548 1572 548 1573 1149 1573 1150 1573 1150 1574 1151 1574 548 1574 1151 1575 1152 1575 548 1575 548 1576 1152 1576 1153 1576 1153 1577 1154 1577 548 1577 1154 1578 1155 1578 548 1578 548 1579 1155 1579 546 1579 1155 1580 1156 1580 546 1580 546 1581 1156 1581 1012 1581 1157 1582 1158 1582 736 1582 1158 1583 1159 1583 736 1583 1159 1584 1160 1584 736 1584 736 1585 1160 1585 1161 1585 550 1586 1162 1586 1163 1586 550 1587 1163 1587 548 1587 1163 1588 1164 1588 548 1588 548 1589 1164 1589 1165 1589 1165 1590 1166 1590 548 1590 1166 1591 1167 1591 548 1591 548 1592 1167 1592 1136 1592 1168 1593 1169 1593 738 1593 1169 1594 1170 1594 738 1594 738 1595 1170 1595 1171 1595 1172 1596 738 1596 1173 1596 738 1597 740 1597 1173 1597 1173 1598 740 1598 1174 1598 740 1599 1011 1599 1174 1599 1172 1600 1175 1600 738 1600 1175 1601 1176 1601 738 1601 738 1602 1176 1602 1177 1602 1177 1603 1178 1603 738 1603 1178 1604 1179 1604 738 1604 738 1605 1179 1605 1180 1605 1180 1606 1181 1606 738 1606 1181 1607 1182 1607 738 1607 738 1608 1182 1608 1168 1608 1171 1609 1183 1609 738 1609 1183 1610 1184 1610 738 1610 738 1611 1184 1611 1185 1611 1186 1612 1187 1612 738 1612 1187 1560 1188 1560 738 1560 738 1613 1188 1613 736 1613 1188 1614 1189 1614 736 1614 736 1615 1189 1615 1157 1615 1185 1616 1190 1616 738 1616 1190 1617 1191 1617 738 1617 738 1618 1191 1618 1186 1618 1192 1619 1193 1619 742 1619 1194 1620 1195 1620 742 1620 1195 1621 1196 1621 742 1621 742 1622 1196 1622 1197 1622 1197 1623 1198 1623 742 1623 1198 1624 1199 1624 742 1624 742 1625 1199 1625 1192 1625 1193 1626 1200 1626 742 1626 1200 1627 1201 1627 742 1627 742 1628 1201 1628 1202 1628 1202 1629 1203 1629 742 1629 1203 1630 1204 1630 742 1630 742 1631 1204 1631 1205 1631 1205 1632 1206 1632 742 1632 1206 1633 1207 1633 742 1633 742 1634 1207 1634 1208 1634 1208 1635 1209 1635 742 1635 1209 1636 1210 1636 742 1636 742 1637 1210 1637 1211 1637 1211 1638 1212 1638 742 1638 1212 1639 1213 1639 742 1639 742 1640 1213 1640 740 1640 1213 1641 1214 1641 740 1641 740 1642 1214 1642 1010 1642 1215 1643 1216 1643 542 1643 1216 1644 1217 1644 542 1644 1217 1645 1218 1645 542 1645 542 1646 1218 1646 1219 1646 744 1647 1220 1647 1221 1647 744 1648 1221 1648 742 1648 1221 1649 1222 1649 742 1649 742 1650 1222 1650 1223 1650 1223 1651 1224 1651 742 1651 1224 1652 1225 1652 742 1652 742 1653 1225 1653 1194 1653 1226 1654 1227 1654 544 1654 1227 1655 1228 1655 544 1655 544 1656 1228 1656 1229 1656 1230 1657 544 1657 1231 1657 544 1658 546 1658 1231 1658 1231 1659 546 1659 1232 1659 546 1660 1013 1660 1232 1660 1230 1661 1233 1661 544 1661 1233 1662 1234 1662 544 1662 544 1663 1234 1663 1235 1663 1235 1664 1236 1664 544 1664 1236 1665 1237 1665 544 1665 544 1666 1237 1666 1238 1666 1238 1667 1239 1667 544 1667 1239 1668 1240 1668 544 1668 544 1669 1240 1669 1226 1669 1229 1670 1241 1670 544 1670 1241 1671 1242 1671 544 1671 544 1672 1242 1672 1243 1672 1244 1673 1245 1673 544 1673 1245 1621 1246 1621 544 1621 544 1674 1246 1674 542 1674 1246 1675 1247 1675 542 1675 542 1676 1247 1676 1215 1676 1243 1677 1248 1677 544 1677 1248 1678 1249 1678 544 1678 544 1679 1249 1679 1244 1679 1103 1680 1104 1680 614 1680 1104 1681 672 1681 614 1681 614 1682 672 1682 612 1682 672 1683 674 1683 612 1683 612 1684 674 1684 610 1684 674 1684 676 1684 610 1684 610 1685 676 1685 608 1685 676 1685 678 1685 608 1685 608 1686 678 1686 606 1686 678 1686 680 1686 606 1686 606 1687 680 1687 604 1687 680 1687 682 1687 604 1687 604 1688 682 1688 602 1688 682 1688 684 1688 602 1688 602 1689 684 1689 600 1689 684 1690 686 1690 600 1690 600 1691 686 1691 598 1691 686 1692 688 1692 598 1692 598 1693 688 1693 596 1693 688 1694 690 1694 596 1694 596 1695 690 1695 594 1695 690 1696 692 1696 594 1696 594 1697 692 1697 592 1697 692 1697 694 1697 592 1697 592 1698 694 1698 590 1698 694 1698 696 1698 590 1698 590 1699 696 1699 588 1699 696 1699 698 1699 588 1699 588 1700 698 1700 586 1700 698 1700 700 1700 586 1700 586 1701 700 1701 358 1701 700 1702 356 1702 358 1702 478 1703 476 1703 578 1703 476 1704 708 1704 578 1704 578 1705 708 1705 576 1705 708 1706 710 1706 576 1706 576 1707 710 1707 574 1707 710 1708 712 1708 574 1708 574 1709 712 1709 572 1709 712 1710 714 1710 572 1710 572 1711 714 1711 570 1711 714 1712 716 1712 570 1712 570 1713 716 1713 568 1713 716 1713 718 1713 568 1713 568 1714 718 1714 566 1714 718 1715 720 1715 566 1715 566 1716 720 1716 564 1716 720 1716 722 1716 564 1716 564 1717 722 1717 562 1717 722 1717 724 1717 562 1717 562 1718 724 1718 560 1718 724 1719 726 1719 560 1719 560 1720 726 1720 558 1720 726 1721 728 1721 558 1721 558 1722 728 1722 556 1722 728 1723 730 1723 556 1723 556 1724 730 1724 554 1724 730 1724 732 1724 554 1724 554 1725 732 1725 552 1725 732 1725 734 1725 552 1725 552 1726 734 1726 550 1726 734 1726 736 1726 550 1726 550 1727 736 1727 1162 1727 736 1728 1161 1728 1162 1728 1219 1729 1220 1729 542 1729 1220 1730 744 1730 542 1730 542 1731 744 1731 540 1731 744 1731 746 1731 540 1731 540 1732 746 1732 538 1732 746 1732 748 1732 538 1732 538 1733 748 1733 536 1733 748 1733 750 1733 536 1733 536 1734 750 1734 534 1734 750 1735 752 1735 534 1735 534 1736 752 1736 532 1736 752 1737 754 1737 532 1737 532 1738 754 1738 530 1738 754 1739 756 1739 530 1739 530 1740 756 1740 528 1740 756 1740 758 1740 528 1740 528 1741 758 1741 526 1741 758 1741 760 1741 526 1741 526 1742 760 1742 524 1742 760 1743 762 1743 524 1743 524 1744 762 1744 522 1744 762 1744 764 1744 522 1744 522 1745 764 1745 520 1745 764 1746 766 1746 520 1746 520 1747 766 1747 518 1747 766 1748 768 1748 518 1748 518 1749 768 1749 516 1749 768 1750 626 1750 516 1750 516 1751 626 1751 514 1751 626 1752 628 1752 514 1752 514 1753 628 1753 117 1753 628 1754 115 1754 117 1754 237 1755 235 1755 506 1755 235 1756 636 1756 506 1756 506 1757 636 1757 504 1757 636 1757 638 1757 504 1757 504 1758 638 1758 502 1758 638 1758 640 1758 502 1758 502 1759 640 1759 500 1759 640 1759 642 1759 500 1759 500 1760 642 1760 498 1760 642 1760 644 1760 498 1760 498 1761 644 1761 496 1761 644 1762 646 1762 496 1762 496 1763 646 1763 494 1763 646 1764 648 1764 494 1764 494 1765 648 1765 492 1765 648 1766 650 1766 492 1766 492 1767 650 1767 490 1767 650 1768 652 1768 490 1768 490 1769 652 1769 488 1769 652 1769 654 1769 488 1769 488 1770 654 1770 486 1770 654 1770 656 1770 486 1770 486 1771 656 1771 484 1771 656 1771 658 1771 484 1771 484 1772 658 1772 482 1772 658 1772 660 1772 482 1772 482 1773 660 1773 624 1773 660 1773 662 1773 624 1773 624 1774 662 1774 622 1774 662 1775 664 1775 622 1775 622 1776 664 1776 1046 1776 664 1777 1045 1777 1046 1777 811 1778 1215 1778 812 1778 1215 1779 1247 1779 812 1779 812 1780 1247 1780 813 1780 1247 1781 1246 1781 813 1781 813 1782 1246 1782 814 1782 1246 1783 1245 1783 814 1783 814 1784 1245 1784 815 1784 1245 1785 1244 1785 815 1785 815 1786 1244 1786 816 1786 1244 1787 1249 1787 816 1787 816 1788 1249 1788 817 1788 1249 1789 1248 1789 817 1789 817 1790 1248 1790 818 1790 1248 1791 1243 1791 818 1791 818 1792 1243 1792 819 1792 1243 1793 1242 1793 819 1793 819 1794 1242 1794 820 1794 1242 1795 1241 1795 820 1795 820 1796 1241 1796 821 1796 1241 1797 1229 1797 821 1797 821 1798 1229 1798 822 1798 1229 1799 1228 1799 822 1799 822 1800 1228 1800 823 1800 1228 1801 1227 1801 823 1801 823 1802 1227 1802 824 1802 1227 1803 1226 1803 824 1803 824 1804 1226 1804 825 1804 1226 1805 1240 1805 825 1805 825 1806 1240 1806 826 1806 1240 1807 1239 1807 826 1807 826 1808 1239 1808 827 1808 1239 1809 1238 1809 827 1809 827 1810 1238 1810 828 1810 1238 1811 1237 1811 828 1811 828 1812 1237 1812 829 1812 1237 1813 1236 1813 829 1813 829 1814 1236 1814 830 1814 1236 1815 1235 1815 830 1815 830 1816 1235 1816 831 1816 1235 1817 1234 1817 831 1817 831 1818 1234 1818 832 1818 1234 1819 1233 1819 832 1819 832 1820 1233 1820 833 1820 833 1821 1233 1821 834 1821 1233 1822 1230 1822 834 1822 834 1823 1230 1823 835 1823 1230 1824 1231 1824 835 1824 835 1825 1231 1825 776 1825 1231 1826 1232 1826 776 1826 776 1827 1232 1827 777 1827 1232 1828 1013 1828 777 1828 777 1829 1013 1829 842 1829 1013 1830 1012 1830 842 1830 842 1831 1012 1831 841 1831 1012 1832 1156 1832 841 1832 841 1833 1156 1833 840 1833 1156 1834 1155 1834 840 1834 840 1835 1155 1835 843 1835 1155 1836 1154 1836 843 1836 843 1837 1154 1837 844 1837 1154 1838 1153 1838 844 1838 844 1839 1153 1839 845 1839 1153 1840 1152 1840 845 1840 845 1841 1152 1841 846 1841 1152 1842 1151 1842 846 1842 846 1843 1151 1843 847 1843 1151 1844 1150 1844 847 1844 847 1845 1150 1845 848 1845 1150 1846 1149 1846 848 1846 848 1847 1149 1847 849 1847 1149 1848 1148 1848 849 1848 849 1849 1148 1849 850 1849 1148 1850 1147 1850 850 1850 850 1851 1147 1851 836 1851 1147 1852 1146 1852 836 1852 1146 1853 1145 1853 836 1853 836 1854 1145 1854 837 1854 1145 1855 1144 1855 837 1855 837 1856 1144 1856 838 1856 1144 1857 1143 1857 838 1857 838 1858 1143 1858 839 1858 1143 1859 1142 1859 839 1859 839 1860 1142 1860 851 1860 1142 1861 1135 1861 851 1861 851 1862 1135 1862 852 1862 1135 1863 1134 1863 852 1863 852 1864 1134 1864 853 1864 853 1865 1134 1865 854 1865 1134 1866 1141 1866 854 1866 854 1867 1141 1867 855 1867 1141 1868 1140 1868 855 1868 855 1869 1140 1869 856 1869 1140 1870 1139 1870 856 1870 856 1871 1139 1871 857 1871 1139 1872 1138 1872 857 1872 857 1873 1138 1873 858 1873 1138 1874 1137 1874 858 1874 858 1875 1137 1875 859 1875 1137 1876 1136 1876 859 1876 859 1877 1136 1877 860 1877 1136 1878 1167 1878 860 1878 860 1879 1167 1879 861 1879 1167 1880 1166 1880 861 1880 861 1881 1166 1881 862 1881 1166 1882 1165 1882 862 1882 862 1883 1165 1883 863 1883 1165 1884 1164 1884 863 1884 863 1885 1164 1885 864 1885 1164 1886 1163 1886 864 1886 864 1887 1163 1887 865 1887 1163 1888 1162 1888 865 1888 865 1889 1162 1889 866 1889 1162 1890 1161 1890 866 1890 866 1891 1161 1891 867 1891 1161 1892 1160 1892 867 1892 867 1893 1160 1893 868 1893 1160 1894 1159 1894 868 1894 868 1895 1159 1895 869 1895 1159 1896 1158 1896 869 1896 1158 1897 1157 1897 869 1897 869 1898 1157 1898 870 1898 1157 1899 1189 1899 870 1899 870 1900 1189 1900 871 1900 1189 1901 1188 1901 871 1901 871 1902 1188 1902 872 1902 1188 1903 1187 1903 872 1903 872 1904 1187 1904 873 1904 1187 1905 1186 1905 873 1905 873 1906 1186 1906 874 1906 1186 1907 1191 1907 874 1907 874 1908 1191 1908 875 1908 1191 1909 1190 1909 875 1909 875 1910 1190 1910 876 1910 1190 1911 1185 1911 876 1911 876 1912 1185 1912 877 1912 1185 1913 1184 1913 877 1913 877 1914 1184 1914 878 1914 1184 1915 1183 1915 878 1915 878 1916 1183 1916 879 1916 1183 1917 1171 1917 879 1917 879 1918 1171 1918 880 1918 1171 1919 1170 1919 880 1919 880 1920 1170 1920 881 1920 1170 1921 1169 1921 881 1921 881 1922 1169 1922 882 1922 1169 1923 1168 1923 882 1923 882 1924 1168 1924 883 1924 1168 1925 1182 1925 883 1925 883 1926 1182 1926 884 1926 1182 1927 1181 1927 884 1927 884 1928 1181 1928 885 1928 1181 1929 1180 1929 885 1929 885 1930 1180 1930 886 1930 1180 1931 1179 1931 886 1931 886 1932 1179 1932 887 1932 1179 1933 1178 1933 887 1933 887 1934 1178 1934 888 1934 1178 1935 1177 1935 888 1935 888 1936 1177 1936 889 1936 1177 1937 1176 1937 889 1937 889 1938 1176 1938 890 1938 1176 1939 1175 1939 890 1939 890 1940 1175 1940 891 1940 891 1941 1175 1941 892 1941 1175 1942 1172 1942 892 1942 892 1943 1172 1943 893 1943 1172 1944 1173 1944 893 1944 893 1945 1173 1945 774 1945 1173 1946 1174 1946 774 1946 774 1947 1174 1947 775 1947 1174 1948 1011 1948 775 1948 775 1949 1011 1949 784 1949 1011 1950 1010 1950 784 1950 784 1951 1010 1951 783 1951 1010 1952 1214 1952 783 1952 783 1953 1214 1953 782 1953 1214 1954 1213 1954 782 1954 782 1955 1213 1955 785 1955 1213 1956 1212 1956 785 1956 785 1957 1212 1957 786 1957 1212 1958 1211 1958 786 1958 786 1959 1211 1959 787 1959 1211 1960 1210 1960 787 1960 787 1961 1210 1961 788 1961 1210 1962 1209 1962 788 1962 788 1963 1209 1963 789 1963 1209 1964 1208 1964 789 1964 789 1965 1208 1965 790 1965 1208 1966 1207 1966 790 1966 790 1967 1207 1967 791 1967 1207 1968 1206 1968 791 1968 791 1969 1206 1969 792 1969 1206 1970 1205 1970 792 1970 792 1971 1205 1971 778 1971 1205 1972 1204 1972 778 1972 1204 1973 1203 1973 778 1973 778 1974 1203 1974 779 1974 1203 1975 1202 1975 779 1975 779 1976 1202 1976 780 1976 1202 1977 1201 1977 780 1977 780 1978 1201 1978 781 1978 1201 1979 1200 1979 781 1979 781 1980 1200 1980 793 1980 1200 1981 1193 1981 793 1981 793 1982 1193 1982 794 1982 1193 1983 1192 1983 794 1983 794 1984 1192 1984 795 1984 795 1985 1192 1985 796 1985 1192 1986 1199 1986 796 1986 796 1987 1199 1987 797 1987 1199 1988 1198 1988 797 1988 797 1989 1198 1989 798 1989 1198 1990 1197 1990 798 1990 798 1991 1197 1991 799 1991 1197 1992 1196 1992 799 1992 799 1993 1196 1993 800 1993 1196 1994 1195 1994 800 1994 800 1995 1195 1995 801 1995 1195 1996 1194 1996 801 1996 801 1997 1194 1997 802 1997 1194 1998 1225 1998 802 1998 802 1999 1225 1999 803 1999 1225 2000 1224 2000 803 2000 803 2001 1224 2001 804 2001 1224 2002 1223 2002 804 2002 804 2003 1223 2003 805 2003 1223 2004 1222 2004 805 2004 805 2005 1222 2005 806 2005 1222 2006 1221 2006 806 2006 806 2007 1221 2007 807 2007 1221 2008 1220 2008 807 2008 807 2009 1220 2009 808 2009 1220 2010 1219 2010 808 2010 808 2011 1219 2011 809 2011 1219 2012 1218 2012 809 2012 809 2013 1218 2013 810 2013 1218 2014 1217 2014 810 2014 810 2015 1217 2015 811 2015 1217 2016 1216 2016 811 2016 811 2017 1216 2017 1215 2017 1117 2018 948 2018 1118 2018 948 2019 947 2019 1118 2019 1118 2020 947 2020 1119 2020 947 2021 946 2021 1119 2021 1119 2022 946 2022 1120 2022 946 2023 945 2023 1120 2023 1120 2024 945 2024 1121 2024 945 2025 944 2025 1121 2025 1121 2026 944 2026 1122 2026 944 2027 943 2027 1122 2027 1122 2028 943 2028 1123 2028 943 2029 942 2029 1123 2029 1123 2030 942 2030 1124 2030 942 2031 941 2031 1124 2031 1124 2032 941 2032 1110 2032 941 2033 940 2033 1110 2033 1110 2034 940 2034 1111 2034 940 2035 939 2035 1111 2035 1111 2036 939 2036 1112 2036 939 1857 938 1857 1112 1857 1112 2037 938 2037 1113 2037 938 2038 937 2038 1113 2038 1113 2039 937 2039 1125 2039 937 2040 936 2040 1125 2040 1125 2041 936 2041 1126 2041 936 2042 935 2042 1126 2042 1126 1864 935 1864 1127 1864 935 2043 934 2043 1127 2043 1127 2044 934 2044 1132 2044 934 2045 933 2045 1132 2045 1132 2046 933 2046 1133 2046 933 2047 932 2047 1133 2047 1133 2048 932 2048 1128 2048 932 2049 931 2049 1128 2049 1128 2050 931 2050 1129 2050 931 2051 930 2051 1129 2051 1129 2052 930 2052 1130 2052 930 2053 929 2053 1130 2053 1130 2054 929 2054 1131 2054 929 2055 928 2055 1131 2055 1131 2056 928 2056 1099 2056 928 2057 927 2057 1099 2057 1099 2058 927 2058 1100 2058 1100 2059 927 2059 1101 2059 927 2060 926 2060 1101 2060 1101 2061 926 2061 1102 2061 926 2062 925 2062 1102 2062 1102 2063 925 2063 1103 2063 925 2064 924 2064 1103 2064 1103 2065 924 2065 1104 2065 924 2066 923 2066 1104 2066 1104 2067 923 2067 1105 2067 923 2068 922 2068 1105 2068 1105 2069 922 2069 1106 2069 922 2070 921 2070 1106 2070 1106 2071 921 2071 1107 2071 921 2072 920 2072 1107 2072 1107 2073 920 2073 1108 2073 920 2074 919 2074 1108 2074 1108 2075 919 2075 1109 2075 919 2076 918 2076 1109 2076 1109 2077 918 2077 1078 2077 918 2078 917 2078 1078 2078 1078 2079 917 2079 1079 2079 917 2080 916 2080 1079 2080 1079 2081 916 2081 1080 2081 916 2082 915 2082 1080 2082 1080 2083 915 2083 1081 2083 915 2084 914 2084 1081 2084 1081 2085 914 2085 1082 2085 914 2086 913 2086 1082 2086 1082 2087 913 2087 1083 2087 913 2088 912 2088 1083 2088 1083 2089 912 2089 1076 2089 912 2090 911 2090 1076 2090 911 2091 910 2091 1076 2091 1076 2092 910 2092 1077 2092 910 2093 909 2093 1077 2093 1077 2094 909 2094 1084 2094 909 2095 897 2095 1084 2095 1084 2096 897 2096 1085 2096 897 2097 896 2097 1085 2097 1085 2098 896 2098 1086 2098 896 1921 895 1921 1086 1921 1086 1922 895 1922 1087 1922 895 2099 894 2099 1087 2099 1087 1924 894 1924 1088 1924 1088 2100 894 2100 1089 2100 894 2101 908 2101 1089 2101 1089 2102 908 2102 1090 2102 908 2103 907 2103 1090 2103 1090 2104 907 2104 1091 2104 907 2105 906 2105 1091 2105 1091 2106 906 2106 1092 2106 906 2107 905 2107 1092 2107 1092 2108 905 2108 1093 2108 905 2109 904 2109 1093 2109 1093 2110 904 2110 1094 2110 904 2111 903 2111 1094 2111 1094 2112 903 2112 1095 2112 903 2113 902 2113 1095 2113 1095 2114 902 2114 1096 2114 902 2115 901 2115 1096 2115 1096 2116 901 2116 1097 2116 901 2117 898 2117 1097 2117 1097 2118 898 2118 1098 2118 898 2119 899 2119 1098 2119 1098 2120 899 2120 1014 2120 899 2121 900 2121 1014 2121 1014 2122 900 2122 1015 2122 900 2123 771 2123 1015 2123 1015 2124 771 2124 1058 2124 771 2125 770 2125 1058 2125 1058 2126 770 2126 1057 2126 770 2127 1009 2127 1057 2127 1057 2128 1009 2128 1056 2128 1009 2129 1008 2129 1056 2129 1056 2130 1008 2130 1059 2130 1008 2131 1007 2131 1059 2131 1007 2132 1006 2132 1059 2132 1059 2133 1006 2133 1060 2133 1006 2134 1005 2134 1060 2134 1060 2135 1005 2135 1061 2135 1005 2136 1004 2136 1061 2136 1061 2137 1004 2137 1062 2137 1004 2138 1003 2138 1062 2138 1062 2139 1003 2139 1063 2139 1003 2140 1002 2140 1063 2140 1063 2141 1002 2141 1064 2141 1002 2142 1001 2142 1064 2142 1064 2143 1001 2143 1065 2143 1001 2144 1000 2144 1065 2144 1065 2145 1000 2145 1066 2145 1000 2146 999 2146 1066 2146 1066 2147 999 2147 1052 2147 999 2148 998 2148 1052 2148 1052 2149 998 2149 1053 2149 998 2150 997 2150 1053 2150 1053 2151 997 2151 1054 2151 997 1977 996 1977 1054 1977 1054 2152 996 2152 1055 2152 996 2153 995 2153 1055 2153 1055 2154 995 2154 1067 2154 995 2155 994 2155 1067 2155 1067 2156 994 2156 1068 2156 994 2157 993 2157 1068 2157 1068 1984 993 1984 1069 1984 993 2158 992 2158 1069 2158 1069 2159 992 2159 1074 2159 992 2160 991 2160 1074 2160 1074 2161 991 2161 1075 2161 991 2162 990 2162 1075 2162 1075 2163 990 2163 1070 2163 990 2164 989 2164 1070 2164 1070 2165 989 2165 1071 2165 989 2166 988 2166 1071 2166 1071 2167 988 2167 1072 2167 988 2168 987 2168 1072 2168 1072 2169 987 2169 1073 2169 987 2170 986 2170 1073 2170 1073 2171 986 2171 1041 2171 986 2172 985 2172 1041 2172 1041 2173 985 2173 1042 2173 1042 2174 985 2174 1043 2174 985 2175 984 2175 1043 2175 1043 2176 984 2176 1044 2176 984 2177 983 2177 1044 2177 1044 2178 983 2178 1045 2178 983 2179 982 2179 1045 2179 1045 2180 982 2180 1046 2180 982 2181 981 2181 1046 2181 1046 2182 981 2182 1047 2182 981 2183 980 2183 1047 2183 1047 2184 980 2184 1048 2184 980 2185 979 2185 1048 2185 1048 2186 979 2186 1049 2186 979 2187 978 2187 1049 2187 1049 2188 978 2188 1050 2188 978 2189 977 2189 1050 2189 1050 2190 977 2190 1051 2190 977 2191 976 2191 1051 2191 1051 2192 976 2192 1020 2192 976 2193 975 2193 1020 2193 1020 2194 975 2194 1021 2194 975 2195 974 2195 1021 2195 1021 2196 974 2196 1022 2196 974 2197 973 2197 1022 2197 1022 2198 973 2198 1023 2198 973 2199 972 2199 1023 2199 1023 2200 972 2200 1024 2200 972 2201 971 2201 1024 2201 1024 2202 971 2202 1025 2202 971 2203 970 2203 1025 2203 1025 2204 970 2204 1018 2204 970 2205 969 2205 1018 2205 969 2206 968 2206 1018 2206 1018 2207 968 2207 1019 2207 968 2208 967 2208 1019 2208 1019 2209 967 2209 1026 2209 967 2210 955 2210 1026 2210 1026 2211 955 2211 1027 2211 955 2212 954 2212 1027 2212 1027 2213 954 2213 1028 2213 954 1801 953 1801 1028 1801 1028 1802 953 1802 1029 1802 953 2214 952 2214 1029 2214 1029 2215 952 2215 1030 2215 1030 2216 952 2216 1031 2216 952 2217 966 2217 1031 2217 1031 2218 966 2218 1032 2218 966 2219 965 2219 1032 2219 1032 2220 965 2220 1033 2220 965 2221 964 2221 1033 2221 1033 2222 964 2222 1034 2222 964 2223 963 2223 1034 2223 1034 2224 963 2224 1035 2224 963 2225 962 2225 1035 2225 1035 2226 962 2226 1036 2226 962 2227 961 2227 1036 2227 1036 2228 961 2228 1037 2228 961 2229 960 2229 1037 2229 1037 2230 960 2230 1038 2230 960 2231 959 2231 1038 2231 1038 2232 959 2232 1039 2232 959 2233 956 2233 1039 2233 1039 2234 956 2234 1040 2234 956 2235 957 2235 1040 2235 1040 2236 957 2236 1016 2236 957 2237 958 2237 1016 2237 1016 2238 958 2238 1017 2238 958 2239 773 2239 1017 2239 1017 2240 773 2240 1116 2240 773 2241 772 2241 1116 2241 1116 2242 772 2242 1115 2242 772 2243 951 2243 1115 2243 1115 2244 951 2244 1114 2244 951 2245 950 2245 1114 2245 1114 2246 950 2246 1117 2246 950 2247 949 2247 1117 2247 1117 2248 949 2248 948 2248</p>
        </triangles>
      </mesh>
    </geometry>
  </library_geometries>
  <library_visual_scenes>
    <visual_scene id="Scene" name="Scene">
      <node id="trapezoid__12" name="trapezoid__12" type="NODE">
        <matrix sid="transform">1 0 0 0 0 1 0 0 0 0 1 0 0 0 0 1</matrix>
        <instance_geometry url="#trapezoid__12-mesh" name="trapezoid__12"/>
      </node>
    </visual_scene>
  </library_visual_scenes>
  <scene>
    <instance_visual_scene url="#Scene"/>
  </scene>
</COLLADA>